g G_CA_Prinzeugen_Nude_Body_001
v 0.08099809 0.09606442 1.280452
v 0.05452594 0.09798965 1.280512
v 0.05422512 0.09043911 1.248505
v 0.08090785 0.08315924 1.249317
v 0.08869907 0.09236434 1.281084
v 0.09140643 0.07452574 1.26123
v 0.08966169 0.06628326 1.244624
v 0.09441465 0.08481374 1.283249
v 0.09799439 0.06153032 1.263546
v 0.09618947 0.05422041 1.248264
v 0.09345201 0.09501156 1.30915
v 0.1016042 0.08454302 1.285716
v 0.109215 0.06676456 1.281264
v 0.09955865 0.06700525 1.277805
v 0.1035295 0.0946205 1.30536
v 0.1050035 0.04089406 1.265742
v 0.1038002 0.03274187 1.25404
v 0.1060865 0.04778287 1.277053
v 0.1052442 0.09275541 1.314745
v 0.09459513 0.09119114 1.325033
v 0.1084629 0.08938619 1.333095
v 0.09537727 0.08863416 1.336705
v 0.08960152 0.0887545 1.337848
v 0.0970017 0.07864693 1.350723
v 0.1014237 0.08207628 1.343744
v 0.0822916 0.09248468 1.326507
v 0.0818103 0.09651563 1.30533
v 0.1054246 0.07822582 1.347535
v 0.1102077 0.0778949 1.345579
v 0.1114109 0.06378648 1.350453
v 0.09778383 0.06556126 1.354784
v 0.09086496 0.06625316 1.354995
v 0.09606916 0.05100164 1.349851
v 0.1055751 0.04964796 1.347144
v 0.08078751 0.05178377 1.351716
v 0.1003107 0.044534 1.344226
v 0.09465531 0.03854766 1.340556
v 0.08680391 0.03887859 1.342481
v 0.0929707 0.03496793 1.331381
v 0.10741 0.03632161 1.335231
v 0.1095158 0.04904631 1.34594
v 0.07835087 0.0254921 1.322868
v 0.07991514 0.03920946 1.344496
v 0.06063259 0.03773549 1.348437
v 0.06150496 0.04943737 1.354393
v 0.03671741 0.029493 1.350122
v 0.03650683 0.03911921 1.353551
v 0.01177946 0.02591327 1.352107
v 0.0118998 0.01628703 1.349099
v -1.266599E-05 0.01165441 1.342872
v 0.01325348 0.002810299 1.325906
v -1.266599E-05 0.002268821 1.325785
v -1.266599E-05 0.02028793 1.34588
v 0.01337379 0.03256139 1.36405
v 0.02591798 0.05217484 1.368261
v -1.266599E-05 0.02792874 1.362877
v 0.04297447 0.06183115 1.363057
v 0.031423 0.06691501 1.372834
v 0.04541111 0.07527778 1.367238
v 0.06171554 0.0572587 1.355867
v 0.06225702 0.07010368 1.359868
v 0.07636547 0.06787762 1.35677
v 0.0599407 0.08174542 1.35677
v 0.03151324 0.07858679 1.377857
v 0.03945488 0.08664873 1.365764
v 0.05530807 0.09251472 1.344587
v 0.08159971 0.07900795 1.352077
v 0.08202088 0.08914557 1.339593
v 0.01701373 0.08282837 1.379
v 0.02290979 0.09362778 1.350182
v -1.266599E-05 0.08502433 1.37885
v -1.266599E-05 0.0938684 1.351295
v -1.266599E-05 0.09964415 1.328433
v 0.02375209 0.09853116 1.32735
v -1.266599E-05 0.1020808 1.307074
v 0.02576756 0.1012385 1.305992
v 0.05305192 0.0938684 1.326357
v 0.0245944 0.0692313 1.400329
v 0.01268193 0.07651111 1.404179
v -1.266599E-05 0.0783762 1.404269
v 0.02290979 0.0624328 1.420784
v 0.02546677 0.05343828 1.414708
v 0.0262489 0.05861238 1.394673
v 0.01896906 0.04260877 1.407488
v 0.02116504 0.04694054 1.386371
v 0.0106965 0.03328332 1.378309
v 0.009583473 0.02841005 1.39735
v 0.01165915 0.07190856 1.428094
v -1.266599E-05 0.07299152 1.428365
v -1.266599E-05 0.02979383 1.376504
v -1.266599E-05 0.02567258 1.395636
v 0.009342819 0.02570269 1.405533
v 0.02134553 0.04047295 1.421356
v 0.02546677 0.02374735 1.417957
v -1.266599E-05 0.02128062 1.401622
v -1.266599E-05 0.01342922 1.406886
v 0.01220062 0.06980285 1.445843
v 0.01114774 0.01646751 1.410286
v 0.03437102 0.03310284 1.42656
v 0.02694076 0.06153032 1.445933
v 0.0329271 0.07536802 1.470389
v 0.03557432 0.06017664 1.460793
v 0.0297384 0.05103168 1.442925
v 0.04574201 0.07338259 1.48164
v 0.05599996 0.05930427 1.478241
v 0.0135543 0.07900795 1.470389
v -1.266599E-05 0.0715175 1.445843
v -1.266599E-05 0.08003071 1.469487
v 0.06538555 0.0497382 1.494696
v 0.05070552 0.04672995 1.450776
v 0.051247 0.04609826 1.447377
v 0.04246306 0.04044285 1.436517
v 0.05380398 0.09777907 1.30557
v 0.02808389 0.1022914 1.280572
v -1.266599E-05 0.102141 1.281745
v -1.266599E-05 0.09534243 1.247993
v 0.02754241 0.09651563 1.247663
v 0.02516595 0.08559588 1.218272
v -1.266599E-05 0.08445278 1.218152
v 0.02218783 0.06327507 1.188221
v -1.266599E-05 0.06201163 1.187799
v 0.05094621 0.07819572 1.219175
v 0.04700544 0.05783024 1.189364
v 0.07684678 0.06715563 1.22089
v 0.02035281 0.04269901 1.159191
v -1.266599E-05 0.04260877 1.159041
v 0.04225251 0.04017213 1.159222
v 0.07182309 0.05049023 1.190507
v 0.08683398 0.05647656 1.222695
v 0.08057693 0.04206726 1.191229
v 0.08102816 0.02335629 1.170743
v 0.06640834 0.03253129 1.159342
v 0.09456506 0.04330066 1.225582
v 0.1022961 0.02320588 1.236382
v 0.1008823 0.01688865 1.223326
v 0.0874657 0.02979383 1.191951
v 0.09564799 0.009127498 1.207022
v 0.09233898 0.004705459 1.195591
v 0.08713481 -0.002213389 1.17351
v 0.0889999 -0.02694076 1.198148
v 0.09673095 -0.02119511 1.210932
v 0.09991965 -0.01165915 1.21722
v 0.09224874 -0.03103194 1.204615
v 0.0837957 -0.0285953 1.175255
v 0.07964438 -0.04983315 1.194899
v 0.08632261 -0.04029718 1.199501
v 0.07338735 -0.05019414 1.176248
v 0.06926611 -0.05545849 1.192131
v 0.05970004 -0.06048217 1.190627
v 0.04902095 -0.06472373 1.178263
v 0.05031446 -0.06403184 1.190868
v 0.03999636 -0.0659571 1.192282
v 0.02516595 -0.07083037 1.179376
v 0.02763265 -0.06722054 1.196042
v 0.01806659 -0.06704006 1.201276
v -1.266599E-05 -0.07350767 1.18067
v 0.00937289 -0.06685954 1.208014
v -1.266599E-05 -0.06643841 1.208496
v 0.003807753 -0.06538555 1.215746
v -1.266599E-05 -0.06391153 1.22847
v 0.03596538 0.009789318 1.32756
v 0.05973014 0.01890415 1.326447
v 0.04261348 -0.01099733 1.314475
v 0.02447405 -0.01514864 1.310775
v 0.01093715 -0.01848775 1.304668
v -1.266599E-05 -0.01686332 1.301419
v 0.06303915 -0.003717482 1.31279
v 0.07877201 0.00220865 1.302983
v 0.01192987 -0.02351144 1.299193
v 0.003115863 -0.02931726 1.287491
v -1.266599E-05 -0.02901644 1.28716
v -1.266599E-05 -0.04219234 1.270525
v 0.08623233 0.02245381 1.298621
v 0.0906544 0.03018489 1.319228
v 0.1036799 0.03262153 1.315919
v 0.1001302 0.03349391 1.297208
v 0.09694153 0.02455959 1.288123
v 0.1024766 0.03343377 1.27973
v 0.09754318 0.00861612 1.274195
v 0.1029278 0.02311563 1.269352
v 0.1050035 0.04089406 1.265742
v 0.1038002 0.03274187 1.25404
v 0.1034693 0.01363981 1.257349
v 0.1060865 0.04778287 1.277053
v 0.1043417 0.04302987 1.287822
v 0.1073198 0.05193415 1.284152
v 0.109215 0.06676456 1.281264
v 0.1014538 -0.009433061 1.259846
v 0.1087938 0.04444376 1.288995
v 0.1089743 0.05304721 1.285205
v 0.1114109 0.06718573 1.280753
v 0.1145094 0.06865975 1.274736
v 0.1162542 0.05554399 1.277233
v 0.1188412 0.04296973 1.282558
v 0.1094556 0.03686312 1.295072
v 0.1120427 0.03593054 1.299464
v 0.1274747 0.03692326 1.293237
v 0.1339724 0.04937717 1.259003
v 0.1307537 0.06336531 1.256086
v 0.1516907 0.06276366 1.231478
v 0.1571957 0.04612836 1.23924
v 0.1811109 0.04772267 1.20654
v 0.1762677 0.06174091 1.201908
v 0.1886013 0.03809646 1.214843
v 0.164265 0.03803626 1.247392
v 0.2021984 0.04125509 1.229974
v 0.1756961 0.04185668 1.260297
v 0.2079741 0.0560855 1.237014
v 0.1801182 0.05774 1.266283
v 0.206831 0.07627049 1.234276
v 0.1779824 0.07831606 1.263095
v 0.1721164 0.08610728 1.255364
v 0.1985885 0.08541539 1.225041
v 0.1846907 0.08628777 1.211143
v 0.1598129 0.08625767 1.243481
v 0.1764482 0.07804534 1.203081
v 0.1538867 0.07726321 1.235269
v 0.1762677 0.06174091 1.201908
v 0.1516907 0.06276366 1.231478
v 0.1563835 0.04305997 1.285596
v 0.1611364 0.05731884 1.291793
v 0.1426661 0.04994872 1.311707
v 0.1463963 0.06219211 1.314535
v 0.127956 0.04823408 1.33108
v 0.1365294 0.03857777 1.304487
v 0.1244966 0.03641185 1.323559
v 0.1306634 0.06207177 1.335743
v 0.1422149 0.07915834 1.310203
v 0.1278357 0.0778648 1.329997
v 0.1258202 0.07771441 1.331772
v 0.1356871 0.08896509 1.302833
v 0.1238649 0.08926591 1.322055
v 0.1204055 0.03559962 1.315558
v 0.1590006 0.07738349 1.289176
v 0.144471 0.03755495 1.271999
v 0.1523224 0.08646825 1.281505
v 0.1365896 0.04239818 1.262734
v 0.1413125 0.08767155 1.269442
v 0.1326488 0.07828596 1.25774
v 0.1158631 0.08385113 1.275759
v 0.1224811 0.09281555 1.285445
v 0.1105386 0.08436254 1.283701
v 0.1134264 0.09398875 1.29826
v 0.1114109 0.06718573 1.280753
v 0.1145094 0.06865975 1.274736
v 0.1271438 0.09194317 1.291522
v 0.1307537 0.06336531 1.256086
v 0.1205559 0.09058949 1.314866
v 0.1249779 0.04832432 1.333035
v 0.1164647 0.03454676 1.307616
v 0.08129889 0.06712553 1.355777
v 0.08758605 0.005337179 1.290469
v 0.09029341 -0.01177946 1.285024
v 0.08093792 -0.0158706 1.296666
v 0.06553596 -0.02101463 1.30533
v 0.04556152 -0.02781317 1.307104
v 0.02970833 -0.03250593 1.304818
v 0.04968274 -0.04613307 1.300065
v 0.03391978 -0.05070552 1.297027
v 0.01851782 -0.03828168 1.295643
v 0.01003471 -0.04441839 1.286017
v 0.02633914 -0.05365357 1.292094
v 0.0167129 -0.06081307 1.282828
v 0.06851405 -0.04044759 1.297809
v 0.02420333 -0.07618496 1.279158
v 0.008650929 -0.06755143 1.267938
v 0.002484143 -0.05323243 1.269502
v 0.002664626 -0.07022873 1.252476
v -1.266599E-05 -0.0567821 1.251333
v 0.01602101 -0.08175012 1.267246
v 0.03795078 -0.09032351 1.275278
v 0.01042578 -0.08472824 1.253348
v 0.02769282 -0.09763342 1.259094
v 0.03238562 -0.09426424 1.267426
v 0.04315495 -0.1030782 1.258793
v 0.03391978 -0.1050937 1.24661
v 0.05272102 -0.1079816 1.248415
v 0.04141021 -0.1091548 1.234577
v 0.02260897 -0.09847569 1.250791
v 0.02486512 -0.1028978 1.234336
v 0.03046036 -0.1065678 1.22119
v 0.04935184 -0.1002505 1.267216
v 0.05566907 -0.09585857 1.272811
v 0.04613307 -0.08505914 1.281174
v 0.06902546 -0.09874645 1.264268
v 0.06358063 -0.08921045 1.277805
v 0.07474104 -0.0901731 1.269562
v 0.060783 -0.1047929 1.256657
v 0.07233447 -0.0731467 1.28355
v 0.05798537 -0.08072734 1.284573
v 0.03999636 -0.06839374 1.289025
v 0.05377391 -0.06370094 1.292214
v 0.07071003 -0.05976021 1.289446
v 0.08150947 -0.07925332 1.272601
v 0.08334449 -0.03518325 1.290559
v 0.08653316 -0.05554873 1.280843
v 0.09318128 -0.0325661 1.280392
v 0.100401 -0.02841479 1.268269
v 0.09787408 -0.009974539 1.271157
v 0.1018148 -0.042072 1.26496
v 0.1044319 -0.02922702 1.249798
v 0.09438455 -0.05013397 1.274466
v 0.1030181 -0.01211035 1.247241
v 0.1028677 0.005066454 1.24312
v 0.1003709 -0.003717482 1.22823
v 0.1008823 0.01688865 1.223326
v 0.1022961 0.02320588 1.236382
v 0.1036197 -0.01770562 1.232802
v 0.1013335 -0.01277217 1.223386
v 0.09991965 -0.01165915 1.21722
v 0.0961594 -0.06201637 1.266043
v 0.1065678 -0.04423791 1.248264
v 0.1062669 -0.03310758 1.232441
v 0.1044319 -0.0285953 1.224379
v 0.1009424 -0.02408299 1.216317
v 0.09673095 -0.02119511 1.210932
v 0.1072296 -0.04917136 1.241014
v 0.1050336 -0.05091611 1.256326
v 0.09832531 -0.06833357 1.258703
v 0.105184 -0.0596098 1.245767
v 0.1058759 -0.05395439 1.229222
v 0.1039506 -0.06520504 1.234066
v 0.09946841 -0.07281578 1.248956
v 0.08635268 -0.08457783 1.262102
v 0.08887956 -0.08734539 1.252596
v 0.09056416 -0.08915031 1.241255
v 0.08445752 -0.09588867 1.239992
v 0.07732809 -0.09835538 1.255333
v 0.09937817 -0.07612482 1.238066
v 0.07022873 -0.1050035 1.249076
v 0.1017847 -0.06755143 1.22486
v 0.09754318 -0.07808012 1.226455
v 0.0909853 -0.08930072 1.22829
v 0.06300905 -0.1083125 1.241225
v 0.07522234 -0.1021758 1.234066
v 0.06451315 -0.1047328 1.219626
v 0.05305192 -0.1101776 1.231238
v 0.07648578 -0.09820497 1.219927
v 0.08960152 -0.0874958 1.217641
v 0.06697989 -0.09751308 1.207563
v 0.07666627 -0.09140643 1.207082
v 0.08623233 -0.08190054 1.206841
v 0.06580669 -0.09122595 1.200133
v 0.05136734 -0.1018449 1.208105
v 0.05458611 -0.08800718 1.194989
v 0.04011667 -0.09068447 1.199561
v 0.07374832 -0.08448759 1.19899
v 0.06255785 -0.08256236 1.192643
v 0.07052955 -0.07648578 1.192462
v 0.05648127 -0.07591423 1.191409
v 0.06385136 -0.0679726 1.191199
v 0.05296168 -0.06935635 1.191169
v 0.05970004 -0.06048217 1.190627
v 0.05031446 -0.06403184 1.190868
v 0.04267365 -0.07245481 1.192342
v 0.0500738 -0.08235177 1.193334
v 0.03999636 -0.0659571 1.192282
v 0.02997905 -0.07401907 1.196643
v 0.02763265 -0.06722054 1.196042
v 0.0250456 -0.08695433 1.203803
v 0.0329271 -0.09667078 1.209759
v 0.02062356 -0.09468538 1.215956
v 0.01999184 -0.07468086 1.201998
v 0.01806659 -0.06704006 1.201276
v 0.01054609 -0.07392883 1.207984
v 0.00937289 -0.06685954 1.208014
v 0.005462259 -0.07200357 1.215475
v 0.003807753 -0.06538555 1.215746
v 0.0008296371 -0.06836367 1.228681
v -1.266599E-05 -0.06391153 1.22847
v 0.01174939 -0.08827791 1.223296
v 0.006454945 -0.08259243 1.231388
v 0.001280844 -0.07137185 1.240744
v 0.01445675 -0.09399348 1.233374
v 0.01728445 -0.09673095 1.241285
v 0.007718384 -0.08466807 1.242368
v 0.03566456 -0.1077109 1.219957
v 0.04011667 -0.1061466 1.215024
v 0.2631745 0.08746096 1.161057
v 0.2791781 0.07618025 1.163794
v 0.2724698 0.07536802 1.171224
v 0.2687096 0.08845368 1.154198
v 0.2815847 0.05413017 1.163012
v 0.2737935 0.05340818 1.171284
v 0.2728609 0.04122499 1.153416
v 0.2652502 0.04158595 1.162109
v 0.2533678 0.09031877 1.134735
v 0.2473514 0.08893499 1.140992
v 0.2447944 0.07975999 1.121709
v 0.2396504 0.07906809 1.128538
v 0.2582411 0.03969082 1.138254
v 0.2509311 0.04005179 1.14764
v 0.2494872 0.04688039 1.12923
v 0.2430497 0.04724136 1.138495
v 0.2450953 0.05870262 1.122491
v 0.238417 0.05822131 1.130223
v 0.2450953 0.05870262 1.122491
v 0.238417 0.05822131 1.130223
v 0.2386878 0.08758131 1.150377
v 0.2552329 0.08574632 1.170743
v 0.2622119 0.07464603 1.179888
v 0.2313478 0.07756397 1.139668
v 0.2536385 0.0743452 1.18798
v 0.2643778 0.05301711 1.1807
v 0.2555638 0.05301711 1.189544
v 0.2451855 0.07467613 1.195891
v 0.2469002 0.05322769 1.197757
v 0.2396805 0.04194692 1.189183
v 0.2477425 0.04146561 1.18082
v 0.240252 0.08466336 1.18786
v 0.2275875 0.03987131 1.175135
v 0.2205484 0.04778287 1.166652
v 0.2152539 0.05737898 1.159161
v 0.234717 0.03939 1.166923
v 0.2273168 0.04712102 1.158139
v 0.2224736 0.05689767 1.150408
v 0.2561955 0.04158595 1.171766
v 0.2425383 0.03960052 1.157657
v 0.2348975 0.04706088 1.148693
v 0.2302648 0.05737898 1.140872
v 0.232882 0.08688942 1.179256
v 0.2417561 0.08691952 1.17318
v 0.2478628 0.08448288 1.179677
v 0.2236769 0.08631787 1.167945
v 0.230686 0.08667883 1.159191
v 0.2233761 0.07639077 1.149655
v 0.214893 0.07756397 1.15865
v 0.2152539 0.05737898 1.159161
v 0.2224736 0.05689767 1.150408
v 0.2302648 0.05737898 1.140872
v 0.07964438 -0.04983315 1.194899
v 0.06926611 -0.05545849 1.192131
v 0.07260522 -0.05816588 1.192372
v 0.07904276 -0.06854415 1.193665
v 0.084999 -0.05915856 1.197215
v 0.08912021 -0.06472373 1.201156
v 0.08274284 -0.07564348 1.19911
v 0.09155685 -0.04736644 1.202028
v 0.08632261 -0.04029718 1.199501
v 0.09679112 -0.03437102 1.208586
v 0.09826514 -0.04682496 1.210241
v 0.09673095 -0.05798537 1.208406
v 0.09224874 -0.03103194 1.204615
v 0.09973916 -0.03722882 1.212858
v 0.1042214 -0.04017684 1.223206
v 0.1021156 -0.05813578 1.21746
v 0.09928793 -0.06944659 1.21746
v 0.09405366 -0.06869456 1.207984
v 0.0946252 -0.07925332 1.217641
v 0.08740553 -0.06998807 1.271788
v 0.08298349 -0.09041375 1.260026
v 0.3332655 0.0744054 1.094936
v 0.3244214 0.08685932 1.088168
v 0.3501415 0.08598694 1.054867
v 0.3567595 0.07714286 1.060793
v 0.3127797 0.08797237 1.075744
v 0.3430421 0.08646825 1.047106
v 0.336755 0.08033153 1.040308
v 0.3044771 0.07807538 1.065727
v 0.3350103 0.06309459 1.039315
v 0.3036047 0.05996606 1.066358
v 0.3350403 0.0565668 1.094696
v 0.3127797 0.05473176 1.126853
v 0.3105536 0.07627049 1.127395
v 0.3578124 0.06086853 1.061305
v 0.3516155 0.04522589 1.054988
v 0.3273995 0.04302987 1.087536
v 0.3406055 0.04709098 1.044098
v 0.3143439 0.04206726 1.076015
v 0.2762 0.08027139 1.089341
v 0.2856458 0.09067973 1.101885
v 0.300055 0.08920571 1.118671
v 0.3089292 0.04582754 1.071232
v 0.3350103 0.06309459 1.039315
v 0.3036047 0.05996606 1.066358
v 0.2887442 0.03869811 1.10354
v 0.2813741 0.04423317 1.09644
v 0.2661526 0.09170255 1.120747
v 0.2816449 0.08995774 1.139789
v 0.2572784 0.0806925 1.107872
v 0.2704844 0.03857777 1.123605
v 0.2619712 0.04534623 1.115091
v 0.2925044 0.07684204 1.149355
v 0.2949411 0.05413017 1.148663
v 0.2857962 0.04002169 1.138976
v 0.3038453 0.03996155 1.117889
v 0.2572484 0.0588229 1.108654
v 0.2757187 0.05900344 1.090063
v 0.2572484 0.0588229 1.108654
v 0.2757187 0.05900344 1.090063
v 0.3710786 0.03668258 0.9729239
v 0.3671378 0.0398111 0.9781883
v 0.3687923 0.03226057 0.9760524
v 0.3755608 0.0421876 0.9697351
v 0.3708379 0.04742184 0.9760224
v 0.3834723 0.04844466 0.9683213
v 0.3772153 0.05557409 0.9763231
v 0.3674687 0.05758956 0.9892284
v 0.3845553 0.0651702 0.9796923
v 0.3725526 0.06646374 0.9941919
v 0.3605799 0.05178377 1.001592
v 0.3594067 0.05846193 1.010496
v 0.359888 0.05259594 1.013956
v 0.3596775 0.04630885 1.005924
v 0.3607304 0.04092416 0.9973505
v 0.3602791 0.04576734 0.9932593
v 0.3638589 0.04886582 0.9862201
v 0.3937303 0.05322769 0.9697953
v 0.4047102 0.06841907 0.9614025
v 0.4021833 0.07831606 0.9631171
v 0.3846455 0.07738349 0.9802338
v 0.4059135 0.05635622 0.9611017
v 0.3995662 0.04305997 0.9650725
v 0.4083501 0.04555675 0.9613724
v 0.4112079 0.03996155 0.965644
v 0.4019427 0.03638175 0.9687725
v 0.3968287 0.03472725 0.970036
v 0.392888 0.04107454 0.9662758
v 0.3920457 0.03226057 0.9696149
v 0.3865708 0.03869811 0.9651326
v 0.4139454 0.04654947 0.9595374
v 0.4168032 0.0398111 0.9624252
v 0.4127421 0.05686763 0.9578829
v 0.4116892 0.06965247 0.9579431
v 0.4099445 0.07876727 0.9592366
v 0.4194203 0.04760233 0.9567398
v 0.420052 0.05596516 0.9549048
v 0.4225789 0.04841456 0.9532503
v 0.4256773 0.05536351 0.9542429
v 0.4243537 0.04275915 0.9546341
v 0.4211049 0.04128513 0.9584545
v 0.4194804 0.06456861 0.9556267
v 0.4255269 0.05792049 0.9543633
v 0.4229399 0.06498972 0.9532803
v 0.4237822 0.07193866 0.9558374
v 0.4180666 0.07251021 0.9568601
v 0.4155698 0.07933882 0.9573114
v 0.4193601 0.07924858 0.9546039
v 0.4181869 0.08625767 0.9568902
v 0.4122307 0.08649835 0.958304
v 0.4160812 0.08842358 0.9596878
v 0.4231805 0.07425496 0.9560179
v 0.4205634 0.08932605 0.9619138
v 0.4190593 0.08983746 0.9628164
v 0.43031 0.05945465 0.9478054
v 0.4275725 0.06553122 0.9463615
v 0.4290465 0.07145736 0.9479859
v 0.4233911 0.07897785 0.9483168
v 0.4276026 0.07458588 0.9499111
v 0.4231204 0.08562598 0.9496404
v 0.4265497 0.0887545 0.9524682
v 0.4041086 0.09266517 0.9630269
v 0.4080192 0.09359768 0.9614025
v 0.4107266 0.09416923 0.9580634
v 0.4150885 0.08950654 0.9596878
v 0.4100949 0.09955391 0.959748
v 0.407207 0.09982464 0.9634781
v 0.4128022 0.1024418 0.9636587
v 0.4098843 0.1027727 0.9678099
v 0.4038679 0.0997645 0.9675092
v 0.4068159 0.102502 0.9723222
v 0.3995662 0.0997645 0.9722019
v 0.4028752 0.1022011 0.9778574
v 0.3869919 0.09753844 0.9890478
v 0.3938807 0.09958401 0.9943422
v 0.4165023 0.1015995 0.9658245
v 0.413825 0.1016897 0.9706075
v 0.4104559 0.1015092 0.9748491
v 0.4170438 0.09835061 0.9719613
v 0.4196008 0.09844092 0.9668473
v 0.4066054 0.1009978 0.9810159
v 0.409764 0.09762868 0.9821892
v 0.4140958 0.09817013 0.9765939
v 0.4117494 0.09374812 0.9818583
v 0.4162316 0.09371802 0.9764736
v 0.4158104 0.08785203 0.9819485
v 0.418217 0.09419933 0.9715101
v 0.4204732 0.09413919 0.9661856
v 0.4196008 0.08929595 0.9756012
v 0.4183975 0.08394137 0.98252
v 0.4233309 0.08466336 0.9765939
v 0.4181268 0.09022853 0.9683213
v 0.423 0.08845368 0.9698254
v 0.3938807 0.09958401 0.9943422
v 0.4241732 0.09820023 0.9600188
v 0.4245342 0.09377816 0.9594772
v 0.4291067 0.09777907 0.9536113
v 0.429227 0.09347734 0.95316
v 0.4198414 0.09092042 0.9627261
v 0.4181268 0.09022853 0.9683213
v 0.4224285 0.09031877 0.9579129
v 0.4270611 0.09031877 0.9512047
v 0.4190593 0.08983746 0.9628164
v 0.4197211 0.07855669 0.9820087
v 0.4242936 0.07861689 0.9758419
v 0.4267603 0.0847235 0.9708482
v 0.4274221 0.07912824 0.9699156
v 0.4291669 0.08478364 0.9651928
v 0.4300693 0.07909819 0.9643506
v 0.4262489 0.07431516 0.9669677
v 0.4257375 0.08830324 0.9638993
v 0.4263692 0.07139722 0.9747288
v 0.422609 0.07133701 0.9819785
v 0.4293473 0.06586209 0.9754808
v 0.4297986 0.07118663 0.9682311
v 0.4321149 0.06613287 0.9691335
v 0.4283546 0.06011644 0.974067
v 0.4311222 0.06077823 0.9678099
v 0.4338295 0.06619301 0.9635383
v 0.4329572 0.06128964 0.9623049
v 0.4317539 0.07061508 0.9626359
v 0.4262489 0.07431516 0.9669677
v 0.427753 0.07308176 0.9608009
v 0.4333783 0.07368341 0.9511746
v 0.43768 0.07145736 0.9534308
v 0.4401468 0.06694505 0.9541829
v 0.4390036 0.06198153 0.9530698
v 0.4350328 0.05849203 0.9508137
v 0.4295579 0.05755946 0.9602293
v 0.4296181 0.05671719 0.9659147
v 0.4287156 0.05665705 0.9607707
v 0.4265798 0.07410458 0.9615228
v 0.4285652 0.05190405 0.9731946
v 0.4248651 0.05127236 0.9797525
v 0.4248952 0.04597792 0.9793012
v 0.4293473 0.04639909 0.9731044
v 0.4226992 0.04161605 0.9775866
v 0.4121705 0.0449852 0.9921463
v 0.4242033 0.06044737 0.9812266
v 0.4131933 0.06450841 0.9947032
v 0.3948132 0.04724136 1.011399
v 0.396919 0.06384662 1.014527
v 0.3782982 0.04769263 1.029568
v 0.3820585 0.062884 1.032697
v 0.372703 0.04826418 1.036156
v 0.3760421 0.06270352 1.039495
v 0.373455 0.08033153 1.038503
v 0.3792909 0.08168522 1.031193
v 0.3673484 0.09031877 1.033389
v 0.3731241 0.09140173 1.025898
v 0.39364 0.0847235 1.014046
v 0.3841943 0.09516194 1.009082
v 0.4030256 0.09272531 0.9960269
v 0.4092526 0.08222672 0.996087
v 0.3667468 0.09058949 1.020664
v 0.3774559 0.09374812 1.003698
v 0.3618133 0.08968702 1.028004
v 0.3622645 0.08502433 1.016453
v 0.373064 0.08770165 0.999035
v 0.3836829 0.09043911 0.9839038
v 0.3722818 0.07500705 0.9955155
v 0.3989645 0.0922741 0.9663059
v 0.3601588 0.06592229 1.01203
v 0.3550448 0.06652394 1.01931
v 0.3585945 0.05283663 1.016122
v 0.3554961 0.05208459 1.01928
v 0.3573311 0.08418205 1.023432
v 0.4243236 0.06556126 0.9815574
v 0.3627459 0.04251853 0.9863404
v 0.3630767 0.03656229 0.9892884
v 0.3662053 0.03361425 0.9808956
v 0.3720713 0.03295246 0.9709084
v 0.3782682 0.03740457 0.9664563
v 0.3737558 0.02979383 0.9676294
v 0.3792007 0.03367439 0.9635082
v 0.374568 0.02859053 0.9651628
v 0.3757412 0.02690598 0.9618537
v 0.3803438 0.03084669 0.9603195
v 0.3864504 0.03433618 0.9630871
v 0.3867513 0.03141823 0.9608911
v 0.3905416 0.02988407 0.9666668
v 0.3903611 0.02768812 0.9641399
v 0.3872326 0.02967349 0.958665
v 0.3907221 0.02600351 0.9612521
v 0.3813666 0.02886125 0.9573715
v 0.3887968 0.02570269 0.9518665
v 0.3835024 0.02470997 0.9503022
v 0.3772454 0.02464983 0.9575821
v 0.3796218 0.02073914 0.9505429
v 0.384074 0.02362701 0.948377
v 0.3801633 0.01965621 0.9486177
v 0.3919554 0.02209285 0.9542731
v 0.3923164 0.02100989 0.9523478
v 0.3892481 0.02470997 0.9497608
v 0.3897895 0.02317581 0.9476249
v 0.3927075 0.01974645 0.9503925
v 0.3913237 0.01667809 0.9397134
v 0.3937904 0.01391053 0.9426012
v 0.3845553 0.02236357 0.9463314
v 0.3864504 0.01628703 0.9386905
v 0.3915343 0.01237637 0.9362841
v 0.3872927 0.0119853 0.935201
v 0.3807048 0.01854315 0.9466923
v 0.3826902 0.01342922 0.9400142
v 0.3840138 0.009699076 0.9361036
v 0.3877741 0.008134812 0.9331555
v 0.3851569 0.006751031 0.9334263
v 0.3912635 0.008555949 0.9341482
v 0.3907822 0.005607933 0.9330653
v 0.3881049 0.005216867 0.9322832
v 0.3933091 0.006540447 0.9360133
v 0.3924367 0.003953397 0.9344189
v 0.3893985 0.001907825 0.9331856
v 0.3876537 0.002720058 0.9325539
v 0.3909026 0.001486689 0.9337872
v 0.3937904 0.009999901 0.9386905
v 0.3861496 0.003682673 0.9326742
v 0.4297986 0.0560554 0.9600788
v 0.4287156 0.05665705 0.9607707
v 0.4253464 0.05632612 0.9552958
v 0.4256773 0.05536351 0.9542429
v 0.420052 0.05596516 0.9549048
v 0.4337393 0.0572587 0.9519868
v 0.4288359 0.05575457 0.9486778
v 0.4353036 0.05701801 0.9397134
v 0.4335287 0.0513927 0.9379084
v 0.4346117 0.05166343 0.9364345
v 0.4369581 0.04663971 0.9372166
v 0.4359052 0.04627874 0.9386605
v 0.4363865 0.05716839 0.9382695
v 0.438041 0.04697064 0.9357426
v 0.4357247 0.05193415 0.9349605
v 0.4440273 0.04886582 0.9275302
v 0.4418615 0.05346832 0.926748
v 0.4267603 0.0497081 0.9469632
v 0.4293172 0.04420307 0.9477152
v 0.4374394 0.05728874 0.9368255
v 0.4407785 0.05843189 0.9414883
v 0.4417411 0.05861238 0.9400443
v 0.4434257 0.05798063 0.9287034
v 0.4397858 0.05828145 0.9429623
v 0.4472461 0.05951479 0.9318018
v 0.4496226 0.05521306 0.9194081
v 0.4515478 0.0508813 0.9202805
v 0.4511267 0.05557409 0.9180845
v 0.4530219 0.05127236 0.9189869
v 0.4510966 0.05921397 0.9212731
v 0.4525706 0.05945465 0.9199195
v 0.4544658 0.06068799 0.9243716
v 0.4558496 0.06092867 0.9230179
v 0.4544959 0.05166343 0.9176633
v 0.4526308 0.05590495 0.9167308
v 0.4576845 0.05704811 0.9126697
v 0.4593992 0.05295697 0.9136624
v 0.4621066 0.05764976 0.9109249
v 0.4643327 0.05394962 0.9115566
v 0.4590683 0.06050751 0.9144446
v 0.4632497 0.06071809 0.9121583
v 0.4661677 0.05819121 0.910203
v 0.4680628 0.05500254 0.9105339
v 0.4671904 0.06095877 0.9110453
v 0.4619863 0.06195143 0.9175429
v 0.4660473 0.06234249 0.9142641
v 0.4693564 0.06234249 0.9124892
v 0.4694466 0.05858228 0.9101729
v 0.4701686 0.06077823 0.9107144
v 0.4708003 0.05614564 0.9103233
v 0.4735077 0.05897334 0.9107745
v 0.4729963 0.06047747 0.9109551
v 0.4734475 0.05743918 0.9107444
v 0.4739288 0.05746922 0.9109249
v 0.4741996 0.05906358 0.9108347
v 0.4733873 0.06044737 0.9111054
v 0.4720336 0.06159046 0.9115566
v 0.4693564 0.06234249 0.9124892
v 0.4572333 0.0611693 0.9216642
v 0.4540446 0.05969533 0.9185658
v 0.4253464 0.05632612 0.9552958
v 0.4287156 0.05665705 0.9607707
v 0.4295579 0.05755946 0.9602293
v 0.4255269 0.05792049 0.9543633
v 0.4350328 0.05849203 0.9508137
v 0.43031 0.05945465 0.9478054
v 0.420052 0.05596516 0.9549048
v 0.4287156 0.05665705 0.9607707
v 0.4297986 0.0560554 0.9600788
v 0.4296181 0.05671719 0.9659147
v 0.4331678 0.05259594 0.9612821
v 0.4337393 0.0572587 0.9519868
v 0.4381613 0.05440089 0.9533105
v 0.4349727 0.04787311 0.9613423
v 0.431062 0.05193415 0.9669677
v 0.4322051 0.04706088 0.9669977
v 0.4302799 0.04257867 0.965253
v 0.433258 0.04348114 0.9597781
v 0.426279 0.03975096 0.9622447
v 0.4291669 0.04086402 0.9571007
v 0.4267603 0.04194692 0.9708482
v 0.4226992 0.03869811 0.9672384
v 0.4153893 0.03740457 0.9728036
v 0.4168032 0.0398111 0.9624252
v 0.4211049 0.04128513 0.9584545
v 0.4243537 0.04275915 0.9546341
v 0.4112079 0.03996155 0.965644
v 0.4019427 0.03638175 0.9687725
v 0.4021232 0.03472725 0.9754207
v 0.3968287 0.03472725 0.970036
v 0.3946929 0.03105727 0.9762629
v 0.3933392 0.03244105 0.9871527
v 0.4029053 0.03677282 0.9884763
v 0.3888871 0.0398111 1.007338
v 0.3848862 0.03575006 1.002825
v 0.3861496 0.02847025 0.9888974
v 0.3809755 0.03090689 0.9992757
v 0.3726729 0.04161605 1.025206
v 0.3673484 0.04272905 1.031042
v 0.3647914 0.04248843 1.022679
v 0.3623548 0.04224774 1.027102
v 0.3578726 0.04639909 1.02298
v 0.3597677 0.04685029 1.019852
v 0.3554961 0.05208459 1.01928
v 0.3585945 0.05283663 1.016122
v 0.3604596 0.04636899 1.018077
v 0.3662053 0.03764519 1.011339
v 0.3619035 0.04128513 1.009684
v 0.3626857 0.03599069 1.000659
v 0.3672581 0.03253129 1.002494
v 0.3648215 0.03192964 0.9923267
v 0.3690931 0.02925232 0.9953048
v 0.359888 0.05259594 1.013956
v 0.3596775 0.04630885 1.005924
v 0.3607304 0.04092416 0.9973505
v 0.3630767 0.03656229 0.9892884
v 0.3681004 0.02877101 0.9838437
v 0.3662053 0.03361425 0.9808956
v 0.3700257 0.02720675 0.9786695
v 0.3687923 0.03226057 0.9760524
v 0.3742071 0.02419856 0.9811964
v 0.3718607 0.02588317 0.9744279
v 0.3720713 0.03295246 0.9709084
v 0.3757112 0.02269447 0.9769248
v 0.3803438 0.02410832 0.9828509
v 0.3817576 0.02251399 0.9781883
v 0.387383 0.02687588 0.9830916
v 0.3882855 0.02534172 0.9776167
v 0.3721615 0.02600351 0.9863706
v 0.3787795 0.02585307 0.9881153
v 0.3754705 0.0290117 0.997561
v 0.3737258 0.03135809 1.002073
v 0.3729436 0.03620127 1.010346
v 0.3885562 0.02440915 0.973315
v 0.3920457 0.03226057 0.9696149
v 0.3828707 0.02122048 0.9743377
v 0.3833219 0.02073914 0.9724727
v 0.3887668 0.02371725 0.9712994
v 0.3905416 0.02988407 0.9666668
v 0.3920457 0.03226057 0.9696149
v 0.3890676 0.02254406 0.9681709
v 0.3903611 0.02768812 0.9641399
v 0.3841341 0.01956594 0.9691335
v 0.3786592 0.01923504 0.9678099
v 0.3854878 0.0171594 0.9637489
v 0.380434 0.01649758 0.9620944
v 0.3754705 0.02218309 0.9648619
v 0.3772754 0.01959604 0.9596276
v 0.3798023 0.01568538 0.9520169
v 0.3796218 0.02073914 0.9505429
v 0.3772454 0.02464983 0.9575821
v 0.3828406 0.01261702 0.9541527
v 0.3757412 0.02690598 0.9618537
v 0.374568 0.02859053 0.9651628
v 0.3742371 0.02356687 0.968201
v 0.3775161 0.02046841 0.9710889
v 0.3874131 0.01345932 0.9557471
v 0.3912034 0.01688865 0.9557471
v 0.3898196 0.0206489 0.9637489
v 0.3769746 0.02100989 0.9727434
v 0.3735754 0.0242888 0.9701563
v 0.3737558 0.02979383 0.9676294
v 0.3907221 0.02600351 0.9612521
v 0.3919554 0.02209285 0.9542731
v 0.3923164 0.02100989 0.9523478
v 0.391414 0.01616669 0.9543633
v 0.3927075 0.01974645 0.9503925
v 0.3916245 0.01541466 0.9530096
v 0.3876838 0.01276743 0.9543934
v 0.3879846 0.01210561 0.9530096
v 0.3832016 0.01204547 0.9529194
v 0.3835927 0.01150399 0.9516258
v 0.3802536 0.01490325 0.950573
v 0.3806747 0.01415119 0.949129
v 0.3807048 0.01854315 0.9466923
v 0.3801633 0.01965621 0.9486177
v 0.3826902 0.01342922 0.9400142
v 0.3827203 0.0103007 0.942511
v 0.3840138 0.009699076 0.9361036
v 0.384104 0.00735268 0.9378182
v 0.3870521 0.00539735 0.939954
v 0.3856081 0.008104712 0.9449176
v 0.385187 0.005186766 0.9349003
v 0.3878944 0.003351778 0.9368857
v 0.3913839 0.003201365 0.9378483
v 0.3907221 0.005186766 0.9412175
v 0.3896692 0.008104712 0.9459704
v 0.3932189 0.006751031 0.940676
v 0.3927977 0.01021045 0.9451883
v 0.3930083 0.003983498 0.9375474
v 0.3920156 0.001667172 0.9352312
v 0.3933091 0.006540447 0.9360133
v 0.3937904 0.009999901 0.9386905
v 0.3937904 0.01391053 0.9426012
v 0.3908725 0.001065552 0.9341784
v 0.3891578 0.001065552 0.9329149
v 0.3924367 0.003953397 0.9344189
v 0.3909026 0.001486689 0.9337872
v 0.3920156 0.001667172 0.9352312
v 0.3908725 0.001065552 0.9341784
v 0.3893985 0.001907825 0.9331856
v 0.3891578 0.001065552 0.9329149
v 0.3872927 0.002328992 0.9325238
v 0.3876537 0.002720058 0.9325539
v 0.3861496 0.003682673 0.9326742
v 0.3924367 0.003953397 0.9344189
v 0.3930083 0.003983498 0.9375474
v 0.3872927 0.002328992 0.9325238
v 0.3861496 0.003682673 0.9326742
v 0.3851569 0.006751031 0.9334263
v 0.427753 0.07308176 0.9608009
v 0.4265798 0.07410458 0.9615228
v 0.4231204 0.07338259 0.9568601
v 0.4237822 0.07193866 0.9558374
v 0.4180666 0.07251021 0.9568601
v 0.4333783 0.07368341 0.9511746
v 0.4414403 0.07401434 0.9395329
v 0.4374695 0.07190856 0.9364043
v 0.4426135 0.07407448 0.9378483
v 0.4387028 0.07196876 0.9347198
v 0.4361759 0.06661418 0.9346896
v 0.4374093 0.06676456 0.9330351
v 0.4400264 0.06174091 0.9342384
v 0.4387931 0.06147012 0.9359531
v 0.4433354 0.06038716 0.9389012
v 0.4445086 0.06065795 0.9371865
v 0.4457119 0.06092867 0.9354718
v 0.4412297 0.06204173 0.9325238
v 0.450495 0.06177095 0.9286432
v 0.4459526 0.06300434 0.925635
v 0.4350328 0.05849203 0.9508137
v 0.4433354 0.0675467 0.924522
v 0.4386427 0.06694505 0.9313506
v 0.4445688 0.07245007 0.9262968
v 0.4399061 0.07202891 0.9330351
v 0.4483892 0.07455578 0.9294554
v 0.4437867 0.07413468 0.9361336
v 0.4510364 0.06871989 0.9173324
v 0.4532625 0.06438807 0.9184455
v 0.4525706 0.06896058 0.9160088
v 0.4547064 0.06468889 0.9171218
v 0.4520893 0.0732623 0.9190772
v 0.4535934 0.07341269 0.9177234
v 0.4540747 0.0692012 0.9146851
v 0.4561504 0.06495968 0.9157982
v 0.4584065 0.06345555 0.9200097
v 0.4597301 0.06375638 0.918656
v 0.4603919 0.07019392 0.9099623
v 0.4621367 0.06625316 0.9110453
v 0.464814 0.07076547 0.9079168
v 0.4612041 0.07413468 0.9116168
v 0.4657766 0.0743452 0.9092102
v 0.4687246 0.07124677 0.9072549
v 0.4697474 0.07428506 0.9081875
v 0.4718532 0.07160774 0.9073752
v 0.4727857 0.07383385 0.9079769
v 0.4665587 0.06724587 0.908759
v 0.4650847 0.06511006 0.9137527
v 0.4695068 0.06616291 0.9107745
v 0.470319 0.06826869 0.9078566
v 0.4731166 0.06941178 0.9077663
v 0.4760346 0.07181832 0.9080371
v 0.4757337 0.07329234 0.908368
v 0.4728158 0.06730607 0.9093006
v 0.4760045 0.0703443 0.9081573
v 0.4753728 0.06899062 0.9084883
v 0.4763955 0.07025406 0.9082175
v 0.4767264 0.07196876 0.9082175
v 0.4760947 0.07350293 0.9084582
v 0.4747711 0.07446554 0.9089395
v 0.4717028 0.07536802 0.9099323
v 0.4717028 0.07536802 0.9099323
v 0.4680628 0.07560864 0.9115566
v 0.4635505 0.07545826 0.9146551
v 0.4579553 0.07521763 0.9195584
v 0.4550674 0.07359317 0.9163998
v 0.4566016 0.07512733 0.9208821
v 0.4552479 0.07500705 0.9222357
v 0.4231204 0.07338259 0.9568601
v 0.4265798 0.07410458 0.9615228
v 0.4274522 0.07503709 0.9608009
v 0.4231805 0.07425496 0.9560179
v 0.4327165 0.07542816 0.9530998
v 0.4180666 0.07251021 0.9568601
v 0.4341604 0.07518753 0.9400142
v 0.4389736 0.07581922 0.9430826
v 0.4354841 0.07536802 0.9379686
v 0.4402972 0.07596967 0.9409467
v 0.4367776 0.0755485 0.9360133
v 0.4330173 0.07963964 0.9343889
v 0.4316636 0.0795494 0.9363441
v 0.4415305 0.07609001 0.9389614
v 0.4415305 0.07609001 0.9293652
v 0.445742 0.07639077 0.932223
v 0.4330173 0.08499423 0.9354417
v 0.4380109 0.08517471 0.928583
v 0.4379809 0.08000061 0.9275904
v 0.4316336 0.08499423 0.9374572
v 0.4302799 0.07945916 0.9383597
v 0.4302498 0.08499423 0.9394727
v 0.4348223 0.08851382 0.9401345
v 0.4334385 0.08854392 0.9421802
v 0.4407183 0.08848378 0.9312001
v 0.4361759 0.08845368 0.9381191
v 0.4449899 0.08568612 0.9214536
v 0.4479681 0.08860406 0.9242814
v 0.4464038 0.08580646 0.9201
v 0.4493518 0.08860406 0.9229878
v 0.4478177 0.0858967 0.9187763
v 0.4507356 0.08860406 0.9216642
v 0.4473063 0.08129415 0.9176633
v 0.4459526 0.08108357 0.9190471
v 0.4489006 0.07738349 0.9208219
v 0.450134 0.07762417 0.9194682
v 0.4529617 0.07723311 0.9238902
v 0.4541048 0.07738349 0.9225667
v 0.4532926 0.08625767 0.9137225
v 0.456 0.08854392 0.9167007
v 0.4582561 0.08628777 0.9112558
v 0.4609936 0.08809271 0.9134218
v 0.457113 0.08261779 0.9105339
v 0.4525706 0.08204624 0.9125794
v 0.454917 0.07858679 0.9143844
v 0.4590683 0.07939902 0.9119477
v 0.4584366 0.07801524 0.9174829
v 0.4623172 0.07855669 0.9141136
v 0.4629188 0.08009091 0.9106542
v 0.4654156 0.07945916 0.9122787
v 0.4612342 0.08297876 0.9095111
v 0.4645733 0.08330968 0.9093606
v 0.4621969 0.08622763 0.9099021
v 0.4652652 0.0858967 0.9095111
v 0.4686344 0.08388123 0.9102932
v 0.4682132 0.08529505 0.9103534
v 0.4685442 0.08541539 0.9104737
v 0.469236 0.08391127 0.9105037
v 0.4672205 0.08667883 0.9107444
v 0.4643327 0.08761141 0.9114363
v 0.4658368 0.08105353 0.910203
v 0.4685141 0.08234701 0.9106241
v 0.4678523 0.08099332 0.9112859
v 0.4654156 0.07945916 0.9122787
v 0.4688751 0.08231696 0.9107745
v 0.4274522 0.07503709 0.9608009
v 0.4265798 0.07410458 0.9615228
v 0.4355142 0.07927868 0.955386
v 0.4351532 0.08454302 0.9559276
v 0.4313628 0.08848378 0.9546341
v 0.4265497 0.0887545 0.9524682
v 0.4205634 0.08932605 0.9619138
v 0.4327165 0.07542816 0.9530998
v 0.4190593 0.08983746 0.9628164
v 0.4334385 0.08854392 0.9421802
v 0.4381012 0.08800247 0.9444964
v 0.4348223 0.08851382 0.9401345
v 0.439485 0.08791217 0.9424207
v 0.4361759 0.08845368 0.9381191
v 0.4408086 0.08782193 0.9404052
v 0.4429745 0.08451292 0.9437444
v 0.4442379 0.08451292 0.941759
v 0.443155 0.07963964 0.9431728
v 0.4443883 0.07966974 0.9411573
v 0.4402972 0.07596967 0.9409467
v 0.4415305 0.07609001 0.9389614
v 0.4407183 0.08848378 0.9312001
v 0.4458022 0.08776179 0.9338775
v 0.4416208 0.08451292 0.9458501
v 0.4487502 0.08457312 0.9350808
v 0.4418013 0.0795494 0.9453087
v 0.4487803 0.07982013 0.9344791
v 0.4389736 0.07581922 0.9430826
v 0.445742 0.07639077 0.932223
v 0.4479681 0.08860406 0.9242814
v 0.451608 0.08758131 0.926748
v 0.4493518 0.08860406 0.9229878
v 0.4527812 0.08755121 0.9254245
v 0.4507356 0.08860406 0.9216642
v 0.4539544 0.08752111 0.9241009
v 0.4552178 0.08433244 0.926748
v 0.4562105 0.0842723 0.9254245
v 0.455278 0.07994047 0.9261163
v 0.4563008 0.07997057 0.9247928
v 0.456 0.08854392 0.9167007
v 0.4584065 0.08734062 0.9190471
v 0.4609936 0.08809271 0.9134218
v 0.4630692 0.0871 0.9146551
v 0.4600309 0.08409181 0.9202805
v 0.4641823 0.08397147 0.9154372
v 0.4601513 0.08012095 0.9196488
v 0.4640018 0.08027139 0.9151965
v 0.4623172 0.07855669 0.9141136
v 0.4584366 0.07801524 0.9174829
v 0.4662278 0.08054212 0.9130908
v 0.4665287 0.08397147 0.9130608
v 0.4654758 0.08700976 0.9124291
v 0.4643327 0.08761141 0.9114363
v 0.4685442 0.08541539 0.9104737
v 0.4654156 0.07945916 0.9122787
v 0.4678523 0.08099332 0.9112859
v 0.4688751 0.08231696 0.9107745
v 0.469236 0.08391127 0.9105037
v 0.4672205 0.08667883 0.9107444
v 0.4672205 0.08667883 0.9107444
v 0.4541048 0.07738349 0.9225667
v 0.4529617 0.07723311 0.9238902
v 0.4518186 0.07708266 0.9252139
v 0.4542552 0.07991037 0.92747
v 0.4541951 0.08436254 0.9281018
v 0.3516155 0.04522589 1.054988
v 0.3616629 0.04985848 1.049783
v 0.3552554 0.04477462 1.043887
v 0.3552554 0.04477462 1.043887
v 0.3616629 0.04985848 1.049783
v 0.3675289 0.04904631 1.042864
v 0.3613019 0.04375187 1.03748
v 0.3563685 0.04327056 1.034261
v 0.3509537 0.04420307 1.040759
v 0.3516155 0.04522589 1.054988
v 0.3406055 0.04709098 1.044098
v 0.3465918 0.04718122 1.037781
v 0.3350103 0.06309459 1.039315
v 0.3414177 0.06474909 1.033329
v 0.372703 0.04826418 1.036156
v 0.3760421 0.06270352 1.039495
v 0.3704468 0.06252304 1.046204
v 0.3673484 0.04272905 1.031042
v 0.3519765 0.04682019 1.030711
v 0.3578726 0.04639909 1.02298
v 0.3623548 0.04224774 1.027102
v 0.3554961 0.05208459 1.01928
v 0.3480358 0.06586209 1.027372
v 0.3684614 0.07930878 1.045361
v 0.3627459 0.07825586 1.052431
v 0.3560677 0.08725038 1.046986
v 0.3617231 0.08878455 1.040187
v 0.3504423 0.08749107 1.040729
v 0.3430421 0.08646825 1.047106
v 0.3501415 0.08598694 1.054867
v 0.355827 0.08851382 1.034682
v 0.3642499 0.0612596 1.053002
v 0.3439145 0.08255759 1.035645
v 0.336755 0.08033153 1.040308
v 0.3567595 0.07714286 1.060793
v 0.3505927 0.08333972 1.03026
v 0.3480358 0.06586209 1.027372
v 0.3414177 0.06474909 1.033329
v 0.3350103 0.06309459 1.039315
v 0.3578124 0.06086853 1.061305
v 0.3516155 0.04522589 1.054988
v 0.3673484 0.09031877 1.033389
v 0.3618133 0.08968702 1.028004
v 0.373455 0.08033153 1.038503
v 0.3550448 0.06652394 1.01931
v 0.3573311 0.08418205 1.023432
v 0.4190593 0.08983746 0.9628164
v 0.4198414 0.09092042 0.9627261
v 0.4150885 0.08950654 0.9596878
v 0.4160812 0.08842358 0.9596878
v 0.4492616 0.06814834 0.9410069
v 0.446825 0.07226959 0.9401345
v 0.4479681 0.07238987 0.93848
v 0.4504047 0.06829873 0.9393524
v 0.4481786 0.06354579 0.9397736
v 0.4493518 0.06375638 0.938089
v 0.4457119 0.06092867 0.9354718
v 0.4445086 0.06065795 0.9371865
v 0.4437867 0.07413468 0.9361336
v 0.4426135 0.07407448 0.9378483
v 0.4481185 0.0679979 0.9426614
v 0.4456518 0.07217935 0.9418191
v 0.452691 0.07296148 0.9319222
v 0.4552178 0.06893048 0.9328547
v 0.4470355 0.06336531 0.9414281
v 0.4541349 0.06441817 0.931501
v 0.4433354 0.06038716 0.9389012
v 0.4414403 0.07401434 0.9395329
v 0.4605724 0.06971261 0.9254847
v 0.4598505 0.06550112 0.9241309
v 0.4616253 0.06986299 0.9241309
v 0.4610237 0.06571171 0.9227772
v 0.4627082 0.07001343 0.9227772
v 0.4609334 0.07371351 0.9219048
v 0.4597602 0.07362327 0.9232585
v 0.4579553 0.07521763 0.9195584
v 0.4566016 0.07512733 0.9208821
v 0.4621668 0.06595233 0.9214236
v 0.4584065 0.06345555 0.9200097
v 0.4597301 0.06375638 0.918656
v 0.4670701 0.07067522 0.9176332
v 0.4667994 0.06697515 0.9163396
v 0.4710109 0.07121673 0.9133315
v 0.469958 0.07449564 0.9129404
v 0.4657465 0.07407448 0.916851
v 0.4709206 0.06769714 0.9123989
v 0.4695068 0.06616291 0.9107745
v 0.4650847 0.06511006 0.9137527
v 0.4728158 0.06730607 0.9093006
v 0.4735678 0.06835893 0.9103233
v 0.4753728 0.06899062 0.9084883
v 0.473628 0.0715476 0.9109249
v 0.472876 0.07461599 0.9106241
v 0.4717028 0.07536802 0.9099323
v 0.4747711 0.07446554 0.9089395
v 0.4680628 0.07560864 0.9115566
v 0.4760947 0.07350293 0.9084582
v 0.4763955 0.07025406 0.9082175
v 0.4767264 0.07196876 0.9082175
v 0.4635505 0.07545826 0.9146551
v 0.4224285 0.09031877 0.9579129
v 0.4178861 0.09010819 0.955326
v 0.4150885 0.08950654 0.9596878
v 0.4198414 0.09092042 0.9627261
v 0.4231504 0.09040901 0.9483469
v 0.420413 0.09407899 0.9468127
v 0.4143966 0.09380826 0.9540926
v 0.4143966 0.09910271 0.955356
v 0.4173446 0.1019605 0.9577324
v 0.4235415 0.1012686 0.9503624
v 0.4209244 0.09850106 0.9478656
v 0.4214057 0.1012385 0.9594171
v 0.4268205 0.1004564 0.9523779
v 0.4247749 0.1011483 0.9490387
v 0.4221878 0.09844092 0.9465721
v 0.4279937 0.1003059 0.9509941
v 0.4216464 0.09413919 0.9455192
v 0.4262489 0.1009978 0.9475347
v 0.4236919 0.09841082 0.945098
v 0.4318742 0.09844092 0.9369158
v 0.4342206 0.1004564 0.9392321
v 0.4293774 0.1001255 0.9493998
v 0.4367776 0.09943357 0.9409467
v 0.4231204 0.09422943 0.9440452
v 0.4309718 0.09465054 0.9359231
v 0.4242936 0.09052935 0.9469932
v 0.4256773 0.09064963 0.945429
v 0.4281441 0.09037891 0.9497908
v 0.4294075 0.09043911 0.9481363
v 0.4301896 0.09762868 0.9521673
v 0.4314531 0.09747824 0.9504827
v 0.4270611 0.09031877 0.9512047
v 0.4302799 0.0934172 0.951686
v 0.4281441 0.09037891 0.9497908
v 0.4315132 0.09332696 0.9500015
v 0.4382516 0.09663597 0.9418793
v 0.438041 0.09284565 0.9413378
v 0.4294075 0.09043911 0.9481363
v 0.4361459 0.09055939 0.9396231
v 0.4393345 0.09651563 0.9404354
v 0.439124 0.09275541 0.9398938
v 0.4372589 0.09058949 0.9382093
v 0.4379508 0.09925309 0.9395629
v 0.439124 0.09910271 0.9382093
v 0.4404476 0.09636524 0.9390215
v 0.4480282 0.09804985 0.9275602
v 0.4485396 0.09537253 0.9280716
v 0.449773 0.09753844 0.9253944
v 0.4502242 0.09519204 0.9257252
v 0.4480282 0.09242448 0.92747
v 0.4500738 0.09245458 0.9253042
v 0.4489608 0.09826037 0.924522
v 0.4464941 0.09922305 0.9263871
v 0.4521495 0.096275 0.9234691
v 0.4489307 0.09170255 0.9245521
v 0.4465843 0.09128138 0.9261765
v 0.4513072 0.09696689 0.9237098
v 0.4510966 0.09287575 0.9239805
v 0.4519991 0.09374812 0.9237098
v 0.4524804 0.09489122 0.9234691
v 0.4510966 0.09287575 0.9239805
v 0.4513072 0.09696689 0.9237098
v 0.4401768 0.09269521 0.93845
v 0.4383419 0.09064963 0.9367955
v 0.4473664 0.09747824 0.9231983
v 0.4489608 0.09826037 0.924522
v 0.4445989 0.09820023 0.924522
v 0.4462835 0.0951018 0.9226569
v 0.4434257 0.09540263 0.9236195
v 0.4443582 0.09248468 0.9244618
v 0.4352735 0.09143177 0.9345092
v 0.4334686 0.09480098 0.9333962
v 0.4383419 0.09064963 0.9367955
v 0.4465843 0.09128138 0.9261765
v 0.4471258 0.09263507 0.9232886
v 0.4487803 0.09498146 0.9227171
v 0.4495023 0.09311637 0.9231683
v 0.4496827 0.09675631 0.9229878
v 0.4513072 0.09696689 0.9237098
v 0.4519088 0.09606442 0.923409
v 0.451969 0.09498146 0.9235293
v 0.4517584 0.09377816 0.9236195
v 0.4489307 0.09170255 0.9245521
v 0.4510966 0.09287575 0.9239805
v 0.4519991 0.09374812 0.9237098
v 0.4524804 0.09489122 0.9234691
v 0.4521495 0.096275 0.9234691
v 0.4344312 0.09835061 0.9344189
v 0.4367174 0.1001857 0.936645
v 0.4331377 0.09838071 0.9356824
v 0.4354841 0.100336 0.9379386
v 0.4322051 0.09471074 0.9346596
v 0.4340702 0.09131148 0.9358629
v 0.4372589 0.09058949 0.9382093
v 0.432897 0.09119114 0.9371865
v 0.4361459 0.09055939 0.9396231
v 0.3864504 0.03433618 0.9630871
v 0.4401167 0.04949751 0.9533105
v 0.4383719 0.04483482 0.9518965
v 0.4341604 0.04230794 0.9497306
v 0.4293172 0.04420307 0.9477152
v 0.4439973 0.05593506 0.9446769
v 0.4460428 0.05124226 0.9449476
v 0.4449599 0.05617574 0.9432631
v 0.4407785 0.05843189 0.9414883
v 0.4397858 0.05828145 0.9429623
v 0.4470055 0.05154309 0.943594
v 0.4458924 0.05644646 0.9418793
v 0.4479681 0.05181381 0.9422402
v 0.4464339 0.04751208 0.9408565
v 0.4454412 0.04718122 0.9422102
v 0.4425232 0.04516569 0.9381491
v 0.4415005 0.04483482 0.9395629
v 0.4512169 0.05783024 0.9340279
v 0.4533828 0.05340818 0.9346596
v 0.4444786 0.04685029 0.9435638
v 0.4519991 0.04934713 0.9332758
v 0.4404777 0.04447386 0.9409769
v 0.4369581 0.04663971 0.9372166
v 0.4359052 0.04627874 0.9386605
v 0.4482689 0.04715112 0.9302075
v 0.4440273 0.04886582 0.9275302
v 0.438041 0.04697064 0.9357426
v 0.4515478 0.0508813 0.9202805
v 0.4551877 0.04925689 0.9229578
v 0.4530219 0.05127236 0.9189869
v 0.4565414 0.049678 0.9216341
v 0.4544959 0.05166343 0.9176633
v 0.4578951 0.05006906 0.9203105
v 0.4579553 0.05115202 0.9258155
v 0.4590984 0.05151299 0.9244618
v 0.4588878 0.05503258 0.9272294
v 0.4599407 0.05533341 0.9259057
v 0.4573236 0.05912372 0.9265976
v 0.4585268 0.05939451 0.925244
v 0.4593992 0.05295697 0.9136624
v 0.4624375 0.05142274 0.9163096
v 0.4643327 0.05394962 0.9115566
v 0.4674612 0.05286673 0.9133015
v 0.4642725 0.05304721 0.9189869
v 0.4687246 0.05431065 0.9151365
v 0.4705596 0.05422041 0.9117372
v 0.4712214 0.05515292 0.9127599
v 0.4647538 0.05668709 0.9204309
v 0.4685742 0.05786029 0.9161592
v 0.4711613 0.05843189 0.9137225
v 0.4676718 0.06128964 0.9157681
v 0.4702287 0.06159046 0.9133015
v 0.4638213 0.06050751 0.919769
v 0.4619863 0.06195143 0.9175429
v 0.4660473 0.06234249 0.9142641
v 0.4693564 0.06234249 0.9124892
v 0.4680628 0.05500254 0.9105339
v 0.4705596 0.05422041 0.9117372
v 0.4728459 0.05596516 0.9111356
v 0.4728459 0.05596516 0.9111356
v 0.4739288 0.05746922 0.9109249
v 0.4720336 0.06159046 0.9115566
v 0.4733873 0.06044737 0.9111054
v 0.4741996 0.05906358 0.9108347
v 0.4708003 0.05614564 0.9103233
v 0.4734475 0.05743918 0.9107444
v 0.4739288 0.05746922 0.9109249
v 0.4572333 0.0611693 0.9216642
v 0.4597301 0.05963513 0.9238902
v 0.4558496 0.06092867 0.9230179
v 0.4610237 0.05563423 0.9245521
v 0.4602716 0.05187401 0.9231081
v 0.4544658 0.06068799 0.9243716
v 0.4472461 0.05951479 0.9318018
v 0.4417411 0.05861238 0.9400443
v 0.450495 0.06177095 0.9286432
v 0.4570829 0.06318483 0.9213333
v 0.4483892 0.07455578 0.9294554
v 0.4552479 0.07500705 0.9222357
v 0.458587 0.07350293 0.9245821
v 0.4445989 0.08090308 0.9204007
v 0.4476372 0.07717291 0.9221756
v 0.4518186 0.07708266 0.9252139
v 0.4525706 0.08204624 0.9125794
v 0.4570829 0.06318483 0.9213333
v 0.3550448 0.06652394 1.01931
v -0.08099332 0.09606442 1.280452
v -0.08090308 0.08315924 1.249317
v -0.05422041 0.09043911 1.248505
v -0.05452123 0.09798965 1.280512
v -0.0886943 0.09236434 1.281084
v -0.09140173 0.07452574 1.26123
v -0.08965698 0.06628326 1.244624
v -0.09444001 0.08481374 1.283249
v -0.09798965 0.06153032 1.263546
v -0.09618476 0.05422041 1.248264
v -0.0934473 0.09501156 1.30915
v -0.1015995 0.08454302 1.285716
v -0.1092102 0.06676456 1.281264
v -0.09955391 0.06700525 1.277805
v -0.1035247 0.0946205 1.30536
v -0.1050288 0.04089406 1.265742
v -0.1038255 0.03274187 1.25404
v -0.1060817 0.04778287 1.277053
v -0.1052394 0.09275541 1.314745
v -0.0945904 0.09119114 1.325033
v -0.1084582 0.08938619 1.333095
v -0.09537253 0.08863416 1.336705
v -0.08959678 0.0887545 1.337848
v -0.09699693 0.07864693 1.350723
v -0.101419 0.08207628 1.343744
v -0.08228686 0.09248468 1.326507
v -0.08180556 0.09651563 1.30533
v -0.1054199 0.07822582 1.347535
v -0.1102029 0.0778949 1.345579
v -0.1114363 0.06378648 1.350453
v -0.09777907 0.06556126 1.354784
v -0.09086022 0.06625316 1.354995
v -0.09606442 0.05100164 1.349851
v -0.1055703 0.04964796 1.347144
v -0.08081284 0.05178377 1.351716
v -0.1003059 0.044534 1.344226
v -0.09465054 0.03854766 1.340556
v -0.08682927 0.03887859 1.342481
v -0.09296599 0.03496793 1.331381
v -0.1074053 0.03632161 1.335231
v -0.1095411 0.04904631 1.34594
v -0.0783461 0.0254921 1.322868
v -0.07994047 0.03920946 1.344496
v -0.06062785 0.03773549 1.348437
v -0.06153032 0.04943737 1.354393
v -0.03674278 0.029493 1.350122
v -0.03650209 0.03911921 1.353551
v -0.01177472 0.02591327 1.352107
v -0.01192513 0.01628703 1.349099
v -1.266599E-05 0.01165441 1.342872
v -0.01324874 0.002810299 1.325906
v -1.266599E-05 0.002268821 1.325785
v -1.266599E-05 0.02028793 1.34588
v -0.01336905 0.03256139 1.36405
v -0.02594331 0.05217484 1.368261
v -1.266599E-05 0.02792874 1.362877
v -0.04296973 0.06183115 1.363057
v -0.03141823 0.06691501 1.372834
v -0.04540637 0.07527778 1.367238
v -0.0617108 0.0572587 1.355867
v -0.06225225 0.07010368 1.359868
v -0.07636073 0.06787762 1.35677
v -0.05993596 0.08174542 1.35677
v -0.03150848 0.07858679 1.377857
v -0.03945014 0.08664873 1.365764
v -0.05533341 0.09251472 1.344587
v -0.08159497 0.07900795 1.352077
v -0.08204624 0.08914557 1.339593
v -0.01700899 0.08282837 1.379
v -0.02293512 0.09362778 1.350182
v -1.266599E-05 0.08502433 1.37885
v -1.266599E-05 0.0938684 1.351295
v -1.266599E-05 0.09964415 1.328433
v -0.02374735 0.09853116 1.32735
v -1.266599E-05 0.1020808 1.307074
v -0.02576283 0.1012385 1.305992
v -0.05304721 0.0938684 1.326357
v -0.02458963 0.0692313 1.400329
v -0.01267719 0.07651111 1.404179
v -1.266599E-05 0.0783762 1.404269
v -0.02290505 0.0624328 1.420784
v -0.0254921 0.05343828 1.414708
v -0.02624413 0.05861238 1.394673
v -0.01896432 0.04260877 1.407488
v -0.02119038 0.04694054 1.386371
v -0.01072186 0.03328332 1.378309
v -0.009578735 0.02841005 1.39735
v -0.01168448 0.07190856 1.428094
v -1.266599E-05 0.07299152 1.428365
v -1.266599E-05 0.02979383 1.376504
v -1.266599E-05 0.02567258 1.395636
v -0.009338081 0.02570269 1.405533
v -0.02134079 0.04047295 1.421356
v -0.025462 0.02374735 1.417957
v -1.266599E-05 0.02128062 1.401622
v -1.266599E-05 0.01342922 1.406886
v -0.01219589 0.06980285 1.445843
v -0.011143 0.01646751 1.410286
v -0.03439638 0.03310284 1.42656
v -0.02693602 0.06153032 1.445933
v -0.03292236 0.07536802 1.470389
v -0.03556958 0.06017664 1.460793
v -0.02973369 0.05103168 1.442925
v -0.0457373 0.07338259 1.48164
v -0.0559952 0.05930427 1.478241
v -0.01354957 0.07900795 1.470389
v -1.266599E-05 0.0715175 1.445843
v -1.266599E-05 0.08003071 1.469487
v -0.06538078 0.0497382 1.494696
v -0.05070081 0.04672995 1.450776
v -0.05127236 0.04609826 1.447377
v -0.04248843 0.04044285 1.436517
v -0.05379924 0.09777907 1.30557
v -0.02807918 0.1022914 1.280572
v -1.266599E-05 0.102141 1.281745
v -1.266599E-05 0.09534243 1.247993
v -0.02753767 0.09651563 1.247663
v -0.02516118 0.08559588 1.218272
v -1.266599E-05 0.08445278 1.218152
v -0.02218309 0.06327507 1.188221
v -1.266599E-05 0.06201163 1.187799
v -0.05094144 0.07819572 1.219175
v -0.04700074 0.05783024 1.189364
v -0.07684204 0.06715563 1.22089
v -0.02034807 0.04269901 1.159191
v -1.266599E-05 0.04260877 1.159041
v -0.04224774 0.04017213 1.159222
v -0.07181832 0.05049023 1.190507
v -0.08682927 0.05647656 1.222695
v -0.08057222 0.04206726 1.191229
v -0.08102342 0.02335629 1.170743
v -0.0664337 0.03253129 1.159342
v -0.0945603 0.04330066 1.225582
v -0.1022914 0.02320588 1.236382
v -0.1008776 0.01688865 1.223326
v -0.08746096 0.02979383 1.191951
v -0.09564325 0.009127498 1.207022
v -0.09233424 0.004705459 1.195591
v -0.08713004 -0.002213389 1.17351
v -0.08899513 -0.02694076 1.198148
v -0.09672621 -0.02119511 1.210932
v -0.09991488 -0.01165915 1.21722
v -0.092244 -0.03103194 1.204615
v -0.08379099 -0.0285953 1.175255
v -0.07963964 -0.04983315 1.194899
v -0.08631787 -0.04029718 1.199501
v -0.07338259 -0.05019414 1.176248
v -0.0692614 -0.05545849 1.192131
v -0.05969533 -0.06048217 1.190627
v -0.04901621 -0.06472373 1.178263
v -0.05030975 -0.06403184 1.190868
v -0.04002169 -0.0659571 1.192282
v -0.02516118 -0.07083037 1.179376
v -0.02765802 -0.06722054 1.196042
v -0.01806185 -0.06704006 1.201276
v -1.266599E-05 -0.07350767 1.18067
v -0.009368151 -0.06685954 1.208014
v -1.266599E-05 -0.06643841 1.208496
v -0.003803015 -0.06538555 1.215746
v -1.266599E-05 -0.06391153 1.22847
v -0.03596064 0.009789318 1.32756
v -0.05972537 0.01890415 1.326447
v -0.04260877 -0.01099733 1.314475
v -0.02446929 -0.01514864 1.310775
v -0.01093242 -0.01848775 1.304668
v -1.266599E-05 -0.01686332 1.301419
v -0.06303439 -0.003717482 1.31279
v -0.07876727 0.00220865 1.302983
v -0.0119552 -0.02351144 1.299193
v -0.003111124 -0.02931726 1.287491
v -1.266599E-05 -0.02901644 1.28716
v -1.266599E-05 -0.04219234 1.270525
v -0.08622763 0.02245381 1.298621
v -0.09064963 0.03018489 1.319228
v -0.1036752 0.03262153 1.315919
v -0.1001255 0.03349391 1.297208
v -0.09693679 0.02455959 1.288123
v -0.1024719 0.03343377 1.27973
v -0.09753844 0.00861612 1.274195
v -0.1029231 0.02311563 1.269352
v -0.1050288 0.04089406 1.265742
v -0.1038255 0.03274187 1.25404
v -0.1034947 0.01363981 1.257349
v -0.1060817 0.04778287 1.277053
v -0.1043369 0.04302987 1.287822
v -0.1073151 0.05193415 1.284152
v -0.1092102 0.06676456 1.281264
v -0.1014491 -0.009433061 1.259846
v -0.1088192 0.04444376 1.288995
v -0.1089696 0.05304721 1.285205
v -0.1114363 0.06718573 1.280753
v -0.1145047 0.06865975 1.274736
v -0.1162795 0.05554399 1.277233
v -0.1188365 0.04296973 1.282558
v -0.1094509 0.03686312 1.295072
v -0.1120379 0.03593054 1.299464
v -0.12747 0.03692326 1.293237
v -0.1339677 0.04937717 1.259003
v -0.130749 0.06336531 1.256086
v -0.151686 0.06276366 1.231478
v -0.157191 0.04612836 1.23924
v -0.1811362 0.04772267 1.20654
v -0.1762629 0.06174091 1.201908
v -0.1885966 0.03809646 1.214843
v -0.1642602 0.03803626 1.247392
v -0.2021936 0.04125509 1.229974
v -0.1756914 0.04185668 1.260297
v -0.2079693 0.0560855 1.237014
v -0.1801435 0.05774 1.266283
v -0.2068262 0.07627049 1.234276
v -0.1779777 0.07831606 1.263095
v -0.1721117 0.08610728 1.255364
v -0.1985838 0.08541539 1.225041
v -0.1846859 0.08628777 1.211143
v -0.1598382 0.08625767 1.243481
v -0.1764434 0.07804534 1.203081
v -0.1538819 0.07726321 1.235269
v -0.1762629 0.06174091 1.201908
v -0.151686 0.06276366 1.231478
v -0.1563788 0.04305997 1.285596
v -0.1611317 0.05731884 1.291793
v -0.1426614 0.04994872 1.311707
v -0.1464216 0.06219211 1.314535
v -0.1279814 0.04823408 1.33108
v -0.1365246 0.03857777 1.304487
v -0.1244919 0.03641185 1.323559
v -0.1306587 0.06207177 1.335743
v -0.1422102 0.07915834 1.310203
v -0.127831 0.0778648 1.329997
v -0.1258155 0.07771441 1.331772
v -0.1356824 0.08896509 1.302833
v -0.1238602 0.08926591 1.322055
v -0.1204008 0.03559962 1.315558
v -0.1589959 0.07738349 1.289176
v -0.1444964 0.03755495 1.271999
v -0.1523177 0.08646825 1.281505
v -0.1365848 0.04239818 1.262734
v -0.1413077 0.08767155 1.269442
v -0.1326441 0.07828596 1.25774
v -0.1158583 0.08385113 1.275759
v -0.1224764 0.09281555 1.285445
v -0.1105339 0.08436254 1.283701
v -0.1134217 0.09398875 1.29826
v -0.1114363 0.06718573 1.280753
v -0.1145047 0.06865975 1.274736
v -0.1271391 0.09194317 1.291522
v -0.130749 0.06336531 1.256086
v -0.1205511 0.09058949 1.314866
v -0.1249732 0.04832432 1.333035
v -0.11646 0.03454676 1.307616
v -0.08129415 0.06712553 1.355777
v -0.08758131 0.005337179 1.290469
v -0.09028867 -0.01177946 1.285024
v -0.08093318 -0.0158706 1.296666
v -0.06553122 -0.02101463 1.30533
v -0.04558685 -0.02781317 1.307104
v -0.02970359 -0.03250593 1.304818
v -0.049678 -0.04613307 1.300065
v -0.03391507 -0.05070552 1.297027
v -0.01851308 -0.03828168 1.295643
v -0.01002997 -0.04441839 1.286017
v -0.02633438 -0.05365357 1.292094
v -0.01670817 -0.06081307 1.282828
v -0.06850931 -0.04044759 1.297809
v -0.02419856 -0.07618496 1.279158
v -0.008676291 -0.06755143 1.267938
v -0.002479404 -0.05323243 1.269502
v -0.002659887 -0.07022873 1.252476
v -1.266599E-05 -0.0567821 1.251333
v -0.01601627 -0.08175012 1.267246
v -0.03794602 -0.09032351 1.275278
v -0.01042104 -0.08472824 1.253348
v -0.02768812 -0.09763342 1.259094
v -0.03238085 -0.09426424 1.267426
v -0.04318032 -0.1030782 1.258793
v -0.03391507 -0.1050937 1.24661
v -0.05271628 -0.1079816 1.248415
v -0.04140547 -0.1091548 1.234577
v -0.02263433 -0.09847569 1.250791
v -0.02486035 -0.1028978 1.234336
v -0.03045562 -0.1065678 1.22119
v -0.04934713 -0.1002505 1.267216
v -0.05566433 -0.09585857 1.272811
v -0.04612836 -0.08505914 1.281174
v -0.06902072 -0.09874645 1.264268
v -0.06357589 -0.08921045 1.277805
v -0.07473627 -0.0901731 1.269562
v -0.06077823 -0.1047929 1.256657
v -0.07235983 -0.0731467 1.28355
v -0.05798063 -0.08072734 1.284573
v -0.03999159 -0.06839374 1.289025
v -0.05376914 -0.06370094 1.292214
v -0.07070532 -0.05976021 1.289446
v -0.08150473 -0.07925332 1.272601
v -0.08333972 -0.03518325 1.290559
v -0.08652845 -0.05554873 1.280843
v -0.09317651 -0.0325661 1.280392
v -0.1004263 -0.02841479 1.268269
v -0.09786931 -0.009974539 1.271157
v -0.1018101 -0.042072 1.26496
v -0.1044573 -0.02922702 1.249798
v -0.09437981 -0.05013397 1.274466
v -0.1030134 -0.01211035 1.247241
v -0.1028629 0.005066454 1.24312
v -0.1003962 -0.003717482 1.22823
v -0.1008776 0.01688865 1.223326
v -0.1022914 0.02320588 1.236382
v -0.103615 -0.01770562 1.232802
v -0.1013288 -0.01277217 1.223386
v -0.09991488 -0.01165915 1.21722
v -0.09615466 -0.06201637 1.266043
v -0.106563 -0.04423791 1.248264
v -0.1062622 -0.03310758 1.232441
v -0.1044573 -0.0285953 1.224379
v -0.1009377 -0.02408299 1.216317
v -0.09672621 -0.02119511 1.210932
v -0.1072249 -0.04917136 1.241014
v -0.1050288 -0.05091611 1.256326
v -0.09832057 -0.06833357 1.258703
v -0.1051793 -0.0596098 1.245767
v -0.1058711 -0.05395439 1.229222
v -0.1039459 -0.06520504 1.234066
v -0.09946367 -0.07281578 1.248956
v -0.08634791 -0.08457783 1.262102
v -0.08890489 -0.08734539 1.252596
v -0.09055939 -0.08915031 1.241255
v -0.08445278 -0.09588867 1.239992
v -0.07732335 -0.09835538 1.255333
v -0.09937343 -0.07612482 1.238066
v -0.07022402 -0.1050035 1.249076
v -0.10178 -0.06755143 1.22486
v -0.09756848 -0.07808012 1.226455
v -0.09098056 -0.08930072 1.22829
v -0.06300434 -0.1083125 1.241225
v -0.07521763 -0.1021758 1.234066
v -0.06453851 -0.1047328 1.219626
v -0.05304721 -0.1101776 1.231238
v -0.07648107 -0.09820497 1.219927
v -0.08959678 -0.0874958 1.217641
v -0.06697515 -0.09751308 1.207563
v -0.07666156 -0.09140643 1.207082
v -0.08622763 -0.08190054 1.206841
v -0.06580195 -0.09122595 1.200133
v -0.0513626 -0.1018449 1.208105
v -0.05458137 -0.08800718 1.194989
v -0.04011193 -0.09068447 1.199561
v -0.07374361 -0.08448759 1.19899
v -0.06255308 -0.08256236 1.192643
v -0.07052484 -0.07648578 1.192462
v -0.05647656 -0.07591423 1.191409
v -0.06384662 -0.0679726 1.191199
v -0.05295697 -0.06935635 1.191169
v -0.05969533 -0.06048217 1.190627
v -0.05030975 -0.06403184 1.190868
v -0.04266891 -0.07245481 1.192342
v -0.05006906 -0.08235177 1.193334
v -0.04002169 -0.0659571 1.192282
v -0.03000441 -0.07401907 1.196643
v -0.02765802 -0.06722054 1.196042
v -0.02507094 -0.08695433 1.203803
v -0.03292236 -0.09667078 1.209759
v -0.02061883 -0.09468538 1.215956
v -0.01998711 -0.07468086 1.201998
v -0.01806185 -0.06704006 1.201276
v -0.01054135 -0.07392883 1.207984
v -0.009368151 -0.06685954 1.208014
v -0.00545752 -0.07200357 1.215475
v -0.003803015 -0.06538555 1.215746
v -0.0008248985 -0.06836367 1.228681
v -1.266599E-05 -0.06391153 1.22847
v -0.01174465 -0.08827791 1.223296
v -0.006450206 -0.08259243 1.231388
v -0.001276106 -0.07137185 1.240744
v -0.01445201 -0.09399348 1.233374
v -0.01727971 -0.09673095 1.241285
v -0.007713646 -0.08466807 1.242368
v -0.03565982 -0.1077109 1.219957
v -0.04011193 -0.1061466 1.215024
v -0.2631698 0.08746096 1.161057
v -0.2724952 0.07536802 1.171224
v -0.2791734 0.07618025 1.163794
v -0.2687049 0.08845368 1.154198
v -0.28161 0.05413017 1.163012
v -0.2737887 0.05340818 1.171284
v -0.2728561 0.04122499 1.153416
v -0.2652454 0.04158595 1.162109
v -0.2533931 0.09031877 1.134735
v -0.2473767 0.08893499 1.140992
v -0.2448198 0.07975999 1.121709
v -0.2396457 0.07906809 1.128538
v -0.2582664 0.03969082 1.138254
v -0.2509264 0.04005179 1.14764
v -0.2494825 0.04688039 1.12923
v -0.2430449 0.04724136 1.138495
v -0.2450905 0.05870262 1.122491
v -0.2384123 0.05822131 1.130223
v -0.2450905 0.05870262 1.122491
v -0.2384123 0.05822131 1.130223
v -0.2386831 0.08758131 1.150377
v -0.2552281 0.08574632 1.170743
v -0.2622072 0.07464603 1.179888
v -0.2313431 0.07756397 1.139668
v -0.2536338 0.0743452 1.18798
v -0.264373 0.05301711 1.1807
v -0.2555591 0.05301711 1.189544
v -0.2451808 0.07467613 1.195891
v -0.2468954 0.05322769 1.197757
v -0.2396757 0.04194692 1.189183
v -0.2477377 0.04146561 1.18082
v -0.2402473 0.08466336 1.18786
v -0.2275828 0.03987131 1.175135
v -0.2205436 0.04778287 1.166652
v -0.2152793 0.05737898 1.159161
v -0.2347122 0.03939 1.166923
v -0.2273121 0.04712102 1.158139
v -0.2224689 0.05689767 1.150408
v -0.2561907 0.04158595 1.171766
v -0.2425335 0.03960052 1.157657
v -0.2348927 0.04706088 1.148693
v -0.2302601 0.05737898 1.140872
v -0.2328772 0.08688942 1.179256
v -0.2237022 0.08631787 1.167945
v -0.2149183 0.07756397 1.15865
v -0.2152793 0.05737898 1.159161
v -0.2233713 0.07639077 1.149655
v -0.2224689 0.05689767 1.150408
v -0.2306813 0.08667883 1.159191
v -0.2417815 0.08691952 1.17318
v -0.2478581 0.08448288 1.179677
v -0.2302601 0.05737898 1.140872
v -0.07963964 -0.04983315 1.194899
v -0.07260045 -0.05816588 1.192372
v -0.0692614 -0.05545849 1.192131
v -0.07903799 -0.06854415 1.193665
v -0.08499423 -0.05915856 1.197215
v -0.08914557 -0.06472373 1.201156
v -0.08273807 -0.07564348 1.19911
v -0.09155211 -0.04736644 1.202028
v -0.08631787 -0.04029718 1.199501
v -0.09678641 -0.03437102 1.208586
v -0.09829047 -0.04682496 1.210241
v -0.09672621 -0.05798537 1.208406
v -0.092244 -0.03103194 1.204615
v -0.0997344 -0.03722882 1.212858
v -0.1042467 -0.04017684 1.223206
v -0.102141 -0.05813578 1.21746
v -0.09931329 -0.06944659 1.21746
v -0.09404895 -0.06869456 1.207984
v -0.09465054 -0.07925332 1.217641
v -0.08740082 -0.06998807 1.271788
v -0.08297876 -0.09041375 1.260026
v -0.3332607 0.0744054 1.094936
v -0.3567548 0.07714286 1.060793
v -0.3501368 0.08598694 1.054867
v -0.3244167 0.08685932 1.088168
v -0.3127749 0.08797237 1.075744
v -0.3430374 0.08646825 1.047106
v -0.3367503 0.08033153 1.040308
v -0.3044723 0.07807538 1.065727
v -0.3350056 0.06309459 1.039315
v -0.3035999 0.05996606 1.066358
v -0.3350356 0.0565668 1.094696
v -0.3127749 0.05473176 1.126853
v -0.3105489 0.07627049 1.127395
v -0.3578077 0.06086853 1.061305
v -0.3516107 0.04522589 1.054988
v -0.3274249 0.04302987 1.087536
v -0.3406008 0.04709098 1.044098
v -0.3143693 0.04206726 1.076015
v -0.285641 0.09067973 1.101885
v -0.3000503 0.08920571 1.118671
v -0.2761953 0.08027139 1.089341
v -0.3089245 0.04582754 1.071232
v -0.3350056 0.06309459 1.039315
v -0.3035999 0.05996606 1.066358
v -0.2887395 0.03869811 1.10354
v -0.2813694 0.04423317 1.09644
v -0.2949363 0.05413017 1.148663
v -0.2924997 0.07684204 1.149355
v -0.2661479 0.09170255 1.120747
v -0.2816702 0.08995774 1.139789
v -0.2704797 0.03857777 1.123605
v -0.2619665 0.04534623 1.115091
v -0.2857914 0.04002169 1.138976
v -0.3038406 0.03996155 1.117889
v -0.2572737 0.0806925 1.107872
v -0.2572436 0.0588229 1.108654
v -0.275714 0.05900344 1.090063
v -0.2572436 0.0588229 1.108654
v -0.275714 0.05900344 1.090063
v -0.3710738 0.03668258 0.9729239
v -0.3687876 0.03226057 0.9760524
v -0.3671331 0.0398111 0.9781883
v -0.3755861 0.0421876 0.9697351
v -0.3708331 0.04742184 0.9760224
v -0.3834676 0.04844466 0.9683213
v -0.3772105 0.05557409 0.9763231
v -0.367464 0.05758956 0.9892284
v -0.3845505 0.0651702 0.9796923
v -0.3725478 0.06646374 0.9941919
v -0.3605752 0.05178377 1.001592
v -0.3594321 0.05846193 1.010496
v -0.3598833 0.05259594 1.013956
v -0.3596728 0.04630885 1.005924
v -0.3607256 0.04092416 0.9973505
v -0.3603044 0.04576734 0.9932593
v -0.3638541 0.04886582 0.9862201
v -0.3937255 0.05322769 0.9697953
v -0.4047054 0.06841907 0.9614025
v -0.4022087 0.07831606 0.9631171
v -0.3846408 0.07738349 0.9802338
v -0.4059087 0.05635622 0.9611017
v -0.3995614 0.04305997 0.9650725
v -0.4083755 0.04555675 0.9613724
v -0.4112333 0.03996155 0.965644
v -0.4019379 0.03638175 0.9687725
v -0.3968541 0.03472725 0.970036
v -0.3928833 0.04107454 0.9662758
v -0.3920409 0.03226057 0.9696149
v -0.386566 0.03869811 0.9651326
v -0.4139707 0.04654947 0.9595374
v -0.4167984 0.0398111 0.9624252
v -0.4127373 0.05686763 0.9578829
v -0.4116845 0.06965247 0.9579431
v -0.4099397 0.07876727 0.9592366
v -0.4194156 0.04760233 0.9567398
v -0.4200774 0.05596516 0.9549048
v -0.4225741 0.04841456 0.9532503
v -0.4256726 0.05536351 0.9542429
v -0.4253417 0.05632612 0.9552958
v -0.4297938 0.0560554 0.9600788
v -0.4287409 0.05665705 0.9607707
v -0.4295832 0.05755946 0.9602293
v -0.4255523 0.05792049 0.9543633
v -0.4194757 0.06456861 0.9556267
v -0.4229352 0.06498972 0.9532803
v -0.4237774 0.07193866 0.9558374
v -0.4180919 0.07251021 0.9568601
v -0.4231156 0.07338259 0.9568601
v -0.4277482 0.07308176 0.9608009
v -0.426575 0.07410458 0.9615228
v -0.4274474 0.07503709 0.9608009
v -0.4231758 0.07425496 0.9560179
v -0.4193554 0.07924858 0.9546039
v -0.415565 0.07933882 0.9573114
v -0.4181822 0.08625767 0.9568902
v -0.4122259 0.08649835 0.958304
v -0.4160765 0.08842358 0.9596878
v -0.4205587 0.08932605 0.9619138
v -0.4190545 0.08983746 0.9628164
v -0.4150837 0.08950654 0.9596878
v -0.4107219 0.09416923 0.9580634
v -0.4080145 0.09359768 0.9614025
v -0.4100901 0.09955391 0.959748
v -0.4072023 0.09982464 0.9634781
v -0.4127975 0.1024418 0.9636587
v -0.4098795 0.1027727 0.9678099
v -0.4038632 0.0997645 0.9675092
v -0.4068112 0.102502 0.9723222
v -0.3995915 0.0997645 0.9722019
v -0.4028704 0.1022011 0.9778574
v -0.3869872 0.09753844 0.9890478
v -0.3938759 0.09958401 0.9943422
v -0.4164976 0.1015995 0.9658245
v -0.4138203 0.1016897 0.9706075
v -0.4104511 0.1015092 0.9748491
v -0.4170391 0.09835061 0.9719613
v -0.4196261 0.09844092 0.9668473
v -0.4066006 0.1009978 0.9810159
v -0.4097593 0.09762868 0.9821892
v -0.414091 0.09817013 0.9765939
v -0.4117446 0.09374812 0.9818583
v -0.4162268 0.09371802 0.9764736
v -0.4158057 0.08785203 0.9819485
v -0.4182123 0.09419933 0.9715101
v -0.4204684 0.09413919 0.9661856
v -0.419596 0.08929595 0.9756012
v -0.4183927 0.08394137 0.98252
v -0.4233262 0.08466336 0.9765939
v -0.4181521 0.09022853 0.9683213
v -0.4229953 0.08845368 0.9698254
v -0.4198367 0.09092042 0.9627261
v -0.4241685 0.09820023 0.9600188
v -0.4245295 0.09377816 0.9594772
v -0.4291019 0.09777907 0.9536113
v -0.4292223 0.09347734 0.95316
v -0.4224238 0.09031877 0.9579129
v -0.4270563 0.09031877 0.9512047
v -0.4092478 0.08222672 0.996087
v -0.4030209 0.09272531 0.9960269
v -0.3936353 0.0847235 1.014046
v -0.3841896 0.09516194 1.009082
v -0.3731194 0.09140173 1.025898
v -0.3792862 0.08168522 1.031193
v -0.366742 0.09058949 1.020664
v -0.3774512 0.09374812 1.003698
v -0.3618086 0.08968702 1.028004
v -0.3673737 0.09031877 1.033389
v -0.3734503 0.08033153 1.038503
v -0.3820838 0.062884 1.032697
v -0.3760373 0.06270352 1.039495
v -0.3726982 0.04826418 1.036156
v -0.3782935 0.04769263 1.029568
v -0.3969443 0.06384662 1.014527
v -0.3948085 0.04724136 1.011399
v -0.3888824 0.0398111 1.007338
v -0.4029005 0.03677282 0.9884763
v -0.3933345 0.03244105 0.9871527
v -0.3848815 0.03575006 1.002825
v -0.3861449 0.02847025 0.9888974
v -0.3810008 0.03090689 0.9992757
v -0.3726682 0.04161605 1.025206
v -0.4131885 0.06450841 0.9947032
v -0.4121959 0.0449852 0.9921463
v -0.3673436 0.04272905 1.031042
v -0.3648168 0.04248843 1.022679
v -0.3623801 0.04224774 1.027102
v -0.3578678 0.04639909 1.02298
v -0.359763 0.04685029 1.019852
v -0.3554914 0.05208459 1.01928
v -0.3585898 0.05283663 1.016122
v -0.3604549 0.04636899 1.018077
v -0.3662005 0.03764519 1.011339
v -0.3618988 0.04128513 1.009684
v -0.3626809 0.03599069 1.000659
v -0.3672534 0.03253129 1.002494
v -0.3648168 0.03192964 0.9923267
v -0.3690884 0.02925232 0.9953048
v -0.3598833 0.05259594 1.013956
v -0.3596728 0.04630885 1.005924
v -0.3607256 0.04092416 0.9973505
v -0.363072 0.03656229 0.9892884
v -0.3681258 0.02877101 0.9838437
v -0.3662005 0.03361425 0.9808956
v -0.370021 0.02720675 0.9786695
v -0.3687876 0.03226057 0.9760524
v -0.3742324 0.02419856 0.9811964
v -0.371886 0.02588317 0.9744279
v -0.3720665 0.03295246 0.9709084
v -0.3757065 0.02269447 0.9769248
v -0.3803391 0.02410832 0.9828509
v -0.3817529 0.02251399 0.9781883
v -0.3874083 0.02687588 0.9830916
v -0.3883108 0.02534172 0.9776167
v -0.3721568 0.02600351 0.9863706
v -0.3787748 0.02585307 0.9881153
v -0.3946882 0.03105727 0.9762629
v -0.3754658 0.0290117 0.997561
v -0.373721 0.03135809 1.002073
v -0.3729389 0.03620127 1.010346
v -0.3885514 0.02440915 0.973315
v -0.3920409 0.03226057 0.9696149
v -0.3905669 0.02988407 0.9666668
v -0.388762 0.02371725 0.9712994
v -0.3890629 0.02254406 0.9681709
v -0.3903563 0.02768812 0.9641399
v -0.3841294 0.01956594 0.9691335
v -0.3854831 0.0171594 0.9637489
v -0.3786545 0.01923504 0.9678099
v -0.3804293 0.01649758 0.9620944
v -0.3754658 0.02218309 0.9648619
v -0.3772707 0.01959604 0.9596276
v -0.3797976 0.01568538 0.9520169
v -0.3796171 0.02073914 0.9505429
v -0.3772406 0.02464983 0.9575821
v -0.3828659 0.01261702 0.9541527
v -0.3757365 0.02690598 0.9618537
v -0.3745633 0.02859053 0.9651628
v -0.3742324 0.02356687 0.968201
v -0.3775114 0.02046841 0.9710889
v -0.3874384 0.01345932 0.9557471
v -0.3833472 0.02073914 0.9724727
v -0.3911987 0.01688865 0.9557471
v -0.3898149 0.0206489 0.9637489
v -0.3828659 0.02122048 0.9743377
v -0.3769999 0.02100989 0.9727434
v -0.3735706 0.0242888 0.9701563
v -0.3737812 0.02979383 0.9676294
v -0.3919808 0.02209285 0.9542731
v -0.3907174 0.02600351 0.9612521
v -0.3923418 0.02100989 0.9523478
v -0.3914092 0.01616669 0.9543633
v -0.3927328 0.01974645 0.9503925
v -0.3916198 0.01541466 0.9530096
v -0.3876791 0.01276743 0.9543934
v -0.3879799 0.01210561 0.9530096
v -0.3832269 0.01204547 0.9529194
v -0.3835879 0.01150399 0.9516258
v -0.3802488 0.01490325 0.950573
v -0.38067 0.01415119 0.949129
v -0.3807 0.01854315 0.9466923
v -0.3801887 0.01965621 0.9486177
v -0.3826855 0.01342922 0.9400142
v -0.3827156 0.0103007 0.942511
v -0.384009 0.009699076 0.9361036
v -0.3840993 0.00735268 0.9378182
v -0.3870473 0.00539735 0.939954
v -0.3856034 0.008104712 0.9449176
v -0.3851822 0.005186766 0.9349003
v -0.3878897 0.003351778 0.9368857
v -0.3913791 0.003201365 0.9378483
v -0.3907474 0.005186766 0.9412175
v -0.3896645 0.008104712 0.9459704
v -0.3932442 0.006751031 0.940676
v -0.392793 0.01021045 0.9451883
v -0.3930036 0.003983498 0.9375474
v -0.3920108 0.001667172 0.9352312
v -0.3933044 0.006540447 0.9360133
v -0.3938158 0.009999901 0.9386905
v -0.3937857 0.01391053 0.9426012
v -0.3908677 0.001065552 0.9341784
v -0.3891531 0.001065552 0.9329149
v -0.3893937 0.001907825 0.9331856
v -0.3909279 0.001486689 0.9337872
v -0.392432 0.003953397 0.9344189
v -0.387288 0.002328992 0.9325238
v -0.387649 0.002720058 0.9325539
v -0.3861749 0.003682673 0.9326742
v -0.3851522 0.006751031 0.9334263
v -0.3627411 0.04251853 0.9863404
v -0.3662005 0.03361425 0.9808956
v -0.363072 0.03656229 0.9892884
v -0.3720665 0.03295246 0.9709084
v -0.3782634 0.03740457 0.9664563
v -0.3737812 0.02979383 0.9676294
v -0.379196 0.03367439 0.9635082
v -0.3745633 0.02859053 0.9651628
v -0.3757365 0.02690598 0.9618537
v -0.3803391 0.03084669 0.9603195
v -0.3864457 0.03433618 0.9630871
v -0.3867465 0.03141823 0.9608911
v -0.3905669 0.02988407 0.9666668
v -0.3903563 0.02768812 0.9641399
v -0.3872579 0.02967349 0.958665
v -0.3907174 0.02600351 0.9612521
v -0.3813919 0.02886125 0.9573715
v -0.3887921 0.02570269 0.9518665
v -0.3834977 0.02470997 0.9503022
v -0.3772406 0.02464983 0.9575821
v -0.3796171 0.02073914 0.9505429
v -0.3840692 0.02362701 0.948377
v -0.3801887 0.01965621 0.9486177
v -0.3919808 0.02209285 0.9542731
v -0.3923418 0.02100989 0.9523478
v -0.3892433 0.02470997 0.9497608
v -0.3898149 0.02317581 0.9476249
v -0.3927328 0.01974645 0.9503925
v -0.391319 0.01667809 0.9397134
v -0.3937857 0.01391053 0.9426012
v -0.3845505 0.02236357 0.9463314
v -0.3864457 0.01628703 0.9386905
v -0.3915295 0.01237637 0.9362841
v -0.387288 0.0119853 0.935201
v -0.3807 0.01854315 0.9466923
v -0.3826855 0.01342922 0.9400142
v -0.384009 0.009699076 0.9361036
v -0.3877693 0.008134812 0.9331555
v -0.3851522 0.006751031 0.9334263
v -0.3912588 0.008555949 0.9341482
v -0.3908076 0.005607933 0.9330653
v -0.3881002 0.005216867 0.9322832
v -0.3933044 0.006540447 0.9360133
v -0.392432 0.003953397 0.9344189
v -0.3893937 0.001907825 0.9331856
v -0.387649 0.002720058 0.9325539
v -0.3909279 0.001486689 0.9337872
v -0.3938158 0.009999901 0.9386905
v -0.3861749 0.003682673 0.9326742
v -0.4287409 0.05665705 0.9607707
v -0.4296133 0.05671719 0.9659147
v -0.4297938 0.0560554 0.9600788
v -0.433163 0.05259594 0.9612821
v -0.4337346 0.0572587 0.9519868
v -0.4381566 0.05440089 0.9533105
v -0.4349679 0.04787311 0.9613423
v -0.4310873 0.05193415 0.9669677
v -0.4322004 0.04706088 0.9669977
v -0.4302751 0.04257867 0.965253
v -0.4332533 0.04348114 0.9597781
v -0.4262742 0.03975096 0.9622447
v -0.4291621 0.04086402 0.9571007
v -0.4267555 0.04194692 0.9708482
v -0.4226945 0.03869811 0.9672384
v -0.4293426 0.04639909 0.9731044
v -0.4153846 0.03740457 0.9728036
v -0.4167984 0.0398111 0.9624252
v -0.4211001 0.04128513 0.9584545
v -0.424349 0.04275915 0.9546341
v -0.4112333 0.03996155 0.965644
v -0.4019379 0.03638175 0.9687725
v -0.4021485 0.03472725 0.9754207
v -0.3968541 0.03472725 0.970036
v -0.4226945 0.04161605 0.9775866
v -0.4248905 0.04597792 0.9793012
v -0.4285605 0.05190405 0.9731946
v -0.4248604 0.05127236 0.9797525
v -0.4283499 0.06011644 0.974067
v -0.4241986 0.06044737 0.9812266
v -0.4293426 0.06586209 0.9754808
v -0.4321102 0.06613287 0.9691335
v -0.4311174 0.06077823 0.9678099
v -0.4338248 0.06619301 0.9635383
v -0.4329825 0.06128964 0.9623049
v -0.4297938 0.07118663 0.9682311
v -0.4263946 0.07139722 0.9747288
v -0.4226042 0.07133701 0.9819785
v -0.4317491 0.07061508 0.9626359
v -0.4243189 0.06556126 0.9815574
v -0.4262442 0.07431516 0.9669677
v -0.4277482 0.07308176 0.9608009
v -0.4333736 0.07368341 0.9511746
v -0.4376753 0.07145736 0.9534308
v -0.440142 0.06694505 0.9541829
v -0.4389989 0.06198153 0.9530698
v -0.4350581 0.05849203 0.9508137
v -0.4295832 0.05755946 0.9602293
v -0.4243189 0.07861689 0.9758419
v -0.4197164 0.07855669 0.9820087
v -0.4267555 0.0847235 0.9708482
v -0.4274174 0.07912824 0.9699156
v -0.4300646 0.07909819 0.9643506
v -0.4291922 0.08478364 0.9651928
v -0.4257328 0.08830324 0.9638993
v -0.4313882 0.08848378 0.9546341
v -0.426545 0.0887545 0.9524682
v -0.4205587 0.08932605 0.9619138
v -0.4351484 0.08454302 0.9559276
v -0.4355094 0.07927868 0.955386
v -0.4274474 0.07503709 0.9608009
v -0.4327118 0.07542816 0.9530998
v -0.4190545 0.08983746 0.9628164
v -0.426575 0.07410458 0.9615228
v -0.4334337 0.08854392 0.9421802
v -0.441616 0.08451292 0.9458501
v -0.4380964 0.08800247 0.9444964
v -0.4348175 0.08851382 0.9401345
v -0.4394802 0.08791217 0.9424207
v -0.4361712 0.08845368 0.9381191
v -0.4408039 0.08782193 0.9404052
v -0.4429697 0.08451292 0.9437444
v -0.4442632 0.08451292 0.941759
v -0.4431502 0.07963964 0.9431728
v -0.4443836 0.07966974 0.9411573
v -0.4402924 0.07596967 0.9409467
v -0.4415258 0.07609001 0.9389614
v -0.4407136 0.08848378 0.9312001
v -0.4457974 0.08776179 0.9338775
v -0.4487455 0.08457312 0.9350808
v -0.4418266 0.0795494 0.9453087
v -0.4487756 0.07982013 0.9344791
v -0.4389688 0.07581922 0.9430826
v -0.4457674 0.07639077 0.932223
v -0.4479934 0.08860406 0.9242814
v -0.4516334 0.08758131 0.926748
v -0.4493471 0.08860406 0.9229878
v -0.4528066 0.08755121 0.9254245
v -0.4507309 0.08860406 0.9216642
v -0.4539798 0.08752111 0.9241009
v -0.4552131 0.08433244 0.926748
v -0.4562359 0.0842723 0.9254245
v -0.4552732 0.07994047 0.9261163
v -0.4562961 0.07997057 0.9247928
v -0.4559952 0.08854392 0.9167007
v -0.4584319 0.08734062 0.9190471
v -0.4610189 0.08809271 0.9134218
v -0.4630946 0.0871 0.9146551
v -0.4600563 0.08409181 0.9202805
v -0.4641775 0.08397147 0.9154372
v -0.4601465 0.08012095 0.9196488
v -0.463997 0.08027139 0.9151965
v -0.4623124 0.07855669 0.9141136
v -0.4584319 0.07801524 0.9174829
v -0.4662231 0.08054212 0.9130908
v -0.4665239 0.08397147 0.9130608
v -0.4654711 0.08700976 0.9124291
v -0.4643279 0.08761141 0.9114363
v -0.4685394 0.08541539 0.9104737
v -0.4654109 0.07945916 0.9122787
v -0.4678776 0.08099332 0.9112859
v -0.4688703 0.08231696 0.9107745
v -0.4692614 0.08391127 0.9105037
v -0.4672158 0.08667883 0.9107444
v -0.4541 0.07738349 0.9225667
v -0.4529569 0.07723311 0.9238902
v -0.4518138 0.07708266 0.9252139
v -0.4542505 0.07991037 0.92747
v -0.4541903 0.08436254 0.9281018
v -0.3516107 0.04522589 1.054988
v -0.3552507 0.04477462 1.043887
v -0.3616581 0.04985848 1.049783
v -0.3675241 0.04904631 1.042864
v -0.3612972 0.04375187 1.03748
v -0.3563637 0.04327056 1.034261
v -0.350949 0.04420307 1.040759
v -0.3642452 0.0612596 1.053002
v -0.3578077 0.06086853 1.061305
v -0.3406008 0.04709098 1.044098
v -0.3627411 0.07825586 1.052431
v -0.3704421 0.06252304 1.046204
v -0.3684567 0.07930878 1.045361
v -0.3560629 0.08725038 1.046986
v -0.3617183 0.08878455 1.040187
v -0.3504376 0.08749107 1.040729
v -0.3430374 0.08646825 1.047106
v -0.3501368 0.08598694 1.054867
v -0.3558523 0.08851382 1.034682
v -0.3760373 0.06270352 1.039495
v -0.3439098 0.08255759 1.035645
v -0.3367503 0.08033153 1.040308
v -0.3567548 0.07714286 1.060793
v -0.350588 0.08333972 1.03026
v -0.3480611 0.06586209 1.027372
v -0.341413 0.06474909 1.033329
v -0.3350056 0.06309459 1.039315
v -0.3673737 0.09031877 1.033389
v -0.3618086 0.08968702 1.028004
v -0.3734503 0.08033153 1.038503
v -0.3573565 0.08418205 1.023432
v -0.3550401 0.06652394 1.01931
v -0.3726982 0.04826418 1.036156
v -0.3673436 0.04272905 1.031042
v -0.3623801 0.04224774 1.027102
v -0.3578678 0.04639909 1.02298
v -0.3519718 0.04682019 1.030711
v -0.3554914 0.05208459 1.01928
v -0.3480611 0.06586209 1.027372
v -0.3465871 0.04718122 1.037781
v -0.3350056 0.06309459 1.039315
v -0.341413 0.06474909 1.033329
v -0.3550401 0.06652394 1.01931
v -0.424349 0.04275915 0.9546341
v -0.4211001 0.04128513 0.9584545
v -0.4293125 0.04420307 0.9477152
v -0.4267555 0.0497081 0.9469632
v -0.4288312 0.05575457 0.9486778
v -0.4337346 0.0572587 0.9519868
v -0.4359005 0.04627874 0.9386605
v -0.433524 0.0513927 0.9379084
v -0.4369834 0.04663971 0.9372166
v -0.434637 0.05166343 0.9364345
v -0.4352988 0.05701801 0.9397134
v -0.4363818 0.05716839 0.9382695
v -0.4380363 0.04697064 0.9357426
v -0.43572 0.05193415 0.9349605
v -0.4440226 0.04886582 0.9275302
v -0.4418567 0.05346832 0.926748
v -0.4374346 0.05728874 0.9368255
v -0.4407738 0.05843189 0.9414883
v -0.4417665 0.05861238 0.9400443
v -0.443421 0.05798063 0.9287034
v -0.4398111 0.05828145 0.9429623
v -0.4472714 0.05951479 0.9318018
v -0.4496178 0.05521306 0.9194081
v -0.4515732 0.0508813 0.9202805
v -0.451122 0.05557409 0.9180845
v -0.4530171 0.05127236 0.9189869
v -0.4510919 0.05921397 0.9212731
v -0.4525659 0.05945465 0.9199195
v -0.4544611 0.06068799 0.9243716
v -0.4558448 0.06092867 0.9230179
v -0.4544911 0.05166343 0.9176633
v -0.452626 0.05590495 0.9167308
v -0.4576798 0.05704811 0.9126697
v -0.4593945 0.05295697 0.9136624
v -0.4621018 0.05764976 0.9109249
v -0.4643279 0.05394962 0.9115566
v -0.4590636 0.06050751 0.9144446
v -0.463245 0.06071809 0.9121583
v -0.466193 0.05819121 0.910203
v -0.4680581 0.05500254 0.9105339
v -0.4671857 0.06095877 0.9110453
v -0.4619816 0.06195143 0.9175429
v -0.4660426 0.06234249 0.9142641
v -0.4693516 0.06234249 0.9124892
v -0.4694419 0.05858228 0.9101729
v -0.4701939 0.06077823 0.9107144
v -0.4720289 0.06159046 0.9115566
v -0.4707955 0.05614564 0.9103233
v -0.4735029 0.05897334 0.9107745
v -0.4729916 0.06047747 0.9109551
v -0.4734428 0.05743918 0.9107444
v -0.4739241 0.05746922 0.9109249
v -0.4741948 0.05906358 0.9108347
v -0.4733826 0.06044737 0.9111054
v -0.4572587 0.0611693 0.9216642
v -0.45407 0.05969533 0.9185658
v -0.4198367 0.09092042 0.9627261
v -0.4224238 0.09031877 0.9579129
v -0.4178813 0.09010819 0.955326
v -0.4143918 0.09380826 0.9540926
v -0.4143918 0.09910271 0.955356
v -0.4173399 0.1019605 0.9577324
v -0.4235367 0.1012686 0.9503624
v -0.4209196 0.09850106 0.9478656
v -0.4214009 0.1012385 0.9594171
v -0.4268157 0.1004564 0.9523779
v -0.4204083 0.09407899 0.9468127
v -0.4231457 0.09040901 0.9483469
v -0.4270563 0.09031877 0.9512047
v -0.4247701 0.1011483 0.9490387
v -0.4221831 0.09844092 0.9465721
v -0.4279889 0.1003059 0.9509941
v -0.4216416 0.09413919 0.9455192
v -0.4262442 0.1009978 0.9475347
v -0.4236872 0.09841082 0.945098
v -0.4318695 0.09844092 0.9369158
v -0.4342159 0.1004564 0.9392321
v -0.4293727 0.1001255 0.9493998
v -0.4367729 0.09943357 0.9409467
v -0.4231156 0.09422943 0.9440452
v -0.430967 0.09465054 0.9359231
v -0.4242888 0.09052935 0.9469932
v -0.4256726 0.09064963 0.945429
v -0.4281393 0.09037891 0.9497908
v -0.4294027 0.09043911 0.9481363
v -0.4301849 0.09762868 0.9521673
v -0.4314784 0.09747824 0.9504827
v -0.4302751 0.0934172 0.951686
v -0.4281393 0.09037891 0.9497908
v -0.4315085 0.09332696 0.9500015
v -0.4382469 0.09663597 0.9418793
v -0.4380363 0.09284565 0.9413378
v -0.4294027 0.09043911 0.9481363
v -0.4361411 0.09055939 0.9396231
v -0.4393298 0.09651563 0.9404354
v -0.4391192 0.09275541 0.9398938
v -0.4372542 0.09058949 0.9382093
v -0.4379461 0.09925309 0.9395629
v -0.4391192 0.09910271 0.9382093
v -0.4404428 0.09636524 0.9390215
v -0.4480235 0.09804985 0.9275602
v -0.4485349 0.09537253 0.9280716
v -0.4497983 0.09753844 0.9253944
v -0.4502195 0.09519204 0.9257252
v -0.4480235 0.09242448 0.92747
v -0.4500691 0.09245458 0.9253042
v -0.4489861 0.09826037 0.924522
v -0.4464893 0.09922305 0.9263871
v -0.4521447 0.096275 0.9234691
v -0.4489259 0.09170255 0.9245521
v -0.4465795 0.09128138 0.9261765
v -0.4513024 0.09696689 0.9237098
v -0.4510919 0.09287575 0.9239805
v -0.4519943 0.09374812 0.9237098
v -0.4525057 0.09489122 0.9234691
v -0.4401721 0.09269521 0.93845
v -0.4383371 0.09064963 0.9367955
v -0.4473918 0.09747824 0.9231983
v -0.4446242 0.09820023 0.924522
v -0.4462787 0.0951018 0.9226569
v -0.443421 0.09540263 0.9236195
v -0.4443535 0.09248468 0.9244618
v -0.4352687 0.09143177 0.9345092
v -0.4334638 0.09480098 0.9333962
v -0.4383371 0.09064963 0.9367955
v -0.4465795 0.09128138 0.9261765
v -0.4471511 0.09263507 0.9232886
v -0.4487756 0.09498146 0.9227171
v -0.4494975 0.09311637 0.9231683
v -0.449678 0.09675631 0.9229878
v -0.4489861 0.09826037 0.924522
v -0.4513024 0.09696689 0.9237098
v -0.4519041 0.09606442 0.923409
v -0.4519642 0.09498146 0.9235293
v -0.4517536 0.09377816 0.9236195
v -0.4489259 0.09170255 0.9245521
v -0.4510919 0.09287575 0.9239805
v -0.4519943 0.09374812 0.9237098
v -0.4525057 0.09489122 0.9234691
v -0.4521447 0.096275 0.9234691
v -0.4367428 0.1001857 0.936645
v -0.4344265 0.09835061 0.9344189
v -0.4331329 0.09838071 0.9356824
v -0.4354793 0.100336 0.9379386
v -0.4322304 0.09471074 0.9346596
v -0.4340955 0.09131148 0.9358629
v -0.4372542 0.09058949 0.9382093
v -0.4328923 0.09119114 0.9371865
v -0.4361411 0.09055939 0.9396231
v -0.4492569 0.06814834 0.9410069
v -0.4504 0.06829873 0.9393524
v -0.4479633 0.07238987 0.93848
v -0.4468202 0.07226959 0.9401345
v -0.448204 0.06354579 0.9397736
v -0.4493471 0.06375638 0.938089
v -0.4457072 0.06092867 0.9354718
v -0.4445039 0.06065795 0.9371865
v -0.4437819 0.07413468 0.9361336
v -0.4426087 0.07407448 0.9378483
v -0.4481138 0.0679979 0.9426614
v -0.4456771 0.07217935 0.9418191
v -0.4526862 0.07296148 0.9319222
v -0.4552131 0.06893048 0.9328547
v -0.4470308 0.06336531 0.9414281
v -0.4541602 0.06441817 0.931501
v -0.4433307 0.06038716 0.9389012
v -0.4414355 0.07401434 0.9395329
v -0.4605677 0.06971261 0.9254847
v -0.4598758 0.06550112 0.9241309
v -0.4616506 0.06986299 0.9241309
v -0.4610189 0.06571171 0.9227772
v -0.4627035 0.07001343 0.9227772
v -0.4609286 0.07371351 0.9219048
v -0.4597555 0.07362327 0.9232585
v -0.4579506 0.07521763 0.9195584
v -0.4565969 0.07512733 0.9208821
v -0.462162 0.06595233 0.9214236
v -0.4584018 0.06345555 0.9200097
v -0.4597254 0.06375638 0.918656
v -0.4670654 0.07067522 0.9176332
v -0.4667946 0.06697515 0.9163396
v -0.4710061 0.07121673 0.9133315
v -0.4699533 0.07449564 0.9129404
v -0.4657418 0.07407448 0.916851
v -0.4709159 0.06769714 0.9123989
v -0.469502 0.06616291 0.9107745
v -0.46508 0.06511006 0.9137527
v -0.4728111 0.06730607 0.9093006
v -0.4735932 0.06835893 0.9103233
v -0.475368 0.06899062 0.9084883
v -0.4736232 0.0715476 0.9109249
v -0.4728712 0.07461599 0.9106241
v -0.471698 0.07536802 0.9099323
v -0.4747664 0.07446554 0.9089395
v -0.4680581 0.07560864 0.9115566
v -0.47609 0.07350293 0.9084582
v -0.4763908 0.07025406 0.9082175
v -0.4767217 0.07196876 0.9082175
v -0.4635458 0.07545826 0.9146551
v -0.4433307 0.06038716 0.9389012
v -0.4387883 0.06147012 0.9359531
v -0.4400217 0.06174091 0.9342384
v -0.4445039 0.06065795 0.9371865
v -0.4361712 0.06661418 0.9346896
v -0.4374045 0.06676456 0.9330351
v -0.4386981 0.07196876 0.9347198
v -0.4374948 0.07190856 0.9364043
v -0.4426087 0.07407448 0.9378483
v -0.4414355 0.07401434 0.9395329
v -0.4457072 0.06092867 0.9354718
v -0.441225 0.06204173 0.9325238
v -0.4504902 0.06177095 0.9286432
v -0.4459479 0.06300434 0.925635
v -0.4350581 0.05849203 0.9508137
v -0.4303052 0.05945465 0.9478054
v -0.4275678 0.06553122 0.9463615
v -0.4290418 0.07145736 0.9479859
v -0.4333736 0.07368341 0.9511746
v -0.4433608 0.0675467 0.924522
v -0.438668 0.06694505 0.9313506
v -0.4445942 0.07245007 0.9262968
v -0.4399314 0.07202891 0.9330351
v -0.4483845 0.07455578 0.9294554
v -0.4437819 0.07413468 0.9361336
v -0.4510317 0.06871989 0.9173324
v -0.4532578 0.06438807 0.9184455
v -0.4525659 0.06896058 0.9160088
v -0.4547017 0.06468889 0.9171218
v -0.4520846 0.0732623 0.9190772
v -0.4535887 0.07341269 0.9177234
v -0.45407 0.0692012 0.9146851
v -0.4561757 0.06495968 0.9157982
v -0.4584018 0.06345555 0.9200097
v -0.4597254 0.06375638 0.918656
v -0.4603872 0.07019392 0.9099623
v -0.4621319 0.06625316 0.9110453
v -0.4648093 0.07076547 0.9079168
v -0.4612295 0.07413468 0.9116168
v -0.4657719 0.0743452 0.9092102
v -0.4687199 0.07124677 0.9072549
v -0.4697427 0.07428506 0.9081875
v -0.4718484 0.07160774 0.9073752
v -0.4728111 0.07383385 0.9079769
v -0.466554 0.06724587 0.908759
v -0.46508 0.06511006 0.9137527
v -0.469502 0.06616291 0.9107745
v -0.4703142 0.06826869 0.9078566
v -0.4731419 0.06941178 0.9077663
v -0.4760298 0.07181832 0.9080371
v -0.475729 0.07329234 0.908368
v -0.4728111 0.06730607 0.9093006
v -0.4759997 0.0703443 0.9081573
v -0.475368 0.06899062 0.9084883
v -0.4763908 0.07025406 0.9082175
v -0.4767217 0.07196876 0.9082175
v -0.47609 0.07350293 0.9084582
v -0.4747664 0.07446554 0.9089395
v -0.471698 0.07536802 0.9099323
v -0.4680581 0.07560864 0.9115566
v -0.4635458 0.07545826 0.9146551
v -0.4579506 0.07521763 0.9195584
v -0.4550627 0.07359317 0.9163998
v -0.4565969 0.07512733 0.9208821
v -0.4552432 0.07500705 0.9222357
v -0.3585898 0.05283663 1.016122
v -0.3554914 0.05208459 1.01928
v -0.3550401 0.06652394 1.01931
v -0.3601541 0.06592229 1.01203
v -0.3622598 0.08502433 1.016453
v -0.3573565 0.08418205 1.023432
v -0.3730592 0.08770165 0.999035
v -0.3836782 0.09043911 0.9839038
v -0.3722771 0.07500705 0.9955155
v -0.3989598 0.0922741 0.9663059
v -0.4041038 0.09266517 0.9630269
v -0.440112 0.04949751 0.9533105
v -0.4383672 0.04483482 0.9518965
v -0.4341557 0.04230794 0.9497306
v -0.4293125 0.04420307 0.9477152
v -0.4439925 0.05593506 0.9446769
v -0.4460682 0.05124226 0.9449476
v -0.4449551 0.05617574 0.9432631
v -0.4407738 0.05843189 0.9414883
v -0.4398111 0.05828145 0.9429623
v -0.4470308 0.05154309 0.943594
v -0.4458877 0.05644646 0.9418793
v -0.4479934 0.05181381 0.9422402
v -0.4464593 0.04751208 0.9408565
v -0.4454665 0.04718122 0.9422102
v -0.4425185 0.04516569 0.9381491
v -0.4414957 0.04483482 0.9395629
v -0.4512122 0.05783024 0.9340279
v -0.4533781 0.05340818 0.9346596
v -0.4444738 0.04685029 0.9435638
v -0.4519943 0.04934713 0.9332758
v -0.4404729 0.04447386 0.9409769
v -0.4369834 0.04663971 0.9372166
v -0.4359005 0.04627874 0.9386605
v -0.4482642 0.04715112 0.9302075
v -0.4440226 0.04886582 0.9275302
v -0.4380363 0.04697064 0.9357426
v -0.4515732 0.0508813 0.9202805
v -0.455183 0.04925689 0.9229578
v -0.4530171 0.05127236 0.9189869
v -0.4565367 0.049678 0.9216341
v -0.4544911 0.05166343 0.9176633
v -0.4578904 0.05006906 0.9203105
v -0.4579506 0.05115202 0.9258155
v -0.4591238 0.05151299 0.9244618
v -0.4588831 0.05503258 0.9272294
v -0.459966 0.05533341 0.9259057
v -0.4573188 0.05912372 0.9265976
v -0.4585221 0.05939451 0.925244
v -0.4593945 0.05295697 0.9136624
v -0.4624629 0.05142274 0.9163096
v -0.4643279 0.05394962 0.9115566
v -0.4674564 0.05286673 0.9133015
v -0.4642678 0.05304721 0.9189869
v -0.4687199 0.05431065 0.9151365
v -0.4705549 0.05422041 0.9117372
v -0.4712167 0.05515292 0.9127599
v -0.4647491 0.05668709 0.9204309
v -0.4685695 0.05786029 0.9161592
v -0.4711566 0.05843189 0.9137225
v -0.467667 0.06128964 0.9157681
v -0.470224 0.06159046 0.9133015
v -0.4638166 0.06050751 0.919769
v -0.4619816 0.06195143 0.9175429
v -0.4660426 0.06234249 0.9142641
v -0.4693516 0.06234249 0.9124892
v -0.4680581 0.05500254 0.9105339
v -0.4728712 0.05596516 0.9111356
v -0.4739241 0.05746922 0.9109249
v -0.4734428 0.05743918 0.9107444
v -0.4707955 0.05614564 0.9103233
v -0.4720289 0.06159046 0.9115566
v -0.4733826 0.06044737 0.9111054
v -0.4741948 0.05906358 0.9108347
v -0.4572587 0.0611693 0.9216642
v -0.4597254 0.05963513 0.9238902
v -0.4558448 0.06092867 0.9230179
v -0.4610189 0.05563423 0.9245521
v -0.4602669 0.05187401 0.9231081
v -0.4544611 0.06068799 0.9243716
v -0.4472714 0.05951479 0.9318018
v -0.4417665 0.05861238 0.9400443
v -0.4327118 0.07542816 0.9530998
v -0.4275979 0.07458588 0.9499111
v -0.4233864 0.07897785 0.9483168
v -0.4231156 0.08562598 0.9496404
v -0.426545 0.0887545 0.9524682
v -0.4341557 0.07518753 0.9400142
v -0.4389688 0.07581922 0.9430826
v -0.4354793 0.07536802 0.9379686
v -0.4402924 0.07596967 0.9409467
v -0.4367729 0.0755485 0.9360133
v -0.4330126 0.07963964 0.9343889
v -0.4316589 0.0795494 0.9363441
v -0.4415258 0.07609001 0.9389614
v -0.4415258 0.07609001 0.9293652
v -0.4457674 0.07639077 0.932223
v -0.4330126 0.08499423 0.9354417
v -0.4380062 0.08517471 0.928583
v -0.4379762 0.08000061 0.9275904
v -0.4316289 0.08499423 0.9374572
v -0.4302751 0.07945916 0.9383597
v -0.4302451 0.08499423 0.9394727
v -0.4348175 0.08851382 0.9401345
v -0.4334337 0.08854392 0.9421802
v -0.4407136 0.08848378 0.9312001
v -0.4361712 0.08845368 0.9381191
v -0.4449852 0.08568612 0.9214536
v -0.4479934 0.08860406 0.9242814
v -0.4464292 0.08580646 0.9201
v -0.4493471 0.08860406 0.9229878
v -0.447843 0.0858967 0.9187763
v -0.4507309 0.08860406 0.9216642
v -0.4473015 0.08129415 0.9176633
v -0.4459479 0.08108357 0.9190471
v -0.4488959 0.07738349 0.9208219
v -0.4501292 0.07762417 0.9194682
v -0.4529569 0.07723311 0.9238902
v -0.4541 0.07738349 0.9225667
v -0.4532879 0.08625767 0.9137225
v -0.4559952 0.08854392 0.9167007
v -0.4582514 0.08628777 0.9112558
v -0.4610189 0.08809271 0.9134218
v -0.4571082 0.08261779 0.9105339
v -0.4525659 0.08204624 0.9125794
v -0.4549424 0.07858679 0.9143844
v -0.4590636 0.07939902 0.9119477
v -0.4584319 0.07801524 0.9174829
v -0.4623124 0.07855669 0.9141136
v -0.4629141 0.08009091 0.9106542
v -0.4654109 0.07945916 0.9122787
v -0.465832 0.08105353 0.910203
v -0.4645686 0.08330968 0.9093606
v -0.4686296 0.08388123 0.9102932
v -0.4652605 0.0858967 0.9095111
v -0.4682085 0.08529505 0.9103534
v -0.4685394 0.08541539 0.9104737
v -0.4692614 0.08391127 0.9105037
v -0.4672158 0.08667883 0.9107444
v -0.4643279 0.08761141 0.9114363
v -0.4685093 0.08234701 0.9106241
v -0.4678776 0.08099332 0.9112859
v -0.4688703 0.08231696 0.9107745
v -0.4621921 0.08622763 0.9099021
v -0.4612295 0.08297876 0.9095111
v -0.4504902 0.06177095 0.9286432
v -0.4571082 0.06318483 0.9213333
v -0.4483845 0.07455578 0.9294554
v -0.4552432 0.07500705 0.9222357
v -0.4585823 0.07350293 0.9245821
v -0.4445942 0.08090308 0.9204007
v -0.4476325 0.07717291 0.9221756
v -0.4518138 0.07708266 0.9252139
v -0.4571082 0.06318483 0.9213333
vt 0.4193541 0.7630501
vt 0.3880199 0.7943843
vt 0.4271876 0.8291456
vt 0.4590113 0.8017282
vt 0.4306148 0.7527686
vt 0.4717408 0.7762693
vt 0.488387 0.7992802
vt 0.444813 0.7415079
vt 0.4923038 0.7679461
vt 0.5055229 0.7885091
vt 0.3958535 0.7131114
vt 0.4487298 0.7282889
vt 0.4849599 0.731716
vt 0.4810431 0.7468935
vt 0.4110309 0.7008715
vt 0.5226587 0.7581542
vt 0.5358778 0.7733316
vt 0.5123772 0.7434663
vt 0.398791 0.6891212
vt 0.3728425 0.693038
vt 0.37578 0.6665998
vt 0.3571754 0.6788397
vt 0.3493419 0.6847149
vt 0.3380812 0.6543599
vt 0.3532586 0.6587663
vt 0.3581546 0.7082155
vt 0.3880199 0.7326952
vt 0.3513003 0.6475056
vt 0.3581546 0.6435888
vt 0.3454251 0.6200882
vt 0.3268205 0.6293905
vt 0.3170286 0.6352657
vt 0.3160494 0.6049108
vt 0.3302477 0.598546
vt 0.2925488 0.6137235
vt 0.3209454 0.5897333
vt 0.3096846 0.5794518
vt 0.2974448 0.5843478
vt 0.3067471 0.5613368
vt 0.3302477 0.5691703
vt 0.3361228 0.5956085
vt 0.2783505 0.5388154
vt 0.2861841 0.5877749
vt 0.2519124 0.5956085
vt 0.2587667 0.619109
vt 0.2083384 0.5916917
vt 0.2102967 0.6088275
vt 0.1667227 0.5897333
vt 0.1667227 0.5745559
vt 0.1505661 0.5652536
vt 0.1667227 0.536857
vt 0.1476285 0.5388154
vt 0.1495869 0.5774934
vt 0.1677019 0.6230258
vt 0.1902233 0.6465264
vt 0.1466493 0.6117651
vt 0.2308598 0.6572975
vt 0.2073592 0.6807981
vt 0.245058 0.6891212
vt 0.2631731 0.6352657
vt 0.2744338 0.6646414
vt 0.2964656 0.6484848
vt 0.2852049 0.6920588
vt 0.2186199 0.7204553
vt 0.2509332 0.718497
vt 0.3018511 0.7224137
vt 0.3170286 0.6685582
vt 0.3390604 0.6920588
vt 0.2151927 0.7601126
vt 0.2651314 0.7669669
vt 0.2122551 0.7865508
vt 0.249954 0.7992802
vt 0.2822673 0.8169057
vt 0.3018511 0.7875299
vt 0.3077263 0.8340415
vt 0.3302477 0.8036866
vt 0.3277997 0.7478727
vt 0.1882649 0.7292681
vt 0.1867962 0.7630501
vt 0.1892441 0.785082
vt 0.1495869 0.7424871
vt 0.1486077 0.7131114
vt 0.1848378 0.6949964
vt 0.142243 0.6827565
vt 0.1735771 0.6607247
vt 0.1574204 0.6362449
vt 0.132451 0.6607247
vt 0.1486077 0.7733316
vt 0.1544828 0.7924259
vt 0.142243 0.6230258
vt 0.1231487 0.6475056
vt 0.1158048 0.6705166
vt 0.1211903 0.6940172
vt 0.1020961 0.6871628
vt 0.1109088 0.6582767
vt 0.09768976 0.6636623
vt 0.1290239 0.7831236
vt 0.1006273 0.6759021
vt 0.1020961 0.6920588
vt 0.1148256 0.754727
vt 0.08789784 0.7723525
vt 0.09181461 0.7488519
vt 0.1158048 0.7253513
vt 0.06635564 0.7659878
vt 0.06635564 0.7375912
vt 0.1040545 0.7953635
vt 0.137347 0.8002594
vt 0.1158048 0.8124993
vt 0.009562554 0.7733316
vt 0.0927938 0.7140906
vt 0.09768976 0.7101738
vt 0.1016065 0.6998923
vt 0.3571754 0.7699045
vt 0.3615818 0.8247392
vt 0.3361228 0.8550941
vt 0.3748009 0.8869178
vt 0.3997702 0.8575421
vt 0.431594 0.8898554
vt 0.4100517 0.9172727
vt 0.4688032 0.9280438
vt 0.449709 0.9525236
vt 0.4590113 0.8643965
vt 0.4942622 0.9020953
vt 0.4903454 0.8389375
vt 0.5035645 0.9628052
vt 0.4859391 0.9848369
vt 0.5255963 0.9402838
vt 0.5207003 0.8785947
vt 0.5084605 0.828656
vt 0.5358778 0.8702716
vt 0.5672119 0.892793
vt 0.5530136 0.9182519
vt 0.5275547 0.8178849
vt 0.5530136 0.7963427
vt 0.5652536 0.8134785
vt 0.5539929 0.8634173
vt 0.5794518 0.8350207
vt 0.5877749 0.8511773
vt 0.6019732 0.8815323
vt 0.6323282 0.8428543
vt 0.6200882 0.8227808
vt 0.60589 0.8149473
vt 0.6362449 0.8311039
vt 0.6382033 0.874678
vt 0.6665998 0.8453022
vt 0.6514224 0.8389375
vt 0.6714958 0.8727196
vt 0.6827565 0.8521566
vt 0.697934 0.8560733
vt 0.711153 0.874678
vt 0.711153 0.8570525
vt 0.7263305 0.8570525
vt 0.7449351 0.8776155
vt 0.7439559 0.8531358
vt 0.7576646 0.8472606
vt 0.780186 0.8795739
vt 0.7708837 0.8389375
vt 0.7841028 0.8389375
vt 0.7792068 0.828656
vt 0.7860612 0.8105409
vt 0.2019736 0.5407737
vt 0.2435892 0.5427321
vt 0.2024632 0.5016061
vt 0.1750459 0.5001373
vt 0.155462 0.4952414
vt 0.1402846 0.4971997
vt 0.2347765 0.5001373
vt 0.2621939 0.4869182
vt 0.1544828 0.4849599
vt 0.1393054 0.4717408
vt 0.1353886 0.47272
vt 0.1304927 0.4457922
vt 0.2984239 0.4942622
vt 0.3038095 0.5348986
vt 0.3287789 0.5309818
vt 0.3302477 0.4942622
vt 0.3136014 0.4741888
vt 0.332206 0.4599905
vt 0.2964656 0.444813
vt 0.318987 0.4413859
vt 0.3444459 0.4394275
vt 0.3361228 0.4222916
vt 0.3096846 0.4222916
vt 0.3542379 0.4536257
vt 0.3503211 0.4741888
vt 0.3645194 0.4609697
vt 0.3836136 0.4404067
vt 0.2793297 0.4173957
vt 0.3586442 0.4781055
vt 0.3694153 0.4619489
vt 0.3870407 0.4423651
vt 0.3978119 0.444813
vt 0.3880199 0.4658656
vt 0.3826344 0.4923038
vt 0.3513003 0.4962206
vt 0.3493419 0.511398
vt 0.3865511 0.5177628
vt 0.4364899 0.4697824
vt 0.4374691 0.444813
vt 0.4810431 0.4384483
vt 0.4859391 0.4688032
vt 0.5407737 0.4477506
vt 0.5339195 0.4252292
vt 0.5471385 0.4697824
vt 0.4903454 0.4913246
vt 0.5579096 0.5011165
vt 0.4991581 0.5207003
vt 0.5652536 0.5275547
vt 0.5065021 0.5500761
vt 0.5765142 0.5569304
vt 0.5197212 0.5833686
vt 0.5295131 0.6029524
vt 0.585327 0.580431
vt 0.5956085 0.6098067
vt 0.5397946 0.6303698
vt 0.6029524 0.6303698
vt 0.5510553 0.6514224
vt 0.6127443 0.6524016
vt 0.5613368 0.672475
vt 0.4487298 0.5397946
vt 0.4585217 0.5681911
vt 0.4017286 0.5652536
vt 0.4120101 0.5877749
vt 0.3586442 0.585327
vt 0.3929159 0.5437114
vt 0.3532586 0.5603576
vt 0.3674569 0.6088275
vt 0.4252292 0.6210675
vt 0.3816552 0.6362449
vt 0.3777384 0.6372241
vt 0.4335523 0.6430992
vt 0.3948743 0.6572975
vt 0.3513003 0.5451801
vt 0.4707616 0.600994
vt 0.4394275 0.5065021
vt 0.4800639 0.6220466
vt 0.4364899 0.4830015
vt 0.493283 0.6504432
vt 0.5074813 0.6729646
vt 0.4697824 0.7013611
vt 0.4526466 0.6768813
vt 0.4585217 0.7131114
vt 0.42425 0.6901004
vt 0.4859391 0.7282889
vt 0.4903454 0.718497
vt 0.4457922 0.6656206
vt 0.5226587 0.693038
vt 0.4031974 0.6665998
vt 0.3542379 0.5867957
vt 0.3503211 0.5295131
vt 0.3038095 0.6430992
vt 0.2793297 0.4697824
vt 0.2621939 0.449709
vt 0.2470164 0.4629281
vt 0.2254742 0.4732096
vt 0.2000152 0.4761471
vt 0.1789626 0.475168
vt 0.1970777 0.4536257
vt 0.1799418 0.4526466
vt 0.162806 0.4658656
vt 0.1505661 0.454605
vt 0.1716187 0.4477506
vt 0.1598684 0.4374691
vt 0.2166615 0.4506882
vt 0.1686811 0.42425
vt 0.1495869 0.4232708
vt 0.1383262 0.4345315
vt 0.1412638 0.4100517
vt 0.1270655 0.4164165
vt 0.1608476 0.4149477
vt 0.1789626 0.4139685
vt 0.1544828 0.4041766
vt 0.1706395 0.4022182
vt 0.1740667 0.4080934
vt 0.1799418 0.3997702
vt 0.1735771 0.3929159
vt 0.1848378 0.3919367
vt 0.1779834 0.3845928
vt 0.1667227 0.3978119
vt 0.1667227 0.3865511
vt 0.1706395 0.3777384
vt 0.1848378 0.4041766
vt 0.1892441 0.4080934
vt 0.1848378 0.4173957
vt 0.1960985 0.4017286
vt 0.1951193 0.4120101
vt 0.2019736 0.4051558
vt 0.1902233 0.3968327
vt 0.2054008 0.4203332
vt 0.1941401 0.4193541
vt 0.1828794 0.4325731
vt 0.1951193 0.4345315
vt 0.2102967 0.4306148
vt 0.2093176 0.4090725
vt 0.2337973 0.4423651
vt 0.2235158 0.4232708
vt 0.2445684 0.431594
vt 0.2548499 0.4193541
vt 0.2734546 0.431594
vt 0.2435892 0.4110309
vt 0.2602355 0.3997702
vt 0.2318389 0.4183749
vt 0.2793297 0.4017286
vt 0.3018511 0.4007494
vt 0.2945072 0.3787176
vt 0.3219245 0.3767592
vt 0.3277997 0.3958535
vt 0.2754129 0.3826344
vt 0.2832465 0.3713737
vt 0.2852049 0.362561
vt 0.2264534 0.4071142
vt 0.2460372 0.3948743
vt 0.2587667 0.380676
vt 0.2631731 0.3723529
vt 0.2690482 0.3615818
vt 0.272965 0.3522795
vt 0.2426101 0.3880199
vt 0.2386933 0.4017286
vt 0.2235158 0.4007494
vt 0.2328181 0.3909575
vt 0.2386933 0.3777384
vt 0.229391 0.3816552
vt 0.2225366 0.3929159
vt 0.2102967 0.4007494
vt 0.2102967 0.3938951
vt 0.2102967 0.3865511
vt 0.2044216 0.3865511
vt 0.2009944 0.3958535
vt 0.2205783 0.3845928
vt 0.1951193 0.3919367
vt 0.2264534 0.3748009
vt 0.2186199 0.3767592
vt 0.2102967 0.3787176
vt 0.1902233 0.3870407
vt 0.1980568 0.3826344
vt 0.1902233 0.3748009
vt 0.1838586 0.3826344
vt 0.199036 0.3738217
vt 0.2093176 0.3713737
vt 0.1931609 0.3654985
vt 0.2009944 0.3645194
vt 0.2093176 0.362561
vt 0.1931609 0.3586442
vt 0.1828794 0.3674569
vt 0.185817 0.3532586
vt 0.1735771 0.3581546
vt 0.2009944 0.3561962
vt 0.1921817 0.3493419
vt 0.2009944 0.3473835
vt 0.1882649 0.3429771
vt 0.1980568 0.3361228
vt 0.185817 0.3341644
vt 0.1970777 0.3258413
vt 0.1838586 0.3268205
vt 0.1735771 0.3380812
vt 0.1819002 0.3483627
vt 0.1686811 0.3302477
vt 0.1593788 0.3444459
vt 0.1525245 0.3380812
vt 0.1598684 0.3606026
vt 0.1696603 0.3674569
vt 0.1598684 0.3728425
vt 0.1486077 0.3532586
vt 0.1412638 0.3464043
vt 0.1402846 0.3615818
vt 0.132451 0.3586442
vt 0.1353886 0.3713737
vt 0.1270655 0.3703945
vt 0.1304927 0.3865511
vt 0.1251071 0.3870407
vt 0.1515453 0.3787176
vt 0.1456701 0.3870407
vt 0.137347 0.398791
vt 0.1574204 0.3865511
vt 0.1608476 0.3919367
vt 0.1505661 0.3958535
vt 0.1735771 0.3767592
vt 0.176025 0.3728425
vt 0.7052779 0.5309818
vt 0.7101738 0.5016061
vt 0.6969547 0.5065021
vt 0.7165385 0.5275547
vt 0.7033195 0.4732096
vt 0.6891212 0.4771263
vt 0.6969547 0.449709
vt 0.6817773 0.454605
vt 0.731716 0.5593784
vt 0.7204553 0.5652536
vt 0.7439559 0.5843478
vt 0.7326952 0.5877749
vt 0.6871628 0.4213125
vt 0.6714958 0.4271876
vt 0.6798189 0.4017286
vt 0.6656206 0.4080934
vt 0.6739438 0.3816552
vt 0.6607247 0.3870407
vt 0.7537478 0.6127443
vt 0.7395496 0.6161715
vt 0.7033195 0.5721079
vt 0.6881421 0.5358778
vt 0.6798189 0.5143356
vt 0.7140906 0.5936501
vt 0.6646414 0.5207003
vt 0.672475 0.4839807
vt 0.6553391 0.4903454
vt 0.6484848 0.5275547
vt 0.6391824 0.4962206
vt 0.631349 0.4732096
vt 0.6475056 0.467824
vt 0.6572975 0.5461593
vt 0.6230258 0.444813
vt 0.6161715 0.4252292
vt 0.6117651 0.406135
vt 0.6382033 0.4404067
vt 0.631349 0.4203332
vt 0.6269426 0.4007494
vt 0.6646414 0.4609697
vt 0.6543599 0.4335523
vt 0.6475056 0.4139685
vt 0.6430992 0.3948743
vt 0.6636623 0.5623159
vt 0.6768813 0.5530136
vt 0.672475 0.5397946
vt 0.672475 0.5823894
vt 0.6871628 0.5774934
vt 0.6969547 0.6005044
vt 0.6788397 0.6049108
vt 0.6891212 0.6323282
vt 0.7042987 0.6279218
vt 0.7214345 0.6220466
vt 0.2274326 0.3312269
vt 0.2122551 0.3277997
vt 0.2132343 0.332206
vt 0.2112759 0.3454251
vt 0.2225366 0.3444459
vt 0.2205783 0.3522795
vt 0.2102967 0.3542379
vt 0.2377141 0.3454251
vt 0.2435892 0.3351436
vt 0.2558291 0.3522795
vt 0.2426101 0.3571754
vt 0.2308598 0.3581546
vt 0.2587667 0.3439564
vt 0.2528916 0.3586442
vt 0.2509332 0.3713737
vt 0.2337973 0.3674569
vt 0.224495 0.3694153
vt 0.2215574 0.3606026
vt 0.2161719 0.3703945
vt 0.2166615 0.4110309
vt 0.2054008 0.398791
vt 0.8257184 0.4629281
vt 0.8320832 0.4859391
vt 0.9001369 0.4590113
vt 0.8947514 0.4394275
vt 0.8428543 0.5104188
vt 0.9089496 0.475168
vt 0.9172727 0.4913246
vt 0.8521566 0.5300027
vt 0.9290231 0.5158044
vt 0.8634173 0.5559512
vt 0.818864 0.4364899
vt 0.7669669 0.4526466
vt 0.7733316 0.4810431
vt 0.8859386 0.4164165
vt 0.8785947 0.3919367
vt 0.8105409 0.4120101
vt 0.8717404 0.3664777
vt 0.800749 0.3865511
vt 0.8046658 0.5569304
vt 0.7934051 0.5339195
vt 0.7811652 0.5055229
vt 0.798301 0.3748009
vt 0.867334 0.3410188
vt 0.7934051 0.3522795
vt 0.7498311 0.3997702
vt 0.7449351 0.3845928
vt 0.7566854 0.5500761
vt 0.7424871 0.518742
vt 0.7689253 0.5735767
vt 0.7121322 0.4120101
vt 0.706257 0.3938951
vt 0.7356328 0.4942622
vt 0.7292681 0.4648865
vt 0.7214345 0.4404067
vt 0.7581542 0.4271876
vt 0.7008715 0.3723529
vt 0.7395496 0.3615818
vt 0.7792068 0.6019732
vt 0.8169057 0.5843478
vt 0.9402838 0.1211903
vt 0.9270647 0.09768976
vt 0.9446901 0.1020961
vt 0.9290231 0.1280447
vt 0.9099289 0.1020961
vt 0.9138456 0.1290239
vt 0.8898554 0.1060129
vt 0.8785947 0.07957472
vt 0.8653756 0.1099296
vt 0.8604797 0.07859553
vt 0.8834907 0.05803252
vt 0.8663548 0.04628222
vt 0.8805531 0.04089667
vt 0.8918138 0.04726142
vt 0.9060121 0.05607414
vt 0.8986681 0.06537645
vt 0.892793 0.07859553
vt 0.8898554 0.1314719
vt 0.8624381 0.1505661
vt 0.8433439 0.1486077
vt 0.8462814 0.1099296
vt 0.8805531 0.1505661
vt 0.9020953 0.1466493
vt 0.8957306 0.1544828
vt 0.9079704 0.1593788
vt 0.9118872 0.155462
vt 0.9192312 0.155462
vt 0.9162936 0.1451805
vt 0.9251063 0.1564412
vt 0.931471 0.1525245
vt 0.8937722 0.162806
vt 0.9040537 0.1647644
vt 0.8795739 0.162806
vt 0.8585213 0.1618268
vt 0.8418751 0.162806
vt 0.892793 0.1725979
vt 0.8795739 0.1725979
vt 0.8918138 0.1789626
vt 0.8834907 0.1789626
vt 0.9020953 0.1789626
vt 0.9040537 0.1716187
vt 0.8653756 0.1725979
vt 0.8727196 0.1789626
vt 0.8634173 0.1789626
vt 0.8541149 0.1789626
vt 0.8521566 0.1716187
vt 0.8399166 0.1725979
vt 0.8369791 0.1789626
vt 0.8276768 0.1789626
vt 0.82376 0.1725979
vt 0.82376 0.1750459
vt 0.844323 0.1789626
vt 0.8247392 0.1789626
vt 0.8227808 0.1779834
vt 0.8727196 0.1921817
vt 0.8634173 0.1921817
vt 0.8541149 0.1921817
vt 0.8369791 0.1921817
vt 0.844323 0.1921817
vt 0.8276768 0.1921817
vt 0.8247392 0.1921817
vt 0.8178849 0.1574204
vt 0.8149473 0.1677019
vt 0.8105409 0.1789626
vt 0.818864 0.1789626
vt 0.7992802 0.1789626
vt 0.8017282 0.1637852
vt 0.7953635 0.1789626
vt 0.7953635 0.1637852
vt 0.8046658 0.1535037
vt 0.7953635 0.1525245
vt 0.8076034 0.1412638
vt 0.7953635 0.1383262
vt 0.8124993 0.1050337
vt 0.7953635 0.1030753
vt 0.7904675 0.1789626
vt 0.7885091 0.1657435
vt 0.7894883 0.1535037
vt 0.7821444 0.1667227
vt 0.7821444 0.1789626
vt 0.7894883 0.1383262
vt 0.7831236 0.1393054
vt 0.7821444 0.1544828
vt 0.7762693 0.142243
vt 0.7743108 0.155462
vt 0.7650086 0.1451805
vt 0.7743108 0.1667227
vt 0.7733316 0.1789626
vt 0.7650086 0.1583996
vt 0.7566854 0.1451805
vt 0.754727 0.1574204
vt 0.7689253 0.1706395
vt 0.7601126 0.1686811
vt 0.7953635 0.1030753
vt 0.7821444 0.1921817
vt 0.7733316 0.1921817
vt 0.7821444 0.2093176
vt 0.7733316 0.2093176
vt 0.7689253 0.1789626
vt 0.7689253 0.1706395
vt 0.7689253 0.1921817
vt 0.7689253 0.2093176
vt 0.7669669 0.1779834
vt 0.7468935 0.1451805
vt 0.7434663 0.1574204
vt 0.7517895 0.1686811
vt 0.7434663 0.1686811
vt 0.7498311 0.1789626
vt 0.7405288 0.1789626
vt 0.7336744 0.1706395
vt 0.7581542 0.1789626
vt 0.7307369 0.1583996
vt 0.7326952 0.1451805
vt 0.7204553 0.1583996
vt 0.7263305 0.1696603
vt 0.7175178 0.1696603
vt 0.7131114 0.1583996
vt 0.7082155 0.1696603
vt 0.7155594 0.1789626
vt 0.7072363 0.1789626
vt 0.7253513 0.1789626
vt 0.7336744 0.1706395
vt 0.7307369 0.1789626
vt 0.7307369 0.1921817
vt 0.7253513 0.1921817
vt 0.7155594 0.1921817
vt 0.7072363 0.1921817
vt 0.7013611 0.1921817
vt 0.7013611 0.1789626
vt 0.7033195 0.1706395
vt 0.6998923 0.1789626
vt 0.7336744 0.1789626
vt 0.6998923 0.1583996
vt 0.7023403 0.1466493
vt 0.6940172 0.1466493
vt 0.6901004 0.1593788
vt 0.6866732 0.1466493
vt 0.6959755 0.119232
vt 0.7175178 0.1456701
vt 0.7292681 0.119232
vt 0.6998923 0.07859553
vt 0.7297577 0.07859553
vt 0.7023403 0.04628222
vt 0.7307369 0.04628222
vt 0.7033195 0.03306314
vt 0.7307369 0.03306314
vt 0.7630501 0.03306314
vt 0.7640293 0.04628222
vt 0.7953635 0.03306314
vt 0.7953635 0.04628222
vt 0.7650086 0.07859553
vt 0.7953635 0.07859553
vt 0.7782276 0.1099296
vt 0.7591334 0.1162944
vt 0.8115201 0.04628222
vt 0.8124993 0.07859553
vt 0.8115201 0.03306314
vt 0.82376 0.04628222
vt 0.8276768 0.07859553
vt 0.828656 0.1079713
vt 0.8482398 0.07859553
vt 0.8198432 0.1442013
vt 0.8521566 0.04628222
vt 0.849219 0.03306314
vt 0.8736988 0.0379591
vt 0.8736988 0.03306314
vt 0.8227808 0.03306314
vt 0.7263305 0.1456701
vt 0.9138456 0.07761634
vt 0.9192312 0.06733483
vt 0.9304919 0.07957472
vt 0.9505653 0.1290239
vt 0.9456693 0.1505661
vt 0.9525236 0.1495869
vt 0.9437109 0.1618268
vt 0.954482 0.1618268
vt 0.954482 0.1677019
vt 0.9437109 0.1677019
vt 0.931471 0.1618268
vt 0.931471 0.1677019
vt 0.9231479 0.1618268
vt 0.9231479 0.1677019
vt 0.931471 0.1735771
vt 0.9231479 0.1735771
vt 0.9437109 0.1735771
vt 0.931471 0.1867962
vt 0.9437109 0.1867962
vt 0.954482 0.1735771
vt 0.954482 0.1867962
vt 0.9437109 0.1902233
vt 0.954482 0.1902233
vt 0.9231479 0.1867962
vt 0.9231479 0.1902233
vt 0.931471 0.1902233
vt 0.931471 0.1941401
vt 0.9231479 0.1941401
vt 0.931471 0.2102967
vt 0.9231479 0.2102967
vt 0.9437109 0.1941401
vt 0.9437109 0.2102967
vt 0.931471 0.2186199
vt 0.9437109 0.2186199
vt 0.954482 0.1941401
vt 0.954482 0.2102967
vt 0.954482 0.2186199
vt 0.9446901 0.2274326
vt 0.9525236 0.229391
vt 0.9334294 0.2274326
vt 0.9353878 0.2328181
vt 0.9437109 0.2337973
vt 0.9251063 0.229391
vt 0.9295127 0.2357557
vt 0.9383254 0.2406517
vt 0.9446901 0.2386933
vt 0.9334294 0.2416309
vt 0.9231479 0.2186199
vt 0.9495861 0.2367349
vt 0.8795739 0.1789626
vt 0.8776155 0.1779834
vt 0.8785947 0.176025
vt 0.8834907 0.1789626
vt 0.8795739 0.1725979
vt 0.8795739 0.1921817
vt 0.8834907 0.1921817
vt 0.8834907 0.2083384
vt 0.8918138 0.2083384
vt 0.8918138 0.2112759
vt 0.9020953 0.2112759
vt 0.9020953 0.2083384
vt 0.8834907 0.2112759
vt 0.9020953 0.2142135
vt 0.8918138 0.2142135
vt 0.9020953 0.2274326
vt 0.8918138 0.2274326
vt 0.8918138 0.1921817
vt 0.9020953 0.1921817
vt 0.8834907 0.2142135
vt 0.8795739 0.2112759
vt 0.8795739 0.2142135
vt 0.8834907 0.2274326
vt 0.8795739 0.2083384
vt 0.8795739 0.2274326
vt 0.8918138 0.2396725
vt 0.9020953 0.2396725
vt 0.8918138 0.2435892
vt 0.9020953 0.2435892
vt 0.8834907 0.2396725
vt 0.8834907 0.2435892
vt 0.8795739 0.2396725
vt 0.8795739 0.2435892
vt 0.9020953 0.2460372
vt 0.8918138 0.2460372
vt 0.8918138 0.2592563
vt 0.9020953 0.2592563
vt 0.8918138 0.2670898
vt 0.9020953 0.2670898
vt 0.8834907 0.2592563
vt 0.8834907 0.2670898
vt 0.8918138 0.2710066
vt 0.9020953 0.2719858
vt 0.8834907 0.2719858
vt 0.8795739 0.2592563
vt 0.8795739 0.2670898
vt 0.8805531 0.2734546
vt 0.8918138 0.2763921
vt 0.8834907 0.2773713
vt 0.9001369 0.2773713
vt 0.8918138 0.2842257
vt 0.8854491 0.2832465
vt 0.8996474 0.2832465
vt 0.8996474 0.2842257
vt 0.8918138 0.2852049
vt 0.8854491 0.2842257
vt 0.8825115 0.2812881
vt 0.8805531 0.2734546
vt 0.8795739 0.2460372
vt 0.8834907 0.2460372
vt 0.8785947 0.176025
vt 0.8776155 0.1779834
vt 0.8756571 0.1789626
vt 0.8727196 0.1789626
vt 0.8756571 0.1921817
vt 0.8727196 0.1921817
vt 0.8795739 0.1725979
vt 0.6998923 0.1789626
vt 0.6969547 0.1789626
vt 0.7033195 0.1706395
vt 0.6910796 0.1789626
vt 0.6969547 0.1921817
vt 0.6910796 0.1921817
vt 0.6827565 0.1789626
vt 0.6949964 0.1696603
vt 0.6866732 0.1696603
vt 0.6788397 0.1686811
vt 0.6739438 0.1789626
vt 0.6695374 0.1667227
vt 0.6685582 0.1789626
vt 0.6817773 0.1583996
vt 0.6714958 0.1574204
vt 0.672475 0.1442013
vt 0.6587663 0.1544828
vt 0.6607247 0.1657435
vt 0.6626831 0.1789626
vt 0.6587663 0.1466493
vt 0.6563183 0.1363678
vt 0.6597455 0.1300031
vt 0.6504432 0.132451
vt 0.6514224 0.1231487
vt 0.6617039 0.1089505
vt 0.6759021 0.1148256
vt 0.6817773 0.07957472
vt 0.6714958 0.0825123
vt 0.6533808 0.1020961
vt 0.6607247 0.08447067
vt 0.685694 0.04628222
vt 0.6866732 0.03306314
vt 0.672475 0.04383425
vt 0.6768813 0.03306314
vt 0.6685582 0.03306314
vt 0.6646414 0.03697991
vt 0.6587663 0.03306314
vt 0.6563183 0.03600071
vt 0.6607247 0.04089667
vt 0.6597455 0.05803252
vt 0.6504432 0.05215737
vt 0.6421201 0.06537645
vt 0.6504432 0.06929322
vt 0.6352657 0.07761634
vt 0.6430992 0.08055391
vt 0.6484848 0.04187586
vt 0.6382033 0.05215737
vt 0.6303698 0.06341807
vt 0.624005 0.07369957
vt 0.6279218 0.0927938
vt 0.6171507 0.09083542
vt 0.6249842 0.1030753
vt 0.6137235 0.1016065
vt 0.6303698 0.1050337
vt 0.6220466 0.1128672
vt 0.6117651 0.1109088
vt 0.6269426 0.1148256
vt 0.6382033 0.1079713
vt 0.6333073 0.1162944
vt 0.6465264 0.1109088
vt 0.6411409 0.1202112
vt 0.6342865 0.09475219
vt 0.6435888 0.09866895
vt 0.6524016 0.08349148
vt 0.6572975 0.07663715
vt 0.667579 0.06635564
vt 0.6362449 0.1270655
vt 0.6435888 0.1314719
vt 0.6293905 0.1260863
vt 0.6269426 0.1334302
vt 0.631349 0.1334302
vt 0.6372241 0.1334302
vt 0.6435888 0.1314719
vt 0.631349 0.1393054
vt 0.6372241 0.1393054
vt 0.6269426 0.1393054
vt 0.6210675 0.1393054
vt 0.6269426 0.1456701
vt 0.6210675 0.1456701
vt 0.6171507 0.1393054
vt 0.6171507 0.1456701
vt 0.6171507 0.1583996
vt 0.6117651 0.1583996
vt 0.6117651 0.1456701
vt 0.6210675 0.1583996
vt 0.6117651 0.1393054
vt 0.6117651 0.1334302
vt 0.6171507 0.1334302
vt 0.6210675 0.1334302
vt 0.6269426 0.1583996
vt 0.631349 0.1583996
vt 0.631349 0.1456701
vt 0.624005 0.1231487
vt 0.6171507 0.1241279
vt 0.6117651 0.1270655
vt 0.6372241 0.1456701
vt 0.6372241 0.1583996
vt 0.6372241 0.1618268
vt 0.631349 0.1618268
vt 0.6372241 0.1667227
vt 0.631349 0.1667227
vt 0.6269426 0.1618268
vt 0.6269426 0.1667227
vt 0.6210675 0.1618268
vt 0.6210675 0.1667227
vt 0.6171507 0.1618268
vt 0.6171507 0.1667227
vt 0.6117651 0.1667227
vt 0.6117651 0.1618268
vt 0.6117651 0.1819002
vt 0.6171507 0.1819002
vt 0.6117651 0.1912025
vt 0.6171507 0.1912025
vt 0.6210675 0.1912025
vt 0.6210675 0.1819002
vt 0.6171507 0.199036
vt 0.6210675 0.199036
vt 0.6269426 0.199036
vt 0.6269426 0.1912025
vt 0.6269426 0.1819002
vt 0.631349 0.1912025
vt 0.631349 0.1819002
vt 0.631349 0.199036
vt 0.6289009 0.20638
vt 0.6372241 0.199036
vt 0.6372241 0.1912025
vt 0.6372241 0.1819002
vt 0.6259634 0.2102967
vt 0.6210675 0.2112759
vt 0.6323282 0.20638
vt 0.6269426 0.2112759
vt 0.6289009 0.20638
vt 0.6259634 0.2102967
vt 0.6210675 0.2132343
vt 0.6210675 0.2112759
vt 0.6181298 0.2093176
vt 0.6181298 0.2112759
vt 0.6151923 0.20638
vt 0.6323282 0.20638
vt 0.631349 0.199036
vt 0.6181298 0.2093176
vt 0.6151923 0.20638
vt 0.6117651 0.199036
vt 0.8501981 0.1789626
vt 0.849219 0.1779834
vt 0.849219 0.1750459
vt 0.8541149 0.1789626
vt 0.8521566 0.1716187
vt 0.8501981 0.1921817
vt 0.8501981 0.2083384
vt 0.8541149 0.2083384
vt 0.8501981 0.2112759
vt 0.8541149 0.2112759
vt 0.8634173 0.2083384
vt 0.8634173 0.2112759
vt 0.8727196 0.2112759
vt 0.8727196 0.2083384
vt 0.8756571 0.2083384
vt 0.8756571 0.2112759
vt 0.8756571 0.2142135
vt 0.8727196 0.2142135
vt 0.8756571 0.2274326
vt 0.8727196 0.2274326
vt 0.8756571 0.1921817
vt 0.8634173 0.2274326
vt 0.8634173 0.2142135
vt 0.8541149 0.2274326
vt 0.8541149 0.2142135
vt 0.8501981 0.2274326
vt 0.8501981 0.2142135
vt 0.8634173 0.2396725
vt 0.8727196 0.2396725
vt 0.8634173 0.2435892
vt 0.8727196 0.2435892
vt 0.8541149 0.2396725
vt 0.8541149 0.2435892
vt 0.8634173 0.2460372
vt 0.8727196 0.2460372
vt 0.8756571 0.2435892
vt 0.8756571 0.2460372
vt 0.8634173 0.2592563
vt 0.8727196 0.2592563
vt 0.8634173 0.2670898
vt 0.8541149 0.2592563
vt 0.8541149 0.2670898
vt 0.8634173 0.2710066
vt 0.8541149 0.2719858
vt 0.8634173 0.2754129
vt 0.8550941 0.2773713
vt 0.8727196 0.2670898
vt 0.8756571 0.2592563
vt 0.8756571 0.2670898
vt 0.8727196 0.2719858
vt 0.8717404 0.2773713
vt 0.8634173 0.2842257
vt 0.8575421 0.2832465
vt 0.874678 0.2744338
vt 0.8702716 0.2832465
vt 0.8727196 0.2812881
vt 0.8702716 0.2842257
vt 0.8634173 0.2852049
vt 0.8575421 0.2842257
vt 0.8541149 0.2822673
vt 0.8511773 0.2734546
vt 0.8511773 0.2734546
vt 0.8501981 0.2670898
vt 0.8501981 0.2592563
vt 0.8501981 0.2460372
vt 0.8541149 0.2460372
vt 0.8501981 0.2435892
vt 0.8501981 0.2396725
vt 0.849219 0.1750459
vt 0.849219 0.1779834
vt 0.8462814 0.1789626
vt 0.844323 0.1789626
vt 0.8462814 0.1921817
vt 0.8521566 0.1716187
vt 0.844323 0.2083384
vt 0.8462814 0.2083384
vt 0.844323 0.2112759
vt 0.8462814 0.2112759
vt 0.844323 0.2142135
vt 0.8369791 0.2142135
vt 0.8369791 0.2112759
vt 0.8462814 0.2142135
vt 0.844323 0.2274326
vt 0.8462814 0.2274326
vt 0.8276768 0.2142135
vt 0.8276768 0.2274326
vt 0.8369791 0.2274326
vt 0.8276768 0.2112759
vt 0.8369791 0.2083384
vt 0.8276768 0.2083384
vt 0.8247392 0.2112759
vt 0.8247392 0.2083384
vt 0.8247392 0.2274326
vt 0.8247392 0.2142135
vt 0.8276768 0.2396725
vt 0.8247392 0.2396725
vt 0.8276768 0.2435892
vt 0.8247392 0.2435892
vt 0.8276768 0.2460372
vt 0.8247392 0.2460372
vt 0.8369791 0.2460372
vt 0.8369791 0.2435892
vt 0.844323 0.2435892
vt 0.844323 0.2460372
vt 0.8462814 0.2435892
vt 0.8462814 0.2460372
vt 0.8276768 0.2592563
vt 0.8247392 0.2592563
vt 0.8276768 0.2670898
vt 0.8247392 0.2670898
vt 0.8369791 0.2670898
vt 0.8369791 0.2592563
vt 0.844323 0.2592563
vt 0.844323 0.2670898
vt 0.8462814 0.2592563
vt 0.8462814 0.2670898
vt 0.844323 0.2719858
vt 0.8462814 0.2734546
vt 0.8369791 0.2710066
vt 0.8369791 0.2763921
vt 0.8276768 0.272965
vt 0.8276768 0.2773713
vt 0.8369791 0.2842257
vt 0.8301247 0.2832465
vt 0.8301247 0.2842257
vt 0.8369791 0.2852049
vt 0.8266976 0.2822673
vt 0.8247392 0.2744338
vt 0.844323 0.2773713
vt 0.8428543 0.2832465
vt 0.8453022 0.2812881
vt 0.8462814 0.2734546
vt 0.8428543 0.2842257
vt 0.7356328 0.1789626
vt 0.7336744 0.1789626
vt 0.7405288 0.1921817
vt 0.7498311 0.1921817
vt 0.7581542 0.1921817
vt 0.7640293 0.1921817
vt 0.7640293 0.1789626
vt 0.7356328 0.1921817
vt 0.7669669 0.1779834
vt 0.7640293 0.2093176
vt 0.7581542 0.2093176
vt 0.7640293 0.2122551
vt 0.7581542 0.2122551
vt 0.7640293 0.2151927
vt 0.7581542 0.2151927
vt 0.7498311 0.2122551
vt 0.7498311 0.2151927
vt 0.7405288 0.2122551
vt 0.7405288 0.2151927
vt 0.7356328 0.2122551
vt 0.7356328 0.2151927
vt 0.7640293 0.2264534
vt 0.7581542 0.2264534
vt 0.7498311 0.2093176
vt 0.7498311 0.2264534
vt 0.7405288 0.2093176
vt 0.7405288 0.2264534
vt 0.7356328 0.2093176
vt 0.7356328 0.2264534
vt 0.7640293 0.2386933
vt 0.7581542 0.2386933
vt 0.7640293 0.2435892
vt 0.7581542 0.2435892
vt 0.7640293 0.2460372
vt 0.7581542 0.2460372
vt 0.7498311 0.2435892
vt 0.7498311 0.2460372
vt 0.7405288 0.2435892
vt 0.7405288 0.2460372
vt 0.7640293 0.2592563
vt 0.7581542 0.2592563
vt 0.7640293 0.2661106
vt 0.7581542 0.2661106
vt 0.7498311 0.2592563
vt 0.7498311 0.2661106
vt 0.7405288 0.2592563
vt 0.7405288 0.2661106
vt 0.7356328 0.2661106
vt 0.7356328 0.2592563
vt 0.7415079 0.272965
vt 0.7498311 0.272965
vt 0.7576646 0.272965
vt 0.7601126 0.272965
vt 0.7527686 0.2783505
vt 0.7385704 0.272965
vt 0.7424871 0.2763921
vt 0.7459143 0.2783505
vt 0.7498311 0.2793297
vt 0.7566854 0.2763921
vt 0.7566854 0.2763921
vt 0.7356328 0.2460372
vt 0.7356328 0.2435892
vt 0.7356328 0.2386933
vt 0.7405288 0.2386933
vt 0.7498311 0.2386933
vt 0.9270647 0.8178849
vt 0.9138456 0.8105409
vt 0.9138456 0.8257184
vt 0.9138456 0.8257184
vt 0.9138456 0.8105409
vt 0.9011161 0.8105409
vt 0.9011161 0.8257184
vt 0.9011161 0.8389375
vt 0.9138456 0.8389375
vt 0.9270647 0.8178849
vt 0.9270647 0.8531358
vt 0.9138456 0.8531358
vt 0.9270647 0.8918138
vt 0.9138456 0.8918138
vt 0.8888762 0.8105409
vt 0.8888762 0.7934051
vt 0.9011161 0.7934051
vt 0.8888762 0.8257184
vt 0.9011161 0.8531358
vt 0.8888762 0.8531358
vt 0.8888762 0.8389375
vt 0.8888762 0.8653756
vt 0.9011161 0.8918138
vt 0.9011161 0.7659878
vt 0.9138456 0.7659878
vt 0.9138456 0.7415079
vt 0.9011161 0.7415079
vt 0.9138456 0.7013611
vt 0.9270647 0.7013611
vt 0.9270647 0.7415079
vt 0.9011161 0.7013611
vt 0.9138456 0.7934051
vt 0.9138456 0.667579
vt 0.9270647 0.667579
vt 0.9270647 0.7659878
vt 0.9011161 0.667579
vt 0.9011161 0.6372241
vt 0.9138456 0.6372241
vt 0.9270647 0.6372241
vt 0.9270647 0.7934051
vt 0.9270647 0.8178849
vt 0.8888762 0.7415079
vt 0.8888762 0.7013611
vt 0.8888762 0.7659878
vt 0.8888762 0.6372241
vt 0.8888762 0.667579
vt 0.8227808 0.1779834
vt 0.8208224 0.1789626
vt 0.818864 0.1789626
vt 0.82376 0.1750459
vt 0.7155594 0.2122551
vt 0.7253513 0.2122551
vt 0.7253513 0.2151927
vt 0.7155594 0.2151927
vt 0.7072363 0.2122551
vt 0.7072363 0.2151927
vt 0.7013611 0.2151927
vt 0.7013611 0.2122551
vt 0.7307369 0.2151927
vt 0.7307369 0.2122551
vt 0.7155594 0.2093176
vt 0.7253513 0.2093176
vt 0.7253513 0.2264534
vt 0.7155594 0.2264534
vt 0.7072363 0.2093176
vt 0.7072363 0.2264534
vt 0.7013611 0.2093176
vt 0.7307369 0.2093176
vt 0.7155594 0.2386933
vt 0.7072363 0.2386933
vt 0.7155594 0.2435892
vt 0.7072363 0.2435892
vt 0.7155594 0.2460372
vt 0.7253513 0.2460372
vt 0.7253513 0.2435892
vt 0.7307369 0.2460372
vt 0.7307369 0.2435892
vt 0.7072363 0.2460372
vt 0.7013611 0.2435892
vt 0.7013611 0.2460372
vt 0.7155594 0.2592563
vt 0.7072363 0.2592563
vt 0.7155594 0.2661106
vt 0.7253513 0.2661106
vt 0.7253513 0.2592563
vt 0.7072363 0.2661106
vt 0.7013611 0.2661106
vt 0.7013611 0.2592563
vt 0.7052779 0.272965
vt 0.7072363 0.272965
vt 0.7082155 0.2773713
vt 0.7155594 0.272965
vt 0.7243721 0.272965
vt 0.7282889 0.272965
vt 0.7243721 0.2773713
vt 0.7307369 0.2661106
vt 0.7204553 0.2803089
vt 0.7121322 0.2793297
vt 0.7155594 0.2803089
vt 0.7307369 0.2592563
vt 0.8208224 0.1921817
vt 0.818864 0.1921817
vt 0.818864 0.1789626
vt 0.8208224 0.1789626
vt 0.818864 0.2093176
vt 0.8105409 0.2093176
vt 0.8105409 0.1921817
vt 0.7992802 0.1921817
vt 0.7953635 0.1921817
vt 0.7953635 0.2093176
vt 0.7992802 0.2093176
vt 0.7904675 0.1921817
vt 0.7904675 0.2093176
vt 0.7953635 0.2122551
vt 0.7992802 0.2122551
vt 0.7904675 0.2122551
vt 0.8105409 0.2122551
vt 0.7953635 0.2151927
vt 0.7992802 0.2151927
vt 0.7992802 0.2357557
vt 0.7953635 0.2357557
vt 0.7904675 0.2151927
vt 0.7904675 0.2357557
vt 0.8105409 0.2151927
vt 0.8105409 0.2357557
vt 0.818864 0.2122551
vt 0.818864 0.2151927
vt 0.8208224 0.2122551
vt 0.8208224 0.2151927
vt 0.7821444 0.2122551
vt 0.7821444 0.2151927
vt 0.8208224 0.2093176
vt 0.7733316 0.2122551
vt 0.7689253 0.2122551
vt 0.7733316 0.2151927
vt 0.7821444 0.2357557
vt 0.7733316 0.2357557
vt 0.7689253 0.2151927
vt 0.7689253 0.2357557
vt 0.7821444 0.2396725
vt 0.7733316 0.2396725
vt 0.7689253 0.2396725
vt 0.7904675 0.2396725
vt 0.7904675 0.2426101
vt 0.7821444 0.2426101
vt 0.7904675 0.2651314
vt 0.7821444 0.2651314
vt 0.7894883 0.2710066
vt 0.7821444 0.2710066
vt 0.7733316 0.2651314
vt 0.7743108 0.2710066
vt 0.7924259 0.2710066
vt 0.7953635 0.2651314
vt 0.785082 0.2763921
vt 0.7718629 0.2710066
vt 0.7689253 0.2651314
vt 0.7875299 0.2744338
vt 0.7752901 0.2744338
vt 0.7782276 0.2754129
vt 0.7821444 0.2763921
vt 0.7752901 0.2744338
vt 0.7875299 0.2744338
vt 0.7733316 0.2426101
vt 0.7689253 0.2426101
vt 0.8002594 0.2700274
vt 0.7973219 0.2710066
vt 0.7992802 0.2651314
vt 0.8105409 0.2690482
vt 0.8105409 0.2651314
vt 0.818864 0.2651314
vt 0.818864 0.2426101
vt 0.8105409 0.2426101
vt 0.8208224 0.2426101
vt 0.8208224 0.2651314
vt 0.818864 0.2690482
vt 0.8105409 0.272965
vt 0.8178849 0.2734546
vt 0.800749 0.2744338
vt 0.800749 0.2773713
vt 0.8036866 0.2783505
vt 0.8105409 0.2793297
vt 0.8149473 0.2783505
vt 0.8208224 0.2710066
vt 0.8178849 0.2773713
vt 0.8144577 0.2793297
vt 0.8105409 0.2803089
vt 0.8046658 0.2793297
vt 0.7992802 0.2426101
vt 0.7953635 0.2426101
vt 0.7992802 0.2396725
vt 0.7953635 0.2396725
vt 0.8105409 0.2396725
vt 0.818864 0.2396725
vt 0.8208224 0.2396725
vt 0.818864 0.2357557
vt 0.8208224 0.2357557
vt 0.931471 0.1618268
vt 0.6827565 0.1921817
vt 0.6739438 0.1921817
vt 0.6685582 0.1921817
vt 0.6626831 0.1921817
vt 0.6910796 0.2093176
vt 0.6827565 0.2093176
vt 0.6910796 0.2122551
vt 0.6969547 0.2122551
vt 0.6969547 0.2093176
vt 0.6827565 0.2122551
vt 0.6910796 0.2151927
vt 0.6827565 0.2151927
vt 0.6739438 0.2151927
vt 0.6739438 0.2122551
vt 0.6685582 0.2151927
vt 0.6685582 0.2122551
vt 0.6910796 0.2264534
vt 0.6827565 0.2264534
vt 0.6739438 0.2093176
vt 0.6739438 0.2264534
vt 0.6685582 0.2093176
vt 0.6626831 0.2122551
vt 0.6626831 0.2093176
vt 0.6685582 0.2264534
vt 0.6626831 0.2264534
vt 0.6626831 0.2151927
vt 0.6626831 0.2386933
vt 0.6685582 0.2386933
vt 0.6626831 0.2435892
vt 0.6685582 0.2435892
vt 0.6626831 0.2460372
vt 0.6685582 0.2460372
vt 0.6739438 0.2386933
vt 0.6739438 0.2435892
vt 0.6827565 0.2386933
vt 0.6827565 0.2435892
vt 0.6910796 0.2386933
vt 0.6910796 0.2435892
vt 0.6626831 0.2592563
vt 0.6685582 0.2592563
vt 0.6626831 0.2661106
vt 0.6685582 0.2661106
vt 0.6739438 0.2592563
vt 0.6739438 0.2661106
vt 0.672475 0.272965
vt 0.6749229 0.272965
vt 0.6827565 0.2592563
vt 0.6827565 0.2661106
vt 0.6837357 0.272965
vt 0.6910796 0.2661106
vt 0.6901004 0.272965
vt 0.6910796 0.2592563
vt 0.6969547 0.2592563
vt 0.6969547 0.2661106
vt 0.693038 0.272965
vt 0.6665998 0.272965
vt 0.672475 0.272965
vt 0.6759021 0.2773713
vt 0.6759021 0.2773713
vt 0.6798189 0.2793297
vt 0.6891212 0.2773713
vt 0.6866732 0.2793297
vt 0.6827565 0.2803089
vt 0.6729646 0.2793297
vt 0.6788397 0.2793297
vt 0.6798189 0.2793297
vt 0.6969547 0.2460372
vt 0.6910796 0.2460372
vt 0.6969547 0.2435892
vt 0.6827565 0.2460372
vt 0.6739438 0.2460372
vt 0.6969547 0.2386933
vt 0.6969547 0.2264534
vt 0.6969547 0.2151927
vt 0.7013611 0.2264534
vt 0.7013611 0.2386933
vt 0.7307369 0.2264534
vt 0.7307369 0.2386933
vt 0.7253513 0.2386933
vt 0.8369791 0.2396725
vt 0.844323 0.2396725
vt 0.8462814 0.2396725
vt 0.8369791 0.2592563
vt 0.8756571 0.2396725
vt 0.8888762 0.8918138
vt 0.4193541 0.7630501
vt 0.4590113 0.8017282
vt 0.4271876 0.8291456
vt 0.3880199 0.7943843
vt 0.4306148 0.7527686
vt 0.4717408 0.7762693
vt 0.488387 0.7992802
vt 0.444813 0.7415079
vt 0.4923038 0.7679461
vt 0.5055229 0.7885091
vt 0.3958535 0.7131114
vt 0.4487298 0.7282889
vt 0.4849599 0.731716
vt 0.4810431 0.7468935
vt 0.4110309 0.7008715
vt 0.5226587 0.7581542
vt 0.5358778 0.7733316
vt 0.5123772 0.7434663
vt 0.398791 0.6891212
vt 0.3728425 0.693038
vt 0.37578 0.6665998
vt 0.3571754 0.6788397
vt 0.3493419 0.6847149
vt 0.3380812 0.6543599
vt 0.3532586 0.6587663
vt 0.3581546 0.7082155
vt 0.3880199 0.7326952
vt 0.3513003 0.6475056
vt 0.3581546 0.6435888
vt 0.3454251 0.6200882
vt 0.3268205 0.6293905
vt 0.3170286 0.6352657
vt 0.3160494 0.6049108
vt 0.3302477 0.598546
vt 0.2925488 0.6137235
vt 0.3209454 0.5897333
vt 0.3096846 0.5794518
vt 0.2974448 0.5843478
vt 0.3067471 0.5613368
vt 0.3302477 0.5691703
vt 0.3361228 0.5956085
vt 0.2783505 0.5388154
vt 0.2861841 0.5877749
vt 0.2519124 0.5956085
vt 0.2587667 0.619109
vt 0.2083384 0.5916917
vt 0.2102967 0.6088275
vt 0.1667227 0.5897333
vt 0.1667227 0.5745559
vt 0.1505661 0.5652536
vt 0.1667227 0.536857
vt 0.1476285 0.5388154
vt 0.1495869 0.5774934
vt 0.1677019 0.6230258
vt 0.1902233 0.6465264
vt 0.1466493 0.6117651
vt 0.2308598 0.6572975
vt 0.2073592 0.6807981
vt 0.245058 0.6891212
vt 0.2631731 0.6352657
vt 0.2744338 0.6646414
vt 0.2964656 0.6484848
vt 0.2852049 0.6920588
vt 0.2186199 0.7204553
vt 0.2509332 0.718497
vt 0.3018511 0.7224137
vt 0.3170286 0.6685582
vt 0.3390604 0.6920588
vt 0.2151927 0.7601126
vt 0.2651314 0.7669669
vt 0.2122551 0.7865508
vt 0.249954 0.7992802
vt 0.2822673 0.8169057
vt 0.3018511 0.7875299
vt 0.3077263 0.8340415
vt 0.3302477 0.8036866
vt 0.3277997 0.7478727
vt 0.1882649 0.7292681
vt 0.1867962 0.7630501
vt 0.1892441 0.785082
vt 0.1495869 0.7424871
vt 0.1486077 0.7131114
vt 0.1848378 0.6949964
vt 0.142243 0.6827565
vt 0.1735771 0.6607247
vt 0.1574204 0.6362449
vt 0.132451 0.6607247
vt 0.1486077 0.7733316
vt 0.1544828 0.7924259
vt 0.142243 0.6230258
vt 0.1231487 0.6475056
vt 0.1158048 0.6705166
vt 0.1211903 0.6940172
vt 0.1020961 0.6871628
vt 0.1109088 0.6582767
vt 0.09768976 0.6636623
vt 0.1290239 0.7831236
vt 0.1006273 0.6759021
vt 0.1020961 0.6920588
vt 0.1148256 0.754727
vt 0.08789784 0.7723525
vt 0.09181461 0.7488519
vt 0.1158048 0.7253513
vt 0.06635564 0.7659878
vt 0.06635564 0.7375912
vt 0.1040545 0.7953635
vt 0.137347 0.8002594
vt 0.1158048 0.8124993
vt 0.009562554 0.7733316
vt 0.0927938 0.7140906
vt 0.09768976 0.7101738
vt 0.1016065 0.6998923
vt 0.3571754 0.7699045
vt 0.3615818 0.8247392
vt 0.3361228 0.8550941
vt 0.3748009 0.8869178
vt 0.3997702 0.8575421
vt 0.431594 0.8898554
vt 0.4100517 0.9172727
vt 0.4688032 0.9280438
vt 0.449709 0.9525236
vt 0.4590113 0.8643965
vt 0.4942622 0.9020953
vt 0.4903454 0.8389375
vt 0.5035645 0.9628052
vt 0.4859391 0.9848369
vt 0.5255963 0.9402838
vt 0.5207003 0.8785947
vt 0.5084605 0.828656
vt 0.5358778 0.8702716
vt 0.5672119 0.892793
vt 0.5530136 0.9182519
vt 0.5275547 0.8178849
vt 0.5530136 0.7963427
vt 0.5652536 0.8134785
vt 0.5539929 0.8634173
vt 0.5794518 0.8350207
vt 0.5877749 0.8511773
vt 0.6019732 0.8815323
vt 0.6323282 0.8428543
vt 0.6200882 0.8227808
vt 0.60589 0.8149473
vt 0.6362449 0.8311039
vt 0.6382033 0.874678
vt 0.6665998 0.8453022
vt 0.6514224 0.8389375
vt 0.6714958 0.8727196
vt 0.6827565 0.8521566
vt 0.697934 0.8560733
vt 0.711153 0.874678
vt 0.711153 0.8570525
vt 0.7263305 0.8570525
vt 0.7449351 0.8776155
vt 0.7439559 0.8531358
vt 0.7576646 0.8472606
vt 0.780186 0.8795739
vt 0.7708837 0.8389375
vt 0.7841028 0.8389375
vt 0.7792068 0.828656
vt 0.7860612 0.8105409
vt 0.2019736 0.5407737
vt 0.2435892 0.5427321
vt 0.2024632 0.5016061
vt 0.1750459 0.5001373
vt 0.155462 0.4952414
vt 0.1402846 0.4971997
vt 0.2347765 0.5001373
vt 0.2621939 0.4869182
vt 0.1544828 0.4849599
vt 0.1393054 0.4717408
vt 0.1353886 0.47272
vt 0.1304927 0.4457922
vt 0.2984239 0.4942622
vt 0.3038095 0.5348986
vt 0.3287789 0.5309818
vt 0.3302477 0.4942622
vt 0.3136014 0.4741888
vt 0.332206 0.4599905
vt 0.2964656 0.444813
vt 0.318987 0.4413859
vt 0.3444459 0.4394275
vt 0.3361228 0.4222916
vt 0.3096846 0.4222916
vt 0.3542379 0.4536257
vt 0.3503211 0.4741888
vt 0.3645194 0.4609697
vt 0.3836136 0.4404067
vt 0.2793297 0.4173957
vt 0.3586442 0.4781055
vt 0.3694153 0.4619489
vt 0.3870407 0.4423651
vt 0.3978119 0.444813
vt 0.3880199 0.4658656
vt 0.3826344 0.4923038
vt 0.3513003 0.4962206
vt 0.3493419 0.511398
vt 0.3865511 0.5177628
vt 0.4364899 0.4697824
vt 0.4374691 0.444813
vt 0.4810431 0.4384483
vt 0.4859391 0.4688032
vt 0.5407737 0.4477506
vt 0.5339195 0.4252292
vt 0.5471385 0.4697824
vt 0.4903454 0.4913246
vt 0.5579096 0.5011165
vt 0.4991581 0.5207003
vt 0.5652536 0.5275547
vt 0.5065021 0.5500761
vt 0.5765142 0.5569304
vt 0.5197212 0.5833686
vt 0.5295131 0.6029524
vt 0.585327 0.580431
vt 0.5956085 0.6098067
vt 0.5397946 0.6303698
vt 0.6029524 0.6303698
vt 0.5510553 0.6514224
vt 0.6127443 0.6524016
vt 0.5613368 0.672475
vt 0.4487298 0.5397946
vt 0.4585217 0.5681911
vt 0.4017286 0.5652536
vt 0.4120101 0.5877749
vt 0.3586442 0.585327
vt 0.3929159 0.5437114
vt 0.3532586 0.5603576
vt 0.3674569 0.6088275
vt 0.4252292 0.6210675
vt 0.3816552 0.6362449
vt 0.3777384 0.6372241
vt 0.4335523 0.6430992
vt 0.3948743 0.6572975
vt 0.3513003 0.5451801
vt 0.4707616 0.600994
vt 0.4394275 0.5065021
vt 0.4800639 0.6220466
vt 0.4364899 0.4830015
vt 0.493283 0.6504432
vt 0.5074813 0.6729646
vt 0.4697824 0.7013611
vt 0.4526466 0.6768813
vt 0.4585217 0.7131114
vt 0.42425 0.6901004
vt 0.4859391 0.7282889
vt 0.4903454 0.718497
vt 0.4457922 0.6656206
vt 0.5226587 0.693038
vt 0.4031974 0.6665998
vt 0.3542379 0.5867957
vt 0.3503211 0.5295131
vt 0.3038095 0.6430992
vt 0.2793297 0.4697824
vt 0.2621939 0.449709
vt 0.2470164 0.4629281
vt 0.2254742 0.4732096
vt 0.2000152 0.4761471
vt 0.1789626 0.475168
vt 0.1970777 0.4536257
vt 0.1799418 0.4526466
vt 0.162806 0.4658656
vt 0.1505661 0.454605
vt 0.1716187 0.4477506
vt 0.1598684 0.4374691
vt 0.2166615 0.4506882
vt 0.1686811 0.42425
vt 0.1495869 0.4232708
vt 0.1383262 0.4345315
vt 0.1412638 0.4100517
vt 0.1270655 0.4164165
vt 0.1608476 0.4149477
vt 0.1789626 0.4139685
vt 0.1544828 0.4041766
vt 0.1706395 0.4022182
vt 0.1740667 0.4080934
vt 0.1799418 0.3997702
vt 0.1735771 0.3929159
vt 0.1848378 0.3919367
vt 0.1779834 0.3845928
vt 0.1667227 0.3978119
vt 0.1667227 0.3865511
vt 0.1706395 0.3777384
vt 0.1848378 0.4041766
vt 0.1892441 0.4080934
vt 0.1848378 0.4173957
vt 0.1960985 0.4017286
vt 0.1951193 0.4120101
vt 0.2019736 0.4051558
vt 0.1902233 0.3968327
vt 0.2054008 0.4203332
vt 0.1941401 0.4193541
vt 0.1828794 0.4325731
vt 0.1951193 0.4345315
vt 0.2102967 0.4306148
vt 0.2093176 0.4090725
vt 0.2337973 0.4423651
vt 0.2235158 0.4232708
vt 0.2445684 0.431594
vt 0.2548499 0.4193541
vt 0.2734546 0.431594
vt 0.2435892 0.4110309
vt 0.2602355 0.3997702
vt 0.2318389 0.4183749
vt 0.2793297 0.4017286
vt 0.3018511 0.4007494
vt 0.2945072 0.3787176
vt 0.3219245 0.3767592
vt 0.3277997 0.3958535
vt 0.2754129 0.3826344
vt 0.2832465 0.3713737
vt 0.2852049 0.362561
vt 0.2264534 0.4071142
vt 0.2460372 0.3948743
vt 0.2587667 0.380676
vt 0.2631731 0.3723529
vt 0.2690482 0.3615818
vt 0.272965 0.3522795
vt 0.2426101 0.3880199
vt 0.2386933 0.4017286
vt 0.2235158 0.4007494
vt 0.2328181 0.3909575
vt 0.2386933 0.3777384
vt 0.229391 0.3816552
vt 0.2225366 0.3929159
vt 0.2102967 0.4007494
vt 0.2102967 0.3938951
vt 0.2102967 0.3865511
vt 0.2044216 0.3865511
vt 0.2009944 0.3958535
vt 0.2205783 0.3845928
vt 0.1951193 0.3919367
vt 0.2264534 0.3748009
vt 0.2186199 0.3767592
vt 0.2102967 0.3787176
vt 0.1902233 0.3870407
vt 0.1980568 0.3826344
vt 0.1902233 0.3748009
vt 0.1838586 0.3826344
vt 0.199036 0.3738217
vt 0.2093176 0.3713737
vt 0.1931609 0.3654985
vt 0.2009944 0.3645194
vt 0.2093176 0.362561
vt 0.1931609 0.3586442
vt 0.1828794 0.3674569
vt 0.185817 0.3532586
vt 0.1735771 0.3581546
vt 0.2009944 0.3561962
vt 0.1921817 0.3493419
vt 0.2009944 0.3473835
vt 0.1882649 0.3429771
vt 0.1980568 0.3361228
vt 0.185817 0.3341644
vt 0.1970777 0.3258413
vt 0.1838586 0.3268205
vt 0.1735771 0.3380812
vt 0.1819002 0.3483627
vt 0.1686811 0.3302477
vt 0.1593788 0.3444459
vt 0.1525245 0.3380812
vt 0.1598684 0.3606026
vt 0.1696603 0.3674569
vt 0.1598684 0.3728425
vt 0.1486077 0.3532586
vt 0.1412638 0.3464043
vt 0.1402846 0.3615818
vt 0.132451 0.3586442
vt 0.1353886 0.3713737
vt 0.1270655 0.3703945
vt 0.1304927 0.3865511
vt 0.1251071 0.3870407
vt 0.1515453 0.3787176
vt 0.1456701 0.3870407
vt 0.137347 0.398791
vt 0.1574204 0.3865511
vt 0.1608476 0.3919367
vt 0.1505661 0.3958535
vt 0.1735771 0.3767592
vt 0.176025 0.3728425
vt 0.7052779 0.5309818
vt 0.6969547 0.5065021
vt 0.7101738 0.5016061
vt 0.7165385 0.5275547
vt 0.7033195 0.4732096
vt 0.6891212 0.4771263
vt 0.6969547 0.449709
vt 0.6817773 0.454605
vt 0.731716 0.5593784
vt 0.7204553 0.5652536
vt 0.7439559 0.5843478
vt 0.7326952 0.5877749
vt 0.6871628 0.4213125
vt 0.6714958 0.4271876
vt 0.6798189 0.4017286
vt 0.6656206 0.4080934
vt 0.6739438 0.3816552
vt 0.6607247 0.3870407
vt 0.7537478 0.6127443
vt 0.7395496 0.6161715
vt 0.7033195 0.5721079
vt 0.6881421 0.5358778
vt 0.6798189 0.5143356
vt 0.7140906 0.5936501
vt 0.6646414 0.5207003
vt 0.672475 0.4839807
vt 0.6553391 0.4903454
vt 0.6484848 0.5275547
vt 0.6391824 0.4962206
vt 0.631349 0.4732096
vt 0.6475056 0.467824
vt 0.6572975 0.5461593
vt 0.6230258 0.444813
vt 0.6161715 0.4252292
vt 0.6117651 0.406135
vt 0.6382033 0.4404067
vt 0.631349 0.4203332
vt 0.6269426 0.4007494
vt 0.6646414 0.4609697
vt 0.6543599 0.4335523
vt 0.6475056 0.4139685
vt 0.6430992 0.3948743
vt 0.6636623 0.5623159
vt 0.672475 0.5823894
vt 0.6788397 0.6049108
vt 0.6891212 0.6323282
vt 0.6969547 0.6005044
vt 0.7042987 0.6279218
vt 0.6871628 0.5774934
vt 0.6768813 0.5530136
vt 0.672475 0.5397946
vt 0.7214345 0.6220466
vt 0.2274326 0.3312269
vt 0.2132343 0.332206
vt 0.2122551 0.3277997
vt 0.2112759 0.3454251
vt 0.2225366 0.3444459
vt 0.2205783 0.3522795
vt 0.2102967 0.3542379
vt 0.2377141 0.3454251
vt 0.2435892 0.3351436
vt 0.2558291 0.3522795
vt 0.2426101 0.3571754
vt 0.2308598 0.3581546
vt 0.2587667 0.3439564
vt 0.2528916 0.3586442
vt 0.2509332 0.3713737
vt 0.2337973 0.3674569
vt 0.224495 0.3694153
vt 0.2215574 0.3606026
vt 0.2161719 0.3703945
vt 0.2166615 0.4110309
vt 0.2054008 0.398791
vt 0.8257184 0.4629281
vt 0.8947514 0.4394275
vt 0.9001369 0.4590113
vt 0.8320832 0.4859391
vt 0.8428543 0.5104188
vt 0.9089496 0.475168
vt 0.9172727 0.4913246
vt 0.8521566 0.5300027
vt 0.9290231 0.5158044
vt 0.8634173 0.5559512
vt 0.818864 0.4364899
vt 0.7669669 0.4526466
vt 0.7733316 0.4810431
vt 0.8859386 0.4164165
vt 0.8785947 0.3919367
vt 0.8105409 0.4120101
vt 0.8717404 0.3664777
vt 0.800749 0.3865511
vt 0.7934051 0.5339195
vt 0.7811652 0.5055229
vt 0.8046658 0.5569304
vt 0.798301 0.3748009
vt 0.867334 0.3410188
vt 0.7934051 0.3522795
vt 0.7498311 0.3997702
vt 0.7449351 0.3845928
vt 0.7292681 0.4648865
vt 0.7356328 0.4942622
vt 0.7566854 0.5500761
vt 0.7424871 0.518742
vt 0.7121322 0.4120101
vt 0.706257 0.3938951
vt 0.7214345 0.4404067
vt 0.7581542 0.4271876
vt 0.7689253 0.5735767
vt 0.7792068 0.6019732
vt 0.8169057 0.5843478
vt 0.7008715 0.3723529
vt 0.7395496 0.3615818
vt 0.9402838 0.1211903
vt 0.9446901 0.1020961
vt 0.9270647 0.09768976
vt 0.9290231 0.1280447
vt 0.9099289 0.1020961
vt 0.9138456 0.1290239
vt 0.8898554 0.1060129
vt 0.8785947 0.07957472
vt 0.8653756 0.1099296
vt 0.8604797 0.07859553
vt 0.8834907 0.05803252
vt 0.8663548 0.04628222
vt 0.8805531 0.04089667
vt 0.8918138 0.04726142
vt 0.9060121 0.05607414
vt 0.8986681 0.06537645
vt 0.892793 0.07859553
vt 0.8898554 0.1314719
vt 0.8624381 0.1505661
vt 0.8433439 0.1486077
vt 0.8462814 0.1099296
vt 0.8805531 0.1505661
vt 0.9020953 0.1466493
vt 0.8957306 0.1544828
vt 0.9079704 0.1593788
vt 0.9118872 0.155462
vt 0.9192312 0.155462
vt 0.9162936 0.1451805
vt 0.9251063 0.1564412
vt 0.931471 0.1525245
vt 0.8937722 0.162806
vt 0.9040537 0.1647644
vt 0.8795739 0.162806
vt 0.8585213 0.1618268
vt 0.8418751 0.162806
vt 0.892793 0.1725979
vt 0.8795739 0.1725979
vt 0.8918138 0.1789626
vt 0.8834907 0.1789626
vt 0.8785947 0.176025
vt 0.8795739 0.1789626
vt 0.8776155 0.1779834
vt 0.8756571 0.1789626
vt 0.8727196 0.1789626
vt 0.8653756 0.1725979
vt 0.8634173 0.1789626
vt 0.8541149 0.1789626
vt 0.8521566 0.1716187
vt 0.849219 0.1750459
vt 0.8501981 0.1789626
vt 0.849219 0.1779834
vt 0.8462814 0.1789626
vt 0.844323 0.1789626
vt 0.8369791 0.1789626
vt 0.8399166 0.1725979
vt 0.8276768 0.1789626
vt 0.82376 0.1725979
vt 0.82376 0.1750459
vt 0.8247392 0.1789626
vt 0.8227808 0.1779834
vt 0.818864 0.1789626
vt 0.8105409 0.1789626
vt 0.8149473 0.1677019
vt 0.7992802 0.1789626
vt 0.8017282 0.1637852
vt 0.7953635 0.1789626
vt 0.7953635 0.1637852
vt 0.8046658 0.1535037
vt 0.7953635 0.1525245
vt 0.8076034 0.1412638
vt 0.7953635 0.1383262
vt 0.8124993 0.1050337
vt 0.7953635 0.1030753
vt 0.7904675 0.1789626
vt 0.7885091 0.1657435
vt 0.7894883 0.1535037
vt 0.7821444 0.1667227
vt 0.7821444 0.1789626
vt 0.7894883 0.1383262
vt 0.7831236 0.1393054
vt 0.7821444 0.1544828
vt 0.7762693 0.142243
vt 0.7743108 0.155462
vt 0.7650086 0.1451805
vt 0.7743108 0.1667227
vt 0.7733316 0.1789626
vt 0.7650086 0.1583996
vt 0.7566854 0.1451805
vt 0.754727 0.1574204
vt 0.7689253 0.1706395
vt 0.7601126 0.1686811
vt 0.7689253 0.1789626
vt 0.7821444 0.1921817
vt 0.7733316 0.1921817
vt 0.7821444 0.2093176
vt 0.7733316 0.2093176
vt 0.7689253 0.1921817
vt 0.7689253 0.2093176
vt 0.7591334 0.1162944
vt 0.7782276 0.1099296
vt 0.7650086 0.07859553
vt 0.7953635 0.07859553
vt 0.7953635 0.04628222
vt 0.7640293 0.04628222
vt 0.8115201 0.04628222
vt 0.8124993 0.07859553
vt 0.8115201 0.03306314
vt 0.7953635 0.03306314
vt 0.7630501 0.03306314
vt 0.7307369 0.04628222
vt 0.7307369 0.03306314
vt 0.7033195 0.03306314
vt 0.7023403 0.04628222
vt 0.7297577 0.07859553
vt 0.6998923 0.07859553
vt 0.6817773 0.07957472
vt 0.6759021 0.1148256
vt 0.6617039 0.1089505
vt 0.6714958 0.0825123
vt 0.6533808 0.1020961
vt 0.6607247 0.08447067
vt 0.685694 0.04628222
vt 0.7292681 0.119232
vt 0.6959755 0.119232
vt 0.6866732 0.03306314
vt 0.672475 0.04383425
vt 0.6768813 0.03306314
vt 0.6685582 0.03306314
vt 0.6646414 0.03697991
vt 0.6587663 0.03306314
vt 0.6563183 0.03600071
vt 0.6607247 0.04089667
vt 0.6597455 0.05803252
vt 0.6504432 0.05215737
vt 0.6421201 0.06537645
vt 0.6504432 0.06929322
vt 0.6352657 0.07761634
vt 0.6430992 0.08055391
vt 0.6484848 0.04187586
vt 0.6382033 0.05215737
vt 0.6303698 0.06341807
vt 0.624005 0.07369957
vt 0.6279218 0.0927938
vt 0.6171507 0.09083542
vt 0.6249842 0.1030753
vt 0.6137235 0.1016065
vt 0.6303698 0.1050337
vt 0.6220466 0.1128672
vt 0.6117651 0.1109088
vt 0.6269426 0.1148256
vt 0.6382033 0.1079713
vt 0.6333073 0.1162944
vt 0.6465264 0.1109088
vt 0.6411409 0.1202112
vt 0.6342865 0.09475219
vt 0.6435888 0.09866895
vt 0.6514224 0.1231487
vt 0.6524016 0.08349148
vt 0.6572975 0.07663715
vt 0.667579 0.06635564
vt 0.6362449 0.1270655
vt 0.6435888 0.1314719
vt 0.6372241 0.1334302
vt 0.631349 0.1334302
vt 0.631349 0.1393054
vt 0.6372241 0.1393054
vt 0.6269426 0.1393054
vt 0.6269426 0.1456701
vt 0.6210675 0.1393054
vt 0.6210675 0.1456701
vt 0.6171507 0.1393054
vt 0.6171507 0.1456701
vt 0.6171507 0.1583996
vt 0.6117651 0.1583996
vt 0.6117651 0.1456701
vt 0.6210675 0.1583996
vt 0.6117651 0.1393054
vt 0.6117651 0.1334302
vt 0.6171507 0.1334302
vt 0.6210675 0.1334302
vt 0.6269426 0.1583996
vt 0.6269426 0.1334302
vt 0.631349 0.1583996
vt 0.631349 0.1456701
vt 0.6293905 0.1260863
vt 0.624005 0.1231487
vt 0.6171507 0.1241279
vt 0.6117651 0.1270655
vt 0.6372241 0.1583996
vt 0.6372241 0.1456701
vt 0.6372241 0.1618268
vt 0.631349 0.1618268
vt 0.6372241 0.1667227
vt 0.631349 0.1667227
vt 0.6269426 0.1618268
vt 0.6269426 0.1667227
vt 0.6210675 0.1618268
vt 0.6210675 0.1667227
vt 0.6171507 0.1618268
vt 0.6171507 0.1667227
vt 0.6117651 0.1667227
vt 0.6117651 0.1618268
vt 0.6117651 0.1819002
vt 0.6171507 0.1819002
vt 0.6117651 0.1912025
vt 0.6171507 0.1912025
vt 0.6210675 0.1912025
vt 0.6210675 0.1819002
vt 0.6171507 0.199036
vt 0.6210675 0.199036
vt 0.6269426 0.199036
vt 0.6269426 0.1912025
vt 0.6269426 0.1819002
vt 0.631349 0.1912025
vt 0.631349 0.1819002
vt 0.631349 0.199036
vt 0.6289009 0.20638
vt 0.6372241 0.199036
vt 0.6372241 0.1912025
vt 0.6372241 0.1819002
vt 0.6259634 0.2102967
vt 0.6210675 0.2112759
vt 0.6210675 0.2132343
vt 0.6269426 0.2112759
vt 0.6323282 0.20638
vt 0.6181298 0.2093176
vt 0.6181298 0.2112759
vt 0.6151923 0.20638
vt 0.6117651 0.199036
vt 0.9138456 0.07761634
vt 0.9304919 0.07957472
vt 0.9192312 0.06733483
vt 0.9505653 0.1290239
vt 0.9456693 0.1505661
vt 0.9525236 0.1495869
vt 0.9437109 0.1618268
vt 0.954482 0.1618268
vt 0.954482 0.1677019
vt 0.9437109 0.1677019
vt 0.931471 0.1618268
vt 0.931471 0.1677019
vt 0.9231479 0.1618268
vt 0.9231479 0.1677019
vt 0.931471 0.1735771
vt 0.9231479 0.1735771
vt 0.9437109 0.1735771
vt 0.931471 0.1867962
vt 0.9437109 0.1867962
vt 0.954482 0.1735771
vt 0.954482 0.1867962
vt 0.9437109 0.1902233
vt 0.954482 0.1902233
vt 0.9231479 0.1867962
vt 0.9231479 0.1902233
vt 0.931471 0.1902233
vt 0.931471 0.1941401
vt 0.9231479 0.1941401
vt 0.931471 0.2102967
vt 0.9231479 0.2102967
vt 0.9437109 0.1941401
vt 0.9437109 0.2102967
vt 0.931471 0.2186199
vt 0.9437109 0.2186199
vt 0.954482 0.1941401
vt 0.954482 0.2102967
vt 0.954482 0.2186199
vt 0.9446901 0.2274326
vt 0.9525236 0.229391
vt 0.9334294 0.2274326
vt 0.9353878 0.2328181
vt 0.9437109 0.2337973
vt 0.9251063 0.229391
vt 0.9295127 0.2357557
vt 0.9383254 0.2406517
vt 0.9446901 0.2386933
vt 0.9334294 0.2416309
vt 0.9231479 0.2186199
vt 0.9495861 0.2367349
vt 0.6998923 0.1789626
vt 0.7033195 0.1706395
vt 0.6969547 0.1789626
vt 0.6910796 0.1789626
vt 0.6969547 0.1921817
vt 0.6910796 0.1921817
vt 0.6827565 0.1789626
vt 0.6949964 0.1696603
vt 0.6866732 0.1696603
vt 0.6788397 0.1686811
vt 0.6739438 0.1789626
vt 0.6695374 0.1667227
vt 0.6685582 0.1789626
vt 0.6817773 0.1583996
vt 0.6714958 0.1574204
vt 0.6901004 0.1593788
vt 0.672475 0.1442013
vt 0.6587663 0.1544828
vt 0.6607247 0.1657435
vt 0.6626831 0.1789626
vt 0.6587663 0.1466493
vt 0.6563183 0.1363678
vt 0.6597455 0.1300031
vt 0.6504432 0.132451
vt 0.6866732 0.1466493
vt 0.6940172 0.1466493
vt 0.6998923 0.1583996
vt 0.7023403 0.1466493
vt 0.7131114 0.1583996
vt 0.7175178 0.1456701
vt 0.7204553 0.1583996
vt 0.7175178 0.1696603
vt 0.7082155 0.1696603
vt 0.7155594 0.1789626
vt 0.7072363 0.1789626
vt 0.7263305 0.1696603
vt 0.7307369 0.1583996
vt 0.7326952 0.1451805
vt 0.7253513 0.1789626
vt 0.7263305 0.1456701
vt 0.7336744 0.1706395
vt 0.7307369 0.1789626
vt 0.7307369 0.1921817
vt 0.7253513 0.1921817
vt 0.7155594 0.1921817
vt 0.7072363 0.1921817
vt 0.7013611 0.1921817
vt 0.7013611 0.1789626
vt 0.7434663 0.1574204
vt 0.7468935 0.1451805
vt 0.7517895 0.1686811
vt 0.7434663 0.1686811
vt 0.7405288 0.1789626
vt 0.7498311 0.1789626
vt 0.7581542 0.1789626
vt 0.7581542 0.1921817
vt 0.7640293 0.1921817
vt 0.7640293 0.1789626
vt 0.7498311 0.1921817
vt 0.7405288 0.1921817
vt 0.7356328 0.1789626
vt 0.7356328 0.1921817
vt 0.7669669 0.1779834
vt 0.7336744 0.1789626
vt 0.7640293 0.2093176
vt 0.7498311 0.2093176
vt 0.7581542 0.2093176
vt 0.7640293 0.2122551
vt 0.7581542 0.2122551
vt 0.7640293 0.2151927
vt 0.7581542 0.2151927
vt 0.7498311 0.2122551
vt 0.7498311 0.2151927
vt 0.7405288 0.2122551
vt 0.7405288 0.2151927
vt 0.7356328 0.2122551
vt 0.7356328 0.2151927
vt 0.7640293 0.2264534
vt 0.7581542 0.2264534
vt 0.7498311 0.2264534
vt 0.7405288 0.2093176
vt 0.7405288 0.2264534
vt 0.7356328 0.2093176
vt 0.7356328 0.2264534
vt 0.7640293 0.2386933
vt 0.7581542 0.2386933
vt 0.7640293 0.2435892
vt 0.7581542 0.2435892
vt 0.7640293 0.2460372
vt 0.7581542 0.2460372
vt 0.7498311 0.2435892
vt 0.7498311 0.2460372
vt 0.7405288 0.2435892
vt 0.7405288 0.2460372
vt 0.7640293 0.2592563
vt 0.7581542 0.2592563
vt 0.7640293 0.2661106
vt 0.7581542 0.2661106
vt 0.7498311 0.2592563
vt 0.7498311 0.2661106
vt 0.7405288 0.2592563
vt 0.7405288 0.2661106
vt 0.7356328 0.2661106
vt 0.7356328 0.2592563
vt 0.7415079 0.272965
vt 0.7498311 0.272965
vt 0.7576646 0.272965
vt 0.7601126 0.272965
vt 0.7527686 0.2783505
vt 0.7385704 0.272965
vt 0.7424871 0.2763921
vt 0.7459143 0.2783505
vt 0.7498311 0.2793297
vt 0.7566854 0.2763921
vt 0.7356328 0.2460372
vt 0.7356328 0.2435892
vt 0.7356328 0.2386933
vt 0.7405288 0.2386933
vt 0.7498311 0.2386933
vt 0.9270647 0.8178849
vt 0.9138456 0.8257184
vt 0.9138456 0.8105409
vt 0.9011161 0.8105409
vt 0.9011161 0.8257184
vt 0.9011161 0.8389375
vt 0.9138456 0.8389375
vt 0.9138456 0.7934051
vt 0.9270647 0.7934051
vt 0.9270647 0.8531358
vt 0.9138456 0.7659878
vt 0.9011161 0.7934051
vt 0.9011161 0.7659878
vt 0.9138456 0.7415079
vt 0.9011161 0.7415079
vt 0.9138456 0.7013611
vt 0.9270647 0.7013611
vt 0.9270647 0.7415079
vt 0.9011161 0.7013611
vt 0.8888762 0.7934051
vt 0.9138456 0.667579
vt 0.9270647 0.667579
vt 0.9270647 0.7659878
vt 0.9011161 0.667579
vt 0.9011161 0.6372241
vt 0.9138456 0.6372241
vt 0.9270647 0.6372241
vt 0.8888762 0.7415079
vt 0.8888762 0.7013611
vt 0.8888762 0.7659878
vt 0.8888762 0.667579
vt 0.8888762 0.6372241
vt 0.8888762 0.8105409
vt 0.8888762 0.8257184
vt 0.8888762 0.8389375
vt 0.8888762 0.8531358
vt 0.9011161 0.8531358
vt 0.8888762 0.8653756
vt 0.9011161 0.8918138
vt 0.9138456 0.8531358
vt 0.9270647 0.8918138
vt 0.9138456 0.8918138
vt 0.8888762 0.8918138
vt 0.9020953 0.1789626
vt 0.9040537 0.1716187
vt 0.9020953 0.1921817
vt 0.8918138 0.1921817
vt 0.8834907 0.1921817
vt 0.8795739 0.1921817
vt 0.9020953 0.2083384
vt 0.8918138 0.2083384
vt 0.9020953 0.2112759
vt 0.8918138 0.2112759
vt 0.8834907 0.2083384
vt 0.8834907 0.2112759
vt 0.9020953 0.2142135
vt 0.8918138 0.2142135
vt 0.9020953 0.2274326
vt 0.8918138 0.2274326
vt 0.8834907 0.2142135
vt 0.8795739 0.2112759
vt 0.8795739 0.2142135
vt 0.8834907 0.2274326
vt 0.8795739 0.2083384
vt 0.8795739 0.2274326
vt 0.8918138 0.2396725
vt 0.9020953 0.2396725
vt 0.8918138 0.2435892
vt 0.9020953 0.2435892
vt 0.8834907 0.2396725
vt 0.8834907 0.2435892
vt 0.8795739 0.2396725
vt 0.8795739 0.2435892
vt 0.9020953 0.2460372
vt 0.8918138 0.2460372
vt 0.8918138 0.2592563
vt 0.9020953 0.2592563
vt 0.8918138 0.2670898
vt 0.9020953 0.2670898
vt 0.8834907 0.2592563
vt 0.8834907 0.2670898
vt 0.8918138 0.2710066
vt 0.9020953 0.2719858
vt 0.8834907 0.2719858
vt 0.8795739 0.2592563
vt 0.8795739 0.2670898
vt 0.8805531 0.2734546
vt 0.8918138 0.2763921
vt 0.8834907 0.2773713
vt 0.8825115 0.2812881
vt 0.9001369 0.2773713
vt 0.8918138 0.2842257
vt 0.8854491 0.2832465
vt 0.8996474 0.2832465
vt 0.8996474 0.2842257
vt 0.8918138 0.2852049
vt 0.8854491 0.2842257
vt 0.8795739 0.2460372
vt 0.8834907 0.2460372
vt 0.8208224 0.1789626
vt 0.8208224 0.1921817
vt 0.818864 0.1921817
vt 0.8105409 0.1921817
vt 0.7992802 0.1921817
vt 0.7953635 0.1921817
vt 0.7953635 0.2093176
vt 0.7992802 0.2093176
vt 0.7904675 0.1921817
vt 0.7904675 0.2093176
vt 0.8105409 0.2093176
vt 0.818864 0.2093176
vt 0.8208224 0.2093176
vt 0.7953635 0.2122551
vt 0.7992802 0.2122551
vt 0.7904675 0.2122551
vt 0.8105409 0.2122551
vt 0.7953635 0.2151927
vt 0.7992802 0.2151927
vt 0.7992802 0.2357557
vt 0.7953635 0.2357557
vt 0.7904675 0.2151927
vt 0.7904675 0.2357557
vt 0.8105409 0.2151927
vt 0.8105409 0.2357557
vt 0.818864 0.2122551
vt 0.818864 0.2151927
vt 0.8208224 0.2122551
vt 0.8208224 0.2151927
vt 0.7821444 0.2122551
vt 0.7821444 0.2151927
vt 0.7733316 0.2122551
vt 0.7689253 0.2122551
vt 0.7733316 0.2151927
vt 0.7821444 0.2357557
vt 0.7733316 0.2357557
vt 0.7689253 0.2151927
vt 0.7689253 0.2357557
vt 0.7821444 0.2396725
vt 0.7733316 0.2396725
vt 0.7689253 0.2396725
vt 0.7904675 0.2396725
vt 0.7904675 0.2426101
vt 0.7821444 0.2426101
vt 0.7904675 0.2651314
vt 0.7821444 0.2651314
vt 0.7894883 0.2710066
vt 0.7821444 0.2710066
vt 0.7733316 0.2651314
vt 0.7743108 0.2710066
vt 0.7924259 0.2710066
vt 0.7953635 0.2651314
vt 0.785082 0.2763921
vt 0.7718629 0.2710066
vt 0.7689253 0.2651314
vt 0.7875299 0.2744338
vt 0.7752901 0.2744338
vt 0.7782276 0.2754129
vt 0.7821444 0.2763921
vt 0.7733316 0.2426101
vt 0.7689253 0.2426101
vt 0.8002594 0.2700274
vt 0.7992802 0.2651314
vt 0.8105409 0.2690482
vt 0.8105409 0.2651314
vt 0.818864 0.2651314
vt 0.818864 0.2426101
vt 0.8105409 0.2426101
vt 0.8208224 0.2426101
vt 0.8208224 0.2651314
vt 0.818864 0.2690482
vt 0.8105409 0.272965
vt 0.8178849 0.2734546
vt 0.800749 0.2744338
vt 0.7973219 0.2710066
vt 0.800749 0.2773713
vt 0.8036866 0.2783505
vt 0.8105409 0.2793297
vt 0.8149473 0.2783505
vt 0.8208224 0.2710066
vt 0.8178849 0.2773713
vt 0.8144577 0.2793297
vt 0.8105409 0.2803089
vt 0.8046658 0.2793297
vt 0.7953635 0.2426101
vt 0.7992802 0.2426101
vt 0.7992802 0.2396725
vt 0.7953635 0.2396725
vt 0.8105409 0.2396725
vt 0.818864 0.2396725
vt 0.8208224 0.2396725
vt 0.818864 0.2357557
vt 0.8208224 0.2357557
vt 0.7155594 0.2122551
vt 0.7155594 0.2151927
vt 0.7253513 0.2151927
vt 0.7253513 0.2122551
vt 0.7072363 0.2122551
vt 0.7072363 0.2151927
vt 0.7013611 0.2151927
vt 0.7013611 0.2122551
vt 0.7307369 0.2151927
vt 0.7307369 0.2122551
vt 0.7155594 0.2093176
vt 0.7253513 0.2093176
vt 0.7253513 0.2264534
vt 0.7155594 0.2264534
vt 0.7072363 0.2093176
vt 0.7072363 0.2264534
vt 0.7013611 0.2093176
vt 0.7307369 0.2093176
vt 0.7155594 0.2386933
vt 0.7072363 0.2386933
vt 0.7155594 0.2435892
vt 0.7072363 0.2435892
vt 0.7155594 0.2460372
vt 0.7253513 0.2460372
vt 0.7253513 0.2435892
vt 0.7307369 0.2460372
vt 0.7307369 0.2435892
vt 0.7072363 0.2460372
vt 0.7013611 0.2435892
vt 0.7013611 0.2460372
vt 0.7155594 0.2592563
vt 0.7072363 0.2592563
vt 0.7155594 0.2661106
vt 0.7253513 0.2661106
vt 0.7253513 0.2592563
vt 0.7072363 0.2661106
vt 0.7013611 0.2661106
vt 0.7013611 0.2592563
vt 0.7052779 0.272965
vt 0.7072363 0.272965
vt 0.7082155 0.2773713
vt 0.7155594 0.272965
vt 0.7243721 0.272965
vt 0.7282889 0.272965
vt 0.7243721 0.2773713
vt 0.7307369 0.2661106
vt 0.7204553 0.2803089
vt 0.7121322 0.2793297
vt 0.7155594 0.2803089
vt 0.7307369 0.2592563
vt 0.8756571 0.2083384
vt 0.8727196 0.2083384
vt 0.8727196 0.2112759
vt 0.8756571 0.2112759
vt 0.8634173 0.2083384
vt 0.8634173 0.2112759
vt 0.8541149 0.2112759
vt 0.8541149 0.2083384
vt 0.8501981 0.2112759
vt 0.8501981 0.2083384
vt 0.8756571 0.2142135
vt 0.8727196 0.2142135
vt 0.8756571 0.2274326
vt 0.8727196 0.2274326
vt 0.8756571 0.1921817
vt 0.8727196 0.1921817
vt 0.8634173 0.1921817
vt 0.8541149 0.1921817
vt 0.8501981 0.1921817
vt 0.8634173 0.2274326
vt 0.8634173 0.2142135
vt 0.8541149 0.2274326
vt 0.8541149 0.2142135
vt 0.8501981 0.2274326
vt 0.8501981 0.2142135
vt 0.8634173 0.2396725
vt 0.8727196 0.2396725
vt 0.8634173 0.2435892
vt 0.8727196 0.2435892
vt 0.8541149 0.2396725
vt 0.8541149 0.2435892
vt 0.8634173 0.2460372
vt 0.8727196 0.2460372
vt 0.8756571 0.2435892
vt 0.8756571 0.2460372
vt 0.8634173 0.2592563
vt 0.8727196 0.2592563
vt 0.8634173 0.2670898
vt 0.8541149 0.2592563
vt 0.8541149 0.2670898
vt 0.8634173 0.2710066
vt 0.8541149 0.2719858
vt 0.8634173 0.2754129
vt 0.8550941 0.2773713
vt 0.8727196 0.2670898
vt 0.8756571 0.2592563
vt 0.8756571 0.2670898
vt 0.8727196 0.2719858
vt 0.8717404 0.2773713
vt 0.8634173 0.2842257
vt 0.8575421 0.2832465
vt 0.874678 0.2744338
vt 0.8702716 0.2832465
vt 0.8727196 0.2812881
vt 0.8702716 0.2842257
vt 0.8634173 0.2852049
vt 0.8575421 0.2842257
vt 0.8541149 0.2822673
vt 0.8511773 0.2734546
vt 0.8501981 0.2670898
vt 0.8501981 0.2592563
vt 0.8501981 0.2460372
vt 0.8541149 0.2460372
vt 0.8501981 0.2435892
vt 0.8501981 0.2396725
vt 0.8736988 0.0379591
vt 0.8736988 0.03306314
vt 0.849219 0.03306314
vt 0.8521566 0.04628222
vt 0.82376 0.04628222
vt 0.8227808 0.03306314
vt 0.8276768 0.07859553
vt 0.828656 0.1079713
vt 0.8482398 0.07859553
vt 0.8198432 0.1442013
vt 0.8178849 0.1574204
vt 0.6827565 0.1921817
vt 0.6739438 0.1921817
vt 0.6685582 0.1921817
vt 0.6626831 0.1921817
vt 0.6910796 0.2093176
vt 0.6827565 0.2093176
vt 0.6910796 0.2122551
vt 0.6969547 0.2122551
vt 0.6969547 0.2093176
vt 0.6827565 0.2122551
vt 0.6910796 0.2151927
vt 0.6827565 0.2151927
vt 0.6739438 0.2151927
vt 0.6739438 0.2122551
vt 0.6685582 0.2151927
vt 0.6685582 0.2122551
vt 0.6910796 0.2264534
vt 0.6827565 0.2264534
vt 0.6739438 0.2093176
vt 0.6739438 0.2264534
vt 0.6685582 0.2093176
vt 0.6626831 0.2122551
vt 0.6626831 0.2093176
vt 0.6685582 0.2264534
vt 0.6626831 0.2264534
vt 0.6626831 0.2151927
vt 0.6626831 0.2386933
vt 0.6685582 0.2386933
vt 0.6626831 0.2435892
vt 0.6685582 0.2435892
vt 0.6626831 0.2460372
vt 0.6685582 0.2460372
vt 0.6739438 0.2386933
vt 0.6739438 0.2435892
vt 0.6827565 0.2386933
vt 0.6827565 0.2435892
vt 0.6910796 0.2386933
vt 0.6910796 0.2435892
vt 0.6626831 0.2592563
vt 0.6685582 0.2592563
vt 0.6626831 0.2661106
vt 0.6685582 0.2661106
vt 0.6739438 0.2592563
vt 0.6739438 0.2661106
vt 0.672475 0.272965
vt 0.6749229 0.272965
vt 0.6827565 0.2592563
vt 0.6827565 0.2661106
vt 0.6837357 0.272965
vt 0.6910796 0.2661106
vt 0.6901004 0.272965
vt 0.6910796 0.2592563
vt 0.6969547 0.2592563
vt 0.6969547 0.2661106
vt 0.693038 0.272965
vt 0.6665998 0.272965
vt 0.6759021 0.2773713
vt 0.6798189 0.2793297
vt 0.6788397 0.2793297
vt 0.6729646 0.2793297
vt 0.6891212 0.2773713
vt 0.6866732 0.2793297
vt 0.6827565 0.2803089
vt 0.6969547 0.2460372
vt 0.6910796 0.2460372
vt 0.6969547 0.2435892
vt 0.6827565 0.2460372
vt 0.6739438 0.2460372
vt 0.6969547 0.2386933
vt 0.6969547 0.2264534
vt 0.6969547 0.2151927
vt 0.8462814 0.1921817
vt 0.844323 0.1921817
vt 0.8369791 0.1921817
vt 0.8276768 0.1921817
vt 0.8247392 0.1921817
vt 0.844323 0.2083384
vt 0.8462814 0.2083384
vt 0.844323 0.2112759
vt 0.8462814 0.2112759
vt 0.844323 0.2142135
vt 0.8369791 0.2142135
vt 0.8369791 0.2112759
vt 0.8462814 0.2142135
vt 0.844323 0.2274326
vt 0.8462814 0.2274326
vt 0.8276768 0.2142135
vt 0.8276768 0.2274326
vt 0.8369791 0.2274326
vt 0.8276768 0.2112759
vt 0.8369791 0.2083384
vt 0.8276768 0.2083384
vt 0.8247392 0.2112759
vt 0.8247392 0.2083384
vt 0.8247392 0.2274326
vt 0.8247392 0.2142135
vt 0.8276768 0.2396725
vt 0.8247392 0.2396725
vt 0.8276768 0.2435892
vt 0.8247392 0.2435892
vt 0.8276768 0.2460372
vt 0.8247392 0.2460372
vt 0.8369791 0.2460372
vt 0.8369791 0.2435892
vt 0.844323 0.2435892
vt 0.844323 0.2460372
vt 0.8462814 0.2435892
vt 0.8462814 0.2460372
vt 0.8276768 0.2592563
vt 0.8247392 0.2592563
vt 0.8276768 0.2670898
vt 0.8247392 0.2670898
vt 0.8369791 0.2670898
vt 0.8369791 0.2592563
vt 0.844323 0.2592563
vt 0.844323 0.2670898
vt 0.8462814 0.2592563
vt 0.8462814 0.2670898
vt 0.844323 0.2719858
vt 0.8462814 0.2734546
vt 0.844323 0.2773713
vt 0.8369791 0.2763921
vt 0.8369791 0.2842257
vt 0.8276768 0.2773713
vt 0.8301247 0.2832465
vt 0.8301247 0.2842257
vt 0.8369791 0.2852049
vt 0.8266976 0.2822673
vt 0.8247392 0.2744338
vt 0.8428543 0.2832465
vt 0.8453022 0.2812881
vt 0.8428543 0.2842257
vt 0.8276768 0.272965
vt 0.8369791 0.2710066
vt 0.7013611 0.2264534
vt 0.7013611 0.2386933
vt 0.7307369 0.2264534
vt 0.7307369 0.2386933
vt 0.7253513 0.2386933
vt 0.8369791 0.2396725
vt 0.844323 0.2396725
vt 0.8462814 0.2396725
vt 0.8756571 0.2396725
vn 0.2310575 0.952899 -0.1964583
vn 0.1369683 0.984262 -0.1116598
vn 0.2310575 0.9136952 -0.3343255
vn 0.5368476 0.749039 -0.3882464
vn 0.5995737 0.7568797 -0.2600853
vn 0.8347969 0.4510897 -0.3156457
vn 0.8269562 0.4667712 -0.3134775
vn 0.6544592 0.6079051 -0.4495938
vn 0.9053639 0.333478 -0.2628853
vn 0.9132047 0.333478 -0.2342
vn 0.1367613 0.990604 0
vn 0.05071974 0.6863127 -0.7255359
vn 0.1056052 0.0590511 -0.9926533
vn 0.7171854 0.333478 -0.611913
vn -0.00416559 0.9921029 -0.1253574
vn 0.9916124 0.0747326 -0.1054512
vn 0.9837716 0.1060957 -0.1446971
vn 0.9837716 -0.02719742 -0.1773523
vn 0.1056052 0.9764213 0.1882791
vn 0.07424206 0.9764213 0.2027057
vn 0.2310575 0.8744913 0.4264709
vn 0.08992362 0.9058544 0.4139342
vn 0.1134459 0.8980137 0.42509
vn 0.1996944 0.5687012 0.7979355
vn 0.215376 0.780402 0.5870144
vn 0.09776437 0.9764213 0.1924672
vn 0.1212867 0.9921029 0.03195819
vn 0.3251468 0.5843827 0.7434893
vn 0.4427583 0.5373381 0.7177973
vn 0.4584399 -0.003675103 0.8887178
vn 0.1683313 -0.003675103 0.9857236
vn 0.0664013 0.00416559 0.9977843
vn 0.1369683 -0.4505991 0.8821565
vn 0.1918536 -0.4662806 0.8635824
vn 0.1369683 -0.3878729 0.9114792
vn 0.1604906 -0.6230961 0.7655025
vn 0.1056052 -0.7955931 0.5965561
vn 0.1526498 -0.7407076 0.6542554
vn 0.1761721 -0.9210454 0.3473309
vn 0.2310575 -0.8426377 0.4863889
vn 0.3721914 -0.4819622 0.7932124
vn 0.4505991 -0.7328669 0.509771
vn 0.1840129 -0.6779815 0.7116743
vn 0.2388983 -0.6152554 0.7512579
vn 0.1918536 -0.3408283 0.9203414
vn 0.2310575 -0.5368476 0.8114229
vn 0.2545798 -0.4349176 0.8637336
vn 0.1291275 -0.6544592 0.7449895
vn 0.003675103 -0.5838922 0.8118228
vn 0.003675103 -0.7328669 0.6803621
vn 0.0664013 -0.7799115 0.6223575
vn 0.003675103 -0.8347969 0.5505457
vn 0.003675103 -0.5525292 0.8334854
vn 0.4819622 -0.8112746 0.3309773
vn 0.7171854 -0.5054845 0.4797192
vn 0.003675103 -0.9602492 0.2791198
vn 0.3643506 -0.3800322 0.8501907
vn 0.7720708 -0.3408283 0.5364166
vn 0.4976438 0.02768797 0.8669395
vn 0.2310575 -0.2388983 0.9431543
vn 0.3016245 -0.01151592 0.9533573
vn 0.1996944 0.00416559 0.9798494
vn 0.3565099 0.5608605 0.747219
vn 0.6544592 0.4118858 0.6340609
vn 0.317306 0.749039 0.5815991
vn 0.1840129 0.9293767 0.3199973
vn 0.1761721 0.5530197 0.8143296
vn 0.1683313 0.8744913 0.4548951
vn 0.215376 0.8980137 0.3836466
vn 0.05856055 0.9607398 0.2712004
vn 0.003675103 0.952899 0.3032654
vn 0.003675103 0.9607398 0.2774266
vn 0.003675103 0.984262 0.1766769
vn 0.08208287 0.984262 0.1564949
vn 0.003675103 0.9999437 0.009956029
vn 0.08208287 0.9921029 0.09483787
vn 0.09776437 0.984262 0.1472087
vn 0.8269562 0.4824527 0.288761
vn 0.3408283 0.8980137 0.2782222
vn 0.003675103 0.9685805 0.2486729
vn 0.8489175 0.5285255 0
vn 0.9916124 -0.1212867 -0.04465934
vn 0.9759308 -0.2075352 0.06699417
vn 0.8818415 -0.4662806 -0.07026989
vn 0.8636815 -0.5040381 0
vn 0.5995737 -0.7955931 -0.08685026
vn 0.6466184 -0.7328669 -0.2116384
vn 0.3643506 0.9215359 0.1342394
vn 0.003675103 0.984262 0.1766769
vn 0.003675103 -0.9994531 -0.03286209
vn 0.003675103 -0.9445677 -0.328296
vn 0.6701407 -0.4584399 -0.5837331
vn 0.8504785 -0.01151592 -0.5258838
vn 0.5760515 0.1923441 -0.7944611
vn 0.003675103 -0.7563892 -0.6541115
vn 0.003675103 -0.4819622 -0.8761843
vn 0.2859429 0.9450583 -0.1584345
vn 0.4662806 -0.3329875 -0.8195741
vn 0.5133253 0.3726819 -0.7730494
vn 0.7485484 0.5843827 -0.3133242
vn 0.5368476 0.6549497 -0.5318229
vn 0.6466184 0.5608605 -0.5170302
vn 0.7171854 0.5608605 -0.413619
vn 0.6466184 0.5687012 -0.5083932
vn 0.6701407 0.6549497 -0.3492167
vn 0.1369683 0.9293767 -0.3427808
vn 0.003675103 0.9921029 -0.1253726
vn 0.003675103 0.9372174 -0.3487262
vn 0.7955931 0.6000643 -0.08339323
vn 0.3016245 0.8980137 -0.3203033
vn 0.2781022 0.9058544 -0.3195105
vn 0.3721914 0.6941536 -0.6161366
vn 0.09776437 0.9921029 0.07857461
vn 0.08208287 0.9921029 -0.09483787
vn 0.003675103 0.9999437 -0.009956029
vn 0.003675103 0.9607398 -0.2774266
vn 0.08992362 0.952899 -0.2896501
vn 0.09776437 0.8744913 -0.4750865
vn 0.003675103 0.882332 -0.4706131
vn 0.08208287 0.8117651 -0.5781866
vn 0.003675103 0.8117651 -0.5839725
vn 0.2702613 0.8274466 -0.4922305
vn 0.2388983 0.8039244 -0.5446404
vn 0.5290068 0.7176759 -0.4528721
vn 0.0664013 0.8274466 -0.5576046
vn 0.003675103 0.8196059 -0.5729159
vn 0.2075352 0.8196059 -0.5340181
vn 0.4976438 0.7098351 -0.4984825
vn 0.7720708 0.5216566 -0.3630168
vn 0.7485484 0.5216566 -0.4093283
vn 0.8191154 0.3962042 -0.4148159
vn 0.4505991 0.7333574 -0.5090652
vn 0.8975231 0.3413188 -0.279202
vn 0.9837716 0.1139365 -0.1386074
vn 0.9680901 0.09825486 -0.2305377
vn 0.8896823 0.302115 -0.342333
vn 0.9367269 0.04336947 -0.347364
vn 0.9680901 0.00416559 -0.250568
vn 0.9680901 0.00416559 -0.250568
vn 0.9053639 -0.1840129 -0.3826951
vn 0.8347969 0.03552872 -0.5494105
vn 0.9524085 0.05121022 -0.3004922
vn 0.7799115 -0.01935667 -0.6255904
vn 0.9367269 -0.2624206 -0.2316854
vn 0.6779815 -0.246739 -0.6924312
vn 0.6779815 -0.0664013 -0.7320737
vn 0.7093446 -0.6779815 -0.1927988
vn 0.4270768 -0.5133253 -0.7443807
vn 0.3486691 -0.5995737 -0.7203758
vn 0.3324744 -0.9431123 0
vn 0.1526498 -0.7171854 -0.6799582
vn 0.003675103 -0.7955931 -0.6058202
vn 0.1526498 -0.9759308 0.155747
vn -0.1766626 -0.8583192 -0.4817452
vn -0.2864334 -0.8504785 -0.4411828
vn 0.003675103 -0.9759308 0.2180494
vn -0.4746119 -0.8269562 -0.3014747
vn 0.003675103 -0.9837716 0.1793879
vn -0.5530197 -0.8269562 -0.1015516
vn 0.003675103 -0.9680901 -0.2505756
vn 0.2232167 -0.6544592 0.722397
vn 0.3094652 -0.6074145 0.7316275
vn 0.08992362 -0.4427583 0.8921204
vn -0.1452995 -0.5368476 0.8310732
vn -0.2158665 -0.7093446 0.6709932
vn 0.003675103 -0.7485484 0.6630699
vn 0.3878729 -0.4113953 0.8248082
vn 0.7407076 -0.2624206 0.6184558
vn -0.3962042 -0.5838922 0.7085846
vn -0.4275673 -0.6230961 0.6549332
vn 0.003675103 -0.7720708 0.6355259
vn 0.003675103 -0.6387776 0.7693827
vn 0.7485484 -0.5446883 0.3781399
vn 0.3329875 -0.8975231 0.2890874
vn 0.2310575 -0.9680901 0.09702616
vn 0.606832 -0.79483 0
vn 0.7877523 -0.4741215 0.3932623
vn 0.9602492 -0.246739 0.1305421
vn 0.9053639 -0.1604906 0.39314
vn 0.9680901 -0.1683313 0.1856508
vn 0.9916124 0.0747326 -0.1054512
vn 0.9837716 0.1060957 -0.1446971
vn 0.9916124 -0.05856055 0.1152197
vn 0.9837716 -0.02719742 -0.1773523
vn 0.8112746 -0.4976438 -0.3068945
vn 0.8818415 -0.317306 -0.3488157
vn 0.1056052 0.0590511 -0.9926533
vn 0.9837716 0.01200646 0.1790234
vn -0.1217772 -0.5682107 -0.8138224
vn -0.04336947 -0.3721914 -0.9271422
vn -0.6549497 0.01984721 -0.7554117
vn -0.8117651 -0.01151592 -0.5838705
vn -0.6941536 -0.2937837 -0.6571468
vn -0.4510897 -0.7093446 -0.5416164
vn 0.08992362 -0.8426377 -0.5309195
vn 0.09776437 -0.9680901 -0.2307462
vn -0.01984721 -0.9916124 -0.1277145
vn -0.678472 -0.4270768 -0.59773
vn -0.7647205 -0.08208287 -0.6391127
vn -0.749039 -0.1056052 -0.6540552
vn -0.5530197 -0.6544592 -0.5156088
vn -0.6000643 -0.6152554 -0.5112569
vn -0.7647205 -0.1840129 -0.6175288
vn -0.2080258 -0.9602492 -0.1861362
vn -0.1374587 -0.9837716 -0.1153197
vn 0.4035545 -0.8347969 0.3745102
vn 0.4662806 -0.7799115 0.4175169
vn 0.7015038 -0.1996944 0.6841159
vn 0.7563892 -0.1291275 0.64125
vn 0.6309369 0.5059751 0.5881394
vn 0.6544592 0.5138158 0.5546859
vn 0.2702613 0.9372174 0.220414
vn 0.246739 0.9450583 0.2144404
vn -0.231548 0.952899 -0.1958799
vn -0.2550704 0.9372174 -0.2378289
vn -0.6941536 0.4746119 -0.5411971
vn -0.6549497 0.5138158 -0.5541067
vn -0.7647205 -0.1840129 -0.6175288
vn -0.749039 -0.1056052 -0.6540552
vn 0.5368476 -0.7563892 0.3737246
vn 0.8034338 -0.1526498 0.575493
vn 0.7015038 -0.489803 0.5176731
vn 0.8269562 0.00416559 0.562251
vn 0.6230961 -0.4584399 0.6337066
vn 0.4270768 -0.86616 0.2595614
vn 0.4349176 -0.8269562 0.3563568
vn 0.7093446 -0.01151592 0.7047678
vn 0.693663 0.5216566 0.4966951
vn 0.6309369 0.4902934 0.6012745
vn 0.5525292 0.5138158 0.6562811
vn 0.4113953 0.8744913 0.2569415
vn 0.4270768 0.8274466 0.3646058
vn 0.1683313 -0.9837716 0.06211352
vn 0.7093446 0.4667712 0.5281618
vn -0.02768797 -0.9994531 -0.01807795
vn 0.3643506 0.9058544 0.2160473
vn -0.4746119 -0.76423 -0.4366875
vn -0.09041411 0.9685805 -0.231683
vn -0.6000643 0.5216566 -0.6064629
vn -0.6235866 0.4981343 -0.6024964
vn -0.1217772 0.952899 -0.2777656
vn -0.4589304 0.5608605 -0.6890707
vn -0.04336947 0.9921029 -0.11769
vn -0.6549497 0.01984721 -0.7554117
vn -0.8117651 -0.01151592 -0.5838705
vn 0.2075352 0.9764213 0.05941903
vn -0.7647205 -0.08208287 -0.6391127
vn 0.1604906 0.9764213 0.1443755
vn 0.5054845 -0.4662806 0.7259943
vn 0.1212867 -0.9916124 -0.04465905
vn 0.144809 0.01200646 0.9893868
vn 0.8426377 -0.1056052 0.528024
vn 0.8347969 -0.03503823 0.5494419
vn 0.6701407 -0.1604906 0.7246752
vn 0.3721914 -0.3016245 0.8777792
vn 0.08992362 -0.3643506 0.9269101
vn -0.2393888 -0.4113953 0.8794583
vn 0.08208287 -0.3721914 0.9245193
vn -0.2237073 -0.4349176 0.8722395
vn -0.4824527 -0.419236 0.7690777
vn -0.647109 -0.3957137 0.6516599
vn -0.4118858 -0.419236 0.8090681
vn -0.5922235 -0.4113953 0.6928386
vn 0.3643506 -0.3016245 0.8810626
vn -0.4746119 -0.5054845 0.7205754
vn -0.7647205 -0.4113953 0.49594
vn -0.8744913 -0.317306 0.3668541
vn -0.9136952 -0.3329875 0.2329816
vn 0.003675103 -0.7955931 0.6058202
vn -0.6549497 -0.5368476 0.5318229
vn -0.2864334 -0.6466184 0.7069941
vn -0.7725613 -0.5525292 0.3128269
vn -0.4510897 -0.7720708 0.4476883
vn -0.3883634 -0.7250261 0.5687802
vn -0.1923441 -0.8975231 0.3968073
vn -0.3099558 -0.9210454 0.2358024
vn -0.01984721 -0.9680901 0.2498154
vn -0.1609811 -0.9837716 0.07923783
vn -0.5530197 -0.7720708 0.3131709
vn -0.5373381 -0.8426377 0.03506543
vn -0.4589304 -0.8426377 -0.2816818
vn -0.08257335 -0.8426377 0.5321122
vn 0.05856055 -0.7407076 0.6692704
vn -0.1374587 -0.5525292 0.8220807
vn 0.3565099 -0.7799115 0.5144305
vn 0.2624206 -0.6074145 0.7497886
vn 0.5211661 -0.5995737 0.6073691
vn 0.1526498 -0.9132047 0.3778297
vn 0.4270768 -0.4035545 0.8091657
vn 0.1056052 -0.4819622 0.8698046
vn -0.1845034 -0.4584399 0.8693626
vn 0.08992362 -0.3957137 0.9139608
vn 0.3878729 -0.3486691 0.85322
vn 0.6152554 -0.4505991 0.6468549
vn 0.6152554 -0.2075352 0.7605196
vn 0.6387776 -0.3016245 0.7078035
vn 0.7955931 -0.08992362 0.5991205
vn 0.9288862 0.01984721 0.3698332
vn 0.9210454 0.00416559 0.3894329
vn 0.9132047 -0.05071974 0.4043325
vn 0.9837716 0.09825486 0.1501317
vn 0.7720708 -0.2232167 0.5950471
vn 0.9982592 0.05898055 0
vn 0.9994531 -0.003675103 -0.03286245
vn 0.9916124 0.04336947 -0.1217539
vn 0.9680901 0.09825486 -0.2305377
vn 0.9837716 0.1139365 -0.1386074
vn 0.9837716 0.1374587 -0.1153197
vn 0.9759308 0.1452995 -0.1626258
vn 0.9524085 0.05121022 -0.3004922
vn 0.7799115 -0.3094652 0.5440306
vn 0.9916124 0.04336947 0.1217539
vn 0.9916124 0.09825486 -0.08396964
vn 0.9602492 0.1139365 -0.254833
vn 0.8975231 0.1060957 -0.428014
vn 0.8347969 0.03552872 -0.5494105
vn 0.9982879 -0.05849227 0
vn 0.9367269 -0.1291275 0.3253748
vn 0.8269562 -0.3800322 0.41439
vn 0.9602492 -0.2545798 0.1145011
vn 0.9759308 -0.1056052 -0.1908052
vn 0.9524085 -0.3016245 -0.04405352
vn 0.8740008 -0.4427583 0.2002191
vn 0.7171854 -0.5133253 0.4713197
vn 0.76423 -0.591733 0.256524
vn 0.7799115 -0.6152554 0.1148863
vn 0.6543148 -0.7562224 0
vn 0.5682107 -0.7563892 0.3240555
vn 0.8818415 -0.4662806 0.07026989
vn 0.3957137 -0.8975231 0.1945841
vn 0.9288862 -0.317306 -0.1910168
vn 0.8740008 -0.4584399 -0.161107
vn 0.7407076 -0.6623 -0.1127426
vn 0.2388983 -0.9680901 0.07569186
vn 0.4976438 -0.8583192 -0.1250553
vn 0.317306 -0.8975231 -0.3062176
vn 0.1056052 -0.9916124 -0.0745149
vn 0.5290068 -0.7955931 -0.2952684
vn 0.7015038 -0.6309369 -0.3313775
vn 0.3329875 -0.7720708 -0.5413188
vn 0.4976438 -0.6779815 -0.54101
vn 0.6544592 -0.5054845 -0.5622887
vn 0.2781022 -0.6466184 -0.7103125
vn 0.01935667 -0.8112746 -0.5843448
vn -0.01984721 -0.5290068 -0.8483854
vn -0.2629111 -0.5603699 -0.7854065
vn 0.4349176 -0.5290068 -0.7286964
vn 0.1526498 -0.3800322 -0.9122903
vn 0.2781022 -0.2781022 -0.919412
vn -0.04336947 -0.1369683 -0.9896256
vn 0.08992362 -0.04287899 -0.9950252
vn -0.05121022 -0.08208287 -0.9953089
vn 0.3486691 -0.5995737 -0.7203758
vn 0.1526498 -0.7171854 -0.6799582
vn -0.1923441 -0.1918536 -0.9623907
vn -0.1688219 -0.2937837 -0.9408455
vn 0.003675103 -0.7955931 -0.6058202
vn -0.3491595 -0.2624206 -0.8995683
vn -0.1766626 -0.8583192 -0.4817452
vn -0.4824527 -0.5133253 -0.709744
vn -0.3491595 -0.6779815 -0.6468607
vn -0.6157458 -0.6544592 -0.4387941
vn -0.4981343 -0.2545798 -0.8288856
vn -0.2864334 -0.8504785 -0.4411828
vn -0.7019944 -0.3251468 -0.6336272
vn -0.4746119 -0.8269562 -0.3014747
vn -0.8666505 -0.317306 -0.3850114
vn -0.5530197 -0.8269562 -0.1015516
vn -0.952899 -0.2702613 -0.1376308
vn 0.003675103 -0.9680901 -0.2505756
vn -0.7568797 -0.5838922 -0.2936033
vn -0.8666505 -0.4819622 -0.1289546
vn -0.9584498 -0.2852613 0
vn -0.7333574 -0.6779815 -0.05027993
vn -0.678472 -0.7250261 0.118376
vn -0.8352874 -0.5368476 0.1186998
vn -0.231548 -0.9210454 -0.3131467
vn -0.1688219 -0.8426377 -0.5113325
vn 0.2075352 0.9215359 0.3281779
vn 0.6466184 0.4432488 0.6208181
vn 0.6074145 0.4275673 0.6695027
vn 0.2232167 0.9215359 0.3177197
vn 0.693663 -0.3486691 0.6302868
vn 0.6701407 -0.3643506 0.6466529
vn 0.2859429 -0.9132047 0.2903341
vn 0.3016245 -0.9132047 0.2740071
vn -0.2785926 0.952899 -0.1198733
vn -0.302115 0.9450583 -0.1248652
vn -0.7098351 0.4354081 -0.5536731
vn -0.7333574 0.4354081 -0.5221176
vn -0.2080258 -0.9759308 -0.06545519
vn -0.1766626 -0.9759308 -0.1278647
vn -0.576542 -0.7093446 -0.4054993
vn -0.5373381 -0.7407076 -0.4032617
vn -0.7255166 -0.2937837 -0.6223478
vn -0.7176759 -0.3329875 -0.611605
vn -0.7255166 -0.2937837 -0.6223478
vn -0.7176759 -0.3329875 -0.611605
vn -0.2864334 0.9450583 -0.1575458
vn 0.2702613 0.9058544 0.3261696
vn 0.5995737 0.4354081 0.6715141
vn -0.7411981 0.4197266 -0.5238845
vn 0.6230961 0.4275673 0.6549332
vn 0.6701407 -0.3486691 0.6552414
vn 0.6544592 -0.3329875 0.6788243
vn 0.6309369 0.4275673 0.6473831
vn 0.6701407 -0.317306 0.6709906
vn 0.3094652 -0.8975231 0.3141394
vn 0.2937837 -0.9053639 0.3066063
vn 0.3565099 0.8666505 0.3490238
vn -0.1845034 -0.9680901 -0.1695881
vn -0.5059751 -0.7407076 -0.4419744
vn -0.7019944 -0.3643506 -0.6119253
vn -0.1923441 -0.9680901 -0.1606406
vn -0.5294973 -0.7407076 -0.4135031
vn -0.7255166 -0.3643506 -0.5838444
vn 0.3094652 -0.9053639 0.2907706
vn -0.1688219 -0.9759308 -0.1380517
vn -0.5138158 -0.7485484 -0.4191282
vn -0.7255166 -0.3486691 -0.5933427
vn 0.04284203 0.9990819 0
vn 0.07424206 0.9921029 0.1010937
vn 0.3565099 0.8588098 0.3678947
vn -0.2393888 0.9450583 -0.2226158
vn -0.3177965 0.9293767 -0.1877881
vn -0.7098351 0.404045 -0.576959
vn -0.6392681 0.4667712 -0.6111145
vn -0.7019944 -0.3643506 -0.6119253
vn -0.7255166 -0.3643506 -0.5838444
vn -0.7255166 -0.3486691 -0.5933427
vn 0.6779815 -0.246739 -0.6924312
vn 0.4270768 -0.5133253 -0.7443807
vn 0.1918536 0.0590511 -0.9796454
vn 0.419236 -0.144809 -0.8962542
vn 0.5603699 -0.02719742 -0.8277958
vn 0.6858222 -0.1761721 -0.7061241
vn 0.5995737 -0.3721914 -0.708509
vn 0.6544592 0.02768797 -0.7555902
vn 0.6779815 -0.0664013 -0.7320737
vn 0.76423 0.0747326 -0.6405994
vn 0.8426377 0.00416559 -0.5384648
vn 0.8034338 -0.09776437 -0.5873127
vn 0.7799115 -0.01935667 -0.6255904
vn 0.8818415 0.01984721 -0.471128
vn 0.9445677 0.01200646 -0.328097
vn 0.9132047 -0.1212867 -0.3890331
vn 0.8740008 -0.317306 -0.3680211
vn 0.7720708 -0.2859429 -0.5675768
vn 0.8191154 -0.4505991 -0.3549794
vn 0.7015038 -0.3800322 0.602883
vn 0.6544592 -0.6230961 0.4282924
vn 0.7485484 0.3962042 0.531693
vn 0.3643506 0.9058544 0.2160473
vn 0.3251468 0.9136952 0.2438046
vn 0.7328669 0.4197266 0.5354771
vn -0.1531402 0.9607398 -0.2313593
vn -0.1766626 0.9607398 -0.2139377
vn -0.5608605 0.5059751 -0.6553051
vn -0.5687012 0.4510897 -0.6878205
vn -0.6235866 -0.1840129 -0.7597888
vn -0.6235866 -0.2232167 -0.7492089
vn 0.7955931 -0.2781022 0.5382293
vn 0.76423 -0.3094652 0.5658479
vn 0.7250261 0.4197266 0.5460464
vn 0.8034338 -0.2388983 0.5453638
vn 0.4035545 -0.8896823 0.2135631
vn 0.419236 -0.8818415 0.2158626
vn -0.3177965 -0.8347969 -0.449577
vn -0.1060957 -0.9680901 -0.2270361
vn -0.5843827 0.4589304 -0.6692382
vn -0.1452995 0.9607398 -0.2363622
vn 0.3486691 0.9058544 0.2405363
vn -0.4510897 -0.7015038 -0.5517341
vn -0.6235866 -0.1840129 -0.7597888
vn -0.6235866 -0.2232167 -0.7492089
vn -0.129618 -0.9759308 -0.1753803
vn -0.4746119 -0.7171854 -0.5102829
vn -0.2080258 0.9607398 -0.1835874
vn 0.2781022 0.9215359 0.270981
vn -0.647109 0.4510897 -0.6146284
vn -0.1923441 -0.9759308 -0.1027757
vn -0.5294973 -0.7171854 -0.4530759
vn 0.6701407 0.4354081 0.6011084
vn 0.7093446 -0.3408283 0.6169816
vn 0.3094652 -0.9053639 0.2907706
vn 0.3721914 -0.8896823 0.2644598
vn -0.7019944 -0.2781022 -0.6556395
vn -0.6549497 -0.2545798 -0.7114984
vn -0.7019944 -0.2781022 -0.6556395
vn -0.6549497 -0.2545798 -0.7114984
vn -0.749039 0.129618 -0.6497228
vn -0.8431283 0.0747326 -0.5324939
vn -0.8666505 -0.1996944 -0.4572079
vn -0.5451788 0.2785926 -0.7906745
vn -0.678472 0.3491595 -0.6463462
vn -0.2393888 0.4197266 -0.8755128
vn -0.4824527 0.5451788 -0.6855797
vn -0.7333574 0.5294973 -0.4264031
vn -0.6314273 0.2550704 -0.7322832
vn -0.780402 0.302115 -0.5474479
vn -0.952899 0.2550704 -0.1640809
vn -0.9293767 0.09825486 -0.355816
vn -0.9607398 -0.1840129 -0.2076495
vn -0.9883689 -0.1520752 0
vn -0.9685805 -0.2310575 -0.09200088
vn -0.9685805 0.1060957 -0.2249343
vn -0.8274466 0.333478 -0.4518013
vn -0.3962042 0.2158665 -0.8924258
vn -0.5451788 0.01200646 -0.8382338
vn -0.5922235 0.03552872 -0.8049901
vn -0.749039 0.06689185 -0.6591404
vn -0.4824527 -0.04287899 -0.8748719
vn -0.2472295 -0.246739 -0.9370152
vn -0.3256373 -0.3408283 -0.8819277
vn -0.1060957 -0.8112746 -0.5749585
vn 0.08992362 -0.7799115 -0.6193963
vn 0.2624206 -0.7250261 -0.6367673
vn 0.03503823 -0.0664013 -0.9971776
vn 0.6466184 -0.4427583 -0.6211681
vn 0.1134459 0.2550704 -0.9602443
vn -0.3726819 -0.3486691 -0.859964
vn -0.2080258 -0.8191154 -0.5345795
vn -0.3805227 -0.08208287 -0.9211215
vn -0.3491595 0.03552872 -0.9363895
vn -0.3883634 0.03552872 -0.9208211
vn -0.4981343 -0.2545798 -0.8288856
vn -0.3570004 -0.05071974 -0.9327263
vn -0.6863127 -0.09776437 -0.7207059
vn -0.6863127 0.2707519 -0.675032
vn -0.4589304 -0.693663 -0.5551707
vn -0.3099558 -0.7407076 -0.5960534
vn -0.333478 0.0590511 -0.9409066
vn -0.5451788 -0.2702613 -0.7935609
vn -0.6079051 0.01200646 -0.7939189
vn -0.5843827 0.2864334 -0.7592449
vn -0.2785926 0.02768797 -0.9600102
vn -0.333478 -0.01151592 -0.9426875
vn -0.6079051 -0.1996944 -0.7684879
vn -0.4432488 0.576542 -0.686389
vn -0.3256373 0.1374587 -0.9354493
vn 0.05071974 0.6863127 -0.7255359
vn -0.5216566 -0.5133253 -0.6814482
vn 0.0664013 0.9764213 -0.2054077
vn 0.215376 0.952899 -0.2135337
vn -0.5530197 -0.6701407 -0.4950562
vn -0.8039244 -0.05856055 -0.5918414
vn -0.6000643 0.6941536 -0.3975847
vn -0.7725613 -0.3329875 -0.5406185
vn -0.2550704 -0.9445677 -0.2067145
vn -0.7098351 0.4824527 -0.5131993
vn -0.2001849 0.9607398 -0.1921069
vn -0.5373381 0.2237073 -0.8131561
vn -0.5530197 0.1217772 -0.8242205
vn -0.6235866 -0.09776437 -0.7756171
vn -0.03552872 -0.1918536 -0.9807802
vn -0.6314273 0.5216566 -0.5737368
vn -0.576542 0.6000643 -0.5545468
vn -0.1139365 0.9764213 -0.1833574
vn -0.129618 0.984262 -0.1201142
vn -0.5138158 0.6941536 -0.504127
vn -0.1139365 0.9921029 -0.05244309
vn -0.5138158 0.7647205 -0.3888391
vn -0.1060957 0.9921029 0.06689943
vn -0.5294973 0.8196059 -0.2188123
vn -0.2857107 0.9583158 0
vn 0.4035545 0.8901729 0.2115088
vn 0.3957137 0.882332 0.2547565
vn 0.3408283 0.8901729 0.3023711
vn 0.76423 0.4902934 0.4190046
vn 0.7799115 0.4354081 0.4496197
vn 0.3565099 0.8588098 0.3678947
vn 0.6387776 0.5608605 0.5266865
vn 0.6779815 0.5373381 0.5016063
vn 0.7328669 0.4197266 0.5354771
vn 0.8112746 0.3726819 0.4504905
vn 0.6858222 0.5059751 0.5231033
vn 0.9288862 0.1845034 0.321137
vn 0.8818415 -0.1840129 0.4341598
vn 0.7407076 0.576542 0.3448935
vn 0.7328669 0.3491595 0.5839467
vn 0.7720708 0.3648412 0.5203822
vn 0.5368476 0.8431283 0.03048631
vn 0.4976438 0.850969 0.1679357
vn 0.4584399 0.7255166 0.5132821
vn 0.76423 0.3726819 0.5263655
vn 0.7720708 -0.3329875 0.5413188
vn 0.76423 0.3491595 0.5422547
vn 0.7485484 -0.3721914 0.5487702
vn 0.6466184 -0.7093446 0.2805619
vn 0.8740008 -0.3800322 0.302817
vn 0.3800322 -0.8896823 0.2530631
vn 0.3329875 -0.9132047 0.2348968
vn 0.8112746 -0.5603699 0.1667906
vn 0.7720708 0.1845034 0.6081655
vn 0.8818415 0.09825486 0.4611957
vn 0.8112746 0.404045 0.4225886
vn 0.8818415 -0.1918536 0.4307524
vn 0.8034338 0.4197266 0.4222839
vn 0.8583192 -0.3016245 0.4151034
vn 0.9053639 -0.3565099 0.2306881
vn 0.3878729 0.8980137 0.2076683
vn 0.8504785 0.404045 0.3367996
vn 0.76423 0.2550704 0.592361
vn 0.8740008 0.09825486 0.4758871
vn 0.7250261 0.6392681 0.2562682
vn 0.9288862 0.1139365 0.3524046
vn 0.9053639 -0.1683313 0.3898472
vn 0.8818415 -0.3486691 0.3174671
vn 0.8975231 0.1060957 0.428014
vn 0.8191154 -0.489803 0.2985682
vn 0.6623 0.6863127 0.3005553
vn 0.591733 0.7960836 0.1268972
vn 0.4035545 0.9136952 -0.0480095
vn 0.01935413 0.9998127 0
vn 0.5446883 0.7333574 0.4068189
vn 0.8191154 0.09825486 0.5651513
vn 0.7093446 -0.5760515 0.4061958
vn 0.2702613 -0.9602492 0.06985836
vn 0.6074145 -0.7877523 -0.1024402
vn 0.8975231 -0.4113953 0.1587647
vn 0.7015038 -0.6623 -0.263156
vn 0.5995737 0.7725613 -0.2089509
vn 0.9132047 0.06689185 0.4019735
vn 0.8034338 -0.03503823 0.5943622
vn 0.7563892 -0.2859429 0.5883129
vn 0.8583192 -0.246739 0.4498977
vn 0.5446883 -0.7407076 0.393277
vn 0.6309369 -0.4662806 0.6200815
vn 0.8034338 -0.07424206 0.5907472
vn 0.76423 0.01200646 0.644832
vn 0.6466184 -0.4819622 0.5912673
vn 0.76423 -0.04287899 0.6435168
vn 0.6074145 -0.5446883 0.5782406
vn 0.7563892 -0.0664013 0.6507428
vn 0.5838922 -0.5838922 0.5640388
vn 0.76423 -0.08208287 0.6396991
vn 0.6779815 0.404045 0.6140755
vn 0.6701407 0.4197266 0.612161
vn 0.2310575 0.9136952 0.3343255
vn 0.215376 0.9215359 0.3230863
vn 0.6623 0.4275673 0.61526
vn 0.1369683 0.9293767 0.3427808
vn 0.6074145 0.5922235 0.5294516
vn 0.76423 0.2785926 0.5816689
vn -0.4197266 0.8980137 -0.1319135
vn -0.4902934 0.8666505 -0.0923536
vn -0.3570004 0.9215359 -0.1527164
vn -0.7568797 0.4902934 -0.4321404
vn -0.780402 0.4432488 -0.4410252
vn -0.7568797 0.3726819 -0.536881
vn -0.8117651 0.129618 -0.5694178
vn -0.647109 0.2942742 -0.7033155
vn -0.8117651 0.2001849 -0.5486013
vn -0.7882428 0.1139365 -0.6047246
vn -0.8196059 -0.2937837 -0.4918713
vn -0.749039 -0.3251468 -0.5772523
vn -0.6941536 0.5216566 -0.4960093
vn 0.76423 0.0590511 0.6422347
vn -0.9136952 -0.003675103 -0.4063836
vn -0.9293767 -0.3016245 -0.212795
vn -0.9058544 -0.2781022 -0.3195105
vn -0.8039244 0.0590511 -0.5917926
vn -0.4432488 0.404045 -0.8001738
vn -0.8744913 0.1139365 -0.4714695
vn -0.4354081 0.5373381 -0.7222795
vn -0.8744913 0.1766626 -0.4517249
vn -0.8666505 0.2158665 -0.4497983
vn -0.3648412 0.6627905 -0.6539111
vn 0.5760515 0.4824527 -0.6598516
vn 0.4427583 0.6941536 -0.5675525
vn 0.9680901 0.03552872 -0.2480713
vn 0.9759308 0.1766626 -0.1278648
vn 0.4427583 0.7882428 -0.4273622
vn 0.9602492 0.2707519 -0.06793232
vn -0.333478 0.7411981 -0.5825957
vn 0.4349176 0.8196059 -0.3729516
vn -0.3491595 0.7725613 -0.5303176
vn -0.8588098 0.2472295 -0.4486907
vn -0.8666505 0.2629111 -0.4240219
vn -0.3413188 0.7647205 -0.5465382
vn -0.8744913 0.2629111 -0.4076061
vn 0.9602492 0.2707519 0.06793232
vn 0.965045 0.2620842 0
vn 0.4349176 0.8117651 -0.3897231
vn 0.4819622 0.749039 -0.454591
vn 0.9729893 0.2308501 0
vn 0.5133253 0.647109 -0.5636907
vn 0.9759308 0.1845034 -0.1162652
vn -0.3099558 0.7333574 -0.6050739
vn -0.2550704 0.6549497 -0.7113227
vn 0.5290068 0.4902934 -0.6926501
vn -0.1766626 0.5451788 -0.8194939
vn -0.8666505 0.2550704 -0.4287843
vn -0.8588098 0.2080258 -0.4681571
vn -0.8274466 0.1688219 -0.5355663
vn -0.0747326 0.404045 -0.9116812
vn -0.3413188 0.333478 -0.8788025
vn 0.5211661 0.333478 -0.785607
vn 0.4584399 0.09041411 -0.8841143
vn 0.03503823 0.08257335 -0.9959689
vn 0.9367269 0.02768797 -0.3489643
vn 0.8034338 -0.1291275 -0.581223
vn 0.3800322 -0.1291275 -0.9159157
vn 0.1369683 -0.02719742 -0.990202
vn 0.5760515 -0.2859429 -0.7657685
vn 0.9680901 0.1139365 -0.2232043
vn -0.2001849 0.03552872 -0.9791138
vn 0.4505991 0.8901729 -0.06747298
vn 0.4584399 0.8588098 -0.2286454
vn 0.2624206 0.8117651 -0.5217018
vn -0.00416559 0.9450583 -0.3268753
vn -0.3570004 -0.05071974 -0.9327263
vn 0.09776437 0.9764213 0.1924672
vn -0.5843827 0.7568797 -0.2926258
vn -0.5608605 0.7725613 -0.2976317
vn -0.7960836 -0.003675103 -0.6051755
vn -0.7960836 -0.003675103 -0.6051755
vn -0.4746119 -0.7171854 -0.5102829
vn -0.4746119 -0.7171854 -0.5102829
vn -0.5530197 0.7725613 -0.3119589
vn -0.4667712 -0.7250261 -0.5064205
vn -0.7960836 0.00416559 -0.6051723
vn -0.4354081 -0.7093446 -0.5543014
vn -0.749039 0.02768797 -0.6619471
vn -0.8196059 0.00416559 -0.5729126
vn -0.4902934 -0.7093446 -0.5064016
vn -0.5530197 0.7647205 -0.330714
vn 0.05071974 0.984262 0.1692801
vn 0.02719742 0.9921029 0.1224423
vn -0.5373381 0.7568797 -0.3720227
vn 0.0664013 0.984262 0.1637654
vn -0.02768797 0.9921029 0.1223322
vn -0.678472 0.0590511 -0.7322491
vn -0.3726819 -0.7093446 -0.5982796
vn -0.6706312 0.06689185 -0.7387687
vn -0.3648412 -0.7093446 -0.603093
vn -0.4981343 0.7725613 -0.3937147
vn -0.4902934 0.780402 -0.3880529
vn -0.04336947 0.9921029 0.11769
vn -0.03552872 0.9921029 0.1202893
vn -0.3491595 -0.7015038 -0.6212729
vn -0.647109 0.06689185 -0.7594573
vn -0.5294973 0.09041411 -0.8434796
vn -0.2707519 -0.6623 -0.6986073
vn -0.3256373 0.09041411 -0.9411619
vn -0.129618 -0.6074145 -0.7837389
vn -0.4118858 0.7725613 -0.4832176
vn -0.302115 0.7098351 -0.6362866
vn -0.1531402 0.09041411 -0.9840596
vn 0.003675103 -0.4819622 -0.8761843
vn -0.1609811 0.6235866 -0.7649999
vn -0.03552872 0.9921029 0.1202893
vn -0.00416559 0.9999437 -0.009762573
vn 0.1761721 0.9685805 0.1755424
vn 0.01935667 0.09825486 -0.994973
vn 0.01935667 0.4824527 -0.8757081
vn 0.1604906 -0.3408283 -0.9263255
vn 0.1918536 0.1060957 -0.975672
vn 0.215376 0.4197266 -0.8817272
vn 0.246739 -0.1604906 -0.9557
vn 0.2702613 -0.1526498 -0.9506087
vn 0.2310575 0.09825486 -0.9679661
vn 0.2624206 0.3726819 -0.8900807
vn 0.08992362 0.6392681 -0.7637081
vn -0.02768797 0.7411981 -0.6707151
vn -0.04336947 0.9921029 0.11769
vn -0.4824527 0.780402 -0.3977589
vn 0.4349176 -0.591733 -0.678748
vn 0.7015038 -0.6623 -0.263156
vn 0.6074145 -0.7877523 -0.1024402
vn 0.2388983 -0.8426377 -0.4825861
vn 0.2702613 -0.9602492 0.06985836
vn -0.00416559 -0.9837716 -0.1793772
vn -0.3570004 -0.05071974 -0.9327263
vn 0.4584399 0.8588098 -0.2286454
vn 0.4505991 0.8901729 -0.06747298
vn 0.8347969 0.4981343 0.2344703
vn 0.7720708 0.4981343 0.3946758
vn 0.09776437 0.9764213 0.1924672
vn 0.6230961 0.6000643 0.5016712
vn 0.8818415 -0.09776437 0.4612999
vn 0.8818415 0.2785926 0.3804492
vn 0.8975231 -0.144809 0.4165125
vn 0.6623 -0.7015038 0.263156
vn 0.6701407 -0.693663 0.2640891
vn 0.246739 -0.9680901 -0.04383531
vn 0.1683313 -0.9759308 -0.1386493
vn 0.5995737 -0.7407076 0.3030899
vn 0.246739 -0.9680901 0.04383531
vn 0.2229642 -0.9748266 0
vn -0.2080258 -0.8191154 -0.5345795
vn -0.3099558 -0.7407076 -0.5960534
vn -0.4589304 -0.693663 -0.5551707
vn -0.1060957 -0.8112746 -0.5749585
vn 0.08992362 -0.7799115 -0.6193963
vn 0.2937837 -0.9524085 -0.081297
vn 0.2624206 -0.7250261 -0.6367673
vn 0.5603699 -0.8269562 -0.04614193
vn 0.4662806 -0.8347969 0.2927397
vn 0.4113953 -0.8426377 0.3474416
vn 0.4427583 -0.7720708 0.4559297
vn 0.3800322 -0.8112746 0.4443074
vn 0.4113953 -0.8269562 0.383272
vn 0.3329875 -0.8191154 0.4670859
vn 0.215376 -0.8975231 0.3847928
vn 0.1996944 -0.9367269 0.287515
vn -0.3648412 -0.9288862 0.06372912
vn -0.2393888 -0.9680901 -0.07412594
vn -0.5608605 -0.7171854 -0.413619
vn -0.6627905 -0.6544592 -0.3638571
vn -0.749039 -0.3251468 -0.5772523
vn -0.8196059 -0.2937837 -0.4918713
vn -0.8588098 -0.5054845 -0.08325392
vn -0.4432488 -0.8191154 0.364116
vn -0.8352874 -0.5211661 0.1751596
vn -0.8196059 -0.5446883 0.1776535
vn -0.4118858 -0.8347969 0.3653275
vn -0.780402 -0.6230961 0.05219159
vn -0.3883634 -0.8896823 0.2400817
vn -0.9607398 -0.1840129 -0.2076495
vn -0.9883689 -0.1520752 0
vn -0.9685805 -0.2310575 -0.09200088
vn -0.9293767 -0.3016245 -0.212795
vn -0.7568797 -0.6466184 -0.09496161
vn -0.9058544 -0.2781022 -0.3195105
vn -0.7725613 -0.6152554 -0.1568757
vn -0.8666505 -0.1996944 -0.4572079
vn -0.3648412 -0.9132047 0.1815162
vn -0.8274466 -0.5290068 -0.1883715
vn -0.8039244 0.0590511 -0.5917926
vn -0.3883634 -0.9053639 0.1717269
vn 0.1212867 -0.9367269 0.3283781
vn 0.1683313 -0.9288862 0.3299016
vn 0.4741215 -0.8269562 0.3022455
vn 0.5838922 -0.7799115 0.2254061
vn -0.3648412 -0.9132047 0.1815162
vn 0.08992362 -0.9367269 0.3383141
vn 0.01935667 -0.9210454 0.3889739
vn -0.01200646 -0.8818415 0.4713929
vn 0.03503823 -0.9053639 0.4231886
vn 0.7015038 -0.7015038 0.1256375
vn 0.6466184 -0.4427583 -0.6211681
vn 0.2232167 -0.9210454 0.3191389
vn 0.2545798 -0.9053639 0.3398609
vn 0.7877523 -0.5682107 0.2378717
vn 0.9680901 0.03552872 -0.2480713
vn 0.9346001 -0.3557004 0
vn 0.8269562 -0.4819622 0.2895789
vn 0.9759308 0.1766626 -0.1278648
vn 0.2624206 -0.8740008 0.4089719
vn -0.404045 -0.8818415 0.2431112
vn 0.2859429 -0.8426377 0.4562877
vn -0.4118858 -0.86616 0.2830492
vn -0.8901729 -0.4349176 -0.1357899
vn -0.9058544 -0.419236 -0.0605721
vn -0.9058544 -0.4113953 -0.1009047
vn -0.8666505 0.2629111 -0.4240219
vn -0.8588098 0.2472295 -0.4486907
vn -0.404045 -0.86616 0.2941332
vn -0.8666505 0.2158665 -0.4497983
vn -0.8744913 0.1766626 -0.4517249
vn -0.8901729 -0.4349176 -0.1357899
vn -0.3962042 -0.9053639 0.1527694
vn 0.317306 -0.8269562 0.4641771
vn 0.8426377 -0.4035545 0.3565186
vn 0.8347969 -0.4270768 0.3474471
vn -0.3962042 -0.8975231 0.1935834
vn -0.882332 -0.4505991 -0.1358331
vn -0.8744913 0.1139365 -0.4714695
vn 0.9602492 0.2707519 -0.06793232
vn 0.9602492 0.2707519 0.06793232
vn 0.965045 0.2620842 0
vn 0.8426377 -0.4035545 0.3565186
vn 0.9729893 0.2308501 0
vn 0.8347969 -0.3957137 0.3827856
vn 0.317306 -0.8269562 0.4641771
vn 0.2937837 -0.8191154 0.4926876
vn -0.3962042 -0.86616 0.3046128
vn -0.4118858 -0.8583192 0.3060037
vn -0.9058544 -0.419236 -0.0605721
vn -0.9045137 -0.4264447 0
vn -0.8666505 0.2550704 -0.4287843
vn -0.8744913 0.2629111 -0.4076061
vn -0.8588098 0.2080258 -0.4681571
vn -0.8901729 -0.4505991 -0.06747298
vn -0.8274466 0.1688219 -0.5355663
vn -0.882332 -0.4662806 0.06381674
vn -0.4432488 -0.8112746 0.3812664
vn -0.4275673 -0.8347969 0.3468434
vn -0.8666505 -0.489803 0.09492064
vn -0.4432488 -0.8034338 0.3975231
vn 0.1604906 -0.8269562 0.538875
vn 0.1840129 -0.8191154 0.5433131
vn 0.2388983 -0.8191154 0.5215147
vn 0.8426377 -0.4270768 0.3279743
vn 0.8347969 -0.4035545 0.3745102
vn 0.7799115 -0.5368476 0.3217649
vn 0.419236 -0.8191154 0.3915241
vn 0.9367269 0.02768797 -0.3489643
vn 0.9680901 0.1139365 -0.2232043
vn 0.9759308 0.1845034 -0.1162652
vn -0.2001849 -0.86616 0.4579223
vn -0.4432488 -0.8347969 0.3265649
vn 0.8034338 -0.1291275 -0.581223
vn 0.5760515 -0.2859429 -0.7657685
vn 0.76423 -0.3643506 -0.5321664
vn 0.6309369 -0.4113953 -0.6577786
vn 0.3800322 -0.1291275 -0.9159157
vn 0.3800322 -0.09776437 -0.9197922
vn 0.1291275 0.06689185 -0.9893693
vn 0.1369683 -0.02719742 -0.990202
vn -0.2001849 0.03552872 -0.9791138
vn 0.8034338 -0.1291275 -0.581223
vn 0.9602492 -0.215376 -0.1775798
vn -0.6392681 -0.7328669 0.2329001
vn -0.8196059 -0.5682107 0.0733672
vn -0.952899 -0.215376 -0.2135337
vn 0.4035545 0.9136952 -0.0480095
vn 0.5995737 0.7725613 -0.2089509
vn 0.2075352 0.678472 -0.704702
vn 0.003675103 0.882332 -0.4706131
vn -0.2785926 0.02768797 -0.9600102
vn 0.01935413 0.9998127 0
vn -0.01984442 0.9998031 0
vn -0.5922235 0.6941536 -0.4091725
vn -0.03550831 0.9993694 0
vn -0.5922235 0.6941536 -0.4091725
vn -0.7960836 -0.0664013 -0.6015328
vn -0.7960836 -0.0664013 -0.6015328
vn -0.4197266 -0.8034338 -0.422284
vn -0.4197266 -0.7955931 -0.4368767
vn 0.2303871 -0.9730991 0
vn 0.2229642 -0.9748266 0
vn 0.1996944 -0.9759308 0.08764274
vn -0.4275673 -0.8034338 -0.4143433
vn 0.1838597 -0.9829525 0
vn -0.404045 -0.7877523 -0.4649666
vn 0.2702613 -0.9602492 0.06985836
vn -0.749039 -0.0664013 -0.65919
vn -0.8039244 -0.07424206 -0.5900794
vn -0.576542 0.6941536 -0.4309874
vn -0.6000643 0.6941536 -0.3975847
vn -0.06674644 0.99777 0
vn -0.05114608 0.9986912 0
vn -0.6706312 -0.04287899 -0.7405506
vn -0.3491595 -0.7720708 -0.5310314
vn -0.6549497 -0.03503823 -0.7548597
vn -0.3413188 -0.7720708 -0.5361047
vn -0.5138158 0.7176759 -0.4700368
vn -0.4981343 0.7176759 -0.4866246
vn -0.6314273 -0.02719742 -0.774958
vn -0.3256373 -0.7563892 -0.5673057
vn 0.1996944 -0.9759308 -0.08764274
vn 0.2075352 -0.9759308 -0.06699425
vn -0.5216566 -0.003675103 -0.8531476
vn -0.2629111 -0.7171854 -0.6453858
vn -0.3256373 0.02768797 -0.9450893
vn -0.4118858 0.7255166 -0.55134
vn -0.2707519 0.7019944 -0.6587089
vn -0.1060957 0.05121022 -0.9930364
vn -0.08257335 0.647109 -0.7579127
vn 0.0664013 0.06689185 -0.9955482
vn 0.08992362 0.5294973 -0.843532
vn -0.129618 -0.6466184 -0.7517206
vn 0.215376 -0.9759308 -0.03423893
vn 0.2624206 -0.9602492 -0.09516726
vn 0.03503823 -0.5211661 -0.8527358
vn 0.1526498 -0.3408283 -0.9276498
vn 0.1683313 0.06689185 -0.9834582
vn 0.1134459 0.3256373 -0.9386641
vn 0.1369683 -0.6858222 -0.7147639
vn 0.1604906 -0.1683313 -0.9725777
vn 0.1918536 -0.4270768 -0.8836275
vn 0.1526498 -0.1604906 -0.975162
vn 0.1683313 0.09825486 -0.9808213
vn 0.07424206 0.3256373 -0.9425755
vn 0.1369683 0.6392681 -0.7566875
vn 0.03503823 0.7960836 -0.6041715
vn 0.1761721 0.984262 -0.01384301
vn 0.04284203 0.9990819 0
vn -0.00416559 0.9999437 0.009762573
vn -0.02767892 0.9996168 0
vn -0.4824527 0.7255166 -0.4907801
vn -0.03550831 0.9993694 0
vn -0.04333118 0.9990608 0
vn 0.4035545 -0.7171854 -0.5681452
vn 0.7171854 -0.6858222 -0.1236648
vn 0.6152554 -0.7877523 0.03012046
vn 0.2937837 -0.8975231 -0.3288517
vn 0.4035545 -0.8896823 0.2135631
vn -0.2785926 0.02768797 -0.9600102
vn -0.2472295 -0.9367269 -0.2478311
vn 0.3957137 -0.8975231 0.1945841
vn -0.2472295 -0.9367269 -0.2478311
vn 0.3957137 -0.8975231 0.1945841
vn -0.2550704 -0.9367269 -0.2397536
vn -0.7647205 -0.3251468 -0.5563112
vn -0.7725613 -0.3251468 -0.5453702
vn 0.3800322 -0.9053639 0.1894514
vn -0.2550704 -0.9210454 -0.2943033
vn 0.3329875 -0.9288862 0.1621412
vn -0.7255166 0.4667712 -0.5057176
vn -0.6863127 0.4824527 -0.5442557
vn -0.7176759 -0.3016245 -0.6276656
vn -0.7255166 0.4746119 -0.4983665
vn -0.7725613 -0.3251468 -0.5453702
vn -0.7255166 0.4746119 -0.4983665
vn -0.231548 0.952899 -0.1958799
vn -0.231548 0.952899 -0.1958799
vn -0.231548 0.952899 -0.1958799
vn -0.231548 0.9607398 -0.1528547
vn -0.6079051 0.5294973 -0.591679
vn -0.1531402 0.9764213 -0.1521498
vn -0.5922235 0.5608605 -0.5785386
vn -0.1217772 0.984262 -0.1280568
vn -0.576542 0.5843827 -0.5710484
vn -0.09825486 0.9921029 -0.07796003
vn -0.6627905 -0.2310575 -0.7122648
vn -0.6627905 -0.246739 -0.7069856
vn -0.2393888 -0.8975231 -0.3703313
vn -0.2472295 -0.8896823 -0.3838528
vn 0.3016245 -0.9445677 0.1296706
vn 0.2937837 -0.9445677 0.1465706
vn -0.4667712 0.6079051 -0.6423208
vn -0.04336947 0.9921029 -0.11769
vn -0.2942742 0.6000643 -0.7438585
vn 0.04287899 0.9921029 -0.1178694
vn -0.3491595 -0.1291275 -0.9281238
vn -0.5294973 0.02768797 -0.8478597
vn -0.231548 -0.8426377 -0.4861556
vn -0.1374587 -0.7799115 -0.6106088
vn 0.2624206 -0.9602492 0.09516726
vn 0.2624206 -0.9602492 0.09516726
vn -0.01200646 -0.693663 -0.7201996
vn 0.4270768 -0.8818415 0.1999021
vn -0.1766626 -0.1291275 -0.9757645
vn 0.0664013 -0.1212867 -0.9903941
vn -0.1609811 0.5373381 -0.8278605
vn 0.1056052 0.4118858 -0.9050954
vn 0.2937837 -0.0664013 -0.9535628
vn 0.2545798 0.2237073 -0.940821
vn 0.2545798 0.231548 -0.938922
vn 0.3329875 -0.0664013 -0.9405903
vn 0.2702613 0.6863127 -0.6752286
vn 0.1291275 0.9607398 -0.245571
vn 0.1996944 -0.5446883 -0.8145163
vn 0.3016245 -0.3565099 -0.8842643
vn 0.3408283 -0.6387776 -0.689782
vn 0.215376 -0.7955931 -0.5662551
vn 0.317306 -0.3565099 -0.8787591
vn 0.6152554 -0.7877523 0.03012046
vn 0.7171854 -0.6858222 -0.1236648
vn 0.7877523 -0.3721914 0.490836
vn 0.7799115 0.3883634 0.4908277
vn 0.3565099 0.9058544 0.2287543
vn -0.2001849 0.9607398 -0.1921069
vn 0.0664013 0.9764213 -0.2054077
vn 0.4035545 -0.8896823 0.2135631
vn 0.215376 0.952899 -0.2135337
vn -0.231548 0.952899 -0.1958799
vn 0.3565099 0.9136952 0.1950945
vn -0.231548 0.952899 -0.1958799
vn 0.3565099 0.9058544 0.2287543
vn -0.231548 0.9607398 -0.1528547
vn 0.3565099 0.9058544 0.2287543
vn 0.7799115 0.3883634 0.4908277
vn 0.7720708 0.3726819 0.514796
vn 0.7877523 -0.3957137 0.4720774
vn 0.7720708 -0.4113953 0.4844179
vn 0.3957137 -0.8975231 0.1945841
vn 0.3800322 -0.9053639 0.1894514
vn -0.231548 0.952899 -0.1958799
vn 0.3643506 0.8901729 0.2735705
vn 0.7799115 0.3805227 0.4969311
vn 0.7563892 0.3491595 0.5531392
vn 0.7877523 -0.3800322 0.4847906
vn 0.7407076 -0.4349176 0.5120535
vn 0.3957137 -0.8975231 0.1945841
vn 0.3329875 -0.9288862 0.1621412
vn -0.1531402 0.9764213 -0.1521498
vn 0.3878729 0.8666505 0.3138016
vn -0.1217772 0.984262 -0.1280568
vn 0.4113953 0.850969 0.3265052
vn -0.09825486 0.9921029 -0.07796003
vn 0.4349176 0.8274466 0.3552165
vn 0.7485484 0.3099558 0.5861763
vn 0.7563892 0.2864334 0.5880742
vn 0.7093446 -0.4505991 0.5420246
vn 0.7171854 -0.4584399 0.52486
vn -0.04336947 0.9921029 -0.11769
vn 0.4662806 0.7882428 0.4015667
vn 0.04287899 0.9921029 -0.1178694
vn 0.4976438 0.7333574 0.4631821
vn 0.7485484 0.2393888 0.6183593
vn 0.7093446 0.1766626 0.682364
vn 0.693663 -0.4662806 0.5490118
vn 0.6544592 -0.4584399 0.601262
vn 0.2624206 -0.9602492 0.09516726
vn 0.2624206 -0.9602492 0.09516726
vn 0.6701407 -0.4505991 0.5898066
vn 0.6779815 0.1609811 0.7172351
vn 0.5133253 0.7255166 0.4583915
vn 0.1291275 0.9607398 -0.245571
vn 0.6466184 0.3726819 0.6655771
vn 0.4270768 -0.8818415 0.1999021
vn 0.7250261 -0.4270768 0.540317
vn 0.693663 -0.08992362 0.7146645
vn 0.6779815 0.1452995 0.7205756
vn 0.2702613 0.6863127 -0.6752286
vn 0.6309369 0.5373381 0.5596307
vn 0.2937837 -0.9445677 0.1465706
vn 0.3016245 -0.9445677 0.1296706
vn 0.3094652 -0.9367269 0.1636274
vn 0.7093446 -0.4505991 0.5420246
vn 0.7485484 0.3256373 0.577612
vn 0.5838922 -0.6230961 0.5204048
vn 0.2232167 -0.9445677 0.2407614
vn 0.1526498 -0.9759308 0.155747
vn 0.2232167 -0.9445677 0.2407614
vn 0.5760515 -0.6230961 0.5290709
vn 0.5760515 -0.6074145 0.547003
vn 0.1840129 -0.9367269 0.2977951
vn -0.2393888 -0.9680901 -0.07412594
vn -0.1845034 -0.9759308 -0.116265
vn 0.1526498 -0.9759308 0.155747
vn -0.4824527 -0.7407076 -0.4675378
vn -0.5530197 -0.6387776 -0.5349134
vn -0.6627905 -0.1291275 -0.7375872
vn -0.678472 -0.07424206 -0.7308652
vn 0.5838922 -0.5838922 0.5640388
vn 0.76423 -0.08208287 0.6396991
vn 0.76423 -0.08992362 0.638644
vn 0.1996944 -0.9367269 0.287515
vn -0.647109 -0.6309369 -0.427982
vn -0.5608605 -0.7171854 -0.413619
vn -0.2393888 -0.9680901 -0.07412594
vn -0.749039 -0.3251468 -0.5772523
vn -0.749039 0.00416559 -0.6625128
vn 0.6701407 0.404045 0.6226227
vn 0.6858222 0.4118858 0.5999983
vn 0.2388983 0.9136952 0.3287685
vn 0.2232167 0.9136952 0.3396107
vn -0.2550704 0.9607398 -0.1091702
vn -0.231548 0.9607398 -0.1528547
vn 0.2781022 0.9058544 0.3195105
vn -0.3177965 0.9372174 -0.1436275
vn 0.7563892 -0.144809 0.6378917
vn -0.576542 0.5687012 -0.5866671
vn -0.5843827 0.5294973 -0.6149223
vn 0.7093446 0.404045 0.577562
vn -0.6235866 0.5530197 -0.5525478
vn -0.749039 0.00416559 -0.6625128
vn -0.678472 -0.07424206 -0.7308652
vn -0.6627905 -0.1291275 -0.7375872
vn 0.7720708 -0.1134459 0.6253293
vn 0.5838922 -0.6230961 0.5204048
vn 0.2310575 0.9136952 0.3343255
vn -0.3570004 0.9215359 -0.1527164
vn 0.6779815 0.404045 0.6140755
vn -0.7882428 0.1139365 -0.6047246
vn -0.6941536 0.5216566 -0.4960093
vn 0.6230961 0.00416559 -0.7821342
vn 0.6230961 0.00416559 -0.7821342
vn -0.03552872 -0.1918536 -0.9807802
vn 0.6230961 0.00416559 -0.7821342
vn 0.8191154 0.1060957 0.5637319
vn 0.5054845 0.7647205 0.3996097
vn 0.489803 0.7725613 0.4040324
vn 0.8034338 0.1060957 0.585865
vn 0.6858222 -0.6152554 0.388727
vn 0.6701407 -0.6230961 0.4033146
vn 0.1996944 -0.9759308 0.08764274
vn 0.2229642 -0.9748266 0
vn -0.05114608 0.9986912 0
vn -0.03550831 0.9993694 0
vn 0.8191154 0.1060957 0.5637319
vn 0.5211661 0.7568797 0.3943589
vn 0.4662806 0.780402 0.4165995
vn 0.7955931 0.1060957 0.596469
vn 0.693663 -0.5995737 0.3991778
vn 0.6544592 -0.6387776 0.4045323
vn 0.2303871 -0.9730991 0
vn -0.01984442 0.9998031 0
vn 0.7799115 0.09825486 0.6181294
vn 0.6466184 -0.6309369 0.4287229
vn 0.76423 0.09041411 0.6385748
vn 0.6466184 -0.6152554 0.4509385
vn 0.7563892 0.08257335 0.6488891
vn 0.4741215 0.7333574 0.4872328
vn 0.4741215 0.749039 0.4627628
vn -0.02767892 0.9996168 0
vn -0.03550831 0.9993694 0
vn 0.6466184 -0.6074145 0.4614458
vn 0.1996944 -0.9759308 -0.08764274
vn 0.2075352 -0.9759308 -0.06699425
vn 0.7328669 0.06689185 0.6770757
vn 0.6387776 -0.5838922 0.501032
vn 0.6858222 0.04336947 0.7264757
vn 0.4741215 0.6549497 0.5884299
vn 0.4741215 0.7019944 0.5314252
vn 0.6152554 -0.5525292 0.5622921
vn 0.2624206 -0.9602492 -0.09516726
vn 0.215376 -0.9759308 -0.03423893
vn 0.5211661 -0.7720708 0.3637206
vn 0.6387776 -0.5054845 0.5800419
vn 0.693663 -0.5133253 0.5053007
vn 0.6466184 0.03552872 0.7619858
vn 0.5054845 0.6157458 0.6044356
vn 0.1761721 0.984262 -0.01384301
vn 0.5682107 0.5608605 0.6021396
vn 0.04284203 0.9990819 0
vn 0.6230961 0.2158665 0.7517664
vn 0.6779815 -0.1918536 0.7096007
vn 0.6623 0.00416559 0.7492272
vn -0.00416559 0.9999437 0.009762573
vn 0.3800322 -0.8896823 0.2530631
vn -0.2864334 -0.9210454 -0.2638773
vn 0.1291275 -0.9916124 0.005567263
vn 0.6466184 -0.7093446 0.2805619
vn -0.3099558 -0.9053639 -0.2902477
vn -0.7176759 -0.2388983 -0.6541169
vn -0.7255166 -0.2937837 -0.6223478
vn -0.6079051 0.5294973 -0.591679
vn -0.129618 0.9685805 -0.212252
vn -0.129618 0.9685805 -0.212252
vn -0.6157458 0.5294973 -0.5835149
vn 0.4113953 0.8744913 0.2569415
vn 0.419236 0.8744913 0.2439389
vn -0.1139365 0.9764213 -0.1833574
vn -0.576542 0.5530197 -0.601472
vn 0.4270768 0.8666505 0.2579191
vn -0.6941536 -0.2075352 -0.6892604
vn -0.09041411 0.9764213 -0.1960274
vn -0.5687012 0.576542 -0.5866671
vn -0.5530197 0.6157458 -0.561272
vn -0.0590511 0.9921029 -0.110656
vn 0.4427583 0.8431283 0.3051226
vn 0.489803 0.8039244 0.3373406
vn -0.7019944 -0.1840129 -0.6879994
vn -0.7019944 -0.1369683 -0.6988874
vn -0.302115 -0.8896823 -0.342333
vn -0.3256373 -0.8740008 -0.3606701
vn 0.317306 -0.9210454 0.2258146
vn 0.2859429 -0.9367269 0.201939
vn 0.76423 0.3413188 0.5472239
vn 0.76423 0.302115 0.5698061
vn 0.3329875 -0.9132047 0.2348968
vn 0.7328669 -0.3957137 0.5534589
vn 0.317306 -0.9210454 0.2258146
vn 0.7171854 -0.419236 0.5566743
vn 0.7720708 0.2393888 0.5887272
vn 0.7015038 -0.4505991 0.5521348
vn 0.2859429 -0.9367269 0.201939
vn 0.246739 -0.9524085 0.1789914
vn 0.7877523 0.2001849 0.5825568
vn 0.7015038 -0.4741215 0.5320725
vn 0.2232167 -0.9602492 0.1676176
vn 0.5290068 0.7725613 0.3511423
vn 0.5682107 0.7255166 0.3882811
vn 0.7955931 0.1374587 0.5900311
vn 0.6466184 0.6392681 0.4161983
vn 0.7955931 0.0590511 0.6029466
vn 0.6779815 0.6000643 0.4245749
vn 0.7485484 0.02768797 0.6625018
vn 0.6387776 -0.5760515 0.5100273
vn 0.6387776 -0.6152554 0.4619784
vn 0.317306 0.9136952 -0.2539253
vn 0.1369683 0.984262 -0.1116598
vn 0.7015038 0.2785926 0.6559562
vn 0.2310575 -0.9445677 -0.2332471
vn 0.1134459 -0.9916124 -0.06192708
vn 0.3016245 0.647109 -0.7001947
vn 0.3251468 -0.693663 -0.6427373
vn 0.7015038 -0.2232167 0.6768062
vn 0.7015038 0.01200646 0.7125645
vn 0.7093446 -0.6074145 0.3576002
vn 0.6466184 0.6706312 0.3635085
vn 0.6858222 -0.5133253 0.5158924
vn 0.1840129 -0.9759308 0.1170399
vn -0.05121022 0.5843827 -0.8098607
vn 0.317306 0.9136952 -0.2539253
vn -0.3413188 0.6863127 -0.6422432
vn -0.2080258 -0.003675103 -0.9781165
vn -0.5451788 0.01200646 -0.8382338
vn -0.3726819 -0.693663 -0.6163926
vn -0.4197266 -0.7955931 -0.4368767
vn -0.7019944 -0.05856055 -0.7097708
vn 0.1840129 -0.9759308 0.1170399
vn 0.1134459 -0.9916124 -0.06192708
vn -0.1139365 -0.6074145 -0.7861718
vn 0.08992362 -0.04287899 -0.9950252
vn 0.1683313 -0.4505991 -0.8767126
vn 0.1683313 0.404045 -0.8991174
vn 0.3016245 0.647109 -0.7001947
vn 0.1291275 0.1139365 -0.9850607
vn 0.1604906 -0.08208287 -0.9836184
vn 0.215376 -0.3016245 -0.9287819
vn 0.2310575 -0.9445677 -0.2332471
vn 0.3251468 -0.693663 -0.6427373
vn 0.1604906 -0.2859429 -0.9447113
vn 0.09776437 -0.08992362 -0.9911387
vn 0.02719742 0.1688219 -0.9852713
vn -0.5059751 0.6706312 -0.5424417
vn 0.0115158 0.9999338 0
vn -0.5294973 0.6392681 -0.5576459
vn -0.01984721 0.9921029 -0.1238462
vn -0.7019944 -0.1056052 -0.7043092
vn -0.3883634 -0.8269562 -0.4065924
vn 0.2232167 -0.9602492 0.1676176
vn -0.3648412 -0.8504785 -0.3789159
vn 0.246739 -0.9524085 0.1789914
vn -0.1531402 0.5059751 -0.8488447
vn 0.8347969 -0.0664013 0.5465391
vn 0.6544592 -0.7015038 0.2820914
vn 0.1369683 -0.9837716 -0.1159018
vn -0.4902934 -0.7093446 -0.5064016
vn 0.5838922 0.6392681 0.500406
vn 0.8191154 -0.04287899 0.5720239
vn 0.5603699 0.6627905 0.4966834
vn 0.05071974 0.984262 0.1692801
vn 0.0664013 0.984262 0.1637654
vn 0.8191154 -0.03503823 0.5725576
vn 0.5446883 0.6863127 0.4819641
vn 0.8191154 -0.01935667 0.5733021
vn 0.6466184 -0.693663 0.3173583
vn 0.6466184 -0.693663 0.3173583
vn 0.144809 -0.9837716 -0.105943
vn 0.144809 -0.9837716 -0.105943
vn 0.5054845 0.7098351 0.4905298
vn 0.8034338 -0.01151592 0.5952827
vn 0.6544592 -0.693663 0.3008568
vn 0.6466184 -0.693663 0.3173583
vn 0.144809 -0.9837716 -0.105943
vn -0.4746119 -0.7171854 -0.5102829
vn -0.4746119 -0.7171854 -0.5102829
vn 0.144809 -0.9759308 -0.1630627
vn -0.4354081 -0.7093446 -0.5543014
vn -0.4667712 -0.7250261 -0.5064205
vn -0.3726819 -0.7093446 -0.5982796
vn 0.1683313 -0.9759308 -0.1386493
vn -0.3648412 -0.7093446 -0.603093
vn 0.1761721 -0.9759308 -0.1285398
vn -0.3491595 -0.7015038 -0.6212729
vn 0.1840129 -0.9759308 -0.1170399
vn 0.6387776 -0.6779815 0.3637365
vn 0.6466184 -0.6623 0.3784751
vn 0.7799115 -0.01151592 0.6257838
vn 0.7720708 -0.01151592 0.6354322
vn 0.4819622 0.6941536 0.5346618
vn 0.489803 0.678472 0.5475115
vn -0.2707519 -0.6623 -0.6986073
vn 0.1996944 -0.9680901 -0.1514062
vn -0.129618 -0.6074145 -0.7837389
vn 0.2859429 -0.9445677 -0.1613334
vn 0.6230961 -0.6309369 0.4622444
vn 0.6466184 -0.5603699 0.5175619
vn 0.5682107 -0.76423 0.305105
vn 0.6779815 -0.5211661 0.5183889
vn 0.7250261 -0.01151592 0.688625
vn 0.7015038 0.02768797 0.7121276
vn 0.6779815 0.05121022 0.733293
vn 0.489803 0.6314273 0.6011594
vn 0.5054845 0.6235866 0.5963431
vn 0.4819622 0.647109 0.5907304
vn -0.03552872 0.9921029 0.1202893
vn -0.00416559 0.9999437 -0.009762573
vn 0.1761721 0.9685805 0.1755424
vn 0.003675103 -0.4819622 -0.8761843
vn 0.1526498 -0.6466184 -0.7473839
vn 0.2859429 -0.4349176 -0.8538638
vn 0.7171854 -0.5133253 0.4713197
vn 0.693663 -0.1840129 0.6963985
vn 0.5760515 0.5608605 0.594643
vn 0.6309369 0.2864334 0.7210233
vn 0.6779815 0.06689185 0.7320291
vn 0.1604906 -0.3408283 -0.9263255
vn 0.246739 -0.1604906 -0.9557
vn 0.2702613 -0.1526498 -0.9506087
vn -0.04336947 0.9921029 0.11769
vn 0.4741215 0.6627905 0.579584
vn -0.03552872 0.9921029 0.1202893
vn 0.7563892 -0.01935667 0.6538354
vn 0.6387776 -0.6623 0.3915634
vn -0.04336947 0.9921029 0.11769
vn -0.02768797 0.9921029 0.1223322
vn 0.02719742 0.9921029 0.1224423
vn 0.1838597 -0.9829525 0
vn 0.1989315 -0.9800134 0
vn -0.06674644 0.99777 0
vn -0.04333118 0.9990608 0
vn 0.4662806 0.7647205 0.4447302
vn -0.6706312 -0.2702613 -0.6908057
vn -0.2393888 -0.9053639 -0.3507268
vn 0.3094652 -0.9367269 0.1636274
vn -0.4824527 -0.6466184 -0.5908672
vn 0.1989315 -0.9800134 0
vn -0.7882428 0.1139365 -0.6047246
vn -0.231548 0.952899 -0.1958799
vn -0.5373381 0.749039 -0.3875673
vn -0.231548 0.9136952 -0.333986
vn -0.1374587 0.984262 -0.1110555
vn -0.6000643 0.7568797 -0.2589514
vn -0.8352874 0.4510897 -0.3143455
vn -0.8274466 0.4667712 -0.3121806
vn -0.647109 0.6079051 -0.4601102
vn -0.9058544 0.333478 -0.26119
vn -0.9136952 0.333478 -0.232279
vn -0.1372419 0.9905375 0
vn -0.05121022 0.6863127 -0.7255014
vn -0.1060957 0.0590511 -0.992601
vn -0.7176759 0.333478 -0.6113377
vn 0.003675103 0.9921029 -0.1253726
vn -0.9921029 0.0747326 -0.1007316
vn -0.984262 0.1060957 -0.1413221
vn -0.984262 -0.02719742 -0.1746097
vn -0.1060957 0.9764213 0.1880032
vn -0.0747326 0.9764213 0.2025253
vn -0.231548 0.8744913 0.4262048
vn -0.09041411 0.9058544 0.4138274
vn -0.1139365 0.8980137 0.4249588
vn -0.2001849 0.5687012 0.7978126
vn -0.2158665 0.780402 0.5868342
vn -0.09825486 0.9764213 0.1922171
vn -0.1217772 0.9921029 0.03003525
vn -0.3256373 0.5843827 0.7432746
vn -0.4432488 0.5373381 0.7174944
vn -0.4589304 -0.003675103 0.8884646
vn -0.1688219 -0.003675103 0.9856398
vn -0.06689185 0.00416559 0.9977515
vn -0.1374587 -0.4505991 0.8820802
vn -0.1923441 -0.4662806 0.8634733
vn -0.1374587 -0.3878729 0.9114053
vn -0.1609811 -0.6230961 0.7653995
vn -0.1060957 -0.7955931 0.596469
vn -0.1531402 -0.7407076 0.6541408
vn -0.1766626 -0.9210454 0.3470816
vn -0.231548 -0.8426377 0.4861556
vn -0.3726819 -0.4819622 0.7929821
vn -0.4510897 -0.7328669 0.509337
vn -0.1845034 -0.6779815 0.7115473
vn -0.2393888 -0.6152554 0.7511017
vn -0.1923441 -0.3408283 0.920239
vn -0.231548 -0.5368476 0.8112831
vn -0.2550704 -0.4349176 0.8635889
vn -0.129618 -0.6544592 0.7449043
vn -0.00416559 -0.5838922 0.8118205
vn 0.003675103 -0.7328669 0.6803621
vn -0.06689185 -0.7799115 0.622305
vn 0.003675103 -0.8347969 0.5505457
vn 0.003675103 -0.5525292 0.8334854
vn -0.4824527 -0.8112746 0.3302619
vn -0.7176759 -0.5054845 0.4789852
vn 0.003675103 -0.9602492 0.2791198
vn -0.3648412 -0.3800322 0.8499803
vn -0.7725613 -0.3408283 0.53571
vn -0.4981343 0.02768797 0.8666577
vn -0.2237073 -0.2388983 0.9449247
vn -0.302115 -0.01151592 0.9532019
vn -0.2001849 0.00416559 0.9797493
vn -0.3570004 0.5608605 0.7469848
vn -0.6549497 0.4118858 0.6335542
vn -0.3177965 0.749039 0.5813312
vn -0.1766626 0.9293767 0.3241131
vn -0.1766626 0.5530197 0.8142232
vn -0.1688219 0.8744913 0.4547133
vn -0.2158665 0.8980137 0.3833708
vn -0.0590511 0.9607398 0.2710941
vn 0.003675103 0.952899 0.3032654
vn 0.003675103 0.9607398 0.2774266
vn 0.003675103 0.984262 0.1766769
vn -0.08257335 0.984262 0.1562366
vn 0.003675103 0.9999437 0.009956029
vn -0.08257335 0.9921029 0.0944111
vn -0.09825486 0.984262 0.1468816
vn -0.8274466 0.4824527 0.2873525
vn -0.3413188 0.8980137 0.2776202
vn 0.003675103 0.9685805 0.2486729
vn -0.8490541 0.5283058 0
vn -0.9921029 -0.1212867 -0.03195858
vn -0.9764213 -0.2075352 0.05941894
vn -0.8744913 -0.4662806 -0.1335941
vn -0.8638055 -0.5038251 0
vn -0.6000643 -0.7955931 -0.08339323
vn -0.647109 -0.7328669 -0.2101335
vn -0.3648412 0.9215359 0.1329002
vn 0.003675103 0.984262 0.1766769
vn 0.003675103 -0.9994531 -0.03286209
vn 0.003675103 -0.9445677 -0.328296
vn -0.6706312 -0.4584399 -0.5831695
vn -0.850969 -0.01151592 -0.5250896
vn -0.576542 0.1923441 -0.7941052
vn 0.003675103 -0.7563892 -0.6541115
vn 0.003675103 -0.4819622 -0.8761843
vn -0.2864334 0.9450583 -0.1575458
vn -0.4667712 -0.3329875 -0.8192948
vn -0.5138158 0.3726819 -0.7727234
vn -0.749039 0.5843827 -0.3121497
vn -0.5373381 0.6549497 -0.5313273
vn -0.647109 0.5608605 -0.516416
vn -0.7176759 0.5608605 -0.4127674
vn -0.647109 0.5687012 -0.5077685
vn -0.6706312 0.6549497 -0.3482738
vn -0.1374587 0.9293767 -0.3425845
vn 0.003675103 0.9921029 -0.1253726
vn 0.003675103 0.9372174 -0.3487262
vn -0.7960836 0.6000643 -0.07857271
vn -0.302115 0.8980137 -0.3198406
vn -0.2785926 0.9058544 -0.319083
vn -0.3726819 0.6941536 -0.61584
vn -0.09825486 0.9921029 0.07796003
vn -0.08257335 0.9921029 -0.0944111
vn 0.003675103 0.9999437 -0.009956029
vn 0.003675103 0.9607398 -0.2774266
vn -0.09041411 0.952899 -0.2894973
vn -0.09825486 0.8744913 -0.4749852
vn 0.003675103 0.882332 -0.4706131
vn -0.08257335 0.8117651 -0.5781168
vn 0.003675103 0.8117651 -0.5839725
vn -0.2707519 0.8274466 -0.4919609
vn -0.2393888 0.8039244 -0.544425
vn -0.5294973 0.7176759 -0.4522986
vn -0.06689185 0.8274466 -0.557546
vn 0.003675103 0.8196059 -0.5729159
vn -0.2080258 0.8196059 -0.5338272
vn -0.4902934 0.7098351 -0.5057138
vn -0.7725613 0.5216566 -0.3619718
vn -0.749039 0.5216566 -0.40843
vn -0.8196059 0.3962042 -0.4138459
vn -0.4510897 0.7333574 -0.5086306
vn -0.8980137 0.3413188 -0.2776202
vn -0.984262 0.1139365 -0.1350804
vn -0.9685805 0.09825486 -0.2284682
vn -0.8901729 0.302115 -0.3410553
vn -0.9372174 0.04336947 -0.3460384
vn -0.9685805 0.00416559 -0.2486652
vn -0.9685805 0.00416559 -0.2486652
vn -0.9058544 -0.1840129 -0.3815325
vn -0.8352874 0.03552872 -0.5486645
vn -0.952899 0.05121022 -0.298933
vn -0.780402 -0.01935667 -0.6249784
vn -0.9372174 -0.2624206 -0.2296932
vn -0.678472 -0.246739 -0.6919506
vn -0.678472 -0.0664013 -0.7316192
vn -0.7098351 -0.6779815 -0.1909848
vn -0.4275673 -0.5133253 -0.7440991
vn -0.3491595 -0.5995737 -0.7201382
vn -0.3329099 -0.9429586 0
vn -0.1531402 -0.7171854 -0.6798479
vn -0.00416559 -0.7955931 -0.605817
vn -0.1531402 -0.9759308 0.1552648
vn 0.1761721 -0.8583192 -0.4819248
vn 0.2859429 -0.8504785 -0.4415009
vn 0.003675103 -0.9759308 0.2180494
vn 0.4741215 -0.8269562 -0.3022455
vn 0.003675103 -0.9837716 0.1793879
vn 0.5525292 -0.8269562 -0.1041877
vn 0.003675103 -0.9680901 -0.2505756
vn -0.2237073 -0.6544592 0.7222453
vn -0.3099558 -0.6074145 0.7314199
vn -0.09041411 -0.4427583 0.8920708
vn 0.144809 -0.5368476 0.8311589
vn 0.215376 -0.7093446 0.6711509
vn 0.003675103 -0.7485484 0.6630699
vn -0.3805227 -0.4113953 0.8282249
vn -0.7411981 -0.2624206 0.6178679
vn 0.3957137 -0.5838922 0.7088586
vn 0.4270768 -0.6230961 0.6552531
vn 0.003675103 -0.7720708 0.6355259
vn 0.003675103 -0.6387776 0.7693827
vn -0.749039 -0.5446883 0.3771673
vn -0.333478 -0.8975231 0.2885216
vn -0.231548 -0.9680901 0.09584969
vn -0.6000643 -0.7955931 -0.08339323
vn -0.7882428 -0.4741215 0.3922783
vn -0.952899 -0.246739 0.1763612
vn -0.9058544 -0.1604906 0.3920084
vn -0.9685805 -0.1683313 0.1830746
vn -0.9921029 0.0747326 -0.1007316
vn -0.984262 0.1060957 -0.1413221
vn -0.9921029 -0.05856055 0.1109165
vn -0.984262 -0.02719742 -0.1746097
vn -0.8117651 -0.4976438 -0.3055946
vn -0.882332 -0.317306 -0.3475732
vn -0.1060957 0.0590511 -0.992601
vn -0.9764213 0.01200646 0.2155396
vn 0.1212867 -0.5682107 -0.8138956
vn 0.04287899 -0.3721914 -0.927165
vn 0.6544592 0.01984721 -0.7558368
vn 0.8112746 -0.01151592 -0.5845519
vn 0.693663 -0.2937837 -0.6576647
vn 0.4584399 -0.7093446 -0.5354093
vn -0.08257335 -0.8426377 -0.5321122
vn -0.09825486 -0.9680901 -0.2305377
vn 0.01935667 -0.9916124 -0.1277898
vn 0.6779815 -0.4270768 -0.5982863
vn 0.76423 -0.08208287 -0.6396991
vn 0.7485484 -0.1056052 -0.6546165
vn 0.5525292 -0.6544592 -0.5161344
vn 0.5995737 -0.6152554 -0.5118322
vn 0.76423 -0.1840129 -0.6181357
vn 0.2075352 -0.9602492 -0.186683
vn 0.1369683 -0.9837716 -0.1159018
vn -0.404045 -0.8347969 0.3739809
vn -0.4667712 -0.7799115 0.4169684
vn -0.7019944 -0.1996944 0.6836125
vn -0.749039 -0.1291275 0.6498205
vn -0.6314273 0.5059751 0.5876127
vn -0.6549497 0.5138158 0.5541067
vn -0.2707519 0.9372174 0.2198112
vn -0.2472295 0.9450583 0.2138747
vn 0.2310575 0.952899 -0.1964583
vn 0.2545798 0.9372174 -0.238354
vn 0.693663 0.4746119 -0.5418257
vn 0.6544592 0.5138158 -0.5546859
vn 0.76423 -0.1840129 -0.6181357
vn 0.7485484 -0.1056052 -0.6546165
vn -0.5373381 -0.7563892 0.3730191
vn -0.8039244 -0.1526498 0.5748075
vn -0.7019944 -0.489803 0.5170077
vn -0.8196059 0.00416559 0.5729126
vn -0.6235866 -0.4584399 0.633224
vn -0.4275673 -0.86616 0.2587528
vn -0.4354081 -0.8269562 0.3557574
vn -0.7098351 -0.01151592 0.7042737
vn -0.6941536 0.5216566 0.4960093
vn -0.6314273 0.4902934 0.6007594
vn -0.5530197 0.5138158 0.6558678
vn -0.4118858 0.8744913 0.2561545
vn -0.4275673 0.8274466 0.3640306
vn -0.1688219 -0.9837716 0.06076797
vn -0.7098351 0.4667712 0.5275024
vn 0.02719742 -0.9994531 -0.01880834
vn -0.3648412 0.9058544 0.2152178
vn 0.4741215 -0.76423 -0.43722
vn 0.09776437 0.9685805 -0.2286786
vn 0.5995737 0.5216566 -0.6069479
vn 0.6230961 0.4981343 -0.6030036
vn 0.1212867 0.952899 -0.2779801
vn 0.4584399 0.5608605 -0.6893972
vn 0.04287899 0.9921029 -0.1178694
vn 0.6544592 0.01984721 -0.7558368
vn 0.8112746 -0.01151592 -0.5845519
vn -0.2080258 0.9764213 0.05767819
vn 0.76423 -0.08208287 -0.6396991
vn -0.1609811 0.9764213 0.1438283
vn -0.5059751 -0.4662806 0.7256526
vn -0.1217772 -0.9916124 -0.04330383
vn -0.1452995 0.01200646 0.9893149
vn -0.8431283 -0.1056052 0.5272403
vn -0.8352874 -0.03503823 0.548696
vn -0.6706312 -0.1604906 0.7242213
vn -0.3726819 -0.3016245 0.877571
vn -0.09041411 -0.3643506 0.9268624
vn 0.246739 -0.4113953 0.8774245
vn -0.08257335 -0.3721914 0.9244757
vn 0.2232167 -0.4349176 0.8723652
vn 0.4819622 -0.419236 0.7693852
vn 0.6466184 -0.3957137 0.6521467
vn 0.4113953 -0.419236 0.8093176
vn 0.591733 -0.4113953 0.6932575
vn -0.3648412 -0.3016245 0.8808596
vn 0.4741215 -0.5054845 0.7208982
vn 0.76423 -0.4113953 0.4966955
vn 0.8740008 -0.317306 0.3680211
vn 0.9132047 -0.3329875 0.2348968
vn 0.003675103 -0.7955931 0.6058202
vn 0.6544592 -0.5368476 0.5324264
vn 0.2859429 -0.6466184 0.7071926
vn 0.7720708 -0.5525292 0.3140355
vn 0.4505991 -0.7720708 0.4481821
vn 0.3878729 -0.7250261 0.5691149
vn 0.1918536 -0.8975231 0.3970447
vn 0.3094652 -0.9210454 0.2364458
vn 0.01935667 -0.9680901 0.2498539
vn 0.1604906 -0.9837716 0.08022685
vn 0.5525292 -0.7720708 0.3140356
vn 0.5368476 -0.8426377 0.04190978
vn 0.4584399 -0.8426377 -0.2824795
vn 0.08208287 -0.8426377 0.5321881
vn -0.0590511 -0.7407076 0.6692272
vn 0.1369683 -0.5525292 0.8221626
vn -0.3570004 -0.7799115 0.5140902
vn -0.2629111 -0.6074145 0.7496167
vn -0.5216566 -0.5995737 0.6069479
vn -0.1531402 -0.9132047 0.3776312
vn -0.4275673 -0.4035545 0.8089067
vn -0.1060957 -0.4819622 0.8697449
vn 0.1840129 -0.4584399 0.8694666
vn -0.09041411 -0.3957137 0.9139124
vn -0.3883634 -0.3486691 0.8529969
vn -0.6157458 -0.4505991 0.646388
vn -0.6157458 -0.2075352 0.7601225
vn -0.6392681 -0.3016245 0.7073606
vn -0.7960836 -0.08992362 0.5984685
vn -0.9293767 0.01984721 0.3685988
vn -0.9215359 0.00416559 0.3882708
vn -0.9136952 -0.05071974 0.4032228
vn -0.984262 0.09825486 0.1468817
vn -0.7725613 -0.2232167 0.5944102
vn -0.9982609 0.05895172 0
vn -0.9999437 -0.003675103 -0.009957229
vn -0.9921029 0.04336947 -0.1176898
vn -0.9685805 0.09825486 -0.2284682
vn -0.984262 0.1139365 -0.1350804
vn -0.984262 0.1374587 -0.1110556
vn -0.9764213 0.1452995 -0.1596544
vn -0.952899 0.05121022 -0.298933
vn -0.780402 -0.3094652 0.5433268
vn -0.9921029 0.04336947 0.1176898
vn -0.9921029 0.09825486 -0.07796021
vn -0.9607398 0.1139365 -0.2529773
vn -0.8980137 0.1060957 -0.4269838
vn -0.8352874 0.03552872 -0.5486645
vn -0.9982896 -0.05846368 0
vn -0.9372174 -0.1291275 0.3239593
vn -0.8274466 -0.3800322 0.4134097
vn -0.9607398 -0.2545798 0.1103093
vn -0.9764213 -0.1056052 -0.1882791
vn -0.952899 -0.3016245 -0.03171926
vn -0.8666505 -0.4427583 0.2299607
vn -0.7176759 -0.5133253 0.4705726
vn -0.7647205 -0.591733 0.2550581
vn -0.780402 -0.6152554 0.111506
vn -0.6545951 -0.7559797 0
vn -0.5687012 -0.7563892 0.323194
vn -0.882332 -0.4662806 0.06381674
vn -0.3962042 -0.8975231 0.1935834
vn -0.9293767 -0.317306 -0.1886158
vn -0.8744913 -0.4584399 -0.1584231
vn -0.7411981 -0.6623 -0.1094718
vn -0.2393888 -0.9680901 0.07412594
vn -0.4981343 -0.8583192 -0.1230866
vn -0.3177965 -0.8975231 -0.3057084
vn -0.1060957 -0.9916124 -0.0738149
vn -0.5294973 -0.7955931 -0.2943879
vn -0.7019944 -0.6309369 -0.3303371
vn -0.333478 -0.7720708 -0.5410168
vn -0.4981343 -0.6779815 -0.5405583
vn -0.647109 -0.5054845 -0.5707323
vn -0.2785926 -0.6466184 -0.7101203
vn -0.01984721 -0.8112746 -0.5843284
vn 0.01935667 -0.5290068 -0.8483968
vn 0.2624206 -0.5603699 -0.7855705
vn -0.4354081 -0.5290068 -0.7284034
vn -0.1531402 -0.3800322 -0.9122081
vn -0.2785926 -0.2781022 -0.9192635
vn 0.04287899 -0.1369683 -0.9896469
vn -0.09041411 -0.04287899 -0.9949808
vn 0.05071974 -0.08208287 -0.9953341
vn -0.3491595 -0.5995737 -0.7201382
vn -0.1531402 -0.7171854 -0.6798479
vn 0.1918536 -0.1918536 -0.9624886
vn 0.1683313 -0.2937837 -0.9409334
vn -0.00416559 -0.7955931 -0.605817
vn 0.3486691 -0.2624206 -0.8997585
vn 0.1761721 -0.8583192 -0.4819248
vn 0.4819622 -0.5133253 -0.7100772
vn 0.3486691 -0.6779815 -0.6471252
vn 0.6230961 -0.6544592 -0.4282924
vn 0.4976438 -0.2545798 -0.8291802
vn 0.2859429 -0.8504785 -0.4415009
vn 0.7015038 -0.3251468 -0.6341703
vn 0.4741215 -0.8269562 -0.3022455
vn 0.86616 -0.317306 -0.3861136
vn 0.5525292 -0.8269562 -0.1041877
vn 0.9524085 -0.2702613 -0.1409853
vn 0.003675103 -0.9680901 -0.2505756
vn 0.7563892 -0.5838922 -0.2948648
vn 0.86616 -0.4819622 -0.1322089
vn 0.9584099 -0.2853952 0
vn 0.7328669 -0.6779815 -0.05698422
vn 0.6779815 -0.7250261 0.1211535
vn 0.8426377 -0.5368476 0.04190978
vn 0.2310575 -0.9210454 -0.3135088
vn 0.1683313 -0.8426377 -0.5114942
vn -0.2080258 0.9215359 0.3278671
vn -0.6079051 0.4275673 0.6690573
vn -0.6392681 0.4432488 0.6283843
vn -0.2237073 0.9215359 0.3173746
vn -0.6941536 -0.3486691 0.6297466
vn -0.6706312 -0.3643506 0.6461442
vn -0.2864334 -0.9132047 0.2898501
vn -0.302115 -0.9132047 0.2734662
vn 0.2781022 0.952899 -0.1210066
vn 0.3016245 0.9450583 -0.1260456
vn 0.7093446 0.4354081 -0.5543014
vn 0.7328669 0.4354081 -0.5228059
vn 0.2075352 -0.9759308 -0.06699425
vn 0.1761721 -0.9759308 -0.1285398
vn 0.5760515 -0.7093446 -0.4061958
vn 0.5368476 -0.7407076 -0.4039144
vn 0.7328669 -0.2937837 -0.6136752
vn 0.7171854 -0.3329875 -0.6121801
vn 0.7328669 -0.2937837 -0.6136752
vn 0.7171854 -0.3329875 -0.6121801
vn 0.2859429 0.9450583 -0.1584345
vn -0.2707519 0.9058544 0.3257625
vn -0.6000643 0.4354081 0.6710757
vn 0.7407076 0.4197266 -0.5245777
vn -0.6235866 0.4275673 0.6544662
vn -0.6706312 -0.3486691 0.6547394
vn -0.6549497 -0.3329875 0.678351
vn -0.6314273 0.4275673 0.6469047
vn -0.6627905 -0.317306 0.6782519
vn -0.3099558 -0.8975231 0.3136554
vn -0.2942742 -0.9053639 0.3061356
vn -0.3570004 0.8666505 0.348522
vn 0.1840129 -0.9680901 -0.1701203
vn 0.5133253 -0.7407076 -0.4334159
vn 0.7015038 -0.3643506 -0.6124876
vn 0.1918536 -0.9680901 -0.161226
vn 0.5368476 -0.7407076 -0.4039144
vn 0.7250261 -0.3643506 -0.5844533
vn -0.3099558 -0.9053639 0.2902477
vn 0.1683313 -0.9759308 -0.1386493
vn 0.5133253 -0.7485484 -0.4197289
vn 0.7250261 -0.3486691 -0.5939419
vn -0.04333118 0.9990608 0
vn 0.246739 0.9450583 -0.2144404
vn 0.6387776 0.4667712 -0.6116272
vn 0.7015038 -0.3643506 -0.6124876
vn 0.7093446 0.404045 -0.577562
vn 0.7250261 -0.3643506 -0.5844533
vn 0.317306 0.9293767 -0.1886158
vn -0.0747326 0.9921029 0.1007316
vn -0.3570004 0.8588098 0.3674187
vn 0.7250261 -0.3486691 -0.5939419
vn -0.678472 -0.246739 -0.6919506
vn -0.1923441 0.0590511 -0.9795492
vn -0.4275673 -0.5133253 -0.7440991
vn -0.4197266 -0.144809 -0.8960246
vn -0.5608605 -0.02719742 -0.8274635
vn -0.6863127 -0.1761721 -0.7056473
vn -0.6000643 -0.3721914 -0.7080935
vn -0.6549497 0.02768797 -0.755165
vn -0.678472 -0.0664013 -0.7316192
vn -0.7647205 0.0747326 -0.6400138
vn -0.8431283 0.00416559 -0.5376964
vn -0.8039244 -0.09776437 -0.586641
vn -0.780402 -0.01935667 -0.6249784
vn -0.882332 0.01984721 -0.4702088
vn -0.9450583 0.01200646 -0.3266813
vn -0.9136952 -0.1212867 -0.3878797
vn -0.8744913 -0.317306 -0.3668541
vn -0.7725613 -0.2859429 -0.566909
vn -0.8196059 -0.4505991 -0.3538454
vn -0.7019944 -0.3800322 0.6023118
vn -0.6549497 -0.6230961 0.4275419
vn -0.749039 0.3962042 0.5310017
vn -0.7255166 0.404045 0.5571115
vn -0.3099558 0.9058544 0.2887131
vn -0.3648412 0.9058544 0.2152178
vn 0.1526498 0.9607398 -0.2316831
vn 0.2232167 0.9607398 -0.1647826
vn 0.5838922 0.4902934 -0.6470566
vn 0.5682107 0.4510897 -0.6882257
vn 0.6387776 -0.1683313 -0.7507514
vn 0.6230961 -0.2232167 -0.7496169
vn -0.7960836 -0.2781022 0.5375035
vn -0.7647205 -0.3094652 0.5651848
vn -0.7255166 0.4197266 0.5453946
vn -0.780402 -0.2075352 0.5898321
vn -0.3883634 -0.8818415 0.2674497
vn -0.4197266 -0.8818415 0.2149073
vn 0.419236 -0.7955931 -0.4373474
vn 0.1056052 -0.9680901 -0.2272646
vn 0.144809 0.9607398 -0.2366631
vn -0.3491595 0.9058544 0.2398238
vn 0.5838922 0.4589304 -0.6696662
vn 0.4505991 -0.7015038 -0.5521348
vn 0.6387776 -0.1683313 -0.7507514
vn 0.6230961 -0.2232167 -0.7496169
vn 0.1291275 -0.9759308 -0.1757417
vn 0.4741215 -0.7171854 -0.5107386
vn -0.7098351 -0.3408283 0.6164172
vn -0.6706312 0.4354081 0.600561
vn 0.2075352 0.9607398 -0.1841418
vn -0.2785926 0.9215359 0.2704768
vn 0.1918536 -0.9759308 -0.1036882
vn 0.5290068 -0.7171854 -0.4536484
vn -0.3099558 -0.9053639 0.2902477
vn -0.3726819 -0.8896823 0.263768
vn 0.6466184 0.4510897 -0.6151445
vn 0.7015038 -0.2781022 -0.6561643
vn 0.6544592 -0.2545798 -0.7119496
vn 0.7015038 -0.2781022 -0.6561643
vn 0.6544592 -0.2545798 -0.7119496
vn 0.7563892 0.129618 -0.641151
vn 0.86616 -0.1996944 -0.4581363
vn 0.8426377 0.0747326 -0.5332699
vn 0.5446883 0.2785926 -0.7910125
vn 0.6779815 0.3491595 -0.6468607
vn 0.2388983 0.4197266 -0.8756468
vn 0.4819622 0.5451788 -0.6859245
vn 0.7328669 0.5294973 -0.4272455
vn 0.6309369 0.2629111 -0.7299291
vn 0.7799115 0.302115 -0.5481464
vn 0.9524085 0.2472295 -0.1783132
vn 0.9288862 0.09825486 -0.3570945
vn 0.9602492 -0.1918536 -0.2027648
vn 0.9883575 -0.1521487 0
vn 0.9680901 -0.2310575 -0.09702618
vn 0.9680901 0.1060957 -0.227036
vn 0.8269562 0.333478 -0.4526985
vn 0.4035545 0.231548 -0.8851719
vn 0.5525292 0.01200646 -0.8334071
vn 0.591733 0.03552872 -0.8053507
vn 0.7485484 0.06689185 -0.6596974
vn 0.4976438 -0.03503823 -0.8666735
vn 0.2545798 -0.2388983 -0.9370788
vn 0.3408283 -0.3329875 -0.8791788
vn 0.1056052 -0.8112746 -0.5750487
vn -0.09825486 -0.7799115 -0.6181294
vn -0.2707519 -0.7171854 -0.6421359
vn -0.03552872 -0.0664013 -0.9971603
vn -0.7255166 -0.4349176 -0.5333595
vn -0.1139365 0.2550704 -0.9601862
vn 0.3800322 -0.3408283 -0.8598905
vn 0.2075352 -0.8191154 -0.5347701
vn 0.3800322 -0.08208287 -0.921324
vn 0.3486691 0.02768797 -0.9368368
vn 0.3878729 0.03552872 -0.9210278
vn 0.489803 -0.2545798 -0.8338358
vn 0.3408283 -0.04287899 -0.9391472
vn 0.6858222 -0.09776437 -0.7211726
vn 0.3329875 0.7725613 -0.5406185
vn -0.4902934 0.2080258 -0.8463673
vn -0.4510897 0.8901729 -0.06411144
vn -0.9058544 0.1688219 -0.3884932
vn -0.6079051 -0.7799115 -0.1489612
vn 0.1056052 -0.6779815 -0.7274535
vn 0.3094652 0.0590511 -0.9490755
vn 0.5838922 0.01984721 -0.8115885
vn 0.2624206 0.6941536 -0.6702881
vn 0.2702613 0.01984721 -0.9625824
vn -0.4354081 -0.05071974 -0.8988033
vn -0.404045 0.9136952 -0.04368889
vn -0.9607398 0.04336947 -0.2740404
vn -0.6157458 -0.7877523 0.01741974
vn 0.0664013 -0.8347969 -0.5465391
vn 0.5995737 -0.1996944 -0.7750055
vn 0.3251468 -0.01151592 -0.9455934
vn 0.4349176 0.5687012 -0.6981587
vn 0.3408283 0.1217772 -0.9322051
vn -0.2393888 0.5294973 -0.8138339
vn -0.0747326 0.9764213 -0.2025253
vn -0.7019944 0.5373381 -0.4674096
vn 0.01151592 -0.4741215 -0.8803841
vn 0.6387776 -0.09776437 -0.7631549
vn 0.5760515 0.1139365 -0.8094339
vn 0.6309369 0.5216566 -0.5742761
vn 0.5838922 0.6000643 -0.5468022
vn 0.1134459 0.9764213 -0.1836614
vn 0.1291275 0.984262 -0.1206413
vn 0.5133253 0.6941536 -0.5046265
vn 0.1134459 0.9921029 -0.05349633
vn 0.5133253 0.7647205 -0.3894865
vn 0.1056052 0.9921029 0.06767101
vn 0.5290068 0.8196059 -0.2199954
vn -0.0747326 0.9607398 0.2671967
vn -0.404045 0.8901729 0.2105701
vn -0.3962042 0.882332 0.253993
vn -0.3413188 0.8901729 0.3018173
vn -0.7647205 0.4981343 0.4087355
vn -0.780402 0.4354081 0.4487678
vn -0.3570004 0.8588098 0.3674187
vn -0.6392681 0.5608605 0.5260911
vn -0.678472 0.5451788 0.492398
vn -0.7333574 0.4197266 0.5348052
vn -0.8117651 0.3726819 0.449606
vn -0.6863127 0.5059751 0.5224596
vn -0.9293767 0.1845034 0.3197148
vn -0.882332 -0.1840129 0.4331622
vn -0.7411981 0.576542 0.3438382
vn -0.7333574 0.3491595 0.5833306
vn -0.7725613 0.3648412 0.5196537
vn -0.8744913 0.4510897 0.1782782
vn -0.4902934 0.850969 0.188319
vn -0.7176759 -0.6779815 0.1590045
vn -0.7647205 0.3726819 0.5256527
vn -0.7725613 -0.3329875 0.5406185
vn -0.7647205 0.3491595 0.5415627
vn -0.749039 -0.3721914 0.5481005
vn -0.3805227 -0.8896823 0.252325
vn -0.333478 -0.9132047 0.2342
vn -0.7647205 0.2785926 0.5810238
vn -0.6079051 0.5922235 0.5288883
vn -0.6627905 0.4275673 0.6147316
vn -0.1374587 0.9293767 0.3425845
vn -0.2158665 0.9215359 0.3227587
vn -0.6706312 0.4197266 0.6116235
vn 0.419236 0.8980137 -0.1334641
vn 0.489803 0.8588098 -0.1501296
vn 0.3565099 0.9215359 -0.153858
vn -0.231548 0.9136952 0.333986
vn -0.678472 0.404045 0.6135335
vn -0.7568797 -0.0664013 0.6501722
vn -0.7647205 -0.08208287 0.6391127
vn -0.5843827 -0.5838922 0.5635306
vn -0.6079051 -0.5446883 0.5777249
vn -0.7568797 -0.03503823 0.6526142
vn -0.647109 -0.4741215 0.5970417
vn -0.4432488 -0.7720708 0.4554528
vn -0.404045 -0.8426377 0.3559625
vn -0.4667712 -0.8347969 0.2919568
vn -0.3805227 -0.8112746 0.4438874
vn -0.4118858 -0.8269562 0.3827448
vn -0.333478 -0.8191154 0.4667358
vn -0.2158665 -0.8975231 0.3845178
vn -0.7647205 0.01200646 0.6442503
vn -0.6314273 -0.4662806 0.6195821
vn -0.1923441 -0.9367269 0.2924832
vn 0.3800322 -0.9210454 0.08515225
vn 0.246739 -0.9602492 -0.1305422
vn 0.5603699 -0.7171854 -0.4142833
vn 0.6623 -0.6544592 -0.3647491
vn 0.7485484 -0.317306 -0.5822303
vn 0.8191154 -0.2937837 -0.4926876
vn 0.8583192 -0.5054845 -0.08816773
vn 0.4505991 -0.8191154 0.3549794
vn 0.8347969 -0.5211661 0.1774825
vn 0.8191154 -0.5446883 0.1799015
vn 0.4113953 -0.8347969 0.3658798
vn 0.7799115 -0.6230961 0.05906967
vn 0.3878729 -0.8896823 0.2408734
vn 0.9602492 -0.1918536 -0.2027648
vn 0.9883575 -0.1521487 0
vn 0.9680901 -0.2310575 -0.09702618
vn 0.9288862 -0.3016245 -0.214926
vn 0.7563892 -0.6466184 -0.09879313
vn 0.9053639 -0.2781022 -0.3208979
vn 0.7720708 -0.6152554 -0.1592721
vn 0.86616 -0.1996944 -0.4581363
vn 0.3643506 -0.9132047 0.182499
vn 0.8269562 -0.5290068 -0.1905132
vn 0.8112746 0.0590511 -0.5816756
vn 0.3878729 -0.9053639 0.1728319
vn -0.1217772 -0.9367269 0.3281966
vn -0.1688219 -0.9288862 0.3296509
vn -0.4746119 -0.8269562 0.3014747
vn -0.5922235 -0.7799115 0.2025077
vn 0.3721914 -0.9132047 0.165924
vn -0.09041411 -0.9367269 0.3381833
vn -0.5608605 -0.8269562 -0.03973721
vn -0.02768797 -0.9210454 0.3884697
vn 0.01151592 -0.8818415 0.4714052
vn -0.03552872 -0.9053639 0.4231477
vn -0.7019944 -0.7015038 0.1228672
vn -0.7255166 -0.4349176 -0.5333595
vn -0.9607398 0.03552872 -0.2751668
vn -0.7882428 -0.5760515 0.2164211
vn -0.8196059 -0.4819622 0.3097719
vn -0.9764213 0.1766626 -0.1240637
vn -0.2629111 -0.8740008 0.4086568
vn -0.2864334 -0.8426377 0.4559799
vn 0.4035545 -0.8818415 0.2439247
vn 0.4113953 -0.86616 0.2837617
vn 0.8975231 -0.4349176 -0.07279414
vn 0.9053639 -0.419236 -0.06750885
vn 0.9053639 -0.4113953 -0.1052151
vn 0.86616 0.2629111 -0.4250229
vn 0.8583192 0.2472295 -0.4496284
vn 0.4035545 -0.86616 0.2948059
vn 0.86616 0.2158665 -0.4507421
vn 0.8740008 0.1688219 -0.4556553
vn 0.8896823 -0.4349176 -0.138968
vn 0.3957137 -0.9053639 0.1540355
vn -0.3177965 -0.8269562 0.4638414
vn -0.2550704 -0.9053639 0.3394928
vn -0.8431283 -0.4035545 0.3553569
vn -0.8352874 -0.419236 0.3557192
vn -0.2237073 -0.9210454 0.3187952
vn 0.3957137 -0.8975231 0.1945841
vn 0.8818415 -0.4505991 -0.1389816
vn 0.8740008 0.1060957 -0.4742007
vn -0.960435 0.2785043 0
vn -0.9607398 0.2707519 -0.06060075
vn -0.9607398 0.2629111 0.08863843
vn -0.8431283 -0.4035545 0.3553569
vn -0.9730154 0.2307403 0
vn -0.8352874 -0.3957137 0.3817141
vn -0.3177965 -0.8269562 0.4638414
vn -0.2942742 -0.8191154 0.4923948
vn 0.3957137 -0.86616 0.3052498
vn 0.4113953 -0.8583192 0.3066628
vn 0.9053639 -0.419236 -0.06750885
vn 0.9044245 -0.4266337 0
vn 0.86616 0.2550704 -0.4297742
vn 0.8740008 0.2629111 -0.4086567
vn 0.8583192 0.2080258 -0.4690559
vn 0.8896823 -0.4505991 -0.07366011
vn 0.8269562 0.1688219 -0.5363233
vn 0.8818415 -0.4662806 0.07026989
vn 0.4427583 -0.8112746 0.3818358
vn 0.4270768 -0.8347969 0.3474471
vn 0.8723517 -0.4888788 0
vn 0.4427583 -0.8034338 0.3980693
vn -0.1609811 -0.8191154 0.550577
vn -0.1923441 -0.8191154 0.5404199
vn -0.2393888 -0.8191154 0.5212897
vn -0.8431283 -0.4270768 0.3267111
vn -0.8352874 -0.4035545 0.373415
vn -0.8431283 -0.489803 0.2218734
vn -0.6462058 -0.7631633 0
vn -0.9372174 0.02768797 -0.3476448
vn -0.9685805 0.1139365 -0.2210661
vn -0.9764213 0.1845034 -0.1120713
vn -0.3177965 -0.9367269 -0.1467925
vn 0.05071974 -0.8347969 -0.5482168
vn -0.3883634 -0.1056052 -0.9154351
vn -0.5843827 -0.2702613 -0.7651507
vn -0.8039244 -0.1291275 -0.5805443
vn 0.4427583 -0.591733 -0.6736595
vn -0.1452995 -0.01935667 -0.9891983
vn 0.693663 -0.3643506 -0.6213536
vn 0.7250261 0.09041411 -0.6827608
vn 0.9132047 -0.003675103 -0.4074847
vn 0.9053639 -0.2781022 -0.3208979
vn 0.9288862 -0.3016245 -0.214926
vn 0.8112746 0.0590511 -0.5816756
vn 0.4427583 0.3962042 -0.8043552
vn 0.8740008 0.1060957 -0.4742007
vn 0.4427583 0.5294973 -0.7236005
vn 0.8740008 0.1688219 -0.4556553
vn 0.86616 0.2158665 -0.4507421
vn 0.3643506 0.6627905 -0.6541846
vn -0.3962042 0.5216566 -0.755577
vn -0.4432488 0.6941536 -0.5671695
vn -0.9607398 0.03552872 -0.2751668
vn -0.9764213 0.1766626 -0.1240637
vn -0.4432488 0.7882428 -0.4268535
vn -0.9607398 0.2707519 -0.06060075
vn 0.3329875 0.749039 -0.5727651
vn -0.4354081 0.8196059 -0.3723788
vn 0.3486691 0.7725613 -0.5306402
vn 0.8583192 0.2472295 -0.4496284
vn 0.86616 0.2629111 -0.4250229
vn 0.3408283 0.7647205 -0.5468442
vn 0.8740008 0.2629111 -0.4086567
vn -0.960435 0.2785043 0
vn -0.9607398 0.2629111 0.08863843
vn -0.4275673 0.8117651 -0.3977733
vn -0.4824527 0.749039 -0.4540704
vn -0.9730154 0.2307403 0
vn -0.5138158 0.647109 -0.5632435
vn -0.9764213 0.1845034 -0.1120713
vn 0.3094652 0.7333574 -0.6053249
vn 0.2545798 0.6549497 -0.7114984
vn -0.5294973 0.4902934 -0.6922752
vn 0.1761721 0.5373381 -0.8247613
vn 0.86616 0.2550704 -0.4297742
vn 0.8583192 0.2080258 -0.4690559
vn 0.8269562 0.1688219 -0.5363233
vn 0.07424206 0.3962042 -0.9151559
vn 0.7250261 0.09041411 -0.6827608
vn -0.5216566 0.333478 -0.7852814
vn -0.4589304 0.09041411 -0.8838598
vn -0.04336947 0.09041411 -0.9949595
vn -0.9372174 0.02768797 -0.3476448
vn -0.8039244 -0.1291275 -0.5805443
vn -0.3883634 -0.1056052 -0.9154351
vn -0.1452995 -0.01935667 -0.9891983
vn -0.5843827 -0.2702613 -0.7651507
vn -0.9685805 0.1139365 -0.2210661
vn 0.693663 -0.3643506 -0.6213536
vn -0.9058544 0.1688219 -0.3884932
vn -0.9764213 -0.03503823 0.2130113
vn -0.4510897 0.8901729 -0.06411144
vn -0.7725613 0.4981343 0.3937148
vn -0.09825486 0.9764213 0.1922171
vn -0.6235866 0.6000643 0.5010614
vn -0.8744913 -0.09776437 0.4750865
vn -0.882332 0.2785926 0.3793103
vn -0.8980137 -0.144809 0.4154538
vn -0.6627905 -0.7015038 0.2619182
vn -0.6706312 -0.693663 0.262841
vn -0.2393888 -0.9680901 -0.07412594
vn -0.1688219 -0.9759308 -0.1380517
vn -0.6000643 -0.7407076 0.3021175
vn -0.2472295 -0.9680901 0.04097855
vn -0.850969 -0.246739 0.4636503
vn -0.2234297 -0.9747201 0
vn 0.2075352 -0.8191154 -0.5347701
vn 0.3094652 -0.7407076 -0.5963082
vn 0.4584399 -0.693663 -0.5555758
vn 0.1056052 -0.8112746 -0.5750487
vn -0.09825486 -0.7799115 -0.6181294
vn -0.2942742 -0.9524085 -0.0795033
vn -0.2707519 -0.7171854 -0.6421359
vn -0.5451788 -0.7407076 0.3925967
vn -0.749039 -0.2859429 0.5976431
vn -0.9058544 0.06689185 0.4182742
vn -0.7960836 -0.03503823 0.6041715
vn -0.8980137 -0.1683313 0.4064924
vn -0.7960836 -0.07424206 0.6006155
vn -0.8744913 0.09825486 0.4749853
vn -0.9293767 0.1139365 0.351109
vn -0.882332 -0.3486691 0.3161014
vn -0.8980137 0.1060957 0.4269838
vn -0.8196059 -0.489803 0.2972192
vn -0.7255166 0.6392681 0.2548764
vn -0.850969 0.404045 0.3355582
vn -0.7647205 0.2550704 0.5917277
vn -0.6627905 0.6941536 0.2808194
vn -0.7647205 0.0590511 0.6416506
vn -0.952899 0.2001849 0.2278365
vn -0.404045 0.9136952 -0.04368889
vn -0.01984442 0.9998031 0
vn -0.5451788 0.7333574 0.4061613
vn -0.8196059 0.09825486 0.5644397
vn -0.7098351 -0.5760515 0.4053379
vn -0.2707519 -0.9602492 0.06793254
vn -0.6079051 -0.7799115 -0.1489612
vn -0.882332 0.09825486 0.4602567
vn -0.7725613 0.1845034 0.6075423
vn -0.8117651 0.404045 0.4216456
vn -0.882332 -0.1918536 0.4297469
vn -0.8588098 -0.3016245 0.4140875
vn -0.8039244 0.4197266 0.4213493
vn -0.3883634 0.8980137 0.2067495
vn -0.3570004 0.9058544 0.227988
vn 0.1996944 0.9685805 -0.148236
vn -0.0747326 0.9764213 -0.2025253
vn -0.780402 0.3883634 0.4900475
vn -0.7882428 -0.3721914 0.4900479
vn -0.6157458 -0.7877523 0.01741974
vn -0.404045 -0.8896823 0.2126334
vn -0.7019944 0.5373381 -0.4674096
vn -0.9607398 0.04336947 -0.2740404
vn 0.2310575 0.952899 -0.1964583
vn -0.780402 0.3805227 0.4961605
vn -0.3570004 0.9058544 0.227988
vn 0.2310575 0.952899 -0.1964583
vn -0.3570004 0.9058544 0.227988
vn 0.2310575 0.9607398 -0.1535951
vn -0.3570004 0.9058544 0.227988
vn -0.780402 0.3883634 0.4900475
vn -0.7725613 0.3726819 0.5140597
vn -0.7882428 -0.3957137 0.4712579
vn -0.7725613 -0.4113953 0.4836353
vn -0.3962042 -0.8975231 0.1935834
vn -0.3805227 -0.9053639 0.1884642
vn 0.2310575 0.952899 -0.1964583
vn -0.3648412 0.8901729 0.2729159
vn -0.7568797 0.3491595 0.5524678
vn -0.7882428 -0.3800322 0.4839927
vn -0.7333574 -0.4349176 0.5225263
vn -0.3962042 -0.8975231 0.1935834
vn -0.333478 -0.9288862 0.16113
vn 0.1526498 0.9764213 -0.1526418
vn -0.3883634 0.8666505 0.3131944
vn 0.1212867 0.984262 -0.1285214
vn -0.404045 0.850969 0.3355582
vn 0.09776437 0.9921029 -0.07857461
vn -0.4354081 0.8274466 0.3546151
vn -0.749039 0.3099558 0.5855493
vn -0.7568797 0.2864334 0.5874427
vn -0.7098351 -0.4505991 0.541382
vn -0.7176759 -0.4584399 0.5241891
vn 0.04287899 0.9921029 -0.1178694
vn -0.4667712 0.7882428 0.4009963
vn -0.03552872 0.9921029 -0.1202893
vn -0.4902934 0.7333574 0.4709558
vn -0.749039 0.2393888 0.617765
vn -0.7098351 0.1766626 0.6818537
vn -0.6941536 -0.4662806 0.5483915
vn -0.6549497 -0.4584399 0.6007277
vn -0.2629111 -0.9602492 0.09380371
vn -0.2629111 -0.9602492 0.09380371
vn -0.6706312 -0.4505991 0.5892488
vn -0.678472 0.1609811 0.7167711
vn -0.5138158 0.7176759 0.4700368
vn -0.129618 0.9607398 -0.2453125
vn -0.8039244 0.5373381 -0.2548988
vn -0.3805227 -0.9210454 -0.08293274
vn -0.7019944 -0.7015038 -0.1228672
vn -0.8980137 -0.4035545 -0.1752577
vn -0.9764213 0.0747326 -0.2025253
vn -0.5530197 0.8117651 -0.1876343
vn -0.2942742 -0.9445677 0.1455834
vn -0.302115 -0.9445677 0.1285235
vn -0.3099558 -0.9367269 0.1626964
vn -0.7098351 -0.4505991 0.541382
vn -0.749039 0.3256373 0.5769757
vn -0.3883634 -0.8818415 0.2674497
vn -0.2080258 -0.9524085 0.2228079
vn -0.5922235 -0.6074145 0.5294515
vn -0.576542 -0.6074145 0.546486
vn -0.1845034 -0.9367269 0.2974914
vn 0.2388983 -0.9680901 -0.07569186
vn 0.215376 -0.9759308 -0.03423893
vn -0.749039 -0.1526498 0.6447004
vn -0.780402 -0.2075352 0.5898321
vn 0.419236 -0.7955931 -0.4373474
vn -0.678472 0.4118858 0.6082975
vn -0.7647205 -0.08992362 0.6380566
vn -0.6706312 0.404045 0.6220943
vn -0.231548 0.9136952 0.333986
vn -0.2237073 0.9136952 0.3392878
vn 0.2702613 0.9607398 -0.06275222
vn 0.2232167 0.9607398 -0.1647826
vn -0.3099558 0.9058544 0.2887131
vn 0.317306 0.9372174 -0.1447081
vn -0.7647205 -0.08208287 0.6391127
vn 0.5838922 0.576542 -0.5715499
vn 0.5838922 0.4902934 -0.6470566
vn -0.7255166 0.404045 0.5571115
vn 0.6230961 0.5530197 -0.5531007
vn 0.7485484 0.00416559 -0.663067
vn 0.6779815 -0.08208287 -0.7304817
vn 0.6387776 -0.1683313 -0.7507514
vn -0.231548 0.9136952 0.333986
vn 0.3565099 0.9215359 -0.153858
vn -0.678472 0.404045 0.6135335
vn 0.693663 0.5216566 -0.4966951
vn 0.7877523 0.1139365 -0.6053634
vn -0.5843827 -0.5838922 0.5635306
vn -0.1923441 -0.9367269 0.2924832
vn 0.246739 -0.9602492 -0.1305422
vn 0.5603699 -0.7171854 -0.4142833
vn 0.6466184 -0.6309369 -0.4287229
vn 0.7485484 -0.317306 -0.5822303
vn 0.7485484 0.00416559 -0.663067
vn 0.5603699 -0.6466184 -0.5175619
vn 0.6387776 -0.1683313 -0.7507514
vn 0.6779815 -0.08208287 -0.7304817
vn 0.7877523 0.1139365 -0.6053634
vn 0.4584399 -0.693663 -0.5555758
vn 0.3094652 -0.7407076 -0.5963082
vn 0.489803 -0.7093446 -0.5068761
vn 0.8191154 0.00416559 -0.5736136
vn 0.5838922 0.7568797 -0.2936033
vn -0.09825486 0.9764213 0.1922171
vn 0.4741215 -0.7171854 -0.5107386
vn 0.7955931 -0.003675103 -0.6058202
vn 0.4741215 -0.7171854 -0.5107386
vn 0.7955931 -0.003675103 -0.6058202
vn 0.5603699 0.7725613 -0.2985543
vn 0.5525292 0.7725613 -0.3128269
vn 0.4662806 -0.7250261 -0.5068723
vn 0.7955931 0.00416559 -0.605817
vn 0.4349176 -0.7093446 -0.5546864
vn 0.7485484 0.02768797 -0.6625018
vn 0.5525292 0.7647205 -0.331533
vn -0.05121022 0.984262 0.1691324
vn -0.02768797 0.9921029 0.1223322
vn 0.5368476 0.7568797 -0.37273
vn -0.06689185 0.984262 0.1635657
vn 0.02719742 0.9921029 0.1224423
vn 0.6779815 0.0590511 -0.7327032
vn 0.3721914 -0.7093446 -0.5985849
vn 0.6701407 0.06689185 -0.7392137
vn 0.3643506 -0.7093446 -0.6033896
vn 0.4976438 0.7725613 -0.3943346
vn 0.489803 0.780402 -0.3886719
vn 0.04287899 0.9921029 0.1178694
vn 0.03503823 0.9921029 0.1204331
vn 0.3486691 -0.7015038 -0.6215483
vn 0.6466184 0.06689185 -0.7598751
vn 0.5290068 0.09041411 -0.8437873
vn 0.2702613 -0.6623 -0.6987972
vn 0.3251468 0.09041411 -0.9413314
vn 0.1291275 -0.6074145 -0.7838199
vn 0.4113953 0.7725613 -0.4836352
vn 0.2937837 0.7098351 -0.6401759
vn 0.1526498 0.09041411 -0.9841358
vn -0.01200646 -0.4819622 -0.8761097
vn 0.1604906 0.6235866 -0.765103
vn 0.03503823 0.9921029 0.1204331
vn 0.003675103 0.9999437 -0.009956029
vn -0.1060957 0.984262 -0.1413222
vn -0.01984721 0.09825486 -0.9949633
vn -0.01984721 0.4824527 -0.8756971
vn -0.4824527 0.8666505 -0.1271073
vn -0.1609811 -0.3408283 -0.9262403
vn -0.1766626 0.1060957 -0.9785367
vn -0.2158665 0.4197266 -0.8816072
vn -0.2393888 -0.1604906 -0.9575676
vn -0.9136952 -0.317306 -0.2539253
vn -0.952899 0.1766626 -0.2465233
vn -0.7882428 0.5922235 -0.1671668
vn 0.04287899 0.9921029 0.1178694
vn 0.4819622 0.780402 -0.398353
vn -0.7176759 -0.6779815 0.1590045
vn -0.3805227 -0.8896823 0.252325
vn 0.2859429 -0.9288862 -0.2353873
vn 0.7250261 -0.2937837 -0.6229191
vn 0.6152554 0.5294973 -0.5840321
vn 0.1291275 0.9685805 -0.2125507
vn 0.1291275 0.9685805 -0.2125507
vn 0.6152554 0.5294973 -0.5840321
vn -0.4118858 0.882332 0.2276847
vn -0.4197266 0.8744913 0.243094
vn 0.7171854 -0.2388983 -0.6546547
vn 0.3016245 -0.9053639 -0.2988962
vn -0.333478 -0.9132047 0.2342
vn 0.1134459 0.9764213 -0.1836614
vn 0.5760515 0.5530197 -0.6019418
vn -0.4275673 0.8666505 0.2571052
vn 0.693663 -0.2075352 -0.6897541
vn 0.09776437 0.9764213 -0.1924672
vn 0.5682107 0.576542 -0.5871422
vn 0.5525292 0.6157458 -0.5617549
vn 0.05856055 0.9921029 -0.1109165
vn -0.4432488 0.8431283 0.3044097
vn -0.4902934 0.8039244 0.3366272
vn 0.7015038 -0.1840129 -0.6884996
vn 0.7015038 -0.1369683 -0.6993798
vn 0.3016245 -0.8896823 -0.3427654
vn 0.3251468 -0.8818415 -0.3415187
vn -0.3177965 -0.9210454 0.2251237
vn -0.2864334 -0.9367269 0.2012425
vn -0.7647205 0.3413188 0.5465382
vn -0.7647205 0.302115 0.5691476
vn -0.7333574 -0.3957137 0.5528089
vn -0.3177965 -0.9210454 0.2251237
vn -0.7176759 -0.4113953 0.5618677
vn -0.7725613 0.2393888 0.5880834
vn -0.7019944 -0.4505991 0.551511
vn -0.2864334 -0.9367269 0.2012425
vn -0.2472295 -0.9524085 0.1783133
vn -0.7882428 0.2001849 0.5818929
vn -0.7019944 -0.4741215 0.5314252
vn -0.2237073 -0.9602492 0.1669624
vn -0.5216566 0.7725613 0.3619717
vn -0.5608605 0.7255166 0.3988248
vn -0.7960836 0.1452995 0.5874853
vn -0.6392681 0.647109 0.4154351
vn -0.7960836 0.0590511 0.6022988
vn -0.6706312 0.6000643 0.4360923
vn -0.749039 0.02768797 0.6619471
vn -0.647109 -0.5760515 0.4994143
vn -0.6392681 -0.6152554 0.4612994
vn -0.3177965 0.9136952 -0.253311
vn -0.129618 0.984262 -0.1201142
vn -0.7882428 0.4902934 -0.3718679
vn -0.231548 -0.9445677 -0.2327601
vn -0.1217772 -0.9916124 -0.04330383
vn -0.5451788 0.7882428 -0.2854004
vn -0.576542 -0.7720708 -0.2674063
vn -0.8196059 -0.5133253 -0.2544471
vn -0.9372174 -0.1056052 -0.3323719
vn -0.6863127 -0.5133253 0.5152397
vn -0.1923441 -0.9759308 0.1027757
vn 0.05071974 0.5843827 -0.8098916
vn 0.3408283 0.6863127 -0.6425036
vn 0.1996944 -0.003675103 -0.9798513
vn 0.5446883 0.00416559 -0.8386282
vn 0.3721914 -0.7015038 -0.6077548
vn 0.4113953 -0.7955931 -0.4447309
vn 0.7015038 -0.0664013 -0.7095655
vn -0.1923441 -0.9759308 0.1027757
vn -0.1217772 -0.9916124 -0.04330383
vn 0.1134459 -0.6074145 -0.7862427
vn -0.09041411 -0.04287899 -0.9949808
vn -0.1688219 -0.4505991 -0.8766183
vn -0.1688219 0.404045 -0.8990254
vn -0.3177965 0.9136952 -0.253311
vn -0.5451788 0.7882428 -0.2854004
vn -0.1217772 0.1139365 -0.9859963
vn -0.129618 -0.08208287 -0.9881607
vn -0.1923441 -0.3016245 -0.9338236
vn -0.231548 -0.9445677 -0.2327601
vn -0.576542 -0.7720708 -0.2674063
vn -0.8196059 -0.5133253 -0.2544471
vn -0.9372174 -0.1056052 -0.3323719
vn -0.7882428 0.4902934 -0.3718679
vn -0.01200627 0.9999279 0
vn 0.5133253 0.6706312 -0.5354913
vn 0.5290068 0.6392681 -0.5581112
vn 0.01935667 0.9921029 -0.1239239
vn 0.7015038 -0.1056052 -0.7047978
vn 0.3878729 -0.8269562 -0.4070603
vn -0.2237073 -0.9602492 0.1669624
vn 0.3643506 -0.8504785 -0.3793877
vn -0.2472295 -0.9524085 0.1783133
vn -0.8196059 0.1060957 0.5630186
vn -0.8039244 0.1060957 0.5851917
vn -0.4902934 0.7725613 0.403437
vn -0.5059751 0.7647205 0.3989885
vn -0.6863127 -0.6152554 0.3878604
vn -0.6706312 -0.6230961 0.4024984
vn -0.2001849 -0.9759308 0.08651643
vn -0.2234297 -0.9747201 0
vn 0.05065747 0.9987161 0
vn 0.03501871 0.9993866 0
vn -0.8196059 0.1060957 0.5630186
vn -0.5216566 0.7568797 0.3937098
vn -0.4667712 0.780402 0.4160497
vn -0.7960836 0.1060957 0.5958142
vn -0.6941536 -0.5995737 0.3983242
vn -0.6549497 -0.6387776 0.4037376
vn -0.2308501 -0.9729893 0
vn 0.01935413 0.9998127 0
vn -0.780402 0.09825486 0.6175101
vn -0.647109 -0.6309369 0.427982
vn -0.7647205 0.09041411 0.6379873
vn -0.647109 -0.6152554 0.4502342
vn -0.7568797 0.08257335 0.6483168
vn -0.4746119 0.7333574 0.4867551
vn -0.4667712 0.749039 0.4701757
vn 0.0271889 0.9996303 0
vn 0.03501871 0.9993866 0
vn -0.647109 -0.6074145 0.4607576
vn -0.2001849 -0.9759308 -0.08651643
vn -0.2080258 -0.9759308 -0.06545519
vn -0.7333574 0.06689185 0.6765445
vn -0.6314273 -0.5838922 0.510264
vn -0.678472 0.04336947 0.733345
vn -0.4746119 0.6549497 0.5880343
vn -0.4746119 0.7019944 0.5309872
vn -0.6079051 -0.5603699 0.5625274
vn -0.2629111 -0.9602492 -0.09380371
vn -0.2158665 -0.9759308 -0.03099529
vn -0.3962042 -0.8896823 -0.2269088
vn -0.6392681 -0.5054845 0.5795013
vn -0.6627905 -0.693663 -0.2820291
vn -0.647109 0.03552872 0.7615692
vn -0.5059751 0.6157458 0.6040251
vn -0.1609811 0.984262 -0.07289264
vn -0.5059751 0.8588098 -0.08021868
vn -0.04333118 0.9990608 0
vn -0.7725613 0.6000643 -0.2075378
vn -0.882332 -0.3721914 -0.2880343
vn -0.9607398 0.1217772 -0.2492977
vn 0.003675103 0.9999437 0.009956029
vn -0.2308501 -0.9729893 0
vn 0.419236 -0.7955931 -0.4373474
vn 0.419236 -0.8034338 -0.4227709
vn -0.2234297 -0.9747201 0
vn 0.7955931 -0.0664013 -0.6021814
vn 0.7955931 -0.0664013 -0.6021814
vn 0.591733 0.6941536 -0.4098815
vn 0.5995737 0.6941536 -0.3983241
vn 0.03501871 0.9993866 0
vn 0.01935413 0.9998127 0
vn -0.2001849 -0.9759308 0.08651643
vn 0.4270768 -0.8034338 -0.4148487
vn -0.1843331 -0.9828638 0
vn 0.4113953 -0.7877523 -0.4584761
vn -0.2707519 -0.9602492 0.06793254
vn 0.4270768 -0.8034338 -0.4148487
vn 0.8034338 -0.05856055 -0.5925072
vn 0.5995737 0.6941536 -0.3983241
vn -0.01984442 0.9998031 0
vn 0.7485484 -0.0664013 -0.659747
vn 0.8034338 -0.07424206 -0.5907472
vn 0.5760515 0.6941536 -0.4316428
vn 0.5995737 0.6941536 -0.3983241
vn 0.06625912 0.9978025 0
vn 0.05065747 0.9987161 0
vn 0.6701407 -0.04287899 -0.7409945
vn 0.3486691 -0.7720708 -0.5313536
vn 0.6544592 -0.03503823 -0.755285
vn 0.3408283 -0.7720708 -0.5364166
vn 0.5133253 0.7176759 -0.4705726
vn 0.5054845 0.7176759 -0.4789851
vn 0.6309369 -0.02719742 -0.7753574
vn 0.3251468 -0.7563892 -0.567587
vn -0.2001849 -0.9759308 -0.08651643
vn -0.2080258 -0.9759308 -0.06545519
vn 0.5211661 -0.003675103 -0.8534474
vn 0.2624206 -0.7171854 -0.6455854
vn 0.3251468 0.02768797 -0.9452581
vn 0.4113953 0.7255166 -0.5517061
vn 0.2702613 0.7019944 -0.6589102
vn 0.1056052 0.05121022 -0.9930887
vn 0.08208287 0.647109 -0.7579659
vn -0.06689185 0.06689185 -0.9955154
vn -0.09041411 0.5294973 -0.8434796
vn 0.1291275 -0.6466184 -0.751805
vn -0.2158665 -0.9759308 -0.03099529
vn -0.2629111 -0.9602492 -0.09380371
vn -0.03552872 -0.5211661 -0.8527154
vn -0.1531402 -0.3408283 -0.927569
vn -0.1766626 0.0747326 -0.9814302
vn -0.1139365 0.333478 -0.9358477
vn -0.3962042 -0.8896823 -0.2269088
vn -0.1688219 -0.1683313 -0.9711662
vn -0.6627905 -0.693663 -0.2820291
vn -0.882332 -0.3721914 -0.2880343
vn -0.9607398 0.1217772 -0.2492977
vn -0.7725613 0.6000643 -0.2075378
vn -0.5059751 0.8588098 -0.08021868
vn -0.1609811 0.984262 -0.07289264
vn -0.04333118 0.9990608 0
vn 0.003675103 0.9999437 0.009956029
vn 0.0271889 0.9996303 0
vn 0.4819622 0.7255166 -0.4912617
vn 0.03501871 0.9993866 0
vn 0.04284203 0.9990819 0
vn 0.8191154 -0.2937837 -0.4926876
vn 0.7485484 -0.317306 -0.5822303
vn 0.7877523 0.1139365 -0.6053634
vn 0.8112746 0.2001849 -0.5493264
vn 0.7563892 0.4902934 -0.4329985
vn 0.693663 0.5216566 -0.4966951
vn 0.7799115 0.4432488 -0.4418919
vn 0.7563892 0.3726819 -0.5375719
vn 0.8112746 0.129618 -0.5701164
vn 0.6466184 0.2942742 -0.7037666
vn 0.5446883 0.2237073 -0.808251
vn -0.8352874 -0.0664013 0.5457892
vn -0.6549497 -0.7015038 0.2809507
vn -0.1374587 -0.9837716 -0.1153197
vn 0.489803 -0.7093446 -0.5068761
vn -0.5843827 0.6392681 0.4998331
vn -0.8196059 -0.04287899 0.5713209
vn -0.5608605 0.6627905 0.4961293
vn -0.05121022 0.984262 0.1691324
vn -0.06689185 0.984262 0.1635657
vn -0.8196059 -0.03503823 0.5718553
vn -0.5451788 0.6863127 0.4814092
vn -0.8196059 -0.01935667 0.5726007
vn -0.647109 -0.693663 0.3163567
vn -0.647109 -0.693663 0.3163567
vn -0.1452995 -0.9837716 -0.1052691
vn -0.1452995 -0.9837716 -0.1052691
vn -0.5059751 0.7098351 0.4900238
vn -0.8039244 -0.01151592 0.59462
vn -0.6549497 -0.693663 0.2997874
vn -0.6392681 -0.693663 0.3319156
vn -0.1452995 -0.9837716 -0.1052691
vn 0.4741215 -0.7171854 -0.5107386
vn 0.4741215 -0.7171854 -0.5107386
vn -0.1452995 -0.9759308 -0.1626257
vn 0.4349176 -0.7093446 -0.5546864
vn 0.4662806 -0.7250261 -0.5068723
vn 0.3721914 -0.7093446 -0.5985849
vn -0.1688219 -0.9759308 -0.1380517
vn 0.3643506 -0.7093446 -0.6033896
vn -0.1766626 -0.9759308 -0.1278647
vn 0.3486691 -0.7015038 -0.6215483
vn -0.1845034 -0.9759308 -0.116265
vn -0.6392681 -0.6779815 0.3628738
vn -0.647109 -0.6623 0.3776356
vn -0.780402 -0.01151592 0.6251721
vn -0.7725613 -0.01151592 0.6348358
vn -0.4824527 0.6941536 0.5342192
vn -0.4902934 0.678472 0.5470723
vn 0.2702613 -0.6623 -0.6987972
vn -0.2001849 -0.9680901 -0.150757
vn 0.1291275 -0.6074145 -0.7838199
vn -0.2785926 -0.9445677 -0.173718
vn -0.6235866 -0.6309369 0.4615825
vn -0.647109 -0.5603699 0.5169483
vn -0.4275673 -0.8583192 -0.2836801
vn -0.678472 -0.5290068 0.5097328
vn -0.7255166 -0.01151592 0.6881083
vn -0.7019944 0.02768797 0.7116441
vn -0.678472 0.05121022 0.7328392
vn -0.4824527 0.6392681 0.5988119
vn -0.4981343 0.6314273 0.594274
vn -0.4824527 0.647109 0.5903299
vn 0.03503823 0.9921029 0.1204331
vn 0.003675103 0.9999437 -0.009956029
vn -0.1060957 0.984262 -0.1413222
vn -0.01200646 -0.4819622 -0.8761097
vn -0.7019944 -0.6623 -0.2618447
vn -0.9136952 -0.317306 -0.2539253
vn -0.2393888 -0.1604906 -0.9575676
vn -0.1609811 -0.3408283 -0.9262403
vn -0.4824527 0.8666505 -0.1271073
vn -0.7882428 0.5922235 -0.1671668
vn -0.952899 0.1766626 -0.2465233
vn 0.04287899 0.9921029 0.1178694
vn -0.4746119 0.6627905 0.5791824
vn 0.03503823 0.9921029 0.1204331
vn -0.7568797 -0.01935667 0.6532674
vn -0.6392681 -0.6623 0.3907621
vn 0.04287899 0.9921029 0.1178694
vn 0.02719742 0.9921029 0.1224423
vn -0.02768797 0.9921029 0.1223322
vn -0.404045 -0.8896823 0.2126334
vn 0.2545798 -0.9445677 -0.2073184
vn 0.7720708 -0.3329875 -0.5413188
vn 0.7093446 0.4824527 -0.5138771
vn 0.1996944 0.9685805 -0.148236
vn 0.246739 -0.9367269 -0.2483195
vn -0.3962042 -0.8975231 0.1935834
vn 0.2545798 -0.9367269 -0.2402744
vn -0.3962042 -0.8975231 0.1935834
vn 0.2545798 -0.9367269 -0.2402744
vn 0.76423 -0.3251468 -0.5569848
vn 0.7720708 -0.3251468 -0.5460644
vn -0.3805227 -0.9053639 0.1884642
vn 0.2545798 -0.9210454 -0.2947278
vn -0.333478 -0.9288862 0.16113
vn 0.7250261 0.4667712 -0.5064205
vn 0.6858222 0.4824527 -0.5448736
vn 0.7171854 -0.3016245 -0.6282259
vn 0.7250261 0.4746119 -0.4990798
vn 0.7720708 -0.3251468 -0.5460644
vn 0.7250261 0.4667712 -0.5064205
vn 0.2310575 0.952899 -0.1964583
vn 0.2310575 0.952899 -0.1964583
vn 0.2310575 0.952899 -0.1964583
vn 0.2310575 0.9607398 -0.1535951
vn 0.6152554 0.5294973 -0.5840321
vn 0.1526498 0.9764213 -0.1526418
vn 0.591733 0.5608605 -0.5790402
vn 0.1212867 0.984262 -0.1285214
vn 0.5760515 0.5843827 -0.5715432
vn 0.09776437 0.9921029 -0.07857461
vn 0.6623 -0.2310575 -0.7127209
vn 0.6623 -0.246739 -0.7074451
vn 0.2388983 -0.8975231 -0.3706479
vn 0.246739 -0.8896823 -0.3841683
vn -0.302115 -0.9445677 0.1285235
vn -0.2942742 -0.9445677 0.1455834
vn 0.4662806 0.6079051 -0.6426771
vn 0.04287899 0.9921029 -0.1178694
vn 0.2937837 0.6000643 -0.7440524
vn -0.03552872 0.9921029 -0.1202893
vn 0.3408283 -0.1291275 -0.9312154
vn 0.5446883 -0.1761721 -0.8199256
vn 0.2232167 -0.8426377 -0.4900368
vn 0.1369683 -0.7799115 -0.610719
vn -0.2629111 -0.9602492 0.09380371
vn -0.2629111 -0.9602492 0.09380371
vn 0.01151592 -0.693663 -0.7202076
vn -0.3805227 -0.9210454 -0.08293274
vn -0.2001849 -0.5446883 -0.8143958
vn -0.06689185 -0.1212867 -0.990361
vn -0.2942742 -0.07424206 -0.9528331
vn -0.1060957 0.4118858 -0.905038
vn -0.2629111 0.2158665 -0.9403613
vn -0.8039244 0.5373381 -0.2548988
vn -0.9764213 0.0747326 -0.2025253
vn -0.5530197 0.8117651 -0.1876343
vn -0.129618 0.9607398 -0.2453125
vn -0.302115 -0.3565099 -0.8840969
vn -0.7019944 -0.7015038 -0.1228672
vn -0.8980137 -0.4035545 -0.1752577
vn 0.1526498 0.5373381 -0.8294371
vn 0.1761721 -0.1291275 -0.9758532
vn -0.1843331 -0.9828638 0
vn -0.1994007 -0.9799181 0
vn 0.06625912 0.9978025 0
vn 0.04284203 0.9990819 0
vn -0.4667712 0.7647205 0.4442153
vn 0.6701407 -0.2702613 -0.6912816
vn 0.2388983 -0.9053639 -0.351061
vn -0.3099558 -0.9367269 0.1626964
vn -0.1994007 -0.9799181 0
g G_CA_Prinzeugen_Nude_Body_001_0
f 3/3/3 2/2/2 1/1/1
f 4/4/4 3/3/3 1/1/1
f 1/1/1 5/5/5 4/4/4
f 5/5/5 6/6/6 4/4/4
f 7/7/7 4/4/4 6/6/6
f 8/8/8 6/6/6 5/5/5
f 8/8/8 9/9/9 6/6/6
f 10/10/10 6/6/6 9/9/9
f 7/7/7 6/6/6 10/10/10
f 8/8/8 5/5/5 11/11/11
f 8/8/8 11/11/11 12/12/12
f 12/12/12 13/13/13 8/8/8
f 14/14/14 8/8/8 13/13/13
f 14/14/14 9/9/9 8/8/8
f 15/15/15 12/12/12 11/11/11
f 16/16/16 9/9/9 14/14/14
f 17/17/17 9/9/9 16/16/16
f 17/17/17 10/10/10 9/9/9
f 16/16/16 14/14/14 18/18/18
f 18/18/18 14/14/14 13/13/13
f 19/19/19 15/15/15 11/11/11
f 19/19/19 11/11/11 20/20/20
f 21/21/21 19/19/19 20/20/20
f 21/21/21 20/20/20 22/22/22
f 23/23/23 22/22/22 20/20/20
f 22/22/22 23/23/23 24/24/24
f 24/24/24 25/25/25 22/22/22
f 25/25/25 21/21/21 22/22/22
f 20/20/20 26/26/26 23/23/23
f 20/20/20 11/11/11 26/26/26
f 11/11/11 27/27/27 26/26/26
f 25/25/25 24/24/24 28/28/28
f 28/28/28 29/29/29 25/25/25
f 29/29/29 21/21/21 25/25/25
f 28/28/28 30/30/30 29/29/29
f 28/28/28 31/31/31 30/30/30
f 28/28/28 24/24/24 31/31/31
f 32/32/32 31/31/31 24/24/24
f 32/32/32 33/33/33 31/31/31
f 34/34/34 31/31/31 33/33/33
f 34/34/34 30/30/30 31/31/31
f 32/32/32 35/35/35 33/33/33
f 34/34/34 33/33/33 36/36/36
f 36/36/36 33/33/33 37/37/37
f 33/33/33 38/38/38 37/37/37
f 33/33/33 35/35/35 38/38/38
f 39/39/39 37/37/37 38/38/38
f 39/39/39 40/40/40 37/37/37
f 36/36/36 37/37/37 40/40/40
f 41/41/41 36/36/36 40/40/40
f 34/34/34 41/41/41 30/30/30
f 41/41/41 34/34/34 36/36/36
f 38/38/38 42/42/42 39/39/39
f 35/35/35 43/43/43 38/38/38
f 38/38/38 43/43/43 42/42/42
f 43/43/43 35/35/35 44/44/44
f 43/43/43 44/44/44 42/42/42
f 45/45/45 44/44/44 35/35/35
f 44/44/44 45/45/45 46/46/46
f 47/47/47 46/46/46 45/45/45
f 47/47/47 48/48/48 46/46/46
f 49/49/49 46/46/46 48/48/48
f 49/49/49 48/48/48 50/50/50
f 49/49/49 50/50/50 51/51/51
f 52/52/52 51/51/51 50/50/50
f 53/53/53 50/50/50 48/48/48
f 48/48/48 47/47/47 54/54/54
f 54/54/54 53/53/53 48/48/48
f 55/55/55 54/54/54 47/47/47
f 56/56/56 53/53/53 54/54/54
f 47/47/47 57/57/57 55/55/55
f 57/57/57 47/47/47 45/45/45
f 58/58/58 55/55/55 57/57/57
f 57/57/57 59/59/59 58/58/58
f 57/57/57 60/60/60 59/59/59
f 57/57/57 45/45/45 60/60/60
f 61/61/61 59/59/59 60/60/60
f 60/60/60 62/62/62 61/61/61
f 61/61/61 62/62/62 63/63/63
f 59/59/59 61/61/61 63/63/63
f 64/64/64 58/58/58 59/59/59
f 59/59/59 63/63/63 65/65/65
f 65/65/65 64/64/64 59/59/59
f 65/65/65 63/63/63 66/66/66
f 63/63/63 67/67/67 66/66/66
f 62/62/62 67/67/67 63/63/63
f 68/68/68 66/66/66 67/67/67
f 64/64/64 65/65/65 69/69/69
f 65/65/65 70/70/70 69/69/69
f 65/65/65 66/66/66 70/70/70
f 69/69/69 70/70/70 71/71/71
f 72/72/72 71/71/71 70/70/70
f 73/73/73 72/72/72 70/70/70
f 74/74/74 73/73/73 70/70/70
f 74/74/74 70/70/70 66/66/66
f 73/73/73 74/74/74 75/75/75
f 74/74/74 76/76/76 75/75/75
f 66/66/66 77/77/77 74/74/74
f 76/76/76 74/74/74 77/77/77
f 66/66/66 68/68/68 26/26/26
f 26/26/26 77/77/77 66/66/66
f 78/78/78 64/64/64 69/69/69
f 79/79/79 78/78/78 69/69/69
f 69/69/69 71/71/71 79/79/79
f 71/71/71 80/80/80 79/79/79
f 81/81/81 78/78/78 79/79/79
f 81/81/81 82/82/82 78/78/78
f 82/82/82 83/83/83 78/78/78
f 64/64/64 78/78/78 83/83/83
f 82/82/82 84/84/84 83/83/83
f 84/84/84 85/85/85 83/83/83
f 58/58/58 83/83/83 85/85/85
f 58/58/58 64/64/64 83/83/83
f 55/55/55 58/58/58 85/85/85
f 55/55/55 85/85/85 86/86/86
f 54/54/54 55/55/55 86/86/86
f 87/87/87 86/86/86 85/85/85
f 84/84/84 87/87/87 85/85/85
f 88/88/88 81/81/81 79/79/79
f 79/79/79 80/80/80 88/88/88
f 80/80/80 89/89/89 88/88/88
f 54/54/54 86/86/86 90/90/90
f 56/56/56 54/54/54 90/90/90
f 91/91/91 90/90/90 86/86/86
f 87/87/87 91/91/91 86/86/86
f 87/87/87 84/84/84 92/92/92
f 84/84/84 93/93/93 92/92/92
f 93/93/93 94/94/94 92/92/92
f 87/87/87 92/92/92 95/95/95
f 91/91/91 87/87/87 95/95/95
f 95/95/95 92/92/92 96/96/96
f 88/88/88 89/89/89 97/97/97
f 98/98/98 96/96/96 92/92/92
f 94/94/94 98/98/98 92/92/92
f 93/93/93 99/99/99 94/94/94
f 97/97/97 100/100/100 88/88/88
f 100/100/100 97/97/97 101/101/101
f 100/100/100 101/101/101 102/102/102
f 103/103/103 100/100/100 102/102/102
f 101/101/101 104/104/104 102/102/102
f 104/104/104 105/105/105 102/102/102
f 103/103/103 102/102/102 105/105/105
f 100/100/100 103/103/103 81/81/81
f 103/103/103 82/82/82 81/81/81
f 82/82/82 103/103/103 93/93/93
f 100/100/100 81/81/81 88/88/88
f 84/84/84 82/82/82 93/93/93
f 97/97/97 106/106/106 101/101/101
f 107/107/107 106/106/106 97/97/97
f 89/89/89 107/107/107 97/97/97
f 107/107/107 108/108/108 106/106/106
f 109/109/109 105/105/105 104/104/104
f 105/105/105 110/110/110 103/103/103
f 103/103/103 110/110/110 111/111/111
f 112/112/112 103/103/103 111/111/111
f 93/93/93 103/103/103 112/112/112
f 112/112/112 99/99/99 93/93/93
f 114/114/114 76/76/76 113/113/113
f 2/2/2 114/114/114 113/113/113
f 113/113/113 76/76/76 77/77/77
f 76/76/76 114/114/114 115/115/115
f 116/116/116 115/115/115 114/114/114
f 117/117/117 116/116/116 114/114/114
f 117/117/117 114/114/114 2/2/2
f 75/75/75 76/76/76 115/115/115
f 3/3/3 117/117/117 2/2/2
f 113/113/113 27/27/27 2/2/2
f 27/27/27 1/1/1 2/2/2
f 5/5/5 1/1/1 27/27/27
f 11/11/11 5/5/5 27/27/27
f 113/113/113 77/77/77 26/26/26
f 27/27/27 113/113/113 26/26/26
f 116/116/116 117/117/117 118/118/118
f 119/119/119 116/116/116 118/118/118
f 119/119/119 118/118/118 120/120/120
f 121/121/121 119/119/119 120/120/120
f 118/118/118 122/122/122 120/120/120
f 122/122/122 118/118/118 117/117/117
f 3/3/3 122/122/122 117/117/117
f 122/122/122 123/123/123 120/120/120
f 3/3/3 4/4/4 122/122/122
f 4/4/4 124/124/124 122/122/122
f 122/122/122 124/124/124 123/123/123
f 124/124/124 4/4/4 7/7/7
f 121/121/121 120/120/120 125/125/125
f 126/126/126 121/121/121 125/125/125
f 120/120/120 123/123/123 127/127/127
f 125/125/125 120/120/120 127/127/127
f 124/124/124 128/128/128 123/123/123
f 128/128/128 124/124/124 129/129/129
f 129/129/129 124/124/124 7/7/7
f 130/130/130 128/128/128 129/129/129
f 128/128/128 130/130/130 131/131/131
f 132/132/132 128/128/128 131/131/131
f 123/123/123 128/128/128 132/132/132
f 127/127/127 123/123/123 132/132/132
f 129/129/129 133/133/133 130/130/130
f 133/133/133 129/129/129 7/7/7
f 10/10/10 133/133/133 7/7/7
f 10/10/10 134/134/134 133/133/133
f 134/134/134 135/135/135 133/133/133
f 133/133/133 136/136/136 130/130/130
f 136/136/136 131/131/131 130/130/130
f 133/133/133 135/135/135 136/136/136
f 136/136/136 135/135/135 137/137/137
f 136/136/136 137/137/137 138/138/138
f 139/139/139 131/131/131 136/136/136
f 138/138/138 139/139/139 136/136/136
f 139/139/139 138/138/138 140/140/140
f 138/138/138 137/137/137 140/140/140
f 137/137/137 141/141/141 140/140/140
f 137/137/137 142/142/142 141/141/141
f 135/135/135 142/142/142 137/137/137
f 141/141/141 143/143/143 140/140/140
f 144/144/144 139/139/139 140/140/140
f 140/140/140 145/145/145 144/144/144
f 146/146/146 145/145/145 140/140/140
f 143/143/143 146/146/146 140/140/140
f 145/145/145 147/147/147 144/144/144
f 145/145/145 148/148/148 147/147/147
f 147/147/147 148/148/148 149/149/149
f 150/150/150 147/147/147 149/149/149
f 149/149/149 151/151/151 150/150/150
f 151/151/151 152/152/152 150/150/150
f 150/150/150 152/152/152 153/153/153
f 153/153/153 152/152/152 154/154/154
f 154/154/154 155/155/155 153/153/153
f 155/155/155 156/156/156 153/153/153
f 155/155/155 157/157/157 156/156/156
f 157/157/157 158/158/158 156/156/156
f 157/157/157 159/159/159 158/158/158
f 159/159/159 160/160/160 158/158/158
f 162/162/162 46/46/46 161/161/161
f 162/162/162 44/44/44 46/46/46
f 44/44/44 162/162/162 42/42/42
f 161/161/161 46/46/46 49/49/49
f 161/161/161 49/49/49 51/51/51
f 161/161/161 163/163/163 162/162/162
f 163/163/163 161/161/161 164/164/164
f 51/51/51 164/164/164 161/161/161
f 51/51/51 165/165/165 164/164/164
f 165/165/165 51/51/51 166/166/166
f 52/52/52 166/166/166 51/51/51
f 167/167/167 162/162/162 163/163/163
f 162/162/162 167/167/167 42/42/42
f 168/168/168 42/42/42 167/167/167
f 165/165/165 169/169/169 164/164/164
f 165/165/165 166/166/166 169/169/169
f 170/170/170 169/169/169 166/166/166
f 171/171/171 170/170/170 166/166/166
f 172/172/172 170/170/170 171/171/171
f 173/173/173 42/42/42 168/168/168
f 174/174/174 42/42/42 173/173/173
f 174/174/174 173/173/173 175/175/175
f 176/176/176 175/175/175 173/173/173
f 173/173/173 177/177/177 176/176/176
f 178/178/178 176/176/176 177/177/177
f 179/179/179 178/178/178 177/177/177
f 177/177/177 173/173/173 179/179/179
f 179/179/179 180/180/180 178/178/178
f 180/180/180 181/181/181 178/178/178
f 181/181/181 180/180/180 182/182/182
f 183/183/183 182/182/182 180/180/180
f 183/183/183 180/180/180 179/179/179
f 181/181/181 184/184/184 178/178/178
f 178/178/178 184/184/184 185/185/185
f 185/185/185 176/176/176 178/178/178
f 184/184/184 186/186/186 185/185/185
f 184/184/184 187/187/187 186/186/186
f 39/39/39 174/174/174 175/175/175
f 42/42/42 174/174/174 39/39/39
f 39/39/39 175/175/175 40/40/40
f 183/183/183 179/179/179 188/188/188
f 185/185/185 189/189/189 176/176/176
f 186/186/186 190/190/190 185/185/185
f 189/189/189 185/185/185 190/190/190
f 186/186/186 187/187/187 190/190/190
f 190/190/190 187/187/187 191/191/191
f 191/191/191 192/192/192 190/190/190
f 193/193/193 190/190/190 192/192/192
f 189/189/189 190/190/190 193/193/193
f 194/194/194 189/189/189 193/193/193
f 194/194/194 195/195/195 189/189/189
f 195/195/195 176/176/176 189/189/189
f 195/195/195 196/196/196 176/176/176
f 196/196/196 195/195/195 194/194/194
f 194/194/194 197/197/197 196/196/196
f 194/194/194 193/193/193 198/198/198
f 198/198/198 193/193/193 192/192/192
f 198/198/198 192/192/192 199/199/199
f 199/199/199 200/200/200 198/198/198
f 201/201/201 198/198/198 200/200/200
f 201/201/201 200/200/200 202/202/202
f 203/203/203 202/202/202 200/200/200
f 202/202/202 204/204/204 201/201/201
f 205/205/205 201/201/201 204/204/204
f 204/204/204 206/206/206 205/205/205
f 207/207/207 205/205/205 206/206/206
f 206/206/206 208/208/208 207/207/207
f 209/209/209 207/207/207 208/208/208
f 208/208/208 210/210/210 209/209/209
f 211/211/211 209/209/209 210/210/210
f 211/211/211 210/210/210 212/212/212
f 213/213/213 212/212/212 210/210/210
f 213/213/213 214/214/214 212/212/212
f 215/215/215 212/212/212 214/214/214
f 214/214/214 216/216/216 215/215/215
f 217/217/217 215/215/215 216/216/216
f 216/216/216 218/218/218 217/217/217
f 219/219/219 217/217/217 218/218/218
f 207/207/207 209/209/209 220/220/220
f 221/221/221 220/220/220 209/209/209
f 220/220/220 221/221/221 222/222/222
f 223/223/223 222/222/222 221/221/221
f 222/222/222 223/223/223 224/224/224
f 222/222/222 224/224/224 225/225/225
f 220/220/220 222/222/222 225/225/225
f 226/226/226 225/225/225 224/224/224
f 227/227/227 224/224/224 223/223/223
f 223/223/223 228/228/228 227/227/227
f 223/223/223 221/221/221 228/228/228
f 229/229/229 227/227/227 228/228/228
f 230/230/230 227/227/227 229/229/229
f 228/228/228 231/231/231 229/229/229
f 232/232/232 229/229/229 231/231/231
f 226/226/226 233/233/233 225/225/225
f 233/233/233 226/226/226 40/40/40
f 226/226/226 224/224/224 40/40/40
f 234/234/234 228/228/228 221/221/221
f 228/228/228 234/234/234 231/231/231
f 220/220/220 225/225/225 235/235/235
f 236/236/236 231/231/231 234/234/234
f 235/235/235 225/225/225 197/197/197
f 233/233/233 197/197/197 225/225/225
f 197/197/197 237/237/237 235/235/235
f 220/220/220 235/235/235 207/207/207
f 205/205/205 207/207/207 235/235/235
f 235/235/235 237/237/237 205/205/205
f 201/201/201 205/205/205 237/237/237
f 234/234/234 211/211/211 236/236/236
f 211/211/211 234/234/234 209/209/209
f 221/221/221 209/209/209 234/234/234
f 212/212/212 236/236/236 211/211/211
f 236/236/236 212/212/212 238/238/238
f 215/215/215 238/238/238 212/212/212
f 238/238/238 215/215/215 239/239/239
f 239/239/239 240/240/240 238/238/238
f 240/240/240 241/241/241 238/238/238
f 240/240/240 242/242/242 241/241/241
f 242/242/242 243/243/243 241/241/241
f 242/242/242 12/12/12 243/243/243
f 15/15/15 243/243/243 12/12/12
f 12/12/12 242/242/242 13/13/13
f 244/244/244 13/13/13 242/242/242
f 242/242/242 240/240/240 244/244/244
f 245/245/245 244/244/244 240/240/240
f 245/245/245 240/240/240 239/239/239
f 243/243/243 246/246/246 241/241/241
f 238/238/238 241/241/241 246/246/246
f 217/217/217 239/239/239 215/215/215
f 217/217/217 219/219/219 239/239/239
f 247/247/247 239/239/239 219/219/219
f 247/247/247 245/245/245 239/239/239
f 243/243/243 15/15/15 19/19/19
f 248/248/248 243/243/243 19/19/19
f 243/243/243 248/248/248 246/246/246
f 248/248/248 231/231/231 246/246/246
f 231/231/231 236/236/236 246/246/246
f 236/236/236 238/238/238 246/246/246
f 248/248/248 19/19/19 21/21/21
f 232/232/232 248/248/248 21/21/21
f 248/248/248 232/232/232 231/231/231
f 232/232/232 21/21/21 229/229/229
f 230/230/230 229/229/229 21/21/21
f 230/230/230 21/21/21 29/29/29
f 230/230/230 29/29/29 227/227/227
f 29/29/29 30/30/30 227/227/227
f 227/227/227 30/30/30 41/41/41
f 227/227/227 41/41/41 249/249/249
f 40/40/40 249/249/249 41/41/41
f 249/249/249 224/224/224 227/227/227
f 249/249/249 40/40/40 224/224/224
f 40/40/40 175/175/175 233/233/233
f 175/175/175 250/250/250 233/233/233
f 196/196/196 250/250/250 175/175/175
f 233/233/233 250/250/250 197/197/197
f 197/197/197 250/250/250 196/196/196
f 196/196/196 175/175/175 176/176/176
f 197/197/197 194/194/194 237/237/237
f 237/237/237 194/194/194 198/198/198
f 198/198/198 201/201/201 237/237/237
f 251/251/251 32/32/32 67/67/67
f 62/62/62 251/251/251 67/67/67
f 35/35/35 251/251/251 62/62/62
f 32/32/32 251/251/251 35/35/35
f 32/32/32 24/24/24 67/67/67
f 23/23/23 67/67/67 24/24/24
f 23/23/23 68/68/68 67/67/67
f 60/60/60 35/35/35 62/62/62
f 35/35/35 60/60/60 45/45/45
f 26/26/26 68/68/68 23/23/23
f 252/252/252 173/173/173 168/168/168
f 252/252/252 179/179/179 173/173/173
f 252/252/252 168/168/168 253/253/253
f 252/252/252 253/253/253 179/179/179
f 254/254/254 253/253/253 168/168/168
f 168/168/168 167/167/167 254/254/254
f 255/255/255 254/254/254 167/167/167
f 167/167/167 163/163/163 255/255/255
f 256/256/256 255/255/255 163/163/163
f 256/256/256 163/163/163 257/257/257
f 164/164/164 257/257/257 163/163/163
f 256/256/256 257/257/257 258/258/258
f 259/259/259 258/258/258 257/257/257
f 257/257/257 164/164/164 260/260/260
f 257/257/257 260/260/260 259/259/259
f 169/169/169 260/260/260 164/164/164
f 260/260/260 169/169/169 261/261/261
f 170/170/170 261/261/261 169/169/169
f 260/260/260 261/261/261 262/262/262
f 262/262/262 259/259/259 260/260/260
f 263/263/263 262/262/262 261/261/261
f 258/258/258 264/264/264 256/256/256
f 255/255/255 256/256/256 264/264/264
f 255/255/255 264/264/264 254/254/254
f 263/263/263 265/265/265 262/262/262
f 263/263/263 266/266/266 265/265/265
f 263/263/263 261/261/261 266/266/266
f 266/266/266 261/261/261 267/267/267
f 267/267/267 261/261/261 170/170/170
f 266/266/266 267/267/267 268/268/268
f 269/269/269 268/268/268 267/267/267
f 172/172/172 269/269/269 267/267/267
f 267/267/267 170/170/170 172/172/172
f 270/270/270 265/265/265 266/266/266
f 270/270/270 271/271/271 265/265/265
f 266/266/266 272/272/272 270/270/270
f 268/268/268 272/272/272 266/266/266
f 272/272/272 273/273/273 270/270/270
f 274/274/274 270/270/270 273/273/273
f 274/274/274 271/271/271 270/270/270
f 275/275/275 274/274/274 273/273/273
f 276/276/276 275/275/275 273/273/273
f 275/275/275 276/276/276 277/277/277
f 278/278/278 277/277/277 276/276/276
f 276/276/276 273/273/273 279/279/279
f 272/272/272 279/279/279 273/273/273
f 276/276/276 280/280/280 278/278/278
f 276/276/276 279/279/279 280/280/280
f 281/281/281 278/278/278 280/280/280
f 274/274/274 282/282/282 271/271/271
f 282/282/282 274/274/274 275/275/275
f 271/271/271 282/282/282 283/283/283
f 283/283/283 284/284/284 271/271/271
f 283/283/283 282/282/282 285/285/285
f 285/285/285 286/286/286 283/283/283
f 285/285/285 287/287/287 286/286/286
f 282/282/282 288/288/288 285/285/285
f 277/277/277 288/288/288 275/275/275
f 275/275/275 288/288/288 282/282/282
f 287/287/287 289/289/289 286/286/286
f 290/290/290 286/286/286 289/289/289
f 286/286/286 290/290/290 283/283/283
f 284/284/284 283/283/283 290/290/290
f 284/284/284 290/290/290 291/291/291
f 292/292/292 291/291/291 290/290/290
f 290/290/290 289/289/289 292/292/292
f 284/284/284 291/291/291 271/271/271
f 265/265/265 271/271/271 291/291/291
f 292/292/292 289/289/289 293/293/293
f 294/294/294 289/289/289 287/287/287
f 291/291/291 292/292/292 259/259/259
f 258/258/258 259/259/259 292/292/292
f 292/292/292 293/293/293 258/258/258
f 259/259/259 262/262/262 291/291/291
f 265/265/265 291/291/291 262/262/262
f 264/264/264 258/258/258 293/293/293
f 264/264/264 293/293/293 295/295/295
f 296/296/296 295/295/295 293/293/293
f 289/289/289 294/294/294 296/296/296
f 293/293/293 289/289/289 296/296/296
f 297/297/297 295/295/295 296/296/296
f 295/295/295 297/297/297 254/254/254
f 295/295/295 254/254/254 264/264/264
f 253/253/253 254/254/254 297/297/297
f 297/297/297 298/298/298 253/253/253
f 299/299/299 253/253/253 298/298/298
f 299/299/299 179/179/179 253/253/253
f 300/300/300 298/298/298 297/297/297
f 300/300/300 301/301/301 298/298/298
f 302/302/302 300/300/300 297/297/297
f 302/302/302 297/297/297 296/296/296
f 301/301/301 188/188/188 298/298/298
f 188/188/188 299/299/299 298/298/298
f 188/188/188 179/179/179 299/299/299
f 303/303/303 188/188/188 301/301/301
f 303/303/303 304/304/304 188/188/188
f 305/305/305 304/304/304 303/303/303
f 305/305/305 306/306/306 304/304/304
f 306/306/306 307/307/307 304/304/304
f 308/308/308 305/305/305 303/303/303
f 308/308/308 303/303/303 301/301/301
f 308/308/308 309/309/309 305/305/305
f 305/305/305 309/309/309 310/310/310
f 305/305/305 310/310/310 306/306/306
f 304/304/304 307/307/307 183/183/183
f 304/304/304 183/183/183 188/188/188
f 307/307/307 182/182/182 183/183/183
f 311/311/311 300/300/300 302/302/302
f 312/312/312 301/301/301 300/300/300
f 313/313/313 301/301/301 312/312/312
f 313/313/313 308/308/308 301/301/301
f 308/308/308 313/313/313 314/314/314
f 315/315/315 308/308/308 314/314/314
f 315/315/315 310/310/310 309/309/309
f 309/309/309 308/308/308 315/315/315
f 316/316/316 310/310/310 315/315/315
f 317/317/317 313/313/313 312/312/312
f 312/312/312 318/318/318 317/317/317
f 318/318/318 312/312/312 300/300/300
f 311/311/311 318/318/318 300/300/300
f 319/319/319 318/318/318 311/311/311
f 320/320/320 318/318/318 319/319/319
f 318/318/318 320/320/320 317/317/317
f 317/317/317 320/320/320 321/321/321
f 317/317/317 321/321/321 313/313/313
f 320/320/320 322/322/322 321/321/321
f 320/320/320 323/323/323 322/322/322
f 323/323/323 320/320/320 319/319/319
f 323/323/323 319/319/319 324/324/324
f 325/325/325 323/323/323 324/324/324
f 323/323/323 325/325/325 326/326/326
f 326/326/326 325/325/325 327/327/327
f 325/325/325 328/328/328 327/327/327
f 329/329/329 323/323/323 326/326/326
f 323/323/323 329/329/329 322/322/322
f 327/327/327 328/328/328 330/330/330
f 328/328/328 285/285/285 330/330/330
f 285/285/285 288/288/288 330/330/330
f 331/331/331 322/322/322 329/329/329
f 322/322/322 331/331/331 321/321/321
f 332/332/332 331/331/331 329/329/329
f 333/333/333 332/332/332 329/329/329
f 327/327/327 333/333/333 326/326/326
f 326/326/326 333/333/333 329/329/329
f 330/330/330 288/288/288 334/334/334
f 330/330/330 334/334/334 335/335/335
f 335/335/335 333/333/333 327/327/327
f 335/335/335 327/327/327 330/330/330
f 335/335/335 334/334/334 336/336/336
f 334/334/334 337/337/337 336/336/336
f 333/333/333 335/335/335 338/338/338
f 335/335/335 336/336/336 338/338/338
f 339/339/339 333/333/333 338/338/338
f 336/336/336 340/340/340 338/338/338
f 340/340/340 341/341/341 338/338/338
f 339/339/339 338/338/338 341/341/341
f 342/342/342 339/339/339 341/341/341
f 341/341/341 340/340/340 343/343/343
f 344/344/344 343/343/343 340/340/340
f 336/336/336 337/337/337 344/344/344
f 340/340/340 336/336/336 344/344/344
f 345/345/345 343/343/343 344/344/344
f 346/346/346 345/345/345 344/344/344
f 347/347/347 341/341/341 343/343/343
f 341/341/341 347/347/347 342/342/342
f 343/343/343 348/348/348 347/347/347
f 348/348/348 343/343/343 345/345/345
f 348/348/348 349/349/349 347/347/347
f 349/349/349 348/348/348 350/350/350
f 351/351/351 349/349/349 350/350/350
f 352/352/352 351/351/351 350/350/350
f 351/351/351 352/352/352 353/353/353
f 352/352/352 354/354/354 353/353/353
f 354/354/354 352/352/352 355/355/355
f 356/356/356 355/355/355 352/352/352
f 355/355/355 356/356/356 346/346/346
f 350/350/350 356/356/356 352/352/352
f 356/356/356 350/350/350 348/348/348
f 345/345/345 356/356/356 348/348/348
f 356/356/356 345/345/345 346/346/346
f 357/357/357 354/354/354 355/355/355
f 355/355/355 358/358/358 357/357/357
f 358/358/358 355/355/355 346/346/346
f 358/358/358 359/359/359 357/357/357
f 360/360/360 358/358/358 346/346/346
f 361/361/361 360/360/360 346/346/346
f 362/362/362 360/360/360 361/361/361
f 363/363/363 358/358/358 360/360/360
f 359/359/359 358/358/358 363/363/363
f 359/359/359 363/363/363 364/364/364
f 365/365/365 363/363/363 360/360/360
f 364/364/364 363/363/363 365/365/365
f 366/366/366 364/364/364 365/365/365
f 366/366/366 365/365/365 367/367/367
f 368/368/368 366/366/366 367/367/367
f 367/367/367 369/369/369 368/368/368
f 369/369/369 370/370/370 368/368/368
f 369/369/369 269/269/269 370/370/370
f 367/367/367 365/365/365 371/371/371
f 371/371/371 365/365/365 360/360/360
f 362/362/362 371/371/371 360/360/360
f 372/372/372 367/367/367 371/371/371
f 369/369/369 367/367/367 372/372/372
f 373/373/373 369/369/369 372/372/372
f 369/369/369 373/373/373 269/269/269
f 269/269/269 373/373/373 268/268/268
f 371/371/371 362/362/362 280/280/280
f 374/374/374 371/371/371 280/280/280
f 372/372/372 371/371/371 374/374/374
f 281/281/281 280/280/280 362/362/362
f 280/280/280 375/375/375 374/374/374
f 372/372/372 374/374/374 375/375/375
f 280/280/280 279/279/279 375/375/375
f 272/272/272 375/375/375 279/279/279
f 376/376/376 372/372/372 375/375/375
f 268/268/268 373/373/373 376/376/376
f 272/272/272 376/376/376 375/375/375
f 272/272/272 268/268/268 376/376/376
f 376/376/376 373/373/373 372/372/372
f 278/278/278 281/281/281 377/377/377
f 278/278/278 377/377/377 378/378/378
f 377/377/377 361/361/361 378/378/378
f 281/281/281 361/361/361 377/377/377
f 337/337/337 278/278/278 378/378/378
f 337/337/337 378/378/378 344/344/344
f 378/378/378 361/361/361 344/344/344
f 277/277/277 278/278/278 337/337/337
f 334/334/334 277/277/277 337/337/337
f 361/361/361 346/346/346 344/344/344
f 288/288/288 277/277/277 334/334/334
f 361/361/361 281/281/281 362/362/362
f 381/381/381 380/380/380 379/379/379
f 382/382/382 379/379/379 380/380/380
f 380/380/380 381/381/381 383/383/383
f 384/384/384 383/383/383 381/381/381
f 383/383/383 384/384/384 385/385/385
f 386/386/386 385/385/385 384/384/384
f 382/382/382 387/387/387 379/379/379
f 388/388/388 379/379/379 387/387/387
f 387/387/387 389/389/389 388/388/388
f 390/390/390 388/388/388 389/389/389
f 385/385/385 386/386/386 391/391/391
f 392/392/392 391/391/391 386/386/386
f 391/391/391 392/392/392 393/393/393
f 394/394/394 393/393/393 392/392/392
f 393/393/393 394/394/394 395/395/395
f 396/396/396 395/395/395 394/394/394
f 389/389/389 397/397/397 390/390/390
f 398/398/398 390/390/390 397/397/397
f 388/388/388 390/390/390 399/399/399
f 399/399/399 400/400/400 388/388/388
f 379/379/379 388/388/388 400/400/400
f 400/400/400 401/401/401 379/379/379
f 381/381/381 379/379/379 401/401/401
f 402/402/402 399/399/399 390/390/390
f 401/401/401 400/400/400 403/403/403
f 401/401/401 403/403/403 404/404/404
f 405/405/405 404/404/404 403/403/403
f 403/403/403 406/406/406 405/405/405
f 407/407/407 405/405/405 406/406/406
f 407/407/407 408/408/408 405/405/405
f 409/409/409 405/405/405 408/408/408
f 405/405/405 409/409/409 404/404/404
f 408/408/408 407/407/407 206/206/206
f 208/208/208 206/206/206 407/407/407
f 406/406/406 210/210/210 407/407/407
f 208/208/208 407/407/407 210/210/210
f 210/210/210 406/406/406 213/213/213
f 410/410/410 213/213/213 406/406/406
f 408/408/408 206/206/206 411/411/411
f 204/204/204 411/411/411 206/206/206
f 411/411/411 204/204/204 412/412/412
f 202/202/202 412/412/412 204/204/204
f 412/412/412 202/202/202 413/413/413
f 203/203/203 413/413/413 202/202/202
f 411/411/411 414/414/414 408/408/408
f 409/409/409 408/408/408 414/414/414
f 412/412/412 415/415/415 411/411/411
f 414/414/414 411/411/411 415/415/415
f 413/413/413 416/416/416 412/412/412
f 415/415/415 412/412/412 416/416/416
f 409/409/409 414/414/414 417/417/417
f 417/417/417 404/404/404 409/409/409
f 418/418/418 417/417/417 414/414/414
f 415/415/415 419/419/419 414/414/414
f 418/418/418 414/414/414 419/419/419
f 416/416/416 420/420/420 415/415/415
f 419/419/419 415/415/415 420/420/420
f 421/421/421 213/213/213 410/410/410
f 421/421/421 410/410/410 422/422/422
f 423/423/423 422/422/422 410/410/410
f 410/410/410 406/406/406 423/423/423
f 403/403/403 423/423/423 406/406/406
f 421/421/421 422/422/422 424/424/424
f 425/425/425 424/424/424 422/422/422
f 425/425/425 426/426/426 424/424/424
f 427/427/427 424/424/424 426/426/426
f 424/424/424 427/427/427 214/214/214
f 214/214/214 421/421/421 424/424/424
f 214/214/214 213/213/213 421/421/421
f 216/216/216 214/214/214 427/427/427
f 216/216/216 427/427/427 218/218/218
f 428/428/428 218/218/218 427/427/427
f 427/427/427 426/426/426 428/428/428
f 429/429/429 428/428/428 426/426/426
f 426/426/426 402/402/402 429/429/429
f 426/426/426 425/425/425 402/402/402
f 430/430/430 429/429/429 402/402/402
f 423/423/423 403/403/403 400/400/400
f 399/399/399 402/402/402 425/425/425
f 400/400/400 399/399/399 422/422/422
f 422/422/422 399/399/399 425/425/425
f 402/402/402 390/390/390 430/430/430
f 398/398/398 430/430/430 390/390/390
f 400/400/400 422/422/422 423/423/423
f 381/381/381 401/401/401 384/384/384
f 404/404/404 384/384/384 401/401/401
f 404/404/404 417/417/417 384/384/384
f 386/386/386 384/384/384 417/417/417
f 417/417/417 418/418/418 386/386/386
f 392/392/392 386/386/386 418/418/418
f 392/392/392 418/418/418 394/394/394
f 419/419/419 394/394/394 418/418/418
f 394/394/394 419/419/419 396/396/396
f 420/420/420 396/396/396 419/419/419
f 433/433/433 432/432/432 431/431/431
f 353/353/353 432/432/432 433/433/433
f 351/351/351 353/353/353 433/433/433
f 433/433/433 434/434/434 351/351/351
f 433/433/433 431/431/431 434/434/434
f 434/434/434 431/431/431 435/435/435
f 434/434/434 435/435/435 436/436/436
f 437/437/437 434/434/434 436/436/436
f 438/438/438 435/435/435 431/431/431
f 435/435/435 438/438/438 436/436/436
f 439/439/439 438/438/438 431/431/431
f 349/349/349 434/434/434 437/437/437
f 434/434/434 349/349/349 351/351/351
f 347/347/347 349/349/349 437/437/437
f 347/347/347 437/437/437 342/342/342
f 342/342/342 437/437/437 436/436/436
f 438/438/438 439/439/439 440/440/440
f 440/440/440 441/441/441 438/438/438
f 438/438/438 441/441/441 442/442/442
f 436/436/436 438/438/438 442/442/442
f 439/439/439 443/443/443 440/440/440
f 440/440/440 443/443/443 316/316/316
f 315/315/315 440/440/440 316/316/316
f 444/444/444 440/440/440 315/315/315
f 444/444/444 441/441/441 440/440/440
f 441/441/441 444/444/444 445/445/445
f 444/444/444 315/315/315 445/445/445
f 446/446/446 441/441/441 445/445/445
f 442/442/442 441/441/441 446/446/446
f 321/321/321 446/446/446 445/445/445
f 321/321/321 445/445/445 313/313/313
f 445/445/445 314/314/314 313/313/313
f 315/315/315 314/314/314 445/445/445
f 446/446/446 447/447/447 442/442/442
f 331/331/331 447/447/447 446/446/446
f 321/321/321 331/331/331 446/446/446
f 442/442/442 447/447/447 448/448/448
f 448/448/448 447/447/447 449/449/449
f 442/442/442 448/448/448 436/436/436
f 448/448/448 342/342/342 436/436/436
f 342/342/342 448/448/448 449/449/449
f 339/339/339 342/342/342 449/449/449
f 333/333/333 339/339/339 449/449/449
f 332/332/332 333/333/333 449/449/449
f 447/447/447 331/331/331 332/332/332
f 449/449/449 447/447/447 332/332/332
f 296/296/296 450/450/450 311/311/311
f 302/302/302 296/296/296 311/311/311
f 311/311/311 450/450/450 319/319/319
f 319/319/319 450/450/450 324/324/324
f 324/324/324 450/450/450 294/294/294
f 294/294/294 450/450/450 296/296/296
f 294/294/294 287/287/287 324/324/324
f 287/287/287 451/451/451 324/324/324
f 451/451/451 287/287/287 328/328/328
f 287/287/287 285/285/285 328/328/328
f 451/451/451 325/325/325 324/324/324
f 328/328/328 325/325/325 451/451/451
f 17/17/17 134/134/134 10/10/10
f 454/454/454 453/453/453 452/452/452
f 455/455/455 454/454/454 452/452/452
f 456/456/456 453/453/453 454/454/454
f 457/457/457 456/456/456 454/454/454
f 457/457/457 458/458/458 456/456/456
f 458/458/458 459/459/459 456/456/456
f 459/459/459 458/458/458 460/460/460
f 461/461/461 459/459/459 460/460/460
f 452/452/452 462/462/462 455/455/455
f 462/462/462 452/452/452 463/463/463
f 452/452/452 464/464/464 463/463/463
f 464/464/464 452/452/452 453/453/453
f 462/462/462 465/465/465 455/455/455
f 466/466/466 465/465/465 462/462/462
f 467/467/467 466/466/466 462/462/462
f 467/467/467 462/462/462 463/463/463
f 468/468/468 466/466/466 467/467/467
f 469/469/469 468/468/468 467/467/467
f 459/459/459 470/470/470 456/456/456
f 470/470/470 459/459/459 461/461/461
f 470/470/470 471/471/471 456/456/456
f 456/456/456 471/471/471 453/453/453
f 471/471/471 472/472/472 453/453/453
f 472/472/472 464/464/464 453/453/453
f 469/469/469 473/473/473 468/468/468
f 474/474/474 468/468/468 473/473/473
f 475/475/475 474/474/474 473/473/473
f 469/469/469 476/476/476 473/473/473
f 476/476/476 477/477/477 473/473/473
f 475/475/475 473/473/473 477/477/477
f 471/471/471 478/478/478 472/472/472
f 478/478/478 479/479/479 472/472/472
f 480/480/480 478/478/478 471/471/471
f 470/470/470 480/480/480 471/471/471
f 476/476/476 481/481/481 477/477/477
f 481/481/481 482/482/482 477/477/477
f 479/479/479 483/483/483 472/472/472
f 380/380/380 483/483/483 479/479/479
f 382/382/382 380/380/380 479/479/479
f 483/483/483 464/464/464 472/472/472
f 464/464/464 483/483/483 484/484/484
f 463/463/463 464/464/464 484/484/484
f 484/484/484 485/485/485 463/463/463
f 385/385/385 485/485/485 484/484/484
f 383/383/383 385/385/385 484/484/484
f 483/483/483 380/380/380 383/383/383
f 484/484/484 483/483/483 383/383/383
f 391/391/391 481/481/481 485/485/485
f 385/385/385 391/391/391 485/485/485
f 481/481/481 391/391/391 482/482/482
f 485/485/485 486/486/486 463/463/463
f 485/485/485 481/481/481 486/486/486
f 481/481/481 476/476/476 486/486/486
f 387/387/387 382/382/382 479/479/479
f 391/391/391 393/393/393 482/482/482
f 393/393/393 395/395/395 482/482/482
f 395/395/395 487/487/487 482/482/482
f 486/486/486 467/467/467 463/463/463
f 469/469/469 467/467/467 486/486/486
f 476/476/476 469/469/469 486/486/486
f 487/487/487 488/488/488 477/477/477
f 482/482/482 487/487/487 477/477/477
f 488/488/488 475/475/475 477/477/477
f 478/478/478 387/387/387 479/479/479
f 389/389/389 387/387/387 478/478/478
f 480/480/480 389/389/389 478/478/478
f 389/389/389 480/480/480 489/489/489
f 397/397/397 389/389/389 489/489/489
f 489/489/489 480/480/480 490/490/490
f 480/480/480 470/470/470 490/490/490
f 490/490/490 470/470/470 461/461/461
f 493/493/493 492/492/492 491/491/491
f 494/494/494 491/491/491 492/492/492
f 492/492/492 495/495/495 494/494/494
f 496/496/496 494/494/494 495/495/495
f 497/497/497 496/496/496 495/495/495
f 497/497/497 495/495/495 498/498/498
f 499/499/499 497/497/497 498/498/498
f 500/500/500 499/499/499 498/498/498
f 500/500/500 498/498/498 501/501/501
f 502/502/502 500/500/500 501/501/501
f 502/502/502 501/501/501 503/503/503
f 501/501/501 504/504/504 503/503/503
f 504/504/504 501/501/501 505/505/505
f 501/501/501 506/506/506 505/505/505
f 501/501/501 498/498/498 506/506/506
f 498/498/498 507/507/507 506/506/506
f 495/495/495 507/507/507 498/498/498
f 508/508/508 497/497/497 499/499/499
f 497/497/497 508/508/508 496/496/496
f 499/499/499 509/509/509 508/508/508
f 510/510/510 509/509/509 499/499/499
f 511/511/511 510/510/510 499/499/499
f 511/511/511 499/499/499 500/500/500
f 509/509/509 512/512/512 508/508/508
f 508/508/508 512/512/512 513/513/513
f 512/512/512 514/514/514 513/513/513
f 514/514/514 515/515/515 513/513/513
f 515/515/515 516/516/516 513/513/513
f 516/516/516 517/517/517 513/513/513
f 517/517/517 518/518/518 513/513/513
f 518/518/518 508/508/508 513/513/513
f 517/517/517 519/519/519 518/518/518
f 519/519/519 520/520/520 518/518/518
f 514/514/514 521/521/521 515/515/515
f 521/521/521 522/522/522 515/515/515
f 523/523/523 521/521/521 514/514/514
f 512/512/512 523/523/523 514/514/514
f 512/512/512 509/509/509 523/523/523
f 509/509/509 524/524/524 523/523/523
f 525/525/525 524/524/524 509/509/509
f 510/510/510 525/525/525 509/509/509
f 526/526/526 521/521/521 523/523/523
f 527/527/527 526/526/526 523/523/523
f 528/528/528 526/526/526 527/527/527
f 529/529/529 528/528/528 527/527/527
f 528/528/528 530/530/530 526/526/526
f 530/530/530 531/531/531 526/526/526
f 531/531/531 522/522/522 521/521/521
f 526/526/526 531/531/531 521/521/521
f 523/523/523 524/524/524 532/532/532
f 527/527/527 523/523/523 532/532/532
f 533/533/533 527/527/527 532/532/532
f 534/534/534 533/533/533 532/532/532
f 534/534/534 532/532/532 535/535/535
f 532/532/532 536/536/536 535/535/535
f 532/532/532 524/524/524 536/536/536
f 537/537/537 536/536/536 524/524/524
f 525/525/525 537/537/537 524/524/524
f 537/537/537 538/538/538 536/536/536
f 538/538/538 537/537/537 539/539/539
f 537/537/537 540/540/540 539/539/539
f 541/541/541 539/539/539 540/540/540
f 538/538/538 542/542/542 536/536/536
f 543/543/543 539/539/539 541/541/541
f 544/544/544 543/543/543 541/541/541
f 545/545/545 533/533/533 534/534/534
f 546/546/546 545/545/545 534/534/534
f 547/547/547 546/546/546 534/534/534
f 535/535/535 547/547/547 534/534/534
f 538/538/538 548/548/548 542/542/542
f 548/548/548 549/549/549 542/542/542
f 550/550/550 548/548/548 538/538/538
f 539/539/539 550/550/550 538/538/538
f 551/551/551 550/550/550 539/539/539
f 543/543/543 551/551/551 539/539/539
f 540/540/540 537/537/537 525/525/525
f 540/540/540 525/525/525 552/552/552
f 553/553/553 540/540/540 552/552/552
f 540/540/540 553/553/553 554/554/554
f 555/555/555 540/540/540 554/554/554
f 554/554/554 553/553/553 556/556/556
f 553/553/553 557/557/557 556/556/556
f 557/557/557 553/553/553 552/552/552
f 558/558/558 556/556/556 557/557/557
f 559/559/559 558/558/558 557/557/557
f 559/559/559 557/557/557 560/560/560
f 560/560/560 557/557/557 552/552/552
f 561/561/561 559/559/559 560/560/560
f 561/561/561 560/560/560 562/562/562
f 563/563/563 561/561/561 562/562/562
f 563/563/563 562/562/562 564/564/564
f 565/565/565 563/563/563 564/564/564
f 558/558/558 559/559/559 566/566/566
f 559/559/559 567/567/567 566/566/566
f 568/568/568 567/567/567 559/559/559
f 561/561/561 568/568/568 559/559/559
f 561/561/561 563/563/563 568/568/568
f 567/567/567 569/569/569 566/566/566
f 569/569/569 570/570/570 566/566/566
f 563/563/563 571/571/571 568/568/568
f 565/565/565 571/571/571 563/563/563
f 568/568/568 571/571/571 572/572/572
f 573/573/573 568/568/568 572/572/572
f 567/567/567 568/568/568 573/573/573
f 567/567/567 573/573/573 569/569/569
f 572/572/572 574/574/574 573/573/573
f 569/569/569 573/573/573 575/575/575
f 573/573/573 574/574/574 575/575/575
f 574/574/574 576/576/576 575/575/575
f 577/577/577 569/569/569 575/575/575
f 570/570/570 569/569/569 577/577/577
f 578/578/578 570/570/570 577/577/577
f 575/575/575 579/579/579 577/577/577
f 579/579/579 575/575/575 576/576/576
f 579/579/579 576/576/576 580/580/580
f 581/581/581 579/579/579 580/580/580
f 579/579/579 582/582/582 577/577/577
f 583/583/583 582/582/582 579/579/579
f 581/581/581 583/583/583 579/579/579
f 572/572/572 571/571/571 584/584/584
f 585/585/585 570/570/570 578/578/578
f 586/586/586 585/585/585 578/578/578
f 585/585/585 586/586/586 587/587/587
f 586/586/586 588/588/588 587/587/587
f 578/578/578 589/589/589 586/586/586
f 578/578/578 590/590/590 589/589/589
f 577/577/577 590/590/590 578/578/578
f 589/589/589 591/591/591 586/586/586
f 586/586/586 591/591/591 588/588/588
f 591/591/591 592/592/592 588/588/588
f 593/593/593 589/589/589 590/590/590
f 594/594/594 581/581/581 580/580/580
f 595/595/595 581/581/581 594/594/594
f 581/581/581 595/595/595 596/596/596
f 583/583/583 581/581/581 596/596/596
f 595/595/595 597/597/597 596/596/596
f 598/598/598 596/596/596 597/597/597
f 599/599/599 598/598/598 597/597/597
f 600/600/600 599/599/599 597/597/597
f 597/597/597 595/595/595 600/600/600
f 598/598/598 601/601/601 596/596/596
f 601/601/601 583/583/583 596/596/596
f 595/595/595 602/602/602 600/600/600
f 595/595/595 594/594/594 603/603/603
f 602/602/602 595/595/595 603/603/603
f 604/604/604 602/602/602 603/603/603
f 602/602/602 604/604/604 605/605/605
f 604/604/604 606/606/606 605/605/605
f 604/604/604 607/607/607 606/606/606
f 607/607/607 608/608/608 606/606/606
f 609/609/609 606/606/606 608/608/608
f 610/610/610 609/609/609 608/608/608
f 611/611/611 605/605/605 606/606/606
f 609/609/609 611/611/611 606/606/606
f 612/612/612 605/605/605 611/611/611
f 605/605/605 612/612/612 602/602/602
f 613/613/613 612/612/612 611/611/611
f 613/613/613 611/611/611 614/614/614
f 611/611/611 615/615/615 614/614/614
f 611/611/611 609/609/609 615/615/615
f 609/609/609 616/616/616 615/615/615
f 609/609/609 610/610/610 616/616/616
f 610/610/610 617/617/617 616/616/616
f 618/618/618 617/617/617 610/610/610
f 619/619/619 618/618/618 610/610/610
f 610/610/610 620/620/620 619/619/619
f 620/620/620 608/608/608 607/607/607
f 608/608/608 620/620/620 610/610/610
f 619/619/619 620/620/620 621/621/621
f 613/613/613 622/622/622 612/612/612
f 607/607/607 623/623/623 620/620/620
f 624/624/624 623/623/623 607/607/607
f 623/623/623 624/624/624 625/625/625
f 626/626/626 623/623/623 625/625/625
f 625/625/625 627/627/627 626/626/626
f 628/628/628 627/627/627 625/625/625
f 624/624/624 628/628/628 625/625/625
f 629/629/629 624/624/624 607/607/607
f 624/624/624 629/629/629 630/630/630
f 628/628/628 624/624/624 630/630/630
f 628/628/628 630/630/630 631/631/631
f 630/630/630 632/632/632 631/631/631
f 631/631/631 632/632/632 633/633/633
f 632/632/632 634/634/634 633/633/633
f 635/635/635 633/633/633 634/634/634
f 636/636/636 635/635/635 634/634/634
f 637/637/637 636/636/636 634/634/634
f 638/638/638 637/637/637 634/634/634
f 634/634/634 632/632/632 638/638/638
f 639/639/639 637/637/637 638/638/638
f 640/640/640 639/639/639 638/638/638
f 640/640/640 638/638/638 641/641/641
f 632/632/632 641/641/641 638/638/638
f 642/642/642 640/640/640 641/641/641
f 641/641/641 643/643/643 642/642/642
f 643/643/643 641/641/641 644/644/644
f 632/632/632 644/644/644 641/641/641
f 632/632/632 630/630/630 644/644/644
f 644/644/644 630/630/630 594/594/594
f 643/643/643 644/644/644 576/576/576
f 640/640/640 642/642/642 645/645/645
f 642/642/642 646/646/646 645/645/645
f 647/647/647 639/639/639 640/640/640
f 645/645/645 647/647/647 640/640/640
f 648/648/648 645/645/645 646/646/646
f 649/649/649 648/648/648 646/646/646
f 649/649/649 646/646/646 564/564/564
f 650/650/650 649/649/649 564/564/564
f 651/651/651 649/649/649 650/650/650
f 648/648/648 649/649/649 651/651/651
f 511/511/511 651/651/651 650/650/650
f 511/511/511 650/650/650 652/652/652
f 510/510/510 511/511/511 652/652/652
f 510/510/510 652/652/652 552/552/552
f 525/525/525 510/510/510 552/552/552
f 552/552/552 652/652/652 560/560/560
f 652/652/652 562/562/562 560/560/560
f 650/650/650 564/564/564 562/562/562
f 652/652/652 650/650/650 562/562/562
f 564/564/564 646/646/646 565/565/565
f 646/646/646 642/642/642 565/565/565
f 653/653/653 648/648/648 651/651/651
f 648/648/648 653/653/653 654/654/654
f 654/654/654 653/653/653 502/502/502
f 651/651/651 500/500/500 653/653/653
f 500/500/500 651/651/651 511/511/511
f 653/653/653 500/500/500 502/502/502
f 654/654/654 502/502/502 655/655/655
f 656/656/656 654/654/654 655/655/655
f 503/503/503 655/655/655 502/502/502
f 657/657/657 648/648/648 654/654/654
f 648/648/648 657/657/657 645/645/645
f 657/657/657 647/647/647 645/645/645
f 643/643/643 584/584/584 642/642/642
f 643/643/643 572/572/572 584/584/584
f 574/574/574 572/572/572 643/643/643
f 574/574/574 643/643/643 576/576/576
f 580/580/580 576/576/576 644/644/644
f 580/580/580 644/644/644 594/594/594
f 603/603/603 594/594/594 630/630/630
f 603/603/603 630/630/630 658/658/658
f 629/629/629 658/658/658 630/630/630
f 658/658/658 629/629/629 604/604/604
f 658/658/658 604/604/604 603/603/603
f 607/607/607 604/604/604 629/629/629
f 661/661/661 660/660/660 659/659/659
f 492/492/492 661/661/661 659/659/659
f 660/660/660 506/506/506 659/659/659
f 506/506/506 660/660/660 505/505/505
f 507/507/507 659/659/659 506/506/506
f 659/659/659 507/507/507 495/495/495
f 495/495/495 492/492/492 659/659/659
f 661/661/661 492/492/492 493/493/493
f 491/491/491 662/662/662 493/493/493
f 663/663/663 662/662/662 491/491/491
f 663/663/663 664/664/664 662/662/662
f 663/663/663 665/665/665 664/664/664
f 665/665/665 666/666/666 664/664/664
f 667/667/667 666/666/666 665/665/665
f 668/668/668 667/667/667 665/665/665
f 668/668/668 665/665/665 669/669/669
f 670/670/670 668/668/668 669/669/669
f 670/670/670 669/669/669 671/671/671
f 672/672/672 670/670/670 671/671/671
f 670/670/670 672/672/672 673/673/673
f 672/672/672 674/674/674 673/673/673
f 675/675/675 668/668/668 670/670/670
f 673/673/673 675/675/675 670/670/670
f 667/667/667 668/668/668 675/675/675
f 673/673/673 676/676/676 675/675/675
f 673/673/673 674/674/674 676/676/676
f 676/676/676 677/677/677 675/675/675
f 678/678/678 675/675/675 677/677/677
f 678/678/678 667/667/667 675/675/675
f 679/679/679 678/678/678 677/677/677
f 677/677/677 680/680/680 679/679/679
f 680/680/680 681/681/681 679/679/679
f 674/674/674 682/682/682 676/676/676
f 682/682/682 683/683/683 676/676/676
f 683/683/683 684/684/684 676/676/676
f 684/684/684 680/680/680 677/677/677
f 676/676/676 684/684/684 677/677/677
f 684/684/684 683/683/683 685/685/685
f 684/684/684 685/685/685 680/680/680
f 683/683/683 686/686/686 685/685/685
f 685/685/685 686/686/686 687/687/687
f 686/686/686 688/688/688 687/687/687
f 685/685/685 689/689/689 680/680/680
f 685/685/685 687/687/687 689/689/689
f 681/681/681 680/680/680 689/689/689
f 687/687/687 690/690/690 689/689/689
f 687/687/687 691/691/691 690/690/690
f 691/691/691 687/687/687 688/688/688
f 691/691/691 692/692/692 690/690/690
f 693/693/693 681/681/681 689/689/689
f 689/689/689 690/690/690 693/693/693
f 690/690/690 694/694/694 693/693/693
f 690/690/690 692/692/692 694/694/694
f 692/692/692 695/695/695 694/694/694
f 692/692/692 696/696/696 695/695/695
f 696/696/696 697/697/697 695/695/695
f 698/698/698 696/696/696 692/692/692
f 691/691/691 698/698/698 692/692/692
f 698/698/698 699/699/699 696/696/696
f 699/699/699 700/700/700 696/696/696
f 697/697/697 696/696/696 700/700/700
f 698/698/698 701/701/701 699/699/699
f 701/701/701 702/702/702 699/699/699
f 699/699/699 703/703/703 700/700/700
f 699/699/699 702/702/702 703/703/703
f 703/703/703 704/704/704 700/700/700
f 702/702/702 705/705/705 703/703/703
f 698/698/698 691/691/691 706/706/706
f 701/701/701 698/698/698 706/706/706
f 706/706/706 691/691/691 688/688/688
f 704/704/704 707/707/707 700/700/700
f 697/697/697 700/700/700 707/707/707
f 710/710/710 709/709/709 708/708/708
f 711/711/711 710/710/710 708/708/708
f 710/710/710 711/711/711 712/712/712
f 711/711/711 708/708/708 713/713/713
f 714/714/714 711/711/711 713/713/713
f 715/715/715 714/714/714 713/713/713
f 715/715/715 716/716/716 714/714/714
f 716/716/716 715/715/715 717/717/717
f 716/716/716 717/717/717 718/718/718
f 719/719/719 716/716/716 718/718/718
f 715/715/715 720/720/720 717/717/717
f 718/718/718 717/717/717 721/721/721
f 717/717/717 722/722/722 721/721/721
f 717/717/717 720/720/720 722/722/722
f 721/721/721 722/722/722 723/723/723
f 722/722/722 724/724/724 723/723/723
f 725/725/725 716/716/716 719/719/719
f 716/716/716 725/725/725 714/714/714
f 714/714/714 725/725/725 529/529/529
f 725/725/725 528/528/528 529/529/529
f 725/725/725 726/726/726 528/528/528
f 726/726/726 725/725/725 719/719/719
f 726/726/726 530/530/530 528/528/528
f 724/724/724 722/722/722 727/727/727
f 720/720/720 727/727/727 722/722/722
f 720/720/720 728/728/728 727/727/727
f 728/728/728 729/729/729 727/727/727
f 730/730/730 724/724/724 727/727/727
f 731/731/731 728/728/728 720/720/720
f 715/715/715 731/731/731 720/720/720
f 731/731/731 715/715/715 713/713/713
f 732/732/732 730/730/730 727/727/727
f 729/729/729 732/732/732 727/727/727
f 723/723/723 724/724/724 733/733/733
f 733/733/733 724/724/724 730/730/730
f 734/734/734 723/723/723 733/733/733
f 733/733/733 735/735/735 734/734/734
f 735/735/735 736/736/736 734/734/734
f 733/733/733 737/737/737 735/735/735
f 737/737/737 733/733/733 730/730/730
f 737/737/737 730/730/730 732/732/732
f 737/737/737 738/738/738 735/735/735
f 737/737/737 739/739/739 738/738/738
f 739/739/739 737/737/737 732/732/732
f 739/739/739 740/740/740 738/738/738
f 741/741/741 736/736/736 735/735/735
f 742/742/742 741/741/741 735/735/735
f 735/735/735 738/738/738 742/742/742
f 742/742/742 743/743/743 741/741/741
f 743/743/743 744/744/744 741/741/741
f 743/743/743 745/745/745 744/744/744
f 745/745/745 746/746/746 744/744/744
f 743/743/743 747/747/747 745/745/745
f 747/747/747 748/748/748 745/745/745
f 745/745/745 749/749/749 746/746/746
f 745/745/745 748/748/748 749/749/749
f 749/749/749 750/750/750 746/746/746
f 748/748/748 751/751/751 749/749/749
f 747/747/747 752/752/752 748/748/748
f 752/752/752 753/753/753 748/748/748
f 748/748/748 753/753/753 751/751/751
f 753/753/753 754/754/754 751/751/751
f 755/755/755 749/749/749 751/751/751
f 749/749/749 755/755/755 750/750/750
f 756/756/756 755/755/755 751/751/751
f 755/755/755 757/757/757 750/750/750
f 755/755/755 756/756/756 758/758/758
f 757/757/757 755/755/755 758/758/758
f 756/756/756 759/759/759 758/758/758
f 760/760/760 757/757/757 758/758/758
f 760/760/760 758/758/758 761/761/761
f 758/758/758 762/762/762 761/761/761
f 763/763/763 762/762/762 758/758/758
f 759/759/759 763/763/763 758/758/758
f 759/759/759 756/756/756 764/764/764
f 764/764/764 763/763/763 759/759/759
f 764/764/764 756/756/756 765/765/765
f 756/756/756 751/751/751 765/765/765
f 766/766/766 752/752/752 747/747/747
f 767/767/767 766/766/766 747/747/747
f 767/767/767 747/747/747 743/743/743
f 742/742/742 767/767/767 743/743/743
f 738/738/738 767/767/767 742/742/742
f 740/740/740 766/766/766 767/767/767
f 738/738/738 740/740/740 767/767/767
f 770/770/770 769/769/769 768/768/768
f 771/771/771 770/770/770 768/768/768
f 770/770/770 771/771/771 772/772/772
f 771/771/771 773/773/773 772/772/772
f 771/771/771 768/768/768 774/774/774
f 777/777/777 776/776/776 775/775/775
f 777/777/777 778/778/778 776/776/776
f 776/776/776 778/778/778 779/779/779
f 778/778/778 780/780/780 779/779/779
f 778/778/778 781/781/781 780/780/780
f 778/778/778 782/782/782 781/781/781
f 782/782/782 778/778/778 777/777/777
f 782/782/782 783/783/783 781/781/781
f 783/783/783 784/784/784 781/781/781
f 784/784/784 785/785/785 781/781/781
f 784/784/784 786/786/786 785/785/785
f 786/786/786 787/787/787 785/785/785
f 784/784/784 783/783/783 788/788/788
f 789/789/789 784/784/784 788/788/788
f 786/786/786 784/784/784 789/789/789
f 783/783/783 626/626/626 788/788/788
f 783/783/783 782/782/782 626/626/626
f 788/788/788 790/790/790 789/789/789
f 789/789/789 790/790/790 791/791/791
f 789/789/789 791/791/791 786/786/786
f 786/786/786 791/791/791 792/792/792
f 786/786/786 792/792/792 787/787/787
f 787/787/787 792/792/792 793/793/793
f 791/791/791 790/790/790 794/794/794
f 794/794/794 790/790/790 795/795/795
f 790/790/790 796/796/796 795/795/795
f 797/797/797 795/795/795 796/796/796
f 798/798/798 797/797/797 796/796/796
f 798/798/798 796/796/796 799/799/799
f 796/796/796 800/800/800 799/799/799
f 800/800/800 796/796/796 790/790/790
f 800/800/800 801/801/801 799/799/799
f 800/800/800 631/631/631 801/801/801
f 801/801/801 802/802/802 799/799/799
f 803/803/803 799/799/799 802/802/802
f 804/804/804 803/803/803 802/802/802
f 802/802/802 801/801/801 805/805/805
f 633/633/633 805/805/805 801/801/801
f 631/631/631 633/633/633 801/801/801
f 806/806/806 805/805/805 633/633/633
f 635/635/635 806/806/806 633/633/633
f 805/805/805 806/806/806 807/807/807
f 806/806/806 808/808/808 807/807/807
f 808/808/808 809/809/809 807/807/807
f 809/809/809 810/810/810 807/807/807
f 809/809/809 811/811/811 810/810/810
f 811/811/811 812/812/812 810/810/810
f 810/810/810 812/812/812 813/813/813
f 810/810/810 813/813/813 807/807/807
f 814/814/814 807/807/807 813/813/813
f 805/805/805 807/807/807 814/814/814
f 815/815/815 814/814/814 813/813/813
f 814/814/814 815/815/815 816/816/816
f 817/817/817 814/814/814 816/816/816
f 817/817/817 816/816/816 818/818/818
f 819/819/819 817/817/817 818/818/818
f 812/812/812 820/820/820 813/813/813
f 821/821/821 813/813/813 820/820/820
f 813/813/813 821/821/821 815/815/815
f 822/822/822 815/815/815 821/821/821
f 815/815/815 822/822/822 816/816/816
f 823/823/823 816/816/816 822/822/822
f 816/816/816 823/823/823 818/818/818
f 824/824/824 818/818/818 823/823/823
f 818/818/818 824/824/824 819/819/819
f 825/825/825 824/824/824 823/823/823
f 826/826/826 824/824/824 825/825/825
f 827/827/827 826/826/826 825/825/825
f 824/824/824 826/826/826 828/828/828
f 826/826/826 829/829/829 828/828/828
f 826/826/826 827/827/827 829/829/829
f 827/827/827 830/830/830 829/829/829
f 829/829/829 831/831/831 828/828/828
f 828/828/828 831/831/831 832/832/832
f 831/831/831 833/833/833 832/832/832
f 832/832/832 833/833/833 834/834/834
f 833/833/833 835/835/835 834/834/834
f 836/836/836 824/824/824 828/828/828
f 828/828/828 832/832/832 837/837/837
f 836/836/836 828/828/828 837/837/837
f 832/832/832 834/834/834 803/803/803
f 837/837/837 832/832/832 803/803/803
f 834/834/834 835/835/835 798/798/798
f 837/837/837 838/838/838 836/836/836
f 838/838/838 819/819/819 836/836/836
f 837/837/837 803/803/803 804/804/804
f 838/838/838 837/837/837 804/804/804
f 838/838/838 804/804/804 839/839/839
f 819/819/819 838/838/838 839/839/839
f 840/840/840 839/839/839 804/804/804
f 835/835/835 841/841/841 798/798/798
f 841/841/841 842/842/842 798/798/798
f 835/835/835 833/833/833 843/843/843
f 841/841/841 835/835/835 843/843/843
f 841/841/841 843/843/843 844/844/844
f 845/845/845 841/841/841 844/844/844
f 841/841/841 845/845/845 846/846/846
f 847/847/847 841/841/841 846/846/846
f 845/845/845 848/848/848 846/846/846
f 848/848/848 849/849/849 846/846/846
f 845/845/845 844/844/844 850/850/850
f 848/848/848 845/845/845 850/850/850
f 850/850/850 844/844/844 851/851/851
f 852/852/852 850/850/850 851/851/851
f 848/848/848 850/850/850 852/852/852
f 853/853/853 852/852/852 851/851/851
f 853/853/853 851/851/851 854/854/854
f 855/855/855 853/853/853 854/854/854
f 855/855/855 856/856/856 853/853/853
f 857/857/857 856/856/856 855/855/855
f 858/858/858 857/857/857 855/855/855
f 856/856/856 859/859/859 853/853/853
f 860/860/860 858/858/858 855/855/855
f 854/854/854 860/860/860 855/855/855
f 860/860/860 854/854/854 861/861/861
f 854/854/854 862/862/862 861/861/861
f 854/854/854 851/851/851 862/862/862
f 851/851/851 863/863/863 862/862/862
f 864/864/864 852/852/852 853/853/853
f 859/859/859 864/864/864 853/853/853
f 844/844/844 863/863/863 851/851/851
f 864/864/864 865/865/865 852/852/852
f 865/865/865 866/866/866 852/852/852
f 866/866/866 848/848/848 852/852/852
f 863/863/863 844/844/844 843/843/843
f 867/867/867 863/863/863 843/843/843
f 843/843/843 833/833/833 867/867/867
f 833/833/833 831/831/831 867/867/867
f 868/868/868 867/867/867 831/831/831
f 868/868/868 862/862/862 863/863/863
f 867/867/867 868/868/868 863/863/863
f 829/829/829 868/868/868 831/831/831
f 829/829/829 869/869/869 868/868/868
f 869/869/869 861/861/861 862/862/862
f 868/868/868 869/869/869 862/862/862
f 848/848/848 866/866/866 849/849/849
f 866/866/866 870/870/870 849/849/849
f 866/866/866 865/865/865 871/871/871
f 870/870/870 866/866/866 871/871/871
f 871/871/871 865/865/865 872/872/872
f 865/865/865 873/873/873 872/872/872
f 874/874/874 872/872/872 873/873/873
f 875/875/875 874/874/874 873/873/873
f 875/875/875 873/873/873 876/876/876
f 877/877/877 875/875/875 876/876/876
f 877/877/877 876/876/876 878/878/878
f 879/879/879 877/877/877 878/878/878
f 879/879/879 878/878/878 880/880/880
f 881/881/881 879/879/879 880/880/880
f 881/881/881 880/880/880 882/882/882
f 880/880/880 883/883/883 882/882/882
f 882/882/882 884/884/884 881/881/881
f 884/884/884 885/885/885 881/881/881
f 884/884/884 886/886/886 885/885/885
f 886/886/886 887/887/887 885/885/885
f 887/887/887 888/888/888 885/885/885
f 888/888/888 889/889/889 885/885/885
f 889/889/889 879/879/879 881/881/881
f 885/885/885 889/889/889 881/881/881
f 887/887/887 890/890/890 888/888/888
f 890/890/890 891/891/891 888/888/888
f 891/891/891 892/892/892 888/888/888
f 892/892/892 893/893/893 888/888/888
f 888/888/888 893/893/893 889/889/889
f 893/893/893 894/894/894 889/889/889
f 889/889/889 894/894/894 879/879/879
f 894/894/894 877/877/877 879/879/879
f 893/893/893 895/895/895 894/894/894
f 895/895/895 896/896/896 894/894/894
f 894/894/894 896/896/896 877/877/877
f 893/893/893 892/892/892 897/897/897
f 895/895/895 893/893/893 897/897/897
f 897/897/897 892/892/892 898/898/898
f 896/896/896 875/875/875 877/877/877
f 897/897/897 899/899/899 895/895/895
f 899/899/899 900/900/900 895/895/895
f 895/895/895 900/900/900 896/896/896
f 900/900/900 901/901/901 896/896/896
f 896/896/896 901/901/901 875/875/875
f 901/901/901 874/874/874 875/875/875
f 902/902/902 898/898/898 892/892/892
f 891/891/891 902/902/902 892/892/892
f 903/903/903 902/902/902 891/891/891
f 904/904/904 897/897/897 898/898/898
f 906/906/906 905/905/905 904/904/904
f 907/907/907 905/905/905 906/906/906
f 908/908/908 905/905/905 907/907/907
f 909/909/909 908/908/908 907/907/907
f 909/909/909 910/910/910 908/908/908
f 910/910/910 911/911/911 908/908/908
f 910/910/910 912/912/912 911/911/911
f 914/914/914 913/913/913 899/899/899
f 915/915/915 903/903/903 891/891/891
f 891/891/891 890/890/890 915/915/915
f 890/890/890 916/916/916 915/915/915
f 890/890/890 917/917/917 916/916/916
f 917/917/917 890/890/890 887/887/887
f 886/886/886 917/917/917 887/887/887
f 920/920/920 919/919/919 918/918/918
f 921/921/921 920/920/920 918/918/918
f 920/920/920 921/921/921 922/922/922
f 918/918/918 923/923/923 921/921/921
f 923/923/923 547/547/547 921/921/921
f 547/547/547 923/923/923 924/924/924
f 925/925/925 547/547/547 924/924/924
f 924/924/924 926/926/926 925/925/925
f 926/926/926 927/927/927 925/925/925
f 925/925/925 927/927/927 928/928/928
f 927/927/927 929/929/929 928/928/928
f 929/929/929 930/930/930 928/928/928
f 930/930/930 931/931/931 928/928/928
f 931/931/931 930/930/930 932/932/932
f 930/930/930 933/933/933 932/932/932
f 934/934/934 933/933/933 930/930/930
f 935/935/935 934/934/934 930/930/930
f 935/935/935 930/930/930 929/929/929
f 936/936/936 934/934/934 935/935/935
f 937/937/937 936/936/936 935/935/935
f 932/932/932 938/938/938 931/931/931
f 938/938/938 545/545/545 931/931/931
f 939/939/939 937/937/937 935/935/935
f 940/940/940 939/939/939 935/935/935
f 940/940/940 935/935/935 929/929/929
f 931/931/931 545/545/545 546/546/546
f 928/928/928 931/931/931 546/546/546
f 941/941/941 939/939/939 940/940/940
f 942/942/942 941/941/941 940/940/940
f 942/942/942 940/940/940 929/929/929
f 927/927/927 942/942/942 929/929/929
f 943/943/943 941/941/941 942/942/942
f 944/944/944 943/943/943 942/942/942
f 944/944/944 942/942/942 927/927/927
f 926/926/926 944/944/944 927/927/927
f 937/937/937 939/939/939 945/945/945
f 945/945/945 939/939/939 941/941/941
f 946/946/946 937/937/937 945/945/945
f 936/936/936 937/937/937 946/946/946
f 945/945/945 947/947/947 946/946/946
f 947/947/947 948/948/948 946/946/946
f 945/945/945 949/949/949 947/947/947
f 949/949/949 945/945/945 941/941/941
f 949/949/949 941/941/941 943/943/943
f 949/949/949 950/950/950 947/947/947
f 947/947/947 951/951/951 948/948/948
f 947/947/947 950/950/950 951/951/951
f 951/951/951 952/952/952 948/948/948
f 953/953/953 948/948/948 952/952/952
f 954/954/954 953/953/953 952/952/952
f 951/951/951 955/955/955 952/952/952
f 955/955/955 956/956/956 952/952/952
f 952/952/952 956/956/956 954/954/954
f 955/955/955 957/957/957 956/956/956
f 955/955/955 958/958/958 957/957/957
f 958/958/958 959/959/959 957/957/957
f 957/957/957 959/959/959 960/960/960
f 959/959/959 961/961/961 960/960/960
f 962/962/962 960/960/960 961/961/961
f 963/963/963 962/962/962 961/961/961
f 957/957/957 964/964/964 956/956/956
f 957/957/957 960/960/960 964/964/964
f 956/956/956 964/964/964 965/965/965
f 956/956/956 965/965/965 954/954/954
f 964/964/964 966/966/966 965/965/965
f 960/960/960 967/967/967 964/964/964
f 960/960/960 962/962/962 967/967/967
f 964/964/964 967/967/967 966/966/966
f 962/962/962 968/968/968 967/967/967
f 962/962/962 963/963/963 969/969/969
f 962/962/962 969/969/969 968/968/968
f 963/963/963 970/970/970 969/969/969
f 967/967/967 971/971/971 966/966/966
f 971/971/971 967/967/967 968/968/968
f 969/969/969 972/972/972 968/968/968
f 973/973/973 968/968/968 972/972/972
f 968/968/968 973/973/973 971/971/971
f 972/972/972 969/969/969 974/974/974
f 972/972/972 974/974/974 973/973/973
f 969/969/969 975/975/975 974/974/974
f 969/969/969 970/970/970 975/975/975
f 970/970/970 976/976/976 975/975/975
f 977/977/977 970/970/970 963/963/963
f 976/976/976 970/970/970 977/977/977
f 963/963/963 978/978/978 977/977/977
f 979/979/979 963/963/963 961/961/961
f 980/980/980 979/979/979 961/961/961
f 959/959/959 980/980/980 961/961/961
f 980/980/980 959/959/959 981/981/981
f 959/959/959 958/958/958 981/981/981
f 981/981/981 958/958/958 982/982/982
f 958/958/958 983/983/983 982/982/982
f 982/982/982 983/983/983 984/984/984
f 983/983/983 950/950/950 984/984/984
f 958/958/958 955/955/955 983/983/983
f 955/955/955 951/951/951 983/983/983
f 950/950/950 983/983/983 951/951/951
f 984/984/984 950/950/950 985/985/985
f 950/950/950 949/949/949 985/985/985
f 985/985/985 949/949/949 943/943/943
f 988/988/988 987/987/987 986/986/986
f 989/989/989 988/988/988 986/986/986
f 988/988/988 989/989/989 990/990/990
f 989/989/989 549/549/549 990/990/990
f 989/989/989 986/986/986 991/991/991
f 990/990/990 549/549/549 992/992/992
f 993/993/993 990/990/990 992/992/992
f 992/992/992 994/994/994 993/993/993
f 994/994/994 995/995/995 993/993/993
f 994/994/994 996/996/996 995/995/995
f 996/996/996 994/994/994 997/997/997
f 994/994/994 998/998/998 997/997/997
f 994/994/994 992/992/992 998/998/998
f 996/996/996 999/999/999 995/995/995
f 996/996/996 1000/1000/1000 999/999/999
f 1000/1000/1000 1001/1001/1001 999/999/999
f 1002/1002/1002 997/997/997 998/998/998
f 1002/1002/1002 1003/1003/1003 997/997/997
f 1003/1003/1003 1004/1004/1004 997/997/997
f 1004/1004/1004 1000/1000/1000 996/996/996
f 997/997/997 1004/1004/1004 996/996/996
f 1005/1005/1005 1002/1002/1002 998/998/998
f 1005/1005/1005 998/998/998 1006/1006/1006
f 992/992/992 1006/1006/1006 998/998/998
f 1007/1007/1007 1005/1005/1005 1006/1006/1006
f 1008/1008/1008 1005/1005/1005 1007/1007/1007
f 1009/1009/1009 1008/1008/1008 1007/1007/1007
f 1006/1006/1006 548/548/548 1007/1007/1007
f 548/548/548 550/550/550 1007/1007/1007
f 1007/1007/1007 550/550/550 1009/1009/1009
f 1010/1010/1010 1003/1003/1003 1002/1002/1002
f 1011/1011/1011 1010/1010/1010 1002/1002/1002
f 1011/1011/1011 1002/1002/1002 1005/1005/1005
f 1008/1008/1008 1011/1011/1011 1005/1005/1005
f 550/550/550 551/551/551 1009/1009/1009
f 549/549/549 548/548/548 1006/1006/1006
f 992/992/992 549/549/549 1006/1006/1006
f 1012/1012/1012 1003/1003/1003 1010/1010/1010
f 1004/1004/1004 1003/1003/1003 1012/1012/1012
f 1013/1013/1013 1012/1012/1012 1010/1010/1010
f 1014/1014/1014 1012/1012/1012 1013/1013/1013
f 1015/1015/1015 1014/1014/1014 1013/1013/1013
f 1016/1016/1016 1014/1014/1014 1015/1015/1015
f 1017/1017/1017 1016/1016/1016 1015/1015/1015
f 1014/1014/1014 1016/1016/1016 1018/1018/1018
f 1019/1019/1019 1014/1014/1014 1018/1018/1018
f 1020/1020/1020 1019/1019/1019 1018/1018/1018
f 1021/1021/1021 1020/1020/1020 1018/1018/1018
f 1022/1022/1022 1020/1020/1020 1021/1021/1021
f 1023/1023/1023 1022/1022/1022 1021/1021/1021
f 1016/1016/1016 1017/1017/1017 1024/1024/1024
f 1017/1017/1017 1025/1025/1025 1024/1024/1024
f 1026/1026/1026 1024/1024/1024 1025/1025/1025
f 1027/1027/1027 1026/1026/1026 1025/1025/1025
f 1026/1026/1026 1028/1028/1028 1024/1024/1024
f 1028/1028/1028 1029/1029/1029 1024/1024/1024
f 1029/1029/1029 1018/1018/1018 1016/1016/1016
f 1024/1024/1024 1029/1029/1029 1016/1016/1016
f 1030/1030/1030 1029/1029/1029 1028/1028/1028
f 1021/1021/1021 1030/1030/1030 1023/1023/1023
f 1031/1031/1031 1030/1030/1030 1028/1028/1028
f 1032/1032/1032 1030/1030/1030 1031/1031/1031
f 1030/1030/1030 1032/1032/1032 1023/1023/1023
f 1033/1033/1033 1032/1032/1032 1031/1031/1031
f 1033/1033/1033 1031/1031/1031 1034/1034/1034
f 1035/1035/1035 1033/1033/1033 1034/1034/1034
f 1031/1031/1031 1028/1028/1028 1036/1036/1036
f 1034/1034/1034 1031/1031/1031 1036/1036/1036
f 1036/1036/1036 1028/1028/1028 1026/1026/1026
f 1036/1036/1036 1037/1037/1037 1034/1034/1034
f 1037/1037/1037 1036/1036/1036 1038/1038/1038
f 1038/1038/1038 1026/1026/1026 1027/1027/1027
f 1038/1038/1038 1036/1036/1036 1026/1026/1026
f 1039/1039/1039 1037/1037/1037 1038/1038/1038
f 1040/1040/1040 1037/1037/1037 1039/1039/1039
f 1041/1041/1041 1040/1040/1040 1039/1039/1039
f 1040/1040/1040 1041/1041/1041 1042/1042/1042
f 1043/1043/1043 1040/1040/1040 1042/1042/1042
f 1041/1041/1041 1039/1039/1039 1044/1044/1044
f 1042/1042/1042 1041/1041/1041 1044/1044/1044
f 1044/1044/1044 1039/1039/1039 1045/1045/1045
f 1045/1045/1045 1039/1039/1039 1038/1038/1038
f 1046/1046/1046 1037/1037/1037 1040/1040/1040
f 1037/1037/1037 1046/1046/1046 1034/1034/1034
f 1047/1047/1047 1046/1046/1046 1040/1040/1040
f 1047/1047/1047 1048/1048/1048 1046/1046/1046
f 1046/1046/1046 1049/1049/1049 1034/1034/1034
f 1048/1048/1048 1049/1049/1049 1046/1046/1046
f 1040/1040/1040 1043/1043/1043 1050/1050/1050
f 1047/1047/1047 1040/1040/1040 1050/1050/1050
f 1047/1047/1047 1050/1050/1050 1048/1048/1048
f 1045/1045/1045 1038/1038/1038 1027/1027/1027
f 1052/1052/1052 1051/1051/1051 600/600/600
f 1051/1051/1051 599/599/599 600/600/600
f 599/599/599 1051/1051/1051 1053/1053/1053
f 599/599/599 1053/1053/1053 1054/1054/1054
f 598/598/598 599/599/599 1054/1054/1054
f 598/598/598 1054/1054/1054 1055/1055/1055
f 601/601/601 598/598/598 1055/1055/1055
f 601/601/601 1055/1055/1055 1056/1056/1056
f 1057/1057/1057 601/601/601 1056/1056/1056
f 1051/1051/1051 1058/1058/1058 1053/1053/1053
f 583/583/583 601/601/601 1057/1057/1057
f 583/583/583 1057/1057/1057 582/582/582
f 1057/1057/1057 1059/1059/1059 582/582/582
f 1060/1060/1060 1056/1056/1056 1055/1055/1055
f 1061/1061/1061 1060/1060/1060 1055/1055/1055
f 1061/1061/1061 1055/1055/1055 1054/1054/1054
f 1060/1060/1060 1061/1061/1061 1062/1062/1062
f 1061/1061/1061 1063/1063/1063 1062/1062/1062
f 1062/1062/1062 1063/1063/1063 1064/1064/1064
f 1063/1063/1063 1065/1065/1065 1064/1064/1064
f 1065/1065/1065 1063/1063/1063 1066/1066/1066
f 1067/1067/1067 1065/1065/1065 1066/1066/1066
f 1067/1067/1067 1066/1066/1066 1068/1068/1068
f 1069/1069/1069 1067/1067/1067 1068/1068/1068
f 1069/1069/1069 1068/1068/1068 1070/1070/1070
f 1071/1071/1071 1069/1069/1069 1070/1070/1070
f 1064/1064/1064 1065/1065/1065 1072/1072/1072
f 1065/1065/1065 1073/1073/1073 1072/1072/1072
f 1065/1065/1065 1067/1067/1067 1073/1073/1073
f 1063/1063/1063 1061/1061/1061 1074/1074/1074
f 1066/1066/1066 1063/1063/1063 1074/1074/1074
f 1074/1074/1074 1061/1061/1061 1054/1054/1054
f 1067/1067/1067 1075/1075/1075 1073/1073/1073
f 1067/1067/1067 1069/1069/1069 1075/1075/1075
f 1074/1074/1074 1054/1054/1054 1053/1053/1053
f 1076/1076/1076 1074/1074/1074 1053/1053/1053
f 1066/1066/1066 1074/1074/1074 1076/1076/1076
f 1068/1068/1068 1066/1066/1066 1076/1076/1076
f 1069/1069/1069 1077/1077/1077 1075/1075/1075
f 1069/1069/1069 1071/1071/1071 1077/1077/1077
f 1076/1076/1076 1053/1053/1053 1058/1058/1058
f 1078/1078/1078 1076/1076/1076 1058/1058/1058
f 1068/1068/1068 1076/1076/1076 1078/1078/1078
f 1070/1070/1070 1068/1068/1068 1078/1078/1078
f 1071/1071/1071 1079/1079/1079 1077/1077/1077
f 1080/1080/1080 1072/1072/1072 1073/1073/1073
f 1081/1081/1081 1080/1080/1080 1073/1073/1073
f 1081/1081/1081 1073/1073/1073 1075/1075/1075
f 1082/1082/1082 1080/1080/1080 1081/1081/1081
f 1083/1083/1083 1082/1082/1082 1081/1081/1081
f 1084/1084/1084 1082/1082/1082 1083/1083/1083
f 1085/1085/1085 1084/1084/1084 1083/1083/1083
f 1085/1085/1085 1083/1083/1083 1086/1086/1086
f 1087/1087/1087 1085/1085/1085 1086/1086/1086
f 1087/1087/1087 1086/1086/1086 1088/1088/1088
f 1089/1089/1089 1087/1087/1087 1088/1088/1088
f 1084/1084/1084 1085/1085/1085 1090/1090/1090
f 1085/1085/1085 1091/1091/1091 1090/1090/1090
f 1085/1085/1085 1087/1087/1087 1091/1091/1091
f 1090/1090/1090 1091/1091/1091 1092/1092/1092
f 1091/1091/1091 1093/1093/1093 1092/1092/1092
f 1091/1091/1091 1094/1094/1094 1093/1093/1093
f 1087/1087/1087 1094/1094/1094 1091/1091/1091
f 1087/1087/1087 1089/1089/1089 1094/1094/1094
f 1094/1094/1094 1095/1095/1095 1093/1093/1093
f 1094/1094/1094 1096/1096/1096 1095/1095/1095
f 1089/1089/1089 1096/1096/1096 1094/1094/1094
f 1096/1096/1096 1097/1097/1097 1095/1095/1095
f 1098/1098/1098 1097/1097/1097 1096/1096/1096
f 1099/1099/1099 1098/1098/1098 1096/1096/1096
f 1097/1097/1097 1100/1100/1100 1095/1095/1095
f 1100/1100/1100 1101/1101/1101 1095/1095/1095
f 1102/1102/1102 1093/1093/1093 1095/1095/1095
f 1101/1101/1101 1102/1102/1102 1095/1095/1095
f 1103/1103/1103 1092/1092/1092 1093/1093/1093
f 1102/1102/1102 1103/1103/1103 1093/1093/1093
f 1102/1102/1102 1101/1101/1101 1104/1104/1104
f 1097/1097/1097 1098/1098/1098 1105/1105/1105
f 1100/1100/1100 1097/1097/1097 1105/1105/1105
f 1105/1105/1105 1106/1106/1106 1100/1100/1100
f 1100/1100/1100 1106/1106/1106 1107/1107/1107
f 1101/1101/1101 1100/1100/1100 1107/1107/1107
f 1101/1101/1101 1107/1107/1107 1108/1108/1108
f 1104/1104/1104 1101/1101/1101 1108/1108/1108
f 1102/1102/1102 1109/1109/1109 1103/1103/1103
f 1110/1110/1110 1102/1102/1102 1104/1104/1104
f 1111/1111/1111 1099/1099/1099 1096/1096/1096
f 1089/1089/1089 1111/1111/1111 1096/1096/1096
f 1112/1112/1112 1111/1111/1111 1089/1089/1089
f 1088/1088/1088 1112/1112/1112 1089/1089/1089
f 1113/1113/1113 1112/1112/1112 1088/1088/1088
f 1114/1114/1114 1113/1113/1113 1088/1088/1088
f 1088/1088/1088 1086/1086/1086 1114/1114/1114
f 1086/1086/1086 1115/1115/1115 1114/1114/1114
f 1086/1086/1086 1083/1083/1083 1115/1115/1115
f 1083/1083/1083 1081/1081/1081 1115/1115/1115
f 1115/1115/1115 1081/1081/1081 1075/1075/1075
f 1115/1115/1115 1075/1075/1075 1077/1077/1077
f 1114/1114/1114 1115/1115/1115 1077/1077/1077
f 1114/1114/1114 1077/1077/1077 1113/1113/1113
f 1077/1077/1077 1079/1079/1079 1113/1113/1113
f 1118/1118/1118 1117/1117/1117 1116/1116/1116
f 1121/1121/1121 1120/1120/1120 1119/1119/1119
f 1122/1122/1122 1121/1121/1121 1119/1119/1119
f 1122/1122/1122 1119/1119/1119 1123/1123/1123
f 1119/1119/1119 1124/1124/1124 1123/1123/1123
f 1125/1125/1125 1124/1124/1124 1119/1119/1119
f 1124/1124/1124 1125/1125/1125 1126/1126/1126
f 1127/1127/1127 1124/1124/1124 1126/1126/1126
f 1127/1127/1127 1126/1126/1126 1128/1128/1128
f 1129/1129/1129 1127/1127/1127 1128/1128/1128
f 1130/1130/1130 1121/1121/1121 1122/1122/1122
f 1130/1130/1130 1131/1131/1131 1121/1121/1121
f 1131/1131/1131 1132/1132/1132 1121/1121/1121
f 1120/1120/1120 1121/1121/1121 1132/1132/1132
f 1133/1133/1133 1130/1130/1130 1122/1122/1122
f 1134/1134/1134 1123/1123/1123 1124/1124/1124
f 1127/1127/1127 1134/1134/1134 1124/1124/1124
f 1134/1134/1134 1127/1127/1127 1129/1129/1129
f 1134/1134/1134 1135/1135/1135 1123/1123/1123
f 1135/1135/1135 1136/1136/1136 1123/1123/1123
f 1122/1122/1122 1123/1123/1123 1136/1136/1136
f 1133/1133/1133 1122/1122/1122 1136/1136/1136
f 1135/1135/1135 1134/1134/1134 1137/1137/1137
f 1134/1134/1134 1138/1138/1138 1137/1137/1137
f 1138/1138/1138 1134/1134/1134 1129/1129/1129
f 1139/1139/1139 1132/1132/1132 1131/1131/1131
f 1139/1139/1139 1140/1140/1140 1132/1132/1132
f 1141/1141/1141 1140/1140/1140 1139/1139/1139
f 1142/1142/1142 1141/1141/1141 1139/1139/1139
f 1143/1143/1143 1141/1141/1141 1142/1142/1142
f 1141/1141/1141 1143/1143/1143 1144/1144/1144
f 1145/1145/1145 1141/1141/1141 1144/1144/1144
f 1140/1140/1140 1141/1141/1141 1145/1145/1145
f 1146/1146/1146 1143/1143/1143 1142/1142/1142
f 1140/1140/1140 1147/1147/1147 1132/1132/1132
f 1144/1144/1144 1143/1143/1143 1148/1148/1148
f 1149/1149/1149 1144/1144/1144 1148/1148/1148
f 1150/1150/1150 1140/1140/1140 1145/1145/1145
f 1143/1143/1143 1146/1146/1146 1151/1151/1151
f 1148/1148/1148 1143/1143/1143 1151/1151/1151
f 1148/1148/1148 1151/1151/1151 1152/1152/1152
f 1153/1153/1153 1148/1148/1148 1152/1152/1152
f 1148/1148/1148 1153/1153/1153 1149/1149/1149
f 1153/1153/1153 1154/1154/1154 1149/1149/1149
f 1140/1140/1140 1150/1150/1150 1155/1155/1155
f 1147/1147/1147 1140/1140/1140 1155/1155/1155
f 1147/1147/1147 1155/1155/1155 1156/1156/1156
f 1120/1120/1120 1147/1147/1147 1156/1156/1156
f 1146/1146/1146 1142/1142/1142 1157/1157/1157
f 1158/1158/1158 1146/1146/1146 1157/1157/1157
f 1157/1157/1157 1142/1142/1142 1159/1159/1159
f 1142/1142/1142 1139/1139/1139 1159/1159/1159
f 1159/1159/1159 1139/1139/1139 1131/1131/1131
f 1160/1160/1160 1152/1152/1152 1151/1151/1151
f 1161/1161/1161 1160/1160/1160 1151/1151/1151
f 1161/1161/1161 1151/1151/1151 1146/1146/1146
f 1158/1158/1158 1161/1161/1161 1146/1146/1146
f 1147/1147/1147 1120/1120/1120 1132/1132/1132
f 1164/1164/1164 1163/1163/1163 1162/1162/1162
f 1165/1165/1165 1164/1164/1164 1162/1162/1162
f 1168/1168/1168 1167/1167/1167 1166/1166/1166
f 1169/1169/1169 1168/1168/1168 1166/1166/1166
f 1166/1166/1166 1170/1170/1170 1169/1169/1169
f 1170/1170/1170 1171/1171/1171 1169/1169/1169
f 1171/1171/1171 1170/1170/1170 1172/1172/1172
f 1170/1170/1170 1173/1173/1173 1172/1172/1172
f 1168/1168/1168 1174/1174/1174 1167/1167/1167
f 1174/1174/1174 1175/1175/1175 1167/1167/1167
f 1166/1166/1166 1167/1167/1167 1176/1176/1176
f 1167/1167/1167 1177/1177/1177 1176/1176/1176
f 1167/1167/1167 1175/1175/1175 1177/1177/1177
f 1176/1176/1176 1177/1177/1177 616/616/616
f 1177/1177/1177 615/615/615 616/616/616
f 1168/1168/1168 1169/1169/1169 1178/1178/1178
f 1169/1169/1169 1179/1179/1179 1178/1178/1178
f 1169/1169/1169 1171/1171/1171 1179/1179/1179
f 1176/1176/1176 616/616/616 1180/1180/1180
f 1170/1170/1170 1180/1180/1180 1173/1173/1173
f 616/616/616 617/617/617 1180/1180/1180
f 1180/1180/1180 1170/1170/1170 1166/1166/1166
f 1176/1176/1176 1180/1180/1180 1166/1166/1166
f 1171/1171/1171 1181/1181/1181 1179/1179/1179
f 1180/1180/1180 617/617/617 1182/1182/1182
f 1180/1180/1180 1182/1182/1182 1173/1173/1173
f 617/617/617 618/618/618 1182/1182/1182
f 1177/1177/1177 1183/1183/1183 615/615/615
f 1175/1175/1175 1183/1183/1183 1177/1177/1177
f 1183/1183/1183 614/614/614 615/615/615
f 1179/1179/1179 1181/1181/1181 1184/1184/1184
f 1181/1181/1181 1185/1185/1185 1184/1184/1184
f 1184/1184/1184 1185/1185/1185 1186/1186/1186
f 1185/1185/1185 1187/1187/1187 1186/1186/1186
f 1186/1186/1186 1187/1187/1187 1188/1188/1188
f 1188/1188/1188 1189/1189/1189 1186/1186/1186
f 1189/1189/1189 1190/1190/1190 1186/1186/1186
f 1186/1186/1186 1190/1190/1190 1184/1184/1184
f 1189/1189/1189 1191/1191/1191 1190/1190/1190
f 1191/1191/1191 1192/1192/1192 1190/1190/1190
f 1187/1187/1187 1193/1193/1193 1188/1188/1188
f 1193/1193/1193 1187/1187/1187 1194/1194/1194
f 1187/1187/1187 1185/1185/1185 1194/1194/1194
f 1195/1195/1195 1193/1193/1193 1194/1194/1194
f 1188/1188/1188 1193/1193/1193 1196/1196/1196
f 1193/1193/1193 1197/1197/1197 1196/1196/1196
f 1193/1193/1193 1195/1195/1195 1197/1197/1197
f 1196/1196/1196 1197/1197/1197 1198/1198/1198
f 1196/1196/1196 1198/1198/1198 1199/1199/1199
f 1200/1200/1200 1196/1196/1196 1199/1199/1199
f 1188/1188/1188 1196/1196/1196 1200/1200/1200
f 1189/1189/1189 1188/1188/1188 1200/1200/1200
f 1197/1197/1197 1201/1201/1201 1198/1198/1198
f 1201/1201/1201 1197/1197/1197 1202/1202/1202
f 1197/1197/1197 1203/1203/1203 1202/1202/1202
f 1195/1195/1195 1203/1203/1203 1197/1197/1197
f 1202/1202/1202 1204/1204/1204 1201/1201/1201
f 1204/1204/1204 1205/1205/1205 1201/1201/1201
f 1201/1201/1201 1205/1205/1205 1198/1198/1198
f 1206/1206/1206 1205/1205/1205 1204/1204/1204
f 1205/1205/1205 1207/1207/1207 1198/1198/1198
f 1208/1208/1208 1199/1199/1199 1198/1198/1198
f 1207/1207/1207 1208/1208/1208 1198/1198/1198
f 1208/1208/1208 1209/1209/1209 1199/1199/1199
f 1209/1209/1209 1208/1208/1208 1210/1210/1210
f 1209/1209/1209 1211/1211/1211 1199/1199/1199
f 1199/1199/1199 1211/1211/1211 1200/1200/1200
f 1208/1208/1208 1207/1207/1207 1212/1212/1212
f 1210/1210/1210 1208/1208/1208 1212/1212/1212
f 1205/1205/1205 1206/1206/1206 1213/1213/1213
f 1207/1207/1207 1205/1205/1205 1213/1213/1213
f 1207/1207/1207 1213/1213/1213 1214/1214/1214
f 1212/1212/1212 1207/1207/1207 1214/1214/1214
f 1211/1211/1211 1215/1215/1215 1200/1200/1200
f 1189/1189/1189 1200/1200/1200 1215/1215/1215
f 1191/1191/1191 1189/1189/1189 1215/1215/1215
f 800/800/800 790/790/790 627/627/627
f 628/628/628 800/800/800 627/627/627
f 800/800/800 628/628/628 631/631/631
f 627/627/627 790/790/790 788/788/788
f 627/627/627 788/788/788 626/626/626
f 623/623/623 626/626/626 782/782/782
f 623/623/623 782/782/782 777/777/777
f 1218/1218/1218 1217/1217/1217 1216/1216/1216
f 1219/1219/1219 1218/1218/1218 1216/1216/1216
f 1216/1216/1216 1217/1217/1217 1220/1220/1220
f 1220/1220/1220 1217/1217/1217 1221/1221/1221
f 1217/1217/1217 1222/1222/1222 1221/1221/1221
f 1222/1222/1222 1217/1217/1217 555/555/555
f 554/554/554 1222/1222/1222 555/555/555
f 1223/1223/1223 1222/1222/1222 554/554/554
f 556/556/556 1223/1223/1223 554/554/554
f 1224/1224/1224 1223/1223/1223 556/556/556
f 558/558/558 1224/1224/1224 556/556/556
f 1224/1224/1224 1225/1225/1225 1223/1223/1223
f 1225/1225/1225 1226/1226/1226 1223/1223/1223
f 1222/1222/1222 1223/1223/1223 1226/1226/1226
f 1221/1221/1221 1222/1222/1222 1226/1226/1226
f 1224/1224/1224 1227/1227/1227 1225/1225/1225
f 1227/1227/1227 1228/1228/1228 1225/1225/1225
f 1224/1224/1224 558/558/558 566/566/566
f 1227/1227/1227 1224/1224/1224 566/566/566
f 1227/1227/1227 566/566/566 570/570/570
f 585/585/585 1227/1227/1227 570/570/570
f 1228/1228/1228 1227/1227/1227 585/585/585
f 587/587/587 1228/1228/1228 585/585/585
f 1225/1225/1225 1229/1229/1229 1226/1226/1226
f 1225/1225/1225 1228/1228/1228 1229/1229/1229
f 1229/1229/1229 1230/1230/1230 1226/1226/1226
f 1228/1228/1228 1231/1231/1231 1229/1229/1229
f 1231/1231/1231 1228/1228/1228 587/587/587
f 1226/1226/1226 1230/1230/1230 1221/1221/1221
f 1230/1230/1230 1232/1232/1232 1221/1221/1221
f 1229/1229/1229 1233/1233/1233 1230/1230/1230
f 1229/1229/1229 1231/1231/1231 1233/1233/1233
f 1233/1233/1233 1234/1234/1234 1230/1230/1230
f 1230/1230/1230 1234/1234/1234 1232/1232/1232
f 1235/1235/1235 1234/1234/1234 1233/1233/1233
f 1236/1236/1236 1235/1235/1235 1233/1233/1233
f 1233/1233/1233 1237/1237/1237 1236/1236/1236
f 1231/1231/1231 1237/1237/1237 1233/1233/1233
f 1237/1237/1237 1238/1238/1238 1236/1236/1236
f 1234/1234/1234 1235/1235/1235 1239/1239/1239
f 1234/1234/1234 1239/1239/1239 1232/1232/1232
f 1235/1235/1235 1240/1240/1240 1239/1239/1239
f 1241/1241/1241 1232/1232/1232 1239/1239/1239
f 1242/1242/1242 1241/1241/1241 1239/1239/1239
f 1242/1242/1242 1239/1239/1239 1240/1240/1240
f 1243/1243/1243 1241/1241/1241 1242/1242/1242
f 1244/1244/1244 1243/1243/1243 1242/1242/1242
f 1237/1237/1237 1231/1231/1231 1245/1245/1245
f 1246/1246/1246 1237/1237/1237 1245/1245/1245
f 1238/1238/1238 1237/1237/1237 1246/1246/1246
f 1220/1220/1220 1221/1221/1221 1232/1232/1232
f 1241/1241/1241 1220/1220/1220 1232/1232/1232
f 1247/1247/1247 1220/1220/1220 1241/1241/1241
f 1243/1243/1243 1247/1247/1247 1241/1241/1241
f 1247/1247/1247 1216/1216/1216 1220/1220/1220
f 1245/1245/1245 1248/1248/1248 1246/1246/1246
f 588/588/588 1248/1248/1248 1245/1245/1245
f 587/587/587 588/588/588 1245/1245/1245
f 588/588/588 592/592/592 1248/1248/1248
f 592/592/592 1249/1249/1249 1248/1248/1248
f 1245/1245/1245 1231/1231/1231 587/587/587
f 1248/1248/1248 1250/1250/1250 1246/1246/1246
f 1248/1248/1248 1249/1249/1249 1250/1250/1250
f 1246/1246/1246 1250/1250/1250 1251/1251/1251
f 1250/1250/1250 1252/1252/1252 1251/1251/1251
f 1250/1250/1250 1253/1253/1253 1252/1252/1252
f 1249/1249/1249 1253/1253/1253 1250/1250/1250
f 1253/1253/1253 1254/1254/1254 1252/1252/1252
f 1251/1251/1251 1238/1238/1238 1246/1246/1246
f 1251/1251/1251 1252/1252/1252 1255/1255/1255
f 1252/1252/1252 1256/1256/1256 1255/1255/1255
f 1252/1252/1252 1254/1254/1254 1256/1256/1256
f 1254/1254/1254 1257/1257/1257 1256/1256/1256
f 1258/1258/1258 1238/1238/1238 1251/1251/1251
f 1255/1255/1255 1258/1258/1258 1251/1251/1251
f 1259/1259/1259 1258/1258/1258 1255/1255/1255
f 1260/1260/1260 1259/1259/1259 1255/1255/1255
f 1255/1255/1255 1256/1256/1256 1260/1260/1260
f 1261/1261/1261 1259/1259/1259 1260/1260/1260
f 1262/1262/1262 1261/1261/1261 1260/1260/1260
f 1263/1263/1263 1261/1261/1261 1262/1262/1262
f 1264/1264/1264 1263/1263/1263 1262/1262/1262
f 1262/1262/1262 1265/1265/1265 1264/1264/1264
f 1265/1265/1265 1266/1266/1266 1264/1264/1264
f 1263/1263/1263 1267/1267/1267 1261/1261/1261
f 1267/1267/1267 1268/1268/1268 1261/1261/1261
f 1259/1259/1259 1261/1261/1261 1268/1268/1268
f 1263/1263/1263 1264/1264/1264 1269/1269/1269
f 1266/1266/1266 1265/1265/1265 1270/1270/1270
f 1265/1265/1265 1271/1271/1271 1270/1270/1270
f 1272/1272/1272 1267/1267/1267 1263/1263/1263
f 1270/1270/1270 1273/1273/1273 1266/1266/1266
f 1264/1264/1264 1266/1266/1266 1274/1274/1274
f 1264/1264/1264 1274/1274/1274 1275/1275/1275
f 1269/1269/1269 1264/1264/1264 1275/1275/1275
f 1266/1266/1266 1276/1276/1276 1274/1274/1274
f 1277/1277/1277 1263/1263/1263 1269/1269/1269
f 1278/1278/1278 1265/1265/1265 1262/1262/1262
f 1279/1279/1279 1271/1271/1271 1265/1265/1265
f 1278/1278/1278 1279/1279/1279 1265/1265/1265
f 1257/1257/1257 1279/1279/1279 1278/1278/1278
f 1256/1256/1256 1257/1257/1257 1278/1278/1278
f 1256/1256/1256 1278/1278/1278 1260/1260/1260
f 1260/1260/1260 1278/1278/1278 1262/1262/1262
f 1268/1268/1268 1281/1281/1281 1280/1280/1280
f 1282/1282/1282 1268/1268/1268 1280/1280/1280
f 1282/1282/1282 1280/1280/1280 1283/1283/1283
f 1284/1284/1284 1282/1282/1282 1283/1283/1283
f 1284/1284/1284 1283/1283/1283 1285/1285/1285
f 1284/1284/1284 1285/1285/1285 1286/1286/1286
f 1287/1287/1287 1284/1284/1284 1286/1286/1286
f 1286/1286/1286 1285/1285/1285 1288/1288/1288
f 1285/1285/1285 1289/1289/1289 1288/1288/1288
f 1283/1283/1283 1290/1290/1290 1285/1285/1285
f 1285/1285/1285 1290/1290/1290 1289/1289/1289
f 1283/1283/1283 1291/1291/1291 1290/1290/1290
f 1283/1283/1283 1280/1280/1280 1291/1291/1291
f 1291/1291/1291 1292/1292/1292 1290/1290/1290
f 1280/1280/1280 1293/1293/1293 1291/1291/1291
f 1280/1280/1280 1281/1281/1281 1293/1293/1293
f 1281/1281/1281 1294/1294/1294 1293/1293/1293
f 1294/1294/1294 1295/1295/1295 1293/1293/1293
f 1292/1292/1292 1291/1291/1291 1296/1296/1296
f 1296/1296/1296 1291/1291/1291 1293/1293/1293
f 1295/1295/1295 1296/1296/1296 1293/1293/1293
f 1297/1297/1297 1292/1292/1292 1296/1296/1296
f 1290/1290/1290 1298/1298/1298 1289/1289/1289
f 1290/1290/1290 1292/1292/1292 1298/1298/1298
f 1292/1292/1292 1299/1299/1299 1298/1298/1298
f 1299/1299/1299 1292/1292/1292 1297/1297/1297
f 1297/1297/1297 1296/1296/1296 1300/1300/1300
f 1297/1297/1297 1300/1300/1300 1299/1299/1299
f 1296/1296/1296 1301/1301/1301 1300/1300/1300
f 1296/1296/1296 1295/1295/1295 1301/1301/1301
f 1295/1295/1295 1302/1302/1302 1301/1301/1301
f 1302/1302/1302 1295/1295/1295 1294/1294/1294
f 1287/1287/1287 1303/1303/1303 1284/1284/1284
f 1303/1303/1303 1282/1282/1282 1284/1284/1284
f 1282/1282/1282 1303/1303/1303 1304/1304/1304
f 1268/1268/1268 1282/1282/1282 1304/1304/1304
f 1304/1304/1304 1259/1259/1259 1268/1268/1268
f 1304/1304/1304 1303/1303/1303 1305/1305/1305
f 1303/1303/1303 1287/1287/1287 1305/1305/1305
f 1306/1306/1306 1304/1304/1304 1305/1305/1305
f 1306/1306/1306 1305/1305/1305 1235/1235/1235
f 1236/1236/1236 1306/1306/1306 1235/1235/1235
f 1236/1236/1236 1238/1238/1238 1306/1306/1306
f 1238/1238/1238 1258/1258/1258 1306/1306/1306
f 1258/1258/1258 1259/1259/1259 1304/1304/1304
f 1306/1306/1306 1258/1258/1258 1304/1304/1304
f 1305/1305/1305 1307/1307/1307 1235/1235/1235
f 1287/1287/1287 1307/1307/1307 1305/1305/1305
f 1308/1308/1308 1307/1307/1307 1287/1287/1287
f 1286/1286/1286 1308/1308/1308 1287/1287/1287
f 1309/1309/1309 1308/1308/1308 1286/1286/1286
f 1288/1288/1288 1309/1309/1309 1286/1286/1286
f 1307/1307/1307 1240/1240/1240 1235/1235/1235
f 1310/1310/1310 1240/1240/1240 1307/1307/1307
f 1308/1308/1308 1310/1310/1310 1307/1307/1307
f 1310/1310/1310 1242/1242/1242 1240/1240/1240
f 1244/1244/1244 1242/1242/1242 1310/1310/1310
f 1311/1311/1311 1244/1244/1244 1310/1310/1310
f 1311/1311/1311 1310/1310/1310 1308/1308/1308
f 1309/1309/1309 1311/1311/1311 1308/1308/1308
f 520/520/520 1312/1312/1312 665/665/665
f 663/663/663 520/520/520 665/665/665
f 520/520/520 663/663/663 494/494/494
f 496/496/496 520/520/520 494/494/494
f 520/520/520 496/496/496 518/518/518
f 508/508/508 518/518/518 496/496/496
f 494/494/494 663/663/663 491/491/491
f 520/520/520 519/519/519 669/669/669
f 519/519/519 671/671/671 669/669/669
f 876/876/876 864/864/864 859/859/859
f 878/878/878 876/876/876 859/859/859
f 876/876/876 873/873/873 864/864/864
f 873/873/873 865/865/865 864/864/864
f 880/880/880 878/878/878 859/859/859
f 856/856/856 880/880/880 859/859/859
f 883/883/883 880/880/880 856/856/856
f 857/857/857 883/883/883 856/856/856
f 781/781/781 1313/1313/1313 780/780/780
f 1314/1314/1314 1313/1313/1313 781/781/781
f 785/785/785 1314/1314/1314 781/781/781
f 1315/1315/1315 1314/1314/1314 785/785/785
f 787/787/787 1315/1315/1315 785/785/785
f 1315/1315/1315 787/787/787 1316/1316/1316
f 787/787/787 793/793/793 1316/1316/1316
f 1317/1317/1317 780/780/780 1313/1313/1313
f 1318/1318/1318 1317/1317/1317 1313/1313/1313
f 1319/1319/1319 1317/1317/1317 1318/1318/1318
f 1317/1317/1317 1319/1319/1319 1320/1320/1320
f 1321/1321/1321 1317/1317/1317 1320/1320/1320
f 1317/1317/1317 1321/1321/1321 780/780/780
f 1322/1322/1322 1319/1319/1319 1318/1318/1318
f 1323/1323/1323 1319/1319/1319 1322/1322/1322
f 1324/1324/1324 1323/1323/1323 1322/1322/1322
f 1324/1324/1324 1322/1322/1322 1325/1325/1325
f 1322/1322/1322 1326/1326/1326 1325/1325/1325
f 1322/1322/1322 1318/1318/1318 1326/1326/1326
f 1325/1325/1325 1326/1326/1326 1327/1327/1327
f 1326/1326/1326 1328/1328/1328 1327/1327/1327
f 1323/1323/1323 1324/1324/1324 1329/1329/1329
f 1324/1324/1324 1330/1330/1330 1329/1329/1329
f 1318/1318/1318 1331/1331/1331 1326/1326/1326
f 1326/1326/1326 1331/1331/1331 1328/1328/1328
f 1318/1318/1318 1313/1313/1313 1331/1331/1331
f 1313/1313/1313 1314/1314/1314 1331/1331/1331
f 1332/1332/1332 1330/1330/1330 1324/1324/1324
f 1325/1325/1325 1332/1332/1332 1324/1324/1324
f 1331/1331/1331 1314/1314/1314 1333/1333/1333
f 1331/1331/1331 1333/1333/1333 1328/1328/1328
f 1334/1334/1334 1328/1328/1328 1333/1333/1333
f 1335/1335/1335 1334/1334/1334 1333/1333/1333
f 1314/1314/1314 1315/1315/1315 1333/1333/1333
f 1333/1333/1333 1315/1315/1315 1335/1335/1335
f 1336/1336/1336 1332/1332/1332 1325/1325/1325
f 1327/1327/1327 1336/1336/1336 1325/1325/1325
f 1337/1337/1337 1336/1336/1336 1327/1327/1327
f 1338/1338/1338 1337/1337/1337 1327/1327/1327
f 1338/1338/1338 1327/1327/1327 1328/1328/1328
f 1334/1334/1334 1338/1338/1338 1328/1328/1328
f 1315/1315/1315 1316/1316/1316 1335/1335/1335
f 1336/1336/1336 1337/1337/1337 1339/1339/1339
f 1340/1340/1340 1336/1336/1336 1339/1339/1339
f 1332/1332/1332 1336/1336/1336 1340/1340/1340
f 1340/1340/1340 1339/1339/1339 1341/1341/1341
f 1342/1342/1342 1340/1340/1340 1341/1341/1341
f 1342/1342/1342 1341/1341/1341 1343/1343/1343
f 1344/1344/1344 1342/1342/1342 1343/1343/1343
f 1340/1340/1340 1342/1342/1342 1345/1345/1345
f 1345/1345/1345 1332/1332/1332 1340/1340/1340
f 1342/1342/1342 1346/1346/1346 1345/1345/1345
f 1345/1345/1345 1346/1346/1346 1347/1347/1347
f 1346/1346/1346 1348/1348/1348 1347/1347/1347
f 1347/1347/1347 1348/1348/1348 1349/1349/1349
f 1348/1348/1348 1350/1350/1350 1349/1349/1349
f 1343/1343/1343 1351/1351/1351 1344/1344/1344
f 1351/1351/1351 1352/1352/1352 1344/1344/1344
f 1351/1351/1351 1353/1353/1353 1352/1352/1352
f 1353/1353/1353 1354/1354/1354 1352/1352/1352
f 1355/1355/1355 1352/1352/1352 1354/1354/1354
f 1356/1356/1356 1355/1355/1355 1354/1354/1354
f 1354/1354/1354 1357/1357/1357 1356/1356/1356
f 1357/1357/1357 1358/1358/1358 1356/1356/1356
f 1359/1359/1359 1355/1355/1355 1356/1356/1356
f 1360/1360/1360 1359/1359/1359 1356/1356/1356
f 1361/1361/1361 1360/1360/1360 1356/1356/1356
f 1358/1358/1358 1361/1361/1361 1356/1356/1356
f 1362/1362/1362 1360/1360/1360 1361/1361/1361
f 1363/1363/1363 1362/1362/1362 1361/1361/1361
f 1364/1364/1364 1359/1359/1359 1360/1360/1360
f 1362/1362/1362 1364/1364/1364 1360/1360/1360
f 1364/1364/1364 1362/1362/1362 1365/1365/1365
f 1362/1362/1362 1366/1366/1366 1365/1365/1365
f 1362/1362/1362 1363/1363/1363 1367/1367/1367
f 1366/1366/1366 1362/1362/1362 1367/1367/1367
f 1353/1353/1353 1368/1368/1368 1354/1354/1354
f 1368/1368/1368 1369/1369/1369 1354/1354/1354
f 1370/1370/1370 1369/1369/1369 1368/1368/1368
f 1371/1371/1371 1358/1358/1358 1357/1357/1357
f 1358/1358/1358 1371/1371/1371 1372/1372/1372
f 1361/1361/1361 1358/1358/1358 1372/1372/1372
f 1363/1363/1363 1373/1373/1373 1367/1367/1367
f 1374/1374/1374 1373/1373/1373 1363/1363/1363
f 1361/1361/1361 1374/1374/1374 1363/1363/1363
f 1375/1375/1375 1374/1374/1374 1361/1361/1361
f 1372/1372/1372 1375/1375/1375 1361/1361/1361
f 1376/1376/1376 1370/1370/1370 1368/1368/1368
f 1376/1376/1376 1377/1377/1377 1370/1370/1370
f 1370/1370/1370 1377/1377/1377 1378/1378/1378
f 1364/1364/1364 1365/1365/1365 1379/1379/1379
f 1380/1380/1380 1364/1364/1364 1379/1379/1379
f 1350/1350/1350 1380/1380/1380 1379/1379/1379
f 1381/1381/1381 1350/1350/1350 1379/1379/1379
f 1382/1382/1382 1380/1380/1380 1350/1350/1350
f 1382/1382/1382 1359/1359/1359 1380/1380/1380
f 1355/1355/1355 1359/1359/1359 1382/1382/1382
f 1383/1383/1383 1355/1355/1355 1382/1382/1382
f 1352/1352/1352 1355/1355/1355 1383/1383/1383
f 1344/1344/1344 1352/1352/1352 1383/1383/1383
f 1344/1344/1344 1383/1383/1383 1342/1342/1342
f 1383/1383/1383 1346/1346/1346 1342/1342/1342
f 1383/1383/1383 1382/1382/1382 1348/1348/1348
f 1346/1346/1346 1383/1383/1383 1348/1348/1348
f 1348/1348/1348 1382/1382/1382 1350/1350/1350
f 1359/1359/1359 1364/1364/1364 1380/1380/1380
f 1350/1350/1350 1381/1381/1381 1349/1349/1349
f 1381/1381/1381 1384/1384/1384 1349/1349/1349
f 1349/1349/1349 1384/1384/1384 1329/1329/1329
f 1329/1329/1329 1330/1330/1330 1349/1349/1349
f 1330/1330/1330 1347/1347/1347 1349/1349/1349
f 1347/1347/1347 1330/1330/1330 1345/1345/1345
f 1330/1330/1330 1332/1332/1332 1345/1345/1345
f 1384/1384/1384 1385/1385/1385 1329/1329/1329
f 1323/1323/1323 1329/1329/1329 1385/1385/1385
f 1386/1386/1386 1323/1323/1323 1385/1385/1385
f 1319/1319/1319 1323/1323/1323 1386/1386/1386
f 1320/1320/1320 1319/1319/1319 1386/1386/1386
f 803/803/803 834/834/834 799/799/799
f 799/799/799 834/834/834 798/798/798
f 798/798/798 842/842/842 797/797/797
f 839/839/839 817/817/817 819/819/819
f 817/817/817 839/839/839 840/840/840
f 840/840/840 814/814/814 817/817/817
f 814/814/814 840/840/840 805/805/805
f 840/840/840 802/802/802 805/805/805
f 802/802/802 840/840/840 804/804/804
f 824/824/824 836/836/836 819/819/819
f 830/830/830 869/869/869 829/829/829
f 555/555/555 541/541/541 540/540/540
f 1387/1387/1387 1181/1181/1181 1171/1171/1171
f 1172/1172/1172 1387/1387/1387 1171/1171/1171
f 1181/1181/1181 1387/1387/1387 1388/1388/1388
f 1185/1185/1185 1181/1181/1181 1388/1388/1388
f 1185/1185/1185 1388/1388/1388 1194/1194/1194
f 546/546/546 547/547/547 925/925/925
f 928/928/928 546/546/546 925/925/925
f 1168/1168/1168 1178/1178/1178 1389/1389/1389
f 1174/1174/1174 1168/1168/1168 1389/1389/1389
f 1390/1390/1390 1389/1389/1389 1178/1178/1178
f 1391/1391/1391 1390/1390/1390 1178/1178/1178
f 1391/1391/1391 1178/1178/1178 1179/1179/1179
f 1184/1184/1184 1391/1391/1391 1179/1179/1179
f 1190/1190/1190 1391/1391/1391 1184/1184/1184
f 1192/1192/1192 1390/1390/1390 1391/1391/1391
f 1190/1190/1190 1192/1192/1192 1391/1391/1391
f 1321/1321/1321 779/779/779 780/780/780
f 1392/1392/1392 1004/1004/1004 1012/1012/1012
f 1392/1392/1392 1012/1012/1012 1014/1014/1014
f 1019/1019/1019 1392/1392/1392 1014/1014/1014
f 1000/1000/1000 1004/1004/1004 1392/1392/1392
f 1393/1393/1393 1000/1000/1000 1392/1392/1392
f 1393/1393/1393 1392/1392/1392 1019/1019/1019
f 1020/1020/1020 1393/1393/1393 1019/1019/1019
f 1001/1001/1001 1000/1000/1000 1393/1393/1393
f 1394/1394/1394 1001/1001/1001 1393/1393/1393
f 1394/1394/1394 1393/1393/1393 1020/1020/1020
f 1022/1022/1022 1394/1394/1394 1020/1020/1020
f 1395/1395/1395 1030/1030/1030 1021/1021/1021
f 1018/1018/1018 1395/1395/1395 1021/1021/1021
f 1396/1396/1396 936/936/936 946/946/946
f 1396/1396/1396 946/946/946 948/948/948
f 953/953/953 1396/1396/1396 948/948/948
f 1138/1138/1138 1397/1397/1397 1137/1137/1137
f 1400/1400/1400 1399/1399/1399 1398/1398/1398
f 1401/1401/1401 1400/1400/1400 1398/1398/1398
f 1402/1402/1402 1398/1398/1398 1399/1399/1399
f 1403/1403/1403 1402/1402/1402 1399/1399/1399
f 1399/1399/1399 1404/1404/1404 1403/1403/1403
f 1403/1403/1403 1405/1405/1405 1402/1402/1402
f 1406/1406/1406 1405/1405/1405 1403/1403/1403
f 1403/1403/1403 1407/1407/1407 1406/1406/1406
f 1403/1403/1403 1404/1404/1404 1407/1407/1407
f 1402/1402/1402 1405/1405/1405 1408/1408/1408
f 1408/1408/1408 1405/1405/1405 1409/1409/1409
f 1410/1410/1410 1409/1409/1409 1405/1405/1405
f 1405/1405/1405 1411/1411/1411 1410/1410/1410
f 1406/1406/1406 1411/1411/1411 1405/1405/1405
f 1409/1409/1409 1412/1412/1412 1408/1408/1408
f 1406/1406/1406 1413/1413/1413 1411/1411/1411
f 1406/1406/1406 1414/1414/1414 1413/1413/1413
f 1407/1407/1407 1414/1414/1414 1406/1406/1406
f 1411/1411/1411 1413/1413/1413 1415/1415/1415
f 1411/1411/1411 1415/1415/1415 1410/1410/1410
f 1412/1412/1412 1416/1416/1416 1408/1408/1408
f 1408/1408/1408 1416/1416/1416 1417/1417/1417
f 1416/1416/1416 1418/1418/1418 1417/1417/1417
f 1417/1417/1417 1418/1418/1418 1419/1419/1419
f 1419/1419/1419 1420/1420/1420 1417/1417/1417
f 1420/1420/1420 1419/1419/1419 1421/1421/1421
f 1422/1422/1422 1421/1421/1421 1419/1419/1419
f 1418/1418/1418 1422/1422/1422 1419/1419/1419
f 1423/1423/1423 1417/1417/1417 1420/1420/1420
f 1408/1408/1408 1417/1417/1417 1423/1423/1423
f 1424/1424/1424 1408/1408/1408 1423/1423/1423
f 1421/1421/1421 1422/1422/1422 1425/1425/1425
f 1426/1426/1426 1425/1425/1425 1422/1422/1422
f 1418/1418/1418 1426/1426/1426 1422/1422/1422
f 1427/1427/1427 1425/1425/1425 1426/1426/1426
f 1428/1428/1428 1425/1425/1425 1427/1427/1427
f 1421/1421/1421 1425/1425/1425 1428/1428/1428
f 1428/1428/1428 1429/1429/1429 1421/1421/1421
f 1430/1430/1430 1429/1429/1429 1428/1428/1428
f 1428/1428/1428 1431/1431/1431 1430/1430/1430
f 1427/1427/1427 1431/1431/1431 1428/1428/1428
f 1432/1432/1432 1429/1429/1429 1430/1430/1430
f 1430/1430/1430 1431/1431/1431 1433/1433/1433
f 1430/1430/1430 1433/1433/1433 1434/1434/1434
f 1435/1435/1435 1430/1430/1430 1434/1434/1434
f 1432/1432/1432 1430/1430/1430 1435/1435/1435
f 1434/1434/1434 1436/1436/1436 1435/1435/1435
f 1437/1437/1437 1436/1436/1436 1434/1434/1434
f 1434/1434/1434 1433/1433/1433 1437/1437/1437
f 1433/1433/1433 1438/1438/1438 1437/1437/1437
f 1438/1438/1438 1431/1431/1431 1427/1427/1427
f 1431/1431/1431 1438/1438/1438 1433/1433/1433
f 1439/1439/1439 1435/1435/1435 1436/1436/1436
f 1440/1440/1440 1432/1432/1432 1435/1435/1435
f 1440/1440/1440 1435/1435/1435 1439/1439/1439
f 1432/1432/1432 1440/1440/1440 1441/1441/1441
f 1441/1441/1441 1440/1440/1440 1439/1439/1439
f 1441/1441/1441 1442/1442/1442 1432/1432/1432
f 1442/1442/1442 1441/1441/1441 1443/1443/1443
f 1443/1443/1443 1444/1444/1444 1442/1442/1442
f 1445/1445/1445 1444/1444/1444 1443/1443/1443
f 1443/1443/1443 1446/1446/1446 1445/1445/1445
f 1445/1445/1445 1446/1446/1446 1447/1447/1447
f 1447/1447/1447 1446/1446/1446 1448/1448/1448
f 1448/1448/1448 1449/1449/1449 1447/1447/1447
f 1447/1447/1447 1450/1450/1450 1445/1445/1445
f 1444/1444/1444 1445/1445/1445 1451/1451/1451
f 1450/1450/1450 1451/1451/1451 1445/1445/1445
f 1451/1451/1451 1452/1452/1452 1444/1444/1444
f 1450/1450/1450 1453/1453/1453 1451/1451/1451
f 1454/1454/1454 1444/1444/1444 1452/1452/1452
f 1444/1444/1444 1454/1454/1454 1442/1442/1442
f 1452/1452/1452 1455/1455/1455 1454/1454/1454
f 1456/1456/1456 1454/1454/1454 1455/1455/1455
f 1457/1457/1457 1454/1454/1454 1456/1456/1456
f 1442/1442/1442 1454/1454/1454 1457/1457/1457
f 1456/1456/1456 1458/1458/1458 1457/1457/1457
f 1459/1459/1459 1457/1457/1457 1458/1458/1458
f 1459/1459/1459 1458/1458/1458 1460/1460/1460
f 1458/1458/1458 1456/1456/1456 1460/1460/1460
f 1455/1455/1455 1461/1461/1461 1456/1456/1456
f 1460/1460/1460 1456/1456/1456 1462/1462/1462
f 1461/1461/1461 1462/1462/1462 1456/1456/1456
f 1460/1460/1460 1462/1462/1462 1463/1463/1463
f 1464/1464/1464 1460/1460/1460 1463/1463/1463
f 1464/1464/1464 1459/1459/1459 1460/1460/1460
f 1463/1463/1463 1465/1465/1465 1464/1464/1464
f 1462/1462/1462 1461/1461/1461 1466/1466/1466
f 1467/1467/1467 1462/1462/1462 1466/1466/1466
f 1463/1463/1463 1462/1462/1462 1467/1467/1467
f 1467/1467/1467 1466/1466/1466 1468/1468/1468
f 1468/1468/1468 1469/1469/1469 1467/1467/1467
f 1469/1469/1469 1470/1470/1470 1467/1467/1467
f 1470/1470/1470 1471/1471/1471 1467/1467/1467
f 1467/1467/1467 1471/1471/1471 1463/1463/1463
f 1471/1471/1471 1470/1470/1470 1472/1472/1472
f 1473/1473/1473 1471/1471/1471 1472/1472/1472
f 1474/1474/1474 1463/1463/1463 1471/1471/1471
f 1471/1471/1471 1473/1473/1473 1474/1474/1474
f 1465/1465/1465 1463/1463/1463 1423/1423/1423
f 1474/1474/1474 1423/1423/1423 1463/1463/1463
f 1461/1461/1461 1475/1475/1475 1466/1466/1466
f 1475/1475/1475 1476/1476/1476 1466/1466/1466
f 1468/1468/1468 1466/1466/1466 1476/1476/1476
f 1477/1477/1477 1468/1468/1468 1476/1476/1476
f 1475/1475/1475 1478/1478/1478 1476/1476/1476
f 1479/1479/1479 1478/1478/1478 1475/1475/1475
f 1480/1480/1480 1479/1479/1479 1475/1475/1475
f 1475/1475/1475 1461/1461/1461 1480/1480/1480
f 1481/1481/1481 1479/1479/1479 1480/1480/1480
f 1482/1482/1482 1481/1481/1481 1480/1480/1480
f 1480/1480/1480 1455/1455/1455 1482/1482/1482
f 1461/1461/1461 1455/1455/1455 1480/1480/1480
f 1455/1455/1455 1452/1452/1452 1482/1482/1482
f 1482/1482/1482 1452/1452/1452 1483/1483/1483
f 1452/1452/1452 1451/1451/1451 1483/1483/1483
f 1484/1484/1484 1481/1481/1481 1482/1482/1482
f 1483/1483/1483 1484/1484/1484 1482/1482/1482
f 1478/1478/1478 1485/1485/1485 1476/1476/1476
f 1477/1477/1477 1476/1476/1476 1485/1485/1485
f 1486/1486/1486 1477/1477/1477 1485/1485/1485
f 1483/1483/1483 1451/1451/1451 1487/1487/1487
f 1451/1451/1451 1453/1453/1453 1487/1487/1487
f 1488/1488/1488 1484/1484/1484 1483/1483/1483
f 1487/1487/1487 1488/1488/1488 1483/1483/1483
f 1481/1481/1481 1484/1484/1484 1489/1489/1489
f 1490/1490/1490 1481/1481/1481 1489/1489/1489
f 1491/1491/1491 1490/1490/1490 1489/1489/1489
f 1484/1484/1484 1488/1488/1488 1492/1492/1492
f 1489/1489/1489 1484/1484/1484 1492/1492/1492
f 1489/1489/1489 1492/1492/1492 1493/1493/1493
f 1486/1486/1486 1485/1485/1485 1494/1494/1494
f 1493/1493/1493 1495/1495/1495 1489/1489/1489
f 1495/1495/1495 1491/1491/1491 1489/1489/1489
f 1496/1496/1496 1490/1490/1490 1491/1491/1491
f 1497/1497/1497 1494/1494/1494 1485/1485/1485
f 1494/1494/1494 1497/1497/1497 1498/1498/1498
f 1498/1498/1498 1497/1497/1497 1499/1499/1499
f 1497/1497/1497 1500/1500/1500 1499/1499/1499
f 1501/1501/1501 1498/1498/1498 1499/1499/1499
f 1502/1502/1502 1501/1501/1501 1499/1499/1499
f 1499/1499/1499 1500/1500/1500 1502/1502/1502
f 1500/1500/1500 1497/1497/1497 1478/1478/1478
f 1479/1479/1479 1500/1500/1500 1478/1478/1478
f 1500/1500/1500 1479/1479/1479 1490/1490/1490
f 1478/1478/1478 1497/1497/1497 1485/1485/1485
f 1479/1479/1479 1481/1481/1481 1490/1490/1490
f 1503/1503/1503 1494/1494/1494 1498/1498/1498
f 1503/1503/1503 1504/1504/1504 1494/1494/1494
f 1504/1504/1504 1486/1486/1486 1494/1494/1494
f 1505/1505/1505 1504/1504/1504 1503/1503/1503
f 1502/1502/1502 1506/1506/1506 1501/1501/1501
f 1507/1507/1507 1502/1502/1502 1500/1500/1500
f 1507/1507/1507 1500/1500/1500 1508/1508/1508
f 1500/1500/1500 1509/1509/1509 1508/1508/1508
f 1500/1500/1500 1490/1490/1490 1509/1509/1509
f 1496/1496/1496 1509/1509/1509 1490/1490/1490
f 1511/1511/1511 1401/1401/1401 1510/1510/1510
f 1473/1473/1473 1511/1511/1511 1510/1510/1510
f 1473/1473/1473 1510/1510/1510 1474/1474/1474
f 1511/1511/1511 1473/1473/1473 1512/1512/1512
f 1512/1512/1512 1513/1513/1513 1511/1511/1511
f 1513/1513/1513 1514/1514/1514 1511/1511/1511
f 1511/1511/1511 1514/1514/1514 1401/1401/1401
f 1473/1473/1473 1472/1472/1472 1512/1512/1512
f 1514/1514/1514 1400/1400/1400 1401/1401/1401
f 1424/1424/1424 1510/1510/1510 1401/1401/1401
f 1398/1398/1398 1424/1424/1424 1401/1401/1401
f 1398/1398/1398 1402/1402/1402 1424/1424/1424
f 1402/1402/1402 1408/1408/1408 1424/1424/1424
f 1510/1510/1510 1424/1424/1424 1423/1423/1423
f 1474/1474/1474 1510/1510/1510 1423/1423/1423
f 1514/1514/1514 1513/1513/1513 1515/1515/1515
f 1513/1513/1513 1516/1516/1516 1515/1515/1515
f 1515/1515/1515 1516/1516/1516 1517/1517/1517
f 1516/1516/1516 1518/1518/1518 1517/1517/1517
f 1519/1519/1519 1515/1515/1515 1517/1517/1517
f 1519/1519/1519 1400/1400/1400 1514/1514/1514
f 1515/1515/1515 1519/1519/1519 1514/1514/1514
f 1520/1520/1520 1519/1519/1519 1517/1517/1517
f 1399/1399/1399 1400/1400/1400 1519/1519/1519
f 1521/1521/1521 1399/1399/1399 1519/1519/1519
f 1521/1521/1521 1519/1519/1519 1520/1520/1520
f 1399/1399/1399 1521/1521/1521 1404/1404/1404
f 1517/1517/1517 1518/1518/1518 1522/1522/1522
f 1518/1518/1518 1523/1523/1523 1522/1522/1522
f 1517/1517/1517 1522/1522/1522 1524/1524/1524
f 1520/1520/1520 1517/1517/1517 1524/1524/1524
f 1525/1525/1525 1521/1521/1521 1520/1520/1520
f 1521/1521/1521 1525/1525/1525 1526/1526/1526
f 1521/1521/1521 1526/1526/1526 1404/1404/1404
f 1525/1525/1525 1527/1527/1527 1526/1526/1526
f 1527/1527/1527 1525/1525/1525 1528/1528/1528
f 1525/1525/1525 1529/1529/1529 1528/1528/1528
f 1520/1520/1520 1524/1524/1524 1529/1529/1529
f 1525/1525/1525 1520/1520/1520 1529/1529/1529
f 1530/1530/1530 1526/1526/1526 1527/1527/1527
f 1526/1526/1526 1530/1530/1530 1404/1404/1404
f 1530/1530/1530 1407/1407/1407 1404/1404/1404
f 1531/1531/1531 1407/1407/1407 1530/1530/1530
f 1532/1532/1532 1531/1531/1531 1530/1530/1530
f 1533/1533/1533 1530/1530/1530 1527/1527/1527
f 1528/1528/1528 1533/1533/1533 1527/1527/1527
f 1532/1532/1532 1530/1530/1530 1533/1533/1533
f 1532/1532/1532 1533/1533/1533 1534/1534/1534
f 1534/1534/1534 1533/1533/1533 1535/1535/1535
f 1528/1528/1528 1536/1536/1536 1533/1533/1533
f 1536/1536/1536 1535/1535/1535 1533/1533/1533
f 1535/1535/1535 1536/1536/1536 1537/1537/1537
f 1534/1534/1534 1535/1535/1535 1537/1537/1537
f 1538/1538/1538 1534/1534/1534 1537/1537/1537
f 1539/1539/1539 1534/1534/1534 1538/1538/1538
f 1539/1539/1539 1532/1532/1532 1534/1534/1534
f 1540/1540/1540 1538/1538/1538 1537/1537/1537
f 1536/1536/1536 1541/1541/1541 1537/1537/1537
f 1542/1542/1542 1537/1537/1537 1541/1541/1541
f 1542/1542/1542 1543/1543/1543 1537/1537/1537
f 1543/1543/1543 1540/1540/1540 1537/1537/1537
f 1544/1544/1544 1542/1542/1542 1541/1541/1541
f 1545/1545/1545 1542/1542/1542 1544/1544/1544
f 1545/1545/1545 1544/1544/1544 1546/1546/1546
f 1544/1544/1544 1547/1547/1547 1546/1546/1546
f 1548/1548/1548 1546/1546/1546 1547/1547/1547
f 1549/1549/1549 1548/1548/1548 1547/1547/1547
f 1549/1549/1549 1547/1547/1547 1550/1550/1550
f 1549/1549/1549 1550/1550/1550 1551/1551/1551
f 1552/1552/1552 1551/1551/1551 1550/1550/1550
f 1553/1553/1553 1552/1552/1552 1550/1550/1550
f 1554/1554/1554 1552/1552/1552 1553/1553/1553
f 1555/1555/1555 1554/1554/1554 1553/1553/1553
f 1556/1556/1556 1554/1554/1554 1555/1555/1555
f 1557/1557/1557 1556/1556/1556 1555/1555/1555
f 1443/1443/1443 1559/1559/1559 1558/1558/1558
f 1441/1441/1441 1559/1559/1559 1443/1443/1443
f 1559/1559/1559 1441/1441/1441 1439/1439/1439
f 1443/1443/1443 1558/1558/1558 1446/1446/1446
f 1446/1446/1446 1558/1558/1558 1448/1448/1448
f 1560/1560/1560 1558/1558/1558 1559/1559/1559
f 1558/1558/1558 1560/1560/1560 1561/1561/1561
f 1561/1561/1561 1448/1448/1448 1558/1558/1558
f 1562/1562/1562 1448/1448/1448 1561/1561/1561
f 1448/1448/1448 1562/1562/1562 1563/1563/1563
f 1563/1563/1563 1449/1449/1449 1448/1448/1448
f 1559/1559/1559 1564/1564/1564 1560/1560/1560
f 1564/1564/1564 1559/1559/1559 1439/1439/1439
f 1439/1439/1439 1565/1565/1565 1564/1564/1564
f 1566/1566/1566 1562/1562/1562 1561/1561/1561
f 1563/1563/1563 1562/1562/1562 1566/1566/1566
f 1566/1566/1566 1567/1567/1567 1563/1563/1563
f 1567/1567/1567 1568/1568/1568 1563/1563/1563
f 1567/1567/1567 1569/1569/1569 1568/1568/1568
f 1439/1439/1439 1570/1570/1570 1565/1565/1565
f 1439/1439/1439 1571/1571/1571 1570/1570/1570
f 1570/1570/1570 1571/1571/1571 1572/1572/1572
f 1572/1572/1572 1573/1573/1573 1570/1570/1570
f 1574/1574/1574 1570/1570/1570 1573/1573/1573
f 1573/1573/1573 1575/1575/1575 1574/1574/1574
f 1575/1575/1575 1576/1576/1576 1574/1574/1574
f 1570/1570/1570 1574/1574/1574 1576/1576/1576
f 1577/1577/1577 1576/1576/1576 1575/1575/1575
f 1578/1578/1578 1577/1577/1577 1575/1575/1575
f 1577/1577/1577 1578/1578/1578 1579/1579/1579
f 1579/1579/1579 1580/1580/1580 1577/1577/1577
f 1577/1577/1577 1580/1580/1580 1576/1576/1576
f 1581/1581/1581 1578/1578/1578 1575/1575/1575
f 1581/1581/1581 1575/1575/1575 1582/1582/1582
f 1573/1573/1573 1582/1582/1582 1575/1575/1575
f 1583/1583/1583 1581/1581/1581 1582/1582/1582
f 1584/1584/1584 1581/1581/1581 1583/1583/1583
f 1571/1571/1571 1436/1436/1436 1572/1572/1572
f 1571/1571/1571 1439/1439/1439 1436/1436/1436
f 1572/1572/1572 1436/1436/1436 1437/1437/1437
f 1576/1576/1576 1580/1580/1580 1585/1585/1585
f 1586/1586/1586 1582/1582/1582 1573/1573/1573
f 1587/1587/1587 1583/1583/1583 1582/1582/1582
f 1582/1582/1582 1586/1586/1586 1587/1587/1587
f 1584/1584/1584 1583/1583/1583 1587/1587/1587
f 1584/1584/1584 1587/1587/1587 1588/1588/1588
f 1589/1589/1589 1588/1588/1588 1587/1587/1587
f 1587/1587/1587 1590/1590/1590 1589/1589/1589
f 1587/1587/1587 1586/1586/1586 1590/1590/1590
f 1586/1586/1586 1591/1591/1591 1590/1590/1590
f 1592/1592/1592 1591/1591/1591 1586/1586/1586
f 1573/1573/1573 1592/1592/1592 1586/1586/1586
f 1593/1593/1593 1592/1592/1592 1573/1573/1573
f 1592/1592/1592 1593/1593/1593 1591/1591/1591
f 1594/1594/1594 1591/1591/1591 1593/1593/1593
f 1590/1590/1590 1591/1591/1591 1595/1595/1595
f 1590/1590/1590 1595/1595/1595 1589/1589/1589
f 1589/1589/1589 1595/1595/1595 1596/1596/1596
f 1597/1597/1597 1596/1596/1596 1595/1595/1595
f 1595/1595/1595 1598/1598/1598 1597/1597/1597
f 1597/1597/1597 1598/1598/1598 1599/1599/1599
f 1599/1599/1599 1600/1600/1600 1597/1597/1597
f 1601/1601/1601 1599/1599/1599 1598/1598/1598
f 1598/1598/1598 1602/1602/1602 1601/1601/1601
f 1603/1603/1603 1601/1601/1601 1602/1602/1602
f 1602/1602/1602 1604/1604/1604 1603/1603/1603
f 1605/1605/1605 1603/1603/1603 1604/1604/1604
f 1604/1604/1604 1606/1606/1606 1605/1605/1605
f 1607/1607/1607 1605/1605/1605 1606/1606/1606
f 1606/1606/1606 1608/1608/1608 1607/1607/1607
f 1607/1607/1607 1608/1608/1608 1609/1609/1609
f 1609/1609/1609 1610/1610/1610 1607/1607/1607
f 1611/1611/1611 1610/1610/1610 1609/1609/1609
f 1609/1609/1609 1612/1612/1612 1611/1611/1611
f 1613/1613/1613 1611/1611/1611 1612/1612/1612
f 1612/1612/1612 1614/1614/1614 1613/1613/1613
f 1615/1615/1615 1613/1613/1613 1614/1614/1614
f 1614/1614/1614 1616/1616/1616 1615/1615/1615
f 1606/1606/1606 1604/1604/1604 1617/1617/1617
f 1617/1617/1617 1618/1618/1618 1606/1606/1606
f 1618/1618/1618 1617/1617/1617 1619/1619/1619
f 1619/1619/1619 1620/1620/1620 1618/1618/1618
f 1620/1620/1620 1619/1619/1619 1621/1621/1621
f 1621/1621/1621 1619/1619/1619 1622/1622/1622
f 1619/1619/1619 1617/1617/1617 1622/1622/1622
f 1622/1622/1622 1623/1623/1623 1621/1621/1621
f 1621/1621/1621 1624/1624/1624 1620/1620/1620
f 1625/1625/1625 1620/1620/1620 1624/1624/1624
f 1618/1618/1618 1620/1620/1620 1625/1625/1625
f 1624/1624/1624 1626/1626/1626 1625/1625/1625
f 1624/1624/1624 1627/1627/1627 1626/1626/1626
f 1628/1628/1628 1625/1625/1625 1626/1626/1626
f 1626/1626/1626 1629/1629/1629 1628/1628/1628
f 1630/1630/1630 1623/1623/1623 1622/1622/1622
f 1623/1623/1623 1630/1630/1630 1437/1437/1437
f 1621/1621/1621 1623/1623/1623 1437/1437/1437
f 1625/1625/1625 1631/1631/1631 1618/1618/1618
f 1631/1631/1631 1625/1625/1625 1628/1628/1628
f 1622/1622/1622 1617/1617/1617 1632/1632/1632
f 1628/1628/1628 1633/1633/1633 1631/1631/1631
f 1622/1622/1622 1632/1632/1632 1594/1594/1594
f 1594/1594/1594 1630/1630/1630 1622/1622/1622
f 1634/1634/1634 1594/1594/1594 1632/1632/1632
f 1632/1632/1632 1617/1617/1617 1604/1604/1604
f 1604/1604/1604 1602/1602/1602 1632/1632/1632
f 1634/1634/1634 1632/1632/1632 1602/1602/1602
f 1602/1602/1602 1598/1598/1598 1634/1634/1634
f 1608/1608/1608 1631/1631/1631 1633/1633/1633
f 1631/1631/1631 1608/1608/1608 1606/1606/1606
f 1606/1606/1606 1618/1618/1618 1631/1631/1631
f 1633/1633/1633 1609/1609/1609 1608/1608/1608
f 1609/1609/1609 1633/1633/1633 1635/1635/1635
f 1635/1635/1635 1612/1612/1612 1609/1609/1609
f 1612/1612/1612 1635/1635/1635 1636/1636/1636
f 1637/1637/1637 1636/1636/1636 1635/1635/1635
f 1638/1638/1638 1637/1637/1637 1635/1635/1635
f 1639/1639/1639 1637/1637/1637 1638/1638/1638
f 1640/1640/1640 1639/1639/1639 1638/1638/1638
f 1409/1409/1409 1639/1639/1639 1640/1640/1640
f 1640/1640/1640 1412/1412/1412 1409/1409/1409
f 1639/1639/1639 1409/1409/1409 1410/1410/1410
f 1410/1410/1410 1641/1641/1641 1639/1639/1639
f 1637/1637/1637 1639/1639/1639 1641/1641/1641
f 1641/1641/1641 1642/1642/1642 1637/1637/1637
f 1637/1637/1637 1642/1642/1642 1636/1636/1636
f 1643/1643/1643 1640/1640/1640 1638/1638/1638
f 1638/1638/1638 1635/1635/1635 1643/1643/1643
f 1636/1636/1636 1614/1614/1614 1612/1612/1612
f 1616/1616/1616 1614/1614/1614 1636/1636/1636
f 1636/1636/1636 1644/1644/1644 1616/1616/1616
f 1642/1642/1642 1644/1644/1644 1636/1636/1636
f 1412/1412/1412 1640/1640/1640 1416/1416/1416
f 1640/1640/1640 1645/1645/1645 1416/1416/1416
f 1645/1645/1645 1640/1640/1640 1643/1643/1643
f 1628/1628/1628 1645/1645/1645 1643/1643/1643
f 1633/1633/1633 1628/1628/1628 1643/1643/1643
f 1635/1635/1635 1633/1633/1633 1643/1643/1643
f 1416/1416/1416 1645/1645/1645 1418/1418/1418
f 1645/1645/1645 1629/1629/1629 1418/1418/1418
f 1629/1629/1629 1645/1645/1645 1628/1628/1628
f 1418/1418/1418 1629/1629/1629 1626/1626/1626
f 1626/1626/1626 1627/1627/1627 1418/1418/1418
f 1418/1418/1418 1627/1627/1627 1426/1426/1426
f 1426/1426/1426 1627/1627/1627 1624/1624/1624
f 1427/1427/1427 1426/1426/1426 1624/1624/1624
f 1427/1427/1427 1624/1624/1624 1438/1438/1438
f 1438/1438/1438 1624/1624/1624 1646/1646/1646
f 1646/1646/1646 1437/1437/1437 1438/1438/1438
f 1621/1621/1621 1646/1646/1646 1624/1624/1624
f 1437/1437/1437 1646/1646/1646 1621/1621/1621
f 1572/1572/1572 1437/1437/1437 1630/1630/1630
f 1647/1647/1647 1572/1572/1572 1630/1630/1630
f 1647/1647/1647 1593/1593/1593 1572/1572/1572
f 1647/1647/1647 1630/1630/1630 1594/1594/1594
f 1647/1647/1647 1594/1594/1594 1593/1593/1593
f 1572/1572/1572 1593/1593/1593 1573/1573/1573
f 1591/1591/1591 1594/1594/1594 1634/1634/1634
f 1591/1591/1591 1634/1634/1634 1595/1595/1595
f 1598/1598/1598 1595/1595/1595 1634/1634/1634
f 1429/1429/1429 1648/1648/1648 1464/1464/1464
f 1648/1648/1648 1459/1459/1459 1464/1464/1464
f 1648/1648/1648 1432/1432/1432 1459/1459/1459
f 1648/1648/1648 1429/1429/1429 1432/1432/1432
f 1421/1421/1421 1429/1429/1429 1464/1464/1464
f 1464/1464/1464 1420/1420/1420 1421/1421/1421
f 1465/1465/1465 1420/1420/1420 1464/1464/1464
f 1432/1432/1432 1457/1457/1457 1459/1459/1459
f 1457/1457/1457 1432/1432/1432 1442/1442/1442
f 1465/1465/1465 1423/1423/1423 1420/1420/1420
f 1570/1570/1570 1649/1649/1649 1565/1565/1565
f 1576/1576/1576 1649/1649/1649 1570/1570/1570
f 1565/1565/1565 1649/1649/1649 1650/1650/1650
f 1650/1650/1650 1649/1649/1649 1576/1576/1576
f 1650/1650/1650 1651/1651/1651 1565/1565/1565
f 1564/1564/1564 1565/1565/1565 1651/1651/1651
f 1651/1651/1651 1652/1652/1652 1564/1564/1564
f 1560/1560/1560 1564/1564/1564 1652/1652/1652
f 1652/1652/1652 1653/1653/1653 1560/1560/1560
f 1560/1560/1560 1653/1653/1653 1654/1654/1654
f 1654/1654/1654 1561/1561/1561 1560/1560/1560
f 1654/1654/1654 1653/1653/1653 1655/1655/1655
f 1655/1655/1655 1656/1656/1656 1654/1654/1654
f 1561/1561/1561 1654/1654/1654 1657/1657/1657
f 1657/1657/1657 1654/1654/1654 1656/1656/1656
f 1657/1657/1657 1566/1566/1566 1561/1561/1561
f 1566/1566/1566 1657/1657/1657 1658/1658/1658
f 1658/1658/1658 1567/1567/1567 1566/1566/1566
f 1658/1658/1658 1657/1657/1657 1659/1659/1659
f 1656/1656/1656 1659/1659/1659 1657/1657/1657
f 1659/1659/1659 1660/1660/1660 1658/1658/1658
f 1661/1661/1661 1655/1655/1655 1653/1653/1653
f 1653/1653/1653 1652/1652/1652 1661/1661/1661
f 1661/1661/1661 1652/1652/1652 1651/1651/1651
f 1662/1662/1662 1660/1660/1660 1659/1659/1659
f 1663/1663/1663 1660/1660/1660 1662/1662/1662
f 1658/1658/1658 1660/1660/1660 1663/1663/1663
f 1658/1658/1658 1663/1663/1663 1664/1664/1664
f 1658/1658/1658 1664/1664/1664 1567/1567/1567
f 1664/1664/1664 1663/1663/1663 1665/1665/1665
f 1665/1665/1665 1666/1666/1666 1664/1664/1664
f 1666/1666/1666 1569/1569/1569 1664/1664/1664
f 1567/1567/1567 1664/1664/1664 1569/1569/1569
f 1662/1662/1662 1667/1667/1667 1663/1663/1663
f 1668/1668/1668 1667/1667/1667 1662/1662/1662
f 1669/1669/1669 1663/1663/1663 1667/1667/1667
f 1669/1669/1669 1665/1665/1665 1663/1663/1663
f 1670/1670/1670 1669/1669/1669 1667/1667/1667
f 1667/1667/1667 1671/1671/1671 1670/1670/1670
f 1668/1668/1668 1671/1671/1671 1667/1667/1667
f 1671/1671/1671 1672/1672/1672 1670/1670/1670
f 1672/1672/1672 1673/1673/1673 1670/1670/1670
f 1673/1673/1673 1672/1672/1672 1674/1674/1674
f 1674/1674/1674 1675/1675/1675 1673/1673/1673
f 1670/1670/1670 1673/1673/1673 1676/1676/1676
f 1676/1676/1676 1669/1669/1669 1670/1670/1670
f 1677/1677/1677 1673/1673/1673 1675/1675/1675
f 1676/1676/1676 1673/1673/1673 1677/1677/1677
f 1675/1675/1675 1678/1678/1678 1677/1677/1677
f 1679/1679/1679 1671/1671/1671 1668/1668/1668
f 1671/1671/1671 1679/1679/1679 1672/1672/1672
f 1679/1679/1679 1668/1668/1668 1680/1680/1680
f 1681/1681/1681 1680/1680/1680 1668/1668/1668
f 1679/1679/1679 1680/1680/1680 1682/1682/1682
f 1683/1683/1683 1682/1682/1682 1680/1680/1680
f 1684/1684/1684 1682/1682/1682 1683/1683/1683
f 1685/1685/1685 1679/1679/1679 1682/1682/1682
f 1685/1685/1685 1674/1674/1674 1672/1672/1672
f 1685/1685/1685 1672/1672/1672 1679/1679/1679
f 1686/1686/1686 1684/1684/1684 1683/1683/1683
f 1683/1683/1683 1687/1687/1687 1686/1686/1686
f 1687/1687/1687 1683/1683/1683 1680/1680/1680
f 1680/1680/1680 1681/1681/1681 1687/1687/1687
f 1687/1687/1687 1681/1681/1681 1688/1688/1688
f 1688/1688/1688 1689/1689/1689 1687/1687/1687
f 1686/1686/1686 1687/1687/1687 1689/1689/1689
f 1688/1688/1688 1681/1681/1681 1668/1668/1668
f 1668/1668/1668 1662/1662/1662 1688/1688/1688
f 1686/1686/1686 1689/1689/1689 1690/1690/1690
f 1686/1686/1686 1691/1691/1691 1684/1684/1684
f 1689/1689/1689 1688/1688/1688 1656/1656/1656
f 1656/1656/1656 1655/1655/1655 1689/1689/1689
f 1690/1690/1690 1689/1689/1689 1655/1655/1655
f 1659/1659/1659 1656/1656/1656 1688/1688/1688
f 1688/1688/1688 1662/1662/1662 1659/1659/1659
f 1655/1655/1655 1661/1661/1661 1690/1690/1690
f 1690/1690/1690 1661/1661/1661 1692/1692/1692
f 1692/1692/1692 1693/1693/1693 1690/1690/1690
f 1686/1686/1686 1690/1690/1690 1693/1693/1693
f 1691/1691/1691 1686/1686/1686 1693/1693/1693
f 1692/1692/1692 1694/1694/1694 1693/1693/1693
f 1694/1694/1694 1692/1692/1692 1651/1651/1651
f 1651/1651/1651 1692/1692/1692 1661/1661/1661
f 1651/1651/1651 1650/1650/1650 1694/1694/1694
f 1695/1695/1695 1694/1694/1694 1650/1650/1650
f 1650/1650/1650 1696/1696/1696 1695/1695/1695
f 1576/1576/1576 1696/1696/1696 1650/1650/1650
f 1695/1695/1695 1697/1697/1697 1694/1694/1694
f 1698/1698/1698 1697/1697/1697 1695/1695/1695
f 1697/1697/1697 1699/1699/1699 1694/1694/1694
f 1694/1694/1694 1699/1699/1699 1693/1693/1693
f 1585/1585/1585 1698/1698/1698 1695/1695/1695
f 1696/1696/1696 1585/1585/1585 1695/1695/1695
f 1576/1576/1576 1585/1585/1585 1696/1696/1696
f 1585/1585/1585 1700/1700/1700 1698/1698/1698
f 1701/1701/1701 1700/1700/1700 1585/1585/1585
f 1701/1701/1701 1702/1702/1702 1700/1700/1700
f 1703/1703/1703 1702/1702/1702 1701/1701/1701
f 1704/1704/1704 1703/1703/1703 1701/1701/1701
f 1702/1702/1702 1705/1705/1705 1700/1700/1700
f 1700/1700/1700 1705/1705/1705 1698/1698/1698
f 1706/1706/1706 1705/1705/1705 1702/1702/1702
f 1706/1706/1706 1702/1702/1702 1707/1707/1707
f 1707/1707/1707 1702/1702/1702 1703/1703/1703
f 1704/1704/1704 1701/1701/1701 1580/1580/1580
f 1580/1580/1580 1701/1701/1701 1585/1585/1585
f 1579/1579/1579 1704/1704/1704 1580/1580/1580
f 1697/1697/1697 1708/1708/1708 1699/1699/1699
f 1698/1698/1698 1709/1709/1709 1697/1697/1697
f 1698/1698/1698 1710/1710/1710 1709/1709/1709
f 1705/1705/1705 1710/1710/1710 1698/1698/1698
f 1710/1710/1710 1705/1705/1705 1711/1711/1711
f 1705/1705/1705 1712/1712/1712 1711/1711/1711
f 1707/1707/1707 1712/1712/1712 1706/1706/1706
f 1705/1705/1705 1706/1706/1706 1712/1712/1712
f 1707/1707/1707 1713/1713/1713 1712/1712/1712
f 1710/1710/1710 1714/1714/1714 1709/1709/1709
f 1715/1715/1715 1709/1709/1709 1714/1714/1714
f 1709/1709/1709 1715/1715/1715 1697/1697/1697
f 1715/1715/1715 1708/1708/1708 1697/1697/1697
f 1715/1715/1715 1716/1716/1716 1708/1708/1708
f 1715/1715/1715 1717/1717/1717 1716/1716/1716
f 1717/1717/1717 1715/1715/1715 1714/1714/1714
f 1717/1717/1717 1714/1714/1714 1718/1718/1718
f 1718/1718/1718 1714/1714/1714 1710/1710/1710
f 1719/1719/1719 1717/1717/1717 1718/1718/1718
f 1720/1720/1720 1717/1717/1717 1719/1719/1719
f 1717/1717/1717 1720/1720/1720 1716/1716/1716
f 1716/1716/1716 1720/1720/1720 1721/1721/1721
f 1720/1720/1720 1722/1722/1722 1721/1721/1721
f 1722/1722/1722 1720/1720/1720 1723/1723/1723
f 1722/1722/1722 1723/1723/1723 1724/1724/1724
f 1725/1725/1725 1722/1722/1722 1724/1724/1724
f 1720/1720/1720 1726/1726/1726 1723/1723/1723
f 1726/1726/1726 1720/1720/1720 1719/1719/1719
f 1725/1725/1725 1724/1724/1724 1727/1727/1727
f 1682/1682/1682 1725/1725/1725 1727/1727/1727
f 1685/1685/1685 1682/1682/1682 1727/1727/1727
f 1719/1719/1719 1728/1728/1728 1726/1726/1726
f 1728/1728/1728 1719/1719/1719 1718/1718/1718
f 1728/1728/1728 1729/1729/1729 1726/1726/1726
f 1729/1729/1729 1730/1730/1730 1726/1726/1726
f 1730/1730/1730 1724/1724/1724 1723/1723/1723
f 1730/1730/1730 1723/1723/1723 1726/1726/1726
f 1685/1685/1685 1727/1727/1727 1731/1731/1731
f 1731/1731/1731 1727/1727/1727 1732/1732/1732
f 1730/1730/1730 1732/1732/1732 1724/1724/1724
f 1724/1724/1724 1732/1732/1732 1727/1727/1727
f 1731/1731/1731 1732/1732/1732 1733/1733/1733
f 1734/1734/1734 1731/1731/1731 1733/1733/1733
f 1732/1732/1732 1730/1730/1730 1735/1735/1735
f 1733/1733/1733 1732/1732/1732 1735/1735/1735
f 1730/1730/1730 1736/1736/1736 1735/1735/1735
f 1737/1737/1737 1733/1733/1733 1735/1735/1735
f 1738/1738/1738 1737/1737/1737 1735/1735/1735
f 1735/1735/1735 1736/1736/1736 1738/1738/1738
f 1736/1736/1736 1739/1739/1739 1738/1738/1738
f 1737/1737/1737 1738/1738/1738 1740/1740/1740
f 1740/1740/1740 1741/1741/1741 1737/1737/1737
f 1734/1734/1734 1733/1733/1733 1741/1741/1741
f 1733/1733/1733 1737/1737/1737 1741/1741/1741
f 1740/1740/1740 1742/1742/1742 1741/1741/1741
f 1742/1742/1742 1743/1743/1743 1741/1741/1741
f 1738/1738/1738 1744/1744/1744 1740/1740/1740
f 1744/1744/1744 1738/1738/1738 1739/1739/1739
f 1745/1745/1745 1740/1740/1740 1744/1744/1744
f 1740/1740/1740 1745/1745/1745 1742/1742/1742
f 1746/1746/1746 1745/1745/1745 1744/1744/1744
f 1745/1745/1745 1746/1746/1746 1747/1747/1747
f 1746/1746/1746 1748/1748/1748 1747/1747/1747
f 1748/1748/1748 1749/1749/1749 1747/1747/1747
f 1749/1749/1749 1748/1748/1748 1750/1750/1750
f 1751/1751/1751 1749/1749/1749 1750/1750/1750
f 1749/1749/1749 1751/1751/1751 1752/1752/1752
f 1752/1752/1752 1753/1753/1753 1749/1749/1749
f 1753/1753/1753 1752/1752/1752 1743/1743/1743
f 1753/1753/1753 1747/1747/1747 1749/1749/1749
f 1753/1753/1753 1742/1742/1742 1745/1745/1745
f 1747/1747/1747 1753/1753/1753 1745/1745/1745
f 1742/1742/1742 1753/1753/1753 1743/1743/1743
f 1751/1751/1751 1754/1754/1754 1752/1752/1752
f 1755/1755/1755 1752/1752/1752 1754/1754/1754
f 1752/1752/1752 1755/1755/1755 1743/1743/1743
f 1756/1756/1756 1755/1755/1755 1754/1754/1754
f 1755/1755/1755 1757/1757/1757 1743/1743/1743
f 1757/1757/1757 1758/1758/1758 1743/1743/1743
f 1757/1757/1757 1759/1759/1759 1758/1758/1758
f 1755/1755/1755 1760/1760/1760 1757/1757/1757
f 1755/1755/1755 1756/1756/1756 1760/1760/1760
f 1760/1760/1760 1756/1756/1756 1761/1761/1761
f 1760/1760/1760 1762/1762/1762 1757/1757/1757
f 1760/1760/1760 1761/1761/1761 1762/1762/1762
f 1761/1761/1761 1763/1763/1763 1762/1762/1762
f 1762/1762/1762 1763/1763/1763 1764/1764/1764
f 1763/1763/1763 1765/1765/1765 1764/1764/1764
f 1766/1766/1766 1764/1764/1764 1765/1765/1765
f 1767/1767/1767 1766/1766/1766 1765/1765/1765
f 1666/1666/1666 1766/1766/1766 1767/1767/1767
f 1762/1762/1762 1764/1764/1764 1768/1768/1768
f 1768/1768/1768 1759/1759/1759 1757/1757/1757
f 1762/1762/1762 1768/1768/1768 1757/1757/1757
f 1764/1764/1764 1769/1769/1769 1768/1768/1768
f 1764/1764/1764 1766/1766/1766 1769/1769/1769
f 1766/1766/1766 1770/1770/1770 1769/1769/1769
f 1770/1770/1770 1766/1766/1766 1666/1666/1666
f 1770/1770/1770 1666/1666/1666 1665/1665/1665
f 1759/1759/1759 1768/1768/1768 1677/1677/1677
f 1768/1768/1768 1771/1771/1771 1677/1677/1677
f 1768/1768/1768 1769/1769/1769 1771/1771/1771
f 1677/1677/1677 1678/1678/1678 1759/1759/1759
f 1772/1772/1772 1677/1677/1677 1771/1771/1771
f 1771/1771/1771 1769/1769/1769 1772/1772/1772
f 1676/1676/1676 1677/1677/1677 1772/1772/1772
f 1772/1772/1772 1669/1669/1669 1676/1676/1676
f 1769/1769/1769 1773/1773/1773 1772/1772/1772
f 1770/1770/1770 1665/1665/1665 1773/1773/1773
f 1773/1773/1773 1669/1669/1669 1772/1772/1772
f 1665/1665/1665 1669/1669/1669 1773/1773/1773
f 1770/1770/1770 1773/1773/1773 1769/1769/1769
f 1678/1678/1678 1675/1675/1675 1774/1774/1774
f 1774/1774/1774 1675/1675/1675 1775/1775/1775
f 1758/1758/1758 1774/1774/1774 1775/1775/1775
f 1758/1758/1758 1678/1678/1678 1774/1774/1774
f 1675/1675/1675 1734/1734/1734 1775/1775/1775
f 1775/1775/1775 1734/1734/1734 1741/1741/1741
f 1758/1758/1758 1775/1775/1775 1741/1741/1741
f 1675/1675/1675 1674/1674/1674 1734/1734/1734
f 1674/1674/1674 1731/1731/1731 1734/1734/1734
f 1743/1743/1743 1758/1758/1758 1741/1741/1741
f 1674/1674/1674 1685/1685/1685 1731/1731/1731
f 1678/1678/1678 1758/1758/1758 1759/1759/1759
f 1778/1778/1778 1777/1777/1777 1776/1776/1776
f 1776/1776/1776 1779/1779/1779 1778/1778/1778
f 1777/1777/1777 1778/1778/1778 1780/1780/1780
f 1780/1780/1780 1781/1781/1781 1777/1777/1777
f 1781/1781/1781 1780/1780/1780 1782/1782/1782
f 1782/1782/1782 1783/1783/1783 1781/1781/1781
f 1784/1784/1784 1779/1779/1779 1776/1776/1776
f 1776/1776/1776 1785/1785/1785 1784/1784/1784
f 1786/1786/1786 1784/1784/1784 1785/1785/1785
f 1785/1785/1785 1787/1787/1787 1786/1786/1786
f 1783/1783/1783 1782/1782/1782 1788/1788/1788
f 1788/1788/1788 1789/1789/1789 1783/1783/1783
f 1789/1789/1789 1788/1788/1788 1790/1790/1790
f 1790/1790/1790 1791/1791/1791 1789/1789/1789
f 1791/1791/1791 1790/1790/1790 1792/1792/1792
f 1792/1792/1792 1793/1793/1793 1791/1791/1791
f 1794/1794/1794 1786/1786/1786 1787/1787/1787
f 1787/1787/1787 1795/1795/1795 1794/1794/1794
f 1787/1787/1787 1785/1785/1785 1796/1796/1796
f 1797/1797/1797 1796/1796/1796 1785/1785/1785
f 1785/1785/1785 1776/1776/1776 1797/1797/1797
f 1798/1798/1798 1797/1797/1797 1776/1776/1776
f 1776/1776/1776 1777/1777/1777 1798/1798/1798
f 1796/1796/1796 1799/1799/1799 1787/1787/1787
f 1797/1797/1797 1798/1798/1798 1800/1800/1800
f 1800/1800/1800 1798/1798/1798 1801/1801/1801
f 1801/1801/1801 1802/1802/1802 1800/1800/1800
f 1803/1803/1803 1800/1800/1800 1802/1802/1802
f 1802/1802/1802 1804/1804/1804 1803/1803/1803
f 1805/1805/1805 1804/1804/1804 1802/1802/1802
f 1802/1802/1802 1806/1806/1806 1805/1805/1805
f 1806/1806/1806 1802/1802/1802 1801/1801/1801
f 1804/1804/1804 1805/1805/1805 1603/1603/1603
f 1603/1603/1603 1605/1605/1605 1804/1804/1804
f 1607/1607/1607 1803/1803/1803 1804/1804/1804
f 1804/1804/1804 1605/1605/1605 1607/1607/1607
f 1803/1803/1803 1607/1607/1607 1610/1610/1610
f 1610/1610/1610 1807/1807/1807 1803/1803/1803
f 1603/1603/1603 1805/1805/1805 1808/1808/1808
f 1808/1808/1808 1601/1601/1601 1603/1603/1603
f 1601/1601/1601 1808/1808/1808 1809/1809/1809
f 1809/1809/1809 1599/1599/1599 1601/1601/1601
f 1599/1599/1599 1809/1809/1809 1810/1810/1810
f 1810/1810/1810 1600/1600/1600 1599/1599/1599
f 1811/1811/1811 1808/1808/1808 1805/1805/1805
f 1805/1805/1805 1806/1806/1806 1811/1811/1811
f 1812/1812/1812 1809/1809/1809 1808/1808/1808
f 1808/1808/1808 1811/1811/1811 1812/1812/1812
f 1813/1813/1813 1810/1810/1810 1809/1809/1809
f 1809/1809/1809 1812/1812/1812 1813/1813/1813
f 1811/1811/1811 1806/1806/1806 1814/1814/1814
f 1801/1801/1801 1814/1814/1814 1806/1806/1806
f 1814/1814/1814 1815/1815/1815 1811/1811/1811
f 1816/1816/1816 1812/1812/1812 1811/1811/1811
f 1811/1811/1811 1815/1815/1815 1816/1816/1816
f 1817/1817/1817 1813/1813/1813 1812/1812/1812
f 1812/1812/1812 1816/1816/1816 1817/1817/1817
f 1610/1610/1610 1818/1818/1818 1807/1807/1807
f 1610/1610/1610 1611/1611/1611 1818/1818/1818
f 1818/1818/1818 1611/1611/1611 1819/1819/1819
f 1820/1820/1820 1819/1819/1819 1611/1611/1611
f 1611/1611/1611 1613/1613/1613 1820/1820/1820
f 1820/1820/1820 1613/1613/1613 1615/1615/1615
f 1615/1615/1615 1821/1821/1821 1820/1820/1820
f 1822/1822/1822 1820/1820/1820 1821/1821/1821
f 1819/1819/1819 1820/1820/1820 1822/1822/1822
f 1821/1821/1821 1823/1823/1823 1822/1822/1822
f 1822/1822/1822 1824/1824/1824 1819/1819/1819
f 1825/1825/1825 1818/1818/1818 1819/1819/1819
f 1819/1819/1819 1824/1824/1824 1825/1825/1825
f 1807/1807/1807 1818/1818/1818 1825/1825/1825
f 1825/1825/1825 1826/1826/1826 1807/1807/1807
f 1803/1803/1803 1807/1807/1807 1826/1826/1826
f 1826/1826/1826 1800/1800/1800 1803/1803/1803
f 1799/1799/1799 1822/1822/1822 1823/1823/1823
f 1824/1824/1824 1822/1822/1822 1799/1799/1799
f 1823/1823/1823 1827/1827/1827 1799/1799/1799
f 1800/1800/1800 1826/1826/1826 1797/1797/1797
f 1825/1825/1825 1797/1797/1797 1826/1826/1826
f 1796/1796/1796 1797/1797/1797 1825/1825/1825
f 1799/1799/1799 1796/1796/1796 1824/1824/1824
f 1796/1796/1796 1825/1825/1825 1824/1824/1824
f 1787/1787/1787 1799/1799/1799 1827/1827/1827
f 1827/1827/1827 1795/1795/1795 1787/1787/1787
f 1798/1798/1798 1777/1777/1777 1781/1781/1781
f 1781/1781/1781 1801/1801/1801 1798/1798/1798
f 1814/1814/1814 1801/1801/1801 1781/1781/1781
f 1781/1781/1781 1783/1783/1783 1814/1814/1814
f 1815/1815/1815 1814/1814/1814 1783/1783/1783
f 1783/1783/1783 1789/1789/1789 1815/1815/1815
f 1815/1815/1815 1789/1789/1789 1791/1791/1791
f 1791/1791/1791 1816/1816/1816 1815/1815/1815
f 1816/1816/1816 1791/1791/1791 1793/1793/1793
f 1793/1793/1793 1817/1817/1817 1816/1816/1816
f 1830/1830/1830 1829/1829/1829 1828/1828/1828
f 1830/1830/1830 1750/1750/1750 1829/1829/1829
f 1750/1750/1750 1748/1748/1748 1829/1829/1829
f 1831/1831/1831 1829/1829/1829 1748/1748/1748
f 1828/1828/1828 1829/1829/1829 1831/1831/1831
f 1828/1828/1828 1831/1831/1831 1832/1832/1832
f 1832/1832/1832 1831/1831/1831 1833/1833/1833
f 1831/1831/1831 1834/1834/1834 1833/1833/1833
f 1832/1832/1832 1835/1835/1835 1828/1828/1828
f 1835/1835/1835 1832/1832/1832 1833/1833/1833
f 1835/1835/1835 1836/1836/1836 1828/1828/1828
f 1831/1831/1831 1746/1746/1746 1834/1834/1834
f 1746/1746/1746 1831/1831/1831 1748/1748/1748
f 1746/1746/1746 1744/1744/1744 1834/1834/1834
f 1834/1834/1834 1744/1744/1744 1739/1739/1739
f 1834/1834/1834 1739/1739/1739 1833/1833/1833
f 1836/1836/1836 1835/1835/1835 1837/1837/1837
f 1838/1838/1838 1837/1837/1837 1835/1835/1835
f 1838/1838/1838 1835/1835/1835 1839/1839/1839
f 1835/1835/1835 1833/1833/1833 1839/1839/1839
f 1840/1840/1840 1836/1836/1836 1837/1837/1837
f 1840/1840/1840 1837/1837/1837 1713/1713/1713
f 1837/1837/1837 1712/1712/1712 1713/1713/1713
f 1837/1837/1837 1841/1841/1841 1712/1712/1712
f 1838/1838/1838 1841/1841/1841 1837/1837/1837
f 1841/1841/1841 1838/1838/1838 1842/1842/1842
f 1712/1712/1712 1841/1841/1841 1842/1842/1842
f 1838/1838/1838 1843/1843/1843 1842/1842/1842
f 1838/1838/1838 1839/1839/1839 1843/1843/1843
f 1843/1843/1843 1718/1718/1718 1842/1842/1842
f 1842/1842/1842 1718/1718/1718 1710/1710/1710
f 1711/1711/1711 1842/1842/1842 1710/1710/1710
f 1711/1711/1711 1712/1712/1712 1842/1842/1842
f 1844/1844/1844 1843/1843/1843 1839/1839/1839
f 1844/1844/1844 1728/1728/1728 1843/1843/1843
f 1728/1728/1728 1718/1718/1718 1843/1843/1843
f 1844/1844/1844 1839/1839/1839 1845/1845/1845
f 1844/1844/1844 1845/1845/1845 1846/1846/1846
f 1845/1845/1845 1839/1839/1839 1833/1833/1833
f 1739/1739/1739 1845/1845/1845 1833/1833/1833
f 1845/1845/1845 1739/1739/1739 1846/1846/1846
f 1739/1739/1739 1736/1736/1736 1846/1846/1846
f 1736/1736/1736 1730/1730/1730 1846/1846/1846
f 1730/1730/1730 1729/1729/1729 1846/1846/1846
f 1844/1844/1844 1846/1846/1846 1729/1729/1729
f 1728/1728/1728 1844/1844/1844 1729/1729/1729
f 1693/1693/1693 1699/1699/1699 1708/1708/1708
f 1847/1847/1847 1693/1693/1693 1708/1708/1708
f 1847/1847/1847 1708/1708/1708 1716/1716/1716
f 1847/1847/1847 1716/1716/1716 1721/1721/1721
f 1847/1847/1847 1721/1721/1721 1691/1691/1691
f 1847/1847/1847 1691/1691/1691 1693/1693/1693
f 1684/1684/1684 1691/1691/1691 1721/1721/1721
f 1848/1848/1848 1684/1684/1684 1721/1721/1721
f 1684/1684/1684 1848/1848/1848 1725/1725/1725
f 1682/1682/1682 1684/1684/1684 1725/1725/1725
f 1722/1722/1722 1848/1848/1848 1721/1721/1721
f 1722/1722/1722 1725/1725/1725 1848/1848/1848
f 1531/1531/1531 1414/1414/1414 1407/1407/1407
f 1851/1851/1851 1850/1850/1850 1849/1849/1849
f 1852/1852/1852 1851/1851/1851 1849/1849/1849
f 1852/1852/1852 1853/1853/1853 1851/1851/1851
f 1853/1853/1853 1854/1854/1854 1851/1851/1851
f 1855/1855/1855 1854/1854/1854 1853/1853/1853
f 1856/1856/1856 1855/1855/1855 1853/1853/1853
f 1855/1855/1855 1856/1856/1856 1857/1857/1857
f 1856/1856/1856 1858/1858/1858 1857/1857/1857
f 1859/1859/1859 1849/1849/1849 1850/1850/1850
f 1849/1849/1849 1859/1859/1859 1860/1860/1860
f 1861/1861/1861 1849/1849/1849 1860/1860/1860
f 1849/1849/1849 1861/1861/1861 1852/1852/1852
f 1862/1862/1862 1859/1859/1859 1850/1850/1850
f 1862/1862/1862 1863/1863/1863 1859/1859/1859
f 1863/1863/1863 1864/1864/1864 1859/1859/1859
f 1859/1859/1859 1864/1864/1864 1860/1860/1860
f 1863/1863/1863 1865/1865/1865 1864/1864/1864
f 1865/1865/1865 1866/1866/1866 1864/1864/1864
f 1867/1867/1867 1853/1853/1853 1852/1852/1852
f 1868/1868/1868 1867/1867/1867 1852/1852/1852
f 1869/1869/1869 1856/1856/1856 1853/1853/1853
f 1856/1856/1856 1869/1869/1869 1858/1858/1858
f 1867/1867/1867 1869/1869/1869 1853/1853/1853
f 1870/1870/1870 1866/1866/1866 1865/1865/1865
f 1865/1865/1865 1871/1871/1871 1870/1870/1870
f 1871/1871/1871 1872/1872/1872 1870/1870/1870
f 1873/1873/1873 1866/1866/1866 1870/1870/1870
f 1874/1874/1874 1873/1873/1873 1870/1870/1870
f 1870/1870/1870 1872/1872/1872 1874/1874/1874
f 1861/1861/1861 1860/1860/1860 1875/1875/1875
f 1876/1876/1876 1861/1861/1861 1875/1875/1875
f 1861/1861/1861 1876/1876/1876 1868/1868/1868
f 1877/1877/1877 1867/1867/1867 1868/1868/1868
f 1878/1878/1878 1877/1877/1877 1868/1868/1868
f 1876/1876/1876 1878/1878/1878 1868/1868/1868
f 1876/1876/1876 1778/1778/1778 1878/1878/1878
f 1778/1778/1778 1779/1779/1779 1878/1878/1878
f 1879/1879/1879 1873/1873/1873 1874/1874/1874
f 1880/1880/1880 1879/1879/1879 1874/1874/1874
f 1881/1881/1881 1875/1875/1875 1860/1860/1860
f 1881/1881/1881 1782/1782/1782 1875/1875/1875
f 1782/1782/1782 1780/1780/1780 1875/1875/1875
f 1876/1876/1876 1875/1875/1875 1780/1780/1780
f 1778/1778/1778 1876/1876/1876 1780/1780/1780
f 1788/1788/1788 1782/1782/1782 1881/1881/1881
f 1879/1879/1879 1788/1788/1788 1881/1881/1881
f 1788/1788/1788 1879/1879/1879 1880/1880/1880
f 1882/1882/1882 1881/1881/1881 1860/1860/1860
f 1879/1879/1879 1881/1881/1881 1882/1882/1882
f 1873/1873/1873 1879/1879/1879 1882/1882/1882
f 1784/1784/1784 1877/1877/1877 1878/1878/1878
f 1779/1779/1779 1784/1784/1784 1878/1878/1878
f 1784/1784/1784 1786/1786/1786 1877/1877/1877
f 1786/1786/1786 1883/1883/1883 1877/1877/1877
f 1883/1883/1883 1786/1786/1786 1884/1884/1884
f 1786/1786/1786 1794/1794/1794 1884/1884/1884
f 1883/1883/1883 1884/1884/1884 1885/1885/1885
f 1869/1869/1869 1883/1883/1883 1885/1885/1885
f 1883/1883/1883 1869/1869/1869 1867/1867/1867
f 1877/1877/1877 1883/1883/1883 1867/1867/1867
f 1790/1790/1790 1788/1788/1788 1880/1880/1880
f 1866/1866/1866 1873/1873/1873 1882/1882/1882
f 1864/1864/1864 1866/1866/1866 1882/1882/1882
f 1864/1864/1864 1882/1882/1882 1860/1860/1860
f 1869/1869/1869 1885/1885/1885 1858/1858/1858
f 1792/1792/1792 1790/1790/1790 1880/1880/1880
f 1886/1886/1886 1792/1792/1792 1880/1880/1880
f 1886/1886/1886 1880/1880/1880 1874/1874/1874
f 1887/1887/1887 1886/1886/1886 1874/1874/1874
f 1872/1872/1872 1887/1887/1887 1874/1874/1874
f 1861/1861/1861 1868/1868/1868 1852/1852/1852
f 1890/1890/1890 1889/1889/1889 1888/1888/1888
f 1888/1888/1888 1891/1891/1891 1890/1890/1890
f 1892/1892/1892 1890/1890/1890 1891/1891/1891
f 1891/1891/1891 1893/1893/1893 1892/1892/1892
f 1893/1893/1893 1894/1894/1894 1892/1892/1892
f 1892/1892/1892 1894/1894/1894 1895/1895/1895
f 1894/1894/1894 1896/1896/1896 1895/1895/1895
f 1896/1896/1896 1897/1897/1897 1895/1895/1895
f 1895/1895/1895 1897/1897/1897 1898/1898/1898
f 1897/1897/1897 1899/1899/1899 1898/1898/1898
f 1898/1898/1898 1899/1899/1899 1900/1900/1900
f 1901/1901/1901 1898/1898/1898 1900/1900/1900
f 1898/1898/1898 1901/1901/1901 1902/1902/1902
f 1903/1903/1903 1898/1898/1898 1902/1902/1902
f 1895/1895/1895 1898/1898/1898 1903/1903/1903
f 1904/1904/1904 1895/1895/1895 1903/1903/1903
f 1904/1904/1904 1892/1892/1892 1895/1895/1895
f 1894/1894/1894 1905/1905/1905 1896/1896/1896
f 1905/1905/1905 1894/1894/1894 1893/1893/1893
f 1906/1906/1906 1896/1896/1896 1905/1905/1905
f 1906/1906/1906 1907/1907/1907 1896/1896/1896
f 1907/1907/1907 1908/1908/1908 1896/1896/1896
f 1896/1896/1896 1908/1908/1908 1897/1897/1897
f 1909/1909/1909 1906/1906/1906 1905/1905/1905
f 1909/1909/1909 1905/1905/1905 1910/1910/1910
f 1911/1911/1911 1909/1909/1909 1910/1910/1910
f 1912/1912/1912 1911/1911/1911 1910/1910/1910
f 1913/1913/1913 1912/1912/1912 1910/1910/1910
f 1914/1914/1914 1913/1913/1913 1910/1910/1910
f 1915/1915/1915 1914/1914/1914 1910/1910/1910
f 1905/1905/1905 1915/1915/1915 1910/1910/1910
f 1916/1916/1916 1914/1914/1914 1915/1915/1915
f 1917/1917/1917 1916/1916/1916 1915/1915/1915
f 1918/1918/1918 1911/1911/1911 1912/1912/1912
f 1919/1919/1919 1918/1918/1918 1912/1912/1912
f 1920/1920/1920 1909/1909/1909 1911/1911/1911
f 1918/1918/1918 1920/1920/1920 1911/1911/1911
f 1906/1906/1906 1909/1909/1909 1920/1920/1920
f 1921/1921/1921 1906/1906/1906 1920/1920/1920
f 1922/1922/1922 1907/1907/1907 1906/1906/1906
f 1921/1921/1921 1922/1922/1922 1906/1906/1906
f 1918/1918/1918 1923/1923/1923 1920/1920/1920
f 1923/1923/1923 1924/1924/1924 1920/1920/1920
f 1923/1923/1923 1925/1925/1925 1924/1924/1924
f 1925/1925/1925 1926/1926/1926 1924/1924/1924
f 1926/1926/1926 1927/1927/1927 1924/1924/1924
f 1927/1927/1927 1926/1926/1926 1928/1928/1928
f 1929/1929/1929 1927/1927/1927 1928/1928/1928
f 1929/1929/1929 1930/1930/1930 1927/1927/1927
f 1930/1930/1930 1931/1931/1931 1927/1927/1927
f 1927/1927/1927 1931/1931/1931 1924/1924/1924
f 1924/1924/1924 1931/1931/1931 1932/1932/1932
f 1920/1920/1920 1924/1924/1924 1932/1932/1932
f 1921/1921/1921 1920/1920/1920 1932/1932/1932
f 1931/1931/1931 1933/1933/1933 1932/1932/1932
f 1932/1932/1932 1933/1933/1933 1934/1934/1934
f 1935/1935/1935 1932/1932/1932 1934/1934/1934
f 1921/1921/1921 1932/1932/1932 1935/1935/1935
f 1934/1934/1934 1936/1936/1936 1935/1935/1935
f 1936/1936/1936 1934/1934/1934 1937/1937/1937
f 1938/1938/1938 1936/1936/1936 1937/1937/1937
f 1938/1938/1938 1939/1939/1939 1936/1936/1936
f 1939/1939/1939 1940/1940/1940 1936/1936/1936
f 1936/1936/1936 1940/1940/1940 1935/1935/1935
f 1940/1940/1940 1941/1941/1941 1935/1935/1935
f 1941/1941/1941 1942/1942/1942 1935/1935/1935
f 1942/1942/1942 1941/1941/1941 1943/1943/1943
f 1944/1944/1944 1942/1942/1942 1943/1943/1943
f 1943/1943/1943 1945/1945/1945 1944/1944/1944
f 1943/1943/1943 1946/1946/1946 1945/1945/1945
f 1946/1946/1946 1947/1947/1947 1945/1945/1945
f 1948/1948/1948 1945/1945/1945 1947/1947/1947
f 1945/1945/1945 1948/1948/1948 1944/1944/1944
f 1944/1944/1944 1948/1948/1948 1949/1949/1949
f 1950/1950/1950 1944/1944/1944 1949/1949/1949
f 1950/1950/1950 1949/1949/1949 1951/1951/1951
f 1952/1952/1952 1950/1950/1950 1951/1951/1951
f 1951/1951/1951 1953/1953/1953 1952/1952/1952
f 1953/1953/1953 1954/1954/1954 1952/1952/1952
f 1952/1952/1952 1954/1954/1954 1955/1955/1955
f 1954/1954/1954 1956/1956/1956 1955/1955/1955
f 1955/1955/1955 1956/1956/1956 1957/1957/1957
f 1956/1956/1956 1958/1958/1958 1957/1957/1957
f 1957/1957/1957 1958/1958/1958 1959/1959/1959
f 1958/1958/1958 1960/1960/1960 1959/1959/1959
f 1954/1954/1954 1953/1953/1953 1961/1961/1961
f 1962/1962/1962 1954/1954/1954 1961/1961/1961
f 1963/1963/1963 1956/1956/1956 1954/1954/1954
f 1962/1962/1962 1963/1963/1963 1954/1954/1954
f 1958/1958/1958 1956/1956/1956 1963/1963/1963
f 1964/1964/1964 1962/1962/1962 1961/1961/1961
f 1965/1965/1965 1964/1964/1964 1961/1961/1961
f 1966/1966/1966 1958/1958/1958 1963/1963/1963
f 1966/1966/1966 1960/1960/1960 1958/1958/1958
f 1966/1966/1966 1963/1963/1963 1967/1967/1967
f 1966/1966/1966 1967/1967/1967 1960/1960/1960
f 1963/1963/1963 1968/1968/1968 1967/1967/1967
f 1963/1963/1963 1962/1962/1962 1968/1968/1968
f 1968/1968/1968 1962/1962/1962 1964/1964/1964
f 1969/1969/1969 1967/1967/1967 1968/1968/1968
f 1968/1968/1968 1964/1964/1964 1970/1970/1970
f 1969/1969/1969 1968/1968/1968 1970/1970/1970
f 1971/1971/1971 1969/1969/1969 1970/1970/1970
f 1964/1964/1964 1972/1972/1972 1970/1970/1970
f 1964/1964/1964 1965/1965/1965 1972/1972/1972
f 1965/1965/1965 1973/1973/1973 1972/1972/1972
f 1974/1974/1974 1970/1970/1970 1972/1972/1972
f 1970/1970/1970 1974/1974/1974 1971/1971/1971
f 1971/1971/1971 1974/1974/1974 1975/1975/1975
f 1974/1974/1974 1976/1976/1976 1975/1975/1975
f 1977/1977/1977 1974/1974/1974 1972/1972/1972
f 1977/1977/1977 1972/1972/1972 1973/1973/1973
f 1977/1977/1977 1978/1978/1978 1974/1974/1974
f 1978/1978/1978 1976/1976/1976 1974/1974/1974
f 1977/1977/1977 1973/1973/1973 1979/1979/1979
f 1965/1965/1965 1980/1980/1980 1973/1973/1973
f 1980/1980/1980 1981/1981/1981 1973/1973/1973
f 1979/1979/1979 1973/1973/1973 1981/1981/1981
f 1981/1981/1981 1980/1980/1980 1982/1982/1982
f 1983/1983/1983 1981/1981/1981 1982/1982/1982
f 1984/1984/1984 1979/1979/1979 1981/1981/1981
f 1984/1984/1984 1981/1981/1981 1983/1983/1983
f 1985/1985/1985 1984/1984/1984 1983/1983/1983
f 1971/1971/1971 1975/1975/1975 1986/1986/1986
f 1986/1986/1986 1987/1987/1987 1971/1971/1971
f 1988/1988/1988 1987/1987/1987 1986/1986/1986
f 1987/1987/1987 1988/1988/1988 1989/1989/1989
f 1990/1990/1990 1989/1989/1989 1988/1988/1988
f 1991/1991/1991 1990/1990/1990 1988/1988/1988
f 1989/1989/1989 1990/1990/1990 1992/1992/1992
f 1993/1993/1993 1989/1989/1989 1992/1992/1992
f 1994/1994/1994 1992/1992/1992 1990/1990/1990
f 1995/1995/1995 1994/1994/1994 1990/1990/1990
f 1995/1995/1995 1990/1990/1990 1991/1991/1991
f 1996/1996/1996 1995/1995/1995 1991/1991/1991
f 1996/1996/1996 1991/1991/1991 1997/1997/1997
f 1998/1998/1998 1996/1996/1996 1997/1997/1997
f 1999/1999/1999 1998/1998/1998 1997/1997/1997
f 2000/2000/2000 1999/1999/1999 1997/1997/1997
f 1997/1997/1997 2001/2001/2001 2000/2000/2000
f 2001/2001/2001 1997/1997/1997 1991/1991/1991
f 1988/1988/1988 2001/2001/2001 1991/1991/1991
f 1986/1986/1986 2001/2001/2001 1988/1988/1988
f 2001/2001/2001 2002/2002/2002 2000/2000/2000
f 2000/2000/2000 2002/2002/2002 2003/2003/2003
f 2002/2002/2002 2004/2004/2004 2003/2003/2003
f 2003/2003/2003 2004/2004/2004 2005/2005/2005
f 2006/2006/2006 2003/2003/2003 2005/2005/2005
f 2005/2005/2005 2007/2007/2007 2006/2006/2006
f 2007/2007/2007 2008/2008/2008 2006/2006/2006
f 2003/2003/2003 2006/2006/2006 2009/2009/2009
f 2009/2009/2009 2000/2000/2000 2003/2003/2003
f 2001/2001/2001 2010/2010/2010 2002/2002/2002
f 2010/2010/2010 2011/2011/2011 2002/2002/2002
f 2011/2011/2011 2004/2004/2004 2002/2002/2002
f 2012/2012/2012 1999/1999/1999 2000/2000/2000
f 2009/2009/2009 2012/2012/2012 2000/2000/2000
f 2012/2012/2012 2009/2009/2009 2013/2013/2013
f 2014/2014/2014 2012/2012/2012 2013/2013/2013
f 2015/2015/2015 2014/2014/2014 2013/2013/2013
f 2016/2016/2016 2015/2015/2015 2013/2013/2013
f 2017/2017/2017 2015/2015/2015 2016/2016/2016
f 2018/2018/2018 2017/2017/2017 2016/2016/2016
f 2018/2018/2018 2016/2016/2016 2019/2019/2019
f 2019/2019/2019 2016/2016/2016 2013/2013/2013
f 2013/2013/2013 2020/2020/2020 2019/2019/2019
f 2013/2013/2013 2009/2009/2009 2020/2020/2020
f 2020/2020/2020 2021/2021/2021 2019/2019/2019
f 2021/2021/2021 2020/2020/2020 2022/2022/2022
f 2020/2020/2020 2023/2023/2023 2022/2022/2022
f 2022/2022/2022 2023/2023/2023 2024/2024/2024
f 2023/2023/2023 2025/2025/2025 2024/2024/2024
f 2026/2026/2026 2018/2018/2018 2019/2019/2019
f 2019/2019/2019 2027/2027/2027 2026/2026/2026
f 2027/2027/2027 2019/2019/2019 2021/2021/2021
f 2021/2021/2021 2028/2028/2028 2027/2027/2027
f 2028/2028/2028 2021/2021/2021 2022/2022/2022
f 2022/2022/2022 2029/2029/2029 2028/2028/2028
f 2029/2029/2029 2022/2022/2022 2024/2024/2024
f 2024/2024/2024 2030/2030/2030 2029/2029/2029
f 2030/2030/2030 2024/2024/2024 2025/2025/2025
f 2030/2030/2030 2031/2031/2031 2029/2029/2029
f 2030/2030/2030 2032/2032/2032 2031/2031/2031
f 2032/2032/2032 2033/2033/2033 2031/2031/2031
f 2032/2032/2032 2030/2030/2030 2034/2034/2034
f 2035/2035/2035 2032/2032/2032 2034/2034/2034
f 2033/2033/2033 2032/2032/2032 2035/2035/2035
f 2036/2036/2036 2033/2033/2033 2035/2035/2035
f 2037/2037/2037 2035/2035/2035 2034/2034/2034
f 2037/2037/2037 2034/2034/2034 2038/2038/2038
f 2039/2039/2039 2037/2037/2037 2038/2038/2038
f 2039/2039/2039 2038/2038/2038 2040/2040/2040
f 2041/2041/2041 2039/2039/2039 2040/2040/2040
f 2030/2030/2030 2042/2042/2042 2034/2034/2034
f 2034/2034/2034 2042/2042/2042 2043/2043/2043
f 2038/2038/2038 2034/2034/2034 2043/2043/2043
f 2038/2038/2038 2043/2043/2043 2007/2007/2007
f 2040/2040/2040 2038/2038/2038 2007/2007/2007
f 2041/2041/2041 2040/2040/2040 2044/2044/2044
f 2045/2045/2045 2043/2043/2043 2042/2042/2042
f 2025/2025/2025 2045/2045/2045 2042/2042/2042
f 2043/2043/2043 2045/2045/2045 2008/2008/2008
f 2007/2007/2007 2043/2043/2043 2008/2008/2008
f 2008/2008/2008 2045/2045/2045 2046/2046/2046
f 2045/2045/2045 2025/2025/2025 2046/2046/2046
f 2046/2046/2046 2047/2047/2047 2008/2008/2008
f 2048/2048/2048 2041/2041/2041 2044/2044/2044
f 2049/2049/2049 2048/2048/2048 2044/2044/2044
f 2048/2048/2048 2049/2049/2049 2050/2050/2050
f 2051/2051/2051 2048/2048/2048 2050/2050/2050
f 2052/2052/2052 2051/2051/2051 2050/2050/2050
f 2053/2053/2053 2052/2052/2052 2050/2050/2050
f 2051/2051/2051 2052/2052/2052 2054/2054/2054
f 2054/2054/2054 2052/2052/2052 2055/2055/2055
f 2054/2054/2054 2055/2055/2055 2056/2056/2056
f 2055/2055/2055 2057/2057/2057 2056/2056/2056
f 2056/2056/2056 2057/2057/2057 2058/2058/2058
f 2057/2057/2057 2059/2059/2059 2058/2058/2058
f 2060/2060/2060 2059/2059/2059 2057/2057/2057
f 2060/2060/2060 2061/2061/2061 2059/2059/2059
f 2061/2061/2061 2062/2062/2062 2059/2059/2059
f 2063/2063/2063 2060/2060/2060 2057/2057/2057
f 2064/2064/2064 2058/2058/2058 2059/2059/2059
f 2062/2062/2062 2064/2064/2064 2059/2059/2059
f 2058/2058/2058 2064/2064/2064 2065/2065/2065
f 2066/2066/2066 2058/2058/2058 2065/2065/2065
f 2056/2056/2056 2058/2058/2058 2066/2066/2066
f 2067/2067/2067 2056/2056/2056 2066/2066/2066
f 2068/2068/2068 2063/2063/2063 2057/2057/2057
f 2055/2055/2055 2068/2068/2068 2057/2057/2057
f 2069/2069/2069 2054/2054/2054 2056/2056/2056
f 2067/2067/2067 2069/2069/2069 2056/2056/2056
f 2070/2070/2070 2068/2068/2068 2055/2055/2055
f 2071/2071/2071 2070/2070/2070 2055/2055/2055
f 2069/2069/2069 2067/2067/2067 2072/2072/2072
f 2072/2072/2072 2048/2048/2048 2069/2069/2069
f 2048/2048/2048 2051/2051/2051 2069/2069/2069
f 2069/2069/2069 2051/2051/2051 2054/2054/2054
f 2041/2041/2041 2048/2048/2048 2072/2072/2072
f 2039/2039/2039 2041/2041/2041 2072/2072/2072
f 2067/2067/2067 2073/2073/2073 2072/2072/2072
f 2039/2039/2039 2072/2072/2072 2073/2073/2073
f 2037/2037/2037 2039/2039/2039 2073/2073/2073
f 2073/2073/2073 2074/2074/2074 2037/2037/2037
f 2074/2074/2074 2073/2073/2073 2067/2067/2067
f 2066/2066/2066 2074/2074/2074 2067/2067/2067
f 2074/2074/2074 2035/2035/2035 2037/2037/2037
f 2075/2075/2075 2035/2035/2035 2074/2074/2074
f 2075/2075/2075 2074/2074/2074 2066/2066/2066
f 2065/2065/2065 2075/2075/2075 2066/2066/2066
f 2070/2070/2070 2071/2071/2071 2076/2076/2076
f 2071/2071/2071 2077/2077/2077 2076/2076/2076
f 2077/2077/2077 2071/2071/2071 2053/2053/2053
f 2071/2071/2071 2052/2052/2052 2053/2053/2053
f 2052/2052/2052 2071/2071/2071 2055/2055/2055
f 2075/2075/2075 2036/2036/2036 2035/2035/2035
f 2070/2070/2070 2076/2076/2076 2078/2078/2078
f 2079/2079/2079 2070/2070/2070 2078/2078/2078
f 2078/2078/2078 2080/2080/2080 2079/2079/2079
f 2080/2080/2080 2081/2081/2081 2079/2079/2079
f 2079/2079/2079 2081/2081/2081 2082/2082/2082
f 2081/2081/2081 2083/2083/2083 2082/2082/2082
f 2082/2082/2082 2083/2083/2083 2084/2084/2084
f 2083/2083/2083 2085/2085/2085 2084/2084/2084
f 2084/2084/2084 2085/2085/2085 2086/2086/2086
f 2085/2085/2085 2087/2087/2087 2086/2086/2086
f 2086/2086/2086 2087/2087/2087 2088/2088/2088
f 2089/2089/2089 2086/2086/2086 2088/2088/2088
f 2090/2090/2090 2088/2088/2088 2087/2087/2087
f 2091/2091/2091 2090/2090/2090 2087/2087/2087
f 2092/2092/2092 2090/2090/2090 2091/2091/2091
f 2093/2093/2093 2092/2092/2092 2091/2091/2091
f 2094/2094/2094 2093/2093/2093 2091/2091/2091
f 2095/2095/2095 2094/2094/2094 2091/2091/2091
f 2095/2095/2095 2091/2091/2091 2087/2087/2087
f 2085/2085/2085 2095/2095/2095 2087/2087/2087
f 2096/2096/2096 2093/2093/2093 2094/2094/2094
f 2097/2097/2097 2096/2096/2096 2094/2094/2094
f 2098/2098/2098 2097/2097/2097 2094/2094/2094
f 2099/2099/2099 2098/2098/2098 2094/2094/2094
f 2099/2099/2099 2094/2094/2094 2095/2095/2095
f 2100/2100/2100 2099/2099/2099 2095/2095/2095
f 2100/2100/2100 2095/2095/2095 2085/2085/2085
f 2083/2083/2083 2100/2100/2100 2085/2085/2085
f 2101/2101/2101 2099/2099/2099 2100/2100/2100
f 2102/2102/2102 2101/2101/2101 2100/2100/2100
f 2102/2102/2102 2100/2100/2100 2083/2083/2083
f 2099/2099/2099 2101/2101/2101 2103/2103/2103
f 2098/2098/2098 2099/2099/2099 2103/2103/2103
f 2098/2098/2098 2103/2103/2103 2104/2104/2104
f 2081/2081/2081 2102/2102/2102 2083/2083/2083
f 2105/2105/2105 2103/2103/2103 2101/2101/2101
f 2106/2106/2106 2105/2105/2105 2101/2101/2101
f 2106/2106/2106 2101/2101/2101 2102/2102/2102
f 2107/2107/2107 2106/2106/2106 2102/2102/2102
f 2107/2107/2107 2102/2102/2102 2081/2081/2081
f 2080/2080/2080 2107/2107/2107 2081/2081/2081
f 2104/2104/2104 2108/2108/2108 2098/2098/2098
f 2108/2108/2108 2097/2097/2097 2098/2098/2098
f 2108/2108/2108 2109/2109/2109 2097/2097/2097
f 2110/2110/2110 2109/2109/2109 2108/2108/2108
f 2111/2111/2111 2110/2110/2110 2108/2108/2108
f 2111/2111/2111 2108/2108/2108 2104/2104/2104
f 2111/2111/2111 2104/2104/2104 2112/2112/2112
f 2112/2112/2112 2103/2103/2103 2105/2105/2105
f 2103/2103/2103 2112/2112/2112 2104/2104/2104
f 2113/2113/2113 2109/2109/2109 2110/2110/2110
f 2114/2114/2114 2113/2113/2113 2110/2110/2110
f 2115/2115/2115 2113/2113/2113 2114/2114/2114
f 2115/2115/2115 2096/2096/2096 2113/2113/2113
f 2096/2096/2096 2097/2097/2097 2113/2113/2113
f 2109/2109/2109 2113/2113/2113 2097/2097/2097
f 2116/2116/2116 2096/2096/2096 2115/2115/2115
f 2096/2096/2096 2116/2116/2116 2093/2093/2093
f 2116/2116/2116 2092/2092/2092 2093/2093/2093
f 2118/2118/2118 1890/1890/1890 2117/2117/2117
f 2119/2119/2119 2118/2118/2118 2117/2117/2117
f 1903/1903/1903 2119/2119/2119 2117/2117/2117
f 2119/2119/2119 1903/1903/1903 1902/1902/1902
f 2117/2117/2117 1904/1904/1904 1903/1903/1903
f 1904/1904/1904 2117/2117/2117 1892/1892/1892
f 1890/1890/1890 1892/1892/1892 2117/2117/2117
f 1890/1890/1890 2118/2118/2118 1889/1889/1889
f 2120/2120/2120 1888/1888/1888 1889/1889/1889
f 2120/2120/2120 2121/2121/2121 1888/1888/1888
f 2122/2122/2122 2121/2121/2121 2120/2120/2120
f 2123/2123/2123 2121/2121/2121 2122/2122/2122
f 2124/2124/2124 2123/2123/2123 2122/2122/2122
f 2124/2124/2124 2125/2125/2125 2123/2123/2123
f 2125/2125/2125 2126/2126/2126 2123/2123/2123
f 2123/2123/2123 2126/2126/2126 2127/2127/2127
f 2126/2126/2126 2128/2128/2128 2127/2127/2127
f 2127/2127/2127 2128/2128/2128 2129/2129/2129
f 2128/2128/2128 2130/2130/2130 2129/2129/2129
f 2130/2130/2130 2128/2128/2128 2131/2131/2131
f 2132/2132/2132 2130/2130/2130 2131/2131/2131
f 2133/2133/2133 2131/2131/2131 2128/2128/2128
f 2126/2126/2126 2133/2133/2133 2128/2128/2128
f 2126/2126/2126 2125/2125/2125 2133/2133/2133
f 2134/2134/2134 2131/2131/2131 2133/2133/2133
f 2132/2132/2132 2131/2131/2131 2134/2134/2134
f 2135/2135/2135 2134/2134/2134 2133/2133/2133
f 2133/2133/2133 2136/2136/2136 2135/2135/2135
f 2125/2125/2125 2136/2136/2136 2133/2133/2133
f 2136/2136/2136 2137/2137/2137 2135/2135/2135
f 2138/2138/2138 2135/2135/2135 2137/2137/2137
f 2139/2139/2139 2138/2138/2138 2137/2137/2137
f 2140/2140/2140 2132/2132/2132 2134/2134/2134
f 2141/2141/2141 2140/2140/2140 2134/2134/2134
f 2142/2142/2142 2141/2141/2141 2134/2134/2134
f 2142/2142/2142 2134/2134/2134 2135/2135/2135
f 2138/2138/2138 2142/2142/2142 2135/2135/2135
f 2141/2141/2141 2142/2142/2142 2143/2143/2143
f 2143/2143/2143 2142/2142/2142 2138/2138/2138
f 2144/2144/2144 2141/2141/2141 2143/2143/2143
f 2144/2144/2144 2143/2143/2143 2145/2145/2145
f 2146/2146/2146 2144/2144/2144 2145/2145/2145
f 2147/2147/2147 2143/2143/2143 2138/2138/2138
f 2145/2145/2145 2143/2143/2143 2147/2147/2147
f 2138/2138/2138 2139/2139/2139 2147/2147/2147
f 2148/2148/2148 2145/2145/2145 2147/2147/2147
f 2149/2149/2149 2145/2145/2145 2148/2148/2148
f 2145/2145/2145 2149/2149/2149 2146/2146/2146
f 2150/2150/2150 2149/2149/2149 2148/2148/2148
f 2139/2139/2139 2151/2151/2151 2147/2147/2147
f 2148/2148/2148 2147/2147/2147 2151/2151/2151
f 2152/2152/2152 2148/2148/2148 2151/2151/2151
f 2150/2150/2150 2148/2148/2148 2152/2152/2152
f 2153/2153/2153 2150/2150/2150 2152/2152/2152
f 2154/2154/2154 2150/2150/2150 2153/2153/2153
f 2155/2155/2155 2154/2154/2154 2153/2153/2153
f 2156/2156/2156 2149/2149/2149 2150/2150/2150
f 2154/2154/2154 2156/2156/2156 2150/2150/2150
f 2157/2157/2157 2156/2156/2156 2154/2154/2154
f 2158/2158/2158 2157/2157/2157 2154/2154/2154
f 2154/2154/2154 2155/2155/2155 2158/2158/2158
f 2159/2159/2159 2156/2156/2156 2157/2157/2157
f 2160/2160/2160 2159/2159/2159 2157/2157/2157
f 2161/2161/2161 2157/2157/2157 2158/2158/2158
f 2160/2160/2160 2157/2157/2157 2161/2161/2161
f 2162/2162/2162 2161/2161/2161 2158/2158/2158
f 2163/2163/2163 2160/2160/2160 2161/2161/2161
f 2156/2156/2156 2159/2159/2159 2164/2164/2164
f 2149/2149/2149 2156/2156/2156 2164/2164/2164
f 2149/2149/2149 2164/2164/2164 2146/2146/2146
f 2165/2165/2165 2162/2162/2162 2158/2158/2158
f 2158/2158/2158 2155/2155/2155 2165/2165/2165
f 2168/2168/2168 2167/2167/2167 2166/2166/2166
f 2169/2169/2169 2167/2167/2167 2168/2168/2168
f 2169/2169/2169 2168/2168/2168 2170/2170/2170
f 2171/2171/2171 2169/2169/2169 2170/2170/2170
f 2172/2172/2172 2169/2169/2169 2171/2171/2171
f 2173/2173/2173 2169/2169/2169 2172/2172/2172
f 2169/2169/2169 2173/2173/2173 2167/2167/2167
f 2174/2174/2174 2173/2173/2173 2172/2172/2172
f 2175/2175/2175 2174/2174/2174 2172/2172/2172
f 2176/2176/2176 2175/2175/2175 2172/2172/2172
f 2177/2177/2177 2175/2175/2175 2176/2176/2176
f 2178/2178/2178 2177/2177/2177 2176/2176/2176
f 2174/2174/2174 2175/2175/2175 2179/2179/2179
f 2175/2175/2175 2180/2180/2180 2179/2179/2179
f 2175/2175/2175 2177/2177/2177 2180/2180/2180
f 2181/2181/2181 2174/2174/2174 2179/2179/2179
f 2173/2173/2173 2174/2174/2174 2181/2181/2181
f 2182/2182/2182 2179/2179/2179 2180/2180/2180
f 2182/2182/2182 2180/2180/2180 2183/2183/2183
f 2183/2183/2183 2180/2180/2180 2177/2177/2177
f 2183/2183/2183 2177/2177/2177 2184/2184/2184
f 2184/2184/2184 2177/2177/2177 2178/2178/2178
f 2184/2184/2184 2178/2178/2178 2185/2185/2185
f 2182/2182/2182 2183/2183/2183 2186/2186/2186
f 2182/2182/2182 2186/2186/2186 2187/2187/2187
f 2188/2188/2188 2182/2182/2182 2187/2187/2187
f 2187/2187/2187 2189/2189/2189 2188/2188/2188
f 2189/2189/2189 2044/2044/2044 2188/2188/2188
f 2188/2188/2188 2044/2044/2044 2005/2005/2005
f 2004/2004/2004 2188/2188/2188 2005/2005/2005
f 2188/2188/2188 2004/2004/2004 2182/2182/2182
f 2182/2182/2182 2004/2004/2004 2190/2190/2190
f 2179/2179/2179 2190/2190/2190 2181/2181/2181
f 2182/2182/2182 2190/2190/2190 2179/2179/2179
f 2190/2190/2190 2191/2191/2191 2181/2181/2181
f 2192/2192/2192 2181/2181/2181 2191/2191/2191
f 2193/2193/2193 2192/2192/2192 2191/2191/2191
f 2190/2190/2190 2011/2011/2011 2191/2191/2191
f 2011/2011/2011 2193/2193/2193 2191/2191/2191
f 2004/2004/2004 2011/2011/2011 2190/2190/2190
f 2192/2192/2192 2193/2193/2193 2194/2194/2194
f 2193/2193/2193 2195/2195/2195 2194/2194/2194
f 2195/2195/2195 2193/2193/2193 2010/2010/2010
f 2193/2193/2193 2011/2011/2011 2010/2010/2010
f 2196/2196/2196 2194/2194/2194 2195/2195/2195
f 2194/2194/2194 2196/2196/2196 2197/2197/2197
f 2198/2198/2198 2194/2194/2194 2197/2197/2197
f 2197/2197/2197 2199/2199/2199 2198/2198/2198
f 2199/2199/2199 2200/2200/2200 2198/2198/2198
f 2197/2197/2197 2196/2196/2196 2201/2201/2201
f 2196/2196/2196 2202/2202/2202 2201/2201/2201
f 2202/2202/2202 2196/2196/2196 2203/2203/2203
f 2204/2204/2204 2199/2199/2199 2197/2197/2197
f 2201/2201/2201 2204/2204/2204 2197/2197/2197
f 2195/2195/2195 2205/2205/2205 2196/2196/2196
f 2205/2205/2205 2195/2195/2195 2010/2010/2010
f 2010/2010/2010 2203/2203/2203 2205/2205/2205
f 2196/2196/2196 2205/2205/2205 2203/2203/2203
f 2201/2201/2201 2206/2206/2206 2204/2204/2204
f 2206/2206/2206 2201/2201/2201 2202/2202/2202
f 2206/2206/2206 2207/2207/2207 2204/2204/2204
f 2204/2204/2204 2207/2207/2207 2208/2208/2208
f 2209/2209/2209 2204/2204/2204 2208/2208/2208
f 2199/2199/2199 2204/2204/2204 2209/2209/2209
f 2210/2210/2210 2199/2199/2199 2209/2209/2209
f 2200/2200/2200 2199/2199/2199 2210/2210/2210
f 2211/2211/2211 2200/2200/2200 2210/2210/2210
f 2211/2211/2211 2212/2212/2212 2200/2200/2200
f 2212/2212/2212 2213/2213/2213 2200/2200/2200
f 2167/2167/2167 2200/2200/2200 2213/2213/2213
f 2202/2202/2202 2214/2214/2214 2206/2206/2206
f 2214/2214/2214 2202/2202/2202 2203/2203/2203
f 2215/2215/2215 2214/2214/2214 2203/2203/2203
f 1976/1976/1976 2214/2214/2214 2215/2215/2215
f 2214/2214/2214 1976/1976/1976 2216/2216/2216
f 2217/2217/2217 2214/2214/2214 2216/2216/2216
f 2214/2214/2214 2217/2217/2217 2206/2206/2206
f 2218/2218/2218 2206/2206/2206 2217/2217/2217
f 2219/2219/2219 2218/2218/2218 2217/2217/2217
f 2216/2216/2216 2219/2219/2219 2217/2217/2217
f 2220/2220/2220 2219/2219/2219 2216/2216/2216
f 1978/1978/1978 2220/2220/2220 2216/2216/2216
f 1976/1976/1976 1978/1978/1978 2216/2216/2216
f 2219/2219/2219 2220/2220/2220 2221/2221/2221
f 2221/2221/2221 2220/2220/2220 2222/2222/2222
f 2220/2220/2220 2223/2223/2223 2222/2222/2222
f 2220/2220/2220 1978/1978/1978 2223/2223/2223
f 2224/2224/2224 2219/2219/2219 2221/2221/2221
f 2218/2218/2218 2219/2219/2219 2224/2224/2224
f 2225/2225/2225 2218/2218/2218 2224/2224/2224
f 2226/2226/2226 2218/2218/2218 2225/2225/2225
f 2227/2227/2227 2226/2226/2226 2225/2225/2225
f 1976/1976/1976 2215/2215/2215 1975/1975/1975
f 1986/1986/1986 1975/1975/1975 2215/2215/2215
f 2223/2223/2223 1978/1978/1978 1977/1977/1977
f 2228/2228/2228 2223/2223/2223 1977/1977/1977
f 1979/1979/1979 2228/2228/2228 1977/1977/1977
f 2218/2218/2218 2226/2226/2226 2206/2206/2206
f 2226/2226/2226 2229/2229/2229 2206/2206/2206
f 2229/2229/2229 2207/2207/2207 2206/2206/2206
f 2222/2222/2222 2230/2230/2230 2221/2221/2221
f 2224/2224/2224 2231/2231/2231 2225/2225/2225
f 2232/2232/2232 2231/2231/2231 2224/2224/2224
f 2232/2232/2232 2230/2230/2230 2233/2233/2233
f 2234/2234/2234 2232/2232/2232 2233/2233/2233
f 2232/2232/2232 2234/2234/2234 2231/2231/2231
f 2234/2234/2234 2233/2233/2233 2235/2235/2235
f 2236/2236/2236 2234/2234/2234 2235/2235/2235
f 2234/2234/2234 2236/2236/2236 2237/2237/2237
f 2234/2234/2234 2237/2237/2237 2231/2231/2231
f 2236/2236/2236 2238/2238/2238 2237/2237/2237
f 2237/2237/2237 2238/2238/2238 2239/2239/2239
f 2238/2238/2238 2240/2240/2240 2239/2239/2239
f 2239/2239/2239 2240/2240/2240 2241/2241/2241
f 2240/2240/2240 2242/2242/2242 2241/2241/2241
f 2236/2236/2236 2235/2235/2235 2243/2243/2243
f 2244/2244/2244 2236/2236/2236 2243/2243/2243
f 2238/2238/2238 2236/2236/2236 2244/2244/2244
f 2230/2230/2230 2232/2232/2232 2221/2221/2221
f 2221/2221/2221 2232/2232/2232 2224/2224/2224
f 2245/2245/2245 2238/2238/2238 2244/2244/2244
f 2240/2240/2240 2238/2238/2238 2245/2245/2245
f 2237/2237/2237 2239/2239/2239 2246/2246/2246
f 2231/2231/2231 2237/2237/2237 2246/2246/2246
f 2231/2231/2231 2246/2246/2246 2225/2225/2225
f 2247/2247/2247 2240/2240/2240 2245/2245/2245
f 2242/2242/2242 2240/2240/2240 2247/2247/2247
f 2225/2225/2225 2246/2246/2246 2227/2227/2227
f 2246/2246/2246 2248/2248/2248 2227/2227/2227
f 2239/2239/2239 2241/2241/2241 2248/2248/2248
f 2246/2246/2246 2239/2239/2239 2248/2248/2248
f 2249/2249/2249 2242/2242/2242 2247/2247/2247
f 2243/2243/2243 2250/2250/2250 2244/2244/2244
f 2250/2250/2250 2251/2251/2251 2244/2244/2244
f 2244/2244/2244 2251/2251/2251 2245/2245/2245
f 2250/2250/2250 2252/2252/2252 2251/2251/2251
f 2252/2252/2252 2253/2253/2253 2251/2251/2251
f 2252/2252/2252 2254/2254/2254 2253/2253/2253
f 2254/2254/2254 2255/2255/2255 2253/2253/2253
f 2253/2253/2253 2255/2255/2255 2256/2256/2256
f 2255/2255/2255 2257/2257/2257 2256/2256/2256
f 2256/2256/2256 2257/2257/2257 2258/2258/2258
f 2257/2257/2257 2259/2259/2259 2258/2258/2258
f 2255/2255/2255 2254/2254/2254 2260/2260/2260
f 2261/2261/2261 2255/2255/2255 2260/2260/2260
f 2257/2257/2257 2255/2255/2255 2261/2261/2261
f 2261/2261/2261 2260/2260/2260 2262/2262/2262
f 2263/2263/2263 2261/2261/2261 2262/2262/2262
f 2264/2264/2264 2261/2261/2261 2263/2263/2263
f 2264/2264/2264 2257/2257/2257 2261/2261/2261
f 2259/2259/2259 2257/2257/2257 2264/2264/2264
f 2265/2265/2265 2264/2264/2264 2263/2263/2263
f 2266/2266/2266 2264/2264/2264 2265/2265/2265
f 2266/2266/2266 2259/2259/2259 2264/2264/2264
f 2267/2267/2267 2266/2266/2266 2265/2265/2265
f 2267/2267/2267 2268/2268/2268 2266/2266/2266
f 2268/2268/2268 2269/2269/2269 2266/2266/2266
f 2270/2270/2270 2267/2267/2267 2265/2265/2265
f 2271/2271/2271 2270/2270/2270 2265/2265/2265
f 2272/2272/2272 2271/2271/2271 2265/2265/2265
f 2263/2263/2263 2272/2272/2272 2265/2265/2265
f 2273/2273/2273 2272/2272/2272 2263/2263/2263
f 2262/2262/2262 2273/2273/2273 2263/2263/2263
f 2271/2271/2271 2272/2272/2272 2274/2274/2274
f 2267/2267/2267 2270/2270/2270 2275/2275/2275
f 2268/2268/2268 2267/2267/2267 2275/2275/2275
f 2276/2276/2276 2275/2275/2275 2270/2270/2270
f 2276/2276/2276 2270/2270/2270 2277/2277/2277
f 2270/2270/2270 2271/2271/2271 2277/2277/2277
f 2277/2277/2277 2271/2271/2271 2278/2278/2278
f 2271/2271/2271 2274/2274/2274 2278/2278/2278
f 2279/2279/2279 2272/2272/2272 2273/2273/2273
f 2272/2272/2272 2279/2279/2279 2274/2274/2274
f 2269/2269/2269 2280/2280/2280 2266/2266/2266
f 2280/2280/2280 2259/2259/2259 2266/2266/2266
f 2280/2280/2280 2281/2281/2281 2259/2259/2259
f 2281/2281/2281 2258/2258/2258 2259/2259/2259
f 2281/2281/2281 2282/2282/2282 2258/2258/2258
f 2282/2282/2282 2283/2283/2283 2258/2258/2258
f 2256/2256/2256 2258/2258/2258 2283/2283/2283
f 2284/2284/2284 2256/2256/2256 2283/2283/2283
f 2253/2253/2253 2256/2256/2256 2284/2284/2284
f 2251/2251/2251 2253/2253/2253 2284/2284/2284
f 2251/2251/2251 2284/2284/2284 2245/2245/2245
f 2284/2284/2284 2283/2283/2283 2247/2247/2247
f 2245/2245/2245 2284/2284/2284 2247/2247/2247
f 2247/2247/2247 2283/2283/2283 2282/2282/2282
f 2249/2249/2249 2247/2247/2247 2282/2282/2282
f 2010/2010/2010 1986/1986/1986 2215/2215/2215
f 2215/2215/2215 2203/2203/2203 2010/2010/2010
f 2010/2010/2010 2001/2001/2001 1986/1986/1986
f 2287/2287/2287 2286/2286/2286 2285/2285/2285
f 2287/2287/2287 2288/2288/2288 2286/2286/2286
f 2288/2288/2288 2289/2289/2289 2286/2286/2286
f 2286/2286/2286 2289/2289/2289 2290/2290/2290
f 2291/2291/2291 2286/2286/2286 2290/2290/2290
f 2291/2291/2291 2285/2285/2285 2286/2286/2286
f 2292/2292/2292 2287/2287/2287 2285/2285/2285
f 2293/2293/2293 2292/2292/2292 2285/2285/2285
f 2285/2285/2285 2291/2291/2291 2294/2294/2294
f 2295/2295/2295 2292/2292/2292 2293/2293/2293
f 2292/2292/2292 2295/2295/2295 2296/2296/2296
f 2287/2287/2287 2292/2292/2292 2296/2296/2296
f 2288/2288/2288 2287/2287/2287 2296/2296/2296
f 2295/2295/2295 2297/2297/2297 2296/2296/2296
f 2295/2295/2295 2298/2298/2298 2297/2297/2297
f 2298/2298/2298 2299/2299/2299 2297/2297/2297
f 2298/2298/2298 2300/2300/2300 2299/2299/2299
f 2300/2300/2300 2298/2298/2298 2301/2301/2301
f 2298/2298/2298 2302/2302/2302 2301/2301/2301
f 2298/2298/2298 2295/2295/2295 2302/2302/2302
f 2300/2300/2300 2303/2303/2303 2299/2299/2299
f 2296/2296/2296 2304/2304/2304 2288/2288/2288
f 2296/2296/2296 2297/2297/2297 2304/2304/2304
f 2300/2300/2300 2301/2301/2301 2305/2305/2305
f 2301/2301/2301 2306/2306/2306 2305/2305/2305
f 2295/2295/2295 2307/2307/2307 2302/2302/2302
f 2307/2307/2307 2295/2295/2295 2293/2293/2293
f 2300/2300/2300 2305/2305/2305 2308/2308/2308
f 2303/2303/2303 2300/2300/2300 2308/2308/2308
f 2308/2308/2308 2305/2305/2305 2309/2309/2309
f 2305/2305/2305 2310/2310/2310 2309/2309/2309
f 2310/2310/2310 2305/2305/2305 2306/2306/2306
f 2311/2311/2311 2310/2310/2310 2306/2306/2306
f 2299/2299/2299 2303/2303/2303 2312/2312/2312
f 2303/2303/2303 2313/2313/2313 2312/2312/2312
f 2299/2299/2299 2312/2312/2312 2314/2314/2314
f 2297/2297/2297 2299/2299/2299 2314/2314/2314
f 2297/2297/2297 2314/2314/2314 2304/2304/2304
f 2315/2315/2315 2313/2313/2313 2303/2303/2303
f 2308/2308/2308 2315/2315/2315 2303/2303/2303
f 2316/2316/2316 2315/2315/2315 2308/2308/2308
f 2309/2309/2309 2316/2316/2316 2308/2308/2308
f 2304/2304/2304 2317/2317/2317 2288/2288/2288
f 2288/2288/2288 2317/2317/2317 2289/2289/2289
f 2317/2317/2317 2318/2318/2318 2289/2289/2289
f 2289/2289/2289 2318/2318/2318 2319/2319/2319
f 2290/2290/2290 2289/2289/2289 2319/2319/2319
f 2319/2319/2319 2320/2320/2320 2290/2290/2290
f 2320/2320/2320 2321/2321/2321 2290/2290/2290
f 2321/2321/2321 2320/2320/2320 2322/2322/2322
f 2323/2323/2323 2321/2321/2321 2322/2322/2322
f 2290/2290/2290 2321/2321/2321 2291/2291/2291
f 2321/2321/2321 2324/2324/2324 2291/2291/2291
f 2291/2291/2291 2324/2324/2324 2294/2294/2294
f 2294/2294/2294 2324/2324/2324 2325/2325/2325
f 2324/2324/2324 2326/2326/2326 2325/2325/2325
f 2321/2321/2321 2323/2323/2323 2326/2326/2326
f 2324/2324/2324 2321/2321/2321 2326/2326/2326
f 2327/2327/2327 2323/2323/2323 2322/2322/2322
f 2328/2328/2328 1925/1925/1925 1923/1923/1923
f 2329/2329/2329 2328/2328/2328 1923/1923/1923
f 2329/2329/2329 1923/1923/1923 1918/1918/1918
f 1919/1919/1919 2329/2329/2329 1918/1918/1918
f 2328/2328/2328 2330/2330/2330 1925/1925/1925
f 2330/2330/2330 2331/2331/2331 1925/1925/1925
f 1925/1925/1925 2331/2331/2331 1926/1926/1926
f 2331/2331/2331 2332/2332/2332 1926/1926/1926
f 1926/1926/1926 2332/2332/2332 2333/2333/2333
f 1928/1928/1928 1926/1926/1926 2333/2333/2333
f 2331/2331/2331 2330/2330/2330 2334/2334/2334
f 2335/2335/2335 2331/2331/2331 2334/2334/2334
f 2331/2331/2331 2335/2335/2335 2332/2332/2332
f 2335/2335/2335 2334/2334/2334 2336/2336/2336
f 2337/2337/2337 2335/2335/2335 2336/2336/2336
f 2338/2338/2338 2335/2335/2335 2337/2337/2337
f 2335/2335/2335 2338/2338/2338 2332/2332/2332
f 2332/2332/2332 2338/2338/2338 2333/2333/2333
f 2339/2339/2339 2338/2338/2338 2337/2337/2337
f 2337/2337/2337 2336/2336/2336 2340/2340/2340
f 2341/2341/2341 2337/2337/2337 2340/2340/2340
f 2339/2339/2339 2337/2337/2337 2341/2341/2341
f 2341/2341/2341 2340/2340/2340 2342/2342/2342
f 2343/2343/2343 2341/2341/2341 2342/2342/2342
f 2341/2341/2341 2343/2343/2343 2344/2344/2344
f 2344/2344/2344 2339/2339/2339 2341/2341/2341
f 2345/2345/2345 2339/2339/2339 2344/2344/2344
f 2346/2346/2346 2345/2345/2345 2344/2344/2344
f 2343/2343/2343 2347/2347/2347 2344/2344/2344
f 2338/2338/2338 2348/2348/2348 2333/2333/2333
f 2348/2348/2348 2338/2338/2338 2339/2339/2339
f 2345/2345/2345 2348/2348/2348 2339/2339/2339
f 2349/2349/2349 2346/2346/2346 2344/2344/2344
f 2347/2347/2347 2349/2349/2349 2344/2344/2344
f 2343/2343/2343 2342/2342/2342 2350/2350/2350
f 2343/2343/2343 2350/2350/2350 2347/2347/2347
f 2342/2342/2342 2351/2351/2351 2350/2350/2350
f 2352/2352/2352 2350/2350/2350 2351/2351/2351
f 2353/2353/2353 2352/2352/2352 2351/2351/2351
f 2354/2354/2354 2350/2350/2350 2352/2352/2352
f 2350/2350/2350 2354/2354/2354 2347/2347/2347
f 2347/2347/2347 2354/2354/2354 2349/2349/2349
f 2355/2355/2355 2354/2354/2354 2352/2352/2352
f 2356/2356/2356 2354/2354/2354 2355/2355/2355
f 2354/2354/2354 2356/2356/2356 2349/2349/2349
f 2357/2357/2357 2356/2356/2356 2355/2355/2355
f 2353/2353/2353 2358/2358/2358 2352/2352/2352
f 2358/2358/2358 2359/2359/2359 2352/2352/2352
f 2355/2355/2355 2352/2352/2352 2359/2359/2359
f 2360/2360/2360 2359/2359/2359 2358/2358/2358
f 2361/2361/2361 2360/2360/2360 2358/2358/2358
f 2362/2362/2362 2360/2360/2360 2361/2361/2361
f 2363/2363/2363 2362/2362/2362 2361/2361/2361
f 2364/2364/2364 2360/2360/2360 2362/2362/2362
f 2365/2365/2365 2364/2364/2364 2362/2362/2362
f 2366/2366/2366 2362/2362/2362 2363/2363/2363
f 2365/2365/2365 2362/2362/2362 2366/2366/2366
f 2367/2367/2367 2366/2366/2366 2363/2363/2363
f 2368/2368/2368 2365/2365/2365 2366/2366/2366
f 2369/2369/2369 2364/2364/2364 2365/2365/2365
f 2370/2370/2370 2369/2369/2369 2365/2365/2365
f 2370/2370/2370 2365/2365/2365 2368/2368/2368
f 2371/2371/2371 2370/2370/2370 2368/2368/2368
f 2366/2366/2366 2372/2372/2372 2368/2368/2368
f 2372/2372/2372 2366/2366/2366 2367/2367/2367
f 2372/2372/2372 2373/2373/2373 2368/2368/2368
f 2368/2368/2368 2373/2373/2373 2371/2371/2371
f 2373/2373/2373 2374/2374/2374 2371/2371/2371
f 2375/2375/2375 2372/2372/2372 2367/2367/2367
f 2373/2373/2373 2372/2372/2372 2376/2376/2376
f 2372/2372/2372 2375/2375/2375 2376/2376/2376
f 2377/2377/2377 2373/2373/2373 2376/2376/2376
f 2373/2373/2373 2377/2377/2377 2374/2374/2374
f 2375/2375/2375 2378/2378/2378 2376/2376/2376
f 2376/2376/2376 2378/2378/2378 2379/2379/2379
f 2380/2380/2380 2376/2376/2376 2379/2379/2379
f 2381/2381/2381 2377/2377/2377 2376/2376/2376
f 2380/2380/2380 2381/2381/2381 2376/2376/2376
f 2381/2381/2381 2374/2374/2374 2377/2377/2377
f 2369/2369/2369 2382/2382/2382 2364/2364/2364
f 2382/2382/2382 2383/2383/2383 2364/2364/2364
f 2364/2364/2364 2383/2383/2383 2360/2360/2360
f 2383/2383/2383 2359/2359/2359 2360/2360/2360
f 2383/2383/2383 2355/2355/2355 2359/2359/2359
f 2357/2357/2357 2355/2355/2355 2383/2383/2383
f 2382/2382/2382 2357/2357/2357 2383/2383/2383
f 2384/2384/2384 1948/1948/1948 1947/1947/1947
f 1948/1948/1948 2384/2384/2384 2385/2385/2385
f 2386/2386/2386 1948/1948/1948 2385/2385/2385
f 2386/2386/2386 2387/2387/2387 1948/1948/1948
f 2387/2387/2387 1949/1949/1949 1948/1948/1948
f 2387/2387/2387 2388/2388/2388 1949/1949/1949
f 2388/2388/2388 1951/1951/1951 1949/1949/1949
f 2388/2388/2388 2389/2389/2389 1951/1951/1951
f 2389/2389/2389 1953/1953/1953 1951/1951/1951
f 2390/2390/2390 2389/2389/2389 2388/2388/2388
f 2391/2391/2391 2390/2390/2390 2388/2388/2388
f 2388/2388/2388 2387/2387/2387 2391/2391/2391
f 2392/2392/2392 2389/2389/2389 2390/2390/2390
f 2393/2393/2393 2392/2392/2392 2390/2390/2390
f 2387/2387/2387 2394/2394/2394 2391/2391/2391
f 2387/2387/2387 2386/2386/2386 2394/2394/2394
f 2389/2389/2389 2392/2392/2392 1961/1961/1961
f 1953/1953/1953 2389/2389/2389 1961/1961/1961
f 1961/1961/1961 2392/2392/2392 1965/1965/1965
f 2392/2392/2392 1980/1980/1980 1965/1965/1965
f 2392/2392/2392 2393/2393/2393 1980/1980/1980
f 2386/2386/2386 2395/2395/2395 2394/2394/2394
f 2386/2386/2386 2385/2385/2385 2395/2395/2395
f 2385/2385/2385 2396/2396/2396 2395/2395/2395
f 2393/2393/2393 1982/1982/1982 1980/1980/1980
f 2397/2397/2397 2390/2390/2390 2391/2391/2391
f 2393/2393/2393 2390/2390/2390 2397/2397/2397
f 2398/2398/2398 2397/2397/2397 2391/2391/2391
f 2398/2398/2398 2391/2391/2391 2394/2394/2394
f 2399/2399/2399 2393/2393/2393 2397/2397/2397
f 2393/2393/2393 2399/2399/2399 1982/1982/1982
f 2400/2400/2400 2398/2398/2398 2394/2394/2394
f 2394/2394/2394 2395/2395/2395 2400/2400/2400
f 2401/2401/2401 2397/2397/2397 2398/2398/2398
f 2399/2399/2399 2397/2397/2397 2401/2401/2401
f 2402/2402/2402 2401/2401/2401 2398/2398/2398
f 2402/2402/2402 2398/2398/2398 2400/2400/2400
f 2402/2402/2402 2403/2403/2403 2401/2401/2401
f 2403/2403/2403 2404/2404/2404 2401/2401/2401
f 2405/2405/2405 2401/2401/2401 2404/2404/2404
f 2405/2405/2405 2399/2399/2399 2401/2401/2401
f 2406/2406/2406 2405/2405/2405 2404/2404/2404
f 2403/2403/2403 2402/2402/2402 2407/2407/2407
f 2407/2407/2407 2402/2402/2402 2400/2400/2400
f 2408/2408/2408 2403/2403/2403 2407/2407/2407
f 2400/2400/2400 2409/2409/2409 2407/2407/2407
f 2409/2409/2409 2410/2410/2410 2407/2407/2407
f 2407/2407/2407 2410/2410/2410 2408/2408/2408
f 2409/2409/2409 2411/2411/2411 2410/2410/2410
f 2411/2411/2411 2412/2412/2412 2410/2410/2410
f 2399/2399/2399 2405/2405/2405 2413/2413/2413
f 2405/2405/2405 2414/2414/2414 2413/2413/2413
f 2405/2405/2405 2406/2406/2406 2414/2414/2414
f 2395/2395/2395 2409/2409/2409 2400/2400/2400
f 2396/2396/2396 2411/2411/2411 2409/2409/2409
f 2395/2395/2395 2396/2396/2396 2409/2409/2409
f 2415/2415/2415 2413/2413/2413 2414/2414/2414
f 2415/2415/2415 1983/1983/1983 2413/2413/2413
f 1983/1983/1983 1982/1982/1982 2413/2413/2413
f 1985/1985/1985 1983/1983/1983 2415/2415/2415
f 2416/2416/2416 1985/1985/1985 2415/2415/2415
f 2399/2399/2399 2413/2413/2413 1982/1982/1982
f 2417/2417/2417 2415/2415/2415 2414/2414/2414
f 2416/2416/2416 2415/2415/2415 2417/2417/2417
f 2417/2417/2417 2414/2414/2414 2418/2418/2418
f 2419/2419/2419 2417/2417/2417 2418/2418/2418
f 2420/2420/2420 2417/2417/2417 2419/2419/2419
f 2420/2420/2420 2416/2416/2416 2417/2417/2417
f 2421/2421/2421 2420/2420/2420 2419/2419/2419
f 2406/2406/2406 2418/2418/2418 2414/2414/2414
f 2419/2419/2419 2418/2418/2418 2422/2422/2422
f 2423/2423/2423 2419/2419/2419 2422/2422/2422
f 2421/2421/2421 2419/2419/2419 2423/2423/2423
f 2424/2424/2424 2421/2421/2421 2423/2423/2423
f 2425/2425/2425 2422/2422/2422 2418/2418/2418
f 2406/2406/2406 2425/2425/2425 2418/2418/2418
f 2425/2425/2425 2426/2426/2426 2422/2422/2422
f 2426/2426/2426 2427/2427/2427 2422/2422/2422
f 2423/2423/2423 2422/2422/2422 2427/2427/2427
f 2426/2426/2426 2428/2428/2428 2427/2427/2427
f 2428/2428/2428 2429/2429/2429 2427/2427/2427
f 2428/2428/2428 2430/2430/2430 2429/2429/2429
f 2430/2430/2430 2431/2431/2431 2429/2429/2429
f 2432/2432/2432 2429/2429/2429 2431/2431/2431
f 2433/2433/2433 2432/2432/2432 2431/2431/2431
f 2434/2434/2434 2430/2430/2430 2428/2428/2428
f 2435/2435/2435 2434/2434/2434 2428/2428/2428
f 2428/2428/2428 2426/2426/2426 2435/2435/2435
f 2431/2431/2431 2430/2430/2430 2436/2436/2436
f 2432/2432/2432 2433/2433/2433 2437/2437/2437
f 2438/2438/2438 2432/2432/2432 2437/2437/2437
f 2434/2434/2434 2439/2439/2439 2430/2430/2430
f 2430/2430/2430 2439/2439/2439 2436/2436/2436
f 2440/2440/2440 2437/2437/2437 2433/2433/2433
f 2440/2440/2440 2433/2433/2433 2441/2441/2441
f 2433/2433/2433 2431/2431/2431 2441/2441/2441
f 2441/2441/2441 2431/2431/2431 2442/2442/2442
f 2431/2431/2431 2436/2436/2436 2442/2442/2442
f 2443/2443/2443 2427/2427/2427 2429/2429/2429
f 2432/2432/2432 2443/2443/2443 2429/2429/2429
f 2444/2444/2444 2443/2443/2443 2432/2432/2432
f 2438/2438/2438 2444/2444/2444 2432/2432/2432
f 2444/2444/2444 2424/2424/2424 2443/2443/2443
f 2424/2424/2424 2423/2423/2423 2443/2443/2443
f 2443/2443/2443 2423/2423/2423 2427/2427/2427
f 2435/2435/2435 2446/2446/2446 2445/2445/2445
f 2445/2445/2445 2446/2446/2446 2447/2447/2447
f 2446/2446/2446 2448/2448/2448 2447/2447/2447
f 2447/2447/2447 2448/2448/2448 2449/2449/2449
f 2449/2449/2449 2448/2448/2448 2450/2450/2450
f 2448/2448/2448 2451/2451/2451 2450/2450/2450
f 2449/2449/2449 2450/2450/2450 2452/2452/2452
f 2453/2453/2453 2449/2449/2449 2452/2452/2452
f 2454/2454/2454 2447/2447/2447 2449/2449/2449
f 2454/2454/2454 2449/2449/2449 2453/2453/2453
f 2455/2455/2455 2447/2447/2447 2454/2454/2454
f 2445/2445/2445 2447/2447/2447 2455/2455/2455
f 2456/2456/2456 2455/2455/2455 2454/2454/2454
f 2457/2457/2457 2445/2445/2445 2455/2455/2455
f 2458/2458/2458 2445/2445/2445 2457/2457/2457
f 2458/2458/2458 2435/2435/2435 2445/2445/2445
f 2459/2459/2459 2458/2458/2458 2457/2457/2457
f 2460/2460/2460 2459/2459/2459 2457/2457/2457
f 2455/2455/2455 2456/2456/2456 2461/2461/2461
f 2461/2461/2461 2460/2460/2460 2457/2457/2457
f 2455/2455/2455 2461/2461/2461 2457/2457/2457
f 2456/2456/2456 2462/2462/2462 2461/2461/2461
f 2463/2463/2463 2454/2454/2454 2453/2453/2453
f 2456/2456/2456 2454/2454/2454 2463/2463/2463
f 2464/2464/2464 2456/2456/2456 2463/2463/2463
f 2456/2456/2456 2464/2464/2464 2462/2462/2462
f 2461/2461/2461 2462/2462/2462 2465/2465/2465
f 2465/2465/2465 2462/2462/2462 2464/2464/2464
f 2466/2466/2466 2461/2461/2461 2465/2465/2465
f 2460/2460/2460 2461/2461/2461 2466/2466/2466
f 2467/2467/2467 2460/2460/2460 2466/2466/2466
f 2460/2460/2460 2467/2467/2467 2459/2459/2459
f 2446/2446/2446 2435/2435/2435 2468/2468/2468
f 2469/2469/2469 2446/2446/2446 2468/2468/2468
f 2426/2426/2426 2468/2468/2468 2435/2435/2435
f 2446/2446/2446 2469/2469/2469 2448/2448/2448
f 2469/2469/2469 2451/2451/2451 2448/2448/2448
f 2469/2469/2469 2468/2468/2468 2470/2470/2470
f 2451/2451/2451 2469/2469/2469 2470/2470/2470
f 2468/2468/2468 2471/2471/2471 2470/2470/2470
f 2470/2470/2470 2471/2471/2471 2403/2403/2403
f 2471/2471/2471 2404/2404/2404 2403/2403/2403
f 2406/2406/2406 2404/2404/2404 2471/2471/2471
f 2425/2425/2425 2406/2406/2406 2471/2471/2471
f 2425/2425/2425 2471/2471/2471 2468/2468/2468
f 2426/2426/2426 2425/2425/2425 2468/2468/2468
f 2472/2472/2472 2470/2470/2470 2403/2403/2403
f 2472/2472/2472 2451/2451/2451 2470/2470/2470
f 2472/2472/2472 2473/2473/2473 2451/2451/2451
f 2473/2473/2473 2450/2450/2450 2451/2451/2451
f 2473/2473/2473 2474/2474/2474 2450/2450/2450
f 2474/2474/2474 2452/2452/2452 2450/2450/2450
f 2408/2408/2408 2472/2472/2472 2403/2403/2403
f 2475/2475/2475 2473/2473/2473 2472/2472/2472
f 2408/2408/2408 2475/2475/2475 2472/2472/2472
f 2410/2410/2410 2475/2475/2475 2408/2408/2408
f 2410/2410/2410 2412/2412/2412 2475/2475/2475
f 2412/2412/2412 2476/2476/2476 2475/2475/2475
f 2476/2476/2476 2474/2474/2474 2473/2473/2473
f 2475/2475/2475 2476/2476/2476 2473/2473/2473
f 2479/2479/2479 2478/2478/2478 2477/2477/2477
f 2480/2480/2480 2479/2479/2479 2477/2477/2477
f 2481/2481/2481 2477/2477/2477 2478/2478/2478
f 2482/2482/2482 2481/2481/2481 2478/2478/2478
f 2481/2481/2481 2482/2482/2482 2483/2483/2483
f 2484/2484/2484 2481/2481/2481 2483/2483/2483
f 2485/2485/2485 2479/2479/2479 2480/2480/2480
f 2486/2486/2486 2485/2485/2485 2480/2480/2480
f 2480/2480/2480 2477/2477/2477 2487/2487/2487
f 2488/2488/2488 2480/2480/2480 2487/2487/2487
f 2486/2486/2486 2480/2480/2480 2488/2488/2488
f 2488/2488/2488 2487/2487/2487 2210/2210/2210
f 2209/2209/2209 2488/2488/2488 2210/2210/2210
f 2478/2478/2478 2479/2479/2479 2489/2489/2489
f 2490/2490/2490 2478/2478/2478 2489/2489/2489
f 2482/2482/2482 2478/2478/2478 2490/2490/2490
f 2210/2210/2210 2487/2487/2487 2491/2491/2491
f 2491/2491/2491 2481/2481/2481 2484/2484/2484
f 2211/2211/2211 2210/2210/2210 2491/2491/2491
f 2491/2491/2491 2487/2487/2487 2477/2477/2477
f 2481/2481/2481 2491/2491/2491 2477/2477/2477
f 2492/2492/2492 2482/2482/2482 2490/2490/2490
f 2211/2211/2211 2491/2491/2491 2493/2493/2493
f 2493/2493/2493 2491/2491/2491 2484/2484/2484
f 2212/2212/2212 2211/2211/2211 2493/2493/2493
f 2494/2494/2494 2488/2488/2488 2209/2209/2209
f 2494/2494/2494 2486/2486/2486 2488/2488/2488
f 2208/2208/2208 2494/2494/2494 2209/2209/2209
f 2492/2492/2492 2490/2490/2490 2495/2495/2495
f 2496/2496/2496 2492/2492/2492 2495/2495/2495
f 2496/2496/2496 2495/2495/2495 2497/2497/2497
f 2498/2498/2498 2496/2496/2496 2497/2497/2497
f 2498/2498/2498 2497/2497/2497 2499/2499/2499
f 2500/2500/2500 2499/2499/2499 2497/2497/2497
f 2501/2501/2501 2500/2500/2500 2497/2497/2497
f 2501/2501/2501 2497/2497/2497 2495/2495/2495
f 2502/2502/2502 2500/2500/2500 2501/2501/2501
f 2503/2503/2503 2502/2502/2502 2501/2501/2501
f 2504/2504/2504 2498/2498/2498 2499/2499/2499
f 2498/2498/2498 2504/2504/2504 2505/2505/2505
f 2496/2496/2496 2498/2498/2498 2505/2505/2505
f 2504/2504/2504 2506/2506/2506 2505/2505/2505
f 2504/2504/2504 2499/2499/2499 2507/2507/2507
f 2508/2508/2508 2504/2504/2504 2507/2507/2507
f 2506/2506/2506 2504/2504/2504 2508/2508/2508
f 2508/2508/2508 2507/2507/2507 2509/2509/2509
f 2509/2509/2509 2507/2507/2507 2510/2510/2510
f 2507/2507/2507 2511/2511/2511 2510/2510/2510
f 2499/2499/2499 2500/2500/2500 2511/2511/2511
f 2507/2507/2507 2499/2499/2499 2511/2511/2511
f 2512/2512/2512 2508/2508/2508 2509/2509/2509
f 2508/2508/2508 2512/2512/2512 2513/2513/2513
f 2514/2514/2514 2508/2508/2508 2513/2513/2513
f 2514/2514/2514 2506/2506/2506 2508/2508/2508
f 2515/2515/2515 2513/2513/2513 2512/2512/2512
f 2516/2516/2516 2515/2515/2515 2512/2512/2512
f 2516/2516/2516 2512/2512/2512 2509/2509/2509
f 2516/2516/2516 2517/2517/2517 2515/2515/2515
f 2518/2518/2518 2516/2516/2516 2509/2509/2509
f 2519/2519/2519 2518/2518/2518 2509/2509/2509
f 2510/2510/2510 2519/2519/2519 2509/2509/2509
f 2520/2520/2520 2519/2519/2519 2510/2510/2510
f 2519/2519/2519 2520/2520/2520 2521/2521/2521
f 2522/2522/2522 2520/2520/2520 2510/2510/2510
f 2522/2522/2522 2510/2510/2510 2511/2511/2511
f 2518/2518/2518 2519/2519/2519 2523/2523/2523
f 2519/2519/2519 2521/2521/2521 2523/2523/2523
f 2517/2517/2517 2516/2516/2516 2524/2524/2524
f 2516/2516/2516 2518/2518/2518 2524/2524/2524
f 2524/2524/2524 2518/2518/2518 2525/2525/2525
f 2518/2518/2518 2523/2523/2523 2525/2525/2525
f 2526/2526/2526 2522/2522/2522 2511/2511/2511
f 2511/2511/2511 2500/2500/2500 2526/2526/2526
f 2500/2500/2500 2502/2502/2502 2526/2526/2526
f 2529/2529/2529 2528/2528/2528 2527/2527/2527
f 2530/2530/2530 2529/2529/2529 2527/2527/2527
f 2528/2528/2528 2529/2529/2529 2531/2531/2531
f 2529/2529/2529 2532/2532/2532 2531/2531/2531
f 2532/2532/2532 2533/2533/2533 2531/2531/2531
f 2533/2533/2533 2534/2534/2534 2531/2531/2531
f 2533/2533/2533 2535/2535/2535 2534/2534/2534
f 2535/2535/2535 2536/2536/2536 2534/2534/2534
f 2530/2530/2530 2537/2537/2537 2529/2529/2529
f 2537/2537/2537 2538/2538/2538 2529/2529/2529
f 2529/2529/2529 2538/2538/2538 2532/2532/2532
f 2537/2537/2537 2539/2539/2539 2538/2538/2538
f 2539/2539/2539 2540/2540/2540 2538/2538/2538
f 2541/2541/2541 2527/2527/2527 2528/2528/2528
f 2542/2542/2542 2541/2541/2541 2528/2528/2528
f 2542/2542/2542 1931/1931/1931 2541/2541/2541
f 1931/1931/1931 2542/2542/2542 1933/1933/1933
f 2542/2542/2542 2543/2543/2543 1933/1933/1933
f 2543/2543/2543 2531/2531/2531 2534/2534/2534
f 2543/2543/2543 2544/2544/2544 1933/1933/1933
f 2544/2544/2544 2543/2543/2543 2534/2534/2534
f 2544/2544/2544 2534/2534/2534 2536/2536/2536
f 2544/2544/2544 1934/1934/1934 1933/1933/1933
f 2544/2544/2544 2545/2545/2545 1934/1934/1934
f 2545/2545/2545 2544/2544/2544 2536/2536/2536
f 2545/2545/2545 1937/1937/1937 1934/1934/1934
f 1931/1931/1931 1930/1930/1930 2541/2541/2541
f 2540/2540/2540 2546/2546/2546 2538/2538/2538
f 2546/2546/2546 2547/2547/2547 2538/2538/2538
f 2538/2538/2538 2547/2547/2547 2532/2532/2532
f 2542/2542/2542 2528/2528/2528 2543/2543/2543
f 2528/2528/2528 2531/2531/2531 2543/2543/2543
f 2546/2546/2546 2548/2548/2548 2547/2547/2547
f 2548/2548/2548 2549/2549/2549 2547/2547/2547
f 2547/2547/2547 2549/2549/2549 2532/2532/2532
f 2549/2549/2549 2533/2533/2533 2532/2532/2532
f 2548/2548/2548 2550/2550/2550 2549/2549/2549
f 2550/2550/2550 2551/2551/2551 2549/2549/2549
f 2549/2549/2549 2551/2551/2551 2533/2533/2533
f 2551/2551/2551 2535/2535/2535 2533/2533/2533
f 2546/2546/2546 2552/2552/2552 2548/2548/2548
f 2546/2546/2546 2540/2540/2540 2552/2552/2552
f 2540/2540/2540 2553/2553/2553 2552/2552/2552
f 2554/2554/2554 2552/2552/2552 2553/2553/2553
f 2555/2555/2555 2554/2554/2554 2553/2553/2553
f 2556/2556/2556 2552/2552/2552 2554/2554/2554
f 2552/2552/2552 2556/2556/2556 2548/2548/2548
f 2548/2548/2548 2556/2556/2556 2550/2550/2550
f 2557/2557/2557 2556/2556/2556 2554/2554/2554
f 2558/2558/2558 2554/2554/2554 2555/2555/2555
f 2557/2557/2557 2554/2554/2554 2558/2558/2558
f 2559/2559/2559 2558/2558/2558 2555/2555/2555
f 2555/2555/2555 2560/2560/2560 2559/2559/2559
f 2560/2560/2560 2561/2561/2561 2559/2559/2559
f 2562/2562/2562 2558/2558/2558 2559/2559/2559
f 2563/2563/2563 2562/2562/2562 2559/2559/2559
f 2563/2563/2563 2559/2559/2559 2561/2561/2561
f 2564/2564/2564 2562/2562/2562 2563/2563/2563
f 2565/2565/2565 2562/2562/2562 2564/2564/2564
f 2566/2566/2566 2565/2565/2565 2564/2564/2564
f 2566/2566/2566 2564/2564/2564 2567/2567/2567
f 2568/2568/2568 2566/2566/2566 2567/2567/2567
f 2567/2567/2567 2569/2569/2569 2568/2568/2568
f 2569/2569/2569 2570/2570/2570 2568/2568/2568
f 2571/2571/2571 2564/2564/2564 2563/2563/2563
f 2567/2567/2567 2564/2564/2564 2571/2571/2571
f 2571/2571/2571 2563/2563/2563 2572/2572/2572
f 2572/2572/2572 2563/2563/2563 2561/2561/2561
f 2573/2573/2573 2571/2571/2571 2572/2572/2572
f 2574/2574/2574 2567/2567/2567 2571/2571/2571
f 2569/2569/2569 2567/2567/2567 2574/2574/2574
f 2574/2574/2574 2571/2571/2571 2573/2573/2573
f 2575/2575/2575 2569/2569/2569 2574/2574/2574
f 2570/2570/2570 2569/2569/2569 2576/2576/2576
f 2576/2576/2576 2569/2569/2569 2575/2575/2575
f 2577/2577/2577 2570/2570/2570 2576/2576/2576
f 2578/2578/2578 2574/2574/2574 2573/2573/2573
f 2574/2574/2574 2578/2578/2578 2575/2575/2575
f 2579/2579/2579 2576/2576/2576 2575/2575/2575
f 2575/2575/2575 2580/2580/2580 2579/2579/2579
f 2580/2580/2580 2575/2575/2575 2578/2578/2578
f 2576/2576/2576 2579/2579/2579 2581/2581/2581
f 2581/2581/2581 2579/2579/2579 2580/2580/2580
f 2582/2582/2582 2576/2576/2576 2581/2581/2581
f 2577/2577/2577 2576/2576/2576 2582/2582/2582
f 2583/2583/2583 2577/2577/2577 2582/2582/2582
f 2577/2577/2577 2584/2584/2584 2570/2570/2570
f 2577/2577/2577 2583/2583/2583 2584/2584/2584
f 2585/2585/2585 2570/2570/2570 2584/2584/2584
f 2570/2570/2570 2585/2585/2585 2568/2568/2568
f 2585/2585/2585 2586/2586/2586 2568/2568/2568
f 2586/2586/2586 2566/2566/2566 2568/2568/2568
f 2566/2566/2566 2586/2586/2586 2587/2587/2587
f 2565/2565/2565 2566/2566/2566 2587/2587/2587
f 2565/2565/2565 2587/2587/2587 2588/2588/2588
f 2589/2589/2589 2565/2565/2565 2588/2588/2588
f 2589/2589/2589 2588/2588/2588 2590/2590/2590
f 2557/2557/2557 2589/2589/2589 2590/2590/2590
f 2562/2562/2562 2565/2565/2565 2589/2589/2589
f 2558/2558/2558 2562/2562/2562 2589/2589/2589
f 2589/2589/2589 2557/2557/2557 2558/2558/2558
f 2557/2557/2557 2590/2590/2590 2591/2591/2591
f 2556/2556/2556 2557/2557/2557 2591/2591/2591
f 2556/2556/2556 2591/2591/2591 2550/2550/2550
f 2173/2173/2173 2192/2192/2192 2167/2167/2167
f 2181/2181/2181 2192/2192/2192 2173/2173/2173
f 2192/2192/2192 2194/2194/2194 2167/2167/2167
f 2198/2198/2198 2167/2167/2167 2194/2194/2194
f 2167/2167/2167 2198/2198/2198 2200/2200/2200
f 2167/2167/2167 2213/2213/2213 2166/2166/2166
f 2594/2594/2594 2593/2593/2593 2592/2592/2592
f 1899/1899/1899 2594/2594/2594 2592/2592/2592
f 2595/2595/2595 2594/2594/2594 1899/1899/1899
f 2595/2595/2595 2596/2596/2596 2594/2594/2594
f 2596/2596/2596 2597/2597/2597 2594/2594/2594
f 2597/2597/2597 2596/2596/2596 1992/1992/1992
f 1992/1992/1992 2596/2596/2596 1993/1993/1993
f 2596/2596/2596 2598/2598/2598 1993/1993/1993
f 1993/1993/1993 2598/2598/2598 1959/1959/1959
f 2598/2598/2598 2599/2599/2599 1959/1959/1959
f 2598/2598/2598 2600/2600/2600 2599/2599/2599
f 2596/2596/2596 2595/2595/2595 2600/2600/2600
f 2598/2598/2598 2596/2596/2596 2600/2600/2600
f 2600/2600/2600 1908/1908/1908 2599/2599/2599
f 2599/2599/2599 1908/1908/1908 2601/2601/2601
f 1908/1908/1908 1907/1907/1907 2601/2601/2601
f 2601/2601/2601 1907/1907/1907 2602/2602/2602
f 1907/1907/1907 1922/1922/1922 2602/2602/2602
f 1922/1922/1922 1944/1944/1944 2602/2602/2602
f 1944/1944/1944 1950/1950/1950 2602/2602/2602
f 1950/1950/1950 1952/1952/1952 2602/2602/2602
f 1952/1952/1952 1955/1955/1955 2602/2602/2602
f 2601/2601/2601 2602/2602/2602 1955/1955/1955
f 1957/1957/1957 2601/2601/2601 1955/1955/1955
f 2599/2599/2599 2601/2601/2601 1957/1957/1957
f 1959/1959/1959 2599/2599/2599 1957/1957/1957
f 1993/1993/1993 1959/1959/1959 1960/1960/1960
f 1989/1989/1989 1993/1993/1993 1960/1960/1960
f 1942/1942/1942 1944/1944/1944 1922/1922/1922
f 1942/1942/1942 1922/1922/1922 1921/1921/1921
f 1935/1935/1935 1942/1942/1942 1921/1921/1921
f 2600/2600/2600 1897/1897/1897 1908/1908/1908
f 1897/1897/1897 2600/2600/2600 2595/2595/2595
f 1897/1897/1897 2595/2595/2595 1899/1899/1899
f 1960/1960/1960 1987/1987/1987 1989/1989/1989
f 1967/1967/1967 1987/1987/1987 1960/1960/1960
f 1967/1967/1967 1969/1969/1969 1987/1987/1987
f 1987/1987/1987 1969/1969/1969 1971/1971/1971
f 2592/2592/2592 1900/1900/1900 1899/1899/1899
f 1994/1994/1994 2597/2597/2597 1992/1992/1992
f 1917/1917/1917 2121/2121/2121 2123/2123/2123
f 2127/2127/2127 1917/1917/1917 2123/2123/2123
f 1916/1916/1916 1917/1917/1917 2127/2127/2127
f 2129/2129/2129 1916/1916/1916 2127/2127/2127
f 2121/2121/2121 1917/1917/1917 1891/1891/1891
f 1917/1917/1917 1893/1893/1893 1891/1891/1891
f 1893/1893/1893 1917/1917/1917 1915/1915/1915
f 1915/1915/1915 1905/1905/1905 1893/1893/1893
f 2121/2121/2121 1891/1891/1891 1888/1888/1888
f 2082/2082/2082 2084/2084/2084 2063/2063/2063
f 2068/2068/2068 2082/2082/2082 2063/2063/2063
f 2079/2079/2079 2082/2082/2082 2068/2068/2068
f 2070/2070/2070 2079/2079/2079 2068/2068/2068
f 2084/2084/2084 2086/2086/2086 2063/2063/2063
f 2086/2086/2086 2060/2060/2060 2063/2063/2063
f 2086/2086/2086 2089/2089/2089 2060/2060/2060
f 2089/2089/2089 2061/2061/2061 2060/2060/2060
f 2603/2603/2603 2172/2172/2172 2171/2171/2171
f 2603/2603/2603 2604/2604/2604 2172/2172/2172
f 2604/2604/2604 2176/2176/2176 2172/2172/2172
f 2604/2604/2604 2605/2605/2605 2176/2176/2176
f 2605/2605/2605 2178/2178/2178 2176/2176/2176
f 2178/2178/2178 2605/2605/2605 2606/2606/2606
f 2185/2185/2185 2178/2178/2178 2606/2606/2606
f 2171/2171/2171 2607/2607/2607 2603/2603/2603
f 2607/2607/2607 2608/2608/2608 2603/2603/2603
f 2607/2607/2607 2609/2609/2609 2608/2608/2608
f 2609/2609/2609 2607/2607/2607 2610/2610/2610
f 2607/2607/2607 2611/2611/2611 2610/2610/2610
f 2611/2611/2611 2607/2607/2607 2171/2171/2171
f 2609/2609/2609 2612/2612/2612 2608/2608/2608
f 2609/2609/2609 2613/2613/2613 2612/2612/2612
f 2613/2613/2613 2614/2614/2614 2612/2612/2612
f 2612/2612/2612 2614/2614/2614 2615/2615/2615
f 2616/2616/2616 2612/2612/2612 2615/2615/2615
f 2608/2608/2608 2612/2612/2612 2616/2616/2616
f 2616/2616/2616 2615/2615/2615 2617/2617/2617
f 2618/2618/2618 2616/2616/2616 2617/2617/2617
f 2614/2614/2614 2613/2613/2613 2619/2619/2619
f 2620/2620/2620 2614/2614/2614 2619/2619/2619
f 2621/2621/2621 2608/2608/2608 2616/2616/2616
f 2621/2621/2621 2616/2616/2616 2618/2618/2618
f 2603/2603/2603 2608/2608/2608 2621/2621/2621
f 2604/2604/2604 2603/2603/2603 2621/2621/2621
f 2622/2622/2622 2615/2615/2615 2614/2614/2614
f 2620/2620/2620 2622/2622/2622 2614/2614/2614
f 2604/2604/2604 2621/2621/2621 2623/2623/2623
f 2623/2623/2623 2621/2621/2621 2618/2618/2618
f 2618/2618/2618 2624/2624/2624 2623/2623/2623
f 2624/2624/2624 2625/2625/2625 2623/2623/2623
f 2605/2605/2605 2604/2604/2604 2623/2623/2623
f 2605/2605/2605 2623/2623/2623 2625/2625/2625
f 2626/2626/2626 2617/2617/2617 2615/2615/2615
f 2622/2622/2622 2626/2626/2626 2615/2615/2615
f 2626/2626/2626 2627/2627/2627 2617/2617/2617
f 2627/2627/2627 2628/2628/2628 2617/2617/2617
f 2628/2628/2628 2624/2624/2624 2618/2618/2618
f 2617/2617/2617 2628/2628/2628 2618/2618/2618
f 2606/2606/2606 2605/2605/2605 2625/2625/2625
f 2627/2627/2627 2626/2626/2626 2629/2629/2629
f 2626/2626/2626 2630/2630/2630 2629/2629/2629
f 2626/2626/2626 2622/2622/2622 2630/2630/2630
f 2629/2629/2629 2630/2630/2630 2631/2631/2631
f 2630/2630/2630 2632/2632/2632 2631/2631/2631
f 2631/2631/2631 2632/2632/2632 2633/2633/2633
f 2632/2632/2632 2634/2634/2634 2633/2633/2633
f 2632/2632/2632 2630/2630/2630 2635/2635/2635
f 2622/2622/2622 2635/2635/2635 2630/2630/2630
f 2636/2636/2636 2632/2632/2632 2635/2635/2635
f 2636/2636/2636 2635/2635/2635 2637/2637/2637
f 2638/2638/2638 2636/2636/2636 2637/2637/2637
f 2638/2638/2638 2637/2637/2637 2639/2639/2639
f 2640/2640/2640 2638/2638/2638 2639/2639/2639
f 2641/2641/2641 2633/2633/2633 2634/2634/2634
f 2642/2642/2642 2641/2641/2641 2634/2634/2634
f 2643/2643/2643 2641/2641/2641 2642/2642/2642
f 2644/2644/2644 2643/2643/2643 2642/2642/2642
f 2642/2642/2642 2645/2645/2645 2644/2644/2644
f 2645/2645/2645 2646/2646/2646 2644/2644/2644
f 2647/2647/2647 2644/2644/2644 2646/2646/2646
f 2648/2648/2648 2647/2647/2647 2646/2646/2646
f 2645/2645/2645 2649/2649/2649 2646/2646/2646
f 2649/2649/2649 2650/2650/2650 2646/2646/2646
f 2651/2651/2651 2648/2648/2648 2646/2646/2646
f 2650/2650/2650 2651/2651/2651 2646/2646/2646
f 2650/2650/2650 2652/2652/2652 2651/2651/2651
f 2652/2652/2652 2653/2653/2653 2651/2651/2651
f 2654/2654/2654 2652/2652/2652 2650/2650/2650
f 2649/2649/2649 2654/2654/2654 2650/2650/2650
f 2652/2652/2652 2654/2654/2654 2655/2655/2655
f 2656/2656/2656 2652/2652/2652 2655/2655/2655
f 2652/2652/2652 2656/2656/2656 2657/2657/2657
f 2653/2653/2653 2652/2652/2652 2657/2657/2657
f 2658/2658/2658 2643/2643/2643 2644/2644/2644
f 2647/2647/2647 2658/2658/2658 2644/2644/2644
f 2647/2647/2647 2659/2659/2659 2658/2658/2658
f 2648/2648/2648 2659/2659/2659 2647/2647/2647
f 2659/2659/2659 2648/2648/2648 2660/2660/2660
f 2648/2648/2648 2651/2651/2651 2660/2660/2660
f 2661/2661/2661 2659/2659/2659 2660/2660/2660
f 2661/2661/2661 2662/2662/2662 2659/2659/2659
f 2659/2659/2659 2662/2662/2662 2658/2658/2658
f 2663/2663/2663 2653/2653/2653 2657/2657/2657
f 2663/2663/2663 2664/2664/2664 2653/2653/2653
f 2664/2664/2664 2651/2651/2651 2653/2653/2653
f 2664/2664/2664 2665/2665/2665 2651/2651/2651
f 2665/2665/2665 2660/2660/2660 2651/2651/2651
f 2655/2655/2655 2654/2654/2654 2666/2666/2666
f 2654/2654/2654 2667/2667/2667 2666/2666/2666
f 2667/2667/2667 2640/2640/2640 2666/2666/2666
f 2640/2640/2640 2668/2668/2668 2666/2666/2666
f 2654/2654/2654 2649/2649/2649 2667/2667/2667
f 2649/2649/2649 2669/2669/2669 2667/2667/2667
f 2667/2667/2667 2669/2669/2669 2640/2640/2640
f 2649/2649/2649 2645/2645/2645 2669/2669/2669
f 2645/2645/2645 2670/2670/2670 2669/2669/2669
f 2645/2645/2645 2642/2642/2642 2670/2670/2670
f 2642/2642/2642 2634/2634/2634 2670/2670/2670
f 2670/2670/2670 2634/2634/2634 2632/2632/2632
f 2636/2636/2636 2670/2670/2670 2632/2632/2632
f 2670/2670/2670 2636/2636/2636 2638/2638/2638
f 2669/2669/2669 2670/2670/2670 2638/2638/2638
f 2669/2669/2669 2638/2638/2638 2640/2640/2640
f 2668/2668/2668 2640/2640/2640 2639/2639/2639
f 2671/2671/2671 2668/2668/2668 2639/2639/2639
f 2671/2671/2671 2639/2639/2639 2619/2619/2619
f 2620/2620/2620 2619/2619/2619 2639/2639/2639
f 2637/2637/2637 2620/2620/2620 2639/2639/2639
f 2620/2620/2620 2637/2637/2637 2635/2635/2635
f 2622/2622/2622 2620/2620/2620 2635/2635/2635
f 2672/2672/2672 2671/2671/2671 2619/2619/2619
f 2619/2619/2619 2613/2613/2613 2672/2672/2672
f 2613/2613/2613 2673/2673/2673 2672/2672/2672
f 2613/2613/2613 2609/2609/2609 2673/2673/2673
f 2609/2609/2609 2610/2610/2610 2673/2673/2673
f 1940/1940/1940 1939/1939/1939 2674/2674/2674
f 2675/2675/2675 1940/1940/1940 2674/2674/2674
f 2675/2675/2675 2676/2676/2676 1940/1940/1940
f 2676/2676/2676 1941/1941/1941 1940/1940/1940
f 2676/2676/2676 2677/2677/2677 1941/1941/1941
f 2677/2677/2677 1943/1943/1943 1941/1941/1941
f 2677/2677/2677 2678/2678/2678 1943/1943/1943
f 2678/2678/2678 1946/1946/1946 1943/1943/1943
f 2675/2675/2675 2674/2674/2674 2679/2679/2679
f 2674/2674/2674 2680/2680/2680 2679/2679/2679
f 2681/2681/2681 2679/2679/2679 2680/2680/2680
f 2682/2682/2682 2681/2681/2681 2680/2680/2680
f 2683/2683/2683 2681/2681/2681 2682/2682/2682
f 2681/2681/2681 2683/2683/2683 2684/2684/2684
f 2685/2685/2685 2681/2681/2681 2684/2684/2684
f 2679/2679/2679 2681/2681/2681 2685/2685/2685
f 2686/2686/2686 2683/2683/2683 2682/2682/2682
f 2687/2687/2687 2683/2683/2683 2686/2686/2686
f 2688/2688/2688 2687/2687/2687 2686/2686/2686
f 2684/2684/2684 2689/2689/2689 2685/2685/2685
f 2690/2690/2690 2689/2689/2689 2684/2684/2684
f 2691/2691/2691 2690/2690/2690 2684/2684/2684
f 2691/2691/2691 2684/2684/2684 2683/2683/2683
f 2687/2687/2687 2691/2691/2691 2683/2683/2683
f 2689/2689/2689 2692/2692/2692 2685/2685/2685
f 2685/2685/2685 2692/2692/2692 2693/2693/2693
f 2693/2693/2693 2679/2679/2679 2685/2685/2685
f 2692/2692/2692 2694/2694/2694 2693/2693/2693
f 2692/2692/2692 2695/2695/2695 2694/2694/2694
f 2695/2695/2695 2696/2696/2696 2694/2694/2694
f 2676/2676/2676 2693/2693/2693 2694/2694/2694
f 2677/2677/2677 2676/2676/2676 2694/2694/2694
f 2677/2677/2677 2694/2694/2694 2696/2696/2696
f 2690/2690/2690 2697/2697/2697 2689/2689/2689
f 2697/2697/2697 2698/2698/2698 2689/2689/2689
f 2698/2698/2698 2695/2695/2695 2692/2692/2692
f 2689/2689/2689 2698/2698/2698 2692/2692/2692
f 2678/2678/2678 2677/2677/2677 2696/2696/2696
f 2676/2676/2676 2675/2675/2675 2693/2693/2693
f 2675/2675/2675 2679/2679/2679 2693/2693/2693
f 2690/2690/2690 2699/2699/2699 2697/2697/2697
f 2690/2690/2690 2691/2691/2691 2699/2699/2699
f 2699/2699/2699 2700/2700/2700 2697/2697/2697
f 2699/2699/2699 2701/2701/2701 2700/2700/2700
f 2701/2701/2701 2702/2702/2702 2700/2700/2700
f 2701/2701/2701 2703/2703/2703 2702/2702/2702
f 2703/2703/2703 2704/2704/2704 2702/2702/2702
f 2703/2703/2703 2701/2701/2701 2705/2705/2705
f 2701/2701/2701 2706/2706/2706 2705/2705/2705
f 2706/2706/2706 2707/2707/2707 2705/2705/2705
f 2707/2707/2707 2708/2708/2708 2705/2705/2705
f 2707/2707/2707 2709/2709/2709 2708/2708/2708
f 2709/2709/2709 2710/2710/2710 2708/2708/2708
f 2704/2704/2704 2703/2703/2703 2711/2711/2711
f 2712/2712/2712 2704/2704/2704 2711/2711/2711
f 2711/2711/2711 2713/2713/2713 2712/2712/2712
f 2713/2713/2713 2714/2714/2714 2712/2712/2712
f 2715/2715/2715 2713/2713/2713 2711/2711/2711
f 2716/2716/2716 2715/2715/2715 2711/2711/2711
f 2716/2716/2716 2711/2711/2711 2703/2703/2703
f 2705/2705/2705 2716/2716/2716 2703/2703/2703
f 2716/2716/2716 2705/2705/2705 2708/2708/2708
f 2716/2716/2716 2717/2717/2717 2715/2715/2715
f 2717/2717/2717 2716/2716/2716 2708/2708/2708
f 2717/2717/2717 2708/2708/2708 2710/2710/2710
f 2717/2717/2717 2718/2718/2718 2715/2715/2715
f 2717/2717/2717 2719/2719/2719 2718/2718/2718
f 2719/2719/2719 2717/2717/2717 2710/2710/2710
f 2719/2719/2719 2720/2720/2720 2718/2718/2718
f 2718/2718/2718 2720/2720/2720 2721/2721/2721
f 2720/2720/2720 2722/2722/2722 2721/2721/2721
f 2722/2722/2722 2723/2723/2723 2721/2721/2721
f 2723/2723/2723 2724/2724/2724 2721/2721/2721
f 2724/2724/2724 2723/2723/2723 2725/2725/2725
f 2724/2724/2724 2725/2725/2725 2726/2726/2726
f 2725/2725/2725 2727/2727/2727 2726/2726/2726
f 2727/2727/2727 2725/2725/2725 2728/2728/2728
f 2725/2725/2725 2729/2729/2729 2728/2728/2728
f 2726/2726/2726 2727/2727/2727 2730/2730/2730
f 2727/2727/2727 2728/2728/2728 2730/2730/2730
f 2726/2726/2726 2730/2730/2730 2731/2731/2731
f 2723/2723/2723 2732/2732/2732 2725/2725/2725
f 2733/2733/2733 2732/2732/2732 2723/2723/2723
f 2722/2722/2722 2733/2733/2733 2723/2723/2723
f 2725/2725/2725 2732/2732/2732 2734/2734/2734
f 2729/2729/2729 2725/2725/2725 2734/2734/2734
f 2734/2734/2734 2732/2732/2732 2733/2733/2733
f 2724/2724/2724 2726/2726/2726 2735/2735/2735
f 2726/2726/2726 2731/2731/2731 2735/2735/2735
f 2736/2736/2736 2724/2724/2724 2735/2735/2735
f 2724/2724/2724 2736/2736/2736 2721/2721/2721
f 2718/2718/2718 2721/2721/2721 2736/2736/2736
f 2715/2715/2715 2718/2718/2718 2736/2736/2736
f 2735/2735/2735 2731/2731/2731 2714/2714/2714
f 2713/2713/2713 2735/2735/2735 2714/2714/2714
f 2736/2736/2736 2735/2735/2735 2713/2713/2713
f 2715/2715/2715 2736/2736/2736 2713/2713/2713
f 2040/2040/2040 2007/2007/2007 2005/2005/2005
f 2040/2040/2040 2005/2005/2005 2044/2044/2044
f 2049/2049/2049 2044/2044/2044 2189/2189/2189
f 2023/2023/2023 2046/2046/2046 2025/2025/2025
f 2046/2046/2046 2023/2023/2023 2047/2047/2047
f 2020/2020/2020 2047/2047/2047 2023/2023/2023
f 2047/2047/2047 2020/2020/2020 2009/2009/2009
f 2006/2006/2006 2047/2047/2047 2009/2009/2009
f 2047/2047/2047 2006/2006/2006 2008/2008/2008
f 2042/2042/2042 2030/2030/2030 2025/2025/2025
f 2737/2737/2737 2483/2483/2483 2482/2482/2482
f 2492/2492/2492 2737/2737/2737 2482/2482/2482
f 2737/2737/2737 2492/2492/2492 2738/2738/2738
f 2492/2492/2492 2496/2496/2496 2738/2738/2738
f 2738/2738/2738 2496/2496/2496 2505/2505/2505
f 2479/2479/2479 2485/2485/2485 2739/2739/2739
f 2489/2489/2489 2479/2479/2479 2739/2739/2739
f 2739/2739/2739 2740/2740/2740 2489/2489/2489
f 2740/2740/2740 2741/2741/2741 2489/2489/2489
f 2489/2489/2489 2741/2741/2741 2490/2490/2490
f 2741/2741/2741 2495/2495/2495 2490/2490/2490
f 2741/2741/2741 2501/2501/2501 2495/2495/2495
f 2503/2503/2503 2501/2501/2501 2741/2741/2741
f 2740/2740/2740 2503/2503/2503 2741/2741/2741
f 2170/2170/2170 2611/2611/2611 2171/2171/2171
f 2691/2691/2691 2742/2742/2742 2699/2699/2699
f 2699/2699/2699 2742/2742/2742 2701/2701/2701
f 2742/2742/2742 2706/2706/2706 2701/2701/2701
f 2691/2691/2691 2687/2687/2687 2742/2742/2742
f 2687/2687/2687 2743/2743/2743 2742/2742/2742
f 2742/2742/2742 2743/2743/2743 2706/2706/2706
f 2743/2743/2743 2707/2707/2707 2706/2706/2706
f 2687/2687/2687 2688/2688/2688 2743/2743/2743
f 2688/2688/2688 2744/2744/2744 2743/2743/2743
f 2743/2743/2743 2744/2744/2744 2707/2707/2707
f 2744/2744/2744 2709/2709/2709 2707/2707/2707
f 2539/2539/2539 2745/2745/2745 2553/2553/2553
f 2540/2540/2540 2539/2539/2539 2553/2553/2553
f 2553/2553/2553 2745/2745/2745 2555/2555/2555
f 2745/2745/2745 2560/2560/2560 2555/2555/2555
