g G_CA_Prinzeugen_Mech_001_P
v 0.418902 0.4850033 1.050512
v 0.3914835 0.5643265 1.030182
v 0.3947377 0.5687084 1.070327
v 0.418902 0.4586158 0.9756348
v 0.418902 0.542192 1.143303
v 0.3986362 0.5963523 1.121587
v 0.418902 0.6122685 1.177713
v 0.408753 0.6343707 1.160443
v 0.418902 0.6866944 1.195272
v 0.3914835 0.5689983 0.9937096
v 0.418902 0.4352892 0.9528882
v 0.418902 0.4988574 0.9301093
v 0.3914835 0.5819504 0.9538869
v 0.4168721 0.542031 0.8883534
v 0.4176132 0.557045 0.8364808
v 0.3914835 0.608821 0.9427714
v 0.4133925 0.5693849 0.7852202
v 0.4133925 0.5897151 0.7842215
v 0.4462882 0.5643265 1.030182
v 0.418902 0.4850033 1.050512
v 0.443034 0.5687084 1.070327
v 0.418902 0.4586158 0.9756348
v 0.418902 0.542192 1.143303
v 0.4391355 0.5963523 1.121587
v 0.418902 0.6122685 1.177713
v 0.4290187 0.6343707 1.160443
v 0.4462882 0.5689983 0.9937096
v 0.418902 0.4352892 0.9528882
v 0.418902 0.4988574 0.9301093
v 0.4462882 0.5819504 0.9538869
v 0.4208995 0.542031 0.8883534
v 0.4462882 0.608821 0.9427714
v 0.4201585 0.557045 0.8364808
v 0.4243792 0.5693849 0.7852202
v 0.4243792 0.5897151 0.7842215
v 0.418902 0.6866944 1.195272
v 0.4462882 0.5689983 0.9937096
v 0.3914835 0.5819504 0.9538869
v 0.4462882 0.5819504 0.9538869
v 0.3914835 0.5689983 0.9937096
v 0.3914835 0.5643265 1.030182
v 0.4462882 0.5643265 1.030182
v 0.443034 0.5687084 1.070327
v 0.3947377 0.5687084 1.070327
v 0.4391355 0.5963523 1.121587
v 0.3986362 0.5963523 1.121587
v 0.408753 0.6343707 1.160443
v 0.4290187 0.6343707 1.160443
v 0.418902 0.6866944 1.195272
v 0.4462882 0.5819504 0.9538869
v 0.3914835 0.608821 0.9427714
v 0.4462882 0.608821 0.9427714
v 0.3914835 0.5819504 0.9538869
v 0.4243792 0.5897151 0.7842215
v 0.3914835 0.608821 0.9427714
v 0.4133925 0.5897151 0.7842215
v 0.4462882 0.608821 0.9427714
v 0.4201585 0.557045 0.8364808
v 0.4133925 0.5693849 0.7852202
v 0.4176132 0.557045 0.8364808
v 0.4243792 0.5693849 0.7852202
v 0.4168721 0.542031 0.8883534
v 0.4208995 0.542031 0.8883534
v 0.418902 0.4988574 0.9301093
v 0.4243792 0.5897151 0.7842215
v 0.4133925 0.5693849 0.7852202
v 0.4243792 0.5693849 0.7852202
v 0.4133925 0.5897151 0.7842215
v 0.4447416 0.4051322 1.155578
v 0.4278911 0.5285311 1.161764
v 0.4263768 0.4657685 1.114789
v 0.4485757 0.5003394 1.192308
v 0.4529253 0.4949268 1.2253
v 0.4640731 0.4042623 1.225429
v 0.4182576 0.3561915 1.103738
v 0.4203196 0.4057122 0.9697387
v 0.4182576 0.4035857 0.9677411
v 0.419353 0.3583824 1.106186
v 0.415229 0.3169487 1.188119
v 0.4213184 0.3169487 1.188119
v 0.4162278 0.4057122 0.9697387
v 0.4171621 0.3583824 1.106186
v 0.4171621 0.3583824 1.106186
v 0.4213184 0.3169487 1.188119
v 0.4447416 0.4051322 1.155578
v 0.419353 0.3583824 1.106186
v 0.4477702 0.3485556 1.208546
v 0.4215117 0.4188898 0.9764403
v 0.4203196 0.4057122 0.9697387
v 0.4640731 0.4042623 1.225429
v 0.4263768 0.4657685 1.114789
v 0.4203196 0.4057122 0.9697387
v 0.4182576 0.4192442 0.9749904
v 0.4182576 0.4060666 0.9685789
v 0.4215117 0.4188898 0.9764403
v 0.4182576 0.4659296 1.112985
v 0.4263768 0.4657685 1.114789
v 0.4182576 0.5285311 1.159316
v 0.4278911 0.5285311 1.161764
v 0.4182576 0.6279914 1.200685
v 0.4230582 0.6279914 1.203133
v 0.4182576 0.7382126 1.232517
v 0.4182576 0.4035857 0.9677411
v 0.4485757 0.5003394 1.192308
v 0.4230582 0.6279914 1.203133
v 0.4278911 0.5285311 1.161764
v 0.4312741 0.6284102 1.212058
v 0.4355592 0.6284102 1.2253
v 0.4529253 0.4949268 1.2253
v 0.4182576 0.7382126 1.232517
v 0.3887771 0.3485556 1.208546
v 0.4213184 0.3169487 1.188119
v 0.415229 0.3169487 1.188119
v 0.4477702 0.3485556 1.208546
v 0.3724421 0.4042623 1.225429
v 0.4640731 0.4042623 1.225429
v 0.4529253 0.4949268 1.2253
v 0.3835899 0.4949268 1.2253
v 0.4355592 0.6284102 1.2253
v 0.4009882 0.6284102 1.2253
v 0.4182576 0.7382126 1.232517
v 0.3918058 0.4051 1.155578
v 0.4086241 0.5285311 1.161764
v 0.3879717 0.5003394 1.192308
v 0.4101384 0.4657685 1.114789
v 0.4134569 0.6279914 1.203133
v 0.4052411 0.6284102 1.212058
v 0.4009882 0.6284102 1.2253
v 0.3835899 0.4949268 1.2253
v 0.3724421 0.4042623 1.225429
v 0.4182576 0.7382126 1.232517
v 0.3887771 0.3485556 1.208546
v 0.415229 0.3169487 1.188119
v 0.4171621 0.3583824 1.106186
v 0.4150357 0.4188898 0.9764403
v 0.4162278 0.4057122 0.9697387
v 0.4182576 0.4192442 0.9749904
v 0.4162278 0.4057122 0.9697387
v 0.4182576 0.4060666 0.9685789
v 0.4150357 0.4188898 0.9764403
v 0.4182576 0.4659296 1.112985
v 0.4101384 0.4657685 1.114789
v 0.4182576 0.5285311 1.159316
v 0.4086241 0.5285311 1.161764
v 0.4182576 0.6279914 1.200685
v 0.4134569 0.6279914 1.203133
v 0.4182576 0.7382126 1.232517
v 0.4182576 0.4035857 0.9677411
v 0.4171944 0.5484425 1.142433
v 0.4171944 0.5668396 1.179066
v 0.4171944 0.5264692 1.162473
v 0.4171944 0.5858811 1.15967
v 0.4171944 0.4618377 1.114241
v 0.4171944 0.520863 1.092622
v 0.4171944 0.4178588 0.9879747
v 0.4171944 0.4971821 1.047193
v 0.4171944 0.4797837 0.9759892
v 0.4205451 0.5668396 1.179066
v 0.4205451 0.5484425 1.142433
v 0.4205451 0.5264692 1.162473
v 0.4205451 0.5858811 1.15967
v 0.4205451 0.4618377 1.114241
v 0.4205451 0.520863 1.092622
v 0.4205451 0.4178588 0.9879747
v 0.4205451 0.4971821 1.047193
v 0.4205451 0.4797837 0.9759892
v 0.4205451 0.4178588 0.9879747
v 0.4171944 0.4797837 0.9759892
v 0.4171944 0.4178588 0.9879747
v 0.4205451 0.4797837 0.9759892
v 0.4205451 0.5858811 1.15967
v 0.4171944 0.5668396 1.179066
v 0.4171944 0.5858811 1.15967
v 0.4205451 0.5668396 1.179066
v 0.4405854 0.8188247 0.6364005
v 0.3989584 0.7859613 0.7298357
v 0.4405854 0.7859613 0.7298357
v 0.3989584 0.8188247 0.6364005
v 0.3989584 0.7183657 0.857552
v 0.4405854 0.7183657 0.857552
v 0.3989584 0.6368516 0.933879
v 0.4405854 0.6368516 0.933879
v 0.3989584 0.6190345 0.9371975
v 0.4405854 0.6190345 0.9371975
v 0.4346893 0.7630213 1.22588
v 0.3989584 0.7675642 1.200588
v 0.4405854 0.7675642 1.200588
v 0.4048222 0.7630213 1.22588
v 0.3989584 0.7427234 1.113661
v 0.4405854 0.7427234 1.113661
v 0.3989584 0.7478784 1.028087
v 0.4405854 0.7478784 1.028087
v 0.3989584 0.7609915 0.9628438
v 0.4405854 0.7609915 0.9628438
v 0.3989584 0.791213 0.8525581
v 0.4405854 0.791213 0.8525581
v 0.3989584 0.8508182 0.6933315
v 0.4405854 0.8508182 0.6933315
v 0.3989584 0.6368516 0.933879
v 0.3989584 0.791213 0.8525581
v 0.3989584 0.7609915 0.9628438
v 0.3989584 0.7183657 0.857552
v 0.3989584 0.7859613 0.7298357
v 0.3989584 0.8508182 0.6933315
v 0.3989584 0.6190345 0.9371975
v 0.3989584 0.7478784 1.028087
v 0.3989584 0.7427234 1.113661
v 0.3989584 0.6095621 0.9875881
v 0.3989584 0.7039638 1.149295
v 0.3989584 0.7675642 1.200588
v 0.3989584 0.8188247 0.6364005
v 0.4048222 0.7630213 1.22588
v 0.4405854 0.791213 0.8525581
v 0.4405854 0.6368516 0.933879
v 0.4405854 0.7609915 0.9628438
v 0.4405854 0.7183657 0.857552
v 0.4405854 0.8508182 0.6933315
v 0.4405854 0.7859613 0.7298357
v 0.4405854 0.6190345 0.9371975
v 0.4405854 0.7478784 1.028087
v 0.4405854 0.6095621 0.9875881
v 0.4405854 0.7427234 1.113661
v 0.4405854 0.7039638 1.149295
v 0.4405854 0.7675642 1.200588
v 0.4405854 0.8188247 0.6364005
v 0.4346893 0.7630213 1.22588
v 0.4405854 0.8508182 0.6933315
v 0.3989584 0.8188247 0.6364005
v 0.4405854 0.8188247 0.6364005
v 0.3989584 0.8508182 0.6933315
v 0.4405854 0.6190345 0.9371975
v 0.3989584 0.6095621 0.9875881
v 0.4405854 0.6095621 0.9875881
v 0.3989584 0.6190345 0.9371975
v 0.3989584 0.7039638 1.149295
v 0.4405854 0.7039638 1.149295
v 0.4048222 0.7630213 1.22588
v 0.4346893 0.7630213 1.22588
v 0.4304042 0.8764002 1.115594
v 0.4119748 1.019259 0.9770524
v 0.4304042 1.019259 0.9770524
v 0.4119748 0.8764002 1.115594
v 0.4119748 1.162119 0.8385106
v 0.4304042 1.162119 0.8385106
v 0.4119748 1.261289 0.7192034
v 0.4304042 1.261289 0.7192034
v 0.4155834 1.379468 0.5563684
v 0.4267956 1.379468 0.5563684
v 0.4211895 1.522102 0.3730099
v 0.4211895 0.9468309 0.8455988
v 0.4119748 1.162119 0.8385106
v 0.4119748 1.019259 0.9770524
v 0.4211895 1.084825 0.6493848
v 0.4211895 0.8100612 0.9250187
v 0.4119748 0.8764002 1.115594
v 0.4119748 1.261289 0.7192034
v 0.4211895 1.220338 0.576022
v 0.4155834 1.379468 0.5563684
v 0.4211895 1.277527 0.4658651
v 0.4211895 1.522102 0.3730099
v 0.4304042 1.162119 0.8385106
v 0.4211895 0.9468309 0.8455988
v 0.4304042 1.019259 0.9770524
v 0.4211895 1.084825 0.6493848
v 0.4211895 0.8100612 0.9250187
v 0.4304042 0.8764002 1.115594
v 0.4304042 1.261289 0.7192034
v 0.4211895 1.220338 0.576022
v 0.4267956 1.379468 0.5563684
v 0.4211895 1.220338 0.576022
v 0.4304042 1.261289 0.7192034
v 0.4211895 1.277527 0.4658651
v 0.4211895 1.522102 0.3730099
v 0.4211895 1.277527 0.4658651
v 0.4267956 1.379468 0.5563684
v 0.4211895 0.8100612 0.9250187
v 0.4119748 0.8764002 1.115594
v 0.4304042 0.8764002 1.115594
v 0.09355408 0.10092 1.092074
v 0.1385963 0.1636505 0.9455745
v 0.1063451 0.1161597 1.090786
v 0.1181694 0.1393251 0.9276606
v 0.1063451 0.1161597 1.090786
v 0.1727807 0.1349756 0.9455745
v 0.1316048 0.0949595 1.090786
v 0.1385963 0.1636505 0.9455745
v 0.1188138 0.0797199 1.092074
v 0.1727807 0.1349756 0.9455745
v 0.152386 0.1106502 0.9276606
v 0.1316048 0.0949595 1.090786
v 0.1188138 0.0797199 1.092074
v 0.1181694 0.1393251 0.9276606
v 0.09355408 0.10092 1.092074
v 0.152386 0.1106502 0.9276606
v 0.2548748 0.343465 1.393161
v 0.2604809 0.4470814 1.393161
v 0.3082296 0.4070331 1.393161
v 0.2071262 0.3835133 1.393161
v 0.2242345 0.3069608 1.221692
v 0.1790634 0.3501021 1.24025
v 0.226812 0.3100216 1.24025
v 0.1764859 0.3470091 1.221692
v 0.1953985 0.3695302 1.276303
v 0.2431471 0.3294819 1.276303
v 0.2075773 0.3840932 1.32853
v 0.2553259 0.3440127 1.32853
v 0.2097682 0.386703 1.367193
v 0.2575168 0.3466225 1.367193
v 0.2548748 0.343465 1.393161
v 0.2071262 0.3835133 1.393161
v 0.1754549 0.3337348 1.160508
v 0.2113469 0.30361 1.160508
v 0.2088982 0.312728 1.056988
v 0.1848629 0.3329294 1.056988
v 0.5216163 0.744882 1.245083
v 0.5766464 0.7403714 1.304076
v 0.5421398 0.7693363 1.304076
v 0.5561228 0.7159171 1.245083
v 0.5216163 0.744882 1.245083
v 0.3086162 0.4075164 1.218534
v 0.5561228 0.7159171 1.245083
v 0.2608676 0.4475647 1.218534
v 0.336969 0.441282 1.35917
v 0.2604809 0.4470814 1.393161
v 0.2892203 0.4813302 1.35917
v 0.3082296 0.4070331 1.393161
v 0.3391276 0.5408388 1.330431
v 0.3868762 0.5007583 1.330431
v 0.4101062 0.6254138 1.316029
v 0.4578548 0.5853333 1.316029
v 0.4912659 0.7221676 1.307684
v 0.5390146 0.6820871 1.307684
v 0.5421398 0.7693363 1.304076
v 0.5766464 0.7403714 1.304076
v 0.2406985 0.3506176 1.071648
v 0.1848629 0.3329294 1.056988
v 0.2088982 0.312728 1.056988
v 0.2166308 0.370819 1.071648
v 0.1764859 0.3470091 1.221692
v 0.1953985 0.3695302 1.276303
v 0.1790634 0.3501021 1.24025
v 0.2608676 0.4475647 1.218534
v 0.2321282 0.4012982 1.145912
v 0.1754549 0.3337348 1.160508
v 0.2166308 0.370819 1.071648
v 0.1848629 0.3329294 1.056988
v 0.2075773 0.3840932 1.32853
v 0.2097682 0.386703 1.367193
v 0.2071262 0.3835133 1.393161
v 0.2604809 0.4470814 1.393161
v 0.2892203 0.4813302 1.35917
v 0.3391276 0.5408388 1.330431
v 0.4101062 0.6254138 1.316029
v 0.4912659 0.7221676 1.307684
v 0.5216163 0.744882 1.245083
v 0.5421398 0.7693363 1.304076
v 0.2242345 0.3069608 1.221692
v 0.2431471 0.3294819 1.276303
v 0.3086162 0.4075164 1.218534
v 0.226812 0.3100216 1.24025
v 0.2680202 0.3711734 1.145912
v 0.2113469 0.30361 1.160508
v 0.2406985 0.3506176 1.071648
v 0.2088982 0.312728 1.056988
v 0.2553259 0.3440127 1.32853
v 0.2575168 0.3466225 1.367193
v 0.2548748 0.343465 1.393161
v 0.3082296 0.4070331 1.393161
v 0.336969 0.441282 1.35917
v 0.3868762 0.5007583 1.330431
v 0.4578548 0.5853333 1.316029
v 0.5390146 0.6820871 1.307684
v 0.5561228 0.7159171 1.245083
v 0.5766464 0.7403714 1.304076
v 0.2608676 0.4475647 1.218534
v 0.2680202 0.3711734 1.145912
v 0.3086162 0.4075164 1.218534
v 0.2321282 0.4012982 1.145912
v 0.2166308 0.370819 1.071648
v 0.2406985 0.3506176 1.071648
v 0.1084071 0.1005012 1.09143
v 0.1517095 0.1547903 0.9887157
v 0.121198 0.1157408 1.090141
v 0.1375009 0.1378431 0.9611363
v 0.121198 0.1157408 1.090141
v 0.1617618 0.1463489 0.9887157
v 0.1286084 0.1094903 1.090141
v 0.1517095 0.1547903 0.9887157
v 0.1158174 0.09428293 1.09143
v 0.1617618 0.1463489 0.9887157
v 0.1475532 0.1294339 0.9611363
v 0.1286084 0.1094903 1.090141
v 0.2820033 0.2559581 1.104575
v 0.2748829 0.2474844 1.019807
v 0.2495909 0.2173274 1.104575
v 0.2820033 0.2559581 1.039074
v 0.2464657 0.2136223 1.076577
v 0.2355434 0.2005736 1.041233
v 0.2561314 0.2250922 0.9882646
v 0.2202393 0.1823376 1.006952
v 0.2333847 0.197996 0.9607174
v 0.2039365 0.1629417 0.9802421
v 0.2033566 0.1622329 0.9296904
v 0.1829297 0.1379075 0.9111323
v 0.1835096 0.1385841 0.9616517
v 0.2300017 0.2851163 1.019807
v 0.2371544 0.2936221 1.104575
v 0.2047098 0.2549593 1.104575
v 0.2371544 0.2936221 1.039074
v 0.2016167 0.2512541 1.076577
v 0.1906623 0.2382376 1.041233
v 0.2112502 0.2627563 0.9882646
v 0.1753582 0.2200016 1.006952
v 0.1885036 0.2356601 0.9607174
v 0.1590876 0.2005736 0.9802421
v 0.1585077 0.1998969 0.9296904
v 0.1386285 0.1762159 0.9616517
v 0.1380808 0.1755394 0.9111323
v 0.2300017 0.2851163 1.019807
v 0.2820033 0.2559581 1.039074
v 0.2371544 0.2936221 1.039074
v 0.2748829 0.2474844 1.019807
v 0.2371544 0.2936221 1.104575
v 0.2820033 0.2559581 1.104575
v 0.2112502 0.2627563 0.9882646
v 0.2561314 0.2250922 0.9882646
v 0.1885036 0.2356601 0.9607174
v 0.2333847 0.197996 0.9607174
v 0.1585077 0.1998969 0.9296904
v 0.2033566 0.1622329 0.9296904
v 0.1380808 0.1755394 0.9111323
v 0.1829297 0.1379075 0.9111323
v 0.2371544 0.2936221 1.104575
v 0.2495909 0.2173274 1.104575
v 0.2047098 0.2549593 1.104575
v 0.2820033 0.2559581 1.104575
v 0.1906623 0.2382376 1.041233
v 0.2202393 0.1823376 1.006952
v 0.1753582 0.2200016 1.006952
v 0.2355434 0.2005736 1.041233
v 0.2016167 0.2512541 1.076577
v 0.2464657 0.2136223 1.076577
v 0.2039365 0.1629417 0.9802421
v 0.1590876 0.2005736 0.9802421
v 0.2047098 0.2549593 1.104575
v 0.2495909 0.2173274 1.104575
v 0.1835096 0.1385841 0.9616517
v 0.1386285 0.1762159 0.9616517
v 0.1654348 0.103272 0.9504073
v 0.1044441 0.1467033 0.9321713
v 0.108246 0.1512462 0.9504073
v 0.1616329 0.09872913 0.9321713
v 0.1754227 0.1151609 0.9616839
v 0.1182339 0.163135 0.9616839
v 0.1877626 0.1298528 0.9616839
v 0.1305737 0.1778269 0.9616839
v 0.1977504 0.1417416 0.9504073
v 0.1405617 0.1897157 0.9504073
v 0.2015523 0.1462845 0.9321713
v 0.1443635 0.1942586 0.9321713
v 0.1977504 0.1417416 0.9139031
v 0.1405617 0.1897157 0.9139031
v 0.1877626 0.1298528 0.9026265
v 0.1305737 0.1778269 0.9026265
v 0.1754227 0.1151609 0.9026265
v 0.1182339 0.163135 0.9026265
v 0.108246 0.1512462 0.9139031
v 0.1654348 0.103272 0.9139031
v 0.1182339 0.163135 0.9026265
v 0.1754227 0.1151609 0.9026265
v 0.1405617 0.1897157 0.9139031
v 0.1182339 0.163135 0.9026265
v 0.1305737 0.1778269 0.9026265
v 0.1044441 0.1467033 0.9321713
v 0.1405617 0.1897157 0.9504073
v 0.1443635 0.1942586 0.9321713
v 0.1182339 0.163135 0.9616839
v 0.1305737 0.1778269 0.9616839
v 0.108246 0.1512462 0.9504073
v 0.108246 0.1512462 0.9139031
v 0.1877626 0.1298528 0.9616839
v 0.1654348 0.103272 0.9504073
v 0.1754227 0.1151609 0.9616839
v 0.1654348 0.103272 0.9139031
v 0.2015523 0.1462845 0.9321713
v 0.1977504 0.1417416 0.9504073
v 0.1877626 0.1298528 0.9026265
v 0.1977504 0.1417416 0.9139031
v 0.1754227 0.1151609 0.9026265
v 0.1616329 0.09872913 0.9321713
v 0.1438802 0.1869771 0.9365209
v 0.1519672 0.1966106 0.9032386
v 0.1519672 0.1966106 0.9365209
v 0.1281896 0.1682578 0.9032386
v 0.1952052 0.1439325 0.9365209
v 0.2032921 0.1535659 0.9032386
v 0.1794823 0.125181 0.9032386
v 0.2032921 0.1535659 0.9365209
v 0.1794823 0.125181 0.9032386
v 0.1519672 0.1966106 0.9032386
v 0.1281896 0.1682578 0.9032386
v 0.2032921 0.1535659 0.9032386
v 0.2032921 0.1535659 0.9365209
v 0.1438802 0.1869771 0.9365209
v 0.1519672 0.1966106 0.9365209
v 0.1952052 0.1439325 0.9365209
v 0.2032921 0.1535659 0.9032386
v 0.1519672 0.1966106 0.9365209
v 0.1519672 0.1966106 0.9032386
v 0.2032921 0.1535659 0.9365209
v 0.4112338 0.5706093 1.091333
v 0.4112338 0.5958045 1.047709
v 0.4112338 0.6090465 1.085534
v 0.4112338 0.5713503 1.05586
v 0.4112338 0.580146 1.104704
v 0.4112338 0.6180679 1.110182
v 0.4112338 0.5955468 1.124003
v 0.4112338 0.6202266 1.146879
v 0.4112338 0.6319866 1.140306
v 0.4268601 0.5706093 1.091333
v 0.4268601 0.5958045 1.047709
v 0.4268601 0.5713503 1.05586
v 0.4268601 0.6090465 1.085534
v 0.4268601 0.580146 1.104704
v 0.4268601 0.6180679 1.110182
v 0.4268601 0.5955468 1.124003
v 0.4268601 0.6202266 1.146879
v 0.4268601 0.6319866 1.140306
v 0.4268601 0.5713503 1.05586
v 0.4112338 0.5958045 1.047709
v 0.4112338 0.5713503 1.05586
v 0.4268601 0.5958045 1.047709
v 0.4268601 0.5713503 1.05586
v 0.4112338 0.5706093 1.091333
v 0.4268601 0.5706093 1.091333
v 0.4112338 0.5713503 1.05586
v 0.4112338 0.580146 1.104704
v 0.4268601 0.580146 1.104704
v 0.4112338 0.5955468 1.124003
v 0.4268601 0.5955468 1.124003
v 0.4112338 0.6202266 1.146879
v 0.4268601 0.6202266 1.146879
v 0.4268601 0.6319866 1.140306
v 0.4112338 0.6202266 1.146879
v 0.4112338 0.6319866 1.140306
v 0.4268601 0.6202266 1.146879
v 0.4268601 0.6319866 1.140306
v 0.4112338 0.6180679 1.110182
v 0.4268601 0.6180679 1.110182
v 0.4112338 0.6319866 1.140306
v 0.4112338 0.6090465 1.085534
v 0.4268601 0.6090465 1.085534
v 0.4112338 0.5958045 1.047709
v 0.4268601 0.5958045 1.047709
v 0.4314352 0.6015717 1.083698
v 0.419643 0.613815 1.125228
v 0.4314352 0.6183257 1.123327
v 0.419643 0.5970933 1.085598
v 0.4363002 0.6124296 1.079122
v 0.4363002 0.6291835 1.118752
v 0.4314352 0.6232874 1.074547
v 0.4314352 0.6400413 1.114177
v 0.419643 0.627798 1.072646
v 0.419643 0.6445197 1.112276
v 0.4078508 0.6232874 1.074547
v 0.4078508 0.6400413 1.114177
v 0.4029535 0.6124296 1.079122
v 0.4029535 0.6291835 1.118752
v 0.4078508 0.6015717 1.083698
v 0.4078508 0.6183257 1.123327
v 0.419643 0.5970933 1.085598
v 0.419643 0.613815 1.125228
v 0.419643 0.6445197 1.112276
v 0.4029535 0.6291835 1.118752
v 0.4078508 0.6400413 1.114177
v 0.419643 0.613815 1.125228
v 0.4363002 0.6291835 1.118752
v 0.4314352 0.6400413 1.114177
v 0.4314352 0.6183257 1.123327
v 0.4078508 0.6183257 1.123327
v 0.4314352 0.6232874 1.074547
v 0.4314352 0.6015717 1.083698
v 0.4363002 0.6124296 1.079122
v 0.4078508 0.6015717 1.083698
v 0.4078508 0.6232874 1.074547
v 0.419643 0.627798 1.072646
v 0.4029535 0.6124296 1.079122
v 0.419643 0.5970933 1.085598
v 0.4160345 0.6200332 1.049835
v 0.4160345 0.706348 1.15197
v 0.4160345 0.6655909 1.137632
v 0.4160345 0.6483538 1.042586
v 0.4160345 0.6335974 1.137407
v 0.4160345 0.5954179 1.058856
v 0.4239604 0.706348 1.15197
v 0.4239604 0.6200332 1.049835
v 0.4239604 0.6655909 1.137632
v 0.4239604 0.6483538 1.042586
v 0.4239604 0.5954179 1.058856
v 0.4239604 0.6335974 1.137407
v 0.4239604 0.6483538 1.042586
v 0.4160345 0.6200332 1.049835
v 0.4239604 0.6200332 1.049835
v 0.4160345 0.6483538 1.042586
v 0.4160345 0.5954179 1.058856
v 0.4239604 0.5954179 1.058856
v 0.4239604 0.6335974 1.137407
v 0.4160345 0.5954179 1.058856
v 0.4160345 0.6335974 1.137407
v 0.4239604 0.5954179 1.058856
v 0.4239604 0.6335974 1.137407
v 0.4160345 0.6655909 1.137632
v 0.4239604 0.6655909 1.137632
v 0.4160345 0.6335974 1.137407
v 0.4160345 0.706348 1.15197
v 0.4239604 0.706348 1.15197
v 0.4239604 0.6483538 1.042586
v 0.4160345 0.706348 1.15197
v 0.4160345 0.6483538 1.042586
v 0.4239604 0.706348 1.15197
v 0.4257646 0.568225 1.060822
v 0.4117171 0.5601702 1.041458
v 0.4117171 0.568225 1.060822
v 0.4257646 0.5601702 1.041458
v 0.4257646 0.5875886 1.068845
v 0.4117171 0.5875886 1.068845
v 0.4257646 0.6069846 1.060822
v 0.4117171 0.6069846 1.060822
v 0.4257646 0.6150071 1.041458
v 0.4117171 0.6150071 1.041458
v 0.4257646 0.6069846 1.022063
v 0.4117171 0.6069846 1.022063
v 0.4257646 0.5875886 1.01404
v 0.4117171 0.5875886 1.01404
v 0.4257646 0.568225 1.022063
v 0.4117171 0.568225 1.022063
v 0.4117171 0.568225 1.022063
v 0.4257646 0.568225 1.022063
v 0.4117171 0.6150071 1.041458
v 0.4117171 0.5875886 1.01404
v 0.4117171 0.6069846 1.022063
v 0.4117171 0.5601702 1.041458
v 0.4117171 0.5875886 1.068845
v 0.4117171 0.6069846 1.060822
v 0.4117171 0.568225 1.060822
v 0.4117171 0.568225 1.022063
v 0.4257646 0.6069846 1.060822
v 0.4257646 0.568225 1.060822
v 0.4257646 0.5875886 1.068845
v 0.4257646 0.568225 1.022063
v 0.4257646 0.6069846 1.022063
v 0.4257646 0.6150071 1.041458
v 0.4257646 0.5875886 1.01404
v 0.4257646 0.5601702 1.041458
v 0.1918866 0.2150399 1.140661
v 0.2213348 0.2111414 1.140661
v 0.2021323 0.2272831 1.140661
v 0.2110891 0.1989304 1.140661
v 0.2213348 0.2111414 1.185187
v 0.1837674 0.2053742 1.185187
v 0.2021323 0.2272831 1.185187
v 0.2030022 0.1892647 1.185187
v 0.2030022 0.1892647 1.185187
v 0.1918866 0.2150399 1.140661
v 0.1837674 0.2053742 1.185187
v 0.2110891 0.1989304 1.140661
v 0.2021323 0.2272831 1.185187
v 0.1918866 0.2150399 1.140661
v 0.2021323 0.2272831 1.140661
v 0.1837674 0.2053742 1.185187
v 0.2213348 0.2111414 1.185187
v 0.2110891 0.1989304 1.140661
v 0.2030022 0.1892647 1.185187
v 0.2213348 0.2111414 1.140661
v 0.09516504 0.1037231 1.087757
v 0.1002234 0.1097803 1.121136
v 0.09313524 0.1013389 1.09797
v 0.1242266 0.1383586 1.093395
v 0.1169129 0.1296594 1.087757
v 0.1127889 0.1247621 1.121136
v 0.1287373 0.1437392 1.10754
v 0.129575 0.144738 1.121136
v 0.07486707 0.08026767 1.084793
v 0.07486707 0.08023542 1.094974
v 0.1176217 0.08081537 1.09797
v 0.1413994 0.1091359 1.087757
v 0.1196193 0.08319956 1.087757
v 0.1486809 0.117835 1.093395
v 0.1246777 0.08922452 1.121136
v 0.1372753 0.1042386 1.121136
v 0.1531915 0.1231834 1.10754
v 0.1540292 0.1242144 1.121136
v 0.09932131 0.05971187 1.094974
v 0.09932131 0.05971187 1.084793
v 0.1413994 0.1091359 1.087757
v 0.09516504 0.1037231 1.087757
v 0.1196193 0.08319956 1.087757
v 0.1169129 0.1296594 1.087757
v 0.1242266 0.1383586 1.093395
v 0.1486809 0.117835 1.093395
v 0.1287373 0.1437392 1.10754
v 0.1531915 0.1231834 1.10754
v 0.129575 0.144738 1.121136
v 0.1540292 0.1242144 1.121136
v 0.09932131 0.05971187 1.084793
v 0.07486707 0.08026767 1.084793
v 0.1176217 0.08081537 1.09797
v 0.1002234 0.1097803 1.121136
v 0.1246777 0.08922452 1.121136
v 0.09313524 0.1013389 1.09797
v 0.1127889 0.1247621 1.121136
v 0.1540292 0.1242144 1.121136
v 0.1372753 0.1042386 1.121136
v 0.129575 0.144738 1.121136
v 0.1002234 0.1097803 1.121136
v 0.1246777 0.08922452 1.121136
v 0.07486707 0.08023542 1.094974
v 0.1176217 0.08081537 1.09797
v 0.09932131 0.05971187 1.094974
v 0.09313524 0.1013389 1.09797
v 0.06536239 0.07511258 1.126903
v 0.07609135 0.08181417 1.077866
v 0.07609135 0.08181417 1.126903
v 0.06536239 0.07511258 1.077866
v 0.06059402 0.06338489 1.126903
v 0.06059402 0.06338489 1.077866
v 0.06368703 0.05110943 1.126903
v 0.06368703 0.05110943 1.077866
v 0.07335275 0.04299021 1.126903
v 0.07335275 0.04299021 1.077866
v 0.08598262 0.04208809 1.126903
v 0.08598262 0.04208809 1.077866
v 0.09671155 0.04878962 1.126903
v 0.09671155 0.04878962 1.077866
v 0.1014478 0.06051737 1.126903
v 0.1014478 0.06051737 1.077866
v 0.09838694 0.07279283 1.126903
v 0.09838694 0.07279283 1.077866
v 0.088689 0.08094424 1.126903
v 0.088689 0.08094424 1.077866
v 0.07609135 0.08181417 1.126903
v 0.07609135 0.08181417 1.077866
v 0.08598262 0.04208809 1.077866
v 0.06368703 0.05110943 1.077866
v 0.07335275 0.04299021 1.077866
v 0.06536239 0.07511258 1.077866
v 0.1014478 0.06051737 1.077866
v 0.09671155 0.04878962 1.077866
v 0.088689 0.08094424 1.077866
v 0.09838694 0.07279283 1.077866
v 0.07609135 0.08181417 1.077866
v 0.06059402 0.06338489 1.077866
v 0.09838694 0.07279283 1.126903
v 0.07609135 0.08181417 1.126903
v 0.088689 0.08094424 1.126903
v 0.06059402 0.06338489 1.126903
v 0.09671155 0.04878962 1.126903
v 0.1014478 0.06051737 1.126903
v 0.07335275 0.04299021 1.126903
v 0.08598262 0.04208809 1.126903
v 0.06368703 0.05110943 1.126903
v 0.06536239 0.07511258 1.126903
v 0.231806 0.3941777 1.304011
v 0.2085761 0.4006216 1.33478
v 0.2253944 0.3865418 1.33478
v 0.2149877 0.4082897 1.304011
v 0.2149877 0.4082897 1.365517
v 0.231806 0.3941777 1.365517
v 0.231806 0.4283299 1.384527
v 0.2486243 0.414218 1.384527
v 0.2525873 0.4530742 1.384527
v 0.2694056 0.4389945 1.384527
v 0.2694056 0.4731144 1.365517
v 0.2861917 0.4590024 1.365517
v 0.2758172 0.4807826 1.33478
v 0.2926355 0.4666706 1.33478
v 0.2694056 0.4731144 1.304011
v 0.2861917 0.4590024 1.304011
v 0.2525873 0.4530742 1.285034
v 0.2694056 0.4389945 1.285034
v 0.231806 0.4283299 1.285034
v 0.2486243 0.414218 1.285034
v 0.2149877 0.4082897 1.304011
v 0.231806 0.3941777 1.304011
v 0.3591356 0.3633119 1.324728
v 0.3568481 0.3384066 1.324728
v 0.3621642 0.3529696 1.324728
v 0.3109359 0.4037468 1.324728
v 0.3327482 0.3318661 1.324728
v 0.2845486 0.372301 1.324728
v 0.343445 0.3306741 1.324728
v 0.3327482 0.3318661 1.344478
v 0.3568481 0.3384066 1.344478
v 0.343445 0.3306741 1.344478
v 0.2845486 0.372301 1.344478
v 0.3591356 0.3633119 1.344478
v 0.3621642 0.3529696 1.344478
v 0.3109359 0.4037468 1.344478
v 0.3327482 0.3318661 1.324728
v 0.2845486 0.372301 1.344478
v 0.3327482 0.3318661 1.344478
v 0.2845486 0.372301 1.324728
v 0.343445 0.3306741 1.324728
v 0.343445 0.3306741 1.344478
v 0.3568481 0.3384066 1.324728
v 0.3568481 0.3384066 1.344478
v 0.3621642 0.3529696 1.324728
v 0.3621642 0.3529696 1.344478
v 0.3591356 0.3633119 1.324728
v 0.3591356 0.3633119 1.344478
v 0.3109359 0.4037468 1.324728
v 0.3109359 0.4037468 1.344478
v 0.2742707 0.3552894 1.353983
v 0.2593211 0.3597356 1.330914
v 0.263284 0.3644718 1.353983
v 0.2703077 0.3505532 1.330914
v 0.2851285 0.3682092 1.370898
v 0.274174 0.3774239 1.370898
v 0.263284 0.3644718 1.307813
v 0.2742707 0.3552894 1.307813
v 0.274174 0.3774239 1.290898
v 0.2851285 0.3682092 1.290898
v 0.2889948 0.3951121 1.284712
v 0.2999815 0.3858975 1.284712
v 0.3038478 0.4128004 1.290898
v 0.3148022 0.4035857 1.290898
v 0.3147056 0.4257525 1.307813
v 0.3256923 0.4165378 1.307813
v 0.3186685 0.4304886 1.330914
v 0.3296552 0.4212739 1.330914
v 0.3147056 0.4257525 1.353983
v 0.3256923 0.4165378 1.353983
v 0.3038478 0.4128004 1.370898
v 0.3148022 0.4035857 1.370898
v 0.2889948 0.3951121 1.377084
v 0.2999815 0.3858975 1.377084
v 0.274174 0.3774239 1.370898
v 0.2851285 0.3682092 1.370898
v 0.2851285 0.3682092 1.290898
v 0.3148022 0.4035857 1.290898
v 0.2999815 0.3858975 1.284712
v 0.2703077 0.3505532 1.330914
v 0.3148022 0.4035857 1.370898
v 0.3296552 0.4212739 1.330914
v 0.3256923 0.4165378 1.307813
v 0.3256923 0.4165378 1.353983
v 0.2851285 0.3682092 1.370898
v 0.2999815 0.3858975 1.377084
v 0.2742707 0.3552894 1.353983
v 0.2742707 0.3552894 1.307813
v 0.2167597 0.3238758 1.358655
v 0.1904368 0.3379233 1.331591
v 0.1944319 0.3426595 1.358655
v 0.2127967 0.3191718 1.331591
v 0.2279075 0.33715 1.38037
v 0.2055475 0.3559015 1.38037
v 0.2439848 0.3563204 1.392388
v 0.2216248 0.3750719 1.392388
v 0.1944319 0.3426595 1.304527
v 0.2167597 0.3238758 1.304527
v 0.2055475 0.3559015 1.282843
v 0.2279075 0.33715 1.282843
v 0.2216248 0.3750719 1.270793
v 0.2439848 0.3563204 1.270793
v 0.2055475 0.3559015 1.282843
v 0.1904368 0.3379233 1.331591
v 0.1944319 0.3426595 1.304527
v 0.2216248 0.3750719 1.392388
v 0.1944319 0.3426595 1.358655
v 0.2055475 0.3559015 1.38037
v 0.2216248 0.3750719 1.270793
v 0.2279075 0.33715 1.38037
v 0.2127967 0.3191718 1.331591
v 0.2167597 0.3238758 1.358655
v 0.2439848 0.3563204 1.270793
v 0.2167597 0.3238758 1.304527
v 0.2279075 0.33715 1.282843
v 0.2439848 0.3563204 1.392388
v 0.4036624 0.5822081 1.21963
v 0.4013426 0.598962 1.250302
v 0.4036624 0.5822081 1.250302
v 0.4013426 0.598962 1.21963
v 0.4130059 0.6112053 1.250302
v 0.4130059 0.6112053 1.21963
v 0.4260224 0.6120107 1.250302
v 0.4260224 0.6120107 1.21963
v 0.4361392 0.6037626 1.250302
v 0.4361392 0.6037626 1.21963
v 0.4384589 0.5870088 1.250302
v 0.4384589 0.5870088 1.21963
v 0.4267956 0.5747655 1.250302
v 0.4267956 0.5747655 1.21963
v 0.4137791 0.57396 1.250302
v 0.4137791 0.57396 1.21963
v 0.4036624 0.5822081 1.250302
v 0.4036624 0.5822081 1.21963
v 0.232547 0.5247293 1.298115
v 0.2464657 0.5115517 1.300886
v 0.2472067 0.5124539 1.298115
v 0.231806 0.5238594 1.300886
v 0.2343191 0.526888 1.296955
v 0.2472067 0.5124539 1.298115
v 0.2489787 0.5145803 1.296955
v 0.232547 0.5247293 1.298115
v 0.2361234 0.5290144 1.298115
v 0.2489787 0.5145803 1.296955
v 0.250783 0.5167068 1.298115
v 0.2343191 0.526888 1.296955
v 0.2368644 0.5298844 1.300886
v 0.250783 0.5167068 1.298115
v 0.251524 0.5175766 1.300886
v 0.2361234 0.5290144 1.298115
v 0.2361234 0.5290144 1.303689
v 0.250783 0.5167068 1.303689
v 0.2343191 0.526888 1.304817
v 0.2489787 0.5145803 1.304817
v 0.232547 0.5247293 1.303689
v 0.2489787 0.5145803 1.304817
v 0.2472067 0.5124539 1.303689
v 0.2343191 0.526888 1.304817
v 0.231806 0.5238594 1.300886
v 0.2464657 0.5115517 1.300886
v 0.2343191 0.526888 1.296955
v 0.2368644 0.5298844 1.300886
v 0.231806 0.5238594 1.300886
v 0.2361234 0.5290144 1.298115
v 0.2343191 0.526888 1.304817
v 0.2361234 0.5290144 1.303689
v 0.232547 0.5247293 1.303689
v 0.232547 0.5247293 1.298115
v 0.1534171 0.4304565 1.298115
v 0.1673357 0.4172788 1.300886
v 0.1680767 0.4181488 1.298115
v 0.152676 0.4295543 1.300886
v 0.1552213 0.4325829 1.296955
v 0.1698488 0.4202752 1.296955
v 0.1569934 0.4347094 1.298115
v 0.1698488 0.4202752 1.296955
v 0.171653 0.4224017 1.298115
v 0.1552213 0.4325829 1.296955
v 0.1577344 0.4355792 1.300886
v 0.171653 0.4224017 1.298115
v 0.1723941 0.4233038 1.300886
v 0.1569934 0.4347094 1.298115
v 0.1569934 0.4347094 1.303689
v 0.171653 0.4224017 1.303689
v 0.1552213 0.4325829 1.304817
v 0.1698488 0.4202752 1.304817
v 0.1534171 0.4304565 1.303689
v 0.1698488 0.4202752 1.304817
v 0.1680767 0.4181488 1.303689
v 0.1552213 0.4325829 1.304817
v 0.152676 0.4295543 1.300886
v 0.1673357 0.4172788 1.300886
v 0.1552213 0.4325829 1.296955
v 0.1577344 0.4355792 1.300886
v 0.152676 0.4295543 1.300886
v 0.1569934 0.4347094 1.298115
v 0.1552213 0.4325829 1.304817
v 0.1569934 0.4347094 1.303689
v 0.1534171 0.4304565 1.303689
v 0.1534171 0.4304565 1.298115
v 0.2091882 0.2605976 1.120782
v 0.2539405 0.2232235 1.128579
v 0.2092527 0.2606943 1.128579
v 0.2538438 0.2231269 1.120782
v 0.2179518 0.2710366 1.143238
v 0.2626074 0.2335659 1.143238
v 0.1886325 0.2361112 1.187282
v 0.2569691 0.226832 1.189763
v 0.2332881 0.1986082 1.187282
v 0.2123135 0.2643028 1.189763
v 0.2303561 0.2858251 1.201845
v 0.2750117 0.2483222 1.201845
v 0.2555192 0.3157888 1.253395
v 0.3001748 0.2783181 1.253395
v 0.2809722 0.3461392 1.329593
v 0.3256278 0.3086684 1.329593
v 0.2885759 0.355225 1.36323
v 0.3332638 0.3177542 1.36323
v 0.1886325 0.2361112 1.187282
v 0.2332881 0.1986082 1.120717
v 0.1886325 0.2361112 1.120717
v 0.2332881 0.1986082 1.187282
v 0.2539405 0.2232235 1.128579
v 0.2332881 0.1986082 1.187282
v 0.2569691 0.226832 1.189763
v 0.2538438 0.2231269 1.120782
v 0.2332881 0.1986082 1.120717
v 0.2626074 0.2335659 1.143238
v 0.2779437 0.251834 1.14327
v 0.2750117 0.2483222 1.201845
v 0.305942 0.2851807 1.194112
v 0.3001748 0.2783181 1.253395
v 0.33742 0.3227159 1.219211
v 0.3256278 0.3086684 1.329593
v 0.3401908 0.3260022 1.324277
v 0.3332638 0.3177542 1.36323
v 0.3401264 0.3259378 1.345703
v 0.3556882 0.344496 1.243278
v 0.369188 0.3605733 1.266637
v 0.369188 0.3605733 1.323923
v 0.3615198 0.3514231 1.36323
v 0.3615198 0.3514231 1.345703
v 0.3245324 0.398044 1.323923
v 0.369188 0.3605733 1.266637
v 0.369188 0.3605733 1.323923
v 0.3245324 0.398044 1.266637
v 0.3110326 0.3819668 1.243278
v 0.369188 0.3605733 1.266637
v 0.3245324 0.398044 1.266637
v 0.3556882 0.344496 1.243278
v 0.2927644 0.3601867 1.219211
v 0.33742 0.3227159 1.219211
v 0.2612864 0.3226515 1.194112
v 0.305942 0.2851807 1.194112
v 0.2332881 0.2893048 1.14327
v 0.2779437 0.251834 1.14327
v 0.3332638 0.3177542 1.36323
v 0.3536262 0.3736542 1.36323
v 0.3609077 0.3619909 1.36323
v 0.3168643 0.388926 1.36323
v 0.3400942 0.3849953 1.36323
v 0.3273354 0.3901182 1.36323
v 0.2885759 0.355225 1.36323
v 0.3615198 0.3514231 1.36323
v 0.2303561 0.2858251 1.201845
v 0.2612864 0.3226515 1.194112
v 0.2555192 0.3157888 1.253395
v 0.2332881 0.2893048 1.14327
v 0.2123135 0.2643028 1.189763
v 0.2179518 0.2710366 1.143238
v 0.2927644 0.3601867 1.219211
v 0.2809722 0.3461392 1.329593
v 0.295503 0.363473 1.324277
v 0.3110326 0.3819668 1.243278
v 0.3245324 0.398044 1.266637
v 0.3245324 0.398044 1.323923
v 0.2885759 0.355225 1.36323
v 0.2954386 0.3634086 1.345703
v 0.3168643 0.388926 1.36323
v 0.3168643 0.388926 1.345703
v 0.2092527 0.2606943 1.128579
v 0.1886325 0.2361112 1.187282
v 0.1886325 0.2361112 1.120717
v 0.2091882 0.2605976 1.120782
v 0.2179518 0.2710366 1.143238
v 0.2779437 0.251834 1.14327
v 0.2332881 0.2893048 1.14327
v 0.2626074 0.2335659 1.143238
v 0.2091882 0.2605976 1.120782
v 0.2332881 0.1986082 1.120717
v 0.2538438 0.2231269 1.120782
v 0.1886325 0.2361112 1.120717
v 0.3400942 0.3849953 1.36323
v 0.3536262 0.3736542 1.345703
v 0.3536262 0.3736542 1.36323
v 0.3400942 0.3849953 1.345703
v 0.3609077 0.3619909 1.36323
v 0.3609077 0.3619909 1.345703
v 0.3273354 0.3901182 1.345703
v 0.3273354 0.3901182 1.36323
v 0.3615198 0.3514231 1.36323
v 0.3615198 0.3514231 1.345703
v 0.3168643 0.388926 1.345703
v 0.3168643 0.388926 1.36323
v 0.3400942 0.3849953 1.345703
v 0.3615198 0.3514231 1.345703
v 0.3609077 0.3619909 1.345703
v 0.3401264 0.3259378 1.345703
v 0.2954386 0.3634086 1.345703
v 0.3168643 0.388926 1.345703
v 0.3273354 0.3901182 1.345703
v 0.3536262 0.3736542 1.345703
v 0.3245324 0.398044 1.323923
v 0.3401908 0.3260022 1.324277
v 0.295503 0.363473 1.324277
v 0.369188 0.3605733 1.323923
v 0.3401264 0.3259378 1.345703
v 0.295503 0.363473 1.324277
v 0.3401908 0.3260022 1.324277
v 0.2954386 0.3634086 1.345703
v 0.2717254 0.2505131 1.124003
v 0.2620274 0.232857 1.109441
v 0.2590311 0.2353701 1.124003
v 0.2747217 0.248 1.109441
v 0.2590311 0.2353701 1.094845
v 0.2717254 0.2505131 1.094845
v 0.2508474 0.2422006 1.084181
v 0.263574 0.2573435 1.084181
v 0.2396997 0.2515763 1.080282
v 0.252394 0.2667192 1.080282
v 0.2285196 0.260952 1.084181
v 0.2412462 0.276095 1.084181
v 0.2203682 0.2678147 1.094845
v 0.2330625 0.2829576 1.094845
v 0.2173719 0.2703277 1.109441
v 0.2300662 0.2854707 1.109441
v 0.2203682 0.2678147 1.124003
v 0.2330625 0.2829576 1.124003
v 0.2330625 0.2829576 1.153162
v 0.2203682 0.2678147 1.153162
v 0.263574 0.2573435 1.084181
v 0.2412462 0.276095 1.084181
v 0.252394 0.2667192 1.080282
v 0.2747217 0.248 1.109441
v 0.252394 0.2667192 1.135989
v 0.2300662 0.2854707 1.109441
v 0.2330625 0.2829576 1.094845
v 0.2330625 0.2829576 1.124003
v 0.2717254 0.2505131 1.124003
v 0.2717254 0.2505131 1.094845
v 0.2717254 0.2505131 1.153162
v 0.252394 0.2667192 1.153291
v 0.2330625 0.2829576 1.153162
v 0.2590311 0.2353701 1.124003
v 0.2590311 0.2353701 1.094845
v 0.2396997 0.2515763 1.135989
v 0.2203682 0.2678147 1.094845
v 0.2203682 0.2678147 1.124003
v 0.2173719 0.2703277 1.109441
v 0.2396997 0.2515763 1.080282
v 0.2285196 0.260952 1.084181
v 0.2508474 0.2422006 1.084181
v 0.2620274 0.232857 1.109441
v 0.2203682 0.2678147 1.153162
v 0.2396997 0.2515763 1.153291
v 0.2590311 0.2353701 1.153162
v 0.2590311 0.2353701 1.153162
v 0.2717254 0.2505131 1.153162
v 0.2745607 0.2595344 1.122135
v 0.2529739 0.228733 1.109988
v 0.250493 0.2308272 1.122135
v 0.2770415 0.2574401 1.109988
v 0.2677625 0.2652372 1.130995
v 0.2436948 0.23653 1.130995
v 0.2584834 0.273002 1.134249
v 0.2343835 0.2442948 1.134249
v 0.2492043 0.280799 1.130995
v 0.2251044 0.2520918 1.130995
v 0.242406 0.2865017 1.122135
v 0.2183062 0.2577946 1.122135
v 0.2399252 0.288596 1.109988
v 0.2158253 0.2598888 1.109988
v 0.242406 0.2865017 1.097874
v 0.2183062 0.2577946 1.097874
v 0.250493 0.2308272 1.097874
v 0.2745607 0.2595344 1.097874
v 0.250493 0.2308272 1.122135
v 0.2343835 0.2442948 1.134249
v 0.2436948 0.23653 1.130995
v 0.250493 0.2308272 1.097874
v 0.2183062 0.2577946 1.097874
v 0.2183062 0.2577946 1.122135
v 0.2251044 0.2520918 1.130995
v 0.2158253 0.2598888 1.109988
v 0.2529739 0.228733 1.109988
v 0.2399252 0.288596 1.109988
v 0.2492043 0.280799 1.130995
v 0.242406 0.2865017 1.122135
v 0.2770415 0.2574401 1.109988
v 0.2677625 0.2652372 1.130995
v 0.2584834 0.273002 1.134249
v 0.2745607 0.2595344 1.122135
v 0.242406 0.2865017 1.097874
v 0.2745607 0.2595344 1.097874
v 0.1516128 0.3311895 1.35656
v 0.1809966 0.3661794 1.316351
v 0.1809966 0.3661794 1.370125
v 0.155318 0.3356035 1.321313
v 0.1489064 0.3279032 1.381305
v 0.1562523 0.336699 1.311486
v 0.1596998 0.3407908 1.279654
v 0.1809966 0.3661794 1.271857
v 0.1649515 0.3470735 1.404986
v 0.1809966 0.3661794 1.40737
v 0.1645326 0.3480401 1.432888
v 0.1805455 0.3671138 1.432984
v 0.1524183 0.3321239 1.402601
v 0.1814154 0.3278388 1.272404
v 0.160022 0.3316084 1.279879
v 0.175036 0.3202351 1.276109
v 0.1596998 0.3407908 1.279654
v 0.1809966 0.3661794 1.271857
v 0.1999736 0.350231 1.264865
v 0.2043554 0.308604 1.272404
v 0.2232035 0.3307385 1.264865
v 0.2421805 0.3148223 1.271857
v 0.2208837 0.2894337 1.279654
v 0.2117657 0.2881771 1.279879
v 0.197976 0.3009681 1.276109
v 0.1809966 0.3661794 1.316351
v 0.2232035 0.3307385 1.264865
v 0.2421805 0.3148223 1.316351
v 0.1809966 0.3661794 1.271857
v 0.1999736 0.350231 1.264865
v 0.2421805 0.3148223 1.271857
v 0.1809966 0.3661794 1.370125
v 0.2421805 0.3148223 1.370125
v 0.2115724 0.3405008 1.40737
v 0.1890191 0.3594134 1.40737
v 0.1809966 0.3661794 1.40737
v 0.2341258 0.3215883 1.40737
v 0.2421805 0.3148223 1.40737
v 0.1847017 0.3636664 1.432984
v 0.1805455 0.3671138 1.432984
v 0.2390553 0.3180442 1.432984
v 0.2432115 0.3145645 1.432984
v 0.2117657 0.2881771 1.279879
v 0.1939164 0.2961674 1.311454
v 0.2083183 0.2840853 1.311486
v 0.197976 0.3009681 1.276109
v 0.1968805 0.2917857 1.321281
v 0.207384 0.2829899 1.321313
v 0.2036143 0.2785758 1.35656
v 0.1931753 0.2873394 1.356528
v 0.1956885 0.2796391 1.380789
v 0.2008435 0.2753217 1.380789
v 0.1524183 0.3321239 1.402601
v 0.1578955 0.318463 1.401571
v 0.1527727 0.3227481 1.401571
v 0.1668202 0.3290953 1.40447
v 0.1649515 0.3470735 1.404986
v 0.1730385 0.3403397 1.40592
v 0.208125 0.2944276 1.40447
v 0.2181451 0.3025146 1.40592
v 0.2261676 0.2957163 1.404986
v 0.2136022 0.2807667 1.402601
v 0.1992003 0.2837953 1.401571
v 0.2043231 0.2795102 1.401571
v 0.2341258 0.3215883 1.40737
v 0.2115724 0.3405008 1.40737
v 0.1890191 0.3594134 1.40737
v 0.1556724 0.3263566 1.321313
v 0.1516128 0.3311895 1.35656
v 0.1519672 0.3219104 1.35656
v 0.155318 0.3356035 1.321313
v 0.1489064 0.3279032 1.381305
v 0.1492608 0.3185919 1.380789
v 0.1566067 0.3274844 1.311486
v 0.1562523 0.336699 1.311486
v 0.160022 0.3316084 1.279879
v 0.1596998 0.3407908 1.279654
v 0.2100904 0.2765782 1.381305
v 0.2043231 0.2795102 1.401571
v 0.2136022 0.2807667 1.402601
v 0.2008435 0.2753217 1.380789
v 0.1685278 0.3203962 1.360105
v 0.2030344 0.2883704 1.387523
v 0.1992648 0.2945887 1.360105
v 0.1617296 0.3230381 1.387523
v 0.1663691 0.3285476 1.400121
v 0.2076739 0.2938799 1.400121
v 0.1668202 0.3290953 1.40447
v 0.208125 0.2944276 1.40447
v 0.172684 0.3252612 1.321281
v 0.2033243 0.2995504 1.321281
v 0.2005213 0.3040289 1.311454
v 0.1775813 0.3232636 1.311454
v 0.2043554 0.308604 1.272404
v 0.1814154 0.3278388 1.272404
v 0.1519672 0.3219104 1.35656
v 0.1544158 0.3142745 1.380789
v 0.1624384 0.3131469 1.356528
v 0.1492608 0.3185919 1.380789
v 0.1661758 0.3175609 1.321281
v 0.1556724 0.3263566 1.321313
v 0.1566067 0.3274844 1.311486
v 0.1709764 0.3154344 1.311454
v 0.160022 0.3316084 1.279879
v 0.175036 0.3202351 1.276109
v 0.2117657 0.2881771 1.279879
v 0.2174363 0.2853419 1.311486
v 0.2208837 0.2894337 1.279654
v 0.2083183 0.2840853 1.311486
v 0.2165342 0.2842464 1.321313
v 0.207384 0.2829899 1.321313
v 0.212829 0.2798324 1.35656
v 0.2036143 0.2785758 1.35656
v 0.2100904 0.2765782 1.381305
v 0.2008435 0.2753217 1.380789
v 0.2043231 0.2795102 1.401571
v 0.1956885 0.2796391 1.380789
v 0.1992003 0.2837953 1.401571
v 0.2008435 0.2753217 1.380789
v 0.2002958 0.295813 1.321281
v 0.2033243 0.2995504 1.321281
v 0.1992648 0.2945887 1.360105
v 0.1931753 0.2873394 1.356528
v 0.1968805 0.2917857 1.321281
v 0.2030344 0.2883704 1.387523
v 0.1956885 0.2796391 1.380789
v 0.1992003 0.2837953 1.401571
v 0.2076739 0.2938799 1.400121
v 0.208125 0.2944276 1.40447
v 0.1966228 0.2993571 1.311486
v 0.2005213 0.3040289 1.311454
v 0.197976 0.3009681 1.276109
v 0.2043554 0.308604 1.272404
v 0.1939164 0.2961674 1.311454
v 0.1624384 0.3131469 1.356528
v 0.1695588 0.3216205 1.321281
v 0.1661758 0.3175609 1.321281
v 0.1685278 0.3203962 1.360105
v 0.1617296 0.3230381 1.387523
v 0.1544158 0.3142745 1.380789
v 0.1578955 0.318463 1.401571
v 0.1663691 0.3285476 1.400121
v 0.1668202 0.3290953 1.40447
v 0.172684 0.3252612 1.321281
v 0.1709764 0.3154344 1.311454
v 0.1736828 0.3186241 1.311486
v 0.175036 0.3202351 1.276109
v 0.1775813 0.3232636 1.311454
v 0.1814154 0.3278388 1.272404
v 0.1527727 0.3227481 1.401571
v 0.1544158 0.3142745 1.380789
v 0.1492608 0.3185919 1.380789
v 0.1578955 0.318463 1.401571
v 0.1527727 0.3227481 1.401571
v 0.1489064 0.3279032 1.381305
v 0.1524183 0.3321239 1.402601
v 0.1492608 0.3185919 1.380789
v 0.2421805 0.3148223 1.316351
v 0.212829 0.2798324 1.35656
v 0.2421805 0.3148223 1.370125
v 0.2165342 0.2842464 1.321313
v 0.2100904 0.2765782 1.381305
v 0.2261676 0.2957163 1.404986
v 0.2136022 0.2807667 1.402601
v 0.2174363 0.2853419 1.311486
v 0.2208837 0.2894337 1.279654
v 0.2421805 0.3148223 1.271857
v 0.2421805 0.3148223 1.40737
v 0.2271664 0.2954586 1.432888
v 0.2432115 0.3145645 1.432984
v 0.1755515 0.2898847 1.382014
v 0.1755515 0.2987127 1.367257
v 0.1781935 0.2964897 1.382014
v 0.1716852 0.2890792 1.367257
v 0.1778391 0.2842786 1.382014
v 0.1750683 0.28096 1.367257
v 0.1836385 0.2790591 1.367257
v 0.1837674 0.2829899 1.382014
v 0.1924343 0.2845041 1.367257
v 0.1897924 0.2867272 1.382014
v 0.1924343 0.2933322 1.382014
v 0.1963006 0.2941377 1.367257
v 0.1901468 0.2989383 1.382014
v 0.1929498 0.3022568 1.367257
v 0.1842185 0.300227 1.382014
v 0.1843473 0.3041577 1.367257
v 0.1901468 0.2989383 1.382014
v 0.1929498 0.3022568 1.367257
v 0.1773236 0.2836342 1.344124
v 0.1748105 0.2897236 1.344124
v 0.1837352 0.2822488 1.344124
v 0.1903079 0.2863084 1.344124
v 0.1931753 0.2934933 1.344124
v 0.1906623 0.2995504 1.344124
v 0.1906623 0.2995504 1.344124
v 0.1842507 0.3009681 1.344124
v 0.177678 0.2969085 1.344124
v 0.1897924 0.2867272 1.382014
v 0.1901468 0.2989383 1.382014
v 0.1924343 0.2933322 1.382014
v 0.1781935 0.2964897 1.382014
v 0.1778391 0.2842786 1.382014
v 0.1837674 0.2829899 1.382014
v 0.1755515 0.2898847 1.382014
v 0.1842185 0.300227 1.382014
v 0.1837352 0.2822488 1.344124
v 0.1748105 0.2897236 1.344124
v 0.1773236 0.2836342 1.344124
v 0.1842507 0.3009681 1.344124
v 0.1931753 0.2934933 1.344124
v 0.1903079 0.2863084 1.344124
v 0.1906623 0.2995504 1.344124
v 0.177678 0.2969085 1.344124
v 0.182672 0.2971018 1.348828
v 0.1834774 0.2938154 1.213444
v 0.184154 0.2958775 1.213444
v 0.1815765 0.2936543 1.348828
v 0.1844762 0.2918823 1.213444
v 0.1832519 0.2904325 1.348828
v 0.1865705 0.291238 1.213444
v 0.1867315 0.289337 1.348828
v 0.1884714 0.2922367 1.213444
v 0.1899534 0.2910124 1.348828
v 0.189148 0.2942987 1.213444
v 0.1910489 0.2944921 1.348828
v 0.188117 0.2962319 1.213444
v 0.1893735 0.2976817 1.348828
v 0.1858939 0.2988094 1.348828
v 0.1860549 0.2968763 1.213444
v 0.1893735 0.2976817 1.348828
v 0.188117 0.2962319 1.213444
v 0.1865705 0.291238 1.213444
v 0.1834774 0.2938154 1.213444
v 0.1844762 0.2918823 1.213444
v 0.1860549 0.2968763 1.213444
v 0.189148 0.2942987 1.213444
v 0.1884714 0.2922367 1.213444
v 0.188117 0.2962319 1.213444
v 0.184154 0.2958775 1.213444
v 0.1985237 0.29243 1.374539
v 0.182833 0.3056076 1.404341
v 0.182833 0.3056076 1.374539
v 0.1985237 0.29243 1.404341
v 0.1880525 0.2799613 1.374539
v 0.1723619 0.2931389 1.395578
v 0.1880525 0.2799613 1.395578
v 0.1723619 0.2931389 1.374539
v 0.1985237 0.29243 1.374539
v 0.1723619 0.2931389 1.374539
v 0.1880525 0.2799613 1.374539
v 0.182833 0.3056076 1.374539
v 0.1723619 0.2931389 1.395578
v 0.182833 0.3056076 1.374539
v 0.182833 0.3056076 1.404341
v 0.1723619 0.2931389 1.374539
v 0.182833 0.3056076 1.404341
v 0.1880525 0.2799613 1.395578
v 0.1723619 0.2931389 1.395578
v 0.1985237 0.29243 1.404341
v 0.1880525 0.2799613 1.395578
v 0.1985237 0.29243 1.374539
v 0.1880525 0.2799613 1.374539
v 0.1985237 0.29243 1.404341
v 0.1800622 0.28183 1.38153
v 0.1755838 0.2855673 1.391422
v 0.1800622 0.28183 1.391422
v 0.1755838 0.2855673 1.38153
v 0.1782257 0.2887248 1.395545
v 0.1827042 0.2849874 1.395545
v 0.1755838 0.2855673 1.391422
v 0.1782257 0.2887248 1.38153
v 0.1782257 0.2887248 1.395545
v 0.1755838 0.2855673 1.38153
v 0.1800622 0.28183 1.391422
v 0.1827042 0.2849874 1.38153
v 0.1800622 0.28183 1.38153
v 0.1827042 0.2849874 1.395545
v 0.1591198 0.3036423 1.382014
v 0.1591198 0.3124703 1.367257
v 0.1617618 0.3102472 1.382014
v 0.1552858 0.302869 1.367257
v 0.1614396 0.2980683 1.382014
v 0.1586365 0.2947176 1.367257
v 0.167239 0.2928166 1.367257
v 0.1673357 0.2967474 1.382014
v 0.1760348 0.2982939 1.367257
v 0.1733929 0.300517 1.382014
v 0.1760348 0.3071219 1.382014
v 0.1798689 0.3078952 1.367257
v 0.1737151 0.3126958 1.382014
v 0.1765181 0.3160466 1.367257
v 0.167819 0.3140168 1.382014
v 0.1679156 0.3179153 1.367257
v 0.1737151 0.3126958 1.382014
v 0.1765181 0.3160466 1.367257
v 0.1608919 0.297424 1.344124
v 0.1583788 0.3035134 1.344124
v 0.1673035 0.2960063 1.344124
v 0.1738762 0.3000982 1.344124
v 0.1767759 0.3072508 1.344124
v 0.1742628 0.3133402 1.344124
v 0.1742628 0.3133402 1.344124
v 0.167819 0.3147578 1.344124
v 0.1612785 0.310666 1.344124
v 0.1733929 0.300517 1.382014
v 0.1737151 0.3126958 1.382014
v 0.1760348 0.3071219 1.382014
v 0.1617618 0.3102472 1.382014
v 0.1614396 0.2980683 1.382014
v 0.1673357 0.2967474 1.382014
v 0.1591198 0.3036423 1.382014
v 0.167819 0.3140168 1.382014
v 0.1673035 0.2960063 1.344124
v 0.1583788 0.3035134 1.344124
v 0.1608919 0.297424 1.344124
v 0.167819 0.3147578 1.344124
v 0.1767759 0.3072508 1.344124
v 0.1738762 0.3000982 1.344124
v 0.1742628 0.3133402 1.344124
v 0.1612785 0.310666 1.344124
v 0.1662402 0.3108916 1.348828
v 0.1670779 0.307573 1.213444
v 0.1677223 0.3096672 1.213444
v 0.1651448 0.3074119 1.348828
v 0.1680767 0.305672 1.213444
v 0.1668524 0.30419 1.348828
v 0.1701387 0.3050277 1.213444
v 0.1702998 0.3030945 1.348828
v 0.1720719 0.3060265 1.213444
v 0.1735218 0.3047699 1.348828
v 0.1727163 0.3080885 1.213444
v 0.1746172 0.3082496 1.348828
v 0.1717175 0.3099894 1.213444
v 0.1729418 0.3114715 1.348828
v 0.1694944 0.3125669 1.348828
v 0.1696555 0.310666 1.213444
v 0.1729418 0.3114715 1.348828
v 0.1717175 0.3099894 1.213444
v 0.1701387 0.3050277 1.213444
v 0.1670779 0.307573 1.213444
v 0.1680767 0.305672 1.213444
v 0.1696555 0.310666 1.213444
v 0.1727163 0.3080885 1.213444
v 0.1720719 0.3060265 1.213444
v 0.1717175 0.3099894 1.213444
v 0.1677223 0.3096672 1.213444
v 0.182092 0.3062198 1.374539
v 0.1664335 0.3193651 1.404341
v 0.1664335 0.3193651 1.374539
v 0.182092 0.3062198 1.404341
v 0.1716208 0.293751 1.374539
v 0.1559624 0.3068964 1.395578
v 0.1716208 0.293751 1.395578
v 0.1559624 0.3068964 1.374539
v 0.182092 0.3062198 1.374539
v 0.1559624 0.3068964 1.374539
v 0.1716208 0.293751 1.374539
v 0.1664335 0.3193651 1.374539
v 0.1559624 0.3068964 1.395578
v 0.1664335 0.3193651 1.374539
v 0.1664335 0.3193651 1.404341
v 0.1559624 0.3068964 1.374539
v 0.1664335 0.3193651 1.404341
v 0.1716208 0.293751 1.395578
v 0.1559624 0.3068964 1.395578
v 0.182092 0.3062198 1.404341
v 0.1716208 0.293751 1.395578
v 0.182092 0.3062198 1.374539
v 0.1716208 0.293751 1.374539
v 0.182092 0.3062198 1.404341
v 0.1636627 0.2956197 1.38153
v 0.1591843 0.2993571 1.391422
v 0.1636627 0.2956197 1.391422
v 0.1591843 0.2993571 1.38153
v 0.1618262 0.3025146 1.395545
v 0.1663047 0.298745 1.395545
v 0.1591843 0.2993571 1.391422
v 0.1618262 0.3025146 1.38153
v 0.1618262 0.3025146 1.395545
v 0.1591843 0.2993571 1.38153
v 0.1636627 0.2956197 1.391422
v 0.1663047 0.298745 1.38153
v 0.1636627 0.2956197 1.38153
v 0.1663047 0.298745 1.395545
v 0.2181451 0.3351524 1.265059
v 0.1982015 0.3139523 1.267217
v 0.1994258 0.3128569 1.272404
v 0.2168886 0.3362157 1.259323
v 0.1951407 0.3168843 1.263802
v 0.2136345 0.3389221 1.256456
v 0.2096393 0.3422729 1.256456
v 0.1911456 0.3202351 1.263802
v 0.2063852 0.3450115 1.259323
v 0.1877303 0.3227481 1.267217
v 0.2051609 0.3460425 1.265059
v 0.1864416 0.3237469 1.272437
v 0.1915 0.3132758 1.268248
v 0.1951085 0.3121803 1.271341
v 0.1981371 0.3136946 1.276206
v 0.1882136 0.3160143 1.268248
v 0.186506 0.3193651 1.271341
v 0.1875048 0.3226193 1.276206
v 0.2096393 0.3422729 1.256456
v 0.2168886 0.3362157 1.259323
v 0.2181451 0.3351524 1.265059
v 0.2136345 0.3389221 1.256456
v 0.2051609 0.3460425 1.265059
v 0.2063852 0.3450115 1.259323
v 0.186506 0.3193651 1.271341
v 0.1981371 0.3136946 1.276206
v 0.1951085 0.3121803 1.271341
v 0.1875048 0.3226193 1.276206
v 0.1882136 0.3160143 1.268248
v 0.1915 0.3132758 1.268248
v 0.1994258 0.3128569 1.272404
v 0.1875048 0.3226193 1.276206
v 0.1864416 0.3237469 1.272437
v 0.1981371 0.3136946 1.276206
v 0.2010368 0.2956519 1.281941
v 0.2115724 0.310956 1.277753
v 0.2129256 0.3098283 1.281941
v 0.1996836 0.2967796 1.277753
v 0.2042587 0.2929455 1.283713
v 0.2161475 0.3071219 1.283713
v 0.2074806 0.2902713 1.281941
v 0.2193694 0.3044155 1.281941
v 0.2088338 0.2891437 1.277753
v 0.2206904 0.3032879 1.277753
v 0.2074806 0.2902713 1.273532
v 0.2193694 0.3044155 1.273532
v 0.2042587 0.2929455 1.271792
v 0.2161475 0.3071219 1.271792
v 0.2129256 0.3098283 1.273532
v 0.2010368 0.2956519 1.273532
v 0.2161475 0.3071219 1.271792
v 0.2042587 0.2929455 1.271792
v 0.1999414 0.2878227 1.282747
v 0.197235 0.2901102 1.281265
v 0.1961395 0.2910446 1.277753
v 0.2037754 0.2846008 1.277753
v 0.2026477 0.2855673 1.281265
v 0.1999414 0.2878227 1.272759
v 0.197235 0.2901102 1.274209
v 0.2026477 0.2855673 1.274209
v 0.1999414 0.2878227 1.272759
v 0.197235 0.2901102 1.281265
v 0.2026477 0.2855673 1.281265
v 0.197235 0.2901102 1.274209
v 0.1999414 0.2878227 1.282747
v 0.2026477 0.2855673 1.274209
v 0.2037754 0.2846008 1.277753
v 0.1999414 0.2878227 1.272759
v 0.1961395 0.2910446 1.277753
v 0.1632116 0.3273877 1.281941
v 0.1737795 0.3426595 1.277753
v 0.1751005 0.3415641 1.281941
v 0.1618907 0.3285154 1.277753
v 0.1664335 0.3246813 1.283713
v 0.1783224 0.3388255 1.283713
v 0.1696877 0.3219749 1.281941
v 0.1815765 0.3361512 1.281941
v 0.1710086 0.3208472 1.277753
v 0.1828975 0.3350236 1.277753
v 0.1696877 0.3219749 1.273532
v 0.1815765 0.3361512 1.273532
v 0.1664335 0.3246813 1.271792
v 0.1783224 0.3388255 1.271792
v 0.1751005 0.3415641 1.273532
v 0.1632116 0.3273877 1.273532
v 0.1783224 0.3388255 1.271792
v 0.1664335 0.3246813 1.271792
v 0.1621484 0.3195584 1.282747
v 0.159442 0.3218138 1.281265
v 0.1583143 0.3227481 1.277753
v 0.1659503 0.3163366 1.277753
v 0.1648548 0.3172709 1.281265
v 0.1621484 0.3195584 1.272759
v 0.159442 0.3218138 1.274209
v 0.1648548 0.3172709 1.274209
v 0.1621484 0.3195584 1.272759
v 0.159442 0.3218138 1.281265
v 0.1648548 0.3172709 1.281265
v 0.159442 0.3218138 1.274209
v 0.1621484 0.3195584 1.282747
v 0.1648548 0.3172709 1.274209
v 0.1659503 0.3163366 1.277753
v 0.1621484 0.3195584 1.272759
v 0.1583143 0.3227481 1.277753
v 0.1847017 0.3636664 1.432984
v 0.1645326 0.3480401 1.432888
v 0.1805455 0.3671138 1.432984
v 0.1686889 0.3445926 1.43292
v 0.2390553 0.3180442 1.432984
v 0.2271664 0.2954586 1.432888
v 0.2230746 0.2989705 1.43292
v 0.2432115 0.3145645 1.432984
v 0.1890191 0.3594134 1.40737
v 0.1686889 0.3445926 1.43292
v 0.1847017 0.3636664 1.432984
v 0.1730385 0.3403397 1.40592
v 0.1730385 0.3403397 1.40592
v 0.1645326 0.3480401 1.432888
v 0.1686889 0.3445926 1.43292
v 0.1649515 0.3470735 1.404986
v 0.2181451 0.3025146 1.40592
v 0.2271664 0.2954586 1.432888
v 0.2261676 0.2957163 1.404986
v 0.2230746 0.2989705 1.43292
v 0.2341258 0.3215883 1.40737
v 0.2230746 0.2989705 1.43292
v 0.2181451 0.3025146 1.40592
v 0.2390553 0.3180442 1.432984
v 0.4112338 0.7477173 1.119042
v 0.4112338 0.7830938 1.08315
v 0.4112338 0.7864124 1.123101
v 0.4112338 0.7573507 1.084922
v 0.4112338 0.7535811 1.134378
v 0.4112338 0.7889255 1.149231
v 0.4112338 0.7636335 1.156964
v 0.4112338 0.7817728 1.185284
v 0.4112338 0.7948216 1.181869
v 0.4268601 0.7477173 1.119042
v 0.4268601 0.7830938 1.08315
v 0.4268601 0.7573507 1.084922
v 0.4268601 0.7864124 1.123101
v 0.4268601 0.7535811 1.134378
v 0.4268601 0.7889255 1.149231
v 0.4268601 0.7636335 1.156964
v 0.4268601 0.7817728 1.185284
v 0.4268601 0.7948216 1.181869
v 0.4268601 0.7573507 1.084922
v 0.4112338 0.7830938 1.08315
v 0.4112338 0.7573507 1.084922
v 0.4268601 0.7830938 1.08315
v 0.4268601 0.7573507 1.084922
v 0.4112338 0.7477173 1.119042
v 0.4268601 0.7477173 1.119042
v 0.4112338 0.7573507 1.084922
v 0.4112338 0.7535811 1.134378
v 0.4268601 0.7535811 1.134378
v 0.4112338 0.7636335 1.156964
v 0.4268601 0.7636335 1.156964
v 0.4112338 0.7817728 1.185284
v 0.4268601 0.7817728 1.185284
v 0.4268601 0.7948216 1.181869
v 0.4112338 0.7817728 1.185284
v 0.4112338 0.7948216 1.181869
v 0.4268601 0.7817728 1.185284
v 0.4268601 0.7948216 1.181869
v 0.4112338 0.7889255 1.149231
v 0.4268601 0.7889255 1.149231
v 0.4112338 0.7948216 1.181869
v 0.4112338 0.7864124 1.123101
v 0.4268601 0.7864124 1.123101
v 0.4112338 0.7830938 1.08315
v 0.4268601 0.7830938 1.08315
v 0.4314352 0.7796142 1.119461
v 0.419643 0.7809996 1.162731
v 0.4314352 0.7858325 1.162022
v 0.419643 0.7747813 1.120169
v 0.4363002 0.7912775 1.117753
v 0.4363002 0.7974957 1.160314
v 0.4314352 0.8029408 1.116045
v 0.4314352 0.809159 1.158607
v 0.419643 0.8077736 1.115337
v 0.419643 0.8139918 1.157898
v 0.4078508 0.8029408 1.116045
v 0.4078508 0.809159 1.158607
v 0.4029535 0.7912775 1.117753
v 0.4029535 0.7974957 1.160314
v 0.4078508 0.7796142 1.119461
v 0.4078508 0.7858325 1.162022
v 0.419643 0.7747813 1.120169
v 0.419643 0.7809996 1.162731
v 0.419643 0.8139918 1.157898
v 0.4029535 0.7974957 1.160314
v 0.4078508 0.809159 1.158607
v 0.419643 0.7809996 1.162731
v 0.4363002 0.7974957 1.160314
v 0.4314352 0.809159 1.158607
v 0.4314352 0.7858325 1.162022
v 0.4078508 0.7858325 1.162022
v 0.4314352 0.8029408 1.116045
v 0.4314352 0.7796142 1.119461
v 0.4363002 0.7912775 1.117753
v 0.4078508 0.7796142 1.119461
v 0.4078508 0.8029408 1.116045
v 0.419643 0.8077736 1.115337
v 0.4029535 0.7912775 1.117753
v 0.419643 0.7747813 1.120169
v 0.4160345 0.8060016 1.091301
v 0.4160345 0.8617405 1.213025
v 0.4160345 0.8280072 1.187733
v 0.4160345 0.8352242 1.09143
v 0.4160345 0.7970769 1.179485
v 0.4160345 0.7799041 1.093847
v 0.4239604 0.8617405 1.213025
v 0.4239604 0.8060016 1.091301
v 0.4239604 0.8280072 1.187733
v 0.4239604 0.8352242 1.09143
v 0.4239604 0.7799041 1.093847
v 0.4239604 0.7970769 1.179485
v 0.4239604 0.8352242 1.09143
v 0.4160345 0.8060016 1.091301
v 0.4239604 0.8060016 1.091301
v 0.4160345 0.8352242 1.09143
v 0.4160345 0.7799041 1.093847
v 0.4239604 0.7799041 1.093847
v 0.4239604 0.7970769 1.179485
v 0.4160345 0.7799041 1.093847
v 0.4160345 0.7970769 1.179485
v 0.4239604 0.7799041 1.093847
v 0.4239604 0.7970769 1.179485
v 0.4160345 0.8280072 1.187733
v 0.4239604 0.8280072 1.187733
v 0.4160345 0.7970769 1.179485
v 0.4160345 0.8617405 1.213025
v 0.4239604 0.8617405 1.213025
v 0.4239604 0.8352242 1.09143
v 0.4160345 0.8617405 1.213025
v 0.4160345 0.8352242 1.09143
v 0.4239604 0.8617405 1.213025
v 0.4257646 0.7530656 1.088917
v 0.4117171 0.7501982 1.068136
v 0.4117171 0.7530656 1.088917
v 0.4257646 0.7501982 1.068136
v 0.4257646 0.7698196 1.101579
v 0.4117171 0.7698196 1.101579
v 0.4257646 0.7906008 1.098679
v 0.4117171 0.7906008 1.098679
v 0.4257646 0.8032307 1.081925
v 0.4117171 0.8032307 1.081925
v 0.4257646 0.8003309 1.061144
v 0.4117171 0.8003309 1.061144
v 0.4257646 0.7836093 1.048514
v 0.4117171 0.7836093 1.048514
v 0.4257646 0.7628281 1.051414
v 0.4117171 0.7628281 1.051414
v 0.4117171 0.7628281 1.051414
v 0.4257646 0.7628281 1.051414
v 0.4117171 0.8032307 1.081925
v 0.4117171 0.7836093 1.048514
v 0.4117171 0.8003309 1.061144
v 0.4117171 0.7501982 1.068136
v 0.4117171 0.7698196 1.101579
v 0.4117171 0.7906008 1.098679
v 0.4117171 0.7530656 1.088917
v 0.4117171 0.7628281 1.051414
v 0.4257646 0.7906008 1.098679
v 0.4257646 0.7530656 1.088917
v 0.4257646 0.7698196 1.101579
v 0.4257646 0.7628281 1.051414
v 0.4257646 0.8003309 1.061144
v 0.4257646 0.8032307 1.081925
v 0.4257646 0.7836093 1.048514
v 0.4257646 0.7501982 1.068136
v 0.2384109 0.4714713 1.366581
v 0.2331592 0.4760464 1.282328
v 0.23593 0.4762719 1.366581
v 0.2366388 0.4693448 1.282328
v 0.2354145 0.4832312 1.282328
v 0.237541 0.4814592 1.366581
v 0.2421161 0.4867108 1.282328
v 0.2423416 0.4839401 1.366581
v 0.2493009 0.4844555 1.282328
v 0.2475289 0.4823291 1.366581
v 0.2527806 0.4777539 1.282328
v 0.2500097 0.4775284 1.366581
v 0.2505253 0.4705691 1.282328
v 0.2483988 0.4723411 1.366581
v 0.2435982 0.4698603 1.366581
v 0.2438237 0.4670895 1.282328
v 0.2483988 0.4723411 1.366581
v 0.2505253 0.4705691 1.282328
v 0.2391197 0.4801381 1.534828
v 0.2379598 0.4764652 1.534828
v 0.2397319 0.4730499 1.534828
v 0.2461757 0.4807504 1.534828
v 0.2425349 0.4819102 1.534828
v 0.2468201 0.4736944 1.534828
v 0.2479477 0.4773352 1.534828
v 0.2434048 0.4719223 1.534828
v 0.2468201 0.4736944 1.534828
v 0.2493009 0.4844555 1.282328
v 0.2505253 0.4705691 1.282328
v 0.2527806 0.4777539 1.282328
v 0.2366388 0.4693448 1.282328
v 0.2354145 0.4832312 1.282328
v 0.2421161 0.4867108 1.282328
v 0.2331592 0.4760464 1.282328
v 0.2438237 0.4670895 1.282328
v 0.2425349 0.4819102 1.534828
v 0.2379598 0.4764652 1.534828
v 0.2391197 0.4801381 1.534828
v 0.2434048 0.4719223 1.534828
v 0.2479477 0.4773352 1.534828
v 0.2461757 0.4807504 1.534828
v 0.2468201 0.4736944 1.534828
v 0.2397319 0.4730499 1.534828
v 0.2014879 0.42746 1.366581
v 0.1962039 0.432003 1.308619
v 0.1989748 0.4322607 1.366581
v 0.1996836 0.4253336 1.308619
v 0.1984915 0.4391877 1.308619
v 0.2005858 0.4374157 1.366581
v 0.2051609 0.4426674 1.308619
v 0.2054186 0.4399288 1.366581
v 0.2123457 0.4404121 1.308619
v 0.2105736 0.4382856 1.366581
v 0.2158253 0.4337105 1.308619
v 0.2130545 0.433485 1.366581
v 0.21357 0.4265257 1.308586
v 0.2114435 0.4283299 1.366581
v 0.2066429 0.4258168 1.366581
v 0.2068684 0.423046 1.308619
v 0.2114435 0.4283299 1.366581
v 0.21357 0.4265257 1.308586
v 0.2021645 0.4360947 1.534828
v 0.2010368 0.4324217 1.534828
v 0.2028089 0.4290387 1.534828
v 0.2092527 0.4367068 1.534828
v 0.2055797 0.4378667 1.534828
v 0.2098648 0.429651 1.534828
v 0.2110247 0.4332917 1.534828
v 0.2064496 0.4278789 1.534828
v 0.2098648 0.429651 1.534828
v 0.2123457 0.4404121 1.308619
v 0.21357 0.4265257 1.308586
v 0.2158253 0.4337105 1.308619
v 0.1996836 0.4253336 1.308619
v 0.1984915 0.4391877 1.308619
v 0.2051609 0.4426674 1.308619
v 0.1962039 0.432003 1.308619
v 0.2068684 0.423046 1.308619
v 0.2055797 0.4378667 1.534828
v 0.2010368 0.4324217 1.534828
v 0.2021645 0.4360947 1.534828
v 0.2064496 0.4278789 1.534828
v 0.2110247 0.4332917 1.534828
v 0.2092527 0.4367068 1.534828
v 0.2098648 0.429651 1.534828
v 0.2028089 0.4290387 1.534828
v 0.1375009 0.1378431 0.9611363
v 0.1617618 0.1463489 0.9887157
v 0.1517095 0.1547903 0.9887157
v 0.1475532 0.1294339 0.9611363
v 0.1191038 0.05967969 1.115175
v 0.06909984 0.09531391 1.100194
v 0.07222509 0.09901911 1.115175
v 0.1159785 0.05597448 1.100194
v 0.1272552 0.06944203 1.124422
v 0.08040872 0.1087815 1.124422
v 0.137372 0.08149195 1.124422
v 0.09049326 0.1208314 1.124422
v 0.1455556 0.09125435 1.115175
v 0.09867692 0.1305616 1.115175
v 0.1486809 0.0949595 1.100194
v 0.1018022 0.134299 1.100194
v 0.1455556 0.09125435 1.085244
v 0.09867692 0.1305616 1.085244
v 0.137372 0.08149195 1.075997
v 0.09049326 0.1208314 1.075997
v 0.1272552 0.06944203 1.075997
v 0.08040872 0.1087815 1.075997
v 0.07222509 0.09901911 1.085244
v 0.1191038 0.05967969 1.085244
v 0.08040872 0.1087815 1.075997
v 0.1272552 0.06944203 1.075997
v 0.09867692 0.1305616 1.085244
v 0.08040872 0.1087815 1.075997
v 0.09049326 0.1208314 1.075997
v 0.06909984 0.09531391 1.100194
v 0.09867692 0.1305616 1.115175
v 0.1018022 0.134299 1.100194
v 0.08040872 0.1087815 1.124422
v 0.09049326 0.1208314 1.124422
v 0.07222509 0.09901911 1.115175
v 0.07222509 0.09901911 1.085244
v 0.137372 0.08149195 1.124422
v 0.1191038 0.05967969 1.115175
v 0.1272552 0.06944203 1.124422
v 0.1191038 0.05967969 1.085244
v 0.1486809 0.0949595 1.100194
v 0.1455556 0.09125435 1.115175
v 0.137372 0.08149195 1.075997
v 0.1455556 0.09125435 1.085244
v 0.1272552 0.06944203 1.075997
v 0.1159785 0.05597448 1.100194
v -0.4188898 0.4850033 1.050512
v -0.3915036 0.5643265 1.030182
v -0.4188898 0.4586158 0.9756348
v -0.3947577 0.5687084 1.070327
v -0.4188898 0.542192 1.143303
v -0.3986562 0.5963523 1.121587
v -0.4188898 0.6122685 1.177713
v -0.408773 0.6343707 1.160443
v -0.4188898 0.6866944 1.195272
v -0.3915036 0.5689983 0.9937096
v -0.4188898 0.4352892 0.9528882
v -0.4188898 0.4988574 0.9301093
v -0.3915036 0.5819504 0.9538869
v -0.4168922 0.542031 0.8883534
v -0.417601 0.557045 0.8364808
v -0.3915036 0.608821 0.9427714
v -0.4133803 0.5693849 0.7852202
v -0.4133803 0.5897151 0.7842215
v -0.446276 0.5643265 1.030182
v -0.4188898 0.4850033 1.050512
v -0.4188898 0.4586158 0.9756348
v -0.4430218 0.5687084 1.070327
v -0.4188898 0.542192 1.143303
v -0.4391233 0.5963523 1.121587
v -0.4188898 0.6122685 1.177713
v -0.4290065 0.6343707 1.160443
v -0.446276 0.5689983 0.9937096
v -0.4188898 0.4352892 0.9528882
v -0.4188898 0.4988574 0.9301093
v -0.446276 0.5819504 0.9538869
v -0.4208874 0.542031 0.8883534
v -0.446276 0.608821 0.9427714
v -0.4201785 0.557045 0.8364808
v -0.4243992 0.5693849 0.7852202
v -0.4243992 0.5897151 0.7842215
v -0.4188898 0.6866944 1.195272
v -0.446276 0.5689983 0.9937096
v -0.3915036 0.5819504 0.9538869
v -0.3915036 0.5689983 0.9937096
v -0.446276 0.5819504 0.9538869
v -0.3915036 0.5643265 1.030182
v -0.446276 0.5643265 1.030182
v -0.4430218 0.5687084 1.070327
v -0.3947577 0.5687084 1.070327
v -0.4391233 0.5963523 1.121587
v -0.3986562 0.5963523 1.121587
v -0.408773 0.6343707 1.160443
v -0.4290065 0.6343707 1.160443
v -0.4188898 0.6866944 1.195272
v -0.446276 0.5819504 0.9538869
v -0.3915036 0.608821 0.9427714
v -0.3915036 0.5819504 0.9538869
v -0.446276 0.608821 0.9427714
v -0.4243992 0.5897151 0.7842215
v -0.3915036 0.608821 0.9427714
v -0.446276 0.608821 0.9427714
v -0.4133803 0.5897151 0.7842215
v -0.4201785 0.557045 0.8364808
v -0.4133803 0.5693849 0.7852202
v -0.4243992 0.5693849 0.7852202
v -0.417601 0.557045 0.8364808
v -0.4168922 0.542031 0.8883534
v -0.4208874 0.542031 0.8883534
v -0.4188898 0.4988574 0.9301093
v -0.4243992 0.5897151 0.7842215
v -0.4133803 0.5693849 0.7852202
v -0.4133803 0.5897151 0.7842215
v -0.4243992 0.5693849 0.7852202
v -0.4447294 0.4051322 1.155578
v -0.4279111 0.5285311 1.161764
v -0.4485635 0.5003394 1.192308
v -0.4263646 0.4657685 1.114789
v -0.4529453 0.4949268 1.2253
v -0.464093 0.4042623 1.225429
v -0.447758 0.3485556 1.208546
v -0.4182776 0.3561915 1.103738
v -0.4203074 0.4057122 0.9697387
v -0.419373 0.3583824 1.106186
v -0.4182776 0.4035857 0.9677411
v -0.4152168 0.3169487 1.188119
v -0.4213062 0.3169487 1.188119
v -0.4171821 0.3583824 1.106186
v -0.4213062 0.3169487 1.188119
v -0.4447294 0.4051322 1.155578
v -0.447758 0.3485556 1.208546
v -0.419373 0.3583824 1.106186
v -0.4214995 0.4188898 0.9764403
v -0.4203074 0.4057122 0.9697387
v -0.4263646 0.4657685 1.114789
v -0.4203074 0.4057122 0.9697387
v -0.4182776 0.4192442 0.9749904
v -0.4214995 0.4188898 0.9764403
v -0.4182776 0.4060666 0.9685789
v -0.4182776 0.4659296 1.112985
v -0.4263646 0.4657685 1.114789
v -0.4182776 0.5285311 1.159316
v -0.4279111 0.5285311 1.161764
v -0.4182776 0.6279914 1.200685
v -0.4230782 0.6279914 1.203133
v -0.4182776 0.7382126 1.232517
v -0.4182776 0.4035857 0.9677411
v -0.4485635 0.5003394 1.192308
v -0.4230782 0.6279914 1.203133
v -0.4312941 0.6284102 1.212058
v -0.4279111 0.5285311 1.161764
v -0.4355471 0.6284102 1.2253
v -0.4529453 0.4949268 1.2253
v -0.4182776 0.7382126 1.232517
v -0.388765 0.3485556 1.208546
v -0.4213062 0.3169487 1.188119
v -0.447758 0.3485556 1.208546
v -0.4152168 0.3169487 1.188119
v -0.3724622 0.4042623 1.225429
v -0.464093 0.4042623 1.225429
v -0.4529453 0.4949268 1.2253
v -0.3836099 0.4949268 1.2253
v -0.4355471 0.6284102 1.2253
v -0.400976 0.6284102 1.2253
v -0.4182776 0.7382126 1.232517
v -0.3917935 0.4051 1.155578
v -0.4086441 0.5285311 1.161764
v -0.4101584 0.4657685 1.114789
v -0.3879595 0.5003394 1.192308
v -0.4134769 0.6279914 1.203133
v -0.4052289 0.6284102 1.212058
v -0.400976 0.6284102 1.2253
v -0.3836099 0.4949268 1.2253
v -0.3724622 0.4042623 1.225429
v -0.4182776 0.7382126 1.232517
v -0.388765 0.3485556 1.208546
v -0.4152168 0.3169487 1.188119
v -0.4171821 0.3583824 1.106186
v -0.4150235 0.4188898 0.9764403
v -0.4162156 0.4057122 0.9697387
v -0.4182776 0.3561915 1.103738
v -0.4162156 0.4057122 0.9697387
v -0.4182776 0.4035857 0.9677411
v -0.4171821 0.3583824 1.106186
v -0.4182776 0.4060666 0.9685789
v -0.4182776 0.4192442 0.9749904
v -0.4150235 0.4188898 0.9764403
v -0.4182776 0.4659296 1.112985
v -0.4101584 0.4657685 1.114789
v -0.4182776 0.5285311 1.159316
v -0.4086441 0.5285311 1.161764
v -0.4182776 0.6279914 1.200685
v -0.4134769 0.6279914 1.203133
v -0.4182776 0.7382126 1.232517
v -0.4171821 0.5484425 1.142433
v -0.4171821 0.5668396 1.179066
v -0.4171821 0.5858811 1.15967
v -0.4171821 0.5264692 1.162473
v -0.4171821 0.4618377 1.114241
v -0.4171821 0.520863 1.092622
v -0.4171821 0.4178588 0.9879747
v -0.4171821 0.4971821 1.047193
v -0.4171821 0.4797837 0.9759892
v -0.4205651 0.5668396 1.179066
v -0.4205651 0.5484425 1.142433
v -0.4205651 0.5858811 1.15967
v -0.4205651 0.5264692 1.162473
v -0.4205651 0.4618377 1.114241
v -0.4205651 0.520863 1.092622
v -0.4205651 0.4178588 0.9879747
v -0.4205651 0.4971821 1.047193
v -0.4205651 0.4797837 0.9759892
v -0.4205651 0.4178588 0.9879747
v -0.4171821 0.4797837 0.9759892
v -0.4205651 0.4797837 0.9759892
v -0.4171821 0.4178588 0.9879747
v -0.4205651 0.5858811 1.15967
v -0.4171821 0.5668396 1.179066
v -0.4205651 0.5668396 1.179066
v -0.4171821 0.5858811 1.15967
v -0.4405732 0.8188247 0.6364005
v -0.3989462 0.7859613 0.7298357
v -0.3989462 0.8188247 0.6364005
v -0.4405732 0.7859613 0.7298357
v -0.3989462 0.7183657 0.857552
v -0.4405732 0.7183657 0.857552
v -0.3989462 0.6368516 0.933879
v -0.4405732 0.6368516 0.933879
v -0.3989462 0.6190345 0.9371975
v -0.4405732 0.6190345 0.9371975
v -0.4347094 0.7630213 1.22588
v -0.3989462 0.7675642 1.200588
v -0.4048101 0.7630213 1.22588
v -0.4405732 0.7675642 1.200588
v -0.3989462 0.7427234 1.113661
v -0.4405732 0.7427234 1.113661
v -0.3989462 0.7478784 1.028087
v -0.4405732 0.7478784 1.028087
v -0.3989462 0.7609915 0.9628438
v -0.4405732 0.7609915 0.9628438
v -0.3989462 0.791213 0.8525581
v -0.4405732 0.791213 0.8525581
v -0.3989462 0.8508182 0.6933315
v -0.4405732 0.8508182 0.6933315
v -0.3989462 0.6368516 0.933879
v -0.3989462 0.791213 0.8525581
v -0.3989462 0.7183657 0.857552
v -0.3989462 0.7609915 0.9628438
v -0.3989462 0.7859613 0.7298357
v -0.3989462 0.8508182 0.6933315
v -0.3989462 0.6190345 0.9371975
v -0.3989462 0.7478784 1.028087
v -0.3989462 0.7427234 1.113661
v -0.3989462 0.6095621 0.9875881
v -0.3989462 0.7039638 1.149295
v -0.3989462 0.7675642 1.200588
v -0.3989462 0.8188247 0.6364005
v -0.4048101 0.7630213 1.22588
v -0.4405732 0.791213 0.8525581
v -0.4405732 0.6368516 0.933879
v -0.4405732 0.7183657 0.857552
v -0.4405732 0.7609915 0.9628438
v -0.4405732 0.6190345 0.9371975
v -0.4405732 0.7478784 1.028087
v -0.4405732 0.6095621 0.9875881
v -0.4405732 0.7427234 1.113661
v -0.4405732 0.7039638 1.149295
v -0.4405732 0.7675642 1.200588
v -0.4347094 0.7630213 1.22588
v -0.4405732 0.8508182 0.6933315
v -0.4405732 0.7183657 0.857552
v -0.4405732 0.7859613 0.7298357
v -0.4405732 0.791213 0.8525581
v -0.4405732 0.8188247 0.6364005
v -0.4405732 0.8508182 0.6933315
v -0.3989462 0.8188247 0.6364005
v -0.3989462 0.8508182 0.6933315
v -0.4405732 0.8188247 0.6364005
v -0.4405732 0.6190345 0.9371975
v -0.3989462 0.6095621 0.9875881
v -0.3989462 0.6190345 0.9371975
v -0.4405732 0.6095621 0.9875881
v -0.3989462 0.7039638 1.149295
v -0.4405732 0.7039638 1.149295
v -0.4048101 0.7630213 1.22588
v -0.4347094 0.7630213 1.22588
v -0.09357411 0.10092 1.092074
v -0.1385841 0.1636505 0.9455745
v -0.1181895 0.1393251 0.9276606
v -0.1063328 0.1161597 1.090786
v -0.1063328 0.1161597 1.090786
v -0.1728007 0.1349756 0.9455745
v -0.1385841 0.1636505 0.9455745
v -0.1315926 0.0949595 1.090786
v -0.1188338 0.0797199 1.092074
v -0.1728007 0.1349756 0.9455745
v -0.1315926 0.0949595 1.090786
v -0.1523739 0.1106502 0.9276606
v -0.1188338 0.0797199 1.092074
v -0.1181895 0.1393251 0.9276606
v -0.1523739 0.1106502 0.9276606
v -0.09357411 0.10092 1.092074
v -0.2548949 0.343465 1.393161
v -0.2604687 0.4470814 1.393161
v -0.2071462 0.3835133 1.393161
v -0.3082173 0.4070331 1.393161
v -0.3369567 0.441282 1.35917
v -0.2892081 0.4813302 1.35917
v -0.3391154 0.5408388 1.330431
v -0.3868641 0.5007583 1.330431
v -0.410094 0.6254138 1.316029
v -0.4578425 0.5853333 1.316029
v -0.491286 0.7221676 1.307684
v -0.5390345 0.6820871 1.307684
v -0.5421275 0.7693363 1.304076
v -0.5766342 0.7403714 1.304076
v -0.2242545 0.3069608 1.221692
v -0.1790835 0.3501021 1.24025
v -0.1765059 0.3470091 1.221692
v -0.226832 0.3100216 1.24025
v -0.1953863 0.3695302 1.276303
v -0.2431349 0.3294819 1.276303
v -0.2075973 0.3840932 1.32853
v -0.2553459 0.3440127 1.32853
v -0.2097882 0.386703 1.367193
v -0.2575368 0.3466225 1.367193
v -0.2548949 0.343465 1.393161
v -0.2071462 0.3835133 1.393161
v -0.1754427 0.3337348 1.160508
v -0.2113347 0.30361 1.160508
v -0.2089183 0.312728 1.056988
v -0.1848506 0.3329294 1.056988
v -0.5216041 0.744882 1.245083
v -0.5766342 0.7403714 1.304076
v -0.5561107 0.7159171 1.245083
v -0.5421275 0.7693363 1.304076
v -0.5216041 0.744882 1.245083
v -0.3086362 0.4075164 1.218534
v -0.2608876 0.4475647 1.218534
v -0.5561107 0.7159171 1.245083
v -0.2406862 0.3506176 1.071648
v -0.1848506 0.3329294 1.056988
v -0.2166508 0.370819 1.071648
v -0.2089183 0.312728 1.056988
v -0.1765059 0.3470091 1.221692
v -0.1953863 0.3695302 1.276303
v -0.2608876 0.4475647 1.218534
v -0.1790835 0.3501021 1.24025
v -0.2321482 0.4012982 1.145912
v -0.1754427 0.3337348 1.160508
v -0.2166508 0.370819 1.071648
v -0.1848506 0.3329294 1.056988
v -0.2075973 0.3840932 1.32853
v -0.2097882 0.386703 1.367193
v -0.2071462 0.3835133 1.393161
v -0.2604687 0.4470814 1.393161
v -0.2892081 0.4813302 1.35917
v -0.3391154 0.5408388 1.330431
v -0.410094 0.6254138 1.316029
v -0.491286 0.7221676 1.307684
v -0.5216041 0.744882 1.245083
v -0.5421275 0.7693363 1.304076
v -0.2242545 0.3069608 1.221692
v -0.2431349 0.3294819 1.276303
v -0.226832 0.3100216 1.24025
v -0.3086362 0.4075164 1.218534
v -0.2680402 0.3711734 1.145912
v -0.2113347 0.30361 1.160508
v -0.2406862 0.3506176 1.071648
v -0.2089183 0.312728 1.056988
v -0.2553459 0.3440127 1.32853
v -0.2575368 0.3466225 1.367193
v -0.2548949 0.343465 1.393161
v -0.3082173 0.4070331 1.393161
v -0.3369567 0.441282 1.35917
v -0.3868641 0.5007583 1.330431
v -0.4578425 0.5853333 1.316029
v -0.5390345 0.6820871 1.307684
v -0.5561107 0.7159171 1.245083
v -0.5766342 0.7403714 1.304076
v -0.2608876 0.4475647 1.218534
v -0.2680402 0.3711734 1.145912
v -0.2321482 0.4012982 1.145912
v -0.3086362 0.4075164 1.218534
v -0.2166508 0.370819 1.071648
v -0.2406862 0.3506176 1.071648
v -0.1083949 0.1005012 1.09143
v -0.1517295 0.1547903 0.9887157
v -0.1375208 0.1378431 0.9611363
v -0.1211858 0.1157408 1.090141
v -0.1211858 0.1157408 1.090141
v -0.1617496 0.1463489 0.9887157
v -0.1517295 0.1547903 0.9887157
v -0.1285962 0.1094903 1.090141
v -0.1158375 0.09428293 1.09143
v -0.1617496 0.1463489 0.9887157
v -0.1285962 0.1094903 1.090141
v -0.147541 0.1294339 0.9611363
v -0.2820233 0.2559581 1.104575
v -0.2748706 0.2474844 1.019807
v -0.2820233 0.2559581 1.039074
v -0.2495787 0.2173274 1.104575
v -0.2464857 0.2136223 1.076577
v -0.2355312 0.2005736 1.041233
v -0.2561192 0.2250922 0.9882646
v -0.2202272 0.1823376 1.006952
v -0.2333725 0.197996 0.9607174
v -0.2039565 0.1629417 0.9802421
v -0.2033766 0.1622329 0.9296904
v -0.1829497 0.1379075 0.9111323
v -0.1834974 0.1385841 0.9616517
v -0.2300218 0.2851163 1.019807
v -0.2371421 0.2936221 1.104575
v -0.2371421 0.2936221 1.039074
v -0.2047298 0.2549593 1.104575
v -0.2016045 0.2512541 1.076577
v -0.1906823 0.2382376 1.041233
v -0.211238 0.2627563 0.9882646
v -0.1753783 0.2200016 1.006952
v -0.1885237 0.2356601 0.9607174
v -0.1590754 0.2005736 0.9802421
v -0.1584955 0.1998969 0.9296904
v -0.1386486 0.1762159 0.9616517
v -0.1380686 0.1755394 0.9111323
v -0.2300218 0.2851163 1.019807
v -0.2820233 0.2559581 1.039074
v -0.2748706 0.2474844 1.019807
v -0.2371421 0.2936221 1.039074
v -0.2371421 0.2936221 1.104575
v -0.2820233 0.2559581 1.104575
v -0.211238 0.2627563 0.9882646
v -0.2561192 0.2250922 0.9882646
v -0.1885237 0.2356601 0.9607174
v -0.2333725 0.197996 0.9607174
v -0.1584955 0.1998969 0.9296904
v -0.2033766 0.1622329 0.9296904
v -0.1380686 0.1755394 0.9111323
v -0.1829497 0.1379075 0.9111323
v -0.2371421 0.2936221 1.104575
v -0.2495787 0.2173274 1.104575
v -0.2820233 0.2559581 1.104575
v -0.2047298 0.2549593 1.104575
v -0.1906823 0.2382376 1.041233
v -0.2202272 0.1823376 1.006952
v -0.2355312 0.2005736 1.041233
v -0.1753783 0.2200016 1.006952
v -0.2016045 0.2512541 1.076577
v -0.2464857 0.2136223 1.076577
v -0.2039565 0.1629417 0.9802421
v -0.1590754 0.2005736 0.9802421
v -0.2047298 0.2549593 1.104575
v -0.2495787 0.2173274 1.104575
v -0.1834974 0.1385841 0.9616517
v -0.1386486 0.1762159 0.9616517
v -0.1654548 0.103272 0.9504073
v -0.1044319 0.1467033 0.9321713
v -0.1616207 0.09872913 0.9321713
v -0.108266 0.1512462 0.9504073
v -0.1754104 0.1151609 0.9616839
v -0.1182539 0.163135 0.9616839
v -0.1877503 0.1298528 0.9616839
v -0.1305616 0.1778269 0.9616839
v -0.1977383 0.1417416 0.9504073
v -0.1405495 0.1897157 0.9504073
v -0.2015401 0.1462845 0.9321713
v -0.1443513 0.1942586 0.9321713
v -0.1977383 0.1417416 0.9139031
v -0.1405495 0.1897157 0.9139031
v -0.1877503 0.1298528 0.9026265
v -0.1305616 0.1778269 0.9026265
v -0.1754104 0.1151609 0.9026265
v -0.1182539 0.163135 0.9026265
v -0.108266 0.1512462 0.9139031
v -0.1654548 0.103272 0.9139031
v -0.1182539 0.163135 0.9026265
v -0.1754104 0.1151609 0.9026265
v -0.1405495 0.1897157 0.9139031
v -0.1182539 0.163135 0.9026265
v -0.1044319 0.1467033 0.9321713
v -0.1305616 0.1778269 0.9026265
v -0.1405495 0.1897157 0.9504073
v -0.1443513 0.1942586 0.9321713
v -0.1182539 0.163135 0.9616839
v -0.1305616 0.1778269 0.9616839
v -0.108266 0.1512462 0.9504073
v -0.108266 0.1512462 0.9139031
v -0.1877503 0.1298528 0.9616839
v -0.1654548 0.103272 0.9504073
v -0.1654548 0.103272 0.9139031
v -0.1754104 0.1151609 0.9616839
v -0.2015401 0.1462845 0.9321713
v -0.1977383 0.1417416 0.9504073
v -0.1877503 0.1298528 0.9026265
v -0.1977383 0.1417416 0.9139031
v -0.1754104 0.1151609 0.9026265
v -0.1616207 0.09872913 0.9321713
v -0.1439003 0.1869771 0.9365209
v -0.1519873 0.1966106 0.9032386
v -0.1281773 0.1682578 0.9032386
v -0.1519873 0.1966106 0.9365209
v -0.1951929 0.1439325 0.9365209
v -0.2032799 0.1535659 0.9032386
v -0.2032799 0.1535659 0.9365209
v -0.1795023 0.125181 0.9032386
v -0.1795023 0.125181 0.9032386
v -0.1519873 0.1966106 0.9032386
v -0.2032799 0.1535659 0.9032386
v -0.1281773 0.1682578 0.9032386
v -0.2032799 0.1535659 0.9365209
v -0.1439003 0.1869771 0.9365209
v -0.1951929 0.1439325 0.9365209
v -0.1519873 0.1966106 0.9365209
v -0.2032799 0.1535659 0.9032386
v -0.1519873 0.1966106 0.9365209
v -0.2032799 0.1535659 0.9365209
v -0.1519873 0.1966106 0.9032386
v -0.4112216 0.5706093 1.091333
v -0.4112216 0.5958045 1.047709
v -0.4112216 0.5713503 1.05586
v -0.4112216 0.6090465 1.085534
v -0.4112216 0.580146 1.104704
v -0.4112216 0.6180679 1.110182
v -0.4112216 0.5955468 1.124003
v -0.4112216 0.6202266 1.146879
v -0.4112216 0.6319866 1.140306
v -0.4268479 0.5706093 1.091333
v -0.4268479 0.5958045 1.047709
v -0.4268479 0.6090465 1.085534
v -0.4268479 0.5713503 1.05586
v -0.4268479 0.580146 1.104704
v -0.4268479 0.6180679 1.110182
v -0.4268479 0.5955468 1.124003
v -0.4268479 0.6202266 1.146879
v -0.4268479 0.6319866 1.140306
v -0.4268479 0.5713503 1.05586
v -0.4112216 0.5958045 1.047709
v -0.4268479 0.5958045 1.047709
v -0.4112216 0.5713503 1.05586
v -0.4268479 0.5713503 1.05586
v -0.4112216 0.5706093 1.091333
v -0.4112216 0.5713503 1.05586
v -0.4268479 0.5706093 1.091333
v -0.4112216 0.580146 1.104704
v -0.4268479 0.580146 1.104704
v -0.4112216 0.5955468 1.124003
v -0.4268479 0.5955468 1.124003
v -0.4112216 0.6202266 1.146879
v -0.4268479 0.6202266 1.146879
v -0.4268479 0.6319866 1.140306
v -0.4112216 0.6202266 1.146879
v -0.4268479 0.6202266 1.146879
v -0.4112216 0.6319866 1.140306
v -0.4268479 0.6319866 1.140306
v -0.4112216 0.6180679 1.110182
v -0.4112216 0.6319866 1.140306
v -0.4268479 0.6180679 1.110182
v -0.4112216 0.6090465 1.085534
v -0.4268479 0.6090465 1.085534
v -0.4112216 0.5958045 1.047709
v -0.4268479 0.5958045 1.047709
v -0.431423 0.6015717 1.083698
v -0.4196308 0.613815 1.125228
v -0.4196308 0.5970933 1.085598
v -0.431423 0.6183257 1.123327
v -0.4362881 0.6124296 1.079122
v -0.4362881 0.6291835 1.118752
v -0.431423 0.6232874 1.074547
v -0.431423 0.6400413 1.114177
v -0.4196308 0.627798 1.072646
v -0.4196308 0.6445197 1.112276
v -0.4078386 0.6232874 1.074547
v -0.4078386 0.6400413 1.114177
v -0.4029735 0.6124296 1.079122
v -0.4029735 0.6291835 1.118752
v -0.4078386 0.6015717 1.083698
v -0.4078386 0.6183257 1.123327
v -0.4196308 0.5970933 1.085598
v -0.4196308 0.613815 1.125228
v -0.4196308 0.6445197 1.112276
v -0.4029735 0.6291835 1.118752
v -0.4196308 0.613815 1.125228
v -0.4078386 0.6400413 1.114177
v -0.4362881 0.6291835 1.118752
v -0.431423 0.6400413 1.114177
v -0.431423 0.6183257 1.123327
v -0.4078386 0.6183257 1.123327
v -0.431423 0.6232874 1.074547
v -0.431423 0.6015717 1.083698
v -0.4078386 0.6015717 1.083698
v -0.4362881 0.6124296 1.079122
v -0.4078386 0.6232874 1.074547
v -0.4196308 0.627798 1.072646
v -0.4029735 0.6124296 1.079122
v -0.4196308 0.5970933 1.085598
v -0.4160545 0.6200332 1.049835
v -0.4160545 0.706348 1.15197
v -0.4160545 0.6483538 1.042586
v -0.4160545 0.6655909 1.137632
v -0.4160545 0.6335974 1.137407
v -0.4160545 0.5954179 1.058856
v -0.4239481 0.706348 1.15197
v -0.4239481 0.6200332 1.049835
v -0.4239481 0.6483538 1.042586
v -0.4239481 0.6655909 1.137632
v -0.4239481 0.5954179 1.058856
v -0.4239481 0.6335974 1.137407
v -0.4239481 0.6483538 1.042586
v -0.4160545 0.6200332 1.049835
v -0.4160545 0.6483538 1.042586
v -0.4239481 0.6200332 1.049835
v -0.4160545 0.5954179 1.058856
v -0.4239481 0.5954179 1.058856
v -0.4239481 0.6335974 1.137407
v -0.4160545 0.5954179 1.058856
v -0.4239481 0.5954179 1.058856
v -0.4160545 0.6335974 1.137407
v -0.4239481 0.6335974 1.137407
v -0.4160545 0.6655909 1.137632
v -0.4160545 0.6335974 1.137407
v -0.4239481 0.6655909 1.137632
v -0.4160545 0.706348 1.15197
v -0.4239481 0.706348 1.15197
v -0.4239481 0.6483538 1.042586
v -0.4160545 0.706348 1.15197
v -0.4239481 0.706348 1.15197
v -0.4160545 0.6483538 1.042586
v -0.4257525 0.568225 1.060822
v -0.4117371 0.5601702 1.041458
v -0.4257525 0.5601702 1.041458
v -0.4117371 0.568225 1.060822
v -0.4257525 0.5875886 1.068845
v -0.4117371 0.5875886 1.068845
v -0.4257525 0.6069846 1.060822
v -0.4117371 0.6069846 1.060822
v -0.4257525 0.6150071 1.041458
v -0.4117371 0.6150071 1.041458
v -0.4257525 0.6069846 1.022063
v -0.4117371 0.6069846 1.022063
v -0.4257525 0.5875886 1.01404
v -0.4117371 0.5875886 1.01404
v -0.4257525 0.568225 1.022063
v -0.4117371 0.568225 1.022063
v -0.4117371 0.568225 1.022063
v -0.4257525 0.568225 1.022063
v -0.4117371 0.6150071 1.041458
v -0.4117371 0.5875886 1.01404
v -0.4117371 0.5601702 1.041458
v -0.4117371 0.6069846 1.022063
v -0.4117371 0.5875886 1.068845
v -0.4117371 0.6069846 1.060822
v -0.4117371 0.568225 1.060822
v -0.4117371 0.568225 1.022063
v -0.4257525 0.6069846 1.060822
v -0.4257525 0.568225 1.060822
v -0.4257525 0.568225 1.022063
v -0.4257525 0.5875886 1.068845
v -0.4257525 0.6069846 1.022063
v -0.4257525 0.6150071 1.041458
v -0.4257525 0.5875886 1.01404
v -0.4257525 0.5601702 1.041458
v -0.3998161 0.7403714 1.36062
v -0.3997194 0.6561186 1.367579
v -0.4025869 0.6561186 1.36062
v -0.3977541 0.7403714 1.365614
v -0.3927601 0.6561186 1.370447
v -0.3927601 0.7403714 1.367676
v -0.3858008 0.6561186 1.367579
v -0.3877339 0.7403714 1.365614
v -0.3829011 0.6561186 1.36062
v -0.3856719 0.7403714 1.36062
v -0.3858008 0.6561186 1.353661
v -0.3877339 0.7403714 1.355626
v -0.3927601 0.6561186 1.350761
v -0.3927601 0.7403714 1.353532
v -0.3977541 0.7403714 1.355626
v -0.3997194 0.6561186 1.353661
v -0.3927601 0.7403714 1.353532
v -0.3927601 0.6561186 1.350761
v -0.3927601 0.9086192 1.365614
v -0.3963042 0.9086192 1.364164
v -0.389216 0.9086192 1.364164
v -0.3877339 0.9086192 1.36062
v -0.389216 0.9086192 1.357076
v -0.3927601 0.9086192 1.355594
v -0.3963042 0.9086192 1.357076
v -0.3927601 0.9086192 1.355594
v -0.3977541 0.9086192 1.36062
v -0.3829011 0.6561186 1.36062
v -0.3927601 0.6561186 1.350761
v -0.4025869 0.6561186 1.36062
v -0.3858008 0.6561186 1.353661
v -0.3927601 0.6561186 1.370447
v -0.3858008 0.6561186 1.367579
v -0.3997194 0.6561186 1.367579
v -0.3997194 0.6561186 1.353661
v -0.389216 0.9086192 1.364164
v -0.3963042 0.9086192 1.364164
v -0.3963042 0.9086192 1.357076
v -0.3927601 0.9086192 1.365614
v -0.389216 0.9086192 1.357076
v -0.3877339 0.9086192 1.36062
v -0.3927601 0.9086192 1.355594
v -0.3977541 0.9086192 1.36062
v -0.1918744 0.2150399 1.140661
v -0.2213548 0.2111414 1.140661
v -0.2111092 0.1989304 1.140661
v -0.2021523 0.2272831 1.140661
v -0.2213548 0.2111414 1.185187
v -0.1837874 0.2053742 1.185187
v -0.20299 0.1892647 1.185187
v -0.2021523 0.2272831 1.185187
v -0.20299 0.1892647 1.185187
v -0.1918744 0.2150399 1.140661
v -0.2111092 0.1989304 1.140661
v -0.1837874 0.2053742 1.185187
v -0.2021523 0.2272831 1.185187
v -0.1918744 0.2150399 1.140661
v -0.1837874 0.2053742 1.185187
v -0.2021523 0.2272831 1.140661
v -0.2213548 0.2111414 1.185187
v -0.2111092 0.1989304 1.140661
v -0.2213548 0.2111414 1.140661
v -0.20299 0.1892647 1.185187
v -0.09515285 0.1037231 1.087757
v -0.1002112 0.1097803 1.121136
v -0.1242144 0.1383586 1.093395
v -0.09315526 0.1013389 1.09797
v -0.1169007 0.1296594 1.087757
v -0.1128089 0.1247621 1.121136
v -0.1287251 0.1437392 1.10754
v -0.1295628 0.144738 1.121136
v -0.07488704 0.08026767 1.084793
v -0.07485485 0.08023542 1.094974
v -0.1176095 0.08081537 1.09797
v -0.1413872 0.1091359 1.087757
v -0.1487009 0.117835 1.093395
v -0.1196071 0.08319956 1.087757
v -0.1246977 0.08922452 1.121136
v -0.1372631 0.1042386 1.121136
v -0.1531793 0.1231834 1.10754
v -0.1540492 0.1242144 1.121136
v -0.09934133 0.05971187 1.094974
v -0.09934133 0.05971187 1.084793
v -0.1413872 0.1091359 1.087757
v -0.09515285 0.1037231 1.087757
v -0.1169007 0.1296594 1.087757
v -0.1196071 0.08319956 1.087757
v -0.1242144 0.1383586 1.093395
v -0.1487009 0.117835 1.093395
v -0.1287251 0.1437392 1.10754
v -0.1531793 0.1231834 1.10754
v -0.1295628 0.144738 1.121136
v -0.1540492 0.1242144 1.121136
v -0.09934133 0.05971187 1.084793
v -0.07488704 0.08026767 1.084793
v -0.1176095 0.08081537 1.09797
v -0.1002112 0.1097803 1.121136
v -0.09315526 0.1013389 1.09797
v -0.1246977 0.08922452 1.121136
v -0.1128089 0.1247621 1.121136
v -0.1540492 0.1242144 1.121136
v -0.1295628 0.144738 1.121136
v -0.1372631 0.1042386 1.121136
v -0.1002112 0.1097803 1.121136
v -0.1246977 0.08922452 1.121136
v -0.07485485 0.08023542 1.094974
v -0.1176095 0.08081537 1.09797
v -0.09315526 0.1013389 1.09797
v -0.09934133 0.05971187 1.094974
v -0.06535023 0.07511258 1.126903
v -0.07607919 0.08181417 1.077866
v -0.06535023 0.07511258 1.077866
v -0.07607919 0.08181417 1.126903
v -0.06061405 0.06338489 1.126903
v -0.06061405 0.06338489 1.077866
v -0.06367481 0.05110943 1.126903
v -0.06367481 0.05110943 1.077866
v -0.07337278 0.04299021 1.126903
v -0.07337278 0.04299021 1.077866
v -0.08600265 0.04208809 1.126903
v -0.08600265 0.04208809 1.077866
v -0.09673154 0.04878962 1.126903
v -0.09673154 0.04878962 1.077866
v -0.1014678 0.06051737 1.126903
v -0.1014678 0.06051737 1.077866
v -0.09840697 0.07279283 1.126903
v -0.09840697 0.07279283 1.077866
v -0.08870906 0.08094424 1.126903
v -0.08870906 0.08094424 1.077866
v -0.07607919 0.08181417 1.126903
v -0.07607919 0.08181417 1.077866
v -0.08600265 0.04208809 1.077866
v -0.06367481 0.05110943 1.077866
v -0.06535023 0.07511258 1.077866
v -0.07337278 0.04299021 1.077866
v -0.1014678 0.06051737 1.077866
v -0.09673154 0.04878962 1.077866
v -0.08870906 0.08094424 1.077866
v -0.09840697 0.07279283 1.077866
v -0.07607919 0.08181417 1.077866
v -0.06061405 0.06338489 1.077866
v -0.09840697 0.07279283 1.126903
v -0.07607919 0.08181417 1.126903
v -0.06061405 0.06338489 1.126903
v -0.08870906 0.08094424 1.126903
v -0.09673154 0.04878962 1.126903
v -0.1014678 0.06051737 1.126903
v -0.07337278 0.04299021 1.126903
v -0.08600265 0.04208809 1.126903
v -0.06367481 0.05110943 1.126903
v -0.06535023 0.07511258 1.126903
v -0.2317938 0.3941777 1.304011
v -0.2085961 0.4006216 1.33478
v -0.2150077 0.4082897 1.304011
v -0.2253822 0.3865418 1.33478
v -0.2150077 0.4082897 1.365517
v -0.2317938 0.3941777 1.365517
v -0.231826 0.4283299 1.384527
v -0.2486121 0.414218 1.384527
v -0.2526073 0.4530742 1.384527
v -0.2693934 0.4389945 1.384527
v -0.2693934 0.4731144 1.365517
v -0.2862117 0.4590024 1.365517
v -0.2758372 0.4807826 1.33478
v -0.2926233 0.4666706 1.33478
v -0.2693934 0.4731144 1.304011
v -0.2862117 0.4590024 1.304011
v -0.2526073 0.4530742 1.285034
v -0.2693934 0.4389945 1.285034
v -0.231826 0.4283299 1.285034
v -0.2486121 0.414218 1.285034
v -0.2150077 0.4082897 1.304011
v -0.2317938 0.3941777 1.304011
v -0.3829978 0.6266381 1.314064
v -0.3698846 0.5957078 1.345026
v -0.3829978 0.6266381 1.345026
v -0.3698846 0.5957078 1.314064
v -0.4118016 0.6439076 1.314064
v -0.4118016 0.6439076 1.345026
v -0.4452772 0.6409757 1.314064
v -0.4452772 0.6409757 1.345026
v -0.4706336 0.61897 1.314064
v -0.4706336 0.61897 1.345026
v -0.4781728 0.5862355 1.314064
v -0.4781728 0.5862355 1.345026
v -0.3774239 0.5629733 1.345026
v -0.3774239 0.5629733 1.314064
v -0.4027802 0.5409355 1.345026
v -0.4027802 0.5409355 1.314064
v -0.4362559 0.5380035 1.345026
v -0.4362559 0.5380035 1.314064
v -0.4650597 0.5553052 1.345026
v -0.4650597 0.5553052 1.314064
v -0.4781728 0.5862355 1.345026
v -0.4781728 0.5862355 1.314064
v -0.3774239 0.5629733 1.314064
v -0.4362559 0.5380035 1.314064
v -0.4027802 0.5409355 1.314064
v -0.3829978 0.6266381 1.314064
v -0.4781728 0.5862355 1.314064
v -0.4650597 0.5553052 1.314064
v -0.4452772 0.6409757 1.314064
v -0.4706336 0.61897 1.314064
v -0.4118016 0.6439076 1.314064
v -0.3698846 0.5957078 1.314064
v -0.3591235 0.3633119 1.324728
v -0.3568359 0.3384066 1.324728
v -0.3109238 0.4037468 1.324728
v -0.362152 0.3529696 1.324728
v -0.3327361 0.3318661 1.324728
v -0.2845364 0.372301 1.324728
v -0.3434328 0.3306741 1.324728
v -0.3327361 0.3318661 1.344478
v -0.3568359 0.3384066 1.344478
v -0.2845364 0.372301 1.344478
v -0.3434328 0.3306741 1.344478
v -0.3591235 0.3633119 1.344478
v -0.362152 0.3529696 1.344478
v -0.3109238 0.4037468 1.344478
v -0.3327361 0.3318661 1.324728
v -0.2845364 0.372301 1.344478
v -0.2845364 0.372301 1.324728
v -0.3327361 0.3318661 1.344478
v -0.3434328 0.3306741 1.324728
v -0.3434328 0.3306741 1.344478
v -0.3568359 0.3384066 1.324728
v -0.3568359 0.3384066 1.344478
v -0.362152 0.3529696 1.324728
v -0.362152 0.3529696 1.344478
v -0.3591235 0.3633119 1.324728
v -0.3591235 0.3633119 1.344478
v -0.3109238 0.4037468 1.324728
v -0.3109238 0.4037468 1.344478
v -0.2742907 0.3552894 1.353983
v -0.2593089 0.3597356 1.330914
v -0.2702956 0.3505532 1.330914
v -0.263304 0.3644718 1.353983
v -0.2851485 0.3682092 1.370898
v -0.2741618 0.3774239 1.370898
v -0.263304 0.3644718 1.307813
v -0.2742907 0.3552894 1.307813
v -0.2741618 0.3774239 1.290898
v -0.2851485 0.3682092 1.290898
v -0.2890148 0.3951121 1.284712
v -0.2999693 0.3858975 1.284712
v -0.3038356 0.4128004 1.290898
v -0.3148223 0.4035857 1.290898
v -0.3146934 0.4257525 1.307813
v -0.3256801 0.4165378 1.307813
v -0.3186886 0.4304886 1.330914
v -0.329643 0.4212739 1.330914
v -0.3146934 0.4257525 1.353983
v -0.3256801 0.4165378 1.353983
v -0.3038356 0.4128004 1.370898
v -0.3148223 0.4035857 1.370898
v -0.2890148 0.3951121 1.377084
v -0.2999693 0.3858975 1.377084
v -0.2741618 0.3774239 1.370898
v -0.2851485 0.3682092 1.370898
v -0.2851485 0.3682092 1.290898
v -0.3148223 0.4035857 1.290898
v -0.2702956 0.3505532 1.330914
v -0.2999693 0.3858975 1.284712
v -0.3148223 0.4035857 1.370898
v -0.329643 0.4212739 1.330914
v -0.3256801 0.4165378 1.307813
v -0.3256801 0.4165378 1.353983
v -0.2851485 0.3682092 1.370898
v -0.2999693 0.3858975 1.377084
v -0.2742907 0.3552894 1.353983
v -0.2742907 0.3552894 1.307813
v -0.4762396 0.5621356 1.323182
v -0.4379312 0.5679029 1.323182
v -0.4632553 0.5466383 1.323182
v -0.4509155 0.5834002 1.323182
v -0.4632553 0.5466383 1.323182
v -0.4535252 0.5547897 1.302175
v -0.4650597 0.545124 1.316351
v -0.4379312 0.5679029 1.323182
v -0.4379312 0.5679029 1.273597
v -0.4762396 0.5621356 1.323182
v -0.4665417 0.570287 1.302175
v -0.4509155 0.5834002 1.323182
v -0.4780762 0.5605891 1.316351
v -0.4509155 0.5834002 1.273597
v -0.4509155 0.5834002 1.273597
v -0.4535252 0.5547897 1.302175
v -0.4379312 0.5679029 1.273597
v -0.4665417 0.570287 1.302175
v -0.4780762 0.5605891 1.316351
v -0.4650597 0.545124 1.316351
v -0.4632553 0.5466383 1.323182
v -0.4780762 0.5605891 1.316351
v -0.4762396 0.5621356 1.323182
v -0.4650597 0.545124 1.316351
v -0.3967231 0.6024739 1.323182
v -0.3844154 0.6392036 1.323182
v -0.3713989 0.6237062 1.323182
v -0.4097396 0.6179391 1.323182
v -0.3713989 0.6237062 1.323182
v -0.381129 0.6155547 1.302175
v -0.3967231 0.6024739 1.323182
v -0.3695946 0.6252527 1.316351
v -0.3967231 0.6024739 1.273597
v -0.3941133 0.6310522 1.302175
v -0.3844154 0.6392036 1.323182
v -0.4097396 0.6179391 1.323182
v -0.3825789 0.6407178 1.316351
v -0.4097396 0.6179391 1.273597
v -0.381129 0.6155547 1.302175
v -0.4097396 0.6179391 1.273597
v -0.3967231 0.6024739 1.273597
v -0.3941133 0.6310522 1.302175
v -0.3825789 0.6407178 1.316351
v -0.3695946 0.6252527 1.316351
v -0.3825789 0.6407178 1.316351
v -0.3713989 0.6237062 1.323182
v -0.3844154 0.6392036 1.323182
v -0.3695946 0.6252527 1.316351
v -0.4036502 0.5822081 1.21963
v -0.4013626 0.598962 1.250302
v -0.4013626 0.598962 1.21963
v -0.4036502 0.5822081 1.250302
v -0.4129937 0.6112053 1.250302
v -0.4129937 0.6112053 1.21963
v -0.4260424 0.6120107 1.250302
v -0.4260424 0.6120107 1.21963
v -0.436127 0.6037626 1.250302
v -0.436127 0.6037626 1.21963
v -0.4384467 0.5870088 1.250302
v -0.4384467 0.5870088 1.21963
v -0.4267834 0.5747655 1.250302
v -0.4267834 0.5747655 1.21963
v -0.4137669 0.57396 1.250302
v -0.4137669 0.57396 1.21963
v -0.4036502 0.5822081 1.250302
v -0.4036502 0.5822081 1.21963
v -0.245648 0.5183178 1.361168
v -0.2326959 0.4978909 1.37064
v -0.2355634 0.4978909 1.375731
v -0.2187451 0.51719 1.312453
v -0.2295384 0.4954422 1.368449
v -0.2218059 0.4849388 1.371124
v -0.1952574 0.4532997 1.371124
v -0.1629739 0.4507222 1.312453
v -0.1982538 0.4548462 1.3747
v -0.2207749 0.4817169 1.3747
v -0.222708 0.479526 1.38066
v -0.2007346 0.4533319 1.38066
v -0.1862361 0.4438273 1.368449
v -0.1843674 0.4402832 1.37064
v -0.166518 0.4240126 1.361168
v -0.1848829 0.4374802 1.375731
v -0.262273 0.5188332 1.180548
v -0.2776737 0.4812658 1.16286
v -0.2394941 0.5119384 1.163407
v -0.2904325 0.4964409 1.180322
v -0.2564092 0.4559094 1.155127
v -0.2186162 0.4870653 1.155482
v -0.1925832 0.4560383 1.155482
v -0.2298607 0.4242381 1.155127
v -0.1717053 0.4311653 1.163407
v -0.2085639 0.3988817 1.16286
v -0.16887 0.4075487 1.180548
v -0.1958373 0.3837066 1.180322
v -0.22506 0.4779473 1.349182
v -0.2225791 0.4844555 1.348925
v -0.2230302 0.4796872 1.34915
v -0.2390431 0.4944757 1.349021
v -0.230795 0.4941213 1.348828
v -0.2361112 0.4962155 1.348989
v -0.2642706 0.4731466 1.349182
v -0.2507064 0.4564249 1.349344
v -0.2562802 0.4557484 1.388457
v -0.2647216 0.4731466 1.381756
v -0.2511896 0.4570372 1.387233
v -0.2701023 0.4722123 1.382916
v -0.2902069 0.4961832 1.364229
v -0.2299895 0.4243992 1.388457
v -0.2278308 0.4291677 1.387233
v -0.222708 0.479526 1.38066
v -0.2007346 0.4533319 1.38066
v -0.2143311 0.4130581 1.381756
v -0.2161676 0.4079353 1.382916
v -0.1960629 0.3839643 1.364229
v -0.262273 0.5187688 1.358784
v -0.2355634 0.4978909 1.375731
v -0.245648 0.5183178 1.361168
v -0.166518 0.4240126 1.361168
v -0.1689667 0.4075487 1.358784
v -0.1848829 0.4374802 1.375731
v -0.2207749 0.4817169 1.3747
v -0.22506 0.4779473 1.349182
v -0.2230302 0.4796872 1.34915
v -0.222708 0.479526 1.38066
v -0.2507064 0.4564249 1.349344
v -0.2511896 0.4570372 1.387233
v -0.2295384 0.4954422 1.368449
v -0.2225791 0.4844555 1.348925
v -0.230795 0.4941213 1.348828
v -0.2218059 0.4849388 1.371124
v -0.2230302 0.4796872 1.34915
v -0.2207749 0.4817169 1.3747
v -0.2361112 0.4962155 1.348989
v -0.2326959 0.4978909 1.37064
v -0.2326959 0.4978909 1.37064
v -0.2390431 0.4944757 1.349021
v -0.2355634 0.4978909 1.375731
v -0.2361112 0.4962155 1.348989
v -0.2642706 0.4731466 1.349182
v -0.2647216 0.4731466 1.381756
v -0.2647216 0.4731466 1.381756
v -0.2507064 0.4564249 1.349344
v -0.2511896 0.4570372 1.387233
v -0.2642706 0.4731466 1.349182
v -0.262273 0.5187688 1.358784
v -0.2904325 0.4964409 1.180322
v -0.262273 0.5188332 1.180548
v -0.2902069 0.4961832 1.364229
v -0.2186806 0.5170612 1.203391
v -0.262273 0.5188332 1.180548
v -0.2394941 0.5119384 1.163407
v -0.2187451 0.51719 1.312453
v -0.262273 0.5187688 1.358784
v -0.245648 0.5183178 1.361168
v -0.1960629 0.3839643 1.364229
v -0.2299895 0.4243992 1.388457
v -0.2161676 0.4079353 1.382916
v -0.2562802 0.4557484 1.388457
v -0.2902069 0.4961832 1.364229
v -0.2701023 0.4722123 1.382916
v -0.2085639 0.3988817 1.16286
v -0.2298607 0.4242381 1.155127
v -0.2904325 0.4964409 1.180322
v -0.2776737 0.4812658 1.16286
v -0.2564092 0.4559094 1.155127
v -0.1958373 0.3837066 1.180322
v -0.2187451 0.51719 1.312453
v -0.1630706 0.4507867 1.203391
v -0.1629739 0.4507222 1.312453
v -0.2186806 0.5170612 1.203391
v -0.1877826 0.4428608 1.348828
v -0.1888458 0.4346449 1.349021
v -0.1958696 0.4525909 1.348925
v -0.1866227 0.4372224 1.348989
v -0.2026678 0.4513021 1.349182
v -0.200638 0.4529775 1.34915
v -0.2142344 0.4135092 1.349182
v -0.2283463 0.4297476 1.349344
v -0.2026678 0.4513021 1.349182
v -0.1982538 0.4548462 1.3747
v -0.200638 0.4529775 1.34915
v -0.2007346 0.4533319 1.38066
v -0.2283463 0.4297476 1.349344
v -0.2278308 0.4291677 1.387233
v -0.1958696 0.4525909 1.348925
v -0.1862361 0.4438273 1.368449
v -0.1877826 0.4428608 1.348828
v -0.1952574 0.4532997 1.371124
v -0.200638 0.4529775 1.34915
v -0.1982538 0.4548462 1.3747
v -0.1866227 0.4372224 1.348989
v -0.1843674 0.4402832 1.37064
v -0.1843674 0.4402832 1.37064
v -0.1888458 0.4346449 1.349021
v -0.1866227 0.4372224 1.348989
v -0.1848829 0.4374802 1.375731
v -0.2142344 0.4135092 1.349182
v -0.2143311 0.4130581 1.381756
v -0.2143311 0.4130581 1.381756
v -0.2283463 0.4297476 1.349344
v -0.2142344 0.4135092 1.349182
v -0.2278308 0.4291677 1.387233
v -0.2186162 0.4870653 1.155482
v -0.2186806 0.5170612 1.203391
v -0.2394941 0.5119384 1.163407
v -0.1630706 0.4507867 1.203391
v -0.1925832 0.4560383 1.155482
v -0.1717053 0.4311653 1.163407
v -0.1689667 0.4075487 1.358784
v -0.1958373 0.3837066 1.180322
v -0.1960629 0.3839643 1.364229
v -0.16887 0.4075487 1.180548
v -0.1629739 0.4507222 1.312453
v -0.1689667 0.4075487 1.358784
v -0.166518 0.4240126 1.361168
v -0.16887 0.4075487 1.180548
v -0.1630706 0.4507867 1.203391
v -0.1717053 0.4311653 1.163407
v -0.2325348 0.5247293 1.298115
v -0.2464535 0.5115517 1.300886
v -0.2317938 0.5238594 1.300886
v -0.2471945 0.5124539 1.298115
v -0.2343391 0.526888 1.296955
v -0.2489665 0.5145803 1.296955
v -0.2471945 0.5124539 1.303689
v -0.2325348 0.5247293 1.303689
v -0.2489665 0.5145803 1.304817
v -0.2343391 0.526888 1.304817
v -0.2507708 0.5167068 1.303689
v -0.2361112 0.5290144 1.303689
v -0.2515119 0.5175766 1.300886
v -0.2368522 0.5298844 1.300886
v -0.2507708 0.5167068 1.298115
v -0.2361112 0.5290144 1.298115
v -0.2489665 0.5145803 1.296955
v -0.2343391 0.526888 1.296955
v -0.2343391 0.526888 1.296955
v -0.2368522 0.5298844 1.300886
v -0.2361112 0.5290144 1.298115
v -0.2317938 0.5238594 1.300886
v -0.2343391 0.526888 1.304817
v -0.2361112 0.5290144 1.303689
v -0.2325348 0.5247293 1.303689
v -0.2325348 0.5247293 1.298115
v -0.209176 0.2605976 1.120782
v -0.2539283 0.2232235 1.128579
v -0.2538638 0.2231269 1.120782
v -0.2092727 0.2606943 1.128579
v -0.2179396 0.2710366 1.143238
v -0.2625952 0.2335659 1.143238
v -0.1886203 0.2361112 1.187282
v -0.2569891 0.226832 1.189763
v -0.2123013 0.2643028 1.189763
v -0.2333081 0.1986082 1.187282
v -0.2303439 0.2858251 1.201845
v -0.2749995 0.2483222 1.201845
v -0.255507 0.3157888 1.253395
v -0.3001626 0.2783181 1.253395
v -0.28096 0.3461392 1.329593
v -0.3256478 0.3086684 1.329593
v -0.288596 0.355225 1.36323
v -0.3332515 0.3177542 1.36323
v -0.1886203 0.2361112 1.187282
v -0.2333081 0.1986082 1.120717
v -0.2333081 0.1986082 1.187282
v -0.1886203 0.2361112 1.120717
v -0.2539283 0.2232235 1.128579
v -0.2333081 0.1986082 1.187282
v -0.2538638 0.2231269 1.120782
v -0.2569891 0.226832 1.189763
v -0.2333081 0.1986082 1.120717
v -0.2625952 0.2335659 1.143238
v -0.2779637 0.251834 1.14327
v -0.2749995 0.2483222 1.201845
v -0.3059298 0.2851807 1.194112
v -0.3001626 0.2783181 1.253395
v -0.33744 0.3227159 1.219211
v -0.3256478 0.3086684 1.329593
v -0.3401787 0.3260022 1.324277
v -0.3332515 0.3177542 1.36323
v -0.3401142 0.3259378 1.345703
v -0.3557082 0.344496 1.243278
v -0.369208 0.3605733 1.266637
v -0.369208 0.3605733 1.323923
v -0.3615399 0.3514231 1.36323
v -0.3615399 0.3514231 1.345703
v -0.3245202 0.398044 1.323923
v -0.369208 0.3605733 1.266637
v -0.3245202 0.398044 1.266637
v -0.369208 0.3605733 1.323923
v -0.3110204 0.3819668 1.243278
v -0.369208 0.3605733 1.266637
v -0.3557082 0.344496 1.243278
v -0.3245202 0.398044 1.266637
v -0.2927522 0.3601867 1.219211
v -0.33744 0.3227159 1.219211
v -0.2612742 0.3226515 1.194112
v -0.3059298 0.2851807 1.194112
v -0.2332759 0.2893048 1.14327
v -0.2779637 0.251834 1.14327
v -0.3332515 0.3177542 1.36323
v -0.3608955 0.3619909 1.36323
v -0.353614 0.3736542 1.36323
v -0.316852 0.388926 1.36323
v -0.3401142 0.3849953 1.36323
v -0.3273554 0.3901182 1.36323
v -0.288596 0.355225 1.36323
v -0.3615399 0.3514231 1.36323
v -0.2303439 0.2858251 1.201845
v -0.2612742 0.3226515 1.194112
v -0.2332759 0.2893048 1.14327
v -0.255507 0.3157888 1.253395
v -0.2123013 0.2643028 1.189763
v -0.2179396 0.2710366 1.143238
v -0.2927522 0.3601867 1.219211
v -0.28096 0.3461392 1.329593
v -0.2954909 0.363473 1.324277
v -0.3110204 0.3819668 1.243278
v -0.3245202 0.398044 1.266637
v -0.3245202 0.398044 1.323923
v -0.288596 0.355225 1.36323
v -0.2954586 0.3634086 1.345703
v -0.316852 0.388926 1.36323
v -0.316852 0.388926 1.345703
v -0.2092727 0.2606943 1.128579
v -0.1886203 0.2361112 1.187282
v -0.1886203 0.2361112 1.120717
v -0.209176 0.2605976 1.120782
v -0.2179396 0.2710366 1.143238
v -0.2779637 0.251834 1.14327
v -0.2625952 0.2335659 1.143238
v -0.2332759 0.2893048 1.14327
v -0.209176 0.2605976 1.120782
v -0.2333081 0.1986082 1.120717
v -0.1886203 0.2361112 1.120717
v -0.2538638 0.2231269 1.120782
v -0.3401142 0.3849953 1.36323
v -0.353614 0.3736542 1.345703
v -0.3401142 0.3849953 1.345703
v -0.353614 0.3736542 1.36323
v -0.3608955 0.3619909 1.36323
v -0.3608955 0.3619909 1.345703
v -0.3273554 0.3901182 1.345703
v -0.3273554 0.3901182 1.36323
v -0.3615399 0.3514231 1.36323
v -0.3615399 0.3514231 1.345703
v -0.316852 0.388926 1.345703
v -0.316852 0.388926 1.36323
v -0.3401142 0.3849953 1.345703
v -0.3608955 0.3619909 1.345703
v -0.3615399 0.3514231 1.345703
v -0.3401142 0.3259378 1.345703
v -0.2954586 0.3634086 1.345703
v -0.316852 0.388926 1.345703
v -0.3273554 0.3901182 1.345703
v -0.353614 0.3736542 1.345703
v -0.3245202 0.398044 1.323923
v -0.3401787 0.3260022 1.324277
v -0.369208 0.3605733 1.323923
v -0.2954909 0.363473 1.324277
v -0.3401142 0.3259378 1.345703
v -0.2954909 0.363473 1.324277
v -0.2954586 0.3634086 1.345703
v -0.3401787 0.3260022 1.324277
v -0.2717454 0.2505131 1.124003
v -0.2620153 0.232857 1.109441
v -0.2747418 0.248 1.109441
v -0.2590189 0.2353701 1.124003
v -0.2590189 0.2353701 1.094845
v -0.2717454 0.2505131 1.094845
v -0.2508675 0.2422006 1.084181
v -0.2635618 0.2573435 1.084181
v -0.2396874 0.2515763 1.080282
v -0.252414 0.2667192 1.080282
v -0.2285396 0.260952 1.084181
v -0.2412339 0.276095 1.084181
v -0.220356 0.2678147 1.094845
v -0.2330503 0.2829576 1.094845
v -0.2173597 0.2703277 1.109441
v -0.230054 0.2854707 1.109441
v -0.220356 0.2678147 1.124003
v -0.2330503 0.2829576 1.124003
v -0.2330503 0.2829576 1.153162
v -0.220356 0.2678147 1.153162
v -0.2635618 0.2573435 1.084181
v -0.2412339 0.276095 1.084181
v -0.2747418 0.248 1.109441
v -0.252414 0.2667192 1.080282
v -0.252414 0.2667192 1.135989
v -0.230054 0.2854707 1.109441
v -0.2330503 0.2829576 1.094845
v -0.2330503 0.2829576 1.124003
v -0.2717454 0.2505131 1.124003
v -0.2717454 0.2505131 1.094845
v -0.2717454 0.2505131 1.153162
v -0.252414 0.2667192 1.153291
v -0.2330503 0.2829576 1.153162
v -0.2590189 0.2353701 1.124003
v -0.2396874 0.2515763 1.135989
v -0.2590189 0.2353701 1.094845
v -0.220356 0.2678147 1.094845
v -0.220356 0.2678147 1.124003
v -0.2173597 0.2703277 1.109441
v -0.2396874 0.2515763 1.080282
v -0.2285396 0.260952 1.084181
v -0.2508675 0.2422006 1.084181
v -0.2620153 0.232857 1.109441
v -0.220356 0.2678147 1.153162
v -0.2396874 0.2515763 1.153291
v -0.2590189 0.2353701 1.153162
v -0.2590189 0.2353701 1.153162
v -0.2717454 0.2505131 1.153162
v -0.2745807 0.2595344 1.122135
v -0.2529617 0.228733 1.109988
v -0.2770615 0.2574401 1.109988
v -0.2504808 0.2308272 1.122135
v -0.2677824 0.2652372 1.130995
v -0.2436826 0.23653 1.130995
v -0.2584711 0.273002 1.134249
v -0.2344036 0.2442948 1.134249
v -0.2491921 0.280799 1.130995
v -0.2251245 0.2520918 1.130995
v -0.2423939 0.2865017 1.122135
v -0.2183262 0.2577946 1.122135
v -0.239913 0.288596 1.109988
v -0.2158132 0.2598888 1.109988
v -0.2423939 0.2865017 1.097874
v -0.2183262 0.2577946 1.097874
v -0.2504808 0.2308272 1.097874
v -0.2745807 0.2595344 1.097874
v -0.2504808 0.2308272 1.122135
v -0.2344036 0.2442948 1.134249
v -0.2504808 0.2308272 1.097874
v -0.2436826 0.23653 1.130995
v -0.2183262 0.2577946 1.097874
v -0.2183262 0.2577946 1.122135
v -0.2251245 0.2520918 1.130995
v -0.2158132 0.2598888 1.109988
v -0.2529617 0.228733 1.109988
v -0.239913 0.288596 1.109988
v -0.2491921 0.280799 1.130995
v -0.2770615 0.2574401 1.109988
v -0.2423939 0.2865017 1.122135
v -0.2677824 0.2652372 1.130995
v -0.2584711 0.273002 1.134249
v -0.2745807 0.2595344 1.122135
v -0.2423939 0.2865017 1.097874
v -0.2745807 0.2595344 1.097874
v -0.4112216 0.7477173 1.119042
v -0.4112216 0.7830938 1.08315
v -0.4112216 0.7573507 1.084922
v -0.4112216 0.7864124 1.123101
v -0.4112216 0.7535811 1.134378
v -0.4112216 0.7889255 1.149231
v -0.4112216 0.7636335 1.156964
v -0.4112216 0.7817728 1.185284
v -0.4112216 0.7948216 1.181869
v -0.4268479 0.7477173 1.119042
v -0.4268479 0.7830938 1.08315
v -0.4268479 0.7864124 1.123101
v -0.4268479 0.7573507 1.084922
v -0.4268479 0.7535811 1.134378
v -0.4268479 0.7889255 1.149231
v -0.4268479 0.7636335 1.156964
v -0.4268479 0.7817728 1.185284
v -0.4268479 0.7948216 1.181869
v -0.4268479 0.7573507 1.084922
v -0.4112216 0.7830938 1.08315
v -0.4268479 0.7830938 1.08315
v -0.4112216 0.7573507 1.084922
v -0.4268479 0.7573507 1.084922
v -0.4112216 0.7477173 1.119042
v -0.4112216 0.7573507 1.084922
v -0.4268479 0.7477173 1.119042
v -0.4112216 0.7535811 1.134378
v -0.4268479 0.7535811 1.134378
v -0.4112216 0.7636335 1.156964
v -0.4268479 0.7636335 1.156964
v -0.4112216 0.7817728 1.185284
v -0.4268479 0.7817728 1.185284
v -0.4268479 0.7948216 1.181869
v -0.4112216 0.7817728 1.185284
v -0.4268479 0.7817728 1.185284
v -0.4112216 0.7948216 1.181869
v -0.4268479 0.7948216 1.181869
v -0.4112216 0.7889255 1.149231
v -0.4112216 0.7948216 1.181869
v -0.4268479 0.7889255 1.149231
v -0.4112216 0.7864124 1.123101
v -0.4268479 0.7864124 1.123101
v -0.4112216 0.7830938 1.08315
v -0.4268479 0.7830938 1.08315
v -0.431423 0.7796142 1.119461
v -0.4196308 0.7809996 1.162731
v -0.4196308 0.7747813 1.120169
v -0.431423 0.7858325 1.162022
v -0.4362881 0.7912775 1.117753
v -0.4362881 0.7974957 1.160314
v -0.431423 0.8029408 1.116045
v -0.431423 0.809159 1.158607
v -0.4196308 0.8077736 1.115337
v -0.4196308 0.8139918 1.157898
v -0.4078386 0.8029408 1.116045
v -0.4078386 0.809159 1.158607
v -0.4029735 0.7912775 1.117753
v -0.4029735 0.7974957 1.160314
v -0.4078386 0.7796142 1.119461
v -0.4078386 0.7858325 1.162022
v -0.4196308 0.7747813 1.120169
v -0.4196308 0.7809996 1.162731
v -0.4196308 0.8139918 1.157898
v -0.4029735 0.7974957 1.160314
v -0.4196308 0.7809996 1.162731
v -0.4078386 0.809159 1.158607
v -0.4362881 0.7974957 1.160314
v -0.431423 0.809159 1.158607
v -0.431423 0.7858325 1.162022
v -0.4078386 0.7858325 1.162022
v -0.431423 0.8029408 1.116045
v -0.431423 0.7796142 1.119461
v -0.4078386 0.7796142 1.119461
v -0.4362881 0.7912775 1.117753
v -0.4078386 0.8029408 1.116045
v -0.4196308 0.8077736 1.115337
v -0.4029735 0.7912775 1.117753
v -0.4196308 0.7747813 1.120169
v -0.4160545 0.8060016 1.091301
v -0.4160545 0.8617405 1.213025
v -0.4160545 0.8352242 1.09143
v -0.4160545 0.8280072 1.187733
v -0.4160545 0.7970769 1.179485
v -0.4160545 0.7799041 1.093847
v -0.4239481 0.8617405 1.213025
v -0.4239481 0.8060016 1.091301
v -0.4239481 0.8352242 1.09143
v -0.4239481 0.8280072 1.187733
v -0.4239481 0.7799041 1.093847
v -0.4239481 0.7970769 1.179485
v -0.4239481 0.8352242 1.09143
v -0.4160545 0.8060016 1.091301
v -0.4160545 0.8352242 1.09143
v -0.4239481 0.8060016 1.091301
v -0.4160545 0.7799041 1.093847
v -0.4239481 0.7799041 1.093847
v -0.4239481 0.7970769 1.179485
v -0.4160545 0.7799041 1.093847
v -0.4239481 0.7799041 1.093847
v -0.4160545 0.7970769 1.179485
v -0.4239481 0.7970769 1.179485
v -0.4160545 0.8280072 1.187733
v -0.4160545 0.7970769 1.179485
v -0.4239481 0.8280072 1.187733
v -0.4160545 0.8617405 1.213025
v -0.4239481 0.8617405 1.213025
v -0.4239481 0.8352242 1.09143
v -0.4160545 0.8617405 1.213025
v -0.4239481 0.8617405 1.213025
v -0.4160545 0.8352242 1.09143
v -0.4257525 0.7530656 1.088917
v -0.4117371 0.7501982 1.068136
v -0.4257525 0.7501982 1.068136
v -0.4117371 0.7530656 1.088917
v -0.4257525 0.7698196 1.101579
v -0.4117371 0.7698196 1.101579
v -0.4257525 0.7906008 1.098679
v -0.4117371 0.7906008 1.098679
v -0.4257525 0.8032307 1.081925
v -0.4117371 0.8032307 1.081925
v -0.4257525 0.8003309 1.061144
v -0.4117371 0.8003309 1.061144
v -0.4257525 0.7836093 1.048514
v -0.4117371 0.7836093 1.048514
v -0.4257525 0.7628281 1.051414
v -0.4117371 0.7628281 1.051414
v -0.4117371 0.7628281 1.051414
v -0.4257525 0.7628281 1.051414
v -0.4117371 0.8032307 1.081925
v -0.4117371 0.7836093 1.048514
v -0.4117371 0.7501982 1.068136
v -0.4117371 0.8003309 1.061144
v -0.4117371 0.7698196 1.101579
v -0.4117371 0.7906008 1.098679
v -0.4117371 0.7530656 1.088917
v -0.4117371 0.7628281 1.051414
v -0.4257525 0.7906008 1.098679
v -0.4257525 0.7530656 1.088917
v -0.4257525 0.7628281 1.051414
v -0.4257525 0.7698196 1.101579
v -0.4257525 0.8003309 1.061144
v -0.4257525 0.8032307 1.081925
v -0.4257525 0.7836093 1.048514
v -0.4257525 0.7501982 1.068136
v -0.4572949 0.7403714 1.36062
v -0.4571982 0.6561186 1.367579
v -0.4600657 0.6561186 1.36062
v -0.4552328 0.7403714 1.365614
v -0.4502389 0.6561186 1.370447
v -0.4502389 0.7403714 1.367676
v -0.4432796 0.6561186 1.367579
v -0.4452127 0.7403714 1.365614
v -0.4403799 0.6561186 1.36062
v -0.4431507 0.7403714 1.36062
v -0.4432796 0.6561186 1.353661
v -0.4452127 0.7403714 1.355626
v -0.4502389 0.6561186 1.350761
v -0.4502389 0.7403714 1.353532
v -0.4552328 0.7403714 1.355626
v -0.4571982 0.6561186 1.353661
v -0.4502389 0.7403714 1.353532
v -0.4502389 0.6561186 1.350761
v -0.4502389 0.9086192 1.365614
v -0.453783 0.9086192 1.364164
v -0.4466948 0.9086192 1.364164
v -0.4452127 0.9086192 1.36062
v -0.4466948 0.9086192 1.357076
v -0.4502389 0.9086192 1.355594
v -0.453783 0.9086192 1.357076
v -0.4502389 0.9086192 1.355594
v -0.4552328 0.9086192 1.36062
v -0.4403799 0.6561186 1.36062
v -0.4502389 0.6561186 1.350761
v -0.4600657 0.6561186 1.36062
v -0.4432796 0.6561186 1.353661
v -0.4502389 0.6561186 1.370447
v -0.4432796 0.6561186 1.367579
v -0.4571982 0.6561186 1.367579
v -0.4571982 0.6561186 1.353661
v -0.4466948 0.9086192 1.364164
v -0.453783 0.9086192 1.364164
v -0.453783 0.9086192 1.357076
v -0.4502389 0.9086192 1.365614
v -0.4466948 0.9086192 1.357076
v -0.4452127 0.9086192 1.36062
v -0.4502389 0.9086192 1.355594
v -0.4552328 0.9086192 1.36062
v -0.2384309 0.4714713 1.366581
v -0.233147 0.4760464 1.282328
v -0.2366266 0.4693448 1.282328
v -0.2359178 0.4762719 1.366581
v -0.2354345 0.4832312 1.282328
v -0.237561 0.4814592 1.366581
v -0.2421039 0.4867108 1.282328
v -0.2423617 0.4839401 1.366581
v -0.2492887 0.4844555 1.282328
v -0.2475167 0.4823291 1.366581
v -0.2527684 0.4777539 1.282328
v -0.2500297 0.4775284 1.366581
v -0.2505131 0.4705691 1.282328
v -0.2483866 0.4723411 1.366581
v -0.2435859 0.4698603 1.366581
v -0.2438115 0.4670895 1.282328
v -0.2483866 0.4723411 1.366581
v -0.2505131 0.4705691 1.282328
v -0.2391397 0.4801381 1.534828
v -0.2379798 0.4764652 1.534828
v -0.2425227 0.4819102 1.534828
v -0.2461957 0.4807504 1.534828
v -0.2479678 0.4773352 1.534828
v -0.2468079 0.4736944 1.534828
v -0.2433926 0.4719223 1.534828
v -0.2468079 0.4736944 1.534828
v -0.2397519 0.4730499 1.534828
v -0.2492887 0.4844555 1.282328
v -0.2505131 0.4705691 1.282328
v -0.2366266 0.4693448 1.282328
v -0.2527684 0.4777539 1.282328
v -0.2354345 0.4832312 1.282328
v -0.2421039 0.4867108 1.282328
v -0.233147 0.4760464 1.282328
v -0.2438115 0.4670895 1.282328
v -0.2425227 0.4819102 1.534828
v -0.2379798 0.4764652 1.534828
v -0.2433926 0.4719223 1.534828
v -0.2391397 0.4801381 1.534828
v -0.2479678 0.4773352 1.534828
v -0.2461957 0.4807504 1.534828
v -0.2468079 0.4736944 1.534828
v -0.2397519 0.4730499 1.534828
v -0.2014757 0.42746 1.366581
v -0.196224 0.432003 1.282328
v -0.1997036 0.4253336 1.282328
v -0.1989626 0.4322607 1.366581
v -0.1984793 0.4391877 1.282328
v -0.2006058 0.4374157 1.366581
v -0.2051486 0.4426674 1.282328
v -0.2054064 0.4399288 1.366581
v -0.2123335 0.4404121 1.282328
v -0.2105615 0.4382856 1.366581
v -0.2158132 0.4337105 1.282328
v -0.2130745 0.433485 1.366581
v -0.2135578 0.4265257 1.282328
v -0.2114314 0.4283299 1.366581
v -0.2066307 0.4258168 1.366581
v -0.2068885 0.423046 1.282328
v -0.2114314 0.4283299 1.366581
v -0.2135578 0.4265257 1.282328
v -0.201379 0.4367391 1.450705
v -0.1999936 0.4323574 1.450705
v -0.205503 0.4388978 1.450705
v -0.2099171 0.4375123 1.450705
v -0.2120435 0.4333883 1.450705
v -0.2106581 0.4289743 1.450705
v -0.2065341 0.4268479 1.450705
v -0.2106581 0.4289743 1.450705
v -0.2021201 0.4282333 1.450705
v -0.1914234 0.4319385 1.49275
v -0.189458 0.4356759 1.49275
v -0.1874604 0.4290387 1.534828
v -0.1856883 0.4324217 1.534828
v -0.1868482 0.4360947 1.534828
v -0.1907467 0.4397355 1.49275
v -0.1902312 0.4378667 1.534828
v -0.1944841 0.4416686 1.49275
v -0.1939042 0.4367068 1.534828
v -0.1985437 0.4404121 1.49275
v -0.1956763 0.4332917 1.534828
v -0.2004769 0.4366425 1.49275
v -0.1992204 0.4326151 1.49275
v -0.1945164 0.429651 1.534828
v -0.1911011 0.4278789 1.534828
v -0.1954507 0.4306497 1.49275
v -0.1945164 0.429651 1.534828
v -0.1992204 0.4326151 1.49275
v -0.2123335 0.4404121 1.282328
v -0.2135578 0.4265257 1.282328
v -0.1997036 0.4253336 1.282328
v -0.2158132 0.4337105 1.282328
v -0.1984793 0.4391877 1.282328
v -0.2051486 0.4426674 1.282328
v -0.196224 0.432003 1.282328
v -0.2068885 0.423046 1.282328
v -0.1902312 0.4378667 1.534828
v -0.1856883 0.4324217 1.534828
v -0.1911011 0.4278789 1.534828
v -0.1868482 0.4360947 1.534828
v -0.1956763 0.4332917 1.534828
v -0.1939042 0.4367068 1.534828
v -0.1945164 0.429651 1.534828
v -0.1874604 0.4290387 1.534828
v -0.1375208 0.1378431 0.9611363
v -0.1617496 0.1463489 0.9887157
v -0.147541 0.1294339 0.9611363
v -0.1517295 0.1547903 0.9887157
v -0.1190916 0.05967969 1.115175
v -0.06908762 0.09531391 1.100194
v -0.1159663 0.05597448 1.100194
v -0.07221287 0.09901911 1.115175
v -0.1272752 0.06944203 1.124422
v -0.08039653 0.1087815 1.124422
v -0.137392 0.08149195 1.124422
v -0.09051329 0.1208314 1.124422
v -0.1455756 0.09125435 1.115175
v -0.09869695 0.1305616 1.115175
v -0.1487009 0.0949595 1.100194
v -0.1018222 0.134299 1.100194
v -0.1455756 0.09125435 1.085244
v -0.09869695 0.1305616 1.085244
v -0.137392 0.08149195 1.075997
v -0.09051329 0.1208314 1.075997
v -0.1272752 0.06944203 1.075997
v -0.08039653 0.1087815 1.075997
v -0.07221287 0.09901911 1.085244
v -0.1190916 0.05967969 1.085244
v -0.08039653 0.1087815 1.075997
v -0.1272752 0.06944203 1.075997
v -0.09869695 0.1305616 1.085244
v -0.08039653 0.1087815 1.075997
v -0.06908762 0.09531391 1.100194
v -0.09051329 0.1208314 1.075997
v -0.09869695 0.1305616 1.115175
v -0.1018222 0.134299 1.100194
v -0.08039653 0.1087815 1.124422
v -0.09051329 0.1208314 1.124422
v -0.07221287 0.09901911 1.115175
v -0.07221287 0.09901911 1.085244
v -0.137392 0.08149195 1.124422
v -0.1190916 0.05967969 1.115175
v -0.1190916 0.05967969 1.085244
v -0.1272752 0.06944203 1.124422
v -0.1487009 0.0949595 1.100194
v -0.1455756 0.09125435 1.115175
v -0.137392 0.08149195 1.075997
v -0.1455756 0.09125435 1.085244
v -0.1272752 0.06944203 1.075997
v -0.1159663 0.05597448 1.100194
v 0.245628 0.5183178 1.361168
v 0.2327081 0.4978909 1.37064
v 0.2187251 0.51719 1.312453
v 0.2355756 0.4978909 1.375731
v 0.2295507 0.4954422 1.368449
v 0.2217859 0.4849388 1.371124
v 0.1952374 0.4532997 1.371124
v 0.1629539 0.4507222 1.312453
v 0.1982338 0.4548462 1.3747
v 0.2207871 0.4817169 1.3747
v 0.222688 0.479526 1.38066
v 0.2007146 0.4533319 1.38066
v 0.1862483 0.4438273 1.368449
v 0.1843473 0.4402832 1.37064
v 0.166498 0.4240126 1.361168
v 0.1848951 0.4374802 1.375731
v 0.22504 0.4779473 1.349182
v 0.2225913 0.4844555 1.348925
v 0.2390553 0.4944757 1.349021
v 0.2230102 0.4796872 1.34915
v 0.230775 0.4941213 1.348828
v 0.2361234 0.4962155 1.348989
v 0.2642506 0.4731466 1.349182
v 0.2507186 0.4564249 1.349344
v 0.2562602 0.4557484 1.388457
v 0.2647339 0.4731466 1.381756
v 0.2700822 0.4722123 1.382916
v 0.2512018 0.4570372 1.387233
v 0.2902191 0.4961832 1.364229
v 0.2299695 0.4243992 1.388457
v 0.2278108 0.4291677 1.387233
v 0.222688 0.479526 1.38066
v 0.2007146 0.4533319 1.38066
v 0.2143111 0.4130581 1.381756
v 0.2161798 0.4079353 1.382916
v 0.1960429 0.3839643 1.364229
v 0.262253 0.5187688 1.358784
v 0.2355756 0.4978909 1.375731
v 0.245628 0.5183178 1.361168
v 0.166498 0.4240126 1.361168
v 0.1689467 0.4075487 1.358784
v 0.1848951 0.4374802 1.375731
v 0.2207871 0.4817169 1.3747
v 0.22504 0.4779473 1.349182
v 0.222688 0.479526 1.38066
v 0.2230102 0.4796872 1.34915
v 0.2507186 0.4564249 1.349344
v 0.2512018 0.4570372 1.387233
v 0.2295507 0.4954422 1.368449
v 0.2225913 0.4844555 1.348925
v 0.2217859 0.4849388 1.371124
v 0.230775 0.4941213 1.348828
v 0.2230102 0.4796872 1.34915
v 0.2207871 0.4817169 1.3747
v 0.2361234 0.4962155 1.348989
v 0.2327081 0.4978909 1.37064
v 0.2327081 0.4978909 1.37064
v 0.2390553 0.4944757 1.349021
v 0.2361234 0.4962155 1.348989
v 0.2355756 0.4978909 1.375731
v 0.2642506 0.4731466 1.349182
v 0.2647339 0.4731466 1.381756
v 0.2647339 0.4731466 1.381756
v 0.2507186 0.4564249 1.349344
v 0.2642506 0.4731466 1.349182
v 0.2512018 0.4570372 1.387233
v 0.2840331 0.5014027 1.232517
v 0.2902191 0.4961832 1.364229
v 0.262253 0.5187688 1.358784
v 0.2902191 0.4961832 1.363198
v 0.290348 0.4963444 1.229005
v 0.2622852 0.518801 1.230649
v 0.2187251 0.51719 1.312453
v 0.2438237 0.5179633 1.236512
v 0.2438559 0.5181244 1.236383
v 0.2186928 0.5170934 1.257455
v 0.244758 0.5181566 1.235642
v 0.245628 0.5183178 1.361168
v 0.262253 0.5187688 1.358784
v 0.2622852 0.518801 1.230649
v 0.1960429 0.3839643 1.364229
v 0.2299695 0.4243992 1.388457
v 0.2562602 0.4557484 1.388457
v 0.2161798 0.4079353 1.382916
v 0.2902191 0.4961832 1.364229
v 0.2700822 0.4722123 1.382916
v 0.2158898 0.4076131 1.312936
v 0.1959784 0.3838999 1.31967
v 0.2500742 0.448338 1.265219
v 0.2503964 0.4487569 1.264768
v 0.2594177 0.4594857 1.257616
v 0.2849674 0.4899327 1.237318
v 0.2902191 0.4961832 1.363198
v 0.290348 0.4963444 1.229005
v 0.1877626 0.4428608 1.348828
v 0.188858 0.4346449 1.349021
v 0.1866349 0.4372224 1.348989
v 0.1958495 0.4525909 1.348925
v 0.20268 0.4513021 1.349182
v 0.2006502 0.4529775 1.34915
v 0.2142466 0.4135092 1.349182
v 0.2283586 0.4297476 1.349344
v 0.20268 0.4513021 1.349182
v 0.1982338 0.4548462 1.3747
v 0.2007146 0.4533319 1.38066
v 0.2006502 0.4529775 1.34915
v 0.2283586 0.4297476 1.349344
v 0.2278108 0.4291677 1.387233
v 0.1958495 0.4525909 1.348925
v 0.1862483 0.4438273 1.368449
v 0.1952374 0.4532997 1.371124
v 0.1877626 0.4428608 1.348828
v 0.2006502 0.4529775 1.34915
v 0.1982338 0.4548462 1.3747
v 0.1866349 0.4372224 1.348989
v 0.1843473 0.4402832 1.37064
v 0.1843473 0.4402832 1.37064
v 0.188858 0.4346449 1.349021
v 0.1848951 0.4374802 1.375731
v 0.1866349 0.4372224 1.348989
v 0.2142466 0.4135092 1.349182
v 0.2143111 0.4130581 1.381756
v 0.2143111 0.4130581 1.381756
v 0.2283586 0.4297476 1.349344
v 0.2278108 0.4291677 1.387233
v 0.2142466 0.4135092 1.349182
v 0.1689467 0.4075487 1.358784
v 0.1806099 0.3973352 1.311937
v 0.1689144 0.4075487 1.299372
v 0.1959784 0.3838999 1.31967
v 0.1960429 0.3839643 1.364229
v 0.2080283 0.5043991 1.27234
v 0.2186928 0.5170934 1.257455
v 0.2187251 0.51719 1.312453
v 0.1629539 0.4507222 1.312453
v 0.1751005 0.4651563 1.283488
v 0.1629861 0.4507222 1.279396
v 0.1689467 0.4075487 1.358784
v 0.1629539 0.4507222 1.312453
v 0.166498 0.4240126 1.361168
v 0.1642427 0.4413142 1.283713
v 0.1689144 0.4075487 1.299372
v 0.1629861 0.4507222 1.279396
v 0.290348 0.4963444 1.229005
v 0.2840331 0.5014027 1.232517
v 0.2849674 0.4899327 1.237318
v 0.2622852 0.518801 1.230649
v 0.2594177 0.4594857 1.257616
v 0.244758 0.5181566 1.235642
v 0.2503964 0.4487569 1.264768
v 0.2500742 0.448338 1.265219
v 0.2158898 0.4076131 1.312936
v 0.2438237 0.5179633 1.236512
v 0.2186928 0.5170934 1.257455
v 0.2080283 0.5043991 1.27234
v 0.1751005 0.4651563 1.283488
v 0.1959784 0.3838999 1.31967
v 0.1806099 0.3973352 1.311937
v 0.1689144 0.4075487 1.299372
v 0.1629861 0.4507222 1.279396
v 0.1642427 0.4413142 1.283713
v 0.2438559 0.5181244 1.236383
v 0.4069487 1.206677 0.7802263
v 0.4169366 1.276915 0.7670488
v 0.4122004 1.224076 0.792985
v 0.410235 1.293025 0.6675885
v 0.4208351 1.330302 0.7511647
v 0.4208351 1.302175 0.7760701
v 0.410235 1.293025 0.6675885
v 0.4347215 1.206677 0.7802263
v 0.4314352 1.293025 0.6675885
v 0.4069487 1.206677 0.7802263
v 0.4294376 1.112405 0.964487
v 0.4419386 1.09884 0.8961504
v 0.4672627 0.9974149 0.986267
v 0.430823 1.124358 0.9275962
v 0.4350759 0.9869758 1.168627
v 0.463332 0.9500529 1.071003
v 0.4540529 0.9056873 1.026186
v 0.4695825 0.9026908 1.155707
v 0.4408431 0.8139597 1.066074
v 0.4408431 0.8376729 1.148683
v 0.4672627 0.9974149 0.986267
v 0.4208351 1.088176 1.062175
v 0.4315318 1.012203 1.164535
v 0.4208351 1.08228 1.122231
v 0.4279555 1.042844 1.17056
v 0.4208351 1.086468 1.204068
v 0.4208351 1.128063 0.9879747
v 0.4540529 0.9056873 1.026186
v 0.3758895 0.9974149 0.986267
v 0.3883583 0.9056873 1.026186
v 0.4672627 0.9974149 0.986267
v 0.4008271 0.8139597 1.066074
v 0.4408431 0.8139597 1.066074
v 0.3998283 1.09884 0.8961504
v 0.4419386 1.09884 0.8961504
v 0.4408431 0.8376729 1.148683
v 0.4008271 0.8139597 1.066074
v 0.4008271 0.8376729 1.148683
v 0.4408431 0.8139597 1.066074
v 0.4408431 0.8428923 1.175715
v 0.4008271 0.8428923 1.175715
v 0.4408431 0.8603873 1.177455
v 0.4408431 0.8376729 1.148683
v 0.4408431 0.8428923 1.175715
v 0.4408431 0.9008544 1.196432
v 0.4408431 0.8706329 1.193951
v 0.4695825 0.9026908 1.155707
v 0.4208351 0.949634 1.19669
v 0.4208351 0.9869758 1.168627
v 0.4408431 0.8847771 1.216698
v 0.4408431 0.8999522 1.217245
v 0.4266346 0.9327191 1.218437
v 0.4208351 0.9453811 1.222852
v 0.3735698 0.9026908 1.155707
v 0.4008271 0.9008544 1.196432
v 0.4008271 0.8376729 1.148683
v 0.4208351 0.949634 1.19669
v 0.4208351 0.9869758 1.168627
v 0.4150357 0.9327191 1.218437
v 0.4008271 0.8999522 1.217245
v 0.4008271 0.8847771 1.216698
v 0.4008271 0.8706329 1.193951
v 0.4008271 0.8603873 1.177455
v 0.4008271 0.8428923 1.175715
v 0.4208351 0.9453811 1.222852
v 0.4315318 1.012203 1.164535
v 0.4137147 1.042844 1.17056
v 0.4279555 1.042844 1.17056
v 0.4101706 1.012203 1.164535
v 0.4350759 0.9869758 1.168627
v 0.4065943 0.9869758 1.168627
v 0.4208351 1.086468 1.204068
v 0.4208351 1.088176 1.062175
v 0.4065943 0.9869758 1.168627
v 0.3758895 0.9974149 0.986267
v 0.4101706 1.012203 1.164535
v 0.4208351 1.08228 1.122231
v 0.4137147 1.042844 1.17056
v 0.4208351 1.086468 1.204068
v 0.3735698 0.9026908 1.155707
v 0.4123937 1.112405 0.964487
v 0.4208351 1.128063 0.9879747
v 0.3998283 1.09884 0.8961504
v 0.4109116 1.124358 0.9275962
v 0.4208351 1.330302 0.7511647
v 0.410235 1.293025 0.6675885
v 0.4314352 1.293025 0.6675885
v 0.3735698 0.9026908 1.155707
v 0.4008271 0.8376729 1.148683
v 0.4008271 0.8139597 1.066074
v 0.3735698 0.9026908 1.155707
v 0.4065943 0.9869758 1.168627
v 0.4208351 0.9869758 1.168627
v 0.4208351 0.9869758 1.168627
v 0.4350759 0.9869758 1.168627
v 0.4695825 0.9026908 1.155707
v 0.4350759 0.9869758 1.168627
v 0.4208351 0.9869758 1.168627
v 0.4065943 0.9869758 1.168627
v 0.3883583 0.9056873 1.026186
v 0.3758895 0.9974149 0.986267
v 0.3919024 0.8976647 1.124036
v 0.4008271 0.8139597 1.066074
v 0.3758895 0.9974149 0.986267
v 0.3735698 0.9026908 1.155707
v 0.3919024 0.8976647 1.124036
v 0.3735698 0.9026908 1.155707
v 0.4008271 0.8139597 1.066074
v 0.3919024 0.8976647 1.124036
v 0.4314352 1.293025 0.6675885
v 0.4208351 1.302175 0.7760701
v 0.4208351 1.330302 0.7511647
v 0.4247336 1.276915 0.7670488
v 0.4347215 1.206677 0.7802263
v 0.4294698 1.224076 0.792985
v 0.4008271 0.8999522 1.217245
v 0.4266346 0.9327191 1.218437
v 0.4408431 0.8999522 1.217245
v 0.4150357 0.9327191 1.218437
v 0.4008271 0.8847771 1.216698
v 0.4408431 0.8847771 1.216698
v 0.4208351 0.9453811 1.222852
v 0.4008271 0.8706329 1.193951
v 0.4408431 0.8847771 1.216698
v 0.4408431 0.8706329 1.193951
v 0.4008271 0.8847771 1.216698
v 0.4008271 0.8603873 1.177455
v 0.4408431 0.8603873 1.177455
v 0.4408431 0.8603873 1.177455
v 0.4008271 0.8428923 1.175715
v 0.4008271 0.8603873 1.177455
v 0.4408431 0.8428923 1.175715
v 0.430823 1.124358 0.9275962
v 0.4123937 1.112405 0.964487
v 0.4109116 1.124358 0.9275962
v 0.4294376 1.112405 0.964487
v 0.430823 1.124358 0.9275962
v 0.3998283 1.09884 0.8961504
v 0.4419386 1.09884 0.8961504
v 0.4109116 1.124358 0.9275962
v 0.4208351 1.128063 0.9879747
v 0.4123937 1.112405 0.964487
v 0.4294376 1.112405 0.964487
v 0.4247336 1.276915 0.7670488
v 0.4122004 1.224076 0.792985
v 0.4169366 1.276915 0.7670488
v 0.4294698 1.224076 0.792985
v 0.4294698 1.224076 0.792985
v 0.4069487 1.206677 0.7802263
v 0.4122004 1.224076 0.792985
v 0.4347215 1.206677 0.7802263
v 0.4169366 1.276915 0.7670488
v 0.4208351 1.302175 0.7760701
v 0.4247336 1.276915 0.7670488
v -0.3867351 0.6724536 1.384043
v -0.3611855 0.6661387 1.387297
v -0.3790992 0.601314 1.406951
v -0.3829011 0.6771576 1.382014
v -0.4030702 0.6749668 1.383528
v -0.4647053 0.601314 1.406951
v -0.4407665 0.6749668 1.383528
v -0.4387689 0.6807984 1.380048
v -0.4050678 0.6807984 1.380048
v -0.4571015 0.6724536 1.384043
v -0.4826513 0.6661709 1.387297
v -0.4609357 0.6771576 1.382014
v -0.4013948 0.6569563 1.383238
v -0.4047456 0.6571496 1.377277
v -0.3833844 0.6570529 1.377181
v -0.4047456 0.6571496 1.379887
v -0.3888938 0.6568918 1.383173
v -0.3839321 0.6569884 1.380499
v -0.3835133 0.6571496 1.344575
v -0.4047456 0.6572785 1.344221
v -0.3832233 0.6816038 1.344221
v -0.4017493 0.6866623 1.339581
v -0.3805169 0.6824737 1.339581
v -0.4039723 0.6857279 1.344253
v -0.349651 0.6684584 1.339581
v -0.4398643 0.6857279 1.344253
v -0.4387689 0.6807984 1.380048
v -0.4050678 0.6807984 1.380048
v -0.4420875 0.6866623 1.339581
v -0.4606134 0.6816038 1.344221
v -0.4632877 0.6824737 1.339581
v -0.4941856 0.6684584 1.339581
v -0.4935413 0.6643667 1.375022
v -0.4609357 0.6771576 1.382014
v -0.4826513 0.6661709 1.387297
v -0.3502954 0.6643667 1.375022
v -0.3829011 0.6771576 1.382014
v -0.3611855 0.6661387 1.387297
v -0.4047456 0.6571496 1.377277
v -0.4030702 0.6749668 1.383528
v -0.4050678 0.6807984 1.380048
v -0.4047456 0.6571496 1.379887
v -0.4047456 0.6572785 1.344221
v -0.4039723 0.6857279 1.344253
v -0.4013948 0.6569563 1.383238
v -0.3867351 0.6724536 1.384043
v -0.3888938 0.6568918 1.383173
v -0.3839321 0.6569884 1.380499
v -0.3833844 0.6570529 1.377181
v -0.3829011 0.6771576 1.382014
v -0.3832233 0.6816038 1.344221
v -0.3835133 0.6571496 1.344575
v -0.4047456 0.6572785 1.344221
v -0.3832233 0.6816038 1.344221
v -0.3835133 0.6571496 1.344575
v -0.4039723 0.6857279 1.344253
v -0.3619909 0.5706415 1.388039
v -0.3502954 0.6643667 1.375022
v -0.3502632 0.5727357 1.375054
v -0.3611855 0.6661387 1.387297
v -0.3790992 0.601314 1.406951
v -0.3791637 0.5655509 1.406919
v -0.3494255 0.5727679 1.339581
v -0.3502954 0.6643667 1.375022
v -0.349651 0.6684584 1.339581
v -0.3502632 0.5727357 1.375054
v -0.4017493 0.6866623 1.339581
v -0.4941856 0.6684584 1.339581
v -0.349651 0.6684584 1.339581
v -0.4420875 0.6866623 1.339581
v -0.3494255 0.5727679 1.339581
v -0.3805169 0.6824737 1.339581
v -0.4632877 0.6824737 1.339581
v -0.4032313 0.5584627 1.339581
v -0.4122527 0.5341373 1.339581
v -0.49454 0.5118739 1.339581
v -0.4413142 0.5124217 1.339581
v -0.4749509 0.4985997 1.339581
v -0.4500778 0.5012416 1.339581
v -0.4551039 0.4948301 1.339581
v -0.4936057 0.5120351 1.375087
v -0.4749509 0.4985997 1.339581
v -0.49454 0.5118739 1.339581
v -0.4739521 0.4990185 1.38791
v -0.4551039 0.4948301 1.339581
v -0.4547818 0.4952167 1.38791
v -0.4604524 0.6570529 1.377181
v -0.4549429 0.6568918 1.383173
v -0.4599046 0.6570207 1.380499
v -0.4424419 0.6569563 1.383238
v -0.4390911 0.6571496 1.377277
v -0.4390911 0.6571496 1.379887
v -0.4603234 0.6571496 1.344575
v -0.4390911 0.6572785 1.344221
v -0.4407665 0.6749668 1.383528
v -0.4390911 0.6571496 1.377277
v -0.4387689 0.6807984 1.380048
v -0.4390911 0.6571496 1.379887
v -0.4390911 0.6572785 1.344221
v -0.4398643 0.6857279 1.344253
v -0.4424419 0.6569563 1.383238
v -0.4571015 0.6724536 1.384043
v -0.4549429 0.6568918 1.383173
v -0.4599046 0.6570207 1.380499
v -0.4604524 0.6570529 1.377181
v -0.4609357 0.6771576 1.382014
v -0.4606134 0.6816038 1.344221
v -0.4603234 0.6571496 1.344575
v -0.4390911 0.6572785 1.344221
v -0.4606134 0.6816038 1.344221
v -0.4398643 0.6857279 1.344253
v -0.4603234 0.6571496 1.344575
v -0.4547818 0.4952167 1.38791
v -0.4646086 0.5291756 1.406919
v -0.4446972 0.5081365 1.395964
v -0.4739521 0.4990185 1.38791
v -0.4156356 0.5316564 1.406919
v -0.49454 0.5118739 1.339581
v -0.4935413 0.6643667 1.375022
v -0.4936057 0.5120351 1.375087
v -0.4941856 0.6684584 1.339581
v -0.4739521 0.4990185 1.38791
v -0.4936057 0.5120351 1.375087
v -0.4646086 0.5291756 1.406919
v -0.4935413 0.6643667 1.375022
v -0.4647053 0.601314 1.406951
v -0.4826513 0.6661709 1.387297
v -0.3638918 0.616167 1.382432
v -0.3650517 0.6189056 1.401281
v -0.3638918 0.616167 1.401281
v -0.3650517 0.6189056 1.382432
v -0.3611532 0.6150071 1.382432
v -0.3611532 0.6150071 1.401281
v -0.3638918 0.6216442 1.401281
v -0.3638918 0.6216442 1.382432
v -0.3611532 0.6227718 1.401281
v -0.3611532 0.6227718 1.382432
v -0.3584146 0.6216442 1.401281
v -0.3584146 0.6216442 1.382432
v -0.3572869 0.6189056 1.401281
v -0.3572869 0.6189056 1.382432
v -0.3584146 0.616167 1.401281
v -0.3584146 0.616167 1.382432
v -0.3611532 0.6150071 1.401281
v -0.3611532 0.6150071 1.382432
v -0.3572869 0.6189056 1.401281
v -0.3611532 0.6150071 1.401281
v -0.3650517 0.6189056 1.401281
v -0.3584146 0.616167 1.401281
v -0.3611532 0.6227718 1.401281
v -0.3584146 0.6216442 1.401281
v -0.3638918 0.6216442 1.401281
v -0.3638918 0.616167 1.401281
v -0.4864209 0.616167 1.382432
v -0.4875485 0.6189056 1.401281
v -0.4864209 0.616167 1.401281
v -0.4875485 0.6189056 1.382432
v -0.4836822 0.6150393 1.382432
v -0.4836822 0.6150393 1.401281
v -0.4864209 0.6216442 1.401281
v -0.4864209 0.6216442 1.382432
v -0.4836822 0.6228041 1.401281
v -0.4836822 0.6228041 1.382432
v -0.4809436 0.6216442 1.401281
v -0.4809436 0.6216442 1.382432
v -0.4797837 0.6189056 1.401281
v -0.4797837 0.6189056 1.382432
v -0.4809436 0.616167 1.401281
v -0.4809436 0.616167 1.382432
v -0.4836822 0.6150393 1.401281
v -0.4836822 0.6150393 1.382432
v -0.4797837 0.6189056 1.401281
v -0.4836822 0.6150393 1.401281
v -0.4875485 0.6189056 1.401281
v -0.4809436 0.616167 1.401281
v -0.4836822 0.6228041 1.401281
v -0.4809436 0.6216442 1.401281
v -0.4864209 0.6216442 1.401281
v -0.4864209 0.616167 1.401281
v -0.4647053 0.601314 1.406951
v -0.4156356 0.5316564 1.406919
v -0.4646086 0.5291756 1.406919
v -0.4032313 0.5584627 1.406919
v -0.3791637 0.5655509 1.406919
v -0.3790992 0.601314 1.406951
v -0.3494255 0.5727679 1.339581
v -0.3619909 0.5706415 1.388039
v -0.3502632 0.5727357 1.375054
v -0.4032313 0.5584627 1.339581
v -0.4032313 0.5584627 1.37325
v -0.4122527 0.5341373 1.339581
v -0.4269767 0.539679 1.374313
v -0.4413142 0.5124217 1.339581
v -0.4446972 0.5081365 1.395964
v -0.4500778 0.5012416 1.339581
v -0.4551039 0.4948301 1.339581
v -0.4547818 0.4952167 1.38791
v -0.4032313 0.5584627 1.406919
v -0.3791637 0.5655509 1.406919
v -0.4156356 0.5316564 1.406919
v -0.4062599 1.188828 0.8034884
v -0.4208229 1.330302 0.7511647
v -0.4102228 1.293025 0.6675885
v -0.4208229 1.241055 0.8302303
v -0.4175688 1.189924 0.8728561
v -0.4092563 1.13586 0.8937662
v -0.4012337 1.104833 0.8908021
v -0.4103195 1.132091 0.9051395
v -0.4111894 1.122779 0.933009
v -0.4051967 1.089658 0.9661302
v -0.3758773 0.9974149 0.986267
v -0.413187 1.092268 1.014942
v -0.4208229 1.088176 1.062175
v -0.4065821 0.9869758 1.168627
v -0.4101584 1.012203 1.164535
v -0.4208229 1.08228 1.122231
v -0.4137025 1.042844 1.17056
v -0.4208229 1.086468 1.204068
v -0.3735898 0.9026908 1.155707
v -0.4208229 1.105671 1.029634
v -0.4208229 1.196819 0.882554
v -0.4208229 1.330302 0.7511647
v -0.4354182 1.188828 0.8034884
v -0.4314552 1.293025 0.6675885
v -0.4208229 1.241055 0.8302303
v -0.4241093 1.189924 0.8728561
v -0.4208229 1.196819 0.882554
v -0.4404443 1.104833 0.8908021
v -0.4324217 1.13586 0.8937662
v -0.4313585 1.132091 0.9051395
v -0.430553 1.122779 0.933009
v -0.4368358 1.089658 0.9661302
v -0.4672827 0.9974149 0.986267
v -0.4672827 0.9974149 0.986267
v -0.428781 1.092268 1.014942
v -0.4208229 1.088176 1.062175
v -0.4208229 1.105671 1.029634
v -0.4350638 0.9869758 1.168627
v -0.4315197 1.012203 1.164535
v -0.4208229 1.08228 1.122231
v -0.4279433 1.042844 1.17056
v -0.4208229 1.086468 1.204068
v -0.4314552 1.293025 0.6675885
v -0.4062599 1.188828 0.8034884
v -0.4102228 1.293025 0.6675885
v -0.4354182 1.188828 0.8034884
v -0.4012337 1.104833 0.8908021
v -0.4404443 1.104833 0.8908021
v -0.3758773 0.9974149 0.986267
v -0.4672827 0.9974149 0.986267
v -0.454073 0.9056873 1.026186
v -0.3883461 0.9056873 1.026186
v -0.4008149 0.8139597 1.066074
v -0.4408632 0.8139597 1.066074
v -0.4408632 0.8532024 1.279493
v -0.4208229 0.8956026 1.276142
v -0.4008149 0.8956026 1.276142
v -0.4408632 0.8956026 1.276142
v -0.4008149 0.8532024 1.279493
v -0.4408632 0.8248175 1.283101
v -0.4008149 0.8248175 1.283101
v -0.4408632 0.8376729 1.148683
v -0.4008149 0.8139597 1.066074
v -0.4408632 0.8139597 1.066074
v -0.4008149 0.8376729 1.148683
v -0.4408632 0.8460175 1.191889
v -0.4008149 0.8460175 1.191889
v -0.4008149 0.8543301 1.235127
v -0.4408632 0.8543301 1.235127
v -0.4408632 0.8376729 1.148683
v -0.4408632 0.9008544 1.196432
v -0.4408632 0.8460175 1.191889
v -0.4408632 0.8543301 1.235127
v -0.4408632 0.8990502 1.237189
v -0.4408632 0.8532024 1.279493
v -0.4408632 0.8956026 1.276142
v -0.4408632 0.8288127 1.248208
v -0.4408632 0.8248175 1.283101
v -0.4208229 0.9431903 1.236545
v -0.4208229 0.949634 1.19669
v -0.4695703 0.9026908 1.155707
v -0.4208229 0.9869758 1.168627
v -0.3735898 0.9026908 1.155707
v -0.4008149 0.8376729 1.148683
v -0.4008149 0.9008544 1.196432
v -0.4208229 0.949634 1.19669
v -0.4208229 0.9869758 1.168627
v -0.4208229 0.9431903 1.236545
v -0.4008149 0.8990502 1.237189
v -0.4008149 0.8543301 1.235127
v -0.4008149 0.8956026 1.276142
v -0.4008149 0.8532024 1.279493
v -0.4008149 0.8248175 1.283101
v -0.4008149 0.8288127 1.248208
v -0.4008149 0.8460175 1.191889
v -0.4408632 0.8956026 1.276142
v -0.4208229 0.8990502 1.237189
v -0.4208229 0.8956026 1.276142
v -0.4408632 0.8990502 1.237189
v -0.4008149 0.8990502 1.237189
v -0.4008149 0.8956026 1.276142
v -0.4008149 0.8248175 1.283101
v -0.4408632 0.8288127 1.248208
v -0.4408632 0.8248175 1.283101
v -0.4008149 0.8288127 1.248208
v -0.4008149 0.8288127 1.248208
v -0.4408632 0.8543301 1.235127
v -0.4408632 0.8288127 1.248208
v -0.4008149 0.8543301 1.235127
v -0.4315197 1.012203 1.164535
v -0.4137025 1.042844 1.17056
v -0.4101584 1.012203 1.164535
v -0.4279433 1.042844 1.17056
v -0.4350638 0.9869758 1.168627
v -0.4065821 0.9869758 1.168627
v -0.4208229 1.086468 1.204068
v -0.4672827 0.9974149 0.986267
v -0.4350638 0.9869758 1.168627
v -0.4672827 0.9974149 0.986267
v -0.4208229 1.088176 1.062175
v -0.463352 0.9500529 1.071003
v -0.4208229 1.330302 0.7511647
v -0.4314552 1.293025 0.6675885
v -0.4102228 1.293025 0.6675885
v -0.3735898 0.9026908 1.155707
v -0.4008149 0.8139597 1.066074
v -0.4008149 0.8376729 1.148683
v -0.4408632 0.8139597 1.066074
v -0.4695703 0.9026908 1.155707
v -0.4408632 0.8376729 1.148683
v -0.454073 0.9056873 1.026186
v -0.463352 0.9500529 1.071003
v -0.4672827 0.9974149 0.986267
v -0.4350638 0.9869758 1.168627
v -0.3735898 0.9026908 1.155707
v -0.4208229 0.9869758 1.168627
v -0.4065821 0.9869758 1.168627
v -0.4208229 0.9431903 1.236545
v -0.4208229 0.8990502 1.237189
v -0.4408632 0.8990502 1.237189
v -0.4008149 0.8990502 1.237189
v -0.4208229 0.9869758 1.168627
v -0.4695703 0.9026908 1.155707
v -0.4350638 0.9869758 1.168627
v -0.4350638 0.9869758 1.168627
v -0.4065821 0.9869758 1.168627
v -0.4208229 0.9869758 1.168627
v -0.3883461 0.9056873 1.026186
v -0.3919224 0.8976647 1.124036
v -0.3758773 0.9974149 0.986267
v -0.4008149 0.8139597 1.066074
v -0.3758773 0.9974149 0.986267
v -0.3919224 0.8976647 1.124036
v -0.3735898 0.9026908 1.155707
v -0.3735898 0.9026908 1.155707
v -0.3919224 0.8976647 1.124036
v -0.4008149 0.8139597 1.066074
v -0.430553 1.122779 0.933009
v -0.4051967 1.089658 0.9661302
v -0.4368358 1.089658 0.9661302
v -0.4111894 1.122779 0.933009
v -0.4313585 1.132091 0.9051395
v -0.4103195 1.132091 0.9051395
v -0.4324217 1.13586 0.8937662
v -0.4092563 1.13586 0.8937662
v -0.4368358 1.089658 0.9661302
v -0.413187 1.092268 1.014942
v -0.428781 1.092268 1.014942
v -0.4051967 1.089658 0.9661302
v -0.4208229 1.105671 1.029634
v -0.4092563 1.13586 0.8937662
v -0.4241093 1.189924 0.8728561
v -0.4175688 1.189924 0.8728561
v -0.4324217 1.13586 0.8937662
v -0.4175688 1.189924 0.8728561
v -0.4241093 1.189924 0.8728561
v -0.4208229 1.196819 0.882554
v -0.4291999 0.4835857 0.9477331
v -0.4034891 0.5470571 0.890512
v -0.4079031 0.4835857 0.9477331
v -0.4336138 0.5470571 0.890512
v -0.4034891 0.5717047 0.7885711
v -0.4336138 0.5717047 0.7885711
v -0.4056478 0.5548541 0.7385349
v -0.4314552 0.5548541 0.7385349
v -0.4185354 0.5029493 0.8047772
v -0.4141536 0.5219262 0.7764245
v -0.4185354 0.5030137 0.7848014
v -0.4034891 0.5717047 0.7885711
v -0.4034891 0.5470571 0.890512
v -0.4185354 0.4831668 0.8798154
v -0.4079031 0.4835857 0.9477331
v -0.4185354 0.4389623 0.9385185
v -0.4081286 0.5456395 0.7482973
v -0.4056478 0.5548541 0.7385349
v -0.4336138 0.5717047 0.7885711
v -0.4289743 0.5456395 0.7482973
v -0.4314552 0.5548541 0.7385349
v -0.4336138 0.5717047 0.7885711
v -0.4229494 0.5219262 0.7764245
v -0.4186642 0.5034969 0.7845759
v -0.4336138 0.5470571 0.890512
v -0.4185354 0.4389623 0.9385185
v -0.4185354 0.4831668 0.8798154
v -0.4291999 0.4835857 0.9477331
v -0.4185354 0.5029493 0.8047772
v -0.4336138 0.5717047 0.7885711
v -0.4185354 0.5030137 0.7848014
v -0.4186642 0.5034969 0.7845759
v -0.4185354 0.4389623 0.9385185
v -0.4291999 0.4835857 0.9477331
v -0.4079031 0.4835857 0.9477331
v -0.4141536 0.5219262 0.7764245
v -0.4289743 0.5456395 0.7482973
v -0.4229494 0.5219262 0.7764245
v -0.4081286 0.5456395 0.7482973
v -0.4314552 0.5548541 0.7385349
v -0.4056478 0.5548541 0.7385349
v -0.4185354 0.5030137 0.7848014
v -0.4186642 0.5034969 0.7845759
v -0.4336138 0.5717047 0.7885711
v -0.4336138 0.5717047 0.7885711
v -0.4186642 0.5034969 0.7845759
v -0.4123493 0.7802263 0.6685229
v -0.4080642 0.778712 0.7511969
v -0.4094818 0.7990745 0.7060581
v -0.4075487 0.7785509 0.7511969
v -0.4072587 0.7754579 0.7508748
v -0.4116405 0.8232065 0.633984
v -0.4154101 0.7473951 0.6426832
v -0.4169888 0.7508748 0.5872665
v -0.4134769 0.8525903 0.5273712
v -0.4178265 0.7651156 0.5285634
v -0.4178265 0.8381562 0.3738798
v -0.4178265 0.7436576 0.572188
v -0.42804 0.7786798 0.7511969
v -0.4233038 0.7802263 0.6685229
v -0.4261712 0.7990745 0.7060581
v -0.4283622 0.7754579 0.7508748
v -0.4240126 0.8232065 0.633984
v -0.420243 0.7473951 0.6426832
v -0.418632 0.7508748 0.5872665
v -0.4221761 0.8525903 0.5273712
v -0.4178265 0.7651156 0.5285634
v -0.4178265 0.7436576 0.572188
v -0.4178265 0.8381562 0.3738798
v -0.4261712 0.7990745 0.7060581
v -0.4116405 0.8232065 0.633984
v -0.4094818 0.7990745 0.7060581
v -0.4240126 0.8232065 0.633984
v -0.4134769 0.8525903 0.5273712
v -0.4221761 0.8525903 0.5273712
v -0.4178265 0.8381562 0.3738798
v -0.42804 0.7786798 0.7511969
v -0.4273311 0.778712 0.7511969
v -0.4080642 0.778712 0.7511969
v -0.4075487 0.7785509 0.7511969
v -0.4273311 0.778712 0.7511969
v -0.4080642 0.778712 0.7511969
v -0.42804 0.7786798 0.7511969
v -0.4283622 0.7754579 0.7508748
v -0.4072587 0.7754579 0.7508748
v -0.4283622 0.7754579 0.7508748
v -0.4123493 0.7802263 0.6685229
v -0.4233038 0.7802263 0.6685229
v -0.4072587 0.7754579 0.7508748
v -0.418632 0.7508748 0.5872665
v -0.4169888 0.7508748 0.5872665
v -0.4178265 0.7436576 0.572188
v -0.420243 0.7473951 0.6426832
v -0.4154101 0.7473951 0.6426832
v -0.4154101 0.7473951 0.6426832
v -0.4233038 0.7802263 0.6685229
v -0.4123493 0.7802263 0.6685229
v -0.420243 0.7473951 0.6426832
v -0.4304242 0.8764002 1.115594
v -0.4119949 1.019259 0.9770524
v -0.4119949 0.8764002 1.115594
v -0.4304242 1.019259 0.9770524
v -0.4119949 1.162119 0.8385106
v -0.4304242 1.162119 0.8385106
v -0.4119949 1.261289 0.7192034
v -0.4304242 1.261289 0.7192034
v -0.4156034 1.379468 0.5563684
v -0.4268157 1.379468 0.5563684
v -0.4212095 1.522102 0.3730099
v -0.4119949 1.019259 0.9770524
v -0.4212095 1.027121 0.7329288
v -0.4212095 0.9468309 0.8455988
v -0.4212095 0.8100612 0.9250187
v -0.4119949 0.8764002 1.115594
v -0.4184387 1.085437 0.7388571
v -0.4119949 1.162119 0.8385106
v -0.4119949 1.261289 0.7192034
v -0.4157001 1.214893 0.6893687
v -0.4157001 1.245276 0.6632068
v -0.4155712 1.283423 0.6303434
v -0.4156034 1.379468 0.5563684
v -0.4179232 1.29673 0.5561107
v -0.4177943 1.114112 0.7209433
v -0.4119949 1.162119 0.8385106
v -0.4175044 1.161571 0.6912696
v -0.4212095 1.522102 0.3730099
v -0.4192764 1.376697 0.4723411
v -0.4212095 1.388876 0.4235937
v -0.4156034 1.379468 0.5563684
v -0.4180521 1.334587 0.516449
v -0.4304242 1.162119 0.8385106
v -0.4239481 1.085437 0.7388571
v -0.4245926 1.11408 0.7209433
v -0.4304242 1.019259 0.9770524
v -0.4212095 0.9468309 0.8455988
v -0.4212095 0.8100612 0.9250187
v -0.4304242 0.8764002 1.115594
v -0.4212418 1.027959 0.7330254
v -0.4212095 1.027121 0.7329288
v -0.4248825 1.161571 0.6912696
v -0.4304242 1.261289 0.7192034
v -0.4266868 1.214893 0.6893687
v -0.426719 1.245212 0.6632389
v -0.426719 1.245276 0.6632068
v -0.4268479 1.283423 0.6303434
v -0.4268157 1.379468 0.5563684
v -0.4244959 1.29673 0.5561107
v -0.424367 1.334555 0.5164812
v -0.4231105 1.376697 0.4723411
v -0.4212095 1.522102 0.3730099
v -0.4212095 1.388876 0.4235937
v -0.4212095 0.8100612 0.9250187
v -0.4304242 0.8764002 1.115594
v -0.4119949 0.8764002 1.115594
v -0.4239481 1.085437 0.7388571
v -0.4212095 1.027121 0.7329288
v -0.4184387 1.085437 0.7388571
v -0.4212418 1.027959 0.7330254
v -0.4245926 1.11408 0.7209433
v -0.4177943 1.114112 0.7209433
v -0.4248825 1.161571 0.6912696
v -0.4175044 1.161571 0.6912696
v -0.4266868 1.214893 0.6893687
v -0.4157001 1.214893 0.6893687
v -0.4157001 1.245276 0.6632068
v -0.426719 1.245212 0.6632389
v -0.4268479 1.283423 0.6303434
v -0.426719 1.245276 0.6632068
v -0.4155712 1.283423 0.6303434
v -0.4244959 1.29673 0.5561107
v -0.4179232 1.29673 0.5561107
v -0.424367 1.334555 0.5164812
v -0.4180521 1.334587 0.516449
v -0.4192764 1.376697 0.4723411
v -0.4231105 1.376697 0.4723411
v -0.4212095 1.388876 0.4235937
v 0.4282133 0.719719 0.8592274
v 0.407432 0.6347573 0.9357799
v 0.407432 0.719719 0.8592274
v 0.4282133 0.6347573 0.9357799
v 0.407432 0.7697229 0.7711405
v 0.4282133 0.7697229 0.7711405
v 0.4094618 0.7990745 0.7060581
v 0.4261512 0.7990745 0.7060581
v 0.4116204 0.8232065 0.633984
v 0.4239926 0.8232065 0.633984
v 0.4226716 0.8452122 0.5540486
v 0.4129736 0.8452122 0.5540486
v 0.407432 0.7697229 0.7711405
v 0.4094618 0.7990745 0.7060581
v 0.4094618 0.7990745 0.7060581
v 0.4178065 0.6297311 0.7281281
v 0.407432 0.6604682 0.7631503
v 0.407432 0.719719 0.8592274
v 0.407432 0.6347573 0.9357799
v 0.4161633 0.74369 0.6306011
v 0.4116204 0.8232065 0.633984
v 0.4178065 0.7033517 0.6430054
v 0.4151001 0.7664043 0.6236096
v 0.4149068 0.7902786 0.5866866
v 0.4141335 0.8174393 0.5638755
v 0.4116204 0.8232065 0.633984
v 0.4129736 0.8452122 0.5540486
v 0.4282133 0.7697229 0.7711405
v 0.4178065 0.6297311 0.7281281
v 0.4282133 0.6604682 0.7631503
v 0.4261512 0.7990745 0.7060581
v 0.4282133 0.719719 0.8592274
v 0.4282133 0.6347573 0.9357799
v 0.4194497 0.74369 0.6306011
v 0.4178065 0.7033517 0.6430054
v 0.4239926 0.8232065 0.633984
v 0.4205129 0.7664043 0.6236096
v 0.4215117 0.8174393 0.5638755
v 0.4226716 0.8452122 0.5540486
v 0.4207062 0.7902786 0.5866866
v 0.4282133 0.6604682 0.7631503
v 0.407432 0.6347573 0.9357799
v 0.4282133 0.6347573 0.9357799
v 0.407432 0.6604682 0.7631503
v 0.4178065 0.6297311 0.7281281
v 0.407432 0.6604682 0.7631503
v 0.4282133 0.6604682 0.7631503
v 0.4141335 0.8174393 0.5638755
v 0.4207062 0.7902786 0.5866866
v 0.4215117 0.8174393 0.5638755
v 0.4149068 0.7902786 0.5866866
v 0.4205129 0.7664043 0.6236096
v 0.4151001 0.7664043 0.6236096
v 0.4129736 0.8452122 0.5540486
v 0.4226716 0.8452122 0.5540486
v 0.4161633 0.74369 0.6306011
v 0.4194497 0.74369 0.6306011
v 0.4178065 0.7033517 0.6430054
v -0.4024258 0.5151281 1.377503
v -0.3892804 0.5063967 1.391196
v -0.3895704 0.5056234 1.389682
v -0.4021681 0.5159013 1.379017
v -0.4263646 0.5352327 1.374635
v -0.4266545 0.5344594 1.373121
v -0.4509799 0.5534365 1.368031
v -0.4512699 0.552631 1.366516
v -0.3868318 0.5090708 1.389359
v -0.3999772 0.5178022 1.375666
v -0.3871218 0.5082976 1.387845
v -0.3997194 0.5185755 1.377181
v -0.4239159 0.5379069 1.372799
v -0.424206 0.5371014 1.371285
v -0.4485313 0.5560785 1.366194
v -0.4488212 0.5553052 1.364712
v -0.3871218 0.5082976 1.387845
v -0.4024258 0.5151281 1.377503
v -0.3895704 0.5056234 1.389682
v -0.3999772 0.5178022 1.375666
v -0.4266545 0.5344594 1.373121
v -0.424206 0.5371014 1.371285
v -0.4512699 0.552631 1.366516
v -0.4488212 0.5553052 1.364712
v -0.4485313 0.5560785 1.366194
v -0.4512699 0.552631 1.366516
v -0.4488212 0.5553052 1.364712
v -0.4509799 0.5534365 1.368031
v -0.4485313 0.5560785 1.366194
v -0.4263646 0.5352327 1.374635
v -0.4509799 0.5534365 1.368031
v -0.4239159 0.5379069 1.372799
v -0.4021681 0.5159013 1.379017
v -0.3997194 0.5185755 1.377181
v -0.3892804 0.5063967 1.391196
v -0.3868318 0.5090708 1.389359
v -0.4279755 0.5007905 1.367386
v -0.4130581 0.4908671 1.367032
v -0.4143147 0.4902871 1.367579
v -0.4267512 0.5013705 1.366838
v -0.4373191 0.5260181 1.366967
v -0.4385756 0.5254381 1.367515
v -0.4497234 0.549828 1.367869
v -0.4509477 0.549248 1.368417
v -0.4142502 0.4903838 1.36381
v -0.4291677 0.5002751 1.364164
v -0.4154745 0.4897717 1.364357
v -0.4279433 0.500855 1.363616
v -0.4385112 0.5255348 1.363745
v -0.4397677 0.5249549 1.364293
v -0.4509155 0.5493447 1.364647
v -0.4521398 0.5487648 1.365195
v -0.4154745 0.4897717 1.364357
v -0.4279755 0.5007905 1.367386
v -0.4143147 0.4902871 1.367579
v -0.4291677 0.5002751 1.364164
v -0.4509155 0.5493447 1.364647
v -0.4509477 0.549248 1.368417
v -0.4521398 0.5487648 1.365195
v -0.4497234 0.549828 1.367869
v -0.4509155 0.5493447 1.364647
v -0.4373191 0.5260181 1.366967
v -0.4497234 0.549828 1.367869
v -0.4385112 0.5255348 1.363745
v -0.4267512 0.5013705 1.366838
v -0.4279433 0.500855 1.363616
v -0.4291677 0.5002751 1.364164
v -0.4385756 0.5254381 1.367515
v -0.4279755 0.5007905 1.367386
v -0.4397677 0.5249549 1.364293
v -0.4509477 0.549248 1.368417
v -0.4521398 0.5487648 1.365195
v -0.4279433 0.500855 1.363616
v -0.4130581 0.4908671 1.367032
v -0.4267512 0.5013705 1.366838
v -0.4142502 0.4903838 1.36381
v -0.3806458 0.5573995 1.38907
v -0.3713989 0.5446084 1.402763
v -0.3719466 0.5439641 1.401281
v -0.3801302 0.5580116 1.390584
v -0.3960143 0.5846245 1.386202
v -0.3965297 0.5839801 1.384688
v -0.4126715 0.6103031 1.379597
v -0.4132192 0.6096587 1.378115
v -0.368177 0.5462194 1.400926
v -0.3774239 0.5590103 1.387265
v -0.3687247 0.5456073 1.399444
v -0.3769084 0.5596548 1.388747
v -0.3927601 0.5862355 1.384366
v -0.3933079 0.5856233 1.382851
v -0.4094496 0.6119141 1.377793
v -0.4099651 0.6112697 1.376279
v -0.3687247 0.5456073 1.399444
v -0.3806458 0.5573995 1.38907
v -0.3719466 0.5439641 1.401281
v -0.3774239 0.5590103 1.387265
v -0.3965297 0.5839801 1.384688
v -0.3933079 0.5856233 1.382851
v -0.4132192 0.6096587 1.378115
v -0.4099651 0.6112697 1.376279
v -0.4094496 0.6119141 1.377793
v -0.4132192 0.6096587 1.378115
v -0.4099651 0.6112697 1.376279
v -0.4126715 0.6103031 1.379597
v -0.4094496 0.6119141 1.377793
v -0.3960143 0.5846245 1.386202
v -0.4126715 0.6103031 1.379597
v -0.3927601 0.5862355 1.384366
v -0.3801302 0.5580116 1.390584
v -0.3769084 0.5596548 1.388747
v -0.3713989 0.5446084 1.402763
v -0.368177 0.5462194 1.400926
v -0.4051967 0.5241172 1.380918
v -0.4070976 0.507041 1.37586
v -0.4082897 0.5078143 1.376246
v -0.4040046 0.5233439 1.380532
v -0.3876051 0.5420954 1.390519
v -0.3887972 0.5428687 1.390906
v -0.3729454 0.5619746 1.401087
v -0.3741375 0.5627478 1.401474
v -0.4070654 0.5086198 1.372767
v -0.4051322 0.5256959 1.377825
v -0.4082575 0.509393 1.373153
v -0.4039401 0.5249227 1.377471
v -0.3875406 0.5437064 1.387459
v -0.3887327 0.5444795 1.387845
v -0.3729132 0.5635855 1.397994
v -0.3741053 0.5643588 1.398381
v -0.4082575 0.509393 1.373153
v -0.4051967 0.5241172 1.380918
v -0.4082897 0.5078143 1.376246
v -0.4051322 0.5256959 1.377825
v -0.3729132 0.5635855 1.397994
v -0.3741375 0.5627478 1.401474
v -0.3741053 0.5643588 1.398381
v -0.3729454 0.5619746 1.401087
v -0.3729132 0.5635855 1.397994
v -0.3876051 0.5420954 1.390519
v -0.3729454 0.5619746 1.401087
v -0.3875406 0.5437064 1.387459
v -0.4040046 0.5233439 1.380532
v -0.4039401 0.5249227 1.377471
v -0.4051322 0.5256959 1.377825
v -0.3887972 0.5428687 1.390906
v -0.4051967 0.5241172 1.380918
v -0.3887327 0.5444795 1.387845
v -0.3741375 0.5627478 1.401474
v -0.3741053 0.5643588 1.398381
v -0.4039401 0.5249227 1.377471
v -0.4070976 0.507041 1.37586
v -0.4040046 0.5233439 1.380532
v -0.4070654 0.5086198 1.372767
v -0.4033279 1.171494 0.6431988
v -0.3956921 1.150294 0.6396869
v -0.3966264 1.151164 0.6383336
v -0.4023936 1.170624 0.6445841
v -0.4116083 1.194241 0.6674275
v -0.4125426 1.195111 0.666042
v -0.4222083 1.219146 0.6882731
v -0.4231427 1.220016 0.68692
v -0.3920835 1.152678 0.6387203
v -0.3997194 1.173846 0.6422321
v -0.3930179 1.153548 0.6373349
v -0.3987851 1.172976 0.6435854
v -0.4079998 1.196625 0.6664286
v -0.4089341 1.197495 0.6650755
v -0.4185998 1.221498 0.6873066
v -0.4195664 1.222368 0.6859211
v -0.3930179 1.153548 0.6373349
v -0.4033279 1.171494 0.6431988
v -0.3966264 1.151164 0.6383336
v -0.3997194 1.173846 0.6422321
v -0.4125426 1.195111 0.666042
v -0.4089341 1.197495 0.6650755
v -0.4231427 1.220016 0.68692
v -0.4195664 1.222368 0.6859211
v -0.4185998 1.221498 0.6873066
v -0.4231427 1.220016 0.68692
v -0.4195664 1.222368 0.6859211
v -0.4222083 1.219146 0.6882731
v -0.4185998 1.221498 0.6873066
v -0.4116083 1.194241 0.6674275
v -0.4222083 1.219146 0.6882731
v -0.4079998 1.196625 0.6664286
v -0.4023936 1.170624 0.6445841
v -0.3987851 1.172976 0.6435854
v -0.3956921 1.150294 0.6396869
v -0.3920835 1.152678 0.6387203
v -0.4250436 1.256005 0.6186801
v -0.4177299 1.245566 0.626316
v -0.4189864 1.245534 0.6263482
v -0.4237871 1.256005 0.6186801
v -0.4231427 1.276206 0.6077901
v -0.4243992 1.276206 0.6077901
v -0.4243348 1.296407 0.5968999
v -0.4255913 1.296407 0.5968999
v -0.4175366 1.244535 0.6248017
v -0.4248503 1.254974 0.6171657
v -0.4187931 1.244503 0.6248017
v -0.4235937 1.254974 0.6171657
v -0.4229494 1.275175 0.6062434
v -0.424206 1.275175 0.6062757
v -0.4241415 1.295377 0.5953857
v -0.4253981 1.295377 0.5953857
v -0.4187931 1.244503 0.6248017
v -0.4250436 1.256005 0.6186801
v -0.4189864 1.245534 0.6263482
v -0.4248503 1.254974 0.6171657
v -0.4243992 1.276206 0.6077901
v -0.424206 1.275175 0.6062757
v -0.4255913 1.296407 0.5968999
v -0.4253981 1.295377 0.5953857
v -0.4241415 1.295377 0.5953857
v -0.4255913 1.296407 0.5968999
v -0.4253981 1.295377 0.5953857
v -0.4243348 1.296407 0.5968999
v -0.4241415 1.295377 0.5953857
v -0.4231427 1.276206 0.6077901
v -0.4243348 1.296407 0.5968999
v -0.4229494 1.275175 0.6062434
v -0.4237871 1.256005 0.6186801
v -0.4235937 1.254974 0.6171657
v -0.4177299 1.245566 0.626316
v -0.4175366 1.244535 0.6248017
v -0.4241415 1.211994 0.6694251
v -0.4192764 1.18203 0.678543
v -0.4198563 1.181901 0.6778664
v -0.4235615 1.21209 0.6701339
v -0.4226594 1.233129 0.6719703
v -0.4232394 1.233033 0.6712937
v -0.422015 1.253685 0.6662354
v -0.422595 1.253588 0.6655588
v -0.4168922 1.182417 0.6772543
v -0.4217573 1.21238 0.6681363
v -0.4174721 1.18232 0.6765454
v -0.4211773 1.212509 0.6688128
v -0.4203074 1.233548 0.6706815
v -0.4208874 1.233452 0.670005
v -0.419663 1.254104 0.6649466
v -0.420243 1.253975 0.66427
v -0.4174721 1.18232 0.6765454
v -0.4241415 1.211994 0.6694251
v -0.4198563 1.181901 0.6778664
v -0.4217573 1.21238 0.6681363
v -0.4232394 1.233033 0.6712937
v -0.4208874 1.233452 0.670005
v -0.422595 1.253588 0.6655588
v -0.420243 1.253975 0.66427
v -0.419663 1.254104 0.6649466
v -0.422595 1.253588 0.6655588
v -0.420243 1.253975 0.66427
v -0.422015 1.253685 0.6662354
v -0.419663 1.254104 0.6649466
v -0.4226594 1.233129 0.6719703
v -0.422015 1.253685 0.6662354
v -0.4203074 1.233548 0.6706815
v -0.4235615 1.21209 0.6701339
v -0.4211773 1.212509 0.6688128
v -0.4192764 1.18203 0.678543
v -0.4168922 1.182417 0.6772543
v -0.415249 1.15255 0.6583739
v -0.4039401 1.145075 0.6458085
v -0.4054544 1.145075 0.6455507
v -0.4137669 1.15255 0.6586316
v -0.4174721 1.159702 0.6850834
v -0.4189542 1.159702 0.6848257
v -0.423336 1.166855 0.7111809
v -0.4248503 1.166855 0.7109231
v -0.403779 1.148554 0.6449063
v -0.4150879 1.155997 0.6574717
v -0.4052933 1.148554 0.6446486
v -0.4136059 1.155997 0.6577296
v -0.417311 1.16315 0.6841814
v -0.4187931 1.16315 0.6839235
v -0.4232071 1.170302 0.7102788
v -0.4246892 1.170302 0.7100211
v -0.4052933 1.148554 0.6446486
v -0.415249 1.15255 0.6583739
v -0.4054544 1.145075 0.6455507
v -0.4150879 1.155997 0.6574717
v -0.4232071 1.170302 0.7102788
v -0.4248503 1.166855 0.7109231
v -0.4246892 1.170302 0.7100211
v -0.423336 1.166855 0.7111809
v -0.4232071 1.170302 0.7102788
v -0.4174721 1.159702 0.6850834
v -0.423336 1.166855 0.7111809
v -0.417311 1.16315 0.6841814
v -0.4137669 1.15255 0.6586316
v -0.4136059 1.155997 0.6577296
v -0.4150879 1.155997 0.6574717
v -0.4189542 1.159702 0.6848257
v -0.415249 1.15255 0.6583739
v -0.4187931 1.16315 0.6839235
v -0.4248503 1.166855 0.7109231
v -0.4246892 1.170302 0.7100211
v -0.4136059 1.155997 0.6577296
v -0.4039401 1.145075 0.6458085
v -0.4137669 1.15255 0.6586316
v -0.403779 1.148554 0.6449063
v -0.4207907 1.270987 0.6390424
v -0.4169888 1.273403 0.6567629
v -0.4170533 1.27466 0.6558608
v -0.4206941 1.269763 0.6399768
v -0.4226916 1.251977 0.6181323
v -0.4227883 1.253202 0.6171979
v -0.4248181 1.235997 0.5949023
v -0.4248825 1.237253 0.5939681
v -0.419212 1.273371 0.6573107
v -0.4230138 1.270922 0.6395902
v -0.4192764 1.274595 0.6563763
v -0.4229171 1.269698 0.6405246
v -0.4249148 1.251913 0.6186479
v -0.4250113 1.25317 0.6177135
v -0.4270412 1.235965 0.5954501
v -0.4271056 1.237189 0.5945157
v -0.4192764 1.274595 0.6563763
v -0.4207907 1.270987 0.6390424
v -0.4170533 1.27466 0.6558608
v -0.4230138 1.270922 0.6395902
v -0.4227883 1.253202 0.6171979
v -0.4250113 1.25317 0.6177135
v -0.4248825 1.237253 0.5939681
v -0.4271056 1.237189 0.5945157
v -0.4270412 1.235965 0.5954501
v -0.4248825 1.237253 0.5939681
v -0.4271056 1.237189 0.5945157
v -0.4248181 1.235997 0.5949023
v -0.4270412 1.235965 0.5954501
v -0.4226916 1.251977 0.6181323
v -0.4248181 1.235997 0.5949023
v -0.4249148 1.251913 0.6186479
v -0.4206941 1.269763 0.6399768
v -0.4229171 1.269698 0.6405246
v -0.4169888 1.273403 0.6567629
v -0.419212 1.273371 0.6573107
v -0.4216928 1.148329 0.6932027
v -0.417601 1.104865 0.740597
v -0.4190831 1.1058 0.7410802
v -0.4202107 1.147362 0.6927194
v -0.4061955 1.169465 0.6586316
v -0.4076775 1.170431 0.6591149
v -0.4073876 1.192501 0.6218697
v -0.4088696 1.193468 0.6223852
v -0.4195986 1.101515 0.7366018
v -0.4236904 1.144978 0.6892397
v -0.4210806 1.102481 0.7371172
v -0.4222083 1.144044 0.6887564
v -0.4081931 1.166146 0.6546364
v -0.4096751 1.16708 0.655152
v -0.4093851 1.189183 0.6179067
v -0.4108672 1.190117 0.6184223
v -0.4210806 1.102481 0.7371172
v -0.4216928 1.148329 0.6932027
v -0.4190831 1.1058 0.7410802
v -0.4236904 1.144978 0.6892397
v -0.4076775 1.170431 0.6591149
v -0.4096751 1.16708 0.655152
v -0.4088696 1.193468 0.6223852
v -0.4108672 1.190117 0.6184223
v -0.4093851 1.189183 0.6179067
v -0.4088696 1.193468 0.6223852
v -0.4108672 1.190117 0.6184223
v -0.4073876 1.192501 0.6218697
v -0.4093851 1.189183 0.6179067
v -0.4061955 1.169465 0.6586316
v -0.4073876 1.192501 0.6218697
v -0.4081931 1.166146 0.6546364
v -0.4202107 1.147362 0.6927194
v -0.4222083 1.144044 0.6887564
v -0.417601 1.104865 0.740597
v -0.4195986 1.101515 0.7366018
v -0.4238192 1.10973 0.7217488
v -0.4211129 1.110407 0.7384704
v -0.422305 1.109795 0.7381805
v -0.4226272 1.11031 0.7220387
v -0.4181165 1.118236 0.6959736
v -0.4193086 1.117656 0.6956514
v -0.4153134 1.125324 0.6694251
v -0.4165056 1.124744 0.6691028
v -0.4189542 1.10886 0.7385027
v -0.4216606 1.108184 0.7217488
v -0.4201463 1.108281 0.7382126
v -0.4204685 1.108796 0.722071
v -0.4159578 1.116722 0.6959736
v -0.41715 1.116142 0.6956835
v -0.4131548 1.12381 0.6694573
v -0.4143469 1.123198 0.669135
v -0.4201463 1.108281 0.7382126
v -0.4238192 1.10973 0.7217488
v -0.422305 1.109795 0.7381805
v -0.4216606 1.108184 0.7217488
v -0.4131548 1.12381 0.6694573
v -0.4165056 1.124744 0.6691028
v -0.4143469 1.123198 0.669135
v -0.4153134 1.125324 0.6694251
v -0.4131548 1.12381 0.6694573
v -0.4181165 1.118236 0.6959736
v -0.4153134 1.125324 0.6694251
v -0.4159578 1.116722 0.6959736
v -0.4226272 1.11031 0.7220387
v -0.4204685 1.108796 0.722071
v -0.4216606 1.108184 0.7217488
v -0.4193086 1.117656 0.6956514
v -0.4238192 1.10973 0.7217488
v -0.41715 1.116142 0.6956835
v -0.4165056 1.124744 0.6691028
v -0.4143469 1.123198 0.669135
v -0.4204685 1.108796 0.722071
v -0.4211129 1.110407 0.7384704
v -0.4226272 1.11031 0.7220387
v -0.4189542 1.10886 0.7385027
v -0.4138958 0.7437866 0.7125019
v -0.410835 0.7297713 0.7302546
v -0.4118338 0.7291914 0.7287725
v -0.4128971 0.7443665 0.713984
v -0.4137347 0.77665 0.7029006
v -0.4147335 0.7760701 0.7014186
v -0.4160545 0.8080636 0.6896586
v -0.4170533 0.8074836 0.6881765
v -0.4070976 0.7290947 0.7279993
v -0.4101584 0.74311 0.7102465
v -0.4080964 0.7285147 0.7265171
v -0.4091596 0.74369 0.7117286
v -0.4099973 0.7759734 0.7006453
v -0.4109961 0.7753934 0.6991633
v -0.4123171 0.8073869 0.6874033
v -0.4132836 0.806807 0.6859211
v -0.4080964 0.7285147 0.7265171
v -0.4138958 0.7437866 0.7125019
v -0.4118338 0.7291914 0.7287725
v -0.4101584 0.74311 0.7102465
v -0.4147335 0.7760701 0.7014186
v -0.4109961 0.7753934 0.6991633
v -0.4170533 0.8074836 0.6881765
v -0.4132836 0.806807 0.6859211
v -0.4123171 0.8073869 0.6874033
v -0.4170533 0.8074836 0.6881765
v -0.4132836 0.806807 0.6859211
v -0.4160545 0.8080636 0.6896586
v -0.4123171 0.8073869 0.6874033
v -0.4137347 0.77665 0.7029006
v -0.4160545 0.8080636 0.6896586
v -0.4099973 0.7759734 0.7006453
v -0.4128971 0.7443665 0.713984
v -0.4091596 0.74369 0.7117286
v -0.410835 0.7297713 0.7302546
v -0.4070976 0.7290947 0.7279993
v -0.4288777 0.736054 0.6554098
v -0.4240126 0.7086678 0.6402023
v -0.4245926 0.7090867 0.6396546
v -0.4282977 0.7356351 0.6559575
v -0.4274278 0.7489416 0.6723892
v -0.4280078 0.7493605 0.6718414
v -0.4267834 0.7673387 0.6831825
v -0.4273633 0.7677576 0.6826349
v -0.4216606 0.7098921 0.6395902
v -0.4265257 0.7372461 0.6547976
v -0.4222406 0.710311 0.6390424
v -0.4259457 0.7368273 0.6553453
v -0.4250436 0.7501337 0.6717771
v -0.4256236 0.7505526 0.6712293
v -0.4243992 0.768563 0.6825704
v -0.4249792 0.7689819 0.6820226
v -0.4222406 0.710311 0.6390424
v -0.4288777 0.736054 0.6554098
v -0.4245926 0.7090867 0.6396546
v -0.4265257 0.7372461 0.6547976
v -0.4280078 0.7493605 0.6718414
v -0.4256236 0.7505526 0.6712293
v -0.4273633 0.7677576 0.6826349
v -0.4249792 0.7689819 0.6820226
v -0.4243992 0.768563 0.6825704
v -0.4273633 0.7677576 0.6826349
v -0.4249792 0.7689819 0.6820226
v -0.4267834 0.7673387 0.6831825
v -0.4243992 0.768563 0.6825704
v -0.4274278 0.7489416 0.6723892
v -0.4267834 0.7673387 0.6831825
v -0.4250436 0.7501337 0.6717771
v -0.4282977 0.7356351 0.6559575
v -0.4259457 0.7368273 0.6553453
v -0.4240126 0.7086678 0.6402023
v -0.4216606 0.7098921 0.6395902
v -0.4200174 0.7458486 0.6534767
v -0.4087086 0.7496826 0.6393968
v -0.4101906 0.749876 0.6392036
v -0.4185032 0.7456552 0.6536377
v -0.4222083 0.7316077 0.6771898
v -0.4237226 0.7318011 0.6770287
v -0.4281045 0.7178503 0.7004842
v -0.4295865 0.7180435 0.700323
v -0.4085475 0.7527757 0.6412334
v -0.4198563 0.7489094 0.6553131
v -0.4100295 0.7529368 0.64104
v -0.4183742 0.7487161 0.6555064
v -0.4220473 0.7346686 0.6790585
v -0.4235615 0.7348619 0.6788653
v -0.4279433 0.7209111 0.7023529
v -0.4294576 0.7211043 0.7021596
v -0.4100295 0.7529368 0.64104
v -0.4200174 0.7458486 0.6534767
v -0.4101906 0.749876 0.6392036
v -0.4198563 0.7489094 0.6553131
v -0.4279433 0.7209111 0.7023529
v -0.4295865 0.7180435 0.700323
v -0.4294576 0.7211043 0.7021596
v -0.4281045 0.7178503 0.7004842
v -0.4279433 0.7209111 0.7023529
v -0.4222083 0.7316077 0.6771898
v -0.4281045 0.7178503 0.7004842
v -0.4220473 0.7346686 0.6790585
v -0.4185032 0.7456552 0.6536377
v -0.4183742 0.7487161 0.6555064
v -0.4198563 0.7489094 0.6553131
v -0.4237226 0.7318011 0.6770287
v -0.4200174 0.7458486 0.6534767
v -0.4235615 0.7348619 0.6788653
v -0.4295865 0.7180435 0.700323
v -0.4294576 0.7211043 0.7021596
v -0.4183742 0.7487161 0.6555064
v -0.4087086 0.7496826 0.6393968
v -0.4185032 0.7456552 0.6536377
v -0.4085475 0.7527757 0.6412334
v -0.4234648 0.7534845 0.6744834
v -0.4106739 0.7214265 0.6761588
v -0.4121882 0.7214587 0.6771898
v -0.4219506 0.7534201 0.6734524
v -0.4134769 0.7744591 0.6656231
v -0.4149913 0.7745236 0.666622
v -0.4204363 0.7957236 0.656634
v -0.4219506 0.7957881 0.6576651
v -0.4127037 0.7215554 0.6710038
v -0.4254946 0.7536134 0.6693284
v -0.414218 0.7215876 0.6720348
v -0.4239804 0.7535489 0.6682974
v -0.415539 0.7745879 0.6604682
v -0.4170533 0.7746524 0.6614992
v -0.4224661 0.7958526 0.6514791
v -0.4239804 0.795917 0.65251
v -0.414218 0.7215876 0.6720348
v -0.4234648 0.7534845 0.6744834
v -0.4121882 0.7214587 0.6771898
v -0.4254946 0.7536134 0.6693284
v -0.4149913 0.7745236 0.666622
v -0.4170533 0.7746524 0.6614992
v -0.4219506 0.7957881 0.6576651
v -0.4239804 0.795917 0.65251
v -0.4224661 0.7958526 0.6514791
v -0.4219506 0.7957881 0.6576651
v -0.4239804 0.795917 0.65251
v -0.4204363 0.7957236 0.656634
v -0.4224661 0.7958526 0.6514791
v -0.4134769 0.7744591 0.6656231
v -0.4204363 0.7957236 0.656634
v -0.415539 0.7745879 0.6604682
v -0.4219506 0.7534201 0.6734524
v -0.4239804 0.7535489 0.6682974
v -0.4106739 0.7214265 0.6761588
v -0.4127037 0.7215554 0.6710038
v -0.4182454 0.7827716 0.7312856
v -0.415539 0.7964002 0.7409835
v -0.4167311 0.7958203 0.7412735
v -0.4170533 0.7833516 0.7309956
v -0.4125426 0.7675642 0.7087645
v -0.4137347 0.7669521 0.7090544
v -0.4097396 0.750907 0.6869522
v -0.4109316 0.7502949 0.6872099
v -0.4133803 0.7954982 0.7422078
v -0.4160867 0.7818373 0.7325099
v -0.4145724 0.7948859 0.7424979
v -0.4148946 0.7824494 0.73222
v -0.4103839 0.7666621 0.7099888
v -0.411576 0.7660499 0.7102788
v -0.4075809 0.7499726 0.6881443
v -0.408773 0.7493927 0.6884343
v -0.4145724 0.7948859 0.7424979
v -0.4182454 0.7827716 0.7312856
v -0.4167311 0.7958203 0.7412735
v -0.4160867 0.7818373 0.7325099
v -0.4075809 0.7499726 0.6881443
v -0.4109316 0.7502949 0.6872099
v -0.408773 0.7493927 0.6884343
v -0.4097396 0.750907 0.6869522
v -0.4075809 0.7499726 0.6881443
v -0.4125426 0.7675642 0.7087645
v -0.4097396 0.750907 0.6869522
v -0.4103839 0.7666621 0.7099888
v -0.4170533 0.7833516 0.7309956
v -0.4148946 0.7824494 0.73222
v -0.4160867 0.7818373 0.7325099
v -0.4137347 0.7669521 0.7090544
v -0.4182454 0.7827716 0.7312856
v -0.411576 0.7660499 0.7102788
v -0.4109316 0.7502949 0.6872099
v -0.408773 0.7493927 0.6884343
v -0.4148946 0.7824494 0.73222
v -0.415539 0.7964002 0.7409835
v -0.4170533 0.7833516 0.7309956
v -0.4133803 0.7954982 0.7422078
v -0.1588176 0.432905 1.304172
v -0.1744761 0.4218217 1.301659
v -0.1599131 0.4341938 1.301659
v -0.1734129 0.4205329 1.30414
v -0.1569167 0.4306497 1.304752
v -0.1715119 0.4182776 1.304752
v -0.1740895 0.4213706 1.298695
v -0.1594943 0.4337427 1.298727
v -0.1724786 0.4194375 1.29702
v -0.1578833 0.4318096 1.297052
v -0.1705776 0.4172144 1.297632
v -0.1559824 0.4295543 1.297632
v -0.1694822 0.4159256 1.300145
v -0.1549191 0.4282977 1.300145
v -0.1698688 0.4163767 1.303077
v -0.1552736 0.4287488 1.303077
v -0.1715119 0.4182776 1.304752
v -0.1569167 0.4306497 1.304752
v -0.1569167 0.4306497 1.304752
v -0.1549191 0.4282977 1.300145
v -0.1552736 0.4287488 1.303077
v -0.1599131 0.4341938 1.301659
v -0.1578833 0.4318096 1.297052
v -0.1559824 0.4295543 1.297632
v -0.1594943 0.4337427 1.298727
v -0.1588176 0.432905 1.304172
v 0.2155998 0.4559739 1.272243
v 0.2186284 0.4668639 1.289803
v 0.2187573 0.4651563 1.289835
v 0.2154709 0.4576815 1.272179
v 0.20239 0.4569727 1.243762
v 0.2025189 0.4552328 1.243826
v 0.1895346 0.4537186 1.215409
v 0.1896635 0.4520109 1.215441
v 0.2223014 0.4671217 1.288095
v 0.2192728 0.4562317 1.270536
v 0.2224303 0.4653818 1.288127
v 0.2191439 0.4579392 1.270504
v 0.206063 0.4571982 1.242086
v 0.2061918 0.4554906 1.242119
v 0.1932076 0.453944 1.213733
v 0.1933365 0.4522365 1.213766
v 0.2224303 0.4653818 1.288127
v 0.2155998 0.4559739 1.272243
v 0.2187573 0.4651563 1.289835
v 0.2192728 0.4562317 1.270536
v 0.2025189 0.4552328 1.243826
v 0.2061918 0.4554906 1.242119
v 0.1896635 0.4520109 1.215441
v 0.1933365 0.4522365 1.213766
v 0.1932076 0.453944 1.213733
v 0.1896635 0.4520109 1.215441
v 0.1933365 0.4522365 1.213766
v 0.1895346 0.4537186 1.215409
v 0.1932076 0.453944 1.213733
v 0.20239 0.4569727 1.243762
v 0.1895346 0.4537186 1.215409
v 0.206063 0.4571982 1.242086
v 0.2154709 0.4576815 1.272179
v 0.2191439 0.4579392 1.270504
v 0.2186284 0.4668639 1.289803
v 0.2223014 0.4671217 1.288095
v 0.1933042 0.4346127 1.302497
v 0.2031955 0.4333883 1.317382
v 0.2017456 0.4332917 1.317511
v 0.1947541 0.4347094 1.3024
v 0.1932398 0.4435696 1.277108
v 0.1917577 0.4434729 1.277205
v 0.1895668 0.4522687 1.251977
v 0.188117 0.452172 1.252074
v 0.2033243 0.4301021 1.316255
v 0.1934331 0.4313263 1.301369
v 0.2018745 0.4300054 1.316351
v 0.194883 0.431423 1.30124
v 0.1933687 0.4402832 1.275949
v 0.1919188 0.4401866 1.276045
v 0.1896957 0.4489823 1.250818
v 0.1882458 0.4488857 1.250914
v 0.2018745 0.4300054 1.316351
v 0.1933042 0.4346127 1.302497
v 0.2017456 0.4332917 1.317511
v 0.1934331 0.4313263 1.301369
v 0.1896957 0.4489823 1.250818
v 0.188117 0.452172 1.252074
v 0.1882458 0.4488857 1.250914
v 0.1895668 0.4522687 1.251977
v 0.1896957 0.4489823 1.250818
v 0.1932398 0.4435696 1.277108
v 0.1895668 0.4522687 1.251977
v 0.1933687 0.4402832 1.275949
v 0.1947541 0.4347094 1.3024
v 0.194883 0.431423 1.30124
v 0.1934331 0.4313263 1.301369
v 0.1917577 0.4434729 1.277205
v 0.1933042 0.4346127 1.302497
v 0.1919188 0.4401866 1.276045
v 0.188117 0.452172 1.252074
v 0.1882458 0.4488857 1.250914
v 0.194883 0.431423 1.30124
v 0.2031955 0.4333883 1.317382
v 0.1947541 0.4347094 1.3024
v 0.2033243 0.4301021 1.316255
v 0.2332881 0.4686682 1.280556
v 0.2236546 0.4759819 1.2976
v 0.224009 0.4743065 1.297471
v 0.2329659 0.4703435 1.280685
v 0.2395063 0.4747253 1.250399
v 0.2398607 0.4730499 1.250302
v 0.2465623 0.4766585 1.219952
v 0.2469167 0.4749832 1.219855
v 0.2275209 0.4766907 1.298534
v 0.2371544 0.469377 1.28149
v 0.2278753 0.4750153 1.298437
v 0.2368322 0.4710523 1.281619
v 0.2433726 0.4754341 1.251333
v 0.243727 0.4737588 1.251236
v 0.2504286 0.4773673 1.220918
v 0.250783 0.475692 1.220789
v 0.2278753 0.4750153 1.298437
v 0.2332881 0.4686682 1.280556
v 0.224009 0.4743065 1.297471
v 0.2371544 0.469377 1.28149
v 0.2398607 0.4730499 1.250302
v 0.243727 0.4737588 1.251236
v 0.2469167 0.4749832 1.219855
v 0.250783 0.475692 1.220789
v 0.2504286 0.4773673 1.220918
v 0.2469167 0.4749832 1.219855
v 0.250783 0.475692 1.220789
v 0.2465623 0.4766585 1.219952
v 0.2504286 0.4773673 1.220918
v 0.2395063 0.4747253 1.250399
v 0.2465623 0.4766585 1.219952
v 0.2433726 0.4754341 1.251333
v 0.2329659 0.4703435 1.280685
v 0.2368322 0.4710523 1.281619
v 0.2236546 0.4759819 1.2976
v 0.2275209 0.4766907 1.298534
v 0.1822531 0.4370936 1.259903
v 0.1752616 0.4211773 1.255651
v 0.1745528 0.4224017 1.255232
v 0.1829619 0.4358692 1.26029
v 0.1991681 0.4496589 1.27669
v 0.1984593 0.4508833 1.276271
v 0.2143111 0.4652529 1.292477
v 0.2136022 0.4664773 1.29209
v 0.1775169 0.4215962 1.253041
v 0.1845084 0.4375446 1.257294
v 0.1768081 0.4228205 1.252654
v 0.1852173 0.4363202 1.257713
v 0.2014234 0.45011 1.27408
v 0.2007146 0.4513343 1.273693
v 0.2165664 0.4656718 1.289867
v 0.2158576 0.4668961 1.28948
v 0.1768081 0.4228205 1.252654
v 0.1822531 0.4370936 1.259903
v 0.1745528 0.4224017 1.255232
v 0.1845084 0.4375446 1.257294
v 0.2165664 0.4656718 1.289867
v 0.2136022 0.4664773 1.29209
v 0.2158576 0.4668961 1.28948
v 0.2143111 0.4652529 1.292477
v 0.2165664 0.4656718 1.289867
v 0.1991681 0.4496589 1.27669
v 0.2143111 0.4652529 1.292477
v 0.2014234 0.45011 1.27408
v 0.1829619 0.4358692 1.26029
v 0.1852173 0.4363202 1.257713
v 0.1845084 0.4375446 1.257294
v 0.1984593 0.4508833 1.276271
v 0.1822531 0.4370936 1.259903
v 0.2007146 0.4513343 1.273693
v 0.2136022 0.4664773 1.29209
v 0.2158576 0.4668961 1.28948
v 0.1852173 0.4363202 1.257713
v 0.1752616 0.4211773 1.255651
v 0.1829619 0.4358692 1.26029
v 0.1775169 0.4215962 1.253041
v 0.05498791 0.06686455 1.119138
v 0.08778688 0.0273962 1.081732
v 0.08778688 0.0273962 1.119138
v 0.05498791 0.06686455 1.075997
v 0.02415425 0.08245856 1.119138
v 0.02415425 0.08245856 1.065461
v -1.001358E-05 0.08419836 1.059726
v -1.001358E-05 0.08419836 1.119138
v -0.02417427 0.08245856 1.065461
v -0.02417427 0.08245856 1.119138
v -0.05497569 0.06686455 1.119138
v -0.05497569 0.06686455 1.075997
v -0.08780688 0.0273962 1.119138
v -0.08780688 0.0273962 1.081732
v 0.08475828 0.01657063 1.081732
v 0.05279702 0.05417019 1.119138
v 0.08475828 0.01657063 1.119138
v 0.05279702 0.05417019 1.075997
v 0.0231877 0.06908762 1.119138
v 0.0231877 0.06908762 1.065461
v -1.001358E-05 0.07079524 1.119138
v -1.001358E-05 0.07079524 1.059726
v -0.02320772 0.06908762 1.065461
v -0.02320772 0.06908762 1.119138
v -0.05281705 0.05417019 1.119138
v -0.05281705 0.05417019 1.075997
v -0.08474606 0.01657063 1.119138
v -0.08474606 0.01657063 1.081732
v 0.08475828 0.01657063 1.119138
v 0.08778688 0.0273962 1.081732
v 0.08475828 0.01657063 1.081732
v 0.08778688 0.0273962 1.119138
v 0.08475828 0.01657063 1.081732
v 0.05498791 0.06686455 1.075997
v 0.05279702 0.05417019 1.075997
v 0.08778688 0.0273962 1.081732
v 0.02415425 0.08245856 1.065461
v 0.0231877 0.06908762 1.065461
v -1.001358E-05 0.08419836 1.059726
v -1.001358E-05 0.07079524 1.059726
v -0.02320772 0.06908762 1.065461
v -0.02417427 0.08245856 1.065461
v -0.05497569 0.06686455 1.075997
v -0.05281705 0.05417019 1.075997
v -0.08780688 0.0273962 1.081732
v -0.08474606 0.01657063 1.081732
v 0.05279702 0.05417019 1.119138
v 0.08778688 0.0273962 1.119138
v 0.08475828 0.01657063 1.119138
v 0.05498791 0.06686455 1.119138
v 0.0231877 0.06908762 1.119138
v 0.02415425 0.08245856 1.119138
v -1.001358E-05 0.08419836 1.119138
v -1.001358E-05 0.07079524 1.119138
v -0.02320772 0.06908762 1.119138
v -0.02417427 0.08245856 1.119138
v -0.05281705 0.05417019 1.119138
v -0.05497569 0.06686455 1.119138
v -0.08474606 0.01657063 1.119138
v -0.08780688 0.0273962 1.119138
v -0.08474606 0.01657063 1.081732
v -0.08780688 0.0273962 1.119138
v -0.08474606 0.01657063 1.119138
v -0.08780688 0.0273962 1.081732
vt 0.1530432 0.3750228
vt 0.1639684 0.4172337
vt 0.1441044 0.4187235
vt 0.1892949 0.3616146
vt 0.1083493 0.4033289
vt 0.1187779 0.431635
vt 0.08997514 0.4375942
vt 0.09841732 0.449016
vt 0.07904997 0.4733493
vt 0.1813493 0.4187235
vt 0.2007167 0.3506894
vt 0.212635 0.3819752
vt 0.2007167 0.4246826
vt 0.2339888 0.4023357
vt 0.2593153 0.4092881
vt 0.2066758 0.4385874
vt 0.2836486 0.4162405
vt 0.2846418 0.4266691
vt 0.08004317 0.3616146
vt 0.1217575 0.3730364
vt 0.07805678 0.380982
vt 0.1356622 0.3362881
vt 0.09345134 0.4177303
vt 0.06564181 0.4063085
vt 0.05968262 0.436601
vt 0.04776425 0.4276623
vt 0.07904997 0.3437371
vt 0.147084 0.3253629
vt 0.1157983 0.312948
vt 0.07209759 0.3243697
vt 0.09444453 0.2920908
vt 0.05968262 0.3184105
vt 0.08798875 0.2667643
vt 0.08103637 0.2414377
vt 0.07110439 0.2414377
vt 0.02343091 0.4470296
vt 0.9982542 0.2662677
vt 0.9719344 0.2464037
vt 0.9982542 0.2464037
vt 0.9719344 0.2662677
vt 0.9719344 0.2836486
vt 0.9982542 0.2836486
vt 0.997261 0.3020228
vt 0.9739208 0.3020228
vt 0.9952745 0.3293357
vt 0.9759072 0.3293357
vt 0.9808732 0.3546622
vt 0.9908051 0.3546622
vt 0.9858392 0.3839616
vt 0.9982542 0.2464037
vt 0.9719344 0.2329956
vt 0.9982542 0.2329956
vt 0.9719344 0.2464037
vt 0.08500916 0.5915398
vt 0.1530432 0.604948
vt 0.08500916 0.595016
vt 0.1530432 0.5816078
vt 0.05471664 0.592533
vt 0.07706358 0.595016
vt 0.05471664 0.5940228
vt 0.07706358 0.5915398
vt 0.0313765 0.5940228
vt 0.0313765 0.592533
vt 0.006049961 0.5930296
vt 0.08500916 0.5915398
vt 0.07706358 0.595016
vt 0.07706358 0.5915398
vt 0.08500916 0.595016
vt 0.8045807 0.3933969
vt 0.7425058 0.3943901
vt 0.7742881 0.3720432
vt 0.7569072 0.4112745
vt 0.7598868 0.4276623
vt 0.8045807 0.4286554
vt 0.3417507 0.1267234
vt 0.2836486 0.1277166
vt 0.2836486 0.1267234
vt 0.3427439 0.1277166
vt 0.3819752 0.1217575
vt 0.3819752 0.1247371
vt 0.2836486 0.1247371
vt 0.3427439 0.1247371
vt 0.3427439 0.1247371
vt 0.8979412 0.2990432
vt 0.851261 0.285635
vt 0.8755943 0.2603085
vt 0.8795671 0.3119547
vt 0.8443086 0.1977371
vt 0.851261 0.1947575
vt 0.851261 0.3213901
vt 0.8199752 0.2652745
vt 0.2836486 0.1277166
vt 0.2776894 0.1267234
vt 0.2836486 0.1267234
vt 0.2766962 0.1277166
vt 0.2156146 0.1267234
vt 0.2156146 0.129703
vt 0.1823425 0.1267234
vt 0.1813493 0.1306962
vt 0.1356622 0.1267234
vt 0.1356622 0.1287098
vt 0.08699555 0.1267234
vt 0.2836486 0.1267234
vt 0.8035875 0.3040092
vt 0.738533 0.3050024
vt 0.7891861 0.2866282
vt 0.7395262 0.3109615
vt 0.7395262 0.3174173
vt 0.8055739 0.3194037
vt 0.6839072 0.3194037
vt 0.05570983 0.1853221
vt 0.03534928 0.161982
vt 0.03932207 0.161982
vt 0.01846493 0.1853221
vt 0.0661384 0.2210772
vt 0.009029552 0.2210772
vt 0.01548534 0.2766962
vt 0.05968262 0.2766962
vt 0.02641051 0.3576418
vt 0.04776425 0.3576418
vt 0.03733568 0.4246826
vt 0.851261 0.285635
vt 0.7891861 0.2866282
vt 0.8035875 0.3040092
vt 0.8199752 0.2652745
vt 0.738533 0.3050024
vt 0.7395262 0.3109615
vt 0.7395262 0.3174173
vt 0.8055739 0.3194037
vt 0.851261 0.3213901
vt 0.6839072 0.3194037
vt 0.8795671 0.3119547
vt 0.8979412 0.2990432
vt 0.8755943 0.2603085
vt 0.8443086 0.1977371
vt 0.851261 0.1947575
vt 0.2776894 0.1267234
vt 0.2836486 0.1247371
vt 0.2836486 0.1267234
vt 0.2766962 0.1247371
vt 0.2156146 0.1267234
vt 0.2156146 0.1227507
vt 0.1823425 0.1267234
vt 0.1813493 0.1217575
vt 0.1356622 0.1267234
vt 0.1356622 0.1237439
vt 0.08699555 0.1267234
vt 0.2836486 0.1267234
vt 0.4937099 0.2270364
vt 0.5135738 0.2260432
vt 0.4976827 0.2409412
vt 0.5086079 0.2146214
vt 0.4649071 0.2603085
vt 0.4673901 0.230016
vt 0.4023357 0.2543493
vt 0.4430568 0.2310092
vt 0.4102813 0.22505
vt 0.9575331 0.1326826
vt 0.9381657 0.1336758
vt 0.9411453 0.1197711
vt 0.9535603 0.1450976
vt 0.9048936 0.1053697
vt 0.9108528 0.134669
vt 0.843812 0.1167915
vt 0.8875126 0.1356622
vt 0.8542405 0.1450976
vt 0.01945813 0.0671316
vt 0.02343091 0.004063566
vt 0.02343091 0.0671316
vt 0.01945813 0.004063566
vt 0.009029552 0.0313765
vt 0.006049961 0.05868942
vt 0.006049961 0.0313765
vt 0.009029552 0.05868942
vt 0.6868868 0.003070368
vt 0.6446759 0.02144452
vt 0.6446759 0.003070368
vt 0.6868868 0.02144452
vt 0.5835943 0.02144452
vt 0.5835943 0.003070368
vt 0.5359207 0.02144452
vt 0.5359207 0.003070368
vt 0.5279752 0.02144452
vt 0.5279752 0.003070368
vt 0.6933426 0.02144452
vt 0.7062541 0.004063566
vt 0.7062541 0.02442411
vt 0.6933426 0.007043158
vt 0.7479684 0.004063566
vt 0.7479684 0.02442411
vt 0.7881929 0.004063566
vt 0.7881929 0.02442411
vt 0.818982 0.004063566
vt 0.818982 0.02442411
vt 0.8726147 0.004063566
vt 0.8726147 0.02442411
vt 0.9515739 0.004063566
vt 0.9515739 0.02442411
vt 0.15205 0.2156146
vt 0.1123221 0.139635
vt 0.1659547 0.1540364
vt 0.1153017 0.1753901
vt 0.05273024 0.1411248
vt 0.03534928 0.1093425
vt 0.1530432 0.22505
vt 0.1977371 0.1609888
vt 0.2389548 0.1629751
vt 0.1773765 0.2290228
vt 0.2563357 0.1823425
vt 0.2816622 0.1510568
vt 0.007043158 0.1257302
vt 0.2940772 0.1530432
vt 0.2816622 0.212635
vt 0.2424309 0.2896078
vt 0.2280296 0.2280296
vt 0.2796758 0.2493833
vt 0.3596282 0.1833357
vt 0.3412541 0.2156146
vt 0.2409412 0.29805
vt 0.1967439 0.2339888
vt 0.2166078 0.303016
vt 0.1550296 0.2369684
vt 0.1376486 0.2563357
vt 0.1133153 0.2240568
vt 0.3869412 0.1987303
vt 0.1004037 0.2270364
vt 0.9515739 0.02442411
vt 0.9828596 0.004063566
vt 0.9828596 0.02442411
vt 0.9515739 0.004063566
vt 0.5279752 0.003070368
vt 0.5066214 0.02144452
vt 0.5066214 0.003070368
vt 0.5279752 0.02144452
vt 0.4266691 0.02144452
vt 0.4266691 0.003070368
vt 0.3859479 0.01846493
vt 0.3859479 0.006049961
vt 0.003070368 0.1356622
vt 0.008036355 0.220084
vt 0.003070368 0.220084
vt 0.008036355 0.1356622
vt 0.008036355 0.3050024
vt 0.003070368 0.3050024
vt 0.008036355 0.3700568
vt 0.003070368 0.3700568
vt 0.007043158 0.4559684
vt 0.004063566 0.4559684
vt 0.005056763 0.5542949
vt 0.6079276 0.04875745
vt 0.6839072 0.1237439
vt 0.5865738 0.1177847
vt 0.7236351 0.03336289
vt 0.5339344 0.02641051
vt 0.4892405 0.1133153
vt 0.7598868 0.1187779
vt 0.7956419 0.05769623
vt 0.8582133 0.1073561
vt 0.8552337 0.04081187
vt 0.9709412 0.09742412
vt 0.6839072 0.1237439
vt 0.6079276 0.04875745
vt 0.5865738 0.1177847
vt 0.7236351 0.03336289
vt 0.5339344 0.02641051
vt 0.4892405 0.1133153
vt 0.7598868 0.1187779
vt 0.7956419 0.05769623
vt 0.5642269 0.2950704
vt 0.5026487 0.2444173
vt 0.4659004 0.3069888
vt 0.5612473 0.2280296
vt 0.9709412 0.09742412
vt 0.8552337 0.04081187
vt 0.8582133 0.1073561
vt 0.005056763 0.04975065
vt 0.008036355 0.1356622
vt 0.003070368 0.1356622
vt 0.1143085 0.4812949
vt 0.01399554 0.4882473
vt 0.1083493 0.4922201
vt 0.01101595 0.4659004
vt 0.1083493 0.4922201
vt 0.01399554 0.5165534
vt 0.1083493 0.5125806
vt 0.01399554 0.4882473
vt 0.1143085 0.5240024
vt 0.01399554 0.5165534
vt 0.01101595 0.5398936
vt 0.1083493 0.5125806
vt 0.1177847 0.4927167
vt 0.220084 0.5175466
vt 0.1177847 0.5135738
vt 0.220084 0.4892405
vt 0.9634923 0.7569072
vt 0.934193 0.7186691
vt 0.9634923 0.7186691
vt 0.934193 0.7569072
vt 0.984846 0.8726147
vt 0.9585263 0.8651657
vt 0.984846 0.8651657
vt 0.9585263 0.8726147
vt 0.9585263 0.8472881
vt 0.984846 0.8472881
vt 0.9585263 0.823948
vt 0.984846 0.823948
vt 0.9585263 0.8075603
vt 0.984846 0.8075603
vt 0.984846 0.7966351
vt 0.9585263 0.7966351
vt 0.9615058 0.8989344
vt 0.9818664 0.8989344
vt 0.9788868 0.9421385
vt 0.9654787 0.9421385
vt 0.9381657 0.4812949
vt 0.9595194 0.5125806
vt 0.9381657 0.5125806
vt 0.9595194 0.4812949
vt 0.5940228 0.4793085
vt 0.7325739 0.4986759
vt 0.5940228 0.4956963
vt 0.7325739 0.4763289
vt 0.9634923 0.6928459
vt 0.934193 0.7186691
vt 0.934193 0.6928459
vt 0.9634923 0.7186691
vt 0.934193 0.6546078
vt 0.9634923 0.6546078
vt 0.934193 0.6029616
vt 0.9634923 0.6029616
vt 0.934193 0.544363
vt 0.9634923 0.544363
vt 0.9381657 0.5125806
vt 0.9595194 0.5125806
vt 0.7921657 0.4927167
vt 0.8105398 0.4822881
vt 0.8105398 0.4927167
vt 0.7921657 0.4822881
vt 0.5542949 0.1957507
vt 0.5686963 0.2210772
vt 0.5562813 0.2046894
vt 0.6168664 0.1947575
vt 0.5915398 0.1609888
vt 0.5493289 0.1674445
vt 0.5756487 0.1267234
vt 0.5523085 0.1197711
vt 0.577635 0.2454105
vt 0.5796214 0.2632881
vt 0.577635 0.275703
vt 0.6168664 0.275703
vt 0.6382201 0.2603085
vt 0.6749684 0.2464037
vt 0.7276078 0.2399479
vt 0.7881929 0.2359752
vt 0.8055739 0.2066758
vt 0.8209684 0.2339888
vt 0.2836486 0.526982
vt 0.2697439 0.5523085
vt 0.2210772 0.5259888
vt 0.2816622 0.5359207
vt 0.2464037 0.4922201
vt 0.2886146 0.4986759
vt 0.2622949 0.4579548
vt 0.2866282 0.4510024
vt 0.2603085 0.5766419
vt 0.2593153 0.5940228
vt 0.2613017 0.6069344
vt 0.2210772 0.6069344
vt 0.1997235 0.5915398
vt 0.1629751 0.577635
vt 0.1103357 0.5706826
vt 0.04975065 0.5672065
vt 0.03236969 0.5379072
vt 0.01747173 0.5652201
vt 0.7325739 0.4763289
vt 0.7638596 0.4956963
vt 0.7325739 0.4986759
vt 0.7638596 0.4793085
vt 0.7921657 0.4822881
vt 0.7921657 0.4927167
vt 0.3233765 0.230016
vt 0.3919071 0.2389548
vt 0.3283425 0.2399479
vt 0.3993561 0.220084
vt 0.3283425 0.2399479
vt 0.3919071 0.2454105
vt 0.3283425 0.2444173
vt 0.3919071 0.2389548
vt 0.3233765 0.2543493
vt 0.3919071 0.2454105
vt 0.3993561 0.2642813
vt 0.3283425 0.2444173
vt 0.8805603 0.2503765
vt 0.8875126 0.202703
vt 0.9098596 0.2503765
vt 0.8805603 0.2136282
vt 0.9128392 0.234982
vt 0.9232678 0.2146214
vt 0.9039004 0.1843289
vt 0.9371725 0.1947575
vt 0.9252542 0.1684377
vt 0.9515739 0.1803561
vt 0.9515739 0.1510568
vt 0.9699481 0.1411248
vt 0.9699481 0.1694309
vt 0.3953833 0.5677031
vt 0.4023357 0.6158732
vt 0.3730364 0.6158732
vt 0.4023357 0.5786282
vt 0.3700568 0.599982
vt 0.3606214 0.5806146
vt 0.3789956 0.5503221
vt 0.3457235 0.5612473
vt 0.358635 0.5349275
vt 0.3313221 0.5453562
vt 0.3313221 0.5175466
vt 0.312948 0.5359207
vt 0.312948 0.5066214
vt 0.15205 0.4639139
vt 0.1431112 0.4872541
vt 0.1431112 0.4639139
vt 0.15205 0.4872541
vt 0.1167915 0.4639139
vt 0.1167915 0.4872541
vt 0.1684377 0.4639139
vt 0.1684377 0.4872541
vt 0.1863153 0.4639139
vt 0.1863153 0.4872541
vt 0.2086622 0.4639139
vt 0.2086622 0.4872541
vt 0.2230636 0.4639139
vt 0.2230636 0.4872541
vt 0.6312677 0.5309548
vt 0.6546078 0.5026487
vt 0.6546078 0.5309548
vt 0.6312677 0.5026487
vt 0.6858936 0.5309548
vt 0.7042677 0.5026487
vt 0.7042677 0.5309548
vt 0.6858936 0.5026487
vt 0.6675195 0.5309548
vt 0.6675195 0.5026487
vt 0.7216487 0.5026487
vt 0.7216487 0.5309548
vt 0.6546078 0.5309548
vt 0.6546078 0.5026487
vt 0.738533 0.5026487
vt 0.738533 0.5309548
vt 0.8934718 0.5115874
vt 0.9292269 0.5026487
vt 0.9292269 0.5115874
vt 0.8939684 0.5026487
vt 0.8934718 0.5200296
vt 0.9292269 0.5200296
vt 0.8934718 0.5289684
vt 0.9292269 0.5289684
vt 0.8934718 0.5379072
vt 0.9292269 0.5389004
vt 0.8934718 0.5473425
vt 0.9292269 0.5473425
vt 0.8934718 0.5562813
vt 0.9292269 0.5562813
vt 0.8934718 0.5652201
vt 0.9292269 0.5652201
vt 0.8934718 0.5736623
vt 0.9292269 0.5736623
vt 0.9292269 0.4937099
vt 0.8939684 0.4937099
vt 0.9292269 0.4852677
vt 0.8939684 0.4852677
vt 0.9818664 0.765846
vt 0.9615058 0.7598868
vt 0.9719344 0.7598868
vt 0.9485943 0.7762746
vt 0.9818664 0.7871997
vt 0.984846 0.7762746
vt 0.9615058 0.7931589
vt 0.9719344 0.7931589
vt 0.9525671 0.7871997
vt 0.9525671 0.765846
vt 0.9615058 0.7931589
vt 0.9818664 0.7871997
vt 0.9719344 0.7931589
vt 0.9818664 0.765846
vt 0.9485943 0.7762746
vt 0.9525671 0.7871997
vt 0.9615058 0.7598868
vt 0.9525671 0.765846
vt 0.9719344 0.7598868
vt 0.984846 0.7762746
vt 0.5503221 0.5259888
vt 0.5572745 0.5076146
vt 0.5572745 0.5259888
vt 0.536914 0.5076146
vt 0.6009752 0.5259888
vt 0.5940228 0.5076146
vt 0.61488 0.5076146
vt 0.5940228 0.5259888
vt 0.5940228 0.4882473
vt 0.5572745 0.5076146
vt 0.5572745 0.4882473
vt 0.5940228 0.5076146
vt 0.5940228 0.5259888
vt 0.5572745 0.5329412
vt 0.5572745 0.5259888
vt 0.5940228 0.5329412
vt 0.5940228 0.5076146
vt 0.5572745 0.5259888
vt 0.5572745 0.5076146
vt 0.5940228 0.5259888
vt 0.967465 0.531948
vt 0.9908051 0.5125806
vt 0.9917984 0.5359207
vt 0.974914 0.5125806
vt 0.9699481 0.5408868
vt 0.9917984 0.5503221
vt 0.9759072 0.5542949
vt 0.9858392 0.5706826
vt 0.9937848 0.5696895
vt 0.997261 0.4693765
vt 0.9739208 0.4500092
vt 0.989812 0.4500092
vt 0.9739208 0.4733493
vt 0.994778 0.4783153
vt 0.9729276 0.4882473
vt 0.9888188 0.4922201
vt 0.9788868 0.5086079
vt 0.9709412 0.5076146
vt 0.9515739 0.9937848
vt 0.9615058 0.9788868
vt 0.9615058 0.9937848
vt 0.9515739 0.9788868
vt 0.9476011 0.83388
vt 0.9381657 0.8135194
vt 0.9476011 0.8135194
vt 0.9381657 0.83388
vt 0.9381657 0.8035875
vt 0.9476011 0.8035875
vt 0.9381657 0.7901793
vt 0.9476011 0.7901793
vt 0.9381657 0.7703153
vt 0.9476011 0.7703153
vt 0.9476011 0.7628664
vt 0.9381657 0.7703153
vt 0.9381657 0.7628664
vt 0.9476011 0.7703153
vt 0.9515739 0.9212813
vt 0.9615058 0.9411453
vt 0.9515739 0.9411453
vt 0.9615058 0.9212813
vt 0.9615058 0.9565399
vt 0.9515739 0.9565399
vt 0.9615058 0.9788868
vt 0.9515739 0.9788868
vt 0.9729276 0.5816078
vt 0.9982542 0.5736623
vt 0.9982542 0.5816078
vt 0.9729276 0.5736623
vt 0.9729276 0.5895534
vt 0.9982542 0.5895534
vt 0.9729276 0.5970024
vt 0.9982542 0.5970024
vt 0.9729276 0.604948
vt 0.9982542 0.604948
vt 0.9729276 0.6128936
vt 0.9982542 0.6128936
vt 0.9729276 0.6213357
vt 0.9982542 0.6213357
vt 0.9729276 0.6292813
vt 0.9982542 0.6292813
vt 0.9729276 0.6372269
vt 0.9982542 0.6372269
vt 0.9962677 0.6739752
vt 0.9868324 0.6645398
vt 0.9937848 0.6675195
vt 0.9778936 0.6739752
vt 0.9868324 0.6849004
vt 0.9937848 0.6809276
vt 0.97988 0.6809276
vt 0.97988 0.6675195
vt 0.994778 0.6436827
vt 0.9808732 0.6436827
vt 0.9878256 0.6411997
vt 0.9808732 0.6585807
vt 0.994778 0.6585807
vt 0.997261 0.6506351
vt 0.9878256 0.6615602
vt 0.9778936 0.6506351
vt 0.8199752 0.4246826
vt 0.8949617 0.4073017
vt 0.8765875 0.4246826
vt 0.823948 0.4073017
vt 0.8681453 0.441567
vt 0.8184854 0.441567
vt 0.9788868 0.4405738
vt 0.9029072 0.4226963
vt 0.9595194 0.4226963
vt 0.90688 0.4405738
vt 0.9009208 0.4063085
vt 0.9515739 0.4063085
vt 0.9917984 0.9232678
vt 0.9868324 0.90688
vt 0.9917984 0.90688
vt 0.9868324 0.9232678
vt 0.9868324 0.8914855
vt 0.9917984 0.8914855
vt 0.9917984 0.8408324
vt 0.9868324 0.8914855
vt 0.9868324 0.8408324
vt 0.9917984 0.8914855
vt 0.9917984 0.8408324
vt 0.9868324 0.8219616
vt 0.9917984 0.8219616
vt 0.9868324 0.8408324
vt 0.9868324 0.7986215
vt 0.9917984 0.7986215
vt 0.9917984 0.9232678
vt 0.9868324 0.994778
vt 0.9868324 0.9232678
vt 0.9917984 0.994778
vt 0.7365466 0.4385874
vt 0.7246283 0.4296486
vt 0.7365466 0.4296486
vt 0.7246283 0.4385874
vt 0.7489616 0.4385874
vt 0.7489616 0.4296486
vt 0.76088 0.4385874
vt 0.76088 0.4296486
vt 0.7732949 0.4385874
vt 0.7732949 0.4296486
vt 0.7852133 0.4385874
vt 0.7852133 0.4296486
vt 0.7966351 0.4385874
vt 0.7966351 0.4296486
vt 0.8095466 0.4385874
vt 0.8095466 0.4296486
vt 0.7132065 0.4296486
vt 0.7132065 0.4385874
vt 0.9838528 0.7569072
vt 0.9992474 0.7405194
vt 0.994778 0.7519412
vt 0.9838528 0.7236351
vt 0.967465 0.7405194
vt 0.9719344 0.7519412
vt 0.9719344 0.728601
vt 0.994778 0.728601
vt 0.9709412 0.6898664
vt 0.9709412 0.7132065
vt 0.967465 0.7012881
vt 0.9937848 0.7132065
vt 0.9937848 0.6898664
vt 0.9828596 0.6849004
vt 0.9982542 0.7012881
vt 0.9828596 0.7181725
vt 0.436601 0.5736623
vt 0.4207099 0.5642269
vt 0.436601 0.5642269
vt 0.4207099 0.5736623
vt 0.4207099 0.6193494
vt 0.436601 0.6019684
vt 0.436601 0.6193494
vt 0.4207099 0.6019684
vt 0.4207099 0.6019684
vt 0.436601 0.5736623
vt 0.436601 0.6019684
vt 0.4207099 0.5736623
vt 0.453982 0.5970024
vt 0.436601 0.5736623
vt 0.4460364 0.5706826
vt 0.436601 0.6019684
vt 0.4023357 0.5970024
vt 0.4207099 0.5736623
vt 0.4207099 0.6019684
vt 0.4102813 0.5706826
vt 0.8125262 0.5155602
vt 0.8199752 0.5463493
vt 0.8095466 0.5249956
vt 0.8572201 0.5210228
vt 0.8453017 0.5155602
vt 0.8398392 0.5463493
vt 0.8641725 0.5339344
vt 0.8651657 0.5463493
vt 0.7921657 0.5125806
vt 0.7921657 0.522016
vt 0.8691385 0.4892405
vt 0.8328868 0.4793085
vt 0.8661589 0.4793085
vt 0.8219616 0.4852677
vt 0.8582133 0.5115874
vt 0.8398392 0.5115874
vt 0.8155059 0.4976827
vt 0.8145126 0.5115874
vt 0.8865194 0.4862609
vt 0.8865194 0.4773221
vt 0.2593153 0.6099139
vt 0.230016 0.6382201
vt 0.230016 0.6099139
vt 0.2593153 0.6382201
vt 0.2707371 0.6382201
vt 0.2707371 0.6099139
vt 0.2846418 0.6382201
vt 0.2846418 0.6099139
vt 0.2960636 0.6382201
vt 0.2960636 0.6099139
vt 0.2116418 0.6099139
vt 0.2116418 0.6382201
vt 0.147084 0.6372269
vt 0.1694309 0.6079276
vt 0.1694309 0.6372269
vt 0.147084 0.6079276
vt 0.1863153 0.6079276
vt 0.2086622 0.6372269
vt 0.1863153 0.6372269
vt 0.2086622 0.6079276
vt 0.1694309 0.6079276
vt 0.1694309 0.6372269
vt 0.1316894 0.6079276
vt 0.147084 0.6372269
vt 0.1316894 0.6372269
vt 0.147084 0.6079276
vt 0.924261 0.8914855
vt 0.9391589 0.8949617
vt 0.924261 0.8949617
vt 0.9391589 0.8914855
vt 0.924261 0.8875126
vt 0.9391589 0.8875126
vt 0.924261 0.8835399
vt 0.9391589 0.8835399
vt 0.924261 0.8795671
vt 0.9391589 0.8795671
vt 0.924261 0.8755943
vt 0.9391589 0.8755943
vt 0.924261 0.8716215
vt 0.9391589 0.8716215
vt 0.924261 0.8681453
vt 0.9391589 0.8681453
vt 0.924261 0.8641725
vt 0.9391589 0.8641725
vt 0.924261 0.8611929
vt 0.9391589 0.8611929
vt 0.924261 0.8572201
vt 0.9391589 0.8572201
vt 0.9982542 0.7752814
vt 0.997261 0.7688255
vt 0.9992474 0.7713085
vt 0.9908051 0.7678323
vt 0.9927916 0.7792541
vt 0.9962677 0.7782609
vt 0.9878256 0.7742881
vt 0.989812 0.7772678
vt 0.9878256 0.7703153
vt 0.9937848 0.7668391
vt 0.9952745 0.7921657
vt 0.9992474 0.7862065
vt 0.9982542 0.7901793
vt 0.9952745 0.7802473
vt 0.9888188 0.7891861
vt 0.9917984 0.7921657
vt 0.9888188 0.7822337
vt 0.9878256 0.7862065
vt 0.9917984 0.7802473
vt 0.9982542 0.7822337
vt 0.009029552 0.7936555
vt 0.05372344 0.7648528
vt 0.05372344 0.7936555
vt 0.009029552 0.7648528
vt 0.09841732 0.7648528
vt 0.09841732 0.7936555
vt 0.1431112 0.7648528
vt 0.1431112 0.7936555
vt 0.1883017 0.7648528
vt 0.1883017 0.7936555
vt 0.2320024 0.7648528
vt 0.2320024 0.7936555
vt 0.2766962 0.7648528
vt 0.2766962 0.7936555
vt 0.3213901 0.7648528
vt 0.3213901 0.7936555
vt 0.3665806 0.7648528
vt 0.3665806 0.7936555
vt 0.4112745 0.7648528
vt 0.4112745 0.7936555
vt 0.4559684 0.7648528
vt 0.4559684 0.7936555
vt 0.7842201 0.5453562
vt 0.7911725 0.5552881
vt 0.7891861 0.5483357
vt 0.7539276 0.5453562
vt 0.7842201 0.5652201
vt 0.7539276 0.5652201
vt 0.7891861 0.5622405
vt 0.6983085 0.5398936
vt 0.7052609 0.5493289
vt 0.7032745 0.5428731
vt 0.668016 0.5398936
vt 0.6983085 0.5592609
vt 0.7032745 0.5572745
vt 0.668016 0.5592609
vt 0.6069344 0.5523085
vt 0.5766419 0.5622405
vt 0.6069344 0.5622405
vt 0.5766419 0.5523085
vt 0.6119004 0.5523085
vt 0.6119004 0.5622405
vt 0.6193494 0.5523085
vt 0.6193494 0.5622405
vt 0.6272949 0.5523085
vt 0.6272949 0.5622405
vt 0.6322609 0.5523085
vt 0.6322609 0.5622405
vt 0.6625534 0.5523085
vt 0.6625534 0.5622405
vt 0.9421385 0.8621861
vt 0.9485943 0.8746011
vt 0.9485943 0.8621861
vt 0.9421385 0.8746011
vt 0.9421385 0.8502678
vt 0.9485943 0.8502678
vt 0.9485943 0.8865194
vt 0.9421385 0.8865194
vt 0.9485943 0.8989344
vt 0.9421385 0.8989344
vt 0.9485943 0.9108528
vt 0.9421385 0.9108528
vt 0.9485943 0.9222745
vt 0.9421385 0.9222745
vt 0.9485943 0.9351861
vt 0.9421385 0.9351861
vt 0.9485943 0.9466079
vt 0.9421385 0.9466079
vt 0.9485943 0.9595194
vt 0.9421385 0.9595194
vt 0.9485943 0.9709412
vt 0.9421385 0.9709412
vt 0.9485943 0.9838528
vt 0.9421385 0.9838528
vt 0.9485943 0.9952745
vt 0.9421385 0.9952745
vt 0.5677031 0.3194037
vt 0.6009752 0.3109615
vt 0.5835943 0.3109615
vt 0.5592609 0.3506894
vt 0.6158732 0.3655874
vt 0.6243153 0.3343017
vt 0.6158732 0.3194037
vt 0.6243153 0.3506894
vt 0.5835943 0.3730364
vt 0.6009752 0.3730364
vt 0.5677031 0.3655874
vt 0.5592609 0.3343017
vt 0.3477099 0.4723561
vt 0.3343017 0.4862609
vt 0.3477099 0.4862609
vt 0.3343017 0.4723561
vt 0.3626078 0.4723561
vt 0.3626078 0.4862609
vt 0.376016 0.4723561
vt 0.376016 0.4862609
vt 0.3203969 0.4862609
vt 0.3203969 0.4723561
vt 0.3059956 0.4862609
vt 0.3059956 0.4723561
vt 0.2920908 0.4862609
vt 0.2920908 0.4723561
vt 0.3417507 0.5592609
vt 0.3546622 0.5826011
vt 0.3506894 0.5696895
vt 0.3293357 0.6128936
vt 0.3506894 0.5960092
vt 0.3417507 0.6069344
vt 0.3293357 0.5533017
vt 0.3169207 0.5582677
vt 0.3050024 0.5835943
vt 0.3089752 0.5696895
vt 0.3293357 0.6138868
vt 0.3089752 0.5970024
vt 0.3169207 0.6079276
vt 0.3293357 0.5523085
vt 0.3596282 0.4882473
vt 0.3506894 0.5016555
vt 0.3596282 0.5016555
vt 0.3506894 0.4882473
vt 0.3417507 0.5016555
vt 0.3417507 0.4882473
vt 0.3362881 0.5016555
vt 0.3362881 0.4882473
vt 0.3293357 0.5016555
vt 0.3293357 0.4882473
vt 0.3203969 0.5016555
vt 0.3203969 0.4882473
vt 0.3119547 0.5016555
vt 0.3119547 0.4882473
vt 0.3050024 0.5016555
vt 0.3050024 0.4882473
vt 0.3010296 0.5016555
vt 0.3010296 0.4882473
vt 0.1167915 0.9699481
vt 0.1133153 0.9456147
vt 0.1167915 0.9456147
vt 0.1133153 0.9699481
vt 0.1207643 0.9699481
vt 0.1167915 0.9456147
vt 0.1207643 0.9456147
vt 0.1167915 0.9699481
vt 0.09245814 0.9699481
vt 0.08898195 0.9456147
vt 0.09245814 0.9456147
vt 0.08898195 0.9699481
vt 0.09643093 0.9699481
vt 0.09245814 0.9456147
vt 0.09643093 0.9456147
vt 0.09245814 0.9699481
vt 0.1004037 0.9699481
vt 0.1004037 0.9456147
vt 0.1043765 0.9699481
vt 0.1043765 0.9456147
vt 0.1093425 0.9699481
vt 0.1043765 0.9456147
vt 0.1093425 0.9456147
vt 0.1043765 0.9699481
vt 0.1133153 0.9699481
vt 0.1133153 0.9456147
vt 0.09643093 0.9927916
vt 0.08699555 0.9818664
vt 0.1073561 0.9828596
vt 0.08997514 0.9888188
vt 0.09742412 0.9729276
vt 0.09096834 0.974914
vt 0.1043765 0.9759072
vt 0.1033833 0.989812
vt 0.1157983 0.9411453
vt 0.1123221 0.9168119
vt 0.1157983 0.9168119
vt 0.1123221 0.9411453
vt 0.1197711 0.9411453
vt 0.1197711 0.9168119
vt 0.09245814 0.9411453
vt 0.08798875 0.9168119
vt 0.09245814 0.9168119
vt 0.08798875 0.9411453
vt 0.09543773 0.9411453
vt 0.09245814 0.9168119
vt 0.09543773 0.9168119
vt 0.09245814 0.9411453
vt 0.1004037 0.9411453
vt 0.1004037 0.9168119
vt 0.1043765 0.9411453
vt 0.1043765 0.9168119
vt 0.1083493 0.9411453
vt 0.1043765 0.9168119
vt 0.1083493 0.9168119
vt 0.1043765 0.9411453
vt 0.1123221 0.9411453
vt 0.1123221 0.9168119
vt 0.1197711 0.9917984
vt 0.1103357 0.9808732
vt 0.129703 0.9828596
vt 0.1133153 0.9888188
vt 0.1207643 0.9719344
vt 0.1143085 0.974914
vt 0.1277166 0.9759072
vt 0.1267234 0.9888188
vt 0.7812405 0.4460364
vt 0.7852133 0.4743425
vt 0.7852133 0.4460364
vt 0.7812405 0.4743425
vt 0.7996147 0.4460364
vt 0.7996147 0.4743425
vt 0.7439956 0.4460364
vt 0.7295942 0.4743425
vt 0.7439956 0.4743425
vt 0.7295942 0.4460364
vt 0.7062541 0.4460364
vt 0.7062541 0.4743425
vt 0.6675195 0.4460364
vt 0.6675195 0.4743425
vt 0.6203426 0.4460364
vt 0.6203426 0.4743425
vt 0.6019684 0.4460364
vt 0.6019684 0.4743425
vt 0.7439956 0.4460364
vt 0.7703153 0.4743425
vt 0.7703153 0.4460364
vt 0.7439956 0.4743425
vt 0.3919071 0.4703697
vt 0.3829684 0.5016555
vt 0.3943901 0.5056282
vt 0.3919071 0.4659004
vt 0.3829684 0.4659004
vt 0.4003493 0.4803017
vt 0.4162405 0.4803017
vt 0.4132609 0.5180432
vt 0.44405 0.5135738
vt 0.4385874 0.5513153
vt 0.4763289 0.5289684
vt 0.4649071 0.599982
vt 0.4793085 0.5970024
vt 0.4723561 0.6213357
vt 0.4793085 0.6109072
vt 0.4947031 0.544363
vt 0.5086079 0.5602541
vt 0.5086079 0.5960092
vt 0.5006623 0.6213357
vt 0.5006623 0.6109072
vt 0.8259344 0.5503221
vt 0.7986215 0.5786282
vt 0.8259344 0.5786282
vt 0.7986215 0.5503221
vt 0.9202881 0.4460364
vt 0.9371725 0.4743425
vt 0.9371725 0.4460364
vt 0.9202881 0.4743425
vt 0.8989344 0.4460364
vt 0.8989344 0.4743425
vt 0.8592065 0.4460364
vt 0.8592065 0.4743425
vt 0.8174922 0.4460364
vt 0.8174922 0.4743425
vt 0.6019684 0.4743425
vt 0.5662133 0.4649071
vt 0.5686963 0.4703697
vt 0.5746555 0.4460364
vt 0.5662133 0.4559684
vt 0.5686963 0.449016
vt 0.6019684 0.4460364
vt 0.5746555 0.4743425
vt 0.4743425 0.5056282
vt 0.5066214 0.5006623
vt 0.5006623 0.5389004
vt 0.4783153 0.4683833
vt 0.4569616 0.4937099
vt 0.4629208 0.4683833
vt 0.5389004 0.5175466
vt 0.5259888 0.5885602
vt 0.5408868 0.5845875
vt 0.5572745 0.5329412
vt 0.5706826 0.5473425
vt 0.5706826 0.5845875
vt 0.5339344 0.6099139
vt 0.5408868 0.5979956
vt 0.5632337 0.6099139
vt 0.5632337 0.5979956
vt 0.4529888 0.458948
vt 0.44405 0.4902337
vt 0.44405 0.453982
vt 0.4529888 0.453982
vt 0.7996147 0.4460364
vt 0.8174922 0.4743425
vt 0.8174922 0.4460364
vt 0.7996147 0.4743425
vt 0.7812405 0.4460364
vt 0.7703153 0.4743425
vt 0.7812405 0.4743425
vt 0.7703153 0.4460364
vt 0.7762746 0.5433698
vt 0.7688255 0.5349275
vt 0.7688255 0.5433698
vt 0.7762746 0.5349275
vt 0.76088 0.5433698
vt 0.76088 0.5349275
vt 0.7842201 0.5349275
vt 0.7842201 0.5433698
vt 0.7539276 0.5433698
vt 0.7539276 0.5349275
vt 0.7911725 0.5349275
vt 0.7911725 0.5433698
vt 0.8904923 0.5602541
vt 0.8815535 0.5786282
vt 0.8875126 0.5746555
vt 0.8631793 0.5786282
vt 0.8631793 0.5503221
vt 0.8815535 0.5503221
vt 0.8875126 0.5533017
vt 0.8904923 0.5686963
vt 0.8259344 0.5503221
vt 0.8532473 0.5786282
vt 0.8532473 0.5503221
vt 0.8259344 0.5786282
vt 0.8631793 0.5786282
vt 0.8532473 0.5503221
vt 0.8532473 0.5786282
vt 0.8631793 0.5503221
vt 0.5905466 0.5513153
vt 0.5970024 0.536914
vt 0.5905466 0.536914
vt 0.5970024 0.5513153
vt 0.604948 0.536914
vt 0.604948 0.5513153
vt 0.6119004 0.536914
vt 0.6119004 0.5513153
vt 0.6193494 0.536914
vt 0.6193494 0.5513153
vt 0.6263017 0.536914
vt 0.6263017 0.5513153
vt 0.6332541 0.536914
vt 0.6332541 0.5513153
vt 0.6411997 0.536914
vt 0.6411997 0.5513153
vt 0.6476555 0.536914
vt 0.6476555 0.5513153
vt 0.6615602 0.5513153
vt 0.6615602 0.536914
vt 0.884533 0.5408868
vt 0.8706283 0.5408868
vt 0.8775807 0.5428731
vt 0.8914855 0.5279752
vt 0.8775807 0.5155602
vt 0.8631793 0.5279752
vt 0.8651657 0.5349275
vt 0.8651657 0.5210228
vt 0.8894991 0.5210228
vt 0.8894991 0.5349275
vt 0.8894991 0.5076146
vt 0.8775807 0.5076146
vt 0.8651657 0.5076146
vt 0.6128936 0.5895534
vt 0.6128936 0.5756487
vt 0.6009752 0.595016
vt 0.5895534 0.5756487
vt 0.5895534 0.5895534
vt 0.587567 0.5826011
vt 0.6009752 0.5686963
vt 0.5940228 0.5706826
vt 0.6079276 0.5706826
vt 0.61488 0.5826011
vt 0.5895534 0.6039548
vt 0.6009752 0.6039548
vt 0.6128936 0.6039548
vt 0.5766419 0.536914
vt 0.5766419 0.5513153
vt 0.7772678 0.5339344
vt 0.7832269 0.5056282
vt 0.7772678 0.5056282
vt 0.7832269 0.5339344
vt 0.7713085 0.5339344
vt 0.7713085 0.5056282
vt 0.765846 0.5339344
vt 0.765846 0.5056282
vt 0.7598868 0.5339344
vt 0.7598868 0.5056282
vt 0.7529344 0.5339344
vt 0.7529344 0.5056282
vt 0.7469752 0.5339344
vt 0.7469752 0.5056282
vt 0.7415127 0.5339344
vt 0.7415127 0.5056282
vt 0.7891861 0.5056282
vt 0.7891861 0.5339344
vt 0.7499548 0.5483357
vt 0.7405194 0.5542949
vt 0.745982 0.5523085
vt 0.7499548 0.536914
vt 0.7295942 0.536914
vt 0.7295942 0.5483357
vt 0.7345603 0.5523085
vt 0.728601 0.5428731
vt 0.750948 0.5428731
vt 0.7171793 0.6372269
vt 0.7226419 0.6272949
vt 0.7186691 0.6312677
vt 0.7405194 0.6372269
vt 0.7345603 0.6272949
vt 0.728601 0.6253085
vt 0.7395262 0.6312677
vt 0.7186691 0.6431861
vt 0.7395262 0.6431861
vt 0.4073017 0.6665262
vt 0.3566486 0.6233221
vt 0.4236895 0.6233221
vt 0.3626078 0.6595739
vt 0.4375942 0.6709956
vt 0.3496962 0.6575875
vt 0.3099684 0.6516283
vt 0.3000364 0.6233221
vt 0.4673901 0.6421929
vt 0.4703697 0.6233221
vt 0.5026487 0.6411997
vt 0.5036418 0.6233221
vt 0.4649071 0.665533
vt 0.738533 0.7365466
vt 0.7638596 0.7499548
vt 0.7395262 0.7499548
vt 0.7713085 0.7425058
vt 0.7693222 0.7122133
vt 0.7375398 0.7122133
vt 0.6993017 0.7365466
vt 0.7002949 0.7122133
vt 0.668016 0.7122133
vt 0.6665262 0.7425058
vt 0.6739752 0.7499548
vt 0.6983085 0.7499548
vt 0.2503765 0.6918527
vt 0.2290228 0.668016
vt 0.2503765 0.6585807
vt 0.2320024 0.6918527
vt 0.2290228 0.6809276
vt 0.2320024 0.6585807
vt 0.2717302 0.6918527
vt 0.2717302 0.6585807
vt 0.2866282 0.6749684
vt 0.2866282 0.6888732
vt 0.2866282 0.6918527
vt 0.2866282 0.660567
vt 0.2866282 0.6585807
vt 0.2970568 0.6898664
vt 0.2970568 0.6918527
vt 0.2970568 0.660567
vt 0.2970568 0.6575875
vt 0.7022814 0.6615602
vt 0.6665262 0.6908596
vt 0.6625534 0.668016
vt 0.7112201 0.6839072
vt 0.6526214 0.6868868
vt 0.6496419 0.6700024
vt 0.604948 0.6769548
vt 0.6079276 0.6933426
vt 0.5746555 0.6898664
vt 0.5746555 0.6819208
vt 0.01548534 0.6526214
vt 0.03236969 0.6615602
vt 0.02442411 0.6615602
vt 0.03236969 0.6436827
vt 0.01548534 0.6282881
vt 0.02343091 0.6282881
vt 0.1004037 0.6436827
vt 0.1093425 0.6282881
vt 0.1167915 0.6282881
vt 0.1167915 0.6526214
vt 0.1004037 0.6615602
vt 0.1093425 0.6615602
vt 0.1093425 0.6099139
vt 0.0661384 0.6099139
vt 0.02343091 0.6099139
vt 0.3626078 0.6709956
vt 0.4073017 0.6665262
vt 0.4063085 0.677948
vt 0.3626078 0.6595739
vt 0.4375942 0.6709956
vt 0.436601 0.682914
vt 0.3496962 0.6690092
vt 0.3496962 0.6575875
vt 0.3099684 0.6625534
vt 0.3099684 0.6516283
vt 0.5736623 0.6700024
vt 0.5483357 0.6769548
vt 0.5473425 0.665533
vt 0.5746555 0.6819208
vt 0.8492746 0.6963221
vt 0.7901793 0.7305875
vt 0.7986215 0.6963221
vt 0.8582133 0.7305875
vt 0.8582133 0.7479684
vt 0.7901793 0.7479684
vt 0.8582133 0.7529344
vt 0.7901793 0.7529344
vt 0.8492746 0.6486487
vt 0.7986215 0.6486487
vt 0.8055739 0.6362337
vt 0.843812 0.6362337
vt 0.8055739 0.5885602
vt 0.843812 0.5885602
vt 0.4063085 0.677948
vt 0.436601 0.6908596
vt 0.4043221 0.6943358
vt 0.436601 0.682914
vt 0.3596282 0.68788
vt 0.3626078 0.6709956
vt 0.3496962 0.6690092
vt 0.3457235 0.6918527
vt 0.3099684 0.6625534
vt 0.3010296 0.6849004
vt 0.7022814 0.6615602
vt 0.6615602 0.6575875
vt 0.7012881 0.6506351
vt 0.6625534 0.668016
vt 0.6496419 0.6585807
vt 0.6496419 0.6700024
vt 0.604948 0.6665262
vt 0.604948 0.6769548
vt 0.5736623 0.6700024
vt 0.5746555 0.6819208
vt 0.5483357 0.6769548
vt 0.5746555 0.6898664
vt 0.5463493 0.6849004
vt 0.5746555 0.6819208
vt 0.8681453 0.6565943
vt 0.8736079 0.655601
vt 0.8736079 0.7062541
vt 0.8621861 0.7032745
vt 0.8621861 0.6575875
vt 0.8765875 0.7425058
vt 0.8621861 0.7355534
vt 0.8726147 0.76088
vt 0.8885058 0.755914
vt 0.8904923 0.76088
vt 0.8671521 0.6431861
vt 0.8736079 0.6421929
vt 0.8621861 0.599982
vt 0.8726147 0.5930296
vt 0.8621861 0.6436827
vt 0.8795671 0.6332541
vt 0.8865194 0.6799344
vt 0.8795671 0.6789412
vt 0.8924786 0.6302745
vt 0.8949617 0.595016
vt 0.8795671 0.6009752
vt 0.8914855 0.5756487
vt 0.90688 0.5806146
vt 0.9088664 0.5756487
vt 0.8924786 0.6809276
vt 0.8795671 0.6928459
vt 0.884533 0.6933426
vt 0.8795671 0.7365466
vt 0.8924786 0.6943358
vt 0.8904923 0.743499
vt 0.4639139 0.677948
vt 0.436601 0.6908596
vt 0.436601 0.682914
vt 0.4649071 0.6858936
vt 0.4639139 0.677948
vt 0.4375942 0.6709956
vt 0.4649071 0.665533
vt 0.436601 0.682914
vt 0.655601 0.6223289
vt 0.604948 0.6665262
vt 0.587567 0.6223289
vt 0.6496419 0.6585807
vt 0.5736623 0.6700024
vt 0.5433698 0.6411997
vt 0.5473425 0.665533
vt 0.6615602 0.6575875
vt 0.7012881 0.6506351
vt 0.7112201 0.6223289
vt 0.5408868 0.6223289
vt 0.5086079 0.6402065
vt 0.5086079 0.6223289
vt 0.6709956 0.6178595
vt 0.6839072 0.5989888
vt 0.6819208 0.6178595
vt 0.6719888 0.5989888
vt 0.6625534 0.6178595
vt 0.6625534 0.5989888
vt 0.6526214 0.5989888
vt 0.6526214 0.6178595
vt 0.6411997 0.5989888
vt 0.6421929 0.6178595
vt 0.6312677 0.6178595
vt 0.6292813 0.5989888
vt 0.6233221 0.6178595
vt 0.6193494 0.5989888
vt 0.6918527 0.6178595
vt 0.695329 0.5989888
vt 0.6993017 0.6178595
vt 0.7052609 0.5989888
vt 0.6625534 0.5696895
vt 0.6719888 0.5696895
vt 0.6526214 0.5696895
vt 0.6421929 0.5696895
vt 0.6312677 0.5696895
vt 0.6223289 0.5696895
vt 0.7022814 0.5696895
vt 0.6933426 0.5696895
vt 0.682914 0.5696895
vt 0.1207643 0.9178052
vt 0.1326826 0.9272406
vt 0.1257302 0.9252542
vt 0.1406282 0.9148256
vt 0.129703 0.9039004
vt 0.1227507 0.9088664
vt 0.1366554 0.90688
vt 0.1386418 0.9232678
vt 0.1257302 0.9505807
vt 0.1406282 0.9505807
vt 0.1326826 0.9545535
vt 0.1406282 0.9322065
vt 0.1257302 0.9322065
vt 0.1217575 0.9421385
vt 0.1326826 0.9292269
vt 0.1431112 0.9421385
vt 0.1157983 0.6709956
vt 0.01101595 0.6759616
vt 0.01101595 0.6739752
vt 0.1157983 0.6739752
vt 0.01101595 0.677948
vt 0.1157983 0.6769548
vt 0.01101595 0.6799344
vt 0.1157983 0.6799344
vt 0.01101595 0.6819208
vt 0.1157983 0.682914
vt 0.01101595 0.682914
vt 0.1157983 0.6858936
vt 0.01101595 0.6849004
vt 0.1157983 0.6888732
vt 0.1157983 0.668016
vt 0.01101595 0.672982
vt 0.1157983 0.665533
vt 0.01101595 0.6709956
vt 0.901914 0.665533
vt 0.9252542 0.665533
vt 0.9138324 0.6700024
vt 0.9252542 0.6421929
vt 0.901914 0.6421929
vt 0.896948 0.6536146
vt 0.9138324 0.6382201
vt 0.9302201 0.6536146
vt 0.4276623 0.8681453
vt 0.4430568 0.8443086
vt 0.4430568 0.8681453
vt 0.4276623 0.8443086
vt 0.5180432 0.4510024
vt 0.5433698 0.4763289
vt 0.5180432 0.4763289
vt 0.5433698 0.4510024
vt 0.5180432 0.4306418
vt 0.5433698 0.4510024
vt 0.5180432 0.4510024
vt 0.5433698 0.4306418
vt 0.5433698 0.4763289
vt 0.5642269 0.4510024
vt 0.5642269 0.4872541
vt 0.5433698 0.4510024
vt 0.5433698 0.4986759
vt 0.5180432 0.4763289
vt 0.5433698 0.4763289
vt 0.5180432 0.4986759
vt 0.5180432 0.4763289
vt 0.4976827 0.4510024
vt 0.5180432 0.4510024
vt 0.4976827 0.4872541
vt 0.4862609 0.7638596
vt 0.4937099 0.7762746
vt 0.4862609 0.7762746
vt 0.4937099 0.7638596
vt 0.4937099 0.7832269
vt 0.4862609 0.7832269
vt 0.4937099 0.7762746
vt 0.4986759 0.7638596
vt 0.4986759 0.7812405
vt 0.4937099 0.7638596
vt 0.4862609 0.7762746
vt 0.4812949 0.7638596
vt 0.4862609 0.7638596
vt 0.4812949 0.7812405
vt 0.765846 0.6183562
vt 0.7782609 0.5989888
vt 0.7762746 0.6183562
vt 0.7668391 0.5989888
vt 0.7569072 0.6183562
vt 0.7569072 0.5989888
vt 0.7469752 0.5989888
vt 0.7469752 0.6183562
vt 0.7355534 0.5989888
vt 0.7365466 0.6183562
vt 0.7266147 0.6183562
vt 0.7226419 0.5989888
vt 0.7186691 0.6183562
vt 0.7122133 0.5989888
vt 0.7862065 0.6183562
vt 0.7901793 0.5989888
vt 0.7946487 0.6183562
vt 0.8006079 0.5989888
vt 0.7569072 0.5686963
vt 0.765846 0.5686963
vt 0.7469752 0.5686963
vt 0.7375398 0.5686963
vt 0.7266147 0.5686963
vt 0.7181725 0.5686963
vt 0.7946487 0.5686963
vt 0.7862065 0.5686963
vt 0.7762746 0.5686963
vt 0.08600235 0.8865194
vt 0.09643093 0.8959548
vt 0.08997514 0.8939684
vt 0.1043765 0.8835399
vt 0.09345134 0.8736079
vt 0.08699555 0.8775807
vt 0.1004037 0.8755943
vt 0.1023901 0.8924786
vt 0.4599411 0.884533
vt 0.4743425 0.884533
vt 0.4673901 0.8875126
vt 0.4743425 0.8661589
vt 0.4599411 0.8661589
vt 0.4569616 0.8746011
vt 0.4673901 0.8621861
vt 0.4773221 0.8746011
vt 0.22505 0.6709956
vt 0.1197711 0.6759616
vt 0.1197711 0.6749684
vt 0.22505 0.6739752
vt 0.1197711 0.677948
vt 0.22505 0.6769548
vt 0.1197711 0.6799344
vt 0.22505 0.6799344
vt 0.1197711 0.6819208
vt 0.22505 0.682914
vt 0.1197711 0.6839072
vt 0.22505 0.6858936
vt 0.1197711 0.6849004
vt 0.22505 0.6888732
vt 0.22505 0.668016
vt 0.1197711 0.672982
vt 0.22505 0.665533
vt 0.1197711 0.6709956
vt 0.9029072 0.6272949
vt 0.9262474 0.6272949
vt 0.9148256 0.6322609
vt 0.9262474 0.604948
vt 0.9029072 0.604948
vt 0.8979412 0.6168664
vt 0.9148256 0.599982
vt 0.9312133 0.6168664
vt 0.4082949 0.8671521
vt 0.4246826 0.8443086
vt 0.4246826 0.8671521
vt 0.4082949 0.8443086
vt 0.7489616 0.6575875
vt 0.7752814 0.682914
vt 0.7489616 0.682914
vt 0.7752814 0.6575875
vt 0.7489616 0.6372269
vt 0.7752814 0.6575875
vt 0.7489616 0.6575875
vt 0.7752814 0.6372269
vt 0.7752814 0.682914
vt 0.7956419 0.6575875
vt 0.7956419 0.6933426
vt 0.7752814 0.6575875
vt 0.7752814 0.7052609
vt 0.7489616 0.682914
vt 0.7752814 0.682914
vt 0.7489616 0.7052609
vt 0.7489616 0.682914
vt 0.728601 0.6575875
vt 0.7489616 0.6575875
vt 0.728601 0.6933426
vt 0.4649071 0.7638596
vt 0.4713629 0.7762746
vt 0.4649071 0.7762746
vt 0.4713629 0.7638596
vt 0.4713629 0.7832269
vt 0.4649071 0.7832269
vt 0.4713629 0.7762746
vt 0.4773221 0.7638596
vt 0.4773221 0.7812405
vt 0.4713629 0.7638596
vt 0.4649071 0.7762746
vt 0.4599411 0.7638596
vt 0.4649071 0.7638596
vt 0.4599411 0.7812405
vt 0.4956963 0.6585807
vt 0.5026487 0.6819208
vt 0.4966895 0.6849004
vt 0.5026487 0.6565943
vt 0.5086079 0.6799344
vt 0.5096011 0.6546078
vt 0.5165534 0.655601
vt 0.5155602 0.6799344
vt 0.5230092 0.6565943
vt 0.5210228 0.6819208
vt 0.5299616 0.660567
vt 0.526982 0.6858936
vt 0.5086079 0.68788
vt 0.5016555 0.68788
vt 0.4937099 0.6888732
vt 0.514567 0.68788
vt 0.522016 0.6888732
vt 0.5289684 0.6908596
vt 0.5359207 0.6546078
vt 0.5240024 0.6516283
vt 0.522016 0.6436827
vt 0.5289684 0.6546078
vt 0.5428731 0.6436827
vt 0.5408868 0.6516283
vt 0.1386418 0.8904923
vt 0.1227507 0.896948
vt 0.1237439 0.8904923
vt 0.1406282 0.896948
vt 0.1336758 0.8865194
vt 0.1287098 0.8865194
vt 0.1207643 0.901914
vt 0.1406282 0.896948
vt 0.142118 0.901914
vt 0.1227507 0.896948
vt 0.1883017 0.8199752
vt 0.1823425 0.7976283
vt 0.1883017 0.7976283
vt 0.1823425 0.8199752
vt 0.1937643 0.8199752
vt 0.1937643 0.7976283
vt 0.1987303 0.8199752
vt 0.1997235 0.7976283
vt 0.2046894 0.8199752
vt 0.2046894 0.7976283
vt 0.2106486 0.8199752
vt 0.2106486 0.7976283
vt 0.2166078 0.8199752
vt 0.2166078 0.7976283
vt 0.1763833 0.7976283
vt 0.1773765 0.8199752
vt 0.1704241 0.7976283
vt 0.1714173 0.8199752
vt 0.1937643 0.828914
vt 0.1883017 0.828914
vt 0.1833357 0.828914
vt 0.2036963 0.828914
vt 0.1987303 0.828914
vt 0.1734037 0.828914
vt 0.1783697 0.828914
vt 0.2096554 0.828914
vt 0.2146214 0.828914
vt 0.4703697 0.9039004
vt 0.4629208 0.9009208
vt 0.4733493 0.8959548
vt 0.4668936 0.9048936
vt 0.4659004 0.8934718
vt 0.4629208 0.896948
vt 0.4703697 0.8934718
vt 0.4743425 0.9009208
vt 0.2369684 0.8199752
vt 0.2310092 0.7976283
vt 0.2369684 0.7976283
vt 0.2310092 0.8199752
vt 0.2424309 0.8199752
vt 0.2424309 0.7976283
vt 0.2483901 0.8199752
vt 0.2483901 0.7976283
vt 0.2533561 0.8199752
vt 0.2543493 0.7976283
vt 0.2593153 0.8199752
vt 0.2593153 0.7976283
vt 0.2652745 0.8199752
vt 0.2652745 0.7976283
vt 0.22505 0.7976283
vt 0.22505 0.8199752
vt 0.2190908 0.7976283
vt 0.220084 0.8199752
vt 0.2424309 0.8279208
vt 0.2369684 0.8279208
vt 0.2320024 0.8279208
vt 0.2533561 0.8279208
vt 0.2473969 0.8279208
vt 0.2210772 0.828914
vt 0.2260432 0.8279208
vt 0.2583221 0.8279208
vt 0.2632881 0.828914
vt 0.09941052 0.9158188
vt 0.08798875 0.911846
vt 0.1043765 0.9039004
vt 0.09245814 0.9158188
vt 0.09146494 0.8999276
vt 0.08699555 0.9048936
vt 0.09841732 0.8989344
vt 0.1043765 0.9108528
vt 0.134669 0.6382201
vt 0.1287098 0.6565943
vt 0.1277166 0.6392133
vt 0.1356622 0.6565943
vt 0.1793629 0.6645398
vt 0.1734037 0.6456691
vt 0.1803561 0.6456691
vt 0.1724105 0.6645398
vt 0.1664513 0.6382201
vt 0.1356622 0.6565943
vt 0.134669 0.6382201
vt 0.1684377 0.6565943
vt 0.1684377 0.6565943
vt 0.134669 0.6635466
vt 0.1356622 0.6565943
vt 0.1694309 0.6635466
vt 0.2146214 0.6456691
vt 0.1803561 0.6392133
vt 0.2156146 0.6392133
vt 0.1803561 0.6456691
vt 0.212635 0.6645398
vt 0.1803561 0.6456691
vt 0.2146214 0.6456691
vt 0.1793629 0.6645398
vt 0.967465 0.531948
vt 0.9908051 0.5125806
vt 0.9917984 0.5359207
vt 0.974914 0.5125806
vt 0.9699481 0.5408868
vt 0.9917984 0.5503221
vt 0.9759072 0.5542949
vt 0.9858392 0.5706826
vt 0.9937848 0.5696895
vt 0.997261 0.4693765
vt 0.9739208 0.4500092
vt 0.989812 0.4500092
vt 0.9739208 0.4733493
vt 0.994778 0.4783153
vt 0.9729276 0.4882473
vt 0.9888188 0.4922201
vt 0.9788868 0.5086079
vt 0.9709412 0.5076146
vt 0.9515739 0.9937848
vt 0.9615058 0.9788868
vt 0.9615058 0.9937848
vt 0.9515739 0.9788868
vt 0.9476011 0.83388
vt 0.9381657 0.8135194
vt 0.9476011 0.8135194
vt 0.9381657 0.83388
vt 0.9381657 0.8035875
vt 0.9476011 0.8035875
vt 0.9381657 0.7901793
vt 0.9476011 0.7901793
vt 0.9381657 0.7703153
vt 0.9476011 0.7703153
vt 0.9476011 0.7628664
vt 0.9381657 0.7703153
vt 0.9381657 0.7628664
vt 0.9476011 0.7703153
vt 0.9515739 0.9212813
vt 0.9615058 0.9411453
vt 0.9515739 0.9411453
vt 0.9615058 0.9212813
vt 0.9615058 0.9565399
vt 0.9515739 0.9565399
vt 0.9615058 0.9788868
vt 0.9515739 0.9788868
vt 0.9729276 0.5816078
vt 0.9982542 0.5736623
vt 0.9982542 0.5816078
vt 0.9729276 0.5736623
vt 0.9729276 0.5895534
vt 0.9982542 0.5895534
vt 0.9729276 0.5970024
vt 0.9982542 0.5970024
vt 0.9729276 0.604948
vt 0.9982542 0.604948
vt 0.9729276 0.6128936
vt 0.9982542 0.6128936
vt 0.9729276 0.6213357
vt 0.9982542 0.6213357
vt 0.9729276 0.6292813
vt 0.9982542 0.6292813
vt 0.9729276 0.6372269
vt 0.9982542 0.6372269
vt 0.9962677 0.6739752
vt 0.9868324 0.6645398
vt 0.9937848 0.6675195
vt 0.9778936 0.6739752
vt 0.9868324 0.6849004
vt 0.9937848 0.6809276
vt 0.97988 0.6809276
vt 0.97988 0.6675195
vt 0.994778 0.6436827
vt 0.9808732 0.6436827
vt 0.9878256 0.6411997
vt 0.9808732 0.6585807
vt 0.994778 0.6585807
vt 0.997261 0.6506351
vt 0.9878256 0.6615602
vt 0.9778936 0.6506351
vt 0.8199752 0.4246826
vt 0.8949617 0.4073017
vt 0.8765875 0.4246826
vt 0.823948 0.4073017
vt 0.8681453 0.441567
vt 0.8184854 0.441567
vt 0.9788868 0.4405738
vt 0.9029072 0.4226963
vt 0.9595194 0.4226963
vt 0.90688 0.4405738
vt 0.9009208 0.4063085
vt 0.9515739 0.4063085
vt 0.9917984 0.9232678
vt 0.9868324 0.90688
vt 0.9917984 0.90688
vt 0.9868324 0.9232678
vt 0.9868324 0.8914855
vt 0.9917984 0.8914855
vt 0.9917984 0.8408324
vt 0.9868324 0.8914855
vt 0.9868324 0.8408324
vt 0.9917984 0.8914855
vt 0.9917984 0.8408324
vt 0.9868324 0.8219616
vt 0.9917984 0.8219616
vt 0.9868324 0.8408324
vt 0.9868324 0.7986215
vt 0.9917984 0.7986215
vt 0.9917984 0.9232678
vt 0.9868324 0.994778
vt 0.9868324 0.9232678
vt 0.9917984 0.994778
vt 0.7365466 0.4385874
vt 0.7246283 0.4296486
vt 0.7365466 0.4296486
vt 0.7246283 0.4385874
vt 0.7489616 0.4385874
vt 0.7489616 0.4296486
vt 0.76088 0.4385874
vt 0.76088 0.4296486
vt 0.7732949 0.4385874
vt 0.7732949 0.4296486
vt 0.7852133 0.4385874
vt 0.7852133 0.4296486
vt 0.7966351 0.4385874
vt 0.7966351 0.4296486
vt 0.8095466 0.4385874
vt 0.8095466 0.4296486
vt 0.7132065 0.4296486
vt 0.7132065 0.4385874
vt 0.9838528 0.7569072
vt 0.9992474 0.7405194
vt 0.994778 0.7519412
vt 0.9838528 0.7236351
vt 0.967465 0.7405194
vt 0.9719344 0.7519412
vt 0.9719344 0.728601
vt 0.994778 0.728601
vt 0.9709412 0.6898664
vt 0.9709412 0.7132065
vt 0.967465 0.7012881
vt 0.9937848 0.7132065
vt 0.9937848 0.6898664
vt 0.9828596 0.6849004
vt 0.9982542 0.7012881
vt 0.9828596 0.7181725
vt 0.9212813 0.7936555
vt 0.9187984 0.8522542
vt 0.9178052 0.7936555
vt 0.924261 0.8522542
vt 0.9128392 0.8522542
vt 0.9128392 0.7936555
vt 0.90688 0.8522542
vt 0.9088664 0.7936555
vt 0.901914 0.8522542
vt 0.9048936 0.7936555
vt 0.8959548 0.8522542
vt 0.9009208 0.7936555
vt 0.8904923 0.851261
vt 0.896948 0.7936555
vt 0.9252542 0.7936555
vt 0.9292269 0.8522542
vt 0.9292269 0.7936555
vt 0.9351861 0.851261
vt 0.9138324 0.6769548
vt 0.9168119 0.6769548
vt 0.919295 0.6769548
vt 0.9078732 0.6769548
vt 0.9108528 0.6769548
vt 0.901914 0.6769548
vt 0.9048936 0.6769548
vt 0.9222745 0.6769548
vt 0.9252542 0.6769548
vt 0.884533 0.8075603
vt 0.8775807 0.8006079
vt 0.8825467 0.8025942
vt 0.8696351 0.8075603
vt 0.8775807 0.8145126
vt 0.8825467 0.8125262
vt 0.8716215 0.8125262
vt 0.8716215 0.8025942
vt 0.8661589 0.7911725
vt 0.8894991 0.7911725
vt 0.8775807 0.7956419
vt 0.8894991 0.7693222
vt 0.8661589 0.7693222
vt 0.8621861 0.7802473
vt 0.8775807 0.765846
vt 0.8939684 0.7802473
vt 0.9212813 0.7936555
vt 0.9187984 0.8522542
vt 0.9178052 0.7936555
vt 0.924261 0.8522542
vt 0.9128392 0.8522542
vt 0.9128392 0.7936555
vt 0.90688 0.8522542
vt 0.9088664 0.7936555
vt 0.901914 0.8522542
vt 0.9048936 0.7936555
vt 0.8959548 0.8522542
vt 0.9009208 0.7936555
vt 0.8904923 0.851261
vt 0.896948 0.7936555
vt 0.9252542 0.7936555
vt 0.9292269 0.8522542
vt 0.9292269 0.7936555
vt 0.9351861 0.851261
vt 0.9138324 0.6769548
vt 0.9168119 0.6769548
vt 0.919295 0.6769548
vt 0.9078732 0.6769548
vt 0.9108528 0.6769548
vt 0.901914 0.6769548
vt 0.9048936 0.6769548
vt 0.9222745 0.6769548
vt 0.9252542 0.6769548
vt 0.884533 0.8075603
vt 0.8775807 0.8006079
vt 0.8825467 0.8025942
vt 0.8696351 0.8075603
vt 0.8775807 0.8145126
vt 0.8825467 0.8125262
vt 0.8716215 0.8125262
vt 0.8716215 0.8025942
vt 0.8661589 0.7911725
vt 0.8894991 0.7911725
vt 0.8775807 0.7956419
vt 0.8894991 0.7693222
vt 0.8661589 0.7693222
vt 0.8621861 0.7802473
vt 0.8775807 0.765846
vt 0.8939684 0.7802473
vt 0.3526759 0.2464037
vt 0.3362881 0.2523629
vt 0.3362881 0.2464037
vt 0.3526759 0.2523629
vt 0.8934718 0.5115874
vt 0.9292269 0.5026487
vt 0.9292269 0.5115874
vt 0.8939684 0.5026487
vt 0.8934718 0.5200296
vt 0.9292269 0.5200296
vt 0.8934718 0.5289684
vt 0.9292269 0.5289684
vt 0.8934718 0.5379072
vt 0.9292269 0.5389004
vt 0.8934718 0.5473425
vt 0.9292269 0.5473425
vt 0.8934718 0.5562813
vt 0.9292269 0.5562813
vt 0.8934718 0.5652201
vt 0.9292269 0.5652201
vt 0.8934718 0.5736623
vt 0.9292269 0.5736623
vt 0.9292269 0.4937099
vt 0.8939684 0.4937099
vt 0.9292269 0.4852677
vt 0.8939684 0.4852677
vt 0.9818664 0.765846
vt 0.9615058 0.7598868
vt 0.9719344 0.7598868
vt 0.9485943 0.7762746
vt 0.9818664 0.7871997
vt 0.984846 0.7762746
vt 0.9615058 0.7931589
vt 0.9719344 0.7931589
vt 0.9525671 0.7871997
vt 0.9525671 0.765846
vt 0.9615058 0.7931589
vt 0.9818664 0.7871997
vt 0.9719344 0.7931589
vt 0.9818664 0.765846
vt 0.9485943 0.7762746
vt 0.9525671 0.7871997
vt 0.9615058 0.7598868
vt 0.9525671 0.765846
vt 0.9719344 0.7598868
vt 0.984846 0.7762746
vt 0.1530432 0.3750228
vt 0.1639684 0.4172337
vt 0.1892949 0.3616146
vt 0.1441044 0.4187235
vt 0.1083493 0.4033289
vt 0.1187779 0.431635
vt 0.08997514 0.4375942
vt 0.09841732 0.449016
vt 0.07904997 0.4733493
vt 0.1813493 0.4187235
vt 0.2007167 0.3506894
vt 0.212635 0.3819752
vt 0.2007167 0.4246826
vt 0.2339888 0.4023357
vt 0.2593153 0.4092881
vt 0.2066758 0.4385874
vt 0.2836486 0.4162405
vt 0.2846418 0.4266691
vt 0.08004317 0.3616146
vt 0.1217575 0.3730364
vt 0.1356622 0.3362881
vt 0.07805678 0.380982
vt 0.09345134 0.4177303
vt 0.06564181 0.4063085
vt 0.05968262 0.436601
vt 0.04776425 0.4276623
vt 0.07904997 0.3437371
vt 0.147084 0.3253629
vt 0.1157983 0.312948
vt 0.07209759 0.3243697
vt 0.09444453 0.2920908
vt 0.05968262 0.3184105
vt 0.08798875 0.2667643
vt 0.08103637 0.2414377
vt 0.07110439 0.2414377
vt 0.02343091 0.4470296
vt 0.9982542 0.2662677
vt 0.9719344 0.2464037
vt 0.9719344 0.2662677
vt 0.9982542 0.2464037
vt 0.9719344 0.2836486
vt 0.9982542 0.2836486
vt 0.997261 0.3020228
vt 0.9739208 0.3020228
vt 0.9952745 0.3293357
vt 0.9759072 0.3293357
vt 0.9808732 0.3546622
vt 0.9908051 0.3546622
vt 0.9858392 0.3839616
vt 0.9982542 0.2464037
vt 0.9719344 0.2329956
vt 0.9719344 0.2464037
vt 0.9982542 0.2329956
vt 0.08500916 0.5915398
vt 0.1530432 0.604948
vt 0.1530432 0.5816078
vt 0.08500916 0.595016
vt 0.05471664 0.592533
vt 0.07706358 0.595016
vt 0.07706358 0.5915398
vt 0.05471664 0.5940228
vt 0.0313765 0.5940228
vt 0.0313765 0.592533
vt 0.006049961 0.5930296
vt 0.08500916 0.5915398
vt 0.07706358 0.595016
vt 0.08500916 0.595016
vt 0.07706358 0.5915398
vt 0.3506894 0.4003493
vt 0.2886146 0.4013425
vt 0.303016 0.4187235
vt 0.3194037 0.3799888
vt 0.3050024 0.4346146
vt 0.3506894 0.436601
vt 0.3789956 0.4266691
vt 0.3417507 0.1267234
vt 0.2836486 0.1277166
vt 0.3427439 0.1277166
vt 0.2836486 0.1267234
vt 0.3819752 0.1217575
vt 0.3819752 0.1247371
vt 0.3427439 0.1247371
vt 0.8979412 0.2990432
vt 0.851261 0.285635
vt 0.8795671 0.3119547
vt 0.8755943 0.2603085
vt 0.8443086 0.1977371
vt 0.851261 0.1947575
vt 0.8199752 0.2652745
vt 0.2836486 0.1277166
vt 0.2776894 0.1267234
vt 0.2766962 0.1277166
vt 0.2836486 0.1267234
vt 0.2156146 0.1267234
vt 0.2156146 0.129703
vt 0.1823425 0.1267234
vt 0.1813493 0.1306962
vt 0.1356622 0.1267234
vt 0.1356622 0.1287098
vt 0.08699555 0.1267234
vt 0.2836486 0.1267234
vt 0.8035875 0.3040092
vt 0.738533 0.3050024
vt 0.7395262 0.3109615
vt 0.7891861 0.2866282
vt 0.7395262 0.3174173
vt 0.8055739 0.3194037
vt 0.6839072 0.3194037
vt 0.05570983 0.1853221
vt 0.03534928 0.161982
vt 0.01846493 0.1853221
vt 0.03932207 0.161982
vt 0.0661384 0.2210772
vt 0.009029552 0.2210772
vt 0.01548534 0.2766962
vt 0.05968262 0.2766962
vt 0.02641051 0.3576418
vt 0.04776425 0.3576418
vt 0.03733568 0.4246826
vt 0.851261 0.285635
vt 0.7891861 0.2866282
vt 0.8199752 0.2652745
vt 0.8035875 0.3040092
vt 0.738533 0.3050024
vt 0.7395262 0.3109615
vt 0.7395262 0.3174173
vt 0.8055739 0.3194037
vt 0.851261 0.3213901
vt 0.6839072 0.3194037
vt 0.8795671 0.3119547
vt 0.8979412 0.2990432
vt 0.8755943 0.2603085
vt 0.8443086 0.1977371
vt 0.851261 0.1947575
vt 0.3417507 0.1267234
vt 0.2836486 0.1247371
vt 0.2836486 0.1267234
vt 0.3427439 0.1247371
vt 0.2836486 0.1267234
vt 0.2776894 0.1267234
vt 0.2766962 0.1247371
vt 0.2156146 0.1267234
vt 0.2156146 0.1227507
vt 0.1823425 0.1267234
vt 0.1813493 0.1217575
vt 0.1356622 0.1267234
vt 0.1356622 0.1237439
vt 0.08699555 0.1267234
vt 0.4937099 0.2270364
vt 0.5135738 0.2260432
vt 0.5086079 0.2146214
vt 0.4976827 0.2409412
vt 0.4649071 0.2603085
vt 0.4673901 0.230016
vt 0.4023357 0.2543493
vt 0.4430568 0.2310092
vt 0.4102813 0.22505
vt 0.9575331 0.1326826
vt 0.9381657 0.1336758
vt 0.9535603 0.1450976
vt 0.9411453 0.1197711
vt 0.9048936 0.1053697
vt 0.9108528 0.134669
vt 0.843812 0.1167915
vt 0.8875126 0.1356622
vt 0.8542405 0.1450976
vt 0.01945813 0.0671316
vt 0.02343091 0.004063566
vt 0.01945813 0.004063566
vt 0.02343091 0.0671316
vt 0.009029552 0.0313765
vt 0.006049961 0.05868942
vt 0.009029552 0.05868942
vt 0.006049961 0.0313765
vt 0.6868868 0.003070368
vt 0.6446759 0.02144452
vt 0.6868868 0.02144452
vt 0.6446759 0.003070368
vt 0.5835943 0.02144452
vt 0.5835943 0.003070368
vt 0.5359207 0.02144452
vt 0.5359207 0.003070368
vt 0.5279752 0.02144452
vt 0.5279752 0.003070368
vt 0.6933426 0.02144452
vt 0.7062541 0.004063566
vt 0.6933426 0.007043158
vt 0.7062541 0.02442411
vt 0.7479684 0.004063566
vt 0.7479684 0.02442411
vt 0.7881929 0.004063566
vt 0.7881929 0.02442411
vt 0.818982 0.004063566
vt 0.818982 0.02442411
vt 0.8726147 0.004063566
vt 0.8726147 0.02442411
vt 0.9515739 0.004063566
vt 0.9515739 0.02442411
vt 0.15205 0.2156146
vt 0.1123221 0.139635
vt 0.1153017 0.1753901
vt 0.1659547 0.1540364
vt 0.05273024 0.1411248
vt 0.03534928 0.1093425
vt 0.1530432 0.22505
vt 0.1977371 0.1609888
vt 0.2389548 0.1629751
vt 0.1773765 0.2290228
vt 0.2563357 0.1823425
vt 0.2816622 0.1510568
vt 0.007043158 0.1257302
vt 0.2940772 0.1530432
vt 0.2816622 0.212635
vt 0.2424309 0.2896078
vt 0.2796758 0.2493833
vt 0.2280296 0.2280296
vt 0.2409412 0.29805
vt 0.1967439 0.2339888
vt 0.2166078 0.303016
vt 0.1550296 0.2369684
vt 0.1376486 0.2563357
vt 0.1133153 0.2240568
vt 0.1004037 0.2270364
vt 0.8939684 0.1450976
vt 0.8145126 0.2106486
vt 0.8765875 0.1773765
vt 0.8174922 0.1743969
vt 0.9222745 0.1609888
vt 0.9515739 0.02442411
vt 0.9828596 0.004063566
vt 0.9515739 0.004063566
vt 0.9828596 0.02442411
vt 0.5279752 0.003070368
vt 0.5066214 0.02144452
vt 0.5279752 0.02144452
vt 0.5066214 0.003070368
vt 0.4266691 0.02144452
vt 0.4266691 0.003070368
vt 0.3859479 0.01846493
vt 0.3859479 0.006049961
vt 0.1143085 0.4812949
vt 0.01399554 0.4882473
vt 0.01101595 0.4659004
vt 0.1083493 0.4922201
vt 0.1083493 0.4922201
vt 0.01399554 0.5165534
vt 0.01399554 0.4882473
vt 0.1083493 0.5125806
vt 0.1143085 0.5240024
vt 0.01399554 0.5165534
vt 0.1083493 0.5125806
vt 0.01101595 0.5398936
vt 0.1177847 0.4927167
vt 0.220084 0.5175466
vt 0.220084 0.4892405
vt 0.1177847 0.5135738
vt 0.9634923 0.7569072
vt 0.934193 0.7186691
vt 0.934193 0.7569072
vt 0.9634923 0.7186691
vt 0.9634923 0.6928459
vt 0.934193 0.6928459
vt 0.934193 0.6546078
vt 0.9634923 0.6546078
vt 0.934193 0.6029616
vt 0.9634923 0.6029616
vt 0.934193 0.544363
vt 0.9634923 0.544363
vt 0.9381657 0.5125806
vt 0.9595194 0.5125806
vt 0.984846 0.8726147
vt 0.9585263 0.8651657
vt 0.9585263 0.8726147
vt 0.984846 0.8651657
vt 0.9585263 0.8472881
vt 0.984846 0.8472881
vt 0.9585263 0.823948
vt 0.984846 0.823948
vt 0.9585263 0.8075603
vt 0.984846 0.8075603
vt 0.984846 0.7966351
vt 0.9585263 0.7966351
vt 0.9615058 0.8989344
vt 0.9818664 0.8989344
vt 0.9788868 0.9421385
vt 0.9654787 0.9421385
vt 0.9381657 0.4812949
vt 0.9595194 0.5125806
vt 0.9595194 0.4812949
vt 0.9381657 0.5125806
vt 0.5940228 0.4793085
vt 0.7325739 0.4986759
vt 0.7325739 0.4763289
vt 0.5940228 0.4956963
vt 0.7921657 0.4927167
vt 0.8105398 0.4822881
vt 0.7921657 0.4822881
vt 0.8105398 0.4927167
vt 0.5542949 0.1957507
vt 0.5686963 0.2210772
vt 0.6168664 0.1947575
vt 0.5562813 0.2046894
vt 0.5915398 0.1609888
vt 0.5493289 0.1674445
vt 0.5756487 0.1267234
vt 0.5523085 0.1197711
vt 0.577635 0.2454105
vt 0.5796214 0.2632881
vt 0.577635 0.275703
vt 0.6168664 0.275703
vt 0.6382201 0.2603085
vt 0.6749684 0.2464037
vt 0.7276078 0.2399479
vt 0.7881929 0.2359752
vt 0.8055739 0.2066758
vt 0.8209684 0.2339888
vt 0.2836486 0.526982
vt 0.2697439 0.5523085
vt 0.2816622 0.5359207
vt 0.2210772 0.5259888
vt 0.2464037 0.4922201
vt 0.2886146 0.4986759
vt 0.2622949 0.4579548
vt 0.2866282 0.4510024
vt 0.2603085 0.5766419
vt 0.2593153 0.5940228
vt 0.2613017 0.6069344
vt 0.2210772 0.6069344
vt 0.1997235 0.5915398
vt 0.1629751 0.577635
vt 0.1103357 0.5706826
vt 0.04975065 0.5672065
vt 0.03236969 0.5379072
vt 0.01747173 0.5652201
vt 0.7325739 0.4763289
vt 0.7638596 0.4956963
vt 0.7638596 0.4793085
vt 0.7325739 0.4986759
vt 0.7921657 0.4822881
vt 0.7921657 0.4927167
vt 0.3233765 0.230016
vt 0.3919071 0.2389548
vt 0.3993561 0.220084
vt 0.3283425 0.2399479
vt 0.3283425 0.2399479
vt 0.3919071 0.2454105
vt 0.3919071 0.2389548
vt 0.3283425 0.2444173
vt 0.3233765 0.2543493
vt 0.3919071 0.2454105
vt 0.3283425 0.2444173
vt 0.3993561 0.2642813
vt 0.8805603 0.2503765
vt 0.8875126 0.202703
vt 0.8805603 0.2136282
vt 0.9098596 0.2503765
vt 0.9128392 0.234982
vt 0.9232678 0.2146214
vt 0.9039004 0.1843289
vt 0.9371725 0.1947575
vt 0.9252542 0.1684377
vt 0.9515739 0.1803561
vt 0.9515739 0.1510568
vt 0.9699481 0.1411248
vt 0.9699481 0.1694309
vt 0.3953833 0.5677031
vt 0.4023357 0.6158732
vt 0.4023357 0.5786282
vt 0.3730364 0.6158732
vt 0.3700568 0.599982
vt 0.3606214 0.5806146
vt 0.3789956 0.5503221
vt 0.3457235 0.5612473
vt 0.358635 0.5349275
vt 0.3313221 0.5453562
vt 0.3313221 0.5175466
vt 0.312948 0.5359207
vt 0.312948 0.5066214
vt 0.15205 0.4639139
vt 0.1431112 0.4872541
vt 0.15205 0.4872541
vt 0.1431112 0.4639139
vt 0.1167915 0.4639139
vt 0.1167915 0.4872541
vt 0.1684377 0.4639139
vt 0.1684377 0.4872541
vt 0.1863153 0.4639139
vt 0.1863153 0.4872541
vt 0.2086622 0.4639139
vt 0.2086622 0.4872541
vt 0.2230636 0.4639139
vt 0.2230636 0.4872541
vt 0.6312677 0.5309548
vt 0.6546078 0.5026487
vt 0.6312677 0.5026487
vt 0.6546078 0.5309548
vt 0.6858936 0.5309548
vt 0.7042677 0.5026487
vt 0.6858936 0.5026487
vt 0.7042677 0.5309548
vt 0.6675195 0.5309548
vt 0.6675195 0.5026487
vt 0.7216487 0.5026487
vt 0.7216487 0.5309548
vt 0.6546078 0.5309548
vt 0.6546078 0.5026487
vt 0.738533 0.5026487
vt 0.738533 0.5309548
vt 0.8934718 0.5115874
vt 0.9292269 0.5026487
vt 0.8939684 0.5026487
vt 0.9292269 0.5115874
vt 0.8934718 0.5200296
vt 0.9292269 0.5200296
vt 0.8934718 0.5289684
vt 0.9292269 0.5289684
vt 0.8934718 0.5379072
vt 0.9292269 0.5389004
vt 0.8934718 0.5473425
vt 0.9292269 0.5473425
vt 0.8934718 0.5562813
vt 0.9292269 0.5562813
vt 0.8934718 0.5652201
vt 0.9292269 0.5652201
vt 0.8934718 0.5736623
vt 0.9292269 0.5736623
vt 0.9292269 0.4937099
vt 0.8939684 0.4937099
vt 0.9292269 0.4852677
vt 0.8939684 0.4852677
vt 0.9818664 0.765846
vt 0.9615058 0.7598868
vt 0.9485943 0.7762746
vt 0.9719344 0.7598868
vt 0.9818664 0.7871997
vt 0.984846 0.7762746
vt 0.9615058 0.7931589
vt 0.9719344 0.7931589
vt 0.9525671 0.7871997
vt 0.9525671 0.765846
vt 0.9615058 0.7931589
vt 0.9818664 0.7871997
vt 0.9818664 0.765846
vt 0.9719344 0.7931589
vt 0.9485943 0.7762746
vt 0.9525671 0.7871997
vt 0.9615058 0.7598868
vt 0.9525671 0.765846
vt 0.9719344 0.7598868
vt 0.984846 0.7762746
vt 0.5503221 0.5259888
vt 0.5572745 0.5076146
vt 0.536914 0.5076146
vt 0.5572745 0.5259888
vt 0.6009752 0.5259888
vt 0.5940228 0.5076146
vt 0.5940228 0.5259888
vt 0.61488 0.5076146
vt 0.5940228 0.4882473
vt 0.5572745 0.5076146
vt 0.5940228 0.5076146
vt 0.5572745 0.4882473
vt 0.5940228 0.5259888
vt 0.5572745 0.5329412
vt 0.5940228 0.5329412
vt 0.5572745 0.5259888
vt 0.5940228 0.5076146
vt 0.5572745 0.5259888
vt 0.5940228 0.5259888
vt 0.5572745 0.5076146
vt 0.967465 0.531948
vt 0.9908051 0.5125806
vt 0.974914 0.5125806
vt 0.9917984 0.5359207
vt 0.9699481 0.5408868
vt 0.9917984 0.5503221
vt 0.9759072 0.5542949
vt 0.9858392 0.5706826
vt 0.9937848 0.5696895
vt 0.997261 0.4693765
vt 0.9739208 0.4500092
vt 0.9739208 0.4733493
vt 0.989812 0.4500092
vt 0.994778 0.4783153
vt 0.9729276 0.4882473
vt 0.9888188 0.4922201
vt 0.9788868 0.5086079
vt 0.9709412 0.5076146
vt 0.9515739 0.9937848
vt 0.9615058 0.9788868
vt 0.9515739 0.9788868
vt 0.9615058 0.9937848
vt 0.9476011 0.83388
vt 0.9381657 0.8135194
vt 0.9381657 0.83388
vt 0.9476011 0.8135194
vt 0.9381657 0.8035875
vt 0.9476011 0.8035875
vt 0.9381657 0.7901793
vt 0.9476011 0.7901793
vt 0.9381657 0.7703153
vt 0.9476011 0.7703153
vt 0.9476011 0.7628664
vt 0.9381657 0.7703153
vt 0.9476011 0.7703153
vt 0.9381657 0.7628664
vt 0.9515739 0.9212813
vt 0.9615058 0.9411453
vt 0.9615058 0.9212813
vt 0.9515739 0.9411453
vt 0.9615058 0.9565399
vt 0.9515739 0.9565399
vt 0.9615058 0.9788868
vt 0.9515739 0.9788868
vt 0.9729276 0.5816078
vt 0.9982542 0.5736623
vt 0.9729276 0.5736623
vt 0.9982542 0.5816078
vt 0.9729276 0.5895534
vt 0.9982542 0.5895534
vt 0.9729276 0.5970024
vt 0.9982542 0.5970024
vt 0.9729276 0.604948
vt 0.9982542 0.604948
vt 0.9729276 0.6128936
vt 0.9982542 0.6128936
vt 0.9729276 0.6213357
vt 0.9982542 0.6213357
vt 0.9729276 0.6292813
vt 0.9982542 0.6292813
vt 0.9729276 0.6372269
vt 0.9982542 0.6372269
vt 0.9962677 0.6739752
vt 0.9868324 0.6645398
vt 0.9778936 0.6739752
vt 0.9937848 0.6675195
vt 0.9868324 0.6849004
vt 0.9937848 0.6809276
vt 0.97988 0.6809276
vt 0.97988 0.6675195
vt 0.994778 0.6436827
vt 0.9808732 0.6436827
vt 0.9808732 0.6585807
vt 0.9878256 0.6411997
vt 0.994778 0.6585807
vt 0.997261 0.6506351
vt 0.9878256 0.6615602
vt 0.9778936 0.6506351
vt 0.8199752 0.4246826
vt 0.8949617 0.4073017
vt 0.823948 0.4073017
vt 0.8765875 0.4246826
vt 0.8681453 0.441567
vt 0.8184854 0.441567
vt 0.9788868 0.4405738
vt 0.9029072 0.4226963
vt 0.90688 0.4405738
vt 0.9595194 0.4226963
vt 0.9009208 0.4063085
vt 0.9515739 0.4063085
vt 0.9917984 0.9232678
vt 0.9868324 0.90688
vt 0.9868324 0.9232678
vt 0.9917984 0.90688
vt 0.9868324 0.8914855
vt 0.9917984 0.8914855
vt 0.9917984 0.8408324
vt 0.9868324 0.8914855
vt 0.9917984 0.8914855
vt 0.9868324 0.8408324
vt 0.9917984 0.8408324
vt 0.9868324 0.8219616
vt 0.9868324 0.8408324
vt 0.9917984 0.8219616
vt 0.9868324 0.7986215
vt 0.9917984 0.7986215
vt 0.9917984 0.9232678
vt 0.9868324 0.994778
vt 0.9917984 0.994778
vt 0.9868324 0.9232678
vt 0.7365466 0.4385874
vt 0.7246283 0.4296486
vt 0.7246283 0.4385874
vt 0.7365466 0.4296486
vt 0.7489616 0.4385874
vt 0.7489616 0.4296486
vt 0.76088 0.4385874
vt 0.76088 0.4296486
vt 0.7732949 0.4385874
vt 0.7732949 0.4296486
vt 0.7852133 0.4385874
vt 0.7852133 0.4296486
vt 0.7966351 0.4385874
vt 0.7966351 0.4296486
vt 0.8095466 0.4385874
vt 0.8095466 0.4296486
vt 0.7132065 0.4296486
vt 0.7132065 0.4385874
vt 0.9838528 0.7569072
vt 0.9992474 0.7405194
vt 0.9838528 0.7236351
vt 0.994778 0.7519412
vt 0.967465 0.7405194
vt 0.9719344 0.7519412
vt 0.9719344 0.728601
vt 0.994778 0.728601
vt 0.9709412 0.6898664
vt 0.9709412 0.7132065
vt 0.9937848 0.7132065
vt 0.967465 0.7012881
vt 0.9937848 0.6898664
vt 0.9828596 0.6849004
vt 0.9982542 0.7012881
vt 0.9828596 0.7181725
vt 0.9212813 0.7936555
vt 0.9187984 0.8522542
vt 0.924261 0.8522542
vt 0.9178052 0.7936555
vt 0.9128392 0.8522542
vt 0.9128392 0.7936555
vt 0.90688 0.8522542
vt 0.9088664 0.7936555
vt 0.901914 0.8522542
vt 0.9048936 0.7936555
vt 0.8959548 0.8522542
vt 0.9009208 0.7936555
vt 0.8904923 0.851261
vt 0.896948 0.7936555
vt 0.9252542 0.7936555
vt 0.9292269 0.8522542
vt 0.9292269 0.7936555
vt 0.9351861 0.851261
vt 0.9138324 0.6769548
vt 0.9168119 0.6769548
vt 0.9108528 0.6769548
vt 0.9078732 0.6769548
vt 0.9048936 0.6769548
vt 0.901914 0.6769548
vt 0.9222745 0.6769548
vt 0.9252542 0.6769548
vt 0.919295 0.6769548
vt 0.884533 0.8075603
vt 0.8775807 0.8006079
vt 0.8696351 0.8075603
vt 0.8825467 0.8025942
vt 0.8775807 0.8145126
vt 0.8825467 0.8125262
vt 0.8716215 0.8125262
vt 0.8716215 0.8025942
vt 0.8661589 0.7911725
vt 0.8894991 0.7911725
vt 0.8894991 0.7693222
vt 0.8775807 0.7956419
vt 0.8661589 0.7693222
vt 0.8621861 0.7802473
vt 0.8775807 0.765846
vt 0.8939684 0.7802473
vt 0.436601 0.5736623
vt 0.4207099 0.5642269
vt 0.4207099 0.5736623
vt 0.436601 0.5642269
vt 0.4207099 0.6193494
vt 0.436601 0.6019684
vt 0.4207099 0.6019684
vt 0.436601 0.6193494
vt 0.4207099 0.6019684
vt 0.436601 0.5736623
vt 0.4207099 0.5736623
vt 0.436601 0.6019684
vt 0.453982 0.5970024
vt 0.436601 0.5736623
vt 0.436601 0.6019684
vt 0.4460364 0.5706826
vt 0.4023357 0.5970024
vt 0.4207099 0.5736623
vt 0.4102813 0.5706826
vt 0.4207099 0.6019684
vt 0.8125262 0.5155602
vt 0.8199752 0.5463493
vt 0.8572201 0.5210228
vt 0.8095466 0.5249956
vt 0.8453017 0.5155602
vt 0.8398392 0.5463493
vt 0.8641725 0.5339344
vt 0.8651657 0.5463493
vt 0.7921657 0.5125806
vt 0.7921657 0.522016
vt 0.8691385 0.4892405
vt 0.8328868 0.4793085
vt 0.8219616 0.4852677
vt 0.8661589 0.4793085
vt 0.8582133 0.5115874
vt 0.8398392 0.5115874
vt 0.8155059 0.4976827
vt 0.8145126 0.5115874
vt 0.8865194 0.4862609
vt 0.8865194 0.4773221
vt 0.2593153 0.6099139
vt 0.230016 0.6382201
vt 0.2593153 0.6382201
vt 0.230016 0.6099139
vt 0.2707371 0.6382201
vt 0.2707371 0.6099139
vt 0.2846418 0.6382201
vt 0.2846418 0.6099139
vt 0.2960636 0.6382201
vt 0.2960636 0.6099139
vt 0.2116418 0.6099139
vt 0.2116418 0.6382201
vt 0.147084 0.6372269
vt 0.1694309 0.6079276
vt 0.147084 0.6079276
vt 0.1694309 0.6372269
vt 0.1863153 0.6079276
vt 0.2086622 0.6372269
vt 0.2086622 0.6079276
vt 0.1863153 0.6372269
vt 0.1694309 0.6079276
vt 0.1694309 0.6372269
vt 0.1316894 0.6079276
vt 0.147084 0.6372269
vt 0.147084 0.6079276
vt 0.1316894 0.6372269
vt 0.924261 0.8914855
vt 0.9391589 0.8949617
vt 0.9391589 0.8914855
vt 0.924261 0.8949617
vt 0.924261 0.8875126
vt 0.9391589 0.8875126
vt 0.924261 0.8835399
vt 0.9391589 0.8835399
vt 0.924261 0.8795671
vt 0.9391589 0.8795671
vt 0.924261 0.8755943
vt 0.9391589 0.8755943
vt 0.924261 0.8716215
vt 0.9391589 0.8716215
vt 0.924261 0.8681453
vt 0.9391589 0.8681453
vt 0.924261 0.8641725
vt 0.9391589 0.8641725
vt 0.924261 0.8611929
vt 0.9391589 0.8611929
vt 0.924261 0.8572201
vt 0.9391589 0.8572201
vt 0.9982542 0.7752814
vt 0.997261 0.7688255
vt 0.9908051 0.7678323
vt 0.9992474 0.7713085
vt 0.9927916 0.7792541
vt 0.9962677 0.7782609
vt 0.9878256 0.7742881
vt 0.989812 0.7772678
vt 0.9878256 0.7703153
vt 0.9937848 0.7668391
vt 0.9952745 0.7921657
vt 0.9992474 0.7862065
vt 0.9952745 0.7802473
vt 0.9982542 0.7901793
vt 0.9888188 0.7891861
vt 0.9917984 0.7921657
vt 0.9888188 0.7822337
vt 0.9878256 0.7862065
vt 0.9917984 0.7802473
vt 0.9982542 0.7822337
vt 0.009029552 0.7936555
vt 0.05372344 0.7648528
vt 0.009029552 0.7648528
vt 0.05372344 0.7936555
vt 0.09841732 0.7648528
vt 0.09841732 0.7936555
vt 0.1431112 0.7648528
vt 0.1431112 0.7936555
vt 0.1883017 0.7648528
vt 0.1883017 0.7936555
vt 0.2320024 0.7648528
vt 0.2320024 0.7936555
vt 0.2766962 0.7648528
vt 0.2766962 0.7936555
vt 0.3213901 0.7648528
vt 0.3213901 0.7936555
vt 0.3665806 0.7648528
vt 0.3665806 0.7936555
vt 0.4112745 0.7648528
vt 0.4112745 0.7936555
vt 0.4559684 0.7648528
vt 0.4559684 0.7936555
vt 0.3730364 0.7618732
vt 0.4102813 0.695329
vt 0.3730364 0.695329
vt 0.4102813 0.7618732
vt 0.3362881 0.7618732
vt 0.3362881 0.695329
vt 0.2990432 0.7618732
vt 0.2990432 0.695329
vt 0.2622949 0.7618732
vt 0.2622949 0.695329
vt 0.22505 0.7618732
vt 0.22505 0.695329
vt 0.4470296 0.695329
vt 0.4470296 0.7618732
vt 0.4852677 0.695329
vt 0.4852677 0.7618732
vt 0.522016 0.695329
vt 0.522016 0.7618732
vt 0.5592609 0.695329
vt 0.5592609 0.7618732
vt 0.595016 0.695329
vt 0.595016 0.7618732
vt 0.6282881 0.7375398
vt 0.6223289 0.7112201
vt 0.6213357 0.7246283
vt 0.6536146 0.7395262
vt 0.6436827 0.6973153
vt 0.6312677 0.7002949
vt 0.6635466 0.7151929
vt 0.6565943 0.7032745
vt 0.6625534 0.728601
vt 0.6402065 0.7425058
vt 0.7842201 0.5453562
vt 0.7911725 0.5552881
vt 0.7539276 0.5453562
vt 0.7891861 0.5483357
vt 0.7842201 0.5652201
vt 0.7539276 0.5652201
vt 0.7891861 0.5622405
vt 0.6983085 0.5398936
vt 0.7052609 0.5493289
vt 0.668016 0.5398936
vt 0.7032745 0.5428731
vt 0.6983085 0.5592609
vt 0.7032745 0.5572745
vt 0.668016 0.5592609
vt 0.6069344 0.5523085
vt 0.5766419 0.5622405
vt 0.5766419 0.5523085
vt 0.6069344 0.5622405
vt 0.6119004 0.5523085
vt 0.6119004 0.5622405
vt 0.6193494 0.5523085
vt 0.6193494 0.5622405
vt 0.6272949 0.5523085
vt 0.6272949 0.5622405
vt 0.6322609 0.5523085
vt 0.6322609 0.5622405
vt 0.6625534 0.5523085
vt 0.6625534 0.5622405
vt 0.9421385 0.8621861
vt 0.9485943 0.8746011
vt 0.9421385 0.8746011
vt 0.9485943 0.8621861
vt 0.9421385 0.8502678
vt 0.9485943 0.8502678
vt 0.9485943 0.8865194
vt 0.9421385 0.8865194
vt 0.9485943 0.8989344
vt 0.9421385 0.8989344
vt 0.9485943 0.9108528
vt 0.9421385 0.9108528
vt 0.9485943 0.9222745
vt 0.9421385 0.9222745
vt 0.9485943 0.9351861
vt 0.9421385 0.9351861
vt 0.9485943 0.9466079
vt 0.9421385 0.9466079
vt 0.9485943 0.9595194
vt 0.9421385 0.9595194
vt 0.9485943 0.9709412
vt 0.9421385 0.9709412
vt 0.9485943 0.9838528
vt 0.9421385 0.9838528
vt 0.9485943 0.9952745
vt 0.9421385 0.9952745
vt 0.5677031 0.3194037
vt 0.6009752 0.3109615
vt 0.5592609 0.3506894
vt 0.5835943 0.3109615
vt 0.6158732 0.3655874
vt 0.6243153 0.3343017
vt 0.6158732 0.3194037
vt 0.6243153 0.3506894
vt 0.5835943 0.3730364
vt 0.6009752 0.3730364
vt 0.5677031 0.3655874
vt 0.5592609 0.3343017
vt 0.4693765 0.4356078
vt 0.458948 0.4510024
vt 0.458948 0.4356078
vt 0.4693765 0.4510024
vt 0.4092881 0.4599411
vt 0.4023357 0.4500092
vt 0.4102813 0.4569616
vt 0.3919071 0.4599411
vt 0.3919071 0.436601
vt 0.4152473 0.4783153
vt 0.4043221 0.4713629
vt 0.4152473 0.4619276
vt 0.4112745 0.4793085
vt 0.3899207 0.4619276
vt 0.4703697 0.4326282
vt 0.4892405 0.4425602
vt 0.4703697 0.4425602
vt 0.4892405 0.4326282
vt 0.4986759 0.4326282
vt 0.4986759 0.4425602
vt 0.458948 0.4356078
vt 0.4693765 0.431635
vt 0.4693765 0.4356078
vt 0.458948 0.431635
vt 0.4822881 0.4639139
vt 0.4723561 0.4480228
vt 0.4822881 0.4480228
vt 0.4723561 0.4639139
vt 0.4162405 0.4609344
vt 0.4266691 0.4673901
vt 0.4162405 0.4773221
vt 0.4197167 0.4599411
vt 0.441567 0.4773221
vt 0.4236895 0.4519956
vt 0.4132609 0.458948
vt 0.4132609 0.4425602
vt 0.4162405 0.4599411
vt 0.4385874 0.4425602
vt 0.4937099 0.4609344
vt 0.4832813 0.44405
vt 0.4937099 0.44405
vt 0.4832813 0.4609344
vt 0.4832813 0.4713629
vt 0.4937099 0.4713629
vt 0.4723561 0.44405
vt 0.4822881 0.4480228
vt 0.4723561 0.4480228
vt 0.4822881 0.44405
vt 0.3596282 0.4882473
vt 0.3506894 0.5016555
vt 0.3506894 0.4882473
vt 0.3596282 0.5016555
vt 0.3417507 0.5016555
vt 0.3417507 0.4882473
vt 0.3362881 0.5016555
vt 0.3362881 0.4882473
vt 0.3293357 0.5016555
vt 0.3293357 0.4882473
vt 0.3203969 0.5016555
vt 0.3203969 0.4882473
vt 0.3119547 0.5016555
vt 0.3119547 0.4882473
vt 0.3050024 0.5016555
vt 0.3050024 0.4882473
vt 0.3010296 0.5016555
vt 0.3010296 0.4882473
vt 0.3213901 0.884533
vt 0.3467167 0.8746011
vt 0.3447303 0.8691385
vt 0.3412541 0.9371725
vt 0.3506894 0.8765875
vt 0.3645942 0.8736079
vt 0.4073017 0.8736079
vt 0.4306418 0.9371725
vt 0.4033289 0.8696351
vt 0.3670772 0.8696351
vt 0.3670772 0.8631793
vt 0.4033289 0.8631793
vt 0.4197167 0.8765875
vt 0.4246826 0.8746011
vt 0.449016 0.884533
vt 0.4266691 0.8691385
vt 0.4783153 0.9739208
vt 0.4510024 0.9381657
vt 0.4500092 0.9868324
vt 0.4793085 0.9381657
vt 0.4162405 0.9381657
vt 0.4162405 0.9868324
vt 0.3740296 0.9868324
vt 0.3730364 0.9381657
vt 0.3392677 0.9868324
vt 0.3382745 0.9381657
vt 0.3109615 0.9739208
vt 0.3099684 0.9381657
vt 0.303016 0.8572201
vt 0.3000364 0.8552337
vt 0.3020228 0.8572201
vt 0.303016 0.8453017
vt 0.3000364 0.8482813
vt 0.3010296 0.8453017
vt 0.3203969 0.8453017
vt 0.3203969 0.8572201
vt 0.08699555 0.6963221
vt 0.06067582 0.7032745
vt 0.08997514 0.7022814
vt 0.05769623 0.6963221
vt 0.01002275 0.6963221
vt 0.1406282 0.6963221
vt 0.1376486 0.7022814
vt 0.09096834 0.7499548
vt 0.1366554 0.7499548
vt 0.1664513 0.7032745
vt 0.1694309 0.6963221
vt 0.2171044 0.6963221
vt 0.007043158 0.743499
vt 0.05570983 0.7529344
vt 0.02045132 0.7598868
vt 0.2066758 0.7598868
vt 0.220084 0.743499
vt 0.1714173 0.7529344
vt 0.6918527 0.7732949
vt 0.6933426 0.7648528
vt 0.6928459 0.7648528
vt 0.6928459 0.7752814
vt 0.7042677 0.7648528
vt 0.7052609 0.7772678
vt 0.6868868 0.7713085
vt 0.6908596 0.7648528
vt 0.6858936 0.7648528
vt 0.6908596 0.7713085
vt 0.6928459 0.7648528
vt 0.6918527 0.7732949
vt 0.6839072 0.7648528
vt 0.6849004 0.7713085
vt 0.6849004 0.7713085
vt 0.682914 0.7648528
vt 0.6839072 0.7732949
vt 0.6839072 0.7648528
vt 0.6719888 0.7648528
vt 0.6709956 0.7752814
vt 0.3372813 0.8453017
vt 0.3203969 0.8572201
vt 0.3402609 0.8572201
vt 0.3203969 0.8453017
vt 0.01101595 0.9868324
vt 0.04677106 0.8006079
vt 0.01101595 0.8006079
vt 0.04677106 0.9927916
vt 0.1316894 0.8815535
vt 0.1023901 0.8358664
vt 0.08699555 0.8671521
vt 0.2444173 0.8815535
vt 0.2886146 0.8358664
vt 0.2920908 0.8532473
vt 0.09543773 0.8318936
vt 0.09096834 0.8199752
vt 0.09146494 0.8249412
vt 0.09096834 0.8105398
vt 0.09543773 0.7976283
vt 0.09146494 0.8055739
vt 0.1411248 0.8279208
vt 0.1431112 0.8199752
vt 0.1376486 0.7976283
vt 0.1411248 0.8025942
vt 0.1431112 0.8105398
vt 0.1376486 0.8328868
vt 0.3050024 0.8959548
vt 0.1947575 0.9858392
vt 0.3050024 0.9858392
vt 0.1947575 0.8959548
vt 0.2990432 0.8671521
vt 0.303016 0.8696351
vt 0.2990432 0.8601997
vt 0.3010296 0.8696351
vt 0.303016 0.8582133
vt 0.3010296 0.8582133
vt 0.3194037 0.8696351
vt 0.3203969 0.8582133
vt 0.6839072 0.7519412
vt 0.6849004 0.7598868
vt 0.6849004 0.7519412
vt 0.6849004 0.7618732
vt 0.6719888 0.7519412
vt 0.6719888 0.7638596
vt 0.6868868 0.7519412
vt 0.6908596 0.7579004
vt 0.6908596 0.7519412
vt 0.6868868 0.7588936
vt 0.6849004 0.7519412
vt 0.6849004 0.7598868
vt 0.6928459 0.7519412
vt 0.6918527 0.7588936
vt 0.6918527 0.7588936
vt 0.6933426 0.7519412
vt 0.6928459 0.7519412
vt 0.6928459 0.76088
vt 0.7052609 0.7519412
vt 0.7052609 0.7628664
vt 0.3372813 0.8696351
vt 0.3203969 0.8582133
vt 0.3194037 0.8696351
vt 0.3402609 0.8582133
vt 0.1431112 0.919295
vt 0.1947575 0.8959548
vt 0.1510568 0.8865194
vt 0.1947575 0.9858392
vt 0.1431112 0.9615058
vt 0.1510568 0.9952745
vt 0.08500916 0.9858392
vt 0.04875745 0.8006079
vt 0.04875745 0.9908051
vt 0.08500916 0.8006079
vt 0.3149343 0.8418255
vt 0.2707371 0.7956419
vt 0.2662677 0.8135194
vt 0.4569616 0.7956419
vt 0.4276623 0.8428187
vt 0.4723561 0.8269276
vt 0.1167915 0.9699481
vt 0.1133153 0.9456147
vt 0.1133153 0.9699481
vt 0.1167915 0.9456147
vt 0.1207643 0.9699481
vt 0.1207643 0.9456147
vt 0.1093425 0.9456147
vt 0.1093425 0.9699481
vt 0.1043765 0.9456147
vt 0.1043765 0.9699481
vt 0.1004037 0.9456147
vt 0.1004037 0.9699481
vt 0.09643093 0.9456147
vt 0.09643093 0.9699481
vt 0.09245814 0.9456147
vt 0.09245814 0.9699481
vt 0.08898195 0.9456147
vt 0.08898195 0.9699481
vt 0.09643093 0.9927916
vt 0.08699555 0.9818664
vt 0.08997514 0.9888188
vt 0.1073561 0.9828596
vt 0.09742412 0.9729276
vt 0.09096834 0.974914
vt 0.1043765 0.9759072
vt 0.1033833 0.989812
vt 0.7812405 0.4460364
vt 0.7852133 0.4743425
vt 0.7812405 0.4743425
vt 0.7852133 0.4460364
vt 0.7996147 0.4460364
vt 0.7996147 0.4743425
vt 0.7439956 0.4460364
vt 0.7295942 0.4743425
vt 0.7295942 0.4460364
vt 0.7439956 0.4743425
vt 0.7062541 0.4460364
vt 0.7062541 0.4743425
vt 0.6675195 0.4460364
vt 0.6675195 0.4743425
vt 0.6203426 0.4460364
vt 0.6203426 0.4743425
vt 0.6019684 0.4460364
vt 0.6019684 0.4743425
vt 0.7439956 0.4460364
vt 0.7703153 0.4743425
vt 0.7439956 0.4743425
vt 0.7703153 0.4460364
vt 0.3919071 0.4703697
vt 0.3829684 0.5016555
vt 0.3919071 0.4659004
vt 0.3943901 0.5056282
vt 0.3829684 0.4659004
vt 0.4003493 0.4803017
vt 0.4162405 0.4803017
vt 0.4132609 0.5180432
vt 0.44405 0.5135738
vt 0.4385874 0.5513153
vt 0.4763289 0.5289684
vt 0.4649071 0.599982
vt 0.4793085 0.5970024
vt 0.4723561 0.6213357
vt 0.4793085 0.6109072
vt 0.4947031 0.544363
vt 0.5086079 0.5602541
vt 0.5086079 0.5960092
vt 0.5006623 0.6213357
vt 0.5006623 0.6109072
vt 0.8259344 0.5503221
vt 0.7986215 0.5786282
vt 0.7986215 0.5503221
vt 0.8259344 0.5786282
vt 0.9202881 0.4460364
vt 0.9371725 0.4743425
vt 0.9202881 0.4743425
vt 0.9371725 0.4460364
vt 0.8989344 0.4460364
vt 0.8989344 0.4743425
vt 0.8592065 0.4460364
vt 0.8592065 0.4743425
vt 0.8174922 0.4460364
vt 0.8174922 0.4743425
vt 0.6019684 0.4743425
vt 0.5686963 0.4703697
vt 0.5662133 0.4649071
vt 0.5746555 0.4460364
vt 0.5662133 0.4559684
vt 0.5686963 0.449016
vt 0.6019684 0.4460364
vt 0.5746555 0.4743425
vt 0.4743425 0.5056282
vt 0.5066214 0.5006623
vt 0.4783153 0.4683833
vt 0.5006623 0.5389004
vt 0.4569616 0.4937099
vt 0.4629208 0.4683833
vt 0.5389004 0.5175466
vt 0.5259888 0.5885602
vt 0.5408868 0.5845875
vt 0.5572745 0.5329412
vt 0.5706826 0.5473425
vt 0.5706826 0.5845875
vt 0.5339344 0.6099139
vt 0.5408868 0.5979956
vt 0.5632337 0.6099139
vt 0.5632337 0.5979956
vt 0.4529888 0.458948
vt 0.44405 0.4902337
vt 0.44405 0.453982
vt 0.4529888 0.453982
vt 0.7996147 0.4460364
vt 0.8174922 0.4743425
vt 0.7996147 0.4743425
vt 0.8174922 0.4460364
vt 0.7812405 0.4460364
vt 0.7703153 0.4743425
vt 0.7703153 0.4460364
vt 0.7812405 0.4743425
vt 0.7762746 0.5433698
vt 0.7688255 0.5349275
vt 0.7762746 0.5349275
vt 0.7688255 0.5433698
vt 0.76088 0.5433698
vt 0.76088 0.5349275
vt 0.7842201 0.5349275
vt 0.7842201 0.5433698
vt 0.7539276 0.5433698
vt 0.7539276 0.5349275
vt 0.7911725 0.5349275
vt 0.7911725 0.5433698
vt 0.8904923 0.5602541
vt 0.8875126 0.5746555
vt 0.8815535 0.5786282
vt 0.8631793 0.5786282
vt 0.8631793 0.5503221
vt 0.8815535 0.5503221
vt 0.8875126 0.5533017
vt 0.8904923 0.5686963
vt 0.8259344 0.5503221
vt 0.8532473 0.5786282
vt 0.8259344 0.5786282
vt 0.8532473 0.5503221
vt 0.8631793 0.5786282
vt 0.8532473 0.5503221
vt 0.8631793 0.5503221
vt 0.8532473 0.5786282
vt 0.5905466 0.5513153
vt 0.5970024 0.536914
vt 0.5970024 0.5513153
vt 0.5905466 0.536914
vt 0.604948 0.536914
vt 0.604948 0.5513153
vt 0.6119004 0.536914
vt 0.6119004 0.5513153
vt 0.6193494 0.536914
vt 0.6193494 0.5513153
vt 0.6263017 0.536914
vt 0.6263017 0.5513153
vt 0.6332541 0.536914
vt 0.6332541 0.5513153
vt 0.6411997 0.536914
vt 0.6411997 0.5513153
vt 0.6476555 0.536914
vt 0.6476555 0.5513153
vt 0.6615602 0.5513153
vt 0.6615602 0.536914
vt 0.884533 0.5408868
vt 0.8706283 0.5408868
vt 0.8914855 0.5279752
vt 0.8775807 0.5428731
vt 0.8775807 0.5155602
vt 0.8631793 0.5279752
vt 0.8651657 0.5349275
vt 0.8651657 0.5210228
vt 0.8894991 0.5210228
vt 0.8894991 0.5349275
vt 0.8894991 0.5076146
vt 0.8775807 0.5076146
vt 0.8651657 0.5076146
vt 0.6128936 0.5895534
vt 0.6009752 0.595016
vt 0.6128936 0.5756487
vt 0.5895534 0.5756487
vt 0.5895534 0.5895534
vt 0.587567 0.5826011
vt 0.6009752 0.5686963
vt 0.5940228 0.5706826
vt 0.6079276 0.5706826
vt 0.61488 0.5826011
vt 0.5895534 0.6039548
vt 0.6009752 0.6039548
vt 0.6128936 0.6039548
vt 0.5766419 0.536914
vt 0.5766419 0.5513153
vt 0.7772678 0.5339344
vt 0.7832269 0.5056282
vt 0.7832269 0.5339344
vt 0.7772678 0.5056282
vt 0.7713085 0.5339344
vt 0.7713085 0.5056282
vt 0.765846 0.5339344
vt 0.765846 0.5056282
vt 0.7598868 0.5339344
vt 0.7598868 0.5056282
vt 0.7529344 0.5339344
vt 0.7529344 0.5056282
vt 0.7469752 0.5339344
vt 0.7469752 0.5056282
vt 0.7415127 0.5339344
vt 0.7415127 0.5056282
vt 0.7891861 0.5056282
vt 0.7891861 0.5339344
vt 0.7499548 0.5483357
vt 0.7405194 0.5542949
vt 0.7499548 0.536914
vt 0.745982 0.5523085
vt 0.7295942 0.536914
vt 0.7295942 0.5483357
vt 0.7345603 0.5523085
vt 0.728601 0.5428731
vt 0.750948 0.5428731
vt 0.7171793 0.6372269
vt 0.7226419 0.6272949
vt 0.7405194 0.6372269
vt 0.7186691 0.6312677
vt 0.7345603 0.6272949
vt 0.728601 0.6253085
vt 0.7395262 0.6312677
vt 0.7186691 0.6431861
vt 0.7395262 0.6431861
vt 0.967465 0.531948
vt 0.9908051 0.5125806
vt 0.974914 0.5125806
vt 0.9917984 0.5359207
vt 0.9699481 0.5408868
vt 0.9917984 0.5503221
vt 0.9759072 0.5542949
vt 0.9858392 0.5706826
vt 0.9937848 0.5696895
vt 0.997261 0.4693765
vt 0.9739208 0.4500092
vt 0.9739208 0.4733493
vt 0.989812 0.4500092
vt 0.994778 0.4783153
vt 0.9729276 0.4882473
vt 0.9888188 0.4922201
vt 0.9788868 0.5086079
vt 0.9709412 0.5076146
vt 0.9515739 0.9937848
vt 0.9615058 0.9788868
vt 0.9515739 0.9788868
vt 0.9615058 0.9937848
vt 0.9476011 0.83388
vt 0.9381657 0.8135194
vt 0.9381657 0.83388
vt 0.9476011 0.8135194
vt 0.9381657 0.8035875
vt 0.9476011 0.8035875
vt 0.9381657 0.7901793
vt 0.9476011 0.7901793
vt 0.9381657 0.7703153
vt 0.9476011 0.7703153
vt 0.9476011 0.7628664
vt 0.9381657 0.7703153
vt 0.9476011 0.7703153
vt 0.9381657 0.7628664
vt 0.9515739 0.9212813
vt 0.9615058 0.9411453
vt 0.9615058 0.9212813
vt 0.9515739 0.9411453
vt 0.9615058 0.9565399
vt 0.9515739 0.9565399
vt 0.9615058 0.9788868
vt 0.9515739 0.9788868
vt 0.9729276 0.5816078
vt 0.9982542 0.5736623
vt 0.9729276 0.5736623
vt 0.9982542 0.5816078
vt 0.9729276 0.5895534
vt 0.9982542 0.5895534
vt 0.9729276 0.5970024
vt 0.9982542 0.5970024
vt 0.9729276 0.604948
vt 0.9982542 0.604948
vt 0.9729276 0.6128936
vt 0.9982542 0.6128936
vt 0.9729276 0.6213357
vt 0.9982542 0.6213357
vt 0.9729276 0.6292813
vt 0.9982542 0.6292813
vt 0.9729276 0.6372269
vt 0.9982542 0.6372269
vt 0.9962677 0.6739752
vt 0.9868324 0.6645398
vt 0.9778936 0.6739752
vt 0.9937848 0.6675195
vt 0.9868324 0.6849004
vt 0.9937848 0.6809276
vt 0.97988 0.6809276
vt 0.97988 0.6675195
vt 0.994778 0.6436827
vt 0.9808732 0.6436827
vt 0.9808732 0.6585807
vt 0.9878256 0.6411997
vt 0.994778 0.6585807
vt 0.997261 0.6506351
vt 0.9878256 0.6615602
vt 0.9778936 0.6506351
vt 0.8199752 0.4246826
vt 0.8949617 0.4073017
vt 0.823948 0.4073017
vt 0.8765875 0.4246826
vt 0.8681453 0.441567
vt 0.8184854 0.441567
vt 0.9788868 0.4405738
vt 0.9029072 0.4226963
vt 0.90688 0.4405738
vt 0.9595194 0.4226963
vt 0.9009208 0.4063085
vt 0.9515739 0.4063085
vt 0.9917984 0.9232678
vt 0.9868324 0.90688
vt 0.9868324 0.9232678
vt 0.9917984 0.90688
vt 0.9868324 0.8914855
vt 0.9917984 0.8914855
vt 0.9917984 0.8408324
vt 0.9868324 0.8914855
vt 0.9917984 0.8914855
vt 0.9868324 0.8408324
vt 0.9917984 0.8408324
vt 0.9868324 0.8219616
vt 0.9868324 0.8408324
vt 0.9917984 0.8219616
vt 0.9868324 0.7986215
vt 0.9917984 0.7986215
vt 0.9917984 0.9232678
vt 0.9868324 0.994778
vt 0.9917984 0.994778
vt 0.9868324 0.9232678
vt 0.7365466 0.4385874
vt 0.7246283 0.4296486
vt 0.7246283 0.4385874
vt 0.7365466 0.4296486
vt 0.7489616 0.4385874
vt 0.7489616 0.4296486
vt 0.76088 0.4385874
vt 0.76088 0.4296486
vt 0.7732949 0.4385874
vt 0.7732949 0.4296486
vt 0.7852133 0.4385874
vt 0.7852133 0.4296486
vt 0.7966351 0.4385874
vt 0.7966351 0.4296486
vt 0.8095466 0.4385874
vt 0.8095466 0.4296486
vt 0.7132065 0.4296486
vt 0.7132065 0.4385874
vt 0.9838528 0.7569072
vt 0.9992474 0.7405194
vt 0.9838528 0.7236351
vt 0.994778 0.7519412
vt 0.967465 0.7405194
vt 0.9719344 0.7519412
vt 0.9719344 0.728601
vt 0.994778 0.728601
vt 0.9709412 0.6898664
vt 0.9709412 0.7132065
vt 0.9937848 0.7132065
vt 0.967465 0.7012881
vt 0.9937848 0.6898664
vt 0.9828596 0.6849004
vt 0.9982542 0.7012881
vt 0.9828596 0.7181725
vt 0.9212813 0.7936555
vt 0.9187984 0.8522542
vt 0.924261 0.8522542
vt 0.9178052 0.7936555
vt 0.9128392 0.8522542
vt 0.9128392 0.7936555
vt 0.90688 0.8522542
vt 0.9088664 0.7936555
vt 0.901914 0.8522542
vt 0.9048936 0.7936555
vt 0.8959548 0.8522542
vt 0.9009208 0.7936555
vt 0.8904923 0.851261
vt 0.896948 0.7936555
vt 0.9252542 0.7936555
vt 0.9292269 0.8522542
vt 0.9292269 0.7936555
vt 0.9351861 0.851261
vt 0.9138324 0.6769548
vt 0.9168119 0.6769548
vt 0.9108528 0.6769548
vt 0.9078732 0.6769548
vt 0.9048936 0.6769548
vt 0.901914 0.6769548
vt 0.9222745 0.6769548
vt 0.9252542 0.6769548
vt 0.919295 0.6769548
vt 0.884533 0.8075603
vt 0.8775807 0.8006079
vt 0.8696351 0.8075603
vt 0.8825467 0.8025942
vt 0.8775807 0.8145126
vt 0.8825467 0.8125262
vt 0.8716215 0.8125262
vt 0.8716215 0.8025942
vt 0.8661589 0.7911725
vt 0.8894991 0.7911725
vt 0.8894991 0.7693222
vt 0.8775807 0.7956419
vt 0.8661589 0.7693222
vt 0.8621861 0.7802473
vt 0.8775807 0.765846
vt 0.8939684 0.7802473
vt 0.9212813 0.7936555
vt 0.9187984 0.8522542
vt 0.924261 0.8522542
vt 0.9178052 0.7936555
vt 0.9128392 0.8522542
vt 0.9128392 0.7936555
vt 0.90688 0.8522542
vt 0.9088664 0.7936555
vt 0.901914 0.8522542
vt 0.9048936 0.7936555
vt 0.8959548 0.8522542
vt 0.9009208 0.7936555
vt 0.8904923 0.851261
vt 0.896948 0.7936555
vt 0.9252542 0.7936555
vt 0.9292269 0.8522542
vt 0.9292269 0.7936555
vt 0.9351861 0.851261
vt 0.9138324 0.6769548
vt 0.9168119 0.6769548
vt 0.9108528 0.6769548
vt 0.9078732 0.6769548
vt 0.9048936 0.6769548
vt 0.901914 0.6769548
vt 0.9222745 0.6769548
vt 0.9252542 0.6769548
vt 0.919295 0.6769548
vt 0.884533 0.8075603
vt 0.8775807 0.8006079
vt 0.8696351 0.8075603
vt 0.8825467 0.8025942
vt 0.8775807 0.8145126
vt 0.8825467 0.8125262
vt 0.8716215 0.8125262
vt 0.8716215 0.8025942
vt 0.8661589 0.7911725
vt 0.8894991 0.7911725
vt 0.8894991 0.7693222
vt 0.8775807 0.7956419
vt 0.8661589 0.7693222
vt 0.8621861 0.7802473
vt 0.8775807 0.765846
vt 0.8939684 0.7802473
vt 0.9212813 0.7936555
vt 0.9187984 0.8522542
vt 0.924261 0.8522542
vt 0.9178052 0.7936555
vt 0.9128392 0.8522542
vt 0.9128392 0.7936555
vt 0.90688 0.8522542
vt 0.9088664 0.7936555
vt 0.901914 0.8522542
vt 0.9048936 0.7936555
vt 0.8959548 0.8522542
vt 0.9009208 0.7936555
vt 0.8904923 0.851261
vt 0.896948 0.7936555
vt 0.9252542 0.7936555
vt 0.9292269 0.8522542
vt 0.9292269 0.7936555
vt 0.9351861 0.851261
vt 0.9138324 0.7355534
vt 0.9168119 0.7355534
vt 0.9098596 0.7355534
vt 0.90688 0.7355534
vt 0.9029072 0.7355534
vt 0.8999276 0.7355534
vt 0.9232678 0.7355534
vt 0.9272406 0.7355534
vt 0.9202881 0.7355534
vt 0.919295 0.7062541
vt 0.9168119 0.7062541
vt 0.919295 0.6769548
vt 0.9168119 0.6769548
vt 0.9138324 0.6769548
vt 0.9138324 0.7062541
vt 0.9108528 0.6769548
vt 0.9108528 0.7062541
vt 0.9078732 0.6769548
vt 0.90688 0.7062541
vt 0.9048936 0.6769548
vt 0.9039004 0.7062541
vt 0.9009208 0.7062541
vt 0.901914 0.6769548
vt 0.9222745 0.6769548
vt 0.9232678 0.7062541
vt 0.9252542 0.6769548
vt 0.9262474 0.7062541
vt 0.884533 0.8075603
vt 0.8775807 0.8006079
vt 0.8696351 0.8075603
vt 0.8825467 0.8025942
vt 0.8775807 0.8145126
vt 0.8825467 0.8125262
vt 0.8716215 0.8125262
vt 0.8716215 0.8025942
vt 0.8661589 0.7911725
vt 0.8894991 0.7911725
vt 0.8894991 0.7693222
vt 0.8775807 0.7956419
vt 0.8661589 0.7693222
vt 0.8621861 0.7802473
vt 0.8775807 0.765846
vt 0.8939684 0.7802473
vt 0.3526759 0.2464037
vt 0.3362881 0.2523629
vt 0.3526759 0.2523629
vt 0.3362881 0.2464037
vt 0.8934718 0.5115874
vt 0.9292269 0.5026487
vt 0.8939684 0.5026487
vt 0.9292269 0.5115874
vt 0.8934718 0.5200296
vt 0.9292269 0.5200296
vt 0.8934718 0.5289684
vt 0.9292269 0.5289684
vt 0.8934718 0.5379072
vt 0.9292269 0.5389004
vt 0.8934718 0.5473425
vt 0.9292269 0.5473425
vt 0.8934718 0.5562813
vt 0.9292269 0.5562813
vt 0.8934718 0.5652201
vt 0.9292269 0.5652201
vt 0.8934718 0.5736623
vt 0.9292269 0.5736623
vt 0.9292269 0.4937099
vt 0.8939684 0.4937099
vt 0.9292269 0.4852677
vt 0.8939684 0.4852677
vt 0.9818664 0.765846
vt 0.9615058 0.7598868
vt 0.9485943 0.7762746
vt 0.9719344 0.7598868
vt 0.9818664 0.7871997
vt 0.984846 0.7762746
vt 0.9615058 0.7931589
vt 0.9719344 0.7931589
vt 0.9525671 0.7871997
vt 0.9525671 0.765846
vt 0.9615058 0.7931589
vt 0.9818664 0.7871997
vt 0.9818664 0.765846
vt 0.9719344 0.7931589
vt 0.9485943 0.7762746
vt 0.9525671 0.7871997
vt 0.9615058 0.7598868
vt 0.9525671 0.765846
vt 0.9719344 0.7598868
vt 0.984846 0.7762746
vt 0.3213901 0.884533
vt 0.3467167 0.8746011
vt 0.3412541 0.9371725
vt 0.3447303 0.8691385
vt 0.3506894 0.8765875
vt 0.3645942 0.8736079
vt 0.4073017 0.8736079
vt 0.4306418 0.9371725
vt 0.4033289 0.8696351
vt 0.3670772 0.8696351
vt 0.3670772 0.8631793
vt 0.4033289 0.8631793
vt 0.4197167 0.8765875
vt 0.4246826 0.8746011
vt 0.449016 0.884533
vt 0.4266691 0.8691385
vt 0.303016 0.8572201
vt 0.3000364 0.8552337
vt 0.303016 0.8453017
vt 0.3020228 0.8572201
vt 0.3000364 0.8482813
vt 0.3010296 0.8453017
vt 0.3203969 0.8453017
vt 0.3203969 0.8572201
vt 0.08699555 0.6963221
vt 0.06067582 0.7032745
vt 0.05769623 0.6963221
vt 0.08997514 0.7022814
vt 0.01002275 0.6963221
vt 0.1406282 0.6963221
vt 0.1376486 0.7022814
vt 0.09096834 0.7499548
vt 0.1366554 0.7499548
vt 0.1664513 0.7032745
vt 0.1694309 0.6963221
vt 0.2171044 0.6963221
vt 0.007043158 0.743499
vt 0.05570983 0.7529344
vt 0.02045132 0.7598868
vt 0.2066758 0.7598868
vt 0.220084 0.743499
vt 0.1714173 0.7529344
vt 0.6918527 0.7732949
vt 0.6933426 0.7648528
vt 0.6928459 0.7752814
vt 0.6928459 0.7648528
vt 0.7042677 0.7648528
vt 0.7052609 0.7772678
vt 0.6868868 0.7713085
vt 0.6908596 0.7648528
vt 0.6908596 0.7713085
vt 0.6858936 0.7648528
vt 0.6928459 0.7648528
vt 0.6918527 0.7732949
vt 0.6839072 0.7648528
vt 0.6849004 0.7713085
vt 0.6849004 0.7713085
vt 0.682914 0.7648528
vt 0.6839072 0.7648528
vt 0.6839072 0.7732949
vt 0.6719888 0.7648528
vt 0.6709956 0.7752814
vt 0.3372813 0.8453017
vt 0.3203969 0.8572201
vt 0.3203969 0.8453017
vt 0.3402609 0.8572201
vt 0.7723017 0.974914
vt 0.6352405 0.9828596
vt 0.6411997 0.9466079
vt 0.6362337 0.9828596
vt 0.7752814 0.9828596
vt 0.7742881 0.9466079
vt 0.6243153 0.441567
vt 0.5428731 0.4152473
vt 0.5428731 0.4152473
vt 0.5672065 0.441567
vt 0.54188 0.4142541
vt 0.6719888 0.4132609
vt 0.668016 0.3953833
vt 0.5339344 0.3953833
vt 0.09543773 0.8318936
vt 0.09096834 0.8199752
vt 0.09096834 0.8105398
vt 0.09146494 0.8249412
vt 0.09543773 0.7976283
vt 0.09146494 0.8055739
vt 0.1073561 0.8249412
vt 0.1063629 0.8318936
vt 0.1177847 0.8125262
vt 0.1177847 0.8125262
vt 0.1197711 0.8095466
vt 0.1247371 0.7996147
vt 0.09643093 0.7976283
vt 0.1267234 0.7976283
vt 0.2990432 0.8671521
vt 0.303016 0.8696351
vt 0.3010296 0.8696351
vt 0.2990432 0.8601997
vt 0.303016 0.8582133
vt 0.3010296 0.8582133
vt 0.3194037 0.8696351
vt 0.3203969 0.8582133
vt 0.6839072 0.7519412
vt 0.6849004 0.7598868
vt 0.6849004 0.7618732
vt 0.6849004 0.7519412
vt 0.6719888 0.7519412
vt 0.6719888 0.7638596
vt 0.6868868 0.7519412
vt 0.6908596 0.7579004
vt 0.6868868 0.7588936
vt 0.6908596 0.7519412
vt 0.6849004 0.7519412
vt 0.6849004 0.7598868
vt 0.6928459 0.7519412
vt 0.6918527 0.7588936
vt 0.6918527 0.7588936
vt 0.6933426 0.7519412
vt 0.6928459 0.76088
vt 0.6928459 0.7519412
vt 0.7052609 0.7519412
vt 0.7052609 0.7628664
vt 0.3372813 0.8696351
vt 0.3203969 0.8582133
vt 0.3402609 0.8582133
vt 0.3194037 0.8696351
vt 0.5175466 0.9927916
vt 0.5016555 0.9441249
vt 0.5175466 0.9312133
vt 0.4812949 0.9525671
vt 0.4812949 0.9982542
vt 0.8145126 0.7742881
vt 0.7996147 0.7569072
vt 0.8552337 0.7569072
vt 0.8552337 0.8472881
vt 0.8259344 0.8269276
vt 0.8219616 0.8462949
vt 0.7415127 0.8075603
vt 0.7842201 0.8532473
vt 0.7365466 0.8249412
vt 0.8155059 0.843812
vt 0.8035875 0.8075603
vt 0.818982 0.8532473
vt 0.2086622 0.3467167
vt 0.2096554 0.3516826
vt 0.2156146 0.3467167
vt 0.2096554 0.3680704
vt 0.2414377 0.3467167
vt 0.2166078 0.376016
vt 0.2513697 0.3477099
vt 0.2513697 0.3477099
vt 0.2920908 0.3477099
vt 0.2171044 0.376016
vt 0.2320024 0.3879344
vt 0.2444173 0.3879344
vt 0.2737167 0.3889275
vt 0.3109615 0.3487031
vt 0.307982 0.3606214
vt 0.3040092 0.3700568
vt 0.2826554 0.3889275
vt 0.2876214 0.3849548
vt 0.2171044 0.376016
vt 0.2434241 0.3223833
vt 0.2146214 0.3372813
vt 0.2399479 0.3323153
vt 0.1823425 0.3059956
vt 0.1902881 0.3457235
vt 0.207669 0.3467167
vt 0.3437371 0.01300234
vt 0.2836486 0.007043158
vt 0.3437371 0.008036355
vt 0.2836486 0.01399554
vt 0.3253629 0.363601
vt 0.312948 0.3352949
vt 0.3730364 0.3402609
vt 0.3119547 0.353669
vt 0.4246826 0.4013425
vt 0.4132609 0.3566486
vt 0.4172337 0.3293357
vt 0.4519956 0.3740296
vt 0.4609344 0.3184105
vt 0.4733493 0.353669
vt 0.3730364 0.3402609
vt 0.3606214 0.3909139
vt 0.4152473 0.4063085
vt 0.3780024 0.4112745
vt 0.4053153 0.4172337
vt 0.3983629 0.4405738
vt 0.3263561 0.376016
vt 0.1167915 0.006049961
vt 0.1590024 0.01498874
vt 0.1167915 0.01498874
vt 0.1590024 0.006049961
vt 0.07408398 0.01548534
vt 0.07408398 0.005056763
vt 0.2166078 0.01548534
vt 0.2166078 0.005056763
vt 0.8755943 0.3799888
vt 0.9158188 0.3909139
vt 0.8755943 0.3909139
vt 0.9158188 0.3799888
vt 0.8621861 0.3799888
vt 0.8621861 0.3909139
vt 0.4872541 0.3616146
vt 0.4743425 0.3457235
vt 0.4773221 0.3606214
vt 0.5086079 0.37105
vt 0.4922201 0.3690636
vt 0.5096011 0.3496962
vt 0.5349275 0.37105
vt 0.5552881 0.3566486
vt 0.499669 0.3819752
vt 0.5076146 0.3819752
vt 0.5259888 0.3829684
vt 0.5329412 0.3849548
vt 0.5096011 0.3496962
vt 0.5086079 0.37105
vt 0.4743425 0.3457235
vt 0.5349275 0.37105
vt 0.5552881 0.3566486
vt 0.5259888 0.3829684
vt 0.5076146 0.3819752
vt 0.499669 0.3819752
vt 0.4922201 0.3690636
vt 0.4872541 0.3616146
vt 0.4773221 0.3606214
vt 0.5329412 0.3849548
vt 0.2816622 0.1441044
vt 0.3010296 0.1376486
vt 0.3010296 0.142118
vt 0.2816622 0.1366554
vt 0.2677575 0.1460908
vt 0.2677575 0.1366554
vt 0.3303289 0.142118
vt 0.3606214 0.3909139
vt 0.4246826 0.4013425
vt 0.3730364 0.3402609
vt 0.4152473 0.4063085
vt 0.3780024 0.4112745
vt 0.4053153 0.4172337
vt 0.3983629 0.4405738
vt 0.4132609 0.3566486
vt 0.3253629 0.363601
vt 0.3263561 0.376016
vt 0.312948 0.3352949
vt 0.3119547 0.353669
vt 0.3829684 0.01002275
vt 0.3437371 0.01300234
vt 0.3437371 0.008036355
vt 0.4132609 0.3566486
vt 0.4733493 0.353669
vt 0.4609344 0.3184105
vt 0.2166078 0.1366554
vt 0.2677575 0.1366554
vt 0.2677575 0.1411248
vt 0.2677575 0.1411248
vt 0.2677575 0.1460908
vt 0.2171044 0.1500636
vt 0.2677575 0.1460908
vt 0.2677575 0.1411248
vt 0.2677575 0.1366554
vt 0.5175466 0.3050024
vt 0.4649071 0.3089752
vt 0.5453562 0.3477099
vt 0.5696895 0.3000364
vt 0.5076146 0.2329956
vt 0.458948 0.3174173
vt 0.453982 0.29805
vt 0.6312677 0.3233765
vt 0.5816078 0.2786826
vt 0.6263017 0.3040092
vt 0.1823425 0.3059956
vt 0.207669 0.3467167
vt 0.1902881 0.3457235
vt 0.2146214 0.3372813
vt 0.2434241 0.3223833
vt 0.2399479 0.3323153
vt 0.7723017 0.1217575
vt 0.743499 0.147084
vt 0.7723017 0.1609888
vt 0.743499 0.1356622
vt 0.7871997 0.1217575
vt 0.7871997 0.1609888
vt 0.7305875 0.1411248
vt 0.8085535 0.1217575
vt 0.7871997 0.1609888
vt 0.8085535 0.1609888
vt 0.7871997 0.1217575
vt 0.823948 0.1217575
vt 0.823948 0.1609888
vt 0.823948 0.1609888
vt 0.8398392 0.1217575
vt 0.823948 0.1217575
vt 0.8398392 0.1609888
vt 0.3849548 0.1411248
vt 0.4207099 0.1510568
vt 0.3849548 0.15205
vt 0.4207099 0.1411248
vt 0.3849548 0.1411248
vt 0.3402609 0.1580092
vt 0.3402609 0.134669
vt 0.3849548 0.15205
vt 0.4529888 0.1460908
vt 0.4207099 0.1510568
vt 0.4207099 0.1411248
vt 0.668016 0.134669
vt 0.6109072 0.1277166
vt 0.668016 0.1306962
vt 0.6109072 0.1376486
vt 0.6109072 0.1376486
vt 0.587567 0.1247371
vt 0.6109072 0.1277166
vt 0.587567 0.1406282
vt 0.668016 0.1306962
vt 0.7002949 0.1326826
vt 0.668016 0.134669
vt 0.4956963 0.7946487
vt 0.4683833 0.8016011
vt 0.4882473 0.8716215
vt 0.4922201 0.7891861
vt 0.5135738 0.7921657
vt 0.5796214 0.8716215
vt 0.5542949 0.7921657
vt 0.5513153 0.7852133
vt 0.5155602 0.7852133
vt 0.5706826 0.7946487
vt 0.5979956 0.8016011
vt 0.5756487 0.7891861
vt 0.6506351 0.8105398
vt 0.6526214 0.8065671
vt 0.6402065 0.8065671
vt 0.6526214 0.8085535
vt 0.6431861 0.8105398
vt 0.6402065 0.8085535
vt 0.6402065 0.7871997
vt 0.6526214 0.7871997
vt 0.8155059 0.9485943
vt 0.8358664 0.9441249
vt 0.8125262 0.9441249
vt 0.8378528 0.9485943
vt 0.7762746 0.9441249
vt 0.8765875 0.9485943
vt 0.8746011 0.9858392
vt 0.838846 0.9858392
vt 0.8785739 0.9441249
vt 0.8989344 0.9485943
vt 0.9009208 0.9441249
vt 0.9371725 0.9441249
vt 0.9391589 0.9808732
vt 0.9009208 0.9878256
vt 0.9272406 0.9937848
vt 0.7752814 0.9808732
vt 0.8125262 0.9878256
vt 0.7871997 0.9937848
vt 0.7062541 0.7782609
vt 0.7002949 0.7921657
vt 0.7042677 0.7966351
vt 0.7032745 0.7782609
vt 0.7315807 0.7782609
vt 0.7325739 0.7996147
vt 0.6993017 0.7782609
vt 0.68788 0.7901793
vt 0.6898664 0.7782609
vt 0.6849004 0.7782609
vt 0.6819208 0.7782609
vt 0.6849004 0.7936555
vt 0.655601 0.7966351
vt 0.655601 0.7782609
vt 0.6526214 0.7871997
vt 0.6402065 0.7723017
vt 0.6402065 0.7871997
vt 0.6526214 0.7703153
vt 0.8318936 0.9158188
vt 0.9322065 0.8979412
vt 0.83388 0.8979412
vt 0.934193 0.9148256
vt 0.8651657 0.9421385
vt 0.8259344 0.9421385
vt 0.6466623 0.8601997
vt 0.7449888 0.8959548
vt 0.7489616 0.8601997
vt 0.6466623 0.8959548
vt 0.6302745 0.8542405
vt 0.6496419 0.8502678
vt 0.6193494 0.8502678
vt 0.6392133 0.8542405
vt 0.6193494 0.8309004
vt 0.6263017 0.8532473
vt 0.6436827 0.8532473
vt 0.6312677 0.8279208
vt 0.6322609 0.8219616
vt 0.6496419 0.8184854
vt 0.6392133 0.8184854
vt 0.6456691 0.8155059
vt 0.6411997 0.8164991
vt 0.6421929 0.8145126
vt 0.750948 0.7921657
vt 0.7752814 0.755914
vt 0.7499548 0.755914
vt 0.7762746 0.8055739
vt 0.7966351 0.755914
vt 0.7976283 0.8055739
vt 0.6362337 0.8075603
vt 0.6332541 0.811533
vt 0.6362337 0.8095466
vt 0.6253085 0.811533
vt 0.6233221 0.8075603
vt 0.6233221 0.8095466
vt 0.6362337 0.7881929
vt 0.6233221 0.7881929
vt 0.6868868 0.8155059
vt 0.6819208 0.8016011
vt 0.6839072 0.8199752
vt 0.6839072 0.8016011
vt 0.655601 0.8016011
vt 0.655601 0.8229548
vt 0.68788 0.8016011
vt 0.6993017 0.8135194
vt 0.6983085 0.8016011
vt 0.7032745 0.8016011
vt 0.7052609 0.8016011
vt 0.7022814 0.8174922
vt 0.7315807 0.8199752
vt 0.7315807 0.8016011
vt 0.6233221 0.7881929
vt 0.6362337 0.7732949
vt 0.6233221 0.7713085
vt 0.6362337 0.7881929
vt 0.5686963 0.9868324
vt 0.5796214 0.9466079
vt 0.5582677 0.9709412
vt 0.5895534 0.9838528
vt 0.526982 0.9441249
vt 0.919295 0.8592065
vt 0.7569072 0.8949617
vt 0.919295 0.8949617
vt 0.7519412 0.8592065
vt 0.755914 0.9168119
vt 0.7449888 0.8979412
vt 0.7266147 0.9431317
vt 0.5826011 0.8979412
vt 0.6496419 0.9431317
vt 0.5806146 0.9158188
vt 0.6372269 0.7489616
vt 0.6342473 0.7688255
vt 0.6372269 0.7688255
vt 0.6342473 0.7489616
vt 0.6411997 0.7489616
vt 0.6411997 0.7688255
vt 0.6312677 0.7688255
vt 0.6312677 0.7489616
vt 0.6282881 0.7688255
vt 0.6282881 0.7489616
vt 0.6243153 0.7688255
vt 0.6243153 0.7489616
vt 0.6213357 0.7688255
vt 0.6213357 0.7489616
vt 0.6183562 0.7688255
vt 0.6183562 0.7489616
vt 0.6158732 0.7688255
vt 0.6158732 0.7489616
vt 0.5885602 0.7742881
vt 0.592533 0.7782609
vt 0.5960092 0.7742881
vt 0.5895534 0.7772678
vt 0.592533 0.7703153
vt 0.5895534 0.7723017
vt 0.595016 0.7713085
vt 0.595016 0.7772678
vt 0.6466623 0.7678323
vt 0.6496419 0.7479684
vt 0.6466623 0.7479684
vt 0.6496419 0.7678323
vt 0.6436827 0.7678323
vt 0.6436827 0.7479684
vt 0.6536146 0.7479684
vt 0.6536146 0.7678323
vt 0.6565943 0.7479684
vt 0.6565943 0.7678323
vt 0.6595739 0.7479684
vt 0.6595739 0.7678323
vt 0.6625534 0.7479684
vt 0.6625534 0.7678323
vt 0.6665262 0.7479684
vt 0.6665262 0.7678323
vt 0.6690092 0.7479684
vt 0.6690092 0.7678323
vt 0.6019684 0.7742881
vt 0.6059412 0.7782609
vt 0.6099139 0.7742881
vt 0.6029616 0.7772678
vt 0.6059412 0.7703153
vt 0.6029616 0.7713085
vt 0.6089208 0.7713085
vt 0.6089208 0.7772678
vt 0.5796214 0.8716215
vt 0.526982 0.9441249
vt 0.5796214 0.9466079
vt 0.5135738 0.9168119
vt 0.4882473 0.9088664
vt 0.4882473 0.8716215
vt 0.1659547 0.01747173
vt 0.157016 0.05868942
vt 0.1659547 0.04677106
vt 0.1237439 0.01747173
vt 0.1237439 0.04577786
vt 0.1053697 0.01747173
vt 0.09841732 0.04677106
vt 0.07408398 0.01747173
vt 0.07011119 0.06564181
vt 0.06266221 0.01747173
vt 0.05570983 0.01747173
vt 0.05670303 0.05868942
vt 0.1237439 0.07408398
vt 0.1431112 0.07408398
vt 0.1013969 0.07408398
vt 0.8453017 0.3253629
vt 0.9108528 0.3447303
vt 0.9187984 0.3050024
vt 0.8572201 0.3487031
vt 0.8269276 0.3506894
vt 0.8025942 0.3427439
vt 0.7921657 0.3343017
vt 0.7976283 0.3457235
vt 0.7871997 0.353669
vt 0.7668391 0.3566486
vt 0.7276078 0.3392677
vt 0.7549208 0.3740296
vt 0.7405194 0.3909139
vt 0.6759616 0.4003493
vt 0.6858936 0.4063085
vt 0.7226419 0.4102813
vt 0.695329 0.4172337
vt 0.7032745 0.4405738
vt 0.68788 0.3566486
vt 0.755914 0.3839616
vt 0.8269276 0.3556554
vt 0.9108528 0.3447303
vt 0.8453017 0.3253629
vt 0.9187984 0.3050024
vt 0.8572201 0.3487031
vt 0.8269276 0.3506894
vt 0.8269276 0.3556554
vt 0.7921657 0.3343017
vt 0.8025942 0.3427439
vt 0.7976283 0.3457235
vt 0.7871997 0.353669
vt 0.7668391 0.3566486
vt 0.7276078 0.3392677
vt 0.7276078 0.3392677
vt 0.7549208 0.3750228
vt 0.7405194 0.3909139
vt 0.755914 0.3839616
vt 0.6769548 0.4003493
vt 0.6858936 0.4063085
vt 0.7226419 0.4102813
vt 0.695329 0.4172337
vt 0.7032745 0.4405738
vt 0.3437371 0.008036355
vt 0.2717302 0.01399554
vt 0.3437371 0.01300234
vt 0.2717302 0.007043158
vt 0.220084 0.01548534
vt 0.220084 0.005056763
vt 0.1590024 0.01498874
vt 0.1590024 0.006049961
vt 0.1167915 0.006049961
vt 0.1167915 0.01498874
vt 0.07408398 0.01548534
vt 0.07408398 0.005056763
vt 0.3099684 0.4609344
vt 0.3372813 0.4529888
vt 0.3372813 0.4450432
vt 0.3372813 0.4609344
vt 0.3099684 0.4450432
vt 0.2915942 0.4609344
vt 0.2915942 0.4450432
vt 0.8755943 0.3799888
vt 0.9158188 0.3909139
vt 0.9158188 0.3799888
vt 0.8755943 0.3909139
vt 0.8552337 0.3799888
vt 0.8552337 0.3909139
vt 0.83388 0.3909139
vt 0.83388 0.3799888
vt 0.974914 0.3382745
vt 0.9421385 0.363601
vt 0.9709412 0.3606214
vt 0.9664719 0.3829684
vt 0.9431317 0.3839616
vt 0.967465 0.4063085
vt 0.9441249 0.4043221
vt 0.97988 0.3899207
vt 0.9818664 0.4082949
vt 0.9187984 0.3839616
vt 0.9148256 0.363601
vt 0.9401521 0.3417507
vt 0.8949617 0.3487031
vt 0.9411453 0.3417507
vt 0.974914 0.3382745
vt 0.9421385 0.363601
vt 0.9148256 0.363601
vt 0.8949617 0.3487031
vt 0.9187984 0.3839616
vt 0.9431317 0.3849548
vt 0.9664719 0.3829684
vt 0.9441249 0.4043221
vt 0.967465 0.4063085
vt 0.9818664 0.4082949
vt 0.97988 0.3899207
vt 0.9709412 0.3606214
vt 0.3372813 0.4609344
vt 0.3626078 0.4529888
vt 0.3372813 0.4529888
vt 0.3626078 0.4609344
vt 0.3626078 0.4450432
vt 0.3372813 0.4450432
vt 0.8045807 0.3909139
vt 0.8209684 0.3799888
vt 0.8045807 0.3799888
vt 0.8209684 0.3909139
vt 0.8209684 0.3909139
vt 0.83388 0.3799888
vt 0.8209684 0.3799888
vt 0.83388 0.3909139
vt 0.2816622 0.1441044
vt 0.3010296 0.1376486
vt 0.2816622 0.1366554
vt 0.3010296 0.142118
vt 0.2677575 0.1460908
vt 0.2677575 0.1366554
vt 0.3303289 0.142118
vt 0.4902337 0.37105
vt 0.4395806 0.4326282
vt 0.4902337 0.37105
vt 0.5036418 0.4226963
vt 0.4510024 0.3889275
vt 0.3829684 0.01002275
vt 0.3437371 0.008036355
vt 0.3437371 0.01300234
vt 0.68788 0.3566486
vt 0.6402065 0.3174173
vt 0.6272949 0.353669
vt 0.6402065 0.3174173
vt 0.6486487 0.3730364
vt 0.6272949 0.353669
vt 0.6839072 0.3283425
vt 0.68788 0.3566486
vt 0.7276078 0.3392677
vt 0.6769548 0.4003493
vt 0.2166078 0.1366554
vt 0.2677575 0.1411248
vt 0.2677575 0.1366554
vt 0.3909139 0.4529888
vt 0.3626078 0.4529888
vt 0.3626078 0.4609344
vt 0.3626078 0.4450432
vt 0.2677575 0.1411248
vt 0.2171044 0.1500636
vt 0.2677575 0.1460908
vt 0.2677575 0.1460908
vt 0.2677575 0.1366554
vt 0.2677575 0.1411248
vt 0.5175466 0.3050024
vt 0.5453562 0.3477099
vt 0.4649071 0.3089752
vt 0.5696895 0.3000364
vt 0.5076146 0.2329956
vt 0.453982 0.29805
vt 0.458948 0.3174173
vt 0.6312677 0.3233765
vt 0.6263017 0.3040092
vt 0.5816078 0.2786826
vt 0.6263017 0.03236969
vt 0.6546078 0.02442411
vt 0.6546078 0.03435609
vt 0.6263017 0.02641051
vt 0.6079276 0.03236969
vt 0.6079276 0.02641051
vt 0.599982 0.03236969
vt 0.599982 0.02541731
vt 0.6546078 0.03435609
vt 0.6809276 0.0274037
vt 0.6809276 0.0313765
vt 0.6546078 0.02442411
vt 0.6858936 0.0293901
vt 0.599982 0.02541731
vt 0.5716759 0.0303833
vt 0.5716759 0.0283969
vt 0.599982 0.03236969
vt 0.5716759 0.0283969
vt 0.5716759 0.0303833
vt 0.5686963 0.0293901
vt 0.994778 0.2086622
vt 0.9818664 0.1684377
vt 0.9838528 0.2086622
vt 0.9962677 0.1684377
vt 0.9818664 0.1187779
vt 0.9962677 0.1187779
vt 0.9828596 0.09444453
vt 0.9952745 0.09444453
vt 0.4430568 0.1892949
vt 0.4569616 0.1987303
vt 0.4529888 0.1892949
vt 0.4510024 0.2240568
vt 0.4013425 0.212635
vt 0.4063085 0.1803561
vt 0.3730364 0.1813493
vt 0.3780024 0.1590024
vt 0.4703697 0.2116418
vt 0.4753357 0.2166078
vt 0.4599411 0.1863153
vt 0.4405738 0.1724105
vt 0.4356078 0.1773765
vt 0.4599411 0.1863153
vt 0.453982 0.1609888
vt 0.4579548 0.1510568
vt 0.5096011 0.1743969
vt 0.5329412 0.1197711
vt 0.5036418 0.1411248
vt 0.536914 0.142118
vt 0.4673901 0.1510568
vt 0.4599411 0.1863153
vt 0.4579548 0.1510568
vt 0.4579548 0.1510568
vt 0.989812 0.230016
vt 0.994778 0.2086622
vt 0.9838528 0.2086622
vt 0.4892405 0.1257302
vt 0.4733493 0.1217575
vt 0.4892405 0.1237439
vt 0.4733493 0.1277166
vt 0.4683833 0.1217575
vt 0.4683833 0.1277166
vt 0.4927167 0.1247371
vt 0.4927167 0.1247371
vt 0.4599411 0.1863153
vt 0.4599411 0.1863153
vt 0.4579548 0.1510568
vt 0.7519412 0.1803561
vt 0.7901793 0.1937643
vt 0.765846 0.1957507
vt 0.7901793 0.1937643
vt 0.7911725 0.1927711
vt 0.728601 0.1947575
vt 0.7405194 0.1590024
vt 0.7206555 0.1530432
vt 0.6749684 0.1892949
vt 0.6918527 0.1490704
vt 0.6089208 0.1560228
vt 0.7151929 0.1460908
vt 0.7901793 0.1937643
vt 0.7519412 0.1803561
vt 0.765846 0.1957507
vt 0.7911725 0.1927711
vt 0.728601 0.1947575
vt 0.7405194 0.1590024
vt 0.7206555 0.1530432
vt 0.6749684 0.1892949
vt 0.6918527 0.1490704
vt 0.7151929 0.1460908
vt 0.6089208 0.1560228
vt 0.2940772 0.0274037
vt 0.3263561 0.02045132
vt 0.2940772 0.01945813
vt 0.3263561 0.02641051
vt 0.3730364 0.02144452
vt 0.3730364 0.02541731
vt 0.4385874 0.02343091
vt 0.2727235 0.0274037
vt 0.2727235 0.0274037
vt 0.2727235 0.01945813
vt 0.4683833 0.134669
vt 0.4683833 0.1306962
vt 0.4683833 0.134669
vt 0.4683833 0.129703
vt 0.4683833 0.129703
vt 0.4683833 0.134669
vt 0.4683833 0.129703
vt 0.4256758 0.1336758
vt 0.4256758 0.1316894
vt 0.4683833 0.134669
vt 0.3849548 0.1326826
vt 0.3849548 0.1326826
vt 0.3770092 0.1326826
vt 0.4132609 0.1316894
vt 0.4132609 0.1326826
vt 0.4132609 0.1326826
vt 0.4256758 0.1316894
vt 0.4256758 0.1336758
vt 0.4132609 0.1316894
vt 0.003070368 0.1356622
vt 0.008036355 0.220084
vt 0.008036355 0.1356622
vt 0.003070368 0.220084
vt 0.008036355 0.3050024
vt 0.003070368 0.3050024
vt 0.008036355 0.3700568
vt 0.003070368 0.3700568
vt 0.007043158 0.4559684
vt 0.004063566 0.4559684
vt 0.005056763 0.5542949
vt 0.3879344 0.1167915
vt 0.2990432 0.03832888
vt 0.3665806 0.04677106
vt 0.441567 0.02442411
vt 0.4862609 0.1113289
vt 0.2816622 0.06166902
vt 0.290601 0.1217575
vt 0.2146214 0.1177847
vt 0.2190908 0.09146494
vt 0.1997235 0.09345134
vt 0.1753901 0.09643093
vt 0.1167915 0.1063629
vt 0.1450976 0.07607038
vt 0.2652745 0.06564181
vt 0.290601 0.1217575
vt 0.2389548 0.07209759
vt 0.003070368 0.09643093
vt 0.08798875 0.07706358
vt 0.0661384 0.06564181
vt 0.1167915 0.1063629
vt 0.1177847 0.07706358
vt 0.290601 0.1217575
vt 0.2816622 0.06166902
vt 0.2652745 0.06564181
vt 0.3879344 0.1167915
vt 0.3670772 0.04677106
vt 0.441567 0.02442411
vt 0.4862609 0.1113289
vt 0.2990432 0.03932207
vt 0.2990432 0.03832888
vt 0.2389548 0.07209759
vt 0.2146214 0.1177847
vt 0.2190908 0.09146494
vt 0.1997235 0.09345134
vt 0.1997235 0.09345134
vt 0.1753901 0.09643093
vt 0.1167915 0.1063629
vt 0.1450976 0.07607038
vt 0.1177847 0.07706358
vt 0.08798875 0.07706358
vt 0.003070368 0.09643093
vt 0.0661384 0.06564181
vt 0.005056763 0.04975065
vt 0.003070368 0.1356622
vt 0.008036355 0.1356622
vt 0.7042677 0.1411248
vt 0.7141997 0.1411248
vt 0.7042677 0.1411248
vt 0.7141997 0.1411248
vt 0.6963221 0.1411248
vt 0.6963221 0.142118
vt 0.682914 0.1411248
vt 0.682914 0.142118
vt 0.672982 0.1411248
vt 0.672982 0.142118
vt 0.6635466 0.142118
vt 0.6635466 0.1411248
vt 0.6516283 0.1406282
vt 0.6635466 0.1411248
vt 0.6516283 0.142118
vt 0.6382201 0.1411248
vt 0.6382201 0.142118
vt 0.6253085 0.1411248
vt 0.6253085 0.1411248
vt 0.6109072 0.1411248
vt 0.6109072 0.1411248
vt 0.6009752 0.1411248
vt 0.2210772 0.0283969
vt 0.1724105 0.01846493
vt 0.2210772 0.01846493
vt 0.1724105 0.0283969
vt 0.2642813 0.01846493
vt 0.2642813 0.0283969
vt 0.2940772 0.01945813
vt 0.2940772 0.0274037
vt 0.3263561 0.02045132
vt 0.3263561 0.02641051
vt 0.3616146 0.02541731
vt 0.3616146 0.02144452
vt 0.3343017 0.3283425
vt 0.3690636 0.3253629
vt 0.3690636 0.3253629
vt 0.3174173 0.2573289
vt 0.3109615 0.2796758
vt 0.2846418 0.3283425
vt 0.2320024 0.3109615
vt 0.3869412 0.2826554
vt 0.4053153 0.3184105
vt 0.3720432 0.2687507
vt 0.3953833 0.2915942
vt 0.4172337 0.2920908
vt 0.4336214 0.2990432
vt 0.4053153 0.3184105
vt 0.44405 0.307982
vt 0.3343017 0.3283425
vt 0.3174173 0.2573289
vt 0.3109615 0.2796758
vt 0.3690636 0.3253629
vt 0.2846418 0.3283425
vt 0.2320024 0.3109615
vt 0.3869412 0.2826554
vt 0.3720432 0.2687507
vt 0.4053153 0.3184105
vt 0.3953833 0.2915942
vt 0.4336214 0.2990432
vt 0.44405 0.307982
vt 0.4172337 0.2920908
vt 0.9634923 0.03236969
vt 0.8894991 0.04081187
vt 0.8894991 0.03236969
vt 0.9634923 0.04081187
vt 0.9838528 0.03733568
vt 0.9634923 0.04081187
vt 0.9634923 0.03236969
vt 0.6138868 0.1441044
vt 0.6372269 0.1460908
vt 0.6138868 0.147084
vt 0.6372269 0.1441044
vt 0.6635466 0.1460908
vt 0.6635466 0.1441044
vt 0.5940228 0.1441044
vt 0.5940228 0.147084
vt 0.6789412 0.1450976
vt 0.6789412 0.1460908
vt 0.7072473 0.1450976
vt 0.2106486 0.06564181
vt 0.2017099 0.06464861
vt 0.2017099 0.06464861
vt 0.2106486 0.06564181
vt 0.2270364 0.06464861
vt 0.2270364 0.06464861
vt 0.2424309 0.06464861
vt 0.2424309 0.06464861
vt 0.2017099 0.06365541
vt 0.2106486 0.06166902
vt 0.2017099 0.06266221
vt 0.2106486 0.06266221
vt 0.2270364 0.06266221
vt 0.2260432 0.06166902
vt 0.2424309 0.06166902
vt 0.2424309 0.06166902
vt 0.2096554 0.07011119
vt 0.2007167 0.07011119
vt 0.2096554 0.07011119
vt 0.2017099 0.069118
vt 0.1853221 0.07011119
vt 0.1853221 0.069118
vt 0.1684377 0.07011119
vt 0.1684377 0.069118
vt 0.2220704 0.07309078
vt 0.2230636 0.07309078
vt 0.2220704 0.07209759
vt 0.2230636 0.07309078
vt 0.2523629 0.0671316
vt 0.2369684 0.0681248
vt 0.2533561 0.0671316
vt 0.2369684 0.0671316
vt 0.2210772 0.0681248
vt 0.220084 0.0671316
vt 0.212635 0.0681248
vt 0.212635 0.0671316
vt 0.1987303 0.07309078
vt 0.2036963 0.07507718
vt 0.2036963 0.07507718
vt 0.1987303 0.07309078
vt 0.1927711 0.07507718
vt 0.1927711 0.07408398
vt 0.1873085 0.07507718
vt 0.1873085 0.07507718
vt 0.1917779 0.08401596
vt 0.1873085 0.08699555
vt 0.1917779 0.08500916
vt 0.1873085 0.08600235
vt 0.1813493 0.08500916
vt 0.1813493 0.08600235
vt 0.1743969 0.08500916
vt 0.1743969 0.08500916
vt 0.1917779 0.07309078
vt 0.1873085 0.07408398
vt 0.1917779 0.07408398
vt 0.1873085 0.07309078
vt 0.2329956 0.05868942
vt 0.2320024 0.05769623
vt 0.2320024 0.05868942
vt 0.2329956 0.05769623
vt 0.2190908 0.05868942
vt 0.22505 0.05769623
vt 0.2190908 0.05769623
vt 0.22505 0.05868942
vt 0.2320024 0.05769623
vt 0.2320024 0.05868942
vt 0.1853221 0.03435609
vt 0.1793629 0.03534928
vt 0.1853221 0.03534928
vt 0.1793629 0.03435609
vt 0.1724105 0.03534928
vt 0.1724105 0.03435609
vt 0.1704241 0.0661384
vt 0.1763833 0.06564181
vt 0.1704241 0.06564181
vt 0.1763833 0.0661384
vt 0.2106486 0.06564181
vt 0.2017099 0.06464861
vt 0.2017099 0.06464861
vt 0.2106486 0.06564181
vt 0.2270364 0.06464861
vt 0.2270364 0.06464861
vt 0.2424309 0.06464861
vt 0.2424309 0.06464861
vt 0.2017099 0.06365541
vt 0.2106486 0.06166902
vt 0.2017099 0.06266221
vt 0.2106486 0.06266221
vt 0.2270364 0.06266221
vt 0.2260432 0.06166902
vt 0.2424309 0.06166902
vt 0.2424309 0.06166902
vt 0.2096554 0.07011119
vt 0.2007167 0.07011119
vt 0.2096554 0.07011119
vt 0.2017099 0.069118
vt 0.1853221 0.07011119
vt 0.1853221 0.069118
vt 0.1684377 0.07011119
vt 0.1684377 0.069118
vt 0.2220704 0.07309078
vt 0.2230636 0.07309078
vt 0.2220704 0.07209759
vt 0.2230636 0.07309078
vt 0.2523629 0.0671316
vt 0.2369684 0.0681248
vt 0.2533561 0.0671316
vt 0.2369684 0.0671316
vt 0.2210772 0.0681248
vt 0.220084 0.0671316
vt 0.212635 0.0681248
vt 0.212635 0.0671316
vt 0.1987303 0.07309078
vt 0.2036963 0.07507718
vt 0.2036963 0.07507718
vt 0.1987303 0.07309078
vt 0.1927711 0.07507718
vt 0.1927711 0.07408398
vt 0.1873085 0.07507718
vt 0.1873085 0.07507718
vt 0.1917779 0.08401596
vt 0.1873085 0.08699555
vt 0.1917779 0.08500916
vt 0.1873085 0.08600235
vt 0.1813493 0.08500916
vt 0.1813493 0.08600235
vt 0.1743969 0.08500916
vt 0.1743969 0.08500916
vt 0.1917779 0.07309078
vt 0.1873085 0.07408398
vt 0.1917779 0.07408398
vt 0.1873085 0.07309078
vt 0.2329956 0.05868942
vt 0.2320024 0.05769623
vt 0.2320024 0.05868942
vt 0.2329956 0.05769623
vt 0.2190908 0.05868942
vt 0.22505 0.05769623
vt 0.2190908 0.05769623
vt 0.22505 0.05868942
vt 0.2320024 0.05769623
vt 0.2320024 0.05868942
vt 0.1853221 0.03435609
vt 0.1793629 0.03534928
vt 0.1853221 0.03534928
vt 0.1793629 0.03435609
vt 0.1724105 0.03534928
vt 0.1724105 0.03435609
vt 0.1704241 0.0661384
vt 0.1763833 0.06564181
vt 0.1704241 0.06564181
vt 0.1763833 0.0661384
vt 0.2106486 0.06564181
vt 0.2017099 0.06464861
vt 0.2017099 0.06464861
vt 0.2106486 0.06564181
vt 0.2270364 0.06464861
vt 0.2270364 0.06464861
vt 0.2424309 0.06464861
vt 0.2424309 0.06464861
vt 0.2017099 0.06365541
vt 0.2106486 0.06166902
vt 0.2017099 0.06266221
vt 0.2106486 0.06266221
vt 0.2270364 0.06266221
vt 0.2260432 0.06166902
vt 0.2424309 0.06166902
vt 0.2424309 0.06166902
vt 0.2096554 0.07011119
vt 0.2007167 0.07011119
vt 0.2096554 0.07011119
vt 0.2017099 0.069118
vt 0.1853221 0.07011119
vt 0.1853221 0.069118
vt 0.1684377 0.07011119
vt 0.1684377 0.069118
vt 0.2220704 0.07309078
vt 0.2230636 0.07309078
vt 0.2220704 0.07209759
vt 0.2230636 0.07309078
vt 0.2523629 0.0671316
vt 0.2369684 0.0681248
vt 0.2533561 0.0671316
vt 0.2369684 0.0671316
vt 0.2210772 0.0681248
vt 0.220084 0.0671316
vt 0.212635 0.0681248
vt 0.212635 0.0671316
vt 0.2036963 0.03435609
vt 0.2190908 0.03634248
vt 0.2180976 0.03534928
vt 0.2046894 0.03435609
vt 0.1873085 0.03634248
vt 0.1863153 0.03534928
vt 0.1684377 0.03634248
vt 0.1674445 0.03634248
vt 0.1674445 0.03236969
vt 0.1823425 0.0303833
vt 0.1684377 0.03236969
vt 0.1813493 0.0303833
vt 0.1987303 0.03236969
vt 0.2007167 0.0313765
vt 0.2180976 0.03236969
vt 0.2190908 0.0313765
vt 0.1684377 0.03236969
vt 0.1833357 0.0293901
vt 0.1694309 0.0313765
vt 0.1823425 0.0303833
vt 0.2007167 0.0303833
vt 0.2007167 0.0313765
vt 0.220084 0.0303833
vt 0.2190908 0.0313765
vt 0.1763833 0.05670303
vt 0.1734037 0.05670303
vt 0.1753901 0.05670303
vt 0.1743969 0.05670303
vt 0.1694309 0.03733568
vt 0.1873085 0.03634248
vt 0.1684377 0.03634248
vt 0.1883017 0.03733568
vt 0.2046894 0.03435609
vt 0.2056826 0.03534928
vt 0.2190908 0.03634248
vt 0.220084 0.03733568
vt 0.2116418 0.04478466
vt 0.2473969 0.04577786
vt 0.2464037 0.04577786
vt 0.2116418 0.04478466
vt 0.1912813 0.04677106
vt 0.1912813 0.04577786
vt 0.1674445 0.04577786
vt 0.1674445 0.04577786
vt 0.1674445 0.05471664
vt 0.202703 0.05273024
vt 0.1674445 0.05471664
vt 0.202703 0.05273024
vt 0.2230636 0.05372344
vt 0.2230636 0.05372344
vt 0.2464037 0.05273024
vt 0.2473969 0.05273024
vt 0.2464037 0.04180507
vt 0.2116418 0.04379146
vt 0.2464037 0.04279827
vt 0.2106486 0.04279827
vt 0.1917779 0.04279827
vt 0.1912813 0.04180507
vt 0.1684377 0.04180507
vt 0.1674445 0.04180507
vt 0.2464037 0.03832888
vt 0.2464037 0.03932207
vt 0.2473969 0.03932207
vt 0.2464037 0.03932207
vt 0.2464037 0.03832888
vt 0.2220704 0.04031527
vt 0.2464037 0.03932207
vt 0.2230636 0.03932207
vt 0.202703 0.04031527
vt 0.2036963 0.04031527
vt 0.1674445 0.04031527
vt 0.1684377 0.03932207
vt 0.1987303 0.07309078
vt 0.2036963 0.07507718
vt 0.2036963 0.07507718
vt 0.1987303 0.07309078
vt 0.1927711 0.07507718
vt 0.1927711 0.07408398
vt 0.1873085 0.07507718
vt 0.1873085 0.07507718
vt 0.1917779 0.08401596
vt 0.1873085 0.08699555
vt 0.1917779 0.08500916
vt 0.1873085 0.08600235
vt 0.1813493 0.08500916
vt 0.1813493 0.08600235
vt 0.1743969 0.08500916
vt 0.1743969 0.08500916
vt 0.1917779 0.07309078
vt 0.1873085 0.07408398
vt 0.1917779 0.07408398
vt 0.1873085 0.07309078
vt 0.2329956 0.05868942
vt 0.2320024 0.05769623
vt 0.2320024 0.05868942
vt 0.2329956 0.05769623
vt 0.2190908 0.05868942
vt 0.22505 0.05769623
vt 0.2190908 0.05769623
vt 0.22505 0.05868942
vt 0.2320024 0.05769623
vt 0.2320024 0.05868942
vt 0.1853221 0.03435609
vt 0.1793629 0.03534928
vt 0.1853221 0.03534928
vt 0.1793629 0.03435609
vt 0.1724105 0.03534928
vt 0.1724105 0.03435609
vt 0.1704241 0.0661384
vt 0.1763833 0.06564181
vt 0.1704241 0.06564181
vt 0.1763833 0.0661384
vt 0.234982 0.05570983
vt 0.2444173 0.05868942
vt 0.2444173 0.05769623
vt 0.234982 0.05670303
vt 0.2180976 0.05769623
vt 0.2180976 0.05670303
vt 0.2017099 0.05769623
vt 0.2017099 0.05670303
vt 0.1684377 0.07209759
vt 0.1793629 0.07011119
vt 0.1694309 0.07209759
vt 0.1793629 0.07110439
vt 0.1947575 0.07209759
vt 0.1947575 0.07110439
vt 0.2116418 0.07209759
vt 0.2116418 0.07209759
vt 0.212635 0.04975065
vt 0.2230636 0.04975065
vt 0.212635 0.04776425
vt 0.2240568 0.05173704
vt 0.2389548 0.04875745
vt 0.2389548 0.05074384
vt 0.2553425 0.04776425
vt 0.2553425 0.04975065
vt 0.2290228 0.07110439
vt 0.2320024 0.07110439
vt 0.2290228 0.07110439
vt 0.2320024 0.07110439
vt 0.1674445 0.05074384
vt 0.1833357 0.04975065
vt 0.1674445 0.04875745
vt 0.1833357 0.05074384
vt 0.1987303 0.04975065
vt 0.1987303 0.05173704
vt 0.2106486 0.04776425
vt 0.2096554 0.04975065
vt 0.1853221 0.05570983
vt 0.1997235 0.06067582
vt 0.1997235 0.05968262
vt 0.1853221 0.05670303
vt 0.1783697 0.06067582
vt 0.1773765 0.05968262
vt 0.1674445 0.05868942
vt 0.1674445 0.05868942
vt 0.1997235 0.06166902
vt 0.1853221 0.0661384
vt 0.1997235 0.06266221
vt 0.1853221 0.06564181
vt 0.1773765 0.06166902
vt 0.1773765 0.06266221
vt 0.1674445 0.06365541
vt 0.1674445 0.06464861
vt 0.2220704 0.0313765
vt 0.2369684 0.0293901
vt 0.2220704 0.0303833
vt 0.2369684 0.0303833
vt 0.2464037 0.0293901
vt 0.2464037 0.0303833
vt 0.2553425 0.0293901
vt 0.2553425 0.0303833
vt 0.1694309 0.05769623
vt 0.1684377 0.05769623
vt 0.1704241 0.05769623
vt 0.1674445 0.05769623
vt 0.2220704 0.03634248
vt 0.2320024 0.03435609
vt 0.2220704 0.03534928
vt 0.2320024 0.03534928
vt 0.2414377 0.03435609
vt 0.2414377 0.03435609
vt 0.2563357 0.03435609
vt 0.2563357 0.03534928
vt 0.1987303 0.07309078
vt 0.2036963 0.07507718
vt 0.2036963 0.07507718
vt 0.1987303 0.07309078
vt 0.1927711 0.07507718
vt 0.1927711 0.07408398
vt 0.1873085 0.07507718
vt 0.1873085 0.07507718
vt 0.1917779 0.08401596
vt 0.1873085 0.08699555
vt 0.1917779 0.08500916
vt 0.1873085 0.08600235
vt 0.1813493 0.08500916
vt 0.1813493 0.08600235
vt 0.1743969 0.08500916
vt 0.1743969 0.08500916
vt 0.1917779 0.07309078
vt 0.1873085 0.07408398
vt 0.1917779 0.07408398
vt 0.1873085 0.07309078
vt 0.2329956 0.05868942
vt 0.2320024 0.05769623
vt 0.2320024 0.05868942
vt 0.2329956 0.05769623
vt 0.2190908 0.05868942
vt 0.22505 0.05769623
vt 0.2190908 0.05769623
vt 0.22505 0.05868942
vt 0.2320024 0.05769623
vt 0.2320024 0.05868942
vt 0.1853221 0.03435609
vt 0.1793629 0.03534928
vt 0.1853221 0.03534928
vt 0.1793629 0.03435609
vt 0.1724105 0.03534928
vt 0.1724105 0.03435609
vt 0.1704241 0.0661384
vt 0.1763833 0.06564181
vt 0.1704241 0.06564181
vt 0.1763833 0.0661384
vt 0.2106486 0.06564181
vt 0.2017099 0.06464861
vt 0.2017099 0.06464861
vt 0.2106486 0.06564181
vt 0.2270364 0.06464861
vt 0.2270364 0.06464861
vt 0.2424309 0.06464861
vt 0.2424309 0.06464861
vt 0.2017099 0.06365541
vt 0.2106486 0.06166902
vt 0.2017099 0.06266221
vt 0.2106486 0.06266221
vt 0.2270364 0.06266221
vt 0.2260432 0.06166902
vt 0.2424309 0.06166902
vt 0.2424309 0.06166902
vt 0.2096554 0.07011119
vt 0.2007167 0.07011119
vt 0.2096554 0.07011119
vt 0.2017099 0.069118
vt 0.1853221 0.07011119
vt 0.1853221 0.069118
vt 0.1684377 0.07011119
vt 0.1684377 0.069118
vt 0.2220704 0.07309078
vt 0.2230636 0.07309078
vt 0.2220704 0.07209759
vt 0.2230636 0.07309078
vt 0.2523629 0.0671316
vt 0.2369684 0.0681248
vt 0.2533561 0.0671316
vt 0.2369684 0.0671316
vt 0.2210772 0.0681248
vt 0.220084 0.0671316
vt 0.212635 0.0681248
vt 0.212635 0.0671316
vt 0.2116418 0.04478466
vt 0.2473969 0.04577786
vt 0.2464037 0.04577786
vt 0.2116418 0.04478466
vt 0.1912813 0.04677106
vt 0.1912813 0.04577786
vt 0.1674445 0.04577786
vt 0.1674445 0.04577786
vt 0.1674445 0.05471664
vt 0.202703 0.05273024
vt 0.1674445 0.05471664
vt 0.202703 0.05273024
vt 0.2230636 0.05372344
vt 0.2230636 0.05372344
vt 0.2464037 0.05273024
vt 0.2473969 0.05273024
vt 0.2464037 0.04180507
vt 0.2116418 0.04379146
vt 0.2464037 0.04279827
vt 0.2106486 0.04279827
vt 0.1917779 0.04279827
vt 0.1912813 0.04180507
vt 0.1684377 0.04180507
vt 0.1674445 0.04180507
vt 0.2464037 0.03832888
vt 0.2464037 0.03932207
vt 0.2473969 0.03932207
vt 0.2464037 0.03932207
vt 0.2464037 0.03832888
vt 0.2220704 0.04031527
vt 0.2464037 0.03932207
vt 0.2230636 0.03932207
vt 0.202703 0.04031527
vt 0.2036963 0.04031527
vt 0.1674445 0.04031527
vt 0.1684377 0.03932207
vt 0.1987303 0.07309078
vt 0.2036963 0.07507718
vt 0.2036963 0.07507718
vt 0.1987303 0.07309078
vt 0.1927711 0.07507718
vt 0.1927711 0.07408398
vt 0.1873085 0.07507718
vt 0.1873085 0.07507718
vt 0.1917779 0.08401596
vt 0.1873085 0.08699555
vt 0.1917779 0.08500916
vt 0.1873085 0.08600235
vt 0.1813493 0.08500916
vt 0.1813493 0.08600235
vt 0.1743969 0.08500916
vt 0.1743969 0.08500916
vt 0.1917779 0.07309078
vt 0.1873085 0.07408398
vt 0.1917779 0.07408398
vt 0.1873085 0.07309078
vt 0.2329956 0.05868942
vt 0.2320024 0.05769623
vt 0.2320024 0.05868942
vt 0.2329956 0.05769623
vt 0.2190908 0.05868942
vt 0.22505 0.05769623
vt 0.2190908 0.05769623
vt 0.22505 0.05868942
vt 0.2320024 0.05769623
vt 0.2320024 0.05868942
vt 0.1853221 0.03435609
vt 0.1793629 0.03534928
vt 0.1853221 0.03534928
vt 0.1793629 0.03435609
vt 0.1724105 0.03534928
vt 0.1724105 0.03435609
vt 0.1704241 0.0661384
vt 0.1763833 0.06564181
vt 0.1704241 0.06564181
vt 0.1763833 0.0661384
vt 0.1853221 0.05570983
vt 0.1997235 0.06067582
vt 0.1997235 0.05968262
vt 0.1853221 0.05670303
vt 0.1783697 0.06067582
vt 0.1773765 0.05968262
vt 0.1674445 0.05868942
vt 0.1674445 0.05868942
vt 0.1997235 0.06166902
vt 0.1853221 0.0661384
vt 0.1997235 0.06266221
vt 0.1853221 0.06564181
vt 0.1773765 0.06166902
vt 0.1773765 0.06266221
vt 0.1674445 0.06365541
vt 0.1674445 0.06464861
vt 0.2220704 0.0313765
vt 0.2369684 0.0293901
vt 0.2220704 0.0303833
vt 0.2369684 0.0303833
vt 0.2464037 0.0293901
vt 0.2464037 0.0303833
vt 0.2553425 0.0293901
vt 0.2553425 0.0303833
vt 0.1694309 0.05769623
vt 0.1684377 0.05769623
vt 0.1704241 0.05769623
vt 0.1674445 0.05769623
vt 0.2220704 0.03634248
vt 0.2320024 0.03435609
vt 0.2220704 0.03534928
vt 0.2320024 0.03534928
vt 0.2414377 0.03435609
vt 0.2414377 0.03435609
vt 0.2563357 0.03435609
vt 0.2563357 0.03534928
vt 0.1987303 0.07309078
vt 0.2036963 0.07507718
vt 0.2036963 0.07507718
vt 0.1987303 0.07309078
vt 0.1927711 0.07507718
vt 0.1927711 0.07408398
vt 0.1873085 0.07507718
vt 0.1873085 0.07507718
vt 0.1917779 0.08401596
vt 0.1873085 0.08699555
vt 0.1917779 0.08500916
vt 0.1873085 0.08600235
vt 0.1813493 0.08500916
vt 0.1813493 0.08600235
vt 0.1743969 0.08500916
vt 0.1743969 0.08500916
vt 0.1917779 0.07309078
vt 0.1873085 0.07408398
vt 0.1917779 0.07408398
vt 0.1873085 0.07309078
vt 0.2329956 0.05868942
vt 0.2320024 0.05769623
vt 0.2320024 0.05868942
vt 0.2329956 0.05769623
vt 0.2190908 0.05868942
vt 0.22505 0.05769623
vt 0.2190908 0.05769623
vt 0.22505 0.05868942
vt 0.2320024 0.05769623
vt 0.2320024 0.05868942
vt 0.1853221 0.03435609
vt 0.1793629 0.03534928
vt 0.1853221 0.03534928
vt 0.1793629 0.03435609
vt 0.1724105 0.03534928
vt 0.1724105 0.03435609
vt 0.1704241 0.0661384
vt 0.1763833 0.06564181
vt 0.1704241 0.06564181
vt 0.1763833 0.0661384
vt 0.1167915 0.9699481
vt 0.1133153 0.9456147
vt 0.1133153 0.9699481
vt 0.1167915 0.9456147
vt 0.1207643 0.9699481
vt 0.1207643 0.9456147
vt 0.1093425 0.9456147
vt 0.1093425 0.9699481
vt 0.1043765 0.9456147
vt 0.1043765 0.9699481
vt 0.1004037 0.9456147
vt 0.1004037 0.9699481
vt 0.09643093 0.9456147
vt 0.09643093 0.9699481
vt 0.09245814 0.9456147
vt 0.09245814 0.9699481
vt 0.08898195 0.9456147
vt 0.08898195 0.9699481
vt 0.09643093 0.9927916
vt 0.08699555 0.9818664
vt 0.08997514 0.9888188
vt 0.1073561 0.9828596
vt 0.09742412 0.9729276
vt 0.09096834 0.974914
vt 0.1043765 0.9759072
vt 0.1033833 0.989812
vt 0.2106486 0.06564181
vt 0.2017099 0.06464861
vt 0.2017099 0.06464861
vt 0.2106486 0.06564181
vt 0.2270364 0.06464861
vt 0.2270364 0.06464861
vt 0.2424309 0.06464861
vt 0.2424309 0.06464861
vt 0.2017099 0.06365541
vt 0.2106486 0.06166902
vt 0.2017099 0.06266221
vt 0.2106486 0.06266221
vt 0.2270364 0.06266221
vt 0.2260432 0.06166902
vt 0.2424309 0.06166902
vt 0.2424309 0.06166902
vt 0.2096554 0.07011119
vt 0.2007167 0.07011119
vt 0.2096554 0.07011119
vt 0.2017099 0.069118
vt 0.1853221 0.07011119
vt 0.1853221 0.069118
vt 0.1684377 0.07011119
vt 0.1684377 0.069118
vt 0.2220704 0.07309078
vt 0.2230636 0.07309078
vt 0.2220704 0.07209759
vt 0.2230636 0.07309078
vt 0.2523629 0.0671316
vt 0.2369684 0.0681248
vt 0.2533561 0.0671316
vt 0.2369684 0.0671316
vt 0.2210772 0.0681248
vt 0.220084 0.0671316
vt 0.212635 0.0681248
vt 0.212635 0.0671316
vt 0.1987303 0.07309078
vt 0.2036963 0.07507718
vt 0.2036963 0.07507718
vt 0.1987303 0.07309078
vt 0.1927711 0.07507718
vt 0.1927711 0.07408398
vt 0.1873085 0.07507718
vt 0.1873085 0.07507718
vt 0.1917779 0.08401596
vt 0.1873085 0.08699555
vt 0.1917779 0.08500916
vt 0.1873085 0.08600235
vt 0.1813493 0.08500916
vt 0.1813493 0.08600235
vt 0.1743969 0.08500916
vt 0.1743969 0.08500916
vt 0.1917779 0.07309078
vt 0.1873085 0.07408398
vt 0.1917779 0.07408398
vt 0.1873085 0.07309078
vt 0.2329956 0.05868942
vt 0.2320024 0.05769623
vt 0.2320024 0.05868942
vt 0.2329956 0.05769623
vt 0.2190908 0.05868942
vt 0.22505 0.05769623
vt 0.2190908 0.05769623
vt 0.22505 0.05868942
vt 0.2320024 0.05769623
vt 0.2320024 0.05868942
vt 0.1853221 0.03435609
vt 0.1793629 0.03534928
vt 0.1853221 0.03534928
vt 0.1793629 0.03435609
vt 0.1724105 0.03534928
vt 0.1724105 0.03435609
vt 0.1704241 0.0661384
vt 0.1763833 0.06564181
vt 0.1704241 0.06564181
vt 0.1763833 0.0661384
vt 0.2106486 0.06564181
vt 0.2017099 0.06464861
vt 0.2017099 0.06464861
vt 0.2106486 0.06564181
vt 0.2270364 0.06464861
vt 0.2270364 0.06464861
vt 0.2424309 0.06464861
vt 0.2424309 0.06464861
vt 0.2017099 0.06365541
vt 0.2106486 0.06166902
vt 0.2017099 0.06266221
vt 0.2106486 0.06266221
vt 0.2270364 0.06266221
vt 0.2260432 0.06166902
vt 0.2424309 0.06166902
vt 0.2424309 0.06166902
vt 0.2096554 0.07011119
vt 0.2007167 0.07011119
vt 0.2096554 0.07011119
vt 0.2017099 0.069118
vt 0.1853221 0.07011119
vt 0.1853221 0.069118
vt 0.1684377 0.07011119
vt 0.1684377 0.069118
vt 0.2220704 0.07309078
vt 0.2230636 0.07309078
vt 0.2220704 0.07209759
vt 0.2230636 0.07309078
vt 0.2523629 0.0671316
vt 0.2369684 0.0681248
vt 0.2533561 0.0671316
vt 0.2369684 0.0671316
vt 0.2210772 0.0681248
vt 0.220084 0.0671316
vt 0.212635 0.0681248
vt 0.212635 0.0671316
vt 0.1987303 0.07309078
vt 0.2036963 0.07507718
vt 0.2036963 0.07507718
vt 0.1987303 0.07309078
vt 0.1927711 0.07507718
vt 0.1927711 0.07408398
vt 0.1873085 0.07507718
vt 0.1873085 0.07507718
vt 0.1917779 0.08401596
vt 0.1873085 0.08699555
vt 0.1917779 0.08500916
vt 0.1873085 0.08600235
vt 0.1813493 0.08500916
vt 0.1813493 0.08600235
vt 0.1743969 0.08500916
vt 0.1743969 0.08500916
vt 0.1917779 0.07309078
vt 0.1873085 0.07408398
vt 0.1917779 0.07408398
vt 0.1873085 0.07309078
vt 0.2329956 0.05868942
vt 0.2320024 0.05769623
vt 0.2320024 0.05868942
vt 0.2329956 0.05769623
vt 0.2190908 0.05868942
vt 0.22505 0.05769623
vt 0.2190908 0.05769623
vt 0.22505 0.05868942
vt 0.2320024 0.05769623
vt 0.2320024 0.05868942
vt 0.1853221 0.03435609
vt 0.1793629 0.03534928
vt 0.1853221 0.03534928
vt 0.1793629 0.03435609
vt 0.1724105 0.03534928
vt 0.1724105 0.03435609
vt 0.1704241 0.0661384
vt 0.1763833 0.06564181
vt 0.1704241 0.06564181
vt 0.1763833 0.0661384
vt 0.599982 0.8875126
vt 0.5905466 0.8681453
vt 0.5905466 0.8875126
vt 0.599982 0.8681453
vt 0.6089208 0.8875126
vt 0.6089208 0.8621861
vt 0.61488 0.8592065
vt 0.61488 0.8875126
vt 0.6213357 0.8621861
vt 0.6213357 0.8875126
vt 0.6292813 0.8875126
vt 0.6292813 0.8681453
vt 0.6382201 0.8875126
vt 0.6382201 0.8681453
vt 0.6382201 0.8681453
vt 0.6292813 0.8875126
vt 0.6382201 0.8875126
vt 0.6292813 0.8681453
vt 0.6213357 0.8875126
vt 0.6213357 0.8611929
vt 0.61488 0.8875126
vt 0.61488 0.8592065
vt 0.6089208 0.8611929
vt 0.6089208 0.8875126
vt 0.599982 0.8875126
vt 0.599982 0.8681453
vt 0.5905466 0.8875126
vt 0.5905466 0.8681453
vt 0.6382201 0.8934718
vt 0.6322609 0.8885058
vt 0.6322609 0.8934718
vt 0.6382201 0.8885058
vt 0.6322609 0.8934718
vt 0.6223289 0.8885058
vt 0.6223289 0.8934718
vt 0.6322609 0.8885058
vt 0.6138868 0.8885058
vt 0.6138868 0.8934718
vt 0.6079276 0.8885058
vt 0.6079276 0.8934718
vt 0.6019684 0.8934718
vt 0.6019684 0.8885058
vt 0.595016 0.8885058
vt 0.595016 0.8934718
vt 0.5895534 0.8885058
vt 0.5895534 0.8934718
vt 0.595016 0.8934718
vt 0.5895534 0.8885058
vt 0.5895534 0.8934718
vt 0.595016 0.8885058
vt 0.6019684 0.8934718
vt 0.6019684 0.8885058
vt 0.6079276 0.8885058
vt 0.6079276 0.8934718
vt 0.6138868 0.8934718
vt 0.6138868 0.8885058
vt 0.6223289 0.8934718
vt 0.6223289 0.8885058
vt 0.6322609 0.8934718
vt 0.6322609 0.8885058
vt 0.6322609 0.8885058
vt 0.6382201 0.8934718
vt 0.6382201 0.8885058
vt 0.6322609 0.8934718
vn -0.9450908 -0.3019585 0.1249979
vn -0.9604815 -0.2783437 0
vn -0.9372476 -0.2941154 0.1872512
vn -0.9372476 -0.2784293 0.2098667
vn -0.9294046 -0.2549 0.2668951
vn -0.9294046 -0.2156847 0.2994782
vn -0.9137185 -0.1372539 0.3824656
vn -0.9137185 -0.1137246 0.3901093
vn -0.9058753 -0.09803849 0.4120417
vn -0.9686199 -0.2392139 -0.06746928
vn -0.9829164 -0.1840521 0
vn -0.9529338 -0.1686262 -0.2519572
vn -0.9607769 -0.2156847 -0.174321
vn -0.9294046 -0.3333308 -0.1584223
vn -0.9215615 -0.3803893 -0.07764286
vn -0.9764631 -0.1137246 -0.1832664
vn -0.9843061 -0.1215677 -0.1279172
vn -0.9921492 -0.003921568 -0.1249981
vn 0.9604816 -0.2783437 0
vn 0.9450908 -0.3019585 0.1249974
vn 0.9372478 -0.2941154 0.1872506
vn 0.9372478 -0.2784293 0.2098661
vn 0.9294047 -0.2549 0.2668949
vn 0.9294047 -0.2156847 0.299478
vn 0.9137185 -0.1372539 0.3824655
vn 0.9137185 -0.1137246 0.3901092
vn 0.9686201 -0.2392139 -0.06746751
vn 0.9829164 -0.1840521 0
vn 0.9529339 -0.1686262 -0.2519567
vn 0.9529339 -0.2078416 -0.2207235
vn 0.9529339 -0.2549 -0.1641431
vn 0.960777 -0.1843123 -0.2072113
vn 0.9215616 -0.3803893 -0.07764171
vn 0.9843062 -0.1215677 -0.1279163
vn 0.9921493 -0.003921568 -0.1249976
vn 0.9058754 -0.09803849 0.4120414
vn -0.003921509 0.9764631 0.215649
vn -0.003921509 0.9529338 0.3031532
vn -0.003921509 0.9529338 0.3031532
vn -0.003921509 0.9764631 0.215649
vn -0.003921509 0.9999923 -0.000345267
vn -0.003921509 0.9999923 -0.000345267
vn -0.003921509 0.9607769 -0.2772946
vn -0.003921509 0.9607769 -0.2772946
vn -0.003921509 0.8117584 -0.5839803
vn -0.003921509 0.8117584 -0.5839803
vn -0.003921509 0.6470538 -0.7624342
vn -0.003921509 0.6470538 -0.7624342
vn -0.003921509 0.5529369 -0.8332139
vn -0.003921509 0.3803892 0.9248182
vn -0.003921509 0.3803892 0.9248182
vn -0.003921509 0.3803892 0.9248182
vn -0.003921509 0.3803892 0.9248182
vn -0.003921509 0.9921492 -0.1249981
vn -0.003921509 0.9921492 -0.1249981
vn -0.003921509 0.9921492 -0.1249981
vn -0.003921509 0.9921492 -0.1249981
vn -0.003921509 -0.9686201 -0.2485151
vn -0.003921509 -0.9686201 -0.2485151
vn -0.003921509 -0.9686201 -0.2485151
vn -0.003921509 -0.9686201 -0.2485151
vn -0.003921509 -0.858817 -0.5122675
vn -0.003921509 -0.858817 -0.5122675
vn -0.003921509 -0.6941124 -0.719856
vn -0.003921509 -0.05098003 -0.998692
vn -0.003921509 -0.05098003 -0.998692
vn -0.003921509 -0.05098003 -0.998692
vn -0.003921509 -0.05098003 -0.998692
vn 0.9686201 -0.09019542 -0.231603
vn 0.6470539 0.3568599 -0.6737746
vn 0.7333277 0.5294076 -0.4265654
vn 0.9529339 0.1137246 -0.2810404
vn 0.9843062 0.08235228 -0.1560749
vn 0.960777 -0.01960772 -0.2766281
vn 0.003921568 -0.9372478 -0.3486421
vn 0.7960724 -0.5764662 -0.1842703
vn -0.003921509 -0.9450908 -0.3267842
vn 0.9294047 -0.35686 -0.09411605
vn -0.003921509 -0.8901893 -0.455574
vn -0.003921509 -0.8901893 -0.455574
vn -0.7960722 -0.5764662 -0.1842708
vn -0.9372476 -0.3098016 -0.1599684
vn -0.9372476 -0.3098016 -0.1599684
vn 0.8745031 -0.35686 -0.328474
vn 0.9686201 -0.09019542 -0.231603
vn 0.9294047 -0.3254877 -0.1739674
vn 0.8666601 -0.3176447 -0.3847106
vn 0.7647001 0.4901923 -0.4182647
vn 0.7803862 0.2235277 -0.5839801
vn 0.960777 -0.01960772 -0.2766281
vn 0.7333277 0.5294076 -0.4265654
vn 0.7803862 0.2235277 -0.5839801
vn 0.3725462 0.6548969 -0.65751
vn 0.5137216 0.3254876 -0.7938186
vn 0.7647001 0.4901923 -0.4182647
vn 0.145097 0.8196015 -0.5542564
vn 0.7333277 0.5294076 -0.4265654
vn 0.2156847 0.4901923 -0.8445067
vn 0.6470539 0.3568599 -0.6737746
vn 0.4274477 0.3176446 -0.8463984
vn 0.5999954 0.2549 -0.7583083
vn 0.8039154 0.2078415 -0.5572448
vn 0.5137216 0.2705861 -0.8141703
vn 0.9529339 0.1137246 -0.2810404
vn 0.5999954 0.2549 -0.7583083
vn 0.6470539 0.3568599 -0.6737746
vn 0.8431308 0.1921554 -0.5022019
vn 0.9450908 0.1686261 -0.2799438
vn 0.9843062 0.08235228 -0.1560749
vn 0.8039154 0.2078415 -0.5572448
vn -0.003921509 -0.3803893 0.9248182
vn -0.003921509 -0.5450939 0.8383659
vn -0.003921509 -0.5450939 0.8383659
vn -0.003921509 -0.3803893 0.9248182
vn 0.003921568 -0.1372539 0.9905281
vn -0.003921509 -0.1372539 0.9905281
vn 0.003921568 0.003921509 0.9999846
vn 0.003921568 0.003921509 0.9999846
vn 0.003921568 -0.0274508 0.9996155
vn -0.003921509 -0.0274508 0.9996155
vn -0.003921509 -0.06666619 0.9977676
vn -0.9686199 -0.09019542 -0.2316035
vn -0.6470538 0.3568599 -0.6737747
vn -0.9529338 0.1137246 -0.2810408
vn -0.7333276 0.5294076 -0.4265655
vn -0.5999954 0.2549 -0.7583084
vn -0.8431307 0.1921554 -0.5022021
vn -0.9450908 0.1686261 -0.279944
vn -0.9843061 0.08235228 -0.1560757
vn -0.9607769 -0.01960772 -0.2766283
vn -0.8039154 0.2078415 -0.557245
vn -0.86666 -0.3176447 -0.3847107
vn -0.874503 -0.35686 -0.3284743
vn -0.9294046 -0.3254877 -0.1739677
vn -0.7646999 0.4901923 -0.4182649
vn -0.7803861 0.2156845 -0.5869222
vn -0.3725461 0.6548969 -0.65751
vn -0.7803861 0.2156845 -0.5869222
vn -0.5137215 0.3254876 -0.7938187
vn -0.7646999 0.4901923 -0.4182649
vn -0.1450969 0.8196015 -0.5542564
vn -0.7333276 0.5294076 -0.4265655
vn -0.2156845 0.4901923 -0.8445068
vn -0.6470538 0.3568599 -0.6737747
vn -0.4274477 0.3176446 -0.8463985
vn -0.5999954 0.2549 -0.7583084
vn -0.8039154 0.2078415 -0.557245
vn -0.5137215 0.2705861 -0.8141704
vn -0.9999923 0.003921509 -0.0003449296
vn -0.9999923 0.003921509 -0.0003449296
vn -0.9999923 0.003921509 -0.0003449296
vn -0.9999923 0.003921509 -0.0003449296
vn -0.9999923 0.003921509 -0.0003449296
vn -0.9999923 0.003921509 -0.0003449296
vn -0.9999923 0.003921509 -0.0003449296
vn -0.9999923 0.003921509 -0.0003449296
vn -0.9999923 0.003921509 -0.0003449296
vn 0.9999924 0.003921509 0
vn 0.9999924 0.003921509 0
vn 0.9999924 0.003921509 0
vn 0.9999924 0.003921509 0
vn 0.9999924 0.003921509 0
vn 0.9999924 0.003921509 0
vn 0.9999924 0.003921509 0
vn 0.9999924 0.003921509 0
vn 0.9999924 0.003921509 0
vn -0.003921509 -0.1921554 -0.9813567
vn -0.003921509 -0.1921554 -0.9813567
vn -0.003921509 -0.1921554 -0.9813567
vn -0.003921509 -0.1921554 -0.9813567
vn -0.003921509 0.7097985 0.7043939
vn -0.003921509 0.7097985 0.7043939
vn -0.003921509 0.7097985 0.7043939
vn -0.003921509 0.7097985 0.7043939
vn -0.003921509 -0.9450908 -0.3267842
vn -0.003921509 -0.9137185 -0.4063288
vn -0.003921509 -0.9137185 -0.4063288
vn -0.003921509 -0.9450908 -0.3267842
vn -0.003921509 -0.7960724 -0.6051888
vn -0.003921509 -0.7960724 -0.6051888
vn -0.003921509 -0.450977 -0.892527
vn -0.003921509 -0.450977 -0.892527
vn -0.003921509 -0.1843123 -0.9828599
vn -0.003921509 -0.1843123 -0.9828599
vn -0.003921509 0.9843061 0.176426
vn -0.003921509 0.9999923 -0.000345267
vn -0.003921509 0.9999923 -0.000345267
vn -0.003921509 0.9843061 0.176426
vn -0.003921509 0.9921492 -0.1249981
vn -0.003921509 0.9921492 -0.1249981
vn -0.003921509 0.9921492 0.1249981
vn -0.003921509 0.9921492 0.1249981
vn -0.003921509 0.9764631 0.215649
vn -0.003921509 0.9764631 0.215649
vn -0.003921509 0.9529338 0.3031532
vn -0.003921509 0.9529338 0.3031532
vn -0.003921509 0.9372476 0.3486424
vn -0.003921509 0.9372476 0.3486424
vn -0.9999923 -0.003921568 -0.0003442513
vn -0.9999923 -0.003921568 -0.0003442513
vn -0.9999923 -0.003921568 -0.0003442513
vn -0.9999923 0.003921509 -0.0003449296
vn -0.9999923 0.003921509 -0.0003449296
vn -0.9999923 0.003921509 -0.0003449296
vn -0.9999923 -0.003921568 -0.0003442513
vn -0.9999923 -0.003921568 -0.0003442513
vn -0.9999923 -0.003921568 -0.0003442513
vn -0.9999923 -0.003921568 -0.0003442513
vn -0.9999309 -0.01176392 0
vn -0.9843061 -0.1215677 0.1279172
vn -0.9999923 0.003921509 -0.0003449296
vn -0.9686199 -0.1607831 0.1895368
vn 0.9999924 -0.003921568 0
vn 0.9999924 -0.003921568 0
vn 0.9999924 -0.003921568 0
vn 0.9999924 0.003921509 0
vn 0.9999924 0.003921509 0
vn 0.9999924 0.003921509 0
vn 0.9999924 -0.003921568 0
vn 0.9999924 -0.003921568 0
vn 0.9999924 -0.003921568 0
vn 0.9999924 -0.003921568 0
vn 0.9999309 -0.01176392 0
vn 0.9843062 -0.1215677 0.1279163
vn 0.9999924 0.003921509 0
vn 0.9686201 -0.1607831 0.1895361
vn -0.003921509 0.874503 -0.4850042
vn -0.003921509 0.874503 -0.4850042
vn -0.003921509 0.874503 -0.4850042
vn -0.003921509 0.874503 -0.4850042
vn -0.003921509 -0.9843062 -0.1764254
vn -0.003921509 -0.9843062 0.1764254
vn -0.003921509 -0.9843062 0.1764254
vn -0.003921509 -0.9843062 -0.1764254
vn -0.003921509 -0.8274447 0.5615336
vn -0.003921509 -0.8274447 0.5615336
vn -0.003921509 -0.7882293 0.6153691
vn -0.003921509 -0.7882293 0.6153691
vn -0.003921509 0.6941123 0.7198561
vn -0.003921509 0.6941123 0.7198561
vn -0.003921509 0.6941123 0.7198561
vn -0.003921509 0.6941123 0.7198561
vn -0.003921509 0.7333276 0.6798641
vn -0.003921509 0.7333276 0.6798641
vn -0.003921509 0.7882292 0.6153693
vn -0.003921509 0.7882292 0.6153693
vn -0.003921509 0.7960722 0.6051889
vn -0.003921509 0.7960722 0.6051889
vn -0.003921509 0.7882292 0.6153693
vn -0.9993777 -0.03527219 0
vn -0.9990709 -0.04309721 0
vn -0.9993777 -0.03527219 0
vn -0.9993777 -0.03527219 0
vn -0.9993777 -0.03527219 0
vn -0.9993777 -0.03527219 0
vn -0.9993777 -0.03527219 0
vn -0.9993777 -0.03527219 0
vn -0.9996234 -0.02744067 0
vn -0.9996234 -0.02744067 0
vn -0.9998079 -0.01960411 0
vn 0.9990709 -0.04309721 0
vn 0.9993777 -0.03527218 0
vn 0.9993777 -0.03527218 0
vn 0.9993777 -0.03527218 0
vn 0.9993777 -0.03527218 0
vn 0.9993777 -0.03527218 0
vn 0.9993777 -0.03527218 0
vn 0.9993777 -0.03527218 0
vn 0.9996234 -0.02744067 0
vn 0.9993777 -0.03527218 0
vn 0.9993777 -0.03527218 0
vn 0.9996234 -0.02744067 0
vn 0.9998079 -0.01960411 0
vn 0.9996234 -0.02744067 0
vn 0.9996234 -0.02744067 0
vn -0.003921509 -0.9450908 0.3267842
vn -0.003921509 -0.9450908 0.3267842
vn -0.003921509 -0.9450908 0.3267842
vn -0.7646999 0.6392107 0.08150897
vn -0.7725431 0.6313677 0.06746878
vn -0.7633862 0.6459423 0
vn -0.7774267 0.6289734 0
vn 0.5999954 0.7097985 0.3690415
vn 0.5999954 0.7097985 0.3690415
vn 0.5999954 0.7097985 0.3690415
vn 0.5999954 0.7097985 0.3690415
vn 0.7647001 -0.6392108 0.08150696
vn 0.7562059 -0.6543337 0
vn 0.7562059 -0.6543337 0
vn 0.7647001 -0.6392108 0.08150696
vn -0.6235245 -0.7411708 -0.2487629
vn -0.6235245 -0.7411708 -0.2487629
vn -0.6235245 -0.7411708 -0.2487629
vn -0.6235245 -0.7411708 -0.2487629
vn -0.003921509 0.003921509 0.9999846
vn -0.003921509 0.003921509 0.9999846
vn -0.003921509 0.003921509 0.9999846
vn -0.003921509 0.003921509 0.9999846
vn -0.6313677 -0.7490139 0.2008807
vn -0.5921522 -0.7019554 0.3957453
vn -0.5921522 -0.7019554 0.3957453
vn -0.6313677 -0.7490139 0.2008807
vn -0.5686231 -0.6784262 0.4651943
vn -0.5686231 -0.6784262 0.4651943
vn -0.6313677 -0.7490139 0.2008807
vn -0.6313677 -0.7490139 0.2008807
vn -0.6392107 -0.7647001 -0.08150788
vn -0.6392107 -0.7647001 -0.08150788
vn -0.6313677 -0.756857 -0.168945
vn -0.6313677 -0.756857 -0.168945
vn -0.6392107 -0.7647001 0.08150788
vn -0.6392107 -0.7647001 0.08150788
vn -0.6392107 -0.7647001 -0.08150788
vn -0.6392107 -0.7647001 -0.08150788
vn 0.5686231 0.670583 -0.4764307
vn 0.5686231 0.670583 -0.4764307
vn 0.5686231 0.670583 -0.4764307
vn 0.5686231 0.670583 -0.4764307
vn 0.04313695 0.05097997 -0.9977676
vn 0.04313695 0.05097997 -0.9977676
vn 0.04313695 0.05097997 -0.9977676
vn 0.04313695 0.05097997 -0.9977676
vn 0.3098016 0.3725461 0.8747756
vn 0.3882324 0.466663 0.7946706
vn 0.3098016 0.3725461 0.8747756
vn 0.3882324 0.466663 0.7946706
vn 0.15294 0.1843122 0.9708956
vn 0.15294 0.1843122 0.9708956
vn 0.06666619 0.07450914 0.9949895
vn 0.06666619 0.07450914 0.9949895
vn 0.03529388 0.04313684 0.9984456
vn 0.03529388 0.04313684 0.9984456
vn 0.03529388 0.04313684 0.9984456
vn 0.03529388 0.04313684 0.9984456
vn 0.1843123 0.2156845 -0.9589104
vn 0.1843123 0.2156845 -0.9589104
vn 0.1843123 0.2156845 -0.9589104
vn 0.1843123 0.2156845 -0.9589104
vn -0.7704607 0.6374876 0
vn -0.7646999 0.6392107 0.08150897
vn -0.7646999 0.6392107 0.08150897
vn -0.7646999 0.6392107 -0.08150897
vn -0.7725431 0.6313677 -0.06746878
vn -0.7725431 0.6313677 -0.06746878
vn -0.7568569 0.6470538 -0.09213535
vn -0.7490138 0.6548969 -0.1004414
vn -0.7646999 0.6392107 0.08150897
vn -0.7646999 0.6392107 0.08150897
vn -0.7646999 0.6392107 0.08150897
vn -0.7646999 0.6392107 0.08150897
vn -0.7646999 0.6392107 0.08150897
vn -0.7646999 0.6392107 -0.08150897
vn -0.7646999 0.6392107 0.08150897
vn -0.7254846 0.6784261 -0.1158018
vn -0.7097985 0.6941123 -0.1199761
vn -0.6784261 0.7254846 -0.1158017
vn 0.756857 -0.6470539 -0.09213454
vn 0.7647001 -0.6392108 -0.08150696
vn 0.7647001 -0.6392108 -0.08150696
vn 0.7647001 -0.6392108 -0.08150696
vn 0.756857 -0.6470539 -0.09213454
vn 0.756857 -0.6470539 -0.09213454
vn 0.7647001 -0.6392108 -0.08150696
vn 0.7803862 -0.6235247 -0.0470568
vn 0.7647001 -0.6392108 0.08150696
vn 0.7647001 -0.6392108 -0.08150696
vn 0.7647001 -0.6392108 -0.08150696
vn 0.7647001 -0.6392108 0.08150696
vn 0.7647001 -0.6392108 -0.08150696
vn 0.7647001 -0.6392108 0.08150696
vn 0.7647001 -0.6392108 -0.08150696
vn 0.7960724 -0.5999954 -0.07921037
vn 0.8116088 -0.5842015 0
vn 0.8352877 -0.5450939 -0.0718819
vn 0.5137216 0.6156815 -0.5975168
vn 0.552937 0.6548969 -0.5151415
vn 0.5137216 0.6156815 -0.5975168
vn 0.552937 0.6548969 -0.5151415
vn 0.5843093 0.7019553 -0.4072363
vn 0.5843093 0.7019553 -0.4072363
vn -0.7646999 0.6392107 0.08150897
vn -0.7725431 0.6313677 0.06746878
vn -0.7633862 0.6459423 0
vn -0.7725431 0.6313677 0.06746878
vn 0.5764662 0.6862692 0.4435328
vn 0.5764662 0.6862692 0.4435328
vn 0.5764662 0.6862692 0.4435328
vn 0.5764662 0.6862692 0.4435328
vn 0.7633862 -0.6459422 0
vn 0.756857 -0.6470539 0.09213454
vn 0.7562059 -0.6543337 0
vn 0.7647001 -0.6392108 0.08150696
vn 0.7647001 -0.6392108 -0.08150696
vn 0.7647001 -0.6392108 -0.08150696
vn 0.7647001 -0.6392108 -0.08150696
vn 0.7647001 -0.6392108 -0.08150696
vn 0.7647001 -0.6392108 -0.08150696
vn 0.7647001 -0.6392108 -0.08150696
vn 0.7647001 -0.6392108 -0.08150696
vn 0.7647001 -0.6392108 -0.08150696
vn 0.7647001 -0.6392108 -0.08150696
vn 0.7647001 -0.6392108 0.08150696
vn 0.7647001 -0.6392108 0.08150696
vn 0.7647001 -0.6392108 0.08150696
vn 0.7647001 -0.6392108 0.08150696
vn -0.7646999 0.6392107 0.08150897
vn -0.7646999 0.6392107 -0.08150897
vn -0.7646999 0.6392107 -0.08150897
vn -0.7646999 0.6392107 -0.08150897
vn -0.7646999 0.6392107 -0.08150897
vn -0.7646999 0.6392107 0.08150897
vn -0.7646999 0.6392107 0.08150897
vn -0.7646999 0.6392107 0.08150897
vn -0.7646999 0.6392107 0.08150897
vn -0.7646999 0.6392107 0.08150897
vn -0.7646999 0.6392107 0.08150897
vn -0.7646999 0.6392107 0.08150897
vn -0.7646999 0.6392107 0.08150897
vn 0.5137216 0.6156815 -0.5975168
vn 0.6235247 0.7411708 -0.2487628
vn 0.6235247 0.7411708 -0.2487628
vn 0.5137216 0.6156815 -0.5975168
vn 0.6392108 0.7646999 -0.08150824
vn 0.6392108 0.7646999 -0.08150824
vn 0.4352908 0.5215646 -0.7338203
vn 0.4352908 0.5215646 -0.7338203
vn 0.3725462 0.4509768 -0.8110667
vn 0.3725462 0.4509768 -0.8110667
vn 0.3411739 0.4039184 -0.8487934
vn 0.3411739 0.4039184 -0.8487934
vn 0.3254877 0.3882322 -0.8621679
vn 0.3254877 0.3882322 -0.8621679
vn -0.003921509 0.003921509 0.9999846
vn -0.003921509 0.003921509 0.9999846
vn -0.003921509 0.003921509 0.9999846
vn -0.003921509 0.003921509 0.9999846
vn -0.5529369 -0.6627401 0.5050113
vn -0.4980353 -0.5921524 0.6334954
vn -0.4980353 -0.5921524 0.6334954
vn -0.5529369 -0.6627401 0.5050113
vn -0.6156815 -0.7333277 0.2883864
vn -0.6156815 -0.7333277 0.2883864
vn -0.3960754 -0.4745062 0.7861095
vn -0.3960754 -0.4745062 0.7861095
vn -0.6313677 -0.756857 0.168945
vn -0.6313677 -0.756857 0.168945
vn -0.3254876 -0.3882324 0.8621679
vn -0.3254876 -0.3882324 0.8621679
vn -0.5215646 -0.6235247 0.5823979
vn -0.6392107 -0.7647001 -0.08150788
vn -0.5215646 -0.6235247 0.5823979
vn -0.6392107 -0.7647001 -0.08150788
vn -0.1999984 -0.2392139 0.950146
vn -0.1999984 -0.2392139 0.950146
vn 0.1999985 0.2392138 0.950146
vn 0.1999985 0.2392138 0.950146
vn 0.5215647 0.6235245 0.582398
vn 0.5215647 0.6235245 0.582398
vn 0.6392108 0.7646999 0.08150824
vn 0.6392108 0.7646999 -0.08150824
vn 0.5215647 0.6235245 -0.582398
vn 0.5215647 0.6235245 -0.582398
vn 0.1999985 0.2392138 -0.950146
vn 0.1999985 0.2392138 -0.950146
vn -0.1999984 -0.2392139 -0.950146
vn -0.1999984 -0.2392139 -0.950146
vn -0.5215646 -0.6235247 -0.5823979
vn -0.5215646 -0.6235247 -0.5823979
vn -0.1999984 -0.2392139 -0.950146
vn -0.1999984 -0.2392139 -0.950146
vn -0.7646999 0.6392107 0.08150897
vn -0.7646999 0.6392107 0.08150897
vn -0.7646999 0.6392107 0.08150897
vn -0.7646999 0.6392107 0.08150897
vn -0.7646999 0.6392107 -0.08150897
vn -0.7646999 0.6392107 -0.08150897
vn -0.7646999 0.6392107 0.08150897
vn -0.7646999 0.6392107 0.08150897
vn -0.7646999 0.6392107 -0.08150897
vn -0.7646999 0.6392107 0.08150897
vn 0.7647001 -0.6392108 -0.08150696
vn 0.7647001 -0.6392108 -0.08150696
vn 0.7647001 -0.6392108 0.08150696
vn 0.7647001 -0.6392108 -0.08150696
vn 0.7647001 -0.6392108 -0.08150696
vn 0.7647001 -0.6392108 -0.08150696
vn 0.7647001 -0.6392108 -0.08150696
vn 0.7647001 -0.6392108 0.08150696
vn 0.7647001 -0.6392108 0.08150696
vn 0.7647001 -0.6392108 -0.08150696
vn -0.7646999 0.6392107 -0.08150897
vn -0.7646999 0.6392107 -0.08150897
vn -0.7646999 0.6392107 -0.08150897
vn -0.7646999 0.6392107 0.08150897
vn 0.7647001 -0.6392108 -0.08150696
vn 0.7647001 -0.6392108 -0.08150696
vn 0.7647001 -0.6392108 -0.08150696
vn 0.7647001 -0.6392108 -0.08150696
vn -0.003921509 0.003921509 -0.9999846
vn -0.003921509 0.003921509 -0.9999846
vn -0.003921509 0.003921509 -0.9999846
vn -0.003921509 0.003921509 -0.9999846
vn -0.003921509 0.003921509 0.9999846
vn -0.003921509 0.003921509 0.9999846
vn -0.003921509 0.003921509 0.9999846
vn -0.003921509 0.003921509 0.9999846
vn 0.6392108 0.7646999 -0.08150824
vn 0.6392108 0.7646999 -0.08150824
vn 0.6392108 0.7646999 -0.08150824
vn 0.6392108 0.7646999 0.08150824
vn -0.9999923 0.003921509 -0.0003449296
vn -0.9999923 0.003921509 -0.0003449296
vn -0.9999923 0.003921509 -0.0003449296
vn -0.9999923 0.003921509 -0.0003449296
vn -0.9999923 0.003921509 -0.0003449296
vn -0.9999923 0.003921509 -0.0003449296
vn -0.9999923 0.003921509 -0.0003449296
vn -0.9999923 0.003921509 -0.0003449296
vn -0.9999923 0.003921509 -0.0003449296
vn 0.9999924 0.003921509 0
vn 0.9999924 0.003921509 0
vn 0.9999924 0.003921509 0
vn 0.9999924 0.003921509 0
vn 0.9999924 0.003921509 0
vn 0.9999924 0.003921509 0
vn 0.9999924 0.003921509 0
vn 0.9999924 0.003921509 0
vn 0.9999924 0.003921509 0
vn -0.003921509 -0.3176447 -0.9482017
vn -0.003921509 -0.3176447 -0.9482017
vn -0.003921509 -0.3176447 -0.9482017
vn -0.003921509 -0.3176447 -0.9482017
vn -0.003921509 -0.9999924 0
vn -0.003921509 -0.9529339 0.3031528
vn -0.003921509 -0.9529339 0.3031528
vn -0.003921509 -0.9999924 0
vn -0.003921509 -0.7960724 0.6051888
vn -0.003921509 -0.7960724 0.6051888
vn -0.003921509 -0.7333277 0.679864
vn -0.003921509 -0.7333277 0.679864
vn -0.003921509 -0.6784262 0.7346581
vn -0.003921509 -0.6784262 0.7346581
vn -0.003921509 0.4901923 0.8716055
vn -0.003921509 0.4901923 0.8716055
vn -0.003921509 0.4901923 0.8716055
vn -0.003921509 0.4901923 0.8716055
vn -0.003921509 0.9058753 -0.4235263
vn -0.003921509 0.9215615 -0.3882126
vn -0.003921509 0.9215615 -0.3882126
vn -0.003921509 0.9058753 -0.4235263
vn -0.003921509 0.9450908 -0.3267844
vn -0.003921509 0.9450908 -0.3267844
vn -0.003921509 0.9450908 -0.3267844
vn -0.003921509 0.9450908 -0.3267844
vn 0.7097985 -0.654897 0.2594148
vn -0.003921509 -0.9215616 0.3882124
vn 0.7097985 -0.654897 0.2594148
vn -0.003921509 -0.9215616 0.3882124
vn 0.9999924 0.003921509 0
vn 0.9999924 0.003921509 0
vn 0.7097985 0.6548969 -0.2594151
vn 0.7097985 0.6548969 -0.2594151
vn 0.003921568 0.9215615 -0.3882126
vn 0.003921568 0.9215615 -0.3882126
vn -0.7097985 0.6548969 -0.2594152
vn -0.7097985 0.6548969 -0.2594152
vn -0.9999923 0.003921509 -0.0003449296
vn -0.9999923 0.003921509 -0.0003449296
vn -0.7097985 -0.654897 0.2594149
vn -0.7097985 -0.654897 0.2594149
vn -0.003921509 -0.9215616 0.3882124
vn -0.003921509 -0.9215616 0.3882124
vn -0.003921509 0.3882322 0.9215532
vn 0.003921568 0.3882322 0.9215532
vn 0.003921568 0.3882322 0.9215532
vn 0.003921568 0.3882322 0.9215532
vn -0.003921509 0.3882322 0.9215532
vn -0.003921509 0.3882322 0.9215532
vn 0.003921568 0.3882322 0.9215532
vn 0.003921568 0.3882322 0.9215532
vn 0.003921568 -0.3882324 -0.9215532
vn 0.003921568 -0.3882324 -0.9215532
vn 0.003921568 -0.3882324 -0.9215532
vn -0.003921509 -0.3882324 -0.9215532
vn -0.003921509 -0.3882324 -0.9215532
vn -0.003921509 -0.3882324 -0.9215532
vn -0.003921509 -0.3882324 -0.9215532
vn -0.003921509 -0.3882324 -0.9215532
vn -0.9999923 0.003921509 -0.0003449296
vn -0.9999923 0.003921509 -0.0003449296
vn -0.9999923 0.003921509 -0.0003449296
vn -0.9999923 0.003921509 -0.0003449296
vn -0.9999923 0.003921509 -0.0003449296
vn -0.9999923 0.003921509 -0.0003449296
vn 0.9999924 0.003921509 0
vn 0.9999924 0.003921509 0
vn 0.9999924 0.003921509 0
vn 0.9999924 0.003921509 0
vn 0.9999924 0.003921509 0
vn 0.9999924 0.003921509 0
vn -0.003921509 -0.247057 -0.968993
vn -0.003921509 -0.2941154 -0.9557618
vn -0.003921509 -0.2941154 -0.9557618
vn -0.003921509 -0.247057 -0.968993
vn -0.003921509 -0.3411739 -0.939992
vn -0.003921509 -0.3411739 -0.939992
vn -0.003921509 -0.8980324 0.4399119
vn -0.003921509 -0.8980324 0.4399119
vn -0.003921509 -0.8980324 0.4399119
vn -0.003921509 -0.8980324 0.4399119
vn -0.003921509 -0.003921568 0.9999846
vn -0.003921509 -0.1686262 0.9856722
vn -0.003921509 -0.1686262 0.9856722
vn -0.003921509 -0.003921568 0.9999846
vn -0.003921509 -0.3333308 0.9428018
vn -0.003921509 -0.3333308 0.9428018
vn -0.003921509 0.8823462 -0.4705847
vn -0.003921509 0.8823462 -0.4705847
vn -0.003921509 0.8823462 -0.4705847
vn -0.003921509 0.8823462 -0.4705847
vn -0.003921509 -0.7097985 0.7043939
vn -0.003921509 -0.9999924 0
vn -0.003921509 -0.7097985 0.7043939
vn -0.003921509 -0.9999924 0
vn -0.003921509 -0.003921568 0.9999846
vn -0.003921509 -0.003921568 0.9999846
vn -0.003921509 0.7097985 0.7043939
vn -0.003921509 0.7097985 0.7043939
vn -0.003921509 0.9999923 -0.000345267
vn -0.003921509 0.9999923 -0.000345267
vn -0.003921509 0.7097985 -0.7043939
vn -0.003921509 0.7097985 -0.7043939
vn -0.003921509 -0.003921568 -0.9999846
vn -0.003921509 -0.003921568 -0.9999846
vn -0.003921509 -0.7097985 -0.7043939
vn -0.003921509 -0.7097985 -0.7043939
vn -0.003921509 -0.7097985 -0.7043939
vn -0.003921509 -0.7097985 -0.7043939
vn -0.9999923 0.003921509 -0.0003449296
vn -0.9999923 0.003921509 -0.0003449296
vn -0.9999923 0.003921509 -0.0003449296
vn -0.9999923 0.003921509 -0.0003449296
vn -0.9999923 0.003921509 -0.0003449296
vn -0.9999923 0.003921509 -0.0003449296
vn -0.9999923 0.003921509 -0.0003449296
vn -0.9999923 0.003921509 -0.0003449296
vn 0.9999924 0.003921509 0
vn 0.9999924 0.003921509 0
vn 0.9999924 0.003921509 0
vn 0.9999924 0.003921509 0
vn 0.9999924 0.003921509 0
vn 0.9999924 0.003921509 0
vn 0.9999924 0.003921509 0
vn 0.9999924 0.003921509 0
vn -0.003921509 0.003921509 -0.9999846
vn -0.003921509 0.003921509 -0.9999846
vn -0.003921509 0.003921509 -0.9999846
vn -0.003921509 0.003921509 -0.9999846
vn -0.003921509 0.003921509 0.9999846
vn -0.003921509 0.003921509 0.9999846
vn -0.003921509 0.003921509 0.9999846
vn -0.003921509 0.003921509 0.9999846
vn -0.6156815 -0.7333277 -0.2883864
vn -0.6156815 -0.7333277 -0.2883864
vn -0.6156815 -0.7333277 -0.2883864
vn -0.6156815 -0.7333277 -0.2883864
vn -0.7646999 0.6392107 -0.08150897
vn -0.7646999 0.6392107 -0.08150897
vn -0.7646999 0.6392107 -0.08150897
vn -0.7646999 0.6392107 -0.08150897
vn 0.7647001 -0.6392108 0.08150696
vn 0.7647001 -0.6392108 0.08150696
vn 0.7647001 -0.6392108 0.08150696
vn 0.7647001 -0.6392108 -0.08150696
vn -0.7633862 0.6459423 0
vn -0.7646999 0.6392107 0.08150897
vn -0.7633862 0.6459423 0
vn -0.7646999 0.6392107 0.08150897
vn -0.7646999 0.6392107 0.08150897
vn -0.7646999 0.6392107 0.08150897
vn -0.7646999 0.6392107 0.08150897
vn -0.7646999 0.6392107 0.08150897
vn -0.756206 0.6543336 0
vn -0.756206 0.6543336 0
vn 0.7633862 -0.6459422 0
vn 0.7647001 -0.6392108 0.08150696
vn 0.7633862 -0.6459422 0
vn 0.7647001 -0.6392108 -0.08150696
vn 0.7647001 -0.6392108 -0.08150696
vn 0.7647001 -0.6392108 -0.08150696
vn 0.7647001 -0.6392108 -0.08150696
vn 0.7647001 -0.6392108 -0.08150696
vn 0.7562059 -0.6543337 0
vn 0.7562059 -0.6543337 0
vn 0.145097 0.1764692 -0.973553
vn 0.0274508 0.03529382 -0.9989999
vn 0.0274508 0.03529382 -0.9989999
vn 0.145097 0.1764692 -0.973553
vn 0.450977 0.5450938 -0.7067479
vn 0.450977 0.5450938 -0.7067479
vn 0.6156816 0.7333276 -0.2883864
vn 0.6156816 0.7333276 -0.2883864
vn 0.6392108 0.7646999 -0.08150824
vn 0.6392108 0.7646999 -0.08150824
vn 0.05882311 0.07450914 -0.9954839
vn 0.05882311 0.07450914 -0.9954839
vn -0.5843092 -0.6941124 0.420465
vn -0.5843092 -0.6941124 0.420465
vn -0.5843092 -0.6941124 0.420465
vn -0.5843092 -0.6941124 0.420465
vn -0.003921509 0.003921509 0.9999846
vn -0.003921509 0.003921509 0.9999846
vn -0.003921509 0.003921509 0.9999846
vn -0.003921509 0.003921509 0.9999846
vn -0.003921509 0.003921509 0.9999846
vn -0.003921509 0.003921509 0.9999846
vn -0.06666613 -0.08235234 0.994371
vn -0.06666613 -0.08235234 0.994371
vn -0.06666613 -0.08235234 0.994371
vn -0.06666613 -0.08235234 0.994371
vn -0.7646999 0.6392107 -0.08150897
vn -0.2392138 0.9686199 -0.06746945
vn -0.2392138 0.9686199 -0.06746945
vn -0.7646999 0.6392107 -0.08150897
vn -0.9977852 0.06651899 0
vn -0.9977852 0.06651899 0
vn -0.8490956 -0.5282393 0
vn -0.8490956 -0.5282393 0
vn -0.3720657 -0.9282063 0
vn -0.3720657 -0.9282063 0
vn 0.2392139 -0.9686201 -0.06746767
vn 0.2392139 -0.9686201 -0.06746767
vn 0.7647001 -0.6392108 -0.08150696
vn 0.7647001 -0.6392108 -0.08150696
vn 0.9977852 -0.06651904 0
vn 0.9977852 -0.06651904 0
vn 0.8490956 0.5282391 0
vn 0.8490956 0.5282391 0
vn 0.3720658 0.9282063 0
vn 0.3720658 0.9282063 0
vn -0.2392138 0.9686199 -0.06746945
vn -0.2392138 0.9686199 -0.06746945
vn -0.003921509 0.003921509 -0.9999846
vn -0.003921509 0.003921509 -0.9999846
vn -0.003921509 0.003921509 -0.9999846
vn -0.003921509 0.003921509 -0.9999846
vn -0.003921509 0.003921509 -0.9999846
vn -0.003921509 0.003921509 -0.9999846
vn -0.003921509 0.003921509 -0.9999846
vn -0.003921509 0.003921509 -0.9999846
vn -0.003921509 0.003921509 -0.9999846
vn -0.003921509 0.003921509 -0.9999846
vn -0.003921509 0.003921509 0.9999846
vn -0.003921509 0.003921509 0.9999846
vn -0.003921509 0.003921509 0.9999846
vn -0.003921509 0.003921509 0.9999846
vn -0.003921509 0.003921509 0.9999846
vn -0.003921509 0.003921509 0.9999846
vn -0.003921509 0.003921509 0.9999846
vn -0.003921509 0.003921509 0.9999846
vn -0.003921509 0.003921509 0.9999846
vn -0.003921509 0.003921509 0.9999846
vn -0.5215646 -0.6235247 -0.5823979
vn -0.6392107 -0.7647001 -0.08150788
vn -0.6392107 -0.7647001 -0.08150788
vn -0.5215646 -0.6235247 -0.5823979
vn -0.5215646 -0.6235247 0.5823979
vn -0.5215646 -0.6235247 0.5823979
vn -0.1999984 -0.2392139 0.950146
vn -0.1999984 -0.2392139 0.950146
vn 0.1999985 0.2392138 0.950146
vn 0.1999985 0.2392138 0.950146
vn 0.5215647 0.6235245 0.582398
vn 0.5215647 0.6235245 0.582398
vn 0.6392108 0.7646999 0.08150824
vn 0.6392108 0.7646999 0.08150824
vn 0.5215647 0.6235245 -0.582398
vn 0.5215647 0.6156815 -0.5906831
vn 0.1999985 0.2392138 -0.950146
vn 0.1999985 0.2392138 -0.950146
vn -0.1999984 -0.2392139 -0.950146
vn -0.1999984 -0.2392139 -0.950146
vn -0.5215646 -0.6235247 -0.5823979
vn -0.5215646 -0.6235247 -0.5823979
vn -0.003921509 0.003921509 -0.9999846
vn -0.003921509 0.003921509 -0.9999846
vn -0.003921509 0.003921509 -0.9999846
vn -0.003921509 0.003921509 -0.9999846
vn -0.003921509 0.003921509 -0.9999846
vn -0.003921509 0.003921509 -0.9999846
vn -0.003921509 0.003921509 -0.9999846
vn -0.003921509 0.003921509 0.9999846
vn -0.003921509 0.003921509 0.9999846
vn -0.003921509 0.003921509 0.9999846
vn -0.003921509 0.003921509 0.9999846
vn -0.003921509 0.003921509 0.9999846
vn -0.003921509 0.003921509 0.9999846
vn -0.003921509 0.003921509 0.9999846
vn -0.3948628 -0.9187402 0
vn -0.6392107 -0.7647001 0.08150788
vn -0.3948628 -0.9187402 0
vn -0.6392107 -0.7647001 0.08150788
vn 0.2078416 -0.9764631 0.05763374
vn 0.2078416 -0.9764631 0.05763374
vn 0.7647001 -0.6392108 0.08150696
vn 0.7647001 -0.6392108 0.08150696
vn 0.9993777 -0.03527218 0
vn 0.9993777 -0.03527218 0
vn 0.8352877 0.5450938 -0.07188293
vn 0.8352877 0.5450938 -0.07188293
vn 0.6392108 0.7646999 -0.08150824
vn 0.6392108 0.7646999 -0.08150824
vn -0.5529369 -0.6627401 0.5050113
vn -0.6392107 -0.7647001 0.08150788
vn -0.5529369 -0.6627401 0.5050113
vn -0.6392107 -0.7647001 0.08150788
vn -0.3254876 -0.3803893 0.8656569
vn -0.3176446 -0.3803893 0.8685654
vn -0.5529369 -0.6627401 -0.5050113
vn -0.5529369 -0.6627401 -0.5050113
vn -0.3176446 -0.3803893 -0.8685654
vn -0.3254876 -0.3803893 -0.8656569
vn -0.003921509 -0.003921568 -0.9999846
vn 0.003921568 0.003921509 -0.9999846
vn 0.3176447 0.3803892 -0.8685654
vn 0.3176447 0.3803892 -0.8685654
vn 0.552937 0.66274 -0.5050113
vn 0.552937 0.66274 -0.5050113
vn 0.6392108 0.7646999 0.08150824
vn 0.6392108 0.7646999 0.08150824
vn 0.552937 0.66274 0.5050113
vn 0.552937 0.66274 0.5050113
vn 0.3176447 0.3803892 0.8685654
vn 0.3176447 0.3803892 0.8685654
vn -0.003921509 -0.003921568 0.9999846
vn -0.003921509 0.003921509 0.9999846
vn -0.3176446 -0.3803893 0.8685654
vn -0.3254876 -0.3803893 0.8656569
vn 0.7647001 -0.6392108 0.08150696
vn 0.7647001 -0.6392108 -0.08150696
vn 0.7647001 -0.6392108 -0.08150696
vn 0.7647001 -0.6392108 0.08150696
vn 0.7647001 -0.6392108 0.08150696
vn 0.7647001 -0.6392108 0.08150696
vn 0.7647001 -0.6392108 0.08150696
vn 0.7647001 -0.6392108 -0.08150696
vn 0.7647001 -0.6392108 -0.08150696
vn 0.7647001 -0.6392108 0.08150696
vn 0.7647001 -0.6392108 -0.08150696
vn 0.7647001 -0.6392108 0.08150696
vn -0.5764661 -0.6862693 0.4435327
vn -0.6392107 -0.7647001 -0.08150788
vn -0.5764661 -0.6862693 0.4435327
vn -0.6392107 -0.7647001 -0.08150788
vn -0.4039184 -0.4745062 0.7821085
vn -0.4039184 -0.4745062 0.7821085
vn -0.2784292 -0.3333308 0.9007595
vn -0.2784292 -0.3333308 0.9007595
vn -0.5764661 -0.6862693 -0.4435327
vn -0.5764661 -0.6862693 -0.4435327
vn -0.4039184 -0.4745062 -0.7821085
vn -0.4039184 -0.4745062 -0.7821085
vn -0.2784292 -0.3333308 -0.9007595
vn -0.2784292 -0.3333308 -0.9007595
vn -0.7646999 0.6392107 -0.08150897
vn -0.7646999 0.6392107 -0.08150897
vn -0.7646999 0.6392107 -0.08150897
vn -0.7646999 0.6392107 0.08150897
vn -0.7646999 0.6392107 0.08150897
vn -0.7646999 0.6392107 0.08150897
vn -0.7646999 0.6392107 -0.08150897
vn 0.7647001 -0.6392108 -0.08150696
vn 0.7647001 -0.6392108 0.08150696
vn 0.7647001 -0.6392108 -0.08150696
vn 0.7647001 -0.6392108 -0.08150696
vn 0.7647001 -0.6392108 0.08150696
vn 0.7647001 -0.6392108 -0.08150696
vn 0.7647001 -0.6392108 0.08150696
vn -0.8723058 -0.4889607 0
vn -0.9510054 0.3091745 0
vn -0.8723058 -0.4889607 0
vn -0.9510054 0.3091745 0
vn -0.4196045 0.9058753 -0.05763632
vn -0.4196045 0.9058753 -0.05763632
vn 0.3091746 0.9510053 0
vn 0.3091746 0.9510053 0
vn 0.8723059 0.4889607 0
vn 0.8723059 0.4889607 0
vn 0.9510053 -0.3091746 0
vn 0.9510053 -0.3091746 0
vn 0.4196047 -0.9058754 -0.05763322
vn 0.4196047 -0.9058754 -0.05763322
vn -0.3091745 -0.9510054 0
vn -0.3091745 -0.9510054 0
vn -0.8723058 -0.4889607 0
vn -0.8723058 -0.4889607 0
vn -0.5921522 -0.7097985 -0.3814995
vn -0.5921522 -0.7097985 -0.3814995
vn -0.5921522 -0.7097985 -0.3814995
vn -0.5921522 -0.7097985 -0.3814995
vn 0.003921568 0.003921509 -0.9999846
vn -0.2470568 -0.2941154 -0.9232871
vn 0.003921568 0.003921509 -0.9999846
vn -0.2470568 -0.2941154 -0.9232871
vn 0.247057 0.2941153 -0.9232871
vn 0.003921568 0.003921509 -0.9999846
vn 0.247057 0.2941153 -0.9232871
vn 0.003921568 0.003921509 -0.9999846
vn 0.6392108 0.7646999 0.08150824
vn 0.5921524 0.7097985 -0.3814993
vn 0.6392108 0.7646999 0.08150824
vn 0.5921524 0.7097985 -0.3814993
vn 0.450977 0.5450938 0.7067479
vn 0.450977 0.5450938 0.7067479
vn 0.247057 0.2941153 0.9232871
vn 0.247057 0.2941153 0.9232871
vn -0.4509768 -0.5450939 0.7067478
vn -0.2470568 -0.2941154 0.9232871
vn -0.4509768 -0.5450939 0.7067478
vn -0.2470568 -0.2941154 0.9232871
vn -0.5921522 -0.7097985 0.3814995
vn -0.5921522 -0.7097985 0.3814995
vn -0.7646999 0.6392107 0.08150897
vn -0.7646999 0.6392107 -0.08150897
vn -0.7646999 0.6392107 -0.08150897
vn -0.7646999 0.6392107 0.08150897
vn -0.7646999 0.6392107 -0.08150897
vn -0.7646999 0.6392107 -0.08150897
vn -0.7646999 0.6392107 -0.08150897
vn -0.7646999 0.6392107 0.08150897
vn -0.4509768 -0.5450939 -0.7067478
vn -0.5921522 -0.7097985 -0.3814995
vn -0.4509768 -0.5450939 -0.7067478
vn -0.5921522 -0.7097985 -0.3814995
vn 0.003921568 0.003921509 -0.9999846
vn 0.003921568 0.003921509 -0.9999846
vn 0.247057 0.2941153 -0.9232871
vn 0.003921568 0.003921509 -0.9999846
vn 0.247057 0.2941153 -0.9232871
vn 0.003921568 0.003921509 -0.9999846
vn 0.6392108 0.7646999 0.08150824
vn 0.5921524 0.7097985 -0.3814993
vn 0.6392108 0.7646999 0.08150824
vn 0.5921524 0.7097985 -0.3814993
vn 0.450977 0.5450938 0.7067479
vn 0.450977 0.5450938 0.7067479
vn 0.247057 0.2941153 0.9232871
vn 0.247057 0.2941153 0.9232871
vn -0.4509768 -0.5450939 0.7067478
vn -0.2470568 -0.2941154 0.9232871
vn -0.4509768 -0.5450939 0.7067478
vn -0.2470568 -0.2941154 0.9232871
vn -0.5921522 -0.7097985 0.3814995
vn -0.5921522 -0.7097985 0.3814995
vn -0.7646999 0.6392107 0.08150897
vn -0.7646999 0.6392107 -0.08150897
vn -0.7646999 0.6392107 -0.08150897
vn -0.7646999 0.6392107 0.08150897
vn -0.7646999 0.6392107 -0.08150897
vn -0.7646999 0.6392107 -0.08150897
vn -0.7646999 0.6392107 0.08150897
vn -0.7646999 0.6392107 -0.08150897
vn 0.6392108 0.7646999 -0.08150824
vn 0.5999954 0.7097985 -0.3690415
vn 0.5999954 0.7097985 -0.3690415
vn 0.6392108 0.7646999 -0.08150824
vn 0.4745062 0.5607799 -0.6785055
vn 0.4745062 0.5607799 -0.6785055
vn -0.04313684 -0.05098003 0.9977676
vn -0.1529399 -0.1764693 0.9723518
vn -0.04313684 -0.05098003 0.9977676
vn -0.1529399 -0.1764693 0.9723518
vn -0.3960754 -0.4745062 0.7861095
vn -0.3960754 -0.4745062 0.7861095
vn -0.5450938 -0.6470539 0.5330985
vn -0.5450938 -0.6470539 0.5330985
vn -0.5921522 -0.7019554 0.3957453
vn -0.5921522 -0.7019554 0.3957453
vn -0.6078384 -0.7254847 0.3228072
vn -0.6078384 -0.7254847 0.3228072
vn -0.6392107 -0.7647001 -0.08150788
vn -0.6392107 -0.7647001 -0.08150788
vn -0.6392107 -0.7647001 -0.08150788
vn -0.6392107 -0.7647001 -0.08150788
vn 0.7647001 -0.6392108 0.08150696
vn 0.7647001 -0.6392108 0.08150696
vn 0.7647001 -0.6392108 -0.08150696
vn 0.7647001 -0.6392108 0.08150696
vn 0.7647001 -0.6392108 -0.08150696
vn 0.7647001 -0.6392108 -0.08150696
vn 0.7647001 -0.6392108 -0.08150696
vn 0.7647001 -0.6392108 0.08150696
vn 0.7647001 -0.6392108 0.08150696
vn 0.7647001 -0.6392108 0.08150696
vn 0.7647001 -0.6392108 0.08150696
vn 0.7647001 -0.6392108 0.08150696
vn 0.7647001 -0.6392108 0.08150696
vn 0.7647001 -0.6392108 -0.08150696
vn 0.7647001 -0.6392108 0.08150696
vn 0.7647001 -0.6392108 0.08150696
vn 0.7647001 -0.6392108 0.08150696
vn 0.7647001 -0.6392108 -0.08150696
vn 0.9450908 -0.3176447 -0.07684513
vn 0.9450908 -0.3176447 -0.07684513
vn 0.6392108 0.7646999 -0.08150824
vn 0.5999954 0.7176415 -0.353548
vn 0.6392108 0.7646999 -0.08150824
vn 0.5999954 0.7176415 -0.353548
vn 0.450977 0.5372508 -0.7127281
vn 0.5999954 0.7176415 -0.353548
vn 0.5999954 0.7176415 -0.353548
vn 0.450977 0.5372508 -0.7127281
vn 0.35686 0.4274477 -0.8306259
vn 0.35686 0.4274477 -0.8306259
vn 0.3960754 0.4745061 -0.7861095
vn 0.3960754 0.4745061 -0.7861095
vn 0.4901924 0.5843092 -0.6467566
vn 0.4901924 0.5843092 -0.6467566
vn -0.003921509 0.003921509 0.9999846
vn -0.003921509 0.003921509 0.9999846
vn -0.003921509 0.003921509 0.9999846
vn -0.003921509 0.003921509 0.9999846
vn -0.003921509 0.003921509 0.9999846
vn -0.003921509 0.003921509 0.9999846
vn -0.003921509 0.003921509 0.9999846
vn -0.003921509 0.003921509 0.9999846
vn -0.7646999 0.6392107 -0.08150897
vn -0.7646999 0.6392107 -0.08150897
vn -0.7646999 0.6392107 -0.08150897
vn -0.7646999 0.6392107 -0.08150897
vn -0.7646999 0.6392107 -0.08150897
vn -0.7646999 0.6392107 0.08150897
vn -0.7646999 0.6392107 -0.08150897
vn -0.7646999 0.6392107 -0.08150897
vn -0.7646999 0.6392107 -0.08150897
vn -0.7646999 0.6392107 -0.08150897
vn -0.7646999 0.6392107 -0.08150897
vn -0.7646999 0.6392107 -0.08150897
vn -0.7646999 0.6392107 0.08150897
vn -0.7646999 0.6392107 0.08150897
vn -0.4736329 0.8807224 0
vn -0.4736329 0.8807224 0
vn -0.7646999 0.6392107 -0.08150897
vn -0.7646999 0.6392107 0.08150897
vn -0.7646999 0.6392107 -0.08150897
vn -0.7646999 0.6392107 -0.08150897
vn 0.003921568 0.003921509 -0.9999846
vn 0.003921568 0.003921509 -0.9999846
vn 0.003921568 0.003921509 -0.9999846
vn 0.003921568 0.003921509 -0.9999846
vn 0.003921568 0.003921509 -0.9999846
vn 0.003921568 0.003921509 -0.9999846
vn 0.003921568 0.003921509 -0.9999846
vn 0.003921568 0.003921509 -0.9999846
vn 0.5133428 0.8581836 0
vn 0.756206 0.6543336 0
vn 0.756206 0.6543336 0
vn 0.5133428 0.8581836 0
vn 0.9529339 0.3019584 -0.02716757
vn 0.9529339 0.3019584 -0.02716757
vn 0.1370349 0.9905662 0
vn 0.1370349 0.9905662 0
vn 0.9450908 -0.3176447 -0.07684513
vn 0.9450908 -0.3176447 -0.07684513
vn -0.4736329 0.8807224 0
vn -0.4736329 0.8807224 0
vn -0.003921509 0.003921509 -0.9999846
vn -0.003921509 0.003921509 -0.9999846
vn -0.003921509 0.003921509 -0.9999846
vn -0.003921509 0.003921509 -0.9999846
vn -0.003921509 0.003921509 -0.9999846
vn -0.003921509 0.003921509 -0.9999846
vn -0.003921509 0.003921509 -0.9999846
vn -0.003921509 0.003921509 -0.9999846
vn 0.003921568 0.003921509 0.9999846
vn 0.003921568 0.003921509 0.9999846
vn 0.003921568 0.003921509 0.9999846
vn 0.003921568 0.003921509 0.9999846
vn 0.6392108 0.7646999 0.08150824
vn 0.6392108 0.7646999 0.08150824
vn 0.6392108 0.7646999 0.08150824
vn 0.6392108 0.7646999 0.08150824
vn 0.756857 -0.6392108 0.1362977
vn 0.7647001 -0.6392108 -0.08150696
vn 0.756857 -0.6392108 0.1362977
vn 0.7647001 -0.6392108 -0.08150696
vn 0.6627401 -0.552937 -0.5050113
vn 0.6627401 -0.552937 -0.5050113
vn 0.3803893 -0.3176447 -0.8685654
vn 0.3803893 -0.3176447 -0.8685654
vn -0.003921509 0.003921509 -0.9999846
vn -0.003921509 0.003921509 -0.9999846
vn -0.3803892 0.3176446 -0.8685654
vn -0.3803892 0.3176446 -0.8685654
vn -0.66274 0.5529369 -0.5050114
vn -0.66274 0.5529369 -0.5050114
vn -0.7646999 0.6392107 -0.08150897
vn -0.7646999 0.6392107 -0.08150897
vn -0.7568569 0.6392107 0.1362985
vn -0.7568569 0.6392107 0.1362985
vn -0.7646999 0.6392107 -0.08150897
vn -0.7646999 0.6392107 -0.08150897
vn 0.6392108 0.7646999 0.08150824
vn 0.6392108 0.7646999 -0.08150824
vn 0.6392108 0.7646999 0.08150824
vn 0.6392108 0.7646999 -0.08150824
vn 0.6392108 0.7646999 0.08150824
vn 0.6392108 0.7646999 0.08150824
vn 0.6392108 0.7646999 -0.08150824
vn 0.6392108 0.7646999 0.08150824
vn 0.6392108 0.7646999 -0.08150824
vn 0.6392108 0.7646999 0.08150824
vn 0.6392108 0.7646999 -0.08150824
vn 0.6392108 0.7646999 -0.08150824
vn 0.6392108 0.7646999 -0.08150824
vn -0.6392107 -0.7647001 -0.08150788
vn -0.6392107 -0.7647001 -0.08150788
vn -0.6392107 -0.7647001 0.08150788
vn -0.6392107 -0.7647001 -0.08150788
vn -0.6392107 -0.7647001 -0.08150788
vn -0.6392107 -0.7647001 -0.08150788
vn -0.6392107 -0.7647001 -0.08150788
vn -0.6392107 -0.7647001 -0.08150788
vn -0.6392107 -0.7647001 -0.08150788
vn -0.6392107 -0.7647001 -0.08150788
vn -0.6392107 -0.7647001 -0.08150788
vn -0.6392107 -0.7647001 -0.08150788
vn -0.6392107 -0.7647001 -0.08150788
vn 0.7647001 -0.6392108 -0.08150696
vn 0.7647001 -0.6392108 -0.08150696
vn 0.6627401 -0.552937 0.5050113
vn 0.7647001 -0.6392108 -0.08150696
vn 0.6627401 -0.552937 0.5050113
vn 0.7647001 -0.6392108 -0.08150696
vn 0.3803893 -0.3176447 0.8685654
vn 0.3803893 -0.3176447 0.8685654
vn -0.003921509 0.003921509 0.9999846
vn 0.003921568 -0.003921568 0.9999846
vn -0.3803892 0.3176446 0.8685654
vn -0.3803892 0.3176446 0.8685654
vn -0.66274 0.5529369 0.5050114
vn -0.66274 0.5529369 0.5050114
vn -0.7646999 0.6392107 -0.08150897
vn -0.7646999 0.6392107 -0.08150897
vn -0.7411708 0.6235245 -0.248763
vn -0.7411708 0.6235245 -0.248763
vn 0.7411708 -0.6235247 -0.2487626
vn 0.7411708 -0.6235247 -0.2487626
vn -0.6392107 -0.7647001 0.08150788
vn -0.6392107 -0.7647001 -0.08150788
vn -0.6392107 -0.7647001 0.08150788
vn -0.6392107 -0.7647001 -0.08150788
vn -0.6392107 -0.7647001 -0.08150788
vn -0.6392107 -0.7647001 -0.08150788
vn -0.6392107 -0.7647001 -0.08150788
vn -0.6392107 -0.7647001 -0.08150788
vn -0.6459423 -0.7633864 0
vn 0.6392108 0.7646999 0.08150824
vn 0.6392108 0.7646999 -0.08150824
vn 0.6392108 0.7646999 -0.08150824
vn 0.6392108 0.7646999 0.08150824
vn 0.6392108 0.7646999 -0.08150824
vn 0.6392108 0.7646999 0.08150824
vn 0.6392108 0.7646999 -0.08150824
vn 0.6392108 0.7646999 0.08150824
vn 0.6392108 0.7646999 0.08150824
vn -0.7646999 0.6392107 -0.08150897
vn -0.7646999 0.6392107 0.08150897
vn -0.7646999 0.6392107 -0.08150897
vn -0.7646999 0.6392107 0.08150897
vn -0.7646999 0.6392107 -0.08150897
vn -0.7646999 0.6392107 0.08150897
vn -0.7646999 0.6392107 -0.08150897
vn -0.7646999 0.6392107 -0.08150897
vn -0.7633862 0.6459423 0
vn -0.7633862 0.6459423 0
vn -0.7633862 0.6459423 0
vn -0.7646999 0.6392107 -0.08150897
vn -0.7646999 0.6392107 -0.08150897
vn -0.2862723 -0.1058816 -0.95228
vn -0.3411738 -0.05882311 -0.9381579
vn -0.3490169 -0.15294 -0.9245521
vn -0.3333308 -0.0274508 -0.9424103
vn -0.3411738 -0.01960772 -0.9397957
vn -0.262743 -0.1058816 -0.9590387
vn -0.05882299 -0.2941154 -0.953958
vn -0.05882299 -0.2784293 -0.9586537
vn 0.04313695 -0.3411739 -0.9390099
vn 0.03529388 -0.3254877 -0.9448873
vn -0.003921509 -0.3411739 -0.939992
vn -0.0901953 -0.3725462 -0.9236201
vn 0.6392108 0.7646999 0.08150824
vn 0.6392108 0.7646999 -0.08150824
vn 0.6392108 0.7646999 0.08150824
vn 0.6392108 0.7646999 -0.08150824
vn 0.6392108 0.7646999 -0.08150824
vn 0.6392108 0.7646999 -0.08150824
vn 0.6392108 0.7646999 0.08150824
vn 0.6392108 0.7646999 -0.08150824
vn 0.6392108 0.7646999 0.08150824
vn 0.6392108 0.7646999 -0.08150824
vn 0.6392108 0.7646999 -0.08150824
vn 0.6392108 0.7646999 -0.08150824
vn 0.6392108 0.7646999 -0.08150824
vn 0.6459423 0.7633862 0
vn 0.6459423 0.7633862 0
vn 0.6459423 0.7633862 0
vn 0.6459423 0.7633862 0
vn -0.6392107 -0.7490139 -0.1743212
vn -0.6392107 -0.756857 -0.1362983
vn -0.6313677 -0.756857 -0.168945
vn -0.6470538 -0.7490139 -0.1424765
vn -0.6313677 -0.756857 -0.168945
vn -0.6313677 -0.756857 -0.168945
vn -0.6313677 -0.756857 -0.168945
vn -0.6313677 -0.756857 -0.168945
vn -0.6313677 -0.756857 -0.168945
vn -0.6313677 -0.756857 -0.168945
vn -0.1372538 -0.09019542 0.9864209
vn -0.1372538 -0.1294108 0.9820459
vn -0.09803843 -0.1137246 0.9886633
vn -0.1215676 -0.08235234 0.989161
vn -0.1450969 -0.04313695 0.9884766
vn -0.0901953 -0.05882311 0.9941854
vn -0.05882299 -0.1294108 0.9898447
vn -0.04313684 -0.09803849 0.9942473
vn -0.01960766 -0.145097 0.9892231
vn -0.06666613 -0.15294 0.9859843
vn -0.1058815 -0.15294 0.9825469
vn -0.09803843 -0.1137246 0.9886633
vn -0.03529382 -0.04313695 0.9984456
vn -0.03529382 -0.04313695 0.9984456
vn -0.03529382 -0.04313695 0.9984456
vn -0.9921492 -0.03529388 -0.119976
vn -0.9921492 -0.03529388 -0.119976
vn -0.9921492 -0.03529388 -0.119976
vn -0.9921492 -0.03529388 -0.119976
vn -0.9921492 -0.03529388 -0.119976
vn -0.9921492 -0.03529388 -0.119976
vn -0.9921492 -0.03529388 -0.119976
vn -0.9921492 -0.03529388 -0.119976
vn -0.9921492 -0.04313695 -0.1173844
vn -0.9921492 -0.04313695 -0.1173844
vn 0.1215677 -0.9764631 0.1781601
vn 0.1137246 -0.9764631 0.183266
vn 0.1137246 -0.9764631 0.183266
vn 0.1215677 -0.9764631 0.1781601
vn -0.6392107 -0.756857 -0.1362983
vn -0.6235245 -0.7411708 0.2487629
vn -0.6392107 -0.756857 -0.1362983
vn -0.6235245 -0.7411708 0.2487629
vn -0.6078384 -0.7254847 0.3228072
vn -0.6078384 -0.7254847 0.3228072
vn -0.6313677 -0.756857 0.168945
vn -0.6313677 -0.756857 0.168945
vn -0.6313677 -0.756857 -0.168945
vn -0.6313677 -0.756857 -0.168945
vn -0.6313677 -0.756857 -0.168945
vn -0.6313677 -0.756857 -0.168945
vn -0.6392107 -0.756857 -0.1362983
vn -0.6392107 -0.756857 -0.1362983
vn -0.6313677 -0.756857 -0.168945
vn -0.6313677 -0.756857 -0.168945
vn -0.6313677 -0.756857 -0.168945
vn -0.6313677 -0.756857 -0.168945
vn -0.6392107 -0.756857 -0.1362983
vn -0.6313677 -0.756857 -0.168945
vn -0.6313677 -0.756857 -0.168945
vn -0.6313677 -0.756857 -0.168945
vn -0.6235245 -0.7647001 -0.1626376
vn -0.6235245 -0.7647001 -0.1626376
vn 0.1294108 -0.9843062 -0.1199754
vn 0.1372539 -0.9843062 -0.1109173
vn 0.1294108 -0.9843062 -0.1199754
vn 0.1372539 -0.9843062 -0.1109173
vn 0.1372539 -0.9843062 -0.1109173
vn 0.1372539 -0.9843062 -0.1109173
vn 0.1372539 -0.9843062 -0.1109173
vn 0.1372539 -0.9843062 -0.1109173
vn 0.1372539 -0.9843062 -0.1109173
vn 0.1372539 -0.9843062 -0.1109173
vn -0.6235245 -0.7411708 0.2487629
vn -0.6235245 -0.7411708 0.2487629
vn -0.6235245 -0.7411708 0.2487629
vn -0.6235245 -0.7411708 0.2487629
vn -0.7490138 0.6235245 0.2240436
vn -0.7490138 0.6156815 0.2447746
vn -0.7882292 0.5999954 0.1367489
vn -0.7882292 0.5999954 0.1367489
vn -0.7490138 0.6313677 0.2008811
vn -0.7882292 0.6078384 0.0960584
vn -0.8196015 0.5529369 0.150047
vn -0.7646999 0.6392107 0.08150897
vn -0.7646999 0.6392107 0.08150897
vn -0.7646999 0.6392107 0.08150897
vn -0.7490138 0.6235245 0.2240436
vn -0.7490138 0.6313677 0.2008811
vn -0.7646999 0.6392107 -0.08150897
vn -0.7646999 0.6392107 -0.08150897
vn -0.7411708 0.6235245 0.248763
vn 0.7333277 -0.6705831 0.112021
vn 0.7411708 -0.6313677 0.2281241
vn 0.7490139 -0.6313677 0.2008805
vn 0.7254847 -0.6705831 0.1548878
vn 0.7411708 -0.6705831 0.03137041
vn 0.6784262 -0.7097985 0.1895362
vn 0.7647001 -0.6392108 0.08150696
vn 0.7647001 -0.6392108 0.08150696
vn 0.7647001 -0.6392108 0.08150696
vn 0.7333277 -0.6235247 0.2710119
vn 0.7411708 -0.6235247 0.2487626
vn 0.7411708 -0.6235247 0.2487626
vn 0.7647001 -0.6392108 -0.08150696
vn 0.7490139 -0.6313677 0.2008805
vn 0.7647001 -0.6392108 -0.08150696
vn -0.6235245 -0.7411708 0.2487629
vn -0.6235245 -0.7411708 0.2487629
vn -0.6235245 -0.7411708 0.2487629
vn -0.6235245 -0.7411708 0.2487629
vn -0.9843061 -0.05882311 0.1663772
vn -0.9843061 -0.05098003 0.1689454
vn -0.9843061 -0.05882311 0.1663772
vn -0.9843061 -0.05098003 0.1689454
vn 0.7647001 -0.6392108 -0.08150696
vn 0.7647001 -0.6392108 0.08150696
vn 0.7647001 -0.6392108 0.08150696
vn 0.7647001 -0.6392108 0.08150696
vn 0.7647001 -0.6392108 0.08150696
vn 0.7647001 -0.6392108 -0.08150696
vn 0.7647001 -0.6392108 0.08150696
vn 0.7647001 -0.6392108 0.08150696
vn 0.7647001 -0.6392108 -0.08150696
vn 0.7647001 -0.6392108 -0.08150696
vn 0.7647001 -0.6392108 -0.08150696
vn 0.7647001 -0.6392108 -0.08150696
vn 0.7647001 -0.6392108 -0.08150696
vn -0.6862692 0.003921509 0.7273371
vn -0.7646999 0.6392107 0.08150897
vn -0.5294076 0.4431338 0.7234362
vn -0.9999309 -0.01176392 0
vn -0.4431338 -0.5294077 0.7234361
vn -0.6392107 -0.7647001 0.08150788
vn 0.1607831 -0.9843062 0.07273301
vn 0.1215677 -0.6784262 0.7245407
vn 0.7647001 -0.6392108 0.08150696
vn 0.5294077 -0.4431339 0.7234361
vn 0.6862693 -0.003921568 0.727337
vn 0.9999309 0.0117638 0
vn 0.4431339 0.5294076 0.7234362
vn 0.6392108 0.7646999 0.08150824
vn -0.1215676 0.6784261 0.7245408
vn -0.1607831 0.9843061 0.07273465
vn 0.4431339 0.5294076 0.7234362
vn 0.6392108 0.7646999 0.08150824
vn -0.6392107 -0.756857 -0.1362983
vn -0.9921492 0.003921509 -0.1249981
vn 0.1764693 -0.9764631 -0.1240095
vn 0.756857 -0.6392108 -0.1362977
vn 0.9921493 -0.003921568 -0.1249976
vn 0.6392108 0.7568569 -0.136298
vn 0.6392108 0.7568569 -0.136298
vn -0.1764692 0.9764631 -0.12401
vn -0.7568569 0.6392107 -0.1362985
vn 0.5294077 -0.4431339 0.7234361
vn 0.4431339 0.5294076 0.7234362
vn 0.6862693 -0.003921568 0.727337
vn -0.5294076 0.4431338 0.7234362
vn -0.4431338 -0.5294077 0.7234361
vn 0.1215677 -0.6784262 0.7245407
vn -0.6862692 0.003921509 0.7273371
vn -0.1215676 0.6784261 0.7245408
vn -0.003921509 0.003921509 -0.9999846
vn -0.003921509 0.003921509 -0.9999846
vn -0.003921509 0.003921509 -0.9999846
vn -0.003921509 0.003921509 -0.9999846
vn -0.003921509 0.003921509 -0.9999846
vn -0.003921509 0.003921509 -0.9999846
vn -0.003921509 0.003921509 -0.9999846
vn -0.003921509 0.003921509 -0.9999846
vn -0.7646999 0.6392107 -0.08150897
vn -0.7725431 -0.06666619 -0.6314529
vn -0.5921522 0.4980353 -0.6334955
vn -0.9921492 -0.09019542 -0.0866296
vn -0.4980353 -0.5921524 -0.6334954
vn -0.6392107 -0.7647001 -0.08150788
vn 0.06666619 -0.7725431 -0.6314529
vn 0.09019542 -0.9921493 -0.086629
vn 0.5921524 -0.4980354 -0.6334953
vn 0.7633862 -0.6459422 0
vn 0.7725431 0.06666613 -0.6314529
vn 0.9921493 0.0901953 -0.08662903
vn 0.4980354 0.5921522 -0.6334954
vn 0.6392108 0.7646999 -0.08150824
vn -0.0901953 0.9921492 -0.08662968
vn -0.06666613 0.7725431 -0.631453
vn 0.6392108 0.7646999 -0.08150824
vn 0.4980354 0.5921522 -0.6334954
vn 0.06666619 -0.7725431 -0.6314529
vn -0.7725431 -0.06666619 -0.6314529
vn -0.4980353 -0.5921524 -0.6334954
vn -0.06666613 0.7725431 -0.631453
vn 0.7725431 0.06666613 -0.6314529
vn 0.5921524 -0.4980354 -0.6334953
vn 0.4980354 0.5921522 -0.6334954
vn -0.5921522 0.4980353 -0.6334955
vn 0.6392108 0.7646999 -0.08150824
vn 0.6392108 0.7646999 -0.08150824
vn 0.6392108 0.7646999 -0.08150824
vn 0.6392108 0.7646999 -0.08150824
vn -0.6392107 -0.7647001 -0.08150788
vn -0.6392107 -0.7647001 -0.08150788
vn -0.6392107 -0.7647001 -0.08150788
vn -0.6392107 -0.7647001 -0.08150788
vn -0.003921509 0.003921509 -0.9999846
vn -0.003921509 0.003921509 -0.9999846
vn -0.003921509 0.003921509 -0.9999846
vn -0.003921509 0.003921509 -0.9999846
vn -0.7646999 0.6392107 -0.08150897
vn -0.7646999 0.6392107 -0.08150897
vn -0.7646999 0.6392107 -0.08150897
vn -0.7646999 0.6392107 -0.08150897
vn -0.3019584 -0.3647031 0.8808023
vn -0.3019584 -0.3647031 0.8808023
vn -0.3019584 -0.3647031 0.8808023
vn -0.3019584 -0.3647031 0.8808023
vn 0.7647001 -0.6392108 -0.08150696
vn 0.7647001 -0.6392108 -0.08150696
vn 0.7647001 -0.6392108 -0.08150696
vn 0.7647001 -0.6392108 -0.08150696
vn -0.6392107 -0.7647001 -0.08150788
vn -0.5921522 -0.7097985 0.3814995
vn -0.5921522 -0.7097985 0.3814995
vn -0.6392107 -0.7647001 -0.08150788
vn -0.45882 -0.5450939 0.7016814
vn -0.45882 -0.5450939 0.7016814
vn -0.7646999 0.6392107 -0.08150897
vn -0.7646999 0.6392107 -0.08150897
vn -0.7646999 0.6392107 -0.08150897
vn -0.7646999 0.6392107 -0.08150897
vn 0.7647001 -0.6392108 -0.08150696
vn 0.7647001 -0.6392108 -0.08150696
vn 0.7647001 -0.6392108 -0.08150696
vn 0.7647001 -0.6392108 -0.08150696
vn -0.6862692 0.003921509 0.7273371
vn -0.7646999 0.6392107 0.08150897
vn -0.5294076 0.4431338 0.7234362
vn -0.9999309 -0.01176392 0
vn -0.4431338 -0.5294077 0.7234361
vn -0.6392107 -0.7647001 0.08150788
vn 0.1607831 -0.9843062 0.07273301
vn 0.1215677 -0.6784262 0.7245407
vn 0.7647001 -0.6392108 0.08150696
vn 0.5294077 -0.4431339 0.7234361
vn 0.6862693 -0.003921568 0.727337
vn 0.9999309 0.0117638 0
vn 0.4431339 0.5294076 0.7234362
vn 0.6392108 0.7646999 0.08150824
vn -0.1215676 0.6784261 0.7245408
vn -0.1607831 0.9843061 0.07273465
vn 0.4431339 0.5294076 0.7234362
vn 0.6392108 0.7646999 0.08150824
vn -0.6392107 -0.756857 -0.1362983
vn -0.9921492 0.003921509 -0.1249981
vn 0.1764693 -0.9764631 -0.1240095
vn 0.7647001 -0.6392108 -0.08150696
vn 0.9921493 -0.003921568 -0.1249976
vn 0.6392108 0.7568569 -0.136298
vn 0.6392108 0.7568569 -0.136298
vn -0.1764692 0.9764631 -0.12401
vn -0.7568569 0.6392107 -0.1362985
vn 0.5294077 -0.4431339 0.7234361
vn 0.4431339 0.5294076 0.7234362
vn 0.6862693 -0.003921568 0.727337
vn -0.5294076 0.4431338 0.7234362
vn -0.4431338 -0.5294077 0.7234361
vn 0.1215677 -0.6784262 0.7245407
vn -0.6862692 0.003921509 0.7273371
vn -0.1215676 0.6784261 0.7245408
vn -0.003921509 0.003921509 -0.9999846
vn -0.003921509 0.003921509 -0.9999846
vn -0.003921509 0.003921509 -0.9999846
vn -0.003921509 0.003921509 -0.9999846
vn -0.003921509 0.003921509 -0.9999846
vn -0.003921509 0.003921509 -0.9999846
vn -0.003921509 0.003921509 -0.9999846
vn -0.003921509 0.003921509 -0.9999846
vn -0.7646999 0.6392107 -0.08150897
vn -0.7725431 -0.06666619 -0.6314529
vn -0.5921522 0.4980353 -0.6334955
vn -0.9921492 -0.09019542 -0.0866296
vn -0.4980353 -0.5921524 -0.6334954
vn -0.6392107 -0.7647001 -0.08150788
vn 0.06666619 -0.7725431 -0.6314529
vn 0.09019542 -0.9921493 -0.086629
vn 0.5921524 -0.4980354 -0.6334953
vn 0.7647001 -0.6392108 -0.08150696
vn 0.7725431 0.06666613 -0.6314529
vn 0.9921493 0.0901953 -0.08662903
vn 0.4980354 0.5921522 -0.6334954
vn 0.6392108 0.7646999 -0.08150824
vn -0.0901953 0.9921492 -0.08662968
vn -0.06666613 0.7725431 -0.631453
vn 0.6392108 0.7646999 -0.08150824
vn 0.4980354 0.5921522 -0.6334954
vn 0.06666619 -0.7725431 -0.6314529
vn -0.7725431 -0.06666619 -0.6314529
vn -0.4980353 -0.5921524 -0.6334954
vn -0.06666613 0.7725431 -0.631453
vn 0.7725431 0.06666613 -0.6314529
vn 0.5921524 -0.4980354 -0.6334953
vn 0.4980354 0.5921522 -0.6334954
vn -0.5921522 0.4980353 -0.6334955
vn 0.6392108 0.7646999 -0.08150824
vn 0.6392108 0.7646999 -0.08150824
vn 0.6392108 0.7646999 -0.08150824
vn 0.6392108 0.7646999 -0.08150824
vn -0.6392107 -0.7647001 -0.08150788
vn -0.6392107 -0.7647001 -0.08150788
vn -0.6392107 -0.7647001 -0.08150788
vn -0.6392107 -0.7647001 -0.08150788
vn -0.003921509 0.003921509 -0.9999846
vn -0.003921509 0.003921509 -0.9999846
vn -0.003921509 0.003921509 -0.9999846
vn -0.003921509 0.003921509 -0.9999846
vn -0.7646999 0.6392107 -0.08150897
vn -0.7646999 0.6392107 -0.08150897
vn -0.7646999 0.6392107 -0.08150897
vn -0.7646999 0.6392107 -0.08150897
vn -0.3019584 -0.3647031 0.8808023
vn -0.3019584 -0.3647031 0.8808023
vn -0.3019584 -0.3647031 0.8808023
vn -0.3019584 -0.3647031 0.8808023
vn 0.7647001 -0.6392108 -0.08150696
vn 0.7647001 -0.6392108 -0.08150696
vn 0.7647001 -0.6392108 -0.08150696
vn 0.7647001 -0.6392108 -0.08150696
vn -0.6459423 -0.7633864 0
vn -0.5921522 -0.7097985 0.3814995
vn -0.5921522 -0.7097985 0.3814995
vn -0.6459423 -0.7633864 0
vn -0.45882 -0.5450939 0.7016814
vn -0.45882 -0.5450939 0.7016814
vn -0.7633862 0.6459423 0
vn -0.7633862 0.6459423 0
vn -0.7633862 0.6459423 0
vn -0.7633862 0.6459423 0
vn 0.7633862 -0.6459422 0
vn 0.7633862 -0.6459422 0
vn 0.7633862 -0.6459422 0
vn 0.7633862 -0.6459422 0
vn 0.6862693 -0.6705831 -0.2816962
vn 0.3411739 -0.7882293 -0.5121474
vn 0.349017 -0.9294047 -0.1199754
vn 0.4901924 -0.6235247 -0.6090389
vn -0.05882299 -0.5215647 -0.8511816
vn 0.05882311 -0.35686 -0.932304
vn -0.3647031 -0.003921568 -0.9311156
vn -0.5058784 -0.145097 -0.850314
vn -0.6941123 0.3803892 -0.6111565
vn -0.8352877 0.1999984 -0.5121475
vn -0.7803861 0.5607799 -0.2766286
vn -0.9764631 0.1843122 -0.1120218
vn -0.2078415 -0.7254847 -0.656105
vn 0.1137246 -0.9764631 -0.183266
vn 0.09019542 -0.9686201 0.231603
vn -0.6784261 -0.3333308 -0.6546972
vn -0.9764631 -0.05882311 -0.2075084
vn -0.9686199 -0.07450926 0.2371155
vn 0.6392108 0.7646999 -0.08150824
vn 0.6392108 0.7646999 -0.08150824
vn 0.6392108 0.7646999 -0.08150824
vn 0.6392108 0.7646999 -0.08150824
vn 0.6392108 0.7646999 -0.08150824
vn 0.6459423 0.7633862 0
vn -0.5529369 -0.6627401 0.5050113
vn -0.5450938 -0.6470539 0.5330985
vn -0.5529369 -0.6627401 0.5050113
vn -0.5450938 -0.6470539 0.5330985
vn -0.5764661 -0.6941124 0.4311552
vn -0.5764661 -0.6941124 0.4311552
vn 0.6392108 0.7646999 0.08150824
vn 0.6392108 0.7646999 0.08150824
vn 0.6392108 0.7646999 0.08150824
vn 0.6392108 0.7646999 0.08150824
vn -0.5843092 0.3960754 0.7083128
vn -0.7646999 0.6392107 -0.08150897
vn -0.5450938 0.4509768 0.7067479
vn -0.8116087 0.5842015 0
vn -0.04313684 -0.05098003 0.9977676
vn 0.003921568 -0.003921568 0.9999846
vn 0.4980354 -0.5058785 0.7043065
vn 0.5450939 -0.450977 0.7067478
vn 0.7176416 -0.6941124 0.05655585
vn 0.7647001 -0.6392108 0.08150696
vn 0.4980354 -0.5058785 -0.7043065
vn 0.5450939 -0.450977 -0.7067478
vn -0.04313684 -0.05098003 -0.9977676
vn 0.003921568 -0.003921568 -0.9999846
vn -0.5450938 0.4509768 -0.7067479
vn -0.5843092 0.3960754 -0.7083128
vn 0.003921568 -0.003921568 -0.9999846
vn -0.04313684 -0.05098003 -0.9977676
vn -0.0901953 -0.1058816 0.9902797
vn -0.6313677 0.3411738 0.6964017
vn -0.8490957 0.5282392 0
vn 0.6705831 -0.7411708 -0.03136993
vn 0.4431339 -0.56078 0.6993984
vn -0.0901953 -0.1058816 -0.9902797
vn -0.6313677 0.3411738 -0.6964017
vn 0.4431339 -0.56078 -0.6993984
vn -0.0901953 -0.1058816 -0.9902797
vn -0.6392107 -0.7647001 -0.08150788
vn -0.6459423 -0.7633864 0
vn -0.6392107 -0.7647001 0.08150788
vn -0.6392107 -0.7647001 -0.08150788
vn -0.6459423 -0.7633864 0
vn -0.6459423 -0.7633864 0
vn -0.6392107 -0.7647001 0.08150788
vn -0.6392107 -0.7647001 -0.08150788
vn -0.5843092 0.3960754 0.7083128
vn -0.7646999 0.6392107 0.08150897
vn -0.5450938 0.4509768 0.7067479
vn -0.8116087 0.5842015 0
vn -0.04313684 -0.05098003 0.9977676
vn 0.003921568 -0.003921568 0.9999846
vn 0.4980354 -0.5058785 0.7043065
vn 0.5450939 -0.450977 0.7067478
vn 0.7176416 -0.6941124 -0.05655585
vn 0.7647001 -0.6392108 -0.08150696
vn 0.4980354 -0.5058785 -0.7043065
vn 0.5450939 -0.45882 -0.7016814
vn -0.04313684 -0.05098003 -0.9977676
vn 0.003921568 -0.003921568 -0.9999846
vn -0.5450938 0.4509768 -0.7067479
vn -0.5843092 0.3960754 -0.7083128
vn 0.003921568 -0.003921568 -0.9999846
vn -0.04313684 -0.05098003 -0.9977676
vn -0.0901953 -0.1058816 0.9902797
vn -0.6313677 0.3411738 0.6964017
vn -0.8490957 0.5282392 0
vn 0.6626585 -0.7489218 0
vn 0.4431339 -0.56078 0.6993984
vn -0.0901953 -0.1058816 -0.9902797
vn -0.6313677 0.3411738 -0.6964017
vn 0.4431339 -0.56078 -0.6993984
vn -0.0901953 -0.1058816 -0.9902797
vn -0.6392107 -0.7647001 -0.08150788
vn -0.6459423 -0.7633864 0
vn -0.6392107 -0.7647001 0.08150788
vn -0.6392107 -0.7647001 -0.08150788
vn -0.6459423 -0.7633864 0
vn -0.6459423 -0.7633864 0
vn -0.6392107 -0.7647001 0.08150788
vn -0.6392107 -0.7647001 -0.08150788
vn -0.003921509 -0.003921568 0.9999846
vn -0.003921509 0.003921509 0.9999846
vn -0.003921509 -0.003921568 0.9999846
vn -0.003921509 0.003921509 0.9999846
vn -0.003921509 -0.003921568 0.9999846
vn 0.003921568 -0.003921568 0.9999846
vn 0.003921568 -0.003921568 0.9999846
vn -0.003921509 -0.003921568 0.9999846
vn 0.7411708 -0.6313677 0.2281241
vn 0.7411708 -0.6313677 0.2281241
vn 0.7411708 -0.6235247 0.2487626
vn 0.7411708 -0.6392108 0.2051228
vn -0.6392107 -0.7647001 0.08150788
vn -0.6374876 -0.7704606 0
vn -0.6374876 -0.7704606 0
vn -0.6392107 -0.7647001 0.08150788
vn -0.6459423 -0.7633864 0
vn -0.6459423 -0.7633864 0
vn -0.6459423 -0.7633864 0
vn -0.6459423 -0.7633864 0
vn -0.7490138 0.6235245 0.2240436
vn -0.7490138 0.6235245 0.2240436
vn -0.7568569 0.6156815 0.2193259
vn -0.7490138 0.6235245 0.2240436
vn -0.9999923 0.003921509 -0.0003449296
vn -0.9999923 0.003921509 -0.0003449296
vn -0.9999923 0.003921509 -0.0003449296
vn -0.9999923 0.003921509 -0.0003449296
vn -0.9999923 0.003921509 -0.0003449296
vn -0.9999923 0.003921509 -0.0003449296
vn -0.9999923 0.003921509 -0.0003449296
vn -0.9999923 0.003921509 -0.0003449296
vn -0.9999923 0.003921509 -0.0003449296
vn 0.9999924 0.003921509 0
vn 0.9999924 0.003921509 0
vn 0.9999924 0.003921509 0
vn 0.9999924 0.003921509 0
vn 0.9999924 0.003921509 0
vn 0.9999924 0.003921509 0
vn 0.9999924 0.003921509 0
vn 0.9999924 0.003921509 0
vn 0.9999924 0.003921509 0
vn -0.003921509 -0.06666619 -0.9977676
vn -0.003921509 -0.06666619 -0.9977676
vn -0.003921509 -0.06666619 -0.9977676
vn -0.003921509 -0.06666619 -0.9977676
vn -0.003921509 -0.960777 -0.2772944
vn -0.003921509 -0.9999924 0
vn -0.003921509 -0.9999924 0
vn -0.003921509 -0.960777 -0.2772944
vn -0.003921509 -0.9215616 0.3882124
vn -0.003921509 -0.9215616 0.3882124
vn -0.003921509 -0.8823462 0.4705845
vn -0.003921509 -0.8823462 0.4705845
vn -0.003921509 -0.8431308 0.5376942
vn -0.003921509 -0.8431308 0.5376942
vn -0.003921509 0.2549 0.9669595
vn -0.003921509 0.2549 0.9669595
vn -0.003921509 0.2549 0.9669595
vn -0.003921509 0.2549 0.9669595
vn -0.003921509 0.9843061 -0.176426
vn -0.003921509 0.9921492 -0.1249981
vn -0.003921509 0.9921492 -0.1249981
vn -0.003921509 0.9843061 -0.176426
vn -0.003921509 0.9921492 -0.1249981
vn -0.003921509 0.9921492 -0.1249981
vn -0.003921509 0.9999923 -0.000345267
vn -0.003921509 0.9999923 -0.000345267
vn 0.7097985 -0.7019554 0.05869107
vn 0.003921568 -0.9921493 0.1249976
vn 0.7097985 -0.7019554 0.05869107
vn 0.003921568 -0.9921493 0.1249976
vn 0.9999924 0.003921509 0
vn 0.9999924 -0.003921568 0
vn 0.7097985 0.7019553 -0.05869259
vn 0.7097985 0.7019553 -0.05869259
vn 0.003921568 0.9921492 -0.1249981
vn 0.003921568 0.9921492 -0.1249981
vn -0.7097985 0.7019553 -0.0586931
vn -0.7097985 0.7019553 -0.0586931
vn -0.9999923 0.003921509 -0.0003449296
vn -0.9999923 -0.003921568 -0.0003442513
vn -0.7097985 -0.7019554 0.05869158
vn -0.7097985 -0.7019554 0.05869158
vn 0.003921568 -0.9921493 0.1249976
vn 0.003921568 -0.9921493 0.1249976
vn -0.003921509 0.1450969 0.9894097
vn 0.003921568 0.1450969 0.9894097
vn 0.003921568 0.1450969 0.9894097
vn 0.003921568 0.1450969 0.9894097
vn 0.003921568 0.1450969 0.9894097
vn -0.003921509 0.1450969 0.9894097
vn 0.003921568 0.1450969 0.9894097
vn 0.003921568 0.1450969 0.9894097
vn 0.003921568 -0.145097 -0.9894097
vn 0.003921568 -0.145097 -0.9894097
vn 0.003921568 -0.145097 -0.9894097
vn -0.003921509 -0.145097 -0.9894097
vn -0.003921509 -0.145097 -0.9894097
vn -0.003921509 -0.145097 -0.9894097
vn -0.003921509 -0.145097 -0.9894097
vn -0.003921509 -0.145097 -0.9894097
vn -0.9999923 0.003921509 -0.0003449296
vn -0.9999923 0.003921509 -0.0003449296
vn -0.9999923 0.003921509 -0.0003449296
vn -0.9999923 0.003921509 -0.0003449296
vn -0.9999923 0.003921509 -0.0003449296
vn -0.9999923 0.003921509 -0.0003449296
vn 0.9999924 0.003921509 0
vn 0.9999924 0.003921509 0
vn 0.9999924 0.003921509 0
vn 0.9999924 0.003921509 0
vn 0.9999924 0.003921509 0
vn 0.9999924 0.003921509 0
vn -0.003921509 0.003921509 -0.9999846
vn -0.003921509 -0.04313695 -0.9990615
vn -0.003921509 -0.04313695 -0.9990615
vn -0.003921509 0.003921509 -0.9999846
vn -0.003921509 -0.09803849 -0.9951749
vn -0.003921509 -0.09803849 -0.9951749
vn -0.003921509 -0.9843062 0.1764254
vn -0.003921509 -0.9843062 0.1764254
vn -0.003921509 -0.9843062 0.1764254
vn -0.003921509 -0.9843062 0.1764254
vn -0.003921509 -0.2549 0.9669595
vn -0.003921509 -0.4352908 0.9002814
vn -0.003921509 -0.4352908 0.9002814
vn -0.003921509 -0.2549 0.9669595
vn -0.003921509 -0.5999954 0.7999938
vn -0.003921509 -0.5999954 0.7999938
vn -0.003921509 0.9764631 -0.215649
vn -0.003921509 0.9764631 -0.215649
vn -0.003921509 0.9764631 -0.215649
vn -0.003921509 0.9764631 -0.215649
vn -0.003921509 -0.858817 0.5122675
vn -0.003921509 -0.9686201 -0.2485151
vn -0.003921509 -0.858817 0.5122675
vn -0.003921509 -0.9686201 -0.2485151
vn -0.003921509 -0.2549 0.9669595
vn -0.003921509 -0.2549 0.9669595
vn -0.003921509 0.5058784 0.8625959
vn -0.003921509 0.5058784 0.8625959
vn -0.003921509 0.9686199 0.2485156
vn -0.003921509 0.9686199 0.2485156
vn -0.003921509 0.8588169 -0.5122677
vn -0.003921509 0.8588169 -0.5122677
vn -0.003921509 0.2549 -0.9669595
vn -0.003921509 0.2549 -0.9669595
vn -0.003921509 -0.5058785 -0.8625958
vn -0.003921509 -0.5058785 -0.8625958
vn -0.003921509 -0.5058785 -0.8625958
vn -0.003921509 -0.5058785 -0.8625958
vn -0.9999923 0.003921509 -0.0003449296
vn -0.9999923 0.003921509 -0.0003449296
vn -0.9999923 0.003921509 -0.0003449296
vn -0.9999923 0.003921509 -0.0003449296
vn -0.9999923 0.003921509 -0.0003449296
vn -0.9999923 0.003921509 -0.0003449296
vn -0.9999923 0.003921509 -0.0003449296
vn -0.9999923 0.003921509 -0.0003449296
vn 0.9999924 0.003921509 0
vn 0.9999924 0.003921509 0
vn 0.9999924 0.003921509 0
vn 0.9999924 0.003921509 0
vn 0.9999924 0.003921509 0
vn 0.9999924 0.003921509 0
vn 0.9999924 0.003921509 0
vn 0.9999924 0.003921509 0
vn -0.6392107 -0.7647001 0.08150788
vn -0.9921492 -0.09019542 0.0866296
vn -0.9921492 -0.09019542 0.0866296
vn -0.6392107 -0.7647001 0.08150788
vn -0.7646999 0.6392107 0.08150897
vn -0.7646999 0.6392107 0.08150897
vn -0.0901953 0.9921492 0.08662968
vn -0.0901953 0.9921492 0.08662968
vn 0.6392108 0.7646999 0.08150824
vn 0.6392108 0.7646999 0.08150824
vn 0.9921493 0.0901953 0.08662903
vn 0.9921493 0.0901953 0.08662903
vn 0.7647001 -0.6392108 0.08150696
vn 0.7647001 -0.6392108 0.08150696
vn 0.09019542 -0.9921493 0.086629
vn 0.09019542 -0.9921493 0.086629
vn 0.7647001 -0.6392108 0.08150696
vn 0.7647001 -0.6392108 0.08150696
vn -0.7646999 0.6392107 0.08150897
vn -0.9921492 -0.09019542 -0.0866296
vn -0.6392107 -0.7647001 0.08150788
vn 0.6392108 0.7646999 0.08150824
vn -0.0901953 0.9921492 -0.08662968
vn 0.7647001 -0.6392108 0.08150696
vn 0.9921493 0.0901953 -0.08662903
vn 0.09019542 -0.9921493 -0.086629
vn 0.7647001 -0.6392108 0.08150696
vn 0.003921568 0.003921509 -0.9999846
vn -0.003921509 0.003921509 -0.9999846
vn 0.003921568 0.003921509 -0.9999846
vn -0.003921509 -0.003921568 -0.9999846
vn -0.003921509 0.003921509 -0.9999846
vn -0.003921509 0.003921509 -0.9999846
vn -0.003921509 0.003921509 -0.9999846
vn -0.003921509 -0.003921568 -0.9999846
vn 0.003921568 -0.003921568 0.9999846
vn 0.003921568 -0.003921568 0.9999846
vn -0.003921509 0.003921509 0.9999846
vn -0.003921509 -0.003921568 0.9999846
vn 0.003921568 0.003921509 0.9999846
vn 0.003921568 0.003921509 0.9999846
vn -0.003921509 0.003921509 0.9999846
vn -0.003921509 -0.003921568 0.9999846
vn -0.6392107 -0.7647001 0.08150788
vn -0.9921492 -0.09019542 0.0866296
vn -0.9921492 -0.09019542 0.0866296
vn -0.6392107 -0.7647001 0.08150788
vn -0.7646999 0.6392107 0.08150897
vn -0.7646999 0.6392107 0.08150897
vn -0.0901953 0.9921492 0.08662968
vn -0.0901953 0.9921492 0.08662968
vn 0.6392108 0.7646999 0.08150824
vn 0.6392108 0.7646999 0.08150824
vn 0.9921493 0.0901953 0.08662903
vn 0.9921493 0.0901953 0.08662903
vn 0.7647001 -0.6392108 0.08150696
vn 0.7647001 -0.6392108 0.08150696
vn 0.09019542 -0.9921493 0.086629
vn 0.09019542 -0.9921493 0.086629
vn 0.7647001 -0.6392108 0.08150696
vn 0.7647001 -0.6392108 0.08150696
vn -0.7646999 0.6392107 0.08150897
vn -0.9921492 -0.09019542 -0.0866296
vn -0.6392107 -0.7647001 0.08150788
vn 0.6392108 0.7646999 0.08150824
vn -0.0901953 0.9921492 -0.08662968
vn 0.7647001 -0.6392108 0.08150696
vn 0.9921493 0.0901953 -0.08662903
vn 0.09019542 -0.9921493 -0.086629
vn 0.7647001 -0.6392108 0.08150696
vn 0.003921568 0.003921509 -0.9999846
vn -0.003921509 0.003921509 -0.9999846
vn 0.003921568 0.003921509 -0.9999846
vn -0.003921509 -0.003921568 -0.9999846
vn -0.003921509 0.003921509 -0.9999846
vn -0.003921509 0.003921509 -0.9999846
vn -0.003921509 0.003921509 -0.9999846
vn -0.003921509 -0.003921568 -0.9999846
vn 0.003921568 -0.003921568 0.9999846
vn 0.003921568 -0.003921568 0.9999846
vn -0.003921509 0.003921509 0.9999846
vn -0.003921509 -0.003921568 0.9999846
vn 0.003921568 0.003921509 0.9999846
vn 0.003921568 0.003921509 0.9999846
vn -0.003921509 0.003921509 0.9999846
vn -0.003921509 -0.003921568 0.9999846
vn 0.4980354 0.5999954 -0.6260721
vn 0.4980354 0.5999954 -0.6260721
vn 0.4980354 0.5999954 -0.6260721
vn 0.4980354 0.5999954 -0.6260721
vn -0.5215646 -0.6235247 0.5823979
vn -0.6392107 -0.7647001 0.08150788
vn -0.5215646 -0.6235247 0.5823979
vn -0.6392107 -0.7647001 0.08150788
vn -0.1999984 -0.2392139 0.950146
vn -0.1999984 -0.2392139 0.950146
vn 0.1999985 0.2392138 0.950146
vn 0.1999985 0.2392138 0.950146
vn 0.5215647 0.6235245 0.582398
vn 0.5215647 0.6235245 0.582398
vn 0.6392108 0.7646999 0.08150824
vn 0.6392108 0.7646999 0.08150824
vn 0.5215647 0.6235245 -0.582398
vn 0.5215647 0.6235245 -0.582398
vn 0.1999985 0.2392138 -0.950146
vn 0.1999985 0.2392138 -0.950146
vn -0.1999984 -0.2392139 -0.950146
vn -0.1999984 -0.2392139 -0.950146
vn -0.5215646 -0.6235247 -0.5823979
vn -0.5215646 -0.6235247 -0.5823979
vn -0.1999984 -0.2392139 -0.950146
vn -0.1999984 -0.2392139 -0.950146
vn -0.7646999 0.6392107 0.08150897
vn -0.7646999 0.6392107 0.08150897
vn -0.7646999 0.6392107 -0.08150897
vn -0.7646999 0.6392107 0.08150897
vn -0.7646999 0.6392107 -0.08150897
vn -0.7646999 0.6392107 0.08150897
vn -0.7646999 0.6392107 -0.08150897
vn -0.7646999 0.6392107 -0.08150897
vn -0.7646999 0.6392107 0.08150897
vn -0.7646999 0.6392107 -0.08150897
vn 0.7647001 -0.6392108 -0.08150696
vn 0.7647001 -0.6392108 -0.08150696
vn 0.7647001 -0.6392108 -0.08150696
vn 0.7647001 -0.6392108 0.08150696
vn 0.7647001 -0.6392108 -0.08150696
vn 0.7647001 -0.6392108 -0.08150696
vn 0.7647001 -0.6392108 0.08150696
vn 0.7647001 -0.6392108 0.08150696
vn 0.7647001 -0.6392108 0.08150696
vn 0.7647001 -0.6392108 -0.08150696
vn 0.9450908 -0.3019585 0.1249974
vn 0.9604816 -0.2783437 0
vn 0.9372478 -0.2784293 0.2098661
vn 0.9372478 -0.2941154 0.1872506
vn 0.9294047 -0.2549 0.2668949
vn 0.9294047 -0.2156847 0.299478
vn 0.9137185 -0.1372539 0.3824655
vn 0.9137185 -0.1137246 0.3901092
vn 0.9058754 -0.09803849 0.4120414
vn 0.9686201 -0.2392139 -0.06746751
vn 0.9829164 -0.1840521 0
vn 0.9529339 -0.1686262 -0.2519567
vn 0.960777 -0.2156847 -0.1743207
vn 0.9294047 -0.3333308 -0.1584219
vn 0.9215616 -0.3803893 -0.07764171
vn 0.9764631 -0.1137246 -0.1832661
vn 0.9843062 -0.1215677 -0.1279163
vn 0.9921493 -0.003921568 -0.1249976
vn -0.9604815 -0.2783437 0
vn -0.9450908 -0.3019585 0.1249979
vn -0.9372476 -0.2784293 0.2098667
vn -0.9372476 -0.2941154 0.1872512
vn -0.9294046 -0.2549 0.2668951
vn -0.9294046 -0.2156847 0.2994782
vn -0.9137185 -0.1372539 0.3824656
vn -0.9137185 -0.1137246 0.3901093
vn -0.9686199 -0.2392139 -0.06746928
vn -0.9829164 -0.1840521 0
vn -0.9529338 -0.1686262 -0.2519572
vn -0.9529338 -0.2078416 -0.220724
vn -0.9529338 -0.2549 -0.1641438
vn -0.9607769 -0.1843123 -0.2072116
vn -0.9215615 -0.3803893 -0.07764286
vn -0.9843061 -0.1215677 -0.1279172
vn -0.9921492 -0.003921568 -0.1249981
vn -0.9058753 -0.09803849 0.4120417
vn -0.003921509 0.9764631 0.215649
vn -0.003921509 0.9529338 0.3031532
vn -0.003921509 0.9764631 0.215649
vn -0.003921509 0.9529338 0.3031532
vn -0.003921509 0.9999923 -0.000345267
vn -0.003921509 0.9999923 -0.000345267
vn -0.003921509 0.9607769 -0.2772946
vn -0.003921509 0.9607769 -0.2772946
vn 0.003921568 0.8117584 -0.5839803
vn -0.003921509 0.8117584 -0.5839803
vn 0.003921568 0.6470538 -0.7624342
vn 0.003921568 0.6470538 -0.7624342
vn 0.003921568 0.5529369 -0.8332139
vn -0.003921509 0.3803892 0.9248182
vn -0.003921509 0.3803892 0.9248182
vn -0.003921509 0.3803892 0.9248182
vn -0.003921509 0.3803892 0.9248182
vn -0.003921509 0.9921492 -0.1249981
vn -0.003921509 0.9921492 -0.1249981
vn -0.003921509 0.9921492 -0.1249981
vn -0.003921509 0.9921492 -0.1249981
vn -0.003921509 -0.9686201 -0.2485151
vn -0.003921509 -0.9686201 -0.2485151
vn -0.003921509 -0.9686201 -0.2485151
vn -0.003921509 -0.9686201 -0.2485151
vn -0.003921509 -0.858817 -0.5122675
vn -0.003921509 -0.858817 -0.5122675
vn -0.003921509 -0.6941124 -0.719856
vn -0.003921509 -0.05098003 -0.998692
vn -0.003921509 -0.05098003 -0.998692
vn -0.003921509 -0.05098003 -0.998692
vn -0.003921509 -0.05098003 -0.998692
vn -0.9686199 -0.09019542 -0.2316035
vn -0.6470538 0.3568599 -0.6737747
vn -0.9529338 0.1137246 -0.2810408
vn -0.7333276 0.5294076 -0.4265655
vn -0.9843061 0.08235228 -0.1560757
vn -0.9607769 -0.01960772 -0.2766283
vn -0.86666 -0.3176447 -0.3847107
vn -0.7803861 -0.5843093 -0.2226661
vn -0.7960722 -0.5764662 -0.1842708
vn -0.9294046 -0.35686 -0.09411669
vn -0.7960722 -0.5764662 -0.1842708
vn 0.003921568 -0.8901893 -0.455574
vn -0.003921509 -0.8901893 -0.455574
vn 0.9450908 -0.2862723 -0.1576434
vn -0.874503 -0.35686 -0.3284743
vn -0.9686199 -0.09019542 -0.2316035
vn -0.86666 -0.3176447 -0.3847107
vn -0.9294046 -0.3254877 -0.1739677
vn -0.7646999 0.4901923 -0.4182649
vn -0.7803861 0.2235277 -0.5839803
vn -0.7333276 0.5294076 -0.4265655
vn -0.7803861 0.2235277 -0.5839803
vn -0.3725461 0.6548969 -0.65751
vn -0.7646999 0.4901923 -0.4182649
vn -0.5137215 0.3254876 -0.7938187
vn -0.1450969 0.8196015 -0.5542564
vn -0.7333276 0.5294076 -0.4265655
vn -0.2156845 0.4901923 -0.8445068
vn -0.6470538 0.3568599 -0.6737747
vn -0.4274477 0.3176446 -0.8463985
vn -0.5999954 0.2549 -0.7583084
vn -0.8039154 0.2078415 -0.557245
vn -0.5137215 0.2705861 -0.8141704
vn -0.9529338 0.1137246 -0.2810408
vn -0.5999954 0.2549 -0.7583084
vn -0.8431307 0.1921554 -0.5022021
vn -0.6470538 0.3568599 -0.6737747
vn -0.9450908 0.1686261 -0.279944
vn -0.9843061 0.08235228 -0.1560757
vn -0.8039154 0.2078415 -0.557245
vn -0.003921509 -0.3803893 0.9248182
vn -0.003921509 -0.5450939 0.8383659
vn 0.003921568 -0.3803893 0.9248182
vn -0.003921509 -0.5450939 0.8383659
vn -0.003921509 -0.1372539 0.9905281
vn 0.003921568 -0.1372539 0.9905281
vn -0.003921509 0.003921509 0.9999846
vn -0.003921509 0.003921509 0.9999846
vn -0.003921509 -0.0274508 0.9996155
vn -0.003921509 -0.0274508 0.9996155
vn -0.003921509 -0.06666619 0.9977676
vn 0.9686201 -0.09019542 -0.231603
vn 0.6470539 0.3568599 -0.6737746
vn 0.7333277 0.5294076 -0.4265654
vn 0.9529339 0.1137246 -0.2810404
vn 0.5999954 0.2549 -0.7583083
vn 0.8431308 0.1921554 -0.5022019
vn 0.9450908 0.1686261 -0.2799438
vn 0.9843062 0.08235228 -0.1560749
vn 0.960777 -0.01960772 -0.2766281
vn 0.8039154 0.2078415 -0.5572448
vn 0.8666601 -0.3176447 -0.3847106
vn 0.8745031 -0.35686 -0.328474
vn 0.9294047 -0.3333308 -0.1584219
vn 0.7647001 0.4901923 -0.4182647
vn 0.8666601 -0.06666619 -0.4944249
vn 0.9294047 -0.349017 -0.1199753
vn 0.8666601 -0.06666619 -0.4944249
vn 0.8117585 -0.3019585 -0.4998692
vn 0.9294047 -0.3333308 -0.1584219
vn 0.5137216 0.3254876 -0.7938186
vn 0.3725462 0.6548969 -0.65751
vn 0.7647001 0.4901923 -0.4182647
vn 0.145097 0.8196015 -0.5542564
vn 0.7333277 0.5294076 -0.4265654
vn 0.2156847 0.4901923 -0.8445067
vn 0.6470539 0.3568599 -0.6737746
vn 0.4274477 0.3176446 -0.8463984
vn 0.5999954 0.2549 -0.7583083
vn 0.8039154 0.2078415 -0.5572448
vn 0.9999924 0.003921509 0
vn 0.9999924 0.003921509 0
vn 0.9999924 0.003921509 0
vn 0.9999924 0.003921509 0
vn 0.9999924 0.003921509 0
vn 0.9999924 0.003921509 0
vn 0.9999924 0.003921509 0
vn 0.9999924 0.003921509 0
vn 0.9999924 0.003921509 0
vn -0.9999923 0.003921509 -0.0003449296
vn -0.9999923 0.003921509 -0.0003449296
vn -0.9999923 0.003921509 -0.0003449296
vn -0.9999923 0.003921509 -0.0003449296
vn -0.9999923 0.003921509 -0.0003449296
vn -0.9999923 0.003921509 -0.0003449296
vn -0.9999923 0.003921509 -0.0003449296
vn -0.9999923 0.003921509 -0.0003449296
vn -0.9999923 0.003921509 -0.0003449296
vn -0.003921509 -0.1921554 -0.9813567
vn -0.003921509 -0.1921554 -0.9813567
vn -0.003921509 -0.1921554 -0.9813567
vn -0.003921509 -0.1921554 -0.9813567
vn -0.003921509 0.7097985 0.7043939
vn -0.003921509 0.7097985 0.7043939
vn -0.003921509 0.7097985 0.7043939
vn -0.003921509 0.7097985 0.7043939
vn -0.003921509 -0.9450908 -0.3267842
vn -0.003921509 -0.9137185 -0.4063288
vn -0.003921509 -0.9450908 -0.3267842
vn 0.003921568 -0.9137185 -0.4063288
vn 0.003921568 -0.7960724 -0.6051888
vn 0.003921568 -0.7960724 -0.6051888
vn 0.003921568 -0.450977 -0.892527
vn -0.003921509 -0.450977 -0.892527
vn -0.003921509 -0.1843123 -0.9828599
vn -0.003921509 -0.1843123 -0.9828599
vn -0.003921509 0.9843061 0.176426
vn -0.003921509 0.9999923 -0.000345267
vn -0.003921509 0.9843061 0.176426
vn -0.003921509 0.9999923 -0.000345267
vn -0.003921509 0.9921492 -0.1249981
vn -0.003921509 0.9921492 -0.1249981
vn -0.003921509 0.9921492 0.1249981
vn -0.003921509 0.9921492 0.1249981
vn -0.003921509 0.9764631 0.215649
vn -0.003921509 0.9764631 0.215649
vn -0.003921509 0.9529338 0.3031532
vn -0.003921509 0.9529338 0.3031532
vn -0.003921509 0.9372476 0.3486424
vn -0.003921509 0.9372476 0.3486424
vn 0.9999924 -0.003921568 0
vn 0.9999924 -0.003921568 0
vn 0.9999924 0.003921509 0
vn 0.9999924 -0.003921568 0
vn 0.9999924 0.003921509 0
vn 0.9999924 0.003921509 0
vn 0.9999924 -0.003921568 0
vn 0.9999924 -0.003921568 0
vn 0.9999924 -0.003921568 0
vn 0.9999924 -0.003921568 0
vn 0.9999309 -0.01176392 0
vn 0.9843062 -0.1215677 0.1279163
vn 0.9999924 0.003921509 0
vn 0.9686201 -0.1607831 0.1895361
vn -0.9999923 -0.003921568 -0.0003442513
vn -0.9999923 -0.003921568 -0.0003442513
vn -0.9999923 0.003921509 -0.0003449296
vn -0.9999923 -0.003921568 -0.0003442513
vn -0.9999923 -0.003921568 -0.0003442513
vn -0.9999923 -0.003921568 -0.0003442513
vn -0.9999923 -0.003921568 -0.0003442513
vn -0.9999923 -0.003921568 -0.0003442513
vn -0.9999309 -0.01176392 0
vn -0.9843061 -0.1215677 0.1279172
vn -0.9686199 -0.1607831 0.1895368
vn -0.9999923 0.003921509 -0.0003449296
vn -0.9999923 0.003921509 -0.0003449296
vn -0.9999923 0.003921509 -0.0003449296
vn -0.9999923 -0.003921568 -0.0003442513
vn -0.9999923 0.003921509 -0.0003449296
vn -0.003921509 0.874503 -0.4850042
vn -0.003921509 0.874503 -0.4850042
vn -0.003921509 0.874503 -0.4850042
vn -0.003921509 0.874503 -0.4850042
vn -0.003921509 -0.9843062 -0.1764254
vn -0.003921509 -0.9843062 0.1764254
vn -0.003921509 -0.9843062 -0.1764254
vn -0.003921509 -0.9843062 0.1764254
vn -0.003921509 -0.8274447 0.5615336
vn -0.003921509 -0.8274447 0.5615336
vn -0.003921509 -0.7882293 0.6153691
vn -0.003921509 -0.7882293 0.6153691
vn 0.7647001 0.6392107 0.08150788
vn 0.7725431 0.6313677 0.0674679
vn 0.7774268 0.6289734 0
vn 0.7633864 0.6459423 0
vn -0.5999954 0.7097985 0.3690416
vn -0.5999954 0.7097985 0.3690416
vn -0.5999954 0.7097985 0.3690416
vn -0.5999954 0.7097985 0.3690416
vn -0.7646999 -0.6392108 0.08150806
vn -0.756206 -0.6543337 0
vn -0.7646999 -0.6392108 0.08150806
vn -0.756206 -0.6543337 0
vn 0.6235247 -0.7411708 -0.2487627
vn 0.6235247 -0.7411708 -0.2487627
vn 0.6235247 -0.7411708 -0.2487627
vn 0.6235247 -0.7411708 -0.2487627
vn -0.003921509 0.003921509 0.9999846
vn -0.2078415 0.2470568 0.9464485
vn -0.003921509 0.003921509 0.9999846
vn -0.2078415 0.2470568 0.9464485
vn -0.3098015 0.3725461 0.8747756
vn -0.3098015 0.3725461 0.8747756
vn -0.1529399 0.1843122 0.9708956
vn -0.1529399 0.1843122 0.9708956
vn -0.06666613 0.07450914 0.9949895
vn -0.06666613 0.07450914 0.9949895
vn -0.03529382 0.04313684 0.9984456
vn -0.03529382 0.04313684 0.9984456
vn -0.03529382 0.04313684 0.9984456
vn -0.03529382 0.04313684 0.9984456
vn 0.6313677 -0.7490139 0.2008804
vn 0.5921524 -0.7019554 0.3957451
vn 0.6313677 -0.7490139 0.2008804
vn 0.5921524 -0.7019554 0.3957451
vn 0.5686231 -0.6784262 0.4651942
vn 0.5686231 -0.6784262 0.4651942
vn 0.6313677 -0.7490139 0.2008804
vn 0.6313677 -0.7490139 0.2008804
vn 0.6392108 -0.7647001 -0.08150715
vn 0.6392108 -0.7647001 -0.08150715
vn 0.6313677 -0.756857 -0.1689446
vn 0.6313677 -0.756857 -0.1689446
vn 0.6392108 -0.7647001 0.08150715
vn 0.6392108 -0.7647001 0.08150715
vn 0.6392108 -0.7647001 -0.08150715
vn 0.6392108 -0.7647001 -0.08150715
vn -0.5686231 0.670583 -0.4764307
vn -0.5686231 0.670583 -0.4764307
vn -0.5686231 0.670583 -0.4764307
vn -0.5686231 0.670583 -0.4764307
vn -0.04313684 0.05097997 -0.9977676
vn -0.04313684 0.05097997 -0.9977676
vn -0.04313684 0.05097997 -0.9977676
vn -0.04313684 0.05097997 -0.9977676
vn -0.1843122 0.2156845 -0.9589104
vn -0.1843122 0.2156845 -0.9589104
vn -0.1843122 0.2156845 -0.9589104
vn -0.1843122 0.2156845 -0.9589104
vn 0.7704606 0.6374876 0
vn 0.7647001 0.6392107 0.08150788
vn 0.7647001 0.6392107 -0.08150788
vn 0.7647001 0.6392107 0.08150788
vn 0.7725431 0.6313677 -0.0674679
vn 0.7725431 0.6313677 -0.0674679
vn 0.756857 0.6470538 -0.09213503
vn 0.7490139 0.6548969 -0.1004405
vn 0.7647001 0.6392107 0.08150788
vn 0.7647001 0.6392107 0.08150788
vn 0.7647001 0.6392107 0.08150788
vn 0.7647001 0.6392107 0.08150788
vn 0.7647001 0.6392107 0.08150788
vn 0.7647001 0.6392107 -0.08150788
vn 0.7647001 0.6392107 0.08150788
vn 0.7254847 0.6784261 -0.1158013
vn 0.7097985 0.6941123 -0.1199758
vn 0.6784262 0.7254846 -0.1158014
vn -0.7568569 -0.6470539 -0.09213487
vn -0.7646999 -0.6392108 -0.08150806
vn -0.7646999 -0.6392108 -0.08150806
vn -0.7646999 -0.6392108 -0.08150806
vn -0.7568569 -0.6470539 -0.09213487
vn -0.7568569 -0.6470539 -0.09213487
vn -0.7646999 -0.6392108 -0.08150806
vn -0.7803861 -0.6235247 -0.0470587
vn -0.7646999 -0.6392108 0.08150806
vn -0.7646999 -0.6392108 -0.08150806
vn -0.7646999 -0.6392108 -0.08150806
vn -0.7646999 -0.6392108 0.08150806
vn -0.7646999 -0.6392108 -0.08150806
vn -0.7646999 -0.6392108 0.08150806
vn -0.7646999 -0.6392108 -0.08150806
vn -0.7960722 -0.5999954 -0.0792115
vn -0.8116087 -0.5842015 0
vn -0.8352877 -0.5450939 -0.07188273
vn -0.5137215 0.6156815 -0.597517
vn -0.5529369 0.6548969 -0.5151416
vn -0.5529369 0.6548969 -0.5151416
vn -0.5137215 0.6156815 -0.597517
vn -0.5843092 0.7019553 -0.4072364
vn -0.5843092 0.7019553 -0.4072364
vn 0.7647001 0.6392107 0.08150788
vn 0.7725431 0.6313677 0.0674679
vn 0.7725431 0.6313677 0.0674679
vn 0.7633864 0.6459423 0
vn -0.5764661 0.6862692 0.4435329
vn -0.5764661 0.6862692 0.4435329
vn -0.5764661 0.6862692 0.4435329
vn -0.5764661 0.6862692 0.4435329
vn -0.7633862 -0.6459423 0
vn -0.7568569 -0.6470539 0.09213487
vn -0.7646999 -0.6392108 0.08150806
vn -0.756206 -0.6543337 0
vn -0.7646999 -0.6392108 -0.08150806
vn -0.7646999 -0.6392108 -0.08150806
vn -0.7646999 -0.6392108 -0.08150806
vn -0.7646999 -0.6392108 -0.08150806
vn -0.7646999 -0.6392108 -0.08150806
vn -0.7646999 -0.6392108 -0.08150806
vn -0.7646999 -0.6392108 -0.08150806
vn -0.7646999 -0.6392108 -0.08150806
vn -0.7646999 -0.6392108 -0.08150806
vn -0.7646999 -0.6392108 0.08150806
vn -0.7646999 -0.6392108 0.08150806
vn -0.7646999 -0.6392108 0.08150806
vn -0.7646999 -0.6392108 0.08150806
vn 0.7647001 0.6392107 0.08150788
vn 0.7647001 0.6392107 -0.08150788
vn 0.7647001 0.6392107 -0.08150788
vn 0.7647001 0.6392107 -0.08150788
vn 0.7647001 0.6392107 -0.08150788
vn 0.7647001 0.6392107 0.08150788
vn 0.7647001 0.6392107 0.08150788
vn 0.7647001 0.6392107 0.08150788
vn 0.7647001 0.6392107 0.08150788
vn 0.7647001 0.6392107 0.08150788
vn 0.7647001 0.6392107 0.08150788
vn 0.7647001 0.6392107 0.08150788
vn 0.7647001 0.6392107 0.08150788
vn -0.5137215 0.6156815 -0.597517
vn -0.6235245 0.7411708 -0.248763
vn -0.5137215 0.6156815 -0.597517
vn -0.6235245 0.7411708 -0.248763
vn -0.6392107 0.7646999 -0.08150897
vn -0.6392107 0.7646999 -0.08150897
vn -0.4352907 0.5215646 -0.7338204
vn -0.4352907 0.5215646 -0.7338204
vn -0.3725461 0.4509768 -0.8110667
vn -0.3725461 0.4509768 -0.8110667
vn -0.3411738 0.4039184 -0.8487935
vn -0.3411738 0.4039184 -0.8487935
vn -0.3254876 0.3882322 -0.862168
vn -0.3254876 0.3882322 -0.862168
vn -0.003921509 0.003921509 0.9999846
vn -0.003921509 0.003921509 0.9999846
vn -0.003921509 0.003921509 0.9999846
vn -0.003921509 0.003921509 0.9999846
vn 0.552937 -0.6627401 0.5050113
vn 0.4980354 -0.5921524 0.6334953
vn 0.552937 -0.6627401 0.5050113
vn 0.4980354 -0.5921524 0.6334953
vn 0.6156816 -0.7333277 0.2883862
vn 0.6156816 -0.7333277 0.2883862
vn 0.3960754 -0.4745062 0.7861095
vn 0.3960754 -0.4745062 0.7861095
vn 0.6313677 -0.756857 0.1689446
vn 0.6313677 -0.756857 0.1689446
vn 0.3254877 -0.3882324 0.8621678
vn 0.3254877 -0.3882324 0.8621678
vn 0.5215647 -0.6235247 0.5823979
vn 0.6392108 -0.7647001 -0.08150715
vn 0.6392108 -0.7647001 -0.08150715
vn 0.5215647 -0.6235247 0.5823979
vn 0.1999985 -0.2392139 0.950146
vn 0.1999985 -0.2392139 0.950146
vn -0.1999984 0.2392138 0.950146
vn -0.1999984 0.2392138 0.950146
vn -0.5215646 0.6235245 0.5823981
vn -0.5215646 0.6235245 0.5823981
vn -0.6392107 0.7646999 0.08150897
vn -0.6392107 0.7646999 -0.08150897
vn -0.5215646 0.6235245 -0.5823981
vn -0.5215646 0.6235245 -0.5823981
vn -0.1999984 0.2392138 -0.950146
vn -0.1999984 0.2392138 -0.950146
vn 0.1999985 -0.2392139 -0.950146
vn 0.1999985 -0.2392139 -0.950146
vn 0.5215647 -0.6235247 -0.5823979
vn 0.5215647 -0.6235247 -0.5823979
vn 0.1999985 -0.2392139 -0.950146
vn 0.1999985 -0.2392139 -0.950146
vn 0.7647001 0.6392107 0.08150788
vn 0.7647001 0.6392107 0.08150788
vn 0.7647001 0.6392107 0.08150788
vn 0.7647001 0.6392107 0.08150788
vn 0.7647001 0.6392107 -0.08150788
vn 0.7647001 0.6392107 -0.08150788
vn 0.7647001 0.6392107 0.08150788
vn 0.7647001 0.6392107 0.08150788
vn 0.7647001 0.6392107 -0.08150788
vn 0.7647001 0.6392107 0.08150788
vn -0.7646999 -0.6392108 -0.08150806
vn -0.7646999 -0.6392108 -0.08150806
vn -0.7646999 -0.6392108 -0.08150806
vn -0.7646999 -0.6392108 0.08150806
vn -0.7646999 -0.6392108 -0.08150806
vn -0.7646999 -0.6392108 -0.08150806
vn -0.7646999 -0.6392108 -0.08150806
vn -0.7646999 -0.6392108 0.08150806
vn -0.7646999 -0.6392108 0.08150806
vn -0.7646999 -0.6392108 -0.08150806
vn 0.7647001 0.6392107 -0.08150788
vn 0.7647001 0.6392107 -0.08150788
vn 0.7647001 0.6392107 0.08150788
vn 0.7647001 0.6392107 -0.08150788
vn -0.7646999 -0.6392108 -0.08150806
vn -0.7646999 -0.6392108 -0.08150806
vn -0.7646999 -0.6392108 -0.08150806
vn -0.7646999 -0.6392108 -0.08150806
vn -0.003921509 0.003921509 -0.9999846
vn -0.003921509 0.003921509 -0.9999846
vn -0.003921509 0.003921509 -0.9999846
vn -0.003921509 0.003921509 -0.9999846
vn -0.003921509 0.003921509 0.9999846
vn -0.003921509 0.003921509 0.9999846
vn -0.003921509 0.003921509 0.9999846
vn -0.003921509 0.003921509 0.9999846
vn -0.6392107 0.7646999 -0.08150897
vn -0.6392107 0.7646999 -0.08150897
vn -0.6392107 0.7646999 0.08150897
vn -0.6392107 0.7646999 -0.08150897
vn 0.9999924 0.003921509 0
vn 0.9999924 0.003921509 0
vn 0.9999924 0.003921509 0
vn 0.9999924 0.003921509 0
vn 0.9999924 0.003921509 0
vn 0.9999924 0.003921509 0
vn 0.9999924 0.003921509 0
vn 0.9999924 0.003921509 0
vn 0.9999924 0.003921509 0
vn -0.9999923 0.003921509 -0.0003449296
vn -0.9999923 0.003921509 -0.0003449296
vn -0.9999923 0.003921509 -0.0003449296
vn -0.9999923 0.003921509 -0.0003449296
vn -0.9999923 0.003921509 -0.0003449296
vn -0.9999923 0.003921509 -0.0003449296
vn -0.9999923 0.003921509 -0.0003449296
vn -0.9999923 0.003921509 -0.0003449296
vn -0.9999923 0.003921509 -0.0003449296
vn -0.003921509 -0.3176447 -0.9482017
vn -0.003921509 -0.3176447 -0.9482017
vn -0.003921509 -0.3176447 -0.9482017
vn -0.003921509 -0.3176447 -0.9482017
vn -0.003921509 -0.9999924 0
vn -0.003921509 -0.9529339 0.3031528
vn -0.003921509 -0.9999924 0
vn -0.003921509 -0.9529339 0.3031528
vn -0.003921509 -0.7960724 0.6051888
vn -0.003921509 -0.7960724 0.6051888
vn -0.003921509 -0.7333277 0.679864
vn -0.003921509 -0.7333277 0.679864
vn -0.003921509 -0.6784262 0.7346581
vn -0.003921509 -0.6784262 0.7346581
vn -0.003921509 0.4901923 0.8716055
vn -0.003921509 0.4901923 0.8716055
vn -0.003921509 0.4901923 0.8716055
vn -0.003921509 0.4901923 0.8716055
vn -0.003921509 0.9058753 -0.4235263
vn -0.003921509 0.9215615 -0.3882126
vn -0.003921509 0.9058753 -0.4235263
vn -0.003921509 0.9215615 -0.3882126
vn -0.003921509 0.9450908 -0.3267844
vn -0.003921509 0.9450908 -0.3267844
vn -0.003921509 0.9450908 -0.3267844
vn -0.003921509 0.9450908 -0.3267844
vn -0.7097985 -0.654897 0.2594149
vn 0.003921568 -0.9215616 0.3882124
vn 0.003921568 -0.9215616 0.3882124
vn -0.7097985 -0.654897 0.2594149
vn -0.9999923 0.003921509 -0.0003449296
vn -0.9999923 0.003921509 -0.0003449296
vn -0.7097985 0.6548969 -0.2594152
vn -0.7097985 0.6548969 -0.2594152
vn -0.003921509 0.9215615 -0.3882126
vn -0.003921509 0.9215615 -0.3882126
vn 0.7097985 0.6548969 -0.2594151
vn 0.7097985 0.6548969 -0.2594151
vn 0.9999924 0.003921509 0
vn 0.9999924 0.003921509 0
vn 0.7097985 -0.654897 0.2594148
vn 0.7097985 -0.654897 0.2594148
vn 0.003921568 -0.9215616 0.3882124
vn 0.003921568 -0.9215616 0.3882124
vn -0.003921509 0.3882322 0.9215532
vn -0.003921509 0.3882322 0.9215532
vn -0.003921509 0.3882322 0.9215532
vn -0.003921509 0.3882322 0.9215532
vn 0.003921568 0.3882322 0.9215532
vn 0.003921568 0.3882322 0.9215532
vn -0.003921509 0.3882322 0.9215532
vn -0.003921509 0.3882322 0.9215532
vn -0.003921509 -0.3882324 -0.9215532
vn -0.003921509 -0.3882324 -0.9215532
vn 0.003921568 -0.3882324 -0.9215532
vn -0.003921509 -0.3882324 -0.9215532
vn 0.003921568 -0.3882324 -0.9215532
vn -0.003921509 -0.3882324 -0.9215532
vn 0.003921568 -0.3882324 -0.9215532
vn -0.003921509 -0.3882324 -0.9215532
vn 0.9999924 0.003921509 0
vn 0.9999924 0.003921509 0
vn 0.9999924 0.003921509 0
vn 0.9999924 0.003921509 0
vn 0.9999924 0.003921509 0
vn 0.9999924 0.003921509 0
vn -0.9999923 0.003921509 -0.0003449296
vn -0.9999923 0.003921509 -0.0003449296
vn -0.9999923 0.003921509 -0.0003449296
vn -0.9999923 0.003921509 -0.0003449296
vn -0.9999923 0.003921509 -0.0003449296
vn -0.9999923 0.003921509 -0.0003449296
vn -0.003921509 -0.247057 -0.968993
vn -0.003921509 -0.2941154 -0.9557618
vn -0.003921509 -0.247057 -0.968993
vn -0.003921509 -0.2941154 -0.9557618
vn -0.003921509 -0.3411739 -0.939992
vn -0.003921509 -0.3411739 -0.939992
vn -0.003921509 -0.8980324 0.4399119
vn -0.003921509 -0.8980324 0.4399119
vn -0.003921509 -0.8980324 0.4399119
vn -0.003921509 -0.8980324 0.4399119
vn -0.003921509 -0.003921568 0.9999846
vn -0.003921509 -0.1686262 0.9856722
vn -0.003921509 -0.003921568 0.9999846
vn -0.003921509 -0.1686262 0.9856722
vn -0.003921509 -0.3333308 0.9428018
vn -0.003921509 -0.3333308 0.9428018
vn -0.003921509 0.8823462 -0.4705847
vn -0.003921509 0.8823462 -0.4705847
vn -0.003921509 0.8823462 -0.4705847
vn -0.003921509 0.8823462 -0.4705847
vn -0.003921509 -0.7097985 0.7043939
vn -0.003921509 -0.9999924 0
vn -0.003921509 -0.9999924 0
vn -0.003921509 -0.7097985 0.7043939
vn -0.003921509 -0.003921568 0.9999846
vn -0.003921509 -0.003921568 0.9999846
vn -0.003921509 0.7097985 0.7043939
vn -0.003921509 0.7097985 0.7043939
vn -0.003921509 0.9999923 -0.000345267
vn -0.003921509 0.9999923 -0.000345267
vn -0.003921509 0.7097985 -0.7043939
vn -0.003921509 0.7097985 -0.7043939
vn -0.003921509 -0.003921568 -0.9999846
vn -0.003921509 -0.003921568 -0.9999846
vn -0.003921509 -0.7097985 -0.7043939
vn -0.003921509 -0.7097985 -0.7043939
vn -0.003921509 -0.7097985 -0.7043939
vn -0.003921509 -0.7097985 -0.7043939
vn 0.9999924 0.003921509 0
vn 0.9999924 0.003921509 0
vn 0.9999924 0.003921509 0
vn 0.9999924 0.003921509 0
vn 0.9999924 0.003921509 0
vn 0.9999924 0.003921509 0
vn 0.9999924 0.003921509 0
vn 0.9999924 0.003921509 0
vn -0.9999923 0.003921509 -0.0003449296
vn -0.9999923 0.003921509 -0.0003449296
vn -0.9999923 0.003921509 -0.0003449296
vn -0.9999923 0.003921509 -0.0003449296
vn -0.9999923 0.003921509 -0.0003449296
vn -0.9999923 0.003921509 -0.0003449296
vn -0.9999923 0.003921509 -0.0003449296
vn -0.9999923 0.003921509 -0.0003449296
vn -0.9998079 0.01960405 0
vn -0.7097985 0.03529382 0.7035201
vn -0.9993777 0.03527213 0
vn -0.7097985 0.01960766 0.7041318
vn 0.003921568 0.03529382 0.9993693
vn 0.003921568 0.01960766 0.9998001
vn 0.7097985 0.03529382 0.70352
vn 0.7097985 0.01960766 0.7041318
vn 0.9993777 0.03527213 0
vn 0.9998079 0.01960405 0
vn 0.7097985 0.03529382 -0.70352
vn 0.7097985 0.01960766 -0.7041318
vn 0.003921568 0.03529382 -0.9993693
vn 0.003921568 0.01960766 -0.9998001
vn -0.7097985 0.01960766 -0.7041318
vn -0.7097985 0.03529382 -0.7035201
vn 0.003921568 0.01960766 -0.9998001
vn 0.003921568 0.03529382 -0.9993693
vn 0.003921568 0.01176453 0.9999231
vn -0.7097985 0.01176453 0.7043065
vn 0.7097985 0.01176453 0.7043065
vn 0.9999309 0.0117638 0
vn 0.7097985 0.01176453 -0.7043065
vn 0.003921568 0.01176453 -0.9999231
vn -0.7097985 0.01176453 -0.7043065
vn 0.003921568 0.01176453 -0.9999231
vn -0.9999309 0.0117638 0
vn -0.003921509 -0.9999924 0
vn -0.003921509 -0.9999924 0
vn -0.003921509 -0.9999924 0
vn -0.003921509 -0.9999924 0
vn -0.003921509 -0.9999924 0
vn -0.003921509 -0.9999924 0
vn -0.003921509 -0.9999924 0
vn -0.003921509 -0.9999924 0
vn -0.003921509 0.9999923 -0.000345267
vn -0.003921509 0.9999923 -0.000345267
vn -0.003921509 0.9999923 -0.000345267
vn -0.003921509 0.9999923 -0.000345267
vn -0.003921509 0.9999923 -0.000345267
vn -0.003921509 0.9999923 -0.000345267
vn -0.003921509 0.9999923 -0.000345267
vn -0.003921509 0.9999923 -0.000345267
vn -0.003921509 0.003921509 -0.9999846
vn -0.003921509 0.003921509 -0.9999846
vn -0.003921509 0.003921509 -0.9999846
vn -0.003921509 0.003921509 -0.9999846
vn -0.003921509 0.003921509 0.9999846
vn -0.003921509 0.003921509 0.9999846
vn -0.003921509 0.003921509 0.9999846
vn -0.003921509 0.003921509 0.9999846
vn 0.6156816 -0.7333277 -0.2883862
vn 0.6156816 -0.7333277 -0.2883862
vn 0.6156816 -0.7333277 -0.2883862
vn 0.6156816 -0.7333277 -0.2883862
vn 0.7647001 0.6392107 -0.08150788
vn 0.7647001 0.6392107 -0.08150788
vn 0.7647001 0.6392107 -0.08150788
vn 0.7647001 0.6392107 -0.08150788
vn -0.7646999 -0.6392108 0.08150806
vn -0.7646999 -0.6392108 0.08150806
vn -0.7646999 -0.6392108 -0.08150806
vn -0.7646999 -0.6392108 0.08150806
vn 0.7633864 0.6459423 0
vn 0.7647001 0.6392107 0.08150788
vn 0.7647001 0.6392107 0.08150788
vn 0.7633864 0.6459423 0
vn 0.7647001 0.6392107 0.08150788
vn 0.7647001 0.6392107 0.08150788
vn 0.7647001 0.6392107 0.08150788
vn 0.7647001 0.6392107 0.08150788
vn 0.756206 0.6543336 0
vn 0.756206 0.6543336 0
vn -0.7633862 -0.6459423 0
vn -0.7646999 -0.6392108 0.08150806
vn -0.7646999 -0.6392108 -0.08150806
vn -0.7633862 -0.6459423 0
vn -0.7646999 -0.6392108 -0.08150806
vn -0.7646999 -0.6392108 -0.08150806
vn -0.7646999 -0.6392108 -0.08150806
vn -0.7646999 -0.6392108 -0.08150806
vn -0.756206 -0.6543337 0
vn -0.756206 -0.6543337 0
vn -0.1450969 0.1764692 -0.973553
vn -0.02745068 0.03529382 -0.9989999
vn -0.1450969 0.1764692 -0.973553
vn -0.02745068 0.03529382 -0.9989999
vn -0.4509768 0.5450938 -0.7067479
vn -0.4509768 0.5450938 -0.7067479
vn -0.6156815 0.7333276 -0.2883866
vn -0.6156815 0.7333276 -0.2883866
vn -0.6392107 0.7646999 -0.08150897
vn -0.6392107 0.7646999 -0.08150897
vn -0.05882299 0.07450914 -0.9954839
vn -0.05882299 0.07450914 -0.9954839
vn 0.5843093 -0.6941124 0.4204649
vn 0.5843093 -0.6941124 0.4204649
vn 0.5843093 -0.6941124 0.4204649
vn 0.5843093 -0.6941124 0.4204649
vn -0.003921509 0.003921509 0.9999846
vn -0.003921509 0.003921509 0.9999846
vn -0.003921509 0.003921509 0.9999846
vn -0.003921509 0.003921509 0.9999846
vn -0.003921509 0.003921509 0.9999846
vn -0.003921509 0.003921509 0.9999846
vn 0.06666619 -0.08235234 0.994371
vn 0.06666619 -0.08235234 0.994371
vn 0.06666619 -0.08235234 0.994371
vn 0.06666619 -0.08235234 0.994371
vn 0.7647001 0.6392107 -0.08150788
vn 0.2392139 0.9686199 -0.06746945
vn 0.7647001 0.6392107 -0.08150788
vn 0.2392139 0.9686199 -0.06746945
vn 0.9977852 0.06651898 0
vn 0.9977852 0.06651898 0
vn 0.8490956 -0.5282393 0
vn 0.8490956 -0.5282393 0
vn 0.3720658 -0.9282063 0
vn 0.3720658 -0.9282063 0
vn -0.2392138 -0.9686201 -0.06746767
vn -0.2392138 -0.9686201 -0.06746767
vn -0.7646999 -0.6392108 -0.08150806
vn -0.7646999 -0.6392108 -0.08150806
vn -0.9977852 -0.06651905 0
vn -0.9977852 -0.06651905 0
vn -0.8490957 0.5282392 0
vn -0.8490957 0.5282392 0
vn -0.3720658 0.9282064 0
vn -0.3720658 0.9282064 0
vn 0.2392139 0.9686199 -0.06746945
vn 0.2392139 0.9686199 -0.06746945
vn -0.003921509 0.003921509 -0.9999846
vn -0.003921509 0.003921509 -0.9999846
vn -0.003921509 0.003921509 -0.9999846
vn -0.003921509 0.003921509 -0.9999846
vn -0.003921509 0.003921509 -0.9999846
vn -0.003921509 0.003921509 -0.9999846
vn -0.003921509 0.003921509 -0.9999846
vn -0.003921509 0.003921509 -0.9999846
vn -0.003921509 0.003921509 -0.9999846
vn -0.003921509 0.003921509 -0.9999846
vn -0.003921509 0.003921509 0.9999846
vn -0.003921509 0.003921509 0.9999846
vn -0.003921509 0.003921509 0.9999846
vn -0.003921509 0.003921509 0.9999846
vn -0.003921509 0.003921509 0.9999846
vn -0.003921509 0.003921509 0.9999846
vn -0.003921509 0.003921509 0.9999846
vn -0.003921509 0.003921509 0.9999846
vn -0.003921509 0.003921509 0.9999846
vn -0.003921509 0.003921509 0.9999846
vn 0.5215647 -0.6235247 -0.5823979
vn 0.6392108 -0.7647001 -0.08150715
vn 0.5215647 -0.6235247 -0.5823979
vn 0.6392108 -0.7647001 -0.08150715
vn 0.5215647 -0.6235247 0.5823979
vn 0.5215647 -0.6235247 0.5823979
vn 0.1999985 -0.2392139 0.950146
vn 0.1999985 -0.2392139 0.950146
vn -0.1999984 0.2392138 0.950146
vn -0.1999984 0.2392138 0.950146
vn -0.5215646 0.6235245 0.5823981
vn -0.5215646 0.6235245 0.5823981
vn -0.6392107 0.7646999 0.08150897
vn -0.6392107 0.7646999 0.08150897
vn -0.5215646 0.6235245 -0.5823981
vn -0.5215646 0.6156815 -0.5906832
vn -0.1999984 0.2392138 -0.950146
vn -0.1999984 0.2392138 -0.950146
vn 0.1999985 -0.2392139 -0.950146
vn 0.1999985 -0.2392139 -0.950146
vn 0.5215647 -0.6235247 -0.5823979
vn 0.5215647 -0.6235247 -0.5823979
vn 0.756206 0.6543336 0
vn 0.9921493 0.0901953 -0.08662903
vn 0.756206 0.6543336 0
vn 0.9921493 0.0901953 -0.08662903
vn 0.2231437 0.9747856 0
vn 0.2231437 0.9747856 0
vn -0.3882322 0.9215615 -0.000345267
vn -0.3882322 0.9215615 -0.000345267
vn -0.8581837 0.5133427 0
vn -0.8581837 0.5133427 0
vn -0.9921492 -0.09019542 -0.0866296
vn -0.9921492 -0.09019542 -0.0866296
vn 0.8581836 -0.5133427 0
vn 0.8581836 -0.5133427 0
vn 0.3882324 -0.9215616 0
vn 0.3882324 -0.9215616 0
vn -0.2231436 -0.9747855 0
vn -0.2231436 -0.9747855 0
vn -0.756206 -0.6543337 0
vn -0.756206 -0.6543337 0
vn -0.9921492 -0.09019542 -0.0866296
vn -0.9921492 -0.09019542 -0.0866296
vn -0.003921509 0.003921509 -0.9999846
vn -0.003921509 0.003921509 -0.9999846
vn -0.003921509 0.003921509 -0.9999846
vn -0.003921509 0.003921509 -0.9999846
vn -0.003921509 0.003921509 -0.9999846
vn -0.003921509 0.003921509 -0.9999846
vn -0.003921509 0.003921509 -0.9999846
vn -0.003921509 0.003921509 -0.9999846
vn -0.003921509 0.003921509 -0.9999846
vn -0.003921509 0.003921509 -0.9999846
vn -0.003921509 0.003921509 -0.9999846
vn -0.003921509 0.003921509 -0.9999846
vn -0.003921509 0.003921509 -0.9999846
vn -0.003921509 0.003921509 -0.9999846
vn -0.003921509 0.003921509 -0.9999846
vn -0.003921509 0.003921509 -0.9999846
vn -0.003921509 0.003921509 -0.9999846
vn -0.003921509 0.003921509 0.9999846
vn -0.003921509 0.003921509 0.9999846
vn -0.003921509 0.003921509 0.9999846
vn -0.003921509 0.003921509 0.9999846
vn -0.003921509 0.003921509 0.9999846
vn -0.003921509 0.003921509 0.9999846
vn -0.003921509 0.003921509 0.9999846
vn 0.3948628 -0.9187401 0
vn 0.6392108 -0.7647001 0.08150715
vn 0.6392108 -0.7647001 0.08150715
vn 0.3948628 -0.9187401 0
vn -0.2078415 -0.9764631 0.05763374
vn -0.2078415 -0.9764631 0.05763374
vn -0.7646999 -0.6392108 0.08150806
vn -0.7646999 -0.6392108 0.08150806
vn -0.9993777 -0.03527219 0
vn -0.9993777 -0.03527219 0
vn -0.8352877 0.5450938 -0.07188377
vn -0.8352877 0.5450938 -0.07188377
vn -0.6392107 0.7646999 -0.08150897
vn -0.6392107 0.7646999 -0.08150897
vn 0.552937 -0.6627401 0.5050113
vn 0.6392108 -0.7647001 0.08150715
vn 0.6392108 -0.7647001 0.08150715
vn 0.552937 -0.6627401 0.5050113
vn 0.3254877 -0.3803893 0.8656569
vn 0.3176447 -0.3803893 0.8685654
vn 0.552937 -0.6627401 -0.5050113
vn 0.552937 -0.6627401 -0.5050113
vn 0.3176447 -0.3803893 -0.8685654
vn 0.3254877 -0.3803893 -0.8656569
vn 0.003921568 -0.003921568 -0.9999846
vn -0.003921509 0.003921509 -0.9999846
vn -0.3176446 0.3803892 -0.8685654
vn -0.3176446 0.3803892 -0.8685654
vn -0.5529369 0.66274 -0.5050114
vn -0.5529369 0.66274 -0.5050114
vn -0.6392107 0.7646999 0.08150897
vn -0.6392107 0.7646999 0.08150897
vn -0.5529369 0.66274 0.5050114
vn -0.5529369 0.66274 0.5050114
vn -0.3176446 0.3803892 0.8685654
vn -0.3176446 0.3803892 0.8685654
vn 0.003921568 -0.003921568 0.9999846
vn 0.003921568 0.003921509 0.9999846
vn 0.3176447 -0.3803893 0.8685654
vn 0.3254877 -0.3803893 0.8656569
vn -0.7646999 -0.6392108 0.08150806
vn -0.7646999 -0.6392108 -0.08150806
vn -0.7646999 -0.6392108 0.08150806
vn -0.7646999 -0.6392108 -0.08150806
vn -0.7646999 -0.6392108 0.08150806
vn -0.7646999 -0.6392108 0.08150806
vn -0.7646999 -0.6392108 0.08150806
vn -0.7646999 -0.6392108 -0.08150806
vn -0.7646999 -0.6392108 -0.08150806
vn -0.7646999 -0.6392108 0.08150806
vn -0.7646999 -0.6392108 -0.08150806
vn -0.7646999 -0.6392108 0.08150806
vn -0.003921509 0.003921509 0.9999846
vn -0.003921509 0.003921509 0.9999846
vn -0.003921509 0.003921509 0.9999846
vn -0.003921509 0.003921509 0.9999846
vn 0.6392108 -0.7647001 -0.08150715
vn 0.6392108 -0.7647001 -0.08150715
vn 0.6392108 -0.7647001 -0.08150715
vn 0.6392108 -0.7647001 0.08150715
vn 0.6392108 -0.7647001 -0.08150715
vn -0.6392107 0.7646999 -0.08150897
vn -0.6392107 0.7646999 -0.08150897
vn -0.6392107 0.7646999 0.08150897
vn -0.6459423 0.7633862 0
vn -0.6392107 0.7646999 -0.08150897
vn -0.6235245 -0.5215647 -0.582398
vn -0.5764661 -0.4823493 -0.659565
vn -0.6235245 -0.5215647 -0.582398
vn -0.5764661 -0.4823493 -0.659565
vn -0.5294076 -0.4431339 -0.7234362
vn -0.5294076 -0.4431339 -0.7234362
vn -0.7254846 -0.6078385 0.3228071
vn -0.7254846 -0.6078385 0.3228071
vn -0.7254846 -0.6078385 0.3228071
vn -0.7254846 -0.6078385 0.3228071
vn -0.003921509 0.003921509 0.9999846
vn -0.003921509 0.003921509 0.9999846
vn -0.003921509 0.003921509 0.9999846
vn -0.003921509 0.003921509 0.9999846
vn 0.6392108 -0.7647001 -0.08150715
vn 0.6392108 -0.7647001 -0.08150715
vn 0.6392108 -0.7647001 -0.08150715
vn 0.6459422 -0.7633862 0
vn 0.6392108 -0.7647001 -0.08150715
vn -0.6392107 0.7646999 -0.08150897
vn -0.6392107 0.7646999 -0.08150897
vn -0.6392107 0.7646999 -0.08150897
vn -0.6392107 0.7646999 -0.08150897
vn -0.6392107 0.7646999 -0.08150897
vn 0.5764662 0.4823492 -0.659565
vn 0.6235247 0.5215646 -0.5823979
vn 0.6235247 0.5215646 -0.5823979
vn 0.5764662 0.4823492 -0.659565
vn 0.5215647 0.4431338 -0.7291109
vn 0.5215647 0.4431338 -0.7291109
vn 0.7254847 0.6078384 0.3228072
vn 0.7254847 0.6078384 0.3228072
vn 0.7254847 0.6078384 0.3228072
vn 0.7254847 0.6078384 0.3228072
vn 0.8723059 -0.4889607 0
vn 0.9510054 0.3091745 0
vn 0.9510054 0.3091745 0
vn 0.8723059 -0.4889607 0
vn 0.4196047 0.9058753 -0.05763529
vn 0.4196047 0.9058753 -0.05763529
vn -0.3091745 0.9510054 0
vn -0.3091745 0.9510054 0
vn -0.8723059 0.4889607 0
vn -0.8723059 0.4889607 0
vn -0.9510053 -0.3091746 0
vn -0.9510053 -0.3091746 0
vn -0.4196045 -0.9058754 -0.05763425
vn -0.4196045 -0.9058754 -0.05763425
vn 0.3091746 -0.9510053 0
vn 0.3091746 -0.9510053 0
vn 0.8723059 -0.4889607 0
vn 0.8723059 -0.4889607 0
vn 0.6941124 0.6156815 0.3730205
vn 0.7019554 0.6078384 0.3712021
vn 0.6862693 0.6156815 0.3872606
vn 0.7097985 0.5999954 0.3690415
vn 0.7097985 0.5999954 0.3690415
vn 0.7097985 0.5999954 0.3690415
vn 0.7176416 0.5921522 0.3665328
vn 0.7176416 0.5921522 0.3665328
vn 0.7097985 0.5921522 0.3814994
vn 0.7097985 0.5921522 0.3814994
vn 0.6941124 0.5764661 0.4311553
vn 0.6941124 0.5764661 0.4311553
vn 0.7176416 0.5921522 0.3665328
vn 0.7176416 0.5843092 0.3789107
vn 0.7254847 0.5764661 0.3759772
vn 0.7254847 0.5686231 0.3877367
vn -0.4117615 0.5215646 -0.7472769
vn -0.2784292 0.3647031 -0.8885206
vn -0.2549 0.3333308 -0.9076985
vn -0.4117615 0.5215646 -0.7472769
vn -0.06666613 0.09803843 -0.9929472
vn -0.06666613 0.09803843 -0.9929472
vn 0.08235234 -0.08235234 -0.9931949
vn 0.08235234 -0.08235234 -0.9931949
vn 0.2862723 -0.3098016 -0.9066814
vn 0.3098016 -0.3411739 -0.8874815
vn 0.4431339 -0.4901924 -0.7505623
vn 0.4431339 -0.4901924 -0.7505623
vn 0.003921568 0.01960766 0.9998001
vn 0.01960772 0.03529382 0.9991846
vn -0.04313684 0.05882299 0.997336
vn 0.01176465 0.01176453 0.9998616
vn 0.0274508 0.02745068 0.9992462
vn 0.0274508 -0.01176465 0.9995539
vn -0.003921509 0.01176453 0.9999231
vn -0.003921509 0.01176453 0.9999231
vn 0.145097 0.3176446 0.9370426
vn -0.003921509 0.4823492 0.8759702
vn 0.15294 0.2078415 0.9661321
vn 0.08235234 0.5607799 0.8238592
vn -0.1764692 0.466663 0.8666511
vn 0.3411739 0.0901953 0.9356629
vn 0.2313708 0.1137246 0.9661958
vn 0.1372539 0.1137246 0.9839858
vn 0.1372539 0.1137246 0.9839858
vn 0.4823493 -0.08235234 0.8720993
vn 0.5686231 -0.01960772 0.8223644
vn 0.4352908 -0.2235277 0.8720993
vn -0.1686261 0.4745061 0.8639498
vn -0.1843122 0.466663 0.8650171
vn -0.1058815 0.5450938 0.8316622
vn 0.4117616 -0.2627431 0.8725929
vn 0.349017 -0.1843123 0.9188123
vn 0.4352908 -0.3176447 0.8423917
vn -0.722557 0.6913113 0
vn -0.6459423 0.7633862 0
vn -0.6459423 0.7633862 0
vn -0.6543336 0.756206 0
vn -0.6313677 0.7725431 -0.067469
vn -0.6235245 0.7803861 -0.04706028
vn -0.6548969 -0.7490139 0.1004407
vn -0.9529338 -0.2941154 0.07357534
vn -0.5764661 -0.8117585 0.09346091
vn -0.9372476 -0.3254877 0.1249985
vn -0.9982743 0.05872194 0
vn -0.9764631 -0.1921554 0.09796004
vn -0.3882322 -0.9137185 0.1199757
vn -0.5450938 -0.8274447 0.1349373
vn 0.2078416 -0.9764631 0.05763374
vn 0.5752995 -0.8179428 0
vn 0.5282393 -0.8490956 0
vn 0.5133427 -0.8581836 0
vn 0.6459422 -0.7633862 0
vn 0.6459422 -0.7633862 0
vn 0.7704606 0.6374876 0
vn 0.7725431 0.6313677 0.0674679
vn 0.7647001 0.6392107 -0.08150788
vn 0.7774268 0.6289734 0
vn -0.6289734 0.7774267 0
vn -0.6235245 0.7803861 0.04706028
vn -0.6235245 0.7803861 0.04706028
vn -0.6289734 0.7774267 0
vn 0.06651905 0.9977852 0
vn 0.09019542 0.9921492 -0.08662968
vn 0.145097 0.9686199 -0.2017975
vn 0.03527219 0.9993777 0
vn 0.03527219 0.9993777 0
vn 0.02744067 0.9996234 0
vn -0.7646999 -0.6392108 0.08150806
vn -0.7646999 -0.6392108 -0.08150806
vn -0.7646999 -0.6392108 0.08150806
vn -0.7646999 -0.6392108 -0.08150806
vn -0.7646999 -0.6392108 0.08150806
vn -0.7646999 -0.6392108 -0.08150806
vn -0.7646999 -0.6392108 0.08150806
vn -0.7646999 -0.6392108 -0.08150806
vn -0.7646999 -0.6392108 -0.08150806
vn -0.7646999 -0.6392108 -0.08150806
vn -0.7646999 -0.6392108 -0.08150806
vn -0.7646999 -0.6392108 0.08150806
vn 0.7647001 0.6392107 -0.08150788
vn 0.7647001 0.6392107 -0.08150788
vn 0.7647001 0.6392107 -0.08150788
vn 0.7647001 0.6392107 -0.08150788
vn 0.0274508 0.01960766 0.9994308
vn 0.01176465 0.01176453 0.9998616
vn 0.03529388 0.01176453 0.9993077
vn -0.003921509 0.02745068 0.9996155
vn 0.01960772 -0.003921568 0.9998001
vn 0.05098003 -0.05098003 0.9973977
vn 0.01176465 -0.003921568 0.9999231
vn 0.01176465 -0.003921568 0.9999231
vn 0.6374876 -0.7704605 0
vn 0.551987 -0.8338527 0
vn 0.6392108 -0.7647001 -0.08150715
vn 0.6289734 -0.7774268 0
vn 0.6543337 -0.7562059 0
vn 0.6626585 -0.7489218 0
vn -0.4509768 -0.8901893 0.06467561
vn -0.8509738 -0.5137216 0.1092411
vn -0.8980323 -0.4274477 0.1040499
vn -0.4901923 -0.8666601 0.0928001
vn -0.1137246 -0.9921493 0.0520243
vn -0.3568599 -0.9294047 0.09411645
vn -0.9686199 -0.2235277 0.1086772
vn -0.9058753 -0.3882324 0.169309
vn -0.9215615 0.3725461 0.1092421
vn -0.7071068 0.7071068 0
vn -0.756206 0.6543336 0
vn -0.7489218 0.6626585 0
vn -0.6374876 0.7704607 0
vn -0.6374876 0.7704607 0
vn 0.7633864 0.6459423 0
vn 0.756857 0.6470538 0.09213503
vn 0.756206 0.6543336 0
vn 0.7647001 0.6392107 -0.08150788
vn 0.6862693 0.6156815 -0.3872606
vn 0.6862693 0.6156815 -0.3872606
vn 0.6313677 0.66274 -0.4026791
vn 0.7254847 0.5686231 -0.3877367
vn 0.7254847 0.5686231 -0.3877367
vn 0.756857 0.5058784 -0.4138291
vn 0.6543337 -0.7562059 0
vn 0.6626585 -0.7489218 0
vn 0.6543337 -0.7562059 0
vn 0.6626585 -0.7489218 0
vn 0.9905663 -0.1370349 0
vn 0.9894748 -0.1447058 0
vn 0.9894748 -0.1447058 0
vn 0.9921493 -0.08235234 -0.09411628
vn 0.9921493 -0.1058816 -0.06654979
vn 0.9764631 -0.0274508 -0.2139304
vn 0.450977 -0.5450939 -0.7067478
vn 0.6392108 -0.7647001 0.08150715
vn 0.6392108 -0.7647001 0.08150715
vn 0.450977 -0.5450939 -0.7067478
vn -0.003921509 0.003921509 -0.9999846
vn -0.003921509 0.003921509 -0.9999846
vn 0.450977 -0.5450939 0.7067478
vn 0.450977 -0.5450939 0.7067478
vn -0.003921509 0.003921509 0.9999846
vn -0.003921509 0.003921509 0.9999846
vn -0.4509768 0.5450938 0.7067479
vn -0.4509768 0.5450938 0.7067479
vn -0.6392107 0.7646999 0.08150897
vn -0.6392107 0.7646999 0.08150897
vn -0.4509768 0.5450938 -0.7067479
vn -0.45882 0.5450938 -0.7016816
vn -0.003921509 0.003921509 -0.9999846
vn -0.003921509 0.003921509 -0.9999846
vn 0.7647001 0.6392107 0.08150788
vn 0.7647001 0.6392107 -0.08150788
vn 0.7647001 0.6392107 0.08150788
vn 0.7647001 0.6392107 -0.08150788
vn 0.7647001 0.6392107 -0.08150788
vn 0.7647001 0.6392107 -0.08150788
vn 0.7647001 0.6392107 -0.08150788
vn 0.7647001 0.6392107 0.08150788
vn -0.6392107 0.7646999 -0.08150897
vn -0.5999954 0.7097985 -0.3690416
vn -0.6392107 0.7646999 -0.08150897
vn -0.5999954 0.7097985 -0.3690416
vn -0.4745061 0.5607799 -0.6785055
vn -0.4745061 0.5607799 -0.6785055
vn 0.04313695 -0.05098003 0.9977676
vn 0.15294 -0.1764693 0.9723518
vn 0.15294 -0.1764693 0.9723518
vn 0.04313695 -0.05098003 0.9977676
vn 0.3960754 -0.4745062 0.7861095
vn 0.3960754 -0.4745062 0.7861095
vn 0.5450939 -0.6470539 0.5330984
vn 0.5450939 -0.6470539 0.5330984
vn 0.5921524 -0.7019554 0.3957451
vn 0.5921524 -0.7019554 0.3957451
vn 0.6078385 -0.7254847 0.322807
vn 0.6078385 -0.7254847 0.322807
vn 0.6392108 -0.7647001 -0.08150715
vn 0.6392108 -0.7647001 -0.08150715
vn 0.6392108 -0.7647001 -0.08150715
vn 0.6392108 -0.7647001 -0.08150715
vn -0.7646999 -0.6392108 0.08150806
vn -0.7646999 -0.6392108 0.08150806
vn -0.7646999 -0.6392108 0.08150806
vn -0.7646999 -0.6392108 -0.08150806
vn -0.7646999 -0.6392108 -0.08150806
vn -0.7646999 -0.6392108 -0.08150806
vn -0.7646999 -0.6392108 -0.08150806
vn -0.7646999 -0.6392108 0.08150806
vn -0.7646999 -0.6392108 0.08150806
vn -0.7646999 -0.6392108 0.08150806
vn -0.7646999 -0.6392108 0.08150806
vn -0.7646999 -0.6392108 0.08150806
vn -0.7646999 -0.6392108 0.08150806
vn -0.7646999 -0.6392108 -0.08150806
vn -0.7646999 -0.6392108 0.08150806
vn -0.7646999 -0.6392108 0.08150806
vn -0.7646999 -0.6392108 0.08150806
vn -0.7646999 -0.6392108 -0.08150806
vn -0.9450908 -0.3176447 -0.07684591
vn -0.9450908 -0.3176447 -0.07684591
vn -0.6392107 0.7646999 -0.08150897
vn -0.5999954 0.7176415 -0.3535482
vn -0.5999954 0.7176415 -0.3535482
vn -0.6392107 0.7646999 -0.08150897
vn -0.4509768 0.5372508 -0.7127283
vn -0.5999954 0.7176415 -0.3535482
vn -0.4509768 0.5372508 -0.7127283
vn -0.5999954 0.7176415 -0.3535482
vn -0.3568599 0.4274477 -0.830626
vn -0.3568599 0.4274477 -0.830626
vn -0.3960754 0.4745061 -0.7861095
vn -0.3960754 0.4745061 -0.7861095
vn -0.4901923 0.5843092 -0.6467567
vn -0.4901923 0.5843092 -0.6467567
vn -0.003921509 0.003921509 0.9999846
vn -0.003921509 0.003921509 0.9999846
vn -0.003921509 0.003921509 0.9999846
vn -0.003921509 0.003921509 0.9999846
vn -0.003921509 0.003921509 0.9999846
vn -0.003921509 0.003921509 0.9999846
vn -0.003921509 0.003921509 0.9999846
vn -0.003921509 0.003921509 0.9999846
vn 0.7647001 0.6392107 -0.08150788
vn 0.7647001 0.6392107 -0.08150788
vn 0.7647001 0.6392107 -0.08150788
vn 0.7647001 0.6392107 -0.08150788
vn 0.7647001 0.6392107 -0.08150788
vn 0.7647001 0.6392107 0.08150788
vn 0.7647001 0.6392107 -0.08150788
vn 0.7647001 0.6392107 -0.08150788
vn 0.7647001 0.6392107 -0.08150788
vn 0.7647001 0.6392107 -0.08150788
vn 0.7647001 0.6392107 -0.08150788
vn 0.7647001 0.6392107 -0.08150788
vn 0.7647001 0.6392107 0.08150788
vn 0.7647001 0.6392107 0.08150788
vn 0.473633 0.8807224 0
vn 0.473633 0.8807224 0
vn 0.7647001 0.6392107 -0.08150788
vn 0.7647001 0.6392107 0.08150788
vn 0.7647001 0.6392107 -0.08150788
vn 0.7647001 0.6392107 -0.08150788
vn -0.003921509 0.003921509 -0.9999846
vn -0.003921509 0.003921509 -0.9999846
vn -0.003921509 0.003921509 -0.9999846
vn -0.003921509 0.003921509 -0.9999846
vn -0.003921509 0.003921509 -0.9999846
vn -0.003921509 0.003921509 -0.9999846
vn -0.003921509 0.003921509 -0.9999846
vn -0.003921509 0.003921509 -0.9999846
vn -0.5133427 0.8581837 0
vn -0.756206 0.6543336 0
vn -0.5133427 0.8581837 0
vn -0.756206 0.6543336 0
vn -0.9529338 0.3019584 -0.02717196
vn -0.9529338 0.3019584 -0.02717196
vn -0.1370348 0.9905662 0
vn -0.1370348 0.9905662 0
vn -0.9450908 -0.3176447 -0.07684591
vn -0.9450908 -0.3176447 -0.07684591
vn 0.473633 0.8807224 0
vn 0.473633 0.8807224 0
vn -0.003921509 0.003921509 -0.9999846
vn -0.003921509 0.003921509 -0.9999846
vn -0.003921509 0.003921509 -0.9999846
vn -0.003921509 0.003921509 -0.9999846
vn -0.003921509 0.003921509 -0.9999846
vn -0.003921509 0.003921509 -0.9999846
vn -0.003921509 0.003921509 -0.9999846
vn -0.003921509 0.003921509 -0.9999846
vn -0.003921509 0.003921509 0.9999846
vn -0.003921509 0.003921509 0.9999846
vn -0.003921509 0.003921509 0.9999846
vn -0.003921509 0.003921509 0.9999846
vn -0.6392107 0.7646999 0.08150897
vn -0.6392107 0.7646999 0.08150897
vn -0.6392107 0.7646999 0.08150897
vn -0.6392107 0.7646999 0.08150897
vn -0.7568569 -0.6392108 0.1362979
vn -0.7646999 -0.6392108 -0.08150806
vn -0.7646999 -0.6392108 -0.08150806
vn -0.7568569 -0.6392108 0.1362979
vn -0.66274 -0.552937 -0.5050113
vn -0.66274 -0.552937 -0.5050113
vn -0.3803892 -0.3176447 -0.8685654
vn -0.3803892 -0.3176447 -0.8685654
vn 0.003921568 0.003921509 -0.9999846
vn 0.003921568 0.003921509 -0.9999846
vn 0.3803893 0.3176446 -0.8685654
vn 0.3803893 0.3176446 -0.8685654
vn 0.6627401 0.5529369 -0.5050113
vn 0.6627401 0.5529369 -0.5050113
vn 0.7647001 0.6392107 -0.08150788
vn 0.7647001 0.6392107 -0.08150788
vn 0.756857 0.6392107 0.1362983
vn 0.756857 0.6392107 0.1362983
vn 0.7647001 0.6392107 -0.08150788
vn 0.7647001 0.6392107 -0.08150788
vn -0.6392107 0.7646999 0.08150897
vn -0.6392107 0.7646999 -0.08150897
vn -0.6392107 0.7646999 -0.08150897
vn -0.6392107 0.7646999 0.08150897
vn -0.6392107 0.7646999 0.08150897
vn -0.6392107 0.7646999 0.08150897
vn -0.6392107 0.7646999 -0.08150897
vn -0.6392107 0.7646999 0.08150897
vn -0.6392107 0.7646999 -0.08150897
vn -0.6392107 0.7646999 0.08150897
vn -0.6392107 0.7646999 -0.08150897
vn -0.6392107 0.7646999 -0.08150897
vn -0.6392107 0.7646999 -0.08150897
vn 0.6392108 -0.7647001 -0.08150715
vn 0.6392108 -0.7647001 0.08150715
vn 0.6392108 -0.7647001 -0.08150715
vn 0.6392108 -0.7647001 -0.08150715
vn 0.6392108 -0.7647001 -0.08150715
vn 0.6392108 -0.7647001 -0.08150715
vn 0.6392108 -0.7647001 -0.08150715
vn 0.6392108 -0.7647001 -0.08150715
vn 0.6392108 -0.7647001 -0.08150715
vn 0.6392108 -0.7647001 -0.08150715
vn 0.6392108 -0.7647001 -0.08150715
vn 0.6392108 -0.7647001 -0.08150715
vn 0.6392108 -0.7647001 -0.08150715
vn -0.7646999 -0.6392108 -0.08150806
vn -0.7646999 -0.6392108 -0.08150806
vn -0.66274 -0.552937 0.5050113
vn -0.7646999 -0.6392108 -0.08150806
vn -0.7646999 -0.6392108 -0.08150806
vn -0.66274 -0.552937 0.5050113
vn -0.3803892 -0.3176447 0.8685654
vn -0.3803892 -0.3176447 0.8685654
vn 0.003921568 0.003921509 0.9999846
vn -0.003921509 -0.003921568 0.9999846
vn 0.3803893 0.3176446 0.8685654
vn 0.3803893 0.3176446 0.8685654
vn 0.6627401 0.5529369 0.5050113
vn 0.6627401 0.5529369 0.5050113
vn 0.7647001 0.6392107 -0.08150788
vn 0.7647001 0.6392107 -0.08150788
vn 0.7411708 0.6235245 -0.2487629
vn 0.7411708 0.6235245 -0.2487629
vn -0.7411708 -0.6235247 -0.2487627
vn -0.7411708 -0.6235247 -0.2487627
vn 0.6392108 -0.7647001 0.08150715
vn 0.6392108 -0.7647001 -0.08150715
vn 0.6392108 -0.7647001 -0.08150715
vn 0.6392108 -0.7647001 0.08150715
vn 0.6392108 -0.7647001 -0.08150715
vn 0.6392108 -0.7647001 -0.08150715
vn 0.6392108 -0.7647001 -0.08150715
vn 0.6392108 -0.7647001 -0.08150715
vn 0.6459422 -0.7633862 0
vn -0.6392107 0.7646999 0.08150897
vn -0.6392107 0.7646999 -0.08150897
vn -0.6392107 0.7646999 0.08150897
vn -0.6392107 0.7646999 -0.08150897
vn -0.6392107 0.7646999 -0.08150897
vn -0.6392107 0.7646999 0.08150897
vn -0.6392107 0.7646999 -0.08150897
vn -0.6392107 0.7646999 0.08150897
vn -0.6392107 0.7646999 0.08150897
vn 0.9999924 0.003921509 0
vn 0.9999924 0.003921509 0
vn 0.9999924 0.003921509 0
vn 0.9999924 0.003921509 0
vn 0.9999924 0.003921509 0
vn 0.9999924 0.003921509 0
vn 0.9999924 0.003921509 0
vn 0.9999924 0.003921509 0
vn 0.9999924 0.003921509 0
vn -0.9999923 0.003921509 -0.0003449296
vn -0.9999923 0.003921509 -0.0003449296
vn -0.9999923 0.003921509 -0.0003449296
vn -0.9999923 0.003921509 -0.0003449296
vn -0.9999923 0.003921509 -0.0003449296
vn -0.9999923 0.003921509 -0.0003449296
vn -0.9999923 0.003921509 -0.0003449296
vn -0.9999923 0.003921509 -0.0003449296
vn -0.9999923 0.003921509 -0.0003449296
vn -0.003921509 -0.06666619 -0.9977676
vn -0.003921509 -0.06666619 -0.9977676
vn -0.003921509 -0.06666619 -0.9977676
vn -0.003921509 -0.06666619 -0.9977676
vn -0.003921509 -0.960777 -0.2772944
vn -0.003921509 -0.9999924 0
vn -0.003921509 -0.960777 -0.2772944
vn -0.003921509 -0.9999924 0
vn -0.003921509 -0.9215616 0.3882124
vn -0.003921509 -0.9215616 0.3882124
vn -0.003921509 -0.8823462 0.4705845
vn -0.003921509 -0.8823462 0.4705845
vn -0.003921509 -0.8431308 0.5376942
vn -0.003921509 -0.8431308 0.5376942
vn -0.003921509 0.2549 0.9669595
vn -0.003921509 0.2549 0.9669595
vn -0.003921509 0.2549 0.9669595
vn -0.003921509 0.2549 0.9669595
vn -0.003921509 0.9843061 -0.176426
vn -0.003921509 0.9921492 -0.1249981
vn -0.003921509 0.9843061 -0.176426
vn -0.003921509 0.9921492 -0.1249981
vn -0.003921509 0.9921492 -0.1249981
vn -0.003921509 0.9921492 -0.1249981
vn -0.003921509 0.9999923 -0.000345267
vn -0.003921509 0.9999923 -0.000345267
vn -0.7097985 -0.7019554 0.05869158
vn -0.003921509 -0.9921493 0.1249976
vn -0.003921509 -0.9921493 0.1249976
vn -0.7097985 -0.7019554 0.05869158
vn -0.9999923 0.003921509 -0.0003449296
vn -0.9999923 -0.003921568 -0.0003442513
vn -0.7097985 0.7019553 -0.0586931
vn -0.7097985 0.7019553 -0.0586931
vn -0.003921509 0.9921492 -0.1249981
vn -0.003921509 0.9921492 -0.1249981
vn 0.7097985 0.7019553 -0.05869259
vn 0.7097985 0.7019553 -0.05869259
vn 0.9999924 0.003921509 0
vn 0.9999924 -0.003921568 0
vn 0.7097985 -0.7019554 0.05869107
vn 0.7097985 -0.7019554 0.05869107
vn -0.003921509 -0.9921493 0.1249976
vn -0.003921509 -0.9921493 0.1249976
vn -0.003921509 0.1450969 0.9894097
vn -0.003921509 0.1450969 0.9894097
vn -0.003921509 0.1450969 0.9894097
vn -0.003921509 0.1450969 0.9894097
vn -0.003921509 0.1450969 0.9894097
vn 0.003921568 0.1450969 0.9894097
vn -0.003921509 0.1450969 0.9894097
vn -0.003921509 0.1450969 0.9894097
vn -0.003921509 -0.145097 -0.9894097
vn -0.003921509 -0.145097 -0.9894097
vn 0.003921568 -0.145097 -0.9894097
vn -0.003921509 -0.145097 -0.9894097
vn 0.003921568 -0.145097 -0.9894097
vn -0.003921509 -0.145097 -0.9894097
vn 0.003921568 -0.145097 -0.9894097
vn -0.003921509 -0.145097 -0.9894097
vn 0.9999924 0.003921509 0
vn 0.9999924 0.003921509 0
vn 0.9999924 0.003921509 0
vn 0.9999924 0.003921509 0
vn 0.9999924 0.003921509 0
vn 0.9999924 0.003921509 0
vn -0.9999923 0.003921509 -0.0003449296
vn -0.9999923 0.003921509 -0.0003449296
vn -0.9999923 0.003921509 -0.0003449296
vn -0.9999923 0.003921509 -0.0003449296
vn -0.9999923 0.003921509 -0.0003449296
vn -0.9999923 0.003921509 -0.0003449296
vn -0.003921509 0.003921509 -0.9999846
vn -0.003921509 -0.04313695 -0.9990615
vn -0.003921509 0.003921509 -0.9999846
vn -0.003921509 -0.04313695 -0.9990615
vn -0.003921509 -0.09803849 -0.9951749
vn -0.003921509 -0.09803849 -0.9951749
vn -0.003921509 -0.9843062 0.1764254
vn -0.003921509 -0.9843062 0.1764254
vn -0.003921509 -0.9843062 0.1764254
vn -0.003921509 -0.9843062 0.1764254
vn -0.003921509 -0.2549 0.9669595
vn -0.003921509 -0.4352908 0.9002814
vn -0.003921509 -0.2549 0.9669595
vn -0.003921509 -0.4352908 0.9002814
vn -0.003921509 -0.5999954 0.7999938
vn -0.003921509 -0.5999954 0.7999938
vn -0.003921509 0.9764631 -0.215649
vn -0.003921509 0.9764631 -0.215649
vn -0.003921509 0.9764631 -0.215649
vn -0.003921509 0.9764631 -0.215649
vn -0.003921509 -0.858817 0.5122675
vn -0.003921509 -0.9686201 -0.2485151
vn -0.003921509 -0.9686201 -0.2485151
vn -0.003921509 -0.858817 0.5122675
vn -0.003921509 -0.2549 0.9669595
vn -0.003921509 -0.2549 0.9669595
vn -0.003921509 0.5058784 0.8625959
vn -0.003921509 0.5058784 0.8625959
vn -0.003921509 0.9686199 0.2485156
vn -0.003921509 0.9686199 0.2485156
vn -0.003921509 0.8588169 -0.5122677
vn -0.003921509 0.8588169 -0.5122677
vn -0.003921509 0.2549 -0.9669595
vn -0.003921509 0.2549 -0.9669595
vn -0.003921509 -0.5058785 -0.8625958
vn -0.003921509 -0.5058785 -0.8625958
vn -0.003921509 -0.5058785 -0.8625958
vn -0.003921509 -0.5058785 -0.8625958
vn 0.9999924 0.003921509 0
vn 0.9999924 0.003921509 0
vn 0.9999924 0.003921509 0
vn 0.9999924 0.003921509 0
vn 0.9999924 0.003921509 0
vn 0.9999924 0.003921509 0
vn 0.9999924 0.003921509 0
vn 0.9999924 0.003921509 0
vn -0.9999923 0.003921509 -0.0003449296
vn -0.9999923 0.003921509 -0.0003449296
vn -0.9999923 0.003921509 -0.0003449296
vn -0.9999923 0.003921509 -0.0003449296
vn -0.9999923 0.003921509 -0.0003449296
vn -0.9999923 0.003921509 -0.0003449296
vn -0.9999923 0.003921509 -0.0003449296
vn -0.9999923 0.003921509 -0.0003449296
vn -0.9998079 0.01960405 0
vn -0.7097985 0.03529382 0.7035201
vn -0.9993777 0.03527213 0
vn -0.7097985 0.01960766 0.7041318
vn -0.003921509 0.03529382 0.9993693
vn -0.003921509 0.01960766 0.9998001
vn 0.7097985 0.03529382 0.70352
vn 0.7097985 0.01960766 0.7041318
vn 0.9993777 0.03527213 0
vn 0.9998079 0.01960405 0
vn 0.7097985 0.03529382 -0.70352
vn 0.7097985 0.01960766 -0.7041318
vn -0.003921509 0.03529382 -0.9993693
vn -0.003921509 0.01960766 -0.9998001
vn -0.7097985 0.01960766 -0.7041318
vn -0.7097985 0.03529382 -0.7035201
vn -0.003921509 0.01960766 -0.9998001
vn -0.003921509 0.03529382 -0.9993693
vn 0.003921568 0.01176453 0.9999231
vn -0.7097985 0.01176453 0.7043065
vn 0.7097985 0.01176453 0.7043065
vn 0.9999309 0.0117638 0
vn 0.7097985 0.01176453 -0.7043065
vn -0.003921509 0.01176453 -0.9999231
vn -0.7097985 0.01176453 -0.7043065
vn -0.003921509 0.01176453 -0.9999231
vn -0.9999309 0.0117638 0
vn -0.003921509 -0.9999924 0
vn -0.003921509 -0.9999924 0
vn -0.003921509 -0.9999924 0
vn -0.003921509 -0.9999924 0
vn -0.003921509 -0.9999924 0
vn -0.003921509 -0.9999924 0
vn -0.003921509 -0.9999924 0
vn -0.003921509 -0.9999924 0
vn -0.003921509 0.9999923 -0.000345267
vn -0.003921509 0.9999923 -0.000345267
vn -0.003921509 0.9999923 -0.000345267
vn -0.003921509 0.9999923 -0.000345267
vn -0.003921509 0.9999923 -0.000345267
vn -0.003921509 0.9999923 -0.000345267
vn -0.003921509 0.9999923 -0.000345267
vn -0.003921509 0.9999923 -0.000345267
vn 0.6392108 -0.7647001 0.08150715
vn 0.9921493 -0.09019542 0.08662891
vn 0.6392108 -0.7647001 0.08150715
vn 0.9921493 -0.09019542 0.08662891
vn 0.7647001 0.6392107 0.08150788
vn 0.7647001 0.6392107 0.08150788
vn 0.09019542 0.9921492 0.08662968
vn 0.09019542 0.9921492 0.08662968
vn -0.6392107 0.7646999 0.08150897
vn -0.6392107 0.7646999 0.08150897
vn -0.9921492 0.0901953 0.08662973
vn -0.9921492 0.0901953 0.08662973
vn -0.7646999 -0.6392108 0.08150806
vn -0.7646999 -0.6392108 0.08150806
vn -0.0901953 -0.9921493 0.086629
vn -0.0901953 -0.9921493 0.086629
vn -0.7646999 -0.6392108 0.08150806
vn -0.7646999 -0.6392108 0.08150806
vn 0.7647001 0.6392107 0.08150788
vn 0.9921493 -0.09019542 -0.08662891
vn 0.09019542 0.9921492 -0.08662968
vn -0.6392107 0.7646999 0.08150897
vn -0.9921492 0.0901953 -0.08662973
vn -0.7646999 -0.6392108 0.08150806
vn -0.0901953 -0.9921493 -0.086629
vn -0.7646999 -0.6392108 0.08150806
vn 0.6392108 -0.7647001 0.08150715
vn -0.003921509 0.003921509 -0.9999846
vn 0.003921568 0.003921509 -0.9999846
vn 0.003921568 -0.003921568 -0.9999846
vn -0.003921509 0.003921509 -0.9999846
vn -0.003921509 0.003921509 -0.9999846
vn -0.003921509 0.003921509 -0.9999846
vn -0.003921509 0.003921509 -0.9999846
vn 0.003921568 -0.003921568 -0.9999846
vn -0.003921509 -0.003921568 0.9999846
vn -0.003921509 -0.003921568 0.9999846
vn 0.003921568 -0.003921568 0.9999846
vn -0.003921509 0.003921509 0.9999846
vn -0.003921509 0.003921509 0.9999846
vn -0.003921509 0.003921509 0.9999846
vn 0.003921568 0.003921509 0.9999846
vn 0.003921568 -0.003921568 0.9999846
vn 0.6392108 -0.7647001 0.08150715
vn 0.9921493 -0.09019542 0.08662891
vn 0.6392108 -0.7647001 0.08150715
vn 0.9921493 -0.09019542 0.08662891
vn 0.7647001 0.6392107 0.08150788
vn 0.7647001 0.6392107 0.08150788
vn 0.09019542 0.9921492 0.08662968
vn 0.09019542 0.9921492 0.08662968
vn -0.6392107 0.7646999 0.08150897
vn -0.6392107 0.7646999 0.08150897
vn -0.9921492 0.0901953 0.08662973
vn -0.9921492 0.0901953 0.08662973
vn -0.7646999 -0.6392108 0.08150806
vn -0.7646999 -0.6392108 0.08150806
vn -0.0901953 -0.9921493 0.086629
vn -0.0901953 -0.9921493 0.086629
vn -0.7646999 -0.6392108 0.08150806
vn -0.7646999 -0.6392108 0.08150806
vn 0.7490139 0.6470538 -0.1424764
vn 0.9921493 -0.09803849 -0.07764172
vn 0.05872206 0.9982743 0
vn -0.6626585 0.7489218 0
vn -0.9843061 0.07450914 0.1599685
vn -0.7646999 -0.6313677 0.1288752
vn -0.1137246 -0.9921493 0.0520243
vn -0.7646999 -0.6313677 0.1288752
vn 0.615568 -0.7880839 0
vn 0.654897 -0.7490139 -0.1004398
vn 0.9843062 -0.06666619 -0.1633919
vn 0.6470539 -0.756857 -0.09213454
vn 0.9921493 -0.1058816 -0.06654979
vn 0.7880839 0.6155679 0
vn 0.756857 0.6392107 -0.1362983
vn 0.1137246 0.9921492 0.05202487
vn 0.1058816 0.9921492 -0.0665506
vn -0.6313677 0.7646999 0.1288755
vn -0.6156815 0.7803861 0.1092419
vn -0.9921492 0.06666613 0.1058089
vn -0.9764631 0.1058815 0.1879069
vn -0.7568569 -0.6313677 0.1689449
vn -0.7489216 -0.6626585 0
vn -0.05872193 -0.9982743 0
vn -0.06651898 -0.9977852 0
vn -0.7489216 -0.6626585 0
vn -0.7568569 -0.6313677 0.1689449
vn -0.003921509 0.003921509 -0.9999846
vn 0.003921568 0.003921509 -0.9999846
vn 0.003921568 -0.003921568 -0.9999846
vn -0.003921509 0.003921509 -0.9999846
vn -0.003921509 0.003921509 -0.9999846
vn -0.003921509 0.003921509 -0.9999846
vn -0.003921509 0.003921509 -0.9999846
vn 0.003921568 -0.003921568 -0.9999846
vn -0.003921509 -0.003921568 0.9999846
vn -0.003921509 -0.003921568 0.9999846
vn 0.003921568 -0.003921568 0.9999846
vn -0.003921509 0.003921509 0.9999846
vn -0.003921509 0.003921509 0.9999846
vn -0.003921509 0.003921509 0.9999846
vn 0.003921568 0.003921509 0.9999846
vn 0.003921568 -0.003921568 0.9999846
vn -0.4980353 0.5999954 -0.6260722
vn -0.4980353 0.5999954 -0.6260722
vn -0.4980353 0.5999954 -0.6260722
vn -0.4980353 0.5999954 -0.6260722
vn 0.5215647 -0.6235247 0.5823979
vn 0.6392108 -0.7647001 0.08150715
vn 0.6392108 -0.7647001 0.08150715
vn 0.5215647 -0.6235247 0.5823979
vn 0.1999985 -0.2392139 0.950146
vn 0.1999985 -0.2392139 0.950146
vn -0.1999984 0.2392138 0.950146
vn -0.1999984 0.2392138 0.950146
vn -0.5215646 0.6235245 0.5823981
vn -0.5215646 0.6235245 0.5823981
vn -0.6392107 0.7646999 0.08150897
vn -0.6392107 0.7646999 0.08150897
vn -0.5215646 0.6235245 -0.5823981
vn -0.5215646 0.6235245 -0.5823981
vn -0.1999984 0.2392138 -0.950146
vn -0.1999984 0.2392138 -0.950146
vn 0.1999985 -0.2392139 -0.950146
vn 0.1999985 -0.2392139 -0.950146
vn 0.5215647 -0.6235247 -0.5823979
vn 0.5215647 -0.6235247 -0.5823979
vn 0.1999985 -0.2392139 -0.950146
vn 0.1999985 -0.2392139 -0.950146
vn 0.7647001 0.6392107 0.08150788
vn 0.7647001 0.6392107 0.08150788
vn 0.7647001 0.6392107 0.08150788
vn 0.7647001 0.6392107 -0.08150788
vn 0.7647001 0.6392107 -0.08150788
vn 0.7647001 0.6392107 0.08150788
vn 0.7647001 0.6392107 -0.08150788
vn 0.7647001 0.6392107 -0.08150788
vn 0.7647001 0.6392107 0.08150788
vn 0.7647001 0.6392107 -0.08150788
vn -0.7646999 -0.6392108 -0.08150806
vn -0.7646999 -0.6392108 -0.08150806
vn -0.7646999 -0.6392108 0.08150806
vn -0.7646999 -0.6392108 -0.08150806
vn -0.7646999 -0.6392108 -0.08150806
vn -0.7646999 -0.6392108 -0.08150806
vn -0.7646999 -0.6392108 0.08150806
vn -0.7646999 -0.6392108 0.08150806
vn -0.7646999 -0.6392108 0.08150806
vn -0.7646999 -0.6392108 -0.08150806
vn -0.6941123 0.6156815 0.3730206
vn -0.7019553 0.6078384 0.3712025
vn -0.7097985 0.5999954 0.3690416
vn -0.6862692 0.6156815 0.3872607
vn -0.7097985 0.5999954 0.3690416
vn -0.7097985 0.5999954 0.3690416
vn -0.7176415 0.5921522 0.366533
vn -0.7176415 0.5921522 0.366533
vn -0.7097985 0.5921522 0.3814995
vn -0.7097985 0.5921522 0.3814995
vn -0.6941123 0.5764661 0.4311554
vn -0.6941123 0.5764661 0.4311554
vn -0.7176415 0.5921522 0.366533
vn -0.7176415 0.5843092 0.3789109
vn -0.7254846 0.5764661 0.3759773
vn -0.7254846 0.5686231 0.3877369
vn -0.003921509 0.01960766 0.9998001
vn -0.01960766 0.03529382 0.9991846
vn -0.01176453 0.01176453 0.9998616
vn 0.04313695 0.05882299 0.997336
vn -0.02745068 0.02745068 0.9992462
vn -0.02745068 -0.01176465 0.9995539
vn 0.003921568 0.01176453 0.9999231
vn 0.003921568 0.01176453 0.9999231
vn -0.1450969 0.3176446 0.9370426
vn 0.003921568 0.4823492 0.8759702
vn -0.08235228 0.5607799 0.8238592
vn -0.1529399 0.2078415 0.9661321
vn 0.1764693 0.466663 0.8666511
vn -0.3411738 0.0901953 0.935663
vn -0.2313707 0.1137246 0.9661958
vn -0.1372538 0.1137246 0.9839858
vn -0.1372538 0.1137246 0.9839858
vn -0.4823492 -0.08235234 0.8720994
vn -0.5686231 -0.01960772 0.8223645
vn -0.4352907 -0.2235277 0.8720994
vn 0.1686262 0.4745061 0.8639497
vn 0.1843123 0.466663 0.8650171
vn 0.1058816 0.5450938 0.8316621
vn -0.4117615 -0.2627431 0.872593
vn -0.3490169 -0.1843123 0.9188123
vn -0.4352907 -0.3176447 0.8423917
vn 0.722557 0.6913112 0
vn 0.6459423 0.7633862 0
vn 0.6543337 0.756206 0
vn 0.6459423 0.7633862 0
vn 0.6313677 0.7725431 -0.06746812
vn 0.6235247 0.7803861 -0.04705901
vn 0.654897 -0.7490139 0.1004398
vn 0.9529339 -0.2941154 0.07357372
vn 0.9372478 -0.3254877 0.1249976
vn 0.5764662 -0.8117585 0.09346027
vn 0.9982743 0.05872193 0
vn 0.9764631 -0.1921554 0.09795943
vn 0.3882324 -0.9137185 0.1199754
vn 0.5450939 -0.8274447 0.1349369
vn -0.2078415 -0.9764631 0.05763374
vn -0.5752994 -0.8179429 0
vn -0.5133427 -0.8581837 0
vn -0.5282391 -0.8490956 0
vn -0.6459423 -0.7633864 0
vn -0.6459423 -0.7633864 0
vn -0.7704607 0.6374876 0
vn -0.7725431 0.6313677 0.06746878
vn -0.7774267 0.6289734 0
vn -0.7646999 0.6392107 -0.08150897
vn 0.6235247 0.7803861 0.04705901
vn 0.6289735 0.7774267 0
vn 0.6289735 0.7774267 0
vn 0.6235247 0.7803861 0.04705901
vn 0.6235247 0.7803861 0.04705901
vn 0.6235247 0.7803861 0.04705901
vn -0.04309709 0.9990709 0
vn -0.9137185 0.2705861 -0.303153
vn -0.3333308 0.9372476 -0.102262
vn -0.03527213 0.9993777 0
vn -0.03527213 0.9993777 0
vn -0.02744056 0.9996234 0
vn -0.02744056 0.9996234 0
vn -0.03527213 0.9993777 0
vn 0.7647001 -0.6392108 -0.08150696
vn 0.7647001 -0.6392108 -0.08150696
vn 0.7647001 -0.6392108 -0.08150696
vn 0.7647001 -0.6392108 0.08150696
vn 0.7647001 -0.6392108 0.08150696
vn 0.7647001 -0.6392108 -0.08150696
vn 0.7647001 -0.6392108 -0.08150696
vn 0.7647001 -0.6392108 -0.08150696
vn 0.7647001 -0.6392108 0.08150696
vn 0.7647001 -0.6392108 0.08150696
vn 0.7647001 -0.6392108 -0.08150696
vn 0.7633862 -0.6459422 0
vn 0.7633862 -0.6459422 0
vn 0.7633862 -0.6459422 0
vn -0.02745068 0.01960766 0.9994308
vn -0.01176453 0.01176453 0.9998616
vn 0.003921568 0.02745068 0.9996155
vn -0.03529382 0.01176453 0.9993077
vn -0.01960766 -0.003921568 0.9998001
vn -0.05097997 -0.05098003 0.9973977
vn -0.01176453 -0.003921568 0.9999231
vn -0.01176453 -0.003921568 0.9999231
vn -0.6374876 -0.7704606 0
vn -0.5519869 -0.8338527 0
vn -0.6289734 -0.7774268 0
vn -0.6392107 -0.7647001 -0.08150788
vn -0.6543336 -0.756206 0
vn -0.6626585 -0.7489218 0
vn 0.450977 -0.8901893 0.06467469
vn 0.8509739 -0.5137216 0.1092409
vn 0.4901924 -0.8666601 0.09279978
vn 0.8980324 -0.4274477 0.1040496
vn 0.1137246 -0.9921493 0.05202373
vn 0.35686 -0.9294047 0.09411613
vn 0.9686201 -0.2235277 0.1086761
vn 0.9058754 -0.3882324 0.1693083
vn 0.9215616 0.3725461 0.1092413
vn 0.7071068 0.7071068 0
vn 0.7489218 0.6626585 0
vn 0.756206 0.6543336 0
vn 0.6374877 0.7704605 0
vn 0.6374877 0.7704605 0
vn -0.7633862 0.6459423 0
vn -0.7568569 0.6470538 0.09213535
vn -0.7646999 0.6392107 -0.08150897
vn -0.756206 0.6543336 0
vn -0.6543336 -0.756206 0
vn -0.6548969 -0.7490139 0.1004407
vn -0.6543336 -0.756206 0
vn -0.6543336 -0.756206 0
vn -0.6543336 -0.756206 0
vn -0.7646999 0.6392107 -0.08150897
vn -0.7646999 0.6392107 -0.08150897
vn -0.7646999 0.6392107 -0.08150897
vn -0.7646999 0.6392107 -0.08150897
vn -0.7646999 0.6392107 -0.08150897
vn -0.7646999 0.6392107 -0.08150897
vn -0.9894747 -0.1447058 0
vn -0.9905662 -0.1370349 0
vn -0.9894747 -0.1447058 0
vn -0.9905662 -0.1370349 0
vn -0.9905662 -0.1370349 0
vn -0.9916004 -0.1293392 0
vn -0.6470538 -0.3411739 -0.6818517
vn -0.3803892 -0.3803893 -0.8429757
vn -0.3411738 -0.3882324 -0.8560818
vn -0.2392138 -0.3960754 -0.8865106
vn -0.2392138 -0.3960754 -0.8865106
vn -0.4039184 -0.3803893 -0.8319579
vn -0.5215646 -0.3647031 -0.7713378
vn -0.5921522 -0.349017 -0.7263215
vn -0.03529382 -0.3882324 -0.9208854
vn -0.5921522 -0.349017 -0.7263215
vn -0.5921522 -0.349017 -0.7263215
vn -0.4431338 -0.3803893 -0.811749
vn 0.2705862 -0.35686 -0.8941107
vn 0.1372539 -0.3725462 -0.9178075
vn 0.2392139 -0.35686 -0.9030103
vn 0.5843093 -0.2705862 -0.765092
vn 0.5843093 -0.2705862 -0.765092
vn 0.5843093 -0.2705862 -0.765092
vn -0.5921522 -0.349017 -0.7263215
vn -0.9764631 0.1607831 0.1437661
vn -0.9843061 0.1294107 0.1199766
vn -0.9686199 0.1686261 0.1825942
vn -0.9921492 0.1215676 0.02934652
vn -0.9921492 0.09803843 0.07764255
vn -0.9843061 0.1058815 0.1411759
vn 0.003921568 -0.7960724 -0.6051888
vn 0.003921568 -0.7960724 -0.6051888
vn -0.003921509 -0.7960724 -0.6051888
vn 0.003921568 -0.7960724 -0.6051888
vn 0.9372478 0.3176446 0.1437657
vn 0.9450908 0.3098015 0.1040498
vn 0.9921493 0.1137246 0.05202403
vn 0.9529339 0.262743 0.1512716
vn 0.9529339 0.2862723 0.09982564
vn 0.9921493 0.08235228 0.09411633
vn 0.9843062 -0.15294 -0.08803764
vn 0.960777 -0.03529388 0.2750671
vn 0.960777 -0.2627431 -0.08873349
vn 0.9294047 -0.3254877 0.1739674
vn 0.9294047 0.3254876 0.1739676
vn 0.9450908 0.2941153 0.1424763
vn 0.9905663 0.1370348 0
vn 0.9843062 0.1607831 0.07273301
vn 0.9894748 0.1447058 0
vn 0.9843062 0.1686261 -0.05202432
vn 0.9450908 0.2862723 0.1576435
vn -0.003921509 -0.3960754 -0.9182096
vn -0.003921509 -0.5372508 -0.8434134
vn -0.003921509 -0.3960754 -0.9182096
vn -0.003921509 -0.5372508 -0.8434134
vn -0.003921509 -0.3960754 -0.9182096
vn -0.003921509 -0.3960754 -0.9182096
vn -0.003921509 -0.6627401 -0.7488393
vn -0.003921509 -0.6627401 -0.7488393
vn -0.003921509 -0.9686201 0.2485151
vn -0.003921509 -0.960777 0.2772944
vn -0.003921509 -0.9686201 0.2485151
vn -0.003921509 -0.960777 0.2772944
vn -0.003921509 -0.9843062 0.1764254
vn -0.003921509 -0.9843062 0.1764254
vn 0.9999924 0.003921509 0
vn 0.9294047 -0.3254877 0.1739674
vn 0.9999924 0.003921509 0
vn 0.960777 0.1215676 0.2492567
vn 0.9999924 0.003921509 0
vn 0.960777 -0.03529388 0.2750671
vn 0.858817 0.3803892 0.3431289
vn 0.7803862 0.3725461 0.5022019
vn 0.9999924 0.003921509 0
vn 0.9764631 0.1999984 0.08074903
vn 0.9215616 0.3882322 0
vn 0.9137185 0.3960754 0.09078962
vn -0.874503 -0.1294108 0.4674369
vn -0.9607769 0.1294107 0.2452765
vn -0.9372476 -0.3176447 0.1437664
vn -0.8588169 0.3725461 0.3516291
vn -0.7882292 0.3647031 0.4956676
vn -0.9215615 0.3882322 -0.0003860202
vn -0.9764631 0.1999984 0.08074977
vn -0.9999923 0.003921509 -0.0003449296
vn -0.9999923 0.003921509 -0.0003449296
vn -0.9999923 0.003921509 -0.0003449296
vn -0.9999923 0.003921509 -0.0003449296
vn -0.9137185 0.3960754 0.09079028
vn -0.003921509 -0.003921568 0.9999846
vn -0.003921509 -0.3960754 0.9182096
vn -0.003921509 -0.3960754 0.9182096
vn -0.003921509 -0.003921568 0.9999846
vn -0.003921509 0.1607831 0.986982
vn -0.003921509 0.1607831 0.986982
vn -0.003921509 -0.6078385 0.794051
vn -0.9450908 0.2862723 0.1576439
vn -0.9450908 0.2862723 0.1576439
vn -0.9294046 0.3254876 0.173968
vn -0.9905662 0.1370348 0
vn -0.9843061 0.1607831 0.07273465
vn -0.9894747 0.1447058 0
vn -0.9843061 0.1686261 -0.05202661
vn -0.9294046 0.3333308 0.1584224
vn -0.9450908 0.3098015 0.1040504
vn -0.9450908 0.2862723 0.1576439
vn -0.9450908 0.3019584 0.1249981
vn -0.9529338 0.262743 0.1512724
vn -0.003921509 0.9137185 -0.4063289
vn -0.003921509 0.9137185 -0.4063289
vn -0.003921509 0.9137185 -0.4063289
vn -0.874503 -0.1294108 0.4674369
vn -0.9372476 -0.3176447 0.1437664
vn -0.9137185 -0.3960754 0.09079003
vn -0.003921509 -0.15294 0.9882277
vn -0.003921509 -0.15294 0.9882277
vn -0.003921509 -0.15294 0.9882277
vn -0.003921509 -0.15294 0.9882277
vn -0.003921509 -0.15294 0.9882277
vn -0.003921509 -0.15294 0.9882277
vn 0.9999924 0.003921509 0
vn 0.9999924 0.003921509 0
vn 0.9999924 0.003921509 0
vn -0.9921492 -0.1215677 0.02934603
vn -0.9686199 -0.2392139 -0.06746928
vn -0.9294046 -0.1607831 -0.3321985
vn -0.9921492 -0.05882311 -0.1103619
vn -0.9686199 -0.2392139 -0.06746928
vn -0.8588169 -0.2235277 -0.4609435
vn -0.9294046 -0.1607831 -0.3321985
vn -0.8588169 -0.2235277 -0.4609435
vn -0.9921492 -0.05882311 -0.1103619
vn -0.9294046 -0.1607831 -0.3321985
vn 0.9843062 0.1215676 0.1279164
vn 0.9921493 0.1058815 0.06654998
vn 0.9921493 0.08235228 0.09411633
vn 0.9843062 0.1450969 0.1004399
vn 0.9764631 0.1607831 0.1437657
vn 0.9686201 0.1686261 0.1825935
vn -0.003921509 -0.03529388 0.9993693
vn 0.003921568 -0.145097 0.9894097
vn -0.003921509 -0.03529388 0.9993693
vn 0.003921568 -0.145097 0.9894097
vn -0.003921509 -0.03529388 0.9993693
vn -0.003921509 -0.03529388 0.9993693
vn 0.003921568 -0.3254877 0.9455382
vn -0.003921509 -0.8509739 0.5251933
vn -0.003921509 -0.8509739 0.5251933
vn -0.003921509 -0.8509739 0.5251933
vn -0.003921509 -0.8509739 0.5251933
vn -0.003921509 -0.8509739 0.5251933
vn -0.003921509 -0.8509739 0.5251933
vn 0.003921568 -0.09803849 0.9951749
vn 0.003921568 -0.09803849 0.9951749
vn 0.003921568 -0.09803849 0.9951749
vn -0.003921509 -0.09803849 0.9951749
vn 0.003921568 0.9529338 0.3031532
vn 0.003921568 0.9529338 0.3031532
vn 0.003921568 0.9529338 0.3031532
vn 0.003921568 0.9529338 0.3031532
vn 0.003921568 0.7725431 -0.6349503
vn 0.003921568 0.7725431 -0.6349503
vn -0.003921509 0.7725431 -0.6349503
vn 0.003921568 0.7725431 -0.6349503
vn -0.003921509 0.8352877 -0.5497991
vn -0.003921509 0.8352877 -0.5497991
vn -0.003921509 0.8352877 -0.5497991
vn 0.003921568 0.4431338 0.8964469
vn 0.003921568 0.4431338 0.8964469
vn 0.003921568 0.4431338 0.8964469
vn -0.003921509 0.4431338 0.8964469
vn -0.003921509 -0.5921524 0.8058165
vn -0.003921509 -0.5921524 0.8058165
vn -0.003921509 -0.5921524 0.8058165
vn -0.003921509 -0.5921524 0.8058165
vn 0.003921568 -0.3333308 0.9428018
vn 0.003921568 -0.3333308 0.9428018
vn 0.003921568 -0.3333308 0.9428018
vn -0.01176453 0.3333308 0.9427366
vn -0.04313684 0.3176446 0.9472281
vn -0.003921509 0.3019584 0.9533131
vn -0.01960766 0.4117615 0.9110807
vn 0.003921568 0.3725461 0.9280054
vn 0.003921568 0.3019584 0.9533131
vn -0.003921509 0.3725461 0.9280054
vn 0.003921568 0.5137215 0.8579481
vn -0.003921509 0.5137215 0.8579481
vn 0.01176465 0.3333308 0.9427366
vn 0.04313695 0.3176446 0.9472281
vn 0.01960772 0.4117615 0.9110807
vn 0.01176392 0.9999309 0
vn 0.01176392 0.9999309 0
vn 0.003921568 0.9999923 -0.000345267
vn 0.05091431 0.998703 0
vn 0.003921568 0.9999923 -0.000345267
vn -0.01960405 0.9998079 0
vn 0.003921568 0.9999923 -0.000345267
vn 0.003921568 0.9999923 -0.000345267
vn 0.3019585 0.9215615 0.2440194
vn 0.1215677 0.9607769 0.2492568
vn 0.3176447 0.8823462 0.3472278
vn 0.04313695 0.9764631 0.2113269
vn 0.3803893 0.9137185 0.1429076
vn -0.04313684 0.9764631 0.2113269
vn -0.003921509 0.9921492 0.1249981
vn -0.003921509 0.9921492 0.1249981
vn -0.1215676 0.9607769 0.2492569
vn -0.3019584 0.9215615 0.2440195
vn -0.3098015 0.8823462 0.3542433
vn -0.3803892 0.9137185 0.1429078
vn -0.3882322 0.9137185 0.1199762
vn -0.3882322 0.9137185 0.1199762
vn -0.3960754 0.8901892 0.2251388
vn 0.3882324 0.9137185 0.1199759
vn 0.3882324 0.9137185 0.1199759
vn 0.3960754 0.8901892 0.2251388
vn 0.9996234 -0.02744067 0
vn 0.6941124 0.05097997 -0.7180592
vn 0.9921493 0.01176453 -0.1245045
vn 0.9372478 -0.01960772 -0.3481123
vn 0.9999309 -0.01176392 0
vn 0.9996234 -0.02744067 0
vn 0.3647031 0.05882299 -0.9292639
vn -0.4196045 0.1215676 -0.8995295
vn -0.2313707 0.08235228 -0.9693739
vn -0.8509738 -0.03529388 -0.5240209
vn -0.9921492 -0.01960772 -0.1235129
vn -0.9529338 0.09803843 -0.2868897
vn -0.9999309 0.0117638 0
vn -0.9999309 0.0117638 0
vn -0.01176453 0.003921509 0.9999231
vn -0.003921509 0.003921509 0.9999846
vn -0.01960766 0.01176453 0.9997385
vn 0.003921568 -0.003921568 0.9999846
vn 0.7411708 -0.003921568 0.6713051
vn 0.7490139 -0.003921568 0.6625427
vn 0.7411708 0.003921509 0.6713051
vn 0.7490139 -0.003921568 0.6625427
vn 0.7411708 -0.003921568 0.6713051
vn 0.7411708 -0.003921568 0.6713051
vn 0.9999924 0.003921509 0
vn 0.9999924 0.003921509 0
vn 0.9999924 0.003921509 0
vn 0.9999924 0.003921509 0
vn -0.003921509 0.003921509 -0.9999846
vn -0.003921509 0.003921509 -0.9999846
vn -0.003921509 0.003921509 -0.9999846
vn -0.003921509 0.003921509 -0.9999846
vn -0.003921509 0.003921509 -0.9999846
vn -0.003921509 0.003921509 -0.9999846
vn -0.003921509 0.003921509 -0.9999846
vn -0.003921509 -0.003921568 -0.9999846
vn -0.003921509 0.003921509 -0.9999846
vn -0.003921509 0.003921509 -0.9999846
vn -0.003921509 0.003921509 -0.9999846
vn -0.003921509 0.003921509 -0.9999846
vn -0.003921509 0.003921509 -0.9999846
vn -0.003921509 0.003921509 -0.9999846
vn -0.5607799 -0.8274447 0.02934668
vn -0.3803892 -0.9215616 0.07764209
vn -0.5607799 -0.8274447 0.02934668
vn -0.348974 -0.9371325 0
vn -0.1916022 -0.9814727 0
vn -0.1916022 -0.9814727 0
vn 0.003921568 0.9999923 -0.000345267
vn -0.003921509 0.9999923 -0.000345267
vn 0.01960411 0.9998079 0
vn -0.0117638 0.9999309 0
vn -0.0117638 0.9999309 0
vn -0.05091425 0.998703 0
vn -0.003921509 0.9999923 -0.000345267
vn -0.003921509 0.9999923 -0.000345267
vn -0.6941123 0.05097997 -0.7180594
vn -0.9996234 -0.02744067 0
vn -0.9921492 0.01176453 -0.124505
vn -0.9450908 -0.01960772 -0.3262192
vn -0.9999309 -0.01176392 0
vn -0.9996234 -0.02744067 0
vn -0.3647031 0.05882299 -0.9292639
vn 0.4196047 0.1215676 -0.8995295
vn 0.2313708 0.08235228 -0.9693738
vn 0.858817 -0.03529388 -0.5110653
vn 0.9921493 -0.01960772 -0.1235124
vn 0.9529339 0.09803843 -0.2868893
vn 0.9999309 0.0117638 0
vn 0.9999309 0.0117638 0
vn 0.01176465 0.003921509 0.9999231
vn 0.003921568 0.003921509 0.9999846
vn -0.003921509 -0.003921568 0.9999846
vn 0.01960772 0.01176453 0.9997385
vn -0.08235228 -0.5058785 0.8586647
vn -0.02745068 -0.4745062 0.879824
vn -0.01960766 -0.4745062 0.8800338
vn -0.09803843 -0.5058785 0.8570154
vn 0.01960772 -0.4431339 0.896241
vn -0.9999923 0.003921509 -0.0003449296
vn -0.9999923 0.003921509 -0.0003449296
vn -0.9999923 0.003921509 -0.0003449296
vn -0.9999923 0.003921509 -0.0003449296
vn -0.6392107 -0.2549 0.7255589
vn -0.7019553 -0.1137246 0.7030829
vn -0.7176415 -0.05882311 0.693924
vn -0.7490138 -0.003921568 0.6625428
vn -0.7411708 -0.003921568 0.6713051
vn -0.7490138 -0.003921568 0.6625428
vn -0.7071068 -0.7071068 0
vn -0.9999923 -0.003921568 -0.0003442513
vn -0.7071068 -0.7071068 0
vn -0.9999923 -0.003921568 -0.0003442513
vn 0.003921568 -0.9999924 0
vn 0.003921568 -0.9999924 0
vn -0.7071068 0.7071068 0
vn -0.7071068 0.7071068 0
vn 0.003921568 0.9999923 -0.000345267
vn 0.003921568 0.9999923 -0.000345267
vn 0.7071068 0.7071068 0
vn 0.7071068 0.7071068 0
vn 0.9999924 -0.003921568 0
vn 0.9999924 -0.003921568 0
vn 0.7071068 -0.7071068 0
vn 0.7071068 -0.7071068 0
vn 0.003921568 -0.9999924 0
vn 0.003921568 -0.9999924 0
vn -0.003921509 0.003921509 0.9999846
vn -0.003921509 0.003921509 0.9999846
vn -0.003921509 0.003921509 0.9999846
vn -0.003921509 0.003921509 0.9999846
vn -0.003921509 0.003921509 0.9999846
vn -0.003921509 0.003921509 0.9999846
vn -0.003921509 0.003921509 0.9999846
vn -0.003921509 0.003921509 0.9999846
vn -0.7071068 -0.7071068 0
vn -0.9999923 -0.003921568 -0.0003442513
vn -0.7071068 -0.7071068 0
vn -0.9999923 -0.003921568 -0.0003442513
vn -0.003921509 -0.9999924 0
vn -0.003921509 -0.9999924 0
vn -0.7071068 0.7071068 0
vn -0.7071068 0.7071068 0
vn 0.003921568 0.9999923 -0.000345267
vn 0.003921568 0.9999923 -0.000345267
vn 0.7071068 0.7071068 0
vn 0.7071068 0.7071068 0
vn 0.9999924 -0.003921568 0
vn 0.9999924 -0.003921568 0
vn 0.7071068 -0.7071068 0
vn 0.7071068 -0.7071068 0
vn -0.003921509 -0.9999924 0
vn -0.003921509 -0.9999924 0
vn -0.003921509 0.003921509 0.9999846
vn -0.003921509 0.003921509 0.9999846
vn -0.003921509 0.003921509 0.9999846
vn -0.003921509 0.003921509 0.9999846
vn -0.003921509 0.003921509 0.9999846
vn -0.003921509 0.003921509 0.9999846
vn -0.003921509 0.003921509 0.9999846
vn -0.003921509 0.003921509 0.9999846
vn 0.003921568 -0.003921568 0.9999846
vn 0.003921568 -0.003921568 0.9999846
vn -0.003921509 -0.003921568 0.9999846
vn 0.003921568 -0.003921568 0.9999846
vn 0.003921568 -0.003921568 0.9999846
vn -0.003921509 -0.003921568 0.9999846
vn 0.247057 -0.9686201 0.02716661
vn 0.2544933 -0.9670746 0
vn 0.1764693 -0.9843062 0
vn 0.6784262 -0.7333277 0.0443658
vn 0.5058785 -0.858817 0.08074857
vn 0.7097985 -0.6470539 0.2784013
vn 0.7411708 -0.6705831 0.03137041
vn 0.7647001 -0.6392108 0.08150696
vn 0.7960724 -0.5921524 -0.1249976
vn 0.7880839 -0.615568 0
vn 0.7880839 -0.615568 0
vn 0.7880839 -0.615568 0
vn 0.56078 -0.8196016 -0.1173839
vn 0.2855531 -0.9583629 0
vn 0.7725431 -0.5058785 -0.3837499
vn 0.9686201 0.1843122 0.1667458
vn 0.9843062 0.1372538 0.1109175
vn 0.9916005 0.1293392 0
vn 0.9686201 0.1764692 0.175025
vn 0.9686201 0.2078415 0.1362977
vn 0.960777 0.2313707 0.1528894
vn 0.9529339 0.262743 0.1512716
vn 0.960777 0.2470568 0.1259781
vn 0.9529339 0.2705861 0.1367484
vn 0.9372478 0.3176446 0.1437657
vn 0.9372478 0.3254876 0.1249979
vn 0.9294047 0.3176446 0.1879065
vn 0.9450908 0.2862723 0.1576435
vn 0.9450908 0.2862723 0.1576435
vn 0.9905663 0.1370348 0
vn 0.9843062 0.1607831 0.07273301
vn 0.9894748 0.1447058 0
vn 0.9843062 0.1686261 -0.05202432
vn 0.9294047 0.3333308 0.158422
vn 0.9294047 0.3333308 0.158422
vn 0.960777 0.2078415 0.1836014
vn -0.9843061 0.1372538 0.1109185
vn -0.9686199 0.1843122 0.1667465
vn -0.9916004 0.1293392 0
vn -0.9686199 0.1764692 0.1750257
vn -0.9607769 0.2078415 0.1836017
vn -0.9607769 0.2078415 0.1836017
vn -0.9529338 0.262743 0.1512724
vn -0.9529338 0.2313707 0.1959205
vn -0.9607769 0.2470568 0.1259786
vn -0.9529338 0.2784292 0.1199768
vn -0.9372476 0.3254876 0.1249988
vn -0.998703 0.05091425 0
vn -0.9294046 0.1137246 -0.3511036
vn -0.9294046 0.3333308 0.1584224
vn -0.9450908 0.2941153 0.1424767
vn -0.9215615 0.3411738 0.1852697
vn -0.9529338 0.2862723 0.09982684
vn -0.9905662 0.1370348 0
vn -0.9843061 0.1607831 0.07273465
vn -0.9894747 0.1447058 0
vn -0.9843061 0.1686261 -0.05202661
vn -0.003921509 -0.7960724 -0.6051888
vn -0.003921509 -0.756857 -0.6535688
vn -0.003921509 -0.7960724 -0.6051888
vn -0.003921509 -0.756857 -0.6535688
vn -0.003921509 -0.6941124 -0.719856
vn -0.003921509 -0.6941124 -0.719856
vn -0.003921509 -0.5372508 -0.8434134
vn -0.003921509 -0.5372508 -0.8434134
vn -0.003921509 -0.3960754 -0.9182096
vn -0.003921509 -0.3960754 -0.9182096
vn -0.003921509 -0.3960754 -0.9182096
vn -0.003921509 -0.3960754 -0.9182096
vn -0.003921509 0.1058815 0.9943711
vn -0.003921509 0.08235228 0.9965956
vn -0.003921509 0.08235228 0.9965956
vn -0.003921509 0.08235228 0.9965956
vn -0.003921509 0.1058815 0.9943711
vn -0.003921509 0.1294107 0.9915833
vn -0.003921509 0.1294107 0.9915833
vn -0.003921509 -0.9686201 0.2485151
vn -0.003921509 -0.960777 0.2772944
vn -0.003921509 -0.960777 0.2772944
vn -0.003921509 -0.9686201 0.2485151
vn -0.003921509 -0.9843062 0.1764254
vn -0.003921509 -0.9843062 0.1764254
vn -0.003921509 -0.9843062 0.1764254
vn -0.003921509 -0.9843062 0.1764254
vn -0.9294046 -0.3254877 0.1739677
vn -0.9529338 0.1215676 0.2777382
vn -0.9999923 0.003921509 -0.0003449296
vn -0.9999923 0.003921509 -0.0003449296
vn -0.9905662 0.1370348 0
vn -0.9999923 0.003921509 -0.0003449296
vn -0.9999923 0.003921509 -0.0003449296
vn -0.9999923 0.003921509 -0.0003449296
vn -0.9999923 0.003921509 -0.0003449296
vn -0.9187401 0.3948628 0
vn -0.8588169 0.3725461 0.3516291
vn -0.9607769 -0.03529388 0.2750673
vn -0.7803861 0.3725461 0.5022021
vn 0.8745031 -0.1294108 0.4674368
vn 0.9372478 -0.3176447 0.1437655
vn 0.960777 0.1294107 0.2452762
vn 0.858817 0.3725461 0.3516288
vn 0.7882293 0.3647031 0.4956675
vn 0.9187402 0.3948628 0
vn 0.9905663 0.1370348 0
vn 0.9999924 0.003921509 0
vn 0.9999924 0.003921509 0
vn 0.9999924 0.003921509 0
vn 0.9999924 0.003921509 0
vn 0.9999924 0.003921509 0
vn 0.9999924 0.003921509 0
vn -0.003921509 0.9999923 -0.000345267
vn -0.003921509 0.9999923 -0.000345267
vn -0.003921509 0.9999923 -0.000345267
vn -0.003921509 0.9999923 -0.000345267
vn -0.003921509 0.9999923 -0.000345267
vn -0.003921509 0.9999923 -0.000345267
vn -0.003921509 -0.9921493 -0.1249976
vn -0.003921509 -0.9921493 -0.1249976
vn -0.003921509 -0.9921493 -0.1249976
vn -0.003921509 -0.9921493 -0.1249976
vn -0.003921509 -0.45882 -0.8885205
vn -0.003921509 -0.45882 -0.8885205
vn -0.003921509 -0.45882 -0.8885205
vn -0.003921509 -0.45882 -0.8885205
vn -0.003921509 -0.003921568 0.9999846
vn -0.003921509 -0.3960754 0.9182096
vn -0.003921509 -0.003921568 0.9999846
vn -0.003921509 -0.3960754 0.9182096
vn -0.003921509 0.1607831 0.986982
vn -0.003921509 0.1607831 0.986982
vn -0.003921509 -0.6078385 0.794051
vn -0.9294046 0.1137246 -0.3511036
vn -0.9529338 0.2862723 0.09982684
vn -0.998703 0.05091425 0
vn -0.9450908 0.2941153 0.1424767
vn -0.9921492 0.08235228 0.09411696
vn -0.003921509 0.9137185 -0.4063289
vn -0.003921509 0.9137185 -0.4063289
vn -0.003921509 0.9137185 -0.4063289
vn 0.8745031 -0.1294108 0.4674368
vn 0.9137185 -0.3960754 0.09078938
vn 0.9372478 -0.3176447 0.1437655
vn -0.9607769 -0.2627431 -0.08873416
vn -0.9607769 -0.03529388 0.2750673
vn -0.9294046 -0.3254877 0.1739677
vn -0.9843061 -0.15294 -0.088039
vn -0.9921492 0.08235228 0.09411696
vn -0.998703 0.05091425 0
vn -0.9529338 0.2862723 0.09982684
vn -0.003921509 -0.15294 0.9882277
vn -0.003921509 -0.15294 0.9882277
vn -0.003921509 -0.15294 0.9882277
vn -0.003921509 0.01176453 0.9999231
vn -0.003921509 0.01176453 0.9999231
vn -0.003921509 0.01176453 0.9999231
vn -0.003921509 0.01176453 0.9999231
vn -0.003921509 -0.15294 0.9882277
vn -0.003921509 -0.15294 0.9882277
vn -0.003921509 -0.15294 0.9882277
vn 0.9999924 0.003921509 0
vn 0.9999924 0.003921509 0
vn 0.9999924 0.003921509 0
vn 0.9921493 -0.1215677 0.029344
vn 0.9294047 -0.1607831 -0.3321983
vn 0.9686201 -0.2392139 -0.06746751
vn 0.9921493 -0.05882311 -0.1103613
vn 0.9686201 -0.2392139 -0.06746751
vn 0.9294047 -0.1607831 -0.3321983
vn 0.858817 -0.2235277 -0.4609433
vn 0.858817 -0.2235277 -0.4609433
vn 0.9294047 -0.1607831 -0.3321983
vn 0.9921493 -0.05882311 -0.1103613
vn 0.003921568 0.8431307 0.5376944
vn 0.003921568 0.7097985 0.7043939
vn -0.003921509 0.7097985 0.7043939
vn 0.003921568 0.8431307 0.5376944
vn 0.003921568 0.9450908 0.3267844
vn 0.003921568 0.9450908 0.3267844
vn 0.003921568 0.9450908 0.3267844
vn 0.003921568 0.9450908 0.3267844
vn -0.003921509 0.9999923 -0.000345267
vn -0.003921509 0.9450908 -0.3267844
vn -0.003921509 0.9450908 -0.3267844
vn -0.003921509 0.9999923 -0.000345267
vn -0.003921509 0.7411708 -0.6713051
vn -0.003921509 0.3647031 0.9311156
vn 0.003921568 0.3647031 0.9311156
vn 0.003921568 0.3647031 0.9311156
vn -0.003921509 0.3647031 0.9311156
vn -0.003921509 -0.8117585 0.5839801
vn -0.003921509 -0.8117585 0.5839801
vn -0.003921509 -0.8117585 0.5839801
vn -0.003921509 0.670583 0.7418242
vn -0.003921509 0.8588169 0.5122677
vn -0.003921509 0.670583 0.7418242
vn -0.003921509 0.8588169 0.5122677
vn -0.003921509 0.9999923 -0.000345267
vn 0.003921568 0.9999923 -0.000345267
vn 0.003921568 0.9450908 -0.3267844
vn 0.003921568 0.9450908 -0.3267844
vn 0.9747855 -0.2231437 0
vn 0.9764631 -0.2156847 0
vn 0.9747855 -0.2231437 0
vn 0.9747855 -0.2231437 0
vn 0.9686201 -0.2156847 -0.1235123
vn 0.9686201 -0.2078416 -0.1362976
vn 0.9686201 -0.1999985 -0.1475661
vn 0.9686201 -0.1999985 -0.1475661
vn 0.9747855 -0.2231437 0
vn 0.9747855 -0.2231437 0
vn -0.7019553 -0.6627401 -0.2608341
vn -0.9747856 -0.2231437 0
vn -0.9747856 -0.2231437 0
vn -0.466663 -0.7647001 -0.4443641
vn -0.9764631 -0.2156847 -8.631674E-05
vn -0.9686199 -0.2156847 0.1235132
vn -0.9686199 -0.2156847 -0.1235132
vn -0.9686199 -0.1999985 -0.1475669
vn -0.9686199 -0.2078416 -0.1362984
vn -0.9686199 -0.1999985 -0.1475669
vn -0.9747856 -0.2231437 0
vn -0.7019553 -0.6627401 -0.2608341
vn -0.9764631 -0.2156847 -8.631674E-05
vn -0.9686199 -0.2156847 0.1235132
vn -0.003921509 -0.1999985 0.9797884
vn -0.003921509 -0.1999985 0.9797884
vn -0.003921509 -0.1999985 0.9797884
vn -0.003921509 -0.6235247 -0.7817939
vn -0.003921509 -0.7411708 -0.6713051
vn -0.003921509 -0.6235247 -0.7817939
vn -0.003921509 -0.7411708 -0.6713051
vn -0.003921509 -0.7254847 -0.6882271
vn -0.003921509 -0.7254847 -0.6882271
vn -0.003921509 -0.4039185 -0.9147866
vn -0.003921509 -0.4039185 -0.9147866
vn -0.466663 -0.7647001 -0.4443641
vn -0.7019553 -0.6627401 -0.2608341
vn -0.9686199 -0.2156847 0.1235132
vn 0.998703 -0.0509143 0
vn 0.4980354 0.86666 -0.02934566
vn 0.998703 -0.0509143 0
vn 0.7647001 0.6392107 -0.08150788
vn 0.9921493 0.09803843 -0.07764179
vn 0.998703 -0.0509143 0
vn 0.998703 -0.0509143 0
vn 0.998703 -0.0509143 0
vn 0.998703 -0.0509143 0
vn 0.998703 -0.0509143 0
vn 0.998703 -0.0509143 0
vn 0.9982743 -0.05872205 0
vn -0.9921492 0.07450914 -0.1004405
vn -0.998703 -0.05091431 0
vn -0.9990709 -0.04309721 0
vn -0.9921492 0.1058815 -0.06655087
vn -0.998703 -0.05091431 0
vn -0.998703 -0.05091431 0
vn -0.998703 -0.05091431 0
vn -0.998703 -0.05091431 0
vn -0.998703 -0.05091431 0
vn -0.9982743 -0.05872206 0
vn -0.998703 -0.05091431 0
vn -0.003921509 0.9294046 0.3690416
vn -0.003921509 0.9529338 0.3031532
vn -0.003921509 0.9294046 0.3690416
vn -0.003921509 0.9529338 0.3031532
vn -0.003921509 0.9921492 0.1249981
vn -0.003921509 0.9921492 0.1249981
vn -0.003921509 0.9921492 -0.1249981
vn -0.02745068 0.9137185 0.4054196
vn -0.01960766 0.9137185 0.4058745
vn -0.003921509 0.9137185 0.4063289
vn -0.003921509 -0.1058816 0.994371
vn -0.003921509 -0.1058816 0.994371
vn 0.003921568 -0.1058816 0.994371
vn -0.003921509 -0.1058816 0.994371
vn -0.003921509 -0.1058816 0.994371
vn -0.003921509 -0.1058816 0.994371
vn -0.003921509 -0.9999924 0
vn -0.003921509 -0.9999924 0
vn -0.003921509 -0.9999924 0
vn -0.003921509 -0.9999924 0
vn -0.003921509 -0.9843062 0.1764254
vn 0.003921568 -0.9843062 0.1764254
vn -0.003921509 -0.8980324 0.4399119
vn 0.003921568 -0.9999924 0
vn 0.003921568 -0.9999924 0
vn 0.003921568 -0.6156816 0.7879853
vn 0.003921568 -0.6156816 0.7879853
vn -0.003921509 -0.6156816 0.7879853
vn 0.003921568 -0.6156816 0.7879853
vn -0.003921509 0.6941123 0.7198561
vn -0.003921509 0.6941123 0.7198561
vn -0.003921509 0.6941123 0.7198561
vn -0.003921509 0.6941123 0.7198561
vn -0.003921509 0.7333276 0.6798641
vn -0.003921509 0.7333276 0.6798641
vn -0.003921509 0.7882292 0.6153693
vn -0.003921509 0.7882292 0.6153693
vn -0.003921509 0.7960722 0.6051889
vn -0.003921509 0.7960722 0.6051889
vn -0.003921509 0.7882292 0.6153693
vn 0.9993777 -0.03527218 0
vn 0.9990709 -0.04309721 0
vn 0.9990709 -0.04309721 0
vn 0.9993777 -0.03527218 0
vn 0.9993777 -0.03527218 0
vn 0.9990709 -0.04309721 0
vn 0.9993777 -0.03527218 0
vn 0.998703 -0.0509143 0
vn 0.9990709 -0.04309721 0
vn 0.998703 -0.0509143 0
vn 0.9993777 -0.03527218 0
vn 0.9996234 -0.02744067 0
vn 0.9996234 -0.02744067 0
vn 0.9993777 -0.03527218 0
vn 0.9993777 -0.03527218 0
vn 0.9993777 -0.03527218 0
vn 0.9998079 -0.01960411 0
vn 0.9998079 -0.01960411 0
vn 0.9998079 -0.01960411 0
vn 0.9998079 -0.01960411 0
vn 0.9998079 -0.01960411 0
vn -0.9993777 -0.03527219 0
vn -0.9990709 -0.04309721 0
vn -0.9993777 -0.03527219 0
vn -0.9993777 -0.03527219 0
vn -0.9990709 -0.04309721 0
vn -0.9993777 -0.03527219 0
vn -0.9993777 -0.03527219 0
vn -0.9990709 -0.04309721 0
vn -0.998703 -0.05091431 0
vn -0.9993777 -0.03527219 0
vn -0.9990709 -0.04309721 0
vn -0.9990709 -0.04309721 0
vn -0.9921492 -0.09019542 -0.0866296
vn -0.9972357 -0.07430387 0
vn -0.9993777 -0.03527219 0
vn -0.9998079 -0.01960411 0
vn -0.9996234 -0.02744067 0
vn -0.9998079 -0.01960411 0
vn -0.9998079 -0.01960411 0
vn -0.9998079 -0.01960411 0
vn -0.9998079 -0.01960411 0
vn -0.003921509 -0.9450908 0.3267842
vn -0.003921509 -0.9450908 0.3267842
vn -0.003921509 -0.9450908 0.3267842
vn 0.003921568 -0.2313708 -0.9728577
vn 0.003921568 0.09803843 -0.9951749
vn 0.003921568 -0.2313708 -0.9728577
vn 0.003921568 0.09803843 -0.9951749
vn 0.003921568 -0.5294077 -0.8483585
vn 0.003921568 -0.5294077 -0.8483585
vn -0.003921509 -0.2862723 -0.9581403
vn -0.003921509 -0.2862723 -0.9581403
vn -0.003921509 -0.3647031 -0.9311156
vn -0.003921509 -0.3647031 -0.9311156
vn -0.003921509 -0.654897 -0.755708
vn 0.003921568 -0.654897 -0.755708
vn -0.003921509 -0.8666601 -0.4988837
vn 0.01176465 -0.654897 -0.7556266
vn -0.003921509 -0.8666601 -0.4988837
vn 0.003921568 -0.8901893 -0.455574
vn 0.003921568 -0.8901893 -0.455574
vn 0.003921568 -0.7254847 -0.6882271
vn 0.003921568 -0.7254847 -0.6882271
vn 0.003921568 -0.8745031 -0.485004
vn -0.003921509 -0.8745031 -0.485004
vn -0.003921509 -0.9686201 -0.2485151
vn -0.003921509 0.7803861 0.6252857
vn -0.003921509 0.670583 0.7418242
vn -0.003921509 0.7803861 0.6252857
vn -0.003921509 0.670583 0.7418242
vn -0.003921509 0.8901892 0.4555742
vn 0.003921568 0.8901892 0.4555742
vn 0.003921568 0.9294046 0.3690416
vn 0.003921568 0.9294046 0.3690416
vn 0.003921568 0.9529338 0.3031532
vn 0.003921568 0.9529338 0.3031532
vn 0.003921568 0.9607769 0.2772946
vn 0.003921568 0.9607769 0.2772946
vn -0.9996234 -0.02744067 0
vn -0.9998079 -0.01960411 0
vn -0.9998079 -0.01960411 0
vn -0.9921492 -0.0274508 -0.1220096
vn -0.9843061 0.01176453 -0.176077
vn -0.9999923 0.003921509 -0.0003449296
vn -0.9999923 0.003921509 -0.0003449296
vn -0.9982743 -0.05872206 0
vn -0.9982743 -0.05872206 0
vn -0.9982743 -0.05872206 0
vn -0.9982743 -0.05872206 0
vn -0.9982743 -0.05872206 0
vn -0.998703 -0.05091431 0
vn -0.998703 -0.05091431 0
vn -0.998703 -0.05091431 0
vn 0.9996234 -0.02744067 0
vn 0.9921493 -0.0274508 -0.1220092
vn 0.9843062 0.01176453 -0.1760763
vn 0.9982743 -0.05872205 0
vn 0.9999924 0.003921509 0
vn 0.9999924 0.003921509 0
vn 0.9982743 -0.05872205 0
vn 0.9982743 -0.05872205 0
vn 0.9982743 -0.05872205 0
vn 0.9982743 -0.05872205 0
vn 0.998703 -0.0509143 0
vn 0.998703 -0.0509143 0
vn 0.998703 -0.0509143 0
vn -0.003921509 -0.9921493 -0.1249976
vn -0.003921509 -0.9921493 -0.1249976
vn -0.003921509 -0.9921493 -0.1249976
vn -0.003921509 -0.9921493 -0.1249976
vn -0.003921509 -0.7490139 0.6625427
vn -0.003921509 -0.7490139 0.6625427
vn -0.003921509 -0.7490139 0.6625427
vn -0.003921509 -0.4901924 -0.8716055
vn -0.003921509 -0.7490139 -0.6625427
vn -0.003921509 -0.4901924 -0.8716055
vn -0.003921509 -0.7490139 -0.6625427
vn 0.003921568 -0.6078385 -0.794051
vn 0.003921568 -0.6078385 -0.794051
vn -0.003921509 -0.3333308 -0.9428018
vn -0.003921509 -0.3333308 -0.9428018
vn -0.003921509 -0.2941154 -0.9557618
vn -0.003921509 -0.2941154 -0.9557618
vn -0.003921509 -0.2941154 -0.9557618
vn -0.6784261 -0.5999954 0.4239616
vn -0.7568569 -0.5058785 0.4138291
vn -0.7568569 -0.5058785 0.4138291
vn -0.6941123 -0.5764662 0.4311553
vn -0.6078384 -0.654897 0.4490462
vn -0.6078384 -0.654897 0.4490462
vn -0.6078384 -0.654897 0.4490462
vn -0.6078384 -0.654897 0.4490462
vn 0.756857 0.5058784 -0.4138291
vn 0.6784262 0.5999954 -0.4239616
vn 0.756857 0.5058784 -0.4138291
vn 0.6941124 0.5764661 -0.4311553
vn 0.6078385 0.6548969 -0.4490462
vn 0.6078385 0.6548969 -0.4490462
vn 0.6078385 0.6548969 -0.4490462
vn 0.6078385 0.6548969 -0.4490462
vn 0.1843123 -0.6705831 -0.718573
vn 0.01176465 -0.5764662 -0.8170363
vn 0.1843123 -0.6705831 -0.718573
vn -0.01176453 -0.56078 -0.8278813
vn -0.1529399 -0.45882 -0.8752677
vn -0.1529399 -0.45882 -0.8752677
vn -0.1215676 -0.4823493 -0.8675025
vn -0.1215676 -0.4823493 -0.8675025
vn -0.7803861 0.6078384 -0.1467312
vn -0.7803861 0.6078384 -0.1467312
vn -0.7803861 0.6078384 -0.1467312
vn -0.7803861 0.6078384 -0.1467312
vn 0.1215677 0.4823492 0.8675025
vn 0.15294 0.45882 0.8752677
vn 0.1215677 0.4823492 0.8675025
vn 0.15294 0.45882 0.8752677
vn -0.01176453 0.5764661 0.8170364
vn 0.01176465 0.5607799 0.8278813
vn -0.1843122 0.670583 0.7185732
vn -0.1843122 0.670583 0.7185732
vn 0.3019585 0.2235277 0.9267451
vn 0.247057 0.3333308 0.9098645
vn 0.247057 0.3333308 0.9098645
vn 0.2862723 0.2549 0.9236201
vn 0.3411739 0.1450969 0.9287342
vn 0.3411739 0.1450969 0.9287342
vn 0.3411739 0.1450969 0.9287342
vn 0.3411739 0.1450969 0.9287342
vn -0.2470568 -0.3333308 -0.9098645
vn -0.3019584 -0.2235277 -0.9267451
vn -0.2470568 -0.3333308 -0.9098645
vn -0.2862723 -0.2549 -0.9236202
vn -0.3411738 -0.145097 -0.9287342
vn -0.3411738 -0.145097 -0.9287342
vn -0.3411738 -0.145097 -0.9287342
vn -0.3411738 -0.145097 -0.9287342
vn -0.5764661 -0.7490139 0.3265961
vn -0.7254846 -0.5843093 0.3636685
vn -0.5764661 -0.7490139 0.3265961
vn -0.7490138 -0.56078 0.3528514
vn -0.4196045 0.9058753 0.05763632
vn -0.4196045 0.9058753 0.05763632
vn -0.4196045 0.9058753 0.05763632
vn -0.4196045 0.9058753 0.05763632
vn 0.8196016 0.4431338 -0.3631606
vn 0.8352877 0.4039184 -0.3730205
vn 0.8196016 0.4431338 -0.3631606
vn 0.8352877 0.4039184 -0.3730205
vn 0.7254847 0.5843092 -0.3636684
vn 0.7490139 0.5607799 -0.3528513
vn -0.7490138 -0.56078 0.3528514
vn -0.8352877 -0.4039185 0.3730206
vn -0.7254846 -0.5843093 0.3636685
vn -0.8352877 -0.4039185 0.3730206
vn -0.8196015 -0.4431339 0.3631607
vn -0.8196015 -0.4431339 0.3631607
vn 0.7490139 0.5607799 -0.3528513
vn 0.5764662 0.7490138 -0.3265962
vn 0.7254847 0.5843092 -0.3636684
vn 0.5764662 0.7490138 -0.3265962
vn -0.8431307 -0.3254877 0.4280051
vn -0.8901892 -0.2078416 0.4054196
vn -0.8901892 -0.2078416 0.4054196
vn -0.8509738 -0.2941154 0.4351317
vn -0.7960722 -0.4039185 0.4506871
vn -0.7960722 -0.4039185 0.4506871
vn -0.7960722 -0.4039185 0.4506871
vn -0.7960722 -0.4039185 0.4506871
vn 0.8901893 0.2078415 -0.4054195
vn 0.8431308 0.3254876 -0.4280049
vn 0.8901893 0.2078415 -0.4054195
vn 0.8509739 0.2941153 -0.4351318
vn 0.7960724 0.4039184 -0.450687
vn 0.7960724 0.4039184 -0.450687
vn 0.7960724 0.4039184 -0.450687
vn 0.7960724 0.4039184 -0.450687
vn -0.05882299 -0.6941124 -0.7174593
vn -0.1921554 -0.5450939 -0.816057
vn -0.05882299 -0.6941124 -0.7174593
vn -0.2078415 -0.5215647 -0.8275096
vn -0.3098015 -0.3725462 -0.8747756
vn -0.3098015 -0.3725462 -0.8747756
vn -0.2862723 -0.4117616 -0.8651593
vn -0.2862723 -0.4117616 -0.8651593
vn -0.5137215 0.8431307 -0.1588108
vn -0.5137215 0.8431307 -0.1588108
vn -0.5137215 0.8431307 -0.1588108
vn -0.5137215 0.8431307 -0.1588108
vn 0.2862723 0.4117615 0.8651593
vn 0.3098016 0.3725461 0.8747756
vn 0.2862723 0.4117615 0.8651593
vn 0.3098016 0.3725461 0.8747756
vn 0.1921554 0.5450938 0.816057
vn 0.2078416 0.5215646 0.8275096
vn 0.05882311 0.6941123 0.7174594
vn 0.05882311 0.6941123 0.7174594
vn 0.04313695 -0.3960754 0.9172041
vn 0.1137246 -0.2941154 0.9489799
vn 0.1137246 -0.2941154 0.9489799
vn 0.05882311 -0.3725462 0.9261475
vn -0.01176453 -0.45882 0.8884513
vn -0.01176453 -0.45882 0.8884513
vn -0.01176453 -0.45882 0.8884513
vn -0.01176453 -0.45882 0.8884513
vn -0.1137246 0.2941153 -0.94898
vn -0.04313684 0.3960754 -0.9172042
vn -0.1137246 0.2941153 -0.94898
vn -0.05882299 0.3725461 -0.9261475
vn 0.01176465 0.45882 -0.8884513
vn 0.01176465 0.45882 -0.8884513
vn 0.01176465 0.45882 -0.8884513
vn 0.01176465 0.45882 -0.8884513
vn -0.9843061 0.1686261 0.05202661
vn -0.9215615 0.3568599 0.1528902
vn -0.9843061 0.1686261 0.05202661
vn -0.9058753 0.3803892 0.1862631
vn 0.5843093 0.7176415 0.3789108
vn 0.5843093 0.7176415 0.3789108
vn 0.5843093 0.7176415 0.3789108
vn 0.5843093 0.7176415 0.3789108
vn 0.8352877 -0.4901924 -0.2490097
vn 0.8117585 -0.5215647 -0.2627136
vn 0.8352877 -0.4901924 -0.2490097
vn 0.8117585 -0.5215647 -0.2627136
vn 0.9215616 -0.35686 -0.1528893
vn 0.9058754 -0.3803893 -0.1862623
vn -0.9058753 0.3803892 0.1862631
vn -0.8117584 0.5215646 0.262714
vn -0.9215615 0.3568599 0.1528902
vn -0.8117584 0.5215646 0.262714
vn -0.8352877 0.4901923 0.2490101
vn -0.8352877 0.4901923 0.2490101
vn 0.9058754 -0.3803893 -0.1862623
vn 0.9843062 -0.1686262 -0.05202392
vn 0.9215616 -0.35686 -0.1528893
vn 0.9843062 -0.1686262 -0.05202392
vn -0.8352877 -0.4666631 0.2907233
vn -0.8588169 -0.3647031 0.3597572
vn -0.8588169 -0.3647031 0.3597572
vn -0.8431307 -0.4431339 0.3045701
vn -0.8117584 -0.5372508 0.228932
vn -0.8117584 -0.5372508 0.228932
vn -0.8117584 -0.5372508 0.228932
vn -0.8117584 -0.5372508 0.228932
vn 0.858817 0.3725461 -0.3516288
vn 0.8352877 0.466663 -0.2907233
vn 0.858817 0.3725461 -0.3516288
vn 0.8431308 0.4431338 -0.3045699
vn 0.8117585 0.5372508 -0.2289317
vn 0.8117585 0.5372508 -0.2289317
vn 0.8117585 0.5372508 -0.2289317
vn 0.8117585 0.5372508 -0.2289317
vn -0.3333308 0.1137246 -0.935926
vn -0.4274477 0.2941153 -0.8548595
vn -0.3333308 0.1137246 -0.935926
vn -0.4431338 0.3176446 -0.8382925
vn -0.4980353 0.45882 -0.7358295
vn -0.4980353 0.45882 -0.7358295
vn -0.4901923 0.4274477 -0.7596052
vn -0.4901923 0.4274477 -0.7596052
vn -0.2862723 0.7097985 0.6436104
vn -0.2862723 0.7097985 0.6436104
vn -0.2862723 0.7097985 0.6436104
vn -0.2862723 0.7097985 0.6436104
vn 0.4901924 -0.4274477 0.7596051
vn 0.4980354 -0.45882 0.7358294
vn 0.4901924 -0.4274477 0.7596051
vn 0.4980354 -0.45882 0.7358294
vn 0.4274477 -0.2941154 0.8548594
vn 0.4431339 -0.3176447 0.8382925
vn 0.3333308 -0.1137246 0.9359259
vn 0.3333308 -0.1137246 0.9359259
vn 0.003921568 0.5294076 0.8483585
vn 0.003921568 0.5921522 0.8058166
vn 0.003921568 0.5921522 0.8058166
vn 0.003921568 0.5372508 0.8434135
vn 0.003921568 0.4745061 0.8802435
vn 0.003921568 0.4745061 0.8802435
vn 0.003921568 0.4745061 0.8802435
vn 0.003921568 0.4745061 0.8802435
vn -0.003921509 -0.5921524 -0.8058165
vn -0.003921509 -0.5294077 -0.8483585
vn -0.003921509 -0.5921524 -0.8058165
vn -0.003921509 -0.5372508 -0.8434134
vn -0.003921509 -0.4745062 -0.8802434
vn -0.003921509 -0.4745062 -0.8802434
vn -0.003921509 -0.4745062 -0.8802434
vn -0.003921509 -0.4745062 -0.8802434
vn -0.8980323 -0.4039185 0.1743209
vn -0.9764631 -0.2156847 -8.631674E-05
vn -0.8980323 -0.4039185 0.1743209
vn -0.9730572 -0.2305638 0
vn -0.9921492 -0.05882311 -0.1103619
vn -0.9921492 -0.05882311 -0.1103619
vn -0.9921492 -0.09019542 -0.0866296
vn -0.9921492 -0.09019542 -0.0866296
vn -0.01176453 0.8274446 -0.5614242
vn -0.01176453 0.8274446 -0.5614242
vn -0.01176453 0.8274446 -0.5614242
vn -0.01176453 0.8274446 -0.5614242
vn 0.9921493 0.0901953 0.08662903
vn 0.9921493 0.05882299 0.1103614
vn 0.9921493 0.0901953 0.08662903
vn 0.9921493 0.05882299 0.1103614
vn 0.9764631 0.2156845 0
vn 0.9730572 0.2305637 0
vn 0.8980324 0.4039184 -0.1743211
vn 0.8980324 0.4039184 -0.1743211
vn -0.7646999 0.01960766 0.6440881
vn -0.7646999 0.06666613 0.6409287
vn -0.7646999 0.06666613 0.6409287
vn -0.7646999 0.01960766 0.6440881
vn -0.7646999 0.0901953 0.638043
vn -0.7646999 0.08235228 0.6391026
vn -0.7646999 0.1921554 0.6150694
vn -0.7646999 0.1921554 0.6150694
vn 0.7647001 -0.06666619 -0.6409286
vn 0.7647001 -0.01960772 -0.644088
vn 0.7647001 -0.06666619 -0.6409286
vn 0.7647001 -0.01960772 -0.644088
vn 0.7647001 -0.09019542 -0.6380428
vn 0.7647001 -0.08235234 -0.6391025
vn 0.7647001 -0.1921554 -0.6150692
vn 0.7647001 -0.1921554 -0.6150692
vn -0.4196045 -0.3019585 -0.85601
vn -0.45882 -0.1215677 -0.8801736
vn -0.4196045 -0.3019585 -0.85601
vn -0.466663 -0.08235234 -0.8805928
vn -0.4745061 -0.04313695 -0.8791946
vn -0.466663 -0.09019542 -0.8798241
vn -0.4352907 -0.2313708 -0.8700515
vn -0.4352907 -0.2313708 -0.8700515
vn -0.1686261 0.9843061 -0.05202659
vn -0.1686261 0.9843061 -0.05202659
vn -0.1686261 0.9843061 -0.05202659
vn -0.1686261 0.9843061 -0.05202659
vn 0.4352908 0.2313707 0.8700514
vn 0.4745062 0.04313684 0.8791946
vn 0.4352908 0.2313707 0.8700514
vn 0.4666631 0.0901953 0.879824
vn 0.45882 0.1215676 0.8801736
vn 0.4666631 0.08235228 0.8805928
vn 0.4196047 0.3019584 0.85601
vn 0.4196047 0.3019584 0.85601
vn -0.05882299 -0.9372478 0.3436662
vn -0.07450914 -0.8901893 0.4494568
vn -0.07450914 -0.8901893 0.4494568
vn -0.06666613 -0.9294047 0.3629911
vn -0.04313684 -0.9686201 0.2447741
vn -0.04313684 -0.9686201 0.2447741
vn -0.04313684 -0.9686201 0.2447741
vn -0.04313684 -0.9686201 0.2447741
vn 0.07450926 0.8901892 -0.449457
vn 0.05882311 0.9372476 -0.3436666
vn 0.07450926 0.8901892 -0.449457
vn 0.06666619 0.9294046 -0.3629913
vn 0.04313695 0.9686199 -0.2447746
vn 0.04313695 0.9686199 -0.2447746
vn 0.04313695 0.9686199 -0.2447746
vn 0.04313695 0.9686199 -0.2447746
vn -0.8196015 -0.1137246 -0.5615336
vn -0.9294046 -0.05882311 -0.3643445
vn -0.8196015 -0.1137246 -0.5615336
vn -0.9372476 -0.05098003 -0.3449173
vn -0.1607831 0.2549 0.9535066
vn -0.1607831 0.2549 0.9535066
vn -0.1607831 0.2549 0.9535066
vn -0.1607831 0.262743 0.9513753
vn 0.9764631 0.01176453 0.2153633
vn 0.9843062 0.003921509 0.1764254
vn 0.9764631 0.01176453 0.2153633
vn 0.9843062 0.003921509 0.1764254
vn 0.9294047 0.05882299 0.3643443
vn 0.9372478 0.05097997 0.3449169
vn -0.9372476 -0.05098003 -0.3449173
vn -0.9843061 -0.003921568 -0.176426
vn -0.9294046 -0.05882311 -0.3643445
vn -0.9843061 -0.003921568 -0.176426
vn -0.9764631 -0.01176465 -0.2153636
vn -0.9764631 -0.01176465 -0.2153636
vn 0.9372478 0.05097997 0.3449169
vn 0.8196016 0.1137246 0.5615336
vn 0.9294047 0.05882299 0.3643443
vn 0.8196016 0.1137246 0.5615336
vn 0.9921493 -0.03529388 -0.1199755
vn 0.9764631 -0.08235234 -0.1993435
vn 0.9764631 -0.08235234 -0.1993435
vn 0.9843062 -0.05098003 -0.1689447
vn 0.9921493 -0.003921568 -0.1249976
vn 0.9921493 -0.003921568 -0.1249976
vn 0.9921493 -0.003921568 -0.1249976
vn 0.9921493 -0.003921568 -0.1249976
vn -0.9764631 0.08235228 0.1993439
vn -0.9921492 0.03529382 0.119976
vn -0.9764631 0.08235228 0.1993439
vn -0.9843061 0.05097997 0.1689454
vn -0.9921492 0.003921509 0.1249981
vn -0.9921492 0.003921509 0.1249981
vn -0.9921492 0.003921509 0.1249981
vn -0.9921492 0.003921509 0.1249981
vn -0.06666613 0.9764631 -0.2051232
vn -0.1215676 0.8980323 -0.4227993
vn -0.06666613 0.9764631 -0.2051232
vn -0.1215676 0.9058753 -0.4057231
vn -0.1529399 0.7960722 -0.5855582
vn -0.1607831 0.7960722 -0.5834534
vn -0.1529399 0.8196015 -0.5521438
vn -0.1529399 0.8196015 -0.5521438
vn -0.1686261 -0.5999954 -0.7820299
vn -0.1686261 -0.5999954 -0.7820299
vn -0.1686261 -0.5999954 -0.7820299
vn -0.1686261 -0.5999954 -0.7820299
vn 0.15294 -0.8196016 0.5521436
vn 0.15294 -0.7960724 0.585558
vn 0.15294 -0.8196016 0.5521436
vn 0.1607831 -0.7960724 0.5834532
vn 0.1215677 -0.8980324 0.4227992
vn 0.1215677 -0.9058754 0.4057227
vn 0.06666619 -0.9764631 0.2051229
vn 0.06666619 -0.9764631 0.2051229
vn 0.5686231 0.5999954 0.5627373
vn 0.5764662 0.6235245 0.5281135
vn 0.5764662 0.6235245 0.5281135
vn 0.5686231 0.5999954 0.5627373
vn 0.5764662 0.6392107 0.5090151
vn 0.5764662 0.6313677 0.5187114
vn 0.5843093 0.6941123 0.420465
vn 0.5843093 0.6941123 0.420465
vn -0.5764661 -0.6235247 -0.5281134
vn -0.5686231 -0.5999954 -0.5627373
vn -0.5764661 -0.6235247 -0.5281134
vn -0.5686231 -0.5999954 -0.5627373
vn -0.5764661 -0.6392108 -0.5090151
vn -0.5764661 -0.6313677 -0.5187114
vn -0.5843092 -0.6941124 -0.420465
vn -0.5843092 -0.6941124 -0.420465
vn -0.9294046 0.2392138 0.2810405
vn -0.9137185 0.3803892 0.1429077
vn -0.9294046 0.2392138 0.2810405
vn -0.9058753 0.4039184 0.1274356
vn -0.8980323 0.4352907 0.06371778
vn -0.9058753 0.4039184 0.1274356
vn -0.9294046 0.2941153 0.2229422
vn -0.9294046 0.2941153 0.2229422
vn 0.2156847 0.6941123 -0.6867957
vn 0.2156847 0.6941123 -0.6867957
vn 0.2156847 0.6941123 -0.6867957
vn 0.2156847 0.6941123 -0.6867957
vn 0.9294047 -0.2941154 -0.2229418
vn 0.8980324 -0.4352908 -0.06371649
vn 0.9294047 -0.2941154 -0.2229418
vn 0.9058754 -0.4039185 -0.1274343
vn 0.9137185 -0.3803893 -0.1429072
vn 0.9058754 -0.4039185 -0.1274343
vn 0.9294047 -0.2392139 -0.2810403
vn 0.9294047 -0.2392139 -0.2810403
vn -0.466663 0.874503 0.1321744
vn -0.4581441 0.8888779 0
vn -0.4581441 0.8888779 0
vn -0.466663 0.874503 0.1321744
vn -0.4745061 0.8588169 0.1930739
vn -0.4745061 0.8588169 0.1930739
vn -0.4745061 0.8588169 0.1930739
vn -0.4745061 0.8588169 0.1930739
vn 0.4581441 -0.8888779 0
vn 0.4666631 -0.8745031 -0.1321735
vn 0.4581441 -0.8888779 0
vn 0.4666631 -0.8745031 -0.1321735
vn 0.4745062 -0.858817 -0.1930733
vn 0.4745062 -0.858817 -0.1930733
vn 0.4745062 -0.858817 -0.1930733
vn 0.4745062 -0.858817 -0.1930733
vn -0.5764661 -0.8117585 0.09346091
vn -0.5686231 -0.8117585 -0.1331012
vn -0.5764661 -0.8117585 0.09346091
vn -0.5686231 -0.8117585 -0.1331012
vn 0.15294 0.1999984 -0.9677861
vn 0.15294 0.1999984 -0.9677861
vn 0.15294 0.1999984 -0.9677861
vn 0.15294 0.1999984 -0.9677861
vn 0.552937 0.7882292 0.2701026
vn 0.5450939 0.7803861 0.3063824
vn 0.552937 0.7882292 0.2701026
vn 0.5450939 0.7803861 0.3063824
vn 0.5686231 0.8117584 0.1331017
vn 0.5686231 0.8117584 0.1331017
vn -0.5686231 -0.8117585 -0.1331012
vn -0.5529369 -0.7803862 -0.29199
vn -0.5686231 -0.8117585 -0.1331012
vn -0.5450938 -0.7803862 -0.3063823
vn -0.5529369 -0.7882293 -0.2701025
vn -0.5529369 -0.7882293 -0.2701025
vn 0.5686231 0.8117584 0.1331017
vn 0.5764662 0.8117584 -0.09346123
vn 0.5686231 0.8117584 0.1331017
vn 0.5764662 0.8117584 -0.09346123
vn -0.8431307 0.2392138 0.4815676
vn -0.8352877 0.3490169 0.4248314
vn -0.8352877 0.3490169 0.4248314
vn -0.8431307 0.262743 0.4691447
vn -0.8431307 0.1529399 0.5154998
vn -0.8431307 0.1529399 0.5154998
vn -0.8431307 0.1529399 0.5154998
vn -0.8431307 0.1529399 0.5154998
vn 0.8352877 -0.349017 -0.4248312
vn 0.8431308 -0.2392139 -0.4815673
vn 0.8352877 -0.349017 -0.4248312
vn 0.8431308 -0.2627431 -0.4691444
vn 0.8431308 -0.15294 -0.5154995
vn 0.8431308 -0.15294 -0.5154995
vn 0.8431308 -0.15294 -0.5154995
vn 0.8431308 -0.15294 -0.5154995
vn -0.45882 -0.6862693 -0.5643746
vn -0.5058784 -0.5137216 -0.6929481
vn -0.45882 -0.6862693 -0.5643746
vn -0.5137215 -0.4901924 -0.7041318
vn -0.5294076 -0.3254877 -0.7834445
vn -0.5294076 -0.3254877 -0.7834445
vn -0.5294076 -0.3647031 -0.765976
vn -0.5294076 -0.3647031 -0.765976
vn -0.04313684 0.9372476 -0.3459857
vn -0.04313684 0.9372476 -0.3459857
vn -0.04313684 0.9372476 -0.3459857
vn -0.04313684 0.9372476 -0.3459857
vn 0.5294077 0.3647031 0.765976
vn 0.5294077 0.3254876 0.7834445
vn 0.5294077 0.3647031 0.765976
vn 0.5294077 0.3254876 0.7834445
vn 0.5058785 0.5137215 0.6929482
vn 0.5137216 0.4901923 0.7041318
vn 0.45882 0.6862692 0.5643747
vn 0.45882 0.6862692 0.5643747
vn -0.7646999 -0.4431339 0.4678316
vn -0.7646999 -0.4117616 0.4956677
vn -0.7646999 -0.4117616 0.4956677
vn -0.7646999 -0.450977 0.4602758
vn -0.7646999 -0.3960754 0.5082896
vn -0.7646999 -0.4039185 0.5020795
vn -0.7646999 -0.3098016 0.5650283
vn -0.7646999 -0.3098016 0.5650283
vn 0.7647001 0.4117615 -0.4956675
vn 0.7647001 0.4431338 -0.4678314
vn 0.7647001 0.4117615 -0.4956675
vn 0.7647001 0.4509768 -0.4602757
vn 0.7647001 0.3960754 -0.5082895
vn 0.7647001 0.4039184 -0.5020794
vn 0.7647001 0.3098015 -0.5650283
vn 0.7647001 0.3098015 -0.5650283
vn -0.4196045 0.4117615 -0.8089404
vn -0.45882 0.5450938 -0.7016816
vn -0.4196045 0.4117615 -0.8089404
vn -0.466663 0.5764661 -0.6707551
vn -0.4745061 0.5999954 -0.6440881
vn -0.466663 0.5686231 -0.6774167
vn -0.4352907 0.466663 -0.7699011
vn -0.4352907 0.466663 -0.7699011
vn -0.1686261 0.6862692 0.7075308
vn -0.1686261 0.6862692 0.7075308
vn -0.1686261 0.6862692 0.7075308
vn -0.1686261 0.6862692 0.7075308
vn 0.4352908 -0.4666631 0.7699009
vn 0.4745062 -0.5999954 0.644088
vn 0.4352908 -0.4666631 0.7699009
vn 0.4666631 -0.5686231 0.6774166
vn 0.45882 -0.5450939 0.7016814
vn 0.4666631 -0.5764662 0.670755
vn 0.4196047 -0.4117616 0.8089402
vn 0.4196047 -0.4117616 0.8089402
vn -0.05882299 -0.8980324 -0.435979
vn -0.07450914 -0.9450908 -0.3182007
vn -0.07450914 -0.9450908 -0.3182007
vn -0.06666613 -0.9058754 -0.4182646
vn -0.04313684 -0.858817 -0.5104631
vn -0.04313684 -0.858817 -0.5104631
vn -0.04313684 -0.858817 -0.5104631
vn -0.04313684 -0.858817 -0.5104631
vn 0.07450926 0.9450908 0.3182009
vn 0.05882311 0.8980323 0.4359791
vn 0.07450926 0.9450908 0.3182009
vn 0.06666619 0.9137185 0.4008419
vn 0.04313695 0.8588169 0.5104633
vn 0.04313695 0.8588169 0.5104633
vn 0.04313695 0.8588169 0.5104633
vn 0.04313695 0.8588169 0.5104633
vn -0.8196015 0.3254876 -0.4714988
vn -0.9294046 0.2313707 -0.287532
vn -0.8196015 0.3254876 -0.4714988
vn -0.9372476 0.2156845 -0.2739472
vn -0.1607831 -0.5058785 0.8474879
vn -0.1607831 -0.5058785 0.8474879
vn -0.1607831 -0.5058785 0.8474879
vn -0.1607831 -0.5058785 0.8474879
vn 0.9764631 -0.145097 0.1595827
vn 0.9843062 -0.1294108 0.1199755
vn 0.9764631 -0.145097 0.1595827
vn 0.9843062 -0.1294108 0.1199755
vn 0.9294047 -0.2313708 0.2875317
vn 0.9372478 -0.2156847 0.2739467
vn -0.9372476 0.2156845 -0.2739472
vn -0.9843061 0.1294107 -0.1199766
vn -0.9294046 0.2313707 -0.287532
vn -0.9843061 0.1294107 -0.1199766
vn -0.9764631 0.1450969 -0.1595831
vn -0.9764631 0.1450969 -0.1595831
vn 0.9372478 -0.2156847 0.2739467
vn 0.8196016 -0.3254877 0.4714986
vn 0.9294047 -0.2313708 0.2875317
vn 0.8196016 -0.3254877 0.4714986
vn 0.56078 0.1764692 0.8089403
vn 0.5450939 0.262743 0.7961399
vn 0.5450939 0.262743 0.7961399
vn 0.56078 0.1686261 0.8106115
vn 0.5450939 0.3098015 0.7790351
vn 0.552937 0.2549 0.793276
vn 0.5058785 0.466663 0.7254741
vn 0.5058785 0.466663 0.7254741
vn -0.5450938 -0.2627431 -0.79614
vn -0.5607799 -0.1764693 -0.8089404
vn -0.5450938 -0.2627431 -0.79614
vn -0.5607799 -0.1686262 -0.8106115
vn -0.5450938 -0.3098016 -0.7790352
vn -0.5450938 -0.2627431 -0.79614
vn -0.5058784 -0.4666631 -0.725474
vn -0.5058784 -0.4666631 -0.725474
vn -0.8901892 -0.2862723 0.3544169
vn -0.9294046 0.04313684 0.3665327
vn -0.8901892 -0.2862723 0.3544169
vn -0.9215615 0.1450969 0.360099
vn -0.8980323 0.2392138 0.3692082
vn -0.9215615 0.09803843 0.3756499
vn -0.9215615 -0.145097 0.360099
vn -0.9215615 -0.145097 0.360099
vn 0.04309721 0.9990709 0
vn 0.04309721 0.9990709 0
vn 0.04309721 0.9990709 0
vn 0.04309721 0.9990709 0
vn 0.9215616 0.1450969 -0.3600988
vn 0.8980324 -0.2392139 -0.3692081
vn 0.9215616 0.1450969 -0.3600988
vn 0.9215616 -0.09803849 -0.3756497
vn 0.9294047 -0.04313695 -0.3665326
vn 0.9215616 -0.145097 -0.3600987
vn 0.8901893 0.2862723 -0.3544167
vn 0.8901893 0.2862723 -0.3544167
vn -0.466663 0.6235245 -0.6272501
vn -0.45882 0.5764661 -0.6761442
vn -0.45882 0.5764661 -0.6761442
vn -0.466663 0.6156815 -0.6349503
vn -0.4745061 0.670583 -0.5702301
vn -0.4745061 0.670583 -0.5702301
vn -0.4745061 0.670583 -0.5702301
vn -0.4745061 0.670583 -0.5702301
vn 0.45882 -0.5764662 0.6761441
vn 0.4666631 -0.6235247 0.62725
vn 0.45882 -0.5764662 0.6761441
vn 0.4666631 -0.6156816 0.6349502
vn 0.4745062 -0.6705831 0.5702299
vn 0.4745062 -0.6705831 0.5702299
vn 0.4745062 -0.6705831 0.5702299
vn 0.4745062 -0.6705831 0.5702299
vn -0.5764661 -0.450977 0.6814005
vn -0.5686231 -0.6078385 0.5542564
vn -0.5764661 -0.450977 0.6814005
vn -0.5686231 -0.5999954 0.5627373
vn 0.15294 -0.6470539 -0.7469475
vn 0.15294 -0.6470539 -0.7469475
vn 0.15294 -0.6470539 -0.7469475
vn 0.15294 -0.6470539 -0.7469475
vn 0.552937 0.6941123 -0.4609434
vn 0.5450939 0.7097985 -0.44616
vn 0.552937 0.6941123 -0.4609434
vn 0.5450939 0.7176415 -0.4334321
vn 0.5686231 0.6078384 -0.5542565
vn 0.5686231 0.5999954 -0.5627373
vn -0.5686231 -0.5999954 0.5627373
vn -0.5529369 -0.7097985 0.4364022
vn -0.5686231 -0.6078385 0.5542564
vn -0.5450938 -0.7176416 0.433432
vn -0.5529369 -0.6941124 0.4609434
vn -0.5529369 -0.6941124 0.4609434
vn 0.5686231 0.5999954 -0.5627373
vn 0.5764662 0.4509768 -0.6814005
vn 0.5686231 0.6078384 -0.5542565
vn 0.5764662 0.4509768 -0.6814005
vn -0.3568599 0.4274477 0.830626
vn -0.6313677 0.7490138 0.2008812
vn -0.6313677 0.7490138 0.2008812
vn -0.3647031 0.4274477 0.8272123
vn 0.1215677 -0.145097 0.9819207
vn 0.1215677 -0.145097 0.9819207
vn -0.5372508 0.6313677 -0.5592285
vn -0.5372508 0.6313677 -0.5592285
vn -0.1215676 0.1450969 -0.9819207
vn -0.1215676 0.1450969 -0.9819207
vn 0.35686 -0.4274477 -0.8306259
vn 0.3647031 -0.4274477 -0.8272122
vn 0.6313677 -0.7490139 -0.2008804
vn 0.6313677 -0.7490139 -0.2008804
vn 0.5372508 -0.6313677 0.5592283
vn 0.5372508 -0.6313677 0.5592283
vn 0.1215677 -0.145097 0.9819207
vn 0.1215677 -0.145097 0.9819207
vn 0.7633864 0.6459423 0
vn 0.7633864 0.6459423 0
vn 0.7633864 0.6459423 0
vn 0.7633864 0.6459423 0
vn 0.7633864 0.6459423 0
vn 0.7633864 0.6459423 0
vn 0.7633864 0.6459423 0
vn 0.7633864 0.6459423 0
vn -0.9372476 -0.05882311 0.3436666
vn -0.9764631 -0.06666619 0.2051231
vn -0.9764631 -0.06666619 0.2051231
vn -0.9529338 -0.06666619 0.2957581
vn -0.9058753 -0.05882311 0.4194398
vn -0.9058753 -0.05882311 0.4194398
vn -0.9058753 -0.05882311 0.4194398
vn -0.9058753 -0.05882311 0.4194398
vn 0.9764631 0.06666613 -0.2051229
vn 0.9372478 0.05882299 -0.3436663
vn 0.9764631 0.06666613 -0.2051229
vn 0.9529339 0.06666613 -0.2957577
vn 0.9058754 0.05882299 -0.4194395
vn 0.9058754 0.05882299 -0.4194395
vn 0.9058754 0.05882299 -0.4194395
vn 0.9058754 0.05882299 -0.4194395
vn 0.247057 -0.8745031 0.4173813
vn 0.1607831 -0.960777 0.2259566
vn 0.247057 -0.8745031 0.4173813
vn 0.15294 -0.9686201 0.1959196
vn 0.08207512 -0.9966261 0
vn 0.08207512 -0.9966261 0
vn 0.09803849 -0.9921493 0.07764171
vn 0.09803849 -0.9921493 0.07764171
vn -0.4117615 -0.05098003 -0.9098645
vn -0.4117615 -0.05098003 -0.9098645
vn -0.4117615 -0.05098003 -0.9098645
vn -0.4117615 -0.05098003 -0.9098645
vn -0.09803843 0.9921492 -0.07764248
vn -0.08207507 0.9966261 0
vn -0.09803843 0.9921492 -0.07764248
vn -0.08207507 0.9966261 0
vn -0.1607831 0.9607769 -0.2259569
vn -0.1529399 0.9686199 -0.1959204
vn -0.2470568 0.874503 -0.4173816
vn -0.2470568 0.874503 -0.4173816
vn -0.04313684 0.9686199 0.2447746
vn -0.05882299 0.9921492 0.1103618
vn -0.05882299 0.9921492 0.1103618
vn -0.05097997 0.9764631 0.2095732
vn -0.03529382 0.9450908 0.3248965
vn -0.03529382 0.9450908 0.3248965
vn -0.03529382 0.9450908 0.3248965
vn -0.03529382 0.9450908 0.3248965
vn 0.05882311 -0.9921493 -0.1103613
vn 0.04313695 -0.9686201 -0.2447741
vn 0.05882311 -0.9921493 -0.1103613
vn 0.05098003 -0.9764631 -0.2095729
vn 0.03529388 -0.9450908 -0.3248963
vn 0.03529388 -0.9450908 -0.3248963
vn 0.03529388 -0.9450908 -0.3248963
vn 0.03529388 -0.9450908 -0.3248963
vn -0.8588169 -0.1999985 0.4716293
vn -0.9529338 -0.1372539 0.2703305
vn -0.8588169 -0.1999985 0.4716293
vn -0.9607769 -0.1294108 0.2452765
vn -0.0901953 0.3254876 -0.9412346
vn -0.0901953 0.3254876 -0.9412346
vn -0.0901953 0.3254876 -0.9412346
vn -0.0901953 0.3254876 -0.9412346
vn 0.9921493 0.08235228 -0.09411633
vn 0.9921493 0.06666613 -0.1058084
vn 0.9921493 0.08235228 -0.09411633
vn 0.9921493 0.06666613 -0.1058084
vn 0.9529339 0.1372538 -0.2703301
vn 0.960777 0.1294107 -0.2452762
vn -0.9607769 -0.1294108 0.2452765
vn -0.9921492 -0.06666619 0.1058089
vn -0.9529338 -0.1372539 0.2703305
vn -0.9921492 -0.06666619 0.1058089
vn -0.9921492 -0.08235234 0.09411691
vn -0.9921492 -0.08235234 0.09411691
vn 0.960777 0.1294107 -0.2452762
vn 0.858817 0.1999984 -0.4716291
vn 0.9529339 0.1372538 -0.2703301
vn 0.858817 0.1999984 -0.4716291
vn -0.9294046 -0.1686262 -0.3282869
vn -0.8901892 -0.145097 -0.4318681
vn -0.8901892 -0.145097 -0.4318681
vn -0.9215615 -0.1607831 -0.353374
vn -0.9529338 -0.1764693 -0.2465275
vn -0.9529338 -0.1764693 -0.2465275
vn -0.9529338 -0.1764693 -0.2465275
vn -0.9529338 -0.1764693 -0.2465275
vn 0.8901893 0.1450969 0.431868
vn 0.9294047 0.1686261 0.3282867
vn 0.8901893 0.1450969 0.431868
vn 0.9215616 0.1607831 0.3533738
vn 0.9529339 0.1764692 0.2465271
vn 0.9529339 0.1764692 0.2465271
vn 0.9529339 0.1764692 0.2465271
vn 0.9529339 0.1764692 0.2465271
vn 0.08235234 -0.9294047 0.3597569
vn 0.145097 -0.9764631 0.1595826
vn 0.08235234 -0.9294047 0.3597569
vn 0.15294 -0.9843062 0.08803766
vn 0.1921554 -0.9764631 -0.09795943
vn 0.1921554 -0.9764631 -0.09795943
vn 0.1840521 -0.9829164 0
vn 0.1840521 -0.9829164 0
vn 0.2156847 0.1137246 -0.9698179
vn 0.2156847 0.1137246 -0.9698179
vn 0.2156847 0.1137246 -0.9698179
vn 0.2156847 0.1137246 -0.9698179
vn -0.184052 0.9829165 0
vn -0.1921554 0.9764631 0.09796004
vn -0.184052 0.9829165 0
vn -0.1921554 0.9764631 0.09796004
vn -0.1450969 0.9764631 -0.159583
vn -0.1529399 0.9843061 -0.08803935
vn -0.08235228 0.9294046 -0.3597571
vn -0.08235228 0.9294046 -0.3597571
vn -0.5921522 -0.07450926 0.8023741
vn -0.5058784 -0.01176465 0.8625245
vn -0.5058784 -0.01176465 0.8625245
vn -0.5764661 -0.05882311 0.815001
vn -0.6470538 -0.1294108 0.7513815
vn -0.6470538 -0.1294108 0.7513815
vn -0.6470538 -0.1294108 0.7513815
vn -0.6470538 -0.1294108 0.7513815
vn 0.5058785 0.01176453 -0.8625245
vn 0.5921524 0.08235228 -0.801607
vn 0.5058785 0.01176453 -0.8625245
vn 0.5764662 0.05882299 -0.815001
vn 0.6470539 0.1294107 -0.7513815
vn 0.6470539 0.1294107 -0.7513815
vn 0.6470539 0.1294107 -0.7513815
vn 0.6470539 0.1294107 -0.7513815
vn -0.6862692 0.5215646 -0.5069566
vn -0.5999954 0.6941123 -0.3977609
vn -0.6862692 0.5215646 -0.5069566
vn -0.5843092 0.7176415 -0.3789109
vn 0.5921524 0.5372508 0.6005974
vn 0.5921524 0.5372508 0.6005974
vn 0.5921524 0.5372508 0.6005974
vn 0.5921524 0.5372508 0.6005974
vn 0.5137216 -0.8039154 0.2996833
vn 0.4901924 -0.8274447 0.2739467
vn 0.5137216 -0.8039154 0.2996833
vn 0.4901924 -0.8274447 0.2739467
vn 0.5999954 -0.6941124 0.3977606
vn 0.5843093 -0.7176416 0.3789106
vn -0.5843092 0.7176415 -0.3789109
vn -0.4901923 0.8274446 -0.2739471
vn -0.5999954 0.6941123 -0.3977609
vn -0.4901923 0.8274446 -0.2739471
vn -0.5137215 0.8039154 -0.2996837
vn -0.5058784 0.8039154 -0.3127412
vn 0.5843093 -0.7176416 0.3789106
vn 0.6862693 -0.5215647 0.5069564
vn 0.5999954 -0.6941124 0.3977606
vn 0.6862693 -0.5215647 0.5069564
vn 0.6235247 0.7803861 -0.04705901
vn 0.7704606 0.6374876 0
vn 0.7704606 0.6374876 0
vn 0.5999954 0.7960722 0.0792115
vn 0.2627431 0.9607769 -0.08873428
vn 0.2313708 0.9686199 -0.09079044
vn 0.003921568 0.9999923 -0.000345267
vn -0.003921509 0.9999923 -0.000345267
vn -0.2313707 0.9686199 -0.09079077
vn -0.262743 0.9607769 0.08873462
vn -0.6235245 0.7803861 -0.04706028
vn -0.5999954 0.7960722 -0.07921226
vn -0.7704607 0.6374876 0
vn -0.7704607 0.6374876 0
vn -0.7633862 -0.6459423 0
vn -0.6155679 -0.7880839 0
vn -0.7633862 -0.6459423 0
vn -0.5981218 -0.8014051 0
vn -0.2705861 -0.960777 -0.06075129
vn -0.2305637 -0.9730572 0
vn -0.003921509 -0.9999924 0
vn -0.003921509 -0.9999924 0
vn 0.2305638 -0.9730572 0
vn 0.2705862 -0.960777 -0.0607508
vn 0.615568 -0.7880839 0
vn 0.5981219 -0.8014051 0
vn 0.7633862 -0.6459422 0
vn 0.7633862 -0.6459422 0
vn 0.960777 -0.2705862 0.06075105
vn 0.960777 -0.2705862 0.06075105
vn 0.960777 -0.2705862 -0.06075105
vn 0.960777 -0.2705862 0.06075105
vn 0.1294108 -0.03529388 -0.9909627
vn 0.247057 -0.04313695 -0.9680403
vn 0.2078416 -0.03529388 -0.9775255
vn 0.1294108 -0.03529388 -0.9909627
vn 0.2705862 -0.01960772 -0.962496
vn 0.2862723 -0.01960772 -0.9579477
vn -0.003921509 -0.003921568 -0.9999846
vn -0.003921509 0.003921509 -0.9999846
vn -0.2784292 -0.01960772 -0.9602566
vn -0.262743 -0.01960772 -0.9646666
vn -0.2549 -0.04313695 -0.9660047
vn -0.2078415 -0.03529388 -0.9775255
vn -0.1372538 -0.03529388 -0.9899069
vn -0.1372538 -0.03529388 -0.9899069
vn -0.003921509 0.003921509 0.9999846
vn -0.003921509 0.003921509 0.9999846
vn -0.003921509 0.003921509 0.9999846
vn -0.003921509 0.003921509 0.9999846
vn -0.003921509 0.003921509 0.9999846
vn -0.003921509 0.003921509 0.9999846
vn -0.003921509 0.003921509 0.9999846
vn -0.003921509 0.003921509 0.9999846
vn -0.003921509 0.003921509 0.9999846
vn -0.003921509 0.003921509 0.9999846
vn -0.003921509 0.003921509 0.9999846
vn -0.003921509 0.003921509 0.9999846
vn -0.003921509 0.003921509 0.9999846
vn -0.003921509 0.003921509 0.9999846
vn -0.9607769 -0.2705862 0.06075203
vn -0.9607769 -0.2705862 0.06075203
vn -0.9607769 -0.2705862 0.06075203
vn -0.9607769 -0.2705862 0.06075203
g G_CA_Prinzeugen_Mech_001_P_0
f 3/3/3 2/2/2 1/1/1
f 4/4/4 1/1/1 2/2/2
f 1/1/1 5/5/5 3/3/3
f 6/6/6 3/3/3 5/5/5
f 5/5/5 7/7/7 6/6/6
f 8/8/8 6/6/6 7/7/7
f 8/8/8 7/7/7 9/9/9
f 4/4/4 2/2/2 10/10/10
f 10/10/10 11/11/11 4/4/4
f 11/11/11 10/10/10 12/12/12
f 13/13/13 12/12/12 10/10/10
f 14/14/14 12/12/12 13/13/13
f 14/14/14 13/13/13 15/15/15
f 16/16/16 15/15/15 13/13/13
f 17/17/17 15/15/15 16/16/16
f 16/16/16 18/18/18 17/17/17
f 21/21/21 20/20/20 19/19/19
f 22/22/22 19/19/19 20/20/20
f 20/20/20 21/21/21 23/23/23
f 24/24/24 23/23/23 21/21/21
f 23/23/23 24/24/24 25/25/25
f 26/26/26 25/25/25 24/24/24
f 27/27/27 19/19/19 22/22/22
f 27/27/27 22/22/22 28/28/28
f 28/28/28 29/29/29 27/27/27
f 30/30/30 27/27/27 29/29/29
f 30/30/30 29/29/29 31/31/31
f 30/30/30 31/31/31 32/32/32
f 33/33/33 32/32/32 31/31/31
f 32/32/32 33/33/33 34/34/34
f 35/35/35 32/32/32 34/34/34
f 26/26/26 36/36/36 25/25/25
f 39/39/39 38/38/38 37/37/37
f 40/40/40 37/37/37 38/38/38
f 40/40/40 41/41/41 37/37/37
f 42/42/42 37/37/37 41/41/41
f 42/42/42 41/41/41 43/43/43
f 44/44/44 43/43/43 41/41/41
f 43/43/43 44/44/44 45/45/45
f 46/46/46 45/45/45 44/44/44
f 46/46/46 47/47/47 45/45/45
f 48/48/48 45/45/45 47/47/47
f 48/48/48 47/47/47 49/49/49
f 52/52/52 51/51/51 50/50/50
f 53/53/53 50/50/50 51/51/51
f 56/56/56 55/55/55 54/54/54
f 57/57/57 54/54/54 55/55/55
f 60/60/60 59/59/59 58/58/58
f 61/61/61 58/58/58 59/59/59
f 60/60/60 58/58/58 62/62/62
f 63/63/63 62/62/62 58/58/58
f 64/64/64 62/62/62 63/63/63
f 67/67/67 66/66/66 65/65/65
f 68/68/68 65/65/65 66/66/66
f 71/71/71 70/70/70 69/69/69
f 72/72/72 69/69/69 70/70/70
f 72/72/72 73/73/73 69/69/69
f 74/74/74 69/69/69 73/73/73
f 77/77/77 76/76/76 75/75/75
f 78/78/78 75/75/75 76/76/76
f 75/75/75 78/78/78 79/79/79
f 80/80/80 79/79/79 78/78/78
f 77/77/77 75/75/75 81/81/81
f 82/82/82 81/81/81 75/75/75
f 75/75/75 79/79/79 83/83/83
f 86/86/86 85/85/85 84/84/84
f 87/87/87 84/84/84 85/85/85
f 85/85/85 86/86/86 88/88/88
f 89/89/89 88/88/88 86/86/86
f 85/85/85 90/90/90 87/87/87
f 85/85/85 88/88/88 91/91/91
f 94/94/94 93/93/93 92/92/92
f 95/95/95 92/92/92 93/93/93
f 93/93/93 96/96/96 95/95/95
f 97/97/97 95/95/95 96/96/96
f 96/96/96 98/98/98 97/97/97
f 99/99/99 97/97/97 98/98/98
f 98/98/98 100/100/100 99/99/99
f 101/101/101 99/99/99 100/100/100
f 100/100/100 102/102/102 101/101/101
f 92/92/92 103/103/103 94/94/94
f 106/106/106 105/105/105 104/104/104
f 107/107/107 104/104/104 105/105/105
f 107/107/107 108/108/108 104/104/104
f 109/109/109 104/104/104 108/108/108
f 110/110/110 107/107/107 105/105/105
f 107/107/107 110/110/110 108/108/108
f 113/113/113 112/112/112 111/111/111
f 114/114/114 111/111/111 112/112/112
f 111/111/111 114/114/114 115/115/115
f 116/116/116 115/115/115 114/114/114
f 116/116/116 117/117/117 115/115/115
f 118/118/118 115/115/115 117/117/117
f 117/117/117 119/119/119 118/118/118
f 120/120/120 118/118/118 119/119/119
f 119/119/119 121/121/121 120/120/120
f 124/124/124 123/123/123 122/122/122
f 125/125/125 122/122/122 123/123/123
f 123/123/123 124/124/124 126/126/126
f 127/127/127 126/126/126 124/124/124
f 127/127/127 124/124/124 128/128/128
f 129/129/129 128/128/128 124/124/124
f 124/124/124 122/122/122 129/129/129
f 130/130/130 129/129/129 122/122/122
f 126/126/126 127/127/127 131/131/131
f 127/127/127 128/128/128 131/131/131
f 130/130/130 122/122/122 132/132/132
f 132/132/132 122/122/122 133/133/133
f 134/134/134 133/133/133 122/122/122
f 122/122/122 135/135/135 134/134/134
f 135/135/135 122/122/122 125/125/125
f 136/136/136 134/134/134 135/135/135
f 139/139/139 138/138/138 137/137/137
f 140/140/140 137/137/137 138/138/138
f 137/137/137 140/140/140 141/141/141
f 142/142/142 141/141/141 140/140/140
f 141/141/141 142/142/142 143/143/143
f 144/144/144 143/143/143 142/142/142
f 143/143/143 144/144/144 145/145/145
f 146/146/146 145/145/145 144/144/144
f 145/145/145 146/146/146 147/147/147
f 138/138/138 139/139/139 148/148/148
f 151/151/151 150/150/150 149/149/149
f 152/152/152 149/149/149 150/150/150
f 151/151/151 149/149/149 153/153/153
f 154/154/154 153/153/153 149/149/149
f 153/153/153 154/154/154 155/155/155
f 156/156/156 155/155/155 154/154/154
f 156/156/156 157/157/157 155/155/155
f 160/160/160 159/159/159 158/158/158
f 161/161/161 158/158/158 159/159/159
f 160/160/160 162/162/162 159/159/159
f 163/163/163 159/159/159 162/162/162
f 162/162/162 164/164/164 163/163/163
f 165/165/165 163/163/163 164/164/164
f 164/164/164 166/166/166 165/165/165
f 169/169/169 168/168/168 167/167/167
f 170/170/170 167/167/167 168/168/168
f 173/173/173 172/172/172 171/171/171
f 174/174/174 171/171/171 172/172/172
f 177/177/177 176/176/176 175/175/175
f 178/178/178 175/175/175 176/176/176
f 176/176/176 177/177/177 179/179/179
f 180/180/180 179/179/179 177/177/177
f 179/179/179 180/180/180 181/181/181
f 182/182/182 181/181/181 180/180/180
f 181/181/181 182/182/182 183/183/183
f 184/184/184 183/183/183 182/182/182
f 187/187/187 186/186/186 185/185/185
f 188/188/188 185/185/185 186/186/186
f 186/186/186 187/187/187 189/189/189
f 190/190/190 189/189/189 187/187/187
f 189/189/189 190/190/190 191/191/191
f 192/192/192 191/191/191 190/190/190
f 191/191/191 192/192/192 193/193/193
f 194/194/194 193/193/193 192/192/192
f 193/193/193 194/194/194 195/195/195
f 196/196/196 195/195/195 194/194/194
f 195/195/195 196/196/196 197/197/197
f 198/198/198 197/197/197 196/196/196
f 201/201/201 200/200/200 199/199/199
f 202/202/202 199/199/199 200/200/200
f 202/202/202 200/200/200 203/203/203
f 204/204/204 203/203/203 200/200/200
f 199/199/199 205/205/205 201/201/201
f 206/206/206 201/201/201 205/205/205
f 206/206/206 205/205/205 207/207/207
f 208/208/208 207/207/207 205/205/205
f 208/208/208 209/209/209 207/207/207
f 210/210/210 207/207/207 209/209/209
f 203/203/203 204/204/204 211/211/211
f 209/209/209 212/212/212 210/210/210
f 215/215/215 214/214/214 213/213/213
f 216/216/216 213/213/213 214/214/214
f 213/213/213 216/216/216 217/217/217
f 218/218/218 217/217/217 216/216/216
f 214/214/214 215/215/215 219/219/219
f 220/220/220 219/219/219 215/215/215
f 219/219/219 220/220/220 221/221/221
f 222/222/222 221/221/221 220/220/220
f 221/221/221 222/222/222 223/223/223
f 224/224/224 223/223/223 222/222/222
f 225/225/225 217/217/217 218/218/218
f 224/224/224 226/226/226 223/223/223
f 229/229/229 228/228/228 227/227/227
f 230/230/230 227/227/227 228/228/228
f 233/233/233 232/232/232 231/231/231
f 234/234/234 231/231/231 232/232/232
f 232/232/232 233/233/233 235/235/235
f 236/236/236 235/235/235 233/233/233
f 235/235/235 236/236/236 237/237/237
f 238/238/238 237/237/237 236/236/236
f 241/241/241 240/240/240 239/239/239
f 242/242/242 239/239/239 240/240/240
f 240/240/240 241/241/241 243/243/243
f 244/244/244 243/243/243 241/241/241
f 243/243/243 244/244/244 245/245/245
f 246/246/246 245/245/245 244/244/244
f 245/245/245 246/246/246 247/247/247
f 248/248/248 247/247/247 246/246/246
f 248/248/248 249/249/249 247/247/247
f 252/252/252 251/251/251 250/250/250
f 253/253/253 250/250/250 251/251/251
f 250/250/250 254/254/254 252/252/252
f 255/255/255 252/252/252 254/254/254
f 251/251/251 256/256/256 253/253/253
f 257/257/257 253/253/253 256/256/256
f 256/256/256 258/258/258 257/257/257
f 259/259/259 257/257/257 258/258/258
f 259/259/259 258/258/258 260/260/260
f 263/263/263 262/262/262 261/261/261
f 264/264/264 261/261/261 262/262/262
f 262/262/262 263/263/263 265/265/265
f 266/266/266 265/265/265 263/263/263
f 261/261/261 264/264/264 267/267/267
f 268/268/268 267/267/267 264/264/264
f 271/271/271 270/270/270 269/269/269
f 272/272/272 269/269/269 270/270/270
f 275/275/275 274/274/274 273/273/273
f 278/278/278 277/277/277 276/276/276
f 281/281/281 280/280/280 279/279/279
f 282/282/282 279/279/279 280/280/280
f 285/285/285 284/284/284 283/283/283
f 286/286/286 283/283/283 284/284/284
f 289/289/289 288/288/288 287/287/287
f 290/290/290 287/287/287 288/288/288
f 293/293/293 292/292/292 291/291/291
f 294/294/294 291/291/291 292/292/292
f 297/297/297 296/296/296 295/295/295
f 298/298/298 295/295/295 296/296/296
f 301/301/301 300/300/300 299/299/299
f 302/302/302 299/299/299 300/300/300
f 300/300/300 301/301/301 303/303/303
f 304/304/304 303/303/303 301/301/301
f 303/303/303 304/304/304 305/305/305
f 306/306/306 305/305/305 304/304/304
f 305/305/305 306/306/306 307/307/307
f 308/308/308 307/307/307 306/306/306
f 308/308/308 309/309/309 307/307/307
f 310/310/310 307/307/307 309/309/309
f 302/302/302 311/311/311 299/299/299
f 312/312/312 299/299/299 311/311/311
f 312/312/312 311/311/311 313/313/313
f 314/314/314 313/313/313 311/311/311
f 317/317/317 316/316/316 315/315/315
f 318/318/318 315/315/315 316/316/316
f 321/321/321 320/320/320 319/319/319
f 322/322/322 319/319/319 320/320/320
f 325/325/325 324/324/324 323/323/323
f 326/326/326 323/323/323 324/324/324
f 325/325/325 323/323/323 327/327/327
f 328/328/328 327/327/327 323/323/323
f 327/327/327 328/328/328 329/329/329
f 330/330/330 329/329/329 328/328/328
f 329/329/329 330/330/330 331/331/331
f 332/332/332 331/331/331 330/330/330
f 331/331/331 332/332/332 333/333/333
f 334/334/334 333/333/333 332/332/332
f 337/337/337 336/336/336 335/335/335
f 338/338/338 335/335/335 336/336/336
f 341/341/341 340/340/340 339/339/339
f 342/342/342 339/339/339 340/340/340
f 342/342/342 343/343/343 339/339/339
f 344/344/344 339/339/339 343/343/343
f 343/343/343 345/345/345 344/344/344
f 346/346/346 344/344/344 345/345/345
f 340/340/340 347/347/347 342/342/342
f 347/347/347 348/348/348 342/342/342
f 348/348/348 349/349/349 342/342/342
f 342/342/342 349/349/349 350/350/350
f 342/342/342 350/350/350 351/351/351
f 351/351/351 352/352/352 342/342/342
f 352/352/352 353/353/353 342/342/342
f 354/354/354 342/342/342 353/353/353
f 354/354/354 355/355/355 342/342/342
f 354/354/354 356/356/356 355/355/355
f 359/359/359 358/358/358 357/357/357
f 360/360/360 357/357/357 358/358/358
f 359/359/359 357/357/357 361/361/361
f 362/362/362 361/361/361 357/357/357
f 361/361/361 362/362/362 363/363/363
f 364/364/364 363/363/363 362/362/362
f 365/365/365 358/358/358 359/359/359
f 366/366/366 365/365/365 359/359/359
f 359/359/359 367/367/367 366/366/366
f 359/359/359 368/368/368 367/367/367
f 359/359/359 369/369/369 368/368/368
f 370/370/370 369/369/369 359/359/359
f 359/359/359 371/371/371 370/370/370
f 359/359/359 372/372/372 371/371/371
f 359/359/359 373/373/373 372/372/372
f 373/373/373 374/374/374 372/372/372
f 377/377/377 376/376/376 375/375/375
f 378/378/378 375/375/375 376/376/376
f 378/378/378 376/376/376 379/379/379
f 380/380/380 379/379/379 376/376/376
f 383/383/383 382/382/382 381/381/381
f 384/384/384 381/381/381 382/382/382
f 387/387/387 386/386/386 385/385/385
f 388/388/388 385/385/385 386/386/386
f 391/391/391 390/390/390 389/389/389
f 392/392/392 389/389/389 390/390/390
f 395/395/395 394/394/394 393/393/393
f 396/396/396 393/393/393 394/394/394
f 394/394/394 395/395/395 397/397/397
f 397/397/397 398/398/398 394/394/394
f 399/399/399 394/394/394 398/398/398
f 398/398/398 400/400/400 399/399/399
f 401/401/401 399/399/399 400/400/400
f 400/400/400 402/402/402 401/401/401
f 403/403/403 401/401/401 402/402/402
f 403/403/403 402/402/402 404/404/404
f 405/405/405 404/404/404 402/402/402
f 408/408/408 407/407/407 406/406/406
f 409/409/409 406/406/406 407/407/407
f 410/410/410 408/408/408 406/406/406
f 410/410/410 406/406/406 411/411/411
f 412/412/412 411/411/411 406/406/406
f 411/411/411 412/412/412 413/413/413
f 414/414/414 413/413/413 412/412/412
f 413/413/413 414/414/414 415/415/415
f 416/416/416 415/415/415 414/414/414
f 415/415/415 416/416/416 417/417/417
f 418/418/418 417/417/417 416/416/416
f 421/421/421 420/420/420 419/419/419
f 422/422/422 419/419/419 420/420/420
f 421/421/421 423/423/423 420/420/420
f 424/424/424 420/420/420 423/423/423
f 419/419/419 422/422/422 425/425/425
f 426/426/426 425/425/425 422/422/422
f 425/425/425 426/426/426 427/427/427
f 428/428/428 427/427/427 426/426/426
f 427/427/427 428/428/428 429/429/429
f 430/430/430 429/429/429 428/428/428
f 429/429/429 430/430/430 431/431/431
f 432/432/432 431/431/431 430/430/430
f 435/435/435 434/434/434 433/433/433
f 436/436/436 433/433/433 434/434/434
f 439/439/439 438/438/438 437/437/437
f 440/440/440 437/437/437 438/438/438
f 437/437/437 440/440/440 441/441/441
f 442/442/442 441/441/441 440/440/440
f 438/438/438 439/439/439 443/443/443
f 444/444/444 443/443/443 439/439/439
f 441/441/441 442/442/442 445/445/445
f 446/446/446 445/445/445 442/442/442
f 443/443/443 444/444/444 447/447/447
f 448/448/448 447/447/447 444/444/444
f 451/451/451 450/450/450 449/449/449
f 452/452/452 449/449/449 450/450/450
f 449/449/449 453/453/453 451/451/451
f 454/454/454 451/451/451 453/453/453
f 453/453/453 455/455/455 454/454/454
f 456/456/456 454/454/454 455/455/455
f 455/455/455 457/457/457 456/456/456
f 458/458/458 456/456/456 457/457/457
f 457/457/457 459/459/459 458/458/458
f 460/460/460 458/458/458 459/459/459
f 459/459/459 461/461/461 460/460/460
f 462/462/462 460/460/460 461/461/461
f 461/461/461 463/463/463 462/462/462
f 464/464/464 462/462/462 463/463/463
f 463/463/463 465/465/465 464/464/464
f 466/466/466 464/464/464 465/465/465
f 450/450/450 467/467/467 452/452/452
f 467/467/467 469/469/469 468/468/468
f 470/470/470 468/468/468 469/469/469
f 468/468/468 452/452/452 467/467/467
f 473/473/473 472/472/472 471/471/471
f 474/474/474 471/471/471 472/472/472
f 474/474/474 475/475/475 471/471/471
f 476/476/476 471/471/471 475/475/475
f 474/474/474 477/477/477 475/475/475
f 478/478/478 475/475/475 477/477/477
f 474/474/474 479/479/479 477/477/477
f 474/474/474 472/472/472 480/480/480
f 483/483/483 482/482/482 481/481/481
f 484/484/484 481/481/481 482/482/482
f 484/484/484 485/485/485 481/481/481
f 486/486/486 481/481/481 485/485/485
f 484/484/484 487/487/487 485/485/485
f 488/488/488 485/485/485 487/487/487
f 484/484/484 489/489/489 487/487/487
f 484/484/484 482/482/482 490/490/490
f 493/493/493 492/492/492 491/491/491
f 494/494/494 491/491/491 492/492/492
f 497/497/497 496/496/496 495/495/495
f 498/498/498 495/495/495 496/496/496
f 501/501/501 500/500/500 499/499/499
f 502/502/502 499/499/499 500/500/500
f 505/505/505 504/504/504 503/503/503
f 506/506/506 503/503/503 504/504/504
f 509/509/509 508/508/508 507/507/507
f 510/510/510 507/507/507 508/508/508
f 513/513/513 512/512/512 511/511/511
f 514/514/514 511/511/511 512/512/512
f 511/511/511 515/515/515 513/513/513
f 516/516/516 513/513/513 515/515/515
f 515/515/515 517/517/517 516/516/516
f 517/517/517 518/518/518 516/516/516
f 519/519/519 516/516/516 518/518/518
f 522/522/522 521/521/521 520/520/520
f 523/523/523 520/520/520 521/521/521
f 520/520/520 523/523/523 524/524/524
f 525/525/525 524/524/524 523/523/523
f 525/525/525 526/526/526 524/524/524
f 526/526/526 525/525/525 527/527/527
f 528/528/528 527/527/527 525/525/525
f 531/531/531 530/530/530 529/529/529
f 532/532/532 529/529/529 530/530/530
f 535/535/535 534/534/534 533/533/533
f 536/536/536 533/533/533 534/534/534
f 534/534/534 535/535/535 537/537/537
f 538/538/538 537/537/537 535/535/535
f 537/537/537 538/538/538 539/539/539
f 540/540/540 539/539/539 538/538/538
f 539/539/539 540/540/540 541/541/541
f 542/542/542 541/541/541 540/540/540
f 545/545/545 544/544/544 543/543/543
f 546/546/546 543/543/543 544/544/544
f 549/549/549 548/548/548 547/547/547
f 550/550/550 547/547/547 548/548/548
f 548/548/548 549/549/549 551/551/551
f 552/552/552 551/551/551 549/549/549
f 551/551/551 552/552/552 553/553/553
f 554/554/554 553/553/553 552/552/552
f 557/557/557 556/556/556 555/555/555
f 558/558/558 555/555/555 556/556/556
f 555/555/555 559/559/559 557/557/557
f 560/560/560 557/557/557 559/559/559
f 559/559/559 561/561/561 560/560/560
f 562/562/562 560/560/560 561/561/561
f 561/561/561 563/563/563 562/562/562
f 564/564/564 562/562/562 563/563/563
f 563/563/563 565/565/565 564/564/564
f 566/566/566 564/564/564 565/565/565
f 565/565/565 567/567/567 566/566/566
f 568/568/568 566/566/566 567/567/567
f 567/567/567 569/569/569 568/568/568
f 570/570/570 568/568/568 569/569/569
f 569/569/569 571/571/571 570/570/570
f 572/572/572 570/570/570 571/571/571
f 575/575/575 574/574/574 573/573/573
f 576/576/576 573/573/573 574/574/574
f 576/576/576 577/577/577 573/573/573
f 578/578/578 573/573/573 577/577/577
f 576/576/576 579/579/579 577/577/577
f 576/576/576 574/574/574 580/580/580
f 583/583/583 582/582/582 581/581/581
f 584/584/584 581/581/581 582/582/582
f 584/584/584 585/585/585 581/581/581
f 586/586/586 581/581/581 585/585/585
f 584/584/584 587/587/587 585/585/585
f 584/584/584 582/582/582 588/588/588
f 591/591/591 590/590/590 589/589/589
f 592/592/592 589/589/589 590/590/590
f 591/591/591 589/589/589 593/593/593
f 594/594/594 593/593/593 589/589/589
f 597/597/597 596/596/596 595/595/595
f 598/598/598 595/595/595 596/596/596
f 596/596/596 597/597/597 599/599/599
f 600/600/600 599/599/599 597/597/597
f 603/603/603 602/602/602 601/601/601
f 604/604/604 601/601/601 602/602/602
f 602/602/602 603/603/603 605/605/605
f 606/606/606 605/605/605 603/603/603
f 609/609/609 608/608/608 607/607/607
f 610/610/610 607/607/607 608/608/608
f 613/613/613 612/612/612 611/611/611
f 614/614/614 611/611/611 612/612/612
f 612/612/612 613/613/613 615/615/615
f 616/616/616 615/615/615 613/613/613
f 619/619/619 618/618/618 617/617/617
f 620/620/620 617/617/617 618/618/618
f 623/623/623 622/622/622 621/621/621
f 624/624/624 621/621/621 622/622/622
f 621/621/621 625/625/625 623/623/623
f 626/626/626 623/623/623 625/625/625
f 625/625/625 627/627/627 626/626/626
f 628/628/628 626/626/626 627/627/627
f 627/627/627 629/629/629 628/628/628
f 630/630/630 628/628/628 629/629/629
f 629/629/629 631/631/631 630/630/630
f 632/632/632 630/630/630 631/631/631
f 631/631/631 633/633/633 632/632/632
f 634/634/634 632/632/632 633/633/633
f 633/633/633 635/635/635 634/634/634
f 636/636/636 634/634/634 635/635/635
f 622/622/622 637/637/637 624/624/624
f 638/638/638 624/624/624 637/637/637
f 641/641/641 640/640/640 639/639/639
f 642/642/642 639/639/639 640/640/640
f 642/642/642 643/643/643 639/639/639
f 644/644/644 639/639/639 643/643/643
f 642/642/642 645/645/645 643/643/643
f 642/642/642 640/640/640 646/646/646
f 649/649/649 648/648/648 647/647/647
f 650/650/650 647/647/647 648/648/648
f 650/650/650 651/651/651 647/647/647
f 652/652/652 647/647/647 651/651/651
f 650/650/650 653/653/653 651/651/651
f 650/650/650 648/648/648 654/654/654
f 657/657/657 656/656/656 655/655/655
f 658/658/658 655/655/655 656/656/656
f 661/661/661 660/660/660 659/659/659
f 662/662/662 659/659/659 660/660/660
f 665/665/665 664/664/664 663/663/663
f 666/666/666 663/663/663 664/664/664
f 669/669/669 668/668/668 667/667/667
f 670/670/670 667/667/667 668/668/668
f 673/673/673 672/672/672 671/671/671
f 674/674/674 671/671/671 672/672/672
f 677/677/677 676/676/676 675/675/675
f 678/678/678 675/675/675 676/676/676
f 675/675/675 678/678/678 679/679/679
f 676/676/676 680/680/680 678/678/678
f 681/681/681 678/678/678 680/680/680
f 680/680/680 682/682/682 681/681/681
f 675/675/675 683/683/683 677/677/677
f 684/684/684 677/677/677 683/683/683
f 687/687/687 686/686/686 685/685/685
f 688/688/688 685/685/685 686/686/686
f 688/688/688 689/689/689 685/685/685
f 689/689/689 688/688/688 690/690/690
f 691/691/691 690/690/690 688/688/688
f 691/691/691 692/692/692 690/690/690
f 685/685/685 693/693/693 687/687/687
f 694/694/694 687/687/687 693/693/693
f 697/697/697 696/696/696 695/695/695
f 698/698/698 695/695/695 696/696/696
f 698/698/698 699/699/699 695/695/695
f 700/700/700 695/695/695 699/699/699
f 699/699/699 701/701/701 700/700/700
f 702/702/702 700/700/700 701/701/701
f 701/701/701 703/703/703 702/702/702
f 704/704/704 702/702/702 703/703/703
f 697/697/697 705/705/705 696/696/696
f 706/706/706 696/696/696 705/705/705
f 709/709/709 708/708/708 707/707/707
f 710/710/710 707/707/707 708/708/708
f 713/713/713 712/712/712 711/711/711
f 714/714/714 711/711/711 712/712/712
f 711/711/711 715/715/715 713/713/713
f 716/716/716 713/713/713 715/715/715
f 719/719/719 718/718/718 717/717/717
f 720/720/720 717/717/717 718/718/718
f 723/723/723 722/722/722 721/721/721
f 724/724/724 721/721/721 722/722/722
f 721/721/721 724/724/724 725/725/725
f 726/726/726 725/725/725 724/724/724
f 725/725/725 726/726/726 727/727/727
f 728/728/728 727/727/727 726/726/726
f 727/727/727 728/728/728 729/729/729
f 730/730/730 729/729/729 728/728/728
f 729/729/729 730/730/730 731/731/731
f 732/732/732 731/731/731 730/730/730
f 731/731/731 732/732/732 733/733/733
f 734/734/734 733/733/733 732/732/732
f 733/733/733 734/734/734 735/735/735
f 736/736/736 735/735/735 734/734/734
f 735/735/735 736/736/736 737/737/737
f 738/738/738 737/737/737 736/736/736
f 737/737/737 738/738/738 739/739/739
f 740/740/740 739/739/739 738/738/738
f 739/739/739 740/740/740 741/741/741
f 742/742/742 741/741/741 740/740/740
f 745/745/745 744/744/744 743/743/743
f 746/746/746 743/743/743 744/744/744
f 746/746/746 747/747/747 743/743/743
f 748/748/748 743/743/743 747/747/747
f 746/746/746 749/749/749 747/747/747
f 750/750/750 747/747/747 749/749/749
f 746/746/746 751/751/751 749/749/749
f 746/746/746 744/744/744 752/752/752
f 755/755/755 754/754/754 753/753/753
f 756/756/756 753/753/753 754/754/754
f 756/756/756 757/757/757 753/753/753
f 758/758/758 753/753/753 757/757/757
f 756/756/756 759/759/759 757/757/757
f 760/760/760 757/757/757 759/759/759
f 756/756/756 761/761/761 759/759/759
f 756/756/756 754/754/754 762/762/762
f 765/765/765 764/764/764 763/763/763
f 766/766/766 763/763/763 764/764/764
f 764/764/764 765/765/765 767/767/767
f 768/768/768 767/767/767 765/765/765
f 767/767/767 768/768/768 769/769/769
f 770/770/770 769/769/769 768/768/768
f 769/769/769 770/770/770 771/771/771
f 772/772/772 771/771/771 770/770/770
f 771/771/771 772/772/772 773/773/773
f 774/774/774 773/773/773 772/772/772
f 773/773/773 774/774/774 775/775/775
f 776/776/776 775/775/775 774/774/774
f 775/775/775 776/776/776 777/777/777
f 778/778/778 777/777/777 776/776/776
f 777/777/777 778/778/778 779/779/779
f 780/780/780 779/779/779 778/778/778
f 779/779/779 780/780/780 781/781/781
f 782/782/782 781/781/781 780/780/780
f 781/781/781 782/782/782 783/783/783
f 784/784/784 783/783/783 782/782/782
f 787/787/787 786/786/786 785/785/785
f 788/788/788 785/785/785 786/786/786
f 786/786/786 789/789/789 788/788/788
f 790/790/790 788/788/788 789/789/789
f 786/786/786 791/791/791 789/789/789
f 794/794/794 793/793/793 792/792/792
f 795/795/795 792/792/792 793/793/793
f 793/793/793 796/796/796 795/795/795
f 793/793/793 797/797/797 796/796/796
f 798/798/798 795/795/795 796/796/796
f 801/801/801 800/800/800 799/799/799
f 802/802/802 799/799/799 800/800/800
f 799/799/799 803/803/803 801/801/801
f 804/804/804 801/801/801 803/803/803
f 803/803/803 805/805/805 804/804/804
f 806/806/806 804/804/804 805/805/805
f 805/805/805 807/807/807 806/806/806
f 808/808/808 806/806/806 807/807/807
f 807/807/807 809/809/809 808/808/808
f 810/810/810 808/808/808 809/809/809
f 809/809/809 811/811/811 810/810/810
f 812/812/812 810/810/810 811/811/811
f 815/815/815 814/814/814 813/813/813
f 816/816/816 813/813/813 814/814/814
f 813/813/813 817/817/817 815/815/815
f 818/818/818 815/815/815 817/817/817
f 814/814/814 819/819/819 816/816/816
f 820/820/820 816/816/816 819/819/819
f 819/819/819 821/821/821 820/820/820
f 822/822/822 820/820/820 821/821/821
f 821/821/821 823/823/823 822/822/822
f 824/824/824 822/822/822 823/823/823
f 823/823/823 825/825/825 824/824/824
f 826/826/826 824/824/824 825/825/825
f 825/825/825 827/827/827 826/826/826
f 828/828/828 826/826/826 827/827/827
f 827/827/827 829/829/829 828/828/828
f 830/830/830 828/828/828 829/829/829
f 829/829/829 831/831/831 830/830/830
f 832/832/832 830/830/830 831/831/831
f 831/831/831 833/833/833 832/832/832
f 834/834/834 832/832/832 833/833/833
f 833/833/833 835/835/835 834/834/834
f 836/836/836 834/834/834 835/835/835
f 835/835/835 837/837/837 836/836/836
f 838/838/838 836/836/836 837/837/837
f 841/841/841 840/840/840 839/839/839
f 842/842/842 839/839/839 840/840/840
f 840/840/840 843/843/843 842/842/842
f 843/843/843 840/840/840 844/844/844
f 845/845/845 844/844/844 840/840/840
f 844/844/844 846/846/846 843/843/843
f 842/842/842 843/843/843 847/847/847
f 848/848/848 847/847/847 843/843/843
f 847/847/847 849/849/849 842/842/842
f 850/850/850 839/839/839 842/842/842
f 853/853/853 852/852/852 851/851/851
f 854/854/854 851/851/851 852/852/852
f 851/851/851 855/855/855 853/853/853
f 856/856/856 853/853/853 855/855/855
f 855/855/855 857/857/857 856/856/856
f 858/858/858 856/856/856 857/857/857
f 852/852/852 859/859/859 854/854/854
f 860/860/860 854/854/854 859/859/859
f 859/859/859 861/861/861 860/860/860
f 862/862/862 860/860/860 861/861/861
f 861/861/861 863/863/863 862/862/862
f 864/864/864 862/862/862 863/863/863
f 867/867/867 866/866/866 865/865/865
f 868/868/868 865/865/865 866/866/866
f 866/866/866 869/869/869 868/868/868
f 870/870/870 868/868/868 869/869/869
f 871/871/871 865/865/865 868/868/868
f 874/874/874 873/873/873 872/872/872
f 875/875/875 872/872/872 873/873/873
f 873/873/873 876/876/876 875/875/875
f 877/877/877 875/875/875 876/876/876
f 878/878/878 872/872/872 875/875/875
f 881/881/881 880/880/880 879/879/879
f 882/882/882 879/879/879 880/880/880
f 880/880/880 883/883/883 882/882/882
f 884/884/884 882/882/882 883/883/883
f 883/883/883 885/885/885 884/884/884
f 886/886/886 884/884/884 885/885/885
f 885/885/885 887/887/887 886/886/886
f 888/888/888 886/886/886 887/887/887
f 887/887/887 889/889/889 888/888/888
f 890/890/890 888/888/888 889/889/889
f 889/889/889 891/891/891 890/890/890
f 892/892/892 890/890/890 891/891/891
f 891/891/891 893/893/893 892/892/892
f 894/894/894 892/892/892 893/893/893
f 893/893/893 895/895/895 894/894/894
f 896/896/896 894/894/894 895/895/895
f 899/899/899 898/898/898 897/897/897
f 900/900/900 897/897/897 898/898/898
f 903/903/903 902/902/902 901/901/901
f 904/904/904 901/901/901 902/902/902
f 907/907/907 906/906/906 905/905/905
f 908/908/908 905/905/905 906/906/906
f 911/911/911 910/910/910 909/909/909
f 912/912/912 909/909/909 910/910/910
f 909/909/909 913/913/913 911/911/911
f 914/914/914 911/911/911 913/913/913
f 913/913/913 915/915/915 914/914/914
f 916/916/916 914/914/914 915/915/915
f 919/919/919 918/918/918 917/917/917
f 920/920/920 917/917/917 918/918/918
f 917/917/917 921/921/921 919/919/919
f 922/922/922 919/919/919 921/921/921
f 925/925/925 924/924/924 923/923/923
f 926/926/926 923/923/923 924/924/924
f 925/925/925 927/927/927 924/924/924
f 928/928/928 924/924/924 927/927/927
f 927/927/927 925/925/925 929/929/929
f 930/930/930 925/925/925 923/923/923
f 933/933/933 932/932/932 931/931/931
f 934/934/934 931/931/931 932/932/932
f 931/931/931 935/935/935 933/933/933
f 936/936/936 933/933/933 935/935/935
f 939/939/939 938/938/938 937/937/937
f 940/940/940 937/937/937 938/938/938
f 943/943/943 942/942/942 941/941/941
f 944/944/944 941/941/941 942/942/942
f 941/941/941 945/945/945 943/943/943
f 946/946/946 943/943/943 945/945/945
f 945/945/945 947/947/947 946/946/946
f 948/948/948 946/946/946 947/947/947
f 951/951/951 950/950/950 949/949/949
f 952/952/952 949/949/949 950/950/950
f 949/949/949 953/953/953 951/951/951
f 954/954/954 951/951/951 953/953/953
f 957/957/957 956/956/956 955/955/955
f 958/958/958 955/955/955 956/956/956
f 957/957/957 959/959/959 956/956/956
f 960/960/960 956/956/956 959/959/959
f 959/959/959 957/957/957 961/961/961
f 962/962/962 957/957/957 955/955/955
f 965/965/965 964/964/964 963/963/963
f 966/966/966 963/963/963 964/964/964
f 965/965/965 967/967/967 964/964/964
f 968/968/968 964/964/964 967/967/967
f 971/971/971 970/970/970 969/969/969
f 972/972/972 969/969/969 970/970/970
f 972/972/972 970/970/970 973/973/973
f 974/974/974 973/973/973 970/970/970
f 973/973/973 974/974/974 975/975/975
f 976/976/976 975/975/975 974/974/974
f 975/975/975 976/976/976 977/977/977
f 978/978/978 977/977/977 976/976/976
f 977/977/977 978/978/978 979/979/979
f 980/980/980 979/979/979 978/978/978
f 983/983/983 982/982/982 981/981/981
f 984/984/984 981/981/981 982/982/982
f 987/987/987 986/986/986 985/985/985
f 988/988/988 985/985/985 986/986/986
f 986/986/986 989/989/989 988/988/988
f 987/987/987 985/985/985 990/990/990
f 990/990/990 991/991/991 987/987/987
f 992/992/992 987/987/987 991/991/991
f 991/991/991 993/993/993 992/992/992
f 994/994/994 992/992/992 993/993/993
f 993/993/993 995/995/995 994/994/994
f 996/996/996 994/994/994 995/995/995
f 995/995/995 997/997/997 996/996/996
f 998/998/998 996/996/996 997/997/997
f 999/999/999 998/998/998 997/997/997
f 995/995/995 1000/1000/1000 997/997/997
f 1000/1000/1000 1001/1001/1001 997/997/997
f 1002/1002/1002 997/997/997 1001/1001/1001
f 998/998/998 999/999/999 1003/1003/1003
f 1004/1004/1004 1003/1003/1003 999/999/999
f 1007/1007/1007 1006/1006/1006 1005/1005/1005
f 1008/1008/1008 1005/1005/1005 1006/1006/1006
f 1011/1011/1011 1010/1010/1010 1009/1009/1009
f 1012/1012/1012 1009/1009/1009 1010/1010/1010
f 1009/1009/1009 1012/1012/1012 1013/1013/1013
f 1014/1014/1014 1013/1013/1013 1012/1012/1012
f 1013/1013/1013 1014/1014/1014 1015/1015/1015
f 1016/1016/1016 1015/1015/1015 1014/1014/1014
f 1015/1015/1015 1016/1016/1016 1017/1017/1017
f 1018/1018/1018 1017/1017/1017 1016/1016/1016
f 1021/1021/1021 1020/1020/1020 1019/1019/1019
f 1020/1020/1020 1022/1022/1022 1019/1019/1019
f 1020/1020/1020 1023/1023/1023 1022/1022/1022
f 1024/1024/1024 1022/1022/1022 1023/1023/1023
f 1025/1025/1025 1019/1019/1019 1022/1022/1022
f 1026/1026/1026 1021/1021/1021 1019/1019/1019
f 1029/1029/1029 1028/1028/1028 1027/1027/1027
f 1030/1030/1030 1027/1027/1027 1028/1028/1028
f 1027/1027/1027 1030/1030/1030 1031/1031/1031
f 1032/1032/1032 1031/1031/1031 1030/1030/1030
f 1028/1028/1028 1029/1029/1029 1033/1033/1033
f 1034/1034/1034 1033/1033/1033 1029/1029/1029
f 1033/1033/1033 1034/1034/1034 1035/1035/1035
f 1036/1036/1036 1033/1033/1033 1035/1035/1035
f 1036/1036/1036 1035/1035/1035 1037/1037/1037
f 1038/1038/1038 1037/1037/1037 1035/1035/1035
f 1039/1039/1039 1035/1035/1035 1034/1034/1034
f 1040/1040/1040 1035/1035/1035 1039/1039/1039
f 1039/1039/1039 1041/1041/1041 1040/1040/1040
f 1042/1042/1042 1040/1040/1040 1041/1041/1041
f 1032/1032/1032 1043/1043/1043 1031/1031/1031
f 1043/1043/1043 1044/1044/1044 1031/1031/1031
f 1044/1044/1044 1043/1043/1043 1045/1045/1045
f 1046/1046/1046 1045/1045/1045 1043/1043/1043
f 1049/1049/1049 1048/1048/1048 1047/1047/1047
f 1050/1050/1050 1047/1047/1047 1048/1048/1048
f 1053/1053/1053 1052/1052/1052 1051/1051/1051
f 1054/1054/1054 1051/1051/1051 1052/1052/1052
f 1057/1057/1057 1056/1056/1056 1055/1055/1055
f 1058/1058/1058 1055/1055/1055 1056/1056/1056
f 1057/1057/1057 1059/1059/1059 1056/1056/1056
f 1060/1060/1060 1056/1056/1056 1059/1059/1059
f 1058/1058/1058 1061/1061/1061 1055/1055/1055
f 1062/1062/1062 1055/1055/1055 1061/1061/1061
f 1059/1059/1059 1063/1063/1063 1060/1060/1060
f 1064/1064/1064 1060/1060/1060 1063/1063/1063
f 1061/1061/1061 1065/1065/1065 1062/1062/1062
f 1066/1066/1066 1062/1062/1062 1065/1065/1065
f 1069/1069/1069 1068/1068/1068 1067/1067/1067
f 1068/1068/1068 1070/1070/1070 1067/1067/1067
f 1071/1071/1071 1067/1067/1067 1070/1070/1070
f 1071/1071/1071 1072/1072/1072 1067/1067/1067
f 1073/1073/1073 1067/1067/1067 1072/1072/1072
f 1074/1074/1074 1069/1069/1069 1067/1067/1067
f 1077/1077/1077 1076/1076/1076 1075/1075/1075
f 1078/1078/1078 1075/1075/1075 1076/1076/1076
f 1081/1081/1081 1080/1080/1080 1079/1079/1079
f 1082/1082/1082 1079/1079/1079 1080/1080/1080
f 1085/1085/1085 1084/1084/1084 1083/1083/1083
f 1086/1086/1086 1083/1083/1083 1084/1084/1084
f 1084/1084/1084 1087/1087/1087 1086/1086/1086
f 1088/1088/1088 1086/1086/1086 1087/1087/1087
f 1087/1087/1087 1089/1089/1089 1088/1088/1088
f 1090/1090/1090 1088/1088/1088 1089/1089/1089
f 1089/1089/1089 1091/1091/1091 1090/1090/1090
f 1092/1092/1092 1090/1090/1090 1091/1091/1091
f 1091/1091/1091 1093/1093/1093 1092/1092/1092
f 1094/1094/1094 1092/1092/1092 1093/1093/1093
f 1093/1093/1093 1095/1095/1095 1094/1094/1094
f 1096/1096/1096 1094/1094/1094 1095/1095/1095
f 1095/1095/1095 1097/1097/1097 1096/1096/1096
f 1098/1098/1098 1096/1096/1096 1097/1097/1097
f 1097/1097/1097 1099/1099/1099 1098/1098/1098
f 1100/1100/1100 1098/1098/1098 1099/1099/1099
f 1100/1100/1100 1099/1099/1099 1101/1101/1101
f 1102/1102/1102 1101/1101/1101 1099/1099/1099
f 1105/1105/1105 1104/1104/1104 1103/1103/1103
f 1106/1106/1106 1103/1103/1103 1104/1104/1104
f 1104/1104/1104 1107/1107/1107 1106/1106/1106
f 1107/1107/1107 1104/1104/1104 1108/1108/1108
f 1109/1109/1109 1108/1108/1108 1104/1104/1104
f 1108/1108/1108 1110/1110/1110 1107/1107/1107
f 1107/1107/1107 1111/1111/1111 1106/1106/1106
f 1112/1112/1112 1103/1103/1103 1106/1106/1106
f 1111/1111/1111 1107/1107/1107 1113/1113/1113
f 1114/1114/1114 1113/1113/1113 1107/1107/1107
f 1110/1110/1110 1115/1115/1115 1107/1107/1107
f 1114/1114/1114 1107/1107/1107 1115/1115/1115
f 1118/1118/1118 1117/1117/1117 1116/1116/1116
f 1118/1118/1118 1119/1119/1119 1117/1117/1117
f 1118/1118/1118 1120/1120/1120 1119/1119/1119
f 1120/1120/1120 1121/1121/1121 1119/1119/1119
f 1117/1117/1117 1119/1119/1119 1122/1122/1122
f 1123/1123/1123 1122/1122/1122 1119/1119/1119
f 1122/1122/1122 1124/1124/1124 1117/1117/1117
f 1125/1125/1125 1116/1116/1116 1117/1117/1117
f 1120/1120/1120 1118/1118/1118 1126/1126/1126
f 1127/1127/1127 1126/1126/1126 1118/1118/1118
f 1116/1116/1116 1128/1128/1128 1118/1118/1118
f 1127/1127/1127 1118/1118/1118 1128/1128/1128
f 1130/1130/1130 1129/1129/1129 1083/1083/1083
f 1085/1085/1085 1083/1083/1083 1129/1129/1129
f 1133/1133/1133 1132/1132/1132 1131/1131/1131
f 1134/1134/1134 1131/1131/1131 1132/1132/1132
f 1131/1131/1131 1135/1135/1135 1133/1133/1133
f 1136/1136/1136 1133/1133/1133 1135/1135/1135
f 1135/1135/1135 1137/1137/1137 1136/1136/1136
f 1138/1138/1138 1136/1136/1136 1137/1137/1137
f 1137/1137/1137 1139/1139/1139 1138/1138/1138
f 1140/1140/1140 1138/1138/1138 1139/1139/1139
f 1139/1139/1139 1141/1141/1141 1140/1140/1140
f 1142/1142/1142 1140/1140/1140 1141/1141/1141
f 1141/1141/1141 1143/1143/1143 1142/1142/1142
f 1144/1144/1144 1142/1142/1142 1143/1143/1143
f 1143/1143/1143 1145/1145/1145 1144/1144/1144
f 1146/1146/1146 1144/1144/1144 1145/1145/1145
f 1132/1132/1132 1147/1147/1147 1134/1134/1134
f 1148/1148/1148 1134/1134/1134 1147/1147/1147
f 1151/1151/1151 1150/1150/1150 1149/1149/1149
f 1152/1152/1152 1149/1149/1149 1150/1150/1150
f 1150/1150/1150 1153/1153/1153 1152/1152/1152
f 1153/1153/1153 1150/1150/1150 1154/1154/1154
f 1155/1155/1155 1154/1154/1154 1150/1150/1150
f 1154/1154/1154 1156/1156/1156 1153/1153/1153
f 1157/1157/1157 1149/1149/1149 1152/1152/1152
f 1160/1160/1160 1159/1159/1159 1158/1158/1158
f 1161/1161/1161 1158/1158/1158 1159/1159/1159
f 1161/1161/1161 1159/1159/1159 1162/1162/1162
f 1163/1163/1163 1162/1162/1162 1159/1159/1159
f 1162/1162/1162 1164/1164/1164 1161/1161/1161
f 1158/1158/1158 1161/1161/1161 1165/1165/1165
f 1166/1166/1166 1165/1165/1165 1161/1161/1161
f 1169/1169/1169 1168/1168/1168 1167/1167/1167
f 1170/1170/1170 1167/1167/1167 1168/1168/1168
f 1169/1169/1169 1167/1167/1167 1171/1171/1171
f 1170/1170/1170 1168/1168/1168 1172/1172/1172
f 1172/1172/1172 1168/1168/1168 1173/1173/1173
f 1174/1174/1174 1173/1173/1173 1168/1168/1168
f 1169/1169/1169 1171/1171/1171 1175/1175/1175
f 1169/1169/1169 1175/1175/1175 1176/1176/1176
f 1175/1175/1175 1177/1177/1177 1176/1176/1176
f 1178/1178/1178 1176/1176/1176 1177/1177/1177
f 1179/1179/1179 1175/1175/1175 1171/1171/1171
f 1182/1182/1182 1181/1181/1181 1180/1180/1180
f 1183/1183/1183 1180/1180/1180 1181/1181/1181
f 1184/1184/1184 1180/1180/1180 1183/1183/1183
f 1184/1184/1184 1185/1185/1185 1180/1180/1180
f 1180/1180/1180 1185/1185/1185 1186/1186/1186
f 1187/1187/1187 1186/1186/1186 1185/1185/1185
f 1186/1186/1186 1187/1187/1187 1188/1188/1188
f 1188/1188/1188 1189/1189/1189 1186/1186/1186
f 1189/1189/1189 1190/1190/1190 1186/1186/1186
f 1191/1191/1191 1186/1186/1186 1190/1190/1190
f 1194/1194/1194 1193/1193/1193 1192/1192/1192
f 1195/1195/1195 1192/1192/1192 1193/1193/1193
f 1195/1195/1195 1193/1193/1193 1196/1196/1196
f 1197/1197/1197 1193/1193/1193 1194/1194/1194
f 1192/1192/1192 1198/1198/1198 1194/1194/1194
f 1199/1199/1199 1194/1194/1194 1198/1198/1198
f 1200/1200/1200 1199/1199/1199 1198/1198/1198
f 1200/1200/1200 1198/1198/1198 1201/1201/1201
f 1202/1202/1202 1201/1201/1201 1198/1198/1198
f 1200/1200/1200 1203/1203/1203 1199/1199/1199
f 1204/1204/1204 1199/1199/1199 1203/1203/1203
f 1201/1201/1201 1202/1202/1202 1205/1205/1205
f 1206/1206/1206 1205/1205/1205 1202/1202/1202
f 1203/1203/1203 1207/1207/1207 1204/1204/1204
f 1208/1208/1208 1204/1204/1204 1207/1207/1207
f 1211/1211/1211 1210/1210/1210 1209/1209/1209
f 1212/1212/1212 1209/1209/1209 1210/1210/1210
f 1210/1210/1210 1211/1211/1211 1213/1213/1213
f 1214/1214/1214 1213/1213/1213 1211/1211/1211
f 1214/1214/1214 1215/1215/1215 1213/1213/1213
f 1216/1216/1216 1213/1213/1213 1215/1215/1215
f 1216/1216/1216 1215/1215/1215 1217/1217/1217
f 1218/1218/1218 1217/1217/1217 1215/1215/1215
f 1221/1221/1221 1220/1220/1220 1219/1219/1219
f 1222/1222/1222 1219/1219/1219 1220/1220/1220
f 1219/1219/1219 1222/1222/1222 1223/1223/1223
f 1224/1224/1224 1223/1223/1223 1222/1222/1222
f 1222/1222/1222 1225/1225/1225 1224/1224/1224
f 1226/1226/1226 1224/1224/1224 1225/1225/1225
f 1226/1226/1226 1225/1225/1225 1227/1227/1227
f 1228/1228/1228 1227/1227/1227 1225/1225/1225
f 1225/1225/1225 1229/1229/1229 1228/1228/1228
f 1230/1230/1230 1228/1228/1228 1229/1229/1229
f 1224/1224/1224 1226/1226/1226 1231/1231/1231
f 1231/1231/1231 1232/1232/1232 1224/1224/1224
f 1233/1233/1233 1224/1224/1224 1232/1232/1232
f 1236/1236/1236 1235/1235/1235 1234/1234/1234
f 1237/1237/1237 1234/1234/1234 1235/1235/1235
f 1235/1235/1235 1236/1236/1236 1238/1238/1238
f 1239/1239/1239 1238/1238/1238 1236/1236/1236
f 1234/1234/1234 1237/1237/1237 1240/1240/1240
f 1241/1241/1241 1240/1240/1240 1237/1237/1237
f 1240/1240/1240 1241/1241/1241 1242/1242/1242
f 1243/1243/1243 1242/1242/1242 1241/1241/1241
f 1246/1246/1246 1245/1245/1245 1244/1244/1244
f 1247/1247/1247 1244/1244/1244 1245/1245/1245
f 1250/1250/1250 1249/1249/1249 1248/1248/1248
f 1251/1251/1251 1248/1248/1248 1249/1249/1249
f 1251/1251/1251 1249/1249/1249 1252/1252/1252
f 1253/1253/1253 1252/1252/1252 1249/1249/1249
f 1252/1252/1252 1253/1253/1253 1254/1254/1254
f 1255/1255/1255 1254/1254/1254 1253/1253/1253
f 1248/1248/1248 1256/1256/1256 1250/1250/1250
f 1257/1257/1257 1250/1250/1250 1256/1256/1256
f 1257/1257/1257 1256/1256/1256 1258/1258/1258
f 1259/1259/1259 1258/1258/1258 1256/1256/1256
f 1258/1258/1258 1259/1259/1259 1260/1260/1260
f 1261/1261/1261 1260/1260/1260 1259/1259/1259
f 1264/1264/1264 1263/1263/1263 1262/1262/1262
f 1265/1265/1265 1262/1262/1262 1263/1263/1263
f 1264/1264/1264 1262/1262/1262 1266/1266/1266
f 1267/1267/1267 1266/1266/1266 1262/1262/1262
f 1267/1267/1267 1268/1268/1268 1266/1266/1266
f 1269/1269/1269 1266/1266/1266 1268/1268/1268
f 1268/1268/1268 1270/1270/1270 1269/1269/1269
f 1271/1271/1271 1269/1269/1269 1270/1270/1270
f 1274/1274/1274 1273/1273/1273 1272/1272/1272
f 1275/1275/1275 1272/1272/1272 1273/1273/1273
f 1273/1273/1273 1276/1276/1276 1275/1275/1275
f 1277/1277/1277 1275/1275/1275 1276/1276/1276
f 1276/1276/1276 1278/1278/1278 1277/1277/1277
f 1279/1279/1279 1277/1277/1277 1278/1278/1278
f 1278/1278/1278 1280/1280/1280 1279/1279/1279
f 1281/1281/1281 1279/1279/1279 1280/1280/1280
f 1284/1284/1284 1283/1283/1283 1282/1282/1282
f 1285/1285/1285 1282/1282/1282 1283/1283/1283
f 1288/1288/1288 1287/1287/1287 1286/1286/1286
f 1288/1288/1288 1286/1286/1286 1289/1289/1289
f 1290/1290/1290 1289/1289/1289 1286/1286/1286
f 1288/1288/1288 1289/1289/1289 1291/1291/1291
f 1292/1292/1292 1291/1291/1291 1289/1289/1289
f 1293/1293/1293 1291/1291/1291 1292/1292/1292
f 1294/1294/1294 1291/1291/1291 1293/1293/1293
f 1295/1295/1295 1294/1294/1294 1293/1293/1293
f 1286/1286/1286 1287/1287/1287 1296/1296/1296
f 1297/1297/1297 1296/1296/1296 1287/1287/1287
f 1296/1296/1296 1297/1297/1297 1298/1298/1298
f 1299/1299/1299 1298/1298/1298 1297/1297/1297
f 1300/1300/1300 1296/1296/1296 1298/1298/1298
f 1290/1290/1290 1286/1286/1286 1300/1300/1300
f 1296/1296/1296 1300/1300/1300 1286/1286/1286
f 1303/1303/1303 1302/1302/1302 1301/1301/1301
f 1304/1304/1304 1301/1301/1301 1302/1302/1302
f 1301/1301/1301 1304/1304/1304 1305/1305/1305
f 1306/1306/1306 1301/1301/1301 1305/1305/1305
f 1306/1306/1306 1305/1305/1305 1307/1307/1307
f 1305/1305/1305 1308/1308/1308 1307/1307/1307
f 1309/1309/1309 1307/1307/1307 1308/1308/1308
f 1302/1302/1302 1310/1310/1310 1304/1304/1304
f 1303/1303/1303 1311/1311/1311 1302/1302/1302
f 1312/1312/1312 1302/1302/1302 1311/1311/1311
f 1302/1302/1302 1312/1312/1312 1310/1310/1310
f 1312/1312/1312 1311/1311/1311 1313/1313/1313
f 1312/1312/1312 1313/1313/1313 1314/1314/1314
f 1314/1314/1314 1310/1310/1310 1312/1312/1312
f 1315/1315/1315 1314/1314/1314 1313/1313/1313
f 1318/1318/1318 1317/1317/1317 1316/1316/1316
f 1319/1319/1319 1316/1316/1316 1317/1317/1317
f 1322/1322/1322 1321/1321/1321 1320/1320/1320
f 1323/1323/1323 1320/1320/1320 1321/1321/1321
f 1326/1326/1326 1325/1325/1325 1324/1324/1324
f 1327/1327/1327 1324/1324/1324 1325/1325/1325
f 1326/1326/1326 1328/1328/1328 1325/1325/1325
f 1326/1326/1326 1329/1329/1329 1328/1328/1328
f 1330/1330/1330 1328/1328/1328 1329/1329/1329
f 1324/1324/1324 1327/1327/1327 1331/1331/1331
f 1331/1331/1331 1332/1332/1332 1324/1324/1324
f 1333/1333/1333 1324/1324/1324 1332/1332/1332
f 1329/1329/1329 1326/1326/1326 1334/1334/1334
f 1329/1329/1329 1334/1334/1334 1335/1335/1335
f 1336/1336/1336 1335/1335/1335 1334/1334/1334
f 1339/1339/1339 1338/1338/1338 1337/1337/1337
f 1340/1340/1340 1337/1337/1337 1338/1338/1338
f 1337/1337/1337 1340/1340/1340 1341/1341/1341
f 1342/1342/1342 1341/1341/1341 1340/1340/1340
f 1342/1342/1342 1343/1343/1343 1341/1341/1341
f 1344/1344/1344 1341/1341/1341 1343/1343/1343
f 1343/1343/1343 1345/1345/1345 1344/1344/1344
f 1346/1346/1346 1344/1344/1344 1345/1345/1345
f 1346/1346/1346 1345/1345/1345 1347/1347/1347
f 1348/1348/1348 1347/1347/1347 1345/1345/1345
f 1347/1347/1347 1348/1348/1348 1349/1349/1349
f 1350/1350/1350 1349/1349/1349 1348/1348/1348
f 1339/1339/1339 1351/1351/1351 1338/1338/1338
f 1352/1352/1352 1338/1338/1338 1351/1351/1351
f 1351/1351/1351 1353/1353/1353 1352/1352/1352
f 1354/1354/1354 1352/1352/1352 1353/1353/1353
f 1342/1342/1342 1340/1340/1340 1355/1355/1355
f 1342/1342/1342 1355/1355/1355 1343/1343/1343
f 1356/1356/1356 1355/1355/1355 1340/1340/1340
f 1357/1357/1357 1343/1343/1343 1355/1355/1355
f 1343/1343/1343 1357/1357/1357 1345/1345/1345
f 1358/1358/1358 1345/1345/1345 1357/1357/1357
f 1348/1348/1348 1345/1345/1345 1359/1359/1359
f 1358/1358/1358 1359/1359/1359 1345/1345/1345
f 1350/1350/1350 1348/1348/1348 1360/1360/1360
f 1359/1359/1359 1360/1360/1360 1348/1348/1348
f 1354/1354/1354 1361/1361/1361 1352/1352/1352
f 1362/1362/1362 1352/1352/1352 1361/1361/1361
f 1352/1352/1352 1362/1362/1362 1338/1338/1338
f 1340/1340/1340 1338/1338/1338 1356/1356/1356
f 1363/1363/1363 1356/1356/1356 1338/1338/1338
f 1363/1363/1363 1338/1338/1338 1362/1362/1362
f 1366/1366/1366 1365/1365/1365 1364/1364/1364
f 1367/1367/1367 1364/1364/1364 1365/1365/1365
f 1367/1367/1367 1368/1368/1368 1364/1364/1364
f 1369/1369/1369 1364/1364/1364 1368/1368/1368
f 1368/1368/1368 1367/1367/1367 1370/1370/1370
f 1371/1371/1371 1367/1367/1367 1365/1365/1365
f 1374/1374/1374 1373/1373/1373 1372/1372/1372
f 1375/1375/1375 1372/1372/1372 1373/1373/1373
f 1375/1375/1375 1376/1376/1376 1372/1372/1372
f 1377/1377/1377 1372/1372/1372 1376/1376/1376
f 1376/1376/1376 1375/1375/1375 1378/1378/1378
f 1379/1379/1379 1375/1375/1375 1373/1373/1373
f 1382/1382/1382 1381/1381/1381 1380/1380/1380
f 1383/1383/1383 1380/1380/1380 1381/1381/1381
f 1381/1381/1381 1384/1384/1384 1383/1383/1383
f 1385/1385/1385 1383/1383/1383 1384/1384/1384
f 1384/1384/1384 1386/1386/1386 1385/1385/1385
f 1387/1387/1387 1385/1385/1385 1386/1386/1386
f 1386/1386/1386 1388/1388/1388 1387/1387/1387
f 1389/1389/1389 1387/1387/1387 1388/1388/1388
f 1388/1388/1388 1390/1390/1390 1389/1389/1389
f 1391/1391/1391 1389/1389/1389 1390/1390/1390
f 1390/1390/1390 1392/1392/1392 1391/1391/1391
f 1393/1393/1393 1391/1391/1391 1392/1392/1392
f 1380/1380/1380 1394/1394/1394 1382/1382/1382
f 1395/1395/1395 1382/1382/1382 1394/1394/1394
f 1394/1394/1394 1396/1396/1396 1395/1395/1395
f 1397/1397/1397 1395/1395/1395 1396/1396/1396
f 1400/1400/1400 1399/1399/1399 1398/1398/1398
f 1401/1401/1401 1398/1398/1398 1399/1399/1399
f 1401/1401/1401 1402/1402/1402 1398/1398/1398
f 1403/1403/1403 1398/1398/1398 1402/1402/1402
f 1402/1402/1402 1401/1401/1401 1404/1404/1404
f 1405/1405/1405 1401/1401/1401 1399/1399/1399
f 1408/1408/1408 1407/1407/1407 1406/1406/1406
f 1409/1409/1409 1406/1406/1406 1407/1407/1407
f 1412/1412/1412 1411/1411/1411 1410/1410/1410
f 1413/1413/1413 1410/1410/1410 1411/1411/1411
f 1416/1416/1416 1415/1415/1415 1414/1414/1414
f 1417/1417/1417 1414/1414/1414 1415/1415/1415
f 1420/1420/1420 1419/1419/1419 1418/1418/1418
f 1421/1421/1421 1418/1418/1418 1419/1419/1419
f 1424/1424/1424 1423/1423/1423 1422/1422/1422
f 1425/1425/1425 1422/1422/1422 1423/1423/1423
f 1428/1428/1428 1427/1427/1427 1426/1426/1426
f 1429/1429/1429 1426/1426/1426 1427/1427/1427
f 1432/1432/1432 1431/1431/1431 1430/1430/1430
f 1433/1433/1433 1430/1430/1430 1431/1431/1431
f 1431/1431/1431 1432/1432/1432 1434/1434/1434
f 1435/1435/1435 1434/1434/1434 1432/1432/1432
f 1438/1438/1438 1437/1437/1437 1436/1436/1436
f 1439/1439/1439 1436/1436/1436 1437/1437/1437
f 1442/1442/1442 1441/1441/1441 1440/1440/1440
f 1443/1443/1443 1440/1440/1440 1441/1441/1441
f 1446/1446/1446 1445/1445/1445 1444/1444/1444
f 1447/1447/1447 1444/1444/1444 1445/1445/1445
f 1444/1444/1444 1447/1447/1447 1448/1448/1448
f 1449/1449/1449 1448/1448/1448 1447/1447/1447
f 1449/1449/1449 1450/1450/1450 1448/1448/1448
f 1451/1451/1451 1448/1448/1448 1450/1450/1450
f 1450/1450/1450 1452/1452/1452 1451/1451/1451
f 1453/1453/1453 1451/1451/1451 1452/1452/1452
f 1453/1453/1453 1452/1452/1452 1454/1454/1454
f 1455/1455/1455 1454/1454/1454 1452/1452/1452
f 1454/1454/1454 1455/1455/1455 1456/1456/1456
f 1457/1457/1457 1456/1456/1456 1455/1455/1455
f 1446/1446/1446 1458/1458/1458 1445/1445/1445
f 1459/1459/1459 1445/1445/1445 1458/1458/1458
f 1458/1458/1458 1460/1460/1460 1459/1459/1459
f 1461/1461/1461 1459/1459/1459 1460/1460/1460
f 1449/1449/1449 1447/1447/1447 1462/1462/1462
f 1449/1449/1449 1462/1462/1462 1450/1450/1450
f 1463/1463/1463 1462/1462/1462 1447/1447/1447
f 1464/1464/1464 1450/1450/1450 1462/1462/1462
f 1450/1450/1450 1464/1464/1464 1452/1452/1452
f 1465/1465/1465 1452/1452/1452 1464/1464/1464
f 1455/1455/1455 1452/1452/1452 1466/1466/1466
f 1465/1465/1465 1466/1466/1466 1452/1452/1452
f 1457/1457/1457 1455/1455/1455 1467/1467/1467
f 1466/1466/1466 1467/1467/1467 1455/1455/1455
f 1461/1461/1461 1468/1468/1468 1459/1459/1459
f 1469/1469/1469 1459/1459/1459 1468/1468/1468
f 1459/1459/1459 1469/1469/1469 1445/1445/1445
f 1447/1447/1447 1445/1445/1445 1463/1463/1463
f 1470/1470/1470 1463/1463/1463 1445/1445/1445
f 1470/1470/1470 1445/1445/1445 1469/1469/1469
f 1473/1473/1473 1472/1472/1472 1471/1471/1471
f 1474/1474/1474 1471/1471/1471 1472/1472/1472
f 1474/1474/1474 1475/1475/1475 1471/1471/1471
f 1476/1476/1476 1471/1471/1471 1475/1475/1475
f 1475/1475/1475 1474/1474/1474 1477/1477/1477
f 1478/1478/1478 1474/1474/1474 1472/1472/1472
f 1481/1481/1481 1480/1480/1480 1479/1479/1479
f 1482/1482/1482 1479/1479/1479 1480/1480/1480
f 1482/1482/1482 1483/1483/1483 1479/1479/1479
f 1484/1484/1484 1479/1479/1479 1483/1483/1483
f 1483/1483/1483 1482/1482/1482 1485/1485/1485
f 1486/1486/1486 1482/1482/1482 1480/1480/1480
f 1489/1489/1489 1488/1488/1488 1487/1487/1487
f 1490/1490/1490 1487/1487/1487 1488/1488/1488
f 1488/1488/1488 1491/1491/1491 1490/1490/1490
f 1492/1492/1492 1490/1490/1490 1491/1491/1491
f 1491/1491/1491 1493/1493/1493 1492/1492/1492
f 1494/1494/1494 1492/1492/1492 1493/1493/1493
f 1493/1493/1493 1495/1495/1495 1494/1494/1494
f 1496/1496/1496 1494/1494/1494 1495/1495/1495
f 1495/1495/1495 1497/1497/1497 1496/1496/1496
f 1498/1498/1498 1496/1496/1496 1497/1497/1497
f 1497/1497/1497 1499/1499/1499 1498/1498/1498
f 1500/1500/1500 1498/1498/1498 1499/1499/1499
f 1487/1487/1487 1501/1501/1501 1489/1489/1489
f 1502/1502/1502 1489/1489/1489 1501/1501/1501
f 1501/1501/1501 1503/1503/1503 1502/1502/1502
f 1504/1504/1504 1502/1502/1502 1503/1503/1503
f 1507/1507/1507 1506/1506/1506 1505/1505/1505
f 1508/1508/1508 1505/1505/1505 1506/1506/1506
f 1508/1508/1508 1509/1509/1509 1505/1505/1505
f 1510/1510/1510 1505/1505/1505 1509/1509/1509
f 1509/1509/1509 1508/1508/1508 1511/1511/1511
f 1512/1512/1512 1508/1508/1508 1506/1506/1506
f 1515/1515/1515 1514/1514/1514 1513/1513/1513
f 1516/1516/1516 1513/1513/1513 1514/1514/1514
f 1519/1519/1519 1518/1518/1518 1517/1517/1517
f 1520/1520/1520 1517/1517/1517 1518/1518/1518
f 1523/1523/1523 1522/1522/1522 1521/1521/1521
f 1524/1524/1524 1521/1521/1521 1522/1522/1522
f 1527/1527/1527 1526/1526/1526 1525/1525/1525
f 1528/1528/1528 1525/1525/1525 1526/1526/1526
f 1531/1531/1531 1530/1530/1530 1529/1529/1529
f 1532/1532/1532 1529/1529/1529 1530/1530/1530
f 1535/1535/1535 1534/1534/1534 1533/1533/1533
f 1536/1536/1536 1533/1533/1533 1534/1534/1534
f 1539/1539/1539 1538/1538/1538 1537/1537/1537
f 1540/1540/1540 1537/1537/1537 1538/1538/1538
f 1538/1538/1538 1539/1539/1539 1541/1541/1541
f 1542/1542/1542 1541/1541/1541 1539/1539/1539
f 1545/1545/1545 1544/1544/1544 1543/1543/1543
f 1546/1546/1546 1543/1543/1543 1544/1544/1544
f 1549/1549/1549 1548/1548/1548 1547/1547/1547
f 1550/1550/1550 1547/1547/1547 1548/1548/1548
f 1553/1553/1553 1552/1552/1552 1551/1551/1551
f 1554/1554/1554 1551/1551/1551 1552/1552/1552
f 1552/1552/1552 1555/1555/1555 1554/1554/1554
f 1556/1556/1556 1554/1554/1554 1555/1555/1555
f 1556/1556/1556 1555/1555/1555 1557/1557/1557
f 1558/1558/1558 1557/1557/1557 1555/1555/1555
f 1557/1557/1557 1558/1558/1558 1559/1559/1559
f 1560/1560/1560 1559/1559/1559 1558/1558/1558
f 1559/1559/1559 1560/1560/1560 1561/1561/1561
f 1562/1562/1562 1561/1561/1561 1560/1560/1560
f 1555/1555/1555 1552/1552/1552 1563/1563/1563
f 1555/1555/1555 1563/1563/1563 1558/1558/1558
f 1564/1564/1564 1563/1563/1563 1552/1552/1552
f 1553/1553/1553 1564/1564/1564 1552/1552/1552
f 1553/1553/1553 1565/1565/1565 1564/1564/1564
f 1566/1566/1566 1558/1558/1558 1563/1563/1563
f 1558/1558/1558 1566/1566/1566 1560/1560/1560
f 1567/1567/1567 1560/1560/1560 1566/1566/1566
f 1567/1567/1567 1562/1562/1562 1560/1560/1560
f 1562/1562/1562 1567/1567/1567 1568/1568/1568
f 1571/1571/1571 1570/1570/1570 1569/1569/1569
f 1572/1572/1572 1569/1569/1569 1570/1570/1570
f 1571/1571/1571 1569/1569/1569 1573/1573/1573
f 1574/1574/1574 1573/1573/1573 1569/1569/1569
f 1577/1577/1577 1576/1576/1576 1575/1575/1575
f 1578/1578/1578 1575/1575/1575 1576/1576/1576
f 1575/1575/1575 1579/1579/1579 1577/1577/1577
f 1580/1580/1580 1577/1577/1577 1579/1579/1579
f 1583/1583/1583 1582/1582/1582 1581/1581/1581
f 1584/1584/1584 1581/1581/1581 1582/1582/1582
f 1587/1587/1587 1586/1586/1586 1585/1585/1585
f 1588/1588/1588 1585/1585/1585 1586/1586/1586
f 1585/1585/1585 1589/1589/1589 1587/1587/1587
f 1590/1590/1590 1587/1587/1587 1589/1589/1589
f 1589/1589/1589 1591/1591/1591 1590/1590/1590
f 1592/1592/1592 1590/1590/1590 1591/1591/1591
f 1591/1591/1591 1593/1593/1593 1592/1592/1592
f 1594/1594/1594 1592/1592/1592 1593/1593/1593
f 1593/1593/1593 1595/1595/1595 1594/1594/1594
f 1596/1596/1596 1594/1594/1594 1595/1595/1595
f 1595/1595/1595 1597/1597/1597 1596/1596/1596
f 1598/1598/1598 1596/1596/1596 1597/1597/1597
f 1586/1586/1586 1599/1599/1599 1588/1588/1588
f 1600/1600/1600 1588/1588/1588 1599/1599/1599
f 1599/1599/1599 1601/1601/1601 1600/1600/1600
f 1602/1602/1602 1600/1600/1600 1601/1601/1601
f 1589/1589/1589 1603/1603/1603 1591/1591/1591
f 1603/1603/1603 1589/1589/1589 1604/1604/1604
f 1585/1585/1585 1604/1604/1604 1589/1589/1589
f 1604/1604/1604 1585/1585/1585 1605/1605/1605
f 1588/1588/1588 1605/1605/1605 1585/1585/1585
f 1593/1593/1593 1606/1606/1606 1595/1595/1595
f 1606/1606/1606 1593/1593/1593 1607/1607/1607
f 1607/1607/1607 1591/1591/1591 1603/1603/1603
f 1591/1591/1591 1607/1607/1607 1593/1593/1593
f 1602/1602/1602 1608/1608/1608 1600/1600/1600
f 1609/1609/1609 1600/1600/1600 1608/1608/1608
f 1605/1605/1605 1588/1588/1588 1609/1609/1609
f 1600/1600/1600 1609/1609/1609 1588/1588/1588
f 1610/1610/1610 1595/1595/1595 1606/1606/1606
f 1595/1595/1595 1610/1610/1610 1597/1597/1597
f 1611/1611/1611 1597/1597/1597 1610/1610/1610
f 1614/1614/1614 1613/1613/1613 1612/1612/1612
f 1615/1615/1615 1612/1612/1612 1613/1613/1613
f 1614/1614/1614 1616/1616/1616 1613/1613/1613
f 1617/1617/1617 1613/1613/1613 1616/1616/1616
f 1616/1616/1616 1614/1614/1614 1618/1618/1618
f 1619/1619/1619 1614/1614/1614 1612/1612/1612
f 1622/1622/1622 1621/1621/1621 1620/1620/1620
f 1623/1623/1623 1620/1620/1620 1621/1621/1621
f 1620/1620/1620 1624/1624/1624 1622/1622/1622
f 1625/1625/1625 1622/1622/1622 1624/1624/1624
f 1624/1624/1624 1626/1626/1626 1625/1625/1625
f 1627/1627/1627 1625/1625/1625 1626/1626/1626
f 1626/1626/1626 1628/1628/1628 1627/1627/1627
f 1629/1629/1629 1627/1627/1627 1628/1628/1628
f 1628/1628/1628 1630/1630/1630 1629/1629/1629
f 1631/1631/1631 1629/1629/1629 1630/1630/1630
f 1630/1630/1630 1632/1632/1632 1631/1631/1631
f 1633/1633/1633 1631/1631/1631 1632/1632/1632
f 1621/1621/1621 1634/1634/1634 1623/1623/1623
f 1635/1635/1635 1623/1623/1623 1634/1634/1634
f 1634/1634/1634 1636/1636/1636 1635/1635/1635
f 1637/1637/1637 1635/1635/1635 1636/1636/1636
f 1624/1624/1624 1638/1638/1638 1626/1626/1626
f 1638/1638/1638 1624/1624/1624 1639/1639/1639
f 1620/1620/1620 1639/1639/1639 1624/1624/1624
f 1639/1639/1639 1620/1620/1620 1640/1640/1640
f 1623/1623/1623 1640/1640/1640 1620/1620/1620
f 1628/1628/1628 1641/1641/1641 1630/1630/1630
f 1641/1641/1641 1628/1628/1628 1642/1642/1642
f 1642/1642/1642 1626/1626/1626 1638/1638/1638
f 1626/1626/1626 1642/1642/1642 1628/1628/1628
f 1637/1637/1637 1643/1643/1643 1635/1635/1635
f 1644/1644/1644 1635/1635/1635 1643/1643/1643
f 1640/1640/1640 1623/1623/1623 1644/1644/1644
f 1635/1635/1635 1644/1644/1644 1623/1623/1623
f 1645/1645/1645 1630/1630/1630 1641/1641/1641
f 1630/1630/1630 1645/1645/1645 1632/1632/1632
f 1646/1646/1646 1632/1632/1632 1645/1645/1645
f 1649/1649/1649 1648/1648/1648 1647/1647/1647
f 1650/1650/1650 1647/1647/1647 1648/1648/1648
f 1649/1649/1649 1651/1651/1651 1648/1648/1648
f 1652/1652/1652 1648/1648/1648 1651/1651/1651
f 1651/1651/1651 1649/1649/1649 1653/1653/1653
f 1654/1654/1654 1649/1649/1649 1647/1647/1647
f 1657/1657/1657 1656/1656/1656 1655/1655/1655
f 1658/1658/1658 1655/1655/1655 1656/1656/1656
f 1661/1661/1661 1660/1660/1660 1659/1659/1659
f 1662/1662/1662 1659/1659/1659 1660/1660/1660
f 1665/1665/1665 1664/1664/1664 1663/1663/1663
f 1666/1666/1666 1663/1663/1663 1664/1664/1664
f 1669/1669/1669 1668/1668/1668 1667/1667/1667
f 1670/1670/1670 1667/1667/1667 1668/1668/1668
f 1673/1673/1673 1672/1672/1672 1671/1671/1671
f 1674/1674/1674 1671/1671/1671 1672/1672/1672
f 1677/1677/1677 1676/1676/1676 1675/1675/1675
f 1678/1678/1678 1675/1675/1675 1676/1676/1676
f 1681/1681/1681 1680/1680/1680 1679/1679/1679
f 1682/1682/1682 1679/1679/1679 1680/1680/1680
f 1679/1679/1679 1683/1683/1683 1681/1681/1681
f 1684/1684/1684 1681/1681/1681 1683/1683/1683
f 1683/1683/1683 1685/1685/1685 1684/1684/1684
f 1685/1685/1685 1686/1686/1686 1684/1684/1684
f 1687/1687/1687 1684/1684/1684 1686/1686/1686
f 1690/1690/1690 1689/1689/1689 1688/1688/1688
f 1691/1691/1691 1688/1688/1688 1689/1689/1689
f 1688/1688/1688 1691/1691/1691 1692/1692/1692
f 1693/1693/1693 1692/1692/1692 1691/1691/1691
f 1693/1693/1693 1694/1694/1694 1692/1692/1692
f 1694/1694/1694 1693/1693/1693 1695/1695/1695
f 1696/1696/1696 1695/1695/1695 1693/1693/1693
f 1699/1699/1699 1698/1698/1698 1697/1697/1697
f 1700/1700/1700 1697/1697/1697 1698/1698/1698
f 1703/1703/1703 1702/1702/1702 1701/1701/1701
f 1704/1704/1704 1701/1701/1701 1702/1702/1702
f 1702/1702/1702 1703/1703/1703 1705/1705/1705
f 1706/1706/1706 1705/1705/1705 1703/1703/1703
f 1705/1705/1705 1706/1706/1706 1707/1707/1707
f 1708/1708/1708 1707/1707/1707 1706/1706/1706
f 1707/1707/1707 1708/1708/1708 1709/1709/1709
f 1710/1710/1710 1709/1709/1709 1708/1708/1708
f 1713/1713/1713 1712/1712/1712 1711/1711/1711
f 1714/1714/1714 1711/1711/1711 1712/1712/1712
f 1717/1717/1717 1716/1716/1716 1715/1715/1715
f 1718/1718/1718 1715/1715/1715 1716/1716/1716
f 1716/1716/1716 1717/1717/1717 1719/1719/1719
f 1720/1720/1720 1719/1719/1719 1717/1717/1717
f 1719/1719/1719 1720/1720/1720 1721/1721/1721
f 1722/1722/1722 1721/1721/1721 1720/1720/1720
f 1725/1725/1725 1724/1724/1724 1723/1723/1723
f 1726/1726/1726 1723/1723/1723 1724/1724/1724
f 1723/1723/1723 1727/1727/1727 1725/1725/1725
f 1728/1728/1728 1725/1725/1725 1727/1727/1727
f 1727/1727/1727 1729/1729/1729 1728/1728/1728
f 1730/1730/1730 1728/1728/1728 1729/1729/1729
f 1729/1729/1729 1731/1731/1731 1730/1730/1730
f 1732/1732/1732 1730/1730/1730 1731/1731/1731
f 1731/1731/1731 1733/1733/1733 1732/1732/1732
f 1734/1734/1734 1732/1732/1732 1733/1733/1733
f 1733/1733/1733 1735/1735/1735 1734/1734/1734
f 1736/1736/1736 1734/1734/1734 1735/1735/1735
f 1735/1735/1735 1737/1737/1737 1736/1736/1736
f 1738/1738/1738 1736/1736/1736 1737/1737/1737
f 1737/1737/1737 1739/1739/1739 1738/1738/1738
f 1740/1740/1740 1738/1738/1738 1739/1739/1739
f 1743/1743/1743 1742/1742/1742 1741/1741/1741
f 1744/1744/1744 1741/1741/1741 1742/1742/1742
f 1744/1744/1744 1745/1745/1745 1741/1741/1741
f 1746/1746/1746 1741/1741/1741 1745/1745/1745
f 1744/1744/1744 1747/1747/1747 1745/1745/1745
f 1744/1744/1744 1742/1742/1742 1748/1748/1748
f 1751/1751/1751 1750/1750/1750 1749/1749/1749
f 1752/1752/1752 1749/1749/1749 1750/1750/1750
f 1752/1752/1752 1753/1753/1753 1749/1749/1749
f 1754/1754/1754 1749/1749/1749 1753/1753/1753
f 1752/1752/1752 1755/1755/1755 1753/1753/1753
f 1752/1752/1752 1750/1750/1750 1756/1756/1756
f 1759/1759/1759 1758/1758/1758 1757/1757/1757
f 1760/1760/1760 1757/1757/1757 1758/1758/1758
f 1759/1759/1759 1757/1757/1757 1761/1761/1761
f 1762/1762/1762 1761/1761/1761 1757/1757/1757
f 1765/1765/1765 1764/1764/1764 1763/1763/1763
f 1766/1766/1766 1763/1763/1763 1764/1764/1764
f 1764/1764/1764 1765/1765/1765 1767/1767/1767
f 1768/1768/1768 1767/1767/1767 1765/1765/1765
f 1771/1771/1771 1770/1770/1770 1769/1769/1769
f 1772/1772/1772 1769/1769/1769 1770/1770/1770
f 1770/1770/1770 1771/1771/1771 1773/1773/1773
f 1774/1774/1774 1773/1773/1773 1771/1771/1771
f 1777/1777/1777 1776/1776/1776 1775/1775/1775
f 1778/1778/1778 1775/1775/1775 1776/1776/1776
f 1781/1781/1781 1780/1780/1780 1779/1779/1779
f 1782/1782/1782 1779/1779/1779 1780/1780/1780
f 1780/1780/1780 1781/1781/1781 1783/1783/1783
f 1784/1784/1784 1783/1783/1783 1781/1781/1781
f 1787/1787/1787 1786/1786/1786 1785/1785/1785
f 1788/1788/1788 1785/1785/1785 1786/1786/1786
f 1791/1791/1791 1790/1790/1790 1789/1789/1789
f 1792/1792/1792 1789/1789/1789 1790/1790/1790
f 1789/1789/1789 1793/1793/1793 1791/1791/1791
f 1794/1794/1794 1791/1791/1791 1793/1793/1793
f 1793/1793/1793 1795/1795/1795 1794/1794/1794
f 1796/1796/1796 1794/1794/1794 1795/1795/1795
f 1795/1795/1795 1797/1797/1797 1796/1796/1796
f 1798/1798/1798 1796/1796/1796 1797/1797/1797
f 1797/1797/1797 1799/1799/1799 1798/1798/1798
f 1800/1800/1800 1798/1798/1798 1799/1799/1799
f 1799/1799/1799 1801/1801/1801 1800/1800/1800
f 1802/1802/1802 1800/1800/1800 1801/1801/1801
f 1801/1801/1801 1803/1803/1803 1802/1802/1802
f 1804/1804/1804 1802/1802/1802 1803/1803/1803
f 1790/1790/1790 1805/1805/1805 1792/1792/1792
f 1806/1806/1806 1792/1792/1792 1805/1805/1805
f 1809/1809/1809 1808/1808/1808 1807/1807/1807
f 1810/1810/1810 1807/1807/1807 1808/1808/1808
f 1810/1810/1810 1811/1811/1811 1807/1807/1807
f 1812/1812/1812 1807/1807/1807 1811/1811/1811
f 1810/1810/1810 1813/1813/1813 1811/1811/1811
f 1810/1810/1810 1808/1808/1808 1814/1814/1814
f 1817/1817/1817 1816/1816/1816 1815/1815/1815
f 1818/1818/1818 1815/1815/1815 1816/1816/1816
f 1818/1818/1818 1819/1819/1819 1815/1815/1815
f 1820/1820/1820 1815/1815/1815 1819/1819/1819
f 1818/1818/1818 1821/1821/1821 1819/1819/1819
f 1818/1818/1818 1816/1816/1816 1822/1822/1822
f 1825/1825/1825 1824/1824/1824 1823/1823/1823
f 1826/1826/1826 1823/1823/1823 1824/1824/1824
f 1824/1824/1824 1825/1825/1825 1827/1827/1827
f 1828/1828/1828 1827/1827/1827 1825/1825/1825
f 1827/1827/1827 1828/1828/1828 1829/1829/1829
f 1830/1830/1830 1829/1829/1829 1828/1828/1828
f 1829/1829/1829 1830/1830/1830 1831/1831/1831
f 1832/1832/1832 1831/1831/1831 1830/1830/1830
f 1831/1831/1831 1832/1832/1832 1833/1833/1833
f 1834/1834/1834 1833/1833/1833 1832/1832/1832
f 1833/1833/1833 1834/1834/1834 1835/1835/1835
f 1836/1836/1836 1835/1835/1835 1834/1834/1834
f 1823/1823/1823 1826/1826/1826 1837/1837/1837
f 1838/1838/1838 1837/1837/1837 1826/1826/1826
f 1837/1837/1837 1838/1838/1838 1839/1839/1839
f 1840/1840/1840 1839/1839/1839 1838/1838/1838
f 1828/1828/1828 1825/1825/1825 1841/1841/1841
f 1842/1842/1842 1841/1841/1841 1825/1825/1825
f 1825/1825/1825 1823/1823/1823 1842/1842/1842
f 1843/1843/1843 1842/1842/1842 1823/1823/1823
f 1823/1823/1823 1837/1837/1837 1843/1843/1843
f 1832/1832/1832 1830/1830/1830 1844/1844/1844
f 1845/1845/1845 1844/1844/1844 1830/1830/1830
f 1841/1841/1841 1845/1845/1845 1828/1828/1828
f 1830/1830/1830 1828/1828/1828 1845/1845/1845
f 1836/1836/1836 1834/1834/1834 1846/1846/1846
f 1847/1847/1847 1846/1846/1846 1834/1834/1834
f 1844/1844/1844 1847/1847/1847 1832/1832/1832
f 1834/1834/1834 1832/1832/1832 1847/1847/1847
f 1849/1849/1849 1848/1848/1848 1839/1839/1839
f 1848/1848/1848 1843/1843/1843 1837/1837/1837
f 1837/1837/1837 1839/1839/1839 1848/1848/1848
f 1852/1852/1852 1851/1851/1851 1850/1850/1850
f 1853/1853/1853 1850/1850/1850 1851/1851/1851
f 1853/1853/1853 1854/1854/1854 1850/1850/1850
f 1855/1855/1855 1850/1850/1850 1854/1854/1854
f 1853/1853/1853 1856/1856/1856 1854/1854/1854
f 1853/1853/1853 1851/1851/1851 1857/1857/1857
f 1860/1860/1860 1859/1859/1859 1858/1858/1858
f 1861/1861/1861 1858/1858/1858 1859/1859/1859
f 1861/1861/1861 1862/1862/1862 1858/1858/1858
f 1863/1863/1863 1858/1858/1858 1862/1862/1862
f 1861/1861/1861 1864/1864/1864 1862/1862/1862
f 1861/1861/1861 1859/1859/1859 1865/1865/1865
f 1868/1868/1868 1867/1867/1867 1866/1866/1866
f 1869/1869/1869 1866/1866/1866 1867/1867/1867
f 1867/1867/1867 1868/1868/1868 1870/1870/1870
f 1871/1871/1871 1870/1870/1870 1868/1868/1868
f 1870/1870/1870 1871/1871/1871 1872/1872/1872
f 1873/1873/1873 1872/1872/1872 1871/1871/1871
f 1872/1872/1872 1873/1873/1873 1874/1874/1874
f 1875/1875/1875 1874/1874/1874 1873/1873/1873
f 1874/1874/1874 1875/1875/1875 1876/1876/1876
f 1877/1877/1877 1876/1876/1876 1875/1875/1875
f 1876/1876/1876 1877/1877/1877 1878/1878/1878
f 1879/1879/1879 1878/1878/1878 1877/1877/1877
f 1866/1866/1866 1869/1869/1869 1880/1880/1880
f 1881/1881/1881 1880/1880/1880 1869/1869/1869
f 1880/1880/1880 1881/1881/1881 1882/1882/1882
f 1883/1883/1883 1882/1882/1882 1881/1881/1881
f 1871/1871/1871 1868/1868/1868 1884/1884/1884
f 1885/1885/1885 1884/1884/1884 1868/1868/1868
f 1868/1868/1868 1866/1866/1866 1885/1885/1885
f 1886/1886/1886 1885/1885/1885 1866/1866/1866
f 1866/1866/1866 1880/1880/1880 1886/1886/1886
f 1875/1875/1875 1873/1873/1873 1887/1887/1887
f 1888/1888/1888 1887/1887/1887 1873/1873/1873
f 1884/1884/1884 1888/1888/1888 1871/1871/1871
f 1873/1873/1873 1871/1871/1871 1888/1888/1888
f 1879/1879/1879 1877/1877/1877 1889/1889/1889
f 1890/1890/1890 1889/1889/1889 1877/1877/1877
f 1887/1887/1887 1890/1890/1890 1875/1875/1875
f 1877/1877/1877 1875/1875/1875 1890/1890/1890
f 1892/1892/1892 1891/1891/1891 1882/1882/1882
f 1891/1891/1891 1886/1886/1886 1880/1880/1880
f 1880/1880/1880 1882/1882/1882 1891/1891/1891
f 1895/1895/1895 1894/1894/1894 1893/1893/1893
f 1896/1896/1896 1893/1893/1893 1894/1894/1894
f 1896/1896/1896 1897/1897/1897 1893/1893/1893
f 1898/1898/1898 1893/1893/1893 1897/1897/1897
f 1896/1896/1896 1899/1899/1899 1897/1897/1897
f 1896/1896/1896 1894/1894/1894 1900/1900/1900
f 1903/1903/1903 1902/1902/1902 1901/1901/1901
f 1904/1904/1904 1901/1901/1901 1902/1902/1902
f 1904/1904/1904 1905/1905/1905 1901/1901/1901
f 1906/1906/1906 1901/1901/1901 1905/1905/1905
f 1904/1904/1904 1907/1907/1907 1905/1905/1905
f 1904/1904/1904 1902/1902/1902 1908/1908/1908
f 1911/1911/1911 1910/1910/1910 1909/1909/1909
f 1912/1912/1912 1909/1909/1909 1910/1910/1910
f 1915/1915/1915 1914/1914/1914 1913/1913/1913
f 1916/1916/1916 1913/1913/1913 1914/1914/1914
f 1913/1913/1913 1917/1917/1917 1915/1915/1915
f 1918/1918/1918 1915/1915/1915 1917/1917/1917
f 1917/1917/1917 1919/1919/1919 1918/1918/1918
f 1920/1920/1920 1918/1918/1918 1919/1919/1919
f 1919/1919/1919 1921/1921/1921 1920/1920/1920
f 1922/1922/1922 1920/1920/1920 1921/1921/1921
f 1921/1921/1921 1923/1923/1923 1922/1922/1922
f 1924/1924/1924 1922/1922/1922 1923/1923/1923
f 1923/1923/1923 1925/1925/1925 1924/1924/1924
f 1926/1926/1926 1924/1924/1924 1925/1925/1925
f 1925/1925/1925 1927/1927/1927 1926/1926/1926
f 1928/1928/1928 1926/1926/1926 1927/1927/1927
f 1927/1927/1927 1929/1929/1929 1928/1928/1928
f 1930/1930/1930 1928/1928/1928 1929/1929/1929
f 1914/1914/1914 1931/1931/1931 1916/1916/1916
f 1931/1931/1931 1933/1933/1933 1932/1932/1932
f 1934/1934/1934 1932/1932/1932 1933/1933/1933
f 1932/1932/1932 1916/1916/1916 1931/1931/1931
f 1937/1937/1937 1936/1936/1936 1935/1935/1935
f 1938/1938/1938 1935/1935/1935 1936/1936/1936
f 1938/1938/1938 1939/1939/1939 1935/1935/1935
f 1940/1940/1940 1935/1935/1935 1939/1939/1939
f 1938/1938/1938 1941/1941/1941 1939/1939/1939
f 1942/1942/1942 1939/1939/1939 1941/1941/1941
f 1938/1938/1938 1943/1943/1943 1941/1941/1941
f 1938/1938/1938 1936/1936/1936 1944/1944/1944
f 1947/1947/1947 1946/1946/1946 1945/1945/1945
f 1948/1948/1948 1945/1945/1945 1946/1946/1946
f 1948/1948/1948 1949/1949/1949 1945/1945/1945
f 1950/1950/1950 1945/1945/1945 1949/1949/1949
f 1948/1948/1948 1951/1951/1951 1949/1949/1949
f 1952/1952/1952 1949/1949/1949 1951/1951/1951
f 1948/1948/1948 1953/1953/1953 1951/1951/1951
f 1948/1948/1948 1946/1946/1946 1954/1954/1954
f 1957/1957/1957 1956/1956/1956 1955/1955/1955
f 1958/1958/1958 1955/1955/1955 1956/1956/1956
f 1955/1955/1955 1958/1958/1958 1959/1959/1959
f 1960/1960/1960 1959/1959/1959 1958/1958/1958
f 1959/1959/1959 1960/1960/1960 1961/1961/1961
f 1962/1962/1962 1961/1961/1961 1960/1960/1960
f 1961/1961/1961 1962/1962/1962 1963/1963/1963
f 1956/1956/1956 1957/1957/1957 1964/1964/1964
f 1965/1965/1965 1964/1964/1964 1957/1957/1957
f 1965/1965/1965 1966/1966/1966 1964/1964/1964
f 1967/1967/1967 1964/1964/1964 1966/1966/1966
f 1966/1966/1966 1968/1968/1968 1967/1967/1967
f 1968/1968/1968 1969/1969/1969 1967/1967/1967
f 1970/1970/1970 1967/1967/1967 1969/1969/1969
f 1969/1969/1969 1971/1971/1971 1970/1970/1970
f 1972/1972/1972 1970/1970/1970 1971/1971/1971
f 1975/1975/1975 1974/1974/1974 1973/1973/1973
f 1976/1976/1976 1973/1973/1973 1974/1974/1974
f 1974/1974/1974 1977/1977/1977 1976/1976/1976
f 1978/1978/1978 1976/1976/1976 1977/1977/1977
f 1977/1977/1977 1979/1979/1979 1978/1978/1978
f 1980/1980/1980 1978/1978/1978 1979/1979/1979
f 1973/1973/1973 1981/1981/1981 1975/1975/1975
f 1975/1975/1975 1981/1981/1981 1982/1982/1982
f 1982/1982/1982 1981/1981/1981 1983/1983/1983
f 1984/1984/1984 1983/1983/1983 1981/1981/1981
f 1983/1983/1983 1984/1984/1984 1985/1985/1985
f 1984/1984/1984 1986/1986/1986 1985/1985/1985
f 1987/1987/1987 1985/1985/1985 1986/1986/1986
f 1987/1987/1987 1986/1986/1986 1988/1988/1988
f 1986/1986/1986 1989/1989/1989 1988/1988/1988
f 1990/1990/1990 1980/1980/1980 1979/1979/1979
f 1993/1993/1993 1992/1992/1992 1991/1991/1991
f 1994/1994/1994 1991/1991/1991 1992/1992/1992
f 1993/1993/1993 1991/1991/1991 1995/1995/1995
f 1996/1996/1996 1995/1995/1995 1991/1991/1991
f 1996/1996/1996 1997/1997/1997 1995/1995/1995
f 1998/1998/1998 1995/1995/1995 1997/1997/1997
f 1997/1997/1997 1999/1999/1999 1998/1998/1998
f 2000/2000/2000 1998/1998/1998 1999/1999/1999
f 2000/2000/2000 1999/1999/1999 2001/2001/2001
f 2002/2002/2002 2001/2001/2001 1999/1999/1999
f 2001/2001/2001 2002/2002/2002 2003/2003/2003
f 2006/2006/2006 2005/2005/2005 2004/2004/2004
f 2007/2007/2007 2004/2004/2004 2005/2005/2005
f 2010/2010/2010 2009/2009/2009 2008/2008/2008
f 2011/2011/2011 2008/2008/2008 2009/2009/2009
f 2014/2014/2014 2013/2013/2013 2012/2012/2012
f 2015/2015/2015 2012/2012/2012 2013/2013/2013
f 2015/2015/2015 2016/2016/2016 2012/2012/2012
f 2017/2017/2017 2012/2012/2012 2016/2016/2016
f 2016/2016/2016 2018/2018/2018 2017/2017/2017
f 2021/2021/2021 2020/2020/2020 2019/2019/2019
f 2022/2022/2022 2019/2019/2019 2020/2020/2020
f 2025/2025/2025 2024/2024/2024 2023/2023/2023
f 2026/2026/2026 2023/2023/2023 2024/2024/2024
f 2025/2025/2025 2023/2023/2023 2027/2027/2027
f 2028/2028/2028 2027/2027/2027 2023/2023/2023
f 2028/2028/2028 2023/2023/2023 2029/2029/2029
f 2032/2032/2032 2031/2031/2031 2030/2030/2030
f 2033/2033/2033 2030/2030/2030 2031/2031/2031
f 2030/2030/2030 2034/2034/2034 2032/2032/2032
f 2035/2035/2035 2032/2032/2032 2034/2034/2034
f 2034/2034/2034 2030/2030/2030 2036/2036/2036
f 2039/2039/2039 2038/2038/2038 2037/2037/2037
f 2040/2040/2040 2037/2037/2037 2038/2038/2038
f 2038/2038/2038 2041/2041/2041 2040/2040/2040
f 2042/2042/2042 2040/2040/2040 2041/2041/2041
f 2041/2041/2041 2038/2038/2038 2043/2043/2043
f 2046/2046/2046 2045/2045/2045 2044/2044/2044
f 2047/2047/2047 2044/2044/2044 2045/2045/2045
f 2045/2045/2045 2046/2046/2046 2048/2048/2048
f 2049/2049/2049 2048/2048/2048 2046/2046/2046
f 2048/2048/2048 2049/2049/2049 2050/2050/2050
f 2051/2051/2051 2050/2050/2050 2049/2049/2049
f 2050/2050/2050 2051/2051/2051 2052/2052/2052
f 2053/2053/2053 2052/2052/2052 2051/2051/2051
f 2054/2054/2054 2052/2052/2052 2053/2053/2053
f 2055/2055/2055 2044/2044/2044 2047/2047/2047
f 2058/2058/2058 2057/2057/2057 2056/2056/2056
f 2059/2059/2059 2056/2056/2056 2057/2057/2057
f 2058/2058/2058 2056/2056/2056 2060/2060/2060
f 2061/2061/2061 2060/2060/2060 2056/2056/2056
f 2058/2058/2058 2062/2062/2062 2057/2057/2057
f 2062/2062/2062 2058/2058/2058 2060/2060/2060
f 2065/2065/2065 2064/2064/2064 2063/2063/2063
f 2066/2066/2066 2063/2063/2063 2064/2064/2064
f 2063/2063/2063 2067/2067/2067 2065/2065/2065
f 2068/2068/2068 2065/2065/2065 2067/2067/2067
f 2068/2068/2068 2067/2067/2067 2069/2069/2069
f 2070/2070/2070 2069/2069/2069 2067/2067/2067
f 2069/2069/2069 2070/2070/2070 2071/2071/2071
f 2072/2072/2072 2071/2071/2071 2070/2070/2070
f 2073/2073/2073 2071/2071/2071 2072/2072/2072
f 2076/2076/2076 2075/2075/2075 2074/2074/2074
f 2077/2077/2077 2074/2074/2074 2075/2075/2075
f 2075/2075/2075 2078/2078/2078 2077/2077/2077
f 2079/2079/2079 2077/2077/2077 2078/2078/2078
f 2079/2079/2079 2080/2080/2080 2077/2077/2077
f 2081/2081/2081 2077/2077/2077 2080/2080/2080
f 2077/2077/2077 2081/2081/2081 2074/2074/2074
f 2082/2082/2082 2074/2074/2074 2081/2081/2081
f 2079/2079/2079 2078/2078/2078 2083/2083/2083
f 2080/2080/2080 2079/2079/2079 2083/2083/2083
f 2074/2074/2074 2082/2082/2082 2084/2084/2084
f 2084/2084/2084 2085/2085/2085 2074/2074/2074
f 2086/2086/2086 2074/2074/2074 2085/2085/2085
f 2074/2074/2074 2086/2086/2086 2087/2087/2087
f 2074/2074/2074 2087/2087/2087 2076/2076/2076
f 2088/2088/2088 2087/2087/2087 2086/2086/2086
f 2091/2091/2091 2090/2090/2090 2089/2089/2089
f 2092/2092/2092 2089/2089/2089 2090/2090/2090
f 2093/2093/2093 2090/2090/2090 2091/2091/2091
f 2093/2093/2093 2094/2094/2094 2090/2090/2090
f 2095/2095/2095 2090/2090/2090 2094/2094/2094
f 2094/2094/2094 2096/2096/2096 2095/2095/2095
f 2097/2097/2097 2095/2095/2095 2096/2096/2096
f 2096/2096/2096 2098/2098/2098 2097/2097/2097
f 2099/2099/2099 2097/2097/2097 2098/2098/2098
f 2098/2098/2098 2100/2100/2100 2099/2099/2099
f 2101/2101/2101 2099/2099/2099 2100/2100/2100
f 2101/2101/2101 2100/2100/2100 2102/2102/2102
f 2105/2105/2105 2104/2104/2104 2103/2103/2103
f 2106/2106/2106 2103/2103/2103 2104/2104/2104
f 2106/2106/2106 2107/2107/2107 2103/2103/2103
f 2108/2108/2108 2103/2103/2103 2107/2107/2107
f 2107/2107/2107 2109/2109/2109 2108/2108/2108
f 2110/2110/2110 2108/2108/2108 2109/2109/2109
f 2111/2111/2111 2110/2110/2110 2109/2109/2109
f 2114/2114/2114 2113/2113/2113 2112/2112/2112
f 2115/2115/2115 2112/2112/2112 2113/2113/2113
f 2115/2115/2115 2113/2113/2113 2116/2116/2116
f 2117/2117/2117 2116/2116/2116 2113/2113/2113
f 2116/2116/2116 2117/2117/2117 2118/2118/2118
f 2119/2119/2119 2118/2118/2118 2117/2117/2117
f 2120/2120/2120 2118/2118/2118 2119/2119/2119
f 2123/2123/2123 2122/2122/2122 2121/2121/2121
f 2124/2124/2124 2121/2121/2121 2122/2122/2122
f 2127/2127/2127 2126/2126/2126 2125/2125/2125
f 2128/2128/2128 2125/2125/2125 2126/2126/2126
f 2131/2131/2131 2130/2130/2130 2129/2129/2129
f 2132/2132/2132 2129/2129/2129 2130/2130/2130
f 2130/2130/2130 2133/2133/2133 2132/2132/2132
f 2134/2134/2134 2132/2132/2132 2133/2133/2133
f 2133/2133/2133 2135/2135/2135 2134/2134/2134
f 2136/2136/2136 2134/2134/2134 2135/2135/2135
f 2135/2135/2135 2137/2137/2137 2136/2136/2136
f 2138/2138/2138 2136/2136/2136 2137/2137/2137
f 2141/2141/2141 2140/2140/2140 2139/2139/2139
f 2142/2142/2142 2139/2139/2139 2140/2140/2140
f 2140/2140/2140 2143/2143/2143 2142/2142/2142
f 2144/2144/2144 2142/2142/2142 2143/2143/2143
f 2143/2143/2143 2145/2145/2145 2144/2144/2144
f 2146/2146/2146 2144/2144/2144 2145/2145/2145
f 2145/2145/2145 2147/2147/2147 2146/2146/2146
f 2148/2148/2148 2146/2146/2146 2147/2147/2147
f 2147/2147/2147 2149/2149/2149 2148/2148/2148
f 2150/2150/2150 2148/2148/2148 2149/2149/2149
f 2149/2149/2149 2151/2151/2151 2150/2150/2150
f 2152/2152/2152 2150/2150/2150 2151/2151/2151
f 2155/2155/2155 2154/2154/2154 2153/2153/2153
f 2156/2156/2156 2153/2153/2153 2154/2154/2154
f 2155/2155/2155 2157/2157/2157 2154/2154/2154
f 2158/2158/2158 2154/2154/2154 2157/2157/2157
f 2153/2153/2153 2156/2156/2156 2159/2159/2159
f 2160/2160/2160 2159/2159/2159 2156/2156/2156
f 2160/2160/2160 2161/2161/2161 2159/2159/2159
f 2162/2162/2162 2159/2159/2159 2161/2161/2161
f 2162/2162/2162 2161/2161/2161 2163/2163/2163
f 2164/2164/2164 2163/2163/2163 2161/2161/2161
f 2158/2158/2158 2157/2157/2157 2165/2165/2165
f 2166/2166/2166 2163/2163/2163 2164/2164/2164
f 2169/2169/2169 2168/2168/2168 2167/2167/2167
f 2170/2170/2170 2167/2167/2167 2168/2168/2168
f 2168/2168/2168 2171/2171/2171 2170/2170/2170
f 2172/2172/2172 2170/2170/2170 2171/2171/2171
f 2171/2171/2171 2173/2173/2173 2172/2172/2172
f 2174/2174/2174 2172/2172/2172 2173/2173/2173
f 2173/2173/2173 2175/2175/2175 2174/2174/2174
f 2176/2176/2176 2174/2174/2174 2175/2175/2175
f 2177/2177/2177 2176/2176/2176 2175/2175/2175
f 2180/2180/2180 2179/2179/2179 2178/2178/2178
f 2181/2181/2181 2178/2178/2178 2179/2179/2179
f 2178/2178/2178 2182/2182/2182 2180/2180/2180
f 2185/2185/2185 2184/2184/2184 2183/2183/2183
f 2186/2186/2186 2183/2183/2183 2184/2184/2184
f 2189/2189/2189 2188/2188/2188 2187/2187/2187
f 2190/2190/2190 2187/2187/2187 2188/2188/2188
f 2188/2188/2188 2191/2191/2191 2190/2190/2190
f 2192/2192/2192 2190/2190/2190 2191/2191/2191
f 2191/2191/2191 2193/2193/2193 2192/2192/2192
f 2194/2194/2194 2192/2192/2192 2193/2193/2193
f 2197/2197/2197 2196/2196/2196 2195/2195/2195
f 2198/2198/2198 2195/2195/2195 2196/2196/2196
f 2201/2201/2201 2200/2200/2200 2199/2199/2199
f 2202/2202/2202 2199/2199/2199 2200/2200/2200
f 2205/2205/2205 2204/2204/2204 2203/2203/2203
f 2206/2206/2206 2203/2203/2203 2204/2204/2204
f 2209/2209/2209 2208/2208/2208 2207/2207/2207
f 2210/2210/2210 2207/2207/2207 2208/2208/2208
f 2213/2213/2213 2212/2212/2212 2211/2211/2211
f 2214/2214/2214 2211/2211/2211 2212/2212/2212
f 2214/2214/2214 2212/2212/2212 2215/2215/2215
f 2216/2216/2216 2215/2215/2215 2212/2212/2212
f 2216/2216/2216 2217/2217/2217 2215/2215/2215
f 2218/2218/2218 2215/2215/2215 2217/2217/2217
f 2217/2217/2217 2219/2219/2219 2218/2218/2218
f 2220/2220/2220 2218/2218/2218 2219/2219/2219
f 2219/2219/2219 2221/2221/2221 2220/2220/2220
f 2222/2222/2222 2220/2220/2220 2221/2221/2221
f 2221/2221/2221 2223/2223/2223 2222/2222/2222
f 2224/2224/2224 2222/2222/2222 2223/2223/2223
f 2227/2227/2227 2226/2226/2226 2225/2225/2225
f 2228/2228/2228 2225/2225/2225 2226/2226/2226
f 2226/2226/2226 2229/2229/2229 2228/2228/2228
f 2230/2230/2230 2228/2228/2228 2229/2229/2229
f 2229/2229/2229 2231/2231/2231 2230/2230/2230
f 2232/2232/2232 2230/2230/2230 2231/2231/2231
f 2231/2231/2231 2233/2233/2233 2232/2232/2232
f 2234/2234/2234 2232/2232/2232 2233/2233/2233
f 2234/2234/2234 2233/2233/2233 2235/2235/2235
f 2236/2236/2236 2235/2235/2235 2233/2233/2233
f 2227/2227/2227 2225/2225/2225 2237/2237/2237
f 2238/2238/2238 2237/2237/2237 2225/2225/2225
f 2238/2238/2238 2239/2239/2239 2237/2237/2237
f 2240/2240/2240 2237/2237/2237 2239/2239/2239
f 2243/2243/2243 2242/2242/2242 2241/2241/2241
f 2244/2244/2244 2241/2241/2241 2242/2242/2242
f 2247/2247/2247 2246/2246/2246 2245/2245/2245
f 2248/2248/2248 2245/2245/2245 2246/2246/2246
f 2251/2251/2251 2250/2250/2250 2249/2249/2249
f 2252/2252/2252 2249/2249/2249 2250/2250/2250
f 2255/2255/2255 2254/2254/2254 2253/2253/2253
f 2256/2256/2256 2253/2253/2253 2254/2254/2254
f 2255/2255/2255 2253/2253/2253 2257/2257/2257
f 2258/2258/2258 2257/2257/2257 2253/2253/2253
f 2257/2257/2257 2258/2258/2258 2259/2259/2259
f 2260/2260/2260 2259/2259/2259 2258/2258/2258
f 2261/2261/2261 2254/2254/2254 2255/2255/2255
f 2262/2262/2262 2261/2261/2261 2255/2255/2255
f 2263/2263/2263 2262/2262/2262 2255/2255/2255
f 2263/2263/2263 2255/2255/2255 2264/2264/2264
f 2264/2264/2264 2255/2255/2255 2265/2265/2265
f 2266/2266/2266 2265/2265/2265 2255/2255/2255
f 2267/2267/2267 2266/2266/2266 2255/2255/2255
f 2255/2255/2255 2268/2268/2268 2267/2267/2267
f 2269/2269/2269 2268/2268/2268 2255/2255/2255
f 2270/2270/2270 2268/2268/2268 2269/2269/2269
f 2273/2273/2273 2272/2272/2272 2271/2271/2271
f 2274/2274/2274 2271/2271/2271 2272/2272/2272
f 2274/2274/2274 2275/2275/2275 2271/2271/2271
f 2276/2276/2276 2271/2271/2271 2275/2275/2275
f 2275/2275/2275 2277/2277/2277 2276/2276/2276
f 2278/2278/2278 2276/2276/2276 2277/2277/2277
f 2272/2272/2272 2279/2279/2279 2274/2274/2274
f 2279/2279/2279 2280/2280/2280 2274/2274/2274
f 2281/2281/2281 2274/2274/2274 2280/2280/2280
f 2282/2282/2282 2274/2274/2274 2281/2281/2281
f 2283/2283/2283 2274/2274/2274 2282/2282/2282
f 2283/2283/2283 2284/2284/2284 2274/2274/2274
f 2285/2285/2285 2274/2274/2274 2284/2284/2284
f 2286/2286/2286 2274/2274/2274 2285/2285/2285
f 2287/2287/2287 2274/2274/2274 2286/2286/2286
f 2288/2288/2288 2287/2287/2287 2286/2286/2286
f 2291/2291/2291 2290/2290/2290 2289/2289/2289
f 2292/2292/2292 2289/2289/2289 2290/2290/2290
f 2291/2291/2291 2293/2293/2293 2290/2290/2290
f 2294/2294/2294 2290/2290/2290 2293/2293/2293
f 2297/2297/2297 2296/2296/2296 2295/2295/2295
f 2298/2298/2298 2295/2295/2295 2296/2296/2296
f 2301/2301/2301 2300/2300/2300 2299/2299/2299
f 2302/2302/2302 2299/2299/2299 2300/2300/2300
f 2305/2305/2305 2304/2304/2304 2303/2303/2303
f 2306/2306/2306 2303/2303/2303 2304/2304/2304
f 2309/2309/2309 2308/2308/2308 2307/2307/2307
f 2310/2310/2310 2307/2307/2307 2308/2308/2308
f 2310/2310/2310 2308/2308/2308 2311/2311/2311
f 2311/2311/2311 2308/2308/2308 2312/2312/2312
f 2313/2313/2313 2312/2312/2312 2308/2308/2308
f 2312/2312/2312 2313/2313/2313 2314/2314/2314
f 2315/2315/2315 2314/2314/2314 2313/2313/2313
f 2314/2314/2314 2315/2315/2315 2316/2316/2316
f 2317/2317/2317 2316/2316/2316 2315/2315/2315
f 2317/2317/2317 2318/2318/2318 2316/2316/2316
f 2319/2319/2319 2316/2316/2316 2318/2318/2318
f 2322/2322/2322 2321/2321/2321 2320/2320/2320
f 2323/2323/2323 2320/2320/2320 2321/2321/2321
f 2323/2323/2323 2324/2324/2324 2320/2320/2320
f 2324/2324/2324 2325/2325/2325 2320/2320/2320
f 2326/2326/2326 2320/2320/2320 2325/2325/2325
f 2325/2325/2325 2327/2327/2327 2326/2326/2326
f 2328/2328/2328 2326/2326/2326 2327/2327/2327
f 2327/2327/2327 2329/2329/2329 2328/2328/2328
f 2330/2330/2330 2328/2328/2328 2329/2329/2329
f 2329/2329/2329 2331/2331/2331 2330/2330/2330
f 2332/2332/2332 2330/2330/2330 2331/2331/2331
f 2335/2335/2335 2334/2334/2334 2333/2333/2333
f 2336/2336/2336 2333/2333/2333 2334/2334/2334
f 2336/2336/2336 2334/2334/2334 2337/2337/2337
f 2338/2338/2338 2337/2337/2337 2334/2334/2334
f 2333/2333/2333 2339/2339/2339 2335/2335/2335
f 2340/2340/2340 2335/2335/2335 2339/2339/2339
f 2339/2339/2339 2341/2341/2341 2340/2340/2340
f 2342/2342/2342 2340/2340/2340 2341/2341/2341
f 2341/2341/2341 2343/2343/2343 2342/2342/2342
f 2344/2344/2344 2342/2342/2342 2343/2343/2343
f 2343/2343/2343 2345/2345/2345 2344/2344/2344
f 2346/2346/2346 2344/2344/2344 2345/2345/2345
f 2349/2349/2349 2348/2348/2348 2347/2347/2347
f 2350/2350/2350 2347/2347/2347 2348/2348/2348
f 2353/2353/2353 2352/2352/2352 2351/2351/2351
f 2354/2354/2354 2351/2351/2351 2352/2352/2352
f 2351/2351/2351 2355/2355/2355 2353/2353/2353
f 2356/2356/2356 2353/2353/2353 2355/2355/2355
f 2352/2352/2352 2357/2357/2357 2354/2354/2354
f 2358/2358/2358 2354/2354/2354 2357/2357/2357
f 2355/2355/2355 2359/2359/2359 2356/2356/2356
f 2360/2360/2360 2356/2356/2356 2359/2359/2359
f 2357/2357/2357 2361/2361/2361 2358/2358/2358
f 2362/2362/2362 2358/2358/2358 2361/2361/2361
f 2365/2365/2365 2364/2364/2364 2363/2363/2363
f 2366/2366/2366 2363/2363/2363 2364/2364/2364
f 2363/2363/2363 2366/2366/2366 2367/2367/2367
f 2368/2368/2368 2367/2367/2367 2366/2366/2366
f 2367/2367/2367 2368/2368/2368 2369/2369/2369
f 2370/2370/2370 2369/2369/2369 2368/2368/2368
f 2369/2369/2369 2370/2370/2370 2371/2371/2371
f 2372/2372/2372 2371/2371/2371 2370/2370/2370
f 2371/2371/2371 2372/2372/2372 2373/2373/2373
f 2374/2374/2374 2373/2373/2373 2372/2372/2372
f 2373/2373/2373 2374/2374/2374 2375/2375/2375
f 2376/2376/2376 2375/2375/2375 2374/2374/2374
f 2375/2375/2375 2376/2376/2376 2377/2377/2377
f 2378/2378/2378 2377/2377/2377 2376/2376/2376
f 2377/2377/2377 2378/2378/2378 2379/2379/2379
f 2380/2380/2380 2379/2379/2379 2378/2378/2378
f 2382/2382/2382 2381/2381/2381 2365/2365/2365
f 2381/2381/2381 2382/2382/2382 2383/2383/2383
f 2384/2384/2384 2383/2383/2383 2382/2382/2382
f 2364/2364/2364 2365/2365/2365 2381/2381/2381
f 2387/2387/2387 2386/2386/2386 2385/2385/2385
f 2388/2388/2388 2385/2385/2385 2386/2386/2386
f 2387/2387/2387 2385/2385/2385 2389/2389/2389
f 2390/2390/2390 2389/2389/2389 2385/2385/2385
f 2387/2387/2387 2389/2389/2389 2391/2391/2391
f 2392/2392/2392 2391/2391/2391 2389/2389/2389
f 2393/2393/2393 2387/2387/2387 2391/2391/2391
f 2386/2386/2386 2387/2387/2387 2394/2394/2394
f 2397/2397/2397 2396/2396/2396 2395/2395/2395
f 2398/2398/2398 2395/2395/2395 2396/2396/2396
f 2397/2397/2397 2395/2395/2395 2399/2399/2399
f 2400/2400/2400 2399/2399/2399 2395/2395/2395
f 2397/2397/2397 2399/2399/2399 2401/2401/2401
f 2402/2402/2402 2401/2401/2401 2399/2399/2399
f 2403/2403/2403 2397/2397/2397 2401/2401/2401
f 2396/2396/2396 2397/2397/2397 2404/2404/2404
f 2407/2407/2407 2406/2406/2406 2405/2405/2405
f 2408/2408/2408 2405/2405/2405 2406/2406/2406
f 2411/2411/2411 2410/2410/2410 2409/2409/2409
f 2412/2412/2412 2409/2409/2409 2410/2410/2410
f 2415/2415/2415 2414/2414/2414 2413/2413/2413
f 2416/2416/2416 2413/2413/2413 2414/2414/2414
f 2419/2419/2419 2418/2418/2418 2417/2417/2417
f 2420/2420/2420 2417/2417/2417 2418/2418/2418
f 2423/2423/2423 2422/2422/2422 2421/2421/2421
f 2424/2424/2424 2421/2421/2421 2422/2422/2422
f 2427/2427/2427 2426/2426/2426 2425/2425/2425
f 2428/2428/2428 2425/2425/2425 2426/2426/2426
f 2425/2425/2425 2428/2428/2428 2429/2429/2429
f 2430/2430/2430 2429/2429/2429 2428/2428/2428
f 2431/2431/2431 2429/2429/2429 2430/2430/2430
f 2431/2431/2431 2430/2430/2430 2432/2432/2432
f 2433/2433/2433 2432/2432/2432 2430/2430/2430
f 2436/2436/2436 2435/2435/2435 2434/2434/2434
f 2437/2437/2437 2434/2434/2434 2435/2435/2435
f 2434/2434/2434 2438/2438/2438 2436/2436/2436
f 2439/2439/2439 2436/2436/2436 2438/2438/2438
f 2440/2440/2440 2439/2439/2439 2438/2438/2438
f 2440/2440/2440 2441/2441/2441 2439/2439/2439
f 2442/2442/2442 2439/2439/2439 2441/2441/2441
f 2445/2445/2445 2444/2444/2444 2443/2443/2443
f 2446/2446/2446 2443/2443/2443 2444/2444/2444
f 2449/2449/2449 2448/2448/2448 2447/2447/2447
f 2450/2450/2450 2447/2447/2447 2448/2448/2448
f 2448/2448/2448 2451/2451/2451 2450/2450/2450
f 2452/2452/2452 2450/2450/2450 2451/2451/2451
f 2451/2451/2451 2453/2453/2453 2452/2452/2452
f 2454/2454/2454 2452/2452/2452 2453/2453/2453
f 2453/2453/2453 2455/2455/2455 2454/2454/2454
f 2456/2456/2456 2454/2454/2454 2455/2455/2455
f 2459/2459/2459 2458/2458/2458 2457/2457/2457
f 2460/2460/2460 2457/2457/2457 2458/2458/2458
f 2463/2463/2463 2462/2462/2462 2461/2461/2461
f 2464/2464/2464 2461/2461/2461 2462/2462/2462
f 2462/2462/2462 2465/2465/2465 2464/2464/2464
f 2466/2466/2466 2464/2464/2464 2465/2465/2465
f 2465/2465/2465 2467/2467/2467 2466/2466/2466
f 2468/2468/2468 2466/2466/2466 2467/2467/2467
f 2471/2471/2471 2470/2470/2470 2469/2469/2469
f 2472/2472/2472 2469/2469/2469 2470/2470/2470
f 2469/2469/2469 2472/2472/2472 2473/2473/2473
f 2474/2474/2474 2473/2473/2473 2472/2472/2472
f 2473/2473/2473 2474/2474/2474 2475/2475/2475
f 2476/2476/2476 2475/2475/2475 2474/2474/2474
f 2475/2475/2475 2476/2476/2476 2477/2477/2477
f 2478/2478/2478 2477/2477/2477 2476/2476/2476
f 2477/2477/2477 2478/2478/2478 2479/2479/2479
f 2480/2480/2480 2479/2479/2479 2478/2478/2478
f 2479/2479/2479 2480/2480/2480 2481/2481/2481
f 2482/2482/2482 2481/2481/2481 2480/2480/2480
f 2481/2481/2481 2482/2482/2482 2483/2483/2483
f 2484/2484/2484 2483/2483/2483 2482/2482/2482
f 2483/2483/2483 2484/2484/2484 2485/2485/2485
f 2486/2486/2486 2485/2485/2485 2484/2484/2484
f 2489/2489/2489 2488/2488/2488 2487/2487/2487
f 2490/2490/2490 2487/2487/2487 2488/2488/2488
f 2489/2489/2489 2487/2487/2487 2491/2491/2491
f 2492/2492/2492 2491/2491/2491 2487/2487/2487
f 2493/2493/2493 2489/2489/2489 2491/2491/2491
f 2488/2488/2488 2489/2489/2489 2494/2494/2494
f 2497/2497/2497 2496/2496/2496 2495/2495/2495
f 2498/2498/2498 2495/2495/2495 2496/2496/2496
f 2497/2497/2497 2495/2495/2495 2499/2499/2499
f 2500/2500/2500 2499/2499/2499 2495/2495/2495
f 2501/2501/2501 2497/2497/2497 2499/2499/2499
f 2496/2496/2496 2497/2497/2497 2502/2502/2502
f 2505/2505/2505 2504/2504/2504 2503/2503/2503
f 2506/2506/2506 2503/2503/2503 2504/2504/2504
f 2506/2506/2506 2507/2507/2507 2503/2503/2503
f 2508/2508/2508 2503/2503/2503 2507/2507/2507
f 2511/2511/2511 2510/2510/2510 2509/2509/2509
f 2512/2512/2512 2509/2509/2509 2510/2510/2510
f 2510/2510/2510 2513/2513/2513 2512/2512/2512
f 2514/2514/2514 2512/2512/2512 2513/2513/2513
f 2517/2517/2517 2516/2516/2516 2515/2515/2515
f 2518/2518/2518 2515/2515/2515 2516/2516/2516
f 2516/2516/2516 2519/2519/2519 2518/2518/2518
f 2520/2520/2520 2518/2518/2518 2519/2519/2519
f 2523/2523/2523 2522/2522/2522 2521/2521/2521
f 2524/2524/2524 2521/2521/2521 2522/2522/2522
f 2527/2527/2527 2526/2526/2526 2525/2525/2525
f 2528/2528/2528 2525/2525/2525 2526/2526/2526
f 2526/2526/2526 2529/2529/2529 2528/2528/2528
f 2530/2530/2530 2528/2528/2528 2529/2529/2529
f 2533/2533/2533 2532/2532/2532 2531/2531/2531
f 2534/2534/2534 2531/2531/2531 2532/2532/2532
f 2537/2537/2537 2536/2536/2536 2535/2535/2535
f 2538/2538/2538 2535/2535/2535 2536/2536/2536
f 2535/2535/2535 2538/2538/2538 2539/2539/2539
f 2540/2540/2540 2539/2539/2539 2538/2538/2538
f 2539/2539/2539 2540/2540/2540 2541/2541/2541
f 2542/2542/2542 2541/2541/2541 2540/2540/2540
f 2541/2541/2541 2542/2542/2542 2543/2543/2543
f 2544/2544/2544 2543/2543/2543 2542/2542/2542
f 2543/2543/2543 2544/2544/2544 2545/2545/2545
f 2546/2546/2546 2545/2545/2545 2544/2544/2544
f 2545/2545/2545 2546/2546/2546 2547/2547/2547
f 2548/2548/2548 2547/2547/2547 2546/2546/2546
f 2547/2547/2547 2548/2548/2548 2549/2549/2549
f 2550/2550/2550 2549/2549/2549 2548/2548/2548
f 2536/2536/2536 2537/2537/2537 2551/2551/2551
f 2552/2552/2552 2551/2551/2551 2537/2537/2537
f 2555/2555/2555 2554/2554/2554 2553/2553/2553
f 2556/2556/2556 2553/2553/2553 2554/2554/2554
f 2555/2555/2555 2553/2553/2553 2557/2557/2557
f 2558/2558/2558 2557/2557/2557 2553/2553/2553
f 2559/2559/2559 2555/2555/2555 2557/2557/2557
f 2554/2554/2554 2555/2555/2555 2560/2560/2560
f 2563/2563/2563 2562/2562/2562 2561/2561/2561
f 2564/2564/2564 2561/2561/2561 2562/2562/2562
f 2563/2563/2563 2561/2561/2561 2565/2565/2565
f 2566/2566/2566 2565/2565/2565 2561/2561/2561
f 2567/2567/2567 2563/2563/2563 2565/2565/2565
f 2562/2562/2562 2563/2563/2563 2568/2568/2568
f 2571/2571/2571 2570/2570/2570 2569/2569/2569
f 2572/2572/2572 2569/2569/2569 2570/2570/2570
f 2570/2570/2570 2573/2573/2573 2572/2572/2572
f 2574/2574/2574 2572/2572/2572 2573/2573/2573
f 2573/2573/2573 2575/2575/2575 2574/2574/2574
f 2576/2576/2576 2574/2574/2574 2575/2575/2575
f 2575/2575/2575 2577/2577/2577 2576/2576/2576
f 2578/2578/2578 2576/2576/2576 2577/2577/2577
f 2577/2577/2577 2579/2579/2579 2578/2578/2578
f 2580/2580/2580 2578/2578/2578 2579/2579/2579
f 2579/2579/2579 2581/2581/2581 2580/2580/2580
f 2582/2582/2582 2580/2580/2580 2581/2581/2581
f 2569/2569/2569 2583/2583/2583 2571/2571/2571
f 2584/2584/2584 2571/2571/2571 2583/2583/2583
f 2583/2583/2583 2585/2585/2585 2584/2584/2584
f 2586/2586/2586 2584/2584/2584 2585/2585/2585
f 2574/2574/2574 2587/2587/2587 2572/2572/2572
f 2588/2588/2588 2572/2572/2572 2587/2587/2587
f 2576/2576/2576 2589/2589/2589 2574/2574/2574
f 2587/2587/2587 2574/2574/2574 2589/2589/2589
f 2578/2578/2578 2590/2590/2590 2576/2576/2576
f 2589/2589/2589 2576/2576/2576 2590/2590/2590
f 2580/2580/2580 2591/2591/2591 2578/2578/2578
f 2590/2590/2590 2578/2578/2578 2591/2591/2591
f 2582/2582/2582 2592/2592/2592 2580/2580/2580
f 2591/2591/2591 2580/2580/2580 2592/2592/2592
f 2583/2583/2583 2593/2593/2593 2585/2585/2585
f 2594/2594/2594 2585/2585/2585 2593/2593/2593
f 2593/2593/2593 2583/2583/2583 2595/2595/2595
f 2595/2595/2595 2569/2569/2569 2588/2588/2588
f 2569/2569/2569 2595/2595/2595 2583/2583/2583
f 2572/2572/2572 2588/2588/2588 2569/2569/2569
f 2598/2598/2598 2597/2597/2597 2596/2596/2596
f 2599/2599/2599 2596/2596/2596 2597/2597/2597
f 2598/2598/2598 2596/2596/2596 2600/2600/2600
f 2601/2601/2601 2600/2600/2600 2596/2596/2596
f 2602/2602/2602 2598/2598/2598 2600/2600/2600
f 2597/2597/2597 2598/2598/2598 2603/2603/2603
f 2606/2606/2606 2605/2605/2605 2604/2604/2604
f 2607/2607/2607 2604/2604/2604 2605/2605/2605
f 2606/2606/2606 2604/2604/2604 2608/2608/2608
f 2609/2609/2609 2608/2608/2608 2604/2604/2604
f 2610/2610/2610 2606/2606/2606 2608/2608/2608
f 2605/2605/2605 2606/2606/2606 2611/2611/2611
f 2614/2614/2614 2613/2613/2613 2612/2612/2612
f 2615/2615/2615 2612/2612/2612 2613/2613/2613
f 2618/2618/2618 2617/2617/2617 2616/2616/2616
f 2619/2619/2619 2616/2616/2616 2617/2617/2617
f 2622/2622/2622 2621/2621/2621 2620/2620/2620
f 2623/2623/2623 2620/2620/2620 2621/2621/2621
f 2626/2626/2626 2625/2625/2625 2624/2624/2624
f 2627/2627/2627 2624/2624/2624 2625/2625/2625
f 2630/2630/2630 2629/2629/2629 2628/2628/2628
f 2631/2631/2631 2628/2628/2628 2629/2629/2629
f 2634/2634/2634 2633/2633/2633 2632/2632/2632
f 2635/2635/2635 2632/2632/2632 2633/2633/2633
f 2634/2634/2634 2632/2632/2632 2636/2636/2636
f 2633/2633/2633 2634/2634/2634 2637/2637/2637
f 2638/2638/2638 2637/2637/2637 2634/2634/2634
f 2639/2639/2639 2637/2637/2637 2638/2638/2638
f 2632/2632/2632 2635/2635/2635 2640/2640/2640
f 2641/2641/2641 2640/2640/2640 2635/2635/2635
f 2644/2644/2644 2643/2643/2643 2642/2642/2642
f 2645/2645/2645 2642/2642/2642 2643/2643/2643
f 2646/2646/2646 2644/2644/2644 2642/2642/2642
f 2646/2646/2646 2647/2647/2647 2644/2644/2644
f 2648/2648/2648 2644/2644/2644 2647/2647/2647
f 2649/2649/2649 2648/2648/2648 2647/2647/2647
f 2642/2642/2642 2645/2645/2645 2650/2650/2650
f 2651/2651/2651 2650/2650/2650 2645/2645/2645
f 2654/2654/2654 2653/2653/2653 2652/2652/2652
f 2655/2655/2655 2652/2652/2652 2653/2653/2653
f 2654/2654/2654 2652/2652/2652 2656/2656/2656
f 2657/2657/2657 2656/2656/2656 2652/2652/2652
f 2656/2656/2656 2657/2657/2657 2658/2658/2658
f 2659/2659/2659 2658/2658/2658 2657/2657/2657
f 2658/2658/2658 2659/2659/2659 2660/2660/2660
f 2661/2661/2661 2660/2660/2660 2659/2659/2659
f 2655/2655/2655 2653/2653/2653 2662/2662/2662
f 2663/2663/2663 2662/2662/2662 2653/2653/2653
f 2666/2666/2666 2665/2665/2665 2664/2664/2664
f 2667/2667/2667 2664/2664/2664 2665/2665/2665
f 2670/2670/2670 2669/2669/2669 2668/2668/2668
f 2671/2671/2671 2668/2668/2668 2669/2669/2669
f 2668/2668/2668 2671/2671/2671 2672/2672/2672
f 2673/2673/2673 2672/2672/2672 2671/2671/2671
f 2676/2676/2676 2675/2675/2675 2674/2674/2674
f 2677/2677/2677 2674/2674/2674 2675/2675/2675
f 2680/2680/2680 2679/2679/2679 2678/2678/2678
f 2681/2681/2681 2678/2678/2678 2679/2679/2679
f 2678/2678/2678 2682/2682/2682 2680/2680/2680
f 2683/2683/2683 2680/2680/2680 2682/2682/2682
f 2682/2682/2682 2684/2684/2684 2683/2683/2683
f 2685/2685/2685 2683/2683/2683 2684/2684/2684
f 2684/2684/2684 2686/2686/2686 2685/2685/2685
f 2687/2687/2687 2685/2685/2685 2686/2686/2686
f 2686/2686/2686 2688/2688/2688 2687/2687/2687
f 2689/2689/2689 2687/2687/2687 2688/2688/2688
f 2688/2688/2688 2690/2690/2690 2689/2689/2689
f 2691/2691/2691 2689/2689/2689 2690/2690/2690
f 2690/2690/2690 2692/2692/2692 2691/2691/2691
f 2693/2693/2693 2691/2691/2691 2692/2692/2692
f 2692/2692/2692 2694/2694/2694 2693/2693/2693
f 2695/2695/2695 2693/2693/2693 2694/2694/2694
f 2694/2694/2694 2696/2696/2696 2695/2695/2695
f 2697/2697/2697 2695/2695/2695 2696/2696/2696
f 2696/2696/2696 2698/2698/2698 2697/2697/2697
f 2699/2699/2699 2697/2697/2697 2698/2698/2698
f 2702/2702/2702 2701/2701/2701 2700/2700/2700
f 2703/2703/2703 2700/2700/2700 2701/2701/2701
f 2702/2702/2702 2700/2700/2700 2704/2704/2704
f 2705/2705/2705 2704/2704/2704 2700/2700/2700
f 2702/2702/2702 2704/2704/2704 2706/2706/2706
f 2707/2707/2707 2706/2706/2706 2704/2704/2704
f 2708/2708/2708 2702/2702/2702 2706/2706/2706
f 2701/2701/2701 2702/2702/2702 2709/2709/2709
f 2712/2712/2712 2711/2711/2711 2710/2710/2710
f 2713/2713/2713 2710/2710/2710 2711/2711/2711
f 2712/2712/2712 2710/2710/2710 2714/2714/2714
f 2715/2715/2715 2714/2714/2714 2710/2710/2710
f 2712/2712/2712 2714/2714/2714 2716/2716/2716
f 2717/2717/2717 2716/2716/2716 2714/2714/2714
f 2718/2718/2718 2712/2712/2712 2716/2716/2716
f 2711/2711/2711 2712/2712/2712 2719/2719/2719
f 2722/2722/2722 2721/2721/2721 2720/2720/2720
f 2723/2723/2723 2720/2720/2720 2721/2721/2721
f 2721/2721/2721 2724/2724/2724 2723/2723/2723
f 2725/2725/2725 2723/2723/2723 2724/2724/2724
f 2724/2724/2724 2726/2726/2726 2725/2725/2725
f 2727/2727/2727 2725/2725/2725 2726/2726/2726
f 2726/2726/2726 2728/2728/2728 2727/2727/2727
f 2729/2729/2729 2727/2727/2727 2728/2728/2728
f 2728/2728/2728 2730/2730/2730 2729/2729/2729
f 2731/2731/2731 2729/2729/2729 2730/2730/2730
f 2730/2730/2730 2732/2732/2732 2731/2731/2731
f 2733/2733/2733 2731/2731/2731 2732/2732/2732
f 2732/2732/2732 2734/2734/2734 2733/2733/2733
f 2735/2735/2735 2733/2733/2733 2734/2734/2734
f 2734/2734/2734 2736/2736/2736 2735/2735/2735
f 2737/2737/2737 2735/2735/2735 2736/2736/2736
f 2736/2736/2736 2738/2738/2738 2737/2737/2737
f 2739/2739/2739 2737/2737/2737 2738/2738/2738
f 2738/2738/2738 2740/2740/2740 2739/2739/2739
f 2741/2741/2741 2739/2739/2739 2740/2740/2740
f 2744/2744/2744 2743/2743/2743 2742/2742/2742
f 2745/2745/2745 2742/2742/2742 2743/2743/2743
f 2742/2742/2742 2746/2746/2746 2744/2744/2744
f 2747/2747/2747 2744/2744/2744 2746/2746/2746
f 2746/2746/2746 2748/2748/2748 2747/2747/2747
f 2749/2749/2749 2747/2747/2747 2748/2748/2748
f 2748/2748/2748 2750/2750/2750 2749/2749/2749
f 2751/2751/2751 2749/2749/2749 2750/2750/2750
f 2750/2750/2750 2752/2752/2752 2751/2751/2751
f 2753/2753/2753 2751/2751/2751 2752/2752/2752
f 2743/2743/2743 2754/2754/2754 2745/2745/2745
f 2755/2755/2755 2745/2745/2745 2754/2754/2754
f 2754/2754/2754 2756/2756/2756 2755/2755/2755
f 2757/2757/2757 2755/2755/2755 2756/2756/2756
f 2756/2756/2756 2758/2758/2758 2757/2757/2757
f 2759/2759/2759 2757/2757/2757 2758/2758/2758
f 2758/2758/2758 2760/2760/2760 2759/2759/2759
f 2761/2761/2761 2759/2759/2759 2760/2760/2760
f 2760/2760/2760 2762/2762/2762 2761/2761/2761
f 2763/2763/2763 2761/2761/2761 2762/2762/2762
f 2766/2766/2766 2765/2765/2765 2764/2764/2764
f 2767/2767/2767 2764/2764/2764 2765/2765/2765
f 2767/2767/2767 2765/2765/2765 2768/2768/2768
f 2769/2769/2769 2768/2768/2768 2765/2765/2765
f 2767/2767/2767 2768/2768/2768 2770/2770/2770
f 2771/2771/2771 2770/2770/2770 2768/2768/2768
f 2767/2767/2767 2770/2770/2770 2772/2772/2772
f 2767/2767/2767 2773/2773/2773 2764/2764/2764
f 2776/2776/2776 2775/2775/2775 2774/2774/2774
f 2777/2777/2777 2774/2774/2774 2775/2775/2775
f 2775/2775/2775 2776/2776/2776 2778/2778/2778
f 2779/2779/2779 2778/2778/2778 2776/2776/2776
f 2780/2780/2780 2775/2775/2775 2778/2778/2778
f 2783/2783/2783 2782/2782/2782 2781/2781/2781
f 2784/2784/2784 2781/2781/2781 2782/2782/2782
f 2782/2782/2782 2783/2783/2783 2785/2785/2785
f 2786/2786/2786 2782/2782/2782 2785/2785/2785
f 2787/2787/2787 2785/2785/2785 2783/2783/2783
f 2790/2790/2790 2789/2789/2789 2788/2788/2788
f 2791/2791/2791 2788/2788/2788 2789/2789/2789
f 2788/2788/2788 2791/2791/2791 2792/2792/2792
f 2793/2793/2793 2792/2792/2792 2791/2791/2791
f 2792/2792/2792 2793/2793/2793 2794/2794/2794
f 2795/2795/2795 2794/2794/2794 2793/2793/2793
f 2794/2794/2794 2795/2795/2795 2796/2796/2796
f 2797/2797/2797 2796/2796/2796 2795/2795/2795
f 2796/2796/2796 2797/2797/2797 2798/2798/2798
f 2799/2799/2799 2798/2798/2798 2797/2797/2797
f 2798/2798/2798 2799/2799/2799 2800/2800/2800
f 2801/2801/2801 2800/2800/2800 2799/2799/2799
f 2804/2804/2804 2803/2803/2803 2802/2802/2802
f 2805/2805/2805 2802/2802/2802 2803/2803/2803
f 2802/2802/2802 2805/2805/2805 2806/2806/2806
f 2807/2807/2807 2806/2806/2806 2805/2805/2805
f 2803/2803/2803 2804/2804/2804 2808/2808/2808
f 2809/2809/2809 2808/2808/2808 2804/2804/2804
f 2808/2808/2808 2809/2809/2809 2810/2810/2810
f 2811/2811/2811 2810/2810/2810 2809/2809/2809
f 2810/2810/2810 2811/2811/2811 2812/2812/2812
f 2813/2813/2813 2812/2812/2812 2811/2811/2811
f 2812/2812/2812 2813/2813/2813 2814/2814/2814
f 2815/2815/2815 2814/2814/2814 2813/2813/2813
f 2814/2814/2814 2815/2815/2815 2816/2816/2816
f 2817/2817/2817 2816/2816/2816 2815/2815/2815
f 2816/2816/2816 2817/2817/2817 2818/2818/2818
f 2819/2819/2819 2818/2818/2818 2817/2817/2817
f 2818/2818/2818 2819/2819/2819 2820/2820/2820
f 2821/2821/2821 2820/2820/2820 2819/2819/2819
f 2820/2820/2820 2821/2821/2821 2822/2822/2822
f 2823/2823/2823 2822/2822/2822 2821/2821/2821
f 2822/2822/2822 2823/2823/2823 2824/2824/2824
f 2825/2825/2825 2824/2824/2824 2823/2823/2823
f 2824/2824/2824 2825/2825/2825 2826/2826/2826
f 2827/2827/2827 2826/2826/2826 2825/2825/2825
f 2830/2830/2830 2829/2829/2829 2828/2828/2828
f 2831/2831/2831 2828/2828/2828 2829/2829/2829
f 2832/2832/2832 2829/2829/2829 2830/2830/2830
f 2832/2832/2832 2833/2833/2833 2829/2829/2829
f 2834/2834/2834 2829/2829/2829 2833/2833/2833
f 2835/2835/2835 2833/2833/2833 2832/2832/2832
f 2830/2830/2830 2836/2836/2836 2832/2832/2832
f 2837/2837/2837 2832/2832/2832 2836/2836/2836
f 2838/2838/2838 2836/2836/2836 2830/2830/2830
f 2828/2828/2828 2839/2839/2839 2830/2830/2830
f 2842/2842/2842 2841/2841/2841 2840/2840/2840
f 2843/2843/2843 2840/2840/2840 2841/2841/2841
f 2846/2846/2846 2845/2845/2845 2844/2844/2844
f 2847/2847/2847 2844/2844/2844 2845/2845/2845
f 2847/2847/2847 2845/2845/2845 2848/2848/2848
f 2851/2851/2851 2850/2850/2850 2849/2849/2849
f 2852/2852/2852 2849/2849/2849 2850/2850/2850
f 2853/2853/2853 2850/2850/2850 2851/2851/2851
f 2856/2856/2856 2855/2855/2855 2854/2854/2854
f 2857/2857/2857 2854/2854/2854 2855/2855/2855
f 2857/2857/2857 2855/2855/2855 2858/2858/2858
f 2859/2859/2859 2858/2858/2858 2855/2855/2855
f 2862/2862/2862 2861/2861/2861 2860/2860/2860
f 2863/2863/2863 2860/2860/2860 2861/2861/2861
f 2866/2866/2866 2865/2865/2865 2864/2864/2864
f 2867/2867/2867 2864/2864/2864 2865/2865/2865
f 2870/2870/2870 2869/2869/2869 2868/2868/2868
f 2871/2871/2871 2868/2868/2868 2869/2869/2869
f 2872/2872/2872 2869/2869/2869 2870/2870/2870
f 2875/2875/2875 2874/2874/2874 2873/2873/2873
f 2876/2876/2876 2873/2873/2873 2874/2874/2874
f 2875/2875/2875 2873/2873/2873 2877/2877/2877
f 2880/2880/2880 2879/2879/2879 2878/2878/2878
f 2881/2881/2881 2878/2878/2878 2879/2879/2879
f 2881/2881/2881 2882/2882/2882 2878/2878/2878
f 2883/2883/2883 2878/2878/2878 2882/2882/2882
f 2886/2886/2886 2885/2885/2885 2884/2884/2884
f 2887/2887/2887 2884/2884/2884 2885/2885/2885
f 2890/2890/2890 2889/2889/2889 2888/2888/2888
f 2891/2891/2891 2888/2888/2888 2889/2889/2889
f 2889/2889/2889 2890/2890/2890 2892/2892/2892
f 2893/2893/2893 2892/2892/2892 2890/2890/2890
f 2892/2892/2892 2893/2893/2893 2894/2894/2894
f 2895/2895/2895 2894/2894/2894 2893/2893/2893
f 2894/2894/2894 2895/2895/2895 2896/2896/2896
f 2897/2897/2897 2896/2896/2896 2895/2895/2895
f 2896/2896/2896 2897/2897/2897 2898/2898/2898
f 2899/2899/2899 2898/2898/2898 2897/2897/2897
f 2898/2898/2898 2899/2899/2899 2900/2900/2900
f 2901/2901/2901 2900/2900/2900 2899/2899/2899
f 2900/2900/2900 2901/2901/2901 2902/2902/2902
f 2903/2903/2903 2902/2902/2902 2901/2901/2901
f 2902/2902/2902 2903/2903/2903 2904/2904/2904
f 2905/2905/2905 2904/2904/2904 2903/2903/2903
f 2908/2908/2908 2907/2907/2907 2906/2906/2906
f 2909/2909/2909 2906/2906/2906 2907/2907/2907
f 2909/2909/2909 2907/2907/2907 2910/2910/2910
f 2909/2909/2909 2910/2910/2910 2911/2911/2911
f 2911/2911/2911 2912/2912/2912 2909/2909/2909
f 2913/2913/2913 2909/2909/2909 2912/2912/2912
f 2912/2912/2912 2911/2911/2911 2914/2914/2914
f 2915/2915/2915 2914/2914/2914 2911/2911/2911
f 2915/2915/2915 2916/2916/2916 2914/2914/2914
f 2917/2917/2917 2914/2914/2914 2916/2916/2916
f 2912/2912/2912 2918/2918/2918 2913/2913/2913
f 2918/2918/2918 2919/2919/2919 2913/2913/2913
f 2913/2913/2913 2919/2919/2919 2920/2920/2920
f 2921/2921/2921 2920/2920/2920 2919/2919/2919
f 2924/2924/2924 2923/2923/2923 2922/2922/2922
f 2925/2925/2925 2922/2922/2922 2923/2923/2923
f 2923/2923/2923 2924/2924/2924 2926/2926/2926
f 2927/2927/2927 2926/2926/2926 2924/2924/2924
f 2927/2927/2927 2928/2928/2928 2926/2926/2926
f 2929/2929/2929 2926/2926/2926 2928/2928/2928
f 2928/2928/2928 2930/2930/2930 2929/2929/2929
f 2931/2931/2931 2929/2929/2929 2930/2930/2930
f 2930/2930/2930 2932/2932/2932 2931/2931/2931
f 2933/2933/2933 2931/2931/2931 2932/2932/2932
f 2936/2936/2936 2935/2935/2935 2934/2934/2934
f 2937/2937/2937 2934/2934/2934 2935/2935/2935
f 2935/2935/2935 2938/2938/2938 2937/2937/2937
f 2939/2939/2939 2937/2937/2937 2938/2938/2938
f 2937/2937/2937 2940/2940/2940 2934/2934/2934
f 2941/2941/2941 2934/2934/2934 2940/2940/2940
f 2944/2944/2944 2943/2943/2943 2942/2942/2942
f 2945/2945/2945 2942/2942/2942 2943/2943/2943
f 2943/2943/2943 2946/2946/2946 2945/2945/2945
f 2942/2942/2942 2947/2947/2947 2944/2944/2944
f 2948/2948/2948 2944/2944/2944 2947/2947/2947
f 2944/2944/2944 2948/2948/2948 2949/2949/2949
f 2950/2950/2950 2949/2949/2949 2948/2948/2948
f 2948/2948/2948 2947/2947/2947 2951/2951/2951
f 2952/2952/2952 2951/2951/2951 2947/2947/2947
f 2952/2952/2952 2953/2953/2953 2951/2951/2951
f 2946/2946/2946 2943/2943/2943 2954/2954/2954
f 2955/2955/2955 2954/2954/2954 2943/2943/2943
f 2955/2955/2955 2956/2956/2956 2954/2954/2954
f 2951/2951/2951 2953/2953/2953 2957/2957/2957
f 2958/2958/2958 2957/2957/2957 2953/2953/2953
f 2957/2957/2957 2959/2959/2959 2951/2951/2951
f 2962/2962/2962 2961/2961/2961 2960/2960/2960
f 2963/2963/2963 2960/2960/2960 2961/2961/2961
f 2961/2961/2961 2964/2964/2964 2963/2963/2963
f 2965/2965/2965 2963/2963/2963 2964/2964/2964
f 2968/2968/2968 2967/2967/2967 2966/2966/2966
f 2969/2969/2969 2966/2966/2966 2967/2967/2967
f 2967/2967/2967 2970/2970/2970 2969/2969/2969
f 2971/2971/2971 2969/2969/2969 2970/2970/2970
f 2968/2968/2968 2966/2966/2966 2972/2972/2972
f 2973/2973/2973 2972/2972/2972 2966/2966/2966
f 2976/2976/2976 2975/2975/2975 2974/2974/2974
f 2977/2977/2977 2974/2974/2974 2975/2975/2975
f 2975/2975/2975 2976/2976/2976 2978/2978/2978
f 2979/2979/2979 2978/2978/2978 2976/2976/2976
f 2982/2982/2982 2981/2981/2981 2980/2980/2980
f 2983/2983/2983 2980/2980/2980 2981/2981/2981
f 2986/2986/2986 2985/2985/2985 2984/2984/2984
f 2987/2987/2987 2984/2984/2984 2985/2985/2985
f 2990/2990/2990 2989/2989/2989 2988/2988/2988
f 2991/2991/2991 2988/2988/2988 2989/2989/2989
f 2989/2989/2989 2992/2992/2992 2991/2991/2991
f 2993/2993/2993 2991/2991/2991 2992/2992/2992
f 2996/2996/2996 2995/2995/2995 2994/2994/2994
f 2997/2997/2997 2994/2994/2994 2995/2995/2995
f 2994/2994/2994 2997/2997/2997 2998/2998/2998
f 2999/2999/2999 2998/2998/2998 2997/2997/2997
f 2998/2998/2998 3000/3000/3000 2994/2994/2994
f 3000/3000/3000 2998/2998/2998 3001/3001/3001
f 2998/2998/2998 3002/3002/3002 3001/3001/3001
f 3003/3003/3003 3001/3001/3001 3002/3002/3002
f 3004/3004/3004 3001/3001/3001 3003/3003/3003
f 3005/3005/3005 2994/2994/2994 3000/3000/3000
f 3008/3008/3008 3007/3007/3007 3006/3006/3006
f 3009/3009/3009 3006/3006/3006 3007/3007/3007
f 3012/3012/3012 3011/3011/3011 3010/3010/3010
f 3013/3013/3013 3010/3010/3010 3011/3011/3011
f 3011/3011/3011 3012/3012/3012 3014/3014/3014
f 3015/3015/3015 3014/3014/3014 3012/3012/3012
f 3011/3011/3011 3014/3014/3014 3016/3016/3016
f 3017/3017/3017 3016/3016/3016 3014/3014/3014
f 3020/3020/3020 3019/3019/3019 3018/3018/3018
f 3021/3021/3021 3018/3018/3018 3019/3019/3019
f 3018/3018/3018 3021/3021/3021 3022/3022/3022
f 3023/3023/3023 3022/3022/3022 3021/3021/3021
f 3026/3026/3026 3025/3025/3025 3024/3024/3024
f 3027/3027/3027 3024/3024/3024 3025/3025/3025
f 3024/3024/3024 3027/3027/3027 3028/3028/3028
f 3029/3029/3029 3028/3028/3028 3027/3027/3027
f 3026/3026/3026 3030/3030/3030 3025/3025/3025
f 3031/3031/3031 3025/3025/3025 3030/3030/3030
f 3034/3034/3034 3033/3033/3033 3032/3032/3032
f 3035/3035/3035 3032/3032/3032 3033/3033/3033
f 3033/3033/3033 3036/3036/3036 3035/3035/3035
f 3037/3037/3037 3035/3035/3035 3036/3036/3036
f 3040/3040/3040 3039/3039/3039 3038/3038/3038
f 3041/3041/3041 3038/3038/3038 3039/3039/3039
f 3044/3044/3044 3043/3043/3043 3042/3042/3042
f 3043/3043/3043 3045/3045/3045 3042/3042/3042
f 3046/3046/3046 3042/3042/3042 3045/3045/3045
f 3046/3046/3046 3045/3045/3045 3047/3047/3047
f 3050/3050/3050 3049/3049/3049 3048/3048/3048
f 3051/3051/3051 3048/3048/3048 3049/3049/3049
f 3054/3054/3054 3053/3053/3053 3052/3052/3052
f 3055/3055/3055 3052/3052/3052 3053/3053/3053
f 3052/3052/3052 3055/3055/3055 3056/3056/3056
f 3057/3057/3057 3056/3056/3056 3055/3055/3055
f 3060/3060/3060 3059/3059/3059 3058/3058/3058
f 3061/3061/3061 3058/3058/3058 3059/3059/3059
f 3058/3058/3058 3061/3061/3061 3062/3062/3062
f 3063/3063/3063 3062/3062/3062 3061/3061/3061
f 3059/3059/3059 3060/3060/3060 3064/3064/3064
f 3065/3065/3065 3064/3064/3064 3060/3060/3060
f 3064/3064/3064 3065/3065/3065 3066/3066/3066
f 3067/3067/3067 3066/3066/3066 3065/3065/3065
f 3066/3066/3066 3067/3067/3067 3068/3068/3068
f 3069/3069/3069 3068/3068/3068 3067/3067/3067
f 3068/3068/3068 3069/3069/3069 3070/3070/3070
f 3071/3071/3071 3070/3070/3070 3069/3069/3069
f 3070/3070/3070 3071/3071/3071 3072/3072/3072
f 3073/3073/3073 3072/3072/3072 3071/3071/3071
f 3072/3072/3072 3073/3073/3073 3074/3074/3074
f 3075/3075/3075 3074/3074/3074 3073/3073/3073
f 3078/3078/3078 3077/3077/3077 3076/3076/3076
f 3079/3079/3079 3076/3076/3076 3077/3077/3077
f 3079/3079/3079 3077/3077/3077 3080/3080/3080
f 3081/3081/3081 3080/3080/3080 3077/3077/3077
f 3079/3079/3079 3080/3080/3080 3082/3082/3082
f 3079/3079/3079 3083/3083/3083 3076/3076/3076
f 3086/3086/3086 3085/3085/3085 3084/3084/3084
f 3087/3087/3087 3084/3084/3084 3085/3085/3085
f 3087/3087/3087 3085/3085/3085 3088/3088/3088
f 3089/3089/3089 3088/3088/3088 3085/3085/3085
f 3092/3092/3092 3091/3091/3091 3090/3090/3090
f 3093/3093/3093 3090/3090/3090 3091/3091/3091
f 3092/3092/3092 3094/3094/3094 3091/3091/3091
f 3095/3095/3095 3091/3091/3091 3094/3094/3094
f 3094/3094/3094 3096/3096/3096 3095/3095/3095
f 3097/3097/3097 3095/3095/3095 3096/3096/3096
f 3096/3096/3096 3098/3098/3098 3097/3097/3097
f 3099/3099/3099 3097/3097/3097 3098/3098/3098
f 3098/3098/3098 3100/3100/3100 3099/3099/3099
f 3101/3101/3101 3099/3099/3099 3100/3100/3100
f 3104/3104/3104 3103/3103/3103 3102/3102/3102
f 3105/3105/3105 3102/3102/3102 3103/3103/3103
f 3108/3108/3108 3107/3107/3107 3106/3106/3106
f 3109/3109/3109 3106/3106/3106 3107/3107/3107
f 3110/3110/3110 3107/3107/3107 3108/3108/3108
f 3106/3106/3106 3109/3109/3109 3111/3111/3111
f 3111/3111/3111 3109/3109/3109 3112/3112/3112
f 3113/3113/3113 3112/3112/3112 3109/3109/3109
f 3112/3112/3112 3113/3113/3113 3114/3114/3114
f 3115/3115/3115 3114/3114/3114 3113/3113/3113
f 3114/3114/3114 3115/3115/3115 3116/3116/3116
f 3117/3117/3117 3116/3116/3116 3115/3115/3115
f 3116/3116/3116 3117/3117/3117 3118/3118/3118
f 3119/3119/3119 3118/3118/3118 3117/3117/3117
f 3119/3119/3119 3120/3120/3120 3118/3118/3118
f 3121/3121/3121 3116/3116/3116 3118/3118/3118
f 3121/3121/3121 3118/3118/3118 3122/3122/3122
f 3123/3123/3123 3122/3122/3122 3118/3118/3118
f 3119/3119/3119 3124/3124/3124 3120/3120/3120
f 3125/3125/3125 3120/3120/3120 3124/3124/3124
f 3128/3128/3128 3127/3127/3127 3126/3126/3126
f 3129/3129/3129 3126/3126/3126 3127/3127/3127
f 3132/3132/3132 3131/3131/3131 3130/3130/3130
f 3133/3133/3133 3130/3130/3130 3131/3131/3131
f 3130/3130/3130 3134/3134/3134 3132/3132/3132
f 3135/3135/3135 3132/3132/3132 3134/3134/3134
f 3134/3134/3134 3136/3136/3136 3135/3135/3135
f 3137/3137/3137 3135/3135/3135 3136/3136/3136
f 3136/3136/3136 3138/3138/3138 3137/3137/3137
f 3139/3139/3139 3137/3137/3137 3138/3138/3138
f 3142/3142/3142 3141/3141/3141 3140/3140/3140
f 3142/3142/3142 3140/3140/3140 3143/3143/3143
f 3142/3142/3142 3143/3143/3143 3144/3144/3144
f 3145/3145/3145 3144/3144/3144 3143/3143/3143
f 3146/3146/3146 3143/3143/3143 3140/3140/3140
f 3141/3141/3141 3147/3147/3147 3140/3140/3140
f 3150/3150/3150 3149/3149/3149 3148/3148/3148
f 3151/3151/3151 3148/3148/3148 3149/3149/3149
f 3148/3148/3148 3152/3152/3152 3150/3150/3150
f 3153/3153/3153 3150/3150/3150 3152/3152/3152
f 3149/3149/3149 3154/3154/3154 3151/3151/3151
f 3155/3155/3155 3151/3151/3151 3154/3154/3154
f 3154/3154/3154 3156/3156/3156 3155/3155/3155
f 3154/3154/3154 3157/3157/3157 3156/3156/3156
f 3157/3157/3157 3158/3158/3158 3156/3156/3156
f 3159/3159/3159 3156/3156/3156 3158/3158/3158
f 3160/3160/3160 3155/3155/3155 3156/3156/3156
f 3156/3156/3156 3161/3161/3161 3160/3160/3160
f 3160/3160/3160 3161/3161/3161 3162/3162/3162
f 3163/3163/3163 3162/3162/3162 3161/3161/3161
f 3164/3164/3164 3153/3153/3153 3152/3152/3152
f 3165/3165/3165 3164/3164/3164 3152/3152/3152
f 3165/3165/3165 3166/3166/3166 3164/3164/3164
f 3167/3167/3167 3164/3164/3164 3166/3166/3166
f 3170/3170/3170 3169/3169/3169 3168/3168/3168
f 3171/3171/3171 3168/3168/3168 3169/3169/3169
f 3174/3174/3174 3173/3173/3173 3172/3172/3172
f 3175/3175/3175 3172/3172/3172 3173/3173/3173
f 3178/3178/3178 3177/3177/3177 3176/3176/3176
f 3179/3179/3179 3176/3176/3176 3177/3177/3177
f 3179/3179/3179 3177/3177/3177 3180/3180/3180
f 3181/3181/3181 3180/3180/3180 3177/3177/3177
f 3178/3178/3178 3176/3176/3176 3182/3182/3182
f 3183/3183/3183 3182/3182/3182 3176/3176/3176
f 3180/3180/3180 3181/3181/3181 3184/3184/3184
f 3185/3185/3185 3184/3184/3184 3181/3181/3181
f 3182/3182/3182 3183/3183/3183 3186/3186/3186
f 3187/3187/3187 3186/3186/3186 3183/3183/3183
f 3190/3190/3190 3189/3189/3189 3188/3188/3188
f 3190/3190/3190 3188/3188/3188 3191/3191/3191
f 3192/3192/3192 3191/3191/3191 3188/3188/3188
f 3192/3192/3192 3188/3188/3188 3193/3193/3193
f 3194/3194/3194 3193/3193/3193 3188/3188/3188
f 3189/3189/3189 3195/3195/3195 3188/3188/3188
f 3198/3198/3198 3197/3197/3197 3196/3196/3196
f 3199/3199/3199 3196/3196/3196 3197/3197/3197
f 3202/3202/3202 3201/3201/3201 3200/3200/3200
f 3203/3203/3203 3200/3200/3200 3201/3201/3201
f 3206/3206/3206 3205/3205/3205 3204/3204/3204
f 3207/3207/3207 3204/3204/3204 3205/3205/3205
f 3205/3205/3205 3206/3206/3206 3208/3208/3208
f 3209/3209/3209 3208/3208/3208 3206/3206/3206
f 3208/3208/3208 3209/3209/3209 3210/3210/3210
f 3211/3211/3211 3210/3210/3210 3209/3209/3209
f 3210/3210/3210 3211/3211/3211 3212/3212/3212
f 3213/3213/3213 3212/3212/3212 3211/3211/3211
f 3212/3212/3212 3213/3213/3213 3214/3214/3214
f 3215/3215/3215 3214/3214/3214 3213/3213/3213
f 3214/3214/3214 3215/3215/3215 3216/3216/3216
f 3217/3217/3217 3216/3216/3216 3215/3215/3215
f 3216/3216/3216 3217/3217/3217 3218/3218/3218
f 3219/3219/3219 3218/3218/3218 3217/3217/3217
f 3218/3218/3218 3219/3219/3219 3220/3220/3220
f 3221/3221/3221 3220/3220/3220 3219/3219/3219
f 3221/3221/3221 3222/3222/3222 3220/3220/3220
f 3223/3223/3223 3220/3220/3220 3222/3222/3222
f 3226/3226/3226 3225/3225/3225 3224/3224/3224
f 3227/3227/3227 3224/3224/3224 3225/3225/3225
f 3228/3228/3228 3225/3225/3225 3226/3226/3226
f 3228/3228/3228 3229/3229/3229 3225/3225/3225
f 3230/3230/3230 3225/3225/3225 3229/3229/3229
f 3231/3231/3231 3229/3229/3229 3228/3228/3228
f 3232/3232/3232 3228/3228/3228 3226/3226/3226
f 3224/3224/3224 3233/3233/3233 3226/3226/3226
f 3232/3232/3232 3234/3234/3234 3228/3228/3228
f 3235/3235/3235 3228/3228/3228 3234/3234/3234
f 3235/3235/3235 3236/3236/3236 3228/3228/3228
f 3231/3231/3231 3228/3228/3228 3236/3236/3236
f 3239/3239/3239 3238/3238/3238 3237/3237/3237
f 3240/3240/3240 3238/3238/3238 3239/3239/3239
f 3241/3241/3241 3238/3238/3238 3240/3240/3240
f 3242/3242/3242 3241/3241/3241 3240/3240/3240
f 3239/3239/3239 3243/3243/3243 3240/3240/3240
f 3244/3244/3244 3240/3240/3240 3243/3243/3243
f 3245/3245/3245 3243/3243/3243 3239/3239/3239
f 3237/3237/3237 3246/3246/3246 3239/3239/3239
f 3241/3241/3241 3247/3247/3247 3238/3238/3238
f 3248/3248/3248 3238/3238/3238 3247/3247/3247
f 3248/3248/3248 3249/3249/3249 3238/3238/3238
f 3237/3237/3237 3238/3238/3238 3249/3249/3249
f 3207/3207/3207 3250/3250/3250 3204/3204/3204
f 3251/3251/3251 3204/3204/3204 3250/3250/3250
f 3254/3254/3254 3253/3253/3253 3252/3252/3252
f 3255/3255/3255 3252/3252/3252 3253/3253/3253
f 3252/3252/3252 3255/3255/3255 3256/3256/3256
f 3257/3257/3257 3256/3256/3256 3255/3255/3255
f 3256/3256/3256 3257/3257/3257 3258/3258/3258
f 3259/3259/3259 3258/3258/3258 3257/3257/3257
f 3258/3258/3258 3259/3259/3259 3260/3260/3260
f 3261/3261/3261 3260/3260/3260 3259/3259/3259
f 3260/3260/3260 3261/3261/3261 3262/3262/3262
f 3263/3263/3263 3262/3262/3262 3261/3261/3261
f 3262/3262/3262 3263/3263/3263 3264/3264/3264
f 3265/3265/3265 3264/3264/3264 3263/3263/3263
f 3264/3264/3264 3265/3265/3265 3266/3266/3266
f 3267/3267/3267 3266/3266/3266 3265/3265/3265
f 3253/3253/3253 3254/3254/3254 3268/3268/3268
f 3269/3269/3269 3268/3268/3268 3254/3254/3254
f 3272/3272/3272 3271/3271/3271 3270/3270/3270
f 3273/3273/3273 3270/3270/3270 3271/3271/3271
f 3274/3274/3274 3271/3271/3271 3272/3272/3272
f 3274/3274/3274 3275/3275/3275 3271/3271/3271
f 3276/3276/3276 3271/3271/3271 3275/3275/3275
f 3277/3277/3277 3275/3275/3275 3274/3274/3274
f 3270/3270/3270 3278/3278/3278 3272/3272/3272
f 3281/3281/3281 3280/3280/3280 3279/3279/3279
f 3282/3282/3282 3279/3279/3279 3280/3280/3280
f 3281/3281/3281 3283/3283/3283 3280/3280/3280
f 3284/3284/3284 3280/3280/3280 3283/3283/3283
f 3285/3285/3285 3283/3283/3283 3281/3281/3281
f 3279/3279/3279 3286/3286/3286 3281/3281/3281
f 3287/3287/3287 3281/3281/3281 3286/3286/3286
f 3290/3290/3290 3289/3289/3289 3288/3288/3288
f 3291/3291/3291 3288/3288/3288 3289/3289/3289
f 3288/3288/3288 3291/3291/3291 3292/3292/3292
f 3293/3293/3293 3292/3292/3292 3291/3291/3291
f 3294/3294/3294 3292/3292/3292 3293/3293/3293
f 3294/3294/3294 3293/3293/3293 3295/3295/3295
f 3296/3296/3296 3295/3295/3295 3293/3293/3293
f 3299/3299/3299 3298/3298/3298 3297/3297/3297
f 3300/3300/3300 3297/3297/3297 3298/3298/3298
f 3297/3297/3297 3301/3301/3301 3299/3299/3299
f 3302/3302/3302 3299/3299/3299 3301/3301/3301
f 3303/3303/3303 3302/3302/3302 3301/3301/3301
f 3303/3303/3303 3304/3304/3304 3302/3302/3302
f 3305/3305/3305 3302/3302/3302 3304/3304/3304
f 3308/3308/3308 3307/3307/3307 3306/3306/3306
f 3309/3309/3309 3306/3306/3306 3307/3307/3307
f 3312/3312/3312 3311/3311/3311 3310/3310/3310
f 3313/3313/3313 3310/3310/3310 3311/3311/3311
f 3311/3311/3311 3314/3314/3314 3313/3313/3313
f 3315/3315/3315 3313/3313/3313 3314/3314/3314
f 3314/3314/3314 3316/3316/3316 3315/3315/3315
f 3317/3317/3317 3315/3315/3315 3316/3316/3316
f 3316/3316/3316 3318/3318/3318 3317/3317/3317
f 3319/3319/3319 3317/3317/3317 3318/3318/3318
f 3322/3322/3322 3321/3321/3321 3320/3320/3320
f 3323/3323/3323 3320/3320/3320 3321/3321/3321
f 3326/3326/3326 3325/3325/3325 3324/3324/3324
f 3327/3327/3327 3324/3324/3324 3325/3325/3325
f 3325/3325/3325 3328/3328/3328 3327/3327/3327
f 3329/3329/3329 3327/3327/3327 3328/3328/3328
f 3328/3328/3328 3330/3330/3330 3329/3329/3329
f 3331/3331/3331 3329/3329/3329 3330/3330/3330
f 3334/3334/3334 3333/3333/3333 3332/3332/3332
f 3335/3335/3335 3332/3332/3332 3333/3333/3333
f 3332/3332/3332 3335/3335/3335 3336/3336/3336
f 3337/3337/3337 3336/3336/3336 3335/3335/3335
f 3336/3336/3336 3337/3337/3337 3338/3338/3338
f 3339/3339/3339 3338/3338/3338 3337/3337/3337
f 3338/3338/3338 3339/3339/3339 3340/3340/3340
f 3341/3341/3341 3340/3340/3340 3339/3339/3339
f 3340/3340/3340 3341/3341/3341 3342/3342/3342
f 3343/3343/3343 3342/3342/3342 3341/3341/3341
f 3342/3342/3342 3343/3343/3343 3344/3344/3344
f 3345/3345/3345 3344/3344/3344 3343/3343/3343
f 3344/3344/3344 3345/3345/3345 3346/3346/3346
f 3347/3347/3347 3346/3346/3346 3345/3345/3345
f 3346/3346/3346 3347/3347/3347 3348/3348/3348
f 3349/3349/3349 3348/3348/3348 3347/3347/3347
f 3352/3352/3352 3351/3351/3351 3350/3350/3350
f 3353/3353/3353 3350/3350/3350 3351/3351/3351
f 3352/3352/3352 3350/3350/3350 3354/3354/3354
f 3355/3355/3355 3354/3354/3354 3350/3350/3350
f 3356/3356/3356 3352/3352/3352 3354/3354/3354
f 3351/3351/3351 3352/3352/3352 3357/3357/3357
f 3360/3360/3360 3359/3359/3359 3358/3358/3358
f 3361/3361/3361 3358/3358/3358 3359/3359/3359
f 3360/3360/3360 3358/3358/3358 3362/3362/3362
f 3363/3363/3363 3362/3362/3362 3358/3358/3358
f 3364/3364/3364 3360/3360/3360 3362/3362/3362
f 3359/3359/3359 3360/3360/3360 3365/3365/3365
f 3368/3368/3368 3367/3367/3367 3366/3366/3366
f 3369/3369/3369 3366/3366/3366 3367/3367/3367
f 3369/3369/3369 3370/3370/3370 3366/3366/3366
f 3371/3371/3371 3366/3366/3366 3370/3370/3370
f 3374/3374/3374 3373/3373/3373 3372/3372/3372
f 3375/3375/3375 3372/3372/3372 3373/3373/3373
f 3373/3373/3373 3376/3376/3376 3375/3375/3375
f 3377/3377/3377 3375/3375/3375 3376/3376/3376
f 3380/3380/3380 3379/3379/3379 3378/3378/3378
f 3381/3381/3381 3378/3378/3378 3379/3379/3379
f 3379/3379/3379 3382/3382/3382 3381/3381/3381
f 3383/3383/3383 3381/3381/3381 3382/3382/3382
f 3386/3386/3386 3385/3385/3385 3384/3384/3384
f 3387/3387/3387 3384/3384/3384 3385/3385/3385
f 3390/3390/3390 3389/3389/3389 3388/3388/3388
f 3391/3391/3391 3388/3388/3388 3389/3389/3389
f 3389/3389/3389 3392/3392/3392 3391/3391/3391
f 3393/3393/3393 3391/3391/3391 3392/3392/3392
f 3396/3396/3396 3395/3395/3395 3394/3394/3394
f 3397/3397/3397 3394/3394/3394 3395/3395/3395
f 3400/3400/3400 3399/3399/3399 3398/3398/3398
f 3401/3401/3401 3398/3398/3398 3399/3399/3399
f 3398/3398/3398 3401/3401/3401 3402/3402/3402
f 3403/3403/3403 3402/3402/3402 3401/3401/3401
f 3402/3402/3402 3403/3403/3403 3404/3404/3404
f 3405/3405/3405 3404/3404/3404 3403/3403/3403
f 3404/3404/3404 3405/3405/3405 3406/3406/3406
f 3407/3407/3407 3406/3406/3406 3405/3405/3405
f 3406/3406/3406 3407/3407/3407 3408/3408/3408
f 3409/3409/3409 3408/3408/3408 3407/3407/3407
f 3408/3408/3408 3409/3409/3409 3410/3410/3410
f 3411/3411/3411 3410/3410/3410 3409/3409/3409
f 3410/3410/3410 3411/3411/3411 3412/3412/3412
f 3413/3413/3413 3412/3412/3412 3411/3411/3411
f 3399/3399/3399 3400/3400/3400 3414/3414/3414
f 3415/3415/3415 3414/3414/3414 3400/3400/3400
f 3418/3418/3418 3417/3417/3417 3416/3416/3416
f 3419/3419/3419 3416/3416/3416 3417/3417/3417
f 3418/3418/3418 3416/3416/3416 3420/3420/3420
f 3421/3421/3421 3420/3420/3420 3416/3416/3416
f 3422/3422/3422 3418/3418/3418 3420/3420/3420
f 3417/3417/3417 3418/3418/3418 3423/3423/3423
f 3426/3426/3426 3425/3425/3425 3424/3424/3424
f 3427/3427/3427 3424/3424/3424 3425/3425/3425
f 3426/3426/3426 3424/3424/3424 3428/3428/3428
f 3429/3429/3429 3428/3428/3428 3424/3424/3424
f 3430/3430/3430 3426/3426/3426 3428/3428/3428
f 3425/3425/3425 3426/3426/3426 3431/3431/3431
f 3434/3434/3434 3433/3433/3433 3432/3432/3432
f 3435/3435/3435 3432/3432/3432 3433/3433/3433
f 3433/3433/3433 3436/3436/3436 3435/3435/3435
f 3437/3437/3437 3435/3435/3435 3436/3436/3436
f 3436/3436/3436 3438/3438/3438 3437/3437/3437
f 3439/3439/3439 3437/3437/3437 3438/3438/3438
f 3438/3438/3438 3440/3440/3440 3439/3439/3439
f 3441/3441/3441 3439/3439/3439 3440/3440/3440
f 3440/3440/3440 3442/3442/3442 3441/3441/3441
f 3443/3443/3443 3441/3441/3441 3442/3442/3442
f 3442/3442/3442 3444/3444/3444 3443/3443/3443
f 3445/3445/3445 3443/3443/3443 3444/3444/3444
f 3432/3432/3432 3446/3446/3446 3434/3434/3434
f 3447/3447/3447 3434/3434/3434 3446/3446/3446
f 3446/3446/3446 3448/3448/3448 3447/3447/3447
f 3449/3449/3449 3447/3447/3447 3448/3448/3448
f 3437/3437/3437 3450/3450/3450 3435/3435/3435
f 3451/3451/3451 3435/3435/3435 3450/3450/3450
f 3439/3439/3439 3452/3452/3452 3437/3437/3437
f 3450/3450/3450 3437/3437/3437 3452/3452/3452
f 3441/3441/3441 3453/3453/3453 3439/3439/3439
f 3452/3452/3452 3439/3439/3439 3453/3453/3453
f 3443/3443/3443 3454/3454/3454 3441/3441/3441
f 3453/3453/3453 3441/3441/3441 3454/3454/3454
f 3445/3445/3445 3455/3455/3455 3443/3443/3443
f 3454/3454/3454 3443/3443/3443 3455/3455/3455
f 3446/3446/3446 3456/3456/3456 3448/3448/3448
f 3457/3457/3457 3448/3448/3448 3456/3456/3456
f 3456/3456/3456 3446/3446/3446 3458/3458/3458
f 3458/3458/3458 3432/3432/3432 3451/3451/3451
f 3432/3432/3432 3458/3458/3458 3446/3446/3446
f 3435/3435/3435 3451/3451/3451 3432/3432/3432
f 3461/3461/3461 3460/3460/3460 3459/3459/3459
f 3462/3462/3462 3459/3459/3459 3460/3460/3460
f 3461/3461/3461 3459/3459/3459 3463/3463/3463
f 3464/3464/3464 3463/3463/3463 3459/3459/3459
f 3465/3465/3465 3461/3461/3461 3463/3463/3463
f 3460/3460/3460 3461/3461/3461 3466/3466/3466
f 3469/3469/3469 3468/3468/3468 3467/3467/3467
f 3470/3470/3470 3467/3467/3467 3468/3468/3468
f 3469/3469/3469 3467/3467/3467 3471/3471/3471
f 3472/3472/3472 3471/3471/3471 3467/3467/3467
f 3473/3473/3473 3469/3469/3469 3471/3471/3471
f 3468/3468/3468 3469/3469/3469 3474/3474/3474
f 3477/3477/3477 3476/3476/3476 3475/3475/3475
f 3478/3478/3478 3475/3475/3475 3476/3476/3476
f 3476/3476/3476 3479/3479/3479 3478/3478/3478
f 3480/3480/3480 3478/3478/3478 3479/3479/3479
f 3479/3479/3479 3481/3481/3481 3480/3480/3480
f 3482/3482/3482 3480/3480/3480 3481/3481/3481
f 3481/3481/3481 3483/3483/3483 3482/3482/3482
f 3484/3484/3484 3482/3482/3482 3483/3483/3483
f 3483/3483/3483 3485/3485/3485 3484/3484/3484
f 3486/3486/3486 3484/3484/3484 3485/3485/3485
f 3485/3485/3485 3487/3487/3487 3486/3486/3486
f 3488/3488/3488 3486/3486/3486 3487/3487/3487
f 3475/3475/3475 3489/3489/3489 3477/3477/3477
f 3490/3490/3490 3477/3477/3477 3489/3489/3489
f 3489/3489/3489 3491/3491/3491 3490/3490/3490
f 3492/3492/3492 3490/3490/3490 3491/3491/3491
f 3480/3480/3480 3493/3493/3493 3478/3478/3478
f 3494/3494/3494 3478/3478/3478 3493/3493/3493
f 3482/3482/3482 3495/3495/3495 3480/3480/3480
f 3493/3493/3493 3480/3480/3480 3495/3495/3495
f 3484/3484/3484 3496/3496/3496 3482/3482/3482
f 3495/3495/3495 3482/3482/3482 3496/3496/3496
f 3486/3486/3486 3497/3497/3497 3484/3484/3484
f 3496/3496/3496 3484/3484/3484 3497/3497/3497
f 3488/3488/3488 3498/3498/3498 3486/3486/3486
f 3497/3497/3497 3486/3486/3486 3498/3498/3498
f 3489/3489/3489 3499/3499/3499 3491/3491/3491
f 3500/3500/3500 3491/3491/3491 3499/3499/3499
f 3499/3499/3499 3489/3489/3489 3501/3501/3501
f 3501/3501/3501 3475/3475/3475 3494/3494/3494
f 3475/3475/3475 3501/3501/3501 3489/3489/3489
f 3478/3478/3478 3494/3494/3494 3475/3475/3475
f 3504/3504/3504 3503/3503/3503 3502/3502/3502
f 3505/3505/3505 3502/3502/3502 3503/3503/3503
f 3504/3504/3504 3502/3502/3502 3506/3506/3506
f 3507/3507/3507 3506/3506/3506 3502/3502/3502
f 3508/3508/3508 3504/3504/3504 3506/3506/3506
f 3503/3503/3503 3504/3504/3504 3509/3509/3509
f 3512/3512/3512 3511/3511/3511 3510/3510/3510
f 3513/3513/3513 3510/3510/3510 3511/3511/3511
f 3512/3512/3512 3510/3510/3510 3514/3514/3514
f 3515/3515/3515 3514/3514/3514 3510/3510/3510
f 3516/3516/3516 3512/3512/3512 3514/3514/3514
f 3511/3511/3511 3512/3512/3512 3517/3517/3517
f 3520/3520/3520 3519/3519/3519 3518/3518/3518
f 3521/3521/3521 3518/3518/3518 3519/3519/3519
f 3519/3519/3519 3522/3522/3522 3521/3521/3521
f 3523/3523/3523 3521/3521/3521 3522/3522/3522
f 3522/3522/3522 3524/3524/3524 3523/3523/3523
f 3525/3525/3525 3523/3523/3523 3524/3524/3524
f 3524/3524/3524 3526/3526/3526 3525/3525/3525
f 3527/3527/3527 3525/3525/3525 3526/3526/3526
f 3526/3526/3526 3528/3528/3528 3527/3527/3527
f 3529/3529/3529 3527/3527/3527 3528/3528/3528
f 3528/3528/3528 3530/3530/3530 3529/3529/3529
f 3531/3531/3531 3529/3529/3529 3530/3530/3530
f 3518/3518/3518 3532/3532/3532 3520/3520/3520
f 3533/3533/3533 3520/3520/3520 3532/3532/3532
f 3532/3532/3532 3534/3534/3534 3533/3533/3533
f 3535/3535/3535 3533/3533/3533 3534/3534/3534
f 3523/3523/3523 3536/3536/3536 3521/3521/3521
f 3537/3537/3537 3521/3521/3521 3536/3536/3536
f 3525/3525/3525 3538/3538/3538 3523/3523/3523
f 3536/3536/3536 3523/3523/3523 3538/3538/3538
f 3527/3527/3527 3539/3539/3539 3525/3525/3525
f 3538/3538/3538 3525/3525/3525 3539/3539/3539
f 3529/3529/3529 3540/3540/3540 3527/3527/3527
f 3539/3539/3539 3527/3527/3527 3540/3540/3540
f 3531/3531/3531 3541/3541/3541 3529/3529/3529
f 3540/3540/3540 3529/3529/3529 3541/3541/3541
f 3532/3532/3532 3542/3542/3542 3534/3534/3534
f 3543/3543/3543 3534/3534/3534 3542/3542/3542
f 3542/3542/3542 3532/3532/3532 3544/3544/3544
f 3544/3544/3544 3518/3518/3518 3537/3537/3537
f 3518/3518/3518 3544/3544/3544 3532/3532/3532
f 3521/3521/3521 3537/3537/3537 3518/3518/3518
f 3544/3544/3544 3537/3537/3537 3545/3545/3545
f 3546/3546/3546 3545/3545/3545 3537/3537/3537
f 3545/3545/3545 3546/3546/3546 3547/3547/3547
f 3548/3548/3548 3547/3547/3547 3546/3546/3546
f 3548/3548/3548 3546/3546/3546 3549/3549/3549
f 3550/3550/3550 3549/3549/3549 3546/3546/3546
f 3546/3546/3546 3537/3537/3537 3550/3550/3550
f 3549/3549/3549 3550/3550/3550 3551/3551/3551
f 3552/3552/3552 3551/3551/3551 3550/3550/3550
f 3551/3551/3551 3552/3552/3552 3553/3553/3553
f 3554/3554/3554 3553/3553/3553 3552/3552/3552
f 3553/3553/3553 3554/3554/3554 3555/3555/3555
f 3556/3556/3556 3555/3555/3555 3554/3554/3554
f 3556/3556/3556 3557/3557/3557 3555/3555/3555
f 3558/3558/3558 3555/3555/3555 3557/3557/3557
f 3547/3547/3547 3559/3559/3559 3545/3545/3545
f 3560/3560/3560 3545/3545/3545 3559/3559/3559
f 3559/3559/3559 3561/3561/3561 3560/3560/3560
f 3562/3562/3562 3560/3560/3560 3561/3561/3561
f 3550/3550/3550 3536/3536/3536 3552/3552/3552
f 3536/3536/3536 3550/3550/3550 3537/3537/3537
f 3538/3538/3538 3552/3552/3552 3536/3536/3536
f 3552/3552/3552 3538/3538/3538 3554/3554/3554
f 3539/3539/3539 3554/3554/3554 3538/3538/3538
f 3554/3554/3554 3539/3539/3539 3556/3556/3556
f 3540/3540/3540 3556/3556/3556 3539/3539/3539
f 3540/3540/3540 3541/3541/3541 3556/3556/3556
f 3557/3557/3557 3556/3556/3556 3541/3541/3541
f 3560/3560/3560 3562/3562/3562 3542/3542/3542
f 3543/3543/3543 3542/3542/3542 3562/3562/3562
f 3542/3542/3542 3544/3544/3544 3560/3560/3560
f 3545/3545/3545 3560/3560/3560 3544/3544/3544
f 3565/3565/3565 3564/3564/3564 3563/3563/3563
f 3566/3566/3566 3563/3563/3563 3564/3564/3564
f 3565/3565/3565 3563/3563/3563 3567/3567/3567
f 3568/3568/3568 3567/3567/3567 3563/3563/3563
f 3569/3569/3569 3565/3565/3565 3567/3567/3567
f 3564/3564/3564 3565/3565/3565 3570/3570/3570
f 3573/3573/3573 3572/3572/3572 3571/3571/3571
f 3574/3574/3574 3571/3571/3571 3572/3572/3572
f 3573/3573/3573 3571/3571/3571 3575/3575/3575
f 3576/3576/3576 3575/3575/3575 3571/3571/3571
f 3577/3577/3577 3573/3573/3573 3575/3575/3575
f 3572/3572/3572 3573/3573/3573 3578/3578/3578
f 3581/3581/3581 3580/3580/3580 3579/3579/3579
f 3582/3582/3582 3579/3579/3579 3580/3580/3580
f 3585/3585/3585 3584/3584/3584 3583/3583/3583
f 3586/3586/3586 3583/3583/3583 3584/3584/3584
f 3583/3583/3583 3586/3586/3586 3587/3587/3587
f 3588/3588/3588 3587/3587/3587 3586/3586/3586
f 3587/3587/3587 3588/3588/3588 3589/3589/3589
f 3590/3590/3590 3589/3589/3589 3588/3588/3588
f 3589/3589/3589 3590/3590/3590 3591/3591/3591
f 3592/3592/3592 3591/3591/3591 3590/3590/3590
f 3591/3591/3591 3592/3592/3592 3593/3593/3593
f 3594/3594/3594 3593/3593/3593 3592/3592/3592
f 3593/3593/3593 3594/3594/3594 3595/3595/3595
f 3596/3596/3596 3595/3595/3595 3594/3594/3594
f 3595/3595/3595 3596/3596/3596 3597/3597/3597
f 3598/3598/3598 3597/3597/3597 3596/3596/3596
f 3597/3597/3597 3598/3598/3598 3599/3599/3599
f 3600/3600/3600 3599/3599/3599 3598/3598/3598
f 3602/3602/3602 3601/3601/3601 3585/3585/3585
f 3601/3601/3601 3602/3602/3602 3603/3603/3603
f 3604/3604/3604 3603/3603/3603 3602/3602/3602
f 3584/3584/3584 3585/3585/3585 3601/3601/3601
f 3607/3607/3607 3606/3606/3606 3605/3605/3605
f 3608/3608/3608 3605/3605/3605 3606/3606/3606
f 3607/3607/3607 3605/3605/3605 3609/3609/3609
f 3610/3610/3610 3609/3609/3609 3605/3605/3605
f 3607/3607/3607 3609/3609/3609 3611/3611/3611
f 3612/3612/3612 3611/3611/3611 3609/3609/3609
f 3613/3613/3613 3607/3607/3607 3611/3611/3611
f 3606/3606/3606 3607/3607/3607 3614/3614/3614
f 3617/3617/3617 3616/3616/3616 3615/3615/3615
f 3618/3618/3618 3615/3615/3615 3616/3616/3616
f 3617/3617/3617 3615/3615/3615 3619/3619/3619
f 3620/3620/3620 3619/3619/3619 3615/3615/3615
f 3617/3617/3617 3619/3619/3619 3621/3621/3621
f 3622/3622/3622 3621/3621/3621 3619/3619/3619
f 3623/3623/3623 3617/3617/3617 3621/3621/3621
f 3616/3616/3616 3617/3617/3617 3624/3624/3624
f 3627/3627/3627 3626/3626/3626 3625/3625/3625
f 3628/3628/3628 3625/3625/3625 3626/3626/3626
f 3626/3626/3626 3627/3627/3627 3629/3629/3629
f 3629/3629/3629 3627/3627/3627 3630/3630/3630
f 3630/3630/3630 3627/3627/3627 3631/3631/3631
f 3632/3632/3632 3631/3631/3631 3627/3627/3627
f 3631/3631/3631 3633/3633/3633 3630/3630/3630
f 3634/3634/3634 3630/3630/3630 3633/3633/3633
f 3634/3634/3634 3633/3633/3633 3635/3635/3635
f 3636/3636/3636 3635/3635/3635 3633/3633/3633
f 3637/3637/3637 3631/3631/3631 3632/3632/3632
f 3638/3638/3638 3637/3637/3637 3632/3632/3632
f 3632/3632/3632 3639/3639/3639 3638/3638/3638
f 3640/3640/3640 3638/3638/3638 3639/3639/3639
f 3643/3643/3643 3642/3642/3642 3641/3641/3641
f 3644/3644/3644 3641/3641/3641 3642/3642/3642
f 3642/3642/3642 3643/3643/3643 3645/3645/3645
f 3646/3646/3646 3645/3645/3645 3643/3643/3643
f 3643/3643/3643 3641/3641/3641 3647/3647/3647
f 3648/3648/3648 3647/3647/3647 3641/3641/3641
f 3651/3651/3651 3650/3650/3650 3649/3649/3649
f 3652/3652/3652 3649/3649/3649 3650/3650/3650
f 3653/3653/3653 3650/3650/3650 3651/3651/3651
f 3649/3649/3649 3652/3652/3652 3654/3654/3654
f 3655/3655/3655 3654/3654/3654 3652/3652/3652
f 3652/3652/3652 3656/3656/3656 3655/3655/3655
f 3657/3657/3657 3655/3655/3655 3656/3656/3656
f 3655/3655/3655 3658/3658/3658 3654/3654/3654
f 3659/3659/3659 3654/3654/3654 3658/3658/3658
f 3660/3660/3660 3659/3659/3659 3658/3658/3658
f 3653/3653/3653 3661/3661/3661 3650/3650/3650
f 3662/3662/3662 3650/3650/3650 3661/3661/3661
f 3663/3663/3663 3662/3662/3662 3661/3661/3661
f 3658/3658/3658 3664/3664/3664 3660/3660/3660
f 3665/3665/3665 3660/3660/3660 3664/3664/3664
f 3666/3666/3666 3664/3664/3664 3658/3658/3658
f 3669/3669/3669 3668/3668/3668 3667/3667/3667
f 3670/3670/3670 3667/3667/3667 3668/3668/3668
f 3668/3668/3668 3669/3669/3669 3671/3671/3671
f 3672/3672/3672 3671/3671/3671 3669/3669/3669
f 3675/3675/3675 3674/3674/3674 3673/3673/3673
f 3676/3676/3676 3673/3673/3673 3674/3674/3674
f 3674/3674/3674 3675/3675/3675 3677/3677/3677
f 3678/3678/3678 3677/3677/3677 3675/3675/3675
f 3676/3676/3676 3679/3679/3679 3673/3673/3673
f 3680/3680/3680 3673/3673/3673 3679/3679/3679
f 3683/3683/3683 3682/3682/3682 3681/3681/3681
f 3684/3684/3684 3681/3681/3681 3682/3682/3682
f 3682/3682/3682 3685/3685/3685 3684/3684/3684
f 3686/3686/3686 3684/3684/3684 3685/3685/3685
f 3689/3689/3689 3688/3688/3688 3687/3687/3687
f 3690/3690/3690 3687/3687/3687 3688/3688/3688
f 3693/3693/3693 3692/3692/3692 3691/3691/3691
f 3692/3692/3692 3694/3694/3694 3691/3691/3691
f 3694/3694/3694 3695/3695/3695 3691/3691/3691
f 3696/3696/3696 3693/3693/3693 3691/3691/3691
f 3699/3699/3699 3698/3698/3698 3697/3697/3697
f 3700/3700/3700 3697/3697/3697 3698/3698/3698
f 3699/3699/3699 3697/3697/3697 3701/3701/3701
f 3697/3697/3697 3702/3702/3702 3701/3701/3701
f 3702/3702/3702 3703/3703/3703 3701/3701/3701
f 3703/3703/3703 3704/3704/3704 3701/3701/3701
f 3707/3707/3707 3706/3706/3706 3705/3705/3705
f 3708/3708/3708 3705/3705/3705 3706/3706/3706
f 3705/3705/3705 3709/3709/3709 3707/3707/3707
f 3710/3710/3710 3707/3707/3707 3709/3709/3709
f 3709/3709/3709 3705/3705/3705 3711/3711/3711
f 3712/3712/3712 3711/3711/3711 3705/3705/3705
f 3713/3713/3713 3709/3709/3709 3711/3711/3711
f 3713/3713/3713 3714/3714/3714 3709/3709/3709
f 3715/3715/3715 3709/3709/3709 3714/3714/3714
f 3715/3715/3715 3716/3716/3716 3709/3709/3709
f 3717/3717/3717 3709/3709/3709 3716/3716/3716
f 3718/3718/3718 3717/3717/3717 3716/3716/3716
f 3721/3721/3721 3720/3720/3720 3719/3719/3719
f 3722/3722/3722 3719/3719/3719 3720/3720/3720
f 3720/3720/3720 3723/3723/3723 3722/3722/3722
f 3724/3724/3724 3722/3722/3722 3723/3723/3723
f 3720/3720/3720 3725/3725/3725 3723/3723/3723
f 3726/3726/3726 3723/3723/3723 3725/3725/3725
f 3729/3729/3729 3728/3728/3728 3727/3727/3727
f 3730/3730/3730 3727/3727/3727 3728/3728/3728
f 3727/3727/3727 3731/3731/3731 3729/3729/3729
f 3732/3732/3732 3729/3729/3729 3731/3731/3731
f 3735/3735/3735 3734/3734/3734 3733/3733/3733
f 3736/3736/3736 3733/3733/3733 3734/3734/3734
f 3733/3733/3733 3737/3737/3737 3735/3735/3735
f 3738/3738/3738 3735/3735/3735 3737/3737/3737
f 3736/3736/3736 3734/3734/3734 3739/3739/3739
f 3740/3740/3740 3739/3739/3739 3734/3734/3734
f 3743/3743/3743 3742/3742/3742 3741/3741/3741
f 3744/3744/3744 3741/3741/3741 3742/3742/3742
f 3742/3742/3742 3743/3743/3743 3745/3745/3745
f 3746/3746/3746 3745/3745/3745 3743/3743/3743
f 3749/3749/3749 3748/3748/3748 3747/3747/3747
f 3750/3750/3750 3747/3747/3747 3748/3748/3748
f 3753/3753/3753 3752/3752/3752 3751/3751/3751
f 3752/3752/3752 3754/3754/3754 3751/3751/3751
f 3755/3755/3755 3751/3751/3751 3754/3754/3754
f 3758/3758/3758 3757/3757/3757 3756/3756/3756
f 3758/3758/3758 3756/3756/3756 3759/3759/3759
f 3760/3760/3760 3759/3759/3759 3756/3756/3756
f 3761/3761/3761 3759/3759/3759 3760/3760/3760
f 3764/3764/3764 3763/3763/3763 3762/3762/3762
f 3763/3763/3763 3765/3765/3765 3762/3762/3762
f 3765/3765/3765 3766/3766/3766 3762/3762/3762
f 3763/3763/3763 3767/3767/3767 3765/3765/3765
f 3770/3770/3770 3769/3769/3769 3768/3768/3768
f 3769/3769/3769 3770/3770/3770 3771/3771/3771
f 3771/3771/3771 3770/3770/3770 3772/3772/3772
f 3773/3773/3773 3771/3771/3771 3772/3772/3772
f 3774/3774/3774 3773/3773/3773 3772/3772/3772
f 3774/3774/3774 3775/3775/3775 3773/3773/3773
f 3775/3775/3775 3776/3776/3776 3773/3773/3773
f 3776/3776/3776 3777/3777/3777 3773/3773/3773
f 3777/3777/3777 3776/3776/3776 3778/3778/3778
f 3779/3779/3779 3778/3778/3778 3776/3776/3776
f 3779/3779/3779 3776/3776/3776 3780/3780/3780
f 3776/3776/3776 3781/3781/3781 3780/3780/3780
f 3781/3781/3781 3782/3782/3782 3780/3780/3780
f 3780/3780/3780 3782/3782/3782 3783/3783/3783
f 3784/3784/3784 3780/3780/3780 3783/3783/3783
f 3785/3785/3785 3784/3784/3784 3783/3783/3783
f 3786/3786/3786 3773/3773/3773 3777/3777/3777
f 3789/3789/3789 3788/3788/3788 3787/3787/3787
f 3790/3790/3790 3787/3787/3787 3788/3788/3788
f 3790/3790/3790 3788/3788/3788 3791/3791/3791
f 3792/3792/3792 3791/3791/3791 3788/3788/3788
f 3795/3795/3795 3794/3794/3794 3793/3793/3793
f 3796/3796/3796 3793/3793/3793 3794/3794/3794
f 3799/3799/3799 3798/3798/3798 3797/3797/3797
f 3798/3798/3798 3800/3800/3800 3797/3797/3797
f 3802/3802/3802 3799/3799/3799 3801/3801/3801
f 3802/3802/3802 3803/3803/3803 3799/3799/3799
f 3802/3802/3802 3804/3804/3804 3803/3803/3803
f 3801/3801/3801 3804/3804/3804 3802/3802/3802
f 3805/3805/3805 3803/3803/3803 3804/3804/3804
f 3804/3804/3804 3806/3806/3806 3805/3805/3805
f 3808/3808/3808 3801/3801/3801 3807/3807/3807
f 3807/3807/3807 3797/3797/3797 3808/3808/3808
f 3808/3808/3808 3809/3809/3809 3801/3801/3801
f 3808/3808/3808 3810/3810/3810 3809/3809/3809
f 3810/3810/3810 3811/3811/3811 3809/3809/3809
f 3810/3810/3810 3812/3812/3812 3811/3811/3811
f 3813/3813/3813 3808/3808/3808 3797/3797/3797
f 3816/3816/3816 3815/3815/3815 3814/3814/3814
f 3817/3817/3817 3814/3814/3814 3815/3815/3815
f 3816/3816/3816 3814/3814/3814 3818/3818/3818
f 3819/3819/3819 3818/3818/3818 3814/3814/3814
f 3815/3815/3815 3820/3820/3820 3817/3817/3817
f 3821/3821/3821 3817/3817/3817 3820/3820/3820
f 3824/3824/3824 3823/3823/3823 3822/3822/3822
f 3825/3825/3825 3822/3822/3822 3823/3823/3823
f 3822/3822/3822 3826/3826/3826 3824/3824/3824
f 3827/3827/3827 3824/3824/3824 3826/3826/3826
f 3830/3830/3830 3829/3829/3829 3828/3828/3828
f 3829/3829/3829 3831/3831/3831 3828/3828/3828
f 3831/3831/3831 3832/3832/3832 3828/3828/3828
f 3829/3829/3829 3833/3833/3833 3831/3831/3831
f 3831/3831/3831 3833/3833/3833 3834/3834/3834
f 3835/3835/3835 3834/3834/3834 3833/3833/3833
f 3832/3832/3832 3831/3831/3831 3836/3836/3836
f 3837/3837/3837 3836/3836/3836 3831/3831/3831
f 3837/3837/3837 3831/3831/3831 3838/3838/3838
f 3834/3834/3834 3838/3838/3838 3831/3831/3831
f 3834/3834/3834 3839/3839/3839 3838/3838/3838
f 3842/3842/3842 3841/3841/3841 3840/3840/3840
f 3841/3841/3841 3843/3843/3843 3840/3840/3840
f 3844/3844/3844 3840/3840/3840 3843/3843/3843
f 3843/3843/3843 3841/3841/3841 3845/3845/3845
f 3846/3846/3846 3845/3845/3845 3841/3841/3841
f 3846/3846/3846 3841/3841/3841 3847/3847/3847
f 3848/3848/3848 3847/3847/3847 3841/3841/3841
f 3848/3848/3848 3841/3841/3841 3849/3849/3849
f 3841/3841/3841 3842/3842/3842 3849/3849/3849
f 3842/3842/3842 3850/3850/3850 3849/3849/3849
f 3851/3851/3851 3843/3843/3843 3845/3845/3845
f 3854/3854/3854 3853/3853/3853 3852/3852/3852
f 3855/3855/3855 3852/3852/3852 3853/3853/3853
f 3852/3852/3852 3855/3855/3855 3856/3856/3856
f 3857/3857/3857 3856/3856/3856 3855/3855/3855
f 3853/3853/3853 3854/3854/3854 3858/3858/3858
f 3861/3861/3861 3860/3860/3860 3859/3859/3859
f 3860/3860/3860 3862/3862/3862 3859/3859/3859
f 3862/3862/3862 3863/3863/3863 3859/3859/3859
f 3862/3862/3862 3864/3864/3864 3863/3863/3863
f 3864/3864/3864 3865/3865/3865 3863/3863/3863
f 3860/3860/3860 3861/3861/3861 3866/3866/3866
f 3861/3861/3861 3859/3859/3859 3867/3867/3867
f 3868/3868/3868 3867/3867/3867 3859/3859/3859
f 3861/3861/3861 3867/3867/3867 3869/3869/3869
f 3870/3870/3870 3869/3869/3869 3867/3867/3867
f 3873/3873/3873 3872/3872/3872 3871/3871/3871
f 3876/3876/3876 3875/3875/3875 3874/3874/3874
f 3879/3879/3879 3878/3878/3878 3877/3877/3877
f 3882/3882/3882 3881/3881/3881 3880/3880/3880
f 3885/3885/3885 3884/3884/3884 3883/3883/3883
f 3888/3888/3888 3887/3887/3887 3886/3886/3886
f 3888/3888/3888 3886/3886/3886 3889/3889/3889
f 3892/3892/3892 3891/3891/3891 3890/3890/3890
f 3895/3895/3895 3894/3894/3894 3893/3893/3893
f 3898/3898/3898 3897/3897/3897 3896/3896/3896
f 3899/3899/3899 3896/3896/3896 3897/3897/3897
f 3896/3896/3896 3899/3899/3899 3900/3900/3900
f 3901/3901/3901 3900/3900/3900 3899/3899/3899
f 3904/3904/3904 3903/3903/3903 3902/3902/3902
f 3905/3905/3905 3902/3902/3902 3903/3903/3903
f 3902/3902/3902 3906/3906/3906 3904/3904/3904
f 3907/3907/3907 3904/3904/3904 3906/3906/3906
f 3903/3903/3903 3908/3908/3908 3905/3905/3905
f 3911/3911/3911 3910/3910/3910 3909/3909/3909
f 3912/3912/3912 3909/3909/3909 3910/3910/3910
f 3909/3909/3909 3913/3913/3913 3911/3911/3911
f 3914/3914/3914 3911/3911/3911 3913/3913/3913
f 3917/3917/3917 3916/3916/3916 3915/3915/3915
f 3918/3918/3918 3915/3915/3915 3916/3916/3916
f 3921/3921/3921 3920/3920/3920 3919/3919/3919
f 3922/3922/3922 3919/3919/3919 3920/3920/3920
f 3925/3925/3925 3924/3924/3924 3923/3923/3923
f 3926/3926/3926 3923/3923/3923 3924/3924/3924
f 3929/3929/3929 3928/3928/3928 3927/3927/3927
f 3932/3932/3932 3931/3931/3931 3930/3930/3930
f 3933/3933/3933 3930/3930/3930 3931/3931/3931
f 3936/3936/3936 3935/3935/3935 3934/3934/3934
f 3937/3937/3937 3934/3934/3934 3935/3935/3935
f 3940/3940/3940 3939/3939/3939 3938/3938/3938
f 3943/3943/3943 3942/3942/3942 3941/3941/3941
f 3944/3944/3944 3941/3941/3941 3942/3942/3942
f 3943/3943/3943 3941/3941/3941 3945/3945/3945
f 3943/3943/3943 3945/3945/3945 3946/3946/3946
f 3947/3947/3947 3946/3946/3946 3945/3945/3945
f 3947/3947/3947 3945/3945/3945 3948/3948/3948
f 3949/3949/3949 3948/3948/3948 3945/3945/3945
f 3947/3947/3947 3950/3950/3950 3946/3946/3946
f 3946/3946/3946 3950/3950/3950 3951/3951/3951
f 3952/3952/3952 3951/3951/3951 3950/3950/3950
f 3955/3955/3955 3954/3954/3954 3953/3953/3953
f 3956/3956/3956 3953/3953/3953 3954/3954/3954
f 3953/3953/3953 3957/3957/3957 3955/3955/3955
f 3958/3958/3958 3955/3955/3955 3957/3957/3957
f 3955/3955/3955 3959/3959/3959 3954/3954/3954
f 3960/3960/3960 3954/3954/3954 3959/3959/3959
f 3963/3963/3963 3962/3962/3962 3961/3961/3961
f 3964/3964/3964 3961/3961/3961 3962/3962/3962
f 3961/3961/3961 3965/3965/3965 3963/3963/3963
f 3964/3964/3964 3962/3962/3962 3966/3966/3966
f 3966/3966/3966 3967/3967/3967 3964/3964/3964
f 3968/3968/3968 3964/3964/3964 3967/3967/3967
f 3969/3969/3969 3966/3966/3966 3962/3962/3962
f 3966/3966/3966 3969/3969/3969 3970/3970/3970
f 3971/3971/3971 3970/3970/3970 3969/3969/3969
f 3971/3971/3971 3972/3972/3972 3970/3970/3970
f 3972/3972/3972 3973/3973/3973 3970/3970/3970
f 3974/3974/3974 3970/3970/3970 3973/3973/3973
f 3973/3973/3973 3975/3975/3975 3974/3974/3974
f 3965/3965/3965 3961/3961/3961 3976/3976/3976
f 3977/3977/3977 3976/3976/3976 3961/3961/3961
f 3977/3977/3977 3978/3978/3978 3976/3976/3976
f 3981/3981/3981 3980/3980/3980 3979/3979/3979
f 3982/3982/3982 3979/3979/3979 3980/3980/3980
f 3979/3979/3979 3983/3983/3983 3981/3981/3981
f 3984/3984/3984 3981/3981/3981 3983/3983/3983
f 3982/3982/3982 3980/3980/3980 3985/3985/3985
f 3980/3980/3980 3986/3986/3986 3985/3985/3985
f 3987/3987/3987 3985/3985/3985 3986/3986/3986
f 3988/3988/3988 3987/3987/3987 3986/3986/3986
f 3988/3988/3988 3986/3986/3986 3989/3989/3989
f 3990/3990/3990 3989/3989/3989 3986/3986/3986
f 3990/3990/3990 3991/3991/3991 3989/3989/3989
f 3992/3992/3992 3989/3989/3989 3991/3991/3991
f 3995/3995/3995 3994/3994/3994 3993/3993/3993
f 3996/3996/3996 3993/3993/3993 3994/3994/3994
f 3999/3999/3999 3998/3998/3998 3997/3997/3997
f 3998/3998/3998 4000/4000/4000 3997/3997/3997
f 4000/4000/4000 4001/4001/4001 3997/3997/3997
f 4001/4001/4001 4002/4002/4002 3997/3997/3997
f 4005/4005/4005 4004/4004/4004 4003/4003/4003
f 4006/4006/4006 4003/4003/4003 4004/4004/4004
f 4009/4009/4009 4008/4008/4008 4007/4007/4007
f 4010/4010/4010 4007/4007/4007 4008/4008/4008
f 4009/4009/4009 4011/4011/4011 4008/4008/4008
f 4009/4009/4009 4007/4007/4007 4012/4012/4012
f 4010/4010/4010 4008/4008/4008 4013/4013/4013
f 4014/4014/4014 4008/4008/4008 4011/4011/4011
f 4015/4015/4015 4008/4008/4008 4014/4014/4014
f 4008/4008/4008 4015/4015/4015 4016/4016/4016
f 4017/4017/4017 4016/4016/4016 4015/4015/4015
f 4016/4016/4016 4017/4017/4017 4018/4018/4018
f 4019/4019/4019 4018/4018/4018 4017/4017/4017
f 4018/4018/4018 4019/4019/4019 4020/4020/4020
f 4023/4023/4023 4022/4022/4022 4021/4021/4021
f 4024/4024/4024 4021/4021/4021 4022/4022/4022
f 4022/4022/4022 4025/4025/4025 4024/4024/4024
f 4026/4026/4026 4024/4024/4024 4025/4025/4025
f 4029/4029/4029 4028/4028/4028 4027/4027/4027
f 4030/4030/4030 4027/4027/4027 4028/4028/4028
f 4027/4027/4027 4030/4030/4030 4031/4031/4031
f 4032/4032/4032 4031/4031/4031 4030/4030/4030
f 4027/4027/4027 4031/4031/4031 4033/4033/4033
f 4034/4034/4034 4033/4033/4033 4031/4031/4031
f 4037/4037/4037 4036/4036/4036 4035/4035/4035
f 4038/4038/4038 4035/4035/4035 4036/4036/4036
f 4036/4036/4036 4037/4037/4037 4039/4039/4039
f 4040/4040/4040 4039/4039/4039 4037/4037/4037
f 4041/4041/4041 4035/4035/4035 4038/4038/4038
f 4035/4035/4035 4041/4041/4041 4042/4042/4042
f 4043/4043/4043 4042/4042/4042 4041/4041/4041
f 4044/4044/4044 4042/4042/4042 4043/4043/4043
f 4044/4044/4044 4045/4045/4045 4042/4042/4042
f 4046/4046/4046 4042/4042/4042 4045/4045/4045
f 4046/4046/4046 4045/4045/4045 4047/4047/4047
f 4048/4048/4048 4047/4047/4047 4045/4045/4045
f 4051/4051/4051 4050/4050/4050 4049/4049/4049
f 4052/4052/4052 4049/4049/4049 4050/4050/4050
f 4055/4055/4055 4054/4054/4054 4053/4053/4053
f 4056/4056/4056 4053/4053/4053 4054/4054/4054
f 4057/4057/4057 4054/4054/4054 4055/4055/4055
f 4060/4060/4060 4059/4059/4059 4058/4058/4058
f 4061/4061/4061 4058/4058/4058 4059/4059/4059
f 4064/4064/4064 4063/4063/4063 4062/4062/4062
f 4064/4064/4064 4065/4065/4065 4063/4063/4063
f 4064/4064/4064 4066/4066/4066 4065/4065/4065
f 4067/4067/4067 4065/4065/4065 4066/4066/4066
f 4070/4070/4070 4069/4069/4069 4068/4068/4068
f 4071/4071/4071 4068/4068/4068 4069/4069/4069
f 4068/4068/4068 4072/4072/4072 4070/4070/4070
f 4073/4073/4073 4070/4070/4070 4072/4072/4072
f 4069/4069/4069 4074/4074/4074 4071/4071/4071
f 4075/4075/4075 4071/4071/4071 4074/4074/4074
f 4074/4074/4074 4076/4076/4076 4075/4075/4075
f 4077/4077/4077 4075/4075/4075 4076/4076/4076
f 4076/4076/4076 4078/4078/4078 4077/4077/4077
f 4079/4079/4079 4077/4077/4077 4078/4078/4078
f 4078/4078/4078 4080/4080/4080 4079/4079/4079
f 4081/4081/4081 4079/4079/4079 4080/4080/4080
f 4080/4080/4080 4082/4082/4082 4081/4081/4081
f 4083/4083/4083 4081/4081/4081 4082/4082/4082
f 4082/4082/4082 4084/4084/4084 4083/4083/4083
f 4085/4085/4085 4083/4083/4083 4084/4084/4084
f 4088/4088/4088 4087/4087/4087 4086/4086/4086
f 4089/4089/4089 4086/4086/4086 4087/4087/4087
f 4088/4088/4088 4086/4086/4086 4090/4090/4090
f 4091/4091/4091 4090/4090/4090 4086/4086/4086
f 4088/4088/4088 4090/4090/4090 4092/4092/4092
f 4088/4088/4088 4093/4093/4093 4087/4087/4087
f 4096/4096/4096 4095/4095/4095 4094/4094/4094
f 4097/4097/4097 4094/4094/4094 4095/4095/4095
f 4094/4094/4094 4098/4098/4098 4096/4096/4096
f 4099/4099/4099 4096/4096/4096 4098/4098/4098
f 4095/4095/4095 4100/4100/4100 4097/4097/4097
f 4101/4101/4101 4097/4097/4097 4100/4100/4100
f 4100/4100/4100 4102/4102/4102 4101/4101/4101
f 4103/4103/4103 4101/4101/4101 4102/4102/4102
f 4102/4102/4102 4104/4104/4104 4103/4103/4103
f 4105/4105/4105 4103/4103/4103 4104/4104/4104
f 4104/4104/4104 4106/4106/4106 4105/4105/4105
f 4107/4107/4107 4105/4105/4105 4106/4106/4106
f 4106/4106/4106 4108/4108/4108 4107/4107/4107
f 4109/4109/4109 4107/4107/4107 4108/4108/4108
f 4108/4108/4108 4110/4110/4110 4109/4109/4109
f 4111/4111/4111 4109/4109/4109 4110/4110/4110
f 4114/4114/4114 4113/4113/4113 4112/4112/4112
f 4115/4115/4115 4112/4112/4112 4113/4113/4113
f 4114/4114/4114 4112/4112/4112 4116/4116/4116
f 4117/4117/4117 4116/4116/4116 4112/4112/4112
f 4114/4114/4114 4116/4116/4116 4118/4118/4118
f 4114/4114/4114 4119/4119/4119 4113/4113/4113
f 4122/4122/4122 4121/4121/4121 4120/4120/4120
f 4123/4123/4123 4120/4120/4120 4121/4121/4121
f 4123/4123/4123 4124/4124/4124 4120/4120/4120
f 4125/4125/4125 4120/4120/4120 4124/4124/4124
f 4128/4128/4128 4127/4127/4127 4126/4126/4126
f 4126/4126/4126 4127/4127/4127 4129/4129/4129
f 4130/4130/4130 4129/4129/4129 4127/4127/4127
f 4129/4129/4129 4130/4130/4130 4131/4131/4131
f 4130/4130/4130 4132/4132/4132 4131/4131/4131
f 4131/4131/4131 4132/4132/4132 4133/4133/4133
f 4133/4133/4133 4132/4132/4132 4134/4134/4134
f 4133/4133/4133 4134/4134/4134 4135/4135/4135
f 4134/4134/4134 4136/4136/4136 4135/4135/4135
f 4137/4137/4137 4136/4136/4136 4134/4134/4134
f 4130/4130/4130 4138/4138/4138 4132/4132/4132
f 4138/4138/4138 4130/4130/4130 4139/4139/4139
f 4127/4127/4127 4139/4139/4139 4130/4130/4130
f 4140/4140/4140 4132/4132/4132 4138/4138/4138
f 4140/4140/4140 4134/4134/4134 4132/4132/4132
f 4143/4143/4143 4142/4142/4142 4141/4141/4141
f 4144/4144/4144 4141/4141/4141 4142/4142/4142
f 4141/4141/4141 4144/4144/4144 4145/4145/4145
f 4141/4141/4141 4145/4145/4145 4146/4146/4146
f 4147/4147/4147 4141/4141/4141 4146/4146/4146
f 4146/4146/4146 4148/4148/4148 4147/4147/4147
f 4148/4148/4148 4149/4149/4149 4147/4147/4147
f 4150/4150/4150 4147/4147/4147 4149/4149/4149
f 4151/4151/4151 4147/4147/4147 4150/4150/4150
f 4151/4151/4151 4150/4150/4150 4152/4152/4152
f 4151/4151/4151 4152/4152/4152 4153/4153/4153
f 4154/4154/4154 4151/4151/4151 4153/4153/4153
f 4155/4155/4155 4154/4154/4154 4153/4153/4153
f 4156/4156/4156 4155/4155/4155 4153/4153/4153
f 4157/4157/4157 4155/4155/4155 4156/4156/4156
f 4158/4158/4158 4157/4157/4157 4156/4156/4156
f 4151/4151/4151 4154/4154/4154 4159/4159/4159
f 4160/4160/4160 4153/4153/4153 4152/4152/4152
f 4161/4161/4161 4145/4145/4145 4144/4144/4144
f 4164/4164/4164 4163/4163/4163 4162/4162/4162
f 4165/4165/4165 4162/4162/4162 4163/4163/4163
f 4163/4163/4163 4166/4166/4166 4165/4165/4165
f 4167/4167/4167 4165/4165/4165 4166/4166/4166
f 4163/4163/4163 4168/4168/4168 4166/4166/4166
f 4169/4169/4169 4166/4166/4166 4168/4168/4168
f 4168/4168/4168 4170/4170/4170 4169/4169/4169
f 4170/4170/4170 4168/4168/4168 4171/4171/4171
f 4172/4172/4172 4171/4171/4171 4168/4168/4168
f 4168/4168/4168 4173/4173/4173 4172/4172/4172
f 4174/4174/4174 4172/4172/4172 4173/4173/4173
f 4174/4174/4174 4175/4175/4175 4172/4172/4172
f 4174/4174/4174 4176/4176/4176 4175/4175/4175
f 4177/4177/4177 4175/4175/4175 4176/4176/4176
f 4179/4179/4179 4176/4176/4176 4178/4178/4178
f 4180/4180/4180 4176/4176/4176 4179/4179/4179
f 4181/4181/4181 4180/4180/4180 4179/4179/4179
f 4182/4182/4182 4180/4180/4180 4181/4181/4181
f 4185/4185/4185 4184/4184/4184 4183/4183/4183
f 4186/4186/4186 4183/4183/4183 4184/4184/4184
f 4184/4184/4184 4187/4187/4187 4186/4186/4186
f 4188/4188/4188 4186/4186/4186 4187/4187/4187
f 4187/4187/4187 4189/4189/4189 4188/4188/4188
f 4190/4190/4190 4188/4188/4188 4189/4189/4189
f 4190/4190/4190 4189/4189/4189 4191/4191/4191
f 4192/4192/4192 4191/4191/4191 4189/4189/4189
f 4192/4192/4192 4193/4193/4193 4191/4191/4191
f 4194/4194/4194 4191/4191/4191 4193/4193/4193
f 4197/4197/4197 4196/4196/4196 4195/4195/4195
f 4198/4198/4198 4195/4195/4195 4196/4196/4196
f 4197/4197/4197 4195/4195/4195 4199/4199/4199
f 4195/4195/4195 4200/4200/4200 4199/4199/4199
f 4201/4201/4201 4199/4199/4199 4200/4200/4200
f 4204/4204/4204 4203/4203/4203 4202/4202/4202
f 4205/4205/4205 4202/4202/4202 4203/4203/4203
f 4202/4202/4202 4205/4205/4205 4206/4206/4206
f 4207/4207/4207 4206/4206/4206 4205/4205/4205
f 4207/4207/4207 4208/4208/4208 4206/4206/4206
f 4209/4209/4209 4206/4206/4206 4208/4208/4208
f 4212/4212/4212 4211/4211/4211 4210/4210/4210
f 4212/4212/4212 4213/4213/4213 4211/4211/4211
f 4214/4214/4214 4211/4211/4211 4213/4213/4213
f 4213/4213/4213 4215/4215/4215 4214/4214/4214
f 4216/4216/4216 4214/4214/4214 4215/4215/4215
f 4213/4213/4213 4217/4217/4217 4215/4215/4215
f 4218/4218/4218 4215/4215/4215 4217/4217/4217
f 4214/4214/4214 4219/4219/4219 4211/4211/4211
f 4220/4220/4220 4211/4211/4211 4219/4219/4219
f 4211/4211/4211 4220/4220/4220 4221/4221/4221
f 4221/4221/4221 4210/4210/4210 4211/4211/4211
f 4222/4222/4222 4221/4221/4221 4220/4220/4220
f 4225/4225/4225 4224/4224/4224 4223/4223/4223
f 4225/4225/4225 4223/4223/4223 4226/4226/4226
f 4227/4227/4227 4226/4226/4226 4223/4223/4223
f 4226/4226/4226 4228/4228/4228 4225/4225/4225
f 4229/4229/4229 4225/4225/4225 4228/4228/4228
f 4229/4229/4229 4230/4230/4230 4225/4225/4225
f 4229/4229/4229 4231/4231/4231 4230/4230/4230
f 4232/4232/4232 4230/4230/4230 4231/4231/4231
f 4232/4232/4232 4233/4233/4233 4230/4230/4230
f 4234/4234/4234 4230/4230/4230 4233/4233/4233
f 4235/4235/4235 4225/4225/4225 4230/4230/4230
f 4235/4235/4235 4224/4224/4224 4225/4225/4225
f 4238/4238/4238 4237/4237/4237 4236/4236/4236
f 4239/4239/4239 4236/4236/4236 4237/4237/4237
f 4237/4237/4237 4238/4238/4238 4240/4240/4240
f 4241/4241/4241 4240/4240/4240 4238/4238/4238
f 4244/4244/4244 4243/4243/4243 4242/4242/4242
f 4245/4245/4245 4242/4242/4242 4243/4243/4243
f 4248/4248/4248 4247/4247/4247 4246/4246/4246
f 4249/4249/4249 4246/4246/4246 4247/4247/4247
f 4252/4252/4252 4251/4251/4251 4250/4250/4250
f 4253/4253/4253 4250/4250/4250 4251/4251/4251
f 4250/4250/4250 4254/4254/4254 4252/4252/4252
f 4255/4255/4255 4252/4252/4252 4254/4254/4254
f 4253/4253/4253 4251/4251/4251 4256/4256/4256
f 4259/4259/4259 4258/4258/4258 4257/4257/4257
f 4260/4260/4260 4257/4257/4257 4258/4258/4258
f 4259/4259/4259 4261/4261/4261 4258/4258/4258
f 4264/4264/4264 4263/4263/4263 4262/4262/4262
f 4267/4267/4267 4266/4266/4266 4265/4265/4265
f 4270/4270/4270 4269/4269/4269 4268/4268/4268
f 4268/4268/4268 4269/4269/4269 4271/4271/4271
f 4272/4272/4272 4271/4271/4271 4269/4269/4269
f 4271/4271/4271 4272/4272/4272 4273/4273/4273
f 4269/4269/4269 4274/4274/4274 4272/4272/4272
f 4277/4277/4277 4276/4276/4276 4275/4275/4275
f 4280/4280/4280 4279/4279/4279 4278/4278/4278
f 4279/4279/4279 4281/4281/4281 4278/4278/4278
f 4284/4284/4284 4283/4283/4283 4282/4282/4282
f 4287/4287/4287 4286/4286/4286 4285/4285/4285
f 4290/4290/4290 4289/4289/4289 4288/4288/4288
f 4288/4288/4288 4289/4289/4289 4291/4291/4291
f 4294/4294/4294 4293/4293/4293 4292/4292/4292
f 4297/4297/4297 4296/4296/4296 4295/4295/4295
f 4300/4300/4300 4299/4299/4299 4298/4298/4298
f 4301/4301/4301 4298/4298/4298 4299/4299/4299
f 4298/4298/4298 4301/4301/4301 4302/4302/4302
f 4303/4303/4303 4302/4302/4302 4301/4301/4301
f 4302/4302/4302 4303/4303/4303 4304/4304/4304
f 4305/4305/4305 4304/4304/4304 4303/4303/4303
f 4308/4308/4308 4307/4307/4307 4306/4306/4306
f 4309/4309/4309 4306/4306/4306 4307/4307/4307
f 4307/4307/4307 4308/4308/4308 4310/4310/4310
f 4313/4313/4313 4312/4312/4312 4311/4311/4311
f 4314/4314/4314 4311/4311/4311 4312/4312/4312
f 4317/4317/4317 4316/4316/4316 4315/4315/4315
f 4320/4320/4320 4319/4319/4319 4318/4318/4318
f 4321/4321/4321 4318/4318/4318 4319/4319/4319
f 4319/4319/4319 4322/4322/4322 4321/4321/4321
f 4323/4323/4323 4321/4321/4321 4322/4322/4322
f 4322/4322/4322 4324/4324/4324 4323/4323/4323
f 4325/4325/4325 4323/4323/4323 4324/4324/4324
f 4328/4328/4328 4327/4327/4327 4326/4326/4326
f 4329/4329/4329 4326/4326/4326 4327/4327/4327
f 4326/4326/4326 4329/4329/4329 4330/4330/4330
f 4331/4331/4331 4326/4326/4326 4330/4330/4330
f 4330/4330/4330 4332/4332/4332 4331/4331/4331
f 4333/4333/4333 4331/4331/4331 4332/4332/4332
f 4334/4334/4334 4329/4329/4329 4327/4327/4327
f 4335/4335/4335 4329/4329/4329 4334/4334/4334
f 4338/4338/4338 4337/4337/4337 4336/4336/4336
f 4339/4339/4339 4336/4336/4336 4337/4337/4337
f 4340/4340/4340 4339/4339/4339 4337/4337/4337
f 4340/4340/4340 4341/4341/4341 4339/4339/4339
f 4344/4344/4344 4343/4343/4343 4342/4342/4342
f 4345/4345/4345 4342/4342/4342 4343/4343/4343
f 4342/4342/4342 4346/4346/4346 4344/4344/4344
f 4347/4347/4347 4346/4346/4346 4342/4342/4342
f 4346/4346/4346 4347/4347/4347 4348/4348/4348
f 4348/4348/4348 4347/4347/4347 4349/4349/4349
f 4352/4352/4352 4351/4351/4351 4350/4350/4350
f 4355/4355/4355 4354/4354/4354 4353/4353/4353
f 4356/4356/4356 4353/4353/4353 4354/4354/4354
f 4354/4354/4354 4357/4357/4357 4356/4356/4356
f 4358/4358/4358 4356/4356/4356 4357/4357/4357
f 4353/4353/4353 4359/4359/4359 4355/4355/4355
f 4360/4360/4360 4355/4355/4355 4359/4359/4359
f 4363/4363/4363 4362/4362/4362 4361/4361/4361
f 4366/4366/4366 4365/4365/4365 4364/4364/4364
f 4365/4365/4365 4367/4367/4367 4364/4364/4364
f 4367/4367/4367 4368/4368/4368 4364/4364/4364
f 4364/4364/4364 4369/4369/4369 4366/4366/4366
f 4370/4370/4370 4369/4369/4369 4364/4364/4364
f 4370/4370/4370 4371/4371/4371 4369/4369/4369
f 4372/4372/4372 4369/4369/4369 4371/4371/4371
f 4372/4372/4372 4371/4371/4371 4373/4373/4373
f 4372/4372/4372 4373/4373/4373 4374/4374/4374
f 4375/4375/4375 4373/4373/4373 4371/4371/4371
f 4378/4378/4378 4377/4377/4377 4376/4376/4376
f 4379/4379/4379 4376/4376/4376 4377/4377/4377
f 4378/4378/4378 4380/4380/4380 4377/4377/4377
f 4381/4381/4381 4377/4377/4377 4380/4380/4380
f 4381/4381/4381 4380/4380/4380 4382/4382/4382
f 4383/4383/4383 4382/4382/4382 4380/4380/4380
f 4383/4383/4383 4384/4384/4384 4382/4382/4382
f 4385/4385/4385 4382/4382/4382 4384/4384/4384
f 4384/4384/4384 4383/4383/4383 4386/4386/4386
f 4389/4389/4389 4388/4388/4388 4387/4387/4387
f 4390/4390/4390 4387/4387/4387 4388/4388/4388
f 4388/4388/4388 4391/4391/4391 4390/4390/4390
f 4392/4392/4392 4390/4390/4390 4391/4391/4391
f 4393/4393/4393 4392/4392/4392 4391/4391/4391
f 4387/4387/4387 4394/4394/4394 4389/4389/4389
f 4394/4394/4394 4395/4395/4395 4389/4389/4389
f 4395/4395/4395 4396/4396/4396 4389/4389/4389
f 4399/4399/4399 4398/4398/4398 4397/4397/4397
f 4398/4398/4398 4400/4400/4400 4397/4397/4397
f 4400/4400/4400 4401/4401/4401 4397/4397/4397
f 4401/4401/4401 4402/4402/4402 4397/4397/4397
f 4405/4405/4405 4404/4404/4404 4403/4403/4403
f 4406/4406/4406 4403/4403/4403 4404/4404/4404
f 4409/4409/4409 4408/4408/4408 4407/4407/4407
f 4407/4407/4407 4408/4408/4408 4410/4410/4410
f 4411/4411/4411 4410/4410/4410 4408/4408/4408
f 4414/4414/4414 4413/4413/4413 4412/4412/4412
f 4415/4415/4415 4412/4412/4412 4413/4413/4413
f 4418/4418/4418 4417/4417/4417 4416/4416/4416
f 4419/4419/4419 4416/4416/4416 4417/4417/4417
f 4417/4417/4417 4420/4420/4420 4419/4419/4419
f 4421/4421/4421 4419/4419/4419 4420/4420/4420
f 4420/4420/4420 4422/4422/4422 4421/4421/4421
f 4423/4423/4423 4421/4421/4421 4422/4422/4422
f 4422/4422/4422 4424/4424/4424 4423/4423/4423
f 4425/4425/4425 4423/4423/4423 4424/4424/4424
f 4426/4426/4426 4425/4425/4425 4424/4424/4424
f 4429/4429/4429 4428/4428/4428 4427/4427/4427
f 4429/4429/4429 4427/4427/4427 4430/4430/4430
f 4431/4431/4431 4430/4430/4430 4427/4427/4427
f 4427/4427/4427 4428/4428/4428 4432/4432/4432
f 4433/4433/4433 4427/4427/4427 4432/4432/4432
f 4433/4433/4433 4435/4435/4435 4434/4434/4434
f 4436/4436/4436 4434/4434/4434 4435/4435/4435
f 4436/4436/4436 4437/4437/4437 4434/4434/4434
f 4434/4434/4434 4437/4437/4437 4438/4438/4438
f 4437/4437/4437 4439/4439/4439 4438/4438/4438
f 4441/4441/4441 4440/4440/4440 4435/4435/4435
f 4440/4440/4440 4441/4441/4441 4432/4432/4432
f 4440/4440/4440 4442/4442/4442 4435/4435/4435
f 4438/4438/4438 4444/4444/4444 4443/4443/4443
f 4445/4445/4445 4443/4443/4443 4444/4444/4444
f 4447/4447/4447 4444/4444/4444 4446/4446/4446
f 4447/4447/4447 4446/4446/4446 4439/4439/4439
f 4450/4450/4450 4449/4449/4449 4448/4448/4448
f 4451/4451/4451 4448/4448/4448 4449/4449/4449
f 4451/4451/4451 4449/4449/4449 4452/4452/4452
f 4452/4452/4452 4453/4453/4453 4451/4451/4451
f 4454/4454/4454 4451/4451/4451 4453/4453/4453
f 4449/4449/4449 4455/4455/4455 4452/4452/4452
f 4455/4455/4455 4456/4456/4456 4452/4452/4452
f 4450/4450/4450 4448/4448/4448 4457/4457/4457
f 4448/4448/4448 4458/4458/4458 4457/4457/4457
f 4459/4459/4459 4457/4457/4457 4458/4458/4458
f 4459/4459/4459 4458/4458/4458 4460/4460/4460
f 4461/4461/4461 4460/4460/4460 4458/4458/4458
f 4461/4461/4461 4458/4458/4458 4462/4462/4462
f 4463/4463/4463 4462/4462/4462 4458/4458/4458
f 4462/4462/4462 4463/4463/4463 4464/4464/4464
f 4465/4465/4465 4464/4464/4464 4463/4463/4463
f 4465/4465/4465 4463/4463/4463 4466/4466/4466
f 4463/4463/4463 4467/4467/4467 4466/4466/4466
f 4468/4468/4468 4466/4466/4466 4467/4467/4467
f 4471/4471/4471 4470/4470/4470 4469/4469/4469
f 4474/4474/4474 4473/4473/4473 4472/4472/4472
f 4475/4475/4475 4472/4472/4472 4473/4473/4473
f 4472/4472/4472 4476/4476/4476 4474/4474/4474
f 4476/4476/4476 4477/4477/4477 4474/4474/4474
f 4478/4478/4478 4477/4477/4477 4476/4476/4476
f 4479/4479/4479 4477/4477/4477 4478/4478/4478
f 4478/4478/4478 4480/4480/4480 4479/4479/4479
f 4481/4481/4481 4479/4479/4479 4480/4480/4480
f 4481/4481/4481 4480/4480/4480 4482/4482/4482
f 4482/4482/4482 4480/4480/4480 4483/4483/4483
f 4484/4484/4484 4482/4482/4482 4483/4483/4483
f 4485/4485/4485 4484/4484/4484 4483/4483/4483
f 4486/4486/4486 4482/4482/4482 4484/4484/4484
f 4484/4484/4484 4487/4487/4487 4486/4486/4486
f 4488/4488/4488 4486/4486/4486 4487/4487/4487
f 4488/4488/4488 4487/4487/4487 4489/4489/4489
f 4490/4490/4490 4488/4488/4488 4489/4489/4489
f 4491/4491/4491 4490/4490/4490 4489/4489/4489
f 4492/4492/4492 4491/4491/4491 4489/4489/4489
f 4493/4493/4493 4491/4491/4491 4492/4492/4492
f 4496/4496/4496 4495/4495/4495 4494/4494/4494
f 4497/4497/4497 4494/4494/4494 4495/4495/4495
f 4496/4496/4496 4494/4494/4494 4498/4498/4498
f 4499/4499/4499 4498/4498/4498 4494/4494/4494
f 4498/4498/4498 4499/4499/4499 4500/4500/4500
f 4501/4501/4501 4500/4500/4500 4499/4499/4499
f 4500/4500/4500 4501/4501/4501 4502/4502/4502
f 4503/4503/4503 4502/4502/4502 4501/4501/4501
f 4503/4503/4503 4504/4504/4504 4502/4502/4502
f 4505/4505/4505 4502/4502/4502 4504/4504/4504
f 4508/4508/4508 4507/4507/4507 4506/4506/4506
f 4507/4507/4507 4509/4509/4509 4506/4506/4506
f 4509/4509/4509 4510/4510/4510 4506/4506/4506
f 4506/4506/4506 4510/4510/4510 4511/4511/4511
f 4512/4512/4512 4511/4511/4511 4510/4510/4510
f 4513/4513/4513 4507/4507/4507 4508/4508/4508
f 4509/4509/4509 4507/4507/4507 4513/4513/4513
f 4514/4514/4514 4513/4513/4513 4508/4508/4508
f 4515/4515/4515 4509/4509/4509 4513/4513/4513
f 4513/4513/4513 4514/4514/4514 4516/4516/4516
f 4516/4516/4516 4514/4514/4514 4517/4517/4517
f 4518/4518/4518 4517/4517/4517 4514/4514/4514
f 4520/4520/4520 4518/4518/4518 4519/4519/4519
f 4523/4523/4523 4522/4522/4522 4521/4521/4521
f 4524/4524/4524 4521/4521/4521 4522/4522/4522
f 4521/4521/4521 4525/4525/4525 4523/4523/4523
f 4526/4526/4526 4523/4523/4523 4525/4525/4525
f 4524/4524/4524 4522/4522/4522 4527/4527/4527
f 4528/4528/4528 4527/4527/4527 4522/4522/4522
f 4529/4529/4529 4524/4524/4524 4527/4527/4527
f 4527/4527/4527 4530/4530/4530 4529/4529/4529
f 4529/4529/4529 4530/4530/4530 4531/4531/4531
f 4532/4532/4532 4529/4529/4529 4531/4531/4531
f 4533/4533/4533 4531/4531/4531 4530/4530/4530
f 4536/4536/4536 4535/4535/4535 4534/4534/4534
f 4537/4537/4537 4534/4534/4534 4535/4535/4535
f 4540/4540/4540 4539/4539/4539 4538/4538/4538
f 4543/4543/4543 4542/4542/4542 4541/4541/4541
f 4544/4544/4544 4541/4541/4541 4542/4542/4542
f 4542/4542/4542 4545/4545/4545 4544/4544/4544
f 4546/4546/4546 4544/4544/4544 4545/4545/4545
f 4541/4541/4541 4547/4547/4547 4543/4543/4543
f 4548/4548/4548 4543/4543/4543 4547/4547/4547
f 4546/4546/4546 4545/4545/4545 4549/4549/4549
f 4550/4550/4550 4549/4549/4549 4545/4545/4545
f 4550/4550/4550 4551/4551/4551 4549/4549/4549
f 4554/4554/4554 4553/4553/4553 4552/4552/4552
f 4555/4555/4555 4552/4552/4552 4553/4553/4553
f 4555/4555/4555 4556/4556/4556 4552/4552/4552
f 4557/4557/4557 4552/4552/4552 4556/4556/4556
f 4556/4556/4556 4558/4558/4558 4557/4557/4557
f 4559/4559/4559 4557/4557/4557 4558/4558/4558
f 4562/4562/4562 4561/4561/4561 4560/4560/4560
f 4563/4563/4563 4560/4560/4560 4561/4561/4561
f 4563/4563/4563 4561/4561/4561 4564/4564/4564
f 4565/4565/4565 4564/4564/4564 4561/4561/4561
f 4564/4564/4564 4565/4565/4565 4566/4566/4566
f 4567/4567/4567 4566/4566/4566 4565/4565/4565
f 4570/4570/4570 4569/4569/4569 4568/4568/4568
f 4571/4571/4571 4568/4568/4568 4569/4569/4569
f 4569/4569/4569 4572/4572/4572 4571/4571/4571
f 4573/4573/4573 4571/4571/4571 4572/4572/4572
f 4572/4572/4572 4574/4574/4574 4573/4573/4573
f 4575/4575/4575 4573/4573/4573 4574/4574/4574
f 4578/4578/4578 4577/4577/4577 4576/4576/4576
f 4579/4579/4579 4576/4576/4576 4577/4577/4577
f 4582/4582/4582 4581/4581/4581 4580/4580/4580
f 4583/4583/4583 4580/4580/4580 4581/4581/4581
f 4581/4581/4581 4584/4584/4584 4583/4583/4583
f 4585/4585/4585 4583/4583/4583 4584/4584/4584
f 4584/4584/4584 4586/4586/4586 4585/4585/4585
f 4587/4587/4587 4585/4585/4585 4586/4586/4586
f 4590/4590/4590 4589/4589/4589 4588/4588/4588
f 4591/4591/4591 4588/4588/4588 4589/4589/4589
f 4591/4591/4591 4592/4592/4592 4588/4588/4588
f 4593/4593/4593 4588/4588/4588 4592/4592/4592
f 4592/4592/4592 4594/4594/4594 4593/4593/4593
f 4595/4595/4595 4593/4593/4593 4594/4594/4594
f 4598/4598/4598 4597/4597/4597 4596/4596/4596
f 4599/4599/4599 4596/4596/4596 4597/4597/4597
f 4599/4599/4599 4597/4597/4597 4600/4600/4600
f 4601/4601/4601 4600/4600/4600 4597/4597/4597
f 4600/4600/4600 4601/4601/4601 4602/4602/4602
f 4603/4603/4603 4602/4602/4602 4601/4601/4601
f 4606/4606/4606 4605/4605/4605 4604/4604/4604
f 4607/4607/4607 4604/4604/4604 4605/4605/4605
f 4610/4610/4610 4609/4609/4609 4608/4608/4608
f 4611/4611/4611 4608/4608/4608 4609/4609/4609
f 4614/4614/4614 4613/4613/4613 4612/4612/4612
f 4615/4615/4615 4612/4612/4612 4613/4613/4613
f 4613/4613/4613 4616/4616/4616 4615/4615/4615
f 4617/4617/4617 4615/4615/4615 4616/4616/4616
f 4620/4620/4620 4619/4619/4619 4618/4618/4618
f 4621/4621/4621 4618/4618/4618 4619/4619/4619
f 4619/4619/4619 4622/4622/4622 4621/4621/4621
f 4623/4623/4623 4621/4621/4621 4622/4622/4622
f 4626/4626/4626 4625/4625/4625 4624/4624/4624
f 4627/4627/4627 4624/4624/4624 4625/4625/4625
f 4630/4630/4630 4629/4629/4629 4628/4628/4628
f 4631/4631/4631 4628/4628/4628 4629/4629/4629
f 4631/4631/4631 4632/4632/4632 4628/4628/4628
f 4633/4633/4633 4628/4628/4628 4632/4632/4632
f 4632/4632/4632 4634/4634/4634 4633/4633/4633
f 4635/4635/4635 4633/4633/4633 4634/4634/4634
f 4638/4638/4638 4637/4637/4637 4636/4636/4636
f 4639/4639/4639 4636/4636/4636 4637/4637/4637
f 4639/4639/4639 4637/4637/4637 4640/4640/4640
f 4641/4641/4641 4640/4640/4640 4637/4637/4637
f 4640/4640/4640 4641/4641/4641 4642/4642/4642
f 4643/4643/4643 4642/4642/4642 4641/4641/4641
f 4646/4646/4646 4645/4645/4645 4644/4644/4644
f 4647/4647/4647 4644/4644/4644 4645/4645/4645
f 4645/4645/4645 4648/4648/4648 4647/4647/4647
f 4649/4649/4649 4647/4647/4647 4648/4648/4648
f 4648/4648/4648 4650/4650/4650 4649/4649/4649
f 4651/4651/4651 4649/4649/4649 4650/4650/4650
f 4654/4654/4654 4653/4653/4653 4652/4652/4652
f 4655/4655/4655 4652/4652/4652 4653/4653/4653
f 4658/4658/4658 4657/4657/4657 4656/4656/4656
f 4659/4659/4659 4656/4656/4656 4657/4657/4657
f 4657/4657/4657 4660/4660/4660 4659/4659/4659
f 4661/4661/4661 4659/4659/4659 4660/4660/4660
f 4660/4660/4660 4662/4662/4662 4661/4661/4661
f 4663/4663/4663 4661/4661/4661 4662/4662/4662
f 4666/4666/4666 4665/4665/4665 4664/4664/4664
f 4667/4667/4667 4664/4664/4664 4665/4665/4665
f 4667/4667/4667 4668/4668/4668 4664/4664/4664
f 4669/4669/4669 4664/4664/4664 4668/4668/4668
f 4668/4668/4668 4670/4670/4670 4669/4669/4669
f 4671/4671/4671 4669/4669/4669 4670/4670/4670
f 4674/4674/4674 4673/4673/4673 4672/4672/4672
f 4675/4675/4675 4672/4672/4672 4673/4673/4673
f 4675/4675/4675 4673/4673/4673 4676/4676/4676
f 4677/4677/4677 4676/4676/4676 4673/4673/4673
f 4676/4676/4676 4677/4677/4677 4678/4678/4678
f 4679/4679/4679 4678/4678/4678 4677/4677/4677
f 4682/4682/4682 4681/4681/4681 4680/4680/4680
f 4683/4683/4683 4680/4680/4680 4681/4681/4681
f 4686/4686/4686 4685/4685/4685 4684/4684/4684
f 4687/4687/4687 4684/4684/4684 4685/4685/4685
f 4690/4690/4690 4689/4689/4689 4688/4688/4688
f 4691/4691/4691 4688/4688/4688 4689/4689/4689
f 4689/4689/4689 4692/4692/4692 4691/4691/4691
f 4693/4693/4693 4691/4691/4691 4692/4692/4692
f 4696/4696/4696 4695/4695/4695 4694/4694/4694
f 4697/4697/4697 4694/4694/4694 4695/4695/4695
f 4695/4695/4695 4698/4698/4698 4697/4697/4697
f 4699/4699/4699 4697/4697/4697 4698/4698/4698
f 4702/4702/4702 4701/4701/4701 4700/4700/4700
f 4703/4703/4703 4700/4700/4700 4701/4701/4701
f 4706/4706/4706 4705/4705/4705 4704/4704/4704
f 4707/4707/4707 4704/4704/4704 4705/4705/4705
f 4707/4707/4707 4708/4708/4708 4704/4704/4704
f 4709/4709/4709 4704/4704/4704 4708/4708/4708
f 4708/4708/4708 4710/4710/4710 4709/4709/4709
f 4711/4711/4711 4709/4709/4709 4710/4710/4710
f 4714/4714/4714 4713/4713/4713 4712/4712/4712
f 4715/4715/4715 4712/4712/4712 4713/4713/4713
f 4715/4715/4715 4713/4713/4713 4716/4716/4716
f 4717/4717/4717 4716/4716/4716 4713/4713/4713
f 4716/4716/4716 4717/4717/4717 4718/4718/4718
f 4719/4719/4719 4718/4718/4718 4717/4717/4717
f 4722/4722/4722 4721/4721/4721 4720/4720/4720
f 4723/4723/4723 4720/4720/4720 4721/4721/4721
f 4721/4721/4721 4724/4724/4724 4723/4723/4723
f 4725/4725/4725 4723/4723/4723 4724/4724/4724
f 4724/4724/4724 4726/4726/4726 4725/4725/4725
f 4727/4727/4727 4725/4725/4725 4726/4726/4726
f 4730/4730/4730 4729/4729/4729 4728/4728/4728
f 4731/4731/4731 4728/4728/4728 4729/4729/4729
f 4734/4734/4734 4733/4733/4733 4732/4732/4732
f 4735/4735/4735 4732/4732/4732 4733/4733/4733
f 4733/4733/4733 4736/4736/4736 4735/4735/4735
f 4737/4737/4737 4735/4735/4735 4736/4736/4736
f 4736/4736/4736 4738/4738/4738 4737/4737/4737
f 4739/4739/4739 4737/4737/4737 4738/4738/4738
f 4742/4742/4742 4741/4741/4741 4740/4740/4740
f 4743/4743/4743 4740/4740/4740 4741/4741/4741
f 4743/4743/4743 4744/4744/4744 4740/4740/4740
f 4745/4745/4745 4740/4740/4740 4744/4744/4744
f 4744/4744/4744 4746/4746/4746 4745/4745/4745
f 4747/4747/4747 4745/4745/4745 4746/4746/4746
f 4750/4750/4750 4749/4749/4749 4748/4748/4748
f 4751/4751/4751 4748/4748/4748 4749/4749/4749
f 4751/4751/4751 4749/4749/4749 4752/4752/4752
f 4753/4753/4753 4752/4752/4752 4749/4749/4749
f 4752/4752/4752 4753/4753/4753 4754/4754/4754
f 4755/4755/4755 4754/4754/4754 4753/4753/4753
f 4758/4758/4758 4757/4757/4757 4756/4756/4756
f 4759/4759/4759 4756/4756/4756 4757/4757/4757
f 4757/4757/4757 4760/4760/4760 4759/4759/4759
f 4761/4761/4761 4759/4759/4759 4760/4760/4760
f 4760/4760/4760 4762/4762/4762 4761/4761/4761
f 4763/4763/4763 4761/4761/4761 4762/4762/4762
f 4766/4766/4766 4765/4765/4765 4764/4764/4764
f 4767/4767/4767 4764/4764/4764 4765/4765/4765
f 4770/4770/4770 4769/4769/4769 4768/4768/4768
f 4771/4771/4771 4768/4768/4768 4769/4769/4769
f 4769/4769/4769 4772/4772/4772 4771/4771/4771
f 4773/4773/4773 4771/4771/4771 4772/4772/4772
f 4772/4772/4772 4774/4774/4774 4773/4773/4773
f 4775/4775/4775 4773/4773/4773 4774/4774/4774
f 4778/4778/4778 4777/4777/4777 4776/4776/4776
f 4779/4779/4779 4776/4776/4776 4777/4777/4777
f 4779/4779/4779 4780/4780/4780 4776/4776/4776
f 4781/4781/4781 4776/4776/4776 4780/4780/4780
f 4780/4780/4780 4782/4782/4782 4781/4781/4781
f 4783/4783/4783 4781/4781/4781 4782/4782/4782
f 4786/4786/4786 4785/4785/4785 4784/4784/4784
f 4787/4787/4787 4784/4784/4784 4785/4785/4785
f 4787/4787/4787 4785/4785/4785 4788/4788/4788
f 4789/4789/4789 4788/4788/4788 4785/4785/4785
f 4788/4788/4788 4789/4789/4789 4790/4790/4790
f 4791/4791/4791 4790/4790/4790 4789/4789/4789
f 4794/4794/4794 4793/4793/4793 4792/4792/4792
f 4795/4795/4795 4792/4792/4792 4793/4793/4793
f 4793/4793/4793 4796/4796/4796 4795/4795/4795
f 4797/4797/4797 4795/4795/4795 4796/4796/4796
f 4796/4796/4796 4798/4798/4798 4797/4797/4797
f 4799/4799/4799 4797/4797/4797 4798/4798/4798
f 4802/4802/4802 4801/4801/4801 4800/4800/4800
f 4803/4803/4803 4800/4800/4800 4801/4801/4801
f 4806/4806/4806 4805/4805/4805 4804/4804/4804
f 4807/4807/4807 4804/4804/4804 4805/4805/4805
f 4805/4805/4805 4808/4808/4808 4807/4807/4807
f 4809/4809/4809 4807/4807/4807 4808/4808/4808
f 4808/4808/4808 4810/4810/4810 4809/4809/4809
f 4811/4811/4811 4809/4809/4809 4810/4810/4810
f 4814/4814/4814 4813/4813/4813 4812/4812/4812
f 4815/4815/4815 4812/4812/4812 4813/4813/4813
f 4815/4815/4815 4816/4816/4816 4812/4812/4812
f 4817/4817/4817 4812/4812/4812 4816/4816/4816
f 4816/4816/4816 4818/4818/4818 4817/4817/4817
f 4819/4819/4819 4817/4817/4817 4818/4818/4818
f 4822/4822/4822 4821/4821/4821 4820/4820/4820
f 4823/4823/4823 4820/4820/4820 4821/4821/4821
f 4823/4823/4823 4821/4821/4821 4824/4824/4824
f 4825/4825/4825 4824/4824/4824 4821/4821/4821
f 4824/4824/4824 4825/4825/4825 4826/4826/4826
f 4827/4827/4827 4826/4826/4826 4825/4825/4825
f 4830/4830/4830 4829/4829/4829 4828/4828/4828
f 4831/4831/4831 4828/4828/4828 4829/4829/4829
f 4834/4834/4834 4833/4833/4833 4832/4832/4832
f 4835/4835/4835 4832/4832/4832 4833/4833/4833
f 4838/4838/4838 4837/4837/4837 4836/4836/4836
f 4839/4839/4839 4836/4836/4836 4837/4837/4837
f 4837/4837/4837 4840/4840/4840 4839/4839/4839
f 4841/4841/4841 4839/4839/4839 4840/4840/4840
f 4844/4844/4844 4843/4843/4843 4842/4842/4842
f 4845/4845/4845 4842/4842/4842 4843/4843/4843
f 4843/4843/4843 4846/4846/4846 4845/4845/4845
f 4847/4847/4847 4845/4845/4845 4846/4846/4846
f 4850/4850/4850 4849/4849/4849 4848/4848/4848
f 4851/4851/4851 4848/4848/4848 4849/4849/4849
f 4854/4854/4854 4853/4853/4853 4852/4852/4852
f 4855/4855/4855 4852/4852/4852 4853/4853/4853
f 4855/4855/4855 4856/4856/4856 4852/4852/4852
f 4857/4857/4857 4852/4852/4852 4856/4856/4856
f 4856/4856/4856 4858/4858/4858 4857/4857/4857
f 4859/4859/4859 4857/4857/4857 4858/4858/4858
f 4862/4862/4862 4861/4861/4861 4860/4860/4860
f 4863/4863/4863 4860/4860/4860 4861/4861/4861
f 4863/4863/4863 4861/4861/4861 4864/4864/4864
f 4865/4865/4865 4864/4864/4864 4861/4861/4861
f 4864/4864/4864 4865/4865/4865 4866/4866/4866
f 4867/4867/4867 4866/4866/4866 4865/4865/4865
f 4870/4870/4870 4869/4869/4869 4868/4868/4868
f 4871/4871/4871 4868/4868/4868 4869/4869/4869
f 4869/4869/4869 4872/4872/4872 4871/4871/4871
f 4873/4873/4873 4871/4871/4871 4872/4872/4872
f 4872/4872/4872 4874/4874/4874 4873/4873/4873
f 4875/4875/4875 4873/4873/4873 4874/4874/4874
f 4878/4878/4878 4877/4877/4877 4876/4876/4876
f 4879/4879/4879 4876/4876/4876 4877/4877/4877
f 4882/4882/4882 4881/4881/4881 4880/4880/4880
f 4883/4883/4883 4880/4880/4880 4881/4881/4881
f 4881/4881/4881 4884/4884/4884 4883/4883/4883
f 4885/4885/4885 4883/4883/4883 4884/4884/4884
f 4884/4884/4884 4886/4886/4886 4885/4885/4885
f 4887/4887/4887 4885/4885/4885 4886/4886/4886
f 4890/4890/4890 4889/4889/4889 4888/4888/4888
f 4891/4891/4891 4888/4888/4888 4889/4889/4889
f 4891/4891/4891 4892/4892/4892 4888/4888/4888
f 4893/4893/4893 4888/4888/4888 4892/4892/4892
f 4892/4892/4892 4894/4894/4894 4893/4893/4893
f 4895/4895/4895 4893/4893/4893 4894/4894/4894
f 4898/4898/4898 4897/4897/4897 4896/4896/4896
f 4899/4899/4899 4896/4896/4896 4897/4897/4897
f 4899/4899/4899 4897/4897/4897 4900/4900/4900
f 4901/4901/4901 4900/4900/4900 4897/4897/4897
f 4900/4900/4900 4901/4901/4901 4902/4902/4902
f 4903/4903/4903 4902/4902/4902 4901/4901/4901
f 4906/4906/4906 4905/4905/4905 4904/4904/4904
f 4907/4907/4907 4904/4904/4904 4905/4905/4905
f 4905/4905/4905 4908/4908/4908 4907/4907/4907
f 4909/4909/4909 4907/4907/4907 4908/4908/4908
f 4908/4908/4908 4910/4910/4910 4909/4909/4909
f 4911/4911/4911 4909/4909/4909 4910/4910/4910
f 4914/4914/4914 4913/4913/4913 4912/4912/4912
f 4915/4915/4915 4912/4912/4912 4913/4913/4913
f 4918/4918/4918 4917/4917/4917 4916/4916/4916
f 4919/4919/4919 4916/4916/4916 4917/4917/4917
f 4917/4917/4917 4920/4920/4920 4919/4919/4919
f 4921/4921/4921 4919/4919/4919 4920/4920/4920
f 4920/4920/4920 4922/4922/4922 4921/4921/4921
f 4923/4923/4923 4921/4921/4921 4922/4922/4922
f 4926/4926/4926 4925/4925/4925 4924/4924/4924
f 4927/4927/4927 4924/4924/4924 4925/4925/4925
f 4927/4927/4927 4928/4928/4928 4924/4924/4924
f 4929/4929/4929 4924/4924/4924 4928/4928/4928
f 4928/4928/4928 4930/4930/4930 4929/4929/4929
f 4931/4931/4931 4929/4929/4929 4930/4930/4930
f 4934/4934/4934 4933/4933/4933 4932/4932/4932
f 4935/4935/4935 4932/4932/4932 4933/4933/4933
f 4935/4935/4935 4933/4933/4933 4936/4936/4936
f 4937/4937/4937 4936/4936/4936 4933/4933/4933
f 4936/4936/4936 4937/4937/4937 4938/4938/4938
f 4939/4939/4939 4938/4938/4938 4937/4937/4937
f 4942/4942/4942 4941/4941/4941 4940/4940/4940
f 4943/4943/4943 4940/4940/4940 4941/4941/4941
f 4946/4946/4946 4945/4945/4945 4944/4944/4944
f 4947/4947/4947 4944/4944/4944 4945/4945/4945
f 4950/4950/4950 4949/4949/4949 4948/4948/4948
f 4951/4951/4951 4948/4948/4948 4949/4949/4949
f 4949/4949/4949 4952/4952/4952 4951/4951/4951
f 4953/4953/4953 4951/4951/4951 4952/4952/4952
f 4956/4956/4956 4955/4955/4955 4954/4954/4954
f 4957/4957/4957 4954/4954/4954 4955/4955/4955
f 4955/4955/4955 4958/4958/4958 4957/4957/4957
f 4959/4959/4959 4957/4957/4957 4958/4958/4958
f 4962/4962/4962 4961/4961/4961 4960/4960/4960
f 4963/4963/4963 4960/4960/4960 4961/4961/4961
f 4966/4966/4966 4965/4965/4965 4964/4964/4964
f 4967/4967/4967 4964/4964/4964 4965/4965/4965
f 4967/4967/4967 4968/4968/4968 4964/4964/4964
f 4969/4969/4969 4964/4964/4964 4968/4968/4968
f 4968/4968/4968 4970/4970/4970 4969/4969/4969
f 4971/4971/4971 4969/4969/4969 4970/4970/4970
f 4974/4974/4974 4973/4973/4973 4972/4972/4972
f 4975/4975/4975 4972/4972/4972 4973/4973/4973
f 4975/4975/4975 4973/4973/4973 4976/4976/4976
f 4977/4977/4977 4976/4976/4976 4973/4973/4973
f 4976/4976/4976 4977/4977/4977 4978/4978/4978
f 4979/4979/4979 4978/4978/4978 4977/4977/4977
f 4982/4982/4982 4981/4981/4981 4980/4980/4980
f 4983/4983/4983 4980/4980/4980 4981/4981/4981
f 4981/4981/4981 4984/4984/4984 4983/4983/4983
f 4985/4985/4985 4983/4983/4983 4984/4984/4984
f 4984/4984/4984 4986/4986/4986 4985/4985/4985
f 4987/4987/4987 4985/4985/4985 4986/4986/4986
f 4990/4990/4990 4989/4989/4989 4988/4988/4988
f 4991/4991/4991 4988/4988/4988 4989/4989/4989
f 4994/4994/4994 4993/4993/4993 4992/4992/4992
f 4995/4995/4995 4992/4992/4992 4993/4993/4993
f 4993/4993/4993 4996/4996/4996 4995/4995/4995
f 4997/4997/4997 4995/4995/4995 4996/4996/4996
f 4996/4996/4996 4998/4998/4998 4997/4997/4997
f 4999/4999/4999 4997/4997/4997 4998/4998/4998
f 5002/5002/5002 5001/5001/5001 5000/5000/5000
f 5003/5003/5003 5000/5000/5000 5001/5001/5001
f 5003/5003/5003 5004/5004/5004 5000/5000/5000
f 5005/5005/5005 5000/5000/5000 5004/5004/5004
f 5004/5004/5004 5006/5006/5006 5005/5005/5005
f 5007/5007/5007 5005/5005/5005 5006/5006/5006
f 5010/5010/5010 5009/5009/5009 5008/5008/5008
f 5011/5011/5011 5008/5008/5008 5009/5009/5009
f 5011/5011/5011 5009/5009/5009 5012/5012/5012
f 5013/5013/5013 5012/5012/5012 5009/5009/5009
f 5012/5012/5012 5013/5013/5013 5014/5014/5014
f 5015/5015/5015 5014/5014/5014 5013/5013/5013
f 5018/5018/5018 5017/5017/5017 5016/5016/5016
f 5019/5019/5019 5016/5016/5016 5017/5017/5017
f 5017/5017/5017 5020/5020/5020 5019/5019/5019
f 5021/5021/5021 5019/5019/5019 5020/5020/5020
f 5020/5020/5020 5022/5022/5022 5021/5021/5021
f 5023/5023/5023 5021/5021/5021 5022/5022/5022
f 5026/5026/5026 5025/5025/5025 5024/5024/5024
f 5027/5027/5027 5024/5024/5024 5025/5025/5025
f 5030/5030/5030 5029/5029/5029 5028/5028/5028
f 5031/5031/5031 5028/5028/5028 5029/5029/5029
f 5029/5029/5029 5032/5032/5032 5031/5031/5031
f 5033/5033/5033 5031/5031/5031 5032/5032/5032
f 5032/5032/5032 5034/5034/5034 5033/5033/5033
f 5035/5035/5035 5033/5033/5033 5034/5034/5034
f 5038/5038/5038 5037/5037/5037 5036/5036/5036
f 5039/5039/5039 5036/5036/5036 5037/5037/5037
f 5039/5039/5039 5040/5040/5040 5036/5036/5036
f 5041/5041/5041 5036/5036/5036 5040/5040/5040
f 5040/5040/5040 5042/5042/5042 5041/5041/5041
f 5043/5043/5043 5041/5041/5041 5042/5042/5042
f 5046/5046/5046 5045/5045/5045 5044/5044/5044
f 5047/5047/5047 5044/5044/5044 5045/5045/5045
f 5047/5047/5047 5045/5045/5045 5048/5048/5048
f 5049/5049/5049 5048/5048/5048 5045/5045/5045
f 5048/5048/5048 5049/5049/5049 5050/5050/5050
f 5051/5051/5051 5050/5050/5050 5049/5049/5049
f 5054/5054/5054 5053/5053/5053 5052/5052/5052
f 5055/5055/5055 5052/5052/5052 5053/5053/5053
f 5058/5058/5058 5057/5057/5057 5056/5056/5056
f 5059/5059/5059 5056/5056/5056 5057/5057/5057
f 5062/5062/5062 5061/5061/5061 5060/5060/5060
f 5063/5063/5063 5060/5060/5060 5061/5061/5061
f 5061/5061/5061 5064/5064/5064 5063/5063/5063
f 5065/5065/5065 5063/5063/5063 5064/5064/5064
f 5068/5068/5068 5067/5067/5067 5066/5066/5066
f 5069/5069/5069 5066/5066/5066 5067/5067/5067
f 5067/5067/5067 5070/5070/5070 5069/5069/5069
f 5071/5071/5071 5069/5069/5069 5070/5070/5070
f 5074/5074/5074 5073/5073/5073 5072/5072/5072
f 5075/5075/5075 5072/5072/5072 5073/5073/5073
f 5078/5078/5078 5077/5077/5077 5076/5076/5076
f 5079/5079/5079 5076/5076/5076 5077/5077/5077
f 5079/5079/5079 5080/5080/5080 5076/5076/5076
f 5081/5081/5081 5076/5076/5076 5080/5080/5080
f 5080/5080/5080 5082/5082/5082 5081/5081/5081
f 5083/5083/5083 5081/5081/5081 5082/5082/5082
f 5086/5086/5086 5085/5085/5085 5084/5084/5084
f 5087/5087/5087 5084/5084/5084 5085/5085/5085
f 5087/5087/5087 5085/5085/5085 5088/5088/5088
f 5089/5089/5089 5088/5088/5088 5085/5085/5085
f 5088/5088/5088 5089/5089/5089 5090/5090/5090
f 5091/5091/5091 5090/5090/5090 5089/5089/5089
f 5094/5094/5094 5093/5093/5093 5092/5092/5092
f 5095/5095/5095 5092/5092/5092 5093/5093/5093
f 5093/5093/5093 5096/5096/5096 5095/5095/5095
f 5097/5097/5097 5095/5095/5095 5096/5096/5096
f 5096/5096/5096 5098/5098/5098 5097/5097/5097
f 5099/5099/5099 5097/5097/5097 5098/5098/5098
f 5102/5102/5102 5101/5101/5101 5100/5100/5100
f 5103/5103/5103 5100/5100/5100 5101/5101/5101
f 5106/5106/5106 5105/5105/5105 5104/5104/5104
f 5107/5107/5107 5104/5104/5104 5105/5105/5105
f 5105/5105/5105 5108/5108/5108 5107/5107/5107
f 5109/5109/5109 5107/5107/5107 5108/5108/5108
f 5108/5108/5108 5110/5110/5110 5109/5109/5109
f 5111/5111/5111 5109/5109/5109 5110/5110/5110
f 5114/5114/5114 5113/5113/5113 5112/5112/5112
f 5115/5115/5115 5112/5112/5112 5113/5113/5113
f 5115/5115/5115 5116/5116/5116 5112/5112/5112
f 5117/5117/5117 5112/5112/5112 5116/5116/5116
f 5116/5116/5116 5118/5118/5118 5117/5117/5117
f 5119/5119/5119 5117/5117/5117 5118/5118/5118
f 5122/5122/5122 5121/5121/5121 5120/5120/5120
f 5123/5123/5123 5120/5120/5120 5121/5121/5121
f 5123/5123/5123 5121/5121/5121 5124/5124/5124
f 5125/5125/5125 5124/5124/5124 5121/5121/5121
f 5124/5124/5124 5125/5125/5125 5126/5126/5126
f 5127/5127/5127 5126/5126/5126 5125/5125/5125
f 5130/5130/5130 5129/5129/5129 5128/5128/5128
f 5131/5131/5131 5128/5128/5128 5129/5129/5129
f 5134/5134/5134 5133/5133/5133 5132/5132/5132
f 5135/5135/5135 5132/5132/5132 5133/5133/5133
f 5138/5138/5138 5137/5137/5137 5136/5136/5136
f 5139/5139/5139 5136/5136/5136 5137/5137/5137
f 5137/5137/5137 5140/5140/5140 5139/5139/5139
f 5141/5141/5141 5139/5139/5139 5140/5140/5140
f 5144/5144/5144 5143/5143/5143 5142/5142/5142
f 5145/5145/5145 5142/5142/5142 5143/5143/5143
f 5143/5143/5143 5146/5146/5146 5145/5145/5145
f 5147/5147/5147 5145/5145/5145 5146/5146/5146
f 5150/5150/5150 5149/5149/5149 5148/5148/5148
f 5151/5151/5151 5148/5148/5148 5149/5149/5149
f 5154/5154/5154 5153/5153/5153 5152/5152/5152
f 5155/5155/5155 5152/5152/5152 5153/5153/5153
f 5152/5152/5152 5155/5155/5155 5156/5156/5156
f 5157/5157/5157 5156/5156/5156 5155/5155/5155
f 5153/5153/5153 5154/5154/5154 5158/5158/5158
f 5159/5159/5159 5158/5158/5158 5154/5154/5154
f 5158/5158/5158 5159/5159/5159 5160/5160/5160
f 5161/5161/5161 5160/5160/5160 5159/5159/5159
f 5160/5160/5160 5161/5161/5161 5162/5162/5162
f 5163/5163/5163 5162/5162/5162 5161/5161/5161
f 5162/5162/5162 5163/5163/5163 5164/5164/5164
f 5165/5165/5165 5164/5164/5164 5163/5163/5163
f 5164/5164/5164 5165/5165/5165 5166/5166/5166
f 5167/5167/5167 5166/5166/5166 5165/5165/5165
f 5166/5166/5166 5167/5167/5167 5168/5168/5168
f 5169/5169/5169 5168/5168/5168 5167/5167/5167
f 5172/5172/5172 5171/5171/5171 5170/5170/5170
f 5173/5173/5173 5170/5170/5170 5171/5171/5171
f 5173/5173/5173 5171/5171/5171 5174/5174/5174
f 5175/5175/5175 5174/5174/5174 5171/5171/5171
f 5173/5173/5173 5174/5174/5174 5176/5176/5176
f 5173/5173/5173 5177/5177/5177 5170/5170/5170
f 5180/5180/5180 5179/5179/5179 5178/5178/5178
f 5181/5181/5181 5178/5178/5178 5179/5179/5179
f 5181/5181/5181 5182/5182/5182 5178/5178/5178
f 5183/5183/5183 5178/5178/5178 5182/5182/5182
f 5182/5182/5182 5184/5184/5184 5183/5183/5183
f 5185/5185/5185 5183/5183/5183 5184/5184/5184
f 5188/5188/5188 5187/5187/5187 5186/5186/5186
f 5189/5189/5189 5186/5186/5186 5187/5187/5187
f 5189/5189/5189 5187/5187/5187 5190/5190/5190
f 5191/5191/5191 5190/5190/5190 5187/5187/5187
f 5190/5190/5190 5191/5191/5191 5192/5192/5192
f 5193/5193/5193 5192/5192/5192 5191/5191/5191
f 5196/5196/5196 5195/5195/5195 5194/5194/5194
f 5197/5197/5197 5194/5194/5194 5195/5195/5195
f 5195/5195/5195 5198/5198/5198 5197/5197/5197
f 5199/5199/5199 5197/5197/5197 5198/5198/5198
f 5198/5198/5198 5200/5200/5200 5199/5199/5199
f 5201/5201/5201 5199/5199/5199 5200/5200/5200
f 5204/5204/5204 5203/5203/5203 5202/5202/5202
f 5205/5205/5205 5202/5202/5202 5203/5203/5203
f 5208/5208/5208 5207/5207/5207 5206/5206/5206
f 5209/5209/5209 5206/5206/5206 5207/5207/5207
f 5207/5207/5207 5210/5210/5210 5209/5209/5209
f 5211/5211/5211 5209/5209/5209 5210/5210/5210
f 5210/5210/5210 5212/5212/5212 5211/5211/5211
f 5213/5213/5213 5211/5211/5211 5212/5212/5212
f 5216/5216/5216 5215/5215/5215 5214/5214/5214
f 5217/5217/5217 5214/5214/5214 5215/5215/5215
f 5217/5217/5217 5218/5218/5218 5214/5214/5214
f 5219/5219/5219 5214/5214/5214 5218/5218/5218
f 5218/5218/5218 5220/5220/5220 5219/5219/5219
f 5221/5221/5221 5219/5219/5219 5220/5220/5220
f 5224/5224/5224 5223/5223/5223 5222/5222/5222
f 5225/5225/5225 5222/5222/5222 5223/5223/5223
f 5225/5225/5225 5223/5223/5223 5226/5226/5226
f 5227/5227/5227 5226/5226/5226 5223/5223/5223
f 5226/5226/5226 5227/5227/5227 5228/5228/5228
f 5229/5229/5229 5228/5228/5228 5227/5227/5227
f 5232/5232/5232 5231/5231/5231 5230/5230/5230
f 5233/5233/5233 5230/5230/5230 5231/5231/5231
f 5236/5236/5236 5235/5235/5235 5234/5234/5234
f 5237/5237/5237 5234/5234/5234 5235/5235/5235
f 5240/5240/5240 5239/5239/5239 5238/5238/5238
f 5241/5241/5241 5238/5238/5238 5239/5239/5239
f 5239/5239/5239 5242/5242/5242 5241/5241/5241
f 5243/5243/5243 5241/5241/5241 5242/5242/5242
f 5246/5246/5246 5245/5245/5245 5244/5244/5244
f 5247/5247/5247 5244/5244/5244 5245/5245/5245
f 5245/5245/5245 5248/5248/5248 5247/5247/5247
f 5249/5249/5249 5247/5247/5247 5248/5248/5248
f 5252/5252/5252 5251/5251/5251 5250/5250/5250
f 5253/5253/5253 5250/5250/5250 5251/5251/5251
f 5256/5256/5256 5255/5255/5255 5254/5254/5254
f 5257/5257/5257 5254/5254/5254 5255/5255/5255
f 5257/5257/5257 5258/5258/5258 5254/5254/5254
f 5259/5259/5259 5254/5254/5254 5258/5258/5258
f 5258/5258/5258 5260/5260/5260 5259/5259/5259
f 5261/5261/5261 5259/5259/5259 5260/5260/5260
f 5264/5264/5264 5263/5263/5263 5262/5262/5262
f 5265/5265/5265 5262/5262/5262 5263/5263/5263
f 5265/5265/5265 5263/5263/5263 5266/5266/5266
f 5267/5267/5267 5266/5266/5266 5263/5263/5263
f 5266/5266/5266 5267/5267/5267 5268/5268/5268
f 5269/5269/5269 5268/5268/5268 5267/5267/5267
f 5272/5272/5272 5271/5271/5271 5270/5270/5270
f 5273/5273/5273 5270/5270/5270 5271/5271/5271
f 5271/5271/5271 5274/5274/5274 5273/5273/5273
f 5275/5275/5275 5273/5273/5273 5274/5274/5274
f 5274/5274/5274 5276/5276/5276 5275/5275/5275
f 5277/5277/5277 5275/5275/5275 5276/5276/5276
f 5280/5280/5280 5279/5279/5279 5278/5278/5278
f 5281/5281/5281 5278/5278/5278 5279/5279/5279
f 5284/5284/5284 5283/5283/5283 5282/5282/5282
f 5285/5285/5285 5282/5282/5282 5283/5283/5283
f 5283/5283/5283 5286/5286/5286 5285/5285/5285
f 5287/5287/5287 5285/5285/5285 5286/5286/5286
f 5286/5286/5286 5288/5288/5288 5287/5287/5287
f 5289/5289/5289 5287/5287/5287 5288/5288/5288
f 5292/5292/5292 5291/5291/5291 5290/5290/5290
f 5293/5293/5293 5290/5290/5290 5291/5291/5291
f 5293/5293/5293 5294/5294/5294 5290/5290/5290
f 5295/5295/5295 5290/5290/5290 5294/5294/5294
f 5294/5294/5294 5296/5296/5296 5295/5295/5295
f 5297/5297/5297 5295/5295/5295 5296/5296/5296
f 5300/5300/5300 5299/5299/5299 5298/5298/5298
f 5301/5301/5301 5298/5298/5298 5299/5299/5299
f 5301/5301/5301 5299/5299/5299 5302/5302/5302
f 5303/5303/5303 5302/5302/5302 5299/5299/5299
f 5302/5302/5302 5303/5303/5303 5304/5304/5304
f 5305/5305/5305 5304/5304/5304 5303/5303/5303
f 5308/5308/5308 5307/5307/5307 5306/5306/5306
f 5309/5309/5309 5306/5306/5306 5307/5307/5307
f 5312/5312/5312 5311/5311/5311 5310/5310/5310
f 5313/5313/5313 5310/5310/5310 5311/5311/5311
f 5316/5316/5316 5315/5315/5315 5314/5314/5314
f 5317/5317/5317 5314/5314/5314 5315/5315/5315
f 5315/5315/5315 5318/5318/5318 5317/5317/5317
f 5319/5319/5319 5317/5317/5317 5318/5318/5318
f 5322/5322/5322 5321/5321/5321 5320/5320/5320
f 5323/5323/5323 5320/5320/5320 5321/5321/5321
f 5321/5321/5321 5324/5324/5324 5323/5323/5323
f 5325/5325/5325 5323/5323/5323 5324/5324/5324
f 5328/5328/5328 5327/5327/5327 5326/5326/5326
f 5329/5329/5329 5326/5326/5326 5327/5327/5327
f 5332/5332/5332 5331/5331/5331 5330/5330/5330
f 5333/5333/5333 5330/5330/5330 5331/5331/5331
f 5330/5330/5330 5333/5333/5333 5334/5334/5334
f 5335/5335/5335 5334/5334/5334 5333/5333/5333
f 5335/5335/5335 5336/5336/5336 5334/5334/5334
f 5337/5337/5337 5334/5334/5334 5336/5336/5336
f 5336/5336/5336 5338/5338/5338 5337/5337/5337
f 5339/5339/5339 5337/5337/5337 5338/5338/5338
f 5339/5339/5339 5338/5338/5338 5340/5340/5340
f 5341/5341/5341 5340/5340/5340 5338/5338/5338
f 5340/5340/5340 5341/5341/5341 5342/5342/5342
f 5343/5343/5343 5342/5342/5342 5341/5341/5341
f 5346/5346/5346 5345/5345/5345 5344/5344/5344
f 5347/5347/5347 5344/5344/5344 5345/5345/5345
f 5345/5345/5345 5348/5348/5348 5347/5347/5347
f 5349/5349/5349 5347/5347/5347 5348/5348/5348
f 5348/5348/5348 5350/5350/5350 5349/5349/5349
f 5351/5351/5351 5349/5349/5349 5350/5350/5350
f 5351/5351/5351 5350/5350/5350 5352/5352/5352
f 5353/5353/5353 5352/5352/5352 5350/5350/5350
f 5353/5353/5353 5354/5354/5354 5352/5352/5352
f 5355/5355/5355 5352/5352/5352 5354/5354/5354
f 5354/5354/5354 5356/5356/5356 5355/5355/5355
f 5357/5357/5357 5355/5355/5355 5356/5356/5356
f 5360/5360/5360 5359/5359/5359 5358/5358/5358
f 5361/5361/5361 5358/5358/5358 5359/5359/5359
f 5364/5364/5364 5363/5363/5363 5362/5362/5362
f 5365/5365/5365 5362/5362/5362 5363/5363/5363
f 5363/5363/5363 5364/5364/5364 5366/5366/5366
f 5367/5367/5367 5366/5366/5366 5364/5364/5364
f 5366/5366/5366 5367/5367/5367 5368/5368/5368
f 5369/5369/5369 5368/5368/5368 5367/5367/5367
f 5369/5369/5369 5370/5370/5370 5368/5368/5368
f 5371/5371/5371 5368/5368/5368 5370/5370/5370
f 5371/5371/5371 5370/5370/5370 5372/5372/5372
f 5373/5373/5373 5372/5372/5372 5370/5370/5370
f 5372/5372/5372 5373/5373/5373 5374/5374/5374
f 5375/5375/5375 5374/5374/5374 5373/5373/5373
f 5378/5378/5378 5377/5377/5377 5376/5376/5376
f 5379/5379/5379 5376/5376/5376 5377/5377/5377
f 5376/5376/5376 5379/5379/5379 5380/5380/5380
f 5381/5381/5381 5380/5380/5380 5379/5379/5379
f 5381/5381/5381 5382/5382/5382 5380/5380/5380
f 5383/5383/5383 5380/5380/5380 5382/5382/5382
f 5383/5383/5383 5382/5382/5382 5384/5384/5384
f 5385/5385/5385 5384/5384/5384 5382/5382/5382
f 5384/5384/5384 5385/5385/5385 5386/5386/5386
f 5387/5387/5387 5386/5386/5386 5385/5385/5385
f 5386/5386/5386 5387/5387/5387 5388/5388/5388
f 5389/5389/5389 5388/5388/5388 5387/5387/5387
f 5392/5392/5392 5391/5391/5391 5390/5390/5390
f 5393/5393/5393 5390/5390/5390 5391/5391/5391
