g G_CA_Prinzeugen_Hair_001
v -0.04364695 -0.04188572 1.554635
v -0.04087493 -0.04193903 1.536137
v -0.04879116 -0.04084621 1.536484
v -0.04692538 -0.04164583 1.555328
v -0.03972881 -0.0407929 1.573559
v -0.04228759 -0.04089952 1.574492
v -0.03381161 -0.03770104 1.589019
v -0.03589062 -0.03740785 1.590511
v -0.02474926 -0.03077101 1.601626
v -0.02656174 -0.03047781 1.605251
v -0.01518048 -0.02346781 1.610342
v -0.01717952 -0.02373435 1.615593
v -0.008277096 -0.01717747 1.613647
v -0.008383706 -0.01587143 1.620977
v -4.1008E-05 -0.01096709 1.615993
v -0.02259028 -0.01232644 1.619111
v -0.03658363 -0.02016272 1.609622
v -0.04215431 -0.01203325 1.61458
v -0.04892443 -0.02472055 1.595176
v -0.05700059 -0.01075386 1.599494
v -0.04428664 0.004892036 1.617938
v -0.06062554 -0.0001189187 1.602559
v -0.06739564 -0.008861423 1.581502
v -0.07307294 0.003825873 1.584887
v -0.06358412 0.009236634 1.605011
v -0.07715102 0.01443416 1.587659
v -0.08328143 0.005904891 1.562232
v -0.08717291 0.01936515 1.564444
v -0.07528523 0.02573545 1.587926
v -0.08552036 0.03317192 1.565883
v -0.06217146 0.01915193 1.603332
v -0.07584496 -0.008701503 1.559699
v -0.08256176 -0.007741958 1.537816
v -0.0674223 -0.02725268 1.537417
v -0.06382401 -0.02855872 1.557887
v -0.070141 -0.0250404 1.516546
v -0.08482736 -0.006542526 1.5154
v -0.07139374 -0.02344116 1.498528
v -0.0840544 -0.005129866 1.498022
v -0.08706629 0.008250438 1.539176
v -0.08855891 0.009263292 1.516573
v -0.08882545 0.0103561 1.498209
v -0.08333473 -0.004410207 1.478405
v -0.08786592 0.01070261 1.477978
v -0.07120717 -0.02178861 1.478724
v -0.08056273 -0.005263135 1.46004
v -0.0688083 -0.02029599 1.460253
v -0.05569455 -0.02669294 1.460653
v -0.05697393 -0.02986477 1.479151
v -0.08541374 0.009076715 1.459667
v -0.06494348 -0.0217353 1.438077
v -0.05164313 -0.02517366 1.438264
v -0.07563174 -0.008434959 1.437198
v -0.08042945 0.004838727 1.436824
v -0.06001249 -0.0250937 1.416088
v -0.04793823 -0.02490713 1.415555
v -0.06894158 -0.01539166 1.414462
v -0.05644086 -0.02949161 1.393485
v -0.04591253 -0.02647971 1.390926
v -0.06443705 -0.02186857 1.393165
v -0.07299298 -0.002117962 1.413182
v -0.06808865 -0.01043401 1.39074
v -0.06374405 -0.02178861 1.364992
v -0.0607588 -0.03213036 1.367604
v -0.05348226 -0.03770104 1.367391
v -0.05953272 -0.03986002 1.347347
v -0.05358888 -0.0437515 1.347294
v -0.04287398 -0.03218367 1.365685
v -0.04252747 -0.03655493 1.344175
v -0.06374405 -0.03026458 1.345215
v -0.06083876 -0.04348496 1.333913
v -0.05708055 -0.04705659 1.334047
v -0.06062554 -0.04841595 1.326237
v -0.06345086 -0.04636359 1.32613
v -0.05372214 -0.04103279 1.322532
v -0.04607245 -0.03892713 1.331514
v -0.06622288 -0.03479576 1.332261
v -0.06886162 -0.0381275 1.324265
v -0.06206484 -0.04279196 1.315096
v -0.0664361 -0.05020177 1.317015
v -0.0697412 -0.04428458 1.309338
v -0.0730996 -0.05025508 1.309498
v -0.08197539 -0.04601709 1.301609
v -0.08280165 -0.04969534 1.302222
v -0.09005155 -0.04615036 1.29881
v -0.09119765 -0.04822937 1.29889
v -0.09522241 -0.04529743 1.298357
v -0.09564888 -0.0467634 1.29801
v -0.09135759 -0.04623032 1.299663
v -0.09602204 -0.0454307 1.29857
v -0.08437423 -0.04591047 1.303608
v -0.07827048 -0.04369819 1.310005
v -0.1011129 -0.04428458 1.298517
v -0.07325953 -0.04127268 1.316002
v -0.06779546 -0.04865584 1.317681
v -0.0664361 -0.05020177 1.317015
v -0.06779546 -0.04865584 1.317681
v -0.0730996 -0.05025508 1.309498
v -0.05830663 -0.02757253 1.57865
v -0.06113195 -0.02176195 1.57953
v -0.06235804 -0.01771055 1.578677
v -0.05444181 -0.036395 1.517053
v -0.05665408 -0.03311656 1.498795
v -0.0427407 -0.03919367 1.516653
v -0.04697868 -0.03612846 1.50186
v -0.05665408 -0.03311656 1.498795
v -0.06459698 -0.0150718 1.580596
v -0.05049701 -0.03362298 1.492958
v -0.05697393 -0.02986477 1.479151
v -0.09279691 0.02288347 1.540535
v -0.08554702 0.007184282 1.538563
v -0.08701299 0.008676901 1.515587
v -0.09506249 0.02578877 1.51692
v -0.09234378 0.03842276 1.542374
v -0.09623526 0.04146132 1.518732
v -0.09298348 0.02621523 1.497756
v -0.08458747 0.009743065 1.497036
v -0.08757272 0.02504246 1.477898
v -0.07909675 0.01110241 1.478218
v -0.09271693 0.04119477 1.498342
v -0.0877593 0.03279877 1.478511
v -0.07928333 0.02163075 1.459827
v -0.07126048 0.009263292 1.46084
v -0.07954986 0.02720143 1.459694
v -0.06345086 0.01075591 1.442342
v -0.08789256 0.03895584 1.478645
v -0.08117576 0.03559743 1.459454
v -0.02317667 0.008783519 1.62183
v -0.02320333 0.00190679 1.625855
v -0.04327378 0.01347461 1.61482
v -0.01062265 0.006278045 1.622416
v -0.01070261 6.766617E-05 1.626468
v -4.1008E-05 0.004465573 1.622256
v -4.1008E-05 -0.001105115 1.625188
v -0.01032946 -0.00896804 1.620844
v -4.1008E-05 -0.009181276 1.620524
v -0.07954986 0.02720143 1.459694
v -0.06345086 0.01075591 1.442342
v -0.07126048 0.009263292 1.46084
v -0.07909675 0.01110241 1.478218
v -0.0877593 0.03279877 1.478511
v -0.08458747 0.009743065 1.497036
v -0.08117576 0.03559743 1.459454
v -0.08624002 0.03589062 1.478591
v -0.08789256 0.03895584 1.478645
v -0.09271693 0.04119477 1.498342
v -0.08458747 0.009743065 1.497036
v -0.08701299 0.008676901 1.515587
v -0.09623526 0.04146132 1.518732
v -0.08946516 0.02418953 1.540562
v -0.08554702 0.007184282 1.538563
v -0.08328143 0.005904891 1.562232
v -0.0877593 0.03279877 1.478511
v -0.08624002 0.03589062 1.478591
v -0.08117576 0.03559743 1.459454
v -0.08437423 -0.04591047 1.303608
v -0.09135759 -0.04623032 1.299663
v -0.09005155 -0.04615036 1.29881
v -0.08197539 -0.04601709 1.301609
v -0.07827048 -0.04369819 1.310005
v -0.0697412 -0.04428458 1.309338
v -0.09522241 -0.04529743 1.298357
v -0.09602204 -0.0454307 1.29857
v -0.1011129 -0.04428458 1.298517
v -0.07325953 -0.04127268 1.316002
v -0.06206484 -0.04279196 1.315096
v -0.06886162 -0.0381275 1.324265
v -0.05372214 -0.04103279 1.322532
v -0.06622288 -0.03479576 1.332261
v -0.04607245 -0.03892713 1.331514
v -0.06374405 -0.03026458 1.345215
v -0.04252747 -0.03655493 1.344175
v -0.05851987 -0.02472055 1.364672
v -0.04287398 -0.03218367 1.365685
v -0.06374405 -0.02178861 1.364992
v -0.0564675 -0.01699089 1.390846
v -0.06808865 -0.01043401 1.39074
v -0.05572119 -0.01187333 1.415101
v -0.07299298 -0.002117962 1.413182
v -0.04793823 -0.02490713 1.415555
v -0.04591253 -0.02647971 1.390926
v -0.05766694 -0.009874277 1.437971
v -0.08042945 0.004838727 1.436824
v -0.06190492 -0.005103208 1.414968
v -0.06006581 -0.008728154 1.46068
v -0.08541374 0.009076715 1.459667
v -0.061745 -0.009048 1.478858
v -0.08786592 0.01070261 1.477978
v -0.08882545 0.0103561 1.498209
v -0.06169169 -0.0107272 1.498528
v -0.08855891 0.009263292 1.516573
v -0.06219812 -0.01293948 1.516333
v -0.08706629 0.008250438 1.539176
v -0.0576936 -0.01150017 1.537203
v -0.05569455 -0.02669294 1.460653
v -0.05164313 -0.02517366 1.438264
v -0.05697393 -0.02986477 1.479151
v -0.05665408 -0.03311656 1.498795
v -0.05444181 -0.036395 1.517053
v -0.04601915 -0.03340975 1.53675
v -0.04633899 -0.03487572 1.551357
v -0.04087493 -0.04193903 1.536137
v -0.04929759 -0.03159728 1.516973
v -0.0427407 -0.03919367 1.516653
v -0.04697868 -0.03612846 1.50186
v -0.05129664 -0.03133074 1.502367
v -0.05049701 -0.03362298 1.492958
v -0.05284257 -0.03114416 1.49549
v -0.05697393 -0.02986477 1.479151
v -0.04364695 -0.04188572 1.554635
v -0.08328143 0.005904891 1.562232
v -0.05444181 -0.036395 1.517053
v -0.05129664 -0.03133074 1.502367
v -0.04929759 -0.03159728 1.516973
v -0.04601915 -0.03340975 1.53675
v -0.05129664 -0.03133074 1.502367
v -0.05444181 -0.036395 1.517053
v -0.05665408 -0.03311656 1.498795
v -0.05697393 -0.02986477 1.479151
v -0.05284257 -0.03114416 1.49549
v -0.05665408 -0.03311656 1.498795
v -0.08328143 0.005904891 1.562232
v -0.04633899 -0.03487572 1.551357
v -0.03117287 -0.02160203 1.561965
v -0.06169169 -0.0107272 1.498528
v -0.05697393 -0.02986477 1.479151
v -0.05665408 -0.03311656 1.498795
v -0.06219812 -0.01293948 1.516333
v -0.05665408 -0.03311656 1.498795
v -0.05444181 -0.036395 1.517053
v -0.08458747 0.009743065 1.497036
v -0.08624002 0.03589062 1.478591
v -0.0877593 0.03279877 1.478511
v -0.05689397 -0.01144686 1.375813
v -0.0576936 -0.01736405 1.377066
v -0.05644086 -0.01315272 1.390606
v -0.05713385 -0.007182226 1.38946
v -0.05878641 -0.01477861 1.364645
v -0.05985257 -0.02064249 1.365978
v -0.06811531 -0.01589808 1.366111
v -0.06878166 -0.01208656 1.3768
v -0.06121191 -0.01949637 1.354064
v -0.06249131 -0.0250937 1.35489
v -0.06486352 -0.0220285 1.34708
v -0.06795537 -0.0210956 1.355956
v -0.06867504 -0.02341451 1.348706
v -0.06862172 -0.02269485 1.34159
v -0.06539659 -0.0270128 1.345535
v -0.06920812 -0.02591998 1.338951
v -0.07152702 -0.02133549 1.338978
v -0.07070073 -0.02352112 1.342336
v -0.0728064 -0.02146877 1.339218
v -0.07243325 -0.02320127 1.336286
v -0.07627143 -0.01757728 1.335939
v -0.07656462 -0.01859013 1.334873
v -0.08069599 -0.01379241 1.33434
v -0.07691112 -0.01776386 1.336019
v -0.05644086 -0.01315272 1.390606
v -0.0576936 -0.01736405 1.377066
v -0.06878166 -0.01208656 1.3768
v -0.06955463 -0.005956143 1.39098
v -0.06811531 -0.01589808 1.366111
v -0.05985257 -0.02064249 1.365978
v -0.06795537 -0.0210956 1.355956
v -0.06249131 -0.0250937 1.35489
v -0.06867504 -0.02341451 1.348706
v -0.06539659 -0.0270128 1.345535
v -0.07070073 -0.02352112 1.342336
v -0.06920812 -0.02591998 1.338951
v -0.0728064 -0.02146877 1.339218
v -0.07243325 -0.02320127 1.336286
v -0.07656462 -0.01859013 1.334873
v -0.07691112 -0.01776386 1.336019
v -0.08069599 -0.01379241 1.33434
v -0.05572119 -0.01187333 1.415101
v -0.07299298 -0.002117962 1.413182
v -0.06190492 -0.005103208 1.414968
v -0.07299298 -0.002117962 1.413182
v -0.06955463 -0.005956143 1.39098
v -0.05572119 -0.01187333 1.415101
v -0.04106151 -0.02258823 1.370803
v -0.04218097 -0.02858538 1.372962
v -0.0456993 -0.02512036 1.392979
v -0.04433994 -0.01848351 1.393272
v -0.04106151 -0.03277005 1.356036
v -0.0403685 -0.02695949 1.353797
v -0.04908435 -0.02346781 1.367178
v -0.04692538 -0.02845211 1.351318
v -0.04793823 -0.02490713 1.415555
v -0.04929759 -0.01717747 1.416487
v -0.05572119 -0.01187333 1.415101
v -0.05329569 -0.0166977 1.390873
v -0.04076831 -0.0330366 1.337378
v -0.04178116 -0.03826078 1.337885
v -0.04234089 -0.03828743 1.323705
v -0.04314052 -0.04257873 1.323625
v -0.04577926 -0.03479576 1.336525
v -0.04588588 -0.03996664 1.324025
v -0.04524618 -0.04049972 1.314163
v -0.04615241 -0.04383146 1.314696
v -0.04881781 -0.04156587 1.308832
v -0.04935089 -0.04407135 1.309552
v -0.04777831 -0.04199234 1.315336
v -0.05055033 -0.04260538 1.310138
v -0.05593443 -0.04249876 1.304514
v -0.05596109 -0.0437515 1.304541
v -0.06217146 -0.04316511 1.304008
v -0.05622762 -0.0431118 1.304994
v -0.04218097 -0.02858538 1.372962
v -0.04908435 -0.02346781 1.367178
v -0.05329569 -0.0166977 1.390873
v -0.0456993 -0.02512036 1.392979
v -0.04106151 -0.03277005 1.356036
v -0.04692538 -0.02845211 1.351318
v -0.04793823 -0.02490713 1.415555
v -0.05572119 -0.01187333 1.415101
v -0.04178116 -0.03826078 1.337885
v -0.04577926 -0.03479576 1.336525
v -0.04588588 -0.03996664 1.324025
v -0.04314052 -0.04257873 1.323625
v -0.04777831 -0.04199234 1.315336
v -0.04615241 -0.04383146 1.314696
v -0.04935089 -0.04407135 1.309552
v -0.05055033 -0.04260538 1.310138
v -0.05596109 -0.0437515 1.304541
v -0.05622762 -0.0431118 1.304994
v -0.06217146 -0.04316511 1.304008
v -0.05572119 -0.01187333 1.415101
v -0.04929759 -0.01717747 1.416487
v -0.04793823 -0.02490713 1.415555
v -0.07299298 -0.002117962 1.413182
v -0.06459698 -0.0150718 1.580596
v -0.06113195 -0.02176195 1.57953
v -0.06872834 -0.02141546 1.55858
v -0.0728064 -0.01528504 1.559006
v -0.07357937 -0.02013607 1.537523
v -0.07773739 -0.01453873 1.537523
v -0.07640469 -0.0177372 1.51644
v -0.08096252 -0.01307276 1.516173
v -0.07883021 -0.01592473 1.498155
v -0.08365458 -0.01150017 1.497995
v -0.0798164 -0.01229979 1.478724
v -0.08424097 -0.008248381 1.478511
v -0.0798164 -0.008088462 1.459534
v -0.08389446 -0.004570134 1.459294
v -0.08162887 -0.005876176 1.437411
v -0.08448085 -0.001744807 1.437144
v -0.0840544 -0.00630264 1.416861
v -0.08485401 -0.002091311 1.416008
v -0.08397444 -0.005236484 1.398869
v -0.08461413 -0.009207927 1.397803
v -0.08018956 -0.009207927 1.384423
v -0.08122908 -0.01245971 1.383543
v -0.07339279 -0.01315272 1.372642
v -0.07429904 -0.0150185 1.372748
v -0.0644104 -0.01933645 1.362966
v -0.06872834 -0.02141546 1.55858
v -0.06113195 -0.02176195 1.57953
v -0.06235804 -0.01771055 1.578677
v -0.0703809 -0.01811036 1.55874
v -0.0728064 -0.01528504 1.559006
v -0.0744323 -0.01661774 1.537497
v -0.07773739 -0.01453873 1.537523
v -0.07747085 -0.014672 1.516307
v -0.08096252 -0.01307276 1.516173
v -0.06459698 -0.0150718 1.580596
v -0.07640469 -0.0177372 1.51644
v -0.07883021 -0.01592473 1.498155
v -0.08000298 -0.01299279 1.498075
v -0.0798164 -0.01229979 1.478724
v -0.0808026 -0.009554431 1.478618
v -0.07357937 -0.02013607 1.537523
v -0.08365458 -0.01150017 1.497995
v -0.08424097 -0.008248381 1.478511
v -0.08061603 -0.005609639 1.4594
v -0.08389446 -0.004570134 1.459294
v -0.0798164 -0.008088462 1.459534
v -0.08162887 -0.005876176 1.437411
v -0.08130904 -0.002757661 1.437304
v -0.08448085 -0.001744807 1.437144
v -0.08157557 -0.002437815 1.416194
v -0.08485401 -0.002091311 1.416008
v -0.0840544 -0.00630264 1.416861
v -0.08056273 -0.005023248 1.399136
v -0.08461413 -0.009207927 1.397803
v -0.07696442 -0.008621536 1.384796
v -0.08122908 -0.01245971 1.383543
v -0.07429904 -0.0150185 1.372748
v -0.07102059 -0.01245971 1.373388
v -0.07339279 -0.01315272 1.372642
v -0.08018956 -0.009207927 1.384423
v -0.0644104 -0.01933645 1.362966
v -0.08397444 -0.005236484 1.398869
v -0.02386968 0.04258078 1.626894
v -0.02104436 0.06193158 1.627134
v -4.1008E-05 0.05484162 1.630279
v -4.1008E-05 0.03559743 1.629213
v -4.1008E-05 0.07203344 1.62932
v -0.01459409 0.0783771 1.626494
v -0.03831615 0.07062078 1.62055
v -0.02938706 0.08698633 1.620204
v -0.05257602 0.07944325 1.610235
v -0.06177166 0.05593443 1.608636
v -0.07643135 0.06265123 1.591391
v -0.06435709 0.08791922 1.59435
v -0.04178116 0.09575549 1.610449
v -0.05212291 0.1041782 1.595096
v -0.03895584 0.115053 1.595736
v -0.04692538 0.1218231 1.576012
v -0.06185162 0.1113214 1.574759
v -0.02869405 0.1082296 1.609756
v -0.0316793 0.1301925 1.577797
v -0.03642371 0.137469 1.554688
v -0.01795249 0.14232 1.556341
v -0.0156869 0.1341906 1.57873
v -0.02749462 0.1215299 1.596775
v -0.01342131 0.1248617 1.597122
v -0.05326903 0.1275271 1.552103
v -0.041408 0.1451454 1.52974
v -0.0593728 0.1330444 1.527261
v -0.04559268 0.1539412 1.504792
v -0.06457032 0.1396813 1.501754
v -0.06960793 0.116519 1.550397
v -0.07536519 0.1207569 1.525023
v -0.08133568 0.1025523 1.548851
v -0.08719957 0.1063105 1.523023
v -0.08962508 0.08850561 1.546666
v -0.09503584 0.09207724 1.521824
v -0.09506249 0.07307294 1.545519
v -0.09959367 0.07619147 1.520438
v -0.1006065 0.05846655 1.518705
v -0.09628858 0.05494823 1.543414
v -0.09623526 0.04146132 1.518732
v -0.09234378 0.03842276 1.542374
v -0.08994493 0.05039039 1.567083
v -0.08552036 0.03317192 1.565883
v -0.08738615 0.06867504 1.569135
v -0.07853702 0.0444199 1.589898
v -0.08170883 0.08274835 1.571374
v -0.07528523 0.02573545 1.587926
v -0.0633709 0.03759648 1.606317
v -0.06217146 0.01915193 1.603332
v -0.04447322 0.03109291 1.617725
v -0.04327378 0.01347461 1.61482
v -0.02426949 0.02485588 1.624975
v -0.04367359 0.04857793 1.619831
v -0.02317667 0.008783519 1.62183
v -4.1008E-05 0.01725949 1.626441
v -0.01062265 0.006278045 1.622416
v -4.1008E-05 0.004465573 1.622256
v -0.07360603 0.09671503 1.573453
v -0.1005799 0.07779071 1.493011
v -0.1010063 0.06067884 1.492425
v -0.1041248 0.06267789 1.472861
v -0.0998069 0.07784401 1.472674
v -0.09237044 0.04804485 1.472727
v -0.09277025 0.04468645 1.493064
v -0.09663507 0.05420192 1.455349
v -0.106657 0.06457032 1.458921
v -0.09919386 0.09458272 1.494344
v -0.101806 0.09636854 1.472754
v -0.1058307 0.09412961 1.455376
v -0.09740804 0.0727531 1.456948
v -0.105964 0.08709295 1.442422
v -0.09602204 0.06678261 1.446073
v -0.09978025 0.1094823 1.455056
v -0.0991139 0.1131872 1.473314
v -0.09836759 0.09820767 1.44013
v -0.0951158 0.08717291 1.430507
v -0.1052443 0.07912341 1.432586
v -0.09479596 0.05990587 1.437278
v -0.1005532 0.06760888 1.423577
v -0.09133093 0.05230948 1.426723
v -0.09396967 0.05865313 1.415155
v -0.08663984 0.0467921 1.415501
v -0.09354322 0.1111082 1.496529
v -0.08552036 0.1300858 1.474993
v -0.08765268 0.1294461 1.455882
v -0.1014594 0.1130806 1.455509
v -0.08754607 0.1218497 1.438957
v -0.1013795 0.1066836 1.43965
v -0.09836759 0.09623526 1.428668
v -0.0951158 0.08717291 1.430507
v -0.09370314 0.08320147 1.420006
v -0.08965173 0.07248656 1.422245
v -0.08898538 0.07733759 1.414195
v -0.08189543 0.06694253 1.414248
v -0.08058937 0.1260078 1.498795
v -0.08200203 0.09237044 1.4179
v -0.08530714 0.1071368 1.426429
v -0.0810958 0.1362962 1.475766
v -0.0841077 0.1374956 1.456069
v -0.07064743 0.1437327 1.456255
v -0.06792873 0.1441325 1.476885
v -0.07104725 0.1388283 1.438237
v -0.08469409 0.1337907 1.438957
v -0.08178881 0.1230758 1.422245
v -0.07984306 0.1097222 1.424244
v -0.07661793 0.1118012 1.413262
v -0.07277976 0.1010063 1.414595
v -0.05902629 0.1593253 1.456735
v -0.05182971 0.1586589 1.479044
v -0.06273119 0.1516756 1.437731
v -0.06137185 0.1393614 1.420619
v -0.06883496 0.1283267 1.421712
v -0.05590777 0.1242486 1.405826
v -0.06054556 0.1142267 1.406626
v -0.03908911 0.1402677 1.421605
v -0.03876926 0.1558602 1.439277
v -0.03623714 0.1229959 1.407638
v -0.03426473 0.161271 1.458041
v -0.0290139 0.1635366 1.479418
v -0.0687017 0.1228626 1.421232
v -0.04884447 0.1120677 1.395564
v -0.03591728 0.112894 1.39799
v -0.04242085 0.1069235 1.388368
v -0.03322522 0.1070568 1.389434
v -0.05238944 0.1053243 1.39599
v -0.04375355 0.1015394 1.387754
v -0.03709006 0.1041782 1.382957
v -0.03788967 0.1015128 1.38269
v -0.03538421 0.102339 1.379199
v -0.03466454 0.1037783 1.379065
v -0.03122617 0.1043914 1.383996
v -0.03130615 0.1034585 1.379119
v -0.03549081 0.1045247 1.373574
v -0.06571645 0.1110549 1.411796
v -0.06803535 0.1017526 1.404866
v -0.0617983 0.1024989 1.404067
v -0.06267789 0.09764794 1.398896
v -0.06001249 0.09994017 1.398523
v -0.05891968 0.09722146 1.393752
v -0.05761363 0.09834093 1.393565
v -0.06449036 0.09386306 1.406306
v -0.06035899 0.09266363 1.399695
v -0.0576936 0.09927382 1.388154
v -0.05777356 0.09474264 1.394151
v -0.1111882 0.06419717 1.438344
v -0.1148931 0.06920812 1.441169
v -0.1103086 0.06616956 1.448819
v -0.1036184 0.05947942 1.445167
v -0.1108683 0.07565838 1.441622
v -0.1069235 0.07480545 1.449005
v -0.1028188 0.07528523 1.459747
v -0.1135604 0.07653797 1.436451
v -0.1170787 0.0717136 1.434772
v -0.1165989 0.07517861 1.429601
v -0.11436 0.07856368 1.430561
v -0.1150796 0.07347275 1.428802
v -0.1147598 0.06838185 1.433439
v -0.1139868 0.07712436 1.426669
v -0.1141201 0.07912341 1.426349
v -0.1115613 0.08282831 1.424297
v -0.1135604 0.08021621 1.427789
v -0.08488066 0.06331758 1.413955
v -0.08965173 0.07248656 1.422245
v -0.09391637 0.06931473 1.422405
v -0.09396967 0.05865313 1.415155
v -0.08783926 0.05620097 1.405826
v -0.08162887 0.05897298 1.406012
v -0.08408104 0.05505484 1.399429
v -0.07925667 0.05694728 1.399402
v -0.08021621 0.05494823 1.393032
v -0.07773739 0.05545466 1.392819
v -0.0781372 0.05481496 1.384902
v -0.0951158 0.08717291 1.430507
v -4.1008E-05 0.1449321 1.556607
v -4.1008E-05 0.1362696 1.57897
v -4.1008E-05 0.1258745 1.597228
v -4.1008E-05 0.1149464 1.609915
v -0.01171546 0.1139602 1.609915
v -0.007664047 0.1020458 1.618791
v -4.1008E-05 0.1037517 1.618631
v -0.018299 0.09738138 1.619564
v -4.1008E-05 0.08951846 1.625561
v -0.08408104 0.05505484 1.399429
v -0.08783926 0.05620097 1.405826
v -0.08282831 0.0460458 1.405426
v -0.08077595 0.04775165 1.398709
v -0.08021621 0.05494823 1.393032
v -0.07861698 0.05049701 1.391992
v -0.0781372 0.05481496 1.384902
v -0.08050941 0.08328143 1.391699
v -0.07613815 0.08141565 1.395511
v -0.07784401 0.08042945 1.395724
v -0.07763077 0.07883021 1.395138
v -0.07429904 0.08066933 1.401774
v -0.07867028 0.07739089 1.401748
v -0.0770444 0.08234854 1.407905
v -0.08349466 0.07661793 1.408011
v -0.07803059 0.06872834 1.406945
v -0.07600489 0.07312626 1.400735
v -0.07957652 0.08560032 1.412703
v -0.01558028 0.1610311 1.506605
v -4.1008E-05 0.1703067 1.481603
v -4.1008E-05 0.1688407 1.460013
v -4.1008E-05 0.1605247 1.441276
v -4.1008E-05 0.1495966 1.424057
v -4.1008E-05 0.1314452 1.409717
v -0.01824568 0.1054575 1.39074
v -4.1008E-05 0.1133205 1.393032
v -4.1008E-05 0.1130806 1.392499
v -4.1008E-05 0.1068702 1.378186
v -0.005345151 0.1050577 1.37688
v -4.1008E-05 0.1097222 1.370696
v -4.1008E-05 0.1619374 1.506791
v -0.04463314 0.0567074 1.454683
v -0.04255413 0.05939946 1.442688
v -0.05092348 0.0794166 1.442049
v -0.06251797 0.07312626 1.457668
v -0.06062554 0.05300249 1.471714
v -0.08506724 0.07805724 1.482669
v -0.06939469 0.04378021 1.487121
v -0.07653797 0.09623526 1.468703
v -0.03407815 0.06579641 1.430694
v -0.03597058 0.07499203 1.429894
v -0.02392298 0.07469884 1.41878
v -0.03639705 0.08690637 1.432666
v -0.02317667 0.07749751 1.426669
v -0.02392298 0.08978499 1.42483
v -0.0186988 0.08024287 1.419313
v -0.01494059 0.08997157 1.419979
v -0.02312337 0.1038583 1.425736
v -4.1008E-05 0.09460938 1.417847
v -4.1008E-05 0.09439614 1.417794
v -0.04103485 0.1195309 1.444661
v -0.02525568 0.1174518 1.434106
v -0.01347461 0.08040279 1.413902
v -0.05756032 0.1134271 1.459081
v -4.1008E-05 0.1053509 1.424084
v -4.1008E-05 0.1052443 1.424031
v -4.1008E-05 0.08072264 1.415528
v -4.1008E-05 0.08528048 1.417874
v -4.1008E-05 0.08053607 1.415395
v -0.1028188 0.07528523 1.459747
v -0.1069235 0.07480545 1.449005
v -0.1036184 0.05947942 1.445167
v -0.09663507 0.05420192 1.455349
v -0.0998069 0.07784401 1.472674
v -0.09237044 0.04804485 1.472727
v -0.09559557 0.06110531 1.497649
v -0.09277025 0.04468645 1.493064
v -0.09623526 0.04146132 1.518732
v -0.1111882 0.06419717 1.438344
v -0.1108683 0.07565838 1.441622
v -0.1147598 0.06838185 1.433439
v -0.1135604 0.07653797 1.436451
v -0.1150796 0.07347275 1.428802
v -0.11436 0.07856368 1.430561
v -0.1139868 0.07712436 1.426669
v -0.1135604 0.08021621 1.427789
v -0.1115613 0.08282831 1.424297
v -0.09133093 0.05230948 1.426723
v -0.08965173 0.07248656 1.422245
v -0.08488066 0.06331758 1.413955
v -0.08663984 0.0467921 1.415501
v -0.09479596 0.05990587 1.437278
v -0.08530714 0.1071368 1.426429
v -0.08754607 0.1218497 1.438957
v -0.09602204 0.06678261 1.446073
v -0.08200203 0.09237044 1.4179
v -0.07957652 0.08560032 1.412703
v -0.08189543 0.06694253 1.414248
v -0.09740804 0.0727531 1.456948
v -0.0770444 0.08234854 1.407905
v -0.07803059 0.06872834 1.406945
v -0.07600489 0.07312626 1.400735
v -0.07429904 0.08066933 1.401774
v -0.07763077 0.07883021 1.395138
v -0.07613815 0.08141565 1.395511
v -0.08050941 0.08328143 1.391699
v -0.08162887 0.05897298 1.406012
v -0.08282831 0.0460458 1.405426
v -0.07925667 0.05694728 1.399402
v -0.08077595 0.04775165 1.398709
v -0.07861698 0.05049701 1.391992
v -0.07773739 0.05545466 1.392819
v -0.0781372 0.05481496 1.384902
v -0.03820953 0.1042315 1.410384
v -0.0360772 0.09962033 1.399882
v -0.05238944 0.1053243 1.39599
v -0.06054556 0.1142267 1.406626
v -0.04375355 0.1015394 1.387754
v -0.03338516 0.09772789 1.389674
v -0.03788967 0.1015128 1.38269
v -0.03170595 0.09884736 1.383543
v -0.03538421 0.102339 1.379199
v -0.03183922 0.100953 1.379199
v -0.03549081 0.1045247 1.373574
v -0.04103485 0.1195309 1.444661
v -0.06883496 0.1283267 1.421712
v -0.02525568 0.1174518 1.434106
v -0.05668074 0.1297127 1.441169
v -0.07104725 0.1388283 1.438237
v -0.03591728 0.112894 1.39799
v -0.0360772 0.09962033 1.399882
v -0.03820953 0.1042315 1.410384
v -0.03623714 0.1229959 1.407638
v -0.03322522 0.1070568 1.389434
v -0.03338516 0.09772789 1.389674
v -0.02525568 0.1174518 1.434106
v -0.03122617 0.1043914 1.383996
v -0.03170595 0.09884736 1.383543
v -0.03183922 0.100953 1.379199
v -0.03130615 0.1034585 1.379119
v -0.03549081 0.1045247 1.373574
v -0.08506724 0.07805724 1.482669
v -0.07653797 0.09623526 1.468703
v -0.09740804 0.0727531 1.456948
v -0.08754607 0.1218497 1.438957
v -0.07016766 0.1170787 1.450498
v -0.07091397 0.1282734 1.444021
v -0.05756032 0.1134271 1.459081
v -0.05668074 0.1297127 1.441169
v -0.07104725 0.1388283 1.438237
v -0.05668074 0.1297127 1.441169
v -0.04103485 0.1195309 1.444661
v -0.07907009 0.04433994 1.492824
v -0.08506724 0.07805724 1.482669
v -0.09559557 0.06110531 1.497649
v -0.08229522 0.02357648 1.506151
v -0.07190017 0.01507387 1.503593
v -0.07072739 0.02861409 1.49581
v -0.08050941 0.03511766 1.498742
v -0.09623526 0.04146132 1.518732
v -0.07907009 0.04433994 1.492824
v -0.0186988 0.08024287 1.419313
v -0.02317667 0.07749751 1.426669
v -0.01115572 0.07485877 1.436691
v -0.03407815 0.06579641 1.430694
v -4.1008E-05 0.07677785 1.435812
v -4.1008E-05 0.0767512 1.435838
v -0.03191918 0.0633709 1.445887
v -0.04255413 0.05939946 1.442688
v -0.04463314 0.0567074 1.454683
v -4.1008E-05 0.0767512 1.435838
v -0.01347461 0.08040279 1.413902
v -4.1008E-05 0.08053607 1.415395
v -0.02317667 0.07749751 1.426669
v -0.02392298 0.07469884 1.41878
v -0.03407815 0.06579641 1.430694
v -0.09559557 0.06110531 1.497649
v -0.09623526 0.04146132 1.518732
v -0.09221052 0.0466855 1.495783
v -0.03597058 0.07499203 1.429894
v -0.02392298 0.07469884 1.41878
v -0.02317667 0.07749751 1.426669
v -0.06035899 0.09266363 1.399695
v -0.06449036 0.09386306 1.406306
v -0.0617983 0.1024989 1.404067
v -0.06001249 0.09994017 1.398523
v -0.05777356 0.09474264 1.394151
v -0.05761363 0.09834093 1.393565
v -0.0576936 0.09927382 1.388154
v -0.07277976 0.1010063 1.414595
v -0.06571645 0.1110549 1.411796
v -0.07984306 0.1097222 1.424244
v -0.0687017 0.1228626 1.421232
v -0.08754607 0.1218497 1.438957
v -0.07104725 0.1388283 1.438237
v -0.02525568 0.1174518 1.434106
v -0.01824568 0.1054575 1.39074
v -0.03623714 0.1229959 1.407638
v -4.1008E-05 0.09711485 1.392499
v -0.005345151 0.1050577 1.37688
v -4.1008E-05 0.1053509 1.424084
v -4.1008E-05 0.09751466 1.394311
v -4.1008E-05 0.1010063 1.376826
v -4.1008E-05 0.09716816 1.392232
v -4.1008E-05 0.1097222 1.370696
v -0.09559557 0.06110531 1.497649
v -0.08506724 0.07805724 1.482669
v -0.0998069 0.07784401 1.472674
v -0.08506724 0.07805724 1.482669
v -0.09740804 0.0727531 1.456948
v -0.0998069 0.07784401 1.472674
v -0.07907009 0.04433994 1.492824
v -0.06939469 0.04378021 1.487121
v -0.07190017 0.04234089 1.474593
v -0.08426763 0.04780497 1.475419
v -0.07395253 0.03639705 1.462146
v -0.08946516 0.04695204 1.458094
v -0.09021147 0.03890254 1.445114
v -0.07435234 0.02733469 1.450365
v -0.08613341 0.02760124 1.434452
v -0.07307294 0.01803245 1.43965
v -0.08077595 0.01803245 1.422858
v -0.06862172 0.009769723 1.425736
v -0.07030094 0.01115572 1.409984
v -0.06153177 0.00606481 1.41089
v -0.05292253 0.007770665 1.394924
v -0.08821242 0.0507369 1.441755
v -0.09074454 0.06102534 1.455802
v -0.08946516 0.04695204 1.458094
v -0.09021147 0.03890254 1.445114
v -0.08402774 0.03892918 1.430214
v -0.08613341 0.02760124 1.434452
v -0.07781735 0.02840085 1.420539
v -0.08077595 0.01803245 1.422858
v -0.07032758 0.01515383 1.409531
v -0.07030094 0.01115572 1.409984
v -0.05292253 0.007770665 1.394924
v -0.08426763 0.04780497 1.475419
v -0.08887877 0.07123382 1.469289
v -0.08506724 0.07805724 1.482669
v -0.07907009 0.04433994 1.492824
v -0.09386306 0.06544991 1.454683
v -0.09548895 0.05718717 1.439197
v -0.08701299 0.07237995 1.435598
v -0.08698633 0.08101584 1.45239
v -0.08349466 0.0594261 1.422964
v -0.09306344 0.04817812 1.426616
v -0.07755081 0.04580592 1.414515
v -0.08600013 0.03866264 1.417127
v -0.07429904 0.03101295 1.41129
v -0.07096729 0.03645036 1.41017
v -0.06417051 0.02653508 1.400948
v -0.0904247 0.07339279 1.468756
v -0.08658652 0.08104248 1.467636
v -0.08506724 0.07805724 1.482669
v -0.07429904 0.03101295 1.41129
v -0.08600013 0.03866264 1.417127
v -0.07781735 0.02840085 1.420539
v -0.07070073 0.02509576 1.412969
v -0.08402774 0.03892918 1.430214
v -0.09306344 0.04817812 1.426616
v -0.08821242 0.0507369 1.441755
v -0.09548895 0.05718717 1.439197
v -0.06417051 0.02653508 1.400948
v -0.09074454 0.06102534 1.455802
v -0.09386306 0.06544991 1.454683
v -0.08887877 0.07123382 1.469289
v -0.0904247 0.07339279 1.468756
v -0.08506724 0.07805724 1.482669
v -0.07653797 0.09623526 1.468703
v -0.06251797 0.07312626 1.457668
v -0.07451226 0.07555176 1.451484
v -0.07264648 0.08839899 1.447699
v -0.07166028 0.08408104 1.439836
v -0.0741391 0.07179356 1.444634
v -0.05873311 0.06310436 1.448712
v -0.0657431 0.07536519 1.428508
v -0.07150036 0.06323762 1.432267
v -0.06033234 0.06696919 1.417927
v -0.0594261 0.05518812 1.422138
v -0.05388208 0.05441515 1.437171
v -0.04615241 0.04735185 1.427336
v -0.04391348 0.04735185 1.413076
v -0.0363171 0.04210101 1.416834
v -0.04391348 0.05470835 1.410064
v -0.03357174 0.04212767 1.404573
v -0.02938706 0.03916907 1.406359
v -0.03610386 0.04751177 1.402894
v -0.03133279 0.03890254 1.398043
v -0.02816097 0.03783637 1.398603
v -0.03157268 0.03570405 1.38906
v -0.033012 0.04276736 1.397083
v -0.07653797 0.09623526 1.468703
v -0.07739089 0.09295683 1.446793
v -0.06614292 0.1067636 1.442608
v -0.05756032 0.1134271 1.459081
v -0.06694253 0.1030054 1.433359
v -0.0781372 0.08981165 1.43813
v -0.06494348 0.0930901 1.421045
v -0.07699108 0.08301489 1.425283
v -0.06619622 0.07384591 1.415048
v -0.05849321 0.08117576 1.413556
v -0.05257602 0.06374405 1.407825
v -0.04953746 0.06790207 1.407238
v -0.0426874 0.05756032 1.397856
v -0.05257602 0.06374405 1.407825
v -0.06619622 0.07384591 1.415048
v -0.06033234 0.06696919 1.417927
v -0.05012386 0.06139849 1.409291
v -0.0657431 0.07536519 1.428508
v -0.07699108 0.08301489 1.425283
v -0.07166028 0.08408104 1.439836
v -0.0781372 0.08981165 1.43813
v -0.0426874 0.05756032 1.397856
v -0.07264648 0.08839899 1.447699
v -0.07739089 0.09295683 1.446793
v -0.07653797 0.09623526 1.468703
v -0.03956889 0.1032986 1.418033
v -0.04793823 0.09900728 1.415501
v -0.03309196 0.09231713 1.405959
v -0.02949367 0.09508914 1.407478
v -0.02173735 0.0934899 1.395964
v -0.04964408 0.1152129 1.425656
v -0.06102534 0.1109216 1.42443
v -0.05668074 0.1297127 1.441169
v -0.07091397 0.1282734 1.444021
v -0.06102534 0.1109216 1.42443
v -0.07091397 0.1282734 1.444021
v -0.07016766 0.1170787 1.450498
v -0.06019907 0.1003933 1.427096
v -0.04793823 0.09900728 1.415501
v -0.04700534 0.08986497 1.416941
v -0.03309196 0.09231713 1.405959
v -0.03255887 0.08927858 1.405826
v -0.02173735 0.0934899 1.395964
v -0.03956889 0.1032986 1.418033
v -0.02949367 0.09508914 1.407478
v -0.03255887 0.08927858 1.405826
v -0.04700534 0.08986497 1.416941
v -0.02173735 0.0934899 1.395964
v -0.06019907 0.1003933 1.427096
v -0.04964408 0.1152129 1.425656
v -0.07016766 0.1170787 1.450498
v -0.05668074 0.1297127 1.441169
v -0.08605345 0.02709481 1.441382
v -0.09810105 0.03055982 1.438983
v -0.09756796 0.03613052 1.447886
v -0.08408104 0.03221238 1.449805
v -0.09407629 0.02474926 1.430507
v -0.08450751 0.02189729 1.43272
v -0.08722621 0.01992489 1.421019
v -0.08042945 0.01699294 1.423151
v -0.08042945 0.01811242 1.413236
v -0.07632473 0.01624663 1.413955
v -0.07587162 0.0186988 1.405799
v -0.07419242 0.01784587 1.406146
v -0.09474264 0.04148796 1.458947
v -0.08200203 0.03767644 1.46068
v -0.09138425 0.04628569 1.474113
v -0.08000298 0.04255413 1.475899
v -0.07493873 0.0226969 1.400122
v -0.07907009 0.04433994 1.492824
v -0.09221052 0.0466855 1.495783
v -0.09407629 0.02474926 1.430507
v -0.08722621 0.01992489 1.421019
v -0.08669314 0.02552223 1.419473
v -0.09277025 0.0330653 1.428029
v -0.08034949 0.02139086 1.412836
v -0.08042945 0.01811242 1.413236
v -0.07587162 0.0186988 1.405799
v -0.07616481 0.0199782 1.405586
v -0.09810105 0.03055982 1.438983
v -0.0971415 0.04108816 1.436371
v -0.09756796 0.03613052 1.447886
v -0.09767458 0.04759173 1.445434
v -0.09474264 0.04148796 1.458947
v -0.09492922 0.0536955 1.457748
v -0.09138425 0.04628569 1.474113
v -0.09274359 0.05793348 1.472221
v -0.07493873 0.0226969 1.400122
v -0.09221052 0.0466855 1.495783
v -0.09559557 0.06110531 1.497649
v -0.09274359 0.05793348 1.472221
v -0.09492922 0.0536955 1.457748
v -0.08200203 0.03767644 1.46068
v -0.08000298 0.04255413 1.475899
v -0.09767458 0.04759173 1.445434
v -0.08408104 0.03221238 1.449805
v -0.0971415 0.04108816 1.436371
v -0.08605345 0.02709481 1.441382
v -0.09277025 0.0330653 1.428029
v -0.08450751 0.02189729 1.43272
v -0.08669314 0.02552223 1.419473
v -0.08042945 0.01699294 1.423151
v -0.08034949 0.02139086 1.412836
v -0.07632473 0.01624663 1.413955
v -0.07616481 0.0199782 1.405586
v -0.07419242 0.01784587 1.406146
v -0.07493873 0.0226969 1.400122
v -0.07907009 0.04433994 1.492824
v -0.09559557 0.06110531 1.497649
v -0.1012462 0.06382401 1.406092
v -0.1047646 0.05958603 1.406199
v -0.1036451 0.06022573 1.402601
v -0.1014328 0.06353082 1.402681
v -0.1016194 0.06262459 1.398922
v -0.1008997 0.06406389 1.399749
v -0.1001267 0.06531663 1.397323
v -0.1054042 0.06025238 1.409797
v -0.1004999 0.06459698 1.408731
v -0.1058307 0.06323762 1.415288
v -0.09895398 0.0684085 1.413422
v -0.105884 0.06814195 1.422111
v -0.09698159 0.07429904 1.419579
v -0.1052443 0.07912341 1.432586
v -0.0951158 0.08717291 1.430507
v -0.1016993 0.05665408 1.404893
v -0.1017793 0.05854653 1.401561
v -0.1036451 0.06022573 1.402601
v -0.1047646 0.05958603 1.406199
v -0.101033 0.06177166 1.398976
v -0.1016194 0.06262459 1.398922
v -0.1001267 0.06531663 1.397323
v -0.09951371 0.05692063 1.409691
v -0.1054042 0.06025238 1.409797
v -0.1058307 0.06323762 1.415288
v -0.09396967 0.05865313 1.415155
v -0.1005532 0.06760888 1.423577
v -0.105884 0.06814195 1.422111
v -0.1052443 0.07912341 1.432586
v -0.0951158 0.08717291 1.430507
v -0.09698159 0.07429904 1.419579
v -0.09391637 0.06931473 1.422405
v -0.09895398 0.0684085 1.413422
v -0.09396967 0.05865313 1.415155
v -0.1004999 0.06459698 1.408731
v -0.09951371 0.05692063 1.409691
v -0.1012462 0.06382401 1.406092
v -0.1016993 0.05665408 1.404893
v -0.1017793 0.05854653 1.401561
v -0.1014328 0.06353082 1.402681
v -0.101033 0.06177166 1.398976
v -0.1008997 0.06406389 1.399749
v -0.1001267 0.06531663 1.397323
v -0.07781735 0.02840085 1.420539
v -0.06862172 0.009769723 1.425736
v -0.07307294 0.01803245 1.43965
v -0.08349466 0.0594261 1.422964
v -0.07435234 0.02733469 1.450365
v -0.08701299 0.07237995 1.435598
v -0.07395253 0.03639705 1.462146
v -0.08698633 0.08101584 1.45239
v -0.07755081 0.04580592 1.414515
v -0.07096729 0.03645036 1.41017
v -0.07070073 0.02509576 1.412969
v -0.07032758 0.01515383 1.409531
v -0.06153177 0.00606481 1.41089
v -0.05292253 0.007770665 1.394924
v -0.06417051 0.02653508 1.400948
v -0.08658652 0.08104248 1.467636
v -0.07190017 0.04234089 1.474593
v -0.08506724 0.07805724 1.482669
v -0.06939469 0.04378021 1.487121
v -0.06033234 0.06696919 1.417927
v -0.04615241 0.04735185 1.427336
v -0.05388208 0.05441515 1.437171
v -0.06494348 0.0930901 1.421045
v -0.05873311 0.06310436 1.448712
v -0.06694253 0.1030054 1.433359
v -0.06614292 0.1067636 1.442608
v -0.04391348 0.05470835 1.410064
v -0.0363171 0.04210101 1.416834
v -0.03610386 0.04751177 1.402894
v -0.02938706 0.03916907 1.406359
v -0.033012 0.04276736 1.397083
v -0.02816097 0.03783637 1.398603
v -0.03157268 0.03570405 1.38906
v -0.06251797 0.07312626 1.457668
v -0.05756032 0.1134271 1.459081
v -0.06494348 0.0930901 1.421045
v -0.05849321 0.08117576 1.413556
v -0.06033234 0.06696919 1.417927
v -0.04953746 0.06790207 1.407238
v -0.05012386 0.06139849 1.409291
v -0.0426874 0.05756032 1.397856
v -0.09221052 0.0466855 1.495783
v -0.09623526 0.04146132 1.518732
v -0.07907009 0.04433994 1.492824
v -0.07046086 0.02741466 1.464198
v -0.0690482 0.02994679 1.478405
v -0.06702249 0.03927569 1.474886
v -0.06862172 0.03277211 1.460653
v -0.07253987 0.02104436 1.451244
v -0.07123382 0.02618858 1.448259
v -0.07488541 0.01957838 1.437784
v -0.07587162 0.01523378 1.43957
v -0.07960318 0.01725949 1.430454
v -0.07835044 0.01240847 1.429788
v -0.081389 0.0169663 1.423577
v -0.08069599 0.01414096 1.422351
v -0.07829712 0.02069785 1.414515
v -0.06939469 0.04378021 1.487121
v -0.07072739 0.02861409 1.49581
v -0.07539184 0.02874736 1.464545
v -0.07819052 0.03343846 1.478591
v -0.0690482 0.02994679 1.478405
v -0.07046086 0.02741466 1.464198
v -0.08040279 0.03431804 1.460973
v -0.08170883 0.041408 1.476112
v -0.07528523 0.02141751 1.451537
v -0.07253987 0.02104436 1.451244
v -0.07587162 0.01523378 1.43957
v -0.08090922 0.01872545 1.43829
v -0.08013625 0.02592203 1.448659
v -0.07835044 0.01240847 1.429788
v -0.08269504 0.01606005 1.430561
v -0.08069599 0.01414096 1.422351
v -0.08245516 0.01600675 1.422911
v -0.07829712 0.02069785 1.414515
v -0.07072739 0.02861409 1.49581
v -0.08050941 0.03511766 1.498742
v -0.07907009 0.04433994 1.492824
v -0.08269504 0.01606005 1.430561
v -0.08245516 0.01600675 1.422911
v -0.081389 0.0169663 1.423577
v -0.07960318 0.01725949 1.430454
v -0.07829712 0.02069785 1.414515
v -0.08090922 0.01872545 1.43829
v -0.07488541 0.01957838 1.437784
v -0.08013625 0.02592203 1.448659
v -0.07123382 0.02618858 1.448259
v -0.08040279 0.03431804 1.460973
v -0.06862172 0.03277211 1.460653
v -0.06702249 0.03927569 1.474886
v -0.08170883 0.041408 1.476112
v -0.06939469 0.04378021 1.487121
v -0.07907009 0.04433994 1.492824
v -0.04580592 -0.04199234 1.536137
v -0.04633899 -0.03487572 1.551357
v -0.04364695 -0.04188572 1.554635
v -0.02312337 -0.03175721 1.6008
v -0.02474926 -0.03077101 1.601626
v -0.01518048 -0.02346781 1.610342
v -0.02898724 -0.03799424 1.588086
v -0.03381161 -0.03770104 1.589019
v -0.03429139 -0.0440447 1.572013
v -0.03972881 -0.0407929 1.573559
v -0.04364695 -0.04188572 1.554635
v -0.03826283 -0.04748306 1.554209
v -0.04580592 -0.04199234 1.536137
v -0.04010196 -0.04788287 1.535124
v -0.03970215 -0.0454307 1.517426
v -0.04521953 -0.03898044 1.517373
v -0.03775641 -0.04260538 1.504072
v -0.04066169 -0.03764774 1.503513
v -0.03514431 -0.03796759 1.495063
v -0.0360239 -0.03594188 1.494557
v -0.03213242 -0.03375626 1.489093
v -0.04010196 -0.04788287 1.535124
v -0.03826283 -0.04748306 1.554209
v -0.03834279 -0.04716321 1.535471
v -0.03970215 -0.0454307 1.517426
v -0.03557079 -0.04364488 1.517799
v -0.03775641 -0.04260538 1.504072
v -0.03498439 -0.04223222 1.504499
v -0.03365169 -0.03791428 1.49573
v -0.03514431 -0.03796759 1.495063
v -0.03213242 -0.03375626 1.489093
v -0.03687683 -0.04124603 1.551463
v -0.03117287 -0.02160203 1.561965
v -0.04633899 -0.03487572 1.551357
v -0.03834279 -0.04716321 1.535471
v -0.04580592 -0.04199234 1.536137
v -0.04521953 -0.03898044 1.517373
v -0.03557079 -0.04364488 1.517799
v -0.04066169 -0.03764774 1.503513
v -0.03498439 -0.04223222 1.504499
v -0.03365169 -0.03791428 1.49573
v -0.0360239 -0.03594188 1.494557
v -0.03213242 -0.03375626 1.489093
v 0.04575055 -0.04199234 1.536137
v 0.04359157 -0.04188572 1.554635
v 0.04628363 -0.03487572 1.551357
v 0.02312131 -0.03178386 1.6008
v 0.01512511 -0.02346781 1.610342
v 0.0246939 -0.03077101 1.601626
v 0.02898519 -0.03879385 1.588086
v 0.03375626 -0.03770104 1.589019
v 0.03964678 -0.0407396 1.573559
v 0.03428933 -0.04393808 1.572013
v 0.04359157 -0.04188572 1.554635
v 0.03826078 -0.04753637 1.554209
v 0.04575055 -0.04199234 1.536137
v 0.0400999 -0.0477496 1.535124
v 0.03970009 -0.0454307 1.517426
v 0.04521747 -0.03898044 1.517373
v 0.03775435 -0.04260538 1.504072
v 0.04209895 -0.03668819 1.503113
v 0.03514226 -0.03796759 1.495063
v 0.03754112 -0.03434264 1.494424
v 0.03213036 -0.03300994 1.489093
v 0.0400999 -0.0477496 1.535124
v 0.03834074 -0.04702994 1.535471
v 0.03826078 -0.04753637 1.554209
v 0.03970009 -0.0454307 1.517426
v 0.03559538 -0.04364488 1.517799
v 0.03775435 -0.04260538 1.504072
v 0.03498234 -0.04223222 1.504499
v 0.03364964 -0.03791428 1.49573
v 0.03514226 -0.03796759 1.495063
v 0.03213036 -0.03300994 1.489093
v 0.03687477 -0.04121937 1.551463
v 0.04628363 -0.03487572 1.551357
v 0.03109086 -0.02160203 1.561965
v 0.03834074 -0.04702994 1.535471
v 0.04575055 -0.04199234 1.536137
v 0.04521747 -0.03898044 1.517373
v 0.03559538 -0.04364488 1.517799
v 0.04209895 -0.03668819 1.503113
v 0.03498234 -0.04223222 1.504499
v 0.03364964 -0.03791428 1.49573
v 0.03754112 -0.03434264 1.494424
v 0.03213036 -0.03300994 1.489093
v -4.1008E-05 -0.01096709 1.615993
v -0.00606481 -0.01938975 1.615539
v -0.008277096 -0.01717747 1.613647
v -0.004119068 -0.01973625 1.615753
v -0.002706409 -0.01957633 1.614766
v -0.005505078 -0.02703945 1.609702
v -0.007424168 -0.02738595 1.610502
v -0.008943439 -0.03668819 1.60008
v -0.01176876 -0.03679481 1.600587
v -0.01184873 -0.04644355 1.586833
v -0.01584682 -0.04729648 1.587153
v -0.01259504 -0.05361348 1.570468
v -0.01720618 -0.0551061 1.570494
v -0.01118238 -0.05715846 1.552609
v -0.01560694 -0.05971724 1.552556
v -0.01294154 -0.06091667 1.533898
v -0.026695 -0.05507945 1.534405
v -0.0279744 -0.05438644 1.553196
v -0.03834279 -0.04716321 1.535471
v -0.03826283 -0.04748306 1.554209
v -0.007903934 -0.05854446 1.534245
v -0.026695 -0.05052161 1.570867
v -0.02293679 -0.04495093 1.587553
v -0.01749937 -0.03652827 1.601253
v -0.01099581 -0.02725268 1.611248
v -0.01518048 -0.02346781 1.610342
v -0.02312337 -0.03175721 1.6008
v -0.03429139 -0.0440447 1.572013
v -0.02898724 -0.03799424 1.588086
v -0.02243036 -0.05451971 1.518226
v -0.008916795 -0.06025032 1.518652
v -0.01470071 -0.05233409 1.503086
v -0.02730805 -0.04265869 1.502313
v -0.01664644 -0.04228553 1.48912
v -0.00739751 -0.04966868 1.490852
v -0.004998654 -0.04193903 1.478618
v -0.0004674718 -0.04732314 1.480217
v 0.005236484 -0.04217891 1.469795
v 0.006835721 -0.04380481 1.471261
v 0.01384572 -0.04041975 1.464838
v -0.0033461 -0.057425 1.505645
v 0.001345001 -0.05353352 1.494237
v 0.005902834 -0.0477496 1.482403
v -6.766617E-05 -0.04479101 1.48043
v 0.008195072 -0.04180576 1.471128
v 0.005689599 -0.04159252 1.470249
v 0.005423062 -0.05225413 1.496503
v 0.009127967 -0.04652352 1.483202
v 0.009794317 -0.04049972 1.471714
v 0.008754812 -0.03722128 1.461746
v 0.001451612 -0.05561253 1.507298
v -0.003452718 -0.05793142 1.519079
v 0.008221731 -0.01717747 1.613647
v 0.005316444 -0.01893663 1.616499
v -4.1008E-05 -0.01096709 1.615993
v 0.01213986 -0.02647971 1.611541
v 0.01512511 -0.02346781 1.610342
v 0.01768389 -0.03495568 1.600347
v 0.02312131 -0.03178386 1.6008
v 0.02898519 -0.03879385 1.588086
v 0.02301469 -0.04324508 1.5871
v 0.03428933 -0.04393808 1.572013
v 0.02650636 -0.04841595 1.571081
v 0.03826078 -0.04753637 1.554209
v 0.02858538 -0.05403994 1.553222
v 0.03834074 -0.04702994 1.535471
v 0.02815892 -0.0541199 1.534538
v 0.03559538 -0.04364488 1.517799
v 0.02477386 -0.05329363 1.517906
v 0.009527773 -0.04612371 1.58702
v 0.007821918 -0.03676815 1.60056
v 0.005209826 -0.02730599 1.612021
v 0.01219317 -0.05833123 1.534218
v 0.01150017 -0.05723842 1.518226
v 0.0120599 -0.05755827 1.552636
v -0.001533635 -0.03823412 1.60104
v -0.002066709 -0.04764298 1.58678
v -0.00126709 -0.02722602 1.611195
v -0.005505078 -0.02703945 1.609702
v -0.008943439 -0.03668819 1.60008
v 0.002571084 -0.01922983 1.616899
v -0.0006273985 -0.0193631 1.616659
v -0.002706409 -0.01957633 1.614766
v -0.01184873 -0.04644355 1.586833
v -0.01259504 -0.05361348 1.570468
v -0.001666903 -0.05459968 1.570494
v -0.01118238 -0.05715846 1.552609
v -0.0003342032 -0.05859777 1.552583
v -0.007903934 -0.05854446 1.534245
v 0.001451612 -0.06003709 1.534085
v -0.003452718 -0.05793142 1.519079
v 0.0110204 -0.05297378 1.570734
v 0.000598684 -0.05201424 1.505565
v 0.01416557 -0.05113465 1.503086
v 0.0006253421 -0.04569724 1.493971
v 0.009181276 -0.04532409 1.491385
v 0.02072245 -0.03860728 1.491998
v 0.01088713 -0.03695473 1.483336
v 0.004596785 -0.04031313 1.483336
v -0.00390584 -0.03620842 1.477632
v 0.02981146 -0.04156587 1.503913
v -0.0009738952 -0.04001994 1.487147
v -0.00390584 -0.03620842 1.477632
v 0.005449712 -0.03738119 1.486241
v -0.0009738952 -0.04001994 1.487147
v 0.0006253421 -0.04569724 1.493971
v 0.01088713 -0.03695473 1.483336
v 0.01040736 -0.03951351 1.494344
v 0.02072245 -0.03860728 1.491998
v 0.000598684 -0.05201424 1.505565
v 0.01720412 -0.04519082 1.514974
v 0.02981146 -0.04156587 1.503913
v 0.03559538 -0.04364488 1.517799
v 0.02088238 -0.04439119 1.534645
v -0.003452718 -0.05793142 1.519079
v 0.03834074 -0.04702994 1.535471
v 0.03687477 -0.04121937 1.551463
v -0.005851582 -0.05145451 1.533872
v -0.02080446 -0.04361823 1.534751
v -0.03117287 -0.02160203 1.561965
v 0.03109086 -0.02160203 1.561965
v -0.01448748 -0.04249876 1.516067
v 0.001451612 -0.05561253 1.507298
v -0.004332304 -0.04457778 1.496743
v 0.005423062 -0.05225413 1.496503
v 0.009127967 -0.04652352 1.483202
v 0.004730053 -0.0407396 1.478351
v 0.009794317 -0.04049972 1.471714
v 0.008754812 -0.03722128 1.461746
v -0.03557079 -0.04364488 1.517799
v -0.03834279 -0.04716321 1.535471
v -0.02080446 -0.04361823 1.534751
v -0.03687683 -0.04124603 1.551463
v -0.03557079 -0.04364488 1.517799
v -0.01448748 -0.04249876 1.516067
v -0.02730805 -0.04265869 1.502313
v -0.004332304 -0.04457778 1.496743
v -0.01664644 -0.04228553 1.48912
v -0.03117287 -0.02160203 1.561965
v -0.0001209676 -0.04201899 1.482003
v -0.004998654 -0.04193903 1.478618
v 0.005236484 -0.04217891 1.469795
v 0.006862372 -0.04228553 1.471821
v 0.01384572 -0.04041975 1.464838
v 0.004730053 -0.0407396 1.478351
v -0.004332304 -0.04457778 1.496743
v -6.766617E-05 -0.04479101 1.48043
v 0.005689599 -0.04159252 1.470249
v 0.008754812 -0.03722128 1.461746
v -0.00739751 -0.04966868 1.490852
v 0.01384572 -0.04041975 1.464838
v 0.006835721 -0.04380481 1.471261
v 0.006862372 -0.04228553 1.471821
v -0.0004674718 -0.04732314 1.480217
v -0.0001209676 -0.04201899 1.482003
v -0.00739751 -0.04966868 1.490852
v -0.004332304 -0.04457778 1.496743
v -0.02581541 -0.05172104 1.573933
v -0.02093774 -0.05281386 1.575025
v -0.018299 -0.05838454 1.55754
v -0.02301675 -0.0574783 1.556128
v -0.02490918 -0.04513751 1.587553
v -0.02008481 -0.0467101 1.587899
v -0.01776591 -0.06099663 1.539522
v -0.01339465 -0.06187622 1.540988
v -0.009689748 -0.06203614 1.52289
v -0.006118119 -0.06278245 1.524223
v 0.002251238 -0.05982386 1.504366
v 0.00496994 -0.06073009 1.505698
v 0.0100875 -0.05571914 1.494344
v 0.01197995 -0.05665203 1.494983
v 0.02245496 -0.050415 1.482936
v -0.02029805 -0.03620842 1.601973
v -0.01552698 -0.03823412 1.602212
v -0.01422094 -0.0250404 1.611568
v -0.009849682 -0.02730599 1.612074
v -0.00870356 -0.01776386 1.615539
v -0.005585037 -0.02000279 1.616153
v -4.1008E-05 -0.01096709 1.615993
v -0.041408 0.1451454 1.52974
v -0.04559268 0.1539412 1.504792
v -0.03021333 0.1650026 1.506551
v -0.02416287 0.1516489 1.531659
v -0.03642371 0.137469 1.554688
v -0.01795249 0.14232 1.556341
v -0.01558028 0.1610311 1.506605
v -0.01264834 0.1522087 1.532032
v -4.1008E-05 0.1449321 1.556607
v -4.1008E-05 0.1538612 1.532326
v -0.0009738952 0.1674547 1.507324
v 0.01661774 0.1617508 1.506925
v 0.01613797 0.1520754 1.532219
v 0.01787047 0.14232 1.556341
v 0.0210423 0.1501296 1.531873
v 0.03279671 0.1470911 1.530806
v 0.03660823 0.1587922 1.507031
v 0.03636835 0.137469 1.554688
v -0.01811242 0.1722524 1.481417
v -0.03303865 0.1750245 1.481043
v -0.01984492 0.1713462 1.45972
v -0.03255887 0.1759574 1.459454
v -0.03042656 0.1722791 1.442662
v -0.02109766 0.1692139 1.443355
v -0.02485588 0.164896 1.42603
v -0.03671691 0.1623638 1.439996
v -0.02816097 0.1614043 1.424697
v -0.01747271 0.1595385 1.416674
v -0.01989824 0.1646827 1.427042
v -0.04180782 0.162737 1.457028
v -0.04559268 0.1607912 1.480137
v 0.04132599 0.1448788 1.530033
v 0.04551066 0.1533814 1.505485
v 0.04065964 0.1652691 1.48115
v 0.04854922 0.1580992 1.480617
v 0.04169914 0.1664685 1.459694
v 0.03412941 0.1673215 1.459854
v 0.03863394 0.1646028 1.442582
v 0.03269009 0.1657755 1.443088
v 0.03269009 0.1673481 1.481337
v 0.02986477 0.1596185 1.425496
v 0.03237025 0.1561268 1.424617
v 0.04383146 0.1566599 1.441062
v 0.02021603 0.1545542 1.415688
v 0.02693283 0.1601249 1.42603
v 0.04838929 0.1573262 1.459187
v 0.02850541 0.1600183 1.507191
v 0.01267295 0.1713462 1.479951
v -0.003825873 0.1797156 1.481257
v 0.008248381 0.1698003 1.455456
v -0.00731755 0.1791025 1.456282
v -0.01683302 0.1707065 1.48115
v -0.01797915 0.1699602 1.456095
v -0.009529829 0.1722258 1.436451
v -0.01883207 0.1658022 1.436611
v -0.01483397 0.1595918 1.415688
v 0.001851425 0.1636965 1.435385
v -0.009849682 0.1561268 1.415181
v -0.02211051 0.1479707 1.404413
v -0.0196317 0.157726 1.416327
v 0.03420937 0.1592453 1.46028
v -4.1008E-05 0.1688407 1.460013
v -4.1008E-05 0.1605247 1.441276
v 0.03871389 0.1518621 1.442235
v 0.03330313 0.1582058 1.481043
v -4.1008E-05 0.1703067 1.481603
v -4.1008E-05 0.1495966 1.424057
v 0.03900709 0.1357898 1.42483
v -4.1008E-05 0.1314452 1.409717
v 0.03618177 0.1187845 1.410624
v 0.01816367 0.1033519 1.392179
v -4.1008E-05 0.1133205 1.393032
v 0.005289793 0.1044714 1.377279
v 0.02941165 0.1572196 1.505805
v 0.04551066 0.1533814 1.505485
v 0.05177435 0.1565 1.480883
v -4.1008E-05 0.1619374 1.506791
v 0.06267583 0.1486903 1.441409
v 0.06131648 0.1364828 1.424617
v 0.07096523 0.1340839 1.441755
v 0.07059208 0.140161 1.459027
v 0.08402568 0.1350168 1.458094
v 0.08101378 0.1350968 1.476912
v 0.06784671 0.1422667 1.478538
v 0.08463873 0.1301391 1.441675
v 0.05897093 0.1547941 1.459694
v 0.0687796 0.1229959 1.425496
v 0.05582576 0.1188112 1.409611
v 0.06049021 0.1090025 1.410224
v 0.03420937 0.1583124 1.460307
v 0.02895854 0.1618308 1.480803
v 0.06451496 0.1391482 1.50242
v 0.05929078 0.1328845 1.527475
v 0.04132599 0.1448788 1.530033
v 0.05321367 0.1275271 1.552103
v 0.03636835 0.137469 1.554688
v 0.06955256 0.116519 1.550397
v 0.07530983 0.1207569 1.525023
v 0.08128032 0.1025523 1.548851
v 0.0871442 0.1063105 1.523023
v 0.08954306 0.08850561 1.546666
v 0.09498047 0.09207724 1.521824
v 0.09498047 0.07307294 1.545519
v 0.0995383 0.07619147 1.520438
v 0.1005512 0.05846655 1.518705
v 0.09623321 0.05494823 1.543414
v 0.0961799 0.04146132 1.518732
v 0.09228842 0.03842276 1.542374
v 0.08986291 0.05039039 1.567083
v 0.085465 0.03317192 1.565883
v 0.08730412 0.06867504 1.569135
v 0.07637599 0.06265123 1.591391
v 0.07848165 0.0444199 1.589898
v 0.08162682 0.08274835 1.571374
v 0.07520321 0.02573545 1.587926
v 0.06331553 0.03759648 1.606317
v 0.0621161 0.01915193 1.603332
v 0.04439119 0.03109291 1.617725
v 0.04321842 0.01347461 1.61482
v 0.02421413 0.02485588 1.624975
v 0.02381431 0.04258078 1.626894
v 0.04359157 0.04857793 1.619831
v 0.02309465 0.008783519 1.62183
v -4.1008E-05 0.03559743 1.629213
v -4.1008E-05 0.05484162 1.630279
v 0.02096234 0.06193158 1.627134
v -4.1008E-05 0.07203344 1.62932
v 0.01451207 0.0783771 1.626494
v 0.03826078 0.07062078 1.62055
v 0.02933169 0.08698633 1.620204
v 0.06171629 0.05593443 1.608636
v 0.05252066 0.07944325 1.610235
v 0.06427507 0.08791922 1.59435
v 0.04169914 0.09575549 1.610449
v 0.05206755 0.1041782 1.595096
v 0.03890047 0.115053 1.595736
v 0.04684336 0.1218231 1.576012
v 0.06179625 0.1113214 1.574759
v 0.02863868 0.1082296 1.609756
v 0.03159728 0.1301925 1.577797
v 0.01787047 0.14232 1.556341
v 0.01563154 0.1341906 1.57873
v 0.02743926 0.1215299 1.596775
v 0.0133393 0.1248617 1.597122
v -4.1008E-05 0.1449321 1.556607
v -4.1008E-05 0.1362696 1.57897
v -4.1008E-05 0.1258745 1.597228
v -4.1008E-05 0.1149464 1.609915
v 0.01163344 0.1139602 1.609915
v 0.007582031 0.1020458 1.618791
v -4.1008E-05 0.1037517 1.618631
v 0.01821698 0.09738138 1.619564
v -4.1008E-05 0.08951846 1.625561
v 0.07352401 0.09671503 1.573453
v -4.1008E-05 0.1068702 1.378186
v -4.1008E-05 0.1133205 1.393032
v -4.1008E-05 0.1130806 1.392499
v 0.005289793 0.1044714 1.377279
v -4.1008E-05 0.1133205 1.393032
v -4.1008E-05 0.1068702 1.378186
v -4.1008E-05 0.1068702 1.378186
v -4.1008E-05 0.1097222 1.370696
v 0.005289793 0.1044714 1.377279
v 0.01856348 0.1357098 1.398656
v 0.0274126 0.1244085 1.398363
v 0.0394069 0.1351767 1.418486
v 0.02554683 0.1508493 1.415981
v 0.01341926 0.125608 1.387488
v 0.009661041 0.1364295 1.400149
v 0.006409258 0.1257146 1.389247
v 0.01952302 0.1191577 1.387914
v 0.01307276 0.118518 1.379732
v 0.01539166 0.1162258 1.380345
v 0.007955186 0.1192377 1.380478
v 0.01384572 0.1488502 1.415208
v 0.01464534 0.116359 1.375494
v 0.01581812 0.1152396 1.375787
v 0.01211321 0.1167055 1.375893
v 0.04236549 0.1453319 1.43296
v 0.03026458 0.1612444 1.43288
v 0.04228553 0.1538346 1.456548
v 0.03045116 0.1672148 1.454976
v 0.01880337 0.1679878 1.453377
v 0.01696424 0.1587922 1.429095
v 0.04057968 0.1580992 1.480803
v 0.03039785 0.1684942 1.480484
v 0.01930979 0.1711063 1.48035
v 0.02850541 0.1600183 1.507191
v 0.04551066 0.1533814 1.505485
v 0.01661774 0.1617508 1.506925
v 0.01853682 0.1167055 1.371282
v 0.01661774 0.1617508 1.506925
v 0.02941165 0.1572196 1.505805
v 0.01930979 0.1711063 1.48035
v 0.04057968 0.1580992 1.480803
v 0.01880337 0.1679878 1.453377
v 0.04228553 0.1538346 1.456548
v 0.01696424 0.1587922 1.429095
v 0.04236549 0.1453319 1.43296
v 0.01384572 0.1488502 1.415208
v 0.0394069 0.1351767 1.418486
v 0.0274126 0.1244085 1.398363
v 0.009661041 0.1364295 1.400149
v 0.006409258 0.1257146 1.389247
v 0.01952302 0.1191577 1.387914
v 0.007955186 0.1192377 1.380478
v 0.01539166 0.1162258 1.380345
v 0.01211321 0.1167055 1.375893
v 0.01581812 0.1152396 1.375787
v 0.01853682 0.1167055 1.371282
v 0.04551066 0.1533814 1.505485
v -0.03671691 0.1623638 1.439996
v -0.02109766 0.1692139 1.443355
v -0.01989824 0.1646827 1.427042
v -0.02816097 0.1614043 1.424697
v -0.04180782 0.162737 1.457028
v -0.01984492 0.1713462 1.45972
v -0.01747271 0.1595385 1.416674
v -0.04559268 0.1607912 1.480137
v -0.01811242 0.1722524 1.481417
v -0.01558028 0.1610311 1.506605
v -0.04559268 0.1539412 1.504792
v 0.03269009 0.1657755 1.443088
v 0.04383146 0.1566599 1.441062
v 0.03237025 0.1561268 1.424617
v 0.02693283 0.1601249 1.42603
v 0.03412941 0.1673215 1.459854
v 0.04838929 0.1573262 1.459187
v 0.02021603 0.1545542 1.415688
v 0.04854922 0.1580992 1.480617
v 0.03269009 0.1673481 1.481337
v 0.04551066 0.1533814 1.505485
v 0.02850541 0.1600183 1.507191
v -0.01883207 0.1658022 1.436611
v 0.001851425 0.1636965 1.435385
v -0.009849682 0.1561268 1.415181
v -0.0196317 0.157726 1.416327
v -0.01797915 0.1699602 1.456095
v 0.008248381 0.1698003 1.455456
v -0.02211051 0.1479707 1.404413
v -0.01683302 0.1707065 1.48115
v 0.01267295 0.1713462 1.479951
v -4.1008E-05 0.1619374 1.506791
v -0.01558028 0.1610311 1.506605
v 0.01661774 0.1617508 1.506925
v 0.02090903 0.1489035 1.425337
v 0.01174006 0.1605513 1.424564
v 0.005423062 0.1450121 1.406279
v 0.0133926 0.1361896 1.406146
v 0.02658633 0.1608979 1.454443
v 0.01685762 0.166975 1.453856
v -0.003399409 0.1255013 1.392792
v -0.006917737 0.1427998 1.409291
v -0.008570284 0.1258212 1.394711
v -0.01240847 0.1111615 1.385196
v 0.000998497 0.1223828 1.391912
v -0.001720212 0.1687341 1.455536
v -0.004625492 0.1583657 1.427815
v -0.002306595 0.1695604 1.48059
v 0.01997614 0.168361 1.48043
v 0.01661774 0.1617508 1.506925
v -4.1008E-05 0.1619374 1.506791
v 0.02941165 0.1572196 1.505805
v 0.02845211 0.1642296 1.480111
v 0.0133926 0.1361896 1.406146
v 0.000998497 0.1223828 1.391912
v -0.008570284 0.1258212 1.394711
v -0.006917737 0.1427998 1.409291
v 0.02090903 0.1489035 1.425337
v -0.004625492 0.1583657 1.427815
v -0.01240847 0.1111615 1.385196
v 0.02658633 0.1608979 1.454443
v -0.001720212 0.1687341 1.455536
v 0.02845211 0.1642296 1.480111
v -0.002306595 0.1695604 1.48059
v -4.1008E-05 0.1619374 1.506791
v 0.02941165 0.1572196 1.505805
v 0.04870914 -0.04084621 1.536484
v 0.04569724 -0.04193903 1.536137
v 0.04359157 -0.04188572 1.554635
v 0.04684336 -0.04164583 1.555328
v 0.03964678 -0.0407396 1.573559
v 0.04223222 -0.04089952 1.574492
v 0.03375626 -0.03770104 1.589019
v 0.03583527 -0.03740785 1.590511
v 0.0246939 -0.03077101 1.601626
v 0.02650636 -0.03047781 1.605251
v 0.01512511 -0.02346781 1.610342
v 0.01709751 -0.02373435 1.615593
v 0.008221731 -0.01717747 1.613647
v 0.008328348 -0.01587143 1.620977
v -4.1008E-05 -0.01096709 1.615993
v 0.02253492 -0.01232644 1.619111
v 0.03650162 -0.02016272 1.609622
v 0.0420723 -0.01203325 1.61458
v 0.04886907 -0.02472055 1.595176
v 0.05694523 -0.01075386 1.599494
v 0.04420462 0.004892036 1.617938
v 0.06057017 -0.0001189187 1.602559
v 0.06734028 -0.008861423 1.581502
v 0.07299092 0.003825873 1.584887
v 0.06352876 0.009236634 1.605011
v 0.07706899 0.01443416 1.587659
v 0.08319941 0.005904891 1.562232
v 0.08711755 0.01936515 1.564444
v 0.07520321 0.02573545 1.587926
v 0.085465 0.03317192 1.565883
v 0.0621161 0.01915193 1.603332
v 0.07576294 -0.008701503 1.559699
v 0.0825064 -0.007741958 1.537816
v 0.06734028 -0.02725268 1.537417
v 0.063742 -0.02855872 1.557887
v 0.07005899 -0.0250404 1.516546
v 0.08474534 -0.006542526 1.5154
v 0.07131173 -0.02344116 1.498528
v 0.08399903 -0.005129866 1.498022
v 0.08639789 0.008250438 1.538403
v 0.08863682 0.009263292 1.515934
v 0.08858351 0.0103561 1.497995
v 0.08327937 -0.004410207 1.478405
v 0.08757067 0.01070261 1.478191
v 0.07112515 -0.02178861 1.478724
v 0.08050735 -0.005263135 1.46004
v 0.06875294 -0.02029599 1.460253
v 0.05569249 -0.02669294 1.460653
v 0.05697188 -0.02986477 1.479151
v 0.08559827 0.009076715 1.459774
v 0.06488812 -0.0217353 1.438077
v 0.05164108 -0.02517366 1.438264
v 0.07557636 -0.008434959 1.437198
v 0.08034743 0.004838727 1.436824
v 0.05993047 -0.0250937 1.416088
v 0.04793618 -0.02490713 1.415555
v 0.06888622 -0.01539166 1.414462
v 0.05638549 -0.02949161 1.393485
v 0.04591047 -0.02647971 1.390926
v 0.06435503 -0.02186857 1.393165
v 0.07293762 -0.002117962 1.413182
v 0.06803329 -0.01043401 1.39074
v 0.06366204 -0.0213888 1.364992
v 0.06070344 -0.03173055 1.367604
v 0.05462633 -0.03786097 1.367764
v 0.05953066 -0.03967344 1.347347
v 0.05390667 -0.0430585 1.347507
v 0.04287192 -0.03181051 1.365685
v 0.04252542 -0.03634169 1.344175
v 0.063742 -0.030078 1.345215
v 0.0607834 -0.04348496 1.333913
v 0.05702519 -0.04625697 1.334047
v 0.06062348 -0.04817607 1.326237
v 0.0634488 -0.04636359 1.32613
v 0.0460704 -0.03892713 1.331514
v 0.05372009 -0.04103279 1.322532
v 0.06622082 -0.03479576 1.332261
v 0.06885956 -0.0381275 1.324265
v 0.06206279 -0.04279196 1.315096
v 0.06696713 -0.04945546 1.317681
v 0.06973915 -0.04428458 1.309338
v 0.07309754 -0.05025508 1.309498
v 0.08197333 -0.04601709 1.301609
v 0.0827996 -0.04969534 1.302222
v 0.09004948 -0.04615036 1.29881
v 0.09119561 -0.04822937 1.29889
v 0.09522036 -0.04529743 1.298357
v 0.09564682 -0.0467634 1.29801
v 0.09135553 -0.04623032 1.299663
v 0.09601998 -0.0454307 1.29857
v 0.08437219 -0.04591047 1.303608
v 0.07826842 -0.04369819 1.310005
v 0.1011109 -0.04428458 1.298517
v 0.07325747 -0.04127268 1.316002
v 0.06696713 -0.04945546 1.317681
v 0.06696713 -0.04945546 1.317681
v 0.06104994 -0.02176195 1.57953
v 0.05822462 -0.02757253 1.57865
v 0.06230268 -0.01771055 1.578677
v 0.05324032 -0.03655493 1.517346
v 0.05515941 -0.03455587 1.501327
v 0.04559062 -0.03914036 1.517639
v 0.05017512 -0.03695473 1.503166
v 0.05515941 -0.03455587 1.501327
v 0.05385336 -0.0340761 1.49573
v 0.05665203 -0.03138405 1.494557
v 0.05857112 -0.02666629 1.48824
v 0.06451496 -0.0150718 1.580596
v 0.09274153 0.02288347 1.540535
v 0.09500713 0.02578877 1.51692
v 0.08695762 0.008676901 1.515587
v 0.08549165 0.007184282 1.538563
v 0.09228842 0.03842276 1.542374
v 0.0961799 0.04146132 1.518732
v 0.09290146 0.02621523 1.497756
v 0.08450545 0.009743065 1.497036
v 0.0874907 0.02504246 1.477898
v 0.07904138 0.01110241 1.478218
v 0.09263492 0.04119477 1.498342
v 0.08770394 0.03279877 1.478511
v 0.07920131 0.02163075 1.459827
v 0.07117846 0.009263292 1.46084
v 0.07946785 0.02720143 1.459694
v 0.04961538 0.003426068 1.42491
v 0.08781055 0.03895584 1.478645
v 0.08109374 0.03559743 1.459454
v 0.02312131 0.00190679 1.625855
v 0.02309465 0.008783519 1.62183
v 0.04321842 0.01347461 1.61482
v 0.01054063 0.006278045 1.622416
v 0.01062059 6.766617E-05 1.626468
v -4.1008E-05 0.004465573 1.622256
v -4.1008E-05 -0.001105115 1.625188
v 0.01024743 -0.00896804 1.620844
v -4.1008E-05 -0.009181276 1.620524
v 0.07946785 0.02720143 1.459694
v 0.07117846 0.009263292 1.46084
v 0.04961538 0.003426068 1.42491
v 0.07904138 0.01110241 1.478218
v 0.08770394 0.03279877 1.478511
v 0.08450545 0.009743065 1.497036
v 0.08109374 0.03559743 1.459454
v 0.08781055 0.03895584 1.478645
v 0.086158 0.03589062 1.478591
v 0.09263492 0.04119477 1.498342
v 0.08450545 0.009743065 1.497036
v 0.08695762 0.008676901 1.515587
v 0.0961799 0.04146132 1.518732
v 0.08940979 0.02418953 1.540562
v 0.08549165 0.007184282 1.538563
v 0.08319941 0.005904891 1.562232
v 0.08770394 0.03279877 1.478511
v 0.08109374 0.03559743 1.459454
v 0.086158 0.03589062 1.478591
v 0.08437219 -0.04591047 1.303608
v 0.08197333 -0.04601709 1.301609
v 0.09004948 -0.04615036 1.29881
v 0.09135553 -0.04623032 1.299663
v 0.07826842 -0.04369819 1.310005
v 0.06973915 -0.04428458 1.309338
v 0.09522036 -0.04529743 1.298357
v 0.09601998 -0.0454307 1.29857
v 0.1011109 -0.04428458 1.298517
v 0.07325747 -0.04127268 1.316002
v 0.06206279 -0.04279196 1.315096
v 0.06885956 -0.0381275 1.324265
v 0.05372009 -0.04103279 1.322532
v 0.06622082 -0.03479576 1.332261
v 0.0460704 -0.03892713 1.331514
v 0.063742 -0.030078 1.345215
v 0.04252542 -0.03634169 1.344175
v 0.05843785 -0.02432074 1.364672
v 0.04287192 -0.03181051 1.365685
v 0.06366204 -0.0213888 1.364992
v 0.05638549 -0.01699089 1.390846
v 0.06803329 -0.01043401 1.39074
v 0.05566584 -0.01187333 1.415101
v 0.07293762 -0.002117962 1.413182
v 0.04793618 -0.02490713 1.415555
v 0.04591047 -0.02647971 1.390926
v 0.05761158 -0.009874277 1.437971
v 0.06182291 -0.005103208 1.414968
v 0.08034743 0.004838727 1.436824
v 0.06001044 -0.008728154 1.46068
v 0.08559827 0.009076715 1.459774
v 0.06168964 -0.009048 1.478858
v 0.08757067 0.01070261 1.478191
v 0.08858351 0.0103561 1.497995
v 0.06160967 -0.0107272 1.498528
v 0.08863682 0.009263292 1.515934
v 0.06214276 -0.01293948 1.516333
v 0.08639789 0.008250438 1.538403
v 0.05761158 -0.01150017 1.537203
v 0.05569249 -0.02669294 1.460653
v 0.05164108 -0.02517366 1.438264
v 0.05697188 -0.02986477 1.479151
v 0.05515941 -0.03455587 1.501327
v 0.05324032 -0.03655493 1.517346
v 0.0403931 -0.03386287 1.538216
v 0.04628363 -0.03487572 1.551357
v 0.08319941 0.005904891 1.562232
v 0.04921557 -0.01717747 1.416487
v 0.04793618 -0.02490713 1.415555
v 0.05566584 -0.01187333 1.415101
v 0.07293762 -0.002117962 1.413182
v 0.05134789 -0.0327434 1.503006
v 0.05324032 -0.03655493 1.517346
v 0.04452447 -0.03410275 1.518759
v 0.0403931 -0.03386287 1.538216
v 0.05324032 -0.03655493 1.517346
v 0.05134789 -0.0327434 1.503006
v 0.05515941 -0.03455587 1.501327
v 0.04452447 -0.03410275 1.518759
v 0.04559062 -0.03914036 1.517639
v 0.05017512 -0.03695473 1.503166
v 0.05134789 -0.0327434 1.503006
v 0.05385336 -0.0340761 1.49573
v 0.05403994 -0.03261013 1.495996
v 0.05857112 -0.02666629 1.48824
v 0.04569724 -0.04193903 1.536137
v 0.0403931 -0.03386287 1.538216
v 0.04628363 -0.03487572 1.551357
v 0.05403994 -0.03261013 1.495996
v 0.05665203 -0.03138405 1.494557
v 0.05515941 -0.03455587 1.501327
v 0.05134789 -0.0327434 1.503006
v 0.05857112 -0.02666629 1.48824
v 0.08319941 0.005904891 1.562232
v 0.03109086 -0.02160203 1.561965
v 0.04628363 -0.03487572 1.551357
v 0.05515941 -0.03455587 1.501327
v 0.06214276 -0.01293948 1.516333
v 0.05324032 -0.03655493 1.517346
v 0.04359157 -0.04188572 1.554635
v 0.04569724 -0.04193903 1.536137
v 0.04628363 -0.03487572 1.551357
v 0.08450545 0.009743065 1.497036
v 0.08770394 0.03279877 1.478511
v 0.086158 0.03589062 1.478591
v 0.05635884 -0.01315272 1.390606
v 0.05763823 -0.01736405 1.377066
v 0.05683861 -0.01144686 1.375813
v 0.05705184 -0.007182226 1.38946
v 0.05873105 -0.01477861 1.364645
v 0.05977055 -0.02064249 1.365978
v 0.06803329 -0.01589808 1.366111
v 0.06872629 -0.01208656 1.3768
v 0.0611299 -0.01949637 1.354064
v 0.06243595 -0.0250937 1.35489
v 0.0647815 -0.0220285 1.34708
v 0.06787336 -0.0210956 1.355956
v 0.06859303 -0.02341451 1.348706
v 0.06861968 -0.02269485 1.34159
v 0.06531458 -0.0270128 1.345535
v 0.06920606 -0.02591998 1.338951
v 0.07152496 -0.02133549 1.338978
v 0.07069869 -0.02352112 1.342336
v 0.07280435 -0.02146877 1.339218
v 0.07243119 -0.02320127 1.336286
v 0.07626937 -0.01757728 1.335939
v 0.07656257 -0.01859013 1.334873
v 0.08061397 -0.01379241 1.33434
v 0.07690907 -0.01776386 1.336019
v 0.05635884 -0.01315272 1.390606
v 0.0694726 -0.005956143 1.39098
v 0.06872629 -0.01208656 1.3768
v 0.05763823 -0.01736405 1.377066
v 0.06803329 -0.01589808 1.366111
v 0.05977055 -0.02064249 1.365978
v 0.06787336 -0.0210956 1.355956
v 0.06243595 -0.0250937 1.35489
v 0.06859303 -0.02341451 1.348706
v 0.06531458 -0.0270128 1.345535
v 0.07069869 -0.02352112 1.342336
v 0.06920606 -0.02591998 1.338951
v 0.07280435 -0.02146877 1.339218
v 0.07243119 -0.02320127 1.336286
v 0.07656257 -0.01859013 1.334873
v 0.07690907 -0.01776386 1.336019
v 0.08061397 -0.01379241 1.33434
v 0.05566584 -0.01187333 1.415101
v 0.07293762 -0.002117962 1.413182
v 0.06182291 -0.005103208 1.414968
v 0.0694726 -0.005956143 1.39098
v 0.07293762 -0.002117962 1.413182
v 0.05566584 -0.01187333 1.415101
v 0.04561728 -0.02512036 1.392979
v 0.04212561 -0.02858538 1.372962
v 0.04100614 -0.02258823 1.370803
v 0.04428458 -0.01848351 1.393272
v 0.04100614 -0.03061108 1.356036
v 0.04028648 -0.02482717 1.353797
v 0.04902899 -0.02346781 1.367178
v 0.04687002 -0.02631979 1.351318
v 0.04793618 -0.02490713 1.415555
v 0.04921557 -0.01717747 1.416487
v 0.05566584 -0.01187333 1.415101
v 0.05321367 -0.0166977 1.390873
v 0.04076625 -0.0314107 1.337378
v 0.04177911 -0.03666154 1.337885
v 0.04233884 -0.03828743 1.323705
v 0.04313846 -0.04257873 1.323625
v 0.0457772 -0.03319652 1.336525
v 0.04588382 -0.03996664 1.324025
v 0.04524413 -0.04049972 1.314163
v 0.04615036 -0.04383146 1.314696
v 0.04881576 -0.04156587 1.308832
v 0.04934884 -0.04407135 1.309552
v 0.04777625 -0.04199234 1.315336
v 0.05054827 -0.04260538 1.310138
v 0.05595903 -0.04249876 1.304514
v 0.05595903 -0.0437515 1.304541
v 0.06216941 -0.04316511 1.304008
v 0.05622557 -0.0431118 1.304994
v 0.05321367 -0.0166977 1.390873
v 0.04902899 -0.02346781 1.367178
v 0.04212561 -0.02858538 1.372962
v 0.04561728 -0.02512036 1.392979
v 0.04100614 -0.03061108 1.356036
v 0.04687002 -0.02631979 1.351318
v 0.04793618 -0.02490713 1.415555
v 0.05566584 -0.01187333 1.415101
v 0.04177911 -0.03666154 1.337885
v 0.0457772 -0.03319652 1.336525
v 0.04588382 -0.03996664 1.324025
v 0.04313846 -0.04257873 1.323625
v 0.04777625 -0.04199234 1.315336
v 0.04615036 -0.04383146 1.314696
v 0.04934884 -0.04407135 1.309552
v 0.05054827 -0.04260538 1.310138
v 0.05595903 -0.0437515 1.304541
v 0.05622557 -0.0431118 1.304994
v 0.06216941 -0.04316511 1.304008
v 0.06864633 -0.02141546 1.55858
v 0.06104994 -0.02176195 1.57953
v 0.06451496 -0.0150718 1.580596
v 0.07275105 -0.01528504 1.559006
v 0.07352401 -0.02013607 1.537523
v 0.07765538 -0.01453873 1.537523
v 0.07632267 -0.0177372 1.51644
v 0.08090717 -0.01307276 1.516173
v 0.0787482 -0.01592473 1.498155
v 0.08357257 -0.01150017 1.497995
v 0.07976104 -0.01229979 1.478724
v 0.08418561 -0.008248381 1.478511
v 0.07976104 -0.008088462 1.459534
v 0.08381245 -0.004570134 1.459294
v 0.0811204 -0.005503021 1.437198
v 0.08442549 -0.001744807 1.437144
v 0.08303948 -0.005503021 1.415821
v 0.08426557 -0.001744807 1.415954
v 0.08194667 -0.003957093 1.398896
v 0.08255971 -0.007741958 1.398416
v 0.07816181 -0.007928535 1.384449
v 0.079148 -0.01099374 1.384156
v 0.072831 -0.01283287 1.372775
v 0.07309754 -0.01435215 1.373308
v 0.06432839 -0.01933645 1.362966
v 0.06230268 -0.01771055 1.578677
v 0.06104994 -0.02176195 1.57953
v 0.06864633 -0.02141546 1.55858
v 0.07032553 -0.01811036 1.55874
v 0.07275105 -0.01528504 1.559006
v 0.07437694 -0.01661774 1.537497
v 0.07765538 -0.01453873 1.537523
v 0.07738884 -0.014672 1.516307
v 0.08090717 -0.01307276 1.516173
v 0.06451496 -0.0150718 1.580596
v 0.07632267 -0.0177372 1.51644
v 0.0787482 -0.01592473 1.498155
v 0.07994762 -0.01299279 1.498075
v 0.07976104 -0.01229979 1.478724
v 0.08074725 -0.009554431 1.478618
v 0.07352401 -0.02013607 1.537523
v 0.08357257 -0.01150017 1.497995
v 0.08418561 -0.008248381 1.478511
v 0.08056066 -0.005609639 1.4594
v 0.08381245 -0.004570134 1.459294
v 0.07976104 -0.008088462 1.459534
v 0.0811204 -0.005503021 1.437198
v 0.08122701 -0.002757661 1.437304
v 0.08442549 -0.001744807 1.437144
v 0.08152021 -0.002437815 1.416194
v 0.08426557 -0.001744807 1.415954
v 0.08303948 -0.005503021 1.415821
v 0.07952116 -0.004383557 1.399456
v 0.08255971 -0.007741958 1.398416
v 0.07592287 -0.008008495 1.385116
v 0.079148 -0.01099374 1.384156
v 0.07096523 -0.01245971 1.373388
v 0.072831 -0.01283287 1.372775
v 0.07816181 -0.007928535 1.384449
v 0.07309754 -0.01435215 1.373308
v 0.06432839 -0.01933645 1.362966
v 0.08194667 -0.003957093 1.398896
v 0.1004978 0.07779071 1.493011
v 0.09975154 0.07784401 1.472674
v 0.1027634 0.06267789 1.472487
v 0.1020171 0.06067884 1.492665
v 0.09231508 0.04804485 1.472727
v 0.09268823 0.04468645 1.493064
v 0.1000714 0.05420192 1.455935
v 0.1066016 0.06457032 1.458467
v 0.09911184 0.09458272 1.494344
v 0.1017506 0.09636854 1.472754
v 0.1057487 0.09412961 1.455376
v 0.09732603 0.0727531 1.456948
v 0.107188 0.08706629 1.442315
v 0.09594002 0.06678261 1.446073
v 0.1011909 0.1106018 1.455696
v 0.09980485 0.1139069 1.473767
v 0.09964492 0.09986021 1.440583
v 0.09503378 0.0864266 1.430961
v 0.1051623 0.07907009 1.43264
v 0.09474058 0.05990587 1.437278
v 0.1004978 0.06755558 1.423604
v 0.09124891 0.05230948 1.426723
v 0.09388766 0.05859983 1.415181
v 0.08658446 0.0467921 1.415501
v 0.09348785 0.1110815 1.496556
v 0.08543834 0.1291796 1.475899
v 0.08757067 0.1274471 1.457535
v 0.1013774 0.113667 1.455855
v 0.08746405 0.1188912 1.441142
v 0.1012975 0.1068702 1.44021
v 0.09831222 0.0961553 1.429281
v 0.09503378 0.0864266 1.430961
v 0.09364778 0.08317481 1.420592
v 0.08959637 0.07190017 1.422618
v 0.08890337 0.07629807 1.414835
v 0.0818134 0.0660896 1.414782
v 0.08050735 0.1257146 1.499168
v 0.08192001 0.08967838 1.419633
v 0.07952116 0.08312151 1.414248
v 0.08170678 0.1186246 1.425363
v 0.0797877 0.1058041 1.426962
v 0.07653591 0.1072167 1.416381
v 0.07269774 0.09684831 1.417394
v 0.06864633 0.1176651 1.42491
v 0.06566108 0.1060439 1.415261
v 0.06797998 0.09722146 1.407905
v 0.06171629 0.09780785 1.407238
v 0.06259587 0.09325002 1.401801
v 0.05995713 0.09538233 1.401561
v 0.05886431 0.09287687 1.396604
v 0.05753161 0.09394303 1.396497
v 0.06440835 0.08975835 1.409051
v 0.06030363 0.08855891 1.402414
v 0.05763823 0.09490256 1.391006
v 0.05771819 0.09050466 1.396923
v 0.1134783 0.06419717 1.43925
v 0.1080409 0.05947942 1.44618
v 0.1107063 0.06616956 1.448712
v 0.1148643 0.06920812 1.440636
v 0.1108129 0.07565838 1.441622
v 0.1068415 0.07480545 1.449005
v 0.1027368 0.07528523 1.459747
v 0.1134783 0.07653797 1.436451
v 0.1164902 0.0717136 1.434719
v 0.1160105 0.07517861 1.429548
v 0.114278 0.07856368 1.430561
v 0.1153441 0.07347275 1.429042
v 0.115664 0.06838185 1.433812
v 0.1132918 0.08282831 1.422245
v 0.09386101 0.0690482 1.422565
v 0.08959637 0.07190017 1.422618
v 0.08482531 0.06278451 1.414275
v 0.09388766 0.05859983 1.415181
v 0.08775724 0.05604105 1.405932
v 0.08157352 0.05846655 1.406332
v 0.08402568 0.05478831 1.399589
v 0.07920131 0.0564142 1.399749
v 0.0801342 0.05452177 1.393272
v 0.07765538 0.05494823 1.393139
v 0.07808185 0.05438849 1.385169
v 0.09503378 0.0864266 1.430961
v 0.0370347 0.1004733 1.385409
v 0.03783432 0.09783451 1.385142
v 0.04369819 0.0974347 1.3905
v 0.04236549 0.1027122 1.391193
v 0.03530218 0.09890066 1.381464
v 0.03460918 0.10034 1.381331
v 0.03114416 0.1011129 1.386209
v 0.03125077 0.10026 1.381224
v 0.03543545 0.1011396 1.375787
v 0.05233409 0.1006332 1.399162
v 0.04878911 0.10727 1.398843
v 0.03586192 0.1088693 1.400762
v 0.03316987 0.1034585 1.391859
v -4.1008E-05 0.01725949 1.626441
v 0.01054063 0.006278045 1.622416
v -4.1008E-05 0.004465573 1.622256
v 0.08402568 0.05478831 1.399589
v 0.08072059 0.04764503 1.398763
v 0.08274629 0.04601915 1.405453
v 0.08775724 0.05604105 1.405932
v 0.0801342 0.05452177 1.393272
v 0.07853496 0.05025713 1.392126
v 0.07808185 0.05438849 1.385169
v 0.08045405 0.08088256 1.393139
v 0.07778865 0.07805724 1.397163
v 0.0760828 0.07883021 1.397057
v 0.07754876 0.07656462 1.396497
v 0.07421701 0.07805724 1.403374
v 0.07861492 0.07533854 1.403001
v 0.07696237 0.07984306 1.409451
v 0.08341264 0.07509865 1.408918
v 0.07797523 0.06739564 1.407745
v 0.07594952 0.07123382 1.401881
v 0.08522511 0.1040182 1.428588
v 0.04455112 0.05633424 1.454923
v 0.06243595 0.07240659 1.458174
v 0.05084147 0.07701774 1.443728
v 0.04249876 0.05833329 1.443381
v 0.06057017 0.05300249 1.471714
v 0.08501188 0.07805724 1.482669
v 0.06931268 0.04378021 1.487121
v 0.0764826 0.09551561 1.469342
v 0.03402279 0.06401059 1.431893
v 0.03591523 0.07264648 1.431494
v 0.02386762 0.0728064 1.420059
v 0.03634169 0.0840544 1.434692
v 0.02309465 0.07563174 1.427975
v 0.02384097 0.08749276 1.426456
v 0.01861679 0.07856368 1.420486
v 0.01485857 0.08842565 1.421072
v 0.023068 0.1012995 1.427549
v -4.1008E-05 0.09460938 1.417847
v -4.1008E-05 0.09439614 1.417794
v 0.04097948 0.1157726 1.447459
v 0.02520032 0.1146265 1.436158
v 0.0133926 0.07915005 1.414782
v 0.0574783 0.1103086 1.461453
v -4.1008E-05 0.1053509 1.424084
v -4.1008E-05 0.1052443 1.424031
v -4.1008E-05 0.08072264 1.415528
v -4.1008E-05 0.08528048 1.417874
v -4.1008E-05 0.08053607 1.415395
v 0.1027368 0.07528523 1.459747
v 0.1000714 0.05420192 1.455935
v 0.1080409 0.05947942 1.44618
v 0.1068415 0.07480545 1.449005
v 0.09975154 0.07784401 1.472674
v 0.09231508 0.04804485 1.472727
v 0.09551355 0.06110531 1.497649
v 0.09268823 0.04468645 1.493064
v 0.0961799 0.04146132 1.518732
v 0.1134783 0.06419717 1.43925
v 0.1108129 0.07565838 1.441622
v 0.115664 0.06838185 1.433812
v 0.1134783 0.07653797 1.436451
v 0.1153441 0.07347275 1.429042
v 0.114278 0.07856368 1.430561
v 0.1132918 0.08282831 1.422245
v 0.09124891 0.05230948 1.426723
v 0.08658446 0.0467921 1.415501
v 0.08482531 0.06278451 1.414275
v 0.08959637 0.07190017 1.422618
v 0.09474058 0.05990587 1.437278
v 0.08522511 0.1040182 1.428588
v 0.08746405 0.1188912 1.441142
v 0.09594002 0.06678261 1.446073
v 0.08192001 0.08967838 1.419633
v 0.07952116 0.08312151 1.414248
v 0.0818134 0.0660896 1.414782
v 0.09732603 0.0727531 1.456948
v 0.07696237 0.07984306 1.409451
v 0.07797523 0.06739564 1.407745
v 0.07594952 0.07123382 1.401881
v 0.07421701 0.07805724 1.403374
v 0.07754876 0.07656462 1.396497
v 0.0760828 0.07883021 1.397057
v 0.08045405 0.08088256 1.393139
v 0.03815416 0.10026 1.413129
v 0.06049021 0.1090025 1.410224
v 0.05233409 0.1006332 1.399162
v 0.03599519 0.09594207 1.402387
v 0.04369819 0.0974347 1.3905
v 0.03332979 0.09439614 1.391939
v 0.03783432 0.09783451 1.385142
v 0.03165059 0.09567553 1.385649
v 0.03530218 0.09890066 1.381464
v 0.03178386 0.09780785 1.381304
v 0.03543545 0.1011396 1.375787
v 0.04097948 0.1157726 1.447459
v 0.0687796 0.1229959 1.425496
v 0.02520032 0.1146265 1.436158
v 0.05662538 0.1250749 1.444581
v 0.07096523 0.1340839 1.441755
v 0.03586192 0.1088693 1.400762
v 0.03618177 0.1187845 1.410624
v 0.03815416 0.10026 1.413129
v 0.03599519 0.09594207 1.402387
v 0.03316987 0.1034585 1.391859
v 0.03332979 0.09439614 1.391939
v 0.02520032 0.1146265 1.436158
v 0.03114416 0.1011129 1.386209
v 0.03165059 0.09567553 1.385649
v 0.03178386 0.09780785 1.381304
v 0.03125077 0.10026 1.381224
v 0.03543545 0.1011396 1.375787
v 0.08501188 0.07805724 1.482669
v 0.09732603 0.0727531 1.456948
v 0.0764826 0.09551561 1.469342
v 0.08746405 0.1188912 1.441142
v 0.07008564 0.1136403 1.453083
v 0.07083195 0.1240354 1.447166
v 0.0574783 0.1103086 1.461453
v 0.05662538 0.1250749 1.444581
v 0.07096523 0.1340839 1.441755
v 0.05662538 0.1250749 1.444581
v 0.04097948 0.1157726 1.447459
v 0.07901473 0.04433994 1.492824
v 0.09551355 0.06110531 1.497649
v 0.08501188 0.07805724 1.482669
v 0.08223987 0.02357648 1.506151
v 0.08042739 0.03511766 1.498742
v 0.07064538 0.02861409 1.49581
v 0.07184481 0.01507387 1.503593
v 0.0961799 0.04146132 1.518732
v 0.07901473 0.04433994 1.492824
v 0.01861679 0.07856368 1.420486
v 0.01110036 0.07403249 1.437278
v 0.02309465 0.07563174 1.427975
v 0.03402279 0.06401059 1.431893
v -4.1008E-05 0.07677785 1.435812
v -4.1008E-05 0.0767512 1.435838
v 0.03183717 0.06217146 1.446713
v 0.04249876 0.05833329 1.443381
v 0.04455112 0.05633424 1.454923
v -4.1008E-05 0.0767512 1.435838
v 0.0133926 0.07915005 1.414782
v -4.1008E-05 0.08053607 1.415395
v 0.02309465 0.07563174 1.427975
v 0.03402279 0.06401059 1.431893
v 0.02386762 0.0728064 1.420059
v 0.09551355 0.06110531 1.497649
v 0.09215515 0.0466855 1.495783
v 0.0961799 0.04146132 1.518732
v 0.03591523 0.07264648 1.431494
v 0.02309465 0.07563174 1.427975
v 0.02386762 0.0728064 1.420059
v 0.07808185 0.05438849 1.385169
v 0.07765538 0.05494823 1.393139
v 0.07853496 0.05025713 1.392126
v 0.08072059 0.04764503 1.398763
v 0.07920131 0.0564142 1.399749
v 0.08274629 0.04601915 1.405453
v 0.08157352 0.05846655 1.406332
v 0.06440835 0.08975835 1.409051
v 0.06030363 0.08855891 1.402414
v 0.05995713 0.09538233 1.401561
v 0.06171629 0.09780785 1.407238
v 0.05771819 0.09050466 1.396923
v 0.05753161 0.09394303 1.396497
v 0.05763823 0.09490256 1.391006
v 0.07269774 0.09684831 1.417394
v 0.06566108 0.1060439 1.415261
v 0.0797877 0.1058041 1.426962
v 0.06864633 0.1176651 1.42491
v 0.08746405 0.1188912 1.441142
v 0.07096523 0.1340839 1.441755
v 0.02520032 0.1146265 1.436158
v 0.03618177 0.1187845 1.410624
v 0.01816367 0.1033519 1.392179
v -4.1008E-05 0.09711485 1.392499
v 0.005289793 0.1044714 1.377279
v 0.09551355 0.06110531 1.497649
v 0.09975154 0.07784401 1.472674
v 0.08501188 0.07805724 1.482669
v 0.08501188 0.07805724 1.482669
v 0.09975154 0.07784401 1.472674
v 0.09732603 0.0727531 1.456948
v -4.1008E-05 0.1053509 1.424084
v -4.1008E-05 0.09711485 1.392499
v -4.1008E-05 0.09751466 1.394311
v -4.1008E-05 0.09711485 1.392499
v -4.1008E-05 0.1053509 1.424084
v 0.02520032 0.1146265 1.436158
v -4.1008E-05 0.09711485 1.392499
v -4.1008E-05 0.1010063 1.376826
v -4.1008E-05 0.09716816 1.392232
v -4.1008E-05 0.1010063 1.376826
v -4.1008E-05 0.09711485 1.392499
v 0.005289793 0.1044714 1.377279
v -4.1008E-05 0.1097222 1.370696
v -4.1008E-05 0.1010063 1.376826
v 0.005289793 0.1044714 1.377279
v 0.07901473 0.04433994 1.492824
v 0.07181816 0.04234089 1.474593
v 0.06931268 0.04378021 1.487121
v 0.08418561 0.04780497 1.475419
v 0.07389717 0.03639705 1.462146
v 0.08940979 0.04695204 1.458094
v 0.09012945 0.03890254 1.445114
v 0.07427032 0.02733469 1.450365
v 0.08605139 0.02760124 1.434452
v 0.07299092 0.01803245 1.43965
v 0.08069393 0.01803245 1.422858
v 0.06853971 0.009769723 1.425736
v 0.07021891 0.01115572 1.409984
v 0.06147641 0.00606481 1.41089
v 0.05284051 0.007770665 1.394924
v 0.08940979 0.04695204 1.458094
v 0.09066252 0.06102534 1.455802
v 0.0881304 0.0507369 1.441755
v 0.09012945 0.03890254 1.445114
v 0.08397238 0.03892918 1.430214
v 0.08605139 0.02760124 1.434452
v 0.07776199 0.02840085 1.420539
v 0.08069393 0.01803245 1.422858
v 0.07027222 0.01515383 1.409531
v 0.07021891 0.01115572 1.409984
v 0.05284051 0.007770665 1.394924
v 0.08418561 0.04780497 1.475419
v 0.0888234 0.07123382 1.469289
v 0.08501188 0.07805724 1.482669
v 0.07901473 0.04433994 1.492824
v 0.08693097 0.07195348 1.435838
v 0.09540693 0.05718717 1.439197
v 0.0938077 0.06544991 1.454683
v 0.08693097 0.0807493 1.45255
v 0.08343929 0.05915956 1.423124
v 0.09298143 0.04817812 1.426616
v 0.07749546 0.0457526 1.414542
v 0.08594477 0.03866264 1.417127
v 0.07424366 0.03101295 1.41129
v 0.07088526 0.03645036 1.41017
v 0.06411515 0.02653508 1.400948
v 0.09036933 0.07339279 1.468756
v 0.0865045 0.08104248 1.467636
v 0.08501188 0.07805724 1.482669
v 0.07424366 0.03101295 1.41129
v 0.07061872 0.02509576 1.412969
v 0.07776199 0.02840085 1.420539
v 0.08594477 0.03866264 1.417127
v 0.08397238 0.03892918 1.430214
v 0.09298143 0.04817812 1.426616
v 0.0881304 0.0507369 1.441755
v 0.09540693 0.05718717 1.439197
v 0.06411515 0.02653508 1.400948
v 0.09066252 0.06102534 1.455802
v 0.0938077 0.06544991 1.454683
v 0.0888234 0.07123382 1.469289
v 0.09036933 0.07339279 1.468756
v 0.08501188 0.07805724 1.482669
v 0.0764826 0.09551561 1.469342
v 0.0744569 0.07496539 1.451884
v 0.06243595 0.07240659 1.458174
v 0.07259112 0.08661318 1.448979
v 0.07160492 0.082082 1.441196
v 0.07408375 0.07112721 1.44506
v 0.05867774 0.06249131 1.449112
v 0.06568773 0.07320622 1.429894
v 0.071445 0.06251797 1.432693
v 0.06025032 0.06499679 1.419153
v 0.05934409 0.05422857 1.422724
v 0.05382671 0.05377546 1.437544
v 0.04609706 0.04671215 1.427735
v 0.04385812 0.04639231 1.413662
v 0.03623507 0.04146132 1.417234
v 0.04383146 0.05321573 1.41097
v 0.03351637 0.0413547 1.405053
v 0.02933169 0.03858268 1.406705
v 0.03604849 0.04641895 1.40356
v 0.03127743 0.03828949 1.398416
v 0.02807895 0.03727664 1.398949
v 0.03149066 0.03527759 1.389327
v 0.03292998 0.04194109 1.39759
v 0.06608754 0.1030853 1.4453
v 0.07733553 0.09114435 1.448099
v 0.0764826 0.09551561 1.469342
v 0.0574783 0.1103086 1.461453
v 0.06688717 0.0990606 1.436158
v 0.07805519 0.0878126 1.439517
v 0.06486146 0.08927858 1.423657
v 0.07693572 0.08088256 1.426643
v 0.06614085 0.07150036 1.416514
v 0.0584112 0.07789733 1.415715
v 0.05252066 0.06166504 1.409104
v 0.04945546 0.06547657 1.408731
v 0.04263204 0.05580115 1.398922
v 0.05252066 0.06166504 1.409104
v 0.05004184 0.05947942 1.410464
v 0.06025032 0.06499679 1.419153
v 0.06614085 0.07150036 1.416514
v 0.06568773 0.07320622 1.429894
v 0.07693572 0.08088256 1.426643
v 0.07160492 0.082082 1.441196
v 0.07805519 0.0878126 1.439517
v 0.04263204 0.05580115 1.398922
v 0.07259112 0.08661318 1.448979
v 0.07733553 0.09114435 1.448099
v 0.0764826 0.09551561 1.469342
v 0.0330366 0.08906534 1.408171
v 0.04788287 0.0947693 1.418433
v 0.03948686 0.09935379 1.420805
v 0.02941165 0.0920506 1.409584
v 0.02168199 0.09119765 1.397537
v 0.04958872 0.1104952 1.429015
v 0.06096998 0.1061239 1.427815
v 0.05662538 0.1250749 1.444581
v 0.07083195 0.1240354 1.447166
v 0.06096998 0.1061239 1.427815
v 0.06014371 0.09620862 1.430054
v 0.07008564 0.1136403 1.453083
v 0.07083195 0.1240354 1.447166
v 0.04788287 0.0947693 1.418433
v 0.04692332 0.08610675 1.419499
v 0.0330366 0.08906534 1.408171
v 0.03247686 0.08618671 1.407932
v 0.02168199 0.09119765 1.397537
v 0.03948686 0.09935379 1.420805
v 0.04692332 0.08610675 1.419499
v 0.03247686 0.08618671 1.407932
v 0.02941165 0.0920506 1.409584
v 0.02168199 0.09119765 1.397537
v 0.06014371 0.09620862 1.430054
v 0.04958872 0.1104952 1.429015
v 0.07008564 0.1136403 1.453083
v 0.05662538 0.1250749 1.444581
v 0.08599807 0.02709481 1.441382
v 0.08402568 0.03221238 1.449805
v 0.09748594 0.03613052 1.447886
v 0.09804568 0.03055982 1.438983
v 0.09402093 0.02474926 1.430507
v 0.08445214 0.02189729 1.43272
v 0.08717085 0.01992489 1.421019
v 0.08037408 0.01699294 1.423151
v 0.08037408 0.01811242 1.413236
v 0.07626937 0.01624663 1.413955
v 0.07581625 0.0186988 1.405799
v 0.07413705 0.01784587 1.406146
v 0.09468728 0.04148796 1.458947
v 0.08194667 0.03767644 1.46068
v 0.09132887 0.04628569 1.474113
v 0.07992096 0.04255413 1.475899
v 0.07485671 0.0226969 1.400122
v 0.07901473 0.04433994 1.492824
v 0.09215515 0.0466855 1.495783
v 0.08661112 0.02552223 1.419473
v 0.08717085 0.01992489 1.421019
v 0.09402093 0.02474926 1.430507
v 0.09268823 0.0330653 1.428029
v 0.08029412 0.02139086 1.412836
v 0.08037408 0.01811242 1.413236
v 0.07581625 0.0186988 1.405799
v 0.07610945 0.0199782 1.405586
v 0.09804568 0.03055982 1.438983
v 0.09708614 0.04108816 1.436371
v 0.09748594 0.03613052 1.447886
v 0.09761922 0.04759173 1.445434
v 0.09468728 0.04148796 1.458947
v 0.0948472 0.0536955 1.457748
v 0.09132887 0.04628569 1.474113
v 0.09268823 0.05793348 1.472221
v 0.07485671 0.0226969 1.400122
v 0.09215515 0.0466855 1.495783
v 0.09551355 0.06110531 1.497649
v 0.09268823 0.05793348 1.472221
v 0.07992096 0.04255413 1.475899
v 0.08194667 0.03767644 1.46068
v 0.0948472 0.0536955 1.457748
v 0.09761922 0.04759173 1.445434
v 0.08402568 0.03221238 1.449805
v 0.09708614 0.04108816 1.436371
v 0.08599807 0.02709481 1.441382
v 0.09268823 0.0330653 1.428029
v 0.08445214 0.02189729 1.43272
v 0.08661112 0.02552223 1.419473
v 0.08037408 0.01699294 1.423151
v 0.08029412 0.02139086 1.412836
v 0.07626937 0.01624663 1.413955
v 0.07610945 0.0199782 1.405586
v 0.07413705 0.01784587 1.406146
v 0.07485671 0.0226969 1.400122
v 0.07901473 0.04433994 1.492824
v 0.09551355 0.06110531 1.497649
v 0.1035631 0.06022573 1.402547
v 0.1046825 0.05958603 1.406146
v 0.1008977 0.06379735 1.406626
v 0.101484 0.06347752 1.402761
v 0.1015107 0.06259793 1.398922
v 0.1008177 0.06401059 1.399802
v 0.1000714 0.06521001 1.397377
v 0.1055355 0.06025238 1.409557
v 0.09999143 0.06457032 1.408971
v 0.1059619 0.06323762 1.415475
v 0.09889861 0.06824857 1.413529
v 0.1060152 0.06814195 1.422298
v 0.09689956 0.07395253 1.419793
v 0.1051623 0.07907009 1.43264
v 0.09503378 0.0864266 1.430961
v 0.1013774 0.05665408 1.405879
v 0.1046825 0.05958603 1.406146
v 0.1035631 0.06022573 1.402547
v 0.101564 0.05854653 1.401748
v 0.100951 0.06171834 1.398789
v 0.1015107 0.06259793 1.398922
v 0.1000714 0.06521001 1.397377
v 0.1055355 0.06025238 1.409557
v 0.09929842 0.05692063 1.410384
v 0.1059619 0.06323762 1.415475
v 0.09388766 0.05859983 1.415181
v 0.1004978 0.06755558 1.423604
v 0.1060152 0.06814195 1.422298
v 0.1051623 0.07907009 1.43264
v 0.09503378 0.0864266 1.430961
v 0.09386101 0.0690482 1.422565
v 0.09689956 0.07395253 1.419793
v 0.09889861 0.06824857 1.413529
v 0.09388766 0.05859983 1.415181
v 0.09999143 0.06457032 1.408971
v 0.09929842 0.05692063 1.410384
v 0.1008977 0.06379735 1.406626
v 0.1013774 0.05665408 1.405879
v 0.101564 0.05854653 1.401748
v 0.101484 0.06347752 1.402761
v 0.100951 0.06171834 1.398789
v 0.1008177 0.06401059 1.399802
v 0.1000714 0.06521001 1.397377
v 0.07776199 0.02840085 1.420539
v 0.07299092 0.01803245 1.43965
v 0.06853971 0.009769723 1.425736
v 0.08343929 0.05915956 1.423124
v 0.07427032 0.02733469 1.450365
v 0.08693097 0.07195348 1.435838
v 0.07389717 0.03639705 1.462146
v 0.08693097 0.0807493 1.45255
v 0.07749546 0.0457526 1.414542
v 0.07088526 0.03645036 1.41017
v 0.07061872 0.02509576 1.412969
v 0.07027222 0.01515383 1.409531
v 0.06147641 0.00606481 1.41089
v 0.05284051 0.007770665 1.394924
v 0.06411515 0.02653508 1.400948
v 0.07181816 0.04234089 1.474593
v 0.0865045 0.08104248 1.467636
v 0.08501188 0.07805724 1.482669
v 0.06931268 0.04378021 1.487121
v 0.06025032 0.06499679 1.419153
v 0.05382671 0.05377546 1.437544
v 0.04609706 0.04671215 1.427735
v 0.06486146 0.08927858 1.423657
v 0.05867774 0.06249131 1.449112
v 0.06688717 0.0990606 1.436158
v 0.06608754 0.1030853 1.4453
v 0.04383146 0.05321573 1.41097
v 0.03623507 0.04146132 1.417234
v 0.03604849 0.04641895 1.40356
v 0.02933169 0.03858268 1.406705
v 0.03292998 0.04194109 1.39759
v 0.02807895 0.03727664 1.398949
v 0.03149066 0.03527759 1.389327
v 0.06243595 0.07240659 1.458174
v 0.0574783 0.1103086 1.461453
v 0.06486146 0.08927858 1.423657
v 0.06025032 0.06499679 1.419153
v 0.0584112 0.07789733 1.415715
v 0.04945546 0.06547657 1.408731
v 0.05004184 0.05947942 1.410464
v 0.04263204 0.05580115 1.398922
v 0.09215515 0.0466855 1.495783
v 0.07901473 0.04433994 1.492824
v 0.0961799 0.04146132 1.518732
v 0.06696713 0.03927569 1.474886
v 0.06899283 0.02994679 1.478405
v 0.07037884 0.02741466 1.464198
v 0.06856637 0.03277211 1.460653
v 0.07245785 0.02104436 1.451244
v 0.07117846 0.02618858 1.448259
v 0.07483006 0.01957838 1.437784
v 0.0757896 0.01523378 1.43957
v 0.07954781 0.01725949 1.430454
v 0.07826842 0.01240847 1.429788
v 0.08133363 0.0169663 1.423577
v 0.08061397 0.01414096 1.422351
v 0.07824177 0.02069785 1.414515
v 0.06931268 0.04378021 1.487121
v 0.07064538 0.02861409 1.49581
v 0.07530983 0.02874736 1.464545
v 0.07037884 0.02741466 1.464198
v 0.06899283 0.02994679 1.478405
v 0.07813515 0.03343846 1.478591
v 0.08034743 0.03431804 1.460973
v 0.08165348 0.041408 1.476112
v 0.07522987 0.02141751 1.451537
v 0.07245785 0.02104436 1.451244
v 0.0757896 0.01523378 1.43957
v 0.08085386 0.01872545 1.43829
v 0.0800809 0.02592203 1.448659
v 0.07826842 0.01240847 1.429788
v 0.08261302 0.01606005 1.430561
v 0.08061397 0.01414096 1.422351
v 0.08237313 0.01600675 1.422911
v 0.07824177 0.02069785 1.414515
v 0.07064538 0.02861409 1.49581
v 0.08042739 0.03511766 1.498742
v 0.07901473 0.04433994 1.492824
v 0.08261302 0.01606005 1.430561
v 0.07954781 0.01725949 1.430454
v 0.08133363 0.0169663 1.423577
v 0.08237313 0.01600675 1.422911
v 0.07824177 0.02069785 1.414515
v 0.08085386 0.01872545 1.43829
v 0.07483006 0.01957838 1.437784
v 0.0800809 0.02592203 1.448659
v 0.07117846 0.02618858 1.448259
v 0.08034743 0.03431804 1.460973
v 0.06856637 0.03277211 1.460653
v 0.06696713 0.03927569 1.474886
v 0.08165348 0.041408 1.476112
v 0.06931268 0.04378021 1.487121
v 0.07901473 0.04433994 1.492824
v -0.05129664 -0.03133074 1.502367
v -0.05665408 -0.03311656 1.498795
v -0.05284257 -0.03114416 1.49549
vt 0.6963419 0.9882277
vt 0.6385624 0.9882277
vt 0.6375663 0.969798
vt 0.6953457 0.969798
vt 0.7566118 0.9882277
vt 0.7546194 0.969798
vt 0.8099084 0.9882277
vt 0.8089122 0.969798
vt 0.8622087 0.9882277
vt 0.8651973 0.969798
vt 0.9095281 0.9882277
vt 0.9105243 0.969798
vt 0.944395 0.9882277
vt 0.9503722 0.969798
vt 0.9872315 0.9882277
vt 0.9165015 0.9174977
vt 0.8632049 0.9125167
vt 0.8681859 0.8836269
vt 0.8059236 0.9065395
vt 0.8099084 0.8622087
vt 0.8836269 0.8338171
vt 0.8173798 0.828338
vt 0.752627 0.8467677
vt 0.7586042 0.807916
vt 0.8243532 0.8009426
vt 0.7650795 0.7760376
vt 0.6898666 0.7964597
vt 0.6943495 0.757608
vt 0.7730491 0.7451556
vt 0.7023191 0.7197525
vt 0.8313266 0.7740453
vt 0.6878742 0.8427829
vt 0.6246157 0.8397943
vt 0.6305929 0.9045471
vt 0.6898666 0.9065395
vt 0.570821 0.9020566
vt 0.5638477 0.8407905
vt 0.5239998 0.9010604
vt 0.5175245 0.8417867
vt 0.6221252 0.7934711
vt 0.5598629 0.7954635
vt 0.5145359 0.7974559
vt 0.4642279 0.8437791
vt 0.4602431 0.8009426
vt 0.4687108 0.9010604
vt 0.4134219 0.8507525
vt 0.4164104 0.9035509
vt 0.4203953 0.9359273
vt 0.4716994 0.9359273
vt 0.4099352 0.807916
vt 0.3556424 0.9085319
vt 0.3566386 0.9359273
vt 0.3526538 0.8592201
vt 0.3466766 0.8173798
vt 0.2933801 0.9135129
vt 0.2923839 0.9359273
vt 0.2903915 0.8756574
vt 0.2400835 0.9155053
vt 0.2410797 0.9359273
vt 0.2400835 0.8871136
vt 0.2869048 0.8387981
vt 0.2380911 0.8562316
vt 0.1947566 0.8661935
vt 0.196749 0.8950832
vt 0.1987413 0.9165015
vt 0.1648706 0.9020566
vt 0.166863 0.9165015
vt 0.1997375 0.9359273
vt 0.1678592 0.9359273
vt 0.1628782 0.8766536
vt 0.1434524 0.9075357
vt 0.146441 0.9174977
vt 0.1354828 0.9174977
vt 0.1329923 0.9115205
vt 0.1354828 0.9359273
vt 0.146441 0.9359273
vt 0.1404638 0.8846232
vt 0.1300037 0.8881099
vt 0.1170532 0.9359273
vt 0.116057 0.91949
vt 0.1046007 0.9359273
vt 0.1046007 0.9204863
vt 0.07670719 0.9359273
vt 0.07471479 0.9209844
vt 0.04731937 0.9359273
vt 0.04532697 0.923973
vt 0.03088211 0.9359273
vt 0.02988592 0.9299501
vt 0.04184029 0.9165015
vt 0.02789352 0.9259654
vt 0.0737186 0.9065395
vt 0.1006159 0.9020566
vt 0.01444486 0.9359273
vt 0.1125703 0.8960794
vt 0.1155589 0.9165015
vt 0.1200418 0.91949
vt 0.116057 0.9165015
vt 0.1046007 0.9204863
vt 0.7506346 0.9035509
vt 0.7506346 0.8861175
vt 0.747646 0.8746612
vt 0.5772963 0.9568475
vt 0.5269883 0.944395
vt 0.5812811 0.9882277
vt 0.5349579 0.9862353
vt 0.5349579 0.9752771
vt 0.7516308 0.8651973
vt 0.5175245 0.9862353
vt 0.4901291 0.9882277
vt 0.6256119 0.747646
vt 0.6231214 0.7944673
vt 0.5608591 0.7914787
vt 0.5608591 0.7411708
vt 0.6305929 0.7063038
vt 0.5628514 0.6983343
vt 0.5075625 0.7456536
vt 0.5115473 0.7944673
vt 0.454266 0.752627
vt 0.4582507 0.7974559
vt 0.5035777 0.7073001
vt 0.4522735 0.732205
vt 0.4019656 0.7650795
vt 0.4049542 0.8049274
vt 0.3999732 0.7506346
vt 0.3516576 0.7805206
vt 0.4512773 0.7167639
vt 0.398977 0.7332012
vt 0.9433988 0.8497562
vt 0.9359273 0.868684
vt 0.8910984 0.8099084
vt 0.9727866 0.873665
vt 0.9628246 0.8920947
vt 0.9872315 0.8930908
vt 0.9872315 0.9105243
vt 0.954357 0.9309464
vt 0.9872315 0.969798
vt 0.469707 0.6809008
vt 0.4502812 0.6674522
vt 0.4657222 0.6674522
vt 0.4806652 0.6674522
vt 0.4826576 0.6838894
vt 0.49511 0.6674522
vt 0.4677146 0.6858818
vt 0.4816614 0.686878
vt 0.4826576 0.6888704
vt 0.4961062 0.6898666
vt 0.49511 0.6674522
vt 0.5085587 0.6674522
vt 0.5095549 0.6908628
vt 0.5259922 0.6789084
vt 0.524996 0.666456
vt 0.5414332 0.666456
vt 0.4826576 0.6838894
vt 0.4816614 0.686878
vt 0.4677146 0.6858818
vt 0.4283648 0.4851481
vt 0.4308553 0.4726956
vt 0.4328477 0.4756842
vt 0.4328477 0.4861443
vt 0.42438 0.4961062
vt 0.4328477 0.4980986
vt 0.4328477 0.4657222
vt 0.4318515 0.4652241
vt 0.4328477 0.4562584
vt 0.4223876 0.5005891
vt 0.4328477 0.5025815
vt 0.4193991 0.5085587
vt 0.4328477 0.5115473
vt 0.4184029 0.5145359
vt 0.4328477 0.5165282
vt 0.4154142 0.524996
vt 0.4328477 0.5269883
vt 0.4174066 0.5384446
vt 0.4328477 0.540437
vt 0.4099352 0.5384446
vt 0.4203953 0.5588667
vt 0.4029618 0.5578704
vt 0.4193991 0.5812811
vt 0.3944941 0.5802849
vt 0.4328477 0.5822773
vt 0.4338439 0.5588667
vt 0.4193991 0.6101708
vt 0.383536 0.6081784
vt 0.408939 0.5842697
vt 0.4174066 0.6385624
vt 0.3750683 0.6355739
vt 0.4134219 0.6584864
vt 0.3690911 0.6569921
vt 0.3641101 0.666456
vt 0.4099352 0.6684483
vt 0.3596272 0.6754217
vt 0.4049542 0.6779122
vt 0.3576348 0.686878
vt 0.4019656 0.6888704
vt 0.4328477 0.6395586
vt 0.4328477 0.611167
vt 0.4328477 0.6584864
vt 0.4328477 0.6694446
vt 0.4328477 0.6799046
vt 0.4328477 0.6898666
vt 0.4328477 0.6983343
vt 0.4428097 0.6908628
vt 0.4388249 0.6799046
vt 0.4467945 0.6799046
vt 0.4438059 0.6724331
vt 0.4378287 0.6724331
vt 0.4408173 0.6694446
vt 0.4368325 0.6704407
vt 0.4378287 0.666456
vt 0.4398211 0.6993304
vt 0.3576348 0.6993304
vt 0.4328477 0.6799046
vt 0.4378287 0.6724331
vt 0.4388249 0.6799046
vt 0.4328477 0.6898666
vt 0.4378287 0.6724331
vt 0.4328477 0.6799046
vt 0.4328477 0.6734294
vt 0.4378287 0.666456
vt 0.4368325 0.6704407
vt 0.4328477 0.6704407
vt 0.3576348 0.6993304
vt 0.4328477 0.6983343
vt 0.4328477 0.7102886
vt 0.4099352 0.6684483
vt 0.4328477 0.6584864
vt 0.4328477 0.6694446
vt 0.4049542 0.6779122
vt 0.4328477 0.6694446
vt 0.4328477 0.6799046
vt 0.49511 0.6674522
vt 0.4816614 0.686878
vt 0.4826576 0.6838894
vt 0.5882545 0.6385624
vt 0.5997108 0.6385624
vt 0.5997108 0.6559959
vt 0.5882545 0.6549997
vt 0.5887526 0.6231214
vt 0.6007069 0.6236195
vt 0.570821 0.6221252
vt 0.5658401 0.6375663
vt 0.590745 0.6091746
vt 0.6026993 0.6091746
vt 0.5917411 0.5987145
vt 0.5772963 0.6081784
vt 0.5802849 0.5987145
vt 0.590745 0.5897488
vt 0.6026993 0.5967222
vt 0.6017032 0.5897488
vt 0.5897488 0.5812811
vt 0.5832735 0.5887526
vt 0.5852659 0.5792887
vt 0.5977184 0.5802849
vt 0.5897488 0.570821
vt 0.5947298 0.5713191
vt 0.5862621 0.5628514
vt 0.5852659 0.570821
vt 0.500091 0.5822773
vt 0.5035777 0.5698248
vt 0.5220073 0.5688286
vt 0.5230036 0.5832735
vt 0.5200149 0.5578704
vt 0.5055701 0.5578704
vt 0.5180226 0.5474104
vt 0.5085587 0.5474104
vt 0.5180226 0.5394408
vt 0.5095549 0.5384446
vt 0.5190188 0.5329655
vt 0.5125435 0.5319693
vt 0.5200149 0.5289807
vt 0.5155321 0.5279846
vt 0.5180226 0.5220073
vt 0.5210112 0.5220073
vt 0.5230036 0.5175245
vt 0.4921215 0.6056879
vt 0.5230036 0.6046917
vt 0.5872583 0.6878742
vt 0.5648438 0.6878742
vt 0.5638477 0.6579883
vt 0.6017032 0.6878742
vt 0.550399 0.5772963
vt 0.5319693 0.5743077
vt 0.5339617 0.5513952
vt 0.5538857 0.5513952
vt 0.5309731 0.5947298
vt 0.5494028 0.5967222
vt 0.5753039 0.5802849
vt 0.5713191 0.6007069
vt 0.529977 0.5175245
vt 0.5548819 0.5180226
vt 0.5812811 0.5175245
vt 0.5802849 0.5513952
vt 0.5474104 0.616148
vt 0.5309731 0.616148
vt 0.5474104 0.63657
vt 0.5339617 0.63657
vt 0.5638477 0.6181404
vt 0.5568743 0.6375663
vt 0.5484066 0.6450377
vt 0.5384446 0.6460339
vt 0.5484066 0.6500187
vt 0.540437 0.6500187
vt 0.5548819 0.6450377
vt 0.5538857 0.6500187
vt 0.5513952 0.6594826
vt 0.5474104 0.6594826
vt 0.5538857 0.6684483
vt 0.5538857 0.6584864
vt 0.6335815 0.08816346
vt 0.6450377 0.1036045
vt 0.6315891 0.1170532
vt 0.621129 0.09712923
vt 0.6450377 0.08218627
vt 0.6559959 0.09712923
vt 0.5987145 0.1016121
vt 0.6121632 0.1270151
vt 0.6584864 0.07770339
vt 0.6644636 0.08915965
vt 0.6754217 0.08218627
vt 0.6724331 0.07471479
vt 0.6809008 0.07869958
vt 0.6789084 0.0737186
vt 0.6828932 0.0737186
vt 0.6838894 0.07670719
vt 0.6908628 0.0727224
vt 0.6908628 0.07471479
vt 0.6973381 0.0717262
vt 0.4193991 0.5812811
vt 0.42438 0.5852659
vt 0.4328477 0.5822773
vt 0.3944941 0.5802849
vt 0.4716994 0.9937068
vt 0.4716994 0.969798
vt 0.4253762 0.969798
vt 0.4253762 0.9937068
vt 0.3795511 0.969798
vt 0.3795511 0.9937068
vt 0.3352204 0.969798
vt 0.3352204 0.9937068
vt 0.2973649 0.969798
vt 0.2973649 0.9937068
vt 0.2565208 0.969798
vt 0.2565208 0.9937068
vt 0.217171 0.969798
vt 0.217171 0.9937068
vt 0.1703497 0.969798
vt 0.1703497 0.9937068
vt 0.1270151 0.969798
vt 0.1270151 0.9937068
vt 0.09712923 0.9937068
vt 0.09712923 0.969798
vt 0.06574902 0.9937068
vt 0.06574902 0.969798
vt 0.03885169 0.9937068
vt 0.03885169 0.969798
vt 0.01145627 0.969798
vt 0.4253762 0.969798
vt 0.4716994 0.969798
vt 0.4716994 0.9822505
vt 0.4253762 0.9822505
vt 0.4253762 0.9937068
vt 0.3795511 0.9822505
vt 0.3795511 0.9937068
vt 0.3352204 0.9822505
vt 0.3352204 0.9937068
vt 0.4716994 0.9937068
vt 0.3352204 0.969798
vt 0.2973649 0.969798
vt 0.2973649 0.9822505
vt 0.2565208 0.969798
vt 0.2565208 0.9822505
vt 0.3795511 0.969798
vt 0.2973649 0.9937068
vt 0.2565208 0.9937068
vt 0.217171 0.9822505
vt 0.217171 0.9937068
vt 0.217171 0.969798
vt 0.1703497 0.969798
vt 0.1703497 0.9822505
vt 0.1703497 0.9937068
vt 0.1270151 0.9822505
vt 0.1270151 0.9937068
vt 0.1270151 0.969798
vt 0.09712923 0.9822505
vt 0.09712923 0.969798
vt 0.06574902 0.9822505
vt 0.06574902 0.969798
vt 0.03885169 0.969798
vt 0.03885169 0.9822505
vt 0.03885169 0.9937068
vt 0.06574902 0.9937068
vt 0.01145627 0.969798
vt 0.09712923 0.9937068
vt 0.07869958 0.807916
vt 0.06475282 0.7660757
vt 0.01046007 0.7944673
vt 0.01046007 0.8368057
vt 0.01046007 0.7546194
vt 0.04532697 0.732205
vt 0.1065931 0.7312088
vt 0.07869958 0.7013229
vt 0.14146 0.6928552
vt 0.1813079 0.732205
vt 0.2226501 0.6828932
vt 0.1703497 0.6470301
vt 0.1075893 0.6674522
vt 0.1329923 0.6256119
vt 0.09812543 0.6131594
vt 0.1220342 0.5678324
vt 0.1608859 0.5772963
vt 0.0737186 0.6480263
vt 0.08318247 0.5608591
vt 0.09862353 0.5075625
vt 0.05329655 0.5065663
vt 0.04632317 0.5568743
vt 0.0717262 0.606186
vt 0.03984789 0.6036955
vt 0.1424562 0.5135397
vt 0.1115741 0.4532697
vt 0.1598897 0.4582507
vt 0.1250228 0.3969846
vt 0.1733383 0.3979808
vt 0.1852927 0.5230036
vt 0.2042204 0.4652241
vt 0.2226501 0.5349579
vt 0.2450645 0.4756842
vt 0.2555246 0.5484066
vt 0.2789352 0.4891329
vt 0.287901 0.5678324
vt 0.3138021 0.5065663
vt 0.3556424 0.5239998
vt 0.328247 0.5882545
vt 0.3969846 0.535456
vt 0.3661025 0.6056879
vt 0.2943763 0.6510149
vt 0.328247 0.6769161
vt 0.257517 0.6256119
vt 0.2530341 0.7127792
vt 0.2296235 0.6081784
vt 0.2819238 0.747646
vt 0.2062128 0.7650795
vt 0.2306197 0.8039312
vt 0.1504258 0.8109046
vt 0.166863 0.8507525
vt 0.08716726 0.8467677
vt 0.1329923 0.7740453
vt 0.1006159 0.8846232
vt 0.01046007 0.8766536
vt 0.05230036 0.9000642
vt 0.01046007 0.9020566
vt 0.1987413 0.5927374
vt 0.338209 0.4378287
vt 0.3795511 0.4532697
vt 0.3944941 0.403958
vt 0.3596272 0.3845322
vt 0.4338439 0.4164104
vt 0.4213914 0.4707032
vt 0.4408173 0.3566386
vt 0.408939 0.3486691
vt 0.3013497 0.42438
vt 0.3177869 0.3720797
vt 0.328247 0.3257565
vt 0.3661025 0.3362166
vt 0.3342242 0.2849124
vt 0.3670987 0.3013497
vt 0.2898934 0.3147983
vt 0.2759466 0.3606234
vt 0.3033421 0.267479
vt 0.3167907 0.2356007
vt 0.34319 0.2470569
vt 0.3680949 0.2595094
vt 0.343688 0.2131862
vt 0.3641101 0.2181672
vt 0.3446842 0.1927642
vt 0.3606234 0.191768
vt 0.262498 0.4134219
vt 0.2286273 0.3516576
vt 0.2356007 0.3043383
vt 0.2759466 0.312806
vt 0.2430721 0.262498
vt 0.28292 0.2684752
vt 0.2913877 0.2201596
vt 0.3108135 0.2266349
vt 0.2869048 0.1897756
vt 0.3088211 0.1907718
vt 0.2849124 0.1723421
vt 0.3023459 0.1658668
vt 0.2191634 0.403958
vt 0.2605056 0.1852927
vt 0.2555246 0.2161748
vt 0.2141824 0.3486691
vt 0.2151786 0.3023459
vt 0.1877832 0.2963687
vt 0.1833003 0.3476728
vt 0.1927642 0.2490493
vt 0.2206577 0.2595094
vt 0.2206577 0.2161748
vt 0.2365969 0.2092014
vt 0.2161748 0.1723421
vt 0.2246425 0.1648706
vt 0.1354828 0.2963687
vt 0.1309999 0.3466766
vt 0.1384714 0.2634942
vt 0.1334904 0.2161748
vt 0.1803117 0.2032242
vt 0.126019 0.166863
vt 0.166863 0.1559049
vt 0.08019388 0.21219
vt 0.07869958 0.2565208
vt 0.08019388 0.1618821
vt 0.07571099 0.2943763
vt 0.07073001 0.3466766
vt 0.2017299 0.2092014
vt 0.1240266 0.1250228
vt 0.09414064 0.1180494
vt 0.1230304 0.09115205
vt 0.1046007 0.08517487
vt 0.1519201 0.1200418
vt 0.14146 0.08915965
vt 0.1230304 0.0717262
vt 0.1354828 0.07073001
vt 0.1300037 0.05927374
vt 0.1240266 0.06026993
vt 0.1115741 0.06674521
vt 0.1170532 0.05728134
vt 0.1240266 0.04731937
vt 0.2007338 0.1703497
vt 0.21219 0.1569011
vt 0.1997375 0.1559049
vt 0.207209 0.14146
vt 0.1987413 0.14146
vt 0.2032242 0.1300037
vt 0.1987413 0.1300037
vt 0.2191634 0.1504258
vt 0.21219 0.1354828
vt 0.1987413 0.1180494
vt 0.2052166 0.1270151
vt 0.4308553 0.2973649
vt 0.4099352 0.2953725
vt 0.4099352 0.3227679
vt 0.4358363 0.3272508
vt 0.3905093 0.2913877
vt 0.3855283 0.3147983
vt 0.3805473 0.338209
vt 0.3895131 0.2739542
vt 0.4049542 0.2769428
vt 0.4009694 0.257517
vt 0.3885169 0.2565208
vt 0.4109314 0.2550265
vt 0.4213914 0.2759466
vt 0.4009694 0.2460607
vt 0.3934979 0.2440683
vt 0.3855283 0.2306197
vt 0.3875207 0.2470569
vt 0.3292432 0.191768
vt 0.3262546 0.207209
vt 0.3372128 0.2111938
vt 0.3446842 0.1927642
vt 0.343688 0.1713459
vt 0.3312356 0.1703497
vt 0.34319 0.1628782
vt 0.333228 0.1618821
vt 0.3411976 0.1539125
vt 0.3352204 0.1539125
vt 0.3392052 0.1394676
vt 0.3167907 0.2356007
vt 0.01046007 0.5015853
vt 0.01046007 0.5528895
vt 0.01046007 0.6007069
vt 0.01046007 0.6385624
vt 0.0348669 0.641053
vt 0.02739543 0.6754217
vt 0.01046007 0.6724331
vt 0.05130416 0.6828932
vt 0.01046007 0.7092925
vt 0.34319 0.1628782
vt 0.343688 0.1713459
vt 0.3566386 0.1683573
vt 0.3516576 0.1608859
vt 0.3411976 0.1539125
vt 0.3476728 0.1529163
vt 0.3392052 0.1394676
vt 0.2799314 0.1240266
vt 0.2769428 0.1319961
vt 0.2799314 0.1319961
vt 0.28292 0.1290075
vt 0.2739542 0.1424562
vt 0.2819238 0.14146
vt 0.2694713 0.1549087
vt 0.28292 0.1539125
vt 0.2943763 0.1504258
vt 0.2859086 0.136479
vt 0.2644904 0.1703497
vt 0.03984789 0.3999732
vt 0.01046007 0.3506614
vt 0.01046007 0.2953725
vt 0.01046007 0.2550265
vt 0.01046007 0.2131862
vt 0.01046007 0.1703497
vt 0.06475282 0.09862353
vt 0.01046007 0.1180494
vt 0.01046007 0.1170532
vt 0.01046007 0.07770339
vt 0.04184029 0.0727224
vt 0.01046007 0.06126613
vt 0.01046007 0.3999732
vt 0.4522735 0.5608591
vt 0.4522735 0.5668362
vt 0.4652241 0.5698248
vt 0.4687108 0.5618553
vt 0.4592469 0.550399
vt 0.4881366 0.5464142
vt 0.4612393 0.5394408
vt 0.4921215 0.5588667
vt 0.4512773 0.5753039
vt 0.4572545 0.5772963
vt 0.4502812 0.5842697
vt 0.4657222 0.5782925
vt 0.4562584 0.5842697
vt 0.4652241 0.5872583
vt 0.4562584 0.5887526
vt 0.4632317 0.5917411
vt 0.474688 0.5887526
vt 0.4652241 0.6007069
vt 0.4652241 0.6007069
vt 0.4931176 0.5802849
vt 0.4881366 0.5887526
vt 0.4532697 0.5927374
vt 0.4971024 0.570821
vt 0.4756842 0.6007069
vt 0.4756842 0.6007069
vt 0.4552622 0.6007069
vt 0.4592469 0.6007069
vt 0.4552622 0.6007069
vt 0.479669 0.6191366
vt 0.4851481 0.6201328
vt 0.4891329 0.6151518
vt 0.4831557 0.6131594
vt 0.4667184 0.6181404
vt 0.4716994 0.6091746
vt 0.4512773 0.6101708
vt 0.4622355 0.6071822
vt 0.4512773 0.6046917
vt 0.49511 0.6171442
vt 0.4921215 0.621129
vt 0.4990948 0.6191366
vt 0.4961062 0.6221252
vt 0.5025815 0.621129
vt 0.500091 0.6231214
vt 0.5035777 0.6221252
vt 0.5015853 0.6236195
vt 0.5055701 0.6246157
vt 0.49511 0.6266081
vt 0.49511 0.6295967
vt 0.500091 0.6305929
vt 0.5015853 0.6266081
vt 0.4841519 0.6246157
vt 0.4881366 0.6345776
vt 0.4687108 0.6355739
vt 0.4776766 0.6221252
vt 0.4941138 0.6345776
vt 0.4990948 0.6345776
vt 0.5025815 0.6305929
vt 0.469707 0.6201328
vt 0.5025815 0.6345776
vt 0.5075625 0.6315891
vt 0.5105511 0.6335815
vt 0.5075625 0.6345776
vt 0.5125435 0.6345776
vt 0.5115473 0.6345776
vt 0.5135397 0.6345776
vt 0.5065663 0.6295967
vt 0.5075625 0.6276042
vt 0.5085587 0.6295967
vt 0.5095549 0.6286005
vt 0.5115473 0.6286005
vt 0.5115473 0.6295967
vt 0.5155321 0.6295967
vt 0.479669 0.6460339
vt 0.4871404 0.6450377
vt 0.4871404 0.641053
vt 0.479669 0.641053
vt 0.4961062 0.6420491
vt 0.4961062 0.6440415
vt 0.5015853 0.6420491
vt 0.5015853 0.6440415
vt 0.5045739 0.6430453
vt 0.5045739 0.6440415
vt 0.5085587 0.6440415
vt 0.4522735 0.6450377
vt 0.4707032 0.6405548
vt 0.4522735 0.6500187
vt 0.4602431 0.6420491
vt 0.4667184 0.6395586
vt 0.4881366 0.6490225
vt 0.4871404 0.6450377
vt 0.479669 0.6460339
vt 0.479669 0.6500187
vt 0.4961062 0.6470301
vt 0.4961062 0.6440415
vt 0.4522735 0.6500187
vt 0.5015853 0.6460339
vt 0.5015853 0.6440415
vt 0.5045739 0.6440415
vt 0.5045739 0.6450377
vt 0.5085587 0.6440415
vt 0.4522735 0.6191366
vt 0.4522735 0.6276042
vt 0.469707 0.6201328
vt 0.4687108 0.6355739
vt 0.4592469 0.63657
vt 0.4642279 0.6385624
vt 0.4522735 0.6375663
vt 0.4602431 0.6420491
vt 0.4667184 0.6395586
vt 0.4602431 0.6420491
vt 0.4522735 0.6450377
vt 0.4716994 0.5349579
vt 0.4881366 0.5464142
vt 0.4851481 0.5339617
vt 0.4612393 0.5230036
vt 0.4502812 0.5230036
vt 0.4552622 0.5309731
vt 0.4667184 0.529977
vt 0.479669 0.5220073
vt 0.4716994 0.5349579
vt 0.9668095 0.03984789
vt 0.9578437 0.03387071
vt 0.9678056 0.01544106
vt 0.9379197 0.03287451
vt 0.9892239 0.01544106
vt 0.9892239 0.01544106
vt 0.9289539 0.01544106
vt 0.9184939 0.02639923
vt 0.9065395 0.01544106
vt 0.9892239 0.01544106
vt 0.9717904 0.04831557
vt 0.9892239 0.04831557
vt 0.9578437 0.03387071
vt 0.9568475 0.04532697
vt 0.9379197 0.03287451
vt 0.4851481 0.5339617
vt 0.479669 0.5220073
vt 0.479669 0.5329655
vt 0.4572545 0.5772963
vt 0.4502812 0.5842697
vt 0.4562584 0.5842697
vt 0.5035777 0.6385624
vt 0.4990948 0.6375663
vt 0.4980986 0.6395586
vt 0.5015853 0.6395586
vt 0.5065663 0.6395586
vt 0.5055701 0.6405548
vt 0.5095549 0.6405548
vt 0.49511 0.63657
vt 0.4931176 0.6395586
vt 0.4831557 0.6355739
vt 0.4816614 0.6395586
vt 0.4687108 0.6355739
vt 0.4667184 0.6395586
vt 0.4522735 0.6500187
vt 0.4941138 0.6530073
vt 0.479669 0.6500187
vt 0.4941138 0.6594826
vt 0.5065663 0.6549997
vt 0.4522735 0.6594826
vt 0.4622355 0.6594826
vt 0.5075625 0.6584864
vt 0.4941138 0.6584864
vt 0.5165282 0.6579883
vt 0.4512773 0.6101708
vt 0.4522735 0.6191366
vt 0.4667184 0.6181404
vt 0.4522735 0.6191366
vt 0.469707 0.6201328
vt 0.4667184 0.6181404
vt 0.2644904 0.005977184
vt 0.2390873 0.005977184
vt 0.257517 0.0358631
vt 0.2809276 0.03088211
vt 0.2714638 0.06375662
vt 0.3003535 0.05429275
vt 0.3088211 0.07770339
vt 0.2799314 0.09015585
vt 0.3108135 0.1026083
vt 0.287901 0.1145627
vt 0.3138021 0.126019
vt 0.2963687 0.1404638
vt 0.3187831 0.1519201
vt 0.3063307 0.1608859
vt 0.3227679 0.186787
vt 0.3257565 0.06774142
vt 0.3187831 0.04383268
vt 0.3003535 0.05429275
vt 0.3088211 0.07770339
vt 0.3292432 0.09513684
vt 0.3108135 0.1026083
vt 0.3302394 0.1200418
vt 0.3138021 0.126019
vt 0.328247 0.1504258
vt 0.3187831 0.1519201
vt 0.3227679 0.186787
vt 0.2809276 0.03088211
vt 0.3187831 0.02341064
vt 0.3187831 0.005977184
vt 0.2644904 0.005977184
vt 0.3516576 0.06475282
vt 0.3651063 0.09712923
vt 0.3895131 0.07770339
vt 0.3710835 0.04084409
vt 0.3959884 0.1170532
vt 0.3730759 0.1250228
vt 0.3954903 0.1559049
vt 0.3760644 0.1569011
vt 0.3795511 0.1833003
vt 0.3915055 0.1813079
vt 0.3915055 0.21219
vt 0.3392052 0.0348669
vt 0.3486691 0.02141824
vt 0.3237641 0.007969578
vt 0.3795511 0.1833003
vt 0.3760644 0.1569011
vt 0.3611215 0.1733383
vt 0.3720797 0.1947566
vt 0.3556424 0.14146
vt 0.3730759 0.1250228
vt 0.3516576 0.1065931
vt 0.3651063 0.09712923
vt 0.3915055 0.21219
vt 0.34319 0.07073001
vt 0.3516576 0.06475282
vt 0.3352204 0.0368593
vt 0.3392052 0.0348669
vt 0.3237641 0.007969578
vt 0.186787 0.002988592
vt 0.2286273 0.03287451
vt 0.2082052 0.04482888
vt 0.1852927 0.04283648
vt 0.1877832 0.05927374
vt 0.2101976 0.05728134
vt 0.2420759 0.05628515
vt 0.1957528 0.08617106
vt 0.2161748 0.08119008
vt 0.207209 0.1095817
vt 0.2296235 0.1065931
vt 0.2510417 0.08517487
vt 0.257517 0.1135665
vt 0.2440683 0.1374752
vt 0.2605056 0.14146
vt 0.2296235 0.1404638
vt 0.2500455 0.1628782
vt 0.2585132 0.1648706
vt 0.2390873 0.1598897
vt 0.2490493 0.1763269
vt 0.2550265 0.1773231
vt 0.2450645 0.1927642
vt 0.2420759 0.1733383
vt 0.1783193 0.006973381
vt 0.1693535 0.04532697
vt 0.1444486 0.04482888
vt 0.1394676 0.009961973
vt 0.1434524 0.06475282
vt 0.1683573 0.06026993
vt 0.1494296 0.09613304
vt 0.1693535 0.08318247
vt 0.1783193 0.1075893
vt 0.1638744 0.1190456
vt 0.1877832 0.1354828
vt 0.1803117 0.1404638
vt 0.1937604 0.1608859
vt 0.1877832 0.1354828
vt 0.1783193 0.1075893
vt 0.191768 0.1105779
vt 0.1937604 0.136479
vt 0.186787 0.08617106
vt 0.1693535 0.08318247
vt 0.1803117 0.06126613
vt 0.1683573 0.06026993
vt 0.1937604 0.1608859
vt 0.1793155 0.04632317
vt 0.1693535 0.04532697
vt 0.1783193 0.006973381
vt 0.7033153 0.02042204
vt 0.7023191 0.04184029
vt 0.7466499 0.02639923
vt 0.7456536 0.01643725
vt 0.7815167 0.007969578
vt 0.6594826 0.02341064
vt 0.6549997 0.04831557
vt 0.6046917 0.02141824
vt 0.5872583 0.04931176
vt 0.6549997 0.04831557
vt 0.5872583 0.04931176
vt 0.590745 0.07471479
vt 0.6674522 0.06674521
vt 0.7023191 0.04184029
vt 0.7157677 0.05728134
vt 0.7466499 0.02639923
vt 0.7516308 0.03187831
vt 0.7815167 0.007969578
vt 0.8293342 0.7391784
vt 0.8163837 0.7431632
vt 0.8173798 0.7516308
vt 0.8323228 0.757608
vt 0.8049274 0.7431632
vt 0.8467677 0.7516308
vt 0.8407905 0.7302126
vt 0.8671897 0.7361898
vt 0.8552353 0.7177601
vt 0.9339349 0.1300037
vt 0.954357 0.1145627
vt 0.9424026 0.09862353
vt 0.91949 0.1155589
vt 0.9658132 0.1319961
vt 0.9503722 0.1454448
vt 0.9752771 0.1529163
vt 0.964817 0.1638744
vt 0.9822505 0.1773231
vt 0.9742809 0.1823041
vt 0.9822505 0.1897756
vt 0.9782657 0.1897756
vt 0.9249691 0.08019388
vt 0.9030528 0.09712923
vt 0.8980718 0.05927374
vt 0.8806384 0.07670719
vt 0.9812543 0.2027261
vt 0.8522468 0.05927374
vt 0.8612126 0.03387071
vt 0.9658132 0.1319961
vt 0.9752771 0.1529163
vt 0.9862353 0.1484334
vt 0.9802581 0.1230304
vt 0.9892239 0.1763269
vt 0.9822505 0.1773231
vt 0.9822505 0.1897756
vt 0.9852391 0.1907718
vt 0.954357 0.1145627
vt 0.969798 0.09961972
vt 0.9424026 0.09862353
vt 0.9558513 0.07969578
vt 0.9249691 0.08019388
vt 0.9359273 0.05927374
vt 0.8980718 0.05927374
vt 0.9125167 0.03984789
vt 0.9812543 0.2027261
vt 0.8612126 0.03387071
vt 0.8726688 0.007969578
vt 0.9678056 0.06774142
vt 0.9732847 0.07869958
vt 0.9862353 0.07969578
vt 0.9812543 0.06774142
vt 0.9772695 0.08816346
vt 0.9882277 0.08816346
vt 0.9802581 0.09613304
vt 0.9902201 0.09513684
vt 0.9832467 0.1036045
vt 0.9907182 0.1006159
vt 0.9872315 0.1115741
vt 0.9937068 0.1085855
vt 0.9902201 0.1170532
vt 0.9937068 0.116057
vt 0.9907182 0.1240266
vt 0.9927106 0.1230304
vt 0.9917144 0.1290075
vt 0.9727866 0.05528895
vt 0.949376 0.05230036
vt 0.9219806 0.6789084
vt 0.9055433 0.6809008
vt 0.9065395 0.6684483
vt 0.9184939 0.6624712
vt 0.9085319 0.6520111
vt 0.9145091 0.6500187
vt 0.9125167 0.6395586
vt 0.9055433 0.6933533
vt 0.923973 0.691859
vt 0.9030528 0.7147715
vt 0.9279577 0.7167639
vt 0.899068 0.7441593
vt 0.9289539 0.7506346
vt 0.8920947 0.7964597
vt 0.9249691 0.812897
vt 0.889106 0.6754217
vt 0.8970757 0.661475
vt 0.9065395 0.6684483
vt 0.9055433 0.6809008
vt 0.9035509 0.6500187
vt 0.9085319 0.6520111
vt 0.9125167 0.6395586
vt 0.8806384 0.6898666
vt 0.9055433 0.6933533
vt 0.9030528 0.7147715
vt 0.868684 0.7043114
vt 0.8826308 0.7466499
vt 0.899068 0.7441593
vt 0.8920947 0.7964597
vt 0.3969846 0.0717262
vt 0.383536 0.04383268
vt 0.3895131 0.0358631
vt 0.3760644 0.02988592
vt 0.3815435 0.01245247
vt 0.3700873 0.02042204
vt 0.3750683 0.007969578
vt 0.3680949 0.01743345
vt 0.3680949 0.003984789
vt 0.3621177 0.003984789
vt 0.3621177 0.01444486
vt 0.3576348 0.007969578
vt 0.358631 0.01245247
vt 0.3546462 0.01145627
vt 0.0358631 0.04931176
vt 0.04831557 0.04831557
vt 0.04482888 0.03885169
vt 0.01743345 0.04482888
vt 0.03984789 0.03088211
vt 0.01046007 0.0358631
vt 0.0358631 0.02341064
vt 0.006973381 0.02440683
vt 0.02540303 0.05130416
vt 0.03088211 0.05628515
vt 0.03785549 0.05528895
vt 0.04482888 0.05728134
vt 0.05230036 0.05728134
vt 0.05329655 0.06873761
vt 0.0368593 0.06375662
vt 0.008965775 0.01444486
vt 0.0348669 0.01444486
vt 0.01245247 0.005977184
vt 0.0358631 0.006973381
vt 0.03187831 0.04532697
vt 0.04731937 0.04482888
vt 0.04283648 0.0358631
vt 0.01643725 0.04084409
vt 0.03785549 0.02789352
vt 0.01145627 0.03187831
vt 0.01145627 0.02639923
vt 0.04184029 0.05429275
vt 0.05130416 0.05329655
vt 0.04632317 0.06126613
vt 0.05329655 0.06126613
vt 0.04831557 0.06574902
vt 0.05230036 0.06574902
vt 0.04931176 0.0717262
vt 0.03287451 0.02141824
vt 0.009961973 0.01344866
vt 0.01643725 0.04084409
vt 0.02241444 0.04831557
vt 0.03187831 0.04532697
vt 0.03088211 0.05528895
vt 0.0348669 0.05429275
vt 0.03785549 0.06226233
vt 0.479669 0.5329655
vt 0.479669 0.5220073
vt 0.4716994 0.5349579
vt 0.3073269 0.7605966
vt 0.3292432 0.7391784
vt 0.3118097 0.7277221
vt 0.2953725 0.7536232
vt 0.2849124 0.782513
vt 0.2759466 0.7750415
vt 0.2585132 0.7964597
vt 0.2654866 0.802935
vt 0.2460607 0.8099084
vt 0.2510417 0.8173798
vt 0.2356007 0.8223608
vt 0.2390873 0.828338
vt 0.2201596 0.8387981
vt 0.3247603 0.7043114
vt 0.358631 0.7157677
vt 0.3147983 0.7680681
vt 0.343688 0.7536232
vt 0.3292432 0.7391784
vt 0.3073269 0.7605966
vt 0.3227679 0.7835091
vt 0.3516576 0.7690643
vt 0.2888972 0.7864977
vt 0.2849124 0.782513
vt 0.2654866 0.802935
vt 0.272958 0.8148894
vt 0.2963687 0.7999464
vt 0.2510417 0.8173798
vt 0.257517 0.8263456
vt 0.2390873 0.828338
vt 0.2420759 0.833319
vt 0.2201596 0.8387981
vt 0.358631 0.7157677
vt 0.378555 0.7292164
vt 0.3815435 0.7516308
vt 0.9937068 0.7063038
vt 0.9937068 0.6973381
vt 0.9842429 0.6963419
vt 0.9822505 0.7063038
vt 0.9937068 0.6908628
vt 0.9937068 0.7167639
vt 0.9812543 0.7177601
vt 0.9937068 0.7351936
vt 0.9802581 0.7332012
vt 0.9937068 0.7566118
vt 0.9772695 0.7536232
vt 0.9762733 0.7760376
vt 0.9937068 0.7805206
vt 0.9802581 0.7954635
vt 0.9937068 0.8039312
vt 0.4816614 0.6943495
vt 0.4921215 0.6963419
vt 0.4931176 0.6928552
vt 0.9717904 0.828338
vt 0.949376 0.828338
vt 0.9717904 0.8602163
vt 0.9717904 0.7914787
vt 0.9424026 0.7914787
vt 0.9717904 0.7506346
vt 0.9404102 0.7506346
vt 0.9369235 0.7082962
vt 0.9717904 0.7082962
vt 0.9349311 0.6654598
vt 0.9717904 0.6654598
vt 0.9717904 0.6221252
vt 0.9414064 0.6221252
vt 0.9717904 0.5713191
vt 0.9523646 0.5713191
vt 0.9717904 0.5364522
vt 0.9608322 0.5364522
vt 0.9717904 0.5085587
vt 0.9717904 0.6654598
vt 0.9717904 0.7082962
vt 0.9812543 0.6654598
vt 0.9717904 0.6221252
vt 0.9917144 0.6221252
vt 0.9717904 0.5713191
vt 0.9892239 0.5713191
vt 0.9832467 0.5364522
vt 0.9717904 0.5364522
vt 0.9717904 0.5085587
vt 0.4911253 0.7033153
vt 0.5075625 0.6973381
vt 0.4921215 0.6963419
vt 0.4806652 0.7033153
vt 0.4816614 0.6943495
vt 0.4687108 0.6943495
vt 0.4687108 0.7033153
vt 0.4582507 0.6973381
vt 0.4602431 0.7033153
vt 0.454266 0.7033153
vt 0.4522735 0.7003267
vt 0.4482888 0.7033153
vt 0.4816614 0.6943495
vt 0.4931176 0.6928552
vt 0.4921215 0.6963419
vt 0.9717904 0.828338
vt 0.9717904 0.8602163
vt 0.949376 0.828338
vt 0.9717904 0.7914787
vt 0.9424026 0.7914787
vt 0.9404102 0.7506346
vt 0.9717904 0.7506346
vt 0.9369235 0.7082962
vt 0.9717904 0.7082962
vt 0.9349311 0.6654598
vt 0.9717904 0.6654598
vt 0.9717904 0.6221252
vt 0.9414064 0.6221252
vt 0.9717904 0.5713191
vt 0.9523646 0.5713191
vt 0.9717904 0.5364522
vt 0.9608322 0.5364522
vt 0.9717904 0.5085587
vt 0.9717904 0.6654598
vt 0.9812543 0.6654598
vt 0.9717904 0.7082962
vt 0.9717904 0.6221252
vt 0.9917144 0.6221252
vt 0.9717904 0.5713191
vt 0.9892239 0.5713191
vt 0.9832467 0.5364522
vt 0.9717904 0.5364522
vt 0.9717904 0.5085587
vt 0.4911253 0.7033153
vt 0.4921215 0.6963419
vt 0.5075625 0.6973381
vt 0.4806652 0.7033153
vt 0.4816614 0.6943495
vt 0.4687108 0.6943495
vt 0.4687108 0.7033153
vt 0.4582507 0.6973381
vt 0.4602431 0.7033153
vt 0.454266 0.7033153
vt 0.4522735 0.7003267
vt 0.4482888 0.7033153
vt 0.7835091 0.7302126
vt 0.752627 0.7003267
vt 0.7411708 0.7073001
vt 0.7615928 0.6973381
vt 0.7690643 0.6953457
vt 0.7506346 0.6579883
vt 0.7411708 0.6604788
vt 0.7267259 0.6036955
vt 0.7127792 0.6056879
vt 0.7082962 0.535456
vt 0.6898666 0.535456
vt 0.7013229 0.4652241
vt 0.6789084 0.4632317
vt 0.7082962 0.3925017
vt 0.6848856 0.3905093
vt 0.6953457 0.3167907
vt 0.6266081 0.3197793
vt 0.6231214 0.3979808
vt 0.5578704 0.3237641
vt 0.5618553 0.4099352
vt 0.7207487 0.3177869
vt 0.6325852 0.4726956
vt 0.6569921 0.5434256
vt 0.686878 0.6121632
vt 0.7247335 0.6654598
vt 0.7053077 0.6799046
vt 0.6559959 0.6305929
vt 0.5852659 0.4911253
vt 0.6171442 0.5688286
vt 0.6460339 0.2520379
vt 0.7107868 0.2550265
vt 0.6779122 0.1857908
vt 0.6071822 0.1703497
vt 0.6604788 0.1125703
vt 0.7117829 0.1319961
vt 0.7177601 0.06774142
vt 0.7451556 0.08517487
vt 0.7700605 0.03287451
vt 0.7800224 0.04532697
vt 0.8059236 0.01145627
vt 0.7332012 0.2007338
vt 0.752627 0.1529163
vt 0.7770339 0.1006159
vt 0.7546194 0.08417867
vt 0.8009426 0.04532697
vt 0.7924749 0.03885169
vt 0.7730491 0.1608859
vt 0.7924749 0.1036045
vt 0.8099084 0.04731937
vt 0.8303304 0.006973381
vt 0.757608 0.2052166
vt 0.7391784 0.2550265
vt 0.8338171 0.7073001
vt 0.8173798 0.7033153
vt 0.7914787 0.7341974
vt 0.8522468 0.6674522
vt 0.8681859 0.6759198
vt 0.8806384 0.6081784
vt 0.9085319 0.621129
vt 0.9404102 0.5578704
vt 0.9055433 0.5414332
vt 0.9678056 0.4826576
vt 0.9229767 0.469707
vt 0.9892239 0.4019656
vt 0.9319425 0.3934979
vt 0.9917144 0.3177869
vt 0.9299501 0.3157945
vt 0.9812543 0.2365969
vt 0.9155053 0.2460607
vt 0.8387981 0.5329655
vt 0.8323228 0.6007069
vt 0.8183761 0.6624712
vt 0.8522468 0.3138021
vt 0.8507525 0.2500455
vt 0.8512505 0.3875207
vt 0.7864977 0.5987145
vt 0.7835091 0.5289807
vt 0.7884901 0.6594826
vt 0.7670719 0.6584864
vt 0.7506346 0.6007069
vt 0.8049274 0.7023191
vt 0.7904825 0.7003267
vt 0.7790263 0.6983343
vt 0.737186 0.5319693
vt 0.7332012 0.4602431
vt 0.7855015 0.4592469
vt 0.7401745 0.3875207
vt 0.7924749 0.3865245
vt 0.7566118 0.3118097
vt 0.8009426 0.312806
vt 0.7805206 0.2500455
vt 0.8467677 0.4622355
vt 0.802935 0.1927642
vt 0.8661935 0.1842965
vt 0.8099084 0.14146
vt 0.8497562 0.1319961
vt 0.9085319 0.1170532
vt 0.8651973 0.08119008
vt 0.8338171 0.09314445
vt 0.8138931 0.05827754
vt 0.9513684 0.1723421
vt 0.8099084 0.1016121
vt 0.08915965 0.07969578
vt 0.09314445 0.0717262
vt 0.08915965 0.07073001
vt 0.08915965 0.06475282
vt 0.09862353 0.0727224
vt 0.09712923 0.06475282
vt 0.1046007 0.06475282
vt 0.08318247 0.05329655
vt 0.09712923 0.04731937
vt 0.1075893 0.05429275
vt 0.1085855 0.04383268
vt 0.09712923 0.03287451
vt 0.07969578 0.04532697
vt 0.1095817 0.03187831
vt 0.1085855 0.02141824
vt 0.07670719 0.0368593
vt 0.06375662 0.03387071
vt 0.05927374 0.005977184
vt 0.1016121 0.004980986
vt 0.06674521 0.04831557
vt 0.08119008 0.05230036
vt 0.0737186 0.06276043
vt 0.08417867 0.05927374
vt 0.08617106 0.06774142
vt 0.08218627 0.0737186
vt 0.08716726 0.07869958
vt 0.08716726 0.08617106
vt 0.5668362 0.2410797
vt 0.05130416 0.03387071
vt 0.06375662 0.03387071
vt 0.05130416 0.02341064
vt 0.05230036 0.04532697
vt 0.06674521 0.04831557
vt 0.05728134 0.05728134
vt 0.0737186 0.06276043
vt 0.06226233 0.06674521
vt 0.05927374 0.005977184
vt 0.0727224 0.07471479
vt 0.06873761 0.07670719
vt 0.07571099 0.08318247
vt 0.07670719 0.08218627
vt 0.08019388 0.08816346
vt 0.08218627 0.0737186
vt 0.0737186 0.06276043
vt 0.07670719 0.0727224
vt 0.08218627 0.07969578
vt 0.08716726 0.08617106
vt 0.07471479 0.07073001
vt 0.08019388 0.08816346
vt 0.07869958 0.08119008
vt 0.07670719 0.08218627
vt 0.07571099 0.0737186
vt 0.0727224 0.07471479
vt 0.07471479 0.07073001
vt 0.0737186 0.06276043
vt 0.2430721 0.944395
vt 0.2430721 0.964817
vt 0.2007338 0.964817
vt 0.2007338 0.944395
vt 0.2694713 0.944395
vt 0.2694713 0.964817
vt 0.1628782 0.944395
vt 0.1628782 0.964817
vt 0.1270151 0.944395
vt 0.1270151 0.964817
vt 0.08617106 0.944395
vt 0.08617106 0.964817
vt 0.06026993 0.944395
vt 0.06026993 0.964817
vt 0.02042204 0.964817
vt 0.2953725 0.944395
vt 0.2953725 0.964817
vt 0.3576348 0.944395
vt 0.3576348 0.964817
vt 0.4079428 0.944395
vt 0.4079428 0.964817
vt 0.4368325 0.964817
vt 0.4079428 0.04731937
vt 0.4019656 0.09613304
vt 0.4378287 0.09314445
vt 0.4467945 0.04632317
vt 0.4184029 0.002988592
vt 0.4562584 0.002988592
vt 0.4687108 0.09613304
vt 0.4726956 0.04931176
vt 0.4911253 0.002988592
vt 0.4921215 0.05030796
vt 0.4921215 0.09414064
vt 0.5210112 0.09314445
vt 0.5165282 0.04831557
vt 0.5269883 0.002988592
vt 0.5364522 0.04632317
vt 0.5598629 0.04532697
vt 0.5658401 0.09613304
vt 0.5648438 0.002988592
vt 0.4592469 0.1404638
vt 0.4338439 0.1424562
vt 0.4572545 0.1803117
vt 0.4348401 0.1803117
vt 0.4368325 0.2101976
vt 0.4532697 0.2111938
vt 0.4428097 0.2430721
vt 0.4184029 0.2181672
vt 0.4348401 0.2470569
vt 0.4522735 0.2644904
vt 0.4512773 0.2420759
vt 0.408939 0.1852927
vt 0.4019656 0.1434524
vt 0.5763001 0.04532697
vt 0.5872583 0.09513684
vt 0.5638477 0.1424562
vt 0.5897488 0.1444486
vt 0.5578704 0.1823041
vt 0.5384446 0.1793155
vt 0.5494028 0.21219
vt 0.5339617 0.2101976
vt 0.5424294 0.1404638
vt 0.5289807 0.2440683
vt 0.5374484 0.2480531
vt 0.570821 0.2201596
vt 0.5065663 0.2644904
vt 0.5210112 0.2430721
vt 0.5852659 0.1852927
vt 0.545418 0.09513684
vt 0.5155321 0.1344866
vt 0.4901291 0.1344866
vt 0.5125435 0.1733383
vt 0.4871404 0.1713459
vt 0.4687108 0.1334904
vt 0.4677146 0.1723421
vt 0.4851481 0.2027261
vt 0.4687108 0.2052166
vt 0.479669 0.2380911
vt 0.5045739 0.207209
vt 0.4871404 0.2420759
vt 0.469707 0.2634942
vt 0.4707032 0.2390873
vt 0.07571099 0.2943763
vt 0.01046007 0.2953725
vt 0.01046007 0.2550265
vt 0.07869958 0.2565208
vt 0.07073001 0.3466766
vt 0.01046007 0.3506614
vt 0.01046007 0.2131862
vt 0.08019388 0.21219
vt 0.01046007 0.1703497
vt 0.08019388 0.1618821
vt 0.06475282 0.09862353
vt 0.01046007 0.1180494
vt 0.04184029 0.0727224
vt 0.07073001 0.398977
vt 0.1250228 0.3969846
vt 0.1309999 0.3466766
vt 0.01046007 0.3999732
vt 0.1384714 0.2634942
vt 0.1334904 0.2161748
vt 0.1927642 0.2490493
vt 0.1877832 0.2963687
vt 0.2151786 0.3023459
vt 0.2141824 0.3486691
vt 0.1833003 0.3476728
vt 0.2206577 0.2595094
vt 0.1354828 0.2963687
vt 0.1803117 0.2032242
vt 0.126019 0.166863
vt 0.166863 0.1559049
vt 0.07571099 0.2943763
vt 0.07073001 0.3466766
vt 0.1733383 0.3979808
vt 0.1598897 0.4582507
vt 0.1115741 0.4532697
vt 0.1424562 0.5135397
vt 0.09862353 0.5075625
vt 0.1852927 0.5230036
vt 0.2042204 0.4652241
vt 0.2226501 0.5349579
vt 0.2450645 0.4756842
vt 0.2555246 0.5484066
vt 0.2789352 0.4891329
vt 0.287901 0.5678324
vt 0.3138021 0.5065663
vt 0.3556424 0.5239998
vt 0.328247 0.5882545
vt 0.3969846 0.535456
vt 0.3661025 0.6056879
vt 0.2943763 0.6510149
vt 0.328247 0.6769161
vt 0.257517 0.6256119
vt 0.2226501 0.6828932
vt 0.2530341 0.7127792
vt 0.2296235 0.6081784
vt 0.2819238 0.747646
vt 0.2062128 0.7650795
vt 0.2306197 0.8039312
vt 0.1504258 0.8109046
vt 0.166863 0.8507525
vt 0.08716726 0.8467677
vt 0.07869958 0.807916
vt 0.1329923 0.7740453
vt 0.1006159 0.8846232
vt 0.01046007 0.8368057
vt 0.01046007 0.7944673
vt 0.06475282 0.7660757
vt 0.01046007 0.7546194
vt 0.04532697 0.732205
vt 0.1065931 0.7312088
vt 0.07869958 0.7013229
vt 0.1813079 0.732205
vt 0.14146 0.6928552
vt 0.1703497 0.6470301
vt 0.1075893 0.6674522
vt 0.1329923 0.6256119
vt 0.09812543 0.6131594
vt 0.1220342 0.5678324
vt 0.1608859 0.5772963
vt 0.0737186 0.6480263
vt 0.08318247 0.5608591
vt 0.05329655 0.5065663
vt 0.04632317 0.5568743
vt 0.0717262 0.606186
vt 0.03984789 0.6036955
vt 0.01046007 0.5015853
vt 0.01046007 0.5528895
vt 0.01046007 0.6007069
vt 0.01046007 0.6385624
vt 0.0348669 0.641053
vt 0.02739543 0.6754217
vt 0.01046007 0.6724331
vt 0.05130416 0.6828932
vt 0.01046007 0.7092925
vt 0.1987413 0.5927374
vt 0.01046007 0.07770339
vt 0.01046007 0.1180494
vt 0.01046007 0.1170532
vt 0.04184029 0.0727224
vt 0.01046007 0.1180494
vt 0.01046007 0.07770339
vt 0.01046007 0.07770339
vt 0.01046007 0.06126613
vt 0.04184029 0.0727224
vt 0.5269883 0.3147983
vt 0.5494028 0.3118097
vt 0.5538857 0.3516576
vt 0.5200149 0.3526538
vt 0.5339617 0.2888972
vt 0.5125435 0.3098173
vt 0.5220073 0.2859086
vt 0.5474104 0.2898934
vt 0.5414332 0.272958
vt 0.5464142 0.2739542
vt 0.5329655 0.2714638
vt 0.5035777 0.34319
vt 0.5464142 0.2654866
vt 0.5484066 0.2664828
vt 0.5414332 0.2664828
vt 0.550399 0.3795511
vt 0.5200149 0.3845322
vt 0.5484066 0.4233838
vt 0.5180226 0.4213914
vt 0.500091 0.4184029
vt 0.500091 0.3740721
vt 0.5474104 0.4657222
vt 0.5180226 0.4632317
vt 0.500091 0.4642279
vt 0.5180226 0.5075625
vt 0.5474104 0.5055701
vt 0.4990948 0.5085587
vt 0.5513952 0.257517
vt 0.6091746 0.6933533
vt 0.616148 0.6908628
vt 0.6091746 0.6789084
vt 0.6231214 0.6759198
vt 0.6091746 0.6644636
vt 0.6231214 0.6624712
vt 0.6091746 0.6500187
vt 0.6231214 0.6490225
vt 0.6091746 0.6405548
vt 0.6231214 0.6395586
vt 0.621129 0.6266081
vt 0.6091746 0.6295967
vt 0.6091746 0.621129
vt 0.6191366 0.6191366
vt 0.6141556 0.6151518
vt 0.6181404 0.6151518
vt 0.6171442 0.6121632
vt 0.6191366 0.6121632
vt 0.621129 0.6091746
vt 0.6231214 0.6878742
vt 0.6500187 0.6624712
vt 0.6584864 0.6624712
vt 0.6579883 0.6530073
vt 0.6540035 0.6520111
vt 0.6470301 0.6734294
vt 0.6594826 0.6724331
vt 0.6584864 0.6460339
vt 0.6460339 0.686878
vt 0.6604788 0.6848856
vt 0.6594826 0.6993304
vt 0.6450377 0.7003267
vt 0.6624712 0.6644636
vt 0.6694446 0.6624712
vt 0.6654598 0.6520111
vt 0.6624712 0.6540035
vt 0.6624712 0.6744255
vt 0.671437 0.6734294
vt 0.661475 0.6460339
vt 0.671437 0.6858818
vt 0.6624712 0.6878742
vt 0.6704407 0.7003267
vt 0.661475 0.7033153
vt 0.4980986 0.3073269
vt 0.4881366 0.3088211
vt 0.4931176 0.3247603
vt 0.4980986 0.3227679
vt 0.4990948 0.2923839
vt 0.4861443 0.2943763
vt 0.4980986 0.333228
vt 0.4990948 0.2739542
vt 0.4851481 0.2759466
vt 0.4931176 0.2565208
vt 0.500091 0.2565208
vt 0.4851481 0.2565208
vt 0.4941138 0.3621177
vt 0.4716994 0.3680949
vt 0.4657222 0.3292432
vt 0.4831557 0.3197793
vt 0.4961062 0.4203953
vt 0.4776766 0.4193991
vt 0.454266 0.2898934
vt 0.4438059 0.328247
vt 0.4448021 0.2903915
vt 0.4398211 0.2605056
vt 0.4622355 0.2849124
vt 0.4457983 0.4213914
vt 0.4438059 0.3700873
vt 0.4457983 0.4642279
vt 0.4756842 0.4657222
vt 0.4707032 0.5105511
vt 0.4418135 0.5085587
vt 0.4931176 0.5115473
vt 0.4941138 0.4667184
vt 0.641053 0.6430453
vt 0.641053 0.6345776
vt 0.6315891 0.6355739
vt 0.6315891 0.6450377
vt 0.641053 0.6540035
vt 0.6315891 0.6559959
vt 0.6355739 0.6286005
vt 0.641053 0.6684483
vt 0.6315891 0.6684483
vt 0.641053 0.6799046
vt 0.6315891 0.6789084
vt 0.6315891 0.6898666
vt 0.641053 0.6908628
vt 0.6375663 0.969798
vt 0.6385624 0.9882277
vt 0.6963419 0.9882277
vt 0.6953457 0.969798
vt 0.7566118 0.9882277
vt 0.7546194 0.969798
vt 0.8099084 0.9882277
vt 0.8089122 0.969798
vt 0.8622087 0.9882277
vt 0.8651973 0.969798
vt 0.9095281 0.9882277
vt 0.9105243 0.969798
vt 0.944395 0.9882277
vt 0.9503722 0.969798
vt 0.9872315 0.9882277
vt 0.9165015 0.9174977
vt 0.8632049 0.9125167
vt 0.8681859 0.8836269
vt 0.8059236 0.9065395
vt 0.8099084 0.8622087
vt 0.8836269 0.8338171
vt 0.8173798 0.828338
vt 0.752627 0.8467677
vt 0.7586042 0.807916
vt 0.8243532 0.8009426
vt 0.7650795 0.7760376
vt 0.6898666 0.7964597
vt 0.6943495 0.757608
vt 0.7730491 0.7451556
vt 0.7023191 0.7197525
vt 0.8313266 0.7740453
vt 0.6878742 0.8427829
vt 0.6246157 0.8397943
vt 0.6305929 0.9045471
vt 0.6898666 0.9065395
vt 0.570821 0.9020566
vt 0.5638477 0.8407905
vt 0.5239998 0.9010604
vt 0.5175245 0.8417867
vt 0.6221252 0.7934711
vt 0.5598629 0.7954635
vt 0.5145359 0.7974559
vt 0.4642279 0.8437791
vt 0.4602431 0.8009426
vt 0.4687108 0.9010604
vt 0.4134219 0.8507525
vt 0.4164104 0.9035509
vt 0.4203953 0.9359273
vt 0.4716994 0.9359273
vt 0.4099352 0.807916
vt 0.3556424 0.9085319
vt 0.3566386 0.9359273
vt 0.3526538 0.8592201
vt 0.3466766 0.8173798
vt 0.2933801 0.9135129
vt 0.2923839 0.9359273
vt 0.2903915 0.8756574
vt 0.2400835 0.9155053
vt 0.2410797 0.9359273
vt 0.2400835 0.8871136
vt 0.2869048 0.8387981
vt 0.2380911 0.8562316
vt 0.1947566 0.8661935
vt 0.196749 0.8950832
vt 0.1987413 0.9165015
vt 0.1648706 0.9020566
vt 0.166863 0.9165015
vt 0.1997375 0.9359273
vt 0.1678592 0.9359273
vt 0.1628782 0.8766536
vt 0.1434524 0.9075357
vt 0.146441 0.9174977
vt 0.1354828 0.9174977
vt 0.1329923 0.9115205
vt 0.146441 0.9359273
vt 0.1354828 0.9359273
vt 0.1404638 0.8846232
vt 0.1300037 0.8881099
vt 0.1170532 0.9359273
vt 0.116057 0.91949
vt 0.1046007 0.9359273
vt 0.1046007 0.9204863
vt 0.07670719 0.9359273
vt 0.07471479 0.9209844
vt 0.04731937 0.9359273
vt 0.04532697 0.923973
vt 0.03088211 0.9359273
vt 0.02988592 0.9299501
vt 0.04184029 0.9165015
vt 0.02789352 0.9259654
vt 0.0737186 0.9065395
vt 0.1006159 0.9020566
vt 0.01444486 0.9359273
vt 0.1125703 0.8960794
vt 0.1155589 0.9165015
vt 0.1200418 0.91949
vt 0.7506346 0.8861175
vt 0.7506346 0.9035509
vt 0.747646 0.8746612
vt 0.5772963 0.9568475
vt 0.5269883 0.944395
vt 0.5812811 0.9892239
vt 0.5364522 0.9882277
vt 0.5349579 0.9668095
vt 0.5165282 0.9882277
vt 0.5155321 0.9762733
vt 0.4901291 0.9882277
vt 0.7516308 0.8651973
vt 0.6256119 0.747646
vt 0.5608591 0.7411708
vt 0.5608591 0.7914787
vt 0.6231214 0.7944673
vt 0.6305929 0.7063038
vt 0.5628514 0.6983343
vt 0.5075625 0.7456536
vt 0.5115473 0.7944673
vt 0.454266 0.752627
vt 0.4582507 0.7974559
vt 0.5035777 0.7073001
vt 0.4522735 0.732205
vt 0.4019656 0.7650795
vt 0.4049542 0.8049274
vt 0.3999732 0.7506346
vt 0.3516576 0.7805206
vt 0.4512773 0.7167639
vt 0.398977 0.7332012
vt 0.9359273 0.868684
vt 0.9433988 0.8497562
vt 0.8910984 0.8099084
vt 0.9727866 0.873665
vt 0.9628246 0.8920947
vt 0.9872315 0.8930908
vt 0.9872315 0.9105243
vt 0.954357 0.9309464
vt 0.9872315 0.969798
vt 0.469707 0.6809008
vt 0.4657222 0.6674522
vt 0.4502812 0.6674522
vt 0.4806652 0.6674522
vt 0.4826576 0.6838894
vt 0.49511 0.6674522
vt 0.4677146 0.6858818
vt 0.4826576 0.6888704
vt 0.4816614 0.686878
vt 0.4961062 0.6898666
vt 0.49511 0.6674522
vt 0.5085587 0.6674522
vt 0.5095549 0.6908628
vt 0.5259922 0.6789084
vt 0.524996 0.666456
vt 0.5414332 0.666456
vt 0.4826576 0.6838894
vt 0.4677146 0.6858818
vt 0.4816614 0.686878
vt 0.4283648 0.4851481
vt 0.4328477 0.4861443
vt 0.4328477 0.4756842
vt 0.4308553 0.4726956
vt 0.42438 0.4961062
vt 0.4328477 0.4980986
vt 0.4328477 0.4657222
vt 0.4318515 0.4652241
vt 0.4328477 0.4562584
vt 0.4223876 0.5005891
vt 0.4328477 0.5025815
vt 0.4193991 0.5085587
vt 0.4328477 0.5115473
vt 0.4184029 0.5145359
vt 0.4328477 0.5165282
vt 0.4154142 0.524996
vt 0.4328477 0.5269883
vt 0.4174066 0.5384446
vt 0.4328477 0.540437
vt 0.4099352 0.5384446
vt 0.4203953 0.5588667
vt 0.4029618 0.5578704
vt 0.4193991 0.5812811
vt 0.3944941 0.5802849
vt 0.4328477 0.5822773
vt 0.4338439 0.5588667
vt 0.4193991 0.6101708
vt 0.408939 0.5842697
vt 0.383536 0.6081784
vt 0.4174066 0.6385624
vt 0.3750683 0.6355739
vt 0.4134219 0.6584864
vt 0.3690911 0.6569921
vt 0.3641101 0.666456
vt 0.4099352 0.6684483
vt 0.3596272 0.6754217
vt 0.4049542 0.6779122
vt 0.3576348 0.686878
vt 0.4019656 0.6888704
vt 0.4328477 0.6395586
vt 0.4328477 0.611167
vt 0.4328477 0.6584864
vt 0.4328477 0.6694446
vt 0.4328477 0.6799046
vt 0.4328477 0.6898666
vt 0.4328477 0.6983343
vt 0.3576348 0.6993304
vt 0.42438 0.5852659
vt 0.4328477 0.5822773
vt 0.4193991 0.5812811
vt 0.3944941 0.5802849
vt 0.4378287 0.6724331
vt 0.4328477 0.6799046
vt 0.4388249 0.6799046
vt 0.4328477 0.6898666
vt 0.4328477 0.6799046
vt 0.4378287 0.6724331
vt 0.4328477 0.6734294
vt 0.4388249 0.6799046
vt 0.4467945 0.6799046
vt 0.4438059 0.6724331
vt 0.4378287 0.6724331
vt 0.4408173 0.6694446
vt 0.4368325 0.6704407
vt 0.4378287 0.666456
vt 0.4428097 0.6908628
vt 0.4328477 0.6898666
vt 0.4328477 0.6983343
vt 0.4368325 0.6704407
vt 0.4328477 0.6704407
vt 0.4328477 0.6734294
vt 0.4378287 0.6724331
vt 0.4378287 0.666456
vt 0.3576348 0.6993304
vt 0.4328477 0.7102886
vt 0.4328477 0.6983343
vt 0.4328477 0.6694446
vt 0.4049542 0.6779122
vt 0.4328477 0.6799046
vt 0.4398211 0.6993304
vt 0.4428097 0.6908628
vt 0.4328477 0.6983343
vt 0.49511 0.6674522
vt 0.4826576 0.6838894
vt 0.4816614 0.686878
vt 0.5997108 0.6559959
vt 0.5997108 0.6385624
vt 0.5882545 0.6385624
vt 0.5882545 0.6549997
vt 0.5887526 0.6231214
vt 0.6007069 0.6236195
vt 0.570821 0.6221252
vt 0.5658401 0.6375663
vt 0.590745 0.6091746
vt 0.6026993 0.6091746
vt 0.5917411 0.5987145
vt 0.5772963 0.6081784
vt 0.5802849 0.5987145
vt 0.590745 0.5897488
vt 0.6026993 0.5967222
vt 0.6017032 0.5897488
vt 0.5897488 0.5812811
vt 0.5832735 0.5887526
vt 0.5852659 0.5792887
vt 0.5977184 0.5802849
vt 0.5897488 0.570821
vt 0.5947298 0.5713191
vt 0.5862621 0.5628514
vt 0.5852659 0.570821
vt 0.500091 0.5822773
vt 0.5230036 0.5832735
vt 0.5220073 0.5688286
vt 0.5035777 0.5698248
vt 0.5200149 0.5578704
vt 0.5055701 0.5578704
vt 0.5180226 0.5474104
vt 0.5085587 0.5474104
vt 0.5180226 0.5394408
vt 0.5095549 0.5384446
vt 0.5190188 0.5329655
vt 0.5125435 0.5319693
vt 0.5200149 0.5289807
vt 0.5155321 0.5279846
vt 0.5180226 0.5220073
vt 0.5210112 0.5220073
vt 0.5230036 0.5175245
vt 0.4921215 0.6056879
vt 0.5230036 0.6046917
vt 0.5872583 0.6878742
vt 0.5638477 0.6579883
vt 0.5648438 0.6878742
vt 0.6017032 0.6878742
vt 0.5339617 0.5513952
vt 0.5319693 0.5743077
vt 0.550399 0.5772963
vt 0.5538857 0.5513952
vt 0.5309731 0.5947298
vt 0.5494028 0.5967222
vt 0.5753039 0.5802849
vt 0.5713191 0.6007069
vt 0.529977 0.5175245
vt 0.5548819 0.5180226
vt 0.5812811 0.5175245
vt 0.5802849 0.5513952
vt 0.5474104 0.616148
vt 0.5309731 0.616148
vt 0.5474104 0.63657
vt 0.5339617 0.63657
vt 0.5638477 0.6181404
vt 0.5568743 0.6375663
vt 0.5484066 0.6450377
vt 0.5384446 0.6460339
vt 0.5484066 0.6500187
vt 0.540437 0.6500187
vt 0.5548819 0.6450377
vt 0.5538857 0.6500187
vt 0.5513952 0.6594826
vt 0.5474104 0.6594826
vt 0.5538857 0.6684483
vt 0.5538857 0.6584864
vt 0.6315891 0.1170532
vt 0.6450377 0.1036045
vt 0.6335815 0.08816346
vt 0.621129 0.09712923
vt 0.6450377 0.08218627
vt 0.6559959 0.09712923
vt 0.5987145 0.1016121
vt 0.6121632 0.1270151
vt 0.6584864 0.07770339
vt 0.6644636 0.08915965
vt 0.6754217 0.08218627
vt 0.6724331 0.07471479
vt 0.6809008 0.07869958
vt 0.6789084 0.0737186
vt 0.6828932 0.0737186
vt 0.6838894 0.07670719
vt 0.6908628 0.0727224
vt 0.6908628 0.07471479
vt 0.6973381 0.0717262
vt 0.4253762 0.969798
vt 0.4716994 0.969798
vt 0.4716994 0.9937068
vt 0.4253762 0.9937068
vt 0.3795511 0.969798
vt 0.3795511 0.9937068
vt 0.3352204 0.969798
vt 0.3352204 0.9937068
vt 0.2973649 0.969798
vt 0.2973649 0.9937068
vt 0.2565208 0.969798
vt 0.2565208 0.9937068
vt 0.217171 0.969798
vt 0.217171 0.9937068
vt 0.1703497 0.969798
vt 0.1703497 0.9937068
vt 0.1270151 0.969798
vt 0.1270151 0.9937068
vt 0.09712923 0.9937068
vt 0.09712923 0.969798
vt 0.06574902 0.9937068
vt 0.06574902 0.969798
vt 0.03885169 0.9937068
vt 0.03885169 0.969798
vt 0.01145627 0.969798
vt 0.4716994 0.9822505
vt 0.4716994 0.969798
vt 0.4253762 0.969798
vt 0.4253762 0.9822505
vt 0.4253762 0.9937068
vt 0.3795511 0.9822505
vt 0.3795511 0.9937068
vt 0.3352204 0.9822505
vt 0.3352204 0.9937068
vt 0.4716994 0.9937068
vt 0.3352204 0.969798
vt 0.2973649 0.969798
vt 0.2973649 0.9822505
vt 0.2565208 0.969798
vt 0.2565208 0.9822505
vt 0.3795511 0.969798
vt 0.2973649 0.9937068
vt 0.2565208 0.9937068
vt 0.217171 0.9822505
vt 0.217171 0.9937068
vt 0.217171 0.969798
vt 0.1703497 0.969798
vt 0.1703497 0.9822505
vt 0.1703497 0.9937068
vt 0.1270151 0.9822505
vt 0.1270151 0.9937068
vt 0.1270151 0.969798
vt 0.09712923 0.9822505
vt 0.09712923 0.969798
vt 0.06574902 0.9822505
vt 0.06574902 0.969798
vt 0.03885169 0.9822505
vt 0.03885169 0.9937068
vt 0.06574902 0.9937068
vt 0.03885169 0.969798
vt 0.01145627 0.969798
vt 0.09712923 0.9937068
vt 0.338209 0.4378287
vt 0.3596272 0.3845322
vt 0.3944941 0.403958
vt 0.3795511 0.4532697
vt 0.4338439 0.4164104
vt 0.4213914 0.4707032
vt 0.4408173 0.3566386
vt 0.408939 0.3486691
vt 0.3013497 0.42438
vt 0.3177869 0.3720797
vt 0.328247 0.3257565
vt 0.3661025 0.3362166
vt 0.3342242 0.2849124
vt 0.3670987 0.3013497
vt 0.2898934 0.3147983
vt 0.2759466 0.3606234
vt 0.3033421 0.267479
vt 0.3167907 0.2356007
vt 0.34319 0.2470569
vt 0.3680949 0.2595094
vt 0.343688 0.2131862
vt 0.3641101 0.2181672
vt 0.3446842 0.1927642
vt 0.3606234 0.191768
vt 0.262498 0.4134219
vt 0.2286273 0.3516576
vt 0.2356007 0.3043383
vt 0.2759466 0.312806
vt 0.2430721 0.262498
vt 0.28292 0.2684752
vt 0.2913877 0.2201596
vt 0.3108135 0.2266349
vt 0.2869048 0.1897756
vt 0.3088211 0.1907718
vt 0.2849124 0.1723421
vt 0.3023459 0.1658668
vt 0.2191634 0.403958
vt 0.2605056 0.1852927
vt 0.2644904 0.1703497
vt 0.2206577 0.2161748
vt 0.2365969 0.2092014
vt 0.2161748 0.1723421
vt 0.2246425 0.1648706
vt 0.2017299 0.2092014
vt 0.2007338 0.1703497
vt 0.21219 0.1569011
vt 0.1997375 0.1559049
vt 0.207209 0.14146
vt 0.1987413 0.14146
vt 0.2032242 0.1300037
vt 0.1987413 0.1300037
vt 0.2191634 0.1504258
vt 0.21219 0.1354828
vt 0.1987413 0.1180494
vt 0.2052166 0.1270151
vt 0.4308553 0.2973649
vt 0.4358363 0.3272508
vt 0.4099352 0.3227679
vt 0.4099352 0.2953725
vt 0.3905093 0.2913877
vt 0.3855283 0.3147983
vt 0.3805473 0.338209
vt 0.3895131 0.2739542
vt 0.4049542 0.2769428
vt 0.4009694 0.257517
vt 0.3885169 0.2565208
vt 0.4109314 0.2550265
vt 0.4213914 0.2759466
vt 0.3855283 0.2306197
vt 0.3372128 0.2111938
vt 0.3262546 0.207209
vt 0.3292432 0.191768
vt 0.3446842 0.1927642
vt 0.343688 0.1713459
vt 0.3312356 0.1703497
vt 0.34319 0.1628782
vt 0.333228 0.1618821
vt 0.3411976 0.1539125
vt 0.3352204 0.1539125
vt 0.3392052 0.1394676
vt 0.3167907 0.2356007
vt 0.1230304 0.0717262
vt 0.1354828 0.07073001
vt 0.14146 0.08915965
vt 0.1230304 0.09115205
vt 0.1300037 0.05927374
vt 0.1240266 0.06026993
vt 0.1115741 0.06674521
vt 0.1170532 0.05728134
vt 0.1240266 0.04731937
vt 0.1519201 0.1200418
vt 0.1240266 0.1250228
vt 0.09414064 0.1180494
vt 0.1046007 0.08517487
vt 0.01046007 0.8766536
vt 0.05230036 0.9000642
vt 0.01046007 0.9020566
vt 0.34319 0.1628782
vt 0.3516576 0.1608859
vt 0.3566386 0.1683573
vt 0.343688 0.1713459
vt 0.3411976 0.1539125
vt 0.3476728 0.1529163
vt 0.3392052 0.1394676
vt 0.2799314 0.1240266
vt 0.2799314 0.1319961
vt 0.2769428 0.1319961
vt 0.28292 0.1290075
vt 0.2739542 0.1424562
vt 0.2819238 0.14146
vt 0.2694713 0.1549087
vt 0.28292 0.1539125
vt 0.2943763 0.1504258
vt 0.2859086 0.136479
vt 0.2555246 0.2161748
vt 0.4522735 0.5608591
vt 0.4687108 0.5618553
vt 0.4652241 0.5698248
vt 0.4522735 0.5668362
vt 0.4592469 0.550399
vt 0.4881366 0.5464142
vt 0.4612393 0.5394408
vt 0.4921215 0.5588667
vt 0.4512773 0.5753039
vt 0.4572545 0.5772963
vt 0.4502812 0.5842697
vt 0.4657222 0.5782925
vt 0.4562584 0.5842697
vt 0.4652241 0.5872583
vt 0.4562584 0.5887526
vt 0.4632317 0.5917411
vt 0.474688 0.5887526
vt 0.4652241 0.6007069
vt 0.4652241 0.6007069
vt 0.4931176 0.5802849
vt 0.4881366 0.5887526
vt 0.4532697 0.5927374
vt 0.4971024 0.570821
vt 0.4756842 0.6007069
vt 0.4756842 0.6007069
vt 0.4552622 0.6007069
vt 0.4592469 0.6007069
vt 0.4552622 0.6007069
vt 0.479669 0.6191366
vt 0.4831557 0.6131594
vt 0.4891329 0.6151518
vt 0.4851481 0.6201328
vt 0.4667184 0.6181404
vt 0.4716994 0.6091746
vt 0.4512773 0.6101708
vt 0.4622355 0.6071822
vt 0.4512773 0.6046917
vt 0.49511 0.6171442
vt 0.4921215 0.621129
vt 0.4990948 0.6191366
vt 0.4961062 0.6221252
vt 0.5025815 0.621129
vt 0.500091 0.6231214
vt 0.5055701 0.6246157
vt 0.49511 0.6266081
vt 0.5015853 0.6266081
vt 0.500091 0.6305929
vt 0.49511 0.6295967
vt 0.4841519 0.6246157
vt 0.4881366 0.6345776
vt 0.4687108 0.6355739
vt 0.4776766 0.6221252
vt 0.4941138 0.6345776
vt 0.4990948 0.6345776
vt 0.5025815 0.6305929
vt 0.469707 0.6201328
vt 0.5025815 0.6345776
vt 0.5075625 0.6315891
vt 0.5105511 0.6335815
vt 0.5075625 0.6345776
vt 0.5125435 0.6345776
vt 0.5115473 0.6345776
vt 0.5135397 0.6345776
vt 0.479669 0.6460339
vt 0.479669 0.641053
vt 0.4871404 0.641053
vt 0.4871404 0.6450377
vt 0.4961062 0.6420491
vt 0.4961062 0.6440415
vt 0.5015853 0.6420491
vt 0.5015853 0.6440415
vt 0.5045739 0.6430453
vt 0.5045739 0.6440415
vt 0.5085587 0.6440415
vt 0.4522735 0.6450377
vt 0.4707032 0.6405548
vt 0.4522735 0.6500187
vt 0.4602431 0.6420491
vt 0.4667184 0.6395586
vt 0.4881366 0.6490225
vt 0.479669 0.6500187
vt 0.479669 0.6460339
vt 0.4871404 0.6450377
vt 0.4961062 0.6470301
vt 0.4961062 0.6440415
vt 0.4522735 0.6500187
vt 0.5015853 0.6460339
vt 0.5015853 0.6440415
vt 0.5045739 0.6440415
vt 0.5045739 0.6450377
vt 0.5085587 0.6440415
vt 0.4522735 0.6191366
vt 0.469707 0.6201328
vt 0.4522735 0.6276042
vt 0.4687108 0.6355739
vt 0.4592469 0.63657
vt 0.4642279 0.6385624
vt 0.4522735 0.6375663
vt 0.4602431 0.6420491
vt 0.4667184 0.6395586
vt 0.4602431 0.6420491
vt 0.4522735 0.6450377
vt 0.4716994 0.5349579
vt 0.4851481 0.5339617
vt 0.4881366 0.5464142
vt 0.4612393 0.5230036
vt 0.4667184 0.529977
vt 0.4552622 0.5309731
vt 0.4502812 0.5230036
vt 0.479669 0.5220073
vt 0.4716994 0.5349579
vt 0.9668095 0.03984789
vt 0.9678056 0.01544106
vt 0.9578437 0.03387071
vt 0.9379197 0.03287451
vt 0.9892239 0.01544106
vt 0.9892239 0.01544106
vt 0.9289539 0.01544106
vt 0.9184939 0.02639923
vt 0.9065395 0.01544106
vt 0.9892239 0.01544106
vt 0.9717904 0.04831557
vt 0.9892239 0.04831557
vt 0.9578437 0.03387071
vt 0.9379197 0.03287451
vt 0.9568475 0.04532697
vt 0.4851481 0.5339617
vt 0.479669 0.5329655
vt 0.479669 0.5220073
vt 0.4572545 0.5772963
vt 0.4562584 0.5842697
vt 0.4502812 0.5842697
vt 0.5155321 0.6295967
vt 0.5115473 0.6295967
vt 0.5115473 0.6286005
vt 0.5095549 0.6286005
vt 0.5085587 0.6295967
vt 0.5075625 0.6276042
vt 0.5065663 0.6295967
vt 0.4990948 0.6375663
vt 0.5035777 0.6385624
vt 0.5015853 0.6395586
vt 0.4980986 0.6395586
vt 0.5065663 0.6395586
vt 0.5055701 0.6405548
vt 0.5095549 0.6405548
vt 0.49511 0.63657
vt 0.4931176 0.6395586
vt 0.4831557 0.6355739
vt 0.4816614 0.6395586
vt 0.4687108 0.6355739
vt 0.4667184 0.6395586
vt 0.4522735 0.6500187
vt 0.479669 0.6500187
vt 0.4941138 0.6530073
vt 0.4941138 0.6594826
vt 0.5065663 0.6549997
vt 0.4512773 0.6101708
vt 0.4667184 0.6181404
vt 0.4522735 0.6191366
vt 0.4522735 0.6191366
vt 0.4667184 0.6181404
vt 0.469707 0.6201328
vt 0.4522735 0.6594826
vt 0.4941138 0.6594826
vt 0.4622355 0.6594826
vt 0.4941138 0.6594826
vt 0.4522735 0.6594826
vt 0.4522735 0.6500187
vt 0.4941138 0.6594826
vt 0.5075625 0.6584864
vt 0.4941138 0.6584864
vt 0.5075625 0.6584864
vt 0.4941138 0.6594826
vt 0.5065663 0.6549997
vt 0.5165282 0.6579883
vt 0.5075625 0.6584864
vt 0.5065663 0.6549997
vt 0.2644904 0.005977184
vt 0.257517 0.0358631
vt 0.2390873 0.005977184
vt 0.2809276 0.03088211
vt 0.2714638 0.06375662
vt 0.3003535 0.05429275
vt 0.3088211 0.07770339
vt 0.2799314 0.09015585
vt 0.3108135 0.1026083
vt 0.287901 0.1145627
vt 0.3138021 0.126019
vt 0.2963687 0.1404638
vt 0.3187831 0.1519201
vt 0.3063307 0.1608859
vt 0.3227679 0.186787
vt 0.3003535 0.05429275
vt 0.3187831 0.04383268
vt 0.3257565 0.06774142
vt 0.3088211 0.07770339
vt 0.3292432 0.09513684
vt 0.3108135 0.1026083
vt 0.3302394 0.1200418
vt 0.3138021 0.126019
vt 0.328247 0.1504258
vt 0.3187831 0.1519201
vt 0.3227679 0.186787
vt 0.2809276 0.03088211
vt 0.3187831 0.02341064
vt 0.3187831 0.005977184
vt 0.2644904 0.005977184
vt 0.3895131 0.07770339
vt 0.3651063 0.09712923
vt 0.3516576 0.06475282
vt 0.3710835 0.04084409
vt 0.3959884 0.1170532
vt 0.3730759 0.1250228
vt 0.3954903 0.1559049
vt 0.3760644 0.1569011
vt 0.3795511 0.1833003
vt 0.3915055 0.1813079
vt 0.3915055 0.21219
vt 0.3392052 0.0348669
vt 0.3486691 0.02141824
vt 0.3237641 0.007969578
vt 0.3795511 0.1833003
vt 0.3720797 0.1947566
vt 0.3611215 0.1733383
vt 0.3760644 0.1569011
vt 0.3556424 0.14146
vt 0.3730759 0.1250228
vt 0.3516576 0.1065931
vt 0.3651063 0.09712923
vt 0.3915055 0.21219
vt 0.34319 0.07073001
vt 0.3516576 0.06475282
vt 0.3352204 0.0368593
vt 0.3392052 0.0348669
vt 0.3237641 0.007969578
vt 0.186787 0.002988592
vt 0.2082052 0.04482888
vt 0.2286273 0.03287451
vt 0.1852927 0.04283648
vt 0.1877832 0.05927374
vt 0.2101976 0.05728134
vt 0.2420759 0.05628515
vt 0.1957528 0.08617106
vt 0.2161748 0.08119008
vt 0.207209 0.1095817
vt 0.2296235 0.1065931
vt 0.2510417 0.08517487
vt 0.257517 0.1135665
vt 0.2440683 0.1374752
vt 0.2605056 0.14146
vt 0.2296235 0.1404638
vt 0.2500455 0.1628782
vt 0.2585132 0.1648706
vt 0.2390873 0.1598897
vt 0.2490493 0.1763269
vt 0.2550265 0.1773231
vt 0.2450645 0.1927642
vt 0.2420759 0.1733383
vt 0.1444486 0.04482888
vt 0.1693535 0.04532697
vt 0.1783193 0.006973381
vt 0.1394676 0.009961973
vt 0.1434524 0.06475282
vt 0.1683573 0.06026993
vt 0.1494296 0.09613304
vt 0.1693535 0.08318247
vt 0.1783193 0.1075893
vt 0.1638744 0.1190456
vt 0.1877832 0.1354828
vt 0.1803117 0.1404638
vt 0.1937604 0.1608859
vt 0.1877832 0.1354828
vt 0.1937604 0.136479
vt 0.191768 0.1105779
vt 0.1783193 0.1075893
vt 0.186787 0.08617106
vt 0.1693535 0.08318247
vt 0.1803117 0.06126613
vt 0.1683573 0.06026993
vt 0.1937604 0.1608859
vt 0.1793155 0.04632317
vt 0.1693535 0.04532697
vt 0.1783193 0.006973381
vt 0.7466499 0.02639923
vt 0.7023191 0.04184029
vt 0.7033153 0.02042204
vt 0.7456536 0.01643725
vt 0.7815167 0.007969578
vt 0.6594826 0.02341064
vt 0.6549997 0.04831557
vt 0.6046917 0.02141824
vt 0.5872583 0.04931176
vt 0.6549997 0.04831557
vt 0.6674522 0.06674521
vt 0.590745 0.07471479
vt 0.5872583 0.04931176
vt 0.7023191 0.04184029
vt 0.7157677 0.05728134
vt 0.7466499 0.02639923
vt 0.7516308 0.03187831
vt 0.7815167 0.007969578
vt 0.8293342 0.7391784
vt 0.8323228 0.757608
vt 0.8173798 0.7516308
vt 0.8163837 0.7431632
vt 0.8049274 0.7431632
vt 0.8467677 0.7516308
vt 0.8407905 0.7302126
vt 0.8671897 0.7361898
vt 0.8552353 0.7177601
vt 0.9339349 0.1300037
vt 0.91949 0.1155589
vt 0.9424026 0.09862353
vt 0.954357 0.1145627
vt 0.9658132 0.1319961
vt 0.9503722 0.1454448
vt 0.9752771 0.1529163
vt 0.964817 0.1638744
vt 0.9822505 0.1773231
vt 0.9742809 0.1823041
vt 0.9822505 0.1897756
vt 0.9782657 0.1897756
vt 0.9249691 0.08019388
vt 0.9030528 0.09712923
vt 0.8980718 0.05927374
vt 0.8806384 0.07670719
vt 0.9812543 0.2027261
vt 0.8522468 0.05927374
vt 0.8612126 0.03387071
vt 0.9862353 0.1484334
vt 0.9752771 0.1529163
vt 0.9658132 0.1319961
vt 0.9802581 0.1230304
vt 0.9892239 0.1763269
vt 0.9822505 0.1773231
vt 0.9822505 0.1897756
vt 0.9852391 0.1907718
vt 0.954357 0.1145627
vt 0.969798 0.09961972
vt 0.9424026 0.09862353
vt 0.9558513 0.07969578
vt 0.9249691 0.08019388
vt 0.9359273 0.05927374
vt 0.8980718 0.05927374
vt 0.9125167 0.03984789
vt 0.9812543 0.2027261
vt 0.8612126 0.03387071
vt 0.8726688 0.007969578
vt 0.9678056 0.06774142
vt 0.9812543 0.06774142
vt 0.9862353 0.07969578
vt 0.9732847 0.07869958
vt 0.9772695 0.08816346
vt 0.9882277 0.08816346
vt 0.9802581 0.09613304
vt 0.9902201 0.09513684
vt 0.9832467 0.1036045
vt 0.9907182 0.1006159
vt 0.9872315 0.1115741
vt 0.9937068 0.1085855
vt 0.9902201 0.1170532
vt 0.9937068 0.116057
vt 0.9907182 0.1240266
vt 0.9927106 0.1230304
vt 0.9917144 0.1290075
vt 0.9727866 0.05528895
vt 0.949376 0.05230036
vt 0.9065395 0.6684483
vt 0.9055433 0.6809008
vt 0.9219806 0.6789084
vt 0.9184939 0.6624712
vt 0.9085319 0.6520111
vt 0.9145091 0.6500187
vt 0.9125167 0.6395586
vt 0.9055433 0.6933533
vt 0.923973 0.691859
vt 0.9030528 0.7147715
vt 0.9279577 0.7167639
vt 0.899068 0.7441593
vt 0.9289539 0.7506346
vt 0.8920947 0.7964597
vt 0.9249691 0.812897
vt 0.889106 0.6754217
vt 0.9055433 0.6809008
vt 0.9065395 0.6684483
vt 0.8970757 0.661475
vt 0.9035509 0.6500187
vt 0.9085319 0.6520111
vt 0.9125167 0.6395586
vt 0.9055433 0.6933533
vt 0.8806384 0.6898666
vt 0.9030528 0.7147715
vt 0.868684 0.7043114
vt 0.8826308 0.7466499
vt 0.899068 0.7441593
vt 0.8920947 0.7964597
vt 0.3969846 0.0717262
vt 0.3895131 0.0358631
vt 0.383536 0.04383268
vt 0.3760644 0.02988592
vt 0.3815435 0.01245247
vt 0.3700873 0.02042204
vt 0.3750683 0.007969578
vt 0.3680949 0.01743345
vt 0.3680949 0.003984789
vt 0.3621177 0.003984789
vt 0.3621177 0.01444486
vt 0.3576348 0.007969578
vt 0.358631 0.01245247
vt 0.3546462 0.01145627
vt 0.0358631 0.04931176
vt 0.04482888 0.03885169
vt 0.04831557 0.04831557
vt 0.01743345 0.04482888
vt 0.03984789 0.03088211
vt 0.01046007 0.0358631
vt 0.0358631 0.02341064
vt 0.006973381 0.02440683
vt 0.02540303 0.05130416
vt 0.03088211 0.05628515
vt 0.03785549 0.05528895
vt 0.04482888 0.05728134
vt 0.05230036 0.05728134
vt 0.05329655 0.06873761
vt 0.0368593 0.06375662
vt 0.0348669 0.01444486
vt 0.008965775 0.01444486
vt 0.01245247 0.005977184
vt 0.0358631 0.006973381
vt 0.03187831 0.04532697
vt 0.04283648 0.0358631
vt 0.04731937 0.04482888
vt 0.01643725 0.04084409
vt 0.03785549 0.02789352
vt 0.01145627 0.03187831
vt 0.01145627 0.02639923
vt 0.04184029 0.05429275
vt 0.05130416 0.05329655
vt 0.04632317 0.06126613
vt 0.05329655 0.06126613
vt 0.04831557 0.06574902
vt 0.05230036 0.06574902
vt 0.04931176 0.0717262
vt 0.03287451 0.02141824
vt 0.009961973 0.01344866
vt 0.01643725 0.04084409
vt 0.03187831 0.04532697
vt 0.02241444 0.04831557
vt 0.03088211 0.05528895
vt 0.0348669 0.05429275
vt 0.03785549 0.06226233
vt 0.479669 0.5329655
vt 0.4716994 0.5349579
vt 0.479669 0.5220073
vt 0.3118097 0.7277221
vt 0.3292432 0.7391784
vt 0.3073269 0.7605966
vt 0.2953725 0.7536232
vt 0.2849124 0.782513
vt 0.2759466 0.7750415
vt 0.2585132 0.7964597
vt 0.2654866 0.802935
vt 0.2460607 0.8099084
vt 0.2510417 0.8173798
vt 0.2356007 0.8223608
vt 0.2390873 0.828338
vt 0.2201596 0.8387981
vt 0.3247603 0.7043114
vt 0.358631 0.7157677
vt 0.3147983 0.7680681
vt 0.3073269 0.7605966
vt 0.3292432 0.7391784
vt 0.343688 0.7536232
vt 0.3227679 0.7835091
vt 0.3516576 0.7690643
vt 0.2888972 0.7864977
vt 0.2849124 0.782513
vt 0.2654866 0.802935
vt 0.272958 0.8148894
vt 0.2963687 0.7999464
vt 0.2510417 0.8173798
vt 0.257517 0.8263456
vt 0.2390873 0.828338
vt 0.2420759 0.833319
vt 0.2201596 0.8387981
vt 0.358631 0.7157677
vt 0.378555 0.7292164
vt 0.3815435 0.7516308
vt 0.9937068 0.7063038
vt 0.9822505 0.7063038
vt 0.9842429 0.6963419
vt 0.9937068 0.6973381
vt 0.9937068 0.6908628
vt 0.9937068 0.7167639
vt 0.9812543 0.7177601
vt 0.9937068 0.7351936
vt 0.9802581 0.7332012
vt 0.9937068 0.7566118
vt 0.9772695 0.7536232
vt 0.9762733 0.7760376
vt 0.9937068 0.7805206
vt 0.9802581 0.7954635
vt 0.9937068 0.8039312
vt 0.4378287 0.6724331
vt 0.4328477 0.6704407
vt 0.4368325 0.6704407
vn -0.4823492 -0.8745031 0.05082877
vn -0.1293392 -0.9916005 0
vn -0.3647031 -0.9294047 -0.05655638
vn -0.3568599 -0.9294047 0.09411645
vn -0.1921554 -0.960777 0.1999597
vn -0.2941153 -0.9294047 0.222942
vn 0.003921568 -0.9450908 0.3267842
vn -0.1921554 -0.8980324 0.3957451
vn 0.145097 -0.8901893 0.4318679
vn -0.01960766 -0.8666601 0.4985137
vn 0.05882311 -0.756857 0.6509281
vn 0.1372539 -0.7647001 0.6295992
vn 0.1215677 -0.5843093 0.8023739
vn 0.2784293 -0.5450939 0.7907906
vn -0.01176453 -0.7019554 0.7121237
vn -0.2235277 -0.3960754 0.8905951
vn -0.3960754 -0.6078385 0.6882272
vn -0.4352907 -0.4274477 0.7923449
vn -0.5764661 -0.6392108 0.5090151
vn -0.7019553 -0.4823493 0.5240209
vn -0.4352907 0.03529382 0.8995979
vn -0.7097985 -0.3882324 0.58776
vn -0.8196015 -0.4431339 0.3631607
vn -0.8196015 -0.4117616 0.3983789
vn -0.6862692 -0.09019542 0.7217336
vn -0.8588169 -0.1215677 0.4976493
vn -0.8901892 -0.3960754 0.2251388
vn -0.9450908 -0.145097 0.2928315
vn -0.8431307 -0.03529388 0.5365492
vn -0.9450908 -0.09019542 0.314115
vn -0.6548969 0.01960766 0.7554639
vn -0.8352877 -0.4823493 0.2638819
vn -0.8823462 -0.45882 0.1046397
vn -0.7019553 -0.7097985 0.05869285
vn -0.7176415 -0.6705831 0.1879069
vn -0.6941123 -0.7176416 -0.0565569
vn -0.8980323 -0.4352908 0.06371696
vn -0.6862692 -0.7176416 -0.1184278
vn -0.8980323 -0.4352908 -0.06371696
vn -0.9372476 -0.3176447 0.1437664
vn -0.9670746 -0.2544934 0
vn -0.9604815 -0.2783437 0
vn -0.8980323 -0.4352908 -0.06371696
vn -0.9529338 -0.2941154 -0.07357534
vn -0.670583 -0.7333277 -0.1120217
vn -0.8823462 -0.45882 -0.1046397
vn -0.6235245 -0.7725431 -0.1199759
vn -0.4039184 -0.9058754 -0.1274346
vn -0.45882 -0.8745031 -0.1572529
vn -0.9372476 -0.3176447 -0.1437664
vn -0.5450938 -0.8352877 -0.07188273
vn -0.2305637 -0.9730572 0
vn -0.86666 -0.4823493 -0.1274349
vn -0.9294046 -0.3254877 -0.1739677
vn -0.4039184 -0.9137185 0.04436647
vn 0.03529388 -0.9921493 0.1199754
vn -0.8588169 -0.5058785 -0.08074968
vn -0.2392138 -0.9529339 0.1862625
vn 0.3098016 -0.9215616 0.2339813
vn -0.8509738 -0.5215647 0.061756
vn -0.9372476 -0.3176447 -0.1437664
vn -0.9529338 -0.3019585 -0.02717127
vn -0.9510053 -0.3091746 0
vn -0.8117584 -0.56078 0.1630155
vn -0.05882299 -0.960777 0.2710118
vn -0.7568569 -0.6078385 0.2402081
vn 0.03529388 -0.9686201 0.2460274
vn 0.4745062 -0.8431308 0.2529313
vn 0.552937 -0.8274447 0.09795943
vn -0.9137185 -0.3647031 0.1791932
vn -0.7254846 -0.5843093 0.3636685
vn 0.0274508 -0.9921493 0.1220093
vn 0.05872205 -0.9982743 0
vn -0.6784261 -0.5686231 0.4651943
vn 0.6156816 -0.7254847 -0.3075843
vn 0.5843093 -0.8039154 -0.1109173
vn -0.8431307 -0.4196047 0.3362478
vn -0.7725431 -0.4117616 0.4833525
vn 0.6470539 -0.5843093 -0.4897999
vn 0.09803849 -0.9921493 -0.07764171
vn 0.6078385 -0.4117616 -0.6789586
vn 0.003921568 -0.9843062 -0.1764254
vn 0.450977 -0.2705862 -0.8505309
vn -0.03529382 -0.9764631 -0.2127771
vn 0.2549 -0.1372539 -0.9571767
vn -0.2470568 -0.9215616 -0.2994782
vn 0.08235234 0.1215676 -0.989161
vn -0.4431338 -0.8274447 -0.344917
vn -0.3490169 -0.4117616 0.8418073
vn -0.1686261 -0.4039185 0.899119
vn -0.4823492 -0.45882 0.746206
vn -0.5999954 -0.4666631 0.6497931
vn -0.3019584 -0.4823493 -0.8222896
vn -0.7019553 -0.4274477 0.5696905
vn -0.6392107 -0.5686231 0.5177619
vn 0.09803849 -0.9921493 -0.07764171
vn -0.6392107 -0.5686231 0.5177619
vn 0.003921568 -0.9843062 -0.1764254
vn -0.7097985 -0.6156816 0.3422314
vn -0.8352877 -0.4352908 0.3358815
vn -0.8352877 -0.5058785 0.2153634
vn -0.4274477 -0.8980324 -0.10405
vn -0.4039184 -0.9058754 -0.1274346
vn -0.2235277 -0.960777 -0.1641431
vn -0.2470568 -0.960777 -0.1259782
vn -0.4039184 -0.9058754 -0.1274346
vn -0.7882292 -0.5137216 0.3387991
vn -0.2313707 -0.960777 -0.1528894
vn -0.45882 -0.8745031 -0.1572529
vn -0.9686199 -0.1999985 0.1475669
vn -0.9137185 -0.3960754 0.09079003
vn -0.9043746 -0.4267396 0
vn -0.9747856 -0.2231437 0
vn -0.9764631 -0.1294108 0.1725477
vn -0.9843061 -0.1686262 0.05202622
vn -0.9529338 -0.2235277 -0.2048233
vn -0.874503 -0.450977 -0.1785055
vn -0.9137185 -0.247057 -0.3226165
vn -0.8274446 -0.4980354 -0.2594151
vn -0.9843061 -0.003921568 -0.176426
vn -0.9529338 -0.003921568 -0.3031532
vn -0.8431307 -0.2627431 -0.4691446
vn -0.7803861 -0.5215647 -0.3449171
vn -0.86666 -0.0274508 -0.4981435
vn -0.7882292 -0.4352908 -0.4349903
vn -0.9607769 -0.01176465 -0.2770727
vn -0.9450908 -0.01176465 -0.3265961
vn -0.1764692 0.1529399 0.9723518
vn -0.1843122 0.03529382 0.9822338
vn -0.4274477 0.0901953 0.8995295
vn -0.003921509 0.1529399 0.9882277
vn 0.05098003 0.003921509 0.998692
vn -0.003921509 0.1529399 0.9882277
vn -0.003921509 -0.04313695 0.9990615
vn -0.01176453 -0.2941154 0.9556975
vn -0.003921509 -0.5843093 0.8115216
vn 0.858817 0.3882322 0.3342292
vn 0.8274447 0.4117615 0.3818217
vn 0.8509739 0.3960754 0.344917
vn 0.8823462 0.3647031 0.297417
vn 0.8823462 0.3725461 0.2875319
vn 0.8901893 0.3490169 0.2928314
vn 0.858817 0.45882 0.2278544
vn 0.8901893 0.3960754 0.2251385
vn 0.8666601 0.45882 0.1959198
vn 0.9450908 0.2549 0.2045221
vn 0.9529339 0.2470568 0.1757268
vn 0.9670746 0.2544933 0
vn 0.9670746 0.2544933 0
vn 0.9670746 0.2544933 0
vn 0.9686201 0.2470568 -0.02716736
vn 0.9686201 0.2313707 -0.09078961
vn 0.8666601 -0.4352908 0.2437668
vn 0.8666601 -0.4352908 0.2437668
vn 0.8666601 -0.4352908 0.2437668
vn -0.01176453 0.9921492 -0.124505
vn 0.06666619 0.9686199 0.239439
vn 0.01176392 0.9999309 0
vn -0.003921509 0.9843061 -0.176426
vn 0.01960772 0.9529338 -0.3025438
vn 0.05098003 0.9294046 -0.3655244
vn 0.1058816 0.8901892 0.4431166
vn 0.1137246 0.6235245 0.7734881
vn 0.1137246 0.5372508 0.8357202
vn 0.08235234 0.9215615 -0.3793975
vn 0.1058816 0.9215615 -0.373515
vn 0.1294108 0.9137185 -0.3851901
vn 0.145097 0.9137185 -0.3795595
vn 0.1843123 0.9215615 -0.3416919
vn 0.1999985 0.9215615 -0.3327536
vn 0.2941154 0.9137185 -0.2803831
vn 0.2784293 0.9215615 -0.2705578
vn 0.4431339 0.8509738 -0.2819147
vn 0.4352908 0.86666 -0.2437671
vn 0.45882 0.8352877 -0.3029499
vn 0.5843093 0.7882292 -0.1930736
vn 0.4823493 0.8431307 -0.2376337
vn 0.6392108 0.7568569 -0.136298
vn 0.4901924 0.8509738 -0.1885602
vn 0.7725431 0.6313677 -0.0674679
vn 0.654897 0.7411708 -0.1475664
vn 0.7725431 0.6235245 0.1199759
vn 0.5215647 0.8509738 -0.061756
vn 0.56078 0.8274446 -0.02934769
vn 0.8116088 0.5842015 0
vn 0.5752996 0.8179429 0
vn 0.8274447 0.5529369 0.09795973
vn 0.5981219 0.8014051 0
vn 0.6156816 0.7803861 0.1092414
vn 0.8117585 0.5764661 0.09346107
vn 0.615568 0.7880838 0
vn 0.7882293 0.6078384 -0.09605778
vn 0.5764662 0.8117584 -0.09346123
vn 0.7774268 0.6289734 0
vn 0.960777 0.262743 0.08873382
vn 0.9372478 0.3098015 0.1599678
vn 0.9583629 0.285553 0
vn 0.9764631 0.2156845 0
vn 0.8745031 0.3725461 -0.3105699
vn 0.8745031 0.4745061 -0.10044
vn 0.8666601 0.4745061 0.1540918
vn 0.8509739 0.5215646 0.061756
vn 0.7647001 0.6392107 -0.08150788
vn 0.756206 0.6543336 0
vn 0.7333277 0.670583 -0.1120217
vn 0.7254847 0.6784261 -0.1158013
vn 0.6862693 0.7176415 -0.1184281
vn 0.6941124 0.7097985 -0.1199757
vn 0.9583629 0.285553 0
vn 0.9058754 0.4117615 0.09920735
vn 0.6313677 0.7646999 0.128875
vn -0.670583 0.7254846 0.1548887
vn -0.6784261 0.7254846 0.1158017
vn -0.670583 0.7254846 0.1548887
vn -0.670583 0.7254846 0.1548887
vn -0.4274477 0.8823462 0.1968599
vn -0.4274477 0.8823462 0.1968599
vn -0.4274477 0.8823462 0.1968599
vn -0.3411738 0.9294046 0.1407392
vn -0.3411738 0.9294046 0.1407392
vn -0.3411738 0.9294046 0.1407392
vn 0.2235277 0.4352907 -0.8720994
vn 0.35686 0.5607799 -0.7471123
vn 0.01176465 0.4823492 -0.8759
vn 0.9764631 0.2156845 0
vn 0.9764631 0.2156845 0
vn 0.9764631 0.2156845 0
vn 0.9450908 0.3098015 -0.1040498
vn 0.9450908 0.3098015 -0.1040498
vn 0.9450908 0.3098015 -0.1040498
vn 0.7411708 -0.35686 -0.5686095
vn 0.7411708 -0.35686 -0.5686095
vn 0.7411708 -0.35686 -0.5686095
vn 0.7254847 0.6235245 -0.2913574
vn 0.9921493 -0.1058816 -0.06654979
vn 0.9686201 0.2392138 0.06746773
vn 0.6313677 0.7568569 -0.1689448
vn 0.6705831 0.6235245 -0.4019147
vn 0.9686201 -0.1999985 -0.1475661
vn -0.1686261 0.9215615 -0.3496994
vn -0.05882299 0.9450908 -0.3214704
vn 0.6470539 0.5999954 -0.4704538
vn 0.9529339 -0.1764693 -0.246527
vn 0.5372508 0.7333276 -0.4166438
vn -0.2784292 0.9058753 -0.3191662
vn -0.3254876 0.9450908 -0.02934668
vn 0.5058785 0.8274446 -0.2437672
vn 0.8901893 0.04313684 -0.4535441
vn 0.7803862 0.2862723 -0.5559186
vn 0.5282393 0.8490956 0
vn -0.1999984 0.9215615 0.3327537
vn -0.01176453 0.7333276 0.6797736
vn 0.7176416 0.4117615 -0.5616431
vn 0.56078 0.8196015 0.1173844
vn 0.6705831 0.4509768 -0.5890145
vn 0.6784262 0.6862692 -0.2622451
vn 0.003921568 0.4901923 0.8716055
vn -0.466663 -0.8666601 0.1764255
vn -0.4352907 -0.8431308 0.3156777
vn -0.4352907 -0.8431308 0.3156777
vn -0.466663 -0.8666601 0.1764255
vn -0.4509768 -0.8196016 0.3533739
vn -0.4509768 -0.8196016 0.3533739
vn -0.4901923 -0.7882293 0.3720297
vn -0.4980353 -0.7882293 0.3614629
vn -0.5607799 -0.7725431 0.2978305
vn -0.5921522 -0.7647001 0.2541449
vn -0.6784261 -0.7019554 0.2167868
vn -0.7019553 -0.6784262 0.2167871
vn -0.7568569 -0.6156816 0.2193257
vn -0.7568569 -0.6156816 0.2193257
vn -0.7568569 -0.6078385 0.2402081
vn -0.7490138 -0.6156816 0.2447745
vn -0.7490138 -0.6156816 0.2447745
vn -0.4901923 -0.8666601 0.0928001
vn -0.4901923 -0.8666601 0.0928001
vn 0.56078 0.8274446 -0.02934769
vn 0.2392139 0.9607769 -0.1403012
vn 0.09803849 0.9764631 -0.1921154
vn 0.6862693 0.7254846 -0.05202487
vn 0.7803862 0.6156815 -0.109241
vn 0.9764631 -0.145097 0.1595827
vn 0.9843062 -0.09019542 0.1516775
vn 0.8196016 0.5686231 0.07014997
vn 0.9905663 -0.1370349 0
vn 0.7254847 0.6548969 -0.2116178
vn 0.0274508 0.9686199 -0.247026
vn -0.1058815 0.9372476 -0.3321988
vn 0.9843062 0.06666613 0.1633919
vn 0.858817 0.5058784 0.08074894
vn 0.6862693 0.7254846 -0.05202487
vn 0.2705862 0.9529338 -0.136749
vn 0.6941124 0.6470538 -0.3154827
vn 0.9843062 -0.1686262 -0.05202392
vn 0.6470539 0.670583 -0.3628218
vn 0.960777 -0.2156847 -0.1743207
vn -0.2549 0.8980323 -0.3585581
vn -0.4117615 0.8901892 -0.1949761
vn 0.56078 0.7019553 -0.4390723
vn 0.8823462 -0.2705862 -0.3850302
vn 0.4274477 0.7019553 -0.5696904
vn 0.7019554 -0.2784293 -0.6555423
vn -0.466663 0.8823462 0.06075276
vn -0.4117615 0.874503 0.2563141
vn 0.1294108 0.7960722 -0.5912037
vn 0.3411739 -0.1372539 -0.9299256
vn 0.003921568 0.5999954 -0.7999939
vn -0.2549 0.7646999 0.5918277
vn -0.6784261 -0.7254847 0.1158012
vn -0.6784261 -0.7333277 0.04436647
vn -0.7568569 -0.6470539 0.09213487
vn -0.756206 -0.6543337 0
vn -0.670583 -0.7176416 0.1879068
vn -0.6784261 -0.7097985 0.1895363
vn -0.8116087 -0.5842015 0
vn -0.8116087 -0.5842015 0
vn -0.6784261 -0.6862693 0.2622449
vn -0.6784261 -0.6862693 0.2622449
vn -0.6548969 -0.6941124 0.2988614
vn -0.6548969 -0.6941124 0.2988614
vn -0.6313677 -0.6941124 0.3458076
vn -0.6313677 -0.6862693 0.3611223
vn -0.5607799 -0.6627401 0.4962878
vn -0.5450938 -0.6627401 0.513467
vn -0.3333308 -0.6313677 0.7001895
vn -0.3098015 -0.6313677 0.7109134
vn -0.1294107 -0.5999954 0.7894672
vn 0.6862693 0.7254846 -0.05202487
vn 0.858817 0.5058784 0.08074894
vn 0.9843062 0.06666613 0.1633919
vn 0.2392139 0.9607769 -0.1403012
vn -0.7882292 -0.5137216 0.3387991
vn -0.8352877 -0.4352908 0.3358815
vn -0.8117584 -0.5372508 0.228932
vn -0.8117584 -0.5450939 0.2095732
vn -0.7882292 -0.6078385 0.09605762
vn -0.7803861 -0.6156816 0.1092415
vn -0.7333276 -0.6784262 0.04436714
vn -0.7254846 -0.6862693 0.05202458
vn -0.6862692 -0.7254847 -0.05202487
vn -0.6832914 -0.7301458 0
vn -0.66274 -0.7411708 -0.1069651
vn -0.66274 -0.7411708 -0.1069651
vn -0.6941123 -0.7176416 -0.0565569
vn -0.7019553 -0.7097985 -0.05869285
vn -0.8338527 -0.5519871 0
vn -0.8490956 -0.5282393 0
vn -0.9747856 -0.2231437 0
vn -0.9764631 -0.1999985 0.08074947
vn -0.9921492 0.0901953 -0.08662973
vn -0.9607769 0.1843122 -0.2072117
vn -0.8509738 0.3254876 -0.4121909
vn -0.8196015 0.3411738 -0.4602758
vn -0.6862692 0.3176446 -0.6543214
vn -0.6862692 0.3176446 -0.6543214
vn -0.6156815 0.262743 -0.7429013
vn 0.9058754 0.3333308 -0.2613049
vn 0.8823462 0.3176446 -0.3472277
vn 0.7960724 0.5137215 -0.319936
vn 0.8039154 0.5450938 -0.2378923
vn 0.6627401 0.7254846 -0.185601
vn 0.7960724 0.5921522 -0.1249982
vn 0.552937 0.8274446 -0.09796035
vn 0.7490139 0.6548969 -0.1004405
vn 0.4352908 0.8980323 0.06371696
vn 0.6784262 0.6862692 -0.2622451
vn 0.9450908 0.3098015 -0.1040498
vn 0.9345497 0.3558326 0
vn 0.7176416 0.6941123 0.05655664
vn 0.9371325 0.348974 0
vn 0.7019554 0.7019553 0.1204877
vn 0.9372478 0.3098015 -0.1599678
vn 0.3803893 0.9215615 0.07764286
vn 0.3411739 0.9294046 0.1407388
vn 0.7411708 0.66274 0.1069651
vn 0.3098016 0.9372476 0.1599684
vn 0.9747855 0.2231436 0
vn 0.9894748 -0.1447058 0
vn 0.8196016 0.5686231 0.07014997
vn 0.247057 0.9686199 0.027171
vn 0.8745031 0.4823492 -0.05082877
vn 0.1137246 0.9921492 -0.05202487
vn 0.8581836 -0.5133427 0
vn 0.8967645 0.4425082 0
vn 0.6784262 -0.6941124 0.2407196
vn 0.8823462 0.45882 0.1046393
vn 0.5450939 -0.7333277 0.4063288
vn 0.4431339 -0.6941124 0.5673098
vn 0.8352877 0.5058784 0.2153633
vn -0.09803843 0.8823462 -0.4602757
vn -0.1058815 0.9372476 -0.3321988
vn 0.6941124 -0.3176447 0.6459953
vn -0.02745068 0.9764631 -0.2139307
vn -0.2392138 -0.05098003 0.9696277
vn -0.2313707 0.06666613 0.9705788
vn -0.003921509 0.01176453 0.9999231
vn -0.003921509 -0.08235234 0.9965956
vn -0.003921509 0.1215676 0.9925754
vn -0.1921554 0.1921554 0.9623682
vn -0.4039184 0.1529399 0.9019198
vn -0.3411738 0.2941153 0.8928027
vn -0.5843092 0.2705861 0.7650921
vn -0.6392107 0.08235228 0.7646096
vn -0.8039154 0.1607831 0.5725983
vn -0.7097985 0.3803892 0.5928661
vn -0.4980353 0.4274477 0.7544861
vn -0.5999954 0.5529369 0.5781577
vn -0.4901923 0.670583 0.5568033
vn -0.5215646 0.7490138 0.4085936
vn -0.6392107 0.6392107 0.4275738
vn -0.3490169 0.5686231 0.7448859
vn -0.3647031 0.8431307 0.3951232
vn -0.4039184 0.8431307 0.3549374
vn -0.1999984 0.9137185 0.3537219
vn -0.1843122 0.8980323 0.3994583
vn -0.3254876 0.7646999 0.5561401
vn -0.1450969 0.8117584 0.5656812
vn -0.5450938 0.7725431 0.3256531
vn -0.4823492 0.7960722 0.3655247
vn -0.5843092 0.7490138 0.3123478
vn -0.5137215 0.8039154 0.2996837
vn -0.6156815 0.7333276 0.2883866
vn -0.66274 0.6784261 0.3170389
vn -0.6862692 0.670583 0.2816967
vn -0.7960722 0.5137215 0.3199363
vn -0.8196015 0.5058784 0.2689615
vn -0.8823462 0.3647031 0.2974172
vn -0.9215615 0.3254876 0.2116181
vn -0.9450908 0.1764692 0.2750673
vn -0.9843061 0.1372538 0.1109185
vn -0.9916004 -0.1293392 0
vn -0.9764631 -0.09019542 0.19592
vn -0.9843061 -0.1686262 0.05202622
vn -0.9764631 -0.1294108 0.1725477
vn -0.9372476 -0.08235234 0.3387993
vn -0.9450908 -0.09019542 0.314115
vn -0.8980323 0.1764692 0.4029846
vn -0.8431307 -0.08235234 0.531365
vn -0.8352877 0.3411738 0.4311554
vn -0.8431307 -0.03529388 0.5365492
vn -0.66274 -0.1058816 0.7413264
vn -0.6548969 0.01960766 0.7554639
vn -0.45882 -0.1294108 0.8790546
vn -0.4274477 0.0901953 0.8995295
vn -0.2470568 -0.15294 0.9568554
vn -0.4431338 -0.003921568 0.8964469
vn -0.1764692 0.1529399 0.9723518
vn -0.003921509 -0.2078416 0.9781547
vn -0.003921509 0.1529399 0.9882277
vn -0.003921509 0.1529399 0.9882277
vn -0.7646999 0.4745061 0.4359793
vn -0.9921492 0.08235228 0.09411696
vn -0.9764631 -0.1999985 -0.08074947
vn -0.9747856 -0.2231437 0
vn -0.9921492 0.01960766 0.1235129
vn -0.8039154 -0.5921524 -0.05545863
vn -0.8901892 -0.4431339 -0.1058091
vn -0.7301457 -0.6832916 0
vn -0.9529338 -0.2313708 0.1959203
vn -0.9686199 0.1843122 0.1667465
vn -0.9921492 0.06666613 0.1058089
vn -0.9977852 0.06651899 0
vn -0.9372476 -0.3333308 0.1022617
vn -0.9764631 0.05882299 -0.2075084
vn -0.8980323 -0.3960754 0.1914738
vn -0.9921492 -0.08235234 0.09411691
vn -0.8901892 0.4274477 0.1576443
vn -0.9843061 0.03529382 -0.1729042
vn -0.9450908 0.05882299 -0.3214705
vn -0.9529338 0.1137246 -0.2810408
vn -0.8823462 -0.450977 0.1344807
vn -0.86666 -0.4901924 0.0928005
vn -0.8581836 -0.5133428 0
vn -0.8431307 -0.5058785 -0.1822568
vn -0.8352877 -0.4901924 -0.2490099
vn -0.8509738 0.45882 0.2555929
vn -0.8039154 0.5607799 0.1981059
vn -0.8588169 0.5058784 -0.08075004
vn -0.9764631 0.1999984 -0.08074977
vn -0.86666 0.3568599 -0.3486423
vn -0.9450908 0.1764692 -0.2750673
vn -0.8823462 0.08235228 -0.4633394
vn -0.9450908 0.05882299 -0.3214705
vn -0.8588169 -0.0274508 -0.5115467
vn -0.8588169 -0.4431339 -0.257033
vn -0.7725431 -0.08235234 -0.6295993
vn -0.7490138 -0.4666631 -0.4703232
vn -0.7097985 0.6470538 0.2784016
vn -0.45882 0.3882322 -0.7992246
vn -0.5137215 0.4509768 -0.72987
vn -0.6862692 0.7097985 0.1588104
vn -0.7071068 0.7071068 0
vn -0.6313677 0.7725431 -0.067469
vn -0.5999954 0.7803861 0.176077
vn -0.5843092 0.7176415 -0.3789109
vn -0.7019553 0.6156815 -0.3580433
vn -0.6548969 0.4039184 -0.6387175
vn -0.9294046 -0.1764693 -0.3241383
vn -0.6548969 0.1843122 -0.7328978
vn -0.8431307 -0.35686 -0.4022208
vn -0.4745061 0.874503 -0.1004409
vn -0.4352907 0.8823462 0.17885
vn -0.4980353 0.7725431 -0.3938756
vn -0.4196045 0.6313677 -0.6521556
vn -0.7254846 0.4039184 -0.557245
vn -0.3411738 0.5372508 -0.7713379
vn -0.6548969 0.2941153 -0.6961367
vn -0.05097997 0.7176415 -0.6945443
vn -0.09803843 0.874503 -0.4750083
vn -0.01176453 0.6548969 -0.7556267
vn -0.1529399 0.9764631 -0.1520831
vn -0.2078415 0.9764631 0.05763477
vn -0.1137246 0.6784261 -0.7258131
vn -0.3333308 0.5372508 -0.7747595
vn 0.07450926 0.7568569 -0.6493196
vn -0.3411738 0.6156815 -0.7103075
vn 0.04313695 0.874503 -0.483098
vn -0.6235245 0.2549 -0.7390826
vn -0.6235245 0.2549 -0.7390826
vn -0.4039184 0.7176415 -0.56731
vn -0.7097985 0.2705861 -0.6503609
vn -0.8823462 0.3803892 -0.2770728
vn -0.4196045 0.9058753 -0.05763632
vn 0.03529388 0.9529338 -0.3011172
vn 0.05091431 0.998703 0
vn -0.2862723 0.9450908 0.157644
vn -0.08235228 0.6078384 -0.7897788
vn -0.6548969 0.1215676 -0.7458763
vn -0.2392138 0.6862692 -0.6868853
vn -0.7725431 0.08235228 -0.6295993
vn -0.4823492 0.6784261 -0.5541455
vn -0.8901892 0.09803843 -0.4449176
vn -0.6548969 0.7411708 -0.147567
vn -0.8039154 -0.4196047 -0.4214878
vn -0.7725431 -0.4352908 -0.462276
vn -0.9764631 0.1294107 -0.1725478
vn -0.7803861 -0.4352908 -0.4489092
vn -0.7254846 -0.6705831 0.1548882
vn -0.9137185 -0.15294 0.3764677
vn -0.8980323 -0.2627431 0.3528512
vn -0.6862692 -0.7176416 0.1184278
vn -0.7725431 0.3882322 0.5024469
vn -0.8352877 0.3333308 0.4372472
vn -0.9215615 0.3019584 0.2440195
vn -0.8039154 0.466663 0.3687082
vn -0.9921492 -0.06666619 0.1058089
vn -0.9607769 0.08235228 -0.2648128
vn -0.8509738 0.5137215 0.1092417
vn -0.7646999 -0.349017 -0.5416837
vn -0.8196015 -0.56078 -0.1173843
vn -0.6313677 -0.1999985 -0.7492499
vn -0.8117584 0.1999984 -0.5486793
vn -0.8431307 0.3568599 -0.4022209
vn -0.8490957 0.5282392 0
vn -0.3960754 0.6548969 -0.6436104
vn -0.3411738 0.4431338 -0.8289951
vn -0.3568599 0.466663 -0.8092445
vn -0.3960754 0.6392107 -0.6591919
vn -0.3882322 0.7960722 -0.4642679
vn -0.3803892 0.8117584 -0.4431166
vn -0.3411738 0.8823462 -0.3241385
vn -0.3333308 0.8901892 -0.3105702
vn -0.2784292 0.9450908 -0.1711158
vn -0.262743 0.9529338 -0.1512725
vn -0.2156845 0.9764631 -0.0002441406
vn -0.3098015 0.3725461 -0.8747756
vn -0.003921509 0.9372476 0.3486424
vn -0.003921509 0.9058753 0.4235263
vn -0.003921509 0.8274446 0.5615337
vn 0.003921568 0.6862692 0.7273371
vn -0.1372538 0.66274 0.7361638
vn -0.1215676 0.5058784 0.8539955
vn 0.003921568 0.5294076 0.8483585
vn -0.2235277 0.4274477 0.8759702
vn 0.003921568 0.3254876 0.9455382
vn -0.8431307 -0.3411739 -0.4156092
vn -0.8274446 -0.4274477 -0.3641757
vn -0.8352877 -0.4117616 -0.3643445
vn -0.8431307 -0.3333308 -0.4219256
vn -0.8823462 -0.2862723 -0.373515
vn -0.8901892 -0.2862723 -0.3544169
vn -0.9294046 -0.2784293 -0.2422482
vn -0.6784261 0.3098015 0.6661539
vn -0.45882 0.7568569 0.4654587
vn -0.86666 0.3098015 0.3910544
vn -0.9294046 -0.35686 -0.09411669
vn -0.6068686 0.7948022 0
vn -0.9058753 0.1921554 -0.377447
vn -0.5764661 0.6392107 -0.5090152
vn -0.7646999 0.07450914 -0.6400644
vn -0.7254846 -0.4274477 -0.5394076
vn -0.8039154 -0.3960754 -0.4436714
vn -0.5137215 0.4901923 -0.7041319
vn -0.1294107 0.9294046 0.3456298
vn 0.04313695 0.9921492 0.1173844
vn 0.04313695 0.9843061 -0.1711161
vn 0.05882311 0.874503 -0.4814398
vn 0.06666619 0.7176415 -0.6932145
vn 0.06666619 0.6313677 -0.7726128
vn -0.1999984 0.7490138 -0.6316478
vn 0.05098003 0.7725431 -0.6329125
vn -0.3098015 0.8823462 -0.3542433
vn -0.3568599 0.9294046 -0.09411708
vn -0.3490169 0.9294046 -0.1199759
vn -0.3725461 0.86666 0.3318281
vn 0.09803849 0.9607769 0.259415
vn -0.66274 -0.4901924 -0.5661159
vn -0.7097985 -0.4039185 -0.5770927
vn -0.7333276 -0.05882311 -0.6773259
vn -0.7411708 -0.3098016 -0.5955576
vn -0.6548969 -0.4431339 -0.6121621
vn -0.7254846 -0.3019585 -0.6184603
vn -0.6784261 -0.3882324 -0.6237096
vn -0.7490138 -0.145097 -0.6464714
vn -0.670583 -0.2392139 -0.7022073
vn -0.5764661 -0.0274508 -0.8166599
vn -0.670583 -0.1999985 -0.7143661
vn -0.5607799 0.1450969 -0.815152
vn -0.5999954 -0.05098003 -0.7983775
vn -0.5529369 0.02745068 -0.8327708
vn -0.7019553 0.1450969 -0.6972845
vn -0.3098015 0.2705861 -0.9114857
vn -0.3725461 0.3176446 -0.8719583
vn 0.05098003 0.3568599 -0.9327658
vn 0.04313695 0.1607831 -0.9860467
vn -0.6392107 0.2156845 -0.7381666
vn -0.3647031 0.4431338 -0.8189164
vn -0.2470568 0.4901923 -0.8358675
vn -0.7097985 0.1764692 -0.6819419
vn 0.05882311 0.5137215 -0.8559381
vn 0.05882311 0.5058784 -0.8605968
vn 0.05098003 0.5215646 -0.8516874
vn 0.05098003 0.2705861 -0.961345
vn 0.05098003 0.5529369 -0.8316621
vn 0.9137185 0.2862723 -0.2883863
vn 0.8352877 0.2784292 -0.4741008
vn 0.8431308 0.2862723 -0.4551687
vn 0.9137185 0.2862723 -0.2883863
vn 0.960777 0.2470568 -0.1259781
vn 0.9686201 0.2392138 -0.06746773
vn 0.9829165 0.184052 0
vn 0.9843062 0.1764692 0
vn 0.9843062 0.1294107 0.1199756
vn 0.8274447 0.1764692 -0.5330985
vn 0.8352877 0.1686261 -0.523316
vn 0.9294047 0.02745068 -0.3680399
vn 0.9372478 0.01176453 -0.3484656
vn 0.9921493 -0.1215677 -0.029344
vn 0.9894748 -0.1447058 0
vn 0.9529339 -0.2078416 0.2207235
vn 0.9372478 -0.2313708 0.2608337
vn 0.9058754 -0.247057 0.344024
vn 0.9215616 -0.01176465 0.3880539
vn 0.8980324 -0.09803849 0.4288664
vn 0.9058754 -0.03529388 0.4220711
vn 0.9137185 -0.05098003 0.4031371
vn 0.960777 -0.08235234 0.2648125
vn 0.9294047 -0.1294108 0.3456295
vn 0.9529339 -0.1215677 0.2777378
vn 0.9686201 -0.1215677 0.2167866
vn 0.7725431 -0.145097 0.6181617
vn 0.7960724 -0.09019542 0.5984427
vn 0.8196016 -0.09019542 0.5657897
vn 0.9764631 -0.1215677 0.1781602
vn 0.8980324 -0.1058816 0.4269976
vn 0.8980324 -0.1058816 0.4269976
vn 0.9764631 -0.1843123 0.112021
vn 0.9764631 -0.1999985 0.08074873
vn 0.7960724 -0.2313708 -0.5592284
vn 0.7803862 -0.2313708 -0.5809173
vn 0.5843093 -0.2235277 -0.7801397
vn 0.9294047 -0.09803849 0.3558024
vn 0.9294047 -0.1058816 0.3535478
vn 0.9450908 -0.15294 0.2888125
vn 0.9450908 -0.15294 0.2888125
vn 0.9764631 -0.1843123 0.112021
vn 0.9764631 -0.1843123 0.112021
vn 0.9843062 -0.1686262 -0.05202392
vn -0.3490169 -0.8666601 0.3564934
vn -0.3803892 -0.8980324 0.2210022
vn -0.3960754 -0.8823462 0.2541445
vn -0.466663 -0.8117585 0.3511036
vn -0.3411738 -0.9372478 -0.07188273
vn -0.3333308 -0.9372478 -0.1022608
vn -0.3098015 -0.8901893 -0.3340451
vn -0.3098015 -0.8823462 -0.3542432
vn -0.3333308 -0.8666601 -0.3712021
vn -0.3254876 -0.858817 -0.3955897
vn -0.3411738 -0.8745031 -0.3447387
vn -0.2941153 -0.8666601 0.4029846
vn -0.5529369 -0.7333277 0.3955897
vn 0.1607831 -0.8980324 0.4094957
vn -0.5607799 -0.7254847 0.3989961
vn -0.5450938 -0.7333277 0.4063289
vn 0.9843062 -0.0274508 0.1743208
vn 0.9764631 -0.01176465 0.2153633
vn 0.9921493 -0.09019542 -0.08662891
vn 0.9764631 -0.1137246 -0.1832661
vn 0.960777 -0.01176465 0.2770725
vn 0.960777 -0.01960772 0.2766281
vn 0.8980324 -0.15294 -0.4124891
vn 0.9843062 -0.07450926 0.1599677
vn 0.9843062 -0.08235234 0.1560749
vn 0.9529339 -0.15294 -0.2617753
vn 0.9294047 -0.1607831 -0.3321983
vn 0.7647001 -0.1843123 -0.6174648
vn 0.7803862 -0.5686231 -0.2601252
vn 0.6392108 -0.5372508 -0.5502464
vn 0.7725431 -0.4666631 -0.430584
vn 0.4666631 -0.4980354 -0.7308804
vn 0.2862723 -0.654897 -0.6993984
vn 0.2549 -0.45882 -0.8511816
vn 0.1058816 -0.7176416 -0.6883165
vn -0.1137246 -0.6627401 -0.7401637
vn 0.1294108 -0.4745062 -0.8706875
vn -0.1137246 -0.6627401 -0.7401637
vn -0.3098015 -0.6941124 -0.6497931
vn -0.5529369 -0.3254877 -0.7670193
vn -0.5529369 -0.3254877 -0.7670193
vn -0.5529369 -0.3254877 -0.7670193
vn -0.6392107 -0.3411739 -0.6892098
vn -0.5058784 -0.4039185 -0.7621921
vn -0.5450938 -0.7097985 -0.4461601
vn -0.7960722 -0.4039185 -0.4506871
vn -0.7960722 -0.2313708 -0.5592285
vn -0.9686199 -0.1607831 -0.1895368
vn -0.003921509 -0.9764631 -0.2156487
vn 0.2549 -0.8196016 -0.5131074
vn 0.2313708 -0.8901893 -0.3924673
vn 0.4196047 -0.8509739 -0.3158724
vn 0.01960772 -0.9764631 -0.2147913
vn -0.03529382 -0.9686201 -0.2460274
vn 0.3960754 -0.8980324 -0.1914737
vn 0.3882324 -0.9058754 -0.1693083
vn 0.3803893 -0.9137185 -0.1429072
vn -0.03529382 -0.9686201 -0.2460274
vn -0.04313684 -0.9921493 -0.1173839
vn -0.03529382 -0.9843062 -0.1729034
vn 0.7490139 -0.6470539 0.1424761
vn 0.7490139 -0.6470539 0.1424761
vn 0.7490139 -0.6470539 0.1424761
vn -0.9764631 -0.1843123 -0.1120216
vn -0.9607769 -0.1999985 -0.1921153
vn -0.9764631 -0.1843123 -0.1120216
vn -0.2549 0.9215615 -0.2928317
vn -0.2549 0.9215615 -0.2928317
vn -0.2549 0.9215615 -0.2928317
vn 0.8980324 -0.03529388 0.4385114
vn 0.8039154 -0.1215677 0.5821866
vn 0.7882293 -0.1294108 0.6016207
vn 0.8980324 -0.0274508 0.4390721
vn 0.9529339 0.003921509 0.3031528
vn 0.9843062 -0.01960772 0.1753762
vn 0.998703 -0.0509143 0
vn 0.6705831 -0.2549 0.6966665
vn 0.6627401 -0.2705862 0.698254
vn 0.6313677 -0.4039185 0.6619853
vn 0.6235247 -0.4274477 0.6546033
vn 0.6156816 -0.4823493 0.6231174
vn 0.6156816 -0.4823493 0.6231174
vn -0.4980353 -0.8509739 0.1667461
vn -0.466663 -0.8823462 0.06075178
vn -0.6392107 -0.756857 0.1362983
vn -0.4267395 -0.9043746 0
vn -0.4745061 -0.7411708 -0.4748787
vn -0.3490169 -0.9058754 0.2399517
vn -0.3490169 -0.9058754 0.2399517
vn -0.5529369 -0.7176416 -0.4233808
vn -0.5999954 -0.7803862 -0.1760765
vn -0.4039184 -0.5294077 -0.7460411
vn 0.3882324 -0.7333277 -0.5581273
vn 0.3882324 -0.7333277 -0.5581273
vn 0.3882324 -0.7333277 -0.5581273
vn -0.1764692 -0.9450908 0.2750671
vn -0.1764692 -0.9450908 0.2750671
vn -0.1764692 -0.9450908 0.2750671
vn -0.2156845 -0.9764631 0
vn 0.01176465 -0.9921493 0.1245045
vn -0.3960754 -0.9058754 0.1500464
vn -0.466663 -0.8666601 0.1764255
vn -0.5529369 -0.7333277 0.3955897
vn -0.5607799 -0.7254847 0.3989961
vn -0.6078384 -0.6392108 0.4711072
vn -0.6156815 -0.6392108 0.4608099
vn -0.6235245 -0.6784262 0.3885293
vn -0.6235245 -0.6941124 0.3597571
vn -0.5921522 -0.7803862 0.2008809
vn -0.5764661 -0.8117585 0.09346091
vn -0.5215646 -0.8509739 -0.061756
vn -0.4901923 -0.8431308 -0.221002
vn -0.4509768 -0.8274447 -0.3345971
vn -0.9372476 -0.3411739 0.07188372
vn -0.9058753 -0.3176447 0.2801638
vn -0.9921492 -0.01176465 0.124505
vn -0.9607769 0.02745068 -0.2759604
vn -0.9294046 -0.3333308 -0.1584223
vn -0.8901892 0.04313684 -0.4535443
vn -0.8431307 -0.3098016 -0.4394925
vn -0.8196015 0.04313684 -0.5713077
vn -0.7411708 -0.01176465 -0.6712134
vn -0.7176415 -0.03529388 -0.6955178
vn -0.66274 -0.09803849 -0.7424043
vn -0.9529338 -0.09019542 0.2894512
vn -0.8823462 -0.2941154 0.3673709
vn -0.9450908 -0.1294108 0.3000938
vn -0.9529338 -0.09803849 0.2868896
vn -0.9058753 0.4196045 -0.05763619
vn -0.8352877 0.4039184 -0.3730207
vn -0.8588169 0.4039184 -0.3150929
vn -0.9058753 0.4196045 -0.05763619
vn -0.6941123 0.3490169 -0.6295993
vn -0.670583 0.3333308 -0.6627285
vn -0.4901923 0.1999984 -0.8483585
vn -0.4980353 0.2156845 -0.8399053
vn -0.5215646 0.1686261 -0.8363824
vn -0.5058784 0.1686261 -0.8459623
vn -0.6392107 0.2392138 -0.7308806
vn -0.8980323 0.4352907 0.06371778
vn -0.8901892 0.4431338 0.1058094
vn -0.86666 0.466663 0.1764259
vn -0.6784261 -0.5999954 -0.4239616
vn -0.7633862 -0.6459423 0
vn -0.8431307 -0.3098016 -0.4394925
vn -0.6862692 -0.5843093 -0.4331481
vn -0.9294046 -0.3333308 -0.1584223
vn -0.7333276 -0.6235247 0.2710121
vn -0.9372476 -0.3411739 0.07188372
vn -0.7254846 -0.5999954 0.337161
vn -0.7019553 -0.552937 -0.4489092
vn -0.9058753 -0.3176447 0.2801638
vn -0.7646999 -0.5137216 0.3890041
vn -0.8823462 -0.2941154 0.3673709
vn -0.7803861 -0.4431339 0.4411688
vn -0.9450908 -0.1294108 0.3000938
vn -0.9137185 -0.3098016 0.2629478
vn -0.4509768 -0.6470539 0.6147692
vn -0.874503 -0.3960754 0.2799441
vn -0.9764631 0.09803843 -0.1921154
vn -0.9529338 0.1294107 -0.2741716
vn -0.9282063 -0.3720658 0
vn -0.4980353 -0.7490139 0.4369657
vn -0.8509738 0.05882299 -0.5219036
vn -0.874503 -0.45882 -0.1572534
vn -0.7254846 -0.145097 -0.6727696
vn -0.6941123 -0.6156816 -0.3730206
vn -0.5137215 -0.8274447 0.2267721
vn -0.5058784 -0.858817 -0.08074894
vn -0.6392107 -0.654897 -0.4031372
vn -0.5215646 -0.8509739 -0.061756
vn -0.6548969 -0.3333308 -0.6782335
vn -0.7097985 -0.6941124 -0.1199757
vn -0.5215646 -0.8509739 0.061756
vn -0.8117584 -0.3960754 -0.4291533
vn -0.7019553 -0.6941124 0.1595832
vn -0.4431338 -0.8666601 0.2292002
vn -0.7254846 -0.6470539 0.2345066
vn -0.9117017 -0.4108528 0
vn -0.7176415 0.6941123 -0.05655822
vn -0.7568569 0.6470538 -0.09213535
vn -0.7490138 0.6548969 -0.1004414
vn -0.7176415 0.6941123 -0.05655822
vn -0.7568569 0.5764661 -0.3079845
vn -0.7568569 0.5764661 -0.3079845
vn -0.6235245 0.4352907 -0.6494145
vn -0.6313677 0.4431338 -0.6364018
vn -0.4352907 0.2392138 -0.8679278
vn -0.4352907 0.2392138 -0.8679278
vn -0.466663 0.2392138 -0.8514707
vn -0.45882 0.2313707 -0.8578763
vn -0.5686231 0.3098015 -0.7620307
vn -0.6470538 -0.7254847 -0.2345066
vn -0.670583 -0.7411708 0.03137278
vn -0.66274 -0.7333277 -0.1516778
vn -0.6392107 -0.7411708 -0.2051232
vn -0.6548969 -0.7411708 0.1475668
vn -0.6392107 -0.7333277 0.2316034
vn -0.6470538 -0.7019554 0.2976238
vn -0.6548969 -0.6941124 0.2988614
vn -0.6313677 -0.756857 -0.168945
vn -0.6941123 -0.6862693 0.2173537
vn -0.6941123 -0.6862693 0.2173537
vn -0.7019553 -0.7019554 0.1204879
vn -0.1215676 0.6156815 -0.7785612
vn -0.1058815 0.5921522 -0.7988397
vn -0.2784292 0.7490138 -0.6012117
vn -0.3098015 0.7568569 -0.5754917
vn -0.4431338 0.7960722 -0.4121909
vn -0.1294107 0.5999954 -0.7894672
vn -0.1450969 0.6156815 -0.7745212
vn -0.1999984 0.6784261 -0.7069219
vn -0.1999984 0.6784261 -0.7069219
vn -0.874503 -0.1999985 -0.4418654
vn -0.9372476 -0.1921554 -0.290935
vn -0.9372476 -0.1921554 -0.290935
vn -0.8039154 -0.2078416 -0.557245
vn -0.6548969 -0.1921554 -0.7308806
vn -0.6313677 -0.1764693 -0.755138
vn -0.6156815 -0.1294108 -0.777296
vn -0.6235245 -0.1215677 -0.7722942
vn -0.6548969 -0.09019542 -0.7503166
vn 0.4666631 -0.3176447 0.8254256
vn 0.5999954 -0.450977 0.6607763
vn 0.5921524 -0.4431339 0.6730438
vn 0.4745062 -0.3254877 0.8178641
vn 0.6784262 -0.5058785 0.5327521
vn 0.56078 -0.3176447 0.7646095
vn 0.5921524 -0.3333308 0.7336526
vn 0.7019554 -0.3725462 0.6070156
vn 0.7019554 -0.3725462 0.6070156
vn -0.3254876 -0.8117585 0.4848772
vn -0.3254876 -0.8117585 0.4848772
vn -0.3098015 -0.8039154 0.5076839
vn -0.3098015 -0.8039154 0.5076839
vn -0.3568599 -0.858817 0.3675383
vn -0.3647031 -0.8745031 0.3197436
vn -0.3882322 -0.9137185 0.1199757
vn -0.3882322 -0.9215616 0
vn -0.3725461 -0.9137185 -0.1622586
vn -0.3725461 -0.9058754 -0.2014921
vn -0.3254876 -0.8352877 -0.4431165
vn -0.3333308 -0.8509739 -0.4058744
vn -0.3176446 -0.8509739 0.4182647
vn -0.3176446 -0.858817 0.4019146
vn -0.2862723 -0.9294047 0.2329273
vn -0.2784292 -0.9450908 0.1711154
vn -0.2705861 -0.7647001 -0.5848222
vn -0.2392138 -0.9686201 -0.06746767
vn -0.2313707 -0.960777 -0.1528894
vn -0.8588169 -0.03529388 -0.5110655
vn -0.7960722 -0.06666619 -0.6015186
vn -0.7960722 -0.06666619 -0.6015186
vn -0.874503 -0.0274508 -0.4842426
vn -0.8039154 -0.09803849 -0.5866076
vn -0.8039154 -0.09803849 -0.5866076
vn -0.874503 -0.1686262 -0.4547633
vn -0.8901892 -0.1999985 -0.4093456
vn -0.9607769 0.003921509 -0.2772946
vn -0.9843061 0.01960766 -0.1753769
vn -0.9996234 0.02744056 0
vn -0.9921492 0.02745068 0.1220097
vn -0.9764631 -0.003921568 0.215649
vn -0.9764631 -0.01176465 0.2153636
vn -0.9921492 -0.1137246 0.05202504
vn -0.9921492 -0.1137246 0.05202504
vn -0.8980323 -0.2705862 -0.3468733
vn -0.9764631 -0.1843123 -0.1120216
vn -0.9764631 -0.1843123 -0.1120216
vn 0.7647001 0.6235245 -0.1626376
vn 0.756857 0.5529369 -0.3484657
vn 0.756857 0.5529369 -0.3484657
vn 0.7803862 0.5999954 -0.1760764
vn 0.7490139 0.5215646 -0.4085934
vn 0.7490139 0.5215646 -0.4085934
vn 0.7882293 0.5372508 -0.3000937
vn 0.7960724 0.5450938 -0.2629479
vn 0.8117585 0.5764661 -0.09346107
vn 0.8039154 0.5843092 -0.1109175
vn 0.7803862 0.6156815 0.109241
vn 0.7647001 0.6235245 0.1626376
vn 0.7097985 0.6392107 0.2959658
vn 0.7097985 0.6392107 0.2959658
vn 0.6470539 0.66274 0.3769575
vn 0.6627401 0.6548969 0.3631608
vn 0.5843093 0.66274 0.4683571
vn 0.7411708 0.670583 -0.03137278
vn 0.7097985 0.7019553 -0.05869259
vn -0.7490138 0.6470538 -0.142477
vn -0.7490138 0.6470538 -0.142477
vn -0.8116087 0.5842015 0
vn -0.8196015 0.5686231 -0.07015082
vn -0.8581837 0.5133427 0
vn -0.8588169 0.5058784 -0.08075004
vn -0.8823462 0.466663 -0.06075301
vn -0.6784261 0.6862692 -0.2622453
vn -0.670583 0.6784261 -0.300094
vn -0.6156815 0.66274 -0.4262769
vn -0.6156815 0.66274 -0.4262769
vn -0.5921522 0.6235245 -0.5104634
vn -0.5843092 0.6078384 -0.5376944
vn -0.9529338 0.1137246 -0.2810408
vn -0.9450908 0.05882299 -0.3214705
vn -0.6626585 -0.7489218 0
vn -0.7019553 -0.5137216 -0.4933041
vn -0.7097985 -0.5294077 -0.464665
vn -0.6374876 -0.7704606 0
vn -0.5843092 -0.3725462 -0.7209661
vn -0.4980353 -0.349017 -0.7938186
vn -0.3725461 -0.3176447 -0.8719583
vn -0.4274477 -0.8117585 0.3979154
vn -0.4352907 -0.8196016 0.3725255
vn -0.3019584 -0.7803862 0.5475568
vn -0.3098015 -0.7803862 0.5431578
vn -0.2705861 -0.7254847 0.6328152
vn -0.2705861 -0.7176416 0.6416959
vn -0.262743 -0.654897 0.7085733
vn 0.8509739 0.262743 -0.4547632
vn 0.8431308 0.2470568 -0.4775912
vn 0.8352877 0.2784292 -0.4741008
vn 0.8039154 0.2470568 -0.5410017
vn 0.7882293 0.2313707 -0.5702299
vn 0.8431308 0.1137246 -0.5255446
vn 0.858817 0.1058815 -0.501221
vn 0.9686201 0.003921509 -0.2485151
vn 0.9764631 -0.003921568 -0.2156487
vn 0.9972357 -0.07430387 0
vn 0.9921493 -0.07450926 0.1004398
vn 0.9764631 -0.1137246 0.1832661
vn 0.9764631 -0.1215677 0.1781602
vn 0.960777 -0.1372539 0.240975
vn 0.9372478 0.3019584 0.1743208
vn 0.8581837 0.5133427 0
vn 0.9510054 0.3091745 0
vn 0.9747855 0.2231436 0
vn 0.9686201 0.2392138 -0.06746773
vn 0.9686201 0.2392138 -0.06746773
vn 0.9529339 0.2549 -0.1641432
vn 0.9529339 0.262743 -0.1512716
vn 0.858817 0.1529399 0.48892
vn 0.7803862 0.1764692 0.59988
vn 0.8039154 0.1686261 0.5703378
vn 0.7803862 0.5921522 0.2008808
vn 0.7176416 0.6313677 0.2938799
vn 0.6235247 0.66274 0.4147201
vn 0.8666601 0.1372538 0.4796475
vn 0.9372478 0.3176446 -0.1437657
vn 0.9372478 0.3254876 -0.1249979
vn 0.9215616 0.3647031 -0.1331012
vn 0.9215616 0.3647031 -0.1331012
vn 0.9187402 0.3948628 0
vn 0.7176416 0.6392107 0.2764059
vn 0.9058754 0.4196045 0.05763413
vn 0.9686201 0.2470568 0.02716736
vn 0.9686201 0.2313707 0.09078961
vn 0.9764631 0.1999984 -0.08074903
vn 0.9686201 0.03529382 -0.2460274
vn 0.7019554 0.6392107 0.314115
vn 0.7097985 0.6313677 0.3123474
vn 0.7490139 0.6392107 0.1743212
vn 0.756857 0.6470538 0.09213503
vn 0.756857 0.6313677 -0.1689449
vn 0.7490139 0.6313677 -0.2008806
vn 0.7176416 0.5843092 -0.3789107
vn 0.9843062 0.1372538 0.1109175
vn 0.8980324 -0.09803849 -0.4288664
vn 0.8117585 0.07450914 0.5792206
vn 0.7725431 0.09803843 0.627348
vn 0.7176416 0.1215676 0.68572
vn 0.7490139 0.1215676 0.651306
vn 0.7803862 0.1137246 0.6148691
vn 0.8509739 0.0901953 0.5174053
vn -0.2313707 -0.960777 -0.1528894
vn -0.2235277 -0.9372478 -0.2675856
vn -0.2392138 -0.9686201 -0.06746767
vn 0.9604816 -0.2783437 0
vn 0.9843062 -0.145097 0.1004398
vn 0.9843062 -0.1607831 0.07273288
vn 0.9604816 -0.2783437 0
vn 0.9529339 -0.2941154 -0.07357372
vn 0.9529339 -0.2941154 -0.07357372
vn 0.9529339 -0.1686262 -0.2519567
vn 0.9529339 -0.15294 -0.2617753
vn 0.9372478 0.1294107 -0.3237584
vn 0.9372478 0.1529399 -0.3133306
vn 0.9764631 0.2156845 0
vn 0.9764631 0.2078415 0.05763387
vn 0.9294047 0.08235228 0.3597569
vn 0.9843062 -0.06666619 0.1633919
vn 0.9843062 -0.06666619 0.1633919
vn -0.5686231 -0.7725431 0.2825684
vn -0.7568569 -0.6470539 0.09213487
vn -0.3960754 -0.9137185 0.09078946
vn -0.2313707 -0.9058754 0.3547636
vn -0.8196015 -0.5294077 0.2190452
vn -0.9450908 -0.3176447 0.07684591
vn -0.4431338 -0.7803862 0.4411686
vn -0.1137246 -0.8745031 0.4714987
vn -0.5999954 -0.6941124 0.3977607
vn -0.6235245 -0.6784262 0.3885293
vn -0.7254846 -0.5843093 0.3636685
vn -0.6313677 -0.7490139 0.2008807
vn -0.6313677 -0.7490139 0.2008807
vn -0.7097985 -0.6470539 -0.2784015
vn -0.7097985 -0.6470539 -0.2784015
vn -0.670583 -0.450977 -0.5890146
vn -0.5450938 -0.7097985 -0.4461601
vn -0.7960722 -0.4039185 -0.4506871
vn -0.9686199 -0.1607831 -0.1895368
vn -0.3568599 0.9294046 -0.09411708
vn -0.5921522 0.8039154 0.05546024
vn -0.5686231 0.8196015 0.07015082
vn -0.3176446 0.9372476 -0.1437665
vn -0.6941123 0.7176415 0.05655848
vn -0.1686261 0.9137185 -0.3697078
vn -0.1450969 0.8901892 -0.4318681
vn -0.02745068 0.8509738 -0.5244902
vn -0.01960766 0.8509738 -0.5248419
vn 0.06666619 0.8823462 -0.4658551
vn 0.06666619 0.8823462 -0.4658551
vn 0.07450926 0.9372476 -0.3406101
vn 0.06666619 0.9450908 -0.319936
vn 0.03529388 0.9686199 -0.2460279
vn 0.03529388 0.9686199 -0.2460279
vn -0.7633862 -0.6459423 0
vn -0.9450908 -0.3098016 0.10405
vn -0.4823492 -0.8745031 0.05082877
vn -0.3098015 -0.6941124 0.6497931
vn 0.145097 -0.8901893 0.4318679
vn 0.05882311 -0.756857 0.6509281
vn -0.3725461 -0.7960724 0.4769467
vn 0.003921568 -0.9450908 0.3267842
vn -0.5215646 -0.7960724 0.306984
vn -0.1921554 -0.960777 0.1999597
vn -0.4823492 -0.8745031 0.05082877
vn -0.6156815 -0.7803862 0.1092411
vn -0.7633862 -0.6459423 0
vn -0.7301457 -0.6832916 0
vn -0.7568569 -0.6235247 -0.1959198
vn -0.7568569 -0.6235247 -0.1959198
vn -0.7646999 -0.5372508 -0.3558027
vn -0.7646999 -0.5294077 -0.3673711
vn -0.7097985 -0.4666631 -0.5276473
vn -0.6862692 -0.45882 -0.5643747
vn -0.6392107 -0.4431339 -0.6285237
vn 0.3960754 -0.9137185 -0.09078946
vn 0.3882324 -0.9215616 0
vn 0.3960754 -0.9137185 -0.09078946
vn 0.35686 -0.9294047 -0.09411613
vn 0.35686 -0.9294047 -0.09411613
vn 0.2549 -0.9294047 -0.2668949
vn 0.2549 -0.9294047 -0.2668949
vn 0.2156847 -0.8745031 -0.4344242
vn 0.2235277 -0.8666601 -0.4460221
vn 0.247057 -0.8431308 -0.4775911
vn 0.003921568 0.7490138 -0.6625428
vn 0.01176465 0.4823492 -0.8759
vn 0.35686 0.5607799 -0.7471123
vn 0.1843123 0.9764631 -0.1120214
vn 0.5215647 0.8431307 -0.1307705
vn 0.45882 0.86666 0.1959199
vn 0.4823493 0.8509738 0.2078044
vn 0.5294077 0.7960722 0.2932515
vn 0.5843093 0.7725431 0.2485154
vn 0.4431339 0.7725431 0.4547632
vn 0.4039185 0.7803861 0.4773336
vn 0.349017 0.7568569 0.5525892
vn 0.7633862 -0.6459422 0
vn 0.5058785 -0.858817 0.08074857
vn 0.9450908 -0.3098016 0.1040494
vn 0.2705862 -0.7176416 0.6416959
vn -0.04313684 -0.7647001 0.6429409
vn -0.1215676 -0.8823462 0.4546279
vn 0.3254877 -0.8196016 0.4714986
vn 0.0274508 -0.9450908 0.3256528
vn 0.2078416 -0.960777 0.1836014
vn 0.4666631 -0.8274447 0.3123474
vn 0.5058785 -0.858817 0.08074857
vn 0.5999954 -0.7882293 0.1367482
vn 0.7633862 -0.6459422 0
vn 0.7301457 -0.6832914 0
vn 0.7411708 -0.6470539 -0.1788493
vn 0.7411708 -0.6392108 -0.2051228
vn 0.7176416 -0.5999954 -0.3535478
vn 0.7097985 -0.5921524 -0.3814992
vn 0.6313677 -0.5294077 -0.5666588
vn 0.6156816 -0.5215647 -0.590683
vn 0.552937 -0.4823493 -0.6794114
vn -0.3960754 -0.9137185 -0.09078946
vn -0.3960754 -0.9137185 -0.09078946
vn -0.3882322 -0.9215616 0
vn -0.3568599 -0.9294047 -0.09411645
vn -0.3568599 -0.9294047 -0.09411645
vn -0.2549 -0.9294047 -0.2668949
vn -0.2549 -0.9294047 -0.2668949
vn -0.2313707 -0.858817 -0.4570569
vn -0.2392138 -0.8509739 -0.4675684
vn -0.2705861 -0.8039154 -0.5296254
vn -0.01176453 0.7490138 -0.66245
vn -0.3568599 0.5607799 -0.7471123
vn -0.03529382 0.5764661 -0.8163585
vn -0.2078415 0.9764631 -0.05763477
vn -0.5137215 0.8509738 -0.1092417
vn -0.4509768 0.86666 0.213355
vn -0.4823492 0.8509738 0.2078047
vn -0.5137215 0.7960722 0.3199363
vn -0.5607799 0.7882292 0.2534178
vn -0.4745061 0.7176415 0.5097398
vn -0.466663 0.7097985 0.5276474
vn -0.4196045 0.6784261 0.6030506
vn -0.01176453 -0.7019554 0.7121237
vn -0.2549 -0.1372539 0.9571767
vn 0.1215677 -0.5843093 0.8023739
vn 0.2235277 -0.3725462 0.9006912
vn -0.003921509 -0.4274477 0.9040315
vn 0.0274508 -0.6705831 0.7413263
vn 0.1921554 -0.6705831 0.7165156
vn 0.01176465 -0.7725431 0.6348533
vn 0.09803849 -0.7803862 0.6175644
vn 0.05882311 -0.8666601 0.4954192
vn -0.01176453 -0.8666601 0.4987604
vn 0.1215677 -0.9372478 0.3267842
vn -0.03529382 -0.9450908 0.3248963
vn 0.1686262 -0.9686201 0.1825934
vn 0.01176465 -0.9921493 0.1245045
vn 0.003921568 -0.9999924 0
vn -0.4901923 -0.8666601 -0.0928001
vn -0.4823492 -0.8666601 0.1274349
vn -0.5764661 -0.8117585 -0.09346091
vn -0.6156815 -0.7803862 0.1092411
vn 0.15294 -0.9843062 0.08803766
vn -0.4823492 -0.8117585 0.3292224
vn -0.4274477 -0.7490139 0.5062279
vn -0.3019584 -0.6705831 0.6775982
vn -0.2235277 -0.4980354 0.8378521
vn 0.05882311 -0.756857 0.6509281
vn -0.3098015 -0.6941124 0.6497931
vn -0.5215646 -0.7960724 0.306984
vn -0.3725461 -0.7960724 0.4769467
vn -0.4823492 -0.8352877 -0.2638819
vn -0.003921509 -0.9921493 -0.1249976
vn -0.4352907 -0.8117585 -0.3893201
vn -0.5450938 -0.7333277 -0.4063289
vn -0.5137215 -0.7097985 -0.4819506
vn -0.3803892 -0.7960724 -0.4707153
vn -0.4901923 -0.6784262 -0.5472197
vn -0.4823492 -0.6705831 -0.5636111
vn -0.3490169 -0.7176416 -0.6026423
vn -0.3490169 -0.7176416 -0.6026423
vn -0.1999984 -0.756857 -0.6222284
vn 0.04313695 -0.9686201 -0.2447741
vn 0.08235234 -0.9372478 -0.3387989
vn 0.15294 -0.8980324 -0.4124891
vn -0.1921554 -0.858817 -0.4748786
vn 0.2862723 -0.8666601 -0.4085933
vn -0.05882299 -0.8980324 -0.435979
vn 0.3960754 -0.8980324 -0.1914737
vn 0.4666631 -0.8274447 -0.3123474
vn 0.5921524 -0.7411708 -0.3162616
vn 0.35686 -0.8431308 -0.4022205
vn 0.3803893 -0.9215616 -0.07764171
vn 0.1999985 -0.9764631 -0.08074857
vn -0.07450914 -0.552937 0.829885
vn 0.3411739 -0.03529388 0.9393374
vn -0.01176453 -0.7019554 0.7121237
vn 0.349017 -0.4666631 0.8126578
vn -0.04313684 -0.7647001 0.6429409
vn 0.2941154 -0.7097985 0.6400642
vn 0.2705862 -0.7176416 0.6416959
vn 0.3254877 -0.8196016 0.4714986
vn 0.3254877 -0.8196016 0.4714986
vn 0.4666631 -0.8274447 0.3123474
vn 0.35686 -0.8745031 0.328474
vn 0.5999954 -0.7882293 0.1367482
vn 0.3882324 -0.9137185 0.1199754
vn 0.5921524 -0.7960724 -0.1249976
vn 0.4352908 -0.8980324 -0.06371649
vn 0.6156816 -0.7333277 -0.2883862
vn 0.450977 -0.8509739 -0.2691899
vn 0.1607831 -0.8666601 0.4722808
vn 0.1215677 -0.7803862 0.6133666
vn 0.06666619 -0.6313677 0.7726127
vn 0.1916023 -0.9814727 0
vn 0.145097 -0.960777 -0.2363354
vn 0.1686262 -0.9764631 0.1344803
vn -0.05882299 -0.7647001 0.6416959
vn -0.003921509 -0.8745031 0.485004
vn -0.1843122 -0.5999954 0.7784821
vn 0.0274508 -0.6705831 0.7413263
vn 0.01176465 -0.7725431 0.6348533
vn 0.0274508 -0.2078416 0.9777772
vn -0.3411738 -0.2078416 0.9167346
vn -0.003921509 -0.4274477 0.9040315
vn 0.05882311 -0.8666601 0.4954192
vn 0.1215677 -0.9372478 0.3267842
vn -0.003921509 -0.9529339 0.3031528
vn 0.1686262 -0.9686201 0.1825934
vn -0.01176453 -0.9921493 0.1245045
vn 0.15294 -0.9843062 0.08803766
vn -0.003921509 -0.9999924 0
vn 0.1999985 -0.9764631 -0.08074857
vn 0.1686262 -0.9294047 0.3282866
vn -0.01960766 -0.9137185 -0.4058744
vn 0.2392139 -0.858817 -0.4530013
vn -0.1294107 -0.8666601 -0.4818228
vn 0.1607831 -0.8117585 -0.561424
vn 0.4352908 -0.7019554 -0.5637202
vn 0.3803893 -0.6470539 -0.6607763
vn 0.09019542 -0.7647001 -0.6380428
vn -0.05097997 -0.8431308 -0.5352863
vn 0.5137216 -0.7254847 -0.4579979
vn -0.2392138 -0.8745031 -0.4219254
vn -0.1843122 0.9294046 0.3197437
vn -0.1529399 0.9294046 0.3358816
vn -0.2470568 0.7960722 0.552478
vn -0.4431338 0.7568569 0.4804164
vn 0.003921568 0.9764631 0.215649
vn -0.2549 0.9058753 0.3382542
vn -0.02745068 0.9686199 0.247026
vn -0.5058784 0.8039154 0.3127412
vn -0.3019584 0.9372476 0.1743215
vn -0.06666613 0.9686199 0.239439
vn -0.02745068 0.9921492 0.1220098
vn -0.06666613 0.9450908 -0.319936
vn 0.2078416 0.9764631 0.05763477
vn -0.2078415 0.9764631 -0.05763477
vn -0.01176453 0.7490138 -0.66245
vn 0.1058816 0.8588169 -0.5012212
vn 0.5058785 0.8039154 -0.3127411
vn 0.09019542 0.7176415 -0.6905473
vn -0.03529382 0.5764661 -0.8163585
vn 0.7254847 0.6078384 0.3228072
vn 0.6627401 0.6470538 0.3769575
vn 0.6078385 0.6941123 0.3856689
vn 0.56078 0.7019553 0.4390723
vn 0.5294077 0.7333276 0.4265654
vn 0.4901924 0.7725431 0.4035946
vn 0.35686 0.8823462 0.3067836
vn 0.3019585 0.9137185 0.2719184
vn -0.5843092 -0.756857 -0.2928315
vn 0.1843123 0.9764631 -0.1120214
vn -0.2470568 0.9607769 -0.1259787
vn 0.003921568 0.7490138 -0.6625428
vn -0.09803843 0.9921492 0.07764248
vn -0.003921509 0.9999923 -0.000345267
vn 0.02744067 0.9996234 0
vn 0.08235234 0.9921492 0.09411676
vn 0.08235234 0.9843061 0.1560756
vn 0.01176465 0.4823492 -0.8759
vn 0.02744067 0.9996234 0
vn 0.01176392 0.9999309 0
vn -0.03527213 0.9993777 0
vn -0.03527213 0.9993777 0
vn -0.1137246 0.9843061 0.134938
vn -0.7097985 0.6862692 -0.1588105
vn -0.7097985 0.670583 -0.2156492
vn -0.6862692 0.7097985 -0.1588104
vn -0.8901892 0.4274477 -0.1576443
vn -0.9215615 0.3568599 -0.1528902
vn -0.7254846 0.66274 -0.1856012
vn 0.7176416 -0.2549 0.6480868
vn 0.756857 -0.247057 0.6050871
vn 0.7647001 -0.247057 0.5951443
vn 0.8196016 -0.2313708 0.5241381
vn 0.8352877 -0.3098016 0.4542217
vn 0.8196016 -0.5372508 0.1990346
vn 0.7803862 -0.6078385 0.14673
vn -0.2784292 -0.8980324 0.3406098
vn -0.2862723 -0.8901893 0.3544168
vn -0.2470568 -0.9450908 0.2139304
vn -0.2470568 -0.9529339 0.1757268
vn -0.3098015 -0.8117585 0.4950466
vn -0.3098015 -0.8039154 0.5076839
vn -0.2078415 -0.9764631 0.05763374
vn -0.2078415 -0.9764631 0.05763374
vn -0.1764692 -0.9764631 -0.1240095
vn -0.1764692 -0.9764631 -0.1240095
vn -0.1607831 -0.9294047 -0.3321983
vn -0.1607831 -0.9294047 -0.3321983
vn -0.1686261 -0.8431308 -0.5105836
vn -0.1764692 -0.8352877 -0.5207235
vn -0.1921554 -0.7960724 -0.573886
vn -0.3254876 -0.6627401 0.6744134
vn -0.3176446 -0.6470539 0.6931257
vn -0.3176446 -0.4274477 0.8463985
vn -0.3176446 -0.4039185 0.8578763
vn -0.2392138 -0.1215677 0.9633265
vn -0.2313707 -0.1058816 0.9670867
vn -0.1294107 0.09803843 0.9867327
vn -0.4823492 0.7960722 0.3655247
vn -0.5137215 0.8039154 0.2996837
vn -0.2235277 0.8901892 0.3969869
vn -0.1764692 0.8980323 0.4029846
vn -0.4039184 0.8431307 0.3549374
vn -0.1999984 0.9137185 0.3537219
vn -0.1294107 0.9294046 0.3456298
vn -0.09803843 0.9215615 0.3756499
vn -0.003921509 0.9372476 0.3486424
vn -0.01960766 0.9215615 0.387737
vn -0.02745068 0.9137185 0.4054196
vn 0.2235277 0.9058753 0.3597572
vn 0.2627431 0.8980323 0.3528513
vn 0.2078416 0.9137185 0.3491711
vn 0.2941154 0.8823462 0.367371
vn 0.3019585 0.874503 0.3795596
vn 0.349017 0.874503 0.3367961
vn 0.3960754 0.8588169 0.3248967
vn 0.2313708 0.9529338 0.1959202
vn -0.2941153 0.9450908 0.1424767
vn 0.2941154 0.9529338 -0.0735755
vn -0.3019584 0.9450908 -0.1249981
vn -0.2862723 0.9058753 -0.3121507
vn 0.2862723 0.9294046 -0.2329274
vn -0.2313707 0.8352877 -0.4987605
vn -0.7254846 0.5921522 -0.3507532
vn -0.5529369 0.6235245 -0.5527006
vn -0.1372538 0.8117584 -0.5676352
vn 0.1843123 0.9137185 -0.3621429
vn -0.7882292 0.5999954 -0.1367489
vn -0.7254846 0.6784261 0.1158018
vn 0.45882 0.8196015 0.3431289
vn 0.4901924 0.8352877 0.2490099
vn 0.450977 0.874503 0.1785055
vn 0.6784262 0.7176415 0.1572533
vn 0.5133428 0.8581836 0
vn 0.1686262 0.9843061 -0.05202602
vn 0.4901924 0.8196015 -0.2965886
vn 0.1372539 0.9607769 -0.2409752
vn 0.1921554 0.9686199 0.1576442
vn 0.3725462 0.7568569 -0.5370074
vn 0.5843093 0.5450938 -0.6012117
vn 0.7411708 0.5686231 -0.3568384
vn 0.3098016 0.6862692 -0.6580712
vn 0.09803849 0.8980323 -0.4288664
vn 0.7725431 0.6235245 -0.1199759
vn 0.2392139 0.9137185 0.3284742
vn 0.4274477 0.8980323 0.1040497
vn -0.05097997 0.9843061 0.1689455
vn 0.4901924 0.8431307 -0.2210024
vn -0.07450914 0.9843061 -0.1599684
vn -0.5450938 0.8117584 0.2095735
vn -0.6078384 0.7882292 -0.0960584
vn -0.02745068 0.9137185 -0.4054196
vn -0.5450938 0.7960722 -0.2629482
vn -0.003921509 0.7960722 -0.6051889
vn 0.4823493 0.7490138 -0.4542219
vn 0.4039185 0.6470538 -0.6466615
vn -0.003921509 0.6941123 -0.7198561
vn -0.4274477 0.7803861 -0.4563837
vn 0.2705862 0.9450908 -0.1832662
vn 0.04313695 0.9843061 -0.1711161
vn 0.05882311 0.874503 -0.4814398
vn 0.15294 0.86666 -0.4748788
vn 0.2313708 0.9686199 0.09079044
vn 0.04313695 0.9921492 0.1173844
vn 0.06666619 0.7176415 -0.6932145
vn 0.1137246 0.7019553 -0.7030828
vn 0.06666619 0.6313677 -0.7726128
vn 0.09803849 0.6548969 -0.7493321
vn 0.3333308 0.7176415 -0.6114583
vn 0.05098003 0.7725431 -0.6329125
vn 0.4431339 0.8352877 -0.3254641
vn 0.247057 0.9607769 0.1259785
vn 0.4901924 0.8352877 0.2490099
vn 0.4196047 0.9058753 0.05763529
vn 0.09803849 0.9607769 0.259415
vn 0.5058785 0.7725431 -0.3837501
vn 0.4352908 0.6156815 -0.6568547
vn 0.56078 0.7254846 -0.3989961
vn 0.5999954 0.7960722 -0.0792115
vn 0.6705831 0.7411708 -0.03137088
vn 0.6627401 0.7333276 0.151678
vn 0.5843093 0.7960722 0.1576442
vn 0.6627401 0.6313677 -0.4026791
vn 0.4901924 0.86666 -0.09280042
vn 0.7411708 0.3647031 -0.5636111
vn 0.3725462 0.5215646 -0.7675804
vn 0.6627401 0.2941153 -0.688674
vn 0.1607831 0.9764631 -0.1437661
vn 0.1840521 0.9829164 0
vn 0.6156816 0.7411708 0.2675856
vn 0.5843093 0.7490138 0.3123477
vn 0.45882 0.8196015 0.3431289
vn 0.5450939 0.7725431 0.3256529
vn 0.3960754 0.8588169 0.3248967
vn 0.6627401 0.6784261 0.3170388
vn 0.6862693 0.670583 0.2816965
vn 0.7960724 0.5137215 0.319936
vn 0.8196016 0.5058784 0.2689613
vn 0.8823462 0.3647031 0.297417
vn 0.9215616 0.3254876 0.2116177
vn 0.9450908 0.1764692 0.2750671
vn 0.9764631 0.1450969 0.1595827
vn 0.9916005 -0.1293392 0
vn 0.9764631 -0.09019542 0.1959197
vn 0.9843062 -0.1764693 0
vn 0.9764631 -0.1294108 0.1725474
vn 0.9372478 -0.08235234 0.338799
vn 0.9450908 -0.09019542 0.3141147
vn 0.8980324 0.1764692 0.4029845
vn 0.8039154 0.1607831 0.5725983
vn 0.8431308 -0.08235234 0.5313647
vn 0.8352877 0.3411738 0.4311552
vn 0.8431308 -0.03529388 0.5365489
vn 0.6627401 -0.1058816 0.7413263
vn 0.654897 0.01960766 0.7554638
vn 0.45882 -0.1294108 0.8790546
vn 0.4274477 0.0901953 0.8995295
vn 0.247057 -0.15294 0.9568554
vn 0.2392139 -0.05098003 0.9696277
vn 0.4431339 -0.003921568 0.8964469
vn 0.1764693 0.1529399 0.9723518
vn -0.003921509 -0.08235234 0.9965956
vn -0.003921509 0.01176453 0.9999231
vn 0.2313708 0.06666613 0.9705788
vn -0.003921509 0.1215676 0.9925754
vn 0.1921554 0.1921554 0.9623682
vn 0.4039185 0.1529399 0.9019197
vn 0.3411739 0.2941153 0.8928027
vn 0.6392108 0.08235228 0.7646095
vn 0.5843093 0.2705861 0.765092
vn 0.7097985 0.3803892 0.5928661
vn 0.4980354 0.4274477 0.754486
vn 0.5999954 0.5529369 0.5781576
vn 0.4901924 0.670583 0.5568032
vn 0.5215647 0.7490138 0.4085935
vn 0.6392108 0.6392107 0.4275737
vn 0.349017 0.5686231 0.7448859
vn 0.3647031 0.8431307 0.3951231
vn 0.2078416 0.9137185 0.3491711
vn 0.1843123 0.8980323 0.3994582
vn 0.3254877 0.7646999 0.5561401
vn 0.145097 0.8117584 0.5656812
vn -0.003921509 0.9372476 0.3486424
vn -0.003921509 0.9058753 0.4235263
vn -0.003921509 0.8274446 0.5615337
vn 0.003921568 0.6862692 0.7273371
vn 0.1372539 0.66274 0.7361637
vn 0.1215677 0.5058784 0.8539954
vn 0.003921568 0.5294076 0.8483585
vn 0.2235277 0.4274477 0.8759702
vn 0.003921568 0.3254876 0.9455382
vn 0.7647001 0.4745061 0.4359791
vn -0.9999923 -0.003921568 -0.0003442513
vn -0.9999923 -0.003921568 -0.0003442513
vn -0.9999923 -0.003921568 -0.0003442513
vn 0.3254877 0.86666 -0.3780982
vn 0.3254877 0.86666 -0.3780982
vn 0.3254877 0.86666 -0.3780982
vn 0.4352908 0.8431307 0.3156779
vn 0.4352908 0.8431307 0.3156779
vn 0.4352908 0.8431307 0.3156779
vn 0.2784293 0.66274 -0.6951639
vn 0.5921524 0.466663 -0.6569484
vn 0.6470539 0.4980353 -0.5773059
vn 0.3254877 0.7097985 -0.6246951
vn 0.2392139 0.6862692 -0.6868853
vn -0.08235228 0.7568569 -0.6483716
vn -0.0901953 0.7568569 -0.6473271
vn 0.5999954 0.5058784 -0.6197519
vn 0.3411739 0.8039154 -0.4871554
vn 0.6941124 0.6392107 -0.3310857
vn -0.04313684 0.8117584 -0.5823981
vn -0.05882299 0.7960722 -0.6023361
vn 0.4117616 0.9058753 0.09920825
vn 0.6470539 0.7254846 0.2345066
vn 0.07450926 0.9372476 -0.3406101
vn 0.7254847 0.5686231 -0.3877367
vn 0.4117616 0.8196015 -0.3983788
vn 0.756857 0.6470538 -0.09213503
vn 0.4431339 0.8823462 -0.1584224
vn 0.07450926 0.9764631 -0.2024061
vn -0.02745068 0.8901892 -0.4547634
vn 0.6392108 0.7646999 0.08150824
vn 0.4117616 0.9058753 0.09920825
vn 0.1686262 0.9764631 0.1344807
vn 0.2392139 0.9137185 0.3284742
vn 0.4901924 0.8352877 0.2490099
vn 0.2235277 0.9058753 0.3597572
vn 0.3803893 0.8274446 0.4130854
vn -0.3411738 -0.8745031 -0.3447387
vn -0.3490169 -0.9058754 -0.2399517
vn -0.4980353 -0.8666601 -0.02934566
vn -0.4736328 -0.8807223 0
vn -0.5137215 -0.8274447 0.2267721
vn -0.5137215 -0.8274447 0.2267721
vn -0.4745061 -0.7490139 0.462409
vn -0.4745061 -0.7490139 0.462409
vn -0.4274477 -0.6705831 0.6063058
vn -0.4274477 -0.6705831 0.6063058
vn -0.3803892 -0.6627401 0.6450424
vn -0.3803892 -0.6627401 0.6450424
vn -0.3333308 -0.7176416 0.6114582
vn -0.3333308 -0.7254847 0.6021317
vn -0.3490169 -0.8352877 0.4248312
vn -0.3568599 -0.8666601 0.3486421
vn -0.3720657 -0.9282063 0
vn -0.3647031 -0.9058754 -0.2153633
vn -0.3333308 -0.8196016 -0.4659869
vn -0.2313707 -0.960777 -0.1528894
vn 0.349017 -0.9215616 0.1700336
vn 0.349017 -0.9215616 0.1700336
vn 0.2784293 -0.8901893 0.3606108
vn 0.2862723 -0.8980324 0.334045
vn 0.3720658 -0.9282063 0
vn 0.3720658 -0.9282063 0
vn 0.2078416 -0.858817 0.4682257
vn 0.3411739 -0.9215616 -0.185269
vn 0.3411739 -0.9215616 -0.185269
vn 0.3019585 -0.8901893 -0.3411511
vn 0.3019585 -0.8901893 -0.3411511
vn -0.5529369 -0.7882293 0.2701025
vn -0.5607799 -0.7882293 0.2534176
vn -0.45882 -0.7411708 0.4900511
vn -0.4431338 -0.7411708 0.5042799
vn -0.5607799 -0.8274447 0.02934668
vn -0.5607799 -0.8196016 0.1173844
vn -0.3568599 -0.7019554 0.6163681
vn -0.4901923 -0.858817 -0.1488117
vn -0.4901923 -0.858817 -0.1488117
vn -0.4352907 -0.858817 -0.2701026
vn -0.4352907 -0.858817 -0.2701026
vn -0.05882299 -0.9450908 0.3214703
vn -0.05882299 -0.9529339 0.2974169
vn -0.07450914 -0.8745031 0.4792626
vn -0.06666613 -0.858817 0.5079262
vn -0.01176453 -0.9843062 0.1760763
vn -0.01176453 -0.9921493 0.1245045
vn -0.05097997 -0.7647001 0.6423666
vn 0.01960772 -0.9921493 -0.1235125
vn 0.003921568 -0.9843062 -0.1764254
vn 0.01960772 -0.9372478 -0.3481123
vn 0.05882311 -0.9294047 -0.3643443
vn -0.003921509 -0.9450908 -0.3267842
vn 0.6470539 0.5843092 -0.4897999
vn 0.2705862 0.8274446 -0.4920555
vn 0.15294 0.6548969 -0.7400807
vn 0.4901924 0.4745061 -0.7311329
vn 0.5764662 0.7803861 -0.2422483
vn 0.3098016 0.9294046 -0.2005743
vn 0.003921568 0.5372508 -0.8434135
vn -0.262743 0.7019553 -0.6619856
vn -0.262743 0.6078384 -0.7493321
vn -0.07450914 0.5058784 -0.8593808
vn 0.247057 0.4352907 -0.865728
vn 0.01176465 0.9843061 -0.176077
vn -0.1529399 0.8823462 -0.4450558
vn 0.05098003 0.9921492 0.114197
vn 0.2627431 0.9607769 0.08873428
vn 0.1999985 0.9450908 0.2584647
vn 0.03529388 0.9607769 0.2750673
vn 0.3803893 0.8901892 0.2507334
vn 0.4425083 0.8967644 0
vn -0.1372538 -0.7176416 0.6827532
vn -0.02745068 -0.6156816 0.7875168
vn -0.02745068 -0.6156816 0.7875168
vn -0.1450969 -0.7254847 0.6727695
vn -0.2235277 -0.8274447 0.5151415
vn -0.2313707 -0.8352877 0.4987604
vn 0.04313695 -0.552937 0.8321057
vn -0.2392138 -0.9450908 0.2226658
vn -0.2392138 -0.9450908 0.2226658
vn -0.1921554 -0.9764631 -0.09795943
vn -0.1921554 -0.9764631 -0.09795943
vn -0.1686261 -0.9529339 -0.2519568
vn -0.1686261 -0.9529339 -0.2519568
vn 0.4352908 -0.8980324 -0.06371649
vn 0.2862723 -0.9529339 -0.09982546
vn 0.5058785 -0.858817 0.08074857
vn 0.3725462 -0.9215616 0.1092409
vn 0.2078416 -0.960777 0.1836014
vn 0.2941154 -0.9294047 0.2229418
vn 0.0274508 -0.9450908 0.3256528
vn 0.1843123 -0.8980324 0.3994582
vn -0.1215676 -0.8823462 0.4546279
vn 0.01960772 -0.8666601 0.4985137
vn -0.04313684 -0.7647001 0.6429409
vn -0.1372538 -0.7647001 0.6295993
vn -0.07450914 -0.552937 0.829885
vn -0.2784292 -0.5450939 0.7907906
vn -0.01176453 -0.7019554 0.7121237
vn 0.2235277 -0.3960754 0.8905951
vn 0.3960754 -0.6078385 0.6882272
vn 0.4352908 -0.4274477 0.7923449
vn 0.5764662 -0.6392108 0.509015
vn 0.7019554 -0.4823493 0.5240207
vn 0.4352908 0.03529382 0.8995978
vn 0.7097985 -0.3882324 0.5877599
vn 0.8196016 -0.4431339 0.3631605
vn 0.8196016 -0.4117616 0.3983787
vn 0.6862693 -0.09019542 0.7217335
vn 0.858817 -0.1215677 0.4976492
vn 0.8901893 -0.3882324 0.2384087
vn 0.9450908 -0.145097 0.2928313
vn 0.8431308 -0.03529388 0.5365489
vn 0.9450908 -0.09019542 0.3141147
vn 0.654897 0.01960766 0.7554638
vn 0.8431308 -0.4823493 0.2376332
vn 0.8823462 -0.450977 0.1344803
vn 0.7019554 -0.7097985 0.05869082
vn 0.7176416 -0.6705831 0.1879064
vn 0.6862693 -0.7254847 -0.05202373
vn 0.8980324 -0.4352908 0.06371649
vn 0.6862693 -0.7176416 -0.1184273
vn 0.8980324 -0.4352908 -0.06371649
vn 0.9450908 -0.2941154 0.142476
vn 0.9670746 -0.2544933 0
vn 0.960777 -0.2705862 -0.06075105
vn 0.8980324 -0.4352908 -0.06371649
vn 0.9529339 -0.2941154 -0.07357372
vn 0.6705831 -0.7333277 -0.1120209
vn 0.8745031 -0.4666631 -0.1321734
vn 0.6235247 -0.7725431 -0.1199754
vn 0.4039185 -0.9058754 -0.1274341
vn 0.4980354 -0.858817 -0.1199754
vn 0.9372478 -0.3176447 -0.1437655
vn 0.5450939 -0.8352877 -0.0718819
vn 0.2305638 -0.9730572 0
vn 0.8666601 -0.4823493 -0.1274344
vn 0.9294047 -0.3254877 -0.1739674
vn 0.4039185 -0.9137185 0.04436513
vn -0.03529382 -0.9921493 0.1199754
vn 0.858817 -0.5058785 -0.08074857
vn 0.247057 -0.9529339 0.1757267
vn -0.3098015 -0.9215616 0.2339814
vn 0.8581836 -0.5133427 0
vn 0.9372478 -0.3176447 -0.1437655
vn 0.9529339 -0.3019585 -0.02716688
vn 0.9510053 -0.3091746 0
vn 0.8352877 -0.5372508 0.1168586
vn 0.1058816 -0.960777 0.2563136
vn 0.7647001 -0.5999954 0.2350305
vn -0.01960766 -0.9764631 0.2147913
vn -0.466663 -0.8509739 0.2409752
vn -0.5294076 -0.8431308 0.09411676
vn 0.9137185 -0.35686 0.1943434
vn 0.7019554 -0.6156816 0.3580429
vn -0.05882299 -0.9843062 0.1663764
vn -0.0901953 -0.9921493 0.086629
vn 0.6470539 -0.5921524 0.4802883
vn -0.5607799 -0.8274447 -0.02934668
vn -0.5843092 -0.756857 -0.2928315
vn 0.8431308 -0.4196047 0.3362474
vn 0.7725431 -0.4196047 0.4765595
vn -0.6156815 -0.6392108 -0.4608099
vn 0.06651904 -0.9977852 0
vn -0.6156815 -0.4666631 -0.6349503
vn -0.02745068 -0.9921493 -0.1220093
vn -0.4509768 -0.2705862 -0.850531
vn 0.03529388 -0.9764631 -0.2127771
vn -0.2549 -0.1372539 -0.9571767
vn 0.247057 -0.9215616 -0.2994781
vn -0.08235228 0.1215676 -0.989161
vn 0.4431339 -0.8274447 -0.344917
vn 0.349017 -0.4117616 0.8418073
vn 0.1686262 -0.4039185 0.899119
vn 0.4823493 -0.45882 0.746206
vn 0.5921524 -0.4745062 0.651306
vn 0.3019585 -0.4823493 -0.8222896
vn 0.6941124 -0.4431339 0.5673098
vn 0.06651904 -0.9977852 0
vn 0.06651904 -0.9977852 0
vn 0.8352877 -0.4352908 0.3358814
vn 0.7097985 -0.6156816 0.3422313
vn 0.8352877 -0.5058785 0.2153632
vn 0.4666631 -0.8823462 -0.06075129
vn 0.4980354 -0.858817 -0.1199754
vn 0.3333308 -0.9372478 -0.1022605
vn 0.3882324 -0.9137185 -0.1199754
vn 0.4980354 -0.858817 -0.1199754
vn 0.4980354 -0.8352877 -0.2329272
vn 0.5372508 -0.7725431 -0.3384355
vn 0.552937 -0.7411708 -0.3806922
vn 0.7882293 -0.5137216 0.3387989
vn 0.9686201 -0.1999985 0.1475661
vn 0.9747855 -0.2231437 0
vn 0.9043746 -0.4267395 0
vn 0.9137185 -0.3960754 0.09078938
vn 0.9764631 -0.1294108 0.1725474
vn 0.9843062 -0.1764693 0
vn 0.9529339 -0.2235277 -0.2048227
vn 0.8745031 -0.450977 -0.178505
vn 0.9137185 -0.247057 -0.3226164
vn 0.8274447 -0.4980354 -0.2594148
vn 0.9843062 -0.003921568 -0.1764254
vn 0.9529339 -0.003921568 -0.3031528
vn 0.8509739 -0.2705862 -0.4501406
vn 0.7803862 -0.5215647 -0.3449169
vn 0.8666601 -0.0274508 -0.4981433
vn 0.7882293 -0.4196047 -0.4501406
vn 0.960777 -0.01176465 -0.2770725
vn 0.9450908 -0.01176465 -0.3265959
vn 0.1843123 0.03529382 0.9822338
vn 0.1764693 0.1529399 0.9723518
vn 0.4274477 0.0901953 0.8995295
vn 0.003921568 0.1529399 0.9882277
vn -0.05097997 0.003921509 0.998692
vn -0.003921509 0.1529399 0.9882277
vn -0.003921509 -0.04313695 0.9990615
vn 0.01176465 -0.2941154 0.9556975
vn -0.003921509 -0.5843093 0.8115216
vn -0.8509738 0.3882322 0.353722
vn -0.8352877 0.3960754 0.3813381
vn -0.8117584 0.4039184 0.4217798
vn -0.8823462 0.3647031 0.2974172
vn -0.8823462 0.3725461 0.2875321
vn -0.8901892 0.3490169 0.2928317
vn -0.8588169 0.45882 0.2278548
vn -0.86666 0.45882 0.1959201
vn -0.8901892 0.3960754 0.2251389
vn -0.9450908 0.2549 0.2045224
vn -0.9529338 0.2470568 0.1757274
vn -0.9670746 0.2544933 0
vn -0.9670746 0.2544933 0
vn -0.9670746 0.2544933 0
vn -0.9686199 0.2470568 -0.02717175
vn -0.9686199 0.2313707 -0.09079092
vn -0.86666 -0.4352908 0.2437671
vn -0.86666 -0.4352908 0.2437671
vn -0.86666 -0.4352908 0.2437671
vn 0.01176465 0.9921492 -0.124505
vn 0.003921568 0.9843061 -0.176426
vn -0.0117638 0.9999309 0
vn -0.06666613 0.9686199 0.239439
vn -0.01960766 0.9529338 -0.3025438
vn -0.05097997 0.9294046 -0.3655244
vn -0.1058815 0.8901892 0.4431166
vn -0.1137246 0.6235245 0.7734881
vn -0.1137246 0.5372508 0.8357203
vn -0.08235228 0.9215615 -0.3793976
vn -0.1058815 0.9215615 -0.3735151
vn -0.1294107 0.9137185 -0.3851902
vn -0.1450969 0.9137185 -0.3795595
vn -0.1843122 0.9137185 -0.362143
vn -0.1999984 0.9215615 -0.3327537
vn -0.2862723 0.9058753 -0.3121507
vn -0.2784292 0.9137185 -0.2959658
vn -0.4431338 0.8509738 -0.2819147
vn -0.4352907 0.86666 -0.2437673
vn -0.45882 0.8352877 -0.30295
vn -0.5843092 0.7882292 -0.1930737
vn -0.4823492 0.8431307 -0.237634
vn -0.6392107 0.7568569 -0.1362985
vn -0.4901923 0.8509738 -0.1885604
vn -0.7803861 0.6235245 -0.04706028
vn -0.6548969 0.7411708 -0.147567
vn -0.7725431 0.6235245 0.1199764
vn -0.5607799 0.8274446 -0.02934972
vn -0.5215646 0.8509738 -0.06175648
vn -0.8117584 0.5764661 0.09346203
vn -0.5752994 0.8179429 0
vn -0.8274446 0.5607799 0.02934922
vn -0.5999954 0.7960722 0.07921226
vn -0.6156815 0.7803861 0.1092419
vn -0.8352877 0.5450938 0.07188377
vn -0.6155679 0.7880838 0
vn -0.7725431 0.6313677 -0.06746878
vn -0.5842015 0.8116087 0
vn -0.756206 0.6543336 0
vn -0.9607769 0.2549 0.1092414
vn -0.9372476 0.3019584 0.1743215
vn -0.9686199 0.2392138 0.0674695
vn -0.9670746 0.2544933 0
vn -0.8117584 0.4431338 -0.3803692
vn -0.8274446 0.5529369 0.09796064
vn -0.7333276 0.5764661 0.3604406
vn -0.6392107 0.7568569 0.1362985
vn -0.8588169 0.5058784 0.08075004
vn -0.9843061 0.05882299 0.1663772
vn -0.6862692 0.7254846 -0.05202602
vn -0.2392138 0.9607769 -0.1403012
vn 0.2941154 0.9294046 0.2229421
vn 0.2941154 0.9450908 0.1424765
vn 0.2862723 0.9529338 0.09982665
vn 0.2783437 0.9604815 0
vn 0.4823493 0.8588169 0.1725478
vn 0.4823493 0.8588169 0.1725478
vn 0.4823493 0.8588169 0.1725478
vn -0.9686199 -0.145097 -0.2017976
vn -0.9764631 -0.06666619 -0.2051231
vn -0.9294046 0.1137246 -0.3511036
vn -0.9215615 0.1529399 -0.3568386
vn -0.9058753 0.2156845 -0.3645135
vn -0.9058753 0.2078415 -0.3690417
vn -0.9058753 0.1921554 -0.377447
vn -0.8509738 -0.5215647 0.061756
vn -0.8196015 -0.56078 0.1173843
vn -0.7646999 -0.5764662 0.2879596
vn 0.1764693 0.9215615 0.3458078
vn 0.01176465 0.8509738 0.5250763
vn 0.2313708 0.9294046 0.2875319
vn 0.2313708 0.9294046 0.2875319
vn -0.05882299 0.8117584 0.5810233
vn -0.2235277 0.4352907 -0.8720994
vn -0.03529382 0.5764661 -0.8163585
vn -0.3568599 0.5607799 -0.7471123
vn -0.9371324 0.348974 0
vn -0.9371324 0.348974 0
vn -0.9371324 0.348974 0
vn -0.9450908 0.3098015 -0.1040504
vn -0.9450908 0.3098015 -0.1040504
vn -0.9450908 0.3098015 -0.1040504
vn -0.7411708 -0.35686 -0.5686095
vn -0.7411708 -0.35686 -0.5686095
vn -0.7411708 -0.35686 -0.5686095
vn -0.9686199 0.2392138 0.0674695
vn -0.9921492 -0.1058816 -0.06655069
vn -0.7254846 0.6235245 -0.2913576
vn -0.6313677 0.7568569 -0.1689451
vn -0.670583 0.6235245 -0.4019149
vn -0.9686199 -0.1999985 -0.1475669
vn 0.1686262 0.9215615 -0.3496993
vn 0.05882311 0.9450908 -0.3214704
vn -0.6470538 0.5999954 -0.4704539
vn -0.9529338 -0.1764693 -0.2465275
vn -0.5372508 0.7333276 -0.416644
vn 0.2784293 0.9058753 -0.3191661
vn 0.3254877 0.9450908 -0.02934566
vn -0.5058784 0.8274446 -0.2437673
vn -0.8823462 0.04313684 -0.4686198
vn -0.7803861 0.2862723 -0.5559188
vn -0.5282392 0.8490957 0
vn 0.1999985 0.9215615 0.3327536
vn 0.01176465 0.7333276 0.6797736
vn -0.7176415 0.4117615 -0.5616432
vn -0.5607799 0.8117584 0.1630159
vn -0.670583 0.4509768 -0.5890147
vn -0.6862692 0.6862692 -0.2409756
vn -0.003921509 0.4901923 0.8716055
vn 0.4666631 -0.8666601 0.1764254
vn 0.4666631 -0.8666601 0.1764254
vn 0.4352908 -0.8431308 0.3156775
vn 0.4352908 -0.8431308 0.3156775
vn 0.450977 -0.8196016 0.3533737
vn 0.450977 -0.8196016 0.3533737
vn 0.4901924 -0.7882293 0.3720296
vn 0.4980354 -0.7882293 0.3614627
vn 0.56078 -0.7725431 0.2978303
vn 0.5843093 -0.7647001 0.271692
vn 0.6784262 -0.7019554 0.2167866
vn 0.7019554 -0.6784262 0.2167866
vn 0.756857 -0.6156816 0.2193256
vn 0.756857 -0.6156816 0.2193256
vn 0.756857 -0.6078385 0.240208
vn 0.756857 -0.6078385 0.240208
vn 0.756857 -0.6156816 0.2193256
vn 0.4901924 -0.8666601 0.09279978
vn 0.4901924 -0.8666601 0.09279978
vn -0.5607799 0.8274446 -0.02934972
vn -0.09803843 0.9764631 -0.1921154
vn -0.2392138 0.9607769 -0.1403012
vn -0.6862692 0.7254846 -0.05202602
vn -0.9843061 -0.09019542 0.1516783
vn -0.9764631 -0.145097 0.159583
vn -0.7880838 0.6155679 0
vn -0.8196015 0.5686231 0.07015082
vn -0.9905662 -0.1370349 0
vn -0.6941123 0.6941123 -0.1908305
vn 0.003921568 0.9843061 -0.176426
vn 0.1215677 0.9450908 -0.3033557
vn -0.9843061 0.05882299 0.1663772
vn -0.8588169 0.5058784 0.08075004
vn -0.6862692 0.7254846 -0.05202602
vn -0.2705861 0.9529338 -0.1367493
vn -0.6862692 0.6392107 -0.3470508
vn -0.9843061 -0.1764693 -0.000342559
vn -0.66274 0.6313677 -0.4026792
vn -0.9607769 -0.2156847 -0.174321
vn 0.2392139 0.874503 -0.4219256
vn 0.4117616 0.8823462 -0.2278545
vn -0.5607799 0.7019553 -0.4390725
vn -0.8823462 -0.2705862 -0.3850304
vn -0.4274477 0.7019553 -0.5696905
vn -0.7019553 -0.2784293 -0.6555424
vn 0.4666631 0.8823462 0.06075227
vn 0.4117616 0.874503 0.2563139
vn -0.1294107 0.7960722 -0.5912037
vn -0.3411738 -0.1372539 -0.9299257
vn -0.003921509 0.5999954 -0.7999939
vn 0.2549 0.7646999 0.5918277
vn 0.756857 -0.6470539 0.09213454
vn 0.6470539 -0.756857 0.09213454
vn 0.6705831 -0.7411708 0.03136993
vn 0.7562059 -0.6543337 0
vn 0.6470539 -0.7490139 0.1424761
vn 0.6705831 -0.7254847 0.1548878
vn 0.8116088 -0.5842015 0
vn 0.8116088 -0.5842015 0
vn 0.6784262 -0.6705831 0.3000936
vn 0.6784262 -0.6705831 0.3000936
vn 0.6470539 -0.6784262 0.3479355
vn 0.6470539 -0.6862693 0.3321983
vn 0.6313677 -0.6941124 0.3458074
vn 0.6313677 -0.6862693 0.3611222
vn 0.56078 -0.6627401 0.4962876
vn 0.5450939 -0.6627401 0.5134669
vn 0.3333308 -0.6313677 0.7001895
vn 0.3098016 -0.6313677 0.7109134
vn 0.1294108 -0.5999954 0.7894671
vn 0.8117585 -0.5372508 0.2289316
vn 0.8352877 -0.4352908 0.3358814
vn 0.7882293 -0.5137216 0.3387989
vn 0.8117585 -0.5450939 0.2095728
vn 0.7882293 -0.6078385 0.09605701
vn 0.7803862 -0.6156816 0.1092407
vn 0.7333277 -0.6784262 0.0443658
vn 0.7254847 -0.6862693 0.05202344
vn 0.6862693 -0.7254847 -0.05202373
vn 0.6832914 -0.7301457 0
vn 0.6627401 -0.7411708 -0.1069648
vn 0.6627401 -0.7411708 -0.1069648
vn 0.6705831 -0.7333277 -0.1120209
vn 0.6784262 -0.7254847 -0.1158009
vn 0.7803862 -0.6235247 -0.0470568
vn 0.7880839 -0.615568 0
vn 0.9529339 -0.2941154 -0.07357372
vn 0.9450908 -0.3176447 -0.07684513
vn 0.9843062 0.05882299 -0.1663765
vn 0.9686201 0.1215676 -0.2167867
vn 0.8901893 0.2392138 -0.3877367
vn 0.8823462 0.2313707 -0.409796
vn 0.8196016 0.07450914 -0.5680683
vn 0.8196016 0.07450914 -0.5680683
vn 0.7803862 -0.07450926 -0.6208428
vn -0.7960722 0.5137215 -0.3199363
vn -0.8823462 0.3176446 -0.3472279
vn -0.9058753 0.3333308 -0.2613054
vn -0.8039154 0.5450938 -0.2378925
vn -0.66274 0.7254846 -0.1856012
vn -0.7960722 0.5921522 -0.1249989
vn -0.5529369 0.8274446 -0.09796064
vn -0.7490138 0.6548969 -0.1004414
vn -0.4352907 0.8980323 0.06371789
vn -0.6784261 0.6862692 -0.2622453
vn -0.9450908 0.3098015 -0.1040504
vn -0.9345497 0.3558327 0
vn -0.7176415 0.6941123 0.05655822
vn -0.9371324 0.348974 0
vn -0.7019553 0.7019553 0.1204887
vn -0.9372476 0.3098015 -0.1599686
vn -0.3803892 0.9215615 0.07764325
vn -0.3411738 0.9294046 0.1407392
vn -0.7254846 0.6784261 0.1158018
vn -0.3098015 0.9372476 0.1599686
vn -0.9607769 0.262743 0.08873449
vn -0.9996234 -0.02744067 0
vn -0.7948022 0.6068686 0
vn -0.2862723 0.9529338 0.09982695
vn -0.874503 0.4823492 -0.05083052
vn -0.2470568 0.9686199 -0.02717209
vn -0.8967644 -0.4425083 0
vn -0.9282064 0.3720658 0
vn -0.6941123 -0.6705831 0.2617755
vn -0.9215615 0.3725461 0.1092421
vn -0.5686231 -0.7097985 0.415757
vn -0.8588169 0.4745061 0.1930738
vn -0.03529382 0.8980323 -0.4385114
vn -0.1058815 0.9529338 -0.2840886
vn -0.5058784 -0.6392108 0.5792206
vn -0.8509738 0.01960766 0.5248419
vn -0.1921554 0.9686199 -0.1576442
vn 0.9921493 0.0901953 0.08662903
vn 0.9921493 0.003921509 0.1249976
vn 0.9764631 -0.2078416 0.05763364
vn 0.9814727 -0.1916023 0
vn 0.8338527 -0.551987 0
vn 0.8823462 -0.45882 -0.1046391
vn 0.8039154 -0.552937 0.2190449
vn 0.9450908 -0.15294 0.2888125
vn 0.9764631 0.1764692 0.1240096
vn 0.9921493 0.03529382 0.1199755
vn 0.9996234 0.02744055 0
vn 0.9215616 -0.3411739 0.185269
vn 0.9764631 0.01960766 -0.2147913
vn 0.8823462 -0.4196047 0.213066
vn 0.9993777 0.03527213 0
vn 0.8823462 0.4431338 0.1584222
vn 0.9764631 0.04313684 -0.2113267
vn 0.9294047 0.07450914 -0.3614627
vn 0.9372478 0.09803843 -0.334597
vn 0.8745031 -0.4666631 0.1321734
vn 0.8666601 -0.4901924 0.09279986
vn 0.8581836 -0.5133427 0
vn 0.8431308 -0.5137216 -0.1588097
vn 0.8352877 -0.4901924 -0.2490097
vn 0.8509739 0.466663 0.2409753
vn 0.7882293 0.5921522 0.1674823
vn 0.8274447 0.5529369 -0.09795973
vn 0.9215616 0.3803892 -0.07764199
vn 0.8196016 0.4117615 -0.3983788
vn 0.8901893 0.2941153 -0.3479357
vn 0.8352877 0.1529399 -0.5281134
vn 0.9294047 0.07450914 -0.3614627
vn 0.8196016 0.03529382 -0.5718458
vn 0.858817 -0.4352908 -0.2701024
vn 0.7647001 -0.04313695 -0.6429409
vn 0.7490139 -0.4666631 -0.470323
vn 0.7019554 0.6548969 0.279944
vn 0.3333308 0.45882 -0.8236351
vn 0.4117616 0.5607799 -0.7183163
vn 0.6235247 0.4196045 -0.6596583
vn 0.9294047 -0.1764693 -0.3241381
vn 0.6392108 0.2078415 -0.740413
vn 0.8431308 -0.35686 -0.4022205
vn 0.03529388 0.6862692 -0.7264909
vn 0.03529388 0.6392107 -0.7682213
vn 0.6470539 0.1450969 -0.7485106
vn 0.1999985 0.7254846 -0.6585383
vn 0.7725431 0.1058815 -0.626072
vn 0.450977 0.7176415 -0.5306699
vn 0.8901893 0.1215676 -0.4390722
vn 0.6235247 0.7646999 -0.1626378
vn 0.8039154 -0.4274477 -0.4135316
vn 0.7725431 -0.4352908 -0.4622759
vn 0.9764631 0.1294107 -0.1725474
vn 0.7803862 -0.4352908 -0.448909
vn 0.8901893 -0.3647031 0.273047
vn 0.8196016 -0.4745062 0.3210873
vn 0.9058754 -0.09019542 0.413829
vn 0.9294047 0.01176453 0.3688747
vn 0.7960724 0.3803892 0.4707153
vn 0.8352877 0.3411738 0.4311552
vn 0.9215616 0.2705861 0.2784015
vn 0.8431308 0.4117615 0.3458075
vn 0.9921493 0.06666613 0.1058084
vn 0.9843062 0.1137246 -0.134937
vn 0.8901893 0.4274477 0.1576437
vn 0.9215616 -0.1921554 -0.3373433
vn 0.960777 -0.2705862 0.06075105
vn 0.960777 0.262743 -0.08873382
vn 0.3098016 0.4980353 -0.8099283
vn 0.2941154 0.466663 -0.8340994
vn 0.35686 0.6862692 -0.6337867
vn 0.349017 0.66274 -0.6625428
vn 0.3411739 0.8196015 -0.4602757
vn 0.3333308 0.8352877 -0.4372471
vn 0.2862723 0.8980323 -0.3340451
vn 0.2784293 0.9137185 -0.2959657
vn 0.2235277 0.9607769 -0.1641433
vn 0.2078416 0.9686199 -0.1362985
vn 0.1607831 0.9843061 -0.07273465
vn 0.2627431 0.4039184 -0.8762511
vn 0.45882 0.7176415 -0.5239035
vn 0.7333277 0.2862723 -0.6166673
vn 0.6470539 0.2784292 -0.7097876
vn 0.3960754 0.6235245 -0.6740485
vn 0.8823462 0.3882322 -0.2659716
vn 0.4666631 0.8823462 -0.06075227
vn 0.05098003 0.9607769 -0.2725963
vn 0.01960411 0.9998079 0
vn 0.3254877 0.9294046 0.1739678
vn 0.6392108 0.2862723 -0.7137631
vn 0.3725462 0.5450938 -0.751054
vn -0.003921509 0.7803861 -0.6252857
vn 0.04313695 0.8901892 -0.4535443
vn -0.003921509 -0.2078416 0.9781547
vn 0.003921568 0.1529399 0.9882277
vn -0.003921509 0.1529399 0.9882277
vn 0.8431308 -0.3411739 -0.4156089
vn 0.8431308 -0.3333308 -0.4219253
vn 0.8352877 -0.4196047 -0.3552834
vn 0.8274447 -0.4274477 -0.3641755
vn 0.8823462 -0.2862723 -0.3735148
vn 0.8901893 -0.2862723 -0.3544167
vn 0.9294047 -0.2862723 -0.2329272
vn 0.6941124 0.2862723 0.660497
vn 0.858817 0.3176446 0.4019146
vn 0.4196047 0.7960722 0.4361203
vn 0.9282063 -0.3720658 0
vn 0.5215647 0.8509738 -0.061756
vn 0.8901893 0.2313707 -0.3924674
vn 0.4823493 0.7097985 -0.5133471
vn 0.7411708 0.1215676 -0.6602175
vn 0.7254847 -0.4274477 -0.5394074
vn 0.8039154 -0.3960754 -0.4436713
vn 0.3725462 0.5215646 -0.7675804
vn 0.6627401 -0.4980354 -0.5592284
vn 0.7411708 -0.2941154 -0.6034583
vn 0.7254847 -0.05098003 -0.6863476
vn 0.7097985 -0.4039185 -0.5770926
vn 0.654897 -0.4431339 -0.612162
vn 0.7254847 -0.2941154 -0.6222283
vn 0.6784262 -0.3882324 -0.6237095
vn 0.7411708 -0.1372539 -0.6571356
vn 0.6784262 -0.2156847 -0.7022948
vn 0.5843093 -0.003921568 -0.8115216
vn 0.6784262 -0.1764693 -0.7131595
vn 0.5686231 0.1686261 -0.8051292
vn 0.6156816 -0.03529388 -0.7872042
vn 0.5843093 0.04313684 -0.8103838
vn 0.7254847 0.1529399 -0.67103
vn 0.3803893 0.2784292 -0.881919
vn 0.4352908 0.3176446 -0.8423917
vn 0.05098003 0.3568599 -0.9327658
vn 0.04313695 0.1607831 -0.9860467
vn 0.6392108 0.2313707 -0.7334011
vn 0.4196047 0.4431338 -0.7921895
vn 0.3333308 0.4901923 -0.8053584
vn 0.6941124 0.1999984 -0.6915264
vn 0.05882311 0.5137215 -0.8559381
vn 0.05882311 0.5058784 -0.8605968
vn 0.05098003 0.5215646 -0.8516874
vn 0.05098003 0.2705861 -0.961345
vn 0.05098003 0.5529369 -0.8316621
vn -0.9058753 0.1686261 -0.3885294
vn -0.9058753 0.1764692 -0.3850305
vn -0.8588169 0.06666613 -0.5079264
vn -0.8588169 0.05882299 -0.5088943
vn -0.9607769 0.2156845 -0.1743212
vn -0.9686199 0.2156845 -0.1235134
vn -0.9829165 0.184052 0
vn -0.9843061 0.1764692 -0.0003712624
vn -0.9843061 0.1294107 0.1199766
vn -0.8588169 -0.05098003 -0.5097398
vn -0.8588169 -0.05098003 -0.5097398
vn -0.9294046 -0.1372539 -0.3425907
vn -0.9372476 -0.145097 -0.317039
vn -0.9764631 -0.1921554 -0.09796004
vn -0.9764631 -0.1999985 -0.08074947
vn -0.9764631 -0.2078416 0.05763467
vn -0.9215615 -0.01960772 0.3877369
vn -0.9058753 -0.05882311 0.4194398
vn -0.9058753 -0.04313695 0.421342
vn -0.8901892 -0.1215677 0.4390723
vn -0.9607769 -0.09019542 0.2622451
vn -0.9215615 -0.15294 0.3568386
vn -0.9450908 -0.1372539 0.2965886
vn -0.9686199 -0.1372539 0.2072119
vn -0.7411708 -0.1921554 0.6432279
vn -0.7725431 -0.1294108 0.621635
vn -0.8039154 -0.1294108 0.5804937
vn -0.9686199 -0.1372539 0.2072119
vn -0.8901892 -0.145097 0.4318681
vn -0.8901892 -0.145097 0.4318681
vn -0.9764631 -0.2156847 -8.631674E-05
vn -0.9764631 -0.2156847 -8.631674E-05
vn -0.7960722 -0.2235277 -0.5624094
vn -0.7960722 -0.2235277 -0.5624094
vn -0.5999954 -0.1999985 -0.7746006
vn 0.2862723 -0.8823462 0.3735148
vn 0.4196047 -0.8274447 0.3731853
vn 0.3411739 -0.9058754 0.2509781
vn 0.3254877 -0.9294047 0.1739675
vn 0.2855531 -0.9583629 0
vn 0.2784293 -0.9529339 -0.1199754
vn 0.2627431 -0.9058754 -0.3321983
vn 0.2627431 -0.8980324 -0.3528512
vn 0.2862723 -0.8745031 -0.3915257
vn 0.2784293 -0.8745031 -0.3971415
vn 0.2941154 -0.8901893 -0.3479356
vn 0.2392139 -0.8745031 0.4219254
vn 0.5215647 -0.7411708 0.4226537
vn -0.2313707 -0.8823462 0.409796
vn 0.5294077 -0.7411708 0.4127872
vn 0.5372508 -0.7254847 0.4301552
vn -0.9843061 -0.0274508 0.1743215
vn -0.9764631 -0.1137246 -0.1832664
vn -0.9921492 -0.09019542 -0.0866296
vn -0.9764631 -0.01960772 0.2147916
vn -0.9607769 -0.01176465 0.2770727
vn -0.9607769 -0.01960772 0.2766283
vn -0.8980323 -0.15294 -0.4124891
vn -0.9843061 -0.08235234 0.1560757
vn -0.9843061 -0.08235234 0.1560757
vn -0.9529338 -0.15294 -0.2617758
vn -0.9294046 -0.1607831 -0.3321985
vn -0.7646999 -0.1764693 -0.619752
vn -0.7803861 -0.5764662 -0.2422483
vn -0.7725431 -0.4666631 -0.4305842
vn -0.6235245 -0.552937 -0.5527005
vn -0.4823492 -0.4901924 -0.7259826
vn -0.2784292 -0.6627401 -0.6951639
vn -0.262743 -0.45882 -0.8487934
vn -0.09803843 -0.7333277 -0.6727695
vn 0.1058816 -0.6784262 -0.7269986
vn -0.1529399 -0.4666631 -0.8711113
vn 0.1058816 -0.6784262 -0.7269986
vn 0.3019585 -0.7097985 -0.6364017
vn 0.552937 -0.3254877 -0.7670192
vn 0.552937 -0.3254877 -0.7670192
vn 0.552937 -0.3254877 -0.7670192
vn 0.6392108 -0.3411739 -0.6892096
vn 0.7960724 -0.4039185 -0.4506869
vn 0.5450939 -0.7097985 -0.44616
vn 0.5058785 -0.4039185 -0.7621921
vn 0.7960724 -0.2313708 -0.5592284
vn 0.9686201 -0.1607831 -0.1895361
vn -0.05882299 -0.9764631 -0.207508
vn -0.2705861 -0.8901893 -0.3665327
vn -0.2862723 -0.8117585 -0.509015
vn -0.4274477 -0.858817 -0.2823507
vn -0.0901953 -0.9686201 -0.231603
vn -0.03529382 -0.9686201 -0.2460274
vn -0.3960754 -0.9058754 -0.1500464
vn -0.3725461 -0.9215616 -0.1092411
vn -0.3647031 -0.9294047 -0.05655638
vn -0.03529382 -0.9686201 -0.2460274
vn -0.04313684 -0.9921493 -0.1173839
vn -0.03529382 -0.9843062 -0.1729034
vn -0.7490138 -0.6470539 0.1424767
vn -0.7490138 -0.6470539 0.1424767
vn -0.7490138 -0.6470539 0.1424767
vn 0.9764631 -0.1843123 -0.112021
vn 0.9764631 -0.1843123 -0.112021
vn 0.960777 -0.1999985 -0.192115
vn 0.2941154 0.9058753 -0.3047721
vn 0.2941154 0.9058753 -0.3047721
vn 0.2941154 0.9058753 -0.3047721
vn -0.9843061 -0.1764693 -0.000342559
vn -0.9686199 -0.1921554 0.1576442
vn -0.9686199 -0.1921554 0.1576442
vn -0.9450908 -0.1686262 0.279944
vn -0.9450908 -0.1686262 0.279944
vn -0.9294046 -0.1215677 0.3484657
vn -0.9294046 -0.1137246 0.3511036
vn -0.7882292 -0.1607831 0.5940063
vn -0.8980323 -0.05882311 0.4359791
vn -0.8980323 -0.05098003 0.4369656
vn -0.7725431 -0.1686262 0.6121621
vn -0.9529338 -0.01176465 0.3029502
vn -0.9843061 -0.0274508 0.1743215
vn -0.998703 -0.05091431 0
vn -0.6392107 -0.2941154 0.7105672
vn -0.6313677 -0.3098016 0.7109134
vn -0.5686231 -0.4431339 0.6930369
vn -0.5607799 -0.45882 0.6892098
vn -0.5372508 -0.5137216 0.6689184
vn -0.5372508 -0.5137216 0.6689184
vn 0.4901924 -0.858817 0.1488115
vn 0.5764662 -0.8117585 0.09346027
vn 0.3720658 -0.9282063 0
vn 0.3176447 -0.9450908 -0.07684498
vn 0.3019585 -0.8980324 -0.3199358
vn -0.3882322 -0.7333277 -0.5581273
vn -0.3882322 -0.7333277 -0.5581273
vn -0.3882322 -0.7333277 -0.5581273
vn 0.1764693 -0.9450908 0.2750671
vn 0.1764693 -0.9450908 0.2750671
vn 0.1764693 -0.9450908 0.2750671
vn 0.9999924 0.003921509 0
vn 0.9999924 0.003921509 0
vn 0.9999924 0.003921509 0
vn 0.2313708 -0.9450908 0.2308047
vn 0.2313708 -0.9450908 0.2308047
vn 0.2313708 -0.9450908 0.2308047
vn 0.9999924 0.003921509 0
vn 0.9999924 0.003921509 0
vn 0.9999924 0.003921509 0
vn 0.5450939 -0.8117585 -0.2095728
vn 0.5450939 -0.8117585 -0.2095728
vn 0.5450939 -0.8117585 -0.2095728
vn 0.4039185 -0.5294077 -0.7460411
vn 0.4039185 -0.5294077 -0.7460411
vn 0.4039185 -0.5294077 -0.7460411
vn 0.2156847 -0.9764631 0
vn 0.3960754 -0.9058754 0.1500464
vn -0.01176453 -0.9921493 0.1245045
vn 0.4666631 -0.8666601 0.1764254
vn 0.552937 -0.7333277 0.3955896
vn 0.56078 -0.7254847 0.3989959
vn 0.6078385 -0.6392108 0.4711071
vn 0.6156816 -0.6392108 0.4608098
vn 0.6235247 -0.6784262 0.3885292
vn 0.6235247 -0.6941124 0.3597569
vn 0.5921524 -0.7803862 0.2008804
vn 0.5764662 -0.8117585 0.09346027
vn 0.5215647 -0.8509739 -0.06175552
vn 0.4901924 -0.8431308 -0.2210019
vn 0.450977 -0.8274447 -0.3345969
vn 0.9921493 -0.01176465 0.1245045
vn 0.9058754 -0.3176447 0.2801634
vn 0.9372478 -0.3411739 0.07188205
vn 0.960777 0.02745068 -0.2759602
vn 0.9294047 -0.3333308 -0.1584219
vn 0.8901893 0.04313684 -0.4535441
vn 0.8431308 -0.3098016 -0.4394922
vn 0.8196016 0.04313684 -0.5713077
vn 0.7411708 -0.01176465 -0.6712134
vn 0.7176416 -0.03529388 -0.6955177
vn 0.6627401 -0.09803849 -0.7424043
vn 0.9529339 -0.09019542 0.2894508
vn 0.8823462 -0.2941154 0.3673708
vn 0.9450908 -0.1294108 0.3000936
vn 0.9529339 -0.09803849 0.2868892
vn 0.8509739 0.4196045 -0.3158726
vn 0.8274447 0.4117615 -0.3818217
vn 0.8980324 0.4274477 -0.1040499
vn 0.8980324 0.4274477 -0.1040499
vn 0.6862693 0.3568599 -0.6337866
vn 0.6627401 0.3490169 -0.6625427
vn 0.4901924 0.2078415 -0.8464711
vn 0.4980354 0.2235277 -0.8378521
vn 0.5215647 0.1764692 -0.8347628
vn 0.5058785 0.1686261 -0.8459623
vn 0.6392108 0.2392138 -0.7308805
vn 0.8967645 0.4425082 0
vn 0.8901893 0.4431338 0.1058086
vn 0.8666601 0.466663 0.1764256
vn 0.6784262 -0.5999954 -0.4239615
vn 0.6862693 -0.5843093 -0.433148
vn 0.8431308 -0.3098016 -0.4394922
vn 0.7633862 -0.6459422 0
vn 0.9294047 -0.3333308 -0.1584219
vn 0.7333277 -0.6235247 0.2710119
vn 0.9372478 -0.3411739 0.07188205
vn 0.7254847 -0.5999954 0.3371609
vn 0.7019554 -0.552937 -0.448909
vn 0.9058754 -0.3176447 0.2801634
vn 0.7647001 -0.5137216 0.3890038
vn 0.8823462 -0.2941154 0.3673708
vn 0.7803862 -0.4431339 0.4411685
vn 0.9450908 -0.1294108 0.3000936
vn 0.8980324 -0.3333308 0.2871036
vn 0.8823462 -0.3882324 0.2659715
vn 0.45882 -0.654897 0.6004949
vn 0.9764631 0.1137246 -0.1832661
vn 0.9372478 0.1607831 -0.3093792
vn 0.9294047 -0.35686 0.09411605
vn 0.4980354 -0.7490139 0.4369656
vn 0.8352877 0.09803843 -0.5410017
vn 0.8823462 -0.4431339 -0.158422
vn 0.7176416 -0.1215677 -0.68572
vn 0.6941124 -0.6156816 -0.3730204
vn 0.5058785 -0.8274447 0.2437668
vn 0.4980354 -0.8666601 0.02934363
vn 0.6392108 -0.6705831 -0.3764676
vn 0.5058785 -0.858817 -0.08074857
vn 0.654897 -0.3254877 -0.682032
vn 0.6941124 -0.7097985 -0.1199754
vn 0.4980354 -0.8666601 0.02934363
vn 0.8117585 -0.4039185 -0.4217795
vn 0.6784262 -0.7176416 0.1572527
vn 0.4196047 -0.8823462 0.213066
vn 0.7019554 -0.6705831 0.2399517
vn 0.8980324 -0.4352908 -0.06371649
vn 0.7019554 0.7019553 -0.1204877
vn 0.7019554 0.6941123 -0.1595827
vn 0.6705831 0.7411708 -0.03137088
vn 0.6705831 0.7411708 -0.03137088
vn 0.6941124 0.6392107 -0.3310857
vn 0.6862693 0.6313677 -0.3611223
vn 0.552937 0.4980353 -0.6679981
vn 0.56078 0.5058784 -0.6554485
vn 0.3882324 0.3176446 -0.8650882
vn 0.3882324 0.3098015 -0.8679278
vn 0.4431339 0.3098015 -0.8412226
vn 0.4352908 0.3019584 -0.8481409
vn 0.552937 0.3725461 -0.7452987
vn 0.6313677 -0.7490139 -0.2008804
vn 0.6235247 -0.7647001 -0.1626372
vn 0.654897 -0.7490139 -0.1004398
vn 0.6626585 -0.7489218 0
vn 0.6470539 -0.7411708 0.1788493
vn 0.6392108 -0.7333277 0.2316031
vn 0.6470539 -0.7019554 0.2976236
vn 0.654897 -0.6941124 0.2988611
vn 0.6078385 -0.7803862 -0.1467301
vn 0.6941124 -0.6784262 0.2407196
vn 0.6941124 -0.6784262 0.2407196
vn 0.7019554 -0.6941124 0.1595825
vn 0.3333308 0.7490138 -0.5725984
vn 0.15294 0.6078384 -0.7791931
vn 0.1686262 0.6313677 -0.756928
vn 0.3725462 0.7568569 -0.5370074
vn 0.4980354 0.7803861 -0.3780982
vn 0.1372539 0.6078384 -0.7821086
vn 0.145097 0.6235245 -0.7682213
vn 0.1843123 0.6784261 -0.7111729
vn 0.1843123 0.6784261 -0.7111729
vn 0.8823462 -0.1921554 -0.4295829
vn 0.8039154 -0.1921554 -0.5628465
vn 0.9372478 -0.1843123 -0.2959656
vn 0.9372478 -0.1843123 -0.2959656
vn 0.6627401 -0.1686262 -0.7296169
vn 0.6392108 -0.1607831 -0.7520362
vn 0.6392108 -0.1058816 -0.7617077
vn 0.6470539 -0.1058816 -0.7550565
vn 0.6784262 -0.06666619 -0.7316375
vn -0.4823492 -0.3411739 0.8068083
vn -0.4901923 -0.349017 0.7986856
vn -0.6156815 -0.45882 0.6406407
vn -0.6313677 -0.45882 0.6251872
vn -0.7097985 -0.5058785 0.4901766
vn -0.5529369 -0.3411739 0.7601718
vn -0.5764661 -0.35686 0.7350767
vn -0.670583 -0.3960754 0.6272501
vn -0.670583 -0.3960754 0.6272501
vn 0.3254877 -0.8117585 0.4848772
vn 0.3098016 -0.8039154 0.5076839
vn 0.3098016 -0.8039154 0.5076839
vn 0.3254877 -0.8117585 0.4848772
vn 0.35686 -0.858817 0.3675382
vn 0.3647031 -0.8745031 0.3197435
vn 0.3882324 -0.9137185 0.1199754
vn 0.3882324 -0.9215616 0
vn 0.3725462 -0.9137185 -0.1622584
vn 0.3725462 -0.9058754 -0.2014919
vn 0.3254877 -0.8352877 -0.4431164
vn 0.3333308 -0.8509739 -0.4058744
vn 0.3176447 -0.8509739 0.4182646
vn 0.3176447 -0.858817 0.4019145
vn 0.2862723 -0.9294047 0.2329272
vn 0.2784293 -0.9450908 0.1711152
vn 0.2705862 -0.7647001 -0.5848221
vn 0.2392139 -0.9686201 -0.06746767
vn 0.2313708 -0.960777 -0.1528892
vn 0.7960724 -0.06666619 -0.6015185
vn 0.7960724 -0.06666619 -0.6015185
vn 0.858817 -0.03529388 -0.5110653
vn 0.8745031 -0.0274508 -0.4842424
vn 0.8039154 -0.09803849 -0.5866075
vn 0.8039154 -0.09803849 -0.5866075
vn 0.8745031 -0.1686262 -0.4547631
vn 0.8901893 -0.1999985 -0.4093454
vn 0.960777 0.003921509 -0.2772944
vn 0.9843062 0.01960766 -0.1753762
vn 0.9996234 0.02744055 0
vn 0.9921493 0.02745068 0.1220092
vn 0.9764631 -0.003921568 0.2156487
vn 0.9764631 -0.01176465 0.2153633
vn 0.9921493 -0.1137246 0.0520239
vn 0.9921493 -0.1137246 0.0520239
vn 0.8980324 -0.2705862 -0.3468732
vn 0.9764631 -0.1843123 -0.112021
vn 0.9764631 -0.1843123 -0.112021
vn -0.7646999 0.6235245 -0.1626382
vn -0.7803861 0.5999954 -0.1760769
vn -0.7568569 0.5529369 -0.3484657
vn -0.7568569 0.5529369 -0.3484657
vn -0.7490138 0.5215646 -0.4085936
vn -0.7490138 0.5215646 -0.4085936
vn -0.7882292 0.5372508 -0.3000939
vn -0.7960722 0.5450938 -0.2629482
vn -0.8117584 0.5764661 -0.09346203
vn -0.8039154 0.5843092 -0.1109181
vn -0.7803861 0.6156815 0.1092418
vn -0.7646999 0.6235245 0.1626382
vn -0.7097985 0.6392107 0.2959659
vn -0.7097985 0.6392107 0.2959659
vn -0.6470538 0.66274 0.3769576
vn -0.66274 0.6548969 0.3631608
vn -0.5843092 0.66274 0.4683572
vn -0.7411708 0.670583 -0.03137373
vn -0.7097985 0.7019553 -0.0586931
vn 0.8039154 0.5921522 -0.0554589
vn 0.7254847 0.6784261 -0.1158013
vn 0.7176416 0.6862692 -0.118428
vn 0.8117585 0.5764661 -0.09346107
vn 0.858817 0.5058784 -0.08074894
vn 0.8666601 0.4980353 -0.02934592
vn 0.888878 0.4581441 0
vn 0.6313677 0.7176415 -0.29388
vn 0.6235247 0.7097985 -0.3277242
vn 0.5843093 0.6862692 -0.4331482
vn 0.5843093 0.6862692 -0.4331482
vn 0.56078 0.6470538 -0.5165725
vn 0.552937 0.6313677 -0.5437238
vn 0.9372478 0.09803843 -0.334597
vn 0.9294047 0.07450914 -0.3614627
vn 0.615568 -0.7880839 0
vn 0.615568 -0.7880839 0
vn 0.6705831 -0.5921524 -0.4468488
vn 0.6705831 -0.5764662 -0.46691
vn 0.6235247 -0.35686 -0.6956062
vn 0.5843093 -0.3019585 -0.753262
vn 0.5215647 -0.1999985 -0.8294401
vn 0.450977 -0.8117585 0.3710362
vn 0.4274477 -0.8117585 0.3979152
vn 0.3019585 -0.7803862 0.5475568
vn 0.3176447 -0.7803862 0.5386086
vn 0.2549 -0.7254847 0.6392949
vn 0.2549 -0.7176416 0.6480868
vn 0.2392139 -0.654897 0.7168589
vn -0.8509738 0.2784292 -0.4453321
vn -0.8352877 0.2862723 -0.4694067
vn -0.8431307 0.262743 -0.4691447
vn -0.8039154 0.2470568 -0.5410018
vn -0.7960722 0.2235277 -0.5624095
vn -0.8431307 0.08235228 -0.531365
vn -0.8509738 0.07450914 -0.519896
vn -0.9607769 -0.01960772 -0.2766283
vn -0.9686199 -0.01960772 -0.2477719
vn -0.9990709 -0.04309721 0
vn -0.998703 -0.05091431 0
vn -0.9764631 -0.09803849 0.1921154
vn -0.9764631 -0.1137246 0.1832664
vn -0.9607769 -0.1607831 0.2259568
vn -0.9294046 0.3019584 0.2121984
vn -0.9510054 0.3091745 0
vn -0.8581837 0.5133427 0
vn -0.9747856 0.2231437 0
vn -0.9686199 0.2392138 -0.0674695
vn -0.9607769 0.2392138 -0.1403013
vn -0.9529338 0.2549 -0.1641439
vn -0.9529338 0.262743 -0.1512724
vn -0.8588169 0.1529399 0.4889202
vn -0.7803861 0.1764692 0.5998801
vn -0.8039154 0.1686261 0.5703379
vn -0.7803861 0.5921522 0.2008812
vn -0.7176415 0.6313677 0.2938802
vn -0.6235245 0.66274 0.4147202
vn -0.86666 0.1372538 0.4796477
vn -0.9372476 0.3254876 -0.1249988
vn -0.9372476 0.3176446 -0.1437665
vn -0.9215615 0.3647031 -0.1331018
vn -0.9215615 0.3647031 -0.1331018
vn -0.9043746 0.4267395 0
vn -0.8980323 0.4352907 0.06371778
vn -0.7019553 0.6548969 0.2799444
vn -0.9607769 0.262743 0.08873449
vn -0.9686199 0.2470568 0.02717175
vn -0.9764631 0.2156845 -0.0002363882
vn -0.9607769 0.05097997 -0.2725963
vn -0.6862692 0.6548969 0.3164565
vn -0.7019553 0.6548969 0.2799444
vn -0.7333276 0.66274 0.1516781
vn -0.7411708 0.66274 0.1069654
vn -0.7333276 0.6548969 -0.1825943
vn -0.7333276 0.6548969 -0.1825943
vn -0.6941123 0.6156815 -0.3730206
vn -0.9843061 0.1450969 0.1004411
vn -0.8980323 -0.08235234 -0.4321528
vn -0.8039154 0.04313684 0.5931773
vn -0.7176415 0.0901953 0.6905473
vn -0.7725431 0.06666613 0.631453
vn -0.7490138 0.0901953 0.6563864
vn -0.7803861 0.0901953 0.6187587
vn -0.8509738 0.06666613 0.5209599
vn 0.2313708 -0.960777 -0.1528892
vn 0.2392139 -0.9686201 -0.06746767
vn 0.2235277 -0.9372478 -0.2675855
vn -0.9843061 -0.1607831 0.07273452
vn -0.9843061 -0.145097 0.100441
vn -0.9604815 -0.2783437 0
vn -0.9604815 -0.2783437 0
vn -0.9529338 -0.2941154 -0.07357534
vn -0.9529338 -0.2941154 -0.07357534
vn -0.9529338 -0.1686262 -0.2519572
vn -0.9529338 -0.15294 -0.2617758
vn -0.9372476 0.1294107 -0.3237588
vn -0.9372476 0.1529399 -0.3133309
vn -0.9764631 0.2156845 -0.0002363882
vn -0.9764631 0.2078415 0.0576349
vn -0.9294046 0.08235228 0.3597571
vn -0.9843061 -0.06666619 0.1633926
vn -0.9843061 -0.06666619 0.1633926
vn 0.5686231 -0.7725431 0.2825683
vn 0.2313708 -0.9058754 0.3547635
vn 0.3960754 -0.9137185 0.09078946
vn 0.756857 -0.6470539 0.09213454
vn 0.8196016 -0.5294077 0.2190449
vn 0.9450908 -0.3176447 0.07684513
vn 0.4431339 -0.7803862 0.4411686
vn 0.1137246 -0.8745031 0.4714986
vn 0.5999954 -0.6941124 0.3977606
vn 0.6235247 -0.6784262 0.3885292
vn 0.7254847 -0.5843093 0.3636683
vn 0.6313677 -0.7490139 0.2008804
vn 0.6313677 -0.7490139 0.2008804
vn 0.7097985 -0.6470539 -0.2784013
vn 0.7097985 -0.6470539 -0.2784013
vn 0.6705831 -0.450977 -0.5890145
vn 0.5450939 -0.7097985 -0.44616
vn 0.7960724 -0.4039185 -0.4506869
vn 0.9686201 -0.1607831 -0.1895361
vn 0.35686 0.9294046 -0.09411676
vn 0.3176447 0.9372476 -0.1437663
vn 0.5686231 0.8196015 0.0701504
vn 0.5921524 0.8039154 0.05545863
vn 0.6941124 0.7176415 0.05655743
vn 0.1686262 0.9137185 -0.3697077
vn 0.145097 0.8901892 -0.4318681
vn 0.0274508 0.8509738 -0.5244902
vn 0.01960772 0.8509738 -0.5248419
vn -0.06666613 0.8823462 -0.4658551
vn -0.06666613 0.8823462 -0.4658551
vn -0.07450914 0.9372476 -0.3406101
vn -0.06666613 0.9450908 -0.319936
vn -0.03529382 0.9686199 -0.2460279
vn -0.03529382 0.9686199 -0.2460279
vn -0.3725461 0.9215615 0.1092419
vn -0.3725461 0.9215615 0.1092419
vn -0.3725461 0.9215615 0.1092419
g G_CA_Prinzeugen_Hair_001_0
f 3/3/3 2/2/2 1/1/1
f 4/4/4 3/3/3 1/1/1
f 4/4/4 1/1/1 5/5/5
f 6/6/6 4/4/4 5/5/5
f 5/5/5 7/7/7 6/6/6
f 7/7/7 8/8/8 6/6/6
f 8/8/8 7/7/7 9/9/9
f 10/10/10 8/8/8 9/9/9
f 10/10/10 9/9/9 11/11/11
f 12/12/12 10/10/10 11/11/11
f 12/12/12 11/11/11 13/13/13
f 14/14/14 12/12/12 13/13/13
f 14/14/14 13/13/13 15/15/15
f 16/16/16 12/12/12 14/14/14
f 16/16/16 17/17/17 12/12/12
f 17/17/17 10/10/10 12/12/12
f 18/18/18 17/17/17 16/16/16
f 17/17/17 18/18/18 19/19/19
f 10/10/10 17/17/17 19/19/19
f 8/8/8 10/10/10 19/19/19
f 18/18/18 20/20/20 19/19/19
f 21/21/21 18/18/18 16/16/16
f 18/18/18 21/21/21 22/22/22
f 20/20/20 18/18/18 22/22/22
f 20/20/20 22/22/22 23/23/23
f 22/22/22 24/24/24 23/23/23
f 22/22/22 25/25/25 24/24/24
f 22/22/22 21/21/21 25/25/25
f 25/25/25 26/26/26 24/24/24
f 27/27/27 24/24/24 26/26/26
f 28/28/28 27/27/27 26/26/26
f 26/26/26 29/29/29 28/28/28
f 29/29/29 30/30/30 28/28/28
f 31/31/31 29/29/29 26/26/26
f 25/25/25 31/31/31 26/26/26
f 24/24/24 27/27/27 32/32/32
f 23/23/23 24/24/24 32/32/32
f 32/32/32 27/27/27 33/33/33
f 32/32/32 33/33/33 34/34/34
f 35/35/35 32/32/32 34/34/34
f 34/34/34 33/33/33 36/36/36
f 33/33/33 37/37/37 36/36/36
f 36/36/36 37/37/37 38/38/38
f 37/37/37 39/39/39 38/38/38
f 27/27/27 40/40/40 33/33/33
f 41/41/41 37/37/37 33/33/33
f 40/40/40 41/41/41 33/33/33
f 37/37/37 41/41/41 39/39/39
f 41/41/41 42/42/42 39/39/39
f 39/39/39 42/42/42 43/43/43
f 42/42/42 44/44/44 43/43/43
f 39/39/39 43/43/43 45/45/45
f 38/38/38 39/39/39 45/45/45
f 45/45/45 43/43/43 46/46/46
f 47/47/47 45/45/45 46/46/46
f 45/45/45 47/47/47 48/48/48
f 49/49/49 45/45/45 48/48/48
f 38/38/38 45/45/45 49/49/49
f 43/43/43 44/44/44 50/50/50
f 46/46/46 43/43/43 50/50/50
f 47/47/47 51/51/51 48/48/48
f 51/51/51 52/52/52 48/48/48
f 53/53/53 51/51/51 47/47/47
f 46/46/46 53/53/53 47/47/47
f 54/54/54 53/53/53 46/46/46
f 50/50/50 54/54/54 46/46/46
f 52/52/52 51/51/51 55/55/55
f 56/56/56 52/52/52 55/55/55
f 51/51/51 53/53/53 57/57/57
f 55/55/55 51/51/51 57/57/57
f 56/56/56 55/55/55 58/58/58
f 59/59/59 56/56/56 58/58/58
f 55/55/55 57/57/57 60/60/60
f 58/58/58 55/55/55 60/60/60
f 53/53/53 54/54/54 61/61/61
f 57/57/57 53/53/53 61/61/61
f 57/57/57 61/61/61 62/62/62
f 60/60/60 57/57/57 62/62/62
f 62/62/62 63/63/63 60/60/60
f 63/63/63 64/64/64 60/60/60
f 60/60/60 64/64/64 58/58/58
f 58/58/58 65/65/65 59/59/59
f 64/64/64 65/65/65 58/58/58
f 65/65/65 64/64/64 66/66/66
f 67/67/67 65/65/65 66/66/66
f 68/68/68 65/65/65 67/67/67
f 65/65/65 68/68/68 59/59/59
f 69/69/69 68/68/68 67/67/67
f 64/64/64 63/63/63 70/70/70
f 66/66/66 64/64/64 70/70/70
f 67/67/67 66/66/66 71/71/71
f 72/72/72 67/67/67 71/71/71
f 73/73/73 72/72/72 71/71/71
f 74/74/74 73/73/73 71/71/71
f 72/72/72 73/73/73 75/75/75
f 76/76/76 72/72/72 75/75/75
f 67/67/67 72/72/72 76/76/76
f 69/69/69 67/67/67 76/76/76
f 66/66/66 70/70/70 77/77/77
f 71/71/71 66/66/66 77/77/77
f 74/74/74 71/71/71 77/77/77
f 78/78/78 74/74/74 77/77/77
f 79/79/79 75/75/75 73/73/73
f 80/80/80 79/79/79 73/73/73
f 81/81/81 79/79/79 80/80/80
f 82/82/82 81/81/81 80/80/80
f 83/83/83 81/81/81 82/82/82
f 84/84/84 83/83/83 82/82/82
f 83/83/83 84/84/84 85/85/85
f 84/84/84 86/86/86 85/85/85
f 87/87/87 85/85/85 86/86/86
f 88/88/88 87/87/87 86/86/86
f 88/88/88 86/86/86 89/89/89
f 90/90/90 88/88/88 89/89/89
f 91/91/91 89/89/89 86/86/86
f 84/84/84 91/91/91 86/86/86
f 84/84/84 82/82/82 92/92/92
f 91/91/91 84/84/84 92/92/92
f 88/88/88 93/93/93 87/87/87
f 90/90/90 93/93/93 88/88/88
f 94/94/94 92/92/92 82/82/82
f 95/95/95 94/94/94 82/82/82
f 78/78/78 94/94/94 95/95/95
f 74/74/74 78/78/78 95/95/95
f 96/96/96 73/73/73 74/74/74
f 74/74/74 97/97/97 96/96/96
f 98/98/98 96/96/96 97/97/97
f 100/100/100 99/99/99 19/19/19
f 19/19/19 99/99/99 8/8/8
f 99/99/99 6/6/6 8/8/8
f 6/6/6 99/99/99 4/4/4
f 99/99/99 35/35/35 4/4/4
f 99/99/99 100/100/100 35/35/35
f 35/35/35 100/100/100 101/101/101
f 4/4/4 35/35/35 3/3/3
f 35/35/35 34/34/34 3/3/3
f 34/34/34 102/102/102 3/3/3
f 36/36/36 102/102/102 34/34/34
f 102/102/102 36/36/36 103/103/103
f 36/36/36 38/38/38 103/103/103
f 103/103/103 38/38/38 49/49/49
f 102/102/102 104/104/104 3/3/3
f 3/3/3 104/104/104 2/2/2
f 104/104/104 102/102/102 105/105/105
f 102/102/102 106/106/106 105/105/105
f 32/32/32 35/35/35 101/101/101
f 32/32/32 101/101/101 107/107/107
f 23/23/23 32/32/32 107/107/107
f 23/23/23 107/107/107 20/20/20
f 107/107/107 100/100/100 20/20/20
f 20/20/20 100/100/100 19/19/19
f 108/108/108 105/105/105 106/106/106
f 109/109/109 108/108/108 106/106/106
f 112/112/112 111/111/111 110/110/110
f 113/113/113 112/112/112 110/110/110
f 113/113/113 110/110/110 114/114/114
f 115/115/115 113/113/113 114/114/114
f 113/113/113 116/116/116 112/112/112
f 116/116/116 117/117/117 112/112/112
f 117/117/117 116/116/116 118/118/118
f 119/119/119 117/117/117 118/118/118
f 113/113/113 115/115/115 120/120/120
f 116/116/116 113/113/113 120/120/120
f 121/121/121 116/116/116 120/120/120
f 118/118/118 116/116/116 121/121/121
f 110/110/110 111/111/111 28/28/28
f 111/111/111 27/27/27 28/28/28
f 30/30/30 114/114/114 110/110/110
f 28/28/28 30/30/30 110/110/110
f 119/119/119 118/118/118 122/122/122
f 123/123/123 119/119/119 122/122/122
f 124/124/124 122/122/122 118/118/118
f 121/121/121 124/124/124 118/118/118
f 122/122/122 124/124/124 125/125/125
f 122/122/122 125/125/125 123/123/123
f 126/126/126 121/121/121 120/120/120
f 126/126/126 127/127/127 121/121/121
f 21/21/21 129/129/129 128/128/128
f 130/130/130 21/21/21 128/128/128
f 131/131/131 128/128/128 129/129/129
f 132/132/132 131/131/131 129/129/129
f 131/131/131 132/132/132 133/133/133
f 132/132/132 134/134/134 133/133/133
f 21/21/21 130/130/130 25/25/25
f 130/130/130 31/31/31 25/25/25
f 132/132/132 135/135/135 134/134/134
f 134/134/134 135/135/135 136/136/136
f 135/135/135 14/14/14 136/136/136
f 16/16/16 135/135/135 132/132/132
f 14/14/14 135/135/135 16/16/16
f 129/129/129 16/16/16 132/132/132
f 129/129/129 21/21/21 16/16/16
f 15/15/15 136/136/136 14/14/14
f 139/139/139 138/138/138 137/137/137
f 140/140/140 139/139/139 137/137/137
f 141/141/141 140/140/140 137/137/137
f 140/140/140 141/141/141 142/142/142
f 145/145/145 144/144/144 143/143/143
f 146/146/146 144/144/144 145/145/145
f 147/147/147 144/144/144 146/146/146
f 148/148/148 147/147/147 146/146/146
f 149/149/149 148/148/148 146/146/146
f 149/149/149 150/150/150 148/148/148
f 150/150/150 151/151/151 148/148/148
f 151/151/151 150/150/150 152/152/152
f 155/155/155 154/154/154 153/153/153
f 158/158/158 157/157/157 156/156/156
f 159/159/159 158/158/158 156/156/156
f 159/159/159 156/156/156 160/160/160
f 161/161/161 159/159/159 160/160/160
f 158/158/158 162/162/162 157/157/157
f 162/162/162 163/163/163 157/157/157
f 163/163/163 162/162/162 164/164/164
f 161/161/161 160/160/160 165/165/165
f 166/166/166 161/161/161 165/165/165
f 166/166/166 165/165/165 167/167/167
f 168/168/168 166/166/166 167/167/167
f 168/168/168 167/167/167 169/169/169
f 170/170/170 168/168/168 169/169/169
f 170/170/170 169/169/169 171/171/171
f 172/172/172 170/170/170 171/171/171
f 172/172/172 171/171/171 173/173/173
f 174/174/174 172/172/172 173/173/173
f 171/171/171 175/175/175 173/173/173
f 173/173/173 175/175/175 176/176/176
f 175/175/175 177/177/177 176/176/176
f 176/176/176 177/177/177 178/178/178
f 177/177/177 179/179/179 178/178/178
f 178/178/178 180/180/180 176/176/176
f 180/180/180 181/181/181 176/176/176
f 173/173/173 176/176/176 181/181/181
f 174/174/174 173/173/173 181/181/181
f 184/184/184 183/183/183 182/182/182
f 182/182/182 183/183/183 185/185/185
f 183/183/183 186/186/186 185/185/185
f 185/185/185 186/186/186 187/187/187
f 186/186/186 188/188/188 187/187/187
f 187/187/187 188/188/188 189/189/189
f 190/190/190 187/187/187 189/189/189
f 190/190/190 189/189/189 191/191/191
f 192/192/192 190/190/190 191/191/191
f 191/191/191 193/193/193 192/192/192
f 193/193/193 194/194/194 192/192/192
f 185/185/185 195/195/195 182/182/182
f 185/185/185 187/187/187 195/195/195
f 195/195/195 196/196/196 182/182/182
f 187/187/187 197/197/197 195/195/195
f 187/187/187 190/190/190 197/197/197
f 190/190/190 192/192/192 198/198/198
f 192/192/192 194/194/194 199/199/199
f 194/194/194 200/200/200 199/199/199
f 194/194/194 201/201/201 200/200/200
f 200/200/200 201/201/201 202/202/202
f 200/200/200 202/202/202 203/203/203
f 204/204/204 203/203/203 202/202/202
f 203/203/203 204/204/204 205/205/205
f 206/206/206 203/203/203 205/205/205
f 206/206/206 205/205/205 207/207/207
f 208/208/208 206/206/206 207/207/207
f 209/209/209 208/208/208 207/207/207
f 202/202/202 201/201/201 210/210/210
f 211/211/211 201/201/201 194/194/194
f 193/193/193 211/211/211 194/194/194
f 214/214/214 213/213/213 212/212/212
f 212/212/212 215/215/215 214/214/214
f 218/218/218 217/217/217 216/216/216
f 221/221/221 220/220/220 219/219/219
f 224/224/224 223/223/223 222/222/222
f 227/227/227 226/226/226 225/225/225
f 230/230/230 229/229/229 228/228/228
f 233/233/233 232/232/232 231/231/231
f 236/236/236 235/235/235 234/234/234
f 237/237/237 236/236/236 234/234/234
f 238/238/238 234/234/234 235/235/235
f 239/239/239 238/238/238 235/235/235
f 238/238/238 240/240/240 234/234/234
f 240/240/240 241/241/241 234/234/234
f 234/234/234 241/241/241 237/237/237
f 238/238/238 239/239/239 242/242/242
f 239/239/239 243/243/243 242/242/242
f 244/244/244 242/242/242 243/243/243
f 242/242/242 244/244/244 245/245/245
f 238/238/238 242/242/242 245/245/245
f 240/240/240 238/238/238 245/245/245
f 244/244/244 246/246/246 245/245/245
f 246/246/246 244/244/244 247/247/247
f 247/247/247 244/244/244 248/248/248
f 248/248/248 244/244/244 243/243/243
f 249/249/249 247/247/247 248/248/248
f 247/247/247 249/249/249 250/250/250
f 251/251/251 247/247/247 250/250/250
f 251/251/251 246/246/246 247/247/247
f 252/252/252 251/251/251 250/250/250
f 249/249/249 253/253/253 250/250/250
f 254/254/254 250/250/250 253/253/253
f 250/250/250 254/254/254 252/252/252
f 255/255/255 254/254/254 253/253/253
f 255/255/255 256/256/256 254/254/254
f 257/257/257 254/254/254 256/256/256
f 254/254/254 257/257/257 252/252/252
f 260/260/260 259/259/259 258/258/258
f 261/261/261 260/260/260 258/258/258
f 259/259/259 260/260/260 262/262/262
f 263/263/263 259/259/259 262/262/262
f 263/263/263 262/262/262 264/264/264
f 265/265/265 263/263/263 264/264/264
f 264/264/264 266/266/266 265/265/265
f 266/266/266 267/267/267 265/265/265
f 266/266/266 268/268/268 267/267/267
f 268/268/268 269/269/269 267/267/267
f 268/268/268 270/270/270 269/269/269
f 270/270/270 271/271/271 269/269/269
f 272/272/272 271/271/271 270/270/270
f 273/273/273 272/272/272 270/270/270
f 273/273/273 274/274/274 272/272/272
f 261/261/261 258/258/258 275/275/275
f 276/276/276 261/261/261 275/275/275
f 279/279/279 278/278/278 277/277/277
f 237/237/237 279/279/279 277/277/277
f 237/237/237 277/277/277 280/280/280
f 236/236/236 237/237/237 280/280/280
f 241/241/241 279/279/279 237/237/237
f 283/283/283 282/282/282 281/281/281
f 284/284/284 283/283/283 281/281/281
f 282/282/282 285/285/285 281/281/281
f 285/285/285 286/286/286 281/281/281
f 287/287/287 281/281/281 286/286/286
f 288/288/288 287/287/287 286/286/286
f 289/289/289 283/283/283 284/284/284
f 290/290/290 289/289/289 284/284/284
f 291/291/291 290/290/290 284/284/284
f 292/292/292 291/291/291 284/284/284
f 281/281/281 287/287/287 292/292/292
f 284/284/284 281/281/281 292/292/292
f 293/293/293 286/286/286 285/285/285
f 286/286/286 293/293/293 288/288/288
f 294/294/294 293/293/293 285/285/285
f 295/295/295 293/293/293 294/294/294
f 296/296/296 295/295/295 294/294/294
f 297/297/297 293/293/293 295/295/295
f 293/293/293 297/297/297 288/288/288
f 298/298/298 297/297/297 295/295/295
f 295/295/295 296/296/296 299/299/299
f 295/295/295 299/299/299 298/298/298
f 296/296/296 300/300/300 299/299/299
f 301/301/301 299/299/299 300/300/300
f 302/302/302 301/301/301 300/300/300
f 299/299/299 303/303/303 298/298/298
f 303/303/303 299/299/299 301/301/301
f 304/304/304 303/303/303 301/301/301
f 301/301/301 302/302/302 305/305/305
f 301/301/301 305/305/305 304/304/304
f 302/302/302 306/306/306 305/305/305
f 307/307/307 305/305/305 306/306/306
f 307/307/307 308/308/308 305/305/305
f 305/305/305 308/308/308 304/304/304
f 311/311/311 310/310/310 309/309/309
f 312/312/312 311/311/311 309/309/309
f 309/309/309 310/310/310 313/313/313
f 310/310/310 314/314/314 313/313/313
f 312/312/312 315/315/315 311/311/311
f 315/315/315 316/316/316 311/311/311
f 313/313/313 314/314/314 317/317/317
f 314/314/314 318/318/318 317/317/317
f 317/317/317 318/318/318 319/319/319
f 320/320/320 317/317/317 319/319/319
f 319/319/319 321/321/321 320/320/320
f 321/321/321 322/322/322 320/320/320
f 323/323/323 322/322/322 321/321/321
f 324/324/324 323/323/323 321/321/321
f 323/323/323 324/324/324 325/325/325
f 324/324/324 326/326/326 325/325/325
f 327/327/327 325/325/325 326/326/326
f 182/182/182 329/329/329 328/328/328
f 196/196/196 329/329/329 182/182/182
f 196/196/196 330/330/330 329/329/329
f 328/328/328 184/184/184 182/182/182
f 183/183/183 184/184/184 331/331/331
f 334/334/334 333/333/333 332/332/332
f 335/335/335 334/334/334 332/332/332
f 334/334/334 335/335/335 336/336/336
f 335/335/335 337/337/337 336/336/336
f 336/336/336 337/337/337 338/338/338
f 337/337/337 339/339/339 338/338/338
f 340/340/340 338/338/338 339/339/339
f 341/341/341 340/340/340 339/339/339
f 342/342/342 340/340/340 341/341/341
f 343/343/343 342/342/342 341/341/341
f 342/342/342 343/343/343 344/344/344
f 343/343/343 345/345/345 344/344/344
f 346/346/346 344/344/344 345/345/345
f 347/347/347 346/346/346 345/345/345
f 346/346/346 347/347/347 348/348/348
f 347/347/347 349/349/349 348/348/348
f 349/349/349 350/350/350 348/348/348
f 350/350/350 351/351/351 348/348/348
f 350/350/350 352/352/352 351/351/351
f 352/352/352 353/353/353 351/351/351
f 353/353/353 352/352/352 354/354/354
f 355/355/355 353/353/353 354/354/354
f 354/354/354 356/356/356 355/355/355
f 359/359/359 358/358/358 357/357/357
f 360/360/360 359/359/359 357/357/357
f 359/359/359 360/360/360 361/361/361
f 361/361/361 360/360/360 362/362/362
f 363/363/363 361/361/361 362/362/362
f 363/363/363 362/362/362 364/364/364
f 365/365/365 363/363/363 364/364/364
f 366/366/366 359/359/359 361/361/361
f 364/364/364 362/362/362 367/367/367
f 364/364/364 367/367/367 368/368/368
f 369/369/369 364/364/364 368/368/368
f 364/364/364 369/369/369 365/365/365
f 369/369/369 368/368/368 370/370/370
f 371/371/371 369/369/369 370/370/370
f 362/362/362 372/372/372 367/367/367
f 360/360/360 357/357/357 372/372/372
f 362/362/362 360/360/360 372/372/372
f 369/369/369 371/371/371 373/373/373
f 369/369/369 373/373/373 365/365/365
f 371/371/371 374/374/374 373/373/373
f 374/374/374 371/371/371 375/375/375
f 376/376/376 374/374/374 375/375/375
f 371/371/371 370/370/370 377/377/377
f 375/375/375 371/371/371 377/377/377
f 375/375/375 377/377/377 378/378/378
f 379/379/379 375/375/375 378/378/378
f 375/375/375 379/379/379 376/376/376
f 379/379/379 380/380/380 376/376/376
f 379/379/379 381/381/381 380/380/380
f 381/381/381 382/382/382 380/380/380
f 379/379/379 378/378/378 383/383/383
f 381/381/381 379/379/379 383/383/383
f 384/384/384 381/381/381 383/383/383
f 381/381/381 384/384/384 382/382/382
f 385/385/385 384/384/384 383/383/383
f 384/384/384 385/385/385 386/386/386
f 385/385/385 387/387/387 386/386/386
f 386/386/386 387/387/387 388/388/388
f 389/389/389 386/386/386 388/388/388
f 386/386/386 389/389/389 390/390/390
f 391/391/391 386/386/386 390/390/390
f 384/384/384 386/386/386 391/391/391
f 392/392/392 389/389/389 388/388/388
f 390/390/390 389/389/389 392/392/392
f 384/384/384 393/393/393 382/382/382
f 393/393/393 384/384/384 391/391/391
f 396/396/396 395/395/395 394/394/394
f 397/397/397 396/396/396 394/394/394
f 396/396/396 398/398/398 395/395/395
f 398/398/398 399/399/399 395/395/395
f 400/400/400 395/395/395 399/399/399
f 401/401/401 400/400/400 399/399/399
f 402/402/402 400/400/400 401/401/401
f 402/402/402 403/403/403 400/400/400
f 404/404/404 403/403/403 402/402/402
f 405/405/405 404/404/404 402/402/402
f 402/402/402 406/406/406 405/405/405
f 406/406/406 402/402/402 401/401/401
f 406/406/406 407/407/407 405/405/405
f 407/407/407 406/406/406 408/408/408
f 408/408/408 409/409/409 407/407/407
f 409/409/409 410/410/410 407/407/407
f 405/405/405 407/407/407 410/410/410
f 406/406/406 411/411/411 408/408/408
f 406/406/406 401/401/401 411/411/411
f 412/412/412 409/409/409 408/408/408
f 412/412/412 413/413/413 409/409/409
f 413/413/413 412/412/412 414/414/414
f 412/412/412 415/415/415 414/414/414
f 412/412/412 416/416/416 415/415/415
f 416/416/416 412/412/412 408/408/408
f 416/416/416 408/408/408 411/411/411
f 416/416/416 417/417/417 415/415/415
f 413/413/413 418/418/418 409/409/409
f 409/409/409 418/418/418 410/410/410
f 413/413/413 419/419/419 418/418/418
f 419/419/419 420/420/420 418/418/418
f 419/419/419 421/421/421 420/420/420
f 421/421/421 422/422/422 420/420/420
f 418/418/418 420/420/420 423/423/423
f 418/418/418 423/423/423 410/410/410
f 420/420/420 424/424/424 423/423/423
f 424/424/424 420/420/420 422/422/422
f 425/425/425 423/423/423 424/424/424
f 426/426/426 425/425/425 424/424/424
f 427/427/427 425/425/425 426/426/426
f 428/428/428 427/427/427 426/426/426
f 429/429/429 427/427/427 428/428/428
f 430/430/430 429/429/429 428/428/428
f 429/429/429 430/430/430 431/431/431
f 432/432/432 429/429/429 431/431/431
f 432/432/432 431/431/431 433/433/433
f 434/434/434 432/432/432 433/433/433
f 432/432/432 434/434/434 435/435/435
f 434/434/434 436/436/436 435/435/435
f 427/427/427 429/429/429 437/437/437
f 432/432/432 435/435/435 437/437/437
f 429/429/429 432/432/432 437/437/437
f 437/437/437 435/435/435 404/404/404
f 435/435/435 438/438/438 404/404/404
f 435/435/435 436/436/436 438/438/438
f 439/439/439 427/427/427 437/437/437
f 425/425/425 427/427/427 439/439/439
f 439/439/439 437/437/437 404/404/404
f 436/436/436 440/440/440 438/438/438
f 441/441/441 438/438/438 440/440/440
f 442/442/442 441/441/441 440/440/440
f 443/443/443 441/441/441 442/442/442
f 444/444/444 443/443/443 442/442/442
f 443/443/443 444/444/444 445/445/445
f 443/443/443 445/445/445 394/394/394
f 446/446/446 443/443/443 394/394/394
f 441/441/441 443/443/443 446/446/446
f 444/444/444 447/447/447 445/445/445
f 397/397/397 394/394/394 445/445/445
f 448/448/448 397/397/397 445/445/445
f 394/394/394 395/395/395 446/446/446
f 395/395/395 400/400/400 446/446/446
f 403/403/403 446/446/446 400/400/400
f 441/441/441 403/403/403 438/438/438
f 403/403/403 441/441/441 446/446/446
f 403/403/403 404/404/404 438/438/438
f 445/445/445 449/449/449 448/448/448
f 447/447/447 449/449/449 445/445/445
f 449/449/449 450/450/450 448/448/448
f 404/404/404 405/405/405 439/439/439
f 405/405/405 451/451/451 439/439/439
f 451/451/451 425/425/425 439/439/439
f 425/425/425 451/451/451 423/423/423
f 451/451/451 410/410/410 423/423/423
f 451/451/451 405/405/405 410/410/410
f 454/454/454 453/453/453 452/452/452
f 455/455/455 454/454/454 452/452/452
f 453/453/453 454/454/454 456/456/456
f 457/457/457 453/453/453 456/456/456
f 456/456/456 454/454/454 458/458/458
f 454/454/454 459/459/459 458/458/458
f 431/431/431 453/453/453 457/457/457
f 433/433/433 431/431/431 457/457/457
f 455/455/455 452/452/452 460/460/460
f 461/461/461 455/455/455 460/460/460
f 461/461/461 462/462/462 455/455/455
f 462/462/462 463/463/463 455/455/455
f 462/462/462 464/464/464 463/463/463
f 464/464/464 465/465/465 463/463/463
f 462/462/462 461/461/461 466/466/466
f 461/461/461 467/467/467 466/466/466
f 467/467/467 461/461/461 460/460/460
f 462/462/462 466/466/466 468/468/468
f 464/464/464 462/462/462 468/468/468
f 464/464/464 468/468/468 469/469/469
f 470/470/470 464/464/464 469/469/469
f 465/465/465 464/464/464 470/470/470
f 471/471/471 465/465/465 470/470/470
f 471/471/471 470/470/470 472/472/472
f 473/473/473 471/471/471 472/472/472
f 472/472/472 474/474/474 473/473/473
f 474/474/474 475/475/475 473/473/473
f 476/476/476 467/467/467 460/460/460
f 477/477/477 467/467/467 476/476/476
f 477/477/477 478/478/478 467/467/467
f 478/478/478 479/479/479 467/467/467
f 479/479/479 466/466/466 467/467/467
f 478/478/478 480/480/480 479/479/479
f 480/480/480 481/481/481 479/479/479
f 481/481/481 468/468/468 466/466/466
f 479/479/479 481/481/481 466/466/466
f 481/481/481 482/482/482 468/468/468
f 482/482/482 483/483/483 468/468/468
f 482/482/482 484/484/484 483/483/483
f 484/484/484 485/485/485 483/483/483
f 484/484/484 486/486/486 485/485/485
f 486/486/486 487/487/487 485/485/485
f 488/488/488 477/477/477 476/476/476
f 476/476/476 426/426/426 488/488/488
f 428/428/428 426/426/426 476/476/476
f 460/460/460 428/428/428 476/476/476
f 426/426/426 424/424/424 488/488/488
f 488/488/488 424/424/424 422/422/422
f 430/430/430 428/428/428 460/460/460
f 452/452/452 430/430/430 460/460/460
f 430/430/430 452/452/452 453/453/453
f 431/431/431 430/430/430 453/453/453
f 484/484/484 482/482/482 489/489/489
f 482/482/482 490/490/490 489/489/489
f 482/482/482 481/481/481 490/490/490
f 481/481/481 480/480/480 490/490/490
f 422/422/422 491/491/491 488/488/488
f 491/491/491 477/477/477 488/488/488
f 491/491/491 492/492/492 477/477/477
f 493/493/493 492/492/492 491/491/491
f 494/494/494 493/493/493 491/491/491
f 494/494/494 491/491/491 422/422/422
f 493/493/493 495/495/495 492/492/492
f 495/495/495 496/496/496 492/492/492
f 480/480/480 496/496/496 497/497/497
f 496/496/496 495/495/495 497/497/497
f 498/498/498 480/480/480 497/497/497
f 498/498/498 497/497/497 499/499/499
f 500/500/500 498/498/498 499/499/499
f 493/493/493 494/494/494 501/501/501
f 494/494/494 502/502/502 501/501/501
f 493/493/493 501/501/501 503/503/503
f 495/495/495 493/493/493 503/503/503
f 495/495/495 503/503/503 504/504/504
f 505/505/505 495/495/495 504/504/504
f 504/504/504 506/506/506 505/505/505
f 506/506/506 507/507/507 505/505/505
f 508/508/508 504/504/504 503/503/503
f 504/504/504 508/508/508 506/506/506
f 509/509/509 508/508/508 503/503/503
f 509/509/509 503/503/503 501/501/501
f 508/508/508 510/510/510 506/506/506
f 511/511/511 501/501/501 502/502/502
f 511/511/511 509/509/509 501/501/501
f 512/512/512 511/511/511 502/502/502
f 499/499/499 497/497/497 513/513/513
f 495/495/495 513/513/513 497/497/497
f 514/514/514 506/506/506 510/510/510
f 507/507/507 506/506/506 514/514/514
f 515/515/515 514/514/514 510/510/510
f 516/516/516 514/514/514 515/515/515
f 517/517/517 516/516/516 515/515/515
f 518/518/518 507/507/507 514/514/514
f 518/518/518 514/514/514 516/516/516
f 519/519/519 518/518/518 516/516/516
f 516/516/516 520/520/520 519/519/519
f 516/516/516 517/517/517 520/520/520
f 520/520/520 521/521/521 519/519/519
f 522/522/522 521/521/521 520/520/520
f 523/523/523 522/522/522 520/520/520
f 523/523/523 520/520/520 524/524/524
f 517/517/517 524/524/524 520/520/520
f 525/525/525 523/523/523 524/524/524
f 523/523/523 526/526/526 522/522/522
f 525/525/525 526/526/526 523/523/523
f 527/527/527 499/499/499 513/513/513
f 528/528/528 499/499/499 527/527/527
f 529/529/529 528/528/528 527/527/527
f 530/530/530 528/528/528 529/529/529
f 531/531/531 530/530/530 529/529/529
f 532/532/532 530/530/530 531/531/531
f 533/533/533 532/532/532 531/531/531
f 534/534/534 528/528/528 530/530/530
f 535/535/535 534/534/534 530/530/530
f 533/533/533 536/536/536 532/532/532
f 537/537/537 532/532/532 536/536/536
f 537/537/537 535/535/535 530/530/530
f 532/532/532 537/537/537 530/530/530
f 500/500/500 499/499/499 528/528/528
f 534/534/534 500/500/500 528/528/528
f 540/540/540 539/539/539 538/538/538
f 541/541/541 540/540/540 538/538/538
f 539/539/539 540/540/540 542/542/542
f 540/540/540 543/543/543 542/542/542
f 540/540/540 541/541/541 459/459/459
f 540/540/540 459/459/459 543/543/543
f 541/541/541 458/458/458 459/459/459
f 459/459/459 544/544/544 543/543/543
f 544/544/544 459/459/459 454/454/454
f 455/455/455 544/544/544 454/454/454
f 539/539/539 542/542/542 545/545/545
f 546/546/546 539/539/539 545/545/545
f 546/546/546 545/545/545 547/547/547
f 545/545/545 548/548/548 547/547/547
f 546/546/546 547/547/547 549/549/549
f 550/550/550 546/546/546 549/549/549
f 546/546/546 550/550/550 539/539/539
f 550/550/550 538/538/538 539/539/539
f 549/549/549 547/547/547 551/551/551
f 547/547/547 552/552/552 551/551/551
f 547/547/547 548/548/548 552/552/552
f 553/553/553 551/551/551 552/552/552
f 548/548/548 554/554/554 552/552/552
f 553/553/553 552/552/552 554/554/554
f 557/557/557 556/556/556 555/555/555
f 558/558/558 557/557/557 555/555/555
f 558/558/558 555/555/555 559/559/559
f 555/555/555 560/560/560 559/559/559
f 561/561/561 559/559/559 560/560/560
f 562/562/562 561/561/561 560/560/560
f 563/563/563 561/561/561 562/562/562
f 564/564/564 563/563/563 562/562/562
f 564/564/564 565/565/565 563/563/563
f 556/556/556 557/557/557 566/566/566
f 415/415/415 568/568/568 567/567/567
f 414/414/414 415/415/415 567/567/567
f 415/415/415 417/417/417 568/568/568
f 417/417/417 569/569/569 568/568/568
f 569/569/569 417/417/417 570/570/570
f 417/417/417 571/571/571 570/570/570
f 571/571/571 572/572/572 570/570/570
f 572/572/572 573/573/573 570/570/570
f 572/572/572 571/571/571 574/574/574
f 571/571/571 411/411/411 574/574/574
f 401/401/401 574/574/574 411/411/411
f 399/399/399 574/574/574 401/401/401
f 575/575/575 573/573/573 572/572/572
f 574/574/574 575/575/575 572/572/572
f 575/575/575 574/574/574 399/399/399
f 575/575/575 399/399/399 398/398/398
f 416/416/416 411/411/411 571/571/571
f 417/417/417 416/416/416 571/571/571
f 578/578/578 577/577/577 576/576/576
f 579/579/579 578/578/578 576/576/576
f 577/577/577 578/578/578 475/475/475
f 474/474/474 577/577/577 475/475/475
f 579/579/579 576/576/576 580/580/580
f 581/581/581 579/579/579 580/580/580
f 580/580/580 582/582/582 581/581/581
f 585/585/585 584/584/584 583/583/583
f 586/586/586 585/585/585 583/583/583
f 584/584/584 585/585/585 587/587/587
f 585/585/585 588/588/588 587/587/587
f 585/585/585 586/586/586 588/588/588
f 589/589/589 587/587/587 588/588/588
f 590/590/590 589/589/589 588/588/588
f 590/590/590 588/588/588 591/591/591
f 588/588/588 592/592/592 591/591/591
f 586/586/586 592/592/592 588/588/588
f 590/590/590 591/591/591 487/487/487
f 486/486/486 590/590/590 487/487/487
f 593/593/593 589/589/589 590/590/590
f 486/486/486 593/593/593 590/590/590
f 593/593/593 486/486/486 484/484/484
f 489/489/489 593/593/593 484/484/484
f 422/422/422 421/421/421 502/502/502
f 494/494/494 422/422/422 502/502/502
f 502/502/502 421/421/421 512/512/512
f 512/512/512 421/421/421 594/594/594
f 595/595/595 512/512/512 594/594/594
f 595/595/595 596/596/596 512/512/512
f 596/596/596 511/511/511 512/512/512
f 596/596/596 597/597/597 511/511/511
f 597/597/597 509/509/509 511/511/511
f 509/509/509 597/597/597 598/598/598
f 508/508/508 509/509/509 598/598/598
f 598/598/598 599/599/599 508/508/508
f 599/599/599 510/510/510 508/508/508
f 600/600/600 510/510/510 599/599/599
f 601/601/601 600/600/600 599/599/599
f 600/600/600 601/601/601 602/602/602
f 600/600/600 602/602/602 603/603/603
f 603/603/603 604/604/604 600/600/600
f 605/605/605 604/604/604 603/603/603
f 606/606/606 595/595/595 594/594/594
f 496/496/496 480/480/480 478/478/478
f 492/492/492 496/496/496 478/478/478
f 492/492/492 478/478/478 477/477/477
f 609/609/609 608/608/608 607/607/607
f 610/610/610 609/609/609 607/607/607
f 607/607/607 611/611/611 610/610/610
f 610/610/610 611/611/611 612/612/612
f 613/613/613 612/612/612 611/611/611
f 612/612/612 614/614/614 610/610/610
f 608/608/608 609/609/609 615/615/615
f 609/609/609 616/616/616 615/615/615
f 616/616/616 617/617/617 615/615/615
f 618/618/618 616/616/616 609/609/609
f 619/619/619 616/616/616 618/618/618
f 620/620/620 619/619/619 618/618/618
f 619/619/619 620/620/620 621/621/621
f 622/622/622 621/621/621 620/620/620
f 622/622/622 620/620/620 623/623/623
f 623/623/623 620/620/620 618/618/618
f 622/622/622 623/623/623 624/624/624
f 625/625/625 622/622/622 624/624/624
f 626/626/626 623/623/623 618/618/618
f 626/626/626 627/627/627 623/623/623
f 628/628/628 621/621/621 622/622/622
f 618/618/618 629/629/629 626/626/626
f 618/618/618 609/609/609 629/629/629
f 609/609/609 610/610/610 629/629/629
f 627/627/627 630/630/630 623/623/623
f 630/630/630 631/631/631 623/623/623
f 624/624/624 623/623/623 631/631/631
f 622/622/622 632/632/632 628/628/628
f 633/633/633 632/632/632 622/622/622
f 633/633/633 622/622/622 625/625/625
f 632/632/632 634/634/634 628/628/628
f 637/637/637 636/636/636 635/635/635
f 638/638/638 637/637/637 635/635/635
f 638/638/638 635/635/635 639/639/639
f 640/640/640 638/638/638 639/639/639
f 639/639/639 641/641/641 640/640/640
f 641/641/641 642/642/642 640/640/640
f 642/642/642 641/641/641 643/643/643
f 637/637/637 644/644/644 636/636/636
f 644/644/644 645/645/645 636/636/636
f 645/645/645 644/644/644 646/646/646
f 647/647/647 645/645/645 646/646/646
f 647/647/647 646/646/646 648/648/648
f 649/649/649 647/647/647 648/648/648
f 648/648/648 650/650/650 649/649/649
f 650/650/650 651/651/651 649/649/649
f 652/652/652 651/651/651 650/650/650
f 655/655/655 654/654/654 653/653/653
f 656/656/656 655/655/655 653/653/653
f 657/657/657 653/653/653 654/654/654
f 654/654/654 658/658/658 657/657/657
f 659/659/659 657/657/657 658/658/658
f 659/659/659 660/660/660 657/657/657
f 661/661/661 658/658/658 654/654/654
f 662/662/662 661/661/661 654/654/654
f 663/663/663 662/662/662 654/654/654
f 660/660/660 659/659/659 664/664/664
f 662/662/662 663/663/663 665/665/665
f 663/663/663 666/666/666 665/665/665
f 666/666/666 667/667/667 665/665/665
f 667/667/667 668/668/668 665/665/665
f 667/667/667 669/669/669 668/668/668
f 669/669/669 670/670/670 668/668/668
f 669/669/669 671/671/671 670/670/670
f 656/656/656 673/673/673 672/672/672
f 655/655/655 656/656/656 672/672/672
f 672/672/672 673/673/673 674/674/674
f 673/673/673 675/675/675 674/674/674
f 675/675/675 676/676/676 674/674/674
f 676/676/676 677/677/677 674/674/674
f 677/677/677 676/676/676 678/678/678
f 681/681/681 680/680/680 679/679/679
f 682/682/682 681/681/681 679/679/679
f 680/680/680 681/681/681 683/683/683
f 684/684/684 680/680/680 683/683/683
f 684/684/684 683/683/683 685/685/685
f 686/686/686 684/684/684 685/685/685
f 685/685/685 687/687/687 686/686/686
f 687/687/687 688/688/688 686/686/686
f 688/688/688 687/687/687 689/689/689
f 679/679/679 690/690/690 682/682/682
f 690/690/690 691/691/691 682/682/682
f 692/692/692 690/690/690 679/679/679
f 693/693/693 691/691/691 690/690/690
f 694/694/694 691/691/691 693/693/693
f 697/697/697 696/696/696 695/695/695
f 698/698/698 697/697/697 695/695/695
f 699/699/699 695/695/695 696/696/696
f 700/700/700 699/699/699 696/696/696
f 698/698/698 701/701/701 697/697/697
f 702/702/702 699/699/699 700/700/700
f 703/703/703 702/702/702 700/700/700
f 702/702/702 703/703/703 704/704/704
f 705/705/705 702/702/702 704/704/704
f 705/705/705 704/704/704 706/706/706
f 709/709/709 708/708/708 707/707/707
f 710/710/710 708/708/708 709/709/709
f 710/710/710 711/711/711 708/708/708
f 710/710/710 712/712/712 711/711/711
f 713/713/713 708/708/708 711/711/711
f 713/713/713 711/711/711 714/714/714
f 715/715/715 712/712/712 710/710/710
f 716/716/716 712/712/712 715/715/715
f 717/717/717 713/713/713 714/714/714
f 720/720/720 719/719/719 718/718/718
f 723/723/723 722/722/722 721/721/721
f 724/724/724 723/723/723 721/721/721
f 725/725/725 724/724/724 721/721/721
f 726/726/726 724/724/724 725/725/725
f 729/729/729 728/728/728 727/727/727
f 729/729/729 730/730/730 728/728/728
f 729/729/729 727/727/727 731/731/731
f 732/732/732 729/729/729 731/731/731
f 729/729/729 733/733/733 730/730/730
f 733/733/733 734/734/734 730/730/730
f 733/733/733 735/735/735 734/734/734
f 736/736/736 731/731/731 727/727/727
f 737/737/737 736/736/736 727/727/727
f 736/736/736 737/737/737 738/738/738
f 741/741/741 740/740/740 739/739/739
f 744/744/744 743/743/743 742/742/742
f 747/747/747 746/746/746 745/745/745
f 750/750/750 749/749/749 748/748/748
f 751/751/751 750/750/750 748/748/748
f 751/751/751 748/748/748 752/752/752
f 753/753/753 751/751/751 752/752/752
f 752/752/752 754/754/754 753/753/753
f 749/749/749 750/750/750 755/755/755
f 750/750/750 756/756/756 755/755/755
f 755/755/755 756/756/756 757/757/757
f 756/756/756 758/758/758 757/757/757
f 757/757/757 758/758/758 759/759/759
f 758/758/758 760/760/760 759/759/759
f 763/763/763 762/762/762 761/761/761
f 762/762/762 764/764/764 761/761/761
f 762/762/762 765/765/765 764/764/764
f 766/766/766 761/761/761 764/764/764
f 767/767/767 766/766/766 764/764/764
f 764/764/764 765/765/765 768/768/768
f 769/769/769 764/764/764 768/768/768
f 768/768/768 765/765/765 770/770/770
f 773/773/773 772/772/772 771/771/771
f 776/776/776 775/775/775 774/774/774
f 779/779/779 778/778/778 777/777/777
f 780/780/780 779/779/779 777/777/777
f 779/779/779 780/780/780 781/781/781
f 780/780/780 782/782/782 781/781/781
f 782/782/782 783/783/783 781/781/781
f 783/783/783 784/784/784 781/781/781
f 784/784/784 783/783/783 785/785/785
f 786/786/786 784/784/784 785/785/785
f 786/786/786 785/785/785 787/787/787
f 788/788/788 786/786/786 787/787/787
f 788/788/788 787/787/787 789/789/789
f 790/790/790 788/788/788 789/789/789
f 791/791/791 790/790/790 789/789/789
f 794/794/794 793/793/793 792/792/792
f 795/795/795 794/794/794 792/792/792
f 795/795/795 792/792/792 796/796/796
f 797/797/797 795/795/795 796/796/796
f 797/797/797 796/796/796 798/798/798
f 799/799/799 797/797/797 798/798/798
f 798/798/798 800/800/800 799/799/799
f 800/800/800 801/801/801 799/799/799
f 800/800/800 802/802/802 801/801/801
f 793/793/793 794/794/794 803/803/803
f 793/793/793 803/803/803 804/804/804
f 804/804/804 803/803/803 805/805/805
f 803/803/803 806/806/806 805/805/805
f 809/809/809 808/808/808 807/807/807
f 810/810/810 809/809/809 807/807/807
f 808/808/808 809/809/809 811/811/811
f 812/812/812 808/808/808 811/811/811
f 812/812/812 811/811/811 813/813/813
f 814/814/814 812/812/812 813/813/813
f 814/814/814 813/813/813 815/815/815
f 813/813/813 816/816/816 815/815/815
f 815/815/815 816/816/816 817/817/817
f 810/810/810 807/807/807 818/818/818
f 819/819/819 810/810/810 818/818/818
f 819/819/819 818/818/818 820/820/820
f 823/823/823 822/822/822 821/821/821
f 824/824/824 823/823/823 821/821/821
f 822/822/822 823/823/823 825/825/825
f 826/826/826 822/822/822 825/825/825
f 826/826/826 825/825/825 827/827/827
f 828/828/828 826/826/826 827/827/827
f 824/824/824 821/821/821 829/829/829
f 828/828/828 827/827/827 830/830/830
f 831/831/831 828/828/828 830/830/830
f 831/831/831 830/830/830 832/832/832
f 833/833/833 831/831/831 832/832/832
f 833/833/833 832/832/832 834/834/834
f 837/837/837 836/836/836 835/835/835
f 838/838/838 837/837/837 835/835/835
f 837/837/837 838/838/838 839/839/839
f 840/840/840 837/837/837 839/839/839
f 840/840/840 841/841/841 837/837/837
f 841/841/841 836/836/836 837/837/837
f 840/840/840 839/839/839 842/842/842
f 843/843/843 840/840/840 842/842/842
f 841/841/841 840/840/840 843/843/843
f 843/843/843 842/842/842 844/844/844
f 845/845/845 843/843/843 844/844/844
f 846/846/846 841/841/841 843/843/843
f 846/846/846 843/843/843 845/845/845
f 847/847/847 846/846/846 845/845/845
f 847/847/847 845/845/845 848/848/848
f 849/849/849 847/847/847 848/848/848
f 850/850/850 848/848/848 845/845/845
f 844/844/844 850/850/850 845/845/845
f 848/848/848 851/851/851 849/849/849
f 851/851/851 852/852/852 849/849/849
f 853/853/853 851/851/851 848/848/848
f 850/850/850 853/853/853 848/848/848
f 851/851/851 854/854/854 852/852/852
f 854/854/854 855/855/855 852/852/852
f 854/854/854 856/856/856 855/855/855
f 857/857/857 856/856/856 854/854/854
f 857/857/857 854/854/854 851/851/851
f 853/853/853 857/857/857 851/851/851
f 860/860/860 859/859/859 858/858/858
f 861/861/861 860/860/860 858/858/858
f 860/860/860 862/862/862 859/859/859
f 862/862/862 863/863/863 859/859/859
f 863/863/863 862/862/862 864/864/864
f 865/865/865 863/863/863 864/864/864
f 866/866/866 865/865/865 864/864/864
f 867/867/867 866/866/866 864/864/864
f 866/866/866 867/867/867 868/868/868
f 867/867/867 869/869/869 868/868/868
f 868/868/868 869/869/869 870/870/870
f 873/873/873 872/872/872 871/871/871
f 874/874/874 873/873/873 871/871/871
f 872/872/872 873/873/873 875/875/875
f 876/876/876 872/872/872 875/875/875
f 876/876/876 875/875/875 877/877/877
f 878/878/878 876/876/876 877/877/877
f 874/874/874 871/871/871 879/879/879
f 878/878/878 877/877/877 880/880/880
f 881/881/881 878/878/878 880/880/880
f 881/881/881 880/880/880 882/882/882
f 885/885/885 884/884/884 883/883/883
f 886/886/886 885/885/885 883/883/883
f 887/887/887 885/885/885 886/886/886
f 883/883/883 884/884/884 888/888/888
f 884/884/884 889/889/889 888/888/888
f 890/890/890 888/888/888 889/889/889
f 891/891/891 890/890/890 889/889/889
f 894/894/894 893/893/893 892/892/892
f 895/895/895 894/894/894 892/892/892
f 895/895/895 892/892/892 896/896/896
f 897/897/897 895/895/895 896/896/896
f 896/896/896 898/898/898 897/897/897
f 898/898/898 899/899/899 897/897/897
f 899/899/899 898/898/898 900/900/900
f 903/903/903 902/902/902 901/901/901
f 904/904/904 903/903/903 901/901/901
f 903/903/903 905/905/905 902/902/902
f 904/904/904 901/901/901 906/906/906
f 901/901/901 907/907/907 906/906/906
f 906/906/906 907/907/907 908/908/908
f 907/907/907 909/909/909 908/908/908
f 912/912/912 911/911/911 910/910/910
f 913/913/913 912/912/912 910/910/910
f 910/910/910 911/911/911 914/914/914
f 915/915/915 910/910/910 914/914/914
f 915/915/915 914/914/914 916/916/916
f 917/917/917 915/915/915 916/916/916
f 917/917/917 916/916/916 918/918/918
f 919/919/919 917/917/917 918/918/918
f 918/918/918 920/920/920 919/919/919
f 920/920/920 921/921/921 919/919/919
f 912/912/912 913/913/913 922/922/922
f 913/913/913 923/923/923 922/922/922
f 922/922/922 923/923/923 924/924/924
f 923/923/923 925/925/925 924/924/924
f 920/920/920 926/926/926 921/921/921
f 924/924/924 925/925/925 927/927/927
f 928/928/928 924/924/924 927/927/927
f 931/931/931 930/930/930 929/929/929
f 932/932/932 931/931/931 929/929/929
f 930/930/930 931/931/931 933/933/933
f 934/934/934 930/930/930 933/933/933
f 935/935/935 934/934/934 933/933/933
f 936/936/936 935/935/935 933/933/933
f 929/929/929 937/937/937 932/932/932
f 937/937/937 938/938/938 932/932/932
f 937/937/937 939/939/939 938/938/938
f 939/939/939 940/940/940 938/938/938
f 939/939/939 941/941/941 940/940/940
f 941/941/941 942/942/942 940/940/940
f 941/941/941 943/943/943 942/942/942
f 943/943/943 944/944/944 942/942/942
f 936/936/936 945/945/945 935/935/935
f 944/944/944 943/943/943 946/946/946
f 947/947/947 944/944/944 946/946/946
f 950/950/950 949/949/949 948/948/948
f 951/951/951 950/950/950 948/948/948
f 952/952/952 949/949/949 950/950/950
f 953/953/953 952/952/952 950/950/950
f 954/954/954 952/952/952 953/953/953
f 955/955/955 954/954/954 953/953/953
f 956/956/956 954/954/954 955/955/955
f 957/957/957 956/956/956 955/955/955
f 958/958/958 956/956/956 957/957/957
f 959/959/959 958/958/958 957/957/957
f 960/960/960 958/958/958 959/959/959
f 961/961/961 960/960/960 959/959/959
f 962/962/962 960/960/960 961/961/961
f 963/963/963 962/962/962 961/961/961
f 962/962/962 963/963/963 964/964/964
f 965/965/965 951/951/951 948/948/948
f 966/966/966 965/965/965 948/948/948
f 969/969/969 968/968/968 967/967/967
f 970/970/970 969/969/969 967/967/967
f 971/971/971 969/969/969 970/970/970
f 972/972/972 971/971/971 970/970/970
f 972/972/972 973/973/973 971/971/971
f 967/967/967 968/968/968 974/974/974
f 975/975/975 967/967/967 974/974/974
f 975/975/975 974/974/974 976/976/976
f 977/977/977 975/975/975 976/976/976
f 976/976/976 978/978/978 977/977/977
f 978/978/978 979/979/979 977/977/977
f 978/978/978 980/980/980 979/979/979
f 980/980/980 981/981/981 979/979/979
f 984/984/984 983/983/983 982/982/982
f 985/985/985 984/984/984 982/982/982
f 986/986/986 983/983/983 984/984/984
f 987/987/987 986/986/986 984/984/984
f 987/987/987 988/988/988 986/986/986
f 985/985/985 982/982/982 989/989/989
f 990/990/990 985/985/985 989/989/989
f 990/990/990 989/989/989 991/991/991
f 989/989/989 992/992/992 991/991/991
f 992/992/992 993/993/993 991/991/991
f 993/993/993 994/994/994 991/991/991
f 995/995/995 994/994/994 993/993/993
f 998/998/998 997/997/997 996/996/996
f 998/998/998 999/999/999 997/997/997
f 1000/1000/1000 999/999/999 998/998/998
f 999/999/999 1000/1000/1000 1001/1001/1001
f 1000/1000/1000 1002/1002/1002 1001/1001/1001
f 1003/1003/1003 1001/1001/1001 1002/1002/1002
f 1004/1004/1004 1003/1003/1003 1002/1002/1002
f 1004/1004/1004 1005/1005/1005 1003/1003/1003
f 1005/1005/1005 1006/1006/1006 1003/1003/1003
f 1005/1005/1005 1007/1007/1007 1006/1006/1006
f 1007/1007/1007 1008/1008/1008 1006/1006/1006
f 1008/1008/1008 1007/1007/1007 1009/1009/1009
f 1012/1012/1012 1011/1011/1011 1010/1010/1010
f 1010/1010/1010 1013/1013/1013 1012/1012/1012
f 1014/1014/1014 1012/1012/1012 1013/1013/1013
f 1015/1015/1015 1014/1014/1014 1013/1013/1013
f 1016/1016/1016 1014/1014/1014 1015/1015/1015
f 1017/1017/1017 1016/1016/1016 1015/1015/1015
f 1010/1010/1010 1018/1018/1018 1013/1013/1013
f 1018/1018/1018 1010/1010/1010 1019/1019/1019
f 1010/1010/1010 1020/1020/1020 1019/1019/1019
f 1010/1010/1010 1011/1011/1011 1021/1021/1021
f 1011/1011/1011 1022/1022/1022 1021/1021/1021
f 1023/1023/1023 1021/1021/1021 1022/1022/1022
f 1019/1019/1019 1020/1020/1020 1024/1024/1024
f 1017/1017/1017 1025/1025/1025 1016/1016/1016
f 1025/1025/1025 1026/1026/1026 1016/1016/1016
f 1026/1026/1026 1025/1025/1025 1027/1027/1027
f 1028/1028/1028 1026/1026/1026 1027/1027/1027
f 1031/1031/1031 1030/1030/1030 1029/1029/1029
f 1029/1029/1029 1032/1032/1032 1031/1031/1031
f 1033/1033/1033 1031/1031/1031 1032/1032/1032
f 1034/1034/1034 1033/1033/1033 1032/1032/1032
f 1033/1033/1033 1034/1034/1034 1035/1035/1035
f 1029/1029/1029 1030/1030/1030 1036/1036/1036
f 1030/1030/1030 1037/1037/1037 1036/1036/1036
f 1036/1036/1036 1037/1037/1037 1038/1038/1038
f 1037/1037/1037 1039/1039/1039 1038/1038/1038
f 1038/1038/1038 1039/1039/1039 1040/1040/1040
f 1039/1039/1039 1041/1041/1041 1040/1040/1040
f 1040/1040/1040 1041/1041/1041 1042/1042/1042
f 1033/1033/1033 1035/1035/1035 1043/1043/1043
f 1043/1043/1043 1035/1035/1035 1044/1044/1044
f 1047/1047/1047 1046/1046/1046 1045/1045/1045
f 1046/1046/1046 1047/1047/1047 1048/1048/1048
f 1047/1047/1047 1049/1049/1049 1048/1048/1048
f 1048/1048/1048 1049/1049/1049 1050/1050/1050
f 1053/1053/1053 1052/1052/1052 1051/1051/1051
f 1056/1056/1056 1055/1055/1055 1054/1054/1054
f 1057/1057/1057 1056/1056/1056 1054/1054/1054
f 1054/1054/1054 1058/1058/1058 1057/1057/1057
f 1058/1058/1058 1059/1059/1059 1057/1057/1057
f 1059/1059/1059 1058/1058/1058 1060/1060/1060
f 1058/1058/1058 1061/1061/1061 1060/1060/1060
f 1062/1062/1062 1060/1060/1060 1061/1061/1061
f 1063/1063/1063 1062/1062/1062 1061/1061/1061
f 1062/1062/1062 1063/1063/1063 1064/1064/1064
f 1063/1063/1063 1065/1065/1065 1064/1064/1064
f 1065/1065/1065 1066/1066/1066 1064/1064/1064
f 1056/1056/1056 1067/1067/1067 1055/1055/1055
f 1067/1067/1067 1068/1068/1068 1055/1055/1055
f 1071/1071/1071 1070/1070/1070 1069/1069/1069
f 1072/1072/1072 1071/1071/1071 1069/1069/1069
f 1069/1069/1069 1070/1070/1070 1073/1073/1073
f 1070/1070/1070 1074/1074/1074 1073/1073/1073
f 1069/1069/1069 1075/1075/1075 1072/1072/1072
f 1075/1075/1075 1069/1069/1069 1073/1073/1073
f 1075/1075/1075 1076/1076/1076 1072/1072/1072
f 1075/1075/1075 1077/1077/1077 1076/1076/1076
f 1078/1078/1078 1077/1077/1077 1075/1075/1075
f 1079/1079/1079 1078/1078/1078 1075/1075/1075
f 1079/1079/1079 1075/1075/1075 1073/1073/1073
f 1077/1077/1077 1078/1078/1078 1080/1080/1080
f 1078/1078/1078 1081/1081/1081 1080/1080/1080
f 1080/1080/1080 1081/1081/1081 1082/1082/1082
f 1081/1081/1081 1083/1083/1083 1082/1082/1082
f 1083/1083/1083 1084/1084/1084 1082/1082/1082
f 1071/1071/1071 1085/1085/1085 1070/1070/1070
f 1085/1085/1085 1086/1086/1086 1070/1070/1070
f 1087/1087/1087 1074/1074/1074 1070/1070/1070
f 1086/1086/1086 1087/1087/1087 1070/1070/1070
f 1090/1090/1090 1089/1089/1089 1088/1088/1088
f 1091/1091/1091 1090/1090/1090 1088/1088/1088
f 1089/1089/1089 1090/1090/1090 1092/1092/1092
f 1088/1088/1088 1093/1093/1093 1091/1091/1091
f 1093/1093/1093 1094/1094/1094 1091/1091/1091
f 1094/1094/1094 1093/1093/1093 1095/1095/1095
f 1096/1096/1096 1094/1094/1094 1095/1095/1095
f 1095/1095/1095 1097/1097/1097 1096/1096/1096
f 1097/1097/1097 1098/1098/1098 1096/1096/1096
f 1099/1099/1099 1098/1098/1098 1097/1097/1097
f 1100/1100/1100 1099/1099/1099 1097/1097/1097
f 1101/1101/1101 1099/1099/1099 1100/1100/1100
f 1102/1102/1102 1101/1101/1101 1100/1100/1100
f 1105/1105/1105 1104/1104/1104 1103/1103/1103
f 1108/1108/1108 1107/1107/1107 1106/1106/1106
f 1106/1106/1106 1107/1107/1107 1109/1109/1109
f 1107/1107/1107 1110/1110/1110 1109/1109/1109
f 1109/1109/1109 1110/1110/1110 1111/1111/1111
f 1110/1110/1110 1112/1112/1112 1111/1111/1111
f 1112/1112/1112 1113/1113/1113 1111/1111/1111
f 1113/1113/1113 1114/1114/1114 1111/1111/1111
f 1113/1113/1113 1115/1115/1115 1114/1114/1114
f 1115/1115/1115 1116/1116/1116 1114/1114/1114
f 1117/1117/1117 1116/1116/1116 1115/1115/1115
f 1118/1118/1118 1117/1117/1117 1115/1115/1115
f 1119/1119/1119 1117/1117/1117 1118/1118/1118
f 1120/1120/1120 1119/1119/1119 1118/1118/1118
f 1119/1119/1119 1120/1120/1120 1121/1121/1121
f 1120/1120/1120 1122/1122/1122 1121/1121/1121
f 1123/1123/1123 1121/1121/1121 1122/1122/1122
f 1126/1126/1126 1125/1125/1125 1124/1124/1124
f 1126/1126/1126 1124/1124/1124 1127/1127/1127
f 1128/1128/1128 1126/1126/1126 1127/1127/1127
f 1128/1128/1128 1127/1127/1127 1129/1129/1129
f 1130/1130/1130 1128/1128/1128 1129/1129/1129
f 1130/1130/1130 1129/1129/1129 1131/1131/1131
f 1129/1129/1129 1132/1132/1132 1131/1131/1131
f 1131/1131/1131 1132/1132/1132 1133/1133/1133
f 1136/1136/1136 1135/1135/1135 1134/1134/1134
f 1137/1137/1137 1136/1136/1136 1134/1134/1134
f 1138/1138/1138 1136/1136/1136 1137/1137/1137
f 1138/1138/1138 1137/1137/1137 1139/1139/1139
f 1137/1137/1137 1140/1140/1140 1139/1139/1139
f 1139/1139/1139 1140/1140/1140 1141/1141/1141
f 1140/1140/1140 1142/1142/1142 1141/1141/1141
f 1141/1141/1141 1142/1142/1142 1143/1143/1143
f 1144/1144/1144 1141/1141/1141 1143/1143/1143
f 1143/1143/1143 1145/1145/1145 1144/1144/1144
f 1148/1148/1148 1147/1147/1147 1146/1146/1146
f 1151/1151/1151 1150/1150/1150 1149/1149/1149
f 1149/1149/1149 1152/1152/1152 1151/1151/1151
f 1152/1152/1152 1153/1153/1153 1151/1151/1151
f 1153/1153/1153 1152/1152/1152 1154/1154/1154
f 1152/1152/1152 1155/1155/1155 1154/1154/1154
f 1156/1156/1156 1154/1154/1154 1155/1155/1155
f 1157/1157/1157 1156/1156/1156 1155/1155/1155
f 1156/1156/1156 1157/1157/1157 1158/1158/1158
f 1157/1157/1157 1159/1159/1159 1158/1158/1158
f 1158/1158/1158 1159/1159/1159 1160/1160/1160
f 1161/1161/1161 1158/1158/1158 1160/1160/1160
f 1160/1160/1160 1162/1162/1162 1161/1161/1161
f 1162/1162/1162 1163/1163/1163 1161/1161/1161
f 1162/1162/1162 1164/1164/1164 1163/1163/1163
f 1164/1164/1164 1165/1165/1165 1163/1163/1163
f 1164/1164/1164 1166/1166/1166 1165/1165/1165
f 1169/1169/1169 1168/1168/1168 1167/1167/1167
f 1167/1167/1167 1168/1168/1168 1170/1170/1170
f 1168/1168/1168 1171/1171/1171 1170/1170/1170
f 1170/1170/1170 1171/1171/1171 1172/1172/1172
f 1171/1171/1171 1173/1173/1173 1172/1172/1172
f 1173/1173/1173 1174/1174/1174 1172/1172/1172
f 1174/1174/1174 1175/1175/1175 1172/1172/1172
f 1175/1175/1175 1174/1174/1174 1176/1176/1176
f 1179/1179/1179 1178/1178/1178 1177/1177/1177
f 1178/1178/1178 1180/1180/1180 1177/1177/1177
f 1178/1178/1178 1181/1181/1181 1180/1180/1180
f 1181/1181/1181 1182/1182/1182 1180/1180/1180
f 1182/1182/1182 1183/1183/1183 1180/1180/1180
f 1183/1183/1183 1182/1182/1182 1184/1184/1184
f 1185/1185/1185 1183/1183/1183 1184/1184/1184
f 1185/1185/1185 1184/1184/1184 1186/1186/1186
f 1184/1184/1184 1187/1187/1187 1186/1186/1186
f 1188/1188/1188 1186/1186/1186 1187/1187/1187
f 1191/1191/1191 1190/1190/1190 1189/1189/1189
f 1189/1189/1189 1190/1190/1190 1192/1192/1192
f 1189/1189/1189 1192/1192/1192 1193/1193/1193
f 1193/1193/1193 1192/1192/1192 1194/1194/1194
f 1192/1192/1192 1195/1195/1195 1194/1194/1194
f 1195/1195/1195 1192/1192/1192 1190/1190/1190
f 1196/1196/1196 1194/1194/1194 1195/1195/1195
f 1197/1197/1197 1196/1196/1196 1195/1195/1195
f 1196/1196/1196 1197/1197/1197 1198/1198/1198
f 1197/1197/1197 1199/1199/1199 1198/1198/1198
f 1198/1198/1198 1199/1199/1199 1200/1200/1200
f 1199/1199/1199 1201/1201/1201 1200/1200/1200
f 1200/1200/1200 1201/1201/1201 1202/1202/1202
f 1201/1201/1201 1203/1203/1203 1202/1202/1202
f 1203/1203/1203 1204/1204/1204 1202/1202/1202
f 1204/1204/1204 1203/1203/1203 1205/1205/1205
f 1203/1203/1203 1206/1206/1206 1205/1205/1205
f 1206/1206/1206 1203/1203/1203 1201/1201/1201
f 1205/1205/1205 1206/1206/1206 1207/1207/1207
f 1206/1206/1206 1208/1208/1208 1207/1207/1207
f 1204/1204/1204 1209/1209/1209 1202/1202/1202
f 1210/1210/1210 1206/1206/1206 1201/1201/1201
f 1210/1210/1210 1201/1201/1201 1199/1199/1199
f 1208/1208/1208 1206/1206/1206 1210/1210/1210
f 1211/1211/1211 1210/1210/1210 1199/1199/1199
f 1212/1212/1212 1211/1211/1211 1199/1199/1199
f 1197/1197/1197 1212/1212/1212 1199/1199/1199
f 1213/1213/1213 1212/1212/1212 1197/1197/1197
f 1213/1213/1213 1214/1214/1214 1212/1212/1212
f 1214/1214/1214 1215/1215/1215 1212/1212/1212
f 1210/1210/1210 1211/1211/1211 1216/1216/1216
f 1216/1216/1216 1208/1208/1208 1210/1210/1210
f 1211/1211/1211 1217/1217/1217 1216/1216/1216
f 1212/1212/1212 1215/1215/1215 1217/1217/1217
f 1211/1211/1211 1212/1212/1212 1217/1217/1217
f 1214/1214/1214 1213/1213/1213 1191/1191/1191
f 1213/1213/1213 1190/1190/1190 1191/1191/1191
f 1204/1204/1204 1205/1205/1205 1218/1218/1218
f 1219/1219/1219 1204/1204/1204 1218/1218/1218
f 1204/1204/1204 1219/1219/1219 1209/1209/1209
f 1219/1219/1219 1218/1218/1218 1220/1220/1220
f 1221/1221/1221 1220/1220/1220 1218/1218/1218
f 1221/1221/1221 1222/1222/1222 1220/1220/1220
f 1222/1222/1222 1223/1223/1223 1220/1220/1220
f 1222/1222/1222 1224/1224/1224 1223/1223/1223
f 1224/1224/1224 1225/1225/1225 1223/1223/1223
f 1224/1224/1224 1226/1226/1226 1225/1225/1225
f 1226/1226/1226 1227/1227/1227 1225/1225/1225
f 1227/1227/1227 1226/1226/1226 1228/1228/1228
f 1220/1220/1220 1223/1223/1223 1229/1229/1229
f 1229/1229/1229 1219/1219/1219 1220/1220/1220
f 1223/1223/1223 1230/1230/1230 1229/1229/1229
f 1231/1231/1231 1230/1230/1230 1223/1223/1223
f 1232/1232/1232 1231/1231/1231 1223/1223/1223
f 1231/1231/1231 1232/1232/1232 1233/1233/1233
f 1232/1232/1232 1234/1234/1234 1233/1233/1233
f 1230/1230/1230 1231/1231/1231 1235/1235/1235
f 1231/1231/1231 1236/1236/1236 1235/1235/1235
f 1236/1236/1236 1231/1231/1231 1233/1233/1233
f 1237/1237/1237 1236/1236/1236 1233/1233/1233
f 1233/1233/1233 1234/1234/1234 1238/1238/1238
f 1237/1237/1237 1233/1233/1233 1238/1238/1238
f 1230/1230/1230 1235/1235/1235 1239/1239/1239
f 1229/1229/1229 1230/1230/1230 1239/1239/1239
f 1239/1239/1239 1240/1240/1240 1229/1229/1229
f 1240/1240/1240 1219/1219/1219 1229/1229/1229
f 1219/1219/1219 1240/1240/1240 1209/1209/1209
f 1195/1195/1195 1213/1213/1213 1197/1197/1197
f 1213/1213/1213 1195/1195/1195 1190/1190/1190
f 1243/1243/1243 1242/1242/1242 1241/1241/1241
f 1241/1241/1241 1242/1242/1242 1244/1244/1244
f 1245/1245/1245 1241/1241/1241 1244/1244/1244
f 1245/1245/1245 1244/1244/1244 1246/1246/1246
f 1247/1247/1247 1245/1245/1245 1246/1246/1246
f 1248/1248/1248 1247/1247/1247 1246/1246/1246
f 1249/1249/1249 1248/1248/1248 1246/1246/1246
f 1250/1250/1250 1248/1248/1248 1249/1249/1249
f 1251/1251/1251 1250/1250/1250 1249/1249/1249
f 1252/1252/1252 1250/1250/1250 1251/1251/1251
f 1253/1253/1253 1252/1252/1252 1251/1251/1251
f 1254/1254/1254 1252/1252/1252 1253/1253/1253
f 1255/1255/1255 1254/1254/1254 1253/1253/1253
f 1256/1256/1256 1254/1254/1254 1255/1255/1255
f 1257/1257/1257 1256/1256/1256 1255/1255/1255
f 1249/1249/1249 1246/1246/1246 1258/1258/1258
f 1246/1246/1246 1259/1259/1259 1258/1258/1258
f 1259/1259/1259 1246/1246/1246 1244/1244/1244
f 1260/1260/1260 1259/1259/1259 1244/1244/1244
f 1257/1257/1257 1255/1255/1255 1261/1261/1261
f 1262/1262/1262 1257/1257/1257 1261/1261/1261
f 1255/1255/1255 1253/1253/1253 1263/1263/1263
f 1261/1261/1261 1255/1255/1255 1263/1263/1263
f 1258/1258/1258 1259/1259/1259 1264/1264/1264
f 1264/1264/1264 1259/1259/1259 1260/1260/1260
f 1265/1265/1265 1258/1258/1258 1264/1264/1264
f 1266/1266/1266 1264/1264/1264 1260/1260/1260
f 1266/1266/1266 1267/1267/1267 1264/1264/1264
f 1267/1267/1267 1268/1268/1268 1264/1264/1264
f 1265/1265/1265 1264/1264/1264 1268/1268/1268
f 1266/1266/1266 1260/1260/1260 1269/1269/1269
f 1270/1270/1270 1266/1266/1266 1269/1269/1269
f 1271/1271/1271 1267/1267/1267 1266/1266/1266
f 1270/1270/1270 1271/1271/1271 1266/1266/1266
f 1242/1242/1242 1269/1269/1269 1260/1260/1260
f 1244/1244/1244 1242/1242/1242 1260/1260/1260
f 1243/1243/1243 1270/1270/1270 1269/1269/1269
f 1242/1242/1242 1243/1243/1243 1269/1269/1269
f 1270/1270/1270 1243/1243/1243 1271/1271/1271
f 1272/1272/1272 1265/1265/1265 1268/1268/1268
f 1272/1272/1272 1273/1273/1273 1265/1265/1265
f 1273/1273/1273 1274/1274/1274 1265/1265/1265
f 1273/1273/1273 1275/1275/1275 1274/1274/1274
f 1275/1275/1275 1276/1276/1276 1274/1274/1274
f 1275/1275/1275 1277/1277/1277 1276/1276/1276
f 1277/1277/1277 1278/1278/1278 1276/1276/1276
f 1279/1279/1279 1278/1278/1278 1277/1277/1277
f 1280/1280/1280 1274/1274/1274 1276/1276/1276
f 1265/1265/1265 1274/1274/1274 1280/1280/1280
f 1258/1258/1258 1265/1265/1265 1280/1280/1280
f 1258/1258/1258 1280/1280/1280 1249/1249/1249
f 1280/1280/1280 1251/1251/1251 1249/1249/1249
f 1251/1251/1251 1280/1280/1280 1253/1253/1253
f 1280/1280/1280 1263/1263/1263 1253/1253/1253
f 1263/1263/1263 1280/1280/1280 1276/1276/1276
f 1263/1263/1263 1276/1276/1276 1278/1278/1278
f 1261/1261/1261 1263/1263/1263 1278/1278/1278
f 1279/1279/1279 1262/1262/1262 1278/1278/1278
f 1262/1262/1262 1261/1261/1261 1278/1278/1278
f 1262/1262/1262 1279/1279/1279 1281/1281/1281
f 1262/1262/1262 1281/1281/1281 1282/1282/1282
f 1281/1281/1281 1283/1283/1283 1282/1282/1282
f 1283/1283/1283 1284/1284/1284 1282/1282/1282
f 1282/1282/1282 1284/1284/1284 1285/1285/1285
f 1285/1285/1285 1284/1284/1284 1286/1286/1286
f 1284/1284/1284 1287/1287/1287 1286/1286/1286
f 1286/1286/1286 1287/1287/1287 1288/1288/1288
f 1289/1289/1289 1282/1282/1282 1285/1285/1285
f 1290/1290/1290 1287/1287/1287 1284/1284/1284
f 1283/1283/1283 1290/1290/1290 1284/1284/1284
f 1287/1287/1287 1290/1290/1290 1288/1288/1288
f 1262/1262/1262 1282/1282/1282 1257/1257/1257
f 1257/1257/1257 1282/1282/1282 1289/1289/1289
f 1256/1256/1256 1257/1257/1257 1289/1289/1289
f 1293/1293/1293 1292/1292/1292 1291/1291/1291
f 1293/1293/1293 1294/1294/1294 1292/1292/1292
f 1292/1292/1292 1295/1295/1295 1291/1291/1291
f 1294/1294/1294 1296/1296/1296 1292/1292/1292
f 1292/1292/1292 1296/1296/1296 1295/1295/1295
f 1296/1296/1296 1297/1297/1297 1295/1295/1295
f 1298/1298/1298 1296/1296/1296 1294/1294/1294
f 1299/1299/1299 1296/1296/1296 1298/1298/1298
f 1300/1300/1300 1296/1296/1296 1299/1299/1299
f 1297/1297/1297 1296/1296/1296 1300/1300/1300
f 1300/1300/1300 1299/1299/1299 1301/1301/1301
f 1301/1301/1301 1299/1299/1299 1302/1302/1302
f 1303/1303/1303 1302/1302/1302 1299/1299/1299
f 1298/1298/1298 1303/1303/1303 1299/1299/1299
f 1304/1304/1304 1301/1301/1301 1302/1302/1302
f 1302/1302/1302 1305/1305/1305 1304/1304/1304
f 1306/1306/1306 1302/1302/1302 1303/1303/1303
f 1303/1303/1303 1307/1307/1307 1306/1306/1306
f 1306/1306/1306 1307/1307/1307 1308/1308/1308
f 1302/1302/1302 1306/1306/1306 1309/1309/1309
f 1309/1309/1309 1306/1306/1306 1308/1308/1308
f 1302/1302/1302 1309/1309/1309 1305/1305/1305
f 1310/1310/1310 1307/1307/1307 1303/1303/1303
f 1311/1311/1311 1310/1310/1310 1303/1303/1303
f 1312/1312/1312 1310/1310/1310 1311/1311/1311
f 1313/1313/1313 1312/1312/1312 1311/1311/1311
f 1314/1314/1314 1312/1312/1312 1313/1313/1313
f 1315/1315/1315 1312/1312/1312 1314/1314/1314
f 1316/1316/1316 1315/1315/1315 1314/1314/1314
f 1317/1317/1317 1315/1315/1315 1316/1316/1316
f 1318/1318/1318 1221/1221/1221 1218/1218/1218
f 1318/1318/1318 1218/1218/1218 1205/1205/1205
f 1207/1207/1207 1318/1318/1318 1205/1205/1205
f 1321/1321/1321 1320/1320/1320 1319/1319/1319
f 1319/1319/1319 1320/1320/1320 1322/1322/1322
f 1322/1322/1322 1320/1320/1320 1323/1323/1323
f 1322/1322/1322 1323/1323/1323 1324/1324/1324
f 1324/1324/1324 1323/1323/1323 1325/1325/1325
f 1326/1326/1326 1324/1324/1324 1325/1325/1325
f 1327/1327/1327 1320/1320/1320 1321/1321/1321
f 1325/1325/1325 1328/1328/1328 1326/1326/1326
f 1328/1328/1328 1329/1329/1329 1326/1326/1326
f 1329/1329/1329 1328/1328/1328 1330/1330/1330
f 1328/1328/1328 1331/1331/1331 1330/1330/1330
f 1331/1331/1331 1332/1332/1332 1330/1330/1330
f 1335/1335/1335 1334/1334/1334 1333/1333/1333
f 1336/1336/1336 1335/1335/1335 1333/1333/1333
f 1336/1336/1336 1333/1333/1333 1337/1337/1337
f 1338/1338/1338 1334/1334/1334 1335/1335/1335
f 1341/1341/1341 1340/1340/1340 1339/1339/1339
f 1340/1340/1340 1341/1341/1341 1342/1342/1342
f 1341/1341/1341 1343/1343/1343 1342/1342/1342
f 1343/1343/1343 1344/1344/1344 1342/1342/1342
f 1343/1343/1343 1345/1345/1345 1344/1344/1344
f 1348/1348/1348 1347/1347/1347 1346/1346/1346
f 1349/1349/1349 1348/1348/1348 1346/1346/1346
f 1350/1350/1350 1346/1346/1346 1347/1347/1347
f 1351/1351/1351 1350/1350/1350 1347/1347/1347
f 1348/1348/1348 1349/1349/1349 1352/1352/1352
f 1353/1353/1353 1348/1348/1348 1352/1352/1352
f 1352/1352/1352 1354/1354/1354 1353/1353/1353
f 1354/1354/1354 1355/1355/1355 1353/1353/1353
f 1355/1355/1355 1354/1354/1354 1356/1356/1356
f 1357/1357/1357 1355/1355/1355 1356/1356/1356
f 1356/1356/1356 1358/1358/1358 1357/1357/1357
f 1358/1358/1358 1359/1359/1359 1357/1357/1357
f 1359/1359/1359 1358/1358/1358 1360/1360/1360
f 1361/1361/1361 1350/1350/1350 1351/1351/1351
f 1362/1362/1362 1361/1361/1361 1351/1351/1351
f 1363/1363/1363 1361/1361/1361 1362/1362/1362
f 1364/1364/1364 1363/1363/1363 1362/1362/1362
f 1363/1363/1363 1364/1364/1364 1365/1365/1365
f 1364/1364/1364 1366/1366/1366 1365/1365/1365
f 1366/1366/1366 1367/1367/1367 1365/1365/1365
f 1370/1370/1370 1369/1369/1369 1368/1368/1368
f 1371/1371/1371 1370/1370/1370 1368/1368/1368
f 1368/1368/1368 1372/1372/1372 1371/1371/1371
f 1372/1372/1372 1373/1373/1373 1371/1371/1371
f 1370/1370/1370 1371/1371/1371 1374/1374/1374
f 1371/1371/1371 1375/1375/1375 1374/1374/1374
f 1371/1371/1371 1373/1373/1373 1375/1375/1375
f 1375/1375/1375 1373/1373/1373 1376/1376/1376
f 1375/1375/1375 1377/1377/1377 1374/1374/1374
f 1377/1377/1377 1375/1375/1375 1376/1376/1376
f 1377/1377/1377 1378/1378/1378 1374/1374/1374
f 1378/1378/1378 1377/1377/1377 1379/1379/1379
f 1377/1377/1377 1380/1380/1380 1379/1379/1379
f 1380/1380/1380 1377/1377/1377 1376/1376/1376
f 1381/1381/1381 1380/1380/1380 1376/1376/1376
f 1381/1381/1381 1382/1382/1382 1380/1380/1380
f 1380/1380/1380 1382/1382/1382 1379/1379/1379
f 1383/1383/1383 1382/1382/1382 1381/1381/1381
f 1382/1382/1382 1383/1383/1383 1384/1384/1384
f 1385/1385/1385 1383/1383/1383 1381/1381/1381
f 1370/1370/1370 1374/1374/1374 1386/1386/1386
f 1387/1387/1387 1370/1370/1370 1386/1386/1386
f 1386/1386/1386 1388/1388/1388 1387/1387/1387
f 1388/1388/1388 1389/1389/1389 1387/1387/1387
f 1390/1390/1390 1389/1389/1389 1388/1388/1388
f 1391/1391/1391 1390/1390/1390 1388/1388/1388
f 1390/1390/1390 1391/1391/1391 1392/1392/1392
f 1390/1390/1390 1392/1392/1392 1393/1393/1393
f 1392/1392/1392 1394/1394/1394 1393/1393/1393
f 1395/1395/1395 1394/1394/1394 1392/1392/1392
f 1392/1392/1392 1396/1396/1396 1395/1395/1395
f 1391/1391/1391 1396/1396/1396 1392/1392/1392
f 1387/1387/1387 1389/1389/1389 1397/1397/1397
f 1390/1390/1390 1393/1393/1393 1397/1397/1397
f 1389/1389/1389 1390/1390/1390 1397/1397/1397
f 1398/1398/1398 1387/1387/1387 1397/1397/1397
f 1370/1370/1370 1387/1387/1387 1398/1398/1398
f 1369/1369/1369 1370/1370/1370 1398/1398/1398
f 1399/1399/1399 1383/1383/1383 1385/1385/1385
f 1383/1383/1383 1399/1399/1399 1384/1384/1384
f 1399/1399/1399 1400/1400/1400 1384/1384/1384
f 1384/1384/1384 1400/1400/1400 1401/1401/1401
f 1400/1400/1400 1402/1402/1402 1401/1401/1401
f 1401/1401/1401 1402/1402/1402 1403/1403/1403
f 1401/1401/1401 1403/1403/1403 1404/1404/1404
f 1404/1404/1404 1403/1403/1403 1405/1405/1405
f 1406/1406/1406 1404/1404/1404 1405/1405/1405
f 1407/1407/1407 1401/1401/1401 1404/1404/1404
f 1384/1384/1384 1401/1401/1401 1407/1407/1407
f 1405/1405/1405 1408/1408/1408 1406/1406/1406
f 1408/1408/1408 1405/1405/1405 1409/1409/1409
f 1405/1405/1405 1410/1410/1410 1409/1409/1409
f 1409/1409/1409 1411/1411/1411 1408/1408/1408
f 1412/1412/1412 1408/1408/1408 1411/1411/1411
f 1408/1408/1408 1412/1412/1412 1406/1406/1406
f 1402/1402/1402 1413/1413/1413 1403/1403/1403
f 1413/1413/1413 1410/1410/1410 1405/1405/1405
f 1403/1403/1403 1413/1413/1413 1405/1405/1405
f 1414/1414/1414 1384/1384/1384 1407/1407/1407
f 1382/1382/1382 1384/1384/1384 1414/1414/1414
f 1379/1379/1379 1382/1382/1382 1414/1414/1414
f 1378/1378/1378 1379/1379/1379 1415/1415/1415
f 1416/1416/1416 1378/1378/1378 1415/1415/1415
f 1416/1416/1416 1415/1415/1415 1417/1417/1417
f 1418/1418/1418 1416/1416/1416 1417/1417/1417
f 1419/1419/1419 1416/1416/1416 1418/1418/1418
f 1378/1378/1378 1416/1416/1416 1419/1419/1419
f 1420/1420/1420 1419/1419/1419 1418/1418/1418
f 1420/1420/1420 1418/1418/1418 1421/1421/1421
f 1418/1418/1418 1417/1417/1417 1421/1421/1421
f 1422/1422/1422 1420/1420/1420 1421/1421/1421
f 1421/1421/1421 1423/1423/1423 1422/1422/1422
f 1421/1421/1421 1424/1424/1424 1423/1423/1423
f 1417/1417/1417 1424/1424/1424 1421/1421/1421
f 1424/1424/1424 1425/1425/1425 1423/1423/1423
f 1425/1425/1425 1426/1426/1426 1423/1423/1423
f 1427/1427/1427 1423/1423/1423 1426/1426/1426
f 1423/1423/1423 1427/1427/1427 1422/1422/1422
f 1374/1374/1374 1378/1378/1378 1419/1419/1419
f 1430/1430/1430 1429/1429/1429 1428/1428/1428
f 1431/1431/1431 1430/1430/1430 1428/1428/1428
f 1432/1432/1432 1428/1428/1428 1429/1429/1429
f 1433/1433/1433 1432/1432/1432 1429/1429/1429
f 1430/1430/1430 1431/1431/1431 1434/1434/1434
f 1431/1431/1431 1435/1435/1435 1434/1434/1434
f 1436/1436/1436 1434/1434/1434 1435/1435/1435
f 1437/1437/1437 1436/1436/1436 1435/1435/1435
f 1436/1436/1436 1437/1437/1437 1438/1438/1438
f 1439/1439/1439 1436/1436/1436 1438/1438/1438
f 1440/1440/1440 1439/1439/1439 1438/1438/1438
f 1441/1441/1441 1432/1432/1432 1433/1433/1433
f 1432/1432/1432 1441/1441/1441 1442/1442/1442
f 1443/1443/1443 1432/1432/1432 1442/1442/1442
f 1444/1444/1444 1441/1441/1441 1433/1433/1433
f 1431/1431/1431 1445/1445/1445 1435/1435/1435
f 1445/1445/1445 1446/1446/1446 1435/1435/1435
f 1445/1445/1445 1447/1447/1447 1446/1446/1446
f 1447/1447/1447 1445/1445/1445 1448/1448/1448
f 1448/1448/1448 1449/1449/1449 1447/1447/1447
f 1450/1450/1450 1449/1449/1449 1448/1448/1448
f 1451/1451/1451 1450/1450/1450 1448/1448/1448
f 1449/1449/1449 1452/1452/1452 1447/1447/1447
f 1451/1451/1451 1448/1448/1448 1453/1453/1453
f 1443/1443/1443 1451/1451/1451 1453/1453/1453
f 1445/1445/1445 1453/1453/1453 1448/1448/1448
f 1447/1447/1447 1454/1454/1454 1446/1446/1446
f 1455/1455/1455 1446/1446/1446 1454/1454/1454
f 1456/1456/1456 1455/1455/1455 1454/1454/1454
f 1435/1435/1435 1446/1446/1446 1455/1455/1455
f 1437/1437/1437 1435/1435/1435 1455/1455/1455
f 1443/1443/1443 1453/1453/1453 1457/1457/1457
f 1458/1458/1458 1443/1443/1443 1457/1457/1457
f 1457/1457/1457 1453/1453/1453 1431/1431/1431
f 1453/1453/1453 1445/1445/1445 1431/1431/1431
f 1459/1459/1459 1451/1451/1451 1443/1443/1443
f 1450/1450/1450 1451/1451/1451 1459/1459/1459
f 1442/1442/1442 1459/1459/1459 1443/1443/1443
f 1459/1459/1459 1442/1442/1442 1460/1460/1460
f 1442/1442/1442 1461/1461/1461 1460/1460/1460
f 1460/1460/1460 1461/1461/1461 1462/1462/1462
f 1461/1461/1461 1463/1463/1463 1462/1462/1462
f 1462/1462/1462 1464/1464/1464 1460/1460/1460
f 1464/1464/1464 1465/1465/1465 1460/1460/1460
f 1459/1459/1459 1460/1460/1460 1465/1465/1465
f 1465/1465/1465 1464/1464/1464 1466/1466/1466
f 1467/1467/1467 1465/1465/1465 1466/1466/1466
f 1467/1467/1467 1466/1466/1466 1468/1468/1468
f 1469/1469/1469 1467/1467/1467 1468/1468/1468
f 1469/1469/1469 1468/1468/1468 1470/1470/1470
f 1471/1471/1471 1469/1469/1469 1470/1470/1470
f 1472/1472/1472 1471/1471/1471 1470/1470/1470
f 1473/1473/1473 1472/1472/1472 1470/1470/1470
f 1474/1474/1474 1472/1472/1472 1473/1473/1473
f 1475/1475/1475 1474/1474/1474 1473/1473/1473
f 1473/1473/1473 1476/1476/1476 1475/1475/1475
f 1476/1476/1476 1477/1477/1477 1475/1475/1475
f 1470/1470/1470 1468/1468/1468 1478/1478/1478
f 1473/1473/1473 1470/1470/1470 1478/1478/1478
f 1476/1476/1476 1473/1473/1473 1478/1478/1478
f 1478/1478/1478 1479/1479/1479 1476/1476/1476
f 1479/1479/1479 1480/1480/1480 1476/1476/1476
f 1477/1477/1477 1476/1476/1476 1480/1480/1480
f 1468/1468/1468 1481/1481/1481 1478/1478/1478
f 1481/1481/1481 1468/1468/1468 1466/1466/1466
f 1478/1478/1478 1481/1481/1481 1479/1479/1479
f 1482/1482/1482 1477/1477/1477 1480/1480/1480
f 1482/1482/1482 1480/1480/1480 1483/1483/1483
f 1484/1484/1484 1482/1482/1482 1483/1483/1483
f 1484/1484/1484 1483/1483/1483 1485/1485/1485
f 1486/1486/1486 1484/1484/1484 1485/1485/1485
f 1486/1486/1486 1485/1485/1485 1487/1487/1487
f 1488/1488/1488 1487/1487/1487 1485/1485/1485
f 1489/1489/1489 1488/1488/1488 1485/1485/1485
f 1485/1485/1485 1483/1483/1483 1489/1489/1489
f 1490/1490/1490 1486/1486/1486 1487/1487/1487
f 1488/1488/1488 1491/1491/1491 1487/1487/1487
f 1492/1492/1492 1491/1491/1491 1488/1488/1488
f 1493/1493/1493 1492/1492/1492 1488/1488/1488
f 1493/1493/1493 1488/1488/1488 1489/1489/1489
f 1494/1494/1494 1492/1492/1492 1493/1493/1493
f 1495/1495/1495 1494/1494/1494 1493/1493/1493
f 1495/1495/1495 1493/1493/1493 1496/1496/1496
f 1496/1496/1496 1493/1493/1493 1489/1489/1489
f 1497/1497/1497 1495/1495/1495 1496/1496/1496
f 1496/1496/1496 1489/1489/1489 1498/1498/1498
f 1483/1483/1483 1498/1498/1498 1489/1489/1489
f 1499/1499/1499 1496/1496/1496 1498/1498/1498
f 1496/1496/1496 1499/1499/1499 1497/1497/1497
f 1499/1499/1499 1498/1498/1498 1479/1479/1479
f 1500/1500/1500 1499/1499/1499 1479/1479/1479
f 1501/1501/1501 1499/1499/1499 1500/1500/1500
f 1499/1499/1499 1501/1501/1501 1497/1497/1497
f 1502/1502/1502 1501/1501/1501 1500/1500/1500
f 1501/1501/1501 1502/1502/1502 1503/1503/1503
f 1504/1504/1504 1503/1503/1503 1502/1502/1502
f 1505/1505/1505 1504/1504/1504 1502/1502/1502
f 1505/1505/1505 1502/1502/1502 1500/1500/1500
f 1506/1506/1506 1501/1501/1501 1503/1503/1503
f 1497/1497/1497 1501/1501/1501 1506/1506/1506
f 1503/1503/1503 1504/1504/1504 1507/1507/1507
f 1463/1463/1463 1507/1507/1507 1504/1504/1504
f 1507/1507/1507 1463/1463/1463 1508/1508/1508
f 1509/1509/1509 1507/1507/1507 1508/1508/1508
f 1510/1510/1510 1507/1507/1507 1509/1509/1509
f 1510/1510/1510 1503/1503/1503 1507/1507/1507
f 1503/1503/1503 1510/1510/1510 1506/1506/1506
f 1511/1511/1511 1510/1510/1510 1509/1509/1509
f 1462/1462/1462 1463/1463/1463 1504/1504/1504
f 1504/1504/1504 1505/1505/1505 1462/1462/1462
f 1508/1508/1508 1512/1512/1512 1509/1509/1509
f 1512/1512/1512 1513/1513/1513 1509/1509/1509
f 1511/1511/1511 1509/1509/1509 1513/1513/1513
f 1514/1514/1514 1511/1511/1511 1513/1513/1513
f 1514/1514/1514 1515/1515/1515 1511/1511/1511
f 1515/1515/1515 1516/1516/1516 1511/1511/1511
f 1506/1506/1506 1510/1510/1510 1516/1516/1516
f 1510/1510/1510 1511/1511/1511 1516/1516/1516
f 1517/1517/1517 1516/1516/1516 1515/1515/1515
f 1518/1518/1518 1517/1517/1517 1515/1515/1515
f 1519/1519/1519 1506/1506/1506 1516/1516/1516
f 1517/1517/1517 1519/1519/1519 1516/1516/1516
f 1519/1519/1519 1497/1497/1497 1506/1506/1506
f 1519/1519/1519 1495/1495/1495 1497/1497/1497
f 1518/1518/1518 1520/1520/1520 1517/1517/1517
f 1520/1520/1520 1519/1519/1519 1517/1517/1517
f 1519/1519/1519 1520/1520/1520 1495/1495/1495
f 1495/1495/1495 1520/1520/1520 1494/1494/1494
f 1505/1505/1505 1464/1464/1464 1462/1462/1462
f 1464/1464/1464 1505/1505/1505 1521/1521/1521
f 1466/1466/1466 1464/1464/1464 1521/1521/1521
f 1521/1521/1521 1481/1481/1481 1466/1466/1466
f 1521/1521/1521 1500/1500/1500 1481/1481/1481
f 1521/1521/1521 1505/1505/1505 1500/1500/1500
f 1500/1500/1500 1479/1479/1479 1481/1481/1481
f 1479/1479/1479 1498/1498/1498 1480/1480/1480
f 1498/1498/1498 1483/1483/1483 1480/1480/1480
f 1524/1524/1524 1523/1523/1523 1522/1522/1522
f 1527/1527/1527 1526/1526/1526 1525/1525/1525
f 1530/1530/1530 1529/1529/1529 1528/1528/1528
f 1533/1533/1533 1532/1532/1532 1531/1531/1531
f 1534/1534/1534 1533/1533/1533 1531/1531/1531
f 1531/1531/1531 1532/1532/1532 1535/1535/1535
f 1536/1536/1536 1531/1531/1531 1535/1535/1535
f 1537/1537/1537 1536/1536/1536 1535/1535/1535
f 1532/1532/1532 1538/1538/1538 1535/1535/1535
f 1539/1539/1539 1535/1535/1535 1538/1538/1538
f 1540/1540/1540 1539/1539/1539 1538/1538/1538
f 1541/1541/1541 1537/1537/1537 1535/1535/1535
f 1539/1539/1539 1541/1541/1541 1535/1535/1535
f 1531/1531/1531 1536/1536/1536 1542/1542/1542
f 1534/1534/1534 1531/1531/1531 1542/1542/1542
f 1543/1543/1543 1539/1539/1539 1540/1540/1540
f 1544/1544/1544 1543/1543/1543 1540/1540/1540
f 1545/1545/1545 1541/1541/1541 1539/1539/1539
f 1543/1543/1543 1545/1545/1545 1539/1539/1539
f 1533/1533/1533 1534/1534/1534 1546/1546/1546
f 1534/1534/1534 1547/1547/1547 1546/1546/1546
f 1548/1548/1548 1546/1546/1546 1547/1547/1547
f 1549/1549/1549 1548/1548/1548 1547/1547/1547
f 1549/1549/1549 1547/1547/1547 1550/1550/1550
f 1547/1547/1547 1551/1551/1551 1550/1550/1550
f 1534/1534/1534 1542/1542/1542 1551/1551/1551
f 1547/1547/1547 1534/1534/1534 1551/1551/1551
f 1548/1548/1548 1549/1549/1549 1552/1552/1552
f 1549/1549/1549 1553/1553/1553 1552/1552/1552
f 1549/1549/1549 1550/1550/1550 1554/1554/1554
f 1553/1553/1553 1549/1549/1549 1554/1554/1554
f 1552/1552/1552 1553/1553/1553 1555/1555/1555
f 1553/1553/1553 1554/1554/1554 1555/1555/1555
f 1556/1556/1556 1552/1552/1552 1555/1555/1555
f 1554/1554/1554 1557/1557/1557 1555/1555/1555
f 1558/1558/1558 1543/1543/1543 1544/1544/1544
f 1558/1558/1558 1545/1545/1545 1543/1543/1543
f 1561/1561/1561 1560/1560/1560 1559/1559/1559
f 1562/1562/1562 1560/1560/1560 1561/1561/1561
f 1562/1562/1562 1561/1561/1561 1563/1563/1563
f 1564/1564/1564 1562/1562/1562 1563/1563/1563
f 1564/1564/1564 1563/1563/1563 1565/1565/1565
f 1566/1566/1566 1564/1564/1564 1565/1565/1565
f 1566/1566/1566 1565/1565/1565 1567/1567/1567
f 1568/1568/1568 1566/1566/1566 1567/1567/1567
f 1568/1568/1568 1567/1567/1567 1569/1569/1569
f 1567/1567/1567 1570/1570/1570 1569/1569/1569
f 1570/1570/1570 1571/1571/1571 1569/1569/1569
f 1571/1571/1571 1572/1572/1572 1569/1569/1569
f 1572/1572/1572 1571/1571/1571 1573/1573/1573
f 1574/1574/1574 1572/1572/1572 1573/1573/1573
f 1574/1574/1574 1573/1573/1573 1575/1575/1575
f 1576/1576/1576 1574/1574/1574 1575/1575/1575
f 1576/1576/1576 1575/1575/1575 1577/1577/1577
f 1578/1578/1578 1560/1560/1560 1562/1562/1562
f 1581/1581/1581 1580/1580/1580 1579/1579/1579
f 1582/1582/1582 1581/1581/1581 1579/1579/1579
f 1579/1579/1579 1580/1580/1580 1583/1583/1583
f 1580/1580/1580 1584/1584/1584 1583/1583/1583
f 1581/1581/1581 1582/1582/1582 1585/1585/1585
f 1583/1583/1583 1584/1584/1584 1586/1586/1586
f 1584/1584/1584 1587/1587/1587 1586/1586/1586
f 1586/1586/1586 1587/1587/1587 1588/1588/1588
f 1589/1589/1589 1586/1586/1586 1588/1588/1588
f 1592/1592/1592 1591/1591/1591 1590/1590/1590
f 1593/1593/1593 1592/1592/1592 1590/1590/1590
f 1590/1590/1590 1591/1591/1591 1594/1594/1594
f 1591/1591/1591 1595/1595/1595 1594/1594/1594
f 1592/1592/1592 1593/1593/1593 1596/1596/1596
f 1595/1595/1595 1597/1597/1597 1594/1594/1594
f 1597/1597/1597 1598/1598/1598 1594/1594/1594
f 1597/1597/1597 1599/1599/1599 1598/1598/1598
f 1599/1599/1599 1600/1600/1600 1598/1598/1598
f 1603/1603/1603 1602/1602/1602 1601/1601/1601
f 1604/1604/1604 1603/1603/1603 1601/1601/1601
f 1601/1601/1601 1602/1602/1602 1605/1605/1605
f 1602/1602/1602 1606/1606/1606 1605/1605/1605
f 1603/1603/1603 1604/1604/1604 1607/1607/1607
f 1605/1605/1605 1606/1606/1606 1608/1608/1608
f 1606/1606/1606 1609/1609/1609 1608/1608/1608
f 1609/1609/1609 1610/1610/1610 1608/1608/1608
f 1610/1610/1610 1611/1611/1611 1608/1608/1608
f 1612/1612/1612 1610/1610/1610 1609/1609/1609
f 1615/1615/1615 1614/1614/1614 1613/1613/1613
f 1616/1616/1616 1615/1615/1615 1613/1613/1613
f 1617/1617/1617 1613/1613/1613 1614/1614/1614
f 1618/1618/1618 1617/1617/1617 1614/1614/1614
f 1615/1615/1615 1616/1616/1616 1619/1619/1619
f 1615/1615/1615 1619/1619/1619 1620/1620/1620
f 1619/1619/1619 1621/1621/1621 1620/1620/1620
f 1622/1622/1622 1621/1621/1621 1619/1619/1619
f 1619/1619/1619 1623/1623/1623 1622/1622/1622
f 1616/1616/1616 1623/1623/1623 1619/1619/1619
f 1618/1618/1618 1614/1614/1614 1624/1624/1624
f 1614/1614/1614 1625/1625/1625 1624/1624/1624
f 1615/1615/1615 1620/1620/1620 1625/1625/1625
f 1614/1614/1614 1615/1615/1615 1625/1625/1625
f 1618/1618/1618 1624/1624/1624 1626/1626/1626
f 1627/1627/1627 1618/1618/1618 1626/1626/1626
f 1617/1617/1617 1618/1618/1618 1627/1627/1627
f 1627/1627/1627 1626/1626/1626 1628/1628/1628
f 1626/1626/1626 1629/1629/1629 1628/1628/1628
f 1627/1627/1627 1628/1628/1628 1630/1630/1630
f 1631/1631/1631 1627/1627/1627 1630/1630/1630
f 1631/1631/1631 1617/1617/1617 1627/1627/1627
f 1634/1634/1634 1633/1633/1633 1632/1632/1632
f 1635/1635/1635 1634/1634/1634 1632/1632/1632
f 1635/1635/1635 1632/1632/1632 1636/1636/1636
f 1637/1637/1637 1635/1635/1635 1636/1636/1636
f 1633/1633/1633 1634/1634/1634 1638/1638/1638
f 1636/1636/1636 1639/1639/1639 1637/1637/1637
f 1639/1639/1639 1640/1640/1640 1637/1637/1637
f 1639/1639/1639 1641/1641/1641 1640/1640/1640
f 1641/1641/1641 1642/1642/1642 1640/1640/1640
f 1642/1642/1642 1641/1641/1641 1643/1643/1643
f 1641/1641/1641 1644/1644/1644 1643/1643/1643
f 1647/1647/1647 1646/1646/1646 1645/1645/1645
f 1648/1648/1648 1647/1647/1647 1645/1645/1645
f 1649/1649/1649 1647/1647/1647 1648/1648/1648
f 1650/1650/1650 1649/1649/1649 1648/1648/1648
f 1649/1649/1649 1650/1650/1650 1651/1651/1651
f 1650/1650/1650 1652/1652/1652 1651/1651/1651
f 1651/1651/1651 1652/1652/1652 1653/1653/1653
f 1652/1652/1652 1654/1654/1654 1653/1653/1653
f 1655/1655/1655 1653/1653/1653 1654/1654/1654
f 1656/1656/1656 1655/1655/1655 1654/1654/1654
f 1655/1655/1655 1656/1656/1656 1657/1657/1657
f 1656/1656/1656 1658/1658/1658 1657/1657/1657
f 1657/1657/1657 1658/1658/1658 1659/1659/1659
f 1656/1656/1656 1660/1660/1660 1658/1658/1658
f 1661/1661/1661 1660/1660/1660 1656/1656/1656
f 1654/1654/1654 1661/1661/1661 1656/1656/1656
f 1661/1661/1661 1662/1662/1662 1660/1660/1660
f 1661/1661/1661 1663/1663/1663 1662/1662/1662
f 1654/1654/1654 1652/1652/1652 1663/1663/1663
f 1661/1661/1661 1654/1654/1654 1663/1663/1663
f 1663/1663/1663 1664/1664/1664 1662/1662/1662
f 1662/1662/1662 1665/1665/1665 1660/1660/1660
f 1665/1665/1665 1662/1662/1662 1666/1666/1666
f 1662/1662/1662 1664/1664/1664 1666/1666/1666
f 1664/1664/1664 1667/1667/1667 1666/1666/1666
f 1667/1667/1667 1668/1668/1668 1666/1666/1666
f 1666/1666/1666 1668/1668/1668 1669/1669/1669
f 1665/1665/1665 1666/1666/1666 1669/1669/1669
f 1668/1668/1668 1670/1670/1670 1669/1669/1669
f 1668/1668/1668 1671/1671/1671 1670/1670/1670
f 1671/1671/1671 1672/1672/1672 1670/1670/1670
f 1673/1673/1673 1670/1670/1670 1672/1672/1672
f 1674/1674/1674 1673/1673/1673 1672/1672/1672
f 1670/1670/1670 1673/1673/1673 1675/1675/1675
f 1669/1669/1669 1670/1670/1670 1675/1675/1675
f 1668/1668/1668 1667/1667/1667 1676/1676/1676
f 1671/1671/1671 1668/1668/1668 1676/1676/1676
f 1676/1676/1676 1677/1677/1677 1671/1671/1671
f 1677/1677/1677 1676/1676/1676 1678/1678/1678
f 1676/1676/1676 1679/1679/1679 1678/1678/1678
f 1678/1678/1678 1680/1680/1680 1677/1677/1677
f 1680/1680/1680 1681/1681/1681 1677/1677/1677
f 1680/1680/1680 1682/1682/1682 1681/1681/1681
f 1682/1682/1682 1683/1683/1683 1681/1681/1681
f 1677/1677/1677 1684/1684/1684 1671/1671/1671
f 1684/1684/1684 1677/1677/1677 1681/1681/1681
f 1685/1685/1685 1684/1684/1684 1681/1681/1681
f 1681/1681/1681 1683/1683/1683 1685/1685/1685
f 1683/1683/1683 1686/1686/1686 1685/1685/1685
f 1686/1686/1686 1683/1683/1683 1687/1687/1687
f 1688/1688/1688 1686/1686/1686 1687/1687/1687
f 1683/1683/1683 1682/1682/1682 1689/1689/1689
f 1687/1687/1687 1683/1683/1683 1689/1689/1689
f 1687/1687/1687 1689/1689/1689 1690/1690/1690
f 1689/1689/1689 1691/1691/1691 1690/1690/1690
f 1692/1692/1692 1691/1691/1691 1689/1689/1689
f 1693/1693/1693 1692/1692/1692 1689/1689/1689
f 1693/1693/1693 1689/1689/1689 1682/1682/1682
f 1687/1687/1687 1690/1690/1690 1694/1694/1694
f 1688/1688/1688 1687/1687/1687 1694/1694/1694
f 1695/1695/1695 1691/1691/1691 1692/1692/1692
f 1696/1696/1696 1695/1695/1695 1692/1692/1692
f 1697/1697/1697 1690/1690/1690 1691/1691/1691
f 1695/1695/1695 1697/1697/1697 1691/1691/1691
f 1698/1698/1698 1694/1694/1694 1690/1690/1690
f 1697/1697/1697 1698/1698/1698 1690/1690/1690
f 1695/1695/1695 1696/1696/1696 1699/1699/1699
f 1696/1696/1696 1700/1700/1700 1699/1699/1699
f 1695/1695/1695 1699/1699/1699 1701/1701/1701
f 1697/1697/1697 1695/1695/1695 1701/1701/1701
f 1702/1702/1702 1699/1699/1699 1700/1700/1700
f 1703/1703/1703 1702/1702/1702 1700/1700/1700
f 1704/1704/1704 1701/1701/1701 1699/1699/1699
f 1702/1702/1702 1704/1704/1704 1699/1699/1699
f 1697/1697/1697 1701/1701/1701 1705/1705/1705
f 1698/1698/1698 1697/1697/1697 1705/1705/1705
f 1701/1701/1701 1704/1704/1704 1706/1706/1706
f 1705/1705/1705 1701/1701/1701 1706/1706/1706
f 1707/1707/1707 1706/1706/1706 1704/1704/1704
f 1708/1708/1708 1707/1707/1707 1704/1704/1704
f 1708/1708/1708 1704/1704/1704 1702/1702/1702
f 1709/1709/1709 1702/1702/1702 1703/1703/1703
f 1709/1709/1709 1708/1708/1708 1702/1702/1702
f 1708/1708/1708 1709/1709/1709 1710/1710/1710
f 1709/1709/1709 1711/1711/1711 1710/1710/1710
f 1709/1709/1709 1712/1712/1712 1711/1711/1711
f 1712/1712/1712 1709/1709/1709 1703/1703/1703
f 1712/1712/1712 1713/1713/1713 1711/1711/1711
f 1708/1708/1708 1710/1710/1710 1714/1714/1714
f 1707/1707/1707 1708/1708/1708 1714/1714/1714
f 1710/1710/1710 1711/1711/1711 1715/1715/1715
f 1711/1711/1711 1716/1716/1716 1715/1715/1715
f 1716/1716/1716 1717/1717/1717 1715/1715/1715
f 1717/1717/1717 1718/1718/1718 1715/1715/1715
f 1711/1711/1711 1713/1713/1713 1719/1719/1719
f 1716/1716/1716 1711/1711/1711 1719/1719/1719
f 1716/1716/1716 1719/1719/1719 1720/1720/1720
f 1717/1717/1717 1716/1716/1716 1720/1720/1720
f 1715/1715/1715 1718/1718/1718 1721/1721/1721
f 1710/1710/1710 1715/1715/1715 1721/1721/1721
f 1714/1714/1714 1710/1710/1710 1721/1721/1721
f 1718/1718/1718 1722/1722/1722 1721/1721/1721
f 1720/1720/1720 1723/1723/1723 1717/1717/1717
f 1723/1723/1723 1724/1724/1724 1717/1717/1717
f 1723/1723/1723 1725/1725/1725 1724/1724/1724
f 1725/1725/1725 1726/1726/1726 1724/1724/1724
f 1725/1725/1725 1727/1727/1727 1726/1726/1726
f 1727/1727/1727 1728/1728/1728 1726/1726/1726
f 1727/1727/1727 1729/1729/1729 1728/1728/1728
f 1729/1729/1729 1730/1730/1730 1728/1728/1728
f 1729/1729/1729 1731/1731/1731 1730/1730/1730
f 1731/1731/1731 1732/1732/1732 1730/1730/1730
f 1730/1730/1730 1732/1732/1732 1733/1733/1733
f 1732/1732/1732 1734/1734/1734 1733/1733/1733
f 1735/1735/1735 1728/1728/1728 1730/1730/1730
f 1733/1733/1733 1735/1735/1735 1730/1730/1730
f 1736/1736/1736 1726/1726/1726 1728/1728/1728
f 1735/1735/1735 1736/1736/1736 1728/1728/1728
f 1737/1737/1737 1732/1732/1732 1731/1731/1731
f 1737/1737/1737 1734/1734/1734 1732/1732/1732
f 1736/1736/1736 1738/1738/1738 1726/1726/1726
f 1738/1738/1738 1739/1739/1739 1726/1726/1726
f 1738/1738/1738 1722/1722/1722 1739/1739/1739
f 1722/1722/1722 1718/1718/1718 1739/1739/1739
f 1717/1717/1717 1740/1740/1740 1718/1718/1718
f 1742/1742/1742 1741/1741/1741 1663/1663/1663
f 1663/1663/1663 1652/1652/1652 1742/1742/1742
f 1652/1652/1652 1650/1650/1650 1742/1742/1742
f 1650/1650/1650 1648/1648/1648 1742/1742/1742
f 1648/1648/1648 1679/1679/1679 1742/1742/1742
f 1741/1741/1741 1742/1742/1742 1679/1679/1679
f 1741/1741/1741 1679/1679/1679 1743/1743/1743
f 1648/1648/1648 1645/1645/1645 1679/1679/1679
f 1645/1645/1645 1678/1678/1678 1679/1679/1679
f 1744/1744/1744 1678/1678/1678 1645/1645/1645
f 1744/1744/1744 1680/1680/1680 1678/1678/1678
f 1680/1680/1680 1744/1744/1744 1745/1745/1745
f 1682/1682/1682 1680/1680/1680 1745/1745/1745
f 1745/1745/1745 1693/1693/1693 1682/1682/1682
f 1746/1746/1746 1744/1744/1744 1645/1645/1645
f 1746/1746/1746 1645/1645/1645 1646/1646/1646
f 1746/1746/1746 1747/1747/1747 1744/1744/1744
f 1747/1747/1747 1748/1748/1748 1744/1744/1744
f 1748/1748/1748 1747/1747/1747 1749/1749/1749
f 1750/1750/1750 1748/1748/1748 1749/1749/1749
f 1749/1749/1749 1751/1751/1751 1750/1750/1750
f 1679/1679/1679 1676/1676/1676 1743/1743/1743
f 1743/1743/1743 1676/1676/1676 1752/1752/1752
f 1676/1676/1676 1667/1667/1667 1752/1752/1752
f 1752/1752/1752 1667/1667/1667 1664/1664/1664
f 1741/1741/1741 1752/1752/1752 1664/1664/1664
f 1741/1741/1741 1664/1664/1664 1663/1663/1663
f 1755/1755/1755 1754/1754/1754 1753/1753/1753
f 1756/1756/1756 1755/1755/1755 1753/1753/1753
f 1757/1757/1757 1753/1753/1753 1754/1754/1754
f 1758/1758/1758 1757/1757/1757 1754/1754/1754
f 1754/1754/1754 1755/1755/1755 1759/1759/1759
f 1755/1755/1755 1760/1760/1760 1759/1759/1759
f 1759/1759/1759 1760/1760/1760 1761/1761/1761
f 1760/1760/1760 1762/1762/1762 1761/1761/1761
f 1763/1763/1763 1758/1758/1758 1754/1754/1754
f 1759/1759/1759 1763/1763/1763 1754/1754/1754
f 1759/1759/1759 1764/1764/1764 1763/1763/1763
f 1759/1759/1759 1761/1761/1761 1764/1764/1764
f 1756/1756/1756 1753/1753/1753 1672/1672/1672
f 1671/1671/1671 1756/1756/1756 1672/1672/1672
f 1674/1674/1674 1672/1672/1672 1753/1753/1753
f 1757/1757/1757 1674/1674/1674 1753/1753/1753
f 1761/1761/1761 1762/1762/1762 1765/1765/1765
f 1762/1762/1762 1766/1766/1766 1765/1765/1765
f 1767/1767/1767 1764/1764/1764 1761/1761/1761
f 1765/1765/1765 1767/1767/1767 1761/1761/1761
f 1767/1767/1767 1765/1765/1765 1768/1768/1768
f 1765/1765/1765 1766/1766/1766 1768/1768/1768
f 1764/1764/1764 1769/1769/1769 1763/1763/1763
f 1770/1770/1770 1769/1769/1769 1764/1764/1764
f 1772/1772/1772 1771/1771/1771 1665/1665/1665
f 1773/1773/1773 1772/1772/1772 1665/1665/1665
f 1772/1772/1772 1774/1774/1774 1771/1771/1771
f 1774/1774/1774 1775/1775/1775 1771/1771/1771
f 1775/1775/1775 1774/1774/1774 1776/1776/1776
f 1777/1777/1777 1775/1775/1775 1776/1776/1776
f 1773/1773/1773 1665/1665/1665 1669/1669/1669
f 1675/1675/1675 1773/1773/1773 1669/1669/1669
f 1778/1778/1778 1775/1775/1775 1777/1777/1777
f 1778/1778/1778 1777/1777/1777 1779/1779/1779
f 1658/1658/1658 1778/1778/1778 1779/1779/1779
f 1778/1778/1778 1660/1660/1660 1775/1775/1775
f 1778/1778/1778 1658/1658/1658 1660/1660/1660
f 1660/1660/1660 1771/1771/1771 1775/1775/1775
f 1665/1665/1665 1771/1771/1771 1660/1660/1660
f 1779/1779/1779 1659/1659/1659 1658/1658/1658
f 1782/1782/1782 1781/1781/1781 1780/1780/1780
f 1781/1781/1781 1783/1783/1783 1780/1780/1780
f 1783/1783/1783 1784/1784/1784 1780/1780/1780
f 1784/1784/1784 1783/1783/1783 1785/1785/1785
f 1788/1788/1788 1787/1787/1787 1786/1786/1786
f 1788/1788/1788 1789/1789/1789 1787/1787/1787
f 1788/1788/1788 1790/1790/1790 1789/1789/1789
f 1790/1790/1790 1791/1791/1791 1789/1789/1789
f 1791/1791/1791 1792/1792/1792 1789/1789/1789
f 1792/1792/1792 1791/1791/1791 1793/1793/1793
f 1791/1791/1791 1794/1794/1794 1793/1793/1793
f 1793/1793/1793 1794/1794/1794 1795/1795/1795
f 1798/1798/1798 1797/1797/1797 1796/1796/1796
f 1801/1801/1801 1800/1800/1800 1799/1799/1799
f 1802/1802/1802 1801/1801/1801 1799/1799/1799
f 1799/1799/1799 1800/1800/1800 1803/1803/1803
f 1800/1800/1800 1804/1804/1804 1803/1803/1803
f 1805/1805/1805 1801/1801/1801 1802/1802/1802
f 1806/1806/1806 1805/1805/1805 1802/1802/1802
f 1805/1805/1805 1806/1806/1806 1807/1807/1807
f 1803/1803/1803 1804/1804/1804 1808/1808/1808
f 1804/1804/1804 1809/1809/1809 1808/1808/1808
f 1808/1808/1808 1809/1809/1809 1810/1810/1810
f 1809/1809/1809 1811/1811/1811 1810/1810/1810
f 1810/1810/1810 1811/1811/1811 1812/1812/1812
f 1811/1811/1811 1813/1813/1813 1812/1812/1812
f 1812/1812/1812 1813/1813/1813 1814/1814/1814
f 1813/1813/1813 1815/1815/1815 1814/1814/1814
f 1814/1814/1814 1815/1815/1815 1816/1816/1816
f 1815/1815/1815 1817/1817/1817 1816/1816/1816
f 1818/1818/1818 1814/1814/1814 1816/1816/1816
f 1818/1818/1818 1816/1816/1816 1819/1819/1819
f 1820/1820/1820 1818/1818/1818 1819/1819/1819
f 1820/1820/1820 1819/1819/1819 1821/1821/1821
f 1822/1822/1822 1820/1820/1820 1821/1821/1821
f 1821/1821/1821 1819/1819/1819 1823/1823/1823
f 1819/1819/1819 1824/1824/1824 1823/1823/1823
f 1824/1824/1824 1819/1819/1819 1816/1816/1816
f 1817/1817/1817 1824/1824/1824 1816/1816/1816
f 1827/1827/1827 1826/1826/1826 1825/1825/1825
f 1827/1827/1827 1825/1825/1825 1828/1828/1828
f 1829/1829/1829 1827/1827/1827 1828/1828/1828
f 1829/1829/1829 1828/1828/1828 1830/1830/1830
f 1831/1831/1831 1829/1829/1829 1830/1830/1830
f 1831/1831/1831 1830/1830/1830 1832/1832/1832
f 1830/1830/1830 1833/1833/1833 1832/1832/1832
f 1832/1832/1832 1833/1833/1833 1834/1834/1834
f 1833/1833/1833 1835/1835/1835 1834/1834/1834
f 1836/1836/1836 1834/1834/1834 1835/1835/1835
f 1837/1837/1837 1836/1836/1836 1835/1835/1835
f 1828/1828/1828 1825/1825/1825 1838/1838/1838
f 1830/1830/1830 1828/1828/1828 1838/1838/1838
f 1825/1825/1825 1839/1839/1839 1838/1838/1838
f 1840/1840/1840 1830/1830/1830 1838/1838/1838
f 1833/1833/1833 1830/1830/1830 1840/1840/1840
f 1841/1841/1841 1833/1833/1833 1840/1840/1840
f 1833/1833/1833 1841/1841/1841 1835/1835/1835
f 1837/1837/1837 1835/1835/1835 1842/1842/1842
f 1843/1843/1843 1837/1837/1837 1842/1842/1842
f 1844/1844/1844 1837/1837/1837 1843/1843/1843
f 1845/1845/1845 1836/1836/1836 1837/1837/1837
f 1844/1844/1844 1845/1845/1845 1837/1837/1837
f 1847/1847/1847 1839/1839/1839 1846/1846/1846
f 1846/1846/1846 1839/1839/1839 1825/1825/1825
f 1846/1846/1846 1825/1825/1825 1848/1848/1848
f 1826/1826/1826 1848/1848/1848 1825/1825/1825
f 1826/1826/1826 1827/1827/1827 1849/1849/1849
f 1852/1852/1852 1851/1851/1851 1850/1850/1850
f 1853/1853/1853 1851/1851/1851 1852/1852/1852
f 1856/1856/1856 1855/1855/1855 1854/1854/1854
f 1859/1859/1859 1858/1858/1858 1857/1857/1857
f 1860/1860/1860 1859/1859/1859 1857/1857/1857
f 1861/1861/1861 1859/1859/1859 1860/1860/1860
f 1862/1862/1862 1861/1861/1861 1860/1860/1860
f 1862/1862/1862 1863/1863/1863 1861/1861/1861
f 1857/1857/1857 1858/1858/1858 1864/1864/1864
f 1864/1864/1864 1865/1865/1865 1857/1857/1857
f 1866/1866/1866 1865/1865/1865 1864/1864/1864
f 1869/1869/1869 1868/1868/1868 1867/1867/1867
f 1870/1870/1870 1869/1869/1869 1867/1867/1867
f 1867/1867/1867 1868/1868/1868 1871/1871/1871
f 1874/1874/1874 1873/1873/1873 1872/1872/1872
f 1877/1877/1877 1876/1876/1876 1875/1875/1875
f 1880/1880/1880 1879/1879/1879 1878/1878/1878
f 1883/1883/1883 1882/1882/1882 1881/1881/1881
f 1886/1886/1886 1885/1885/1885 1884/1884/1884
f 1887/1887/1887 1886/1886/1886 1884/1884/1884
f 1885/1885/1885 1886/1886/1886 1888/1888/1888
f 1889/1889/1889 1885/1885/1885 1888/1888/1888
f 1888/1888/1888 1886/1886/1886 1890/1890/1890
f 1886/1886/1886 1891/1891/1891 1890/1890/1890
f 1891/1891/1891 1886/1886/1886 1887/1887/1887
f 1889/1889/1889 1888/1888/1888 1892/1892/1892
f 1893/1893/1893 1889/1889/1889 1892/1892/1892
f 1892/1892/1892 1894/1894/1894 1893/1893/1893
f 1894/1894/1894 1892/1892/1892 1895/1895/1895
f 1888/1888/1888 1890/1890/1890 1895/1895/1895
f 1892/1892/1892 1888/1888/1888 1895/1895/1895
f 1896/1896/1896 1894/1894/1894 1895/1895/1895
f 1897/1897/1897 1894/1894/1894 1896/1896/1896
f 1898/1898/1898 1894/1894/1894 1897/1897/1897
f 1894/1894/1894 1898/1898/1898 1893/1893/1893
f 1899/1899/1899 1898/1898/1898 1897/1897/1897
f 1899/1899/1899 1897/1897/1897 1900/1900/1900
f 1897/1897/1897 1901/1901/1901 1900/1900/1900
f 1901/1901/1901 1897/1897/1897 1896/1896/1896
f 1901/1901/1901 1902/1902/1902 1900/1900/1900
f 1903/1903/1903 1899/1899/1899 1900/1900/1900
f 1900/1900/1900 1904/1904/1904 1903/1903/1903
f 1904/1904/1904 1900/1900/1900 1902/1902/1902
f 1904/1904/1904 1905/1905/1905 1903/1903/1903
f 1906/1906/1906 1905/1905/1905 1904/1904/1904
f 1904/1904/1904 1907/1907/1907 1906/1906/1906
f 1907/1907/1907 1904/1904/1904 1902/1902/1902
f 1910/1910/1910 1909/1909/1909 1908/1908/1908
f 1911/1911/1911 1910/1910/1910 1908/1908/1908
f 1912/1912/1912 1910/1910/1910 1911/1911/1911
f 1913/1913/1913 1912/1912/1912 1911/1911/1911
f 1912/1912/1912 1913/1913/1913 1914/1914/1914
f 1913/1913/1913 1915/1915/1915 1914/1914/1914
f 1916/1916/1916 1914/1914/1914 1915/1915/1915
f 1917/1917/1917 1916/1916/1916 1915/1915/1915
f 1918/1918/1918 1916/1916/1916 1917/1917/1917
f 1919/1919/1919 1918/1918/1918 1917/1917/1917
f 1920/1920/1920 1918/1918/1918 1919/1919/1919
f 1921/1921/1921 1920/1920/1920 1919/1919/1919
f 1921/1921/1921 1922/1922/1922 1920/1920/1920
f 1922/1922/1922 1923/1923/1923 1920/1920/1920
f 1924/1924/1924 1923/1923/1923 1922/1922/1922
f 1909/1909/1909 1926/1926/1926 1925/1925/1925
f 1908/1908/1908 1909/1909/1909 1925/1925/1925
f 1928/1928/1928 1887/1887/1887 1927/1927/1927
f 1929/1929/1929 1928/1928/1928 1927/1927/1927
f 1930/1930/1930 1927/1927/1927 1887/1887/1887
f 1884/1884/1884 1930/1930/1930 1887/1887/1887
f 1928/1928/1928 1891/1891/1891 1887/1887/1887
f 1933/1933/1933 1932/1932/1932 1931/1931/1931
f 1934/1934/1934 1933/1933/1933 1931/1931/1931
f 1935/1935/1935 1932/1932/1932 1933/1933/1933
f 1936/1936/1936 1935/1935/1935 1933/1933/1933
f 1936/1936/1936 1933/1933/1933 1937/1937/1937
f 1938/1938/1938 1936/1936/1936 1937/1937/1937
f 1934/1934/1934 1931/1931/1931 1939/1939/1939
f 1940/1940/1940 1934/1934/1934 1939/1939/1939
f 1934/1934/1934 1940/1940/1940 1941/1941/1941
f 1942/1942/1942 1934/1934/1934 1941/1941/1941
f 1942/1942/1942 1937/1937/1937 1933/1933/1933
f 1934/1934/1934 1942/1942/1942 1933/1933/1933
f 1935/1935/1935 1936/1936/1936 1943/1943/1943
f 1936/1936/1936 1938/1938/1938 1943/1943/1943
f 1944/1944/1944 1935/1935/1935 1943/1943/1943
f 1944/1944/1944 1943/1943/1943 1945/1945/1945
f 1946/1946/1946 1944/1944/1944 1945/1945/1945
f 1943/1943/1943 1947/1947/1947 1945/1945/1945
f 1938/1938/1938 1947/1947/1947 1943/1943/1943
f 1947/1947/1947 1948/1948/1948 1945/1945/1945
f 1945/1945/1945 1949/1949/1949 1946/1946/1946
f 1945/1945/1945 1948/1948/1948 1949/1949/1949
f 1949/1949/1949 1950/1950/1950 1946/1946/1946
f 1950/1950/1950 1949/1949/1949 1951/1951/1951
f 1952/1952/1952 1950/1950/1950 1951/1951/1951
f 1951/1951/1951 1949/1949/1949 1953/1953/1953
f 1948/1948/1948 1953/1953/1953 1949/1949/1949
f 1954/1954/1954 1951/1951/1951 1953/1953/1953
f 1951/1951/1951 1955/1955/1955 1952/1952/1952
f 1951/1951/1951 1954/1954/1954 1955/1955/1955
f 1955/1955/1955 1956/1956/1956 1952/1952/1952
f 1957/1957/1957 1956/1956/1956 1955/1955/1955
f 1957/1957/1957 1955/1955/1955 1958/1958/1958
f 1954/1954/1954 1958/1958/1958 1955/1955/1955
f 1961/1961/1961 1960/1960/1960 1959/1959/1959
f 1962/1962/1962 1961/1961/1961 1959/1959/1959
f 1960/1960/1960 1961/1961/1961 1963/1963/1963
f 1964/1964/1964 1960/1960/1960 1963/1963/1963
f 1962/1962/1962 1959/1959/1959 1965/1965/1965
f 1959/1959/1959 1966/1966/1966 1965/1965/1965
f 1964/1964/1964 1963/1963/1963 1967/1967/1967
f 1968/1968/1968 1964/1964/1964 1967/1967/1967
f 1968/1968/1968 1967/1967/1967 1969/1969/1969
f 1967/1967/1967 1970/1970/1970 1969/1969/1969
f 1969/1969/1969 1970/1970/1970 1971/1971/1971
f 1970/1970/1970 1972/1972/1972 1971/1971/1971
f 1971/1971/1971 1972/1972/1972 1973/1973/1973
f 1974/1974/1974 1971/1971/1971 1973/1973/1973
f 1973/1973/1973 1975/1975/1975 1974/1974/1974
f 1975/1975/1975 1976/1976/1976 1974/1974/1974
f 1977/1977/1977 1976/1976/1976 1975/1975/1975
f 1980/1980/1980 1979/1979/1979 1978/1978/1978
f 1981/1981/1981 1980/1980/1980 1978/1978/1978
f 1978/1978/1978 1982/1982/1982 1981/1981/1981
f 1982/1982/1982 1983/1983/1983 1981/1981/1981
f 1982/1982/1982 1984/1984/1984 1983/1983/1983
f 1984/1984/1984 1985/1985/1985 1983/1983/1983
f 1985/1985/1985 1984/1984/1984 1986/1986/1986
f 1987/1987/1987 1985/1985/1985 1986/1986/1986
f 1987/1987/1987 1986/1986/1986 1988/1988/1988
f 1989/1989/1989 1987/1987/1987 1988/1988/1988
f 1988/1988/1988 1990/1990/1990 1989/1989/1989
f 1990/1990/1990 1991/1991/1991 1989/1989/1989
f 1991/1991/1991 1990/1990/1990 1992/1992/1992
f 1993/1993/1993 1991/1991/1991 1992/1992/1992
f 1992/1992/1992 1994/1994/1994 1993/1993/1993
f 1994/1994/1994 1995/1995/1995 1993/1993/1993
f 1996/1996/1996 1995/1995/1995 1994/1994/1994
f 1997/1997/1997 1996/1996/1996 1994/1994/1994
f 1998/1998/1998 1996/1996/1996 1997/1997/1997
f 1999/1999/1999 1998/1998/1998 1997/1997/1997
f 1998/1998/1998 1999/1999/1999 2000/2000/2000
f 1999/1999/1999 2001/2001/2001 2000/2000/2000
f 2002/2002/2002 2000/2000/2000 2001/2001/2001
f 2005/2005/2005 2004/2004/2004 2003/2003/2003
f 2006/2006/2006 2005/2005/2005 2003/2003/2003
f 2006/2006/2006 2003/2003/2003 2007/2007/2007
f 2008/2008/2008 2006/2006/2006 2007/2007/2007
f 2009/2009/2009 2008/2008/2008 2007/2007/2007
f 2010/2010/2010 2008/2008/2008 2009/2009/2009
f 2011/2011/2011 2010/2010/2010 2009/2009/2009
f 2003/2003/2003 2012/2012/2012 2007/2007/2007
f 2010/2010/2010 2013/2013/2013 2008/2008/2008
f 2014/2014/2014 2013/2013/2013 2010/2010/2010
f 2015/2015/2015 2014/2014/2014 2010/2010/2010
f 2010/2010/2010 2011/2011/2011 2015/2015/2015
f 2016/2016/2016 2014/2014/2014 2015/2015/2015
f 2017/2017/2017 2016/2016/2016 2015/2015/2015
f 2013/2013/2013 2018/2018/2018 2008/2008/2008
f 2018/2018/2018 2005/2005/2005 2006/2006/2006
f 2008/2008/2008 2018/2018/2018 2006/2006/2006
f 2015/2015/2015 2019/2019/2019 2017/2017/2017
f 2011/2011/2011 2019/2019/2019 2015/2015/2015
f 2019/2019/2019 2020/2020/2020 2017/2017/2017
f 2021/2021/2021 2017/2017/2017 2020/2020/2020
f 2022/2022/2022 2021/2021/2021 2020/2020/2020
f 2023/2023/2023 2016/2016/2016 2017/2017/2017
f 2021/2021/2021 2023/2023/2023 2017/2017/2017
f 2024/2024/2024 2023/2023/2023 2021/2021/2021
f 2025/2025/2025 2024/2024/2024 2021/2021/2021
f 2021/2021/2021 2022/2022/2022 2025/2025/2025
f 2022/2022/2022 2026/2026/2026 2025/2025/2025
f 2025/2025/2025 2026/2026/2026 2027/2027/2027
f 2025/2025/2025 2027/2027/2027 2024/2024/2024
f 2026/2026/2026 2028/2028/2028 2027/2027/2027
f 2027/2027/2027 2029/2029/2029 2024/2024/2024
f 2027/2027/2027 2030/2030/2030 2029/2029/2029
f 2027/2027/2027 2028/2028/2028 2030/2030/2030
f 2030/2030/2030 2031/2031/2031 2029/2029/2029
f 2031/2031/2031 2030/2030/2030 2032/2032/2032
f 2033/2033/2033 2031/2031/2031 2032/2032/2032
f 2032/2032/2032 2034/2034/2034 2033/2033/2033
f 2034/2034/2034 2032/2032/2032 2035/2035/2035
f 2032/2032/2032 2036/2036/2036 2035/2035/2035
f 2032/2032/2032 2030/2030/2030 2036/2036/2036
f 2034/2034/2034 2037/2037/2037 2033/2033/2033
f 2034/2034/2034 2038/2038/2038 2037/2037/2037
f 2034/2034/2034 2035/2035/2035 2038/2038/2038
f 2028/2028/2028 2039/2039/2039 2030/2030/2030
f 2030/2030/2030 2039/2039/2039 2036/2036/2036
f 2042/2042/2042 2041/2041/2041 2040/2040/2040
f 2043/2043/2043 2042/2042/2042 2040/2040/2040
f 2044/2044/2044 2042/2042/2042 2043/2043/2043
f 2045/2045/2045 2044/2044/2044 2043/2043/2043
f 2044/2044/2044 2046/2046/2046 2042/2042/2042
f 2046/2046/2046 2047/2047/2047 2042/2042/2042
f 2045/2045/2045 2043/2043/2043 1472/1472/1472
f 1474/1474/1474 2045/2045/2045 1472/1472/1472
f 2040/2040/2040 2041/2041/2041 2048/2048/2048
f 2041/2041/2041 2049/2049/2049 2048/2048/2048
f 2049/2049/2049 2041/2041/2041 2050/2050/2050
f 2041/2041/2041 2051/2051/2051 2050/2050/2050
f 2050/2050/2050 2051/2051/2051 2052/2052/2052
f 2051/2051/2051 2053/2053/2053 2052/2052/2052
f 2049/2049/2049 2050/2050/2050 2054/2054/2054
f 2055/2055/2055 2049/2049/2049 2054/2054/2054
f 2048/2048/2048 2049/2049/2049 2055/2055/2055
f 2056/2056/2056 2054/2054/2054 2050/2050/2050
f 2052/2052/2052 2056/2056/2056 2050/2050/2050
f 2056/2056/2056 2052/2052/2052 2057/2057/2057
f 2052/2052/2052 2058/2058/2058 2057/2057/2057
f 2052/2052/2052 2053/2053/2053 2058/2058/2058
f 2053/2053/2053 2059/2059/2059 2058/2058/2058
f 2060/2060/2060 2058/2058/2058 2059/2059/2059
f 2061/2061/2061 2060/2060/2060 2059/2059/2059
f 2062/2062/2062 2060/2060/2060 2061/2061/2061
f 2063/2063/2063 2062/2062/2062 2061/2061/2061
f 2064/2064/2064 2048/2048/2048 2055/2055/2055
f 2064/2064/2064 2055/2055/2055 2065/2065/2065
f 2065/2065/2065 2055/2055/2055 2066/2066/2066
f 2055/2055/2055 2067/2067/2067 2066/2066/2066
f 2054/2054/2054 2067/2067/2067 2055/2055/2055
f 2066/2066/2066 2067/2067/2067 2068/2068/2068
f 2067/2067/2067 2069/2069/2069 2068/2068/2068
f 2069/2069/2069 2067/2067/2067 2054/2054/2054
f 2056/2056/2056 2069/2069/2069 2054/2054/2054
f 2069/2069/2069 2056/2056/2056 2070/2070/2070
f 2056/2056/2056 2071/2071/2071 2070/2070/2070
f 2072/2072/2072 2070/2070/2070 2071/2071/2071
f 2073/2073/2073 2072/2072/2072 2071/2071/2071
f 2074/2074/2074 2072/2072/2072 2073/2073/2073
f 2075/2075/2075 2074/2074/2074 2073/2073/2073
f 2076/2076/2076 2064/2064/2064 2065/2065/2065
f 2064/2064/2064 2076/2076/2076 1467/1467/1467
f 1467/1467/1467 1469/1469/1469 2064/2064/2064
f 1469/1469/1469 2048/2048/2048 2064/2064/2064
f 2076/2076/2076 1465/1465/1465 1467/1467/1467
f 2076/2076/2076 1459/1459/1459 1465/1465/1465
f 1469/1469/1469 1471/1471/1471 2048/2048/2048
f 1471/1471/1471 2040/2040/2040 2048/2048/2048
f 2043/2043/2043 2040/2040/2040 1471/1471/1471
f 1472/1472/1472 2043/2043/2043 1471/1471/1471
f 2072/2072/2072 2077/2077/2077 2070/2070/2070
f 2072/2072/2072 2074/2074/2074 2078/2078/2078
f 2077/2077/2077 2072/2072/2072 2078/2078/2078
f 1450/1450/1450 1459/1459/1459 2076/2076/2076
f 2065/2065/2065 1450/1450/1450 2076/2076/2076
f 1449/1449/1449 1450/1450/1450 2065/2065/2065
f 2066/2066/2066 1449/1449/1449 2065/2065/2065
f 1452/1452/1452 1449/1449/1449 2066/2066/2066
f 2068/2068/2068 1452/1452/1452 2066/2066/2066
f 1452/1452/1452 2068/2068/2068 2079/2079/2079
f 2068/2068/2068 2080/2080/2080 2079/2079/2079
f 2081/2081/2081 2079/2079/2079 2080/2080/2080
f 2082/2082/2082 2081/2081/2081 2080/2080/2080
f 1452/1452/1452 2079/2079/2079 1447/1447/1447
f 2079/2079/2079 2083/2083/2083 1447/1447/1447
f 2079/2079/2079 2081/2081/2081 2083/2083/2083
f 2081/2081/2081 2084/2084/2084 2083/2083/2083
f 2081/2081/2081 2085/2085/2085 2084/2084/2084
f 2081/2081/2081 2082/2082/2082 2085/2085/2085
f 2085/2085/2085 2086/2086/2086 2084/2084/2084
f 2085/2085/2085 2087/2087/2087 2086/2086/2086
f 2087/2087/2087 2088/2088/2088 2086/2086/2086
f 2087/2087/2087 2089/2089/2089 2088/2088/2088
f 2089/2089/2089 2090/2090/2090 2088/2088/2088
f 2085/2085/2085 2091/2091/2091 2087/2087/2087
f 2082/2082/2082 2091/2091/2091 2085/2085/2085
f 2091/2091/2091 2092/2092/2092 2087/2087/2087
f 2089/2089/2089 2087/2087/2087 2092/2092/2092
f 2093/2093/2093 2090/2090/2090 2089/2089/2089
f 2089/2089/2089 2094/2094/2094 2093/2093/2093
f 2094/2094/2094 2089/2089/2089 2092/2092/2092
f 2097/2097/2097 2096/2096/2096 2095/2095/2095
f 2098/2098/2098 2097/2097/2097 2095/2095/2095
f 2098/2098/2098 2099/2099/2099 2097/2097/2097
f 2099/2099/2099 2100/2100/2100 2097/2097/2097
f 2096/2096/2096 2097/2097/2097 2047/2047/2047
f 2097/2097/2097 2100/2100/2100 2047/2047/2047
f 2046/2046/2046 2096/2096/2096 2047/2047/2047
f 2100/2100/2100 2101/2101/2101 2047/2047/2047
f 2042/2042/2042 2047/2047/2047 2101/2101/2101
f 2041/2041/2041 2042/2042/2042 2101/2101/2101
f 2102/2102/2102 2099/2099/2099 2098/2098/2098
f 2103/2103/2103 2102/2102/2102 2098/2098/2098
f 2102/2102/2102 2103/2103/2103 2104/2104/2104
f 2105/2105/2105 2102/2102/2102 2104/2104/2104
f 2104/2104/2104 2103/2103/2103 2106/2106/2106
f 2103/2103/2103 2107/2107/2107 2106/2106/2106
f 2107/2107/2107 2103/2103/2103 2098/2098/2098
f 2106/2106/2106 2108/2108/2108 2104/2104/2104
f 2108/2108/2108 2105/2105/2105 2104/2104/2104
f 2095/2095/2095 2107/2107/2107 2098/2098/2098
f 2111/2111/2111 2110/2110/2110 2109/2109/2109
f 2112/2112/2112 2111/2111/2111 2109/2109/2109
f 2111/2111/2111 2112/2112/2112 2113/2113/2113
f 2114/2114/2114 2111/2111/2111 2113/2113/2113
f 2113/2113/2113 2115/2115/2115 2114/2114/2114
f 2115/2115/2115 2116/2116/2116 2114/2114/2114
f 2115/2115/2115 2117/2117/2117 2116/2116/2116
f 2117/2117/2117 2118/2118/2118 2116/2116/2116
f 2119/2119/2119 2118/2118/2118 2117/2117/2117
f 2109/2109/2109 2110/2110/2110 2120/2120/2120
f 2123/2123/2123 2122/2122/2122 2121/2121/2121
f 2124/2124/2124 2123/2123/2123 2121/2121/2121
f 2122/2122/2122 2125/2125/2125 2121/2121/2121
f 2125/2125/2125 2126/2126/2126 2121/2121/2121
f 2121/2121/2121 2126/2126/2126 2127/2127/2127
f 2126/2126/2126 2128/2128/2128 2127/2127/2127
f 2129/2129/2129 2126/2126/2126 2125/2125/2125
f 2129/2129/2129 2128/2128/2128 2126/2126/2126
f 2123/2123/2123 2124/2124/2124 2130/2130/2130
f 2124/2124/2124 2131/2131/2131 2130/2130/2130
f 2131/2131/2131 2124/2124/2124 2132/2132/2132
f 2124/2124/2124 2133/2133/2133 2132/2132/2132
f 2133/2133/2133 2124/2124/2124 2121/2121/2121
f 2127/2127/2127 2133/2133/2133 2121/2121/2121
f 2131/2131/2131 2132/2132/2132 1437/1437/1437
f 1455/1455/1455 2131/2131/2131 1437/1437/1437
f 2131/2131/2131 1455/1455/1455 1456/1456/1456
f 2130/2130/2130 2131/2131/2131 1456/1456/1456
f 1491/1491/1491 2134/2134/2134 1487/1487/1487
f 2135/2135/2135 1487/1487/1487 2134/2134/2134
f 2136/2136/2136 2135/2135/2135 2134/2134/2134
f 2135/2135/2135 1490/1490/1490 1487/1487/1487
f 2139/2139/2139 2138/2138/2138 2137/2137/2137
f 2140/2140/2140 2139/2139/2139 2137/2137/2137
f 2139/2139/2139 2140/2140/2140 2063/2063/2063
f 2140/2140/2140 2062/2062/2062 2063/2063/2063
f 2137/2137/2137 2138/2138/2138 2141/2141/2141
f 2138/2138/2138 2142/2142/2142 2141/2141/2141
f 2143/2143/2143 2141/2141/2141 2142/2142/2142
f 2146/2146/2146 2145/2145/2145 2144/2144/2144
f 2145/2145/2145 2147/2147/2147 2144/2144/2144
f 2145/2145/2145 2146/2146/2146 2148/2148/2148
f 2149/2149/2149 2145/2145/2145 2148/2148/2148
f 2147/2147/2147 2145/2145/2145 2149/2149/2149
f 2148/2148/2148 2150/2150/2150 2149/2149/2149
f 2150/2150/2150 2151/2151/2151 2149/2149/2149
f 2149/2149/2149 2151/2151/2151 2152/2152/2152
f 2153/2153/2153 2149/2149/2149 2152/2152/2152
f 2153/2153/2153 2147/2147/2147 2149/2149/2149
f 2152/2152/2152 2151/2151/2151 2075/2075/2075
f 2151/2151/2151 2074/2074/2074 2075/2075/2075
f 2078/2078/2078 2074/2074/2074 2151/2151/2151
f 2150/2150/2150 2078/2078/2078 2151/2151/2151
f 2069/2069/2069 2070/2070/2070 2154/2154/2154
f 2068/2068/2068 2069/2069/2069 2154/2154/2154
f 2077/2077/2077 2154/2154/2154 2070/2070/2070
f 2157/2157/2157 2156/2156/2156 2155/2155/2155
f 2158/2158/2158 2157/2157/2157 2155/2155/2155
f 2159/2159/2159 2155/2155/2155 2156/2156/2156
f 2159/2159/2159 2156/2156/2156 2160/2160/2160
f 2160/2160/2160 2161/2161/2161 2159/2159/2159
f 2162/2162/2162 2160/2160/2160 2156/2156/2156
f 2157/2157/2157 2158/2158/2158 2163/2163/2163
f 2164/2164/2164 2157/2157/2157 2163/2163/2163
f 2165/2165/2165 2164/2164/2164 2163/2163/2163
f 2164/2164/2164 2166/2166/2166 2157/2157/2157
f 2164/2164/2164 2167/2167/2167 2166/2166/2166
f 2167/2167/2167 2168/2168/2168 2166/2166/2166
f 2168/2168/2168 2167/2167/2167 2169/2169/2169
f 2169/2169/2169 2170/2170/2170 2168/2168/2168
f 2168/2168/2168 2170/2170/2170 2171/2171/2171
f 2168/2168/2168 2171/2171/2171 2166/2166/2166
f 2171/2171/2171 2170/2170/2170 2172/2172/2172
f 2170/2170/2170 2173/2173/2173 2172/2172/2172
f 2171/2171/2171 2174/2174/2174 2166/2166/2166
f 2175/2175/2175 2174/2174/2174 2171/2171/2171
f 2169/2169/2169 2176/2176/2176 2170/2170/2170
f 2177/2177/2177 2166/2166/2166 2174/2174/2174
f 2157/2157/2157 2166/2166/2166 2177/2177/2177
f 2156/2156/2156 2157/2157/2157 2177/2177/2177
f 2175/2175/2175 2171/2171/2171 2178/2178/2178
f 2171/2171/2171 2179/2179/2179 2178/2178/2178
f 2171/2171/2171 2172/2172/2172 2179/2179/2179
f 2180/2180/2180 2170/2170/2170 2176/2176/2176
f 2180/2180/2180 2181/2181/2181 2170/2170/2170
f 2170/2170/2170 2181/2181/2181 2173/2173/2173
f 2182/2182/2182 2180/2180/2180 2176/2176/2176
f 2185/2185/2185 2184/2184/2184 2183/2183/2183
f 2186/2186/2186 2185/2185/2185 2183/2183/2183
f 2187/2187/2187 2183/2183/2183 2184/2184/2184
f 2188/2188/2188 2187/2187/2187 2184/2184/2184
f 2189/2189/2189 2187/2187/2187 2188/2188/2188
f 2190/2190/2190 2189/2189/2189 2188/2188/2188
f 2189/2189/2189 2190/2190/2190 2191/2191/2191
f 2192/2192/2192 2185/2185/2185 2186/2186/2186
f 2193/2193/2193 2192/2192/2192 2186/2186/2186
f 2192/2192/2192 2193/2193/2193 2194/2194/2194
f 2193/2193/2193 2195/2195/2195 2194/2194/2194
f 2194/2194/2194 2195/2195/2195 2196/2196/2196
f 2195/2195/2195 2197/2197/2197 2196/2196/2196
f 2196/2196/2196 2197/2197/2197 2198/2198/2198
f 2201/2201/2201 2200/2200/2200 2199/2199/2199
f 2202/2202/2202 2201/2201/2201 2199/2199/2199
f 2199/2199/2199 2203/2203/2203 2202/2202/2202
f 2204/2204/2204 2202/2202/2202 2203/2203/2203
f 2203/2203/2203 2205/2205/2205 2204/2204/2204
f 2206/2206/2206 2205/2205/2205 2203/2203/2203
f 2204/2204/2204 2207/2207/2207 2202/2202/2202
f 2207/2207/2207 2208/2208/2208 2202/2202/2202
f 2208/2208/2208 2209/2209/2209 2202/2202/2202
f 2205/2205/2205 2206/2206/2206 2210/2210/2210
f 2209/2209/2209 2208/2208/2208 2211/2211/2211
f 2212/2212/2212 2209/2209/2209 2211/2211/2211
f 2213/2213/2213 2212/2212/2212 2211/2211/2211
f 2214/2214/2214 2213/2213/2213 2211/2211/2211
f 2215/2215/2215 2213/2213/2213 2214/2214/2214
f 2216/2216/2216 2215/2215/2215 2214/2214/2214
f 2217/2217/2217 2215/2215/2215 2216/2216/2216
f 2220/2220/2220 2219/2219/2219 2218/2218/2218
f 2221/2221/2221 2220/2220/2220 2218/2218/2218
f 2220/2220/2220 2221/2221/2221 2222/2222/2222
f 2221/2221/2221 2223/2223/2223 2222/2222/2222
f 2222/2222/2222 2223/2223/2223 2224/2224/2224
f 2223/2223/2223 2225/2225/2225 2224/2224/2224
f 2226/2226/2226 2224/2224/2224 2225/2225/2225
f 2227/2227/2227 2226/2226/2226 2225/2225/2225
f 2226/2226/2226 2227/2227/2227 2228/2228/2228
f 2229/2229/2229 2218/2218/2218 2219/2219/2219
f 2230/2230/2230 2229/2229/2229 2219/2219/2219
f 2229/2229/2229 2231/2231/2231 2218/2218/2218
f 2230/2230/2230 2232/2232/2232 2229/2229/2229
f 2230/2230/2230 2233/2233/2233 2232/2232/2232
f 2236/2236/2236 2235/2235/2235 2234/2234/2234
f 2237/2237/2237 2236/2236/2236 2234/2234/2234
f 2237/2237/2237 2234/2234/2234 2238/2238/2238
f 2239/2239/2239 2237/2237/2237 2238/2238/2238
f 2240/2240/2240 2235/2235/2235 2236/2236/2236
f 2239/2239/2239 2238/2238/2238 2241/2241/2241
f 2242/2242/2242 2239/2239/2239 2241/2241/2241
f 2243/2243/2243 2242/2242/2242 2241/2241/2241
f 2244/2244/2244 2243/2243/2243 2241/2241/2241
f 2243/2243/2243 2244/2244/2244 2245/2245/2245
f 2248/2248/2248 2247/2247/2247 2246/2246/2246
f 2248/2248/2248 2249/2249/2249 2247/2247/2247
f 2250/2250/2250 2249/2249/2249 2248/2248/2248
f 2251/2251/2251 2249/2249/2249 2250/2250/2250
f 2248/2248/2248 2252/2252/2252 2250/2250/2250
f 2250/2250/2250 2252/2252/2252 2253/2253/2253
f 2251/2251/2251 2254/2254/2254 2249/2249/2249
f 2251/2251/2251 2255/2255/2255 2254/2254/2254
f 2252/2252/2252 2256/2256/2256 2253/2253/2253
f 2259/2259/2259 2258/2258/2258 2257/2257/2257
f 2262/2262/2262 2261/2261/2261 2260/2260/2260
f 2263/2263/2263 2262/2262/2262 2260/2260/2260
f 2261/2261/2261 2264/2264/2264 2260/2260/2260
f 2261/2261/2261 2265/2265/2265 2264/2264/2264
f 2268/2268/2268 2267/2267/2267 2266/2266/2266
f 2269/2269/2269 2267/2267/2267 2268/2268/2268
f 2266/2266/2266 2267/2267/2267 2270/2270/2270
f 2267/2267/2267 2271/2271/2271 2270/2270/2270
f 2272/2272/2272 2267/2267/2267 2269/2269/2269
f 2273/2273/2273 2272/2272/2272 2269/2269/2269
f 2274/2274/2274 2272/2272/2272 2273/2273/2273
f 2266/2266/2266 2270/2270/2270 2275/2275/2275
f 2276/2276/2276 2266/2266/2266 2275/2275/2275
f 2276/2276/2276 2275/2275/2275 2277/2277/2277
f 2280/2280/2280 2279/2279/2279 2278/2278/2278
f 2283/2283/2283 2282/2282/2282 2281/2281/2281
f 2286/2286/2286 2285/2285/2285 2284/2284/2284
f 2289/2289/2289 2288/2288/2288 2287/2287/2287
f 2289/2289/2289 2290/2290/2290 2288/2288/2288
f 2290/2290/2290 2291/2291/2291 2288/2288/2288
f 2290/2290/2290 2292/2292/2292 2291/2291/2291
f 2292/2292/2292 2293/2293/2293 2291/2291/2291
f 2292/2292/2292 2200/2200/2200 2293/2293/2293
f 2200/2200/2200 2201/2201/2201 2293/2293/2293
f 2296/2296/2296 2295/2295/2295 2294/2294/2294
f 2297/2297/2297 2296/2296/2296 2294/2294/2294
f 2298/2298/2298 2295/2295/2295 2296/2296/2296
f 2299/2299/2299 2298/2298/2298 2296/2296/2296
f 2300/2300/2300 2298/2298/2298 2299/2299/2299
f 2297/2297/2297 2294/2294/2294 2301/2301/2301
f 2302/2302/2302 2297/2297/2297 2301/2301/2301
f 2301/2301/2301 2303/2303/2303 2302/2302/2302
f 2303/2303/2303 2304/2304/2304 2302/2302/2302
f 2303/2303/2303 2305/2305/2305 2304/2304/2304
f 2305/2305/2305 2306/2306/2306 2304/2304/2304
f 2309/2309/2309 2308/2308/2308 2307/2307/2307
f 2310/2310/2310 2309/2309/2309 2307/2307/2307
f 2311/2311/2311 2309/2309/2309 2310/2310/2310
f 2314/2314/2314 2313/2313/2313 2312/2312/2312
f 2317/2317/2317 2316/2316/2316 2315/2315/2315
f 2320/2320/2320 2319/2319/2319 2318/2318/2318
f 2323/2323/2323 2322/2322/2322 2321/2321/2321
f 2326/2326/2326 2325/2325/2325 2324/2324/2324
f 2329/2329/2329 2328/2328/2328 2327/2327/2327
f 2332/2332/2332 2331/2331/2331 2330/2330/2330
f 2335/2335/2335 2334/2334/2334 2333/2333/2333
f 2334/2334/2334 2336/2336/2336 2333/2333/2333
f 2336/2336/2336 2334/2334/2334 2337/2337/2337
f 2338/2338/2338 2336/2336/2336 2337/2337/2337
f 2338/2338/2338 2337/2337/2337 2339/2339/2339
f 2337/2337/2337 2340/2340/2340 2339/2339/2339
f 2339/2339/2339 2340/2340/2340 2341/2341/2341
f 2340/2340/2340 2342/2342/2342 2341/2341/2341
f 2343/2343/2343 2341/2341/2341 2342/2342/2342
f 2344/2344/2344 2343/2343/2343 2342/2342/2342
f 2343/2343/2343 2344/2344/2344 2345/2345/2345
f 2344/2344/2344 2346/2346/2346 2345/2345/2345
f 2346/2346/2346 2347/2347/2347 2345/2345/2345
f 2350/2350/2350 2349/2349/2349 2348/2348/2348
f 2351/2351/2351 2350/2350/2350 2348/2348/2348
f 2350/2350/2350 2351/2351/2351 2352/2352/2352
f 2351/2351/2351 2353/2353/2353 2352/2352/2352
f 2354/2354/2354 2352/2352/2352 2353/2353/2353
f 2355/2355/2355 2354/2354/2354 2353/2353/2353
f 2354/2354/2354 2355/2355/2355 2356/2356/2356
f 2355/2355/2355 2357/2357/2357 2356/2356/2356
f 2358/2358/2358 2356/2356/2356 2357/2357/2357
f 2348/2348/2348 2349/2349/2349 2359/2359/2359
f 2359/2359/2359 2349/2349/2349 2360/2360/2360
f 2359/2359/2359 2360/2360/2360 2361/2361/2361
f 2362/2362/2362 2359/2359/2359 2361/2361/2361
f 2365/2365/2365 2364/2364/2364 2363/2363/2363
f 2366/2366/2366 2365/2365/2365 2363/2363/2363
f 2363/2363/2363 2364/2364/2364 2367/2367/2367
f 2364/2364/2364 2368/2368/2368 2367/2367/2367
f 2369/2369/2369 2367/2367/2367 2368/2368/2368
f 2370/2370/2370 2369/2369/2369 2368/2368/2368
f 2370/2370/2370 2371/2371/2371 2369/2369/2369
f 2371/2371/2371 2372/2372/2372 2369/2369/2369
f 2372/2372/2372 2371/2371/2371 2373/2373/2373
f 2374/2374/2374 2365/2365/2365 2366/2366/2366
f 2375/2375/2375 2374/2374/2374 2366/2366/2366
f 2374/2374/2374 2375/2375/2375 2376/2376/2376
f 2379/2379/2379 2378/2378/2378 2377/2377/2377
f 2380/2380/2380 2379/2379/2379 2377/2377/2377
f 2379/2379/2379 2380/2380/2380 2381/2381/2381
f 2380/2380/2380 2382/2382/2382 2381/2381/2381
f 2383/2383/2383 2381/2381/2381 2382/2382/2382
f 2384/2384/2384 2383/2383/2383 2382/2382/2382
f 2377/2377/2377 2378/2378/2378 2385/2385/2385
f 2383/2383/2383 2384/2384/2384 2386/2386/2386
f 2384/2384/2384 2387/2387/2387 2386/2386/2386
f 2388/2388/2388 2386/2386/2386 2387/2387/2387
f 2389/2389/2389 2388/2388/2388 2387/2387/2387
f 2388/2388/2388 2389/2389/2389 2390/2390/2390
f 2393/2393/2393 2392/2392/2392 2391/2391/2391
f 2392/2392/2392 2394/2394/2394 2391/2391/2391
f 2395/2395/2395 2394/2394/2394 2392/2392/2392
f 2396/2396/2396 2395/2395/2395 2392/2392/2392
f 2397/2397/2397 2396/2396/2396 2392/2392/2392
f 2393/2393/2393 2397/2397/2397 2392/2392/2392
f 2395/2395/2395 2396/2396/2396 2398/2398/2398
f 2396/2396/2396 2399/2399/2399 2398/2398/2398
f 2396/2396/2396 2397/2397/2397 2399/2399/2399
f 2400/2400/2400 2398/2398/2398 2399/2399/2399
f 2401/2401/2401 2400/2400/2400 2399/2399/2399
f 2397/2397/2397 2402/2402/2402 2399/2399/2399
f 2401/2401/2401 2399/2399/2399 2402/2402/2402
f 2403/2403/2403 2401/2401/2401 2402/2402/2402
f 2401/2401/2401 2403/2403/2403 2404/2404/2404
f 2403/2403/2403 2405/2405/2405 2404/2404/2404
f 2401/2401/2401 2404/2404/2404 2406/2406/2406
f 2400/2400/2400 2401/2401/2401 2406/2406/2406
f 2407/2407/2407 2404/2404/2404 2405/2405/2405
f 2408/2408/2408 2407/2407/2407 2405/2405/2405
f 2409/2409/2409 2406/2406/2406 2404/2404/2404
f 2407/2407/2407 2409/2409/2409 2404/2404/2404
f 2410/2410/2410 2407/2407/2407 2408/2408/2408
f 2411/2411/2411 2410/2410/2410 2408/2408/2408
f 2412/2412/2412 2410/2410/2410 2411/2411/2411
f 2412/2412/2412 2413/2413/2413 2410/2410/2410
f 2413/2413/2413 2409/2409/2409 2407/2407/2407
f 2410/2410/2410 2413/2413/2413 2407/2407/2407
f 2416/2416/2416 2415/2415/2415 2414/2414/2414
f 2417/2417/2417 2416/2416/2416 2414/2414/2414
f 2414/2414/2414 2415/2415/2415 2418/2418/2418
f 2415/2415/2415 2419/2419/2419 2418/2418/2418
f 2418/2418/2418 2419/2419/2419 2420/2420/2420
f 2419/2419/2419 2421/2421/2421 2420/2420/2420
f 2421/2421/2421 2422/2422/2422 2420/2420/2420
f 2422/2422/2422 2423/2423/2423 2420/2420/2420
f 2422/2422/2422 2424/2424/2424 2423/2423/2423
f 2424/2424/2424 2425/2425/2425 2423/2423/2423
f 2425/2425/2425 2424/2424/2424 2426/2426/2426
f 2429/2429/2429 2428/2428/2428 2427/2427/2427
f 2430/2430/2430 2429/2429/2429 2427/2427/2427
f 2429/2429/2429 2430/2430/2430 2431/2431/2431
f 2430/2430/2430 2432/2432/2432 2431/2431/2431
f 2433/2433/2433 2431/2431/2431 2432/2432/2432
f 2434/2434/2434 2433/2433/2433 2432/2432/2432
f 2427/2427/2427 2428/2428/2428 2435/2435/2435
f 2433/2433/2433 2434/2434/2434 2436/2436/2436
f 2434/2434/2434 2437/2437/2437 2436/2436/2436
f 2436/2436/2436 2437/2437/2437 2438/2438/2438
f 2441/2441/2441 2440/2440/2440 2439/2439/2439
f 2442/2442/2442 2441/2441/2441 2439/2439/2439
f 2439/2439/2439 2443/2443/2443 2442/2442/2442
f 2440/2440/2440 2441/2441/2441 2444/2444/2444
f 2445/2445/2445 2440/2440/2440 2444/2444/2444
f 2445/2445/2445 2444/2444/2444 2446/2446/2446
f 2447/2447/2447 2445/2445/2445 2446/2446/2446
f 2450/2450/2450 2449/2449/2449 2448/2448/2448
f 2451/2451/2451 2450/2450/2450 2448/2448/2448
f 2452/2452/2452 2448/2448/2448 2449/2449/2449
f 2453/2453/2453 2452/2452/2452 2449/2449/2449
f 2454/2454/2454 2452/2452/2452 2453/2453/2453
f 2455/2455/2455 2454/2454/2454 2453/2453/2453
f 2454/2454/2454 2455/2455/2455 2456/2456/2456
f 2459/2459/2459 2458/2458/2458 2457/2457/2457
f 2460/2460/2460 2459/2459/2459 2457/2457/2457
f 2461/2461/2461 2459/2459/2459 2460/2460/2460
f 2458/2458/2458 2462/2462/2462 2457/2457/2457
f 2462/2462/2462 2463/2463/2463 2457/2457/2457
f 2462/2462/2462 2464/2464/2464 2463/2463/2463
f 2464/2464/2464 2465/2465/2465 2463/2463/2463
f 2468/2468/2468 2467/2467/2467 2466/2466/2466
f 2469/2469/2469 2468/2468/2468 2466/2466/2466
f 2469/2469/2469 2466/2466/2466 2470/2470/2470
f 2466/2466/2466 2471/2471/2471 2470/2470/2470
f 2470/2470/2470 2471/2471/2471 2472/2472/2472
f 2471/2471/2471 2473/2473/2473 2472/2472/2472
f 2474/2474/2474 2472/2472/2472 2473/2473/2473
f 2475/2475/2475 2474/2474/2474 2473/2473/2473
f 2476/2476/2476 2474/2474/2474 2475/2475/2475
f 2477/2477/2477 2476/2476/2476 2475/2475/2475
f 2467/2467/2467 2468/2468/2468 2478/2478/2478
f 2479/2479/2479 2467/2467/2467 2478/2478/2478
f 2479/2479/2479 2478/2478/2478 2480/2480/2480
f 2481/2481/2481 2479/2479/2479 2480/2480/2480
f 2482/2482/2482 2476/2476/2476 2477/2477/2477
f 2481/2481/2481 2480/2480/2480 2483/2483/2483
f 2480/2480/2480 2484/2484/2484 2483/2483/2483
f 2487/2487/2487 2486/2486/2486 2485/2485/2485
f 2488/2488/2488 2487/2487/2487 2485/2485/2485
f 2489/2489/2489 2485/2485/2485 2486/2486/2486
f 2490/2490/2490 2489/2489/2489 2486/2486/2486
f 2490/2490/2490 2491/2491/2491 2489/2489/2489
f 2491/2491/2491 2492/2492/2492 2489/2489/2489
f 2487/2487/2487 2488/2488/2488 2493/2493/2493
f 2488/2488/2488 2494/2494/2494 2493/2493/2493
f 2493/2493/2493 2494/2494/2494 2495/2495/2495
f 2494/2494/2494 2496/2496/2496 2495/2495/2495
f 2495/2495/2495 2496/2496/2496 2497/2497/2497
f 2496/2496/2496 2498/2498/2498 2497/2497/2497
f 2497/2497/2497 2498/2498/2498 2499/2499/2499
f 2498/2498/2498 2500/2500/2500 2499/2499/2499
f 2501/2501/2501 2492/2492/2492 2491/2491/2491
f 2502/2502/2502 2499/2499/2499 2500/2500/2500
f 2503/2503/2503 2502/2502/2502 2500/2500/2500
f 2506/2506/2506 2505/2505/2505 2504/2504/2504
f 2507/2507/2507 2506/2506/2506 2504/2504/2504
f 2506/2506/2506 2507/2507/2507 2508/2508/2508
f 2509/2509/2509 2506/2506/2506 2508/2508/2508
f 2509/2509/2509 2508/2508/2508 2510/2510/2510
f 2511/2511/2511 2509/2509/2509 2510/2510/2510
f 2510/2510/2510 2512/2512/2512 2511/2511/2511
f 2512/2512/2512 2513/2513/2513 2511/2511/2511
f 2512/2512/2512 2514/2514/2514 2513/2513/2513
f 2514/2514/2514 2515/2515/2515 2513/2513/2513
f 2515/2515/2515 2514/2514/2514 2516/2516/2516
f 2517/2517/2517 2515/2515/2515 2516/2516/2516
f 2516/2516/2516 2518/2518/2518 2517/2517/2517
f 2518/2518/2518 2519/2519/2519 2517/2517/2517
f 2519/2519/2519 2518/2518/2518 2520/2520/2520
f 2505/2505/2505 2521/2521/2521 2504/2504/2504
f 2521/2521/2521 2522/2522/2522 2504/2504/2504
f 2525/2525/2525 2524/2524/2524 2523/2523/2523
f 2526/2526/2526 2525/2525/2525 2523/2523/2523
f 2523/2523/2523 2527/2527/2527 2526/2526/2526
f 2527/2527/2527 2528/2528/2528 2526/2526/2526
f 2529/2529/2529 2528/2528/2528 2527/2527/2527
f 2530/2530/2530 2524/2524/2524 2525/2525/2525
f 2531/2531/2531 2530/2530/2530 2525/2525/2525
f 2530/2530/2530 2531/2531/2531 2532/2532/2532
f 2531/2531/2531 2533/2533/2533 2532/2532/2532
f 2534/2534/2534 2532/2532/2532 2533/2533/2533
f 2535/2535/2535 2534/2534/2534 2533/2533/2533
f 2536/2536/2536 2534/2534/2534 2535/2535/2535
f 2537/2537/2537 2536/2536/2536 2535/2535/2535
f 2540/2540/2540 2539/2539/2539 2538/2538/2538
f 2541/2541/2541 2540/2540/2540 2538/2538/2538
f 2541/2541/2541 2542/2542/2542 2540/2540/2540
f 2542/2542/2542 2543/2543/2543 2540/2540/2540
f 2544/2544/2544 2543/2543/2543 2542/2542/2542
f 2539/2539/2539 2545/2545/2545 2538/2538/2538
f 2545/2545/2545 2546/2546/2546 2538/2538/2538
f 2546/2546/2546 2545/2545/2545 2547/2547/2547
f 2548/2548/2548 2546/2546/2546 2547/2547/2547
f 2549/2549/2549 2548/2548/2548 2547/2547/2547
f 2550/2550/2550 2549/2549/2549 2547/2547/2547
f 2550/2550/2550 2551/2551/2551 2549/2549/2549
f 2554/2554/2554 2553/2553/2553 2552/2552/2552
f 2555/2555/2555 2553/2553/2553 2554/2554/2554
f 2555/2555/2555 2556/2556/2556 2553/2553/2553
f 2556/2556/2556 2555/2555/2555 2557/2557/2557
f 2558/2558/2558 2556/2556/2556 2557/2557/2557
f 2558/2558/2558 2557/2557/2557 2559/2559/2559
f 2560/2560/2560 2558/2558/2558 2559/2559/2559
f 2560/2560/2560 2559/2559/2559 2561/2561/2561
f 2559/2559/2559 2562/2562/2562 2561/2561/2561
f 2563/2563/2563 2561/2561/2561 2562/2562/2562
f 2564/2564/2564 2563/2563/2563 2562/2562/2562
f 2563/2563/2563 2564/2564/2564 2565/2565/2565
f 2568/2568/2568 2567/2567/2567 2566/2566/2566
f 2569/2569/2569 2566/2566/2566 2567/2567/2567
f 2567/2567/2567 2570/2570/2570 2569/2569/2569
f 2570/2570/2570 2571/2571/2571 2569/2569/2569
f 2570/2570/2570 2572/2572/2572 2571/2571/2571
f 2572/2572/2572 2573/2573/2573 2571/2571/2571
f 2574/2574/2574 2566/2566/2566 2569/2569/2569
f 2566/2566/2566 2574/2574/2574 2575/2575/2575
f 2576/2576/2576 2566/2566/2566 2575/2575/2575
f 2568/2568/2568 2566/2566/2566 2577/2577/2577
f 2578/2578/2578 2568/2568/2568 2577/2577/2577
f 2577/2577/2577 2579/2579/2579 2578/2578/2578
f 2576/2576/2576 2575/2575/2575 2580/2580/2580
f 2573/2573/2573 2572/2572/2572 2581/2581/2581
f 2582/2582/2582 2573/2573/2573 2581/2581/2581
f 2582/2582/2582 2581/2581/2581 2583/2583/2583
f 2581/2581/2581 2584/2584/2584 2583/2583/2583
f 2587/2587/2587 2586/2586/2586 2585/2585/2585
f 2588/2588/2588 2585/2585/2585 2586/2586/2586
f 2586/2586/2586 2589/2589/2589 2588/2588/2588
f 2589/2589/2589 2590/2590/2590 2588/2588/2588
f 2590/2590/2590 2589/2589/2589 2591/2591/2591
f 2587/2587/2587 2585/2585/2585 2592/2592/2592
f 2593/2593/2593 2587/2587/2587 2592/2592/2592
f 2593/2593/2593 2592/2592/2592 2594/2594/2594
f 2595/2595/2595 2593/2593/2593 2594/2594/2594
f 2595/2595/2595 2594/2594/2594 2596/2596/2596
f 2597/2597/2597 2595/2595/2595 2596/2596/2596
f 2597/2597/2597 2596/2596/2596 2598/2598/2598
f 2591/2591/2591 2589/2589/2589 2599/2599/2599
f 2591/2591/2591 2599/2599/2599 2600/2600/2600
f 2603/2603/2603 2602/2602/2602 2601/2601/2601
f 2602/2602/2602 2603/2603/2603 2604/2604/2604
f 2605/2605/2605 2602/2602/2602 2604/2604/2604
f 2605/2605/2605 2604/2604/2604 2606/2606/2606
f 2609/2609/2609 2608/2608/2608 2607/2607/2607
f 2612/2612/2612 2611/2611/2611 2610/2610/2610
f 2613/2613/2613 2612/2612/2612 2610/2610/2610
f 2614/2614/2614 2612/2612/2612 2613/2613/2613
f 2615/2615/2615 2614/2614/2614 2613/2613/2613
f 2614/2614/2614 2615/2615/2615 2616/2616/2616
f 2617/2617/2617 2614/2614/2614 2616/2616/2616
f 2617/2617/2617 2616/2616/2616 2618/2618/2618
f 2619/2619/2619 2617/2617/2617 2618/2618/2618
f 2618/2618/2618 2620/2620/2620 2619/2619/2619
f 2620/2620/2620 2621/2621/2621 2619/2619/2619
f 2622/2622/2622 2621/2621/2621 2620/2620/2620
f 2623/2623/2623 2610/2610/2610 2611/2611/2611
f 2624/2624/2624 2623/2623/2623 2611/2611/2611
f 2627/2627/2627 2626/2626/2626 2625/2625/2625
f 2628/2628/2628 2627/2627/2627 2625/2625/2625
f 2628/2628/2628 2625/2625/2625 2629/2629/2629
f 2630/2630/2630 2628/2628/2628 2629/2629/2629
f 2625/2625/2625 2626/2626/2626 2631/2631/2631
f 2629/2629/2629 2625/2625/2625 2631/2631/2631
f 2626/2626/2626 2632/2632/2632 2631/2631/2631
f 2633/2633/2633 2631/2631/2631 2632/2632/2632
f 2631/2631/2631 2633/2633/2633 2634/2634/2634
f 2635/2635/2635 2631/2631/2631 2634/2634/2634
f 2635/2635/2635 2629/2629/2629 2631/2631/2631
f 2633/2633/2633 2636/2636/2636 2634/2634/2634
f 2636/2636/2636 2637/2637/2637 2634/2634/2634
f 2637/2637/2637 2636/2636/2636 2638/2638/2638
f 2639/2639/2639 2637/2637/2637 2638/2638/2638
f 2640/2640/2640 2639/2639/2639 2638/2638/2638
f 2641/2641/2641 2627/2627/2627 2628/2628/2628
f 2642/2642/2642 2641/2641/2641 2628/2628/2628
f 2628/2628/2628 2630/2630/2630 2643/2643/2643
f 2642/2642/2642 2628/2628/2628 2643/2643/2643
f 2646/2646/2646 2645/2645/2645 2644/2644/2644
f 2647/2647/2647 2646/2646/2646 2644/2644/2644
f 2646/2646/2646 2647/2647/2647 2648/2648/2648
f 2649/2649/2649 2644/2644/2644 2645/2645/2645
f 2650/2650/2650 2649/2649/2649 2645/2645/2645
f 2649/2649/2649 2650/2650/2650 2651/2651/2651
f 2650/2650/2650 2652/2652/2652 2651/2651/2651
f 2651/2651/2651 2652/2652/2652 2653/2653/2653
f 2652/2652/2652 2654/2654/2654 2653/2653/2653
f 2653/2653/2653 2654/2654/2654 2655/2655/2655
f 2656/2656/2656 2653/2653/2653 2655/2655/2655
f 2656/2656/2656 2655/2655/2655 2657/2657/2657
f 2658/2658/2658 2656/2656/2656 2657/2657/2657
f 2661/2661/2661 2660/2660/2660 2659/2659/2659
