g G_CA_Prinzeugen_SD_Body_001
v 0.1115464 -0.03420189 0.3282806
v 0.08011353 -0.0528608 0.3203874
v 0.07095921 -0.03464559 0.3707827
v 0.09365815 -0.02366975 0.3775083
v 0.09300429 -0.06201509 0.2863623
v 0.1293646 -0.04697588 0.2861054
v 0.1293646 -0.04697588 0.2861054
v 0.1231528 -0.06673235 0.2622389
v 0.09300429 -0.06201509 0.2863623
v 0.04480407 -0.008163482 0.4135651
v 0.0442436 -0.00655213 0.4087077
v 0.05001175 0.01719767 0.4160172
v 0.05054885 0.01556298 0.4208745
v 0.1002437 -0.0175046 0.4040372
v 0.1059884 0.006245196 0.4113466
v 0.1054513 0.007879913 0.4064892
v 0.0996832 -0.01586992 0.3991564
v 0.04480407 -0.008163482 0.4135651
v 0.05054885 0.01556298 0.4208745
v 0.1059884 0.006245196 0.4113466
v 0.1002437 -0.0175046 0.4040372
v 0.05054885 0.01556298 0.4208745
v 0.05001175 0.01719767 0.4160172
v 0.1054513 0.007879913 0.4064892
v 0.1059884 0.006245196 0.4113466
v 0.05001175 0.01719767 0.4160172
v 0.0442436 -0.00655213 0.4087077
v 0.0996832 -0.01586992 0.3991564
v 0.1054513 0.007879913 0.4064892
v 0.0442436 -0.00655213 0.4087077
v 0.04480407 -0.008163482 0.4135651
v 0.1002437 -0.0175046 0.4040372
v 0.0996832 -0.01586992 0.3991564
v -0.1115431 -0.03420189 0.3282806
v -0.09367818 -0.02366975 0.3775083
v -0.07095587 -0.03464559 0.3707827
v -0.08011019 -0.0528608 0.3203874
v -0.09300095 -0.06201509 0.2863623
v -0.1293613 -0.04697588 0.2861054
v -0.1293613 -0.04697588 0.2861054
v -0.09300095 -0.06201509 0.2863623
v -0.1231495 -0.06673235 0.2622389
v -0.04480073 -0.008163482 0.4135651
v -0.05054551 0.01556298 0.4208745
v -0.05000839 0.01719767 0.4160172
v -0.0442636 -0.00655213 0.4087077
v -0.1002403 -0.0175046 0.4040372
v -0.09967983 -0.01586992 0.3991564
v -0.105448 0.007879913 0.4064892
v -0.1059851 0.006245196 0.4113466
v -0.04480073 -0.008163482 0.4135651
v -0.1002403 -0.0175046 0.4040372
v -0.1059851 0.006245196 0.4113466
v -0.05054551 0.01556298 0.4208745
v -0.05054551 0.01556298 0.4208745
v -0.1059851 0.006245196 0.4113466
v -0.105448 0.007879913 0.4064892
v -0.05000839 0.01719767 0.4160172
v -0.05000839 0.01719767 0.4160172
v -0.105448 0.007879913 0.4064892
v -0.09967983 -0.01586992 0.3991564
v -0.0442636 -0.00655213 0.4087077
v -0.0442636 -0.00655213 0.4087077
v -0.09967983 -0.01586992 0.3991564
v -0.1002403 -0.0175046 0.4040372
v -0.04480073 -0.008163482 0.4135651
v -1.001358E-05 0.1278667 0.1939318
v 0.08233204 0.109488 0.1971312
v 0.05930617 0.07273069 0.2934148
v -1.001358E-05 0.08608851 0.2910095
v 0.1156565 0.0522269 0.2990896
v 0.1566407 0.07130617 0.2121704
v 0.150569 0.005077571 0.3092014
v 0.2089277 0.00489074 0.2366908
v 0.04081073 0.04288578 0.381058
v -1.001358E-05 0.05131614 0.3815718
v 0.03581321 0.03097585 0.4035234
v -1.001358E-05 0.03928944 0.4041072
v 0.03065225 0.01696414 0.4133082
v -1.001358E-05 0.02625859 0.4166944
v 0.06589165 0.005824864 0.4115801
v 0.06972152 0.02193829 0.4037336
v 0.05599007 -0.007322788 0.4089646
v -1.001358E-05 0.02448377 0.4142657
v 0.02803674 0.003582984 0.4156669
v 0.09958977 0.004026681 0.4064425
v 0.09870237 -0.01661721 0.3995301
v 0.09872574 -0.02021354 0.3781155
v 0.05318773 -0.03663057 0.3841639
v 0.05106261 -0.03539288 0.390586
v 0.1000568 0.004680574 0.3796802
v 0.07805848 0.02885073 0.3809178
v 0.09909937 -0.04769981 0.3037835
v 0.1287574 -0.03259054 0.3091313
v 0.1389626 -0.03693417 0.2772547
v 0.03562641 -0.008537143 0.409385
v 0.04319271 -0.02065724 0.4016552
v 0.008513778 -0.05851218 0.3714833
v 0.008513778 -0.04758304 0.3845142
v 0.02294582 -0.04856387 0.3848411
v 0.02294582 -0.05970317 0.3719738
v -1.001358E-05 -0.04758304 0.3845142
v -1.001358E-05 -0.05851218 0.3714833
v 0.008513778 -0.0678066 0.3604141
v -1.001358E-05 -0.0678066 0.3604141
v 0.008513778 -0.03828862 0.3955835
v -1.001358E-05 -0.03831199 0.3955835
v -1.001358E-05 0.1263955 0.1939318
v -1.001358E-05 0.08464062 0.2910095
v 0.05879241 0.06964812 0.2927843
v 0.08233204 0.1080402 0.1971312
v 0.1140452 0.04788327 0.2981088
v 0.1566407 0.06983495 0.2121471
v 0.1463888 0.005287737 0.3078235
v 0.2078068 0.00503087 0.2366908
v 0.03966644 0.0408074 0.3789095
v -1.001358E-05 0.04898086 0.3789563
v 0.09650722 0.004960805 0.3787928
v 0.09426534 -0.0182986 0.3788161
v 0.07595673 0.02719268 0.3789095
v 0.1389626 -0.03693417 0.2772547
v 0.1251611 -0.02873731 0.3095049
v 0.09909937 -0.04685912 0.3037602
v 0.06187499 -0.03277737 0.3789095
v -1.001358E-05 0.1278667 0.1939318
v -1.001358E-05 0.08608851 0.2910095
v -0.05930281 0.07273069 0.2934148
v -0.08232871 0.109488 0.1971312
v -0.1156532 0.0522269 0.2990896
v -0.1566374 0.07130617 0.2121704
v -0.150589 0.005077571 0.3092014
v -0.2089244 0.00489074 0.2366908
v -0.0408074 0.04288578 0.381058
v -1.001358E-05 0.05131614 0.3815718
v -0.03580987 0.03097585 0.4035234
v -1.001358E-05 0.03928944 0.4041072
v -0.03064892 0.01696414 0.4133082
v -1.001358E-05 0.02625859 0.4166944
v -0.06588832 0.005824864 0.4115801
v -0.06971818 0.02193829 0.4037336
v -0.0559867 -0.007322788 0.4089646
v -1.001358E-05 0.02448377 0.4142657
v -0.02803338 0.003582984 0.4156669
v -0.09958643 0.004026681 0.4064425
v -0.09869903 -0.01661721 0.3995301
v -0.05105928 -0.03539288 0.390586
v -0.0987457 -0.02021354 0.3781155
v -0.05318439 -0.03663057 0.3841639
v -0.1000535 0.004680574 0.3796802
v -0.07805514 0.02885073 0.3809178
v -0.099096 -0.04727945 0.3037835
v -0.1293379 -0.03198338 0.3098552
v -0.1389593 -0.03737786 0.2772781
v -0.03562304 -0.008537143 0.409385
v -0.04318938 -0.02065724 0.4016552
v -0.02294248 -0.04856387 0.3848411
v -0.008510441 -0.04758304 0.3845142
v -0.008510441 -0.05851218 0.3714833
v -0.02294248 -0.05970317 0.3719738
v -1.001358E-05 -0.04758304 0.3845142
v -1.001358E-05 -0.05851218 0.3714833
v -0.008510441 -0.0678066 0.3604141
v -1.001358E-05 -0.0678066 0.3604141
v -0.008510441 -0.03828862 0.3955835
v -1.001358E-05 -0.03831199 0.3955835
v -1.001358E-05 0.1263955 0.1939318
v -0.08232871 0.1080402 0.1971312
v -0.05930281 0.07125947 0.2934148
v -1.001358E-05 0.08464062 0.2910095
v -0.1156532 0.05077904 0.2990896
v -0.1566374 0.06983495 0.2121471
v -0.1465489 0.005404502 0.3089678
v -0.2078034 0.00503087 0.2366908
v -0.03966311 0.0408074 0.3789095
v -1.001358E-05 0.04898086 0.3789563
v -0.09650385 0.004960805 0.3787928
v -0.09454224 -0.01666391 0.3785125
v -0.07595336 0.02719268 0.3789095
v -0.1389593 -0.03651381 0.2772547
v -0.1279368 -0.03030196 0.3098552
v -0.0990026 -0.04608846 0.3037835
v -0.06187162 -0.03277737 0.3789095
v 0.05486912 -0.05047879 0.3476635
v 0.05106261 -0.03539288 0.390586
v 0.1165673 -0.02313265 0.380661
v 0.1030693 -0.0404838 0.3421288
v 0.0914163 -0.05372483 0.3142689
v 0.0562703 -0.05956304 0.3140354
v 0.08055723 -0.06554136 0.2861989
v 0.05862892 -0.06712934 0.2868294
v 0.06350967 -0.07640043 0.2487876
v -1.001358E-05 -0.03646711 0.3991798
v 0.0103353 -0.02404341 0.4110664
v 0.03317437 -0.03212348 0.3953966
v 0.0247907 -0.04720941 0.3855184
v 0.04162806 -0.0136047 0.4068395
v 0.0182519 -0.009564668 0.4203374
v 0.04805011 0.005287737 0.4167411
v 0.02233866 0.005638033 0.4253817
v 0.01554298 0.01852879 0.424938
v 0.03233364 0.02955133 0.409058
v -1.001358E-05 0.02749628 0.4227895
v -1.001358E-05 0.04230195 0.4032899
v 0.005618036 -0.01881236 0.4026126
v 0.0140951 -0.006388664 0.4068395
v 0.0182519 -0.009564668 0.4203374
v 0.0103353 -0.02404341 0.4110664
v 0.01589328 0.004703909 0.4088945
v 0.02233866 0.005638033 0.4253817
v 0.01554298 0.01852879 0.424938
v 0.0103353 0.013181 0.4079137
v -1.001358E-05 0.02749628 0.4227895
v -1.001358E-05 0.01752463 0.4086143
v -1.001358E-05 -0.03646711 0.3991798
v -1.001358E-05 -0.02595833 0.3986894
v -0.05486578 -0.05047879 0.3476635
v -0.103066 -0.0404838 0.3421288
v -0.1165639 -0.02313265 0.380661
v -0.05105928 -0.03539288 0.390586
v -0.0914363 -0.05372483 0.3142689
v -0.05626696 -0.05956304 0.3140354
v -0.08055389 -0.06554136 0.2861989
v -0.05862558 -0.06712934 0.2868294
v -0.06350634 -0.07640043 0.2487876
v -0.03319436 -0.03212348 0.3953966
v -0.01033196 -0.02404341 0.4110664
v -1.001358E-05 -0.03646711 0.3991798
v -0.02478734 -0.04720941 0.3855184
v -0.04164809 -0.0136047 0.4068395
v -0.01824856 -0.009564668 0.4203374
v -0.04804677 0.005287737 0.4167411
v -0.02233529 0.005638033 0.4253817
v -0.01553962 0.01852879 0.424938
v -0.0323303 0.02955133 0.409058
v -1.001358E-05 0.02749628 0.4227895
v -1.001358E-05 0.04230195 0.4032899
v -0.01824856 -0.009564668 0.4203374
v -0.01409176 -0.006388664 0.4068395
v -0.005614668 -0.01881236 0.4026126
v -0.01033196 -0.02404341 0.4110664
v -0.01588991 0.004703909 0.4088945
v -0.02233529 0.005638033 0.4253817
v -0.01553962 0.01852879 0.424938
v -0.01033196 0.013181 0.4079137
v -1.001358E-05 0.02749628 0.4227895
v -1.001358E-05 0.01752463 0.4086143
v -1.001358E-05 -0.03646711 0.3991798
v -1.001358E-05 -0.02595833 0.3986894
v 0.0873529 -0.2936984 0.8502629
v 0.07703096 -0.2950996 0.846433
v 0.07651719 -0.3001438 0.9030635
v 0.08529785 -0.2989295 0.9052588
v 0.05937621 -0.3095784 0.9481345
v 0.04629865 -0.3108394 0.9470837
v 0.008163482 -0.3181488 0.9636875
v 0.0141418 -0.3186159 0.9696425
v -0.03370813 -0.3180788 0.9629869
v -0.04034033 -0.3185925 0.9696892
v -0.07658389 -0.3099287 0.9435107
v -0.08695257 -0.3088544 0.9437208
v -0.1038833 -0.29956 0.8986032
v -0.1114497 -0.2984624 0.9000977
v 0.1132512 -0.2833998 0.839684
v 0.1024155 -0.2863656 0.8345932
v -0.1128975 -0.2973415 0.8922746
v -0.1163538 -0.2946559 0.8735456
v -0.109418 -0.2947493 0.8626633
v -0.1180118 -0.2933481 0.8644614
v -0.1075731 -0.2927643 0.8170785
v -0.09883916 -0.2942122 0.816588
v -0.07287079 -0.2980187 0.776538
v -0.06441709 -0.2994666 0.7818391
v -0.02011678 -0.3021522 0.7581593
v -0.01953295 -0.3030863 0.7671502
v 0.03249714 -0.2991863 0.761382
v 0.0331043 -0.2993731 0.7690885
v 0.06628865 -0.2933948 0.7733854
v 0.06640542 -0.2941655 0.7837306
v 0.09536293 -0.2869495 0.8012687
v 0.0839434 -0.2906159 0.8037441
v 0.1132512 -0.2833998 0.839684
v 0.1024155 -0.2863656 0.8345932
v -0.1392862 -0.2872531 0.8860861
v -0.1282637 -0.29162 0.8844981
v -0.109418 -0.2947493 0.8626633
v -0.1038833 -0.29956 0.8986032
v -0.01299417 -0.3126609 0.8806916
v -0.01656714 -0.3077335 0.8117775
v -0.09883916 -0.2942122 0.816588
v -0.06441709 -0.2994666 0.7818391
v -0.01953295 -0.3030863 0.7671502
v 0.0331043 -0.2993731 0.7690885
v 0.06670901 -0.2961271 0.8074805
v 0.06640542 -0.2941655 0.7837306
v 0.0839434 -0.2906159 0.8037441
v 0.1024155 -0.2863656 0.8345932
v 0.07703096 -0.2950996 0.846433
v -0.07658389 -0.3099287 0.9435107
v -0.0132744 -0.3165141 0.9423196
v -0.03370813 -0.3180788 0.9629869
v 0.008163482 -0.3181488 0.9636875
v 0.04629865 -0.3108394 0.9470837
v 0.07651719 -0.3001438 0.9030635
v -0.1128975 -0.2973415 0.8922746
v -0.1163538 -0.2946559 0.8735456
v -0.1282637 -0.29162 0.8844981
v 0.3418986 0.0757899 0.6524645
v 0.3449579 0.05841541 0.6829165
v 0.3463123 0.06222191 0.6856722
v 0.3413382 0.04706594 0.6763778
v 0.3373449 0.06911099 0.6372384
v 0.3105358 -0.02217516 0.5959506
v 0.3138286 -0.04130113 0.6290883
v 0.3054916 -0.04450047 0.5928447
v 0.3082239 -0.05932951 0.6193736
v 0.3109562 -0.07415855 0.6459256
v 0.3171213 -0.06045046 0.662226
v 0.3480171 0.0410409 0.7133453
v 0.3453315 0.02502087 0.715517
v 0.3193165 -0.06512102 0.6768215
v 0.3178686 -0.06624195 0.6710299
v 0.3096951 -0.01267058 0.5832
v 0.3091346 -0.01878902 0.5861658
v 0.3091346 -0.01878902 0.5861658
v 0.3070095 -0.0210776 0.578366
v 0.3105358 -0.02217516 0.5959506
v 0.3009378 -0.05164644 0.5781325
v 0.3054916 -0.04450047 0.5928447
v 0.3045575 -0.07116941 0.613115
v 0.3082239 -0.05932951 0.6193736
v 0.3109562 -0.07415855 0.6459256
v 0.3081538 -0.09069234 0.6480975
v 0.3167477 -0.07394838 0.6729215
v 0.3171213 -0.06045046 0.662226
v 0.3178686 -0.06624195 0.6710299
v 0.3333515 0.06476739 0.6884512
v 0.3320204 0.06096086 0.6856722
v 0.3289378 0.07833537 0.6552202
v 0.3283774 0.04961139 0.6791334
v 0.3350796 0.04360971 0.7161243
v 0.3323707 0.02756634 0.7182727
v 0.3041838 -0.05788165 0.6649816
v 0.3008911 -0.03875569 0.6318439
v 0.2979953 -0.0716131 0.6486813
v 0.2952631 -0.05678406 0.6221526
v 0.2925308 -0.04195502 0.5956004
v 0.2975984 -0.01962972 0.5987062
v 0.324384 0.07165647 0.639994
v 0.306379 -0.06255221 0.6796005
v 0.3049311 -0.06367314 0.6738089
v 0.2967576 -0.01010177 0.585979
v 0.2961738 -0.01624355 0.5889214
v 0.2975984 -0.01962972 0.5987062
v 0.2940721 -0.01853213 0.5811449
v 0.2961738 -0.01624355 0.5889214
v 0.2880003 -0.04907763 0.5808881
v 0.2925308 -0.04195502 0.5956004
v 0.2915967 -0.06862393 0.6158706
v 0.2952631 -0.05678406 0.6221526
v 0.2979953 -0.0716131 0.6486813
v 0.2952164 -0.0881469 0.6508532
v 0.3038102 -0.07140294 0.6756772
v 0.3041838 -0.05788165 0.6649816
v 0.3049311 -0.06367314 0.6738089
v 0.3350796 0.04360971 0.7161243
v 0.3333515 0.06476739 0.6884512
v 0.3463123 0.06222191 0.6856722
v 0.3480171 0.0410409 0.7133453
v 0.3418986 0.0757899 0.6524645
v 0.3289378 0.07833537 0.6552202
v 0.2961738 -0.01624355 0.5889214
v 0.2940721 -0.01853213 0.5811449
v 0.3070095 -0.0210776 0.578366
v 0.3091346 -0.01878902 0.5861658
v 0.3045575 -0.07116941 0.613115
v 0.2915967 -0.06862393 0.6158706
v 0.2952164 -0.0881469 0.6508532
v 0.3081538 -0.09069234 0.6480975
v 0.3009378 -0.05164644 0.5781325
v 0.2880003 -0.04907763 0.5808881
v 0.3049311 -0.06367314 0.6738089
v 0.306379 -0.06255221 0.6796005
v 0.3193165 -0.06512102 0.6768215
v 0.3178686 -0.06624195 0.6710299
v 0.3453315 0.02502087 0.715517
v 0.3323707 0.02756634 0.7182727
v 0.3480171 0.0410409 0.7133453
v 0.3350796 0.04360971 0.7161243
v 0.2952164 -0.0881469 0.6508532
v 0.3038102 -0.07140294 0.6756772
v 0.3167477 -0.07394838 0.6729215
v 0.3081538 -0.09069234 0.6480975
v 0.3289378 0.07833537 0.6552202
v 0.324384 0.07165647 0.639994
v 0.3373449 0.06911099 0.6372384
v 0.3418986 0.0757899 0.6524645
v 0.3096951 -0.01267058 0.5832
v 0.2967576 -0.01010177 0.585979
v 0.2967576 -0.01010177 0.585979
v 0.2961738 -0.01624355 0.5889214
v 0.3091346 -0.01878902 0.5861658
v 0.3096951 -0.01267058 0.5832
v 0.2940721 -0.01853213 0.5811449
v 0.2880003 -0.04907763 0.5808881
v 0.3009378 -0.05164644 0.5781325
v 0.3070095 -0.0210776 0.578366
v 0.3038102 -0.07140294 0.6756772
v 0.3049311 -0.06367314 0.6738089
v 0.3178686 -0.06624195 0.6710299
v 0.3167477 -0.07394838 0.6729215
v -0.3418953 0.0757899 0.6524645
v -0.346309 0.06222191 0.6856722
v -0.3449546 0.05841541 0.6829165
v -0.3413348 0.04706594 0.6763778
v -0.3373415 0.06911099 0.6372384
v -0.3105558 -0.02217516 0.5959506
v -0.3138486 -0.04130113 0.6290883
v -0.3054882 -0.04450047 0.5928447
v -0.3082206 -0.05932951 0.6193736
v -0.3109528 -0.07415855 0.6459256
v -0.3171413 -0.06045046 0.662226
v -0.3480371 0.0410409 0.7133453
v -0.3453282 0.02502087 0.715517
v -0.3193131 -0.06512102 0.6768215
v -0.3178653 -0.06624195 0.6710299
v -0.3097151 -0.01267058 0.5832
v -0.3091313 -0.01878902 0.5861658
v -0.3091313 -0.01878902 0.5861658
v -0.3105558 -0.02217516 0.5959506
v -0.3070295 -0.0210776 0.578366
v -0.3009344 -0.05164644 0.5781325
v -0.3054882 -0.04450047 0.5928447
v -0.3045542 -0.07116941 0.613115
v -0.3082206 -0.05932951 0.6193736
v -0.3109528 -0.07415855 0.6459256
v -0.3081505 -0.09069234 0.6480975
v -0.3167443 -0.07394838 0.6729215
v -0.3171413 -0.06045046 0.662226
v -0.3178653 -0.06624195 0.6710299
v -0.3333482 0.06476739 0.6884512
v -0.3289579 0.07833537 0.6552202
v -0.3320171 0.06096086 0.6856722
v -0.328374 0.04961139 0.6791334
v -0.3350763 0.04360971 0.7161243
v -0.3323907 0.02756634 0.7182727
v -0.3041805 -0.05788165 0.6649816
v -0.3008878 -0.03875569 0.6318439
v -0.297992 -0.0716131 0.6486813
v -0.2952597 -0.05678406 0.6221526
v -0.2925274 -0.04195502 0.5956004
v -0.297595 -0.01962972 0.5987062
v -0.3243807 0.07165647 0.639994
v -0.3063757 -0.06255221 0.6796005
v -0.3049278 -0.06367314 0.6738089
v -0.2967543 -0.01010177 0.585979
v -0.2961705 -0.01624355 0.5889214
v -0.297595 -0.01962972 0.5987062
v -0.2961705 -0.01624355 0.5889214
v -0.2940688 -0.01853213 0.5811449
v -0.287997 -0.04907763 0.5808881
v -0.2925274 -0.04195502 0.5956004
v -0.2915933 -0.06862393 0.6158706
v -0.2952597 -0.05678406 0.6221526
v -0.297992 -0.0716131 0.6486813
v -0.295213 -0.0881469 0.6508532
v -0.3038068 -0.07140294 0.6756772
v -0.3041805 -0.05788165 0.6649816
v -0.3049278 -0.06367314 0.6738089
v -0.3350763 0.04360971 0.7161243
v -0.3480371 0.0410409 0.7133453
v -0.346309 0.06222191 0.6856722
v -0.3333482 0.06476739 0.6884512
v -0.3418953 0.0757899 0.6524645
v -0.3289579 0.07833537 0.6552202
v -0.2961705 -0.01624355 0.5889214
v -0.3091313 -0.01878902 0.5861658
v -0.3070295 -0.0210776 0.578366
v -0.2940688 -0.01853213 0.5811449
v -0.3045542 -0.07116941 0.613115
v -0.3081505 -0.09069234 0.6480975
v -0.295213 -0.0881469 0.6508532
v -0.2915933 -0.06862393 0.6158706
v -0.3009344 -0.05164644 0.5781325
v -0.287997 -0.04907763 0.5808881
v -0.3049278 -0.06367314 0.6738089
v -0.3178653 -0.06624195 0.6710299
v -0.3193131 -0.06512102 0.6768215
v -0.3063757 -0.06255221 0.6796005
v -0.3453282 0.02502087 0.715517
v -0.3323907 0.02756634 0.7182727
v -0.3480371 0.0410409 0.7133453
v -0.3350763 0.04360971 0.7161243
v -0.295213 -0.0881469 0.6508532
v -0.3081505 -0.09069234 0.6480975
v -0.3167443 -0.07394838 0.6729215
v -0.3038068 -0.07140294 0.6756772
v -0.3289579 0.07833537 0.6552202
v -0.3418953 0.0757899 0.6524645
v -0.3373415 0.06911099 0.6372384
v -0.3243807 0.07165647 0.639994
v -0.3097151 -0.01267058 0.5832
v -0.2967543 -0.01010177 0.585979
v -0.2967543 -0.01010177 0.585979
v -0.3097151 -0.01267058 0.5832
v -0.3091313 -0.01878902 0.5861658
v -0.2961705 -0.01624355 0.5889214
v -0.2940688 -0.01853213 0.5811449
v -0.3070295 -0.0210776 0.578366
v -0.3009344 -0.05164644 0.5781325
v -0.287997 -0.04907763 0.5808881
v -0.3038068 -0.07140294 0.6756772
v -0.3167443 -0.07394838 0.6729215
v -0.3178653 -0.06624195 0.6710299
v -0.3049278 -0.06367314 0.6738089
v -1.001358E-05 -0.321535 1.12606
v 0.09582996 -0.3109095 1.100255
v -1.001358E-05 -0.2800137 0.8131086
v 0.1260018 -0.2541154 0.8078308
v 0.1790361 -0.275997 1.032648
v 0.2351062 -0.1853413 0.7927916
v 0.2586926 -0.215233 0.9404048
v 0.3485776 -0.0989359 0.8537191
v 0.3015917 -0.08093089 0.7703028
v 0.4043674 0.05944294 0.8209784
v 0.3295217 -0.002301931 0.7610084
v 0.3722106 0.0516898 0.7701627
v 0.349465 0.1924372 0.753372
v 0.3841206 0.2121471 0.8132954
v 0.3029695 0.3505125 0.8130151
v 0.3245242 0.1804106 0.7304629
v 0.3344024 0.04823357 0.7542361
v 0.2437 0.2809911 0.7073669
v 0.1673363 0.4455118 0.8181994
v 0.1272162 0.3365241 0.689105
v -1.001358E-05 0.4754501 0.8280309
v -1.001358E-05 0.3617452 0.6809316
v 0.328284 -0.003633022 0.7550534
v -1.001358E-05 -0.2924374 0.7699993
v -1.001358E-05 -0.2839603 0.7993537
v 0.1267725 -0.2578752 0.7940526
v 0.128991 -0.2675666 0.7646514
v 0.2330512 -0.1849677 0.7789433
v 0.2293614 -0.1850144 0.7493787
v 0.2978786 -0.08139792 0.7563378
v 0.2952631 -0.08501762 0.7265396
v 0.3270929 -0.006972492 0.7409717
v 0.3245475 -0.0140951 0.7108465
v 0.3344024 0.04823357 0.7542361
v 0.328284 -0.003633022 0.7550534
v 0.3295217 -0.002301931 0.7610084
v 0.3270929 -0.006972492 0.7409717
v 0.3366676 0.03340453 0.6894786
v 0.3245475 -0.0140951 0.7108465
v 0.3245242 0.1804106 0.7304629
v 0.3320671 0.1690377 0.6651684
v 0.2437 0.2809911 0.7073669
v 0.2575483 0.274756 0.6416054
v 0.1272162 0.3365241 0.689105
v 0.1297616 0.337108 0.6230633
v -1.001358E-05 0.3628428 0.614773
v -1.001358E-05 0.3617452 0.6809316
v 0.3233331 -0.01743457 0.6967648
v 0.09582996 -0.3109095 1.100255
v -1.001358E-05 -0.321535 1.12606
v -1.001358E-05 -0.2181988 1.117863
v 0.1272162 -0.2407342 1.081526
v -1.001358E-05 -0.1295047 1.094907
v 0.1583455 -0.1530911 1.052545
v -1.001358E-05 -0.008210182 1.063147
v 0.1894981 -0.03051212 1.016208
v -1.001358E-05 0.1363905 1.012051
v 0.2125007 0.1147658 0.9635707
v 0.2091612 0.2460787 0.9117275
v -1.001358E-05 0.2668861 0.9550704
v 0.1852946 0.3694049 0.8557508
v -1.001358E-05 0.3831831 0.8912938
v 0.1673363 0.4455118 0.8181994
v -1.001358E-05 0.4754501 0.8280309
v 0.2586926 -0.215233 0.9404048
v 0.3485776 -0.0989359 0.8537191
v 0.3029695 0.3505125 0.8130151
v 0.3841206 0.2121471 0.8132954
v 0.4043674 0.05944294 0.8209784
v 0.1790361 -0.275997 1.032648
v -1.001358E-05 -0.2964073 0.7562678
v 0.0872595 -0.3513799 0.6860459
v -1.001358E-05 -0.3724442 0.6838506
v 0.1297616 -0.2713264 0.7508732
v 0.1729877 -0.2881638 0.7022994
v 0.2274231 -0.1847575 0.7355539
v -1.001358E-05 0.09743798 0.9104431
v -1.001358E-05 -0.2818819 0.7480476
v 0.1235965 -0.2578986 0.7431434
v 0.2160736 -0.1738985 0.7299258
v 0.279173 -0.08006683 0.7076238
v 0.307173 -0.01467893 0.6936588
v 0.3201105 0.03361472 0.687447
v 0.3165608 0.1629426 0.6640942
v 0.2467126 0.2620987 0.6404845
v 0.1244839 0.3212748 0.622713
v -1.001358E-05 0.3461455 0.6144928
v 0.0835931 -0.3386292 0.6759574
v -1.001358E-05 -0.2818819 0.7480476
v -1.001358E-05 -0.3594133 0.673412
v 0.1235965 -0.2578986 0.7431434
v 0.1656783 -0.2764874 0.6928649
v 0.2160736 -0.1738985 0.7299258
v 0.2160736 -0.1738985 0.7299258
v 0.2274231 -0.1847575 0.7355539
v 0.2930912 -0.08627868 0.712598
v 0.279173 -0.08006683 0.7076238
v 0.3233331 -0.01743457 0.6967648
v 0.307173 -0.01467893 0.6936588
v 0.3366676 0.03340453 0.6894786
v 0.3201105 0.03361472 0.687447
v 0.3320671 0.1690377 0.6651684
v 0.3165608 0.1629426 0.6640942
v 0.2575483 0.274756 0.6416054
v 0.2467126 0.2620987 0.6404845
v 0.1297616 0.337108 0.6230633
v 0.1244839 0.3212748 0.622713
v -1.001358E-05 0.3628428 0.614773
v -1.001358E-05 0.3461455 0.6144928
v 0.1656783 -0.2764874 0.6928649
v 0.1729877 -0.2881638 0.7022994
v 0.0835931 -0.3386292 0.6759574
v 0.0872595 -0.3513799 0.6860459
v -1.001358E-05 -0.3594133 0.673412
v -1.001358E-05 -0.3724442 0.6838506
v -1.001358E-05 -0.2964073 0.7562678
v -1.001358E-05 -0.2924374 0.7699993
v 0.128991 -0.2675666 0.7646514
v 0.1297616 -0.2713264 0.7508732
v 0.2293614 -0.1850144 0.7493787
v 0.2274231 -0.1847575 0.7355539
v 0.2952631 -0.08501762 0.7265396
v 0.2930912 -0.08627868 0.712598
v 0.3245475 -0.0140951 0.7108465
v 0.3233331 -0.01743457 0.6967648
v 0.1260018 -0.2541154 0.8078308
v 0.1267725 -0.2578752 0.7940526
v -1.001358E-05 -0.2839603 0.7993537
v -1.001358E-05 -0.2800137 0.8131086
v 0.2351062 -0.1853413 0.7927916
v 0.2330512 -0.1849677 0.7789433
v 0.3015917 -0.08093089 0.7703028
v 0.2978786 -0.08139792 0.7563378
v 0.328284 -0.003633022 0.7550534
v 0.3270929 -0.006972492 0.7409717
v -1.001358E-05 -0.321535 1.12606
v -1.001358E-05 -0.2800137 0.8131086
v -0.09582663 -0.3109095 1.100255
v -0.1259985 -0.2541154 0.8078308
v -0.1790327 -0.275997 1.032648
v -0.2351028 -0.1853413 0.7927916
v -0.2586892 -0.215233 0.9404048
v -0.3485742 -0.0989359 0.8537191
v -0.3015884 -0.08093089 0.7703028
v -0.4043641 0.05944294 0.8209784
v -0.3295183 -0.002278566 0.7610084
v -0.3722073 0.0516898 0.7701627
v -0.3494616 0.1924372 0.753372
v -0.3841172 0.2121471 0.8132954
v -0.3029662 0.3505125 0.8130151
v -0.3245208 0.1804106 0.7304629
v -0.334399 0.04823357 0.7542361
v -0.2436967 0.2809911 0.7073669
v -0.1673329 0.4455118 0.8181994
v -0.1272128 0.3365241 0.689105
v -1.001358E-05 0.4754501 0.8280309
v -1.001358E-05 0.3617452 0.6809316
v -0.3282806 -0.003633022 0.7550534
v -0.1267691 -0.2578752 0.7940526
v -1.001358E-05 -0.2839603 0.7993537
v -1.001358E-05 -0.2924374 0.7699993
v -0.1289876 -0.2675666 0.7646514
v -0.2330478 -0.1849677 0.7789433
v -0.2293581 -0.1850144 0.7493787
v -0.2978752 -0.08139792 0.7563378
v -0.2952597 -0.08501762 0.7265396
v -0.3270896 -0.006972492 0.7409717
v -0.3245441 -0.0140951 0.7108465
v -0.334399 0.04823357 0.7542361
v -0.3295183 -0.002278566 0.7610084
v -0.3282806 -0.003633022 0.7550534
v -0.3270896 -0.006972492 0.7409717
v -0.3366643 0.03340453 0.6894786
v -0.3245441 -0.0140951 0.7108465
v -0.3245208 0.1804106 0.7304629
v -0.3320638 0.1690377 0.6651684
v -0.2436967 0.2809911 0.7073669
v -0.2575449 0.274756 0.6416054
v -0.1272128 0.3365241 0.689105
v -0.1297583 0.337108 0.6230633
v -1.001358E-05 0.3628428 0.614773
v -1.001358E-05 0.3617452 0.6809316
v -0.3233532 -0.01743457 0.6967648
v -0.09582663 -0.3109095 1.100255
v -0.1272128 -0.2407342 1.081526
v -1.001358E-05 -0.2181988 1.117863
v -1.001358E-05 -0.321535 1.12606
v -1.001358E-05 -0.1295047 1.094907
v -0.1583655 -0.1530911 1.052545
v -1.001358E-05 -0.008210182 1.063147
v -0.1894948 -0.03051212 1.016208
v -1.001358E-05 0.1363905 1.012051
v -0.2124973 0.1147658 0.9635707
v -0.2091579 0.2460787 0.9117275
v -1.001358E-05 0.2668861 0.9550704
v -0.1852913 0.3694049 0.8557508
v -1.001358E-05 0.3831831 0.8912938
v -0.1673329 0.4455118 0.8181994
v -1.001358E-05 0.4754501 0.8280309
v -0.2586892 -0.215233 0.9404048
v -0.3485742 -0.0989359 0.8537191
v -0.3029662 0.3505125 0.8130151
v -0.3841172 0.2121471 0.8132954
v -0.4043641 0.05944294 0.8209784
v -0.1790327 -0.275997 1.032648
v -1.001358E-05 -0.2964073 0.7562678
v -1.001358E-05 -0.3724442 0.6838506
v -0.08725613 -0.3513799 0.6860459
v -0.1297583 -0.2713264 0.7508732
v -0.1729844 -0.2881638 0.7022994
v -0.2274198 -0.1847575 0.7355539
v -1.001358E-05 0.09743798 0.9104431
v -0.1235932 -0.2578986 0.7431434
v -1.001358E-05 -0.2818819 0.7480476
v -0.2160703 -0.1738985 0.7299258
v -0.2791696 -0.08006683 0.7076238
v -0.3071697 -0.01467893 0.6936588
v -0.3201071 0.03361472 0.687447
v -0.3165575 0.1629426 0.6640942
v -0.2467325 0.2620987 0.6404845
v -0.1244805 0.3212748 0.622713
v -1.001358E-05 0.3461455 0.6144928
v -0.08358976 -0.3386292 0.6759574
v -1.001358E-05 -0.3594133 0.673412
v -1.001358E-05 -0.2818819 0.7480476
v -0.1235932 -0.2578986 0.7431434
v -0.1656749 -0.2764874 0.6928649
v -0.2160703 -0.1738985 0.7299258
v -0.2160703 -0.1738985 0.7299258
v -0.2791696 -0.08006683 0.7076238
v -0.2931113 -0.08627868 0.712598
v -0.2274198 -0.1847575 0.7355539
v -0.3233532 -0.01743457 0.6967648
v -0.3071697 -0.01467893 0.6936588
v -0.3366643 0.03340453 0.6894786
v -0.3201071 0.03361472 0.687447
v -0.3320638 0.1690377 0.6651684
v -0.3165575 0.1629426 0.6640942
v -0.2575449 0.274756 0.6416054
v -0.2467325 0.2620987 0.6404845
v -0.1297583 0.337108 0.6230633
v -0.1244805 0.3212748 0.622713
v -1.001358E-05 0.3628428 0.614773
v -1.001358E-05 0.3461455 0.6144928
v -0.1656749 -0.2764874 0.6928649
v -0.1729844 -0.2881638 0.7022994
v -0.08358976 -0.3386292 0.6759574
v -0.08725613 -0.3513799 0.6860459
v -1.001358E-05 -0.3594133 0.673412
v -1.001358E-05 -0.3724442 0.6838506
v -0.1289876 -0.2675666 0.7646514
v -1.001358E-05 -0.2924374 0.7699993
v -1.001358E-05 -0.2964073 0.7562678
v -0.1297583 -0.2713264 0.7508732
v -0.2293581 -0.1850144 0.7493787
v -0.2274198 -0.1847575 0.7355539
v -0.2952597 -0.08501762 0.7265396
v -0.2931113 -0.08627868 0.712598
v -0.3245441 -0.0140951 0.7108465
v -0.3233532 -0.01743457 0.6967648
v -1.001358E-05 -0.2839603 0.7993537
v -0.1267691 -0.2578752 0.7940526
v -0.1259985 -0.2541154 0.8078308
v -1.001358E-05 -0.2800137 0.8131086
v -0.2351028 -0.1853413 0.7927916
v -0.2330478 -0.1849677 0.7789433
v -0.3015884 -0.08093089 0.7703028
v -0.2978752 -0.08139792 0.7563378
v -0.3282806 -0.003633022 0.7550534
v -0.3270896 -0.006972492 0.7409717
v 0.1302287 -0.2725875 0.765025
v -1.001358E-05 -0.2933715 0.769719
v -1.001358E-05 -0.2949128 0.7922311
v 0.1318867 -0.2702055 0.8316274
v 0.236484 -0.1917167 0.7767248
v 0.2306692 -0.1871629 0.7498457
v 0.2091612 -0.2429527 0.8993038
v 0.2569644 -0.1999369 0.8686181
v 0.2541154 -0.2255549 0.9494656
v 0.2782856 -0.194916 0.9283314
v 0.2952864 -0.2053547 0.9978994
v 0.3061688 -0.1824923 0.9896325
v 0.3053748 -0.1939352 0.9989502
v 0.2552831 -0.1517366 0.7417423
v 0.2838202 -0.1348292 0.782493
v 0.2750862 -0.1558234 0.7934922
v 0.2905225 -0.1331711 0.7905964
v 0.2844273 -0.1478133 0.7982795
v 0.2926943 -0.1364639 0.7972753
v -0.1302254 -0.2725875 0.765025
v -0.1318834 -0.2702055 0.8316274
v -1.001358E-05 -0.2949128 0.7922311
v -1.001358E-05 -0.2933715 0.769719
v -0.2364807 -0.1917167 0.7767248
v -0.2306658 -0.1871629 0.7498457
v -0.2091579 -0.2429527 0.8993038
v -0.2569611 -0.1999369 0.8686181
v -0.2541121 -0.2255549 0.9494656
v -0.2783056 -0.194916 0.9283314
v -0.2953064 -0.2053547 0.9978994
v -0.3061655 -0.1824923 0.9896325
v -0.3053948 -0.1939352 0.9989502
v -0.2552797 -0.1517366 0.7417423
v -0.2838168 -0.1348292 0.782493
v -0.2750829 -0.1558234 0.7934922
v -0.2905191 -0.1331711 0.7905964
v -0.284424 -0.1478133 0.7982795
v -0.2926909 -0.1364639 0.7972753
v 0.0248374 -0.01521602 0.163433
v 0.01909262 -0.01521602 0.1355031
v 0.02892414 0.0128307 0.1335648
v 0.03469229 0.01383486 0.1615648
v 0.0524638 0.02443704 0.1289409
v 0.05832535 0.02588493 0.1570577
v 0.08174822 0.01383486 0.1525506
v 0.0757232 0.0128307 0.1242937
v 0.0913696 -0.01521602 0.1506824
v 0.08525115 -0.01521602 0.1223788
v 0.07565314 -0.04321608 0.1239901
v 0.08174822 -0.04426694 0.1525506
v 0.05809182 -0.05629364 0.1579452
v 0.0523003 -0.05477571 0.1281236
v 0.03469229 -0.04426694 0.1615648
v 0.02887744 -0.04321608 0.1332846
v 0.01909262 -0.01521602 0.1355031
v 0.0248374 -0.01521602 0.163433
v 0.02530447 0.01117265 0.1113796
v 0.04781657 0.02210176 0.1068491
v 0.06997842 0.01117265 0.1022253
v 0.07906264 -0.01521602 0.1003804
v 0.06969815 -0.04153466 0.101081
v 0.04713935 -0.05227697 0.1035564
v 0.02511764 -0.04153466 0.1102353
v 0.01589328 -0.01521602 0.1133179
v 0.02439371 0.01068226 0.1053312
v 0.01589328 -0.01521602 0.1133179
v 0.01514599 -0.01521602 0.1072462
v 0.04655552 0.0214012 0.1008241
v 0.0683437 0.01068226 0.09624696
v 0.07726449 -0.01521602 0.09437874
v 0.06806347 -0.04104427 0.09507933
v 0.04587829 -0.05162308 0.09755474
v 0.02418351 -0.04104427 0.104187
v 0.01514599 -0.01521602 0.1072462
v 0.02362305 0.01009843 0.09928286
v 0.01453879 -0.01521602 0.101151
v 0.02096084 0.007763147 0.07688749
v 0.01269394 -0.01521602 0.07873237
v 0.0407173 0.01726773 0.07270733
v 0.04529446 0.02058384 0.09482247
v 0.06661558 0.01009843 0.09026864
v 0.06005347 0.007763147 0.06834036
v 0.07534954 -0.01521602 0.08842379
v 0.0679934 -0.01521602 0.06665894
v 0.05942294 -0.03807846 0.06572485
v 0.06633535 -0.0404838 0.08910102
v 0.03919938 -0.04730281 0.06532785
v 0.04461724 -0.05085245 0.0915297
v 0.02051714 -0.03807846 0.07429531
v 0.02338952 -0.0404838 0.09811521
v 0.01269394 -0.01521602 0.07873237
v 0.01453879 -0.01521602 0.101151
v 0.01189995 -0.01521602 0.04991499
v 0.03504258 0.01201335 0.04459053
v 0.01871896 0.004026681 0.04821023
v 0.05096921 0.004026681 0.04066727
v 0.05753136 -0.01521602 0.03924274
v 0.03238037 -0.04195502 0.03487575
v 0.04989499 -0.03431866 0.03602004
v 0.01797166 -0.03431866 0.04358637
v 0.01189995 -0.01521602 0.04991499
v 0.01871896 0.004026681 0.04821023
v 0.01189995 -0.01521602 0.04991499
v 0.01246041 -0.01521602 0.02077067
v 0.0175046 -0.0003636479 0.01929945
v 0.02967143 0.005778164 0.01649711
v 0.03504258 0.01201335 0.04459053
v 0.05096921 0.004026681 0.04066727
v 0.04151133 -0.0003636479 0.0132277
v 0.05753136 -0.01521602 0.03924274
v 0.04641542 -0.01521602 0.01220018
v 0.03994668 -0.02992833 0.005964965
v 0.04989499 -0.03431866 0.03602004
v 0.03238037 -0.04195502 0.03487575
v 0.0257715 -0.03578988 0.003582984
v 0.01797166 -0.03431866 0.04358637
v 0.01643038 -0.02992833 0.01206005
v 0.01246041 -0.01521602 0.02077067
v 0.01189995 -0.01521602 0.04991499
v 0.0175046 -0.0003636479 0.01929945
v 0.01246041 -0.01521602 0.02077067
v 0.0294379 -0.01521602 0.01647374
v 0.02967143 0.005778164 0.01649711
v 0.04151133 -0.0003636479 0.0132277
v 0.04641542 -0.01521602 0.01220018
v 0.03994668 -0.02992833 0.005964965
v 0.0257715 -0.03578988 0.003582984
v 0.01643038 -0.02992833 0.01206005
v 0.02114764 -0.01521602 0.1696215
v 0.03184325 0.01649711 0.1731011
v 0.05776489 0.02808011 0.1793363
v 0.08352304 0.01383486 0.1784956
v 0.09417191 -0.01521602 0.1781687
v 0.08352304 -0.04426694 0.1784956
v 0.05879241 -0.05629364 0.1772579
v 0.03698087 -0.04330948 0.1760202
v 0.02114764 -0.01521602 0.1696215
v 0.08058059 0.01383486 0.2109794
v 0.05599007 0.03046209 0.1897984
v 0.0914163 -0.01521602 0.2106291
v 0.08058059 -0.04426694 0.2109794
v 0.05734453 -0.05629364 0.1918067
v -0.0001968145 -0.04330948 0.1760202
v -0.0001968145 -0.01521602 0.1696215
v 0.02794331 -0.05923611 0.1908259
v -0.0001968145 -0.05846545 0.1903822
v 0.05440208 -0.05629364 0.2118201
v 0.02287576 -0.06147799 0.2126374
v -0.0001968145 -0.06147799 0.2126374
v 0.05479908 0.0368374 0.2046975
v 0.02813014 0.04718271 0.2019886
v 0.0292978 0.0373278 0.1809477
v -0.0001968145 0.0371877 0.1807141
v -0.0001968145 0.04718271 0.2019886
v 0.05573317 0.03405842 0.2163739
v 0.02640203 0.04330614 0.2185924
v -0.0001968145 0.04321271 0.2195265
v -0.0001968145 0.01649711 0.1731011
v -0.0001968145 -0.01521602 0.1696215
v -0.0252544 -0.01521602 0.163433
v -0.03510928 0.01383486 0.1615648
v -0.02934113 0.0128307 0.1335648
v -0.01950961 -0.01521602 0.1355031
v -0.05288079 0.02443704 0.1289409
v -0.05874234 0.02588493 0.1570577
v -0.08214188 0.01383486 0.1525506
v -0.07611686 0.0128307 0.1242937
v -0.09178659 -0.01521602 0.1506824
v -0.08566815 -0.01521602 0.1223788
v -0.07604679 -0.04321608 0.1239901
v -0.08214188 -0.04426694 0.1525506
v -0.05850881 -0.05629364 0.1579452
v -0.05271733 -0.05477571 0.1281236
v -0.03510928 -0.04426694 0.1615648
v -0.02929443 -0.04321608 0.1332846
v -0.01950961 -0.01521602 0.1355031
v -0.0252544 -0.01521602 0.163433
v -0.01631027 -0.01521602 0.1133179
v -0.04823357 0.02210176 0.1068491
v -0.02572146 0.01117265 0.1113796
v -0.07039541 0.01117265 0.1022253
v -0.07947966 -0.01521602 0.1003804
v -0.04755634 -0.05227697 0.1035564
v -0.07009181 -0.04153466 0.101081
v -0.02553463 -0.04153466 0.1102353
v -0.0248107 0.01068226 0.1053312
v -0.01553962 -0.01521602 0.1072462
v -0.04697251 0.0214012 0.1008241
v -0.06876072 0.01068226 0.09624696
v -0.07768148 -0.01521602 0.09437874
v -0.06848046 -0.04104427 0.09507933
v -0.04629529 -0.05162308 0.09755474
v -0.02460054 -0.04104427 0.104187
v -0.01631027 -0.01521602 0.1133179
v -0.01553962 -0.01521602 0.1072462
v -0.02401671 0.01009843 0.09928286
v -0.01495582 -0.01521602 0.101151
v -0.02137783 0.007763147 0.07688749
v -0.01311094 -0.01521602 0.07873237
v -0.04111096 0.01726773 0.07270733
v -0.04571149 0.02058384 0.09482247
v -0.06703261 0.01009843 0.09026864
v -0.06047046 0.007763147 0.06834036
v -0.0757432 -0.01521602 0.08842379
v -0.06841043 -0.01521602 0.06665894
v -0.05983993 -0.03807846 0.06572485
v -0.06675237 -0.0404838 0.08910102
v -0.03961638 -0.04730281 0.06532785
v -0.04503423 -0.05085245 0.0915297
v -0.02093413 -0.03807846 0.07429531
v -0.02380654 -0.0404838 0.09811521
v -0.01311094 -0.01521602 0.07873237
v -0.01495582 -0.01521602 0.101151
v -0.01231694 -0.01521602 0.04991499
v -0.03545958 0.01201335 0.04459053
v -0.01913595 0.004026681 0.04821023
v -0.05138621 0.004026681 0.04066727
v -0.05794835 -0.01521602 0.03924274
v -0.05031198 -0.03431866 0.03602004
v -0.03279737 -0.04195502 0.03487575
v -0.01838866 -0.03431866 0.04358637
v -0.01231694 -0.01521602 0.04991499
v -0.01913595 0.004026681 0.04821023
v -0.01792163 -0.0003636479 0.01929945
v -0.0128774 -0.01521602 0.02077067
v -0.01231694 -0.01521602 0.04991499
v -0.03008842 0.005778164 0.01649711
v -0.03545958 0.01201335 0.04459053
v -0.05138621 0.004026681 0.04066727
v -0.04192832 -0.0003636479 0.0132277
v -0.05794835 -0.01521602 0.03924274
v -0.04683241 -0.01521602 0.01220018
v -0.04036367 -0.02992833 0.005964965
v -0.05031198 -0.03431866 0.03602004
v -0.03279737 -0.04195502 0.03487575
v -0.02618852 -0.03578988 0.003582984
v -0.01838866 -0.03431866 0.04358637
v -0.01684737 -0.02992833 0.01206005
v -0.0128774 -0.01521602 0.02077067
v -0.01231694 -0.01521602 0.04991499
v -0.01792163 -0.0003636479 0.01929945
v -0.03008842 0.005778164 0.01649711
v -0.02985489 -0.01521602 0.01647374
v -0.0128774 -0.01521602 0.02077067
v -0.04192832 -0.0003636479 0.0132277
v -0.04683241 -0.01521602 0.01220018
v -0.04036367 -0.02992833 0.005964965
v -0.02618852 -0.03578988 0.003582984
v -0.01684737 -0.02992833 0.01206005
v -0.02156466 -0.01521602 0.1696215
v -0.03226024 0.01649711 0.1731011
v -0.05818188 0.02808011 0.1793363
v -0.08394003 0.01383486 0.1784956
v -0.09458894 -0.01521602 0.1781687
v -0.08394003 -0.04426694 0.1784956
v -0.05920941 -0.05629364 0.1772579
v -0.03739786 -0.04330948 0.1760202
v -0.02156466 -0.01521602 0.1696215
v -0.08099759 0.01383486 0.2109794
v -0.05640706 0.03046209 0.1897984
v -0.09183329 -0.01521602 0.2106291
v -0.08099759 -0.04426694 0.2109794
v -0.05773818 -0.05629364 0.1918067
v -0.0001968145 -0.04330948 0.1760202
v -0.0001968145 -0.01521602 0.1696215
v -0.02836034 -0.05923611 0.1908259
v -0.0001968145 -0.05846545 0.1903822
v -0.05481908 -0.05629364 0.2118201
v -0.02329278 -0.06147799 0.2126374
v -0.0001968145 -0.06147799 0.2126374
v -0.05521607 0.0368374 0.2046975
v -0.02854714 0.04718271 0.2019886
v -0.02971479 0.0373278 0.1809477
v -0.0001968145 0.0371877 0.1807141
v -0.0001968145 0.04718271 0.2019886
v -0.0561502 0.03405842 0.2163739
v -0.02681905 0.04330614 0.2185924
v -0.0001968145 0.04321271 0.2195265
v -0.0001968145 0.01649711 0.1731011
v -0.0001968145 -0.01521602 0.1696215
v 0.05486912 -0.05015185 0.3476635
v 0.1030693 -0.04015684 0.3421288
v 0.1165673 -0.02282906 0.380661
v 0.05106261 -0.03506595 0.390586
v 0.0914163 -0.05339789 0.3142689
v 0.0562703 -0.05925944 0.3140354
v 0.08055723 -0.06521443 0.2861989
v 0.05862892 -0.06680241 0.2868294
v 0.06350967 -0.07609683 0.2487876
v -0.05486578 -0.05015185 0.3476635
v -0.05105928 -0.03506595 0.390586
v -0.1165639 -0.02282906 0.380661
v -0.103066 -0.04015684 0.3421288
v -0.0914363 -0.05339789 0.3142689
v -0.05626696 -0.05925944 0.3140354
v -0.08055389 -0.06521443 0.2861989
v -0.05862558 -0.06680241 0.2868294
v -0.06350634 -0.07609683 0.2487876
v 0.1115931 -0.03427193 0.3283273
v 0.09370488 -0.02376318 0.3775317
v 0.07098258 -0.03473899 0.3708061
v 0.08016023 -0.0529542 0.320434
v 0.09302762 -0.06210849 0.286409
v 0.129388 -0.04706928 0.2861521
v 0.129388 -0.04706928 0.2861521
v 0.09302762 -0.06210849 0.286409
v 0.1231995 -0.06680241 0.2622855
v -0.1115898 -0.03427193 0.3283273
v -0.08015689 -0.0529542 0.320434
v -0.07097924 -0.03473899 0.3708061
v -0.09370151 -0.02376318 0.3775317
v -0.09302428 -0.06210849 0.286409
v -0.1293846 -0.04706928 0.2861521
v -0.1293846 -0.04706928 0.2861521
v -0.1231961 -0.06680241 0.2622855
v -0.09302428 -0.06210849 0.286409
v 0.1302754 -0.2726809 0.765025
v 0.1319335 -0.2702989 0.831604
v -1.001358E-05 -0.2950062 0.7922311
v -1.001358E-05 -0.2934649 0.769719
v 0.2365307 -0.1917867 0.7767015
v 0.2307159 -0.1872329 0.7498224
v 0.2092313 -0.2430228 0.8992804
v 0.2570111 -0.2000303 0.8686181
v 0.2541621 -0.2256483 0.9494423
v 0.2783556 -0.1949861 0.9283314
v 0.2953565 -0.2054014 0.9978527
v 0.3062623 -0.182539 0.9896091
v 0.3054449 -0.1939819 0.9988803
v 0.2553531 -0.1517833 0.741719
v 0.2838902 -0.1348993 0.7824463
v 0.2751563 -0.1558701 0.7934455
v 0.2905925 -0.1332178 0.7905498
v 0.2844974 -0.1478601 0.7982328
v 0.2927643 -0.1365106 0.7972286
v -0.130272 -0.2726809 0.765025
v -1.001358E-05 -0.2934649 0.769719
v -1.001358E-05 -0.2950062 0.7922311
v -0.1319301 -0.2702989 0.831604
v -0.2365274 -0.1917867 0.7767015
v -0.2307359 -0.1872329 0.7498224
v -0.2092279 -0.2430228 0.8992804
v -0.2570311 -0.2000303 0.8686181
v -0.2541587 -0.2256483 0.9494423
v -0.2783756 -0.1949861 0.9283314
v -0.2953765 -0.2054014 0.9978527
v -0.3062589 -0.182539 0.9896091
v -0.3054416 -0.1939819 0.9988803
v -0.2553498 -0.1517833 0.741719
v -0.2838869 -0.1348993 0.7824463
v -0.2751529 -0.1558701 0.7934455
v -0.2905892 -0.1332178 0.7905498
v -0.284494 -0.1478601 0.7982328
v -0.292761 -0.1365106 0.7972286
v 0.09108934 0.1378384 0.4923576
v 0.1377716 0.07761142 0.4955335
v 0.1916466 0.09101593 0.549969
v 0.1179918 0.1874164 0.5391566
v 0.04361308 0.1635965 0.4895085
v 0.05916604 0.219223 0.5359339
v -0.0001968145 0.1726574 0.4891815
v -0.0001968145 0.2325807 0.5344627
v 0.1666124 0.01873896 0.4886912
v 0.2182455 0.03057885 0.5363075
v 0.1130877 0.01012176 0.4461423
v 0.09426534 0.03545958 0.4492716
v 0.1795732 -0.004987508 0.4844409
v 0.2298051 0.01161635 0.5305394
v 0.2236867 -0.008303612 0.5143793
v 0.2461988 -0.01073229 0.5087045
v 0.2674732 0.0008040071 0.5117404
v 0.2527843 0.03753799 0.5628597
v 0.2814148 0.0132744 0.5174151
v 0.2958936 0.02737951 0.5339956
v 0.31154 0.03529611 0.5602208
v 0.2601171 0.0410409 0.5946429
v 0.3172614 0.03550628 0.5778522
v 0.3187326 0.03261054 0.5982625
v 0.2648577 0.03412849 0.6225495
v 0.06252885 -0.007859886 0.4262223
v 0.11979 -0.0099383 0.4419155
v 0.3116801 0.02233529 0.6146096
v 0.29963 0.01002836 0.6277806
v 0.2871129 -0.002371997 0.6341325
v 0.2700187 0.009794831 0.6351833
v 0.2667259 -0.01806509 0.6372384
v 0.05519608 0.01399833 0.4309162
v 0.01689744 -0.01285741 0.4233266
v 0.01689744 0.005661398 0.4280205
v 0.04144126 0.02957466 0.4366143
v 0.01993331 0.0364404 0.4364042
v 0.06161809 0.06483743 0.4496686
v 0.0331043 0.07431868 0.44738
v -0.0001968145 0.04136786 0.4354
v -0.0001968145 0.07775155 0.4456519
v -0.0001968145 0.01509592 0.4304258
v 0.2388193 -0.06920776 0.5469331
v 0.2605841 -0.02376318 0.548848
v 0.2357134 -0.0249308 0.5176486
v 0.2271662 -0.06960475 0.5006478
v 0.2424857 -0.08284581 0.5921441
v 0.2702522 -0.02135783 0.5997105
v 0.2502388 -0.08985165 0.6398072
v 0.2667259 -0.01806509 0.6372384
v 0.31154 0.03529611 0.5602208
v 0.3172614 0.03550628 0.5778522
v 0.3187326 0.03261054 0.5982625
v 0.2260687 -0.1299251 0.6305362
v 0.2253214 -0.1440535 0.6622026
v 0.2434198 -0.1115931 0.6972785
v 0.1970177 -0.1640903 0.6407413
v 0.2024823 -0.1501953 0.6185094
v 0.2240603 -0.1170577 0.5899023
v 0.2255549 -0.0996365 0.5415152
v 0.2237334 -0.110192 0.5421224
v 0.2134815 -0.1187858 0.5478205
v 0.206569 -0.1253479 0.5178822
v 0.2185023 -0.118202 0.5047345
v 0.1998434 -0.1324939 0.502843
v 0.2122905 -0.1250443 0.4874067
v 0.2243873 -0.109001 0.4982658
v 0.226886 -0.09832874 0.4960006
v 0.21967 -0.1035831 0.4750531
v 0.218082 -0.115423 0.4786494
v 0.1792229 -0.1557066 0.6130916
v 0.1898484 -0.1384489 0.5838305
v 0.1643939 -0.1576916 0.5859089
v 0.1656316 -0.1662387 0.6141891
v 0.2273998 -0.08585832 0.4966077
v 0.2108426 -0.06902093 0.4794901
v 0.2195999 -0.08959478 0.4751932
v 0.1977183 -0.1324705 0.4728112
v 0.1846875 -0.1394064 0.4917036
v 0.168901 -0.1399201 0.4632599
v 0.1728242 -0.1299951 0.449762
v 0.2035565 -0.1224055 0.4618587
v 0.1593263 -0.1466691 0.4852349
v 0.1349693 -0.147393 0.4573283
v 0.1292479 -0.1518767 0.4835302
v 0.136674 -0.1376549 0.4411915
v 0.1059884 -0.1443104 0.4360072
v 0.1049843 -0.1543288 0.4538487
v 0.1728009 -0.117011 0.4424759
v 0.2048643 -0.1095848 0.456978
v 0.1706057 -0.1011077 0.4391364
v 0.135413 -0.1247174 0.4314067
v 0.1316299 -0.1084405 0.4255918
v 0.2041871 -0.09447551 0.4562541
v 0.1929544 -0.07310769 0.4562774
v 0.1586257 -0.07871234 0.4368012
v 0.1608209 -0.03954968 0.4501123
v 0.1268192 -0.0456214 0.4294684
v 0.1211211 -0.08588168 0.4225093
v 0.1001269 -0.1152595 0.4182357
v 0.09076241 -0.09300429 0.4162974
v 0.09734792 -0.0529542 0.4210614
v 0.07350469 -0.06115103 0.417792
v 0.1045406 -0.1313263 0.4249613
v 0.07023528 -0.121775 0.4153633
v 0.06264561 -0.09975326 0.4135417
v 0.03607011 -0.1283371 0.4140088
v 0.03188995 -0.1060351 0.4117669
v 0.04903093 -0.06948799 0.414219
v 0.02735952 -0.07469568 0.4128178
v 0.03835869 -0.1443805 0.4209679
v 0.07418191 -0.1375848 0.4221823
v 0.07523277 -0.1506157 0.4336485
v 0.03889579 -0.1571078 0.4327845
v 0.07432202 -0.1611011 0.4523775
v 0.03838202 -0.1680369 0.4520038
v 0.07243046 -0.1692746 0.4808446
v 0.03747126 -0.178569 0.4810548
v 0.1019718 -0.1613346 0.4808913
v 0.07184663 -0.1723338 0.5088913
v 0.1242504 -0.1565473 0.5064626
v 0.08609185 -0.1626891 0.5380356
v 0.03966644 -0.1816049 0.5274802
v 0.03747126 -0.1847809 0.5098021
v 0.1279868 -0.1487008 0.5305861
v 0.1619185 -0.1410877 0.5290682
v 0.1711428 -0.1427224 0.5109464
v 0.1962238 -0.1319101 0.5293017
v 0.1901987 -0.1328675 0.5594035
v 0.2031829 -0.1275431 0.5535419
v 0.2042805 -0.132961 0.5856287
v 0.04085743 -0.1752296 0.5394368
v 0.04333284 -0.170559 0.5622525
v 0.08959478 -0.1646507 0.5613651
v -0.0001968145 -0.1798768 0.5628363
v 0.04779321 -0.1759068 0.590346
v -0.0001968145 -0.1847342 0.5888047
v -0.0001968145 -0.1990494 0.6263794
v 0.05145961 -0.1880736 0.6236938
v 0.05437872 -0.2155365 0.6792969
v -0.0001968145 -0.2185958 0.6808848
v 0.05192667 -0.225695 0.7282444
v -0.0001968145 -0.2272363 0.7276138
v -0.0001968145 -0.2103989 0.8192036
v 0.05321106 -0.2088576 0.8189234
v 0.1120135 -0.2027392 0.8100493
v 0.1114764 -0.216494 0.7226864
v 0.1817217 -0.1790361 0.7869067
v 0.1710261 -0.1972513 0.7146997
v 0.1541887 -0.1939819 0.6734353
v 0.1053579 -0.2072463 0.6803011
v 0.2327943 -0.1387992 0.7481409
v 0.2132013 -0.1675465 0.6955738
v 0.2427192 -0.1031861 0.7984663
v 0.188097 -0.1452679 0.8542795
v 0.1138116 -0.1731745 0.8763713
v 0.0558266 -0.1805073 0.8806449
v -0.0001968145 -0.1845707 0.8819293
v 0.1855515 -0.1805073 0.6561775
v 0.1392662 -0.1809977 0.6373318
v 0.1013879 -0.1880736 0.6402977
v 0.1370944 -0.1748793 0.616758
v 0.09839877 -0.1823055 0.6203077
v 0.1662154 -0.1702554 0.6279674
v 0.2552597 -0.07791835 0.7430034
v 0.09379828 -0.1707225 0.5894586
v 0.1311394 -0.1574347 0.5604544
v 0.1632496 -0.1497983 0.5597538
v 0.1340118 -0.1658184 0.587567
v -0.0001968145 -0.02264223 0.4199871
v -0.0001968145 -0.04225859 0.416601
v 0.02002671 -0.03807846 0.4179788
v 0.02848044 -0.05678406 0.4163908
v 0.03749463 -0.03434199 0.4203608
v 0.05519608 -0.04699922 0.4195201
v -0.0001968145 -0.06000674 0.4148028
v -0.0001968145 -0.07815188 0.4124909
v -0.0001968145 -0.1090243 0.412234
v -0.0001968145 -0.1316299 0.4137986
v -0.0001968145 -0.1478601 0.4207111
v -0.0001968145 -0.1603772 0.4326677
v -0.0001968145 -0.1714931 0.4520038
v -0.0001968145 -0.1834965 0.4812416
v -0.0001968145 -0.19174 0.510129
v -0.0001968145 -0.1904323 0.5279706
v -0.0001968145 -0.1849443 0.5399739
v 0.04793334 -0.02635533 0.4220656
v 0.01689744 -0.01285741 0.4233266
v 0.07303762 -0.03578988 0.4223224
v 0.09122947 -0.0256314 0.4255451
v 0.11979 -0.0099383 0.4419155
v 0.06252885 -0.007859886 0.4262223
v 0.1795732 -0.004987508 0.4844409
v 0.1935148 -0.033151 0.4810548
v 0.2236867 -0.008303612 0.5143793
v 0.2461988 -0.01073229 0.5087045
v 0.2674732 0.0008040071 0.5117404
v 0.2814148 0.0132744 0.5174151
v 0.2958936 0.02737951 0.5339956
v 0.2871129 -0.002371997 0.6341325
v 0.29963 0.01002836 0.6277806
v 0.3116801 0.02233529 0.6146096
v 0.2357134 -0.0249308 0.5176486
v 0.2461988 -0.01073229 0.5087045
v 0.2236867 -0.008303612 0.5143793
v -0.09150636 0.1370677 0.4923576
v -0.1184088 0.1874164 0.5391566
v -0.1920636 0.09101593 0.549969
v -0.1381653 0.07700425 0.4956503
v -0.04403007 0.1625924 0.4895085
v -0.05958304 0.2178218 0.5359339
v -0.0001968145 0.1726574 0.4891815
v -0.0001968145 0.2325807 0.5344627
v -0.1670294 0.02032697 0.4897653
v -0.2186391 0.03057885 0.5363075
v -0.1135047 0.01866892 0.4484075
v -0.09468234 0.0404571 0.4509063
v -0.1799669 -0.004403681 0.4857253
v -0.2301987 0.01161635 0.5305394
v -0.2241037 -0.008303612 0.5143793
v -0.2466158 -0.01073229 0.5087045
v -0.2678902 0.0008040071 0.5117404
v -0.2531779 0.03753799 0.5628597
v -0.2818319 0.0132744 0.5174151
v -0.2963106 0.02737951 0.5339956
v -0.311957 0.03529611 0.5602208
v -0.260534 0.0410409 0.5946429
v -0.3176785 0.03550628 0.5778522
v -0.3191497 0.03261054 0.5982625
v -0.2652747 0.03412849 0.6225495
v -0.06294584 -0.001998335 0.4287211
v -0.1201836 -0.004520446 0.442943
v -0.3120971 0.02233529 0.6146096
v -0.300047 0.01002836 0.6277806
v -0.2875299 -0.002371997 0.6341325
v -0.2704123 0.009794831 0.6351833
v -0.267143 -0.01806509 0.6372384
v -0.05846211 0.01997668 0.433812
v -0.0172911 -0.01285741 0.4247277
v -0.01731443 0.005918264 0.4280205
v -0.044357 0.03205007 0.4381557
v -0.02128443 0.03686076 0.4359605
v -0.06100756 0.06240875 0.4534518
v -0.02798668 0.07385162 0.4485009
v -0.0001968145 0.04136786 0.4354
v -0.0001968145 0.07775155 0.4456519
v -0.0001968145 0.01509592 0.4304258
v -0.2392363 -0.06920776 0.5469331
v -0.2275832 -0.06960475 0.5006478
v -0.2361304 -0.0249308 0.5176486
v -0.2610011 -0.02376318 0.548848
v -0.2429027 -0.08284581 0.5921441
v -0.2706692 -0.02135783 0.5997105
v -0.2506558 -0.08982831 0.6398072
v -0.267143 -0.01806509 0.6372384
v -0.311957 0.03529611 0.5602208
v -0.3176785 0.03550628 0.5778522
v -0.3191497 0.03261054 0.5982625
v -0.2264857 -0.1299017 0.6305362
v -0.2257383 -0.1440302 0.6622026
v -0.2438368 -0.1115464 0.6972785
v -0.1974347 -0.1640903 0.6407413
v -0.202876 -0.150172 0.6185094
v -0.2244773 -0.1170343 0.5899023
v -0.2259719 -0.0996365 0.5415152
v -0.2241504 -0.110192 0.5421224
v -0.2138985 -0.1187858 0.5478205
v -0.2069861 -0.1253479 0.5178822
v -0.218896 -0.1182253 0.5047345
v -0.2002371 -0.1324939 0.502843
v -0.2127075 -0.1250443 0.4874067
v -0.2248043 -0.1090243 0.4982658
v -0.227303 -0.09832874 0.4960006
v -0.220087 -0.1035831 0.4750531
v -0.218499 -0.1154464 0.4786494
v -0.1796399 -0.1557066 0.6130916
v -0.1902654 -0.1384489 0.5838305
v -0.1648108 -0.1576916 0.5859089
v -0.1660486 -0.1662387 0.6141891
v -0.2278168 -0.08585832 0.4966077
v -0.2112596 -0.06902093 0.4794901
v -0.220017 -0.08959478 0.4751932
v -0.2046041 -0.09447551 0.4562541
v -0.2052813 -0.1095848 0.456978
v -0.1709993 -0.1011077 0.4397203
v -0.193348 -0.07310769 0.4569547
v -0.1590427 -0.07871234 0.4379688
v -0.1612145 -0.03896585 0.4521206
v -0.1272362 -0.04447713 0.4327845
v -0.1215381 -0.08588168 0.4228362
v -0.09776491 -0.05258054 0.4212248
v -0.09117943 -0.09300429 0.4163441
v -0.1005439 -0.1152595 0.4182824
v -0.1320469 -0.1084405 0.4257553
v -0.07392168 -0.06115103 0.4178387
v -0.13583 -0.1247174 0.4314533
v -0.1732179 -0.117011 0.4427094
v -0.1049576 -0.1313263 0.425008
v -0.2039735 -0.1224055 0.4618587
v -0.1732413 -0.1299951 0.4497854
v -0.198112 -0.1324705 0.4728112
v -0.169318 -0.1399201 0.4632599
v -0.1851045 -0.1394064 0.4917036
v -0.1597199 -0.1466924 0.4852349
v -0.1353863 -0.147393 0.4573283
v -0.1296648 -0.1519001 0.4835302
v -0.137091 -0.1376549 0.4412149
v -0.1064054 -0.1443104 0.4360072
v -0.1054013 -0.1543288 0.4538487
v -0.07459891 -0.1375848 0.4222056
v -0.0756498 -0.1506157 0.4336719
v -0.03877568 -0.1443805 0.4209679
v -0.07065228 -0.121775 0.41541
v -0.0364871 -0.1283371 0.4140088
v -0.06306261 -0.09975326 0.4135885
v -0.03230697 -0.1060351 0.4117669
v -0.04944792 -0.06948799 0.414219
v -0.02777651 -0.07469568 0.4128178
v -0.03931281 -0.1571078 0.4327845
v -0.07473904 -0.1611011 0.4523775
v -0.1023888 -0.1613346 0.4808913
v -0.07284746 -0.1692746 0.4808446
v -0.03879905 -0.1680369 0.4520038
v -0.03788829 -0.178569 0.4810548
v -0.07226363 -0.1723338 0.5088913
v -0.1246673 -0.1565473 0.5064626
v -0.08650884 -0.1626891 0.5380356
v -0.04008344 -0.1816049 0.5274802
v -0.03788829 -0.1847809 0.5098021
v -0.1284038 -0.1487008 0.5305861
v -0.1623355 -0.1410877 0.5290682
v -0.1715598 -0.1427224 0.5109464
v -0.1966407 -0.1319101 0.5293017
v -0.1906157 -0.1328675 0.5594035
v -0.2035999 -0.1275431 0.5535419
v -0.2046975 -0.1329376 0.5856287
v -0.04127443 -0.1752296 0.5394368
v -0.04374984 -0.170559 0.5622525
v -0.09001178 -0.1646507 0.5613651
v -0.0001968145 -0.1798768 0.5628363
v -0.04821023 -0.1759068 0.590346
v -0.0001968145 -0.1847342 0.5888047
v -0.0001968145 -0.1990494 0.6263794
v -0.0518766 -0.1880736 0.6236938
v -0.05479571 -0.2155365 0.6792969
v -0.0001968145 -0.2185958 0.6808848
v -0.05234367 -0.225695 0.7282444
v -0.0001968145 -0.2272363 0.7276138
v -0.0001968145 -0.2103989 0.8192036
v -0.05360472 -0.2088576 0.8189234
v -0.1124305 -0.2027392 0.8100493
v -0.11187 -0.216494 0.7226864
v -0.1821153 -0.1790361 0.7869067
v -0.171443 -0.1972513 0.7146997
v -0.1546057 -0.1939819 0.6734353
v -0.1057749 -0.2072463 0.6803011
v -0.2332113 -0.1387758 0.7481409
v -0.2135949 -0.1674998 0.6955738
v -0.2431362 -0.1031861 0.7984663
v -0.188514 -0.1452679 0.8542795
v -0.1142287 -0.1731745 0.8763713
v -0.0562436 -0.1805073 0.8806449
v -0.0001968145 -0.1845707 0.8819293
v -0.1859685 -0.180484 0.6561775
v -0.1396832 -0.1810211 0.6373318
v -0.101805 -0.1880736 0.6402977
v -0.1375114 -0.1749026 0.616758
v -0.0988158 -0.1823055 0.6203077
v -0.1666324 -0.1702554 0.6279674
v -0.2556767 -0.07789502 0.7430267
v -0.09421527 -0.1707225 0.5894586
v -0.1315565 -0.1574347 0.5604544
v -0.1636665 -0.1497983 0.5597538
v -0.1344289 -0.1658417 0.587567
v -0.0001968145 -0.02264223 0.4199871
v -0.02044371 -0.03807846 0.4179788
v -0.0001968145 -0.04225859 0.416601
v -0.02889743 -0.05678406 0.4163908
v -0.03791162 -0.03434199 0.4203608
v -0.05558971 -0.04699922 0.4195434
v -0.0001968145 -0.06000674 0.4148028
v -0.0001968145 -0.07815188 0.4124909
v -0.0001968145 -0.1090243 0.412234
v -0.0001968145 -0.1316299 0.4137986
v -0.0001968145 -0.1478601 0.4207111
v -0.0001968145 -0.1603772 0.4326677
v -0.0001968145 -0.1714931 0.4520038
v -0.0001968145 -0.1834965 0.4812416
v -0.0001968145 -0.19174 0.510129
v -0.0001968145 -0.1904323 0.5279706
v -0.0001968145 -0.1849443 0.5399739
v -0.0172911 -0.01285741 0.4247277
v -0.04835033 -0.02635533 0.421038
v -0.07345462 -0.03548628 0.4225793
v -0.09164646 -0.0216147 0.4275067
v -0.1201836 -0.004520446 0.442943
v -0.06294584 -0.001998335 0.4287211
v -0.1799669 -0.004403681 0.4857253
v -0.1939318 -0.033151 0.4818721
v -0.2241037 -0.008303612 0.5143793
v -0.2466158 -0.01073229 0.5087045
v -0.2678902 0.0008040071 0.5117404
v -0.2818319 0.0132744 0.5174151
v -0.2963106 0.02737951 0.5339956
v -0.2875299 -0.002371997 0.6341325
v -0.300047 0.01002836 0.6277806
v -0.3120971 0.02233529 0.6146096
v -0.2361304 -0.0249308 0.5176486
v -0.2241037 -0.008303612 0.5143793
v -0.2466158 -0.01073229 0.5087045
v 0.01792496 0.007342786 0.4148028
v 0.01787826 -0.01150295 0.4108328
v 0.0175046 0.006338626 0.422626
v -0.0001968145 0.01668391 0.4172549
v -0.0001968145 0.01563305 0.4249613
v 0.01689744 0.005661398 0.4280205
v 0.01689744 -0.01285741 0.4233266
v 0.0174112 -0.01215681 0.4180255
v -0.0001968145 -0.02243206 0.4155267
v -0.0001968145 -0.02217516 0.4050413
v -0.0001968145 0.01509592 0.4304258
v -0.0001968145 -0.02264223 0.4199871
v -0.0001968145 0.1288242 0.1079
v 0.0530476 0.1132478 0.1080168
v 0.05603677 0.1162136 0.1128275
v -0.0001968145 0.1338684 0.1128275
v 0.1062687 0.08022696 0.1085539
v 0.1091644 0.08415022 0.1128275
v 0.1340585 0.03319436 0.1093246
v 0.1398033 0.03461888 0.1128275
v 0.1441703 -0.01832196 0.1128275
v 0.1372345 -0.0182519 0.1093246
v 0.07892254 -0.09323782 0.09024531
v 0.07880577 -0.08429369 0.1287308
v 0.0956198 -0.07144964 0.1275164
v 0.1120368 -0.07233703 0.09019861
v 0.1069926 -0.06456053 0.1181286
v 0.05820858 -0.09167317 0.1351295
v 0.04277235 -0.1036532 0.09031537
v 0.03982991 -0.09608686 0.1493046
v -0.0001968145 -0.1007808 0.1514063
v -0.0001968145 -0.1107291 0.09040877
v -0.0001968145 -0.09323782 0.1890277
v 0.1178984 -0.05547631 0.112267
v 0.1281036 -0.04552799 0.09022194
v 0.1284539 -0.03861555 0.1096281
v 0.1372345 -0.0182519 0.1093246
v 0.1380285 -0.01783156 0.09026864
v 0.1350627 0.03485242 0.09026864
v 0.1340585 0.03319436 0.1093246
v 0.1062687 0.08022696 0.1085539
v 0.110262 0.08419693 0.09017524
v 0.0530476 0.1132478 0.1080168
v 0.05678406 0.1199501 0.09015191
v -0.0001968145 0.1288242 0.1079
v -0.0001968145 0.1334947 0.09015191
v 0.07656389 0.008907437 0.2978519
v 0.06252885 0.03898585 0.2759936
v 0.0840835 0.01376483 0.2758535
v 0.09202346 0.01710427 0.2546024
v 0.09001511 -0.02070394 0.2757367
v 0.1008041 -0.02247876 0.2464056
v 0.08915105 -0.04779321 0.2322772
v 0.07264063 0.05042875 0.2427626
v 0.03382823 0.05526277 0.2760637
v 0.04258555 0.07546297 0.2336082
v -0.0001968145 0.06488413 0.2760404
v -0.0001968145 0.09234706 0.2263222
v 0.0798333 -0.02140453 0.3023356
v 0.07369149 -0.02210513 0.3194299
v 0.05645713 -0.05484578 0.2996501
v 0.06969815 0.005264401 0.3208778
v 0.05428532 0.02754298 0.3150862
v 0.05862892 -0.05932951 0.2759469
v 0.03020856 -0.0637899 0.2870862
v 0.03104925 -0.06470066 0.2762505
v -0.0001968145 -0.07154304 0.2762972
v 0.03338453 -0.07261726 0.2434632
v -0.0001968145 -0.07640043 0.2512397
v 0.0289942 -0.06210849 0.3040404
v -0.0001968145 -0.06500426 0.3042505
v 0.0133478 -0.06575155 0.3160905
v 0.02770978 -0.06332284 0.3134983
v -0.0001968145 -0.06593835 0.3205975
v 0.05984327 -0.06822693 0.2379519
v 0.06350967 -0.06761977 0.2372046
v 0.0293445 0.04113433 0.3082439
v -0.0001968145 0.05068561 0.3029895
v -0.0001968145 0.03443205 0.3573549
v -0.0001968145 0.04223192 0.3186826
v 0.02789661 0.0364404 0.3186826
v 0.02665892 0.03062555 0.3569112
v 0.02586493 0.02686575 0.3830664
v -0.0001968145 0.02973816 0.3843974
v 0.02565473 0.02107424 0.4036168
v -0.0001968145 0.0247173 0.4059054
v 0.04636869 0.01567975 0.4015851
v 0.03102589 0.001247704 0.4124442
v 0.04256219 -0.0009941757 0.4095951
v 0.04870397 0.021588 0.3798203
v 0.04966146 0.02217183 0.3562806
v 0.05316436 0.01530612 0.3699421
v 0.05830199 0.001154304 0.3561872
v 0.06339291 0.002788991 0.3403307
v 0.05734453 -0.02271229 0.3604375
v 0.06544796 -0.02364641 0.3403307
v 0.05316436 -0.01661721 0.3702456
v 0.05316436 -0.0002935827 0.3636602
v 0.05148298 0.02420354 0.3393732
v 0.06983829 -0.009588003 0.3294016
v 0.01792496 0.007342786 0.4148028
v 0.04998839 0.01539952 0.3992965
v 0.05197337 0.02170476 0.3789095
v 0.04592499 -0.03151631 0.3867794
v 0.0492878 -0.04167479 0.3718103
v 0.05120274 -0.02530447 0.3849579
v 0.04921773 -0.001671404 0.4070497
v 0.05620024 -0.03861555 0.3567477
v 0.05545294 0.01497915 0.3958403
v 0.05526611 0.02179819 0.3779988
v 0.0558733 -0.002371997 0.4034066
v 0.04984826 -0.01834533 0.3999971
v 0.05568647 -0.01869559 0.3945793
v 0.05561641 -0.02530447 0.3768311
v 0.0558733 -0.002371997 0.4034066
v 0.04921773 -0.001671404 0.4070497
v 0.04188496 -0.01708427 0.4028462
v 0.04256219 -0.0009941757 0.4095951
v 0.03102589 0.001247704 0.4124442
v 0.0289942 -0.06210849 0.3040404
v 0.05645713 -0.05484578 0.2996501
v 0.03020856 -0.0637899 0.2870862
v 0.02770978 -0.06332284 0.3134983
v 0.04200172 -0.05972651 0.3169311
v 0.05498588 -0.05136621 0.3269728
v 0.07369149 -0.02210513 0.3194299
v 0.06544796 -0.02364641 0.3403307
v 0.06983829 -0.009588003 0.3294016
v 0.06969815 0.005264401 0.3208778
v 0.0293445 0.04113433 0.3082439
v 0.05428532 0.02754298 0.3150862
v -0.0001968145 0.05068561 0.3029895
v 0.06969815 0.005264401 0.3208778
v 0.02745292 -0.0715197 0.3339787
v 0.02682239 -0.06948799 0.3489012
v 0.05398172 -0.04882073 0.3512831
v 0.05498588 -0.05136621 0.3269728
v 0.06544796 -0.02364641 0.3403307
v 0.05620024 -0.03861555 0.3567477
v 0.0492878 -0.04167479 0.3718103
v 0.02621523 -0.05223027 0.3775551
v 0.02623856 -0.03361806 0.3938086
v 0.04592499 -0.03151631 0.3867794
v 0.02644876 -0.06290251 0.3624458
v 0.04188496 -0.01708427 0.4028462
v 0.02432364 -0.01302087 0.4092916
v 0.03102589 0.001247704 0.4124442
v 0.01792496 0.007342786 0.4148028
v 0.02754632 -0.06944129 0.3218819
v 0.04200172 -0.05972651 0.3169311
v 0.02770978 -0.06332284 0.3134983
v 0.01787826 -0.01150295 0.4108328
v 0.02432364 -0.01302087 0.4092916
v 0.02623856 -0.03361806 0.3938086
v 0.01792496 0.007342786 0.4148028
v -0.0001968145 -0.02217516 0.4050413
v -0.0001968145 -0.03576651 0.3957703
v 0.02621523 -0.05223027 0.3775551
v -0.0001968145 -0.05040875 0.3773916
v 0.02644876 -0.06290251 0.3624458
v -0.0001968145 -0.0605205 0.3624224
v -0.0001968145 -0.06670901 0.3489712
v 0.02682239 -0.06948799 0.3489012
v -0.0001968145 -0.06822693 0.3339787
v 0.02745292 -0.0715197 0.3339787
v 0.02754632 -0.06944129 0.3218819
v 0.0133478 -0.06575155 0.3160905
v 0.02770978 -0.06332284 0.3134983
v -0.0001968145 -0.06593835 0.3205975
v -0.0001968145 0.01668391 0.4172549
v 0.09858561 -0.05141291 0.1949827
v 0.08915105 -0.04779321 0.2322772
v 0.1055914 -0.02229193 0.2347993
v 0.1229193 -0.02012011 0.1947725
v 0.1014113 0.02091077 0.2314832
v 0.1152595 0.02562806 0.194539
v 0.1386824 -0.01920936 0.1502153
v 0.1316999 0.03155968 0.1500519
v 0.1000802 0.07621026 0.1501687
v 0.08758643 0.06467396 0.1943055
v 0.04697588 0.09066567 0.1939785
v 0.05283743 0.1065456 0.1501453
v 0.1441703 -0.01832196 0.1128275
v 0.1398033 0.03461888 0.1128275
v 0.05603677 0.1162136 0.1128275
v -0.0001968145 0.1209075 0.1501453
v -0.0001968145 0.1338684 0.1128275
v 0.1091644 0.08415022 0.1128275
v -0.0001968145 0.1045139 0.1939785
v 0.04279572 0.07877907 0.2251546
v 0.07775488 0.05495918 0.2279335
v 0.1323304 -0.04081073 0.1130376
v -0.0001968145 0.09234706 0.2263222
v 0.07264063 0.05042875 0.2427626
v 0.09202346 0.01710427 0.2546024
v 0.04258555 0.07546297 0.2336082
v 0.1008041 -0.02247876 0.2464056
v 0.1109626 -0.05272067 0.1504255
v 0.08555472 -0.07831535 0.1507992
v 0.09814191 -0.07355139 0.1311828
v 0.1096782 -0.06642878 0.1221219
v 0.0721502 -0.07294422 0.1951695
v 0.1208875 -0.05727446 0.1162837
v 0.06350967 -0.06761977 0.2372046
v -0.0001968145 -0.09323782 0.1890277
v 0.03621021 -0.08464396 0.1957767
v 0.03982991 -0.09608686 0.1493046
v 0.06827363 -0.07264063 0.1952396
v 0.08142129 -0.07712436 0.1486507
v 0.05820858 -0.09167317 0.1351295
v -0.0001968145 -0.07640043 0.2512397
v 0.03338453 -0.07261726 0.2434632
v 0.05984327 -0.06822693 0.2379519
v 0.07880577 -0.08429369 0.1287308
v 0.0956198 -0.07144964 0.1275164
v 0.0956198 -0.07144964 0.1275164
v 0.09814191 -0.07355139 0.1311828
v 0.1096782 -0.06642878 0.1221219
v 0.1069926 -0.06456053 0.1181286
v 0.08142129 -0.07712436 0.1486507
v 0.08555472 -0.07831535 0.1507992
v 0.0721502 -0.07294422 0.1951695
v 0.06827363 -0.07264063 0.1952396
v 0.06350967 -0.06761977 0.2372046
v 0.05984327 -0.06822693 0.2379519
v 0.1208875 -0.05727446 0.1162837
v 0.1178984 -0.05547631 0.112267
v 0.1284539 -0.03861555 0.1096281
v 0.1323304 -0.04081073 0.1130376
v 0.1372345 -0.0182519 0.1093246
v 0.1441703 -0.01832196 0.1128275
v -0.0001968145 0.1334947 0.09015191
v -0.0001968145 -0.01005507 0.1685473
v 0.05678406 0.1199501 0.09015191
v 0.110262 0.08419693 0.09017524
v 0.1350627 0.03485242 0.09026864
v 0.1380285 -0.01783156 0.09026864
v 0.1281036 -0.04552799 0.09022194
v 0.1120368 -0.07233703 0.09019861
v 0.07892254 -0.09323782 0.09024531
v 0.04277235 -0.1036532 0.09031537
v -0.0001968145 -0.1107291 0.09040877
v 0.05507931 0.01663721 0.3645008
v 0.05316436 0.01530612 0.3699421
v 0.05316436 -0.0002935827 0.3636602
v 0.05297756 0.0002201796 0.3579153
v 0.05526611 0.02179819 0.3779988
v 0.05718106 0.01824856 0.3580788
v 0.05302426 0.0007573068 0.3521239
v 0.05939957 0.02389994 0.3707594
v 0.06140792 0.01556298 0.390656
v 0.05545294 0.01497915 0.3958403
v 0.06178156 -0.002208501 0.4001606
v 0.0558733 -0.002371997 0.4034066
v 0.06362644 0.01948625 0.3434366
v 0.05727446 0.001994997 0.3414516
v 0.07065564 0.02044371 0.3281171
v 0.06486413 0.004073381 0.3237268
v 0.08034706 0.02621186 0.3343523
v 0.0724071 0.02544123 0.3482706
v 0.09090254 0.02049044 0.3414516
v 0.08377993 0.01997668 0.3551597
v 0.09031871 0.00264886 0.3605075
v 0.0988425 0.004423678 0.3460054
v 0.08410686 -0.01493579 0.3555567
v 0.09164983 -0.01227358 0.3412881
v 0.07273403 -0.02177817 0.3486676
v 0.08104762 -0.01892912 0.3341889
v 0.06416354 -0.01465556 0.3436
v 0.0715197 -0.01182988 0.3280471
v 0.05727446 0.001994997 0.3414516
v 0.06486413 0.004073381 0.3237268
v 0.06143126 -0.01720104 0.3896752
v 0.05944628 -0.02516434 0.3710163
v 0.05769482 -0.01689744 0.3576118
v 0.05542961 -0.01675731 0.3639404
v 0.05561641 -0.02530447 0.3768311
v 0.05297756 0.0002201796 0.3579153
v 0.05316436 -0.0002935827 0.3636602
v 0.05316436 -0.01661721 0.3702456
v 0.05302426 0.0007573068 0.3521239
v 0.05568647 -0.01869559 0.3945793
v 0.08422363 0.02165806 0.3022189
v 0.07065564 0.02044371 0.3281171
v 0.06486413 0.004073381 0.3237268
v 0.07836208 0.006852388 0.2987393
v 0.09538627 0.0288274 0.3092948
v 0.08034706 0.02621186 0.3343523
v 0.09090254 0.02049044 0.3414516
v 0.1064088 0.02135447 0.3158569
v 0.0988425 0.004423678 0.3460054
v 0.1132979 0.00713262 0.3194532
v 0.09164983 -0.01227358 0.3412881
v 0.1072028 -0.00769642 0.3158802
v 0.08104762 -0.01892912 0.3341889
v 0.0955264 -0.01472563 0.3086643
v 0.0715197 -0.01182988 0.3280471
v 0.08501762 -0.007369488 0.3022656
v 0.06486413 0.004073381 0.3237268
v 0.07836208 0.006852388 0.2987393
v 0.09926283 0.0290609 0.3030128
v 0.0877966 0.02193829 0.2957501
v 0.1099351 0.02161136 0.3093648
v 0.116614 0.007739782 0.3128444
v 0.1107291 -0.006715596 0.3093648
v 0.0993329 -0.0137448 0.3023123
v 0.08861396 -0.006365329 0.2957968
v 0.08200511 0.007506251 0.2922939
v 0.1034196 0.0292244 0.2958435
v 0.09183663 0.02224189 0.2885107
v 0.1220318 0.02817351 0.2617484
v 0.1110327 0.02242872 0.2553964
v 0.1334747 0.0210042 0.2185224
v 0.1433763 0.02567476 0.224454
v 0.1324005 0.02226526 0.2678668
v 0.1532779 0.0210042 0.230549
v 0.1376315 0.009724766 0.2707159
v 0.157388 0.009724766 0.2331412
v 0.1531144 -0.001578003 0.230549
v 0.1326807 -0.003002524 0.2678435
v 0.1293646 0.009724766 0.216117
v 0.1061519 0.009724766 0.2525474
v 0.08620861 0.008160144 0.2851246
v 0.1138817 0.02191496 0.3020787
v 0.1203271 0.008346975 0.3054649
v 0.1146056 -0.005758137 0.3020554
v 0.1034897 -0.01264721 0.2951196
v 0.1220318 -0.008723944 0.2614215
v 0.09267735 -0.00540784 0.2885575
v 0.1113596 -0.002815694 0.2553964
v 0.1061519 0.009724766 0.2525474
v 0.08620861 0.008160144 0.2851246
v 0.1334747 -0.001578003 0.2185224
v 0.1293646 0.009724766 0.216117
v 0.1433763 -0.006248564 0.224454
v 0.1348058 0.02121437 0.2154631
v 0.130579 0.009724766 0.2129877
v 0.1326574 0.009724766 0.2047442
v 0.1390794 0.02121437 0.2027592
v 0.1480936 0.02095747 0.2099752
v 0.1451044 0.02574483 0.2217917
v 0.1615448 0.02121437 0.2159069
v 0.1550994 0.02121437 0.2277934
v 0.1656549 0.01652044 0.2265557
v 0.1595131 0.010005 0.2308059
v 0.1669393 0.01040199 0.2272563
v 0.167383 0.01824856 0.2217917
v 0.1682471 0.01691744 0.2121003
v 0.1699051 0.01285404 0.220951
v 0.1710027 0.01138282 0.2123105
v 0.1363938 0.01374146 0.1982054
v 0.1349226 0.009724766 0.1957767
v 0.140574 0.01390493 0.1915498
v 0.1405506 0.009724766 0.1908259
v 0.1426057 0.01374146 0.1908259
v 0.1436566 0.007296085 0.1893314
v 0.1460152 0.0132744 0.190896
v 0.1479768 0.005194336 0.1907792
v 0.1525773 0.006478727 0.1965941
v 0.1516199 -0.001180977 0.1974347
v 0.1626658 0.01297081 0.2027358
v 0.1654681 0.006385326 0.2036933
v 0.1562204 0.009117603 0.198906
v 0.1582521 0.002181828 0.2002371
v 0.1448475 -0.00655213 0.2214882
v 0.154936 -0.001764804 0.2277934
v 0.1615448 -0.001484573 0.2162805
v 0.1481169 -0.00655213 0.2098818
v 0.1348292 -0.001788169 0.2154865
v 0.1411578 -0.002839029 0.2037867
v 0.1390794 -0.001788169 0.2027592
v 0.1376549 -0.0005738139 0.2024789
v 0.130579 0.009724766 0.2129877
v 0.1326574 0.009724766 0.2047442
v 0.1516199 -0.001180977 0.1974347
v 0.1479768 0.005194336 0.1907792
v 0.1405506 0.009724766 0.1908259
v 0.1436566 0.007296085 0.1893314
v 0.1349226 0.009724766 0.1957767
v 0.1669393 0.01040199 0.2272563
v 0.1595131 0.010005 0.2308059
v 0.1710027 0.01138282 0.2123105
v 0.1699051 0.01285404 0.220951
v 0.1582521 0.002181828 0.2002371
v 0.1654681 0.006385326 0.2036933
v 0.154142 -0.001788169 0.2291712
v 0.1585089 0.009724766 0.2318335
v 0.157388 0.009724766 0.2331412
v 0.1531144 -0.001578003 0.230549
v 0.1442404 -0.00655213 0.2229594
v 0.1433763 -0.006248564 0.224454
v 0.134152 -0.001788169 0.2169344
v 0.1334747 -0.001578003 0.2185224
v 0.1299718 0.009724766 0.2144589
v 0.1293646 0.009724766 0.216117
v 0.1293646 0.009724766 0.216117
v 0.1299718 0.009724766 0.2144589
v 0.134152 0.02121437 0.2169344
v 0.1334747 0.0210042 0.2185224
v 0.1442404 0.02597833 0.2229594
v 0.1433763 0.02567476 0.224454
v 0.1543288 0.02121437 0.2291712
v 0.1532779 0.0210042 0.230549
v 0.1585089 0.009724766 0.2318335
v 0.157388 0.009724766 0.2331412
v 0.08200511 0.007506251 0.2922939
v -0.01834196 0.007342786 0.4148028
v -0.01789826 0.006852388 0.4228362
v -0.01829526 -0.01150295 0.4108328
v -0.0001968145 0.01668391 0.4172549
v -0.0001968145 0.01563305 0.4249613
v -0.01731443 0.005918264 0.4280205
v -0.0172911 -0.01285741 0.4247277
v -0.0178282 -0.01215681 0.4180255
v -0.0001968145 -0.02243206 0.4155267
v -0.0001968145 -0.02217516 0.4050413
v -0.0001968145 0.01509592 0.4304258
v -0.0001968145 -0.02264223 0.4199871
v -0.0001968145 0.1288242 0.1079
v -0.0001968145 0.1338684 0.1128275
v -0.05645376 0.1162136 0.1128275
v -0.05346462 0.1132478 0.1080168
v -0.1066623 0.08022696 0.1085539
v -0.1095814 0.08415022 0.1128275
v -0.1344755 0.03319436 0.1093246
v -0.1402203 0.03461888 0.1128275
v -0.144564 -0.01832196 0.1128275
v -0.1376515 -0.0182519 0.1093246
v -0.07933953 -0.09323782 0.09024531
v -0.1124538 -0.07233703 0.09019861
v -0.09603679 -0.07144964 0.1275164
v -0.07922277 -0.08429369 0.1287308
v -0.1074097 -0.06456053 0.1181286
v -0.05860224 -0.09167317 0.1351295
v -0.04316601 -0.1036532 0.09031537
v -0.0402469 -0.09608686 0.1493046
v -0.0001968145 -0.1007808 0.1514063
v -0.0001968145 -0.1107291 0.09040877
v -0.0001968145 -0.09323782 0.1890277
v -0.1183154 -0.05547631 0.112267
v -0.1285205 -0.04552799 0.09022194
v -0.1288708 -0.03861555 0.1096281
v -0.1376515 -0.0182519 0.1093246
v -0.1384455 -0.01783156 0.09026864
v -0.1354797 0.03485242 0.09026864
v -0.1344755 0.03319436 0.1093246
v -0.1066623 0.08022696 0.1085539
v -0.110679 0.08419693 0.09017524
v -0.05346462 0.1132478 0.1080168
v -0.05717772 0.1199501 0.09015191
v -0.0001968145 0.1288242 0.1079
v -0.0001968145 0.1334947 0.09015191
v -0.07695755 0.008907437 0.2978519
v -0.08450052 0.01376483 0.2758535
v -0.06294584 0.03898585 0.2759936
v -0.09244046 0.01710427 0.2546024
v -0.09043214 -0.02070394 0.2757367
v -0.1012211 -0.02247876 0.2464056
v -0.08956808 -0.04779321 0.2322772
v -0.07305762 0.05042875 0.2427626
v -0.03424525 0.05526277 0.2760637
v -0.04300255 0.07546297 0.2336082
v -0.0001968145 0.06488413 0.2760404
v -0.0001968145 0.09234706 0.2263222
v -0.08025029 -0.02140453 0.3023356
v -0.07410851 -0.02210513 0.3194299
v -0.05687413 -0.05484578 0.2996501
v -0.07011518 0.005264401 0.3208778
v -0.05470231 0.02754298 0.3150862
v -0.05904594 -0.05932951 0.2759469
v -0.03062555 -0.0637899 0.2870862
v -0.03146625 -0.06470066 0.2762505
v -0.0001968145 -0.07154304 0.2762972
v -0.03377819 -0.07261726 0.2434632
v -0.0001968145 -0.07640043 0.2512397
v -0.0294112 -0.06210849 0.3040404
v -0.0001968145 -0.06500426 0.3042505
v -0.01376483 -0.06575155 0.3160905
v -0.02812681 -0.06332284 0.3134983
v -0.0001968145 -0.06593835 0.3205975
v -0.0602603 -0.06822693 0.2379519
v -0.06392667 -0.06761977 0.2372046
v -0.02976149 0.04113433 0.3082439
v -0.0001968145 0.05068561 0.3029895
v -0.0001968145 0.03443205 0.3573549
v -0.02707592 0.03062555 0.3569112
v -0.02831364 0.0364404 0.3186826
v -0.0001968145 0.04223192 0.3186826
v -0.02628192 0.02686575 0.3830664
v -0.0001968145 0.02973816 0.3843974
v -0.02607176 0.02107424 0.4036168
v -0.0001968145 0.0247173 0.4059054
v -0.04678571 0.01567975 0.4015851
v -0.03144291 0.001247704 0.4124442
v -0.04295585 -0.0009941757 0.4095951
v -0.04909763 0.021588 0.3798203
v -0.05007845 0.02217183 0.3562806
v -0.05358139 0.01530612 0.3699421
v -0.05871901 0.001154304 0.3561872
v -0.0638099 0.002788991 0.3403307
v -0.05773818 -0.02271229 0.3604375
v -0.06586495 -0.02364641 0.3403307
v -0.05358139 -0.01661721 0.3702456
v -0.05358139 -0.0002935827 0.3636602
v -0.05189997 0.02420354 0.3393732
v -0.07025528 -0.009588003 0.3294016
v -0.01834196 0.007342786 0.4148028
v -0.0001968145 0.01668391 0.4172549
v -0.04634199 -0.03151631 0.3867794
v -0.04970482 -0.04167479 0.3718103
v -0.05161974 -0.02530447 0.3849579
v -0.05661723 -0.03861555 0.3567477
v -0.07011518 0.005264401 0.3208778
v -0.05470231 0.02754298 0.3150862
v -0.02976149 0.04113433 0.3082439
v -0.0001968145 0.05068561 0.3029895
v -0.05026528 -0.01834533 0.3999971
v -0.05610347 -0.01869559 0.3945793
v -0.05603343 -0.02530447 0.3768311
v -0.05626696 -0.002371997 0.4034066
v -0.04961139 -0.001671404 0.4070497
v -0.04230195 -0.01708427 0.4028462
v -0.04295585 -0.0009941757 0.4095951
v -0.03144291 0.001247704 0.4124442
v -0.0294112 -0.06210849 0.3040404
v -0.03062555 -0.0637899 0.2870862
v -0.05687413 -0.05484578 0.2996501
v -0.02812681 -0.06332284 0.3134983
v -0.04241872 -0.05972651 0.3169311
v -0.0554029 -0.05136621 0.3269728
v -0.07410851 -0.02210513 0.3194299
v -0.06586495 -0.02364641 0.3403307
v -0.07025528 -0.009588003 0.3294016
v -0.07011518 0.005264401 0.3208778
v -0.02786991 -0.0715197 0.3339787
v -0.0554029 -0.05136621 0.3269728
v -0.05439872 -0.04882073 0.3512831
v -0.02723938 -0.06948799 0.3489012
v -0.06586495 -0.02364641 0.3403307
v -0.05661723 -0.03861555 0.3567477
v -0.04970482 -0.04167479 0.3718103
v -0.02663222 -0.05223027 0.3775551
v -0.02665558 -0.03361806 0.3938086
v -0.04634199 -0.03151631 0.3867794
v -0.02684239 -0.06290251 0.3624458
v -0.04230195 -0.01708427 0.4028462
v -0.02474064 -0.01302087 0.4092916
v -0.03144291 0.001247704 0.4124442
v -0.01834196 0.007342786 0.4148028
v -0.02796334 -0.06944129 0.3218819
v -0.04241872 -0.05972651 0.3169311
v -0.02812681 -0.06332284 0.3134983
v -0.01829526 -0.01150295 0.4108328
v -0.02665558 -0.03361806 0.3938086
v -0.02474064 -0.01302087 0.4092916
v -0.01834196 0.007342786 0.4148028
v -0.0001968145 -0.02217516 0.4050413
v -0.0001968145 -0.03576651 0.3957703
v -0.02663222 -0.05223027 0.3775551
v -0.0001968145 -0.05040875 0.3773916
v -0.02684239 -0.06290251 0.3624458
v -0.0001968145 -0.0605205 0.3624224
v -0.0001968145 -0.06670901 0.3489712
v -0.02723938 -0.06948799 0.3489012
v -0.0001968145 -0.06822693 0.3339787
v -0.02786991 -0.0715197 0.3339787
v -0.02796334 -0.06944129 0.3218819
v -0.01376483 -0.06575155 0.3160905
v -0.02812681 -0.06332284 0.3134983
v -0.0001968145 -0.06593835 0.3205975
v -0.05040538 0.01539952 0.3992965
v -0.05239037 0.02170476 0.3789095
v -0.04961139 -0.001671404 0.4070497
v -0.05586994 0.01497915 0.3958403
v -0.05568314 0.02179819 0.3779988
v -0.05626696 -0.002371997 0.4034066
v -0.1060085 -0.02229193 0.2347993
v -0.08956808 -0.04779321 0.2322772
v -0.0990026 -0.05141291 0.1949827
v -0.1233129 -0.02012011 0.1947725
v -0.1018283 0.02091077 0.2314832
v -0.1156765 0.02562806 0.194539
v -0.1390994 -0.01920936 0.1502153
v -0.1320935 0.03155968 0.1500519
v -0.1004972 0.07621026 0.1501687
v -0.08800343 0.06467396 0.1943055
v -0.04739287 0.09066567 0.1939785
v -0.05323109 0.1065456 0.1501453
v -0.144564 -0.01832196 0.1128275
v -0.1402203 0.03461888 0.1128275
v -0.05645376 0.1162136 0.1128275
v -0.0001968145 0.1209075 0.1501453
v -0.0001968145 0.1338684 0.1128275
v -0.1095814 0.08415022 0.1128275
v -0.0001968145 0.1045139 0.1939785
v -0.04321271 0.07877907 0.2251546
v -0.07817191 0.05495918 0.2279335
v -0.1327474 -0.04081073 0.1130376
v -0.0001968145 0.09234706 0.2263222
v -0.07305762 0.05042875 0.2427626
v -0.09244046 0.01710427 0.2546024
v -0.04300255 0.07546297 0.2336082
v -0.1012211 -0.02247876 0.2464056
v -0.1113796 -0.05272067 0.1504255
v -0.08597174 -0.07831535 0.1507992
v -0.0985589 -0.07355139 0.1311828
v -0.1100952 -0.06642878 0.1221219
v -0.07256722 -0.07294422 0.1951695
v -0.1213046 -0.05727446 0.1162837
v -0.06392667 -0.06761977 0.2372046
v -0.0001968145 -0.09323782 0.1890277
v -0.0402469 -0.09608686 0.1493046
v -0.03660387 -0.08464396 0.1957767
v -0.06869066 -0.07264063 0.1952396
v -0.08183828 -0.07712436 0.1486507
v -0.05860224 -0.09167317 0.1351295
v -0.0001968145 -0.07640043 0.2512397
v -0.03377819 -0.07261726 0.2434632
v -0.0602603 -0.06822693 0.2379519
v -0.07922277 -0.08429369 0.1287308
v -0.09603679 -0.07144964 0.1275164
v -0.1100952 -0.06642878 0.1221219
v -0.0985589 -0.07355139 0.1311828
v -0.09603679 -0.07144964 0.1275164
v -0.1074097 -0.06456053 0.1181286
v -0.08183828 -0.07712436 0.1486507
v -0.08597174 -0.07831535 0.1507992
v -0.07256722 -0.07294422 0.1951695
v -0.06869066 -0.07264063 0.1952396
v -0.06392667 -0.06761977 0.2372046
v -0.0602603 -0.06822693 0.2379519
v -0.1213046 -0.05727446 0.1162837
v -0.1183154 -0.05547631 0.112267
v -0.1288708 -0.03861555 0.1096281
v -0.1327474 -0.04081073 0.1130376
v -0.1376515 -0.0182519 0.1093246
v -0.144564 -0.01832196 0.1128275
v -0.0001968145 0.1334947 0.09015191
v -0.05717772 0.1199501 0.09015191
v -0.0001968145 -0.01005507 0.1685473
v -0.110679 0.08419693 0.09017524
v -0.1354797 0.03485242 0.09026864
v -0.1384455 -0.01783156 0.09026864
v -0.1285205 -0.04552799 0.09022194
v -0.1124538 -0.07233703 0.09019861
v -0.07933953 -0.09323782 0.09024531
v -0.04316601 -0.1036532 0.09031537
v -0.0001968145 -0.1107291 0.09040877
v -0.05549631 0.01663721 0.3645008
v -0.05337119 0.0002201796 0.3579153
v -0.05358139 -0.0002935827 0.3636602
v -0.05358139 0.01530612 0.3699421
v -0.05568314 0.02179819 0.3779988
v -0.05757472 0.01824856 0.3580788
v -0.05344126 0.0007573068 0.3521239
v -0.05981657 0.02389994 0.3707594
v -0.06182492 0.01556298 0.390656
v -0.05586994 0.01497915 0.3958403
v -0.06219858 -0.002208501 0.4001606
v -0.05626696 -0.002371997 0.4034066
v -0.06404343 0.01948625 0.3434366
v -0.05766812 0.001994997 0.3414516
v -0.07107264 0.02044371 0.3281171
v -0.06528115 0.004073381 0.3237268
v -0.08076406 0.02621186 0.3343523
v -0.07280076 0.02544123 0.3482706
v -0.09131953 0.02049044 0.3414516
v -0.08419693 0.01997668 0.3551597
v -0.0907357 0.00264886 0.3605075
v -0.0992595 0.004423678 0.3460054
v -0.08450052 -0.01493579 0.3555567
v -0.09206682 -0.01227358 0.3412881
v -0.07312769 -0.02177817 0.3486676
v -0.08146465 -0.01892912 0.3341889
v -0.06458056 -0.01465556 0.3436
v -0.0719367 -0.01182988 0.3280471
v -0.05766812 0.001994997 0.3414516
v -0.06528115 0.004073381 0.3237268
v -0.06184828 -0.01720104 0.3896752
v -0.05986327 -0.02516434 0.3710163
v -0.05811182 -0.01689744 0.3576118
v -0.0558466 -0.01675731 0.3639404
v -0.05603343 -0.02530447 0.3768311
v -0.05337119 0.0002201796 0.3579153
v -0.05358139 -0.0002935827 0.3636602
v -0.05358139 -0.01661721 0.3702456
v -0.05344126 0.0007573068 0.3521239
v -0.05610347 -0.01869559 0.3945793
v -0.08464062 0.02165806 0.3022189
v -0.07875571 0.006852388 0.2987393
v -0.06528115 0.004073381 0.3237268
v -0.07107264 0.02044371 0.3281171
v -0.0957799 0.0288274 0.3092948
v -0.08076406 0.02621186 0.3343523
v -0.09131953 0.02049044 0.3414516
v -0.1068258 0.02135447 0.3158569
v -0.0992595 0.004423678 0.3460054
v -0.1137149 0.00713262 0.3194532
v -0.09206682 -0.01227358 0.3412881
v -0.1076198 -0.00769642 0.3158802
v -0.08146465 -0.01892912 0.3341889
v -0.09594339 -0.01472563 0.3086643
v -0.0719367 -0.01182988 0.3280471
v -0.08543462 -0.007369488 0.3022656
v -0.06528115 0.004073381 0.3237268
v -0.07875571 0.006852388 0.2987393
v -0.09965646 0.0290609 0.3030128
v -0.08821362 0.02193829 0.2957501
v -0.1103521 0.02161136 0.3093648
v -0.117031 0.007739782 0.3128444
v -0.1111227 -0.006715596 0.3093648
v -0.09974992 -0.0137448 0.3023123
v -0.08903095 -0.006365329 0.2957968
v -0.08242211 0.007506251 0.2922939
v -0.1038367 0.0292244 0.2958435
v -0.09225366 0.02224189 0.2885107
v -0.1224489 0.02817351 0.2617484
v -0.1114263 0.02242872 0.2553964
v -0.1338917 0.0210042 0.2185224
v -0.1437933 0.02567476 0.224454
v -0.1328175 0.02226526 0.2678668
v -0.1536949 0.0210042 0.230549
v -0.1380485 0.009724766 0.2707159
v -0.1577817 0.009724766 0.2331412
v -0.1535081 -0.001578003 0.230549
v -0.1330977 -0.003002524 0.2678435
v -0.1297816 0.009724766 0.216117
v -0.1065689 0.009724766 0.2525474
v -0.08662561 0.008160144 0.2851246
v -0.1142753 0.02191496 0.3020787
v -0.1207441 0.008346975 0.3054649
v -0.1150227 -0.005758137 0.3020554
v -0.1039067 -0.01264721 0.2951196
v -0.1224489 -0.008723944 0.2614215
v -0.09309435 -0.00540784 0.2885575
v -0.1117766 -0.002815694 0.2553964
v -0.1065689 0.009724766 0.2525474
v -0.08662561 0.008160144 0.2851246
v -0.1338917 -0.001578003 0.2185224
v -0.1297816 0.009724766 0.216117
v -0.1437933 -0.006248564 0.224454
v -0.1352229 0.02121437 0.2154631
v -0.1394964 0.02121437 0.2027592
v -0.1330744 0.009724766 0.2047442
v -0.130996 0.009724766 0.2129877
v -0.1485106 0.02095747 0.2099752
v -0.1455214 0.02574483 0.2217917
v -0.1619618 0.02121437 0.2159069
v -0.1555164 0.02121437 0.2277934
v -0.1660719 0.01652044 0.2265557
v -0.1599301 0.010005 0.2308059
v -0.1673563 0.01042536 0.2272563
v -0.1677766 0.01824856 0.2217917
v -0.1686641 0.01691744 0.2121003
v -0.1702988 0.01285404 0.220951
v -0.1714197 0.01138282 0.2123105
v -0.1367875 0.01374146 0.1982054
v -0.1353396 0.009724766 0.1957767
v -0.140991 0.01390493 0.1915498
v -0.1409676 0.009724766 0.1908259
v -0.1430227 0.01374146 0.1908259
v -0.1440735 0.007296085 0.1893314
v -0.1464089 0.0132744 0.190896
v -0.1483705 0.005194336 0.1907792
v -0.1529943 0.006478727 0.1965941
v -0.1520368 -0.001180977 0.1974347
v -0.1630828 0.01297081 0.2027358
v -0.1658851 0.006385326 0.2036933
v -0.1566374 0.009117603 0.198906
v -0.1586691 0.002181828 0.2002371
v -0.1452646 -0.00655213 0.2214882
v -0.1485339 -0.00655213 0.2098818
v -0.1619385 -0.001484573 0.2162805
v -0.155353 -0.001764804 0.2277934
v -0.1352462 -0.001788169 0.2154865
v -0.1415748 -0.002839029 0.2037867
v -0.1394964 -0.001788169 0.2027592
v -0.1380719 -0.0005738139 0.2024789
v -0.130996 0.009724766 0.2129877
v -0.1330744 0.009724766 0.2047442
v -0.1520368 -0.001180977 0.1974347
v -0.1483705 0.005194336 0.1907792
v -0.1409676 0.009724766 0.1908259
v -0.1440735 0.007296085 0.1893314
v -0.1353396 0.009724766 0.1957767
v -0.1673563 0.01042536 0.2272563
v -0.1599301 0.010005 0.2308059
v -0.1714197 0.01138282 0.2123105
v -0.1702988 0.01285404 0.220951
v -0.154559 -0.001788169 0.2291712
v -0.158926 0.009724766 0.2318335
v -0.1577817 0.009724766 0.2331412
v -0.1535081 -0.001578003 0.230549
v -0.1446574 -0.00655213 0.2229594
v -0.1437933 -0.006248564 0.224454
v -0.1345689 -0.001788169 0.2169344
v -0.1338917 -0.001578003 0.2185224
v -0.1303888 0.009724766 0.2144589
v -0.1297816 0.009724766 0.216117
v -0.1658851 0.006385326 0.2036933
v -0.1586691 0.002181828 0.2002371
v -0.1297816 0.009724766 0.216117
v -0.1338917 0.0210042 0.2185224
v -0.1345689 0.02121437 0.2169344
v -0.1303888 0.009724766 0.2144589
v -0.1446574 0.02597833 0.2229594
v -0.1437933 0.02567476 0.224454
v -0.1547458 0.02121437 0.2291712
v -0.1536949 0.0210042 0.230549
v -0.158926 0.009724766 0.2318335
v -0.1577817 0.009724766 0.2331412
v -0.08242211 0.007506251 0.2922939
vt 0.06681186 0.2766929
vt 0.01604992 0.2766929
vt 0.01507373 0.3313596
vt 0.06583567 0.3313596
vt 0.01604992 0.2161691
vt 0.06681186 0.2161691
vt 0.06583567 0.1585738
vt 0.06583567 0.2064072
vt 0.0180023 0.2064072
vt 0.4709549 0.7852885
vt 0.4709549 0.7833361
vt 0.4543597 0.7833361
vt 0.4543597 0.7852885
vt 0.4709549 0.7608837
vt 0.4543597 0.7608837
vt 0.4543597 0.7628361
vt 0.4709549 0.7628361
vt 0.5422169 0.8497171
vt 0.5802884 0.8497171
vt 0.5802884 0.9014552
vt 0.5422169 0.9014552
vt 0.4514311 0.7833361
vt 0.4543597 0.7833361
vt 0.4543597 0.7628361
vt 0.4514311 0.7628361
vt 0.4543597 0.7833361
vt 0.4709549 0.7833361
vt 0.4709549 0.7628361
vt 0.4543597 0.7628361
vt 0.4709549 0.7833361
vt 0.4748597 0.7833361
vt 0.4748597 0.7628361
vt 0.4709549 0.7628361
vt 0.06681186 0.2766929
vt 0.06583567 0.3313596
vt 0.01507373 0.3313596
vt 0.01604992 0.2766929
vt 0.01604992 0.2161691
vt 0.06681186 0.2161691
vt 0.06583567 0.1585738
vt 0.0180023 0.2064072
vt 0.06583567 0.2064072
vt 0.4709549 0.7852885
vt 0.4543597 0.7852885
vt 0.4543597 0.7833361
vt 0.4709549 0.7833361
vt 0.4709549 0.7608837
vt 0.4709549 0.7628361
vt 0.4543597 0.7628361
vt 0.4543597 0.7608837
vt 0.5422169 0.8497171
vt 0.5422169 0.9014552
vt 0.5802884 0.9014552
vt 0.5802884 0.8497171
vt 0.4514311 0.7833361
vt 0.4514311 0.7628361
vt 0.4543597 0.7628361
vt 0.4543597 0.7833361
vt 0.4543597 0.7833361
vt 0.4543597 0.7628361
vt 0.4709549 0.7628361
vt 0.4709549 0.7833361
vt 0.4709549 0.7833361
vt 0.4709549 0.7628361
vt 0.4748597 0.7628361
vt 0.4748597 0.7833361
vt 0.4260502 0.4748597
vt 0.5197645 0.4748597
vt 0.5373359 0.5880979
vt 0.4709549 0.5861455
vt 0.6115265 0.5861455
vt 0.6339788 0.4748597
vt 0.6691217 0.5861455
vt 0.7481932 0.4748597
vt 0.5549074 0.6847408
vt 0.5109788 0.701336
vt 0.5617408 0.7140265
vt 0.5236693 0.7306218
vt 0.5705265 0.7335504
vt 0.5373359 0.7511218
vt 0.6027408 0.7130504
vt 0.593955 0.6954789
vt 0.6115265 0.726717
vt 0.5422169 0.7560027
vt 0.5812646 0.7394075
vt 0.6261693 0.6876694
vt 0.6369075 0.701336
vt 0.6525265 0.6788837
vt 0.6476455 0.7394075
vt 0.6408122 0.7394075
vt 0.6339788 0.665217
vt 0.5959074 0.6681455
vt 0.7481932 0.685717
vt 0.7130504 0.634955
vt 0.7481932 0.6105503
vt 0.6017646 0.7394075
vt 0.6203122 0.7394075
vt 0.5656455 0.7901694
vt 0.5265979 0.7901694
vt 0.5265979 0.8292171
vt 0.5656455 0.8292171
vt 0.5265979 0.7667409
vt 0.5656455 0.7667409
vt 0.5968836 0.7901694
vt 0.5968836 0.7667409
vt 0.4943835 0.7901694
vt 0.4943835 0.7667409
vt 0.2942643 0.3303834
vt 0.2659548 0.2386215
vt 0.2181215 0.2503358
vt 0.2288596 0.3303834
vt 0.1702881 0.2561929
vt 0.15955 0.3303834
vt 0.1244071 0.2454548
vt 0.08438329 0.3303834
vt 0.2093357 0.1712643
vt 0.2405739 0.1615024
vt 0.1536929 0.1780976
vt 0.1370976 0.1683357
vt 0.1790738 0.1780976
vt 0.08438329 0.2425262
vt 0.09902616 0.2220262
vt 0.08438329 0.20055
vt 0.1214786 0.1419786
vt 0.4260502 0.4748597
vt 0.4709549 0.5861455
vt 0.5373359 0.5880979
vt 0.5197645 0.4748597
vt 0.6115265 0.5861455
vt 0.6339788 0.4748597
vt 0.6691217 0.5861455
vt 0.7481932 0.4748597
vt 0.5549074 0.6847408
vt 0.5109788 0.701336
vt 0.5617408 0.7140265
vt 0.5236693 0.7306218
vt 0.5705265 0.7335504
vt 0.5373359 0.7511218
vt 0.6027408 0.7130504
vt 0.593955 0.6954789
vt 0.6115265 0.726717
vt 0.5422169 0.7560027
vt 0.5812646 0.7394075
vt 0.6261693 0.6876694
vt 0.6369075 0.701336
vt 0.6408122 0.7394075
vt 0.6525265 0.6788837
vt 0.6476455 0.7394075
vt 0.6339788 0.665217
vt 0.5959074 0.6681455
vt 0.7481932 0.685717
vt 0.7130504 0.634955
vt 0.7481932 0.6105503
vt 0.6017646 0.7394075
vt 0.6203122 0.7394075
vt 0.5265979 0.8292171
vt 0.5265979 0.7901694
vt 0.5656455 0.7901694
vt 0.5656455 0.8292171
vt 0.5265979 0.7667409
vt 0.5656455 0.7667409
vt 0.5968836 0.7901694
vt 0.5968836 0.7667409
vt 0.4943835 0.7901694
vt 0.4943835 0.7667409
vt 0.2942643 0.3303834
vt 0.2288596 0.3303834
vt 0.2181215 0.2503358
vt 0.2659548 0.2386215
vt 0.1702881 0.2561929
vt 0.15955 0.3303834
vt 0.1244071 0.2454548
vt 0.08438329 0.3303834
vt 0.2093357 0.1712643
vt 0.2405739 0.1615024
vt 0.1536929 0.1780976
vt 0.1370976 0.1683357
vt 0.1790738 0.1780976
vt 0.08438329 0.2425262
vt 0.09902616 0.2220262
vt 0.08438329 0.20055
vt 0.1214786 0.1419786
vt 0.2630262 0.1536929
vt 0.2386215 0.07754996
vt 0.3411215 0.07657376
vt 0.3411215 0.1536929
vt 0.3411215 0.2122643
vt 0.2845024 0.2122643
vt 0.3411215 0.2640024
vt 0.3059787 0.2640024
vt 0.3411215 0.333312
vt 0.3665025 0.2747405
vt 0.3665025 0.2366691
vt 0.4094549 0.2366691
vt 0.4094549 0.2747405
vt 0.4094549 0.1985977
vt 0.3665025 0.1985977
vt 0.4094549 0.1634548
vt 0.3665025 0.1634548
vt 0.3665025 0.11855
vt 0.4094549 0.11855
vt 0.3665025 0.07462138
vt 0.4094549 0.07462138
vt 0.9756457 0.5441693
vt 0.9756457 0.5646693
vt 0.9854077 0.5646693
vt 0.9854077 0.5441693
vt 0.9756457 0.5822408
vt 0.9854077 0.5822408
vt 0.9854077 0.6056693
vt 0.9756457 0.6056693
vt 0.9854077 0.6290979
vt 0.9756457 0.6290979
vt 0.9854077 0.5246454
vt 0.9756457 0.5246454
vt 0.2630262 0.1536929
vt 0.3411215 0.1536929
vt 0.3411215 0.07657376
vt 0.2386215 0.07754996
vt 0.3411215 0.2122643
vt 0.2845024 0.2122643
vt 0.3411215 0.2640024
vt 0.3059787 0.2640024
vt 0.3411215 0.333312
vt 0.4094549 0.2366691
vt 0.3665025 0.2366691
vt 0.3665025 0.2747405
vt 0.4094549 0.2747405
vt 0.4094549 0.1985977
vt 0.3665025 0.1985977
vt 0.4094549 0.1634548
vt 0.3665025 0.1634548
vt 0.3665025 0.11855
vt 0.4094549 0.11855
vt 0.3665025 0.07462138
vt 0.4094549 0.07462138
vt 0.9854077 0.5646693
vt 0.9756457 0.5646693
vt 0.9756457 0.5441693
vt 0.9854077 0.5441693
vt 0.9756457 0.5822408
vt 0.9854077 0.5822408
vt 0.9854077 0.6056693
vt 0.9756457 0.6056693
vt 0.9854077 0.6290979
vt 0.9756457 0.6290979
vt 0.9854077 0.5246454
vt 0.9756457 0.5246454
vt 0.8790028 0.4289787
vt 0.88486 0.4270263
vt 0.8809552 0.420193
vt 0.8760743 0.4221454
vt 0.8731457 0.4143358
vt 0.8790028 0.4123835
vt 0.875098 0.4045739
vt 0.8692409 0.4065263
vt 0.8721695 0.3967644
vt 0.8672885 0.3987168
vt 0.8692409 0.3879787
vt 0.8633838 0.3899311
vt 0.8663123 0.3801692
vt 0.8614314 0.3821216
vt 0.8819314 0.4367883
vt 0.8868123 0.4338597
vt 0.859479 0.3782168
vt 0.8555743 0.3684549
vt 0.859479 0.3606454
vt 0.8536218 0.3625977
vt 0.8497171 0.3528358
vt 0.8555743 0.3508834
vt 0.8467885 0.3460025
vt 0.8526456 0.3440501
vt 0.8448361 0.3401453
vt 0.8506933 0.3381929
vt 0.8419076 0.3323358
vt 0.8477647 0.3303834
vt 0.838979 0.3264787
vt 0.8448361 0.3245263
vt 0.8370266 0.3196453
vt 0.8419076 0.3176929
vt 0.834098 0.312812
vt 0.8399552 0.3108596
vt 0.8487409 0.3772406
vt 0.8555743 0.3752882
vt 0.1585738 0.6183598
vt 0.1556453 0.6359313
vt 0.2034786 0.6427646
vt 0.2122643 0.6085979
vt 0.1712643 0.5968836
vt 0.1937167 0.5861455
vt 0.2181215 0.5861455
vt 0.2435024 0.5949312
vt 0.2542405 0.619336
vt 0.2581453 0.6076217
vt 0.2640024 0.6203122
vt 0.2688834 0.6378837
vt 0.2532643 0.639836
vt 0.1615024 0.6632646
vt 0.1927405 0.6730265
vt 0.18005 0.6798599
vt 0.1995738 0.6866932
vt 0.2220262 0.6847408
vt 0.2435024 0.6681455
vt 0.251312 0.6271455
vt 0.2444786 0.6203122
vt 0.2415501 0.6271455
vt 0.1331929 0.6456932
vt 0.1058595 0.6456932
vt 0.1058595 0.6486217
vt 0.1058595 0.639836
vt 0.1331929 0.639836
vt 0.1263595 0.5920026
vt 0.1058595 0.5920026
vt 0.1263595 0.5822408
vt 0.1058595 0.5822408
vt 0.08633567 0.5822408
vt 0.08633567 0.5920026
vt 0.08047853 0.6456932
vt 0.08047853 0.639836
vt 0.08047853 0.593955
vt 0.08047853 0.5920026
vt 0.1331929 0.593955
vt 0.1331929 0.5920026
vt 0.7765028 0.6134788
vt 0.7804075 0.614455
vt 0.7716218 0.614455
vt 0.7804075 0.6212884
vt 0.7716218 0.6212884
vt 0.7804075 0.6339788
vt 0.7716218 0.6339788
vt 0.7716218 0.6456932
vt 0.7804075 0.6456932
vt 0.7804075 0.6554551
vt 0.7716218 0.6554551
vt 0.7765028 0.6564313
vt 0.1058595 0.6486217
vt 0.1058595 0.6456932
vt 0.1331929 0.6456932
vt 0.1058595 0.639836
vt 0.08047853 0.6456932
vt 0.08047853 0.639836
vt 0.08633567 0.5920026
vt 0.1058595 0.5920026
vt 0.08633567 0.5822408
vt 0.1058595 0.5822408
vt 0.1263595 0.5822408
vt 0.1263595 0.5920026
vt 0.1331929 0.639836
vt 0.08047853 0.593955
vt 0.08047853 0.5920026
vt 0.1331929 0.593955
vt 0.1331929 0.5920026
vt 0.7716218 0.614455
vt 0.7804075 0.614455
vt 0.7765028 0.6134788
vt 0.7804075 0.6212884
vt 0.7716218 0.6212884
vt 0.7804075 0.6339788
vt 0.7716218 0.6339788
vt 0.7716218 0.6456932
vt 0.7804075 0.6456932
vt 0.7804075 0.6554551
vt 0.7716218 0.6554551
vt 0.7765028 0.6564313
vt 0.8048123 0.6564313
vt 0.8048123 0.6437408
vt 0.7960266 0.6437408
vt 0.7960266 0.6564313
vt 0.7960266 0.6310503
vt 0.8048123 0.6310503
vt 0.8038361 0.6134788
vt 0.8038361 0.6105503
vt 0.7960266 0.6105503
vt 0.7960266 0.6134788
vt 0.7960266 0.5763836
vt 0.8038361 0.5763836
vt 0.8038361 0.5588121
vt 0.7960266 0.5588121
vt 0.7960266 0.593955
vt 0.8038361 0.593955
vt 0.7716218 0.5412407
vt 0.7716218 0.5451455
vt 0.7784551 0.5451455
vt 0.7784551 0.5412407
vt 0.7784551 0.5861455
vt 0.7716218 0.5861455
vt 0.7784551 0.593955
vt 0.7716218 0.593955
vt 0.8038361 0.5588121
vt 0.8038361 0.5431931
vt 0.7960266 0.5431931
vt 0.7960266 0.5588121
vt 0.7784551 0.593955
vt 0.7784551 0.5861455
vt 0.7716218 0.5861455
vt 0.7716218 0.593955
vt 0.7716218 0.5451455
vt 0.7784551 0.5451455
vt 0.7784551 0.5451455
vt 0.7784551 0.5412407
vt 0.7716218 0.5412407
vt 0.7716218 0.5451455
vt 0.8038361 0.6105503
vt 0.8038361 0.593955
vt 0.7960266 0.593955
vt 0.7960266 0.6105503
vt 0.8038361 0.5431931
vt 0.8038361 0.5392883
vt 0.7960266 0.5392883
vt 0.7960266 0.5431931
vt 0.1331929 0.6456932
vt 0.1058595 0.6486217
vt 0.1058595 0.6456932
vt 0.1058595 0.639836
vt 0.1331929 0.639836
vt 0.1263595 0.5920026
vt 0.1058595 0.5920026
vt 0.1263595 0.5822408
vt 0.1058595 0.5822408
vt 0.08633567 0.5822408
vt 0.08633567 0.5920026
vt 0.08047853 0.6456932
vt 0.08047853 0.639836
vt 0.08047853 0.593955
vt 0.08047853 0.5920026
vt 0.1331929 0.593955
vt 0.1331929 0.5920026
vt 0.7765028 0.6134788
vt 0.7716218 0.614455
vt 0.7804075 0.614455
vt 0.7804075 0.6212884
vt 0.7716218 0.6212884
vt 0.7804075 0.6339788
vt 0.7716218 0.6339788
vt 0.7716218 0.6456932
vt 0.7804075 0.6456932
vt 0.7804075 0.6554551
vt 0.7716218 0.6554551
vt 0.7765028 0.6564313
vt 0.1058595 0.6486217
vt 0.1331929 0.6456932
vt 0.1058595 0.6456932
vt 0.1058595 0.639836
vt 0.08047853 0.6456932
vt 0.08047853 0.639836
vt 0.08633567 0.5920026
vt 0.1058595 0.5920026
vt 0.08633567 0.5822408
vt 0.1058595 0.5822408
vt 0.1263595 0.5822408
vt 0.1263595 0.5920026
vt 0.1331929 0.639836
vt 0.08047853 0.593955
vt 0.08047853 0.5920026
vt 0.1331929 0.593955
vt 0.1331929 0.5920026
vt 0.7716218 0.614455
vt 0.7765028 0.6134788
vt 0.7804075 0.614455
vt 0.7804075 0.6212884
vt 0.7716218 0.6212884
vt 0.7804075 0.6339788
vt 0.7716218 0.6339788
vt 0.7716218 0.6456932
vt 0.7804075 0.6456932
vt 0.7804075 0.6554551
vt 0.7716218 0.6554551
vt 0.7765028 0.6564313
vt 0.8048123 0.6564313
vt 0.7960266 0.6564313
vt 0.7960266 0.6437408
vt 0.8048123 0.6437408
vt 0.7960266 0.6310503
vt 0.8048123 0.6310503
vt 0.8038361 0.6134788
vt 0.7960266 0.6134788
vt 0.7960266 0.6105503
vt 0.8038361 0.6105503
vt 0.7960266 0.5763836
vt 0.7960266 0.5588121
vt 0.8038361 0.5588121
vt 0.8038361 0.5763836
vt 0.7960266 0.593955
vt 0.8038361 0.593955
vt 0.7716218 0.5412407
vt 0.7784551 0.5412407
vt 0.7784551 0.5451455
vt 0.7716218 0.5451455
vt 0.7784551 0.5861455
vt 0.7716218 0.5861455
vt 0.7784551 0.593955
vt 0.7716218 0.593955
vt 0.8038361 0.5588121
vt 0.7960266 0.5588121
vt 0.7960266 0.5431931
vt 0.8038361 0.5431931
vt 0.7784551 0.593955
vt 0.7716218 0.593955
vt 0.7716218 0.5861455
vt 0.7784551 0.5861455
vt 0.7716218 0.5451455
vt 0.7784551 0.5451455
vt 0.7784551 0.5451455
vt 0.7716218 0.5451455
vt 0.7716218 0.5412407
vt 0.7784551 0.5412407
vt 0.8038361 0.6105503
vt 0.7960266 0.6105503
vt 0.7960266 0.593955
vt 0.8038361 0.593955
vt 0.8038361 0.5431931
vt 0.7960266 0.5431931
vt 0.7960266 0.5392883
vt 0.8038361 0.5392883
vt 0.9610029 0.793098
vt 0.9610029 0.7589313
vt 0.8428838 0.793098
vt 0.8614314 0.7179313
vt 0.9610029 0.7179313
vt 0.8907171 0.6535027
vt 0.9610029 0.6535027
vt 0.9610029 0.6046931
vt 0.90536 0.6046931
vt 0.9610029 0.5461217
vt 0.9141457 0.5675979
vt 0.9297647 0.5461217
vt 0.9317172 0.4875502
vt 0.9610029 0.4875502
vt 0.9610029 0.4299549
vt 0.9141457 0.4875502
vt 0.9141457 0.5461217
vt 0.9034076 0.4299549
vt 0.9610029 0.3713835
vt 0.8877885 0.3713835
vt 0.9610029 0.3050025
vt 0.8790028 0.3050025
vt 0.9121933 0.5656455
vt 0.4280025 0.08145472
vt 0.4280025 0.07169281
vt 0.507074 0.07169281
vt 0.507074 0.08145472
vt 0.5812646 0.07169281
vt 0.5812646 0.08145472
vt 0.6486217 0.07169281
vt 0.6486217 0.08145472
vt 0.6935265 0.07169281
vt 0.6935265 0.08145472
vt 0.02093088 0.660336
vt 0.02581183 0.6915742
vt 0.02093088 0.6915742
vt 0.03362136 0.6915742
vt 0.06095471 0.660336
vt 0.05216899 0.6915742
vt 0.02093088 0.5851693
vt 0.06095471 0.5851693
vt 0.02093088 0.5129312
vt 0.06095471 0.5129312
vt 0.02093088 0.4358121
vt 0.06095471 0.4358121
vt 0.06095471 0.3577168
vt 0.02093088 0.3577168
vt 0.06095471 0.6915742
vt 0.425074 0.6095741
vt 0.4387406 0.598836
vt 0.4485025 0.6154312
vt 0.4260502 0.6222646
vt 0.4553359 0.6290979
vt 0.4270263 0.639836
vt 0.4641216 0.6505741
vt 0.4309311 0.6632646
vt 0.4748597 0.6749789
vt 0.4377644 0.6886455
vt 0.4475264 0.7120742
vt 0.4826692 0.6984075
vt 0.4602168 0.7325742
vt 0.491455 0.7198837
vt 0.4690025 0.7452646
vt 0.4973121 0.7394075
vt 0.3987168 0.644717
vt 0.3909073 0.6740027
vt 0.4387406 0.7413599
vt 0.4153121 0.7257408
vt 0.3977406 0.7042646
vt 0.4123835 0.6232408
vt 0.879979 0.5949312
vt 0.8272647 0.5949312
vt 0.8272647 0.5451455
vt 0.8585028 0.6632646
vt 0.8272647 0.6632646
vt 0.8272647 0.7247646
vt 0.6847408 0.8809552
vt 0.6700979 0.8604552
vt 0.6593598 0.8682647
vt 0.6554551 0.879979
vt 0.6574075 0.88486
vt 0.660336 0.8907171
vt 0.6632646 0.8955981
vt 0.6710742 0.9034076
vt 0.6827884 0.9063362
vt 0.6945027 0.90536
vt 0.7032884 0.9014552
vt 0.6554551 0.8585028
vt 0.6700979 0.8604552
vt 0.6632646 0.8526456
vt 0.6593598 0.8682647
vt 0.6525265 0.8682647
vt 0.6554551 0.879979
vt 0.9844314 0.7530742
vt 0.9756457 0.7530742
vt 0.9756457 0.7355027
vt 0.9844314 0.7355027
vt 0.9756457 0.7237884
vt 0.9844314 0.7237884
vt 0.9756457 0.7169551
vt 0.9844314 0.7169551
vt 0.9756457 0.6984075
vt 0.9844314 0.6984075
vt 0.9756457 0.680836
vt 0.9844314 0.680836
vt 0.9756457 0.6622884
vt 0.9844314 0.6622884
vt 0.9756457 0.6437408
vt 0.9844314 0.6437408
vt 0.9844314 0.7667409
vt 0.9756457 0.7667409
vt 0.9844314 0.7804075
vt 0.9756457 0.7804075
vt 0.9844314 0.793098
vt 0.9756457 0.793098
vt 0.4338597 0.3235501
vt 0.4338597 0.312812
vt 0.5265979 0.312812
vt 0.5265979 0.3235501
vt 0.6154312 0.312812
vt 0.6154312 0.3235501
vt 0.6935265 0.312812
vt 0.6935265 0.3235501
vt 0.7472171 0.312812
vt 0.7472171 0.3235501
vt 0.5265979 0.312812
vt 0.5265979 0.3235501
vt 0.4338597 0.3235501
vt 0.4338597 0.312812
vt 0.6154312 0.312812
vt 0.6154312 0.3235501
vt 0.6935265 0.312812
vt 0.6935265 0.3235501
vt 0.7472171 0.312812
vt 0.7472171 0.3235501
vt 0.9610029 0.793098
vt 0.8428838 0.793098
vt 0.9610029 0.7589313
vt 0.8614314 0.7179313
vt 0.9610029 0.7179313
vt 0.8907171 0.6535027
vt 0.9610029 0.6535027
vt 0.9610029 0.6046931
vt 0.90536 0.6046931
vt 0.9610029 0.5461217
vt 0.9141457 0.5675979
vt 0.9297647 0.5461217
vt 0.9317172 0.4875502
vt 0.9610029 0.4875502
vt 0.9610029 0.4299549
vt 0.9141457 0.4875502
vt 0.9141457 0.5461217
vt 0.9034076 0.4299549
vt 0.9610029 0.3713835
vt 0.8877885 0.3713835
vt 0.9610029 0.3050025
vt 0.8790028 0.3050025
vt 0.9121933 0.5656455
vt 0.507074 0.07169281
vt 0.4280025 0.07169281
vt 0.4280025 0.08145472
vt 0.507074 0.08145472
vt 0.5812646 0.07169281
vt 0.5812646 0.08145472
vt 0.6486217 0.07169281
vt 0.6486217 0.08145472
vt 0.6935265 0.07169281
vt 0.6935265 0.08145472
vt 0.02093088 0.660336
vt 0.02093088 0.6915742
vt 0.02581183 0.6915742
vt 0.03362136 0.6915742
vt 0.06095471 0.660336
vt 0.05216899 0.6915742
vt 0.02093088 0.5851693
vt 0.06095471 0.5851693
vt 0.02093088 0.5129312
vt 0.06095471 0.5129312
vt 0.02093088 0.4358121
vt 0.06095471 0.4358121
vt 0.06095471 0.3577168
vt 0.02093088 0.3577168
vt 0.06095471 0.6915742
vt 0.425074 0.6095741
vt 0.4260502 0.6222646
vt 0.4485025 0.6154312
vt 0.4387406 0.598836
vt 0.4553359 0.6290979
vt 0.4270263 0.639836
vt 0.4641216 0.6505741
vt 0.4309311 0.6632646
vt 0.4748597 0.6749789
vt 0.4377644 0.6886455
vt 0.4475264 0.7120742
vt 0.4826692 0.6984075
vt 0.4602168 0.7325742
vt 0.491455 0.7198837
vt 0.4690025 0.7452646
vt 0.4973121 0.7394075
vt 0.3987168 0.644717
vt 0.3909073 0.6740027
vt 0.4387406 0.7413599
vt 0.4153121 0.7257408
vt 0.3977406 0.7042646
vt 0.4123835 0.6232408
vt 0.879979 0.5949312
vt 0.8272647 0.5451455
vt 0.8272647 0.5949312
vt 0.8585028 0.6632646
vt 0.8272647 0.6632646
vt 0.8272647 0.7247646
vt 0.6847408 0.8809552
vt 0.6593598 0.8682647
vt 0.6700979 0.8604552
vt 0.6554551 0.879979
vt 0.6574075 0.88486
vt 0.660336 0.8907171
vt 0.6632646 0.8955981
vt 0.6710742 0.9034076
vt 0.6827884 0.9063362
vt 0.6945027 0.90536
vt 0.7032884 0.9014552
vt 0.6554551 0.8585028
vt 0.6632646 0.8526456
vt 0.6700979 0.8604552
vt 0.6593598 0.8682647
vt 0.6525265 0.8682647
vt 0.6554551 0.879979
vt 0.9844314 0.7530742
vt 0.9844314 0.7355027
vt 0.9756457 0.7355027
vt 0.9756457 0.7530742
vt 0.9756457 0.7237884
vt 0.9844314 0.7237884
vt 0.9756457 0.7169551
vt 0.9844314 0.7169551
vt 0.9756457 0.6984075
vt 0.9844314 0.6984075
vt 0.9756457 0.680836
vt 0.9844314 0.680836
vt 0.9756457 0.6622884
vt 0.9844314 0.6622884
vt 0.9756457 0.6437408
vt 0.9844314 0.6437408
vt 0.9844314 0.7667409
vt 0.9756457 0.7667409
vt 0.9844314 0.7804075
vt 0.9756457 0.7804075
vt 0.9844314 0.793098
vt 0.9756457 0.793098
vt 0.5265979 0.312812
vt 0.4338597 0.312812
vt 0.4338597 0.3235501
vt 0.5265979 0.3235501
vt 0.6154312 0.312812
vt 0.6154312 0.3235501
vt 0.6935265 0.312812
vt 0.6935265 0.3235501
vt 0.7472171 0.312812
vt 0.7472171 0.3235501
vt 0.4338597 0.3235501
vt 0.5265979 0.3235501
vt 0.5265979 0.312812
vt 0.4338597 0.312812
vt 0.6154312 0.312812
vt 0.6154312 0.3235501
vt 0.6935265 0.312812
vt 0.6935265 0.3235501
vt 0.7472171 0.312812
vt 0.7472171 0.3235501
vt 0.7218361 0.726717
vt 0.8067647 0.6798599
vt 0.8155504 0.6935265
vt 0.7530742 0.7628361
vt 0.6574075 0.8009076
vt 0.634955 0.7745504
vt 0.7530742 0.8419076
vt 0.6993837 0.859479
vt 0.7530742 0.8946219
vt 0.7198837 0.9024314
vt 0.7530742 0.9453838
vt 0.7355027 0.9522172
vt 0.7462409 0.9531934
vt 0.6115265 0.7862647
vt 0.6115265 0.8419076
vt 0.634955 0.8380028
vt 0.6115265 0.859479
vt 0.6222646 0.8585028
vt 0.6115265 0.8770505
vt 0.7218361 0.726717
vt 0.7530742 0.7628361
vt 0.8155504 0.6935265
vt 0.8067647 0.6798599
vt 0.6574075 0.8009076
vt 0.634955 0.7745504
vt 0.7530742 0.8419076
vt 0.6993837 0.859479
vt 0.7530742 0.8946219
vt 0.7198837 0.9024314
vt 0.7530742 0.9453838
vt 0.7355027 0.9522172
vt 0.7462409 0.9531934
vt 0.6115265 0.7862647
vt 0.6115265 0.8419076
vt 0.634955 0.8380028
vt 0.6115265 0.859479
vt 0.6222646 0.8585028
vt 0.6115265 0.8770505
vt 0.971741 0.1370976
vt 0.971741 0.1107405
vt 0.9473362 0.1107405
vt 0.9473362 0.1370976
vt 0.9248838 0.1107405
vt 0.9248838 0.1370976
vt 0.9024314 0.1370976
vt 0.9024314 0.1107405
vt 0.8760743 0.1370976
vt 0.8760743 0.1107405
vt 0.8516695 0.1107405
vt 0.8516695 0.1370976
vt 0.8292171 0.1370976
vt 0.8292171 0.1107405
vt 0.8067647 0.1370976
vt 0.8067647 0.1107405
vt 0.7823599 0.1107405
vt 0.7823599 0.1370976
vt 0.9473362 0.08731186
vt 0.9248838 0.08731186
vt 0.9024314 0.08731186
vt 0.8760743 0.08731186
vt 0.8516695 0.08731186
vt 0.8292171 0.08731186
vt 0.8067647 0.08731186
vt 0.7823599 0.08731186
vt 0.9473362 0.08145472
vt 0.971741 0.08731186
vt 0.971741 0.08145472
vt 0.9248838 0.08145472
vt 0.9024314 0.08145472
vt 0.8760743 0.08145472
vt 0.8516695 0.08145472
vt 0.8292171 0.08145472
vt 0.8067647 0.08145472
vt 0.7823599 0.08145472
vt 0.9473362 0.07462138
vt 0.971741 0.07462138
vt 0.9473362 0.04728803
vt 0.971741 0.04728803
vt 0.9248838 0.04728803
vt 0.9248838 0.07462138
vt 0.9024314 0.07462138
vt 0.9024314 0.04728803
vt 0.8760743 0.07462138
vt 0.8760743 0.04728803
vt 0.8516695 0.04728803
vt 0.8516695 0.07462138
vt 0.8292171 0.04728803
vt 0.8292171 0.07462138
vt 0.8067647 0.04728803
vt 0.8067647 0.07462138
vt 0.7823599 0.04728803
vt 0.7823599 0.07462138
vt 0.971741 0.01409754
vt 0.9248838 0.01409754
vt 0.9473362 0.01409754
vt 0.9024314 0.01409754
vt 0.8760743 0.01409754
vt 0.8292171 0.01409754
vt 0.8516695 0.01409754
vt 0.8067647 0.01409754
vt 0.7823599 0.01409754
vt 0.2122643 0.5636931
vt 0.2317881 0.5636931
vt 0.2317881 0.5305026
vt 0.2122643 0.5305026
vt 0.1946929 0.5305026
vt 0.1946929 0.5636931
vt 0.1771214 0.5636931
vt 0.1771214 0.5305026
vt 0.1566214 0.5636931
vt 0.1566214 0.5305026
vt 0.1361214 0.5305026
vt 0.1361214 0.5636931
vt 0.11855 0.5636931
vt 0.11855 0.5305026
vt 0.1009785 0.5636931
vt 0.1009785 0.5305026
vt 0.08243091 0.5305026
vt 0.08243091 0.5636931
vt 0.3176929 0.3616215
vt 0.312812 0.3713835
vt 0.328431 0.3713835
vt 0.328431 0.3567406
vt 0.3381929 0.3616215
vt 0.3420977 0.3713835
vt 0.3381929 0.3811454
vt 0.328431 0.3860263
vt 0.3176929 0.3811454
vt 0.9746695 0.1410024
vt 0.9541695 0.15955
vt 0.9278124 0.1673595
vt 0.9024314 0.1732167
vt 0.8760743 0.1741929
vt 0.8516695 0.1732167
vt 0.8262885 0.1663833
vt 0.8028599 0.1634548
vt 0.7813837 0.1410024
vt 0.9024314 0.2171453
vt 0.9278124 0.1829786
vt 0.8760743 0.2171453
vt 0.8516695 0.2171453
vt 0.8243361 0.1888357
vt 0.7657647 0.1712643
vt 0.7657647 0.1449071
vt 0.7950504 0.1907881
vt 0.7657647 0.1956691
vt 0.8223838 0.2171453
vt 0.793098 0.2171453
vt 0.7657647 0.2171453
vt 0.9278124 0.2025024
vt 0.9600267 0.2015262
vt 0.9580743 0.1810262
vt 0.9883362 0.1839548
vt 0.9883362 0.2034786
vt 0.9278124 0.2171453
vt 0.9600267 0.2171453
vt 0.9883362 0.2171453
vt 0.9883362 0.1683357
vt 0.9883362 0.143931
vt 0.971741 0.1370976
vt 0.9473362 0.1370976
vt 0.9473362 0.1107405
vt 0.971741 0.1107405
vt 0.9248838 0.1107405
vt 0.9248838 0.1370976
vt 0.9024314 0.1370976
vt 0.9024314 0.1107405
vt 0.8760743 0.1370976
vt 0.8760743 0.1107405
vt 0.8516695 0.1107405
vt 0.8516695 0.1370976
vt 0.8292171 0.1370976
vt 0.8292171 0.1107405
vt 0.8067647 0.1370976
vt 0.8067647 0.1107405
vt 0.7823599 0.1107405
vt 0.7823599 0.1370976
vt 0.971741 0.08731186
vt 0.9248838 0.08731186
vt 0.9473362 0.08731186
vt 0.9024314 0.08731186
vt 0.8760743 0.08731186
vt 0.8292171 0.08731186
vt 0.8516695 0.08731186
vt 0.8067647 0.08731186
vt 0.9473362 0.08145472
vt 0.971741 0.08145472
vt 0.9248838 0.08145472
vt 0.9024314 0.08145472
vt 0.8760743 0.08145472
vt 0.8516695 0.08145472
vt 0.8292171 0.08145472
vt 0.8067647 0.08145472
vt 0.7823599 0.08731186
vt 0.7823599 0.08145472
vt 0.9473362 0.07462138
vt 0.971741 0.07462138
vt 0.9473362 0.04728803
vt 0.971741 0.04728803
vt 0.9248838 0.04728803
vt 0.9248838 0.07462138
vt 0.9024314 0.07462138
vt 0.9024314 0.04728803
vt 0.8760743 0.07462138
vt 0.8760743 0.04728803
vt 0.8516695 0.04728803
vt 0.8516695 0.07462138
vt 0.8292171 0.04728803
vt 0.8292171 0.07462138
vt 0.8067647 0.04728803
vt 0.8067647 0.07462138
vt 0.7823599 0.04728803
vt 0.7823599 0.07462138
vt 0.971741 0.01409754
vt 0.9248838 0.01409754
vt 0.9473362 0.01409754
vt 0.9024314 0.01409754
vt 0.8760743 0.01409754
vt 0.8516695 0.01409754
vt 0.8292171 0.01409754
vt 0.8067647 0.01409754
vt 0.7823599 0.01409754
vt 0.2122643 0.5636931
vt 0.2122643 0.5305026
vt 0.2317881 0.5305026
vt 0.2317881 0.5636931
vt 0.1946929 0.5305026
vt 0.1946929 0.5636931
vt 0.1771214 0.5636931
vt 0.1771214 0.5305026
vt 0.1566214 0.5636931
vt 0.1566214 0.5305026
vt 0.1361214 0.5305026
vt 0.1361214 0.5636931
vt 0.11855 0.5636931
vt 0.11855 0.5305026
vt 0.1009785 0.5636931
vt 0.1009785 0.5305026
vt 0.08243091 0.5305026
vt 0.08243091 0.5636931
vt 0.3176929 0.3616215
vt 0.328431 0.3567406
vt 0.328431 0.3713835
vt 0.312812 0.3713835
vt 0.3381929 0.3616215
vt 0.3420977 0.3713835
vt 0.3381929 0.3811454
vt 0.328431 0.3860263
vt 0.3176929 0.3811454
vt 0.9746695 0.1410024
vt 0.9541695 0.15955
vt 0.9278124 0.1673595
vt 0.9024314 0.1732167
vt 0.8760743 0.1741929
vt 0.8516695 0.1732167
vt 0.8262885 0.1663833
vt 0.8028599 0.1634548
vt 0.7813837 0.1410024
vt 0.9024314 0.2171453
vt 0.9278124 0.1829786
vt 0.8760743 0.2171453
vt 0.8516695 0.2171453
vt 0.8243361 0.1888357
vt 0.7657647 0.1712643
vt 0.7657647 0.1449071
vt 0.7950504 0.1907881
vt 0.7657647 0.1956691
vt 0.8223838 0.2171453
vt 0.793098 0.2171453
vt 0.7657647 0.2171453
vt 0.9278124 0.2025024
vt 0.9600267 0.2015262
vt 0.9580743 0.1810262
vt 0.9883362 0.1839548
vt 0.9883362 0.2034786
vt 0.9278124 0.2171453
vt 0.9600267 0.2171453
vt 0.9883362 0.2171453
vt 0.9883362 0.1683357
vt 0.9883362 0.143931
vt 0.2630262 0.1536929
vt 0.3411215 0.1536929
vt 0.3411215 0.07657376
vt 0.2386215 0.07754996
vt 0.3411215 0.2122643
vt 0.2845024 0.2122643
vt 0.3411215 0.2640024
vt 0.3059787 0.2640024
vt 0.3411215 0.333312
vt 0.2630262 0.1536929
vt 0.2386215 0.07754996
vt 0.3411215 0.07657376
vt 0.3411215 0.1536929
vt 0.3411215 0.2122643
vt 0.2845024 0.2122643
vt 0.3411215 0.2640024
vt 0.3059787 0.2640024
vt 0.3411215 0.333312
vt 0.06681186 0.2766929
vt 0.06583567 0.3313596
vt 0.01507373 0.3313596
vt 0.01604992 0.2766929
vt 0.01604992 0.2161691
vt 0.06681186 0.2161691
vt 0.06583567 0.1585738
vt 0.0180023 0.2064072
vt 0.06583567 0.2064072
vt 0.06681186 0.2766929
vt 0.01604992 0.2766929
vt 0.01507373 0.3313596
vt 0.06583567 0.3313596
vt 0.01604992 0.2161691
vt 0.06681186 0.2161691
vt 0.06583567 0.1585738
vt 0.06583567 0.2064072
vt 0.0180023 0.2064072
vt 0.7218361 0.726717
vt 0.7530742 0.7628361
vt 0.8155504 0.6935265
vt 0.8067647 0.6798599
vt 0.6574075 0.8009076
vt 0.634955 0.7745504
vt 0.7530742 0.8419076
vt 0.6993837 0.859479
vt 0.7530742 0.8946219
vt 0.7198837 0.9024314
vt 0.7530742 0.9453838
vt 0.7355027 0.9522172
vt 0.7462409 0.9531934
vt 0.6115265 0.7862647
vt 0.6115265 0.8419076
vt 0.634955 0.8380028
vt 0.6115265 0.859479
vt 0.6222646 0.8585028
vt 0.6115265 0.8770505
vt 0.7218361 0.726717
vt 0.8067647 0.6798599
vt 0.8155504 0.6935265
vt 0.7530742 0.7628361
vt 0.6574075 0.8009076
vt 0.634955 0.7745504
vt 0.7530742 0.8419076
vt 0.6993837 0.859479
vt 0.7530742 0.8946219
vt 0.7198837 0.9024314
vt 0.7530742 0.9453838
vt 0.7355027 0.9522172
vt 0.7462409 0.9531934
vt 0.6115265 0.7862647
vt 0.6115265 0.8419076
vt 0.634955 0.8380028
vt 0.6115265 0.859479
vt 0.6222646 0.8585028
vt 0.6115265 0.8770505
vt 0.05900233 0.7325742
vt 0.07950234 0.7325742
vt 0.08243091 0.7120742
vt 0.05412137 0.711098
vt 0.04143089 0.7384313
vt 0.03264517 0.7169551
vt 0.0287404 0.7462409
vt 0.01312135 0.726717
vt 0.09902616 0.7345266
vt 0.1048833 0.7140265
vt 0.08731186 0.7530742
vt 0.07657376 0.752098
vt 0.1087881 0.7364789
vt 0.113669 0.7140265
vt 0.11855 0.7208599
vt 0.1253833 0.7179313
vt 0.1292881 0.711098
vt 0.1107405 0.6984075
vt 0.1302643 0.7042646
vt 0.1283119 0.6954789
vt 0.1253833 0.6847408
vt 0.1048833 0.6896217
vt 0.1224547 0.6788837
vt 0.1175738 0.6730265
vt 0.09804997 0.6818122
vt 0.07852615 0.7677171
vt 0.09609759 0.7569789
vt 0.1107405 0.6700979
vt 0.1039071 0.6691217
vt 0.09707378 0.6671694
vt 0.09414521 0.6730265
vt 0.08828805 0.6661932
vt 0.06974043 0.7638123
vt 0.06583567 0.7804075
vt 0.05900233 0.7745504
vt 0.0619309 0.7638123
vt 0.05412137 0.7667409
vt 0.0619309 0.752098
vt 0.05021661 0.7560027
vt 0.04728803 0.7696694
vt 0.0404547 0.7618599
vt 0.05216899 0.7765028
vt 0.3196453 0.7618599
vt 0.3362406 0.7276932
vt 0.3782168 0.7462409
vt 0.3577168 0.7823599
vt 0.246431 0.7891933
vt 0.2845024 0.7120742
vt 0.2064072 0.7833361
vt 0.2395977 0.7032884
vt 0.3342882 0.6691217
vt 0.3196453 0.6613122
vt 0.3059787 0.6574075
vt 0.2132405 0.8038361
vt 0.184931 0.8038361
vt 0.1575976 0.7891933
vt 0.2025024 0.8272647
vt 0.2220262 0.8223838
vt 0.246431 0.8048123
vt 0.287431 0.8038361
vt 0.2864548 0.8057885
vt 0.2815739 0.8145742
vt 0.3059787 0.8194551
vt 0.3176929 0.8096933
vt 0.3186691 0.8243361
vt 0.3313596 0.8145742
vt 0.3235501 0.8048123
vt 0.3264787 0.8028599
vt 0.3420977 0.8087171
vt 0.3391691 0.8106694
vt 0.2269072 0.8419076
vt 0.251312 0.8331218
vt 0.2483834 0.854598
vt 0.2249548 0.8536218
vt 0.3479549 0.7940742
vt 0.3752882 0.7950504
vt 0.358693 0.8057885
vt 0.3430739 0.8262885
vt 0.3274549 0.8380028
vt 0.3508834 0.8506933
vt 0.3625977 0.8477647
vt 0.3528358 0.8214076
vt 0.3323358 0.859479
vt 0.3557644 0.8790028
vt 0.333312 0.8838838
vt 0.3694311 0.8770505
vt 0.3733358 0.9034076
vt 0.3577168 0.9043838
vt 0.3694311 0.8477647
vt 0.3577168 0.8204314
vt 0.3811454 0.8419076
vt 0.3772406 0.8790028
vt 0.3957882 0.8682647
vt 0.3674787 0.818479
vt 0.3840739 0.813598
vt 0.399693 0.8380028
vt 0.4260502 0.8194551
vt 0.4328835 0.8331218
vt 0.4153121 0.8653361
vt 0.4055501 0.8897409
vt 0.4260502 0.8838838
vt 0.4475264 0.86436
vt 0.4524073 0.8770505
vt 0.3811454 0.9043838
vt 0.4143358 0.9102409
vt 0.4319073 0.9034076
vt 0.4231216 0.9356219
vt 0.4397168 0.9268362
vt 0.461193 0.9014552
vt 0.4641216 0.9121933
vt 0.3840739 0.9600267
vt 0.3830977 0.9297647
vt 0.374312 0.9287885
vt 0.3752882 0.9600267
vt 0.358693 0.9297647
vt 0.358693 0.9600267
vt 0.3342882 0.930741
vt 0.333312 0.9610029
vt 0.3342882 0.9073123
vt 0.3108596 0.9317172
vt 0.3137882 0.8877885
vt 0.287431 0.9190267
vt 0.2942643 0.9590505
vt 0.3089072 0.9610029
vt 0.2942643 0.88486
vt 0.2962167 0.8575266
vt 0.3118358 0.8487409
vt 0.2962167 0.8282409
vt 0.271812 0.8331218
vt 0.2766929 0.8223838
vt 0.2493596 0.8214076
vt 0.2845024 0.9580743
vt 0.266931 0.9561219
vt 0.2679072 0.9160981
vt 0.2659548 0.992241
vt 0.2435024 0.9522172
vt 0.2435024 0.992241
vt 0.2132405 0.992241
vt 0.2161691 0.9492886
vt 0.1693119 0.94636
vt 0.1673595 0.992241
vt 0.1283119 0.9483124
vt 0.1283119 0.992241
vt 0.05216899 0.992241
vt 0.05216899 0.9473362
vt 0.05997852 0.8985267
vt 0.1331929 0.8985267
vt 0.08047853 0.8399552
vt 0.1400262 0.8497171
vt 0.1751691 0.8633838
vt 0.1683357 0.9043838
vt 0.1146452 0.7979789
vt 0.1575976 0.8145742
vt 0.08535948 0.7940742
vt 0.03850231 0.838979
vt 0.01995469 0.8995028
vt 0.01604992 0.94636
vt 0.01409754 0.992241
vt 0.1888357 0.8370266
vt 0.2044548 0.875098
vt 0.2025024 0.9073123
vt 0.2230024 0.8770505
vt 0.2190977 0.9102409
vt 0.2132405 0.8536218
vt 0.143931 0.7345266
vt 0.2444786 0.9131695
vt 0.2698596 0.8819314
vt 0.2708358 0.8555743
vt 0.246431 0.879979
vt 0.5197645 0.992241
vt 0.5041454 0.992241
vt 0.5031692 0.9444076
vt 0.486574 0.8985267
vt 0.5012169 0.8780266
vt 0.4836454 0.8809552
vt 0.4885264 0.992241
vt 0.4709549 0.992241
vt 0.4514311 0.992241
vt 0.4348359 0.992241
vt 0.3840739 0.992241
vt 0.3752882 0.992241
vt 0.3577168 0.992241
vt 0.3323358 0.992241
vt 0.3089072 0.992241
vt 0.2932882 0.992241
vt 0.2835262 0.992241
vt 0.5002407 0.8692409
vt 0.5187883 0.8760743
vt 0.481693 0.8633838
vt 0.4797406 0.8477647
vt 0.4758359 0.8272647
vt 0.4982883 0.8575266
vt 0.4260502 0.7823599
vt 0.4006692 0.7882171
vt 0.4026216 0.7442884
vt 0.3879787 0.731598
vt 0.3782168 0.7140265
vt 0.3694311 0.6974313
vt 0.3557644 0.6818122
vt 0.271812 0.6876694
vt 0.2766929 0.6769313
vt 0.2825501 0.6632646
vt 0.3782168 0.7462409
vt 0.3879787 0.731598
vt 0.4026216 0.7442884
vt 0.05900233 0.7325742
vt 0.05412137 0.711098
vt 0.08243091 0.7120742
vt 0.07950234 0.7325742
vt 0.04143089 0.7384313
vt 0.03264517 0.7169551
vt 0.0287404 0.7462409
vt 0.01312135 0.726717
vt 0.09902616 0.7345266
vt 0.1048833 0.7140265
vt 0.08731186 0.7530742
vt 0.07657376 0.752098
vt 0.1087881 0.7364789
vt 0.113669 0.7140265
vt 0.11855 0.7208599
vt 0.1253833 0.7179313
vt 0.1292881 0.711098
vt 0.1107405 0.6984075
vt 0.1302643 0.7042646
vt 0.1283119 0.6954789
vt 0.1253833 0.6847408
vt 0.1048833 0.6896217
vt 0.1224547 0.6788837
vt 0.1175738 0.6730265
vt 0.09804997 0.6818122
vt 0.07852615 0.7677171
vt 0.09609759 0.7569789
vt 0.1107405 0.6700979
vt 0.1039071 0.6691217
vt 0.09707378 0.6671694
vt 0.09414521 0.6730265
vt 0.08828805 0.6661932
vt 0.06974043 0.7638123
vt 0.06583567 0.7804075
vt 0.05900233 0.7745504
vt 0.0619309 0.7638123
vt 0.05412137 0.7667409
vt 0.0619309 0.752098
vt 0.05021661 0.7560027
vt 0.04728803 0.7696694
vt 0.0404547 0.7618599
vt 0.05216899 0.7765028
vt 0.3196453 0.7618599
vt 0.3577168 0.7823599
vt 0.3782168 0.7462409
vt 0.3362406 0.7276932
vt 0.246431 0.7891933
vt 0.2845024 0.7120742
vt 0.2064072 0.7833361
vt 0.2395977 0.7032884
vt 0.3342882 0.6691217
vt 0.3196453 0.6613122
vt 0.3059787 0.6574075
vt 0.2132405 0.8038361
vt 0.184931 0.8038361
vt 0.1575976 0.7891933
vt 0.2025024 0.8272647
vt 0.2220262 0.8223838
vt 0.246431 0.8048123
vt 0.287431 0.8038361
vt 0.2864548 0.8057885
vt 0.2815739 0.8145742
vt 0.3059787 0.8194551
vt 0.3176929 0.8096933
vt 0.3186691 0.8243361
vt 0.3313596 0.8145742
vt 0.3235501 0.8048123
vt 0.3264787 0.8028599
vt 0.3420977 0.8087171
vt 0.3391691 0.8106694
vt 0.2269072 0.8419076
vt 0.251312 0.8331218
vt 0.2483834 0.854598
vt 0.2249548 0.8536218
vt 0.3479549 0.7940742
vt 0.3752882 0.7950504
vt 0.358693 0.8057885
vt 0.3674787 0.818479
vt 0.3577168 0.8204314
vt 0.3811454 0.8419076
vt 0.3840739 0.813598
vt 0.399693 0.8380028
vt 0.4260502 0.8194551
vt 0.4328835 0.8331218
vt 0.4153121 0.8653361
vt 0.4475264 0.86436
vt 0.4260502 0.8838838
vt 0.4055501 0.8897409
vt 0.3957882 0.8682647
vt 0.4524073 0.8770505
vt 0.3772406 0.8790028
vt 0.3694311 0.8477647
vt 0.3811454 0.9043838
vt 0.3528358 0.8214076
vt 0.3625977 0.8477647
vt 0.3430739 0.8262885
vt 0.3508834 0.8506933
vt 0.3274549 0.8380028
vt 0.3323358 0.859479
vt 0.3557644 0.8790028
vt 0.333312 0.8838838
vt 0.3694311 0.8770505
vt 0.3733358 0.9034076
vt 0.3577168 0.9043838
vt 0.3830977 0.9297647
vt 0.374312 0.9287885
vt 0.3840739 0.9600267
vt 0.4143358 0.9102409
vt 0.4231216 0.9356219
vt 0.4319073 0.9034076
vt 0.4397168 0.9268362
vt 0.461193 0.9014552
vt 0.4641216 0.9121933
vt 0.3752882 0.9600267
vt 0.358693 0.9297647
vt 0.3342882 0.9073123
vt 0.3342882 0.930741
vt 0.358693 0.9600267
vt 0.333312 0.9610029
vt 0.3108596 0.9317172
vt 0.3137882 0.8877885
vt 0.287431 0.9190267
vt 0.2942643 0.9590505
vt 0.3089072 0.9610029
vt 0.2942643 0.88486
vt 0.2962167 0.8575266
vt 0.3118358 0.8487409
vt 0.2962167 0.8282409
vt 0.271812 0.8331218
vt 0.2766929 0.8223838
vt 0.2493596 0.8214076
vt 0.2845024 0.9580743
vt 0.266931 0.9561219
vt 0.2679072 0.9160981
vt 0.2659548 0.992241
vt 0.2435024 0.9522172
vt 0.2435024 0.992241
vt 0.2132405 0.992241
vt 0.2161691 0.9492886
vt 0.1693119 0.94636
vt 0.1673595 0.992241
vt 0.1283119 0.9483124
vt 0.1283119 0.992241
vt 0.05216899 0.992241
vt 0.05216899 0.9473362
vt 0.05997852 0.8985267
vt 0.1331929 0.8985267
vt 0.08047853 0.8399552
vt 0.1400262 0.8497171
vt 0.1751691 0.8633838
vt 0.1683357 0.9043838
vt 0.1146452 0.7979789
vt 0.1575976 0.8145742
vt 0.08535948 0.7940742
vt 0.03850231 0.838979
vt 0.01995469 0.8995028
vt 0.01604992 0.94636
vt 0.01409754 0.992241
vt 0.1888357 0.8370266
vt 0.2044548 0.875098
vt 0.2025024 0.9073123
vt 0.2230024 0.8770505
vt 0.2190977 0.9102409
vt 0.2132405 0.8536218
vt 0.143931 0.7345266
vt 0.2444786 0.9131695
vt 0.2698596 0.8819314
vt 0.2708358 0.8555743
vt 0.246431 0.879979
vt 0.5197645 0.992241
vt 0.5031692 0.9444076
vt 0.5041454 0.992241
vt 0.486574 0.8985267
vt 0.5012169 0.8780266
vt 0.4836454 0.8809552
vt 0.4885264 0.992241
vt 0.4709549 0.992241
vt 0.4514311 0.992241
vt 0.4348359 0.992241
vt 0.3840739 0.992241
vt 0.3752882 0.992241
vt 0.3577168 0.992241
vt 0.3323358 0.992241
vt 0.3089072 0.992241
vt 0.2932882 0.992241
vt 0.2835262 0.992241
vt 0.5187883 0.8760743
vt 0.5002407 0.8692409
vt 0.481693 0.8633838
vt 0.4797406 0.8477647
vt 0.4758359 0.8272647
vt 0.4982883 0.8575266
vt 0.4260502 0.7823599
vt 0.4006692 0.7882171
vt 0.4026216 0.7442884
vt 0.3879787 0.731598
vt 0.3782168 0.7140265
vt 0.3694311 0.6974313
vt 0.3557644 0.6818122
vt 0.271812 0.6876694
vt 0.2766929 0.6769313
vt 0.2825501 0.6632646
vt 0.3782168 0.7462409
vt 0.4026216 0.7442884
vt 0.3879787 0.731598
vt 0.8633838 0.961979
vt 0.8633838 0.9424552
vt 0.8497171 0.9629552
vt 0.8633838 0.9834552
vt 0.8399552 0.9834552
vt 0.8223838 0.961979
vt 0.8223838 0.9424552
vt 0.8526456 0.941479
vt 0.8497171 0.9180505
vt 0.8633838 0.920979
vt 0.8223838 0.9834552
vt 0.8223838 0.920979
vt 0.9756457 0.307931
vt 0.9756457 0.3264787
vt 0.9854077 0.3264787
vt 0.9854077 0.307931
vt 0.9756457 0.3479549
vt 0.9854077 0.3479549
vt 0.9756457 0.3704073
vt 0.9854077 0.3704073
vt 0.9854077 0.3870025
vt 0.9756457 0.3870025
vt 0.1497881 0.01604992
vt 0.1497881 0.08633567
vt 0.1907881 0.08535948
vt 0.2122643 0.01604992
vt 0.2151929 0.06778805
vt 0.1156214 0.09707378
vt 0.0834071 0.01604992
vt 0.0834071 0.1224547
vt 0.01409754 0.1273357
vt 0.01409754 0.01604992
vt 0.01409754 0.1946929
vt 0.2395977 0.0511928
vt 0.2640024 0.01604992
vt 0.2747405 0.0511928
vt 0.312812 0.0511928
vt 0.312812 0.01604992
vt 0.4016454 0.01604992
vt 0.4016454 0.0511928
vt 0.4953597 0.0511928
vt 0.4953597 0.01604992
vt 0.6027408 0.0511928
vt 0.6027408 0.01604992
vt 0.6984075 0.0511928
vt 0.6984075 0.01604992
vt 0.6164075 0.4280025
vt 0.6583837 0.394812
vt 0.6183598 0.3879787
vt 0.619336 0.3381929
vt 0.5763836 0.3889549
vt 0.5744312 0.3381929
vt 0.5461217 0.3381929
vt 0.6583837 0.3381929
vt 0.6984075 0.4084787
vt 0.6984075 0.3381929
vt 0.7462409 0.4221454
vt 0.7462409 0.3381929
vt 0.5744312 0.4280025
vt 0.5754074 0.4582644
vt 0.5197645 0.4280025
vt 0.6154312 0.4582644
vt 0.6535027 0.4582644
vt 0.5139074 0.3977406
vt 0.4748597 0.4045739
vt 0.4748597 0.3918835
vt 0.4338597 0.3830977
vt 0.4748597 0.3381929
vt 0.4338597 0.3381929
vt 0.4748597 0.4299549
vt 0.4338597 0.4270263
vt 0.4514311 0.4475264
vt 0.4748597 0.4475264
vt 0.4338597 0.4475264
vt 0.507074 0.3381929
vt 0.511955 0.3381929
vt 0.6945027 0.4582644
vt 0.7462409 0.4582644
vt 0.9834552 0.8858362
vt 0.9834552 0.8370266
vt 0.9385505 0.8311695
vt 0.9385505 0.8858362
vt 0.9385505 0.92586
vt 0.9834552 0.92586
vt 0.9385505 0.9561219
vt 0.9834552 0.9561219
vt 0.8965743 0.9561219
vt 0.9170743 0.98736
vt 0.8965743 0.98736
vt 0.8965743 0.92586
vt 0.8965743 0.8858362
vt 0.8819314 0.9024314
vt 0.8555743 0.8858362
vt 0.8555743 0.8516695
vt 0.813598 0.8858362
vt 0.813598 0.8516695
vt 0.8214076 0.9024314
vt 0.8526456 0.9024314
vt 0.8965743 0.8516695
vt 0.8350742 0.8311695
vt 0.9424552 0.98736
vt 0.8897409 0.9561219
vt 0.8897409 0.92586
vt 0.7862647 0.9200028
vt 0.7833361 0.8897409
vt 0.8028599 0.9200028
vt 0.8897409 0.98736
vt 0.7950504 0.8692409
vt 0.8819314 0.9561219
vt 0.8819314 0.92586
vt 0.8819314 0.98736
vt 0.8009076 0.9561219
vt 0.8057885 0.9561219
vt 0.8057885 0.9200028
vt 0.8057885 0.98736
vt 0.7960266 0.98736
vt 0.7862647 0.9561219
vt 0.7862647 0.98736
vt 0.7716218 0.98736
vt 0.3860263 0.3059787
vt 0.4123835 0.3430739
vt 0.4123835 0.3059787
vt 0.3684549 0.3059787
vt 0.3684549 0.3274549
vt 0.3684549 0.3684549
vt 0.4123835 0.420193
vt 0.3684549 0.4309311
vt 0.394812 0.4309311
vt 0.4123835 0.4309311
vt 0.9385505 0.8145742
vt 0.8965743 0.8145742
vt 0.9834552 0.8145742
vt 0.8555743 0.8145742
vt 0.8780266 0.4787645
vt 0.8653361 0.4582644
vt 0.8009076 0.4787645
vt 0.8272647 0.5236693
vt 0.7755266 0.5236693
vt 0.7755266 0.4758359
vt 0.7755266 0.4260502
vt 0.8321456 0.4114073
vt 0.8194551 0.3704073
vt 0.7755266 0.3889549
vt 0.8467885 0.4367883
vt 0.7755266 0.3499072
vt 0.8067647 0.3313596
vt 0.7755266 0.3059787
vt 0.793098 0.3059787
vt 0.8858362 0.5002407
vt 0.8604552 0.5236693
vt 0.8858362 0.5236693
vt 0.7706456 0.271812
vt 0.7706456 0.2835262
vt 0.8155504 0.2835262
vt 0.7638123 0.2757167
vt 0.7706456 0.2347167
vt 0.8155504 0.2347167
vt 0.8633838 0.2835262
vt 0.8633838 0.2347167
vt 0.8995028 0.2835262
vt 0.8995028 0.2347167
vt 0.9200028 0.2347167
vt 0.9200028 0.2835262
vt 0.9473362 0.2347167
vt 0.9405029 0.2835262
vt 0.9580743 0.2835262
vt 0.9815029 0.2591215
vt 0.9815029 0.2835262
vt 0.9815029 0.2347167
vt 0.9834552 0.98736
vt 0.4719311 0.2249548
vt 0.4709549 0.2971929
vt 0.5197645 0.2727882
vt 0.5187883 0.2151929
vt 0.5724788 0.2561929
vt 0.5724788 0.2151929
vt 0.5187883 0.1507643
vt 0.5724788 0.1507643
vt 0.6290979 0.154669
vt 0.6290979 0.2200738
vt 0.6866932 0.2239786
vt 0.6886455 0.1566214
vt 0.5197645 0.1029309
vt 0.5724788 0.1029309
vt 0.6866932 0.1029309
vt 0.7472171 0.1585738
vt 0.7472171 0.1029309
vt 0.6300741 0.1029309
vt 0.7472171 0.2269072
vt 0.6866932 0.2815739
vt 0.6300741 0.2698596
vt 0.4875502 0.1029309
vt 0.7472171 0.2971929
vt 0.6300741 0.2971929
vt 0.5724788 0.2971929
vt 0.6866932 0.2971929
vt 0.5197645 0.2971929
vt 0.4709549 0.1566214
vt 0.4328835 0.1585738
vt 0.4397168 0.1331929
vt 0.4524073 0.1156214
vt 0.4328835 0.2269072
vt 0.4709549 0.1029309
vt 0.4328835 0.2971929
vt 0.2630262 0.5861455
vt 0.3245263 0.5314788
vt 0.2630262 0.4807169
vt 0.3723596 0.4699787
vt 0.312812 0.4094549
vt 0.2630262 0.4358121
vt 0.3674787 0.6486217
vt 0.394812 0.5861455
vt 0.4240978 0.5275741
vt 0.2630262 0.3967644
vt 0.2630262 0.3674787
vt 0.9756457 0.4563121
vt 0.9854077 0.4563121
vt 0.9854077 0.4416692
vt 0.9756457 0.4416692
vt 0.9756457 0.4748597
vt 0.9854077 0.4748597
vt 0.9854077 0.491455
vt 0.9756457 0.491455
vt 0.9854077 0.5080502
vt 0.9756457 0.5080502
vt 0.9854077 0.4270263
vt 0.9756457 0.4270263
vt 0.9756457 0.4084787
vt 0.9854077 0.4084787
vt 0.9756457 0.3870025
vt 0.9854077 0.3870025
vt 0.2220262 0.1048833
vt 0.1810262 0.1048833
vt 0.2230024 0.1214786
vt 0.2112881 0.1419786
vt 0.1937167 0.1517405
vt 0.1741929 0.1536929
vt 0.1634548 0.1497881
vt 0.1517405 0.1429548
vt 0.143931 0.1302643
vt 0.1400262 0.1156214
vt 0.1419786 0.1048833
vt 0.690598 0.941479
vt 0.690598 0.9346457
vt 0.7159789 0.9365981
vt 0.7159789 0.9424552
vt 0.6749789 0.9297647
vt 0.690598 0.9492886
vt 0.7159789 0.9492886
vt 0.6749789 0.9395267
vt 0.6535027 0.9219552
vt 0.6535027 0.9121933
vt 0.6271455 0.9141457
vt 0.6271455 0.9014552
vt 0.690598 0.961979
vt 0.7159789 0.961979
vt 0.690598 0.9883362
vt 0.7159789 0.9883362
vt 0.6749789 0.9883362
vt 0.6749789 0.9600267
vt 0.6535027 0.9883362
vt 0.6535027 0.951241
vt 0.6271455 0.9444076
vt 0.6271455 0.9883362
vt 0.6007884 0.9492886
vt 0.6007884 0.9883362
vt 0.5763836 0.9570981
vt 0.5763836 0.9883362
vt 0.5607646 0.961979
vt 0.5607646 0.9883362
vt 0.5363598 0.961979
vt 0.5363598 0.9883362
vt 0.6007884 0.9180505
vt 0.5763836 0.9356219
vt 0.5607646 0.9483124
vt 0.5607646 0.9395267
vt 0.5763836 0.9200028
vt 0.5363598 0.9424552
vt 0.5363598 0.9356219
vt 0.5607646 0.930741
vt 0.5363598 0.9492886
vt 0.6007884 0.90536
vt 0.2112881 0.4758359
vt 0.2112881 0.5148836
vt 0.2317881 0.5148836
vt 0.2317881 0.4758359
vt 0.1946929 0.4758359
vt 0.1946929 0.5148836
vt 0.1771214 0.5148836
vt 0.1771214 0.4758359
vt 0.1575976 0.5148836
vt 0.1575976 0.4758359
vt 0.1370976 0.5148836
vt 0.1370976 0.4758359
vt 0.11855 0.5148836
vt 0.11855 0.4758359
vt 0.1029309 0.5148836
vt 0.1029309 0.4758359
vt 0.0834071 0.5148836
vt 0.0834071 0.4758359
vt 0.1946929 0.4690025
vt 0.2112881 0.4690025
vt 0.1771214 0.4690025
vt 0.1575976 0.4690025
vt 0.1370976 0.4690025
vt 0.11855 0.4690025
vt 0.1029309 0.4690025
vt 0.0834071 0.4690025
vt 0.1946929 0.461193
vt 0.2112881 0.461193
vt 0.1946929 0.4133597
vt 0.2112881 0.4133597
vt 0.2112881 0.358693
vt 0.1946929 0.358693
vt 0.1771214 0.4133597
vt 0.1771214 0.358693
vt 0.1575976 0.4133597
vt 0.1575976 0.358693
vt 0.1370976 0.358693
vt 0.1370976 0.4133597
vt 0.2317881 0.358693
vt 0.2317881 0.4133597
vt 0.2317881 0.461193
vt 0.1771214 0.461193
vt 0.1575976 0.461193
vt 0.1370976 0.461193
vt 0.11855 0.461193
vt 0.11855 0.4133597
vt 0.1029309 0.461193
vt 0.1029309 0.4133597
vt 0.0834071 0.4133597
vt 0.0834071 0.461193
vt 0.1029309 0.358693
vt 0.0834071 0.358693
vt 0.11855 0.358693
vt 0.7813837 0.7765028
vt 0.7813837 0.7579551
vt 0.7950504 0.7579551
vt 0.7960266 0.7774789
vt 0.7950504 0.793098
vt 0.7813837 0.7960266
vt 0.7950504 0.813598
vt 0.7813837 0.8145742
vt 0.7891933 0.8282409
vt 0.7813837 0.8321456
vt 0.7882171 0.8360504
vt 0.7940742 0.8243361
vt 0.8028599 0.8194551
vt 0.7970028 0.8321456
vt 0.8067647 0.8272647
vt 0.8018838 0.7667409
vt 0.8057885 0.7618599
vt 0.8096933 0.7716218
vt 0.8126218 0.7686932
vt 0.8106694 0.7735742
vt 0.8165266 0.772598
vt 0.8126218 0.7774789
vt 0.8194551 0.7794313
vt 0.8175028 0.7911456
vt 0.8262885 0.7911456
vt 0.8116456 0.8087171
vt 0.8165266 0.8155504
vt 0.8145742 0.7989551
vt 0.8223838 0.8038361
vt 0.7257408 0.04533565
vt 0.7257408 0.06485947
vt 0.7423361 0.06485947
vt 0.7403837 0.04533565
vt 0.7257408 0.03069279
vt 0.7452646 0.03069279
vt 0.7452646 0.02776421
vt 0.7452646 0.02581183
vt 0.7257408 0.01312135
vt 0.7394075 0.01312135
vt 0.7589313 0.04533565
vt 0.7667409 0.03069279
vt 0.7638123 0.01702611
vt 0.7667409 0.02190707
vt 0.7530742 0.01312135
vt 0.7355027 0.0834071
vt 0.7257408 0.0834071
vt 0.7569789 0.08145472
vt 0.7462409 0.0834071
vt 0.7618599 0.05314518
vt 0.7628361 0.06485947
vt 0.7237884 0.06485947
vt 0.7237884 0.0834071
vt 0.7208599 0.0834071
vt 0.7208599 0.06485947
vt 0.7237884 0.04533565
vt 0.7208599 0.04533565
vt 0.7237884 0.03069279
vt 0.7208599 0.03069279
vt 0.7237884 0.01312135
vt 0.7208599 0.01312135
vt 0.7784551 0.7579551
vt 0.7804075 0.7579551
vt 0.7804075 0.7765028
vt 0.7784551 0.7765028
vt 0.7804075 0.7960266
vt 0.7784551 0.7960266
vt 0.7804075 0.8145742
vt 0.7784551 0.8145742
vt 0.7804075 0.8321456
vt 0.7784551 0.8321456
vt 0.2317881 0.4690025
vt 0.8633838 0.961979
vt 0.8497171 0.961979
vt 0.8633838 0.9424552
vt 0.8633838 0.9834552
vt 0.8419076 0.9844314
vt 0.8223838 0.961979
vt 0.8223838 0.9424552
vt 0.8526456 0.941479
vt 0.8497171 0.9180505
vt 0.8633838 0.920979
vt 0.8223838 0.9834552
vt 0.8223838 0.920979
vt 0.9756457 0.307931
vt 0.9854077 0.307931
vt 0.9854077 0.3264787
vt 0.9756457 0.3264787
vt 0.9756457 0.3479549
vt 0.9854077 0.3479549
vt 0.9756457 0.3704073
vt 0.9854077 0.3704073
vt 0.9854077 0.3870025
vt 0.9756457 0.3870025
vt 0.1497881 0.01604992
vt 0.2122643 0.01604992
vt 0.1907881 0.08535948
vt 0.1497881 0.08633567
vt 0.2151929 0.06778805
vt 0.1156214 0.09707378
vt 0.0834071 0.01604992
vt 0.0834071 0.1224547
vt 0.01409754 0.1273357
vt 0.01409754 0.01604992
vt 0.01409754 0.1946929
vt 0.2395977 0.0511928
vt 0.2640024 0.01604992
vt 0.2747405 0.0511928
vt 0.312812 0.0511928
vt 0.312812 0.01604992
vt 0.4016454 0.01604992
vt 0.4016454 0.0511928
vt 0.4953597 0.0511928
vt 0.4953597 0.01604992
vt 0.6027408 0.0511928
vt 0.6027408 0.01604992
vt 0.6984075 0.0511928
vt 0.6984075 0.01604992
vt 0.6164075 0.4280025
vt 0.6183598 0.3879787
vt 0.6583837 0.394812
vt 0.619336 0.3381929
vt 0.5763836 0.3889549
vt 0.5744312 0.3381929
vt 0.5461217 0.3381929
vt 0.6583837 0.3381929
vt 0.6984075 0.4084787
vt 0.6984075 0.3381929
vt 0.7462409 0.4221454
vt 0.7462409 0.3381929
vt 0.5744312 0.4280025
vt 0.5754074 0.4582644
vt 0.5197645 0.4280025
vt 0.6154312 0.4582644
vt 0.6535027 0.4582644
vt 0.5139074 0.3977406
vt 0.4748597 0.4045739
vt 0.4748597 0.3918835
vt 0.4338597 0.3830977
vt 0.4748597 0.3381929
vt 0.4338597 0.3381929
vt 0.4748597 0.4299549
vt 0.4338597 0.4270263
vt 0.4514311 0.4475264
vt 0.4748597 0.4475264
vt 0.4338597 0.4475264
vt 0.507074 0.3381929
vt 0.511955 0.3381929
vt 0.6945027 0.4582644
vt 0.7462409 0.4582644
vt 0.9834552 0.8858362
vt 0.9385505 0.8858362
vt 0.9385505 0.8311695
vt 0.9834552 0.8370266
vt 0.9385505 0.92586
vt 0.9834552 0.92586
vt 0.9385505 0.9561219
vt 0.9834552 0.9561219
vt 0.8965743 0.9561219
vt 0.9170743 0.98736
vt 0.8965743 0.98736
vt 0.8965743 0.92586
vt 0.8965743 0.8858362
vt 0.8819314 0.9024314
vt 0.8555743 0.8858362
vt 0.8555743 0.8516695
vt 0.813598 0.8858362
vt 0.813598 0.8516695
vt 0.8214076 0.9024314
vt 0.8526456 0.9024314
vt 0.8965743 0.8516695
vt 0.8350742 0.8311695
vt 0.9424552 0.98736
vt 0.9834552 0.98736
vt 0.7862647 0.9200028
vt 0.7833361 0.8897409
vt 0.8028599 0.9200028
vt 0.7950504 0.8692409
vt 0.8555743 0.8145742
vt 0.8965743 0.8145742
vt 0.9385505 0.8145742
vt 0.9834552 0.8145742
vt 0.8009076 0.9561219
vt 0.8057885 0.9561219
vt 0.8057885 0.9200028
vt 0.8057885 0.98736
vt 0.7960266 0.98736
vt 0.7862647 0.9561219
vt 0.7862647 0.98736
vt 0.7716218 0.98736
vt 0.3860263 0.3059787
vt 0.4123835 0.3059787
vt 0.4123835 0.3430739
vt 0.3684549 0.3059787
vt 0.3684549 0.3274549
vt 0.3684549 0.3684549
vt 0.4123835 0.420193
vt 0.3684549 0.4309311
vt 0.394812 0.4309311
vt 0.4123835 0.4309311
vt 0.8780266 0.4787645
vt 0.8272647 0.5236693
vt 0.8009076 0.4787645
vt 0.8653361 0.4582644
vt 0.7755266 0.5236693
vt 0.7755266 0.4758359
vt 0.7755266 0.4260502
vt 0.8321456 0.4114073
vt 0.8194551 0.3704073
vt 0.7755266 0.3889549
vt 0.8467885 0.4367883
vt 0.7755266 0.3499072
vt 0.8067647 0.3313596
vt 0.7755266 0.3059787
vt 0.793098 0.3059787
vt 0.8858362 0.5002407
vt 0.8604552 0.5236693
vt 0.8858362 0.5236693
vt 0.7706456 0.271812
vt 0.8155504 0.2835262
vt 0.7706456 0.2835262
vt 0.7638123 0.2757167
vt 0.7706456 0.2347167
vt 0.8155504 0.2347167
vt 0.8633838 0.2835262
vt 0.8633838 0.2347167
vt 0.8995028 0.2835262
vt 0.8995028 0.2347167
vt 0.9200028 0.2347167
vt 0.9200028 0.2835262
vt 0.9473362 0.2347167
vt 0.9405029 0.2835262
vt 0.9580743 0.2835262
vt 0.9815029 0.2591215
vt 0.9815029 0.2835262
vt 0.9815029 0.2347167
vt 0.8897409 0.9561219
vt 0.8897409 0.92586
vt 0.8897409 0.98736
vt 0.8819314 0.9561219
vt 0.8819314 0.92586
vt 0.8819314 0.98736
vt 0.5197645 0.2727882
vt 0.4709549 0.2971929
vt 0.4719311 0.2249548
vt 0.5187883 0.2151929
vt 0.5724788 0.2561929
vt 0.5724788 0.2151929
vt 0.5187883 0.1507643
vt 0.5724788 0.1507643
vt 0.6290979 0.154669
vt 0.6290979 0.2200738
vt 0.6866932 0.2239786
vt 0.6886455 0.1566214
vt 0.5197645 0.1029309
vt 0.5724788 0.1029309
vt 0.6866932 0.1029309
vt 0.7472171 0.1585738
vt 0.7472171 0.1029309
vt 0.6300741 0.1029309
vt 0.7472171 0.2269072
vt 0.6866932 0.2815739
vt 0.6300741 0.2698596
vt 0.4875502 0.1029309
vt 0.7472171 0.2971929
vt 0.6300741 0.2971929
vt 0.5724788 0.2971929
vt 0.6866932 0.2971929
vt 0.5197645 0.2971929
vt 0.4709549 0.1566214
vt 0.4328835 0.1585738
vt 0.4397168 0.1331929
vt 0.4524073 0.1156214
vt 0.4328835 0.2269072
vt 0.4709549 0.1029309
vt 0.4328835 0.2971929
vt 0.2630262 0.5861455
vt 0.2630262 0.4807169
vt 0.3245263 0.5314788
vt 0.3723596 0.4699787
vt 0.312812 0.4094549
vt 0.2630262 0.4358121
vt 0.3674787 0.6486217
vt 0.394812 0.5861455
vt 0.4240978 0.5275741
vt 0.2630262 0.3967644
vt 0.2630262 0.3674787
vt 0.9854077 0.4416692
vt 0.9854077 0.4563121
vt 0.9756457 0.4563121
vt 0.9756457 0.4416692
vt 0.9756457 0.4748597
vt 0.9854077 0.4748597
vt 0.9854077 0.491455
vt 0.9756457 0.491455
vt 0.9854077 0.5080502
vt 0.9756457 0.5080502
vt 0.9854077 0.4270263
vt 0.9756457 0.4270263
vt 0.9756457 0.4084787
vt 0.9854077 0.4084787
vt 0.9756457 0.3870025
vt 0.9854077 0.3870025
vt 0.2220262 0.1048833
vt 0.2230024 0.1214786
vt 0.1810262 0.1048833
vt 0.2112881 0.1419786
vt 0.1937167 0.1517405
vt 0.1741929 0.1536929
vt 0.1634548 0.1497881
vt 0.1517405 0.1429548
vt 0.143931 0.1302643
vt 0.1400262 0.1156214
vt 0.1419786 0.1048833
vt 0.690598 0.941479
vt 0.7159789 0.9424552
vt 0.7159789 0.9365981
vt 0.690598 0.9346457
vt 0.6749789 0.9297647
vt 0.690598 0.9492886
vt 0.7159789 0.9492886
vt 0.6749789 0.9395267
vt 0.6535027 0.9219552
vt 0.6535027 0.9121933
vt 0.6271455 0.9141457
vt 0.6271455 0.9014552
vt 0.690598 0.961979
vt 0.7159789 0.961979
vt 0.690598 0.9883362
vt 0.7159789 0.9883362
vt 0.6749789 0.9883362
vt 0.6749789 0.9600267
vt 0.6535027 0.9883362
vt 0.6535027 0.951241
vt 0.6271455 0.9444076
vt 0.6271455 0.9883362
vt 0.6007884 0.9492886
vt 0.6007884 0.9883362
vt 0.5763836 0.9570981
vt 0.5763836 0.9883362
vt 0.5607646 0.961979
vt 0.5607646 0.9883362
vt 0.5363598 0.961979
vt 0.5363598 0.9883362
vt 0.6007884 0.9180505
vt 0.5763836 0.9356219
vt 0.5607646 0.9483124
vt 0.5607646 0.9395267
vt 0.5763836 0.9200028
vt 0.5363598 0.9424552
vt 0.5363598 0.9356219
vt 0.5607646 0.930741
vt 0.5363598 0.9492886
vt 0.6007884 0.90536
vt 0.2112881 0.4758359
vt 0.2317881 0.4758359
vt 0.2317881 0.5148836
vt 0.2112881 0.5148836
vt 0.1946929 0.4758359
vt 0.1946929 0.5148836
vt 0.1771214 0.5148836
vt 0.1771214 0.4758359
vt 0.1575976 0.5148836
vt 0.1575976 0.4758359
vt 0.1370976 0.5148836
vt 0.1370976 0.4758359
vt 0.11855 0.5148836
vt 0.11855 0.4758359
vt 0.1029309 0.5148836
vt 0.1029309 0.4758359
vt 0.0834071 0.5148836
vt 0.0834071 0.4758359
vt 0.1946929 0.4690025
vt 0.2112881 0.4690025
vt 0.1771214 0.4690025
vt 0.1575976 0.4690025
vt 0.1370976 0.4690025
vt 0.11855 0.4690025
vt 0.1029309 0.4690025
vt 0.0834071 0.4690025
vt 0.1946929 0.461193
vt 0.2112881 0.461193
vt 0.1946929 0.4133597
vt 0.2112881 0.4133597
vt 0.2112881 0.358693
vt 0.1946929 0.358693
vt 0.1771214 0.4133597
vt 0.1771214 0.358693
vt 0.1575976 0.4133597
vt 0.1575976 0.358693
vt 0.1370976 0.358693
vt 0.1370976 0.4133597
vt 0.2317881 0.358693
vt 0.2317881 0.4133597
vt 0.2317881 0.461193
vt 0.1771214 0.461193
vt 0.1575976 0.461193
vt 0.1370976 0.461193
vt 0.11855 0.461193
vt 0.11855 0.4133597
vt 0.1029309 0.461193
vt 0.1029309 0.4133597
vt 0.0834071 0.4133597
vt 0.0834071 0.461193
vt 0.1029309 0.358693
vt 0.0834071 0.358693
vt 0.11855 0.358693
vt 0.7813837 0.7765028
vt 0.7960266 0.7774789
vt 0.7950504 0.7579551
vt 0.7813837 0.7579551
vt 0.7950504 0.793098
vt 0.7813837 0.7960266
vt 0.7950504 0.813598
vt 0.7813837 0.8145742
vt 0.7891933 0.8282409
vt 0.7813837 0.8321456
vt 0.7882171 0.8360504
vt 0.7940742 0.8243361
vt 0.8028599 0.8194551
vt 0.7970028 0.8321456
vt 0.8067647 0.8272647
vt 0.8018838 0.7667409
vt 0.8057885 0.7618599
vt 0.8096933 0.7716218
vt 0.8126218 0.7686932
vt 0.8106694 0.7735742
vt 0.8165266 0.772598
vt 0.8126218 0.7774789
vt 0.8194551 0.7794313
vt 0.8175028 0.7911456
vt 0.8262885 0.7911456
vt 0.8116456 0.8087171
vt 0.8165266 0.8155504
vt 0.8145742 0.7989551
vt 0.8223838 0.8038361
vt 0.7257408 0.04533565
vt 0.7403837 0.04533565
vt 0.7423361 0.06485947
vt 0.7257408 0.06485947
vt 0.7257408 0.03069279
vt 0.7452646 0.03069279
vt 0.7452646 0.02776421
vt 0.7452646 0.02581183
vt 0.7257408 0.01312135
vt 0.7394075 0.01312135
vt 0.7589313 0.04533565
vt 0.7667409 0.03069279
vt 0.7638123 0.01702611
vt 0.7667409 0.02190707
vt 0.7530742 0.01312135
vt 0.7355027 0.0834071
vt 0.7257408 0.0834071
vt 0.7569789 0.08145472
vt 0.7462409 0.0834071
vt 0.7237884 0.06485947
vt 0.7237884 0.0834071
vt 0.7208599 0.0834071
vt 0.7208599 0.06485947
vt 0.7237884 0.04533565
vt 0.7208599 0.04533565
vt 0.7237884 0.03069279
vt 0.7208599 0.03069279
vt 0.7237884 0.01312135
vt 0.7208599 0.01312135
vt 0.7628361 0.06485947
vt 0.7618599 0.05314518
vt 0.7784551 0.7579551
vt 0.7784551 0.7765028
vt 0.7804075 0.7765028
vt 0.7804075 0.7579551
vt 0.7804075 0.7960266
vt 0.7784551 0.7960266
vt 0.7804075 0.8145742
vt 0.7784551 0.8145742
vt 0.7804075 0.8321456
vt 0.7784551 0.8321456
vt 0.2317881 0.4690025
vn 0.3725462 -0.8509739 0.3702064
vn 0.3725462 -0.8509739 0.3702064
vn 0.3725462 -0.858817 0.3516287
vn 0.3725462 -0.858817 0.3516287
vn 0.35686 -0.8196016 0.4482233
vn 0.349017 -0.8117585 0.4682257
vn 0.349017 -0.8117585 0.4682257
vn 0.3254877 -0.7725431 0.5451925
vn 0.35686 -0.8196016 0.4482233
vn -0.9686199 0.1843122 0.1667465
vn -0.9686199 0.1843122 0.1667465
vn -0.9686199 0.1843122 0.1667465
vn -0.9686199 0.1843122 0.1667465
vn 0.9686201 -0.1843123 -0.1667456
vn 0.9686201 -0.1843123 -0.1667456
vn 0.9686201 -0.1843123 -0.1667456
vn 0.9686201 -0.1843123 -0.1667456
vn 0.1058816 -0.3176447 0.9422796
vn 0.1058816 -0.3176447 0.9422796
vn 0.1058816 -0.3176447 0.9422796
vn 0.1058816 -0.3176447 0.9422796
vn 0.2078416 0.9372476 0.2799442
vn 0.2078416 0.9372476 0.2799442
vn 0.2078416 0.9372476 0.2799442
vn 0.2078416 0.9372476 0.2799442
vn -0.1058815 0.3176446 -0.9422797
vn -0.1058815 0.3176446 -0.9422797
vn -0.1058815 0.3176446 -0.9422797
vn -0.1058815 0.3176446 -0.9422797
vn -0.2078415 -0.9372478 -0.2799438
vn -0.2078415 -0.9372478 -0.2799438
vn -0.2078415 -0.9372478 -0.2799438
vn -0.2078415 -0.9372478 -0.2799438
vn -0.3725461 -0.8509739 0.3702065
vn -0.3725461 -0.858817 0.3516288
vn -0.3725461 -0.858817 0.3516288
vn -0.3725461 -0.8509739 0.3702065
vn -0.3568599 -0.8196016 0.4482234
vn -0.3490169 -0.8117585 0.4682257
vn -0.3490169 -0.8117585 0.4682257
vn -0.3568599 -0.8196016 0.4482234
vn -0.3254876 -0.7725431 0.5451925
vn 0.9686201 0.1843122 0.1667458
vn 0.9686201 0.1843122 0.1667458
vn 0.9686201 0.1843122 0.1667458
vn 0.9686201 0.1843122 0.1667458
vn -0.9686199 -0.1843123 -0.1667463
vn -0.9686199 -0.1843123 -0.1667463
vn -0.9686199 -0.1843123 -0.1667463
vn -0.9686199 -0.1843123 -0.1667463
vn -0.1058815 -0.3176447 0.9422797
vn -0.1058815 -0.3176447 0.9422797
vn -0.1058815 -0.3176447 0.9422797
vn -0.1058815 -0.3176447 0.9422797
vn -0.2078415 0.9372476 0.2799442
vn -0.2078415 0.9372476 0.2799442
vn -0.2078415 0.9372476 0.2799442
vn -0.2078415 0.9372476 0.2799442
vn 0.1058816 0.3176446 -0.9422797
vn 0.1058816 0.3176446 -0.9422797
vn 0.1058816 0.3176446 -0.9422797
vn 0.1058816 0.3176446 -0.9422797
vn 0.2078416 -0.9372478 -0.2799438
vn 0.2078416 -0.9372478 -0.2799438
vn 0.2078416 -0.9372478 -0.2799438
vn 0.2078416 -0.9372478 -0.2799438
vn 0.003921568 0.9215615 0.3882126
vn 0.2549 0.8901892 0.3776099
vn 0.2549 0.8901892 0.3776099
vn 0.003921568 0.9294046 0.3690416
vn 0.4901924 0.7568569 0.4322951
vn 0.4901924 0.7568569 0.4322951
vn 0.8196016 0.07450914 0.5680683
vn 0.7647001 0.3254876 0.5561399
vn 0.2392139 0.8823462 0.4052678
vn 0.003921568 0.9058753 0.4235263
vn 0.2156847 0.7176415 0.6621713
vn 0.003921568 0.7725431 0.6349503
vn 0.15294 0.2862723 0.9458634
vn 0.003921568 0.3568599 0.9341497
vn 0.1294108 0.06666613 0.9893475
vn 0.2784293 0.6862692 0.6719462
vn 0.07450926 -0.3725462 0.9250177
vn -0.003921509 -0.01176465 0.9999231
vn 0.1607831 -0.0274508 0.986608
vn 0.7176416 0.2156845 0.6621712
vn 0.6705831 -0.5294077 0.5196592
vn 0.7097985 -0.6235247 0.3277241
vn 0.3333308 -0.8980324 0.2871036
vn 0.1999985 -0.7803862 0.5924508
vn 0.8901893 0.3333308 0.3105699
vn 0.45882 0.7960722 0.3946557
vn 0.3803893 -0.8745031 0.3009124
vn 0.5921524 -0.7097985 0.3814992
vn 0.6313677 -0.6470539 0.4274295
vn 0.04313695 -0.4666631 0.8833826
vn 0.09019542 -0.5450939 0.8335091
vn -0.02745068 -0.7647001 0.6438015
vn -0.02745068 -0.7647001 0.6438015
vn -0.07450914 -0.756857 0.6493196
vn -0.07450914 -0.756857 0.6493196
vn 0.003921568 -0.7647001 0.6443745
vn -0.003921509 -0.7647001 0.6443745
vn -0.003921509 -0.7647001 0.6443745
vn -0.003921509 -0.7647001 0.6443745
vn 0.003921568 -0.7647001 0.6443745
vn 0.003921568 -0.7647001 0.6443745
vn -0.003921509 -0.9137185 -0.4063288
vn -0.003921509 -0.9215616 -0.3882124
vn -0.262743 -0.8823462 -0.3904245
vn -0.262743 -0.8745031 -0.4076891
vn -0.4823492 -0.756857 -0.4410293
vn -0.4745061 -0.756857 -0.4494569
vn -0.8039154 -0.09803849 -0.5866076
vn -0.7333276 -0.3411739 -0.5880739
vn -0.2549 -0.8980324 -0.3585581
vn -0.01176453 -0.9294047 -0.3688747
vn -0.7725431 -0.3098016 -0.5542564
vn -0.6548969 0.5843092 -0.4792629
vn -0.4745061 -0.7725431 -0.4219254
vn -0.6313677 0.5843092 -0.5098604
vn -0.6235245 0.6548969 -0.4269979
vn -0.45882 0.8117584 -0.3612928
vn -0.3803892 0.8509738 -0.362143
vn 0.003921568 0.9215615 0.3882126
vn 0.003921568 0.9294046 0.3690416
vn -0.2549 0.8901892 0.3776099
vn -0.2549 0.8901892 0.3776099
vn -0.4901923 0.7568569 0.4322951
vn -0.4901923 0.7568569 0.4322951
vn -0.8039154 0.1294107 0.5804937
vn -0.7646999 0.3254876 0.5561401
vn -0.2392138 0.8823462 0.4052678
vn 0.003921568 0.9058753 0.4235263
vn -0.2156845 0.7176415 0.6621714
vn 0.003921568 0.7725431 0.6349503
vn -0.1529399 0.2862723 0.9458634
vn 0.003921568 0.3568599 0.9341497
vn -0.1294107 0.06666613 0.9893475
vn -0.2784292 0.6862692 0.6719463
vn -0.07450914 -0.3725462 0.9250177
vn -0.003921509 -0.01176465 0.9999231
vn -0.1607831 -0.0274508 0.986608
vn -0.7176415 0.2156845 0.6621714
vn -0.670583 -0.5294077 0.5196594
vn -0.1999984 -0.7803862 0.5924509
vn -0.7097985 -0.6235247 0.3277242
vn -0.3333308 -0.9058754 0.2613049
vn -0.8901892 0.3333308 0.3105702
vn -0.45882 0.7960722 0.3946558
vn -0.3803892 -0.8745031 0.3009125
vn -0.5921522 -0.7097985 0.3814995
vn -0.5607799 -0.7725431 0.2978305
vn -0.04313684 -0.4666631 0.8833826
vn -0.0901953 -0.5450939 0.8335091
vn 0.07450926 -0.756857 0.6493196
vn 0.0274508 -0.7647001 0.6438015
vn 0.0274508 -0.7647001 0.6438015
vn 0.07450926 -0.756857 0.6493196
vn 0.003921568 -0.7647001 0.6443745
vn -0.003921509 -0.7647001 0.6443745
vn 0.003921568 -0.7647001 0.6443745
vn -0.003921509 -0.7647001 0.6443745
vn -0.003921509 -0.7647001 0.6443745
vn 0.003921568 -0.7647001 0.6443745
vn -0.003921509 -0.9137185 -0.4063288
vn 0.2549 -0.8901893 -0.3776096
vn 0.247057 -0.8901893 -0.382787
vn -0.003921509 -0.9215616 -0.3882124
vn 0.4901924 -0.7490139 -0.4457462
vn 0.4901924 -0.756857 -0.432295
vn 0.8117585 -0.09019542 -0.5769861
vn 0.756857 -0.3333308 -0.5621905
vn 0.2392139 -0.8901893 -0.3877367
vn -0.01176453 -0.9294047 -0.3688747
vn 0.7725431 -0.2941154 -0.5627372
vn 0.6627401 0.5686231 -0.4872817
vn 0.4666631 -0.7647001 -0.444364
vn 0.6313677 0.6156815 -0.4714987
vn 0.5999954 0.6784261 -0.4239616
vn 0.3960754 0.8509738 -0.3449171
vn 0.4196047 0.8352877 -0.3552836
vn 0.2078416 -0.9215616 0.3279118
vn 0.2235277 -0.9137185 0.3393432
vn 0.2235277 -0.9137185 0.3393432
vn 0.2156847 -0.9215616 0.322807
vn 0.1686262 -0.9372478 0.3051751
vn 0.1607831 -0.9372478 0.3093792
vn 0.1058816 -0.9529339 0.2840881
vn 0.1058816 -0.9529339 0.2840881
vn 0.07450926 -0.9686201 0.237115
vn -0.003921509 -0.6941124 0.719856
vn 0.2392139 -0.6470539 0.7239461
vn 0.2313708 -0.6470539 0.7264907
vn 0.1686262 -0.6784262 0.7150546
vn 0.3176447 -0.5450939 0.7758701
vn 0.3176447 -0.5372508 0.7813216
vn 0.3882324 -0.09019542 0.9171371
vn 0.3411739 -0.1137246 0.9330954
vn 0.3176447 0.5215646 0.7918789
vn 0.3254877 0.6078384 0.724286
vn -0.003921509 0.7490138 0.6625428
vn 0.003921568 0.7960722 0.6051889
vn -0.8117584 0.1999984 0.5486793
vn -0.8901892 0.2078415 0.4054197
vn -0.9058753 0.1843122 0.3813383
vn -0.8196015 0.2235277 0.5275308
vn -0.9137185 -0.1686262 0.3697077
vn -0.9058753 -0.2078416 0.3690417
vn -0.6548969 -0.6313677 0.415313
vn -0.6392107 -0.6392108 0.4275737
vn -0.003921509 -0.8666601 0.4988837
vn -0.003921509 -0.8666601 0.4988837
vn 0.003921568 0.1921554 0.9813567
vn -0.003921509 0.1921554 0.9813567
vn -0.2078415 -0.9215616 0.3279118
vn -0.2156845 -0.9215616 0.3228071
vn -0.2235277 -0.9137185 0.3393432
vn -0.2235277 -0.9137185 0.3393432
vn -0.1686261 -0.9372478 0.3051752
vn -0.1607831 -0.9372478 0.3093792
vn -0.1058815 -0.9529339 0.2840882
vn -0.1058815 -0.9529339 0.2840882
vn -0.07450914 -0.9686201 0.237115
vn -0.2313707 -0.6470539 0.7264907
vn -0.2392138 -0.6470539 0.7239461
vn -0.003921509 -0.6941124 0.719856
vn -0.1686261 -0.6784262 0.7150546
vn -0.3176446 -0.5450939 0.7758702
vn -0.3176446 -0.5372508 0.7813216
vn -0.3882322 -0.09019542 0.9171371
vn -0.3411738 -0.1137246 0.9330955
vn -0.3176446 0.5215646 0.7918789
vn -0.3254876 0.6078384 0.7242861
vn -0.003921509 0.7490138 0.6625428
vn 0.003921568 0.7960722 0.6051889
vn 0.9058754 0.1843122 0.381338
vn 0.8901893 0.2078415 0.4054195
vn 0.8117585 0.1999984 0.5486791
vn 0.8196016 0.2235277 0.5275307
vn 0.9137185 -0.1686262 0.3697075
vn 0.9058754 -0.2078416 0.3690414
vn 0.654897 -0.6313677 0.4153128
vn 0.6392108 -0.6392108 0.4275735
vn -0.003921509 -0.8666601 0.4988837
vn -0.003921509 -0.8666601 0.4988837
vn 0.003921568 0.1921554 0.9813567
vn -0.003921509 0.1921554 0.9813567
vn 0.2235277 -0.960777 -0.164143
vn 0.1999985 -0.9764631 -0.08074857
vn 0.145097 -0.9843062 -0.1004398
vn 0.145097 -0.9843062 -0.1004398
vn 0.1294108 -0.9764631 -0.1725473
vn 0.1215677 -0.9843062 -0.1279162
vn 0.05098003 -0.9921493 -0.1141965
vn 0.07450926 -0.9843062 -0.1599676
vn -0.05097997 -0.9921493 -0.1141965
vn -0.07450914 -0.9843062 -0.1599676
vn -0.1215676 -0.9843062 -0.1279164
vn -0.1294107 -0.9764631 -0.1725475
vn -0.1529399 -0.9843062 -0.088038
vn -0.1999984 -0.9764631 -0.08074894
vn 0.2784293 -0.9529339 -0.1199754
vn 0.2862723 -0.9529339 -0.09982546
vn -0.2549 -0.960777 -0.1092409
vn -0.2549 -0.960777 -0.1092409
vn -0.1686261 -0.9843062 -0.0520243
vn -0.2235277 -0.9686201 -0.1086763
vn -0.1686261 -0.9843062 -0.0520243
vn -0.1607831 -0.9843062 -0.07273301
vn -0.1447058 -0.9894748 0
vn -0.1370348 -0.9905663 0
vn -0.01960405 -0.9998079 0
vn -0.01960766 -0.9921493 -0.1235125
vn 0.1137246 -0.9921493 -0.05202373
vn 0.1293392 -0.9916005 0
vn 0.2156847 -0.9764631 0
vn 0.2392139 -0.9686201 -0.06746767
vn 0.2862723 -0.9529339 -0.09982546
vn 0.2862723 -0.9529339 -0.09982546
vn 0.2784293 -0.9529339 -0.1199754
vn 0.2862723 -0.9529339 -0.09982546
vn -0.3568599 -0.9294047 -0.09411645
vn -0.348974 -0.9371325 0
vn -0.1686261 -0.9843062 -0.0520243
vn -0.1529399 -0.9843062 -0.088038
vn 0.003921568 -0.9999924 0
vn -0.0117638 -0.9999309 0
vn -0.1607831 -0.9843062 -0.07273301
vn -0.1370348 -0.9905663 0
vn -0.01960766 -0.9921493 -0.1235125
vn 0.1293392 -0.9916005 0
vn 0.2156847 -0.9764631 0
vn 0.2392139 -0.9686201 -0.06746767
vn 0.2862723 -0.9529339 -0.09982546
vn 0.2862723 -0.9529339 -0.09982546
vn 0.1999985 -0.9764631 -0.08074857
vn -0.1215676 -0.9843062 -0.1279164
vn 0.003921568 -0.9921493 -0.1249976
vn -0.05097997 -0.9921493 -0.1141965
vn 0.05098003 -0.9921493 -0.1141965
vn 0.1215677 -0.9843062 -0.1279162
vn 0.145097 -0.9843062 -0.1004398
vn -0.2549 -0.960777 -0.1092409
vn -0.2549 -0.960777 -0.1092409
vn -0.348974 -0.9371325 0
vn 0.960777 -0.1921554 -0.1999597
vn 0.960777 -0.1921554 -0.1999597
vn 0.960777 -0.1921554 -0.1999597
vn 0.960777 -0.1921554 -0.1999597
vn 0.960777 -0.1921554 -0.1999597
vn 0.960777 -0.1921554 -0.1999597
vn 0.960777 -0.1921554 -0.1999597
vn 0.960777 -0.1921554 -0.1999597
vn 0.960777 -0.1921554 -0.1999597
vn 0.960777 -0.1921554 -0.1999597
vn 0.960777 -0.1921554 -0.1999597
vn 0.960777 -0.1921554 -0.1999597
vn 0.960777 -0.1921554 -0.1999597
vn 0.960777 -0.1921554 -0.1999597
vn 0.9294047 -0.05098003 0.3655242
vn 0.960777 -0.1921554 -0.1999597
vn 0.8666601 0.3725461 -0.3318279
vn 0.6784262 -0.3725462 -0.6332039
vn 0.960777 -0.1921554 -0.1999597
vn 0.960777 -0.1921554 -0.1999597
vn 0.960777 -0.1921554 -0.1999597
vn 0.960777 -0.1921554 -0.1999597
vn 0.960777 -0.1921554 -0.1999597
vn 0.960777 -0.1921554 -0.1999597
vn 0.960777 -0.1921554 -0.1999597
vn 0.960777 -0.1921554 -0.1999597
vn 0.960777 -0.1921554 -0.1999597
vn 0.960777 -0.1921554 -0.1999597
vn 0.960777 -0.1921554 -0.1999597
vn -0.9607769 0.1921554 0.19996
vn -0.9607769 0.1921554 0.19996
vn -0.9607769 0.1921554 0.19996
vn -0.9607769 0.1921554 0.19996
vn -0.9607769 0.1921554 0.19996
vn -0.9607769 0.1921554 0.19996
vn -0.9607769 0.1921554 0.19996
vn -0.9607769 0.1921554 0.19996
vn -0.9607769 0.1921554 0.19996
vn -0.9607769 0.1921554 0.19996
vn -0.9607769 0.1921554 0.19996
vn -0.9607769 0.1921554 0.19996
vn -0.9607769 0.1921554 0.19996
vn -0.9607769 0.1921554 0.19996
vn -0.66274 0.262743 0.701243
vn -0.9607769 0.1921554 0.19996
vn -0.7254846 0.6862692 -0.05202631
vn -0.9607769 0.1921554 0.19996
vn -0.9607769 0.1921554 0.19996
vn -0.9529338 -0.05098003 -0.2988616
vn -0.9607769 0.1921554 0.19996
vn -0.9607769 0.1921554 0.19996
vn -0.9607769 0.1921554 0.19996
vn -0.9607769 0.1921554 0.19996
vn -0.9607769 0.1921554 0.19996
vn -0.9607769 0.1921554 0.19996
vn -0.9607769 0.1921554 0.19996
vn -0.9607769 0.1921554 0.19996
vn -0.9607769 0.1921554 0.19996
vn 0.2705862 0.7725431 0.5744217
vn 0.2627431 0.8509738 0.4547632
vn 0.2627431 0.8509738 0.4547632
vn 0.2705862 0.7725431 0.5744217
vn 0.247057 0.9058753 0.3440244
vn 0.247057 0.9058753 0.3440244
vn -0.7254846 0.6862692 -0.05202631
vn 0.1215677 0.9450908 -0.3033557
vn 0.1215677 0.9450908 -0.3033557
vn 0.8666601 0.3725461 -0.3318279
vn -0.262743 -0.8509739 -0.4547632
vn -0.262743 -0.8509739 -0.4547632
vn -0.262743 -0.8509739 -0.4547632
vn -0.262743 -0.8509739 -0.4547632
vn -0.262743 -0.8509739 -0.4547632
vn -0.262743 -0.8509739 -0.4547632
vn -0.1450969 -0.960777 0.2363354
vn -0.01960766 -0.7725431 0.6346595
vn -0.01960766 -0.7725431 0.6346595
vn -0.1450969 -0.960777 0.2363354
vn 0.1764693 -0.1686262 0.9697545
vn 0.1764693 -0.1686262 0.9697545
vn 0.2235277 0.0901953 0.9705154
vn 0.2235277 0.0901953 0.9705154
vn -0.04313684 -0.8196016 0.5713077
vn -0.04313684 -0.8196016 0.5713077
vn -0.04313684 -0.8196016 0.5713077
vn -0.04313684 -0.8196016 0.5713077
vn 0.09019542 0.9058753 -0.4138293
vn 0.01176465 0.7646999 -0.6442792
vn 0.01176465 0.7646999 -0.6442792
vn 0.09019542 0.9058753 -0.4138293
vn -0.06666613 0.5686231 -0.8198923
vn -0.06666613 0.5686231 -0.8198923
vn -0.262743 -0.3960754 -0.8798241
vn -0.9529338 -0.05098003 -0.2988616
vn 0.6784262 -0.3725462 -0.6332039
vn -0.262743 -0.3960754 -0.8798241
vn -0.1999984 0.05097997 -0.9784691
vn -0.1999984 0.05097997 -0.9784691
vn -0.1999984 0.05097997 -0.9784691
vn -0.1999984 0.05097997 -0.9784691
vn 0.2392139 0.1999984 0.950146
vn -0.66274 0.262743 0.701243
vn 0.9294047 -0.05098003 0.3655242
vn 0.2392139 0.1999984 0.950146
vn -0.9607769 -0.1921554 -0.19996
vn -0.9607769 -0.1921554 -0.19996
vn -0.9607769 -0.1921554 -0.19996
vn -0.9607769 -0.1921554 -0.19996
vn -0.9607769 -0.1921554 -0.19996
vn -0.9607769 -0.1921554 -0.19996
vn -0.9607769 -0.1921554 -0.19996
vn -0.9607769 -0.1921554 -0.19996
vn -0.9607769 -0.1921554 -0.19996
vn -0.9607769 -0.1921554 -0.19996
vn -0.9607769 -0.1921554 -0.19996
vn -0.9607769 -0.1921554 -0.19996
vn -0.9607769 -0.1921554 -0.19996
vn -0.9607769 -0.1921554 -0.19996
vn -0.9294046 -0.05098003 0.3655244
vn -0.9607769 -0.1921554 -0.19996
vn -0.86666 0.3725461 -0.3318281
vn -0.6784261 -0.3725462 -0.633204
vn -0.9607769 -0.1921554 -0.19996
vn -0.9607769 -0.1921554 -0.19996
vn -0.9607769 -0.1921554 -0.19996
vn -0.9607769 -0.1921554 -0.19996
vn -0.9607769 -0.1921554 -0.19996
vn -0.9607769 -0.1921554 -0.19996
vn -0.9607769 -0.1921554 -0.19996
vn -0.9607769 -0.1921554 -0.19996
vn -0.9607769 -0.1921554 -0.19996
vn -0.9607769 -0.1921554 -0.19996
vn -0.9607769 -0.1921554 -0.19996
vn 0.960777 0.1921554 0.1999597
vn 0.960777 0.1921554 0.1999597
vn 0.960777 0.1921554 0.1999597
vn 0.960777 0.1921554 0.1999597
vn 0.960777 0.1921554 0.1999597
vn 0.960777 0.1921554 0.1999597
vn 0.960777 0.1921554 0.1999597
vn 0.960777 0.1921554 0.1999597
vn 0.960777 0.1921554 0.1999597
vn 0.960777 0.1921554 0.1999597
vn 0.960777 0.1921554 0.1999597
vn 0.960777 0.1921554 0.1999597
vn 0.960777 0.1921554 0.1999597
vn 0.960777 0.1921554 0.1999597
vn 0.6627401 0.262743 0.701243
vn 0.960777 0.1921554 0.1999597
vn 0.7254847 0.6862692 -0.05202516
vn 0.960777 0.1921554 0.1999597
vn 0.9529339 -0.05098003 -0.2988612
vn 0.960777 0.1921554 0.1999597
vn 0.960777 0.1921554 0.1999597
vn 0.960777 0.1921554 0.1999597
vn 0.960777 0.1921554 0.1999597
vn 0.960777 0.1921554 0.1999597
vn 0.960777 0.1921554 0.1999597
vn 0.960777 0.1921554 0.1999597
vn 0.960777 0.1921554 0.1999597
vn 0.960777 0.1921554 0.1999597
vn 0.960777 0.1921554 0.1999597
vn -0.2705861 0.7725431 0.5744218
vn -0.2705861 0.7725431 0.5744218
vn -0.262743 0.8509738 0.4547633
vn -0.262743 0.8509738 0.4547633
vn -0.2470568 0.9058753 0.3440244
vn -0.2470568 0.9058753 0.3440244
vn 0.7254847 0.6862692 -0.05202516
vn -0.86666 0.3725461 -0.3318281
vn -0.1215676 0.9450908 -0.3033558
vn -0.1215676 0.9450908 -0.3033558
vn 0.2627431 -0.8509739 -0.4547631
vn 0.2627431 -0.8509739 -0.4547631
vn 0.2627431 -0.8509739 -0.4547631
vn 0.2627431 -0.8509739 -0.4547631
vn 0.2627431 -0.8509739 -0.4547631
vn 0.2627431 -0.8509739 -0.4547631
vn 0.145097 -0.960777 0.2363354
vn 0.145097 -0.960777 0.2363354
vn 0.01960772 -0.7725431 0.6346595
vn 0.01960772 -0.7725431 0.6346595
vn -0.1764692 -0.1686262 0.9697545
vn -0.1764692 -0.1686262 0.9697545
vn -0.2235277 0.0901953 0.9705154
vn -0.2235277 0.0901953 0.9705154
vn 0.04313695 -0.8196016 0.5713077
vn 0.04313695 -0.8196016 0.5713077
vn 0.04313695 -0.8196016 0.5713077
vn 0.04313695 -0.8196016 0.5713077
vn -0.0901953 0.9058753 -0.4138293
vn -0.0901953 0.9058753 -0.4138293
vn -0.01176453 0.7646999 -0.6442792
vn -0.01176453 0.7646999 -0.6442792
vn 0.06666619 0.5686231 -0.8198923
vn 0.06666619 0.5686231 -0.8198923
vn 0.2627431 -0.3960754 -0.879824
vn 0.2627431 -0.3960754 -0.879824
vn -0.6784261 -0.3725462 -0.633204
vn 0.9529339 -0.05098003 -0.2988612
vn 0.1999985 0.05097997 -0.978469
vn 0.1999985 0.05097997 -0.978469
vn 0.1999985 0.05097997 -0.978469
vn 0.1999985 0.05097997 -0.978469
vn -0.2392138 0.1999984 0.950146
vn -0.2392138 0.1999984 0.950146
vn -0.9294046 -0.05098003 0.3655244
vn 0.6627401 0.262743 0.701243
vn -0.003921509 -0.9921493 -0.1249976
vn 0.15294 -0.9764631 -0.1520826
vn -0.003921509 -0.9843062 -0.1764254
vn 0.349017 -0.9215616 -0.1700336
vn 0.3333308 -0.9294047 -0.1584219
vn 0.5921524 -0.7490139 -0.29721
vn 0.4901924 -0.8274447 -0.2739467
vn 0.7254847 -0.5450939 -0.4201721
vn 0.7411708 -0.5137216 -0.4321527
vn 0.8274447 -0.145097 -0.5424778
vn 0.8039154 -0.3647031 -0.4697995
vn 0.7097985 -0.1607831 -0.6858096
vn 0.7019554 0.1999984 -0.6835636
vn 0.7882293 0.262743 -0.5564716
vn 0.5372508 0.5450938 -0.6436104
vn 0.56078 0.1215676 -0.8189915
vn 0.4666631 -0.1137246 -0.8770931
vn 0.5137216 0.5372508 -0.6689183
vn 0.2705862 0.7097985 -0.6503608
vn 0.2705862 0.7097985 -0.6503608
vn -0.003921509 0.7646999 -0.6443746
vn -0.003921509 0.7646999 -0.6443746
vn 0.9294047 -0.3411739 -0.1407384
vn -0.003921509 -0.960777 0.2772944
vn -0.003921509 -0.960777 0.2772944
vn 0.4039185 -0.8980324 0.1743207
vn 0.4274477 -0.8823462 0.1968593
vn 0.7176416 -0.6941124 -0.05655585
vn 0.7411708 -0.6705831 0.03137041
vn 0.8823462 -0.4666631 -0.06075117
vn 0.8807223 -0.4736329 0
vn 0.9282063 -0.3720658 0
vn 0.9215616 -0.3882324 0
vn 0.9990709 -0.04309721 0
vn 0.9843062 -0.1215677 -0.1279163
vn 0.9764631 -0.1215677 -0.1781602
vn 0.9843062 -0.1607831 0.07273288
vn 0.9977852 -0.06651904 0
vn 0.9764631 -0.2156847 0
vn 0.9371325 0.348974 0
vn 0.9372478 0.3411738 0.07188263
vn 0.6235247 0.7803861 0.04705901
vn 0.6374877 0.7704605 0
vn 0.3176447 0.9450908 0.07684576
vn 0.3091746 0.9510053 0
vn -0.003921509 0.9999923 -0.000345267
vn -0.003921509 0.9999923 -0.000345267
vn 0.9670746 -0.2544933 0
vn 0.3803893 0.05097997 0.9234203
vn -0.003921509 0.1058815 0.9943711
vn -0.003921509 0.1764692 0.9842983
vn 0.5058785 0.06666613 0.8600248
vn 0.003921568 0.2313707 0.9728578
vn 0.5294077 0.1137246 0.8407105
vn 0.003921568 0.2784292 0.9604487
vn 0.4980354 0.1450969 0.8549313
vn 0.003921568 0.3568599 0.9341497
vn 0.450977 0.2392138 0.8598817
vn 0.3803893 0.3568599 0.8532028
vn 0.003921568 0.4274477 0.9040316
vn 0.3019585 0.45882 0.8356466
vn -0.003921509 0.4980353 0.8671479
vn 0.2313708 0.5058784 0.8309961
vn -0.003921509 0.5294076 0.8483585
vn 0.7254847 -0.003921568 0.6882271
vn 0.6862693 0.01960766 0.7270833
vn 0.4431339 0.3803892 0.811749
vn 0.5372508 0.262743 0.8014535
vn 0.6235247 0.1215676 0.7722942
vn 0.7097985 -0.01176465 0.7043065
vn -0.003921509 -0.6862693 0.727337
vn 0.2078416 -0.6862693 0.6970196
vn -0.003921509 -0.6862693 0.727337
vn 0.3803893 -0.6313677 0.6757801
vn 0.4823493 -0.5999954 0.6382356
vn 0.552937 -0.5058785 0.6620783
vn -0.003921509 -0.2156847 -0.9764552
vn 0.003921568 0.3960754 -0.9182096
vn -0.2392138 0.3411738 -0.9090529
vn -0.4509768 0.2235277 -0.8640922
vn -0.5372508 0.1058815 -0.8367501
vn -0.5607799 0.05097997 -0.826394
vn -0.5764661 -0.05882311 -0.815001
vn -0.5294076 -0.3411739 -0.7767419
vn -0.3647031 -0.6078385 -0.7053539
vn -0.1843122 -0.7333277 -0.6544153
vn -0.003921509 -0.7647001 -0.6443745
vn -0.2156845 0.6862692 -0.6946329
vn 0.003921568 0.6862692 -0.7273371
vn 0.003921568 0.6941123 -0.7198561
vn -0.3882322 0.6392107 -0.6638414
vn -0.4823492 0.6078384 -0.6307708
vn -0.5607799 0.5137215 -0.6493198
vn 0.3725462 -0.2078416 -0.9044397
vn 0.4274477 -0.1686262 -0.8881743
vn 0.1686262 -0.3098016 -0.9357287
vn 0.1686262 -0.3098016 -0.9357287
vn 0.15294 -0.2235277 -0.9626238
vn 0.15294 -0.2313708 -0.9607689
vn 0.1294108 -0.1686262 -0.9771479
vn 0.1294108 -0.1686262 -0.9771479
vn 0.145097 -0.145097 -0.9787204
vn 0.145097 -0.145097 -0.9787204
vn 0.145097 -0.06666619 -0.9871689
vn 0.145097 -0.06666619 -0.9871689
vn 0.09803849 -0.003921568 -0.9951749
vn 0.09803849 -0.003921568 -0.9951749
vn -0.003921509 0.01176453 -0.9999231
vn -0.003921509 0.01176453 -0.9999231
vn 0.552937 -0.2156847 -0.8048235
vn 0.5372508 -0.247057 -0.8064269
vn 0.3254877 -0.5137216 -0.7938185
vn 0.3176447 -0.5215647 -0.7918789
vn -0.003921509 -0.6078385 -0.794051
vn -0.003921509 -0.6078385 -0.794051
vn -0.003921509 -0.960777 0.2772944
vn -0.003921509 -0.960777 0.2772944
vn 0.4274477 -0.8823462 0.1968593
vn 0.4431339 -0.8823462 0.1584221
vn 0.7411708 -0.6705831 0.03137041
vn 0.7489218 -0.6626585 0
vn 0.8807223 -0.4736329 0
vn 0.8745031 -0.4823493 -0.05082759
vn 0.9215616 -0.3882324 0
vn 0.9137185 -0.3960754 -0.09078938
vn 0.3882324 -0.9058754 0.1693083
vn 0.4039185 -0.8980324 0.1743207
vn -0.003921509 -0.960777 0.2772944
vn -0.003921509 -0.960777 0.2772944
vn 0.6992508 -0.7148765 0
vn 0.7176416 -0.6941124 -0.05655585
vn 0.8745031 -0.4666631 -0.1321734
vn 0.8823462 -0.4666631 -0.06075117
vn 0.9215616 -0.3647031 -0.133101
vn 0.9282063 -0.3720658 0
vn -0.003921509 -0.9921493 -0.1249976
vn -0.003921509 -0.9843062 -0.1764254
vn -0.1529399 -0.9764631 -0.1520828
vn -0.3490169 -0.9215616 -0.1700336
vn -0.3333308 -0.9294047 -0.1584221
vn -0.5921522 -0.7490139 -0.2972103
vn -0.4901923 -0.8274447 -0.2739468
vn -0.7254846 -0.5450939 -0.4201722
vn -0.7411708 -0.5137216 -0.4321528
vn -0.8274446 -0.145097 -0.542478
vn -0.8039154 -0.3647031 -0.4697996
vn -0.7097985 -0.1607831 -0.6858097
vn -0.7019553 0.1999984 -0.6835638
vn -0.7882292 0.262743 -0.5564718
vn -0.5372508 0.5450938 -0.6436105
vn -0.5607799 0.1215676 -0.8189916
vn -0.466663 -0.1137246 -0.8770931
vn -0.5137215 0.5372508 -0.6689184
vn -0.2705861 0.7097985 -0.6503609
vn -0.2705861 0.7097985 -0.6503609
vn -0.003921509 0.7646999 -0.6443746
vn -0.003921509 0.7646999 -0.6443746
vn -0.9294046 -0.3411739 -0.1407388
vn -0.4039184 -0.8980324 0.174321
vn -0.003921509 -0.960777 0.2772944
vn -0.003921509 -0.960777 0.2772944
vn -0.4274477 -0.8823462 0.1968596
vn -0.7176415 -0.6941124 -0.05655743
vn -0.7411708 -0.6705831 0.03137136
vn -0.8823462 -0.4666631 -0.06075215
vn -0.8807224 -0.473633 0
vn -0.9282063 -0.3720658 0
vn -0.9215615 -0.3882324 -0.0002441406
vn -0.9990709 -0.04309721 0
vn -0.9764631 -0.1215677 -0.1781605
vn -0.9843061 -0.1215677 -0.1279172
vn -0.9843061 -0.1607831 0.07273452
vn -0.9977852 -0.06651905 0
vn -0.9764631 -0.2156847 -8.631674E-05
vn -0.9371324 0.348974 0
vn -0.9372476 0.3411738 0.07188428
vn -0.6235245 0.7803861 0.04706028
vn -0.6374876 0.7704607 0
vn -0.3176446 0.9450908 0.07684615
vn -0.3091745 0.9510054 0
vn -0.003921509 0.9999923 -0.000345267
vn -0.003921509 0.9999923 -0.000345267
vn -0.9670746 -0.2544934 0
vn -0.3803892 0.05097997 0.9234203
vn -0.5058784 0.06666613 0.8600248
vn -0.003921509 0.1764692 0.9842983
vn -0.003921509 0.1058815 0.9943711
vn 0.003921568 0.2313707 0.9728578
vn -0.5294076 0.1137246 0.8407106
vn 0.003921568 0.2784292 0.9604487
vn -0.4980353 0.1450969 0.8549314
vn 0.003921568 0.3568599 0.9341497
vn -0.4509768 0.2392138 0.8598818
vn -0.3803892 0.3568599 0.8532028
vn 0.003921568 0.4274477 0.9040316
vn -0.3019584 0.45882 0.8356466
vn -0.003921509 0.4980353 0.8671479
vn -0.2313707 0.5058784 0.8309961
vn -0.003921509 0.5294076 0.8483585
vn -0.7254846 -0.003921568 0.6882272
vn -0.6862692 0.01960766 0.7270833
vn -0.4431338 0.3803892 0.811749
vn -0.5372508 0.262743 0.8014535
vn -0.6235245 0.1215676 0.7722943
vn -0.7097985 -0.01176465 0.7043065
vn -0.003921509 -0.6862693 0.727337
vn -0.003921509 -0.6862693 0.727337
vn -0.2078415 -0.6862693 0.6970196
vn -0.3803892 -0.6313677 0.6757802
vn -0.4823492 -0.5999954 0.6382357
vn -0.5529369 -0.5058785 0.6620783
vn -0.003921509 -0.2156847 -0.9764552
vn 0.2392139 0.3411738 -0.9090529
vn 0.003921568 0.3960754 -0.9182096
vn 0.450977 0.2235277 -0.8640921
vn 0.5372508 0.1058815 -0.8367501
vn 0.56078 0.05097997 -0.8263939
vn 0.5764662 -0.05882311 -0.815001
vn 0.5294077 -0.3411739 -0.7767418
vn 0.3647031 -0.6078385 -0.7053538
vn 0.1843123 -0.7333277 -0.6544153
vn -0.003921509 -0.7647001 -0.6443745
vn 0.2156847 0.6862692 -0.6946328
vn 0.003921568 0.6941123 -0.7198561
vn 0.003921568 0.6862692 -0.7273371
vn 0.3882324 0.6392107 -0.6638414
vn 0.4823493 0.6078384 -0.6307707
vn 0.56078 0.5137215 -0.6493196
vn -0.3725461 -0.2078416 -0.9044397
vn -0.1686261 -0.3098016 -0.9357287
vn -0.1686261 -0.3098016 -0.9357287
vn -0.4274477 -0.1686262 -0.8881744
vn -0.1529399 -0.2235277 -0.9626239
vn -0.1529399 -0.2313708 -0.9607689
vn -0.1294107 -0.1686262 -0.9771479
vn -0.1294107 -0.1686262 -0.9771479
vn -0.1450969 -0.145097 -0.9787204
vn -0.1450969 -0.145097 -0.9787204
vn -0.1450969 -0.06666619 -0.9871689
vn -0.1450969 -0.06666619 -0.9871689
vn -0.09803843 -0.003921568 -0.9951749
vn -0.09803843 -0.003921568 -0.9951749
vn -0.003921509 0.01176453 -0.9999231
vn -0.003921509 0.01176453 -0.9999231
vn -0.5529369 -0.2156847 -0.8048235
vn -0.5372508 -0.247057 -0.806427
vn -0.3254876 -0.5137216 -0.7938186
vn -0.3176446 -0.5215647 -0.7918789
vn -0.003921509 -0.6078385 -0.794051
vn -0.003921509 -0.6078385 -0.794051
vn -0.4274477 -0.8823462 0.1968596
vn -0.003921509 -0.960777 0.2772944
vn -0.003921509 -0.960777 0.2772944
vn -0.4431338 -0.8823462 0.1584221
vn -0.7411708 -0.6705831 0.03137136
vn -0.7489216 -0.6626585 0
vn -0.8807224 -0.473633 0
vn -0.874503 -0.4823493 -0.05082935
vn -0.9215615 -0.3882324 -0.0002441406
vn -0.9137185 -0.3960754 -0.09079003
vn -0.003921509 -0.960777 0.2772944
vn -0.4039184 -0.8980324 0.174321
vn -0.3882322 -0.9058754 0.1693085
vn -0.003921509 -0.960777 0.2772944
vn -0.6992507 -0.7148765 0
vn -0.7176415 -0.6941124 -0.05655743
vn -0.874503 -0.4666631 -0.1321741
vn -0.8823462 -0.4666631 -0.06075215
vn -0.9215615 -0.3647031 -0.1331017
vn -0.9282063 -0.3720658 0
vn 0.4039185 -0.9137185 -0.04436513
vn -0.003921509 -0.9999924 0
vn -0.003921509 -0.9999924 0
vn 0.4431339 -0.8901893 -0.1058084
vn 0.654897 -0.7333277 -0.1825935
vn 0.7019554 -0.6941124 -0.1595825
vn 0.56078 -0.7960724 -0.2275842
vn 0.5686231 -0.7960724 -0.2072114
vn 0.6705831 -0.7019554 -0.2399517
vn 0.6705831 -0.7019554 -0.2399517
vn 0.7176416 -0.6078385 -0.3398866
vn 0.7176416 -0.6078385 -0.3398866
vn 0.6392108 -0.5137216 -0.5722759
vn 0.7490139 -0.5843093 -0.3123473
vn 0.7254847 -0.56078 -0.3989959
vn 0.7333277 -0.5686231 -0.3726905
vn 0.6941124 -0.5372508 -0.4791342
vn 0.7019554 -0.5372508 -0.4675683
vn 0.6862693 -0.5372508 -0.490302
vn -0.4039184 -0.9137185 -0.04436647
vn -0.4431338 -0.8901893 -0.1058084
vn -0.003921509 -0.9999924 0
vn -0.003921509 -0.9999924 0
vn -0.6548969 -0.7333277 -0.182594
vn -0.7019553 -0.6941124 -0.1595832
vn -0.5607799 -0.7960724 -0.2275845
vn -0.5686231 -0.7960724 -0.2072115
vn -0.670583 -0.7019554 -0.239952
vn -0.670583 -0.7019554 -0.239952
vn -0.7176415 -0.6078385 -0.3398868
vn -0.7176415 -0.6078385 -0.3398868
vn -0.6392107 -0.5137216 -0.572276
vn -0.7490138 -0.5843093 -0.3123476
vn -0.7254846 -0.56078 -0.398996
vn -0.7333276 -0.5686231 -0.3726906
vn -0.6941123 -0.5372508 -0.4791343
vn -0.7019553 -0.5372508 -0.4675685
vn -0.6862692 -0.5372508 -0.4903021
vn -0.9996234 -0.02744067 0
vn -0.9843061 0.003921509 0.176426
vn -0.7411708 0.66274 0.1069654
vn -0.7254846 0.6862692 -0.05202631
vn -0.0117638 0.9999309 0
vn 0.04313695 0.9921492 -0.1173844
vn 0.7490139 0.6470538 -0.1424764
vn 0.7254847 0.66274 -0.1856008
vn 0.9921493 -0.003921568 -0.1249976
vn 0.9686201 0.003921509 -0.2485151
vn 0.7254847 -0.6627401 -0.1856007
vn 0.7411708 -0.654897 -0.1475662
vn 0.003921568 -0.9999924 0
vn -0.0117638 -0.9999309 0
vn -0.7333276 -0.6784262 0.04436714
vn -0.7411708 -0.6627401 0.1069651
vn -0.9843061 0.003921509 0.176426
vn -0.9996234 -0.02744067 0
vn -0.7411708 0.670583 0.03137373
vn -0.01960766 0.9921492 -0.123513
vn 0.7097985 0.66274 -0.2386667
vn 0.960777 0.003921509 -0.2772944
vn 0.7097985 -0.6627401 -0.2386665
vn -0.01960766 -0.9921493 -0.1235125
vn -0.7411708 -0.6705831 0.03137136
vn -0.9921492 0.003921509 0.1249981
vn -0.7411708 0.670583 0.03137373
vn -0.9921492 0.003921509 0.1249981
vn -0.9921492 0.003921509 0.1249981
vn -0.01960766 0.9921492 -0.123513
vn 0.7019554 0.66274 -0.2608337
vn 0.9529339 0.003921509 -0.3031528
vn 0.7097985 -0.6627401 -0.2386665
vn -0.01960766 -0.9921493 -0.1235125
vn -0.7411708 -0.6705831 0.03137136
vn -0.9921492 0.003921509 0.1249981
vn -0.7411708 0.670583 0.03137373
vn -0.9921492 0.003921509 0.1249981
vn -0.7489218 0.6626585 0
vn -0.9999923 0.003921509 -0.0003449296
vn -0.03529382 0.9843061 -0.1729041
vn -0.02745068 0.9921492 -0.1220098
vn 0.6941124 0.66274 -0.2810404
vn 0.6941124 0.66274 -0.2810404
vn 0.9529339 0.003921509 -0.3031528
vn 0.9450908 0.003921509 -0.3267842
vn 0.7019554 -0.6470539 -0.2976235
vn 0.7019554 -0.654897 -0.2799437
vn -0.03529382 -0.9843062 -0.1729034
vn -0.02745068 -0.9921493 -0.1220093
vn -0.756206 -0.6543337 0
vn -0.7489216 -0.6626585 0
vn -0.9999923 0.003921509 -0.0003449296
vn -0.9921492 0.003921509 0.1249981
vn -0.9999309 0.0117638 0
vn -0.04313684 0.9764631 -0.2113269
vn -0.756206 0.6543336 0
vn 0.6784262 0.6548969 -0.3329384
vn 0.9294047 0.01176453 -0.3688747
vn -0.05882299 -0.9843062 -0.1663764
vn 0.7019554 -0.6392108 -0.3141147
vn -0.7803861 -0.6235247 -0.0470587
vn -0.9999309 0.0117638 0
vn -0.756206 0.6543336 0
vn -0.9999309 0.0117638 0
vn -0.9999309 -0.01176392 0
vn -0.756206 0.6543336 0
vn -0.02745068 0.9764631 -0.2139307
vn -0.04313684 0.9764631 -0.2113269
vn 0.6784262 0.6548969 -0.3329384
vn 0.6862693 0.6392107 -0.3470507
vn 0.9294047 0.01176453 -0.3688747
vn 0.9294047 -0.01176465 -0.3688747
vn 0.6392108 -0.7019554 -0.3141148
vn 0.7019554 -0.6392108 -0.3141147
vn -0.05882299 -0.9843062 -0.1663764
vn -0.05097997 -0.9764631 -0.2095729
vn -0.7803861 -0.6235247 -0.0470587
vn -0.7333276 -0.6784262 -0.04436714
vn -0.9999309 -0.01176392 0
vn -0.9999309 0.0117638 0
vn -0.2392138 -0.003921568 -0.970959
vn -0.2705861 0.2549 -0.9283367
vn -0.2392138 0.2549 -0.9369113
vn -0.2470568 -0.003921568 -0.9689931
vn -0.2549 -0.003921568 -0.9669595
vn -0.2078415 0.262743 -0.9422144
vn -0.1450969 0.5058784 -0.850314
vn -0.2156845 0.5058784 -0.8352048
vn -0.2862723 0.4980353 -0.8185408
vn -0.5058784 -0.07450926 -0.8593808
vn -0.2784292 0.5686231 -0.7740446
vn 0.09019542 0.9843061 -0.1516783
vn 0.7704606 0.6374876 0
vn 0.9999924 -0.003921568 0
vn 0.7490139 -0.654897 0.1004398
vn -0.0117638 -0.9999309 0
vn -0.3960754 -0.7803862 -0.4838611
vn -0.5058784 -0.07450926 -0.8593808
vn 0.7803862 0.6235245 0.04705838
vn 0.3960754 0.86666 -0.3033558
vn 0.9999924 -0.003921568 0
vn 0.7254847 -0.6862693 0.05202344
vn 0.1843123 -0.9764631 -0.1120209
vn -0.003921509 -0.4666631 -0.8844265
vn -0.003921509 -0.05882311 -0.9982607
vn 0.05098003 -0.9058754 -0.4204649
vn -0.003921509 -0.8901893 -0.455574
vn 0.2627431 -0.960777 0.08873361
vn 0.05098003 -0.9921493 -0.1141965
vn -0.003921509 -0.9921493 -0.1249976
vn 0.4980354 0.8588169 -0.1199762
vn 0.1764693 0.9764631 -0.12401
vn 0.1843123 0.6784261 -0.7111729
vn 0.003921568 0.6784261 -0.7346581
vn 0.003921568 0.9921492 -0.1249981
vn 0.4980354 0.8509738 0.1667459
vn 0.15294 0.9607769 0.2313375
vn 0.003921568 0.9764631 0.215649
vn -0.003921509 0.2313707 -0.9728578
vn -0.003921509 -0.05882311 -0.9982607
vn 0.9996234 -0.02744067 0
vn 0.7254847 0.6862692 -0.05202516
vn 0.7411708 0.66274 0.1069651
vn 0.9843062 0.003921509 0.1764254
vn 0.01176392 0.9999309 0
vn -0.04313684 0.9921492 -0.1173844
vn -0.7490138 0.6470538 -0.142477
vn -0.7254846 0.66274 -0.1856012
vn -0.9921492 -0.003921568 -0.1249981
vn -0.9686199 0.003921509 -0.2485156
vn -0.7254846 -0.6627401 -0.185601
vn -0.7411708 -0.654897 -0.1475664
vn -0.003921509 -0.9999924 0
vn 0.01176392 -0.9999309 0
vn 0.7333277 -0.6784262 0.0443658
vn 0.7411708 -0.6627401 0.1069648
vn 0.9843062 0.003921509 0.1764254
vn 0.9996234 -0.02744067 0
vn 0.9921493 0.003921509 0.1249976
vn 0.01960772 0.9921492 -0.123513
vn 0.7411708 0.670583 0.03137278
vn -0.7097985 0.66274 -0.2386668
vn -0.9607769 0.003921509 -0.2772946
vn 0.01960772 -0.9921493 -0.1235125
vn -0.7097985 -0.6627401 -0.2386667
vn 0.7411708 -0.6705831 0.03137041
vn 0.7411708 0.670583 0.03137278
vn 0.9921493 0.003921509 0.1249976
vn 0.01960772 0.9921492 -0.123513
vn -0.7019553 0.66274 -0.2608342
vn -0.9529338 0.003921509 -0.3031532
vn -0.7097985 -0.6627401 -0.2386667
vn 0.01960772 -0.9921493 -0.1235125
vn 0.7411708 -0.6705831 0.03137041
vn 0.9921493 0.003921509 0.1249976
vn 0.9921493 0.003921509 0.1249976
vn 0.7411708 0.670583 0.03137278
vn 0.9921493 0.003921509 0.1249976
vn 0.7489218 0.6626585 0
vn 0.9999924 0.003921509 0
vn 0.03529388 0.9843061 -0.1729041
vn 0.0274508 0.9921492 -0.1220098
vn -0.6941123 0.66274 -0.2810406
vn -0.6941123 0.66274 -0.2810406
vn -0.9529338 0.003921509 -0.3031532
vn -0.9450908 0.003921509 -0.3267844
vn -0.7019553 -0.6470539 -0.2976239
vn -0.7019553 -0.654897 -0.2799442
vn 0.03529388 -0.9843062 -0.1729034
vn 0.0274508 -0.9921493 -0.1220093
vn 0.7562059 -0.6543337 0
vn 0.7489218 -0.6626585 0
vn 0.9999924 0.003921509 0
vn 0.9921493 0.003921509 0.1249976
vn 0.9999309 0.0117638 0
vn 0.04313695 0.9764631 -0.2113269
vn 0.756206 0.6543336 0
vn -0.6784261 0.6548969 -0.3329385
vn -0.9294046 0.01176453 -0.3688748
vn -0.7019553 -0.6392108 -0.3141151
vn 0.05882311 -0.9843062 -0.1663764
vn 0.7803862 -0.6235247 -0.0470568
vn 0.9999309 0.0117638 0
vn 0.756206 0.6543336 0
vn 0.756206 0.6543336 0
vn 0.9999309 -0.01176392 0
vn 0.9999309 0.0117638 0
vn 0.0274508 0.9764631 -0.2139307
vn 0.04313695 0.9764631 -0.2113269
vn -0.6784261 0.6548969 -0.3329385
vn -0.6862692 0.6392107 -0.3470508
vn -0.9294046 0.01176453 -0.3688748
vn -0.9294046 -0.01176465 -0.3688748
vn -0.6392107 -0.7019554 -0.314115
vn -0.7019553 -0.6392108 -0.3141151
vn 0.05882311 -0.9843062 -0.1663764
vn 0.05098003 -0.9764631 -0.2095729
vn 0.7803862 -0.6235247 -0.0470568
vn 0.7333277 -0.6784262 -0.0443658
vn 0.9999309 -0.01176392 0
vn 0.9999309 0.0117638 0
vn 0.2392139 -0.003921568 -0.970959
vn 0.247057 -0.003921568 -0.968993
vn 0.2392139 0.2549 -0.9369113
vn 0.2705862 0.2549 -0.9283367
vn 0.2549 -0.003921568 -0.9669595
vn 0.2078416 0.262743 -0.9422144
vn 0.145097 0.5058784 -0.850314
vn 0.2156847 0.5058784 -0.8352048
vn 0.2862723 0.4980353 -0.8185408
vn 0.5058785 -0.07450926 -0.8593808
vn 0.2784293 0.5686231 -0.7740445
vn -0.0901953 0.9843061 -0.1516783
vn -0.7704607 0.6374876 0
vn -0.9999923 -0.003921568 -0.0003442513
vn -0.7490138 -0.654897 0.1004407
vn 0.01176392 -0.9999309 0
vn 0.3960754 -0.7803862 -0.4838611
vn 0.5058785 -0.07450926 -0.8593808
vn -0.7803861 0.6235245 0.04706028
vn -0.3960754 0.86666 -0.3033558
vn -0.9999923 -0.003921568 -0.0003442513
vn -0.7254846 -0.6862693 0.05202458
vn -0.1843122 -0.9764631 -0.1120212
vn -0.003921509 -0.4666631 -0.8844265
vn -0.003921509 -0.05882311 -0.9982607
vn -0.05097997 -0.9058754 -0.4204649
vn -0.003921509 -0.8901893 -0.455574
vn -0.262743 -0.960777 0.08873395
vn -0.05097997 -0.9921493 -0.1141965
vn -0.003921509 -0.9921493 -0.1249976
vn -0.4980353 0.8588169 -0.1199767
vn -0.1764692 0.9764631 -0.12401
vn -0.1843122 0.6784261 -0.7111729
vn 0.003921568 0.6784261 -0.7346581
vn 0.003921568 0.9921492 -0.1249981
vn -0.4980353 0.8509738 0.1667463
vn -0.1529399 0.9607769 0.2313376
vn 0.003921568 0.9764631 0.215649
vn -0.003921509 0.2313707 -0.9728578
vn -0.003921509 -0.05882311 -0.9982607
vn -0.2078415 0.9215615 -0.327912
vn -0.2156845 0.9215615 -0.3228074
vn -0.2235277 0.9137185 -0.3393434
vn -0.2235277 0.9137185 -0.3393434
vn -0.1686261 0.9372476 -0.3051756
vn -0.1607831 0.9372476 -0.3093795
vn -0.1058815 0.9529338 -0.2840886
vn -0.1058815 0.9529338 -0.2840886
vn -0.07450914 0.9686199 -0.2371155
vn 0.2078416 0.9215615 -0.327912
vn 0.2235277 0.9137185 -0.3393433
vn 0.2235277 0.9137185 -0.3393433
vn 0.2156847 0.9215615 -0.3228073
vn 0.1686262 0.9372476 -0.3051755
vn 0.1607831 0.9372476 -0.3093795
vn 0.1058816 0.9529338 -0.2840886
vn 0.1058816 0.9529338 -0.2840886
vn 0.07450926 0.9686199 -0.2371155
vn -0.3725461 0.8509738 -0.3702066
vn -0.3725461 0.8588169 -0.351629
vn -0.3725461 0.8588169 -0.351629
vn -0.3725461 0.8509738 -0.3702066
vn -0.3568599 0.8196015 -0.4482235
vn -0.3490169 0.8117584 -0.4682259
vn -0.3490169 0.8117584 -0.4682259
vn -0.3568599 0.8196015 -0.4482235
vn -0.3254876 0.7725431 -0.5451927
vn 0.3725462 0.8509738 -0.3702065
vn 0.3725462 0.8509738 -0.3702065
vn 0.3725462 0.8588169 -0.351629
vn 0.3725462 0.8588169 -0.351629
vn 0.35686 0.8196015 -0.4482234
vn 0.349017 0.8117584 -0.4682259
vn 0.349017 0.8117584 -0.4682259
vn 0.3254877 0.7725431 -0.5451926
vn 0.35686 0.8196015 -0.4482234
vn -0.4039184 0.9137185 0.04436782
vn -0.4431338 0.8901892 0.1058093
vn 0.003921568 0.9999923 -0.000345267
vn 0.003921568 0.9999923 -0.000345267
vn -0.6548969 0.7333276 0.1825943
vn -0.7019553 0.6941123 0.1595835
vn -0.5607799 0.7960722 0.2275849
vn -0.5686231 0.7960722 0.207212
vn -0.670583 0.7019553 0.2399524
vn -0.670583 0.7019553 0.2399524
vn -0.7176415 0.6078384 0.3398871
vn -0.7176415 0.6078384 0.3398871
vn -0.6392107 0.5137215 0.5722761
vn -0.7490138 0.5843092 0.3123478
vn -0.7254846 0.5607799 0.3989962
vn -0.7333276 0.5686231 0.3726907
vn -0.6941123 0.5372508 0.4791344
vn -0.7019553 0.5372508 0.4675686
vn -0.6862692 0.5372508 0.4903022
vn 0.4039185 0.9137185 0.04436647
vn 0.003921568 0.9999923 -0.000345267
vn 0.003921568 0.9999923 -0.000345267
vn 0.4431339 0.8901892 0.1058093
vn 0.654897 0.7333276 0.1825939
vn 0.7019554 0.6941123 0.1595827
vn 0.56078 0.7960722 0.2275846
vn 0.5686231 0.7960722 0.2072118
vn 0.6705831 0.7019553 0.239952
vn 0.6705831 0.7019553 0.239952
vn 0.7176416 0.6078384 0.3398868
vn 0.7176416 0.6078384 0.3398868
vn 0.6392108 0.5137215 0.572276
vn 0.7490139 0.5843092 0.3123475
vn 0.7254847 0.5607799 0.398996
vn 0.7333277 0.5686231 0.3726906
vn 0.6941124 0.5372508 0.4791343
vn 0.7019554 0.5372508 0.4675683
vn 0.6862693 0.5372508 0.4903021
vn 0.4117616 0.4352907 -0.8006088
vn 0.5372508 0.3803892 -0.7527719
vn 0.5843093 0.3882322 -0.7126418
vn 0.45882 0.4745061 -0.7512177
vn 0.2078416 0.5058784 -0.837191
vn 0.2392139 0.5764661 -0.7813217
vn -0.01176453 0.5294076 -0.848286
vn -0.003921509 0.6078384 -0.7940511
vn 0.5372508 0.4039184 -0.740413
vn 0.552937 0.4352907 -0.7104806
vn 0.4039185 0.3411738 -0.8487934
vn 0.3647031 0.3411738 -0.8663672
vn 0.5372508 0.4196045 -0.7316376
vn 0.1843123 0.6470538 -0.7398313
vn 0.3882324 0.4431338 -0.8080273
vn 0.2627431 0.02745068 -0.9644753
vn 0.35686 -0.01960772 -0.9339521
vn -0.05882299 0.9294046 -0.3643444
vn 0.4431339 0.1294107 -0.8870655
vn 0.6470539 0.3490169 -0.6778705
vn 0.8274447 0.4117615 -0.3818217
vn 0.09019542 0.9921492 0.08662968
vn 0.9137185 0.3803892 -0.1429073
vn 0.9215616 0.3254876 0.2116177
vn 0.2235277 0.8039154 0.5511401
vn 0.1372539 0.2470568 -0.9592311
vn 0.4039185 0.3725461 -0.8354993
vn 0.858817 0.02745068 0.5115466
vn 0.6941124 -0.1372539 0.7066607
vn 0.5921524 -0.3254877 0.7371657
vn 0.3098016 0.3647031 0.8780744
vn 0.8666601 -0.45882 0.1959197
vn 0.1372539 0.2941153 -0.9458634
vn 0.05098003 0.2156845 -0.9751314
vn 0.04313695 0.2470568 -0.9680403
vn 0.1137246 0.2941153 -0.9489799
vn 0.09019542 0.2470568 -0.9647942
vn 0.2705862 0.3411738 -0.9002131
vn 0.145097 0.3411738 -0.9287342
vn -0.003921509 0.2549 -0.9669595
vn -0.01176453 0.3490169 -0.9370426
vn 0.01176465 0.2235277 -0.9746266
vn 0.9215616 -0.3019585 -0.244019
vn 0.8117585 -0.5215647 -0.2627136
vn 0.7803862 -0.1843123 -0.5975168
vn 0.8901893 0.07450914 -0.4494568
vn 0.9058754 -0.3960754 -0.1500464
vn 0.8352877 -0.5372508 -0.1168586
vn 0.9294047 -0.3647031 -0.05655585
vn 0.8666601 -0.45882 0.1959197
vn 0.8274447 0.4117615 -0.3818217
vn 0.9137185 0.3803892 -0.1429073
vn 0.9215616 0.3254876 0.2116177
vn 0.7960724 -0.5686231 -0.2072114
vn 0.8039154 -0.5686231 -0.1743207
vn 0.9282063 -0.3720658 0
vn 0.5450939 -0.7490139 -0.3766309
vn 0.5294077 -0.7725431 -0.3505774
vn 0.7882293 -0.5921524 -0.1674819
vn 0.9450908 -0.3176447 -0.07684513
vn 0.8274447 -0.56078 -0.02934414
vn 0.6078385 -0.7882293 -0.09605716
vn 0.6078385 -0.7882293 0.09605716
vn 0.73764 -0.6751943 0
vn 0.4823493 -0.8745031 0.05082759
vn 0.6626585 -0.7489218 0
vn 0.9215616 -0.3725462 -0.1092409
vn 0.9686201 -0.1764693 -0.175025
vn 0.8745031 -0.1294108 -0.4674368
vn 0.8274447 -0.450977 -0.3345969
vn 0.4431339 -0.8196016 -0.3631606
vn 0.4352908 -0.858817 -0.2701024
vn 0.4039185 -0.8745031 -0.2685034
vn 0.4196047 -0.8666601 -0.2698746
vn 0.9529339 0.01960766 -0.3025434
vn 0.7097985 0.3254876 -0.6246951
vn 0.8274447 0.1764692 -0.5330985
vn 0.4666631 -0.8431308 -0.2671253
vn 0.348974 -0.9371325 0
vn 0.3019585 -0.8901893 -0.3411511
vn 0.3647031 -0.6470539 -0.6695617
vn 0.5921524 -0.56078 -0.5786893
vn 0.247057 -0.960777 -0.125978
vn 0.2627431 -0.9058754 -0.3321983
vn 0.2705862 -0.9529339 -0.1367482
vn 0.2862723 -0.7019554 -0.6521555
vn 0.2392139 -0.7411708 -0.62725
vn 0.247057 -0.9058754 -0.344024
vn 0.3882324 -0.3019585 -0.8706875
vn 0.6313677 -0.1921554 -0.7512996
vn 0.3960754 -0.003921568 -0.9182096
vn 0.3019585 -0.3960754 -0.8671478
vn 0.2941154 -0.1137246 -0.9489799
vn 0.6235247 0.1372538 -0.7696612
vn 0.5686231 0.3176446 -0.7587949
vn 0.3960754 0.1607831 -0.9040316
vn 0.5058785 0.3647031 -0.7817152
vn 0.3411739 0.2470568 -0.9069527
vn 0.2549 0.06666613 -0.9646666
vn 0.1921554 -0.1764693 -0.9653677
vn 0.1372539 0.02745068 -0.9901555
vn 0.1686262 0.1450969 -0.9749421
vn 0.09019542 0.1372538 -0.9864209
vn 0.2313708 -0.4666631 -0.8536352
vn 0.1137246 -0.2156847 -0.9698179
vn 0.08235234 0.003921509 -0.9965956
vn 0.05882311 -0.2392139 -0.9691834
vn 0.0274508 -0.0274508 -0.9992462
vn 0.05882311 0.1372538 -0.9887878
vn 0.01960772 0.09803843 -0.9949895
vn 0.09019542 -0.5372508 -0.8385859
vn 0.15294 -0.5137216 -0.8442153
vn 0.1843123 -0.7647001 -0.6174648
vn 0.1137246 -0.7803862 -0.6148691
vn 0.2078416 -0.9058754 -0.3690414
vn 0.1372539 -0.9058754 -0.4006882
vn 0.2549 -0.9450908 -0.2045221
vn 0.1921554 -0.9450908 -0.2643475
vn 0.2784293 -0.9529339 -0.1199754
vn 0.3091746 -0.9510053 0
vn 0.2862723 -0.9529339 0.09982546
vn 0.2627431 -0.960777 0.08873361
vn 0.2627431 -0.9294047 0.2591776
vn 0.247057 -0.9686201 -0.02716661
vn 0.2544933 -0.9670746 0
vn 0.2783437 -0.9604816 0
vn 0.2784293 -0.9529339 0.1199754
vn 0.4425082 -0.8967644 0
vn 0.4117616 -0.9058754 -0.09920704
vn 0.5137216 -0.8509739 -0.1092409
vn 0.5137216 -0.8196016 -0.2536599
vn 0.2235277 -0.9372478 0.2675855
vn 0.1840521 -0.9829164 0
vn 0.1686262 -0.9686201 -0.1825934
vn 0.003921568 -0.9999924 0
vn 0.145097 -0.9450908 -0.2928313
vn 0.003921568 -0.960777 -0.2772944
vn 0.003921568 -0.9294047 -0.3690414
vn 0.1294108 -0.9137185 -0.3851899
vn 0.1137246 -0.9450908 -0.3063821
vn 0.003921568 -0.9529339 -0.3031528
vn 0.09019542 -0.9921493 -0.086629
vn 0.003921568 -0.9999924 0
vn 0.003921568 -0.9529339 0.3031528
vn 0.09803849 -0.9529339 0.2868892
vn 0.2627431 -0.9215616 0.2858152
vn 0.2305638 -0.9730572 0
vn 0.5450939 -0.8039154 0.237892
vn 0.4425082 -0.8967644 0
vn 0.2705862 -0.9215616 -0.2784013
vn 0.1764693 -0.9294047 -0.3241381
vn 0.8274447 -0.552937 0.09795943
vn 0.7019554 -0.7097985 -0.05869082
vn 0.8274447 -0.5294077 0.1872506
vn 0.5686231 -0.756857 0.3222348
vn 0.2784293 -0.8745031 0.3971415
vn 0.1058816 -0.9137185 0.3923105
vn -0.003921509 -0.9137185 0.4063288
vn 0.4352908 -0.8352877 -0.3358814
vn 0.1843123 -0.9137185 -0.3621428
vn 0.145097 -0.9137185 -0.3795594
vn 0.1921554 -0.9294047 -0.3150924
vn 0.1137246 -0.9372478 -0.3295957
vn 0.3098016 -0.8666601 -0.3910542
vn 0.9510053 -0.3091746 0
vn 0.1137246 -0.9450908 -0.3063821
vn 0.1921554 -0.9450908 -0.2643475
vn 0.3803893 -0.8823462 -0.2770725
vn 0.1764693 -0.9372478 -0.3007079
vn -0.003921509 0.2078415 -0.9781547
vn -0.003921509 0.1294107 -0.9915833
vn 0.05882311 0.1607831 -0.9852353
vn 0.04313695 0.1607831 -0.9860467
vn 0.05882311 0.1607831 -0.9852353
vn 0.05882311 0.1764692 -0.9825469
vn -0.003921509 0.1372538 -0.9905282
vn -0.003921509 0.08235228 -0.9965956
vn -0.003921509 -0.03529388 -0.9993693
vn -0.003921509 -0.247057 -0.968993
vn 0.003921568 -0.552937 -0.8332139
vn 0.003921568 -0.7882293 -0.6153691
vn -0.003921509 -0.9058754 -0.423526
vn -0.003921509 -0.9529339 -0.3031528
vn -0.003921509 -0.9999924 0
vn -0.003921509 -0.960777 0.2772944
vn -0.003921509 -0.9450908 0.3267842
vn 0.05098003 0.1607831 -0.9856723
vn 0.05098003 0.2156845 -0.9751314
vn 0.08235234 0.1686261 -0.9822338
vn 0.2156847 0.3019584 -0.9286017
vn 0.4039185 0.3725461 -0.8354993
vn 0.1372539 0.2470568 -0.9592311
vn 0.5372508 0.4196045 -0.7316376
vn 0.5764662 0.3803892 -0.723181
vn 0.3882324 0.4431338 -0.8080273
vn 0.2627431 0.02745068 -0.9644753
vn 0.35686 -0.01960772 -0.9339521
vn 0.4431339 0.1294107 -0.8870655
vn 0.6470539 0.3490169 -0.6778705
vn 0.5921524 -0.3254877 0.7371657
vn 0.6941124 -0.1372539 0.7066607
vn 0.858817 0.02745068 0.5115466
vn -0.262743 -0.3647031 -0.8932848
vn -0.262743 -0.3647031 -0.8932848
vn -0.262743 -0.3647031 -0.8932848
vn -0.4039184 0.4274477 -0.8087882
vn -0.4509768 0.4745061 -0.7559522
vn -0.5843092 0.3882322 -0.712642
vn -0.5215646 0.3882322 -0.7597671
vn -0.2156845 0.4901923 -0.8445068
vn -0.2470568 0.5764661 -0.7788773
vn -0.01176453 0.5294076 -0.848286
vn -0.003921509 0.6078384 -0.7940511
vn -0.5450938 0.4039184 -0.7346582
vn -0.5529369 0.4274477 -0.7152267
vn -0.4117615 0.3490169 -0.8418074
vn -0.3490169 0.3647031 -0.8632374
vn -0.5450938 0.4039184 -0.7346582
vn -0.1843122 0.6392107 -0.7466182
vn -0.3803892 0.4431338 -0.811749
vn -0.262743 0.02745068 -0.9644753
vn -0.3568599 -0.01960772 -0.9339521
vn 0.05882311 0.9294046 -0.3643444
vn -0.4431338 0.1294107 -0.8870655
vn -0.6470538 0.3490169 -0.6778706
vn -0.8274446 0.4117615 -0.3818219
vn -0.0901953 0.9921492 0.08662968
vn -0.9137185 0.3803892 -0.1429077
vn -0.9215615 0.3254876 0.2116181
vn -0.2235277 0.8039154 0.5511401
vn -0.1372538 0.262743 -0.9550537
vn -0.4117615 0.3411738 -0.8450165
vn -0.8588169 0.02745068 0.5115467
vn -0.6941123 -0.1372539 0.7066608
vn -0.5921522 -0.3254877 0.7371659
vn -0.3098015 0.3647031 0.8780745
vn -0.86666 -0.45882 0.19592
vn -0.1372538 0.3176446 -0.9382235
vn -0.05097997 0.2392138 -0.9696277
vn -0.05882299 0.2313707 -0.9710857
vn -0.1372538 0.3411738 -0.9299257
vn -0.1215676 0.262743 -0.9571768
vn -0.262743 0.3647031 -0.8932849
vn -0.1764692 0.3490169 -0.9203509
vn -0.003921509 0.2549 -0.9669595
vn -0.01176453 0.3490169 -0.9370426
vn 0.01176465 0.2235277 -0.9746266
vn -0.9215615 -0.3019585 -0.2440194
vn -0.8901892 0.07450914 -0.449457
vn -0.7725431 -0.1843123 -0.6076234
vn -0.8117584 -0.5215647 -0.2627139
vn -0.9058753 -0.3960754 -0.1500472
vn -0.8352877 -0.5372508 -0.1168591
vn -0.9294046 -0.3647031 -0.0565569
vn -0.86666 -0.45882 0.19592
vn -0.8274446 0.4117615 -0.3818219
vn -0.9137185 0.3803892 -0.1429077
vn -0.9215615 0.3254876 0.2116181
vn -0.7960722 -0.5686231 -0.2072118
vn -0.8039154 -0.5686231 -0.174321
vn -0.9282063 -0.3720658 0
vn -0.5450938 -0.7490139 -0.3766311
vn -0.5294076 -0.7725431 -0.3505776
vn -0.7882292 -0.5921524 -0.1674822
vn -0.9450908 -0.3176447 -0.07684591
vn -0.8274446 -0.56078 -0.02934719
vn -0.6078384 -0.7882293 -0.09605778
vn -0.6078384 -0.7882293 0.09605778
vn -0.73764 -0.6751943 0
vn -0.4823492 -0.8745031 0.05082877
vn -0.6626585 -0.7489218 0
vn -0.9215615 -0.3725462 -0.1092417
vn -0.9686199 -0.1764693 -0.1750257
vn -0.874503 -0.1294108 -0.4674369
vn -0.8274446 -0.450977 -0.3345972
vn -0.4431338 -0.8196016 -0.3631606
vn -0.4352907 -0.858817 -0.2701026
vn -0.4039184 -0.8745031 -0.2685036
vn -0.4196045 -0.8666601 -0.2698748
vn -0.9529338 0.01960766 -0.3025438
vn -0.7019553 0.3333308 -0.629404
vn -0.8274446 0.1843122 -0.530438
vn -0.6156815 0.1450969 -0.7745212
vn -0.6235245 -0.1921554 -0.7578215
vn -0.3960754 0.01176453 -0.9181426
vn -0.5529369 0.3333308 -0.7636435
vn -0.3882322 0.1843122 -0.9029422
vn -0.4980353 0.3568599 -0.7903239
vn -0.3490169 0.2470568 -0.9039636
vn -0.2705861 0.0901953 -0.9584612
vn -0.1999984 0.1764692 -0.9637734
vn -0.1450969 0.02745068 -0.9890366
vn -0.1921554 -0.1686262 -0.9667686
vn -0.3019584 -0.09803849 -0.9482666
vn -0.0901953 0.1372538 -0.9864209
vn -0.3019584 -0.3960754 -0.8671479
vn -0.3882322 -0.2941154 -0.8733681
vn -0.2313707 -0.4666631 -0.8536353
vn -0.5921522 -0.552937 -0.5861881
vn -0.3647031 -0.6392108 -0.6770533
vn -0.466663 -0.8431308 -0.2671254
vn -0.3019584 -0.8901893 -0.3411512
vn -0.348974 -0.9371325 0
vn -0.2470568 -0.960777 -0.1259782
vn -0.262743 -0.9058754 -0.3321984
vn -0.2705861 -0.9529339 -0.1367484
vn -0.2862723 -0.7019554 -0.6521555
vn -0.2392138 -0.7411708 -0.62725
vn -0.2470568 -0.9058754 -0.3440241
vn -0.1529399 -0.5137216 -0.8442153
vn -0.1843122 -0.7647001 -0.6174648
vn -0.0901953 -0.5372508 -0.8385859
vn -0.1137246 -0.2156847 -0.9698179
vn -0.05882299 -0.2392139 -0.9691834
vn -0.08235228 0.003921509 -0.9965956
vn -0.02745068 -0.0274508 -0.9992462
vn -0.05882299 0.1372538 -0.9887878
vn -0.01960766 0.09803843 -0.9949895
vn -0.1137246 -0.7803862 -0.6148692
vn -0.2078415 -0.9058754 -0.3690414
vn -0.2784292 -0.9529339 -0.1199757
vn -0.2549 -0.9450908 -0.2045221
vn -0.1372538 -0.9058754 -0.4006883
vn -0.1921554 -0.9450908 -0.2643475
vn -0.3091745 -0.9510054 0
vn -0.2862723 -0.9529339 0.09982575
vn -0.262743 -0.960777 0.08873395
vn -0.262743 -0.9294047 0.2591777
vn -0.2470568 -0.9686201 -0.02716771
vn -0.2544933 -0.9670746 0
vn -0.2783436 -0.9604816 0
vn -0.2784292 -0.9529339 0.1199757
vn -0.4425082 -0.8967645 0
vn -0.4117615 -0.9058754 -0.09920735
vn -0.5137215 -0.8509739 -0.1092414
vn -0.5137215 -0.8196016 -0.2536601
vn -0.2235277 -0.9372478 0.2675856
vn -0.184052 -0.9829165 0
vn -0.1686261 -0.9686201 -0.1825935
vn 0.003921568 -0.9999924 0
vn -0.1450969 -0.9450908 -0.2928313
vn 0.003921568 -0.960777 -0.2772944
vn 0.003921568 -0.9294047 -0.3690414
vn -0.1294107 -0.9137185 -0.38519
vn -0.1137246 -0.9450908 -0.3063822
vn 0.003921568 -0.9529339 -0.3031528
vn -0.0901953 -0.9921493 -0.086629
vn 0.003921568 -0.9999924 0
vn 0.003921568 -0.9529339 0.3031528
vn -0.09803843 -0.9529339 0.2868892
vn -0.2705861 -0.9215616 0.2784015
vn -0.2305637 -0.9730572 0
vn -0.5450938 -0.8039154 0.2378922
vn -0.4425082 -0.8967645 0
vn -0.2705861 -0.9137185 -0.3031528
vn -0.1764692 -0.9294047 -0.3241381
vn -0.8274446 -0.552937 0.09796035
vn -0.7019553 -0.7097985 -0.05869285
vn -0.8274446 -0.5294077 0.1872511
vn -0.5686231 -0.756857 0.3222349
vn -0.2784292 -0.8745031 0.3971416
vn -0.1058815 -0.9137185 0.3923106
vn -0.003921509 -0.9137185 0.4063288
vn -0.4431338 -0.8352877 -0.3254639
vn -0.1843122 -0.9137185 -0.3621429
vn -0.1450969 -0.9137185 -0.3795594
vn -0.1921554 -0.9294047 -0.3150924
vn -0.1137246 -0.9372478 -0.3295958
vn -0.3098015 -0.8666601 -0.3910542
vn -0.9510053 -0.3091746 0
vn -0.1137246 -0.9450908 -0.3063822
vn -0.1921554 -0.9450908 -0.2643475
vn -0.3803892 -0.8823462 -0.2770726
vn -0.1764692 -0.9372478 -0.3007079
vn -0.003921509 0.2078415 -0.9781547
vn -0.06666613 0.1843122 -0.9806042
vn -0.003921509 0.1294107 -0.9915833
vn -0.04313684 0.1607831 -0.9860467
vn -0.04313684 0.1529399 -0.9872936
vn -0.05882299 0.1607831 -0.9852353
vn -0.003921509 0.1372538 -0.9905282
vn -0.003921509 0.08235228 -0.9965956
vn -0.003921509 -0.03529388 -0.9993693
vn -0.003921509 -0.247057 -0.968993
vn 0.003921568 -0.552937 -0.8332139
vn 0.003921568 -0.7882293 -0.6153691
vn -0.003921509 -0.9058754 -0.423526
vn -0.003921509 -0.9529339 -0.3031528
vn -0.003921509 -0.9999924 0
vn -0.003921509 -0.960777 0.2772944
vn -0.003921509 -0.9450908 0.3267842
vn -0.05097997 0.2392138 -0.9696277
vn -0.04313684 0.1843122 -0.9819207
vn -0.1137246 0.1921554 -0.9747528
vn -0.2392138 0.2941153 -0.9253502
vn -0.4117615 0.3411738 -0.8450165
vn -0.1372538 0.262743 -0.9550537
vn -0.5450938 0.4039184 -0.7346582
vn -0.5764661 0.3803892 -0.7231811
vn -0.3803892 0.4431338 -0.811749
vn -0.262743 0.02745068 -0.9644753
vn -0.3568599 -0.01960772 -0.9339521
vn -0.4431338 0.1294107 -0.8870655
vn -0.6470538 0.3490169 -0.6778706
vn -0.5921522 -0.3254877 0.7371659
vn -0.6941123 -0.1372539 0.7066608
vn -0.8588169 0.02745068 0.5115467
vn 0.2627431 -0.3647031 -0.8932848
vn 0.2627431 -0.3647031 -0.8932848
vn 0.2627431 -0.3647031 -0.8932848
vn 0.5921524 0.4745061 0.651306
vn 0.5058785 -0.5764662 0.6416959
vn 0.8666601 0.4901923 0.09280018
vn 0.003921568 0.9294046 0.3690416
vn 0.003921568 0.9921492 0.1249981
vn 0.8352877 0.5372508 0.1168588
vn 0.8723059 -0.4889607 0
vn 0.8666601 -0.4980354 0.02934388
vn -0.003921509 -0.9999924 0
vn -0.003921509 -0.8117585 0.5839801
vn 0.01176465 0.9843061 0.176077
vn -0.0117638 -0.9999309 0
vn 0.003921568 0.9764631 -0.215649
vn 0.3882324 0.8980323 -0.2069145
vn 0.4039185 0.8901892 -0.210744
vn 0.003921568 0.9843061 -0.176426
vn 0.6862693 0.6548969 -0.3164563
vn 0.6705831 0.6941123 -0.2617754
vn 0.8509739 0.2549 -0.4592052
vn 0.8823462 0.3098015 -0.3542432
vn 0.4823493 0.03529382 -0.8752677
vn 0.4823493 0.03529382 -0.8752677
vn 0.4274477 -0.8823462 0.1968593
vn 0.4823493 -0.8509739 0.2078043
vn 0.35686 -0.9294047 -0.09411613
vn 0.6941124 -0.6862693 0.2173534
vn 0.5372508 -0.8352877 -0.1168585
vn 0.3647031 -0.9058754 0.2153632
vn 0.2156847 -0.960777 0.1743207
vn 0.2627431 -0.9450908 0.1943434
vn -0.003921509 -0.9843062 0.1764254
vn -0.003921509 -0.9921493 0.1249976
vn -0.003921509 -0.9686201 0.2485151
vn 0.7097985 -0.6705831 -0.2156487
vn 0.8823462 -0.450977 0.1344803
vn 0.8980324 -0.4274477 0.1040496
vn 0.9843062 -0.1607831 0.07273288
vn 0.9843062 -0.15294 0.08803764
vn 0.9529339 0.2784292 0.1199758
vn 0.8509739 0.2549 -0.4592052
vn 0.6862693 0.6548969 -0.3164563
vn 0.7019554 0.6548969 0.279944
vn 0.3882324 0.8980323 -0.2069145
vn 0.3803893 0.8588169 0.3431291
vn 0.003921568 0.9764631 -0.215649
vn 0.003921568 0.9450908 0.3267844
vn 0.858817 0.3803892 0.3431289
vn 0.5921524 0.7019553 0.3957453
vn 0.8431308 0.3882322 0.3720298
vn 0.8431308 0.3647031 0.3951229
vn 0.9137185 -0.2235277 0.3393432
vn 0.9058754 -0.2235277 0.3597569
vn 0.7097985 -0.6470539 0.2784013
vn 0.6156816 0.6784261 0.4008418
vn 0.3411739 0.8352877 0.4311552
vn 0.3882324 0.8274446 0.405723
vn 0.003921568 0.8823462 0.4705847
vn 0.003921568 0.9058753 0.4235263
vn 0.9215616 -0.2313708 0.311756
vn 0.9294047 -0.2235277 0.2936704
vn 0.5764662 -0.8039154 0.1463101
vn 0.8823462 0.3647031 0.297417
vn 0.5921524 0.7490138 0.2972103
vn 0.4901924 -0.8352877 0.2490097
vn 0.2078416 -0.9686201 0.1362976
vn 0.1999985 -0.960777 0.1921149
vn -0.003921509 -0.9843062 0.1764254
vn 0.2078416 -0.9529339 0.2207235
vn -0.003921509 -0.9686201 0.2485151
vn 0.1916023 -0.9814727 0
vn -0.003921509 -0.9999924 0
vn -0.003921509 -0.9764631 -0.2156487
vn 0.1921554 -0.9215616 -0.3373433
vn -0.003921509 -0.9921493 -0.1249976
vn 0.1999985 -0.960777 0.1921149
vn 0.3725462 -0.9058754 0.2014919
vn 0.2941154 0.8588169 0.4194398
vn 0.003921568 0.8901892 0.4555742
vn 0.003921568 0.9843061 0.176426
vn 0.003921568 0.9450908 0.3267844
vn 0.2627431 0.9137185 0.3099752
vn 0.2392139 0.9607769 0.1403012
vn 0.2078416 0.9607769 0.1836017
vn 0.003921568 0.9764631 0.215649
vn 0.2313708 0.7803861 0.5809174
vn 0.003921568 0.86666 0.4988838
vn 0.3176447 0.670583 0.6703882
vn 0.2235277 0.04313684 0.9737425
vn 0.2862723 -0.01176465 0.9580761
vn 0.2549 0.9607769 0.1092414
vn 0.6784262 0.7176415 0.1572533
vn -0.01176453 0.9843061 -0.176077
vn 0.9372478 0.1999984 0.2855999
vn 0.9058754 0.2941153 0.3047718
vn 0.9215616 -0.04313695 0.3858283
vn 0.9294047 -0.1686262 0.3282867
vn 0.1294108 -0.9450908 0.3000935
vn -0.4117615 0.5843092 0.6993105
vn 0.6235247 0.7490138 0.2240433
vn 0.9372478 0.09803843 0.334597
vn 0.5921524 0.4745061 0.651306
vn 0.349017 0.7097985 0.6118605
vn -0.003921509 0.9843061 -0.176426
vn 0.56078 -0.6156816 0.5535901
vn 0.7176416 -0.5058785 0.4786204
vn 0.4980354 -0.858817 0.1199754
vn 0.450977 -0.01960772 0.8923202
vn 0.9058754 -0.2627431 0.3321983
vn 0.3960754 0.6784261 0.6187586
vn -0.08235228 0.9921492 0.09411708
vn 0.5686231 -0.03529388 0.8218406
vn 0.45882 -0.56078 0.6892096
vn 0.5215647 -0.654897 0.5468823
vn -0.2156845 -0.9764631 0
vn 0.5686231 -0.03529388 0.8218406
vn 0.450977 -0.01960772 0.8923202
vn 0.2862723 -0.5215647 0.8037527
vn 0.2862723 -0.01176465 0.9580761
vn 0.2235277 0.04313684 0.9737425
vn 0.1916023 -0.9814727 0
vn 0.5764662 -0.8039154 0.1463101
vn 0.2078416 -0.9686201 0.1362976
vn 0.1921554 -0.9215616 -0.3373433
vn 0.4267395 -0.9043746 0
vn 0.7333277 -0.6705831 0.112021
vn 0.9294047 -0.2235277 0.2936704
vn 0.9294047 -0.1686262 0.3282867
vn 0.9372478 0.09803843 0.334597
vn 0.8823462 0.3647031 0.297417
vn 0.2941154 0.8588169 0.4194398
vn 0.5921524 0.7490138 0.2972103
vn 0.003921568 0.8901892 0.4555742
vn 0.8823462 0.3647031 0.297417
vn 0.247057 -0.9686201 -0.02716661
vn 0.247057 -0.9294047 0.2741711
vn 0.7647001 -0.5921524 0.2541445
vn 0.7333277 -0.6705831 0.112021
vn 0.9294047 -0.1686262 0.3282867
vn 0.9058754 -0.2627431 0.3321983
vn 0.7176416 -0.5058785 0.4786204
vn 0.2156847 -0.7647001 0.6072182
vn 0.1843123 -0.654897 0.7328976
vn 0.56078 -0.6156816 0.5535901
vn 0.2313708 -0.8509739 0.4714986
vn 0.2862723 -0.5215647 0.8037527
vn 0.1607831 -0.4431339 0.881919
vn 0.2235277 0.04313684 0.9737425
vn 0.5921524 0.4745061 0.651306
vn 0.2078416 -0.9215616 -0.3279118
vn 0.4267395 -0.9043746 0
vn 0.1921554 -0.9215616 -0.3373433
vn 0.5058785 -0.5764662 0.6416959
vn 0.1607831 -0.4431339 0.881919
vn 0.1843123 -0.654897 0.7328976
vn 0.5921524 0.4745061 0.651306
vn -0.003921509 -0.8117585 0.5839801
vn -0.003921509 -0.6470539 0.7624342
vn 0.2156847 -0.7647001 0.6072182
vn -0.003921509 -0.7725431 0.6349502
vn 0.2313708 -0.8509739 0.4714986
vn -0.003921509 -0.8666601 0.4988837
vn -0.003921509 -0.960777 0.2772944
vn 0.247057 -0.9294047 0.2741711
vn -0.003921509 -0.9999924 0
vn 0.247057 -0.9686201 -0.02716661
vn 0.2078416 -0.9215616 -0.3279118
vn -0.003921509 -0.9764631 -0.2156487
vn 0.1921554 -0.9215616 -0.3373433
vn -0.003921509 -0.9921493 -0.1249976
vn 0.003921568 0.9294046 0.3690416
vn 0.7019554 -0.6627401 0.2608336
vn 0.7097985 -0.6470539 0.2784013
vn 0.9058754 -0.2313708 0.3547636
vn 0.9137185 -0.2392139 0.328474
vn 0.8509739 0.3490169 0.3924674
vn 0.858817 0.3490169 0.3749942
vn 0.9372478 -0.2392139 0.25366
vn 0.8980324 0.3411738 0.2777379
vn 0.654897 0.6862692 0.3164563
vn 0.6392108 0.6784261 0.362143
vn 0.3882324 0.8509738 0.3537219
vn 0.3882324 0.86666 0.3133307
vn 0.9686201 -0.1764693 0.175025
vn 0.8823462 0.3098015 -0.3542432
vn 0.4039185 0.8901892 -0.210744
vn 0.003921568 0.9450908 0.3267844
vn 0.003921568 0.9843061 -0.176426
vn 0.6705831 0.6941123 -0.2617754
vn 0.003921568 0.9294046 0.3690416
vn 0.3960754 0.8431307 0.3636687
vn 0.6313677 0.670583 0.3894781
vn 0.8196016 -0.5294077 0.2190449
vn 0.003921568 0.9058753 0.4235263
vn 0.6156816 0.6784261 0.4008418
vn 0.8431308 0.3647031 0.3951229
vn 0.3882324 0.8274446 0.405723
vn 0.9058754 -0.2235277 0.3597569
vn 0.7176416 -0.6470539 0.2575107
vn 0.2313708 -0.9686201 0.09078913
vn 0.3254877 -0.9372478 -0.1249976
vn 0.4901924 -0.858817 -0.1488115
vn 0.2862723 -0.9450908 0.1576434
vn 0.6784262 -0.6941124 -0.2407196
vn 0.3725462 -0.9058754 0.2014919
vn -0.003921509 -0.9686201 0.2485151
vn 0.2549 -0.9372478 0.2378921
vn 0.2627431 -0.9450908 0.1943434
vn 0.15294 -0.9764631 0.1520826
vn 0.1840521 -0.9829164 0
vn 0.3647031 -0.9058754 0.2153632
vn -0.003921509 -0.9686201 0.2485151
vn 0.2078416 -0.9529339 0.2207235
vn 0.1999985 -0.960777 0.1921149
vn 0.4823493 -0.8509739 0.2078043
vn 0.35686 -0.9294047 -0.09411613
vn 0.35686 -0.9294047 -0.09411613
vn 0.3254877 -0.9372478 -0.1249976
vn 0.4901924 -0.858817 -0.1488115
vn 0.5372508 -0.8352877 -0.1168585
vn 0.1840521 -0.9829164 0
vn 0.2313708 -0.9686201 0.09078913
vn 0.2862723 -0.9450908 0.1576434
vn 0.15294 -0.9764631 0.1520826
vn 0.3725462 -0.9058754 0.2014919
vn 0.1999985 -0.960777 0.1921149
vn 0.6784262 -0.6941124 -0.2407196
vn 0.7097985 -0.6705831 -0.2156487
vn 0.5058785 -0.349017 -0.7888435
vn 0.5058785 -0.35686 -0.7853266
vn 0.4823493 -0.247057 -0.8404178
vn 0.4823493 -0.247057 -0.8404178
vn -0.003921509 -0.4823493 -0.8759702
vn 0.003921568 0.07450914 -0.9972126
vn -0.1921554 -0.4431339 -0.875619
vn -0.3568599 -0.3176447 -0.8784946
vn -0.466663 -0.1294108 -0.8749163
vn -0.4901923 0.06666613 -0.8690611
vn -0.466663 0.2156845 -0.857733
vn -0.3882322 0.3647031 -0.8463258
vn -0.2549 0.5215646 -0.8142459
vn -0.1372538 0.5999954 -0.7881414
vn 0.003921568 0.6156815 -0.7879853
vn -0.9058753 0.3882322 -0.1693093
vn -0.01176453 0.9843061 -0.176077
vn -0.4117615 0.5843092 0.6993105
vn -0.9843061 -0.01960772 -0.1753769
vn -0.08235228 0.9921492 0.09411708
vn -0.7960722 0.5607799 -0.2275848
vn -0.9529338 -0.01960772 -0.3025438
vn -0.2392138 0.9686199 0.06746945
vn 0.4980354 0.6784261 0.5400913
vn 0.3960754 0.6784261 0.6187586
vn 0.6862693 -0.0274508 0.7268294
vn 0.5686231 -0.03529388 0.8218406
vn -0.7176415 0.6392107 -0.2764062
vn -0.9137185 -0.01960772 -0.4058745
vn -0.6784261 0.670583 -0.3000939
vn -0.8901892 -0.0274508 -0.4547633
vn -0.05872194 0.9982743 0
vn -0.0901953 0.9921492 0.08662968
vn 0.5764662 0.7333276 0.3604404
vn 0.5764662 0.7097985 0.4048121
vn 0.8509739 0.003921509 0.5251933
vn 0.8745031 0.02745068 0.4842424
vn 0.6705831 -0.6705831 0.3172326
vn 0.6705831 -0.6941124 0.2617752
vn 0.01960772 -0.9921493 -0.1235125
vn 0.03529388 -0.9843062 -0.1729034
vn -0.66274 -0.6235247 -0.41472
vn -0.6235245 -0.6627401 -0.4147201
vn -0.9137185 -0.01960772 -0.4058745
vn -0.8901892 -0.0274508 -0.4547633
vn 0.6235247 -0.6313677 0.4610768
vn -0.0901953 -0.9921493 -0.086629
vn -0.7490138 -0.56078 -0.3528514
vn -0.874503 -0.4039185 -0.2685038
vn -0.2156845 -0.9764631 0
vn -0.9843061 -0.01960772 -0.1753769
vn -0.4117615 0.5843092 0.6993105
vn 0.1294108 -0.9450908 0.3000935
vn -0.9529338 -0.01960772 -0.3025438
vn 0.5215647 -0.654897 0.5468823
vn -0.6548969 0.6862692 -0.3164566
vn -0.6784261 0.670583 -0.3000939
vn -0.8901892 -0.0274508 -0.4547633
vn -0.86666 -0.0274508 -0.4981435
vn -0.01960405 0.9998079 0
vn -0.05872194 0.9982743 0
vn 0.5764662 0.7333276 0.3604404
vn 0.5999954 0.7019553 0.3837502
vn 0.8745031 0.02745068 0.4842424
vn 0.8823462 0.02745068 0.4697996
vn 0.6705831 -0.6941124 0.2617752
vn 0.6705831 -0.6862693 0.2816961
vn 0.03529388 -0.9843062 -0.1729034
vn 0.04313695 -0.9921493 -0.1173839
vn -0.6235245 -0.6627401 -0.4147201
vn -0.5921522 -0.6784262 -0.434849
vn -0.8901892 -0.0274508 -0.4547633
vn -0.86666 -0.0274508 -0.4981435
vn 0.01176392 0.9999309 0
vn -0.6470538 0.6862692 -0.3321987
vn 0.6235247 0.6941123 0.3597571
vn 0.8901893 0.02745068 0.4547631
vn 0.6784262 -0.6862693 0.2622448
vn 0.05098003 -0.9921493 -0.1141965
vn -0.5843092 -0.6941124 -0.420465
vn -0.86666 -0.0274508 -0.4981435
vn 0.02744067 0.9996234 0
vn -0.6235245 0.6941123 -0.3597572
vn 0.02744067 0.9996234 0
vn -0.5999954 0.7019553 -0.3837503
vn -0.6392107 0.7097985 -0.2959659
vn -0.03527213 0.9993777 0
vn 0.6313677 0.7019553 0.329596
vn 0.5686231 0.7097985 0.415757
vn 0.8901893 0.01960766 0.4551687
vn 0.8274447 -0.003921568 0.5615336
vn 0.5686231 -0.7097985 0.4157569
vn 0.6470539 -0.7019554 0.2976236
vn -0.8980323 -0.003921568 -0.439912
vn -0.8509738 -0.01176465 -0.5250763
vn -0.8588169 -0.01960772 -0.5119073
vn 0.6313677 0.6941123 0.3458076
vn 0.8901893 0.02745068 0.4547631
vn 0.6705831 -0.6862693 0.2816961
vn 0.04313695 -0.9921493 -0.1173839
vn 0.02744067 -0.9996234 0
vn -0.5921522 -0.6941124 -0.4093456
vn -0.5921522 -0.7019554 -0.3957453
vn -0.8509738 -0.01176465 -0.5250763
vn -0.8588169 -0.01960772 -0.5119073
vn -0.6470538 -0.7097985 -0.2784016
vn -0.8980323 -0.003921568 -0.439912
vn -0.03527213 -0.9993777 0
vn -0.5607799 0.7646999 -0.317427
vn -0.9450908 0.003921509 -0.3267844
vn -0.9686199 0.01960766 -0.2477719
vn -0.2705861 0.874503 -0.4025265
vn 0.1999985 0.8901892 -0.4093456
vn 0.08235234 0.9921492 -0.09411676
vn 0.2941154 0.9450908 -0.1424765
vn 0.4666631 0.7960722 0.3853499
vn 0.5999954 0.5372508 0.5927622
vn 0.7176416 -0.003921568 0.6964016
vn 0.7647001 -0.2078416 0.6099473
vn 0.7019554 0.6862692 0.1905077
vn 0.6705831 0.6784261 -0.3000937
vn 0.9686201 -0.01960772 0.2477714
vn 0.9764631 -0.07450926 -0.2024059
vn -0.8039154 0.45882 -0.3784234
vn -0.8431307 -0.05882311 -0.5344815
vn -0.45882 0.5372508 -0.7077046
vn -0.5764661 -0.08235234 -0.8129606
vn -0.03529382 0.5450938 -0.8376319
vn -0.1764692 -0.3019585 -0.9368456
vn 0.4666631 0.5137215 -0.7199415
vn 0.3647031 -0.4039185 -0.8389526
vn 0.6313677 0.2549 -0.7323939
vn 0.3098016 -0.7097985 -0.6326208
vn 0.3333308 0.5607799 -0.7579026
vn 0.7490139 -0.2941154 -0.5936955
vn 0.3333308 0.4196045 -0.8442882
vn 0.5686231 -0.4901924 -0.6605901
vn -0.003921509 -0.9999924 0
vn 0.5372508 -0.7647001 0.3558024
vn 0.6078385 -0.7882293 0.09605716
vn 0.05098003 -0.9843062 -0.1689448
vn -0.6548969 -0.7176416 -0.2368558
vn -0.2784292 -0.8901893 -0.3606109
vn -0.4431338 -0.7960724 -0.4121907
vn -0.7254846 -0.5686231 -0.3877368
vn -0.9450908 0.003921509 -0.3267844
vn -0.9686199 0.01960766 -0.2477719
vn 0.3098016 -0.7097985 -0.6326208
vn 0.3647031 -0.4039185 -0.8389526
vn -0.5764661 -0.08235234 -0.8129606
vn -0.1764692 -0.3019585 -0.9368456
vn -0.8431307 -0.05882311 -0.5344815
vn 0.7647001 -0.2078416 0.6099473
vn 0.7176416 -0.003921568 0.6964016
vn 0.9764631 -0.07450926 -0.2024059
vn 0.9686201 -0.01960772 0.2477714
vn 0.5686231 -0.4901924 -0.6605901
vn 0.7490139 -0.2941154 -0.5936955
vn 0.5450939 -0.7176416 0.4334319
vn 0.7803862 -0.0274508 0.6246949
vn 0.8274447 -0.003921568 0.5615336
vn 0.5686231 -0.7097985 0.4157569
vn -0.03527213 -0.9993777 0
vn -0.03527213 -0.9993777 0
vn -0.66274 -0.7097985 -0.2386667
vn -0.6470538 -0.7097985 -0.2784016
vn -0.9294046 -0.003921568 -0.3690416
vn -0.8980323 -0.003921568 -0.439912
vn -0.8980323 -0.003921568 -0.439912
vn -0.9294046 -0.003921568 -0.3690416
vn -0.6470538 0.7176415 -0.2575113
vn -0.6392107 0.7097985 -0.2959659
vn -0.03527213 0.9993777 0
vn -0.03527213 0.9993777 0
vn 0.5372508 0.7176415 0.4431165
vn 0.5686231 0.7097985 0.415757
vn 0.7803862 -0.0274508 0.6246949
vn 0.8274447 -0.003921568 0.5615336
vn -0.86666 -0.0274508 -0.4981435
vn -0.5999954 0.4745061 0.6440881
vn -0.8509738 0.5137215 0.1092417
vn -0.5058784 -0.5764662 0.641696
vn 0.003921568 0.9294046 0.3690416
vn 0.003921568 0.9921492 0.1249981
vn -0.8431307 0.5215646 0.1307708
vn -0.874503 -0.4745062 0.1004407
vn -0.86666 -0.4980354 0.02934592
vn -0.003921509 -0.9999924 0
vn -0.003921509 -0.8117585 0.5839801
vn 0.01176465 0.9843061 0.176077
vn -0.0117638 -0.9999309 0
vn 0.003921568 0.9764631 -0.215649
vn 0.003921568 0.9843061 -0.176426
vn -0.4039184 0.8901892 -0.2107443
vn -0.3882322 0.8980323 -0.2069146
vn -0.6862692 0.6548969 -0.3164565
vn -0.670583 0.6941123 -0.2617757
vn -0.8509738 0.2549 -0.4592053
vn -0.8823462 0.3098015 -0.3542433
vn -0.4823492 0.03529382 -0.8752677
vn -0.4823492 0.03529382 -0.8752677
vn -0.4274477 -0.8823462 0.1968596
vn -0.6941123 -0.6862693 0.2173537
vn -0.3568599 -0.9294047 -0.09411645
vn -0.4823492 -0.8509739 0.2078045
vn -0.5372508 -0.8352877 -0.116859
vn -0.3647031 -0.9058754 0.2153633
vn -0.2156845 -0.960777 0.1743208
vn -0.262743 -0.9450908 0.1943436
vn -0.003921509 -0.9843062 0.1764254
vn -0.003921509 -0.9921493 0.1249976
vn -0.003921509 -0.9686201 0.2485151
vn -0.7097985 -0.6705831 -0.2156488
vn -0.8823462 -0.450977 0.1344807
vn -0.8980323 -0.4274477 0.1040499
vn -0.9843061 -0.1607831 0.07273452
vn -0.9843061 -0.15294 0.088039
vn -0.9529338 0.2784292 0.1199768
vn -0.8509738 0.2549 -0.4592053
vn -0.6862692 0.6548969 -0.3164565
vn -0.7019553 0.6548969 0.2799444
vn -0.3882322 0.8980323 -0.2069146
vn -0.3803892 0.8588169 0.3431292
vn 0.003921568 0.9764631 -0.215649
vn 0.003921568 0.9450908 0.3267844
vn -0.8588169 0.3803892 0.3431292
vn -0.8431307 0.3882322 0.37203
vn -0.5921522 0.7019553 0.3957455
vn -0.8431307 0.3647031 0.3951232
vn -0.9137185 -0.2235277 0.3393434
vn -0.9058753 -0.2235277 0.3597572
vn -0.7097985 -0.6470539 0.2784015
vn -0.6156815 0.6784261 0.4008419
vn -0.3411738 0.8352877 0.4311554
vn -0.3882322 0.8274446 0.4057231
vn 0.003921568 0.8823462 0.4705847
vn 0.003921568 0.9058753 0.4235263
vn -0.9215615 -0.2313708 0.3117563
vn -0.9294046 -0.2235277 0.2936706
vn -0.5764661 -0.8039154 0.1463105
vn -0.8823462 0.3647031 0.2974172
vn -0.5921522 0.7490138 0.2972106
vn -0.4901923 -0.8352877 0.2490098
vn -0.2078415 -0.9686201 0.1362976
vn -0.1999984 -0.960777 0.1921151
vn -0.003921509 -0.9843062 0.1764254
vn -0.2078415 -0.9529339 0.2207235
vn -0.003921509 -0.9686201 0.2485151
vn -0.1916022 -0.9814727 0
vn -0.003921509 -0.9999924 0
vn 0.003921568 -0.9764631 -0.2156487
vn -0.1921554 -0.9215616 -0.3373433
vn -0.003921509 -0.9921493 -0.1249976
vn -0.1999984 -0.960777 0.1921151
vn -0.3725461 -0.9058754 0.2014921
vn -0.2941153 0.8588169 0.4194399
vn 0.003921568 0.8901892 0.4555742
vn 0.003921568 0.9843061 0.176426
vn -0.2392138 0.9607769 0.1403012
vn -0.262743 0.9137185 0.3099754
vn 0.003921568 0.9450908 0.3267844
vn -0.2078415 0.9607769 0.1836017
vn 0.003921568 0.9764631 0.215649
vn -0.2313707 0.7803861 0.5809175
vn 0.003921568 0.86666 0.4988838
vn -0.3176446 0.670583 0.6703882
vn -0.2235277 0.04313684 0.9737425
vn -0.2862723 -0.01176465 0.9580761
vn -0.2549 0.9607769 0.1092414
vn -0.6784261 0.7176415 0.1572535
vn 0.01176465 0.9843061 -0.176077
vn -0.9372476 0.1999984 0.2856003
vn -0.9058753 0.2941153 0.3047722
vn -0.9215615 -0.04313695 0.3858285
vn -0.9294046 -0.1686262 0.3282869
vn -0.1294107 -0.9450908 0.3000936
vn 0.4117616 0.5843092 0.6993105
vn -0.6235245 0.7490138 0.2240436
vn -0.9372476 0.09803843 0.3345973
vn -0.5999954 0.4745061 0.6440881
vn 0.003921568 0.9294046 0.3690416
vn -0.5607799 -0.6156816 0.5535902
vn -0.7176415 -0.5058785 0.4786206
vn -0.4980353 -0.858817 0.1199759
vn -0.9058753 -0.2627431 0.3321986
vn -0.8823462 0.3647031 0.2974172
vn -0.5921522 0.7490138 0.2972106
vn -0.2941153 0.8588169 0.4194399
vn 0.003921568 0.8901892 0.4555742
vn -0.45882 -0.56078 0.6892096
vn -0.5215646 -0.654897 0.5468823
vn 0.2156847 -0.9764631 0
vn -0.5686231 -0.03529388 0.8218407
vn -0.4509768 -0.01960772 0.8923203
vn -0.2862723 -0.5215647 0.8037528
vn -0.2862723 -0.01176465 0.9580761
vn -0.2235277 0.04313684 0.9737425
vn -0.1916022 -0.9814727 0
vn -0.2078415 -0.9686201 0.1362976
vn -0.5764661 -0.8039154 0.1463105
vn -0.1921554 -0.9215616 -0.3373433
vn -0.4267395 -0.9043746 0
vn -0.7333276 -0.6705831 0.1120216
vn -0.9294046 -0.2235277 0.2936706
vn -0.9294046 -0.1686262 0.3282869
vn -0.9372476 0.09803843 0.3345973
vn -0.8823462 0.3647031 0.2974172
vn -0.2470568 -0.9686201 -0.02716771
vn -0.7333276 -0.6705831 0.1120216
vn -0.7646999 -0.5921524 0.2541449
vn -0.2470568 -0.9294047 0.2741712
vn -0.9294046 -0.1686262 0.3282869
vn -0.9058753 -0.2627431 0.3321986
vn -0.7176415 -0.5058785 0.4786206
vn -0.2156845 -0.7647001 0.6072183
vn -0.1843122 -0.654897 0.7328976
vn -0.5607799 -0.6156816 0.5535902
vn -0.2313707 -0.8509739 0.4714987
vn -0.2862723 -0.5215647 0.8037528
vn -0.1607831 -0.4431339 0.881919
vn -0.2235277 0.04313684 0.9737425
vn -0.5999954 0.4745061 0.6440881
vn -0.2078415 -0.9215616 -0.3279118
vn -0.4267395 -0.9043746 0
vn -0.1921554 -0.9215616 -0.3373433
vn -0.5058784 -0.5764662 0.641696
vn -0.1843122 -0.654897 0.7328976
vn -0.1607831 -0.4431339 0.881919
vn -0.5999954 0.4745061 0.6440881
vn -0.003921509 -0.8117585 0.5839801
vn -0.003921509 -0.6470539 0.7624342
vn -0.2156845 -0.7647001 0.6072183
vn -0.003921509 -0.7725431 0.6349502
vn -0.2313707 -0.8509739 0.4714987
vn -0.003921509 -0.8666601 0.4988837
vn -0.003921509 -0.960777 0.2772944
vn -0.2470568 -0.9294047 0.2741712
vn -0.003921509 -0.9999924 0
vn -0.2470568 -0.9686201 -0.02716771
vn -0.2078415 -0.9215616 -0.3279118
vn 0.003921568 -0.9764631 -0.2156487
vn -0.1921554 -0.9215616 -0.3373433
vn -0.003921509 -0.9921493 -0.1249976
vn -0.3490169 0.7097985 0.6118605
vn 0.003921568 0.9843061 -0.176426
vn -0.4509768 -0.01960772 0.8923203
vn -0.3960754 0.6784261 0.6187586
vn 0.08235234 0.9921492 0.09411676
vn -0.5686231 -0.03529388 0.8218407
vn -0.9058753 -0.2313708 0.3547639
vn -0.7097985 -0.6470539 0.2784015
vn -0.7019553 -0.6627401 0.2608341
vn -0.9137185 -0.2392139 0.3284742
vn -0.8509738 0.3490169 0.3924675
vn -0.8588169 0.3490169 0.3749944
vn -0.9372476 -0.2392139 0.2536604
vn -0.8980323 0.3411738 0.277738
vn -0.6548969 0.6862692 0.3164566
vn -0.6392107 0.6784261 0.3621431
vn -0.3882322 0.8509738 0.3537219
vn -0.3882322 0.86666 0.3133308
vn -0.9686199 -0.1764693 0.1750257
vn -0.8823462 0.3098015 -0.3542433
vn -0.4039184 0.8901892 -0.2107443
vn 0.003921568 0.9450908 0.3267844
vn 0.003921568 0.9843061 -0.176426
vn -0.670583 0.6941123 -0.2617757
vn 0.003921568 0.9294046 0.3690416
vn -0.3960754 0.8431307 0.3636687
vn -0.6313677 0.670583 0.3894782
vn -0.8196015 -0.5294077 0.2190452
vn 0.003921568 0.9058753 0.4235263
vn -0.6156815 0.6784261 0.4008419
vn -0.8431307 0.3647031 0.3951232
vn -0.3882322 0.8274446 0.4057231
vn -0.9058753 -0.2235277 0.3597572
vn -0.7176415 -0.6470539 0.2575111
vn -0.2313707 -0.9686201 0.09078946
vn -0.3254876 -0.9372478 -0.1249979
vn -0.4901923 -0.858817 -0.1488117
vn -0.2862723 -0.9450908 0.1576436
vn -0.6784261 -0.6941124 -0.2407197
vn -0.3725461 -0.9058754 0.2014921
vn -0.003921509 -0.9686201 0.2485151
vn -0.262743 -0.9450908 0.1943436
vn -0.2549 -0.9372478 0.2378921
vn -0.1529399 -0.9764631 0.1520828
vn -0.184052 -0.9829165 0
vn -0.3647031 -0.9058754 0.2153633
vn -0.003921509 -0.9686201 0.2485151
vn -0.2078415 -0.9529339 0.2207235
vn -0.1999984 -0.960777 0.1921151
vn -0.4823492 -0.8509739 0.2078045
vn -0.3568599 -0.9294047 -0.09411645
vn -0.4901923 -0.858817 -0.1488117
vn -0.3254876 -0.9372478 -0.1249979
vn -0.3568599 -0.9294047 -0.09411645
vn -0.5372508 -0.8352877 -0.116859
vn -0.184052 -0.9829165 0
vn -0.2313707 -0.9686201 0.09078946
vn -0.2862723 -0.9450908 0.1576436
vn -0.1529399 -0.9764631 0.1520828
vn -0.3725461 -0.9058754 0.2014921
vn -0.1999984 -0.960777 0.1921151
vn -0.6784261 -0.6941124 -0.2407197
vn -0.7097985 -0.6705831 -0.2156488
vn -0.5058784 -0.349017 -0.7888436
vn -0.5058784 -0.35686 -0.7853266
vn -0.4823492 -0.247057 -0.8404179
vn -0.4823492 -0.247057 -0.8404179
vn -0.003921509 -0.4823493 -0.8759702
vn 0.1921554 -0.4431339 -0.875619
vn 0.003921568 0.07450914 -0.9972126
vn 0.35686 -0.3176447 -0.8784946
vn 0.4666631 -0.1294108 -0.8749162
vn 0.4901924 0.06666613 -0.8690611
vn 0.4666631 0.2156845 -0.8577329
vn 0.3882324 0.3647031 -0.8463258
vn 0.2549 0.5215646 -0.8142459
vn 0.1372539 0.5999954 -0.7881414
vn 0.003921568 0.6156815 -0.7879853
vn 0.9058754 0.3882322 -0.1693086
vn 0.9843062 -0.01960772 -0.1753762
vn 0.4117616 0.5843092 0.6993105
vn 0.01176465 0.9843061 -0.176077
vn 0.08235234 0.9921492 0.09411676
vn 0.7960724 0.5607799 -0.2275844
vn 0.9529339 -0.01960772 -0.3025434
vn 0.2392139 0.9686199 0.06746945
vn -0.4980353 0.6784261 0.5400915
vn -0.3960754 0.6784261 0.6187586
vn -0.6862692 -0.0274508 0.7268295
vn -0.5686231 -0.03529388 0.8218407
vn 0.7176416 0.6392107 -0.2764059
vn 0.9137185 -0.01960772 -0.4058743
vn 0.6784262 0.670583 -0.3000938
vn 0.8901893 -0.0274508 -0.4547631
vn 0.05872206 0.9982743 0
vn 0.09019542 0.9921492 0.08662968
vn -0.5764661 0.7333276 0.3604406
vn -0.5764661 0.7097985 0.4048122
vn -0.8509738 0.003921509 0.5251934
vn -0.874503 0.02745068 0.4842426
vn -0.670583 -0.6705831 0.3172329
vn -0.670583 -0.6941124 0.2617756
vn -0.01960766 -0.9921493 -0.1235125
vn -0.03529382 -0.9843062 -0.1729034
vn 0.6627401 -0.6235247 -0.4147199
vn 0.6235247 -0.6627401 -0.41472
vn 0.9137185 -0.01960772 -0.4058743
vn 0.8901893 -0.0274508 -0.4547631
vn -0.6235245 -0.6313677 0.4610769
vn 0.09019542 -0.9921493 -0.086629
vn 0.7490139 -0.56078 -0.3528512
vn 0.8745031 -0.4039185 -0.2685035
vn 0.2156847 -0.9764631 0
vn 0.9843062 -0.01960772 -0.1753762
vn 0.4117616 0.5843092 0.6993105
vn -0.1294107 -0.9450908 0.3000936
vn 0.9529339 -0.01960772 -0.3025434
vn -0.5215646 -0.654897 0.5468823
vn 0.654897 0.6862692 -0.3164563
vn 0.8666601 -0.0274508 -0.4981433
vn 0.8901893 -0.0274508 -0.4547631
vn 0.6784262 0.670583 -0.3000938
vn 0.01960411 0.9998079 0
vn 0.05872206 0.9982743 0
vn -0.5764661 0.7333276 0.3604406
vn -0.5999954 0.7019553 0.3837503
vn -0.874503 0.02745068 0.4842426
vn -0.8823462 0.02745068 0.4697997
vn -0.670583 -0.6941124 0.2617756
vn -0.670583 -0.6862693 0.2816964
vn -0.03529382 -0.9843062 -0.1729034
vn -0.04313684 -0.9921493 -0.1173839
vn 0.6235247 -0.6627401 -0.41472
vn 0.5921524 -0.6784262 -0.4348488
vn 0.8901893 -0.0274508 -0.4547631
vn 0.8666601 -0.0274508 -0.4981433
vn -0.0117638 0.9999309 0
vn 0.6470539 0.6862692 -0.3321986
vn -0.6235245 0.6941123 0.3597572
vn -0.8901892 0.02745068 0.4547633
vn -0.6784261 -0.6862693 0.2622449
vn -0.05097997 -0.9921493 -0.1141965
vn 0.5843093 -0.6941124 -0.4204649
vn 0.8666601 -0.0274508 -0.4981433
vn -0.02744056 0.9996234 0
vn 0.6235247 0.6941123 -0.3597571
vn -0.02744056 0.9996234 0
vn 0.5999954 0.7019553 -0.3837502
vn 0.6392108 0.7097985 -0.2959657
vn 0.03527219 0.9993777 0
vn -0.6313677 0.7019553 0.3295961
vn -0.5686231 0.7097985 0.4157571
vn -0.8901892 0.01960766 0.4551689
vn -0.8274446 -0.003921568 0.5615337
vn -0.5686231 -0.7097985 0.415757
vn -0.6470538 -0.7019554 0.2976238
vn 0.8980324 -0.003921568 -0.4399119
vn 0.8509739 -0.01176465 -0.5250762
vn 0.858817 -0.01960772 -0.5119072
vn -0.6313677 0.6941123 0.3458077
vn -0.8901892 0.02745068 0.4547633
vn -0.670583 -0.6862693 0.2816964
vn -0.04313684 -0.9921493 -0.1173839
vn -0.02744055 -0.9996234 0
vn 0.5921524 -0.6941124 -0.4093454
vn 0.5921524 -0.7019554 -0.3957451
vn 0.8509739 -0.01176465 -0.5250762
vn 0.858817 -0.01960772 -0.5119072
vn 0.6470539 -0.7097985 -0.2784013
vn 0.8980324 -0.003921568 -0.4399119
vn 0.03527218 -0.9993777 0
vn 0.56078 0.7646999 -0.3174269
vn 0.2705862 0.874503 -0.4025264
vn 0.9686201 0.01960766 -0.2477714
vn 0.9450908 0.003921509 -0.3267842
vn -0.1999984 0.8901892 -0.4093457
vn -0.08235228 0.9921492 -0.09411708
vn -0.2941153 0.9450908 -0.1424767
vn -0.466663 0.7960722 0.38535
vn -0.5999954 0.5372508 0.5927624
vn -0.7176415 -0.003921568 0.6964017
vn -0.7646999 -0.2078416 0.6099475
vn -0.7019553 0.6862692 0.1905083
vn -0.670583 0.6784261 -0.300094
vn -0.9686199 -0.01960772 0.2477719
vn -0.9764631 -0.07450926 -0.2024061
vn 0.8039154 0.45882 -0.3784233
vn 0.8431308 -0.05882311 -0.5344813
vn 0.45882 0.5372508 -0.7077046
vn 0.5764662 -0.08235234 -0.8129605
vn 0.03529388 0.5450938 -0.8376319
vn 0.1764693 -0.3019585 -0.9368456
vn -0.466663 0.5137215 -0.7199416
vn -0.3647031 -0.4039185 -0.8389527
vn -0.6313677 0.2549 -0.7323939
vn -0.3098015 -0.7097985 -0.6326209
vn -0.3333308 0.5607799 -0.7579027
vn -0.7490138 -0.2941154 -0.5936956
vn -0.3333308 0.4196045 -0.8442883
vn -0.5686231 -0.4901924 -0.6605901
vn 0.003921568 -0.9999924 0
vn -0.05097997 -0.9843062 -0.1689448
vn -0.6078384 -0.7882293 0.09605778
vn -0.5372508 -0.7647001 0.3558026
vn 0.654897 -0.7176416 -0.2368554
vn 0.2784293 -0.8901893 -0.3606108
vn 0.4431339 -0.7960724 -0.4121907
vn 0.7254847 -0.5686231 -0.3877367
vn 0.9450908 0.003921509 -0.3267842
vn 0.9686201 0.01960766 -0.2477714
vn -0.3098015 -0.7097985 -0.6326209
vn -0.3647031 -0.4039185 -0.8389527
vn 0.5764662 -0.08235234 -0.8129605
vn 0.1764693 -0.3019585 -0.9368456
vn 0.8431308 -0.05882311 -0.5344813
vn -0.7646999 -0.2078416 0.6099475
vn -0.7176415 -0.003921568 0.6964017
vn -0.9764631 -0.07450926 -0.2024061
vn -0.9686199 -0.01960772 0.2477719
vn -0.5450938 -0.7176416 0.433432
vn -0.7803861 -0.0274508 0.6246951
vn -0.8274446 -0.003921568 0.5615337
vn -0.5686231 -0.7097985 0.415757
vn 0.03527218 -0.9993777 0
vn 0.03527218 -0.9993777 0
vn 0.6627401 -0.7097985 -0.2386665
vn 0.6470539 -0.7097985 -0.2784013
vn 0.9294047 -0.003921568 -0.3690414
vn 0.8980324 -0.003921568 -0.4399119
vn -0.7490138 -0.2941154 -0.5936956
vn -0.5686231 -0.4901924 -0.6605901
vn 0.8980324 -0.003921568 -0.4399119
vn 0.6392108 0.7097985 -0.2959657
vn 0.6470539 0.7176415 -0.2575111
vn 0.9294047 -0.003921568 -0.3690414
vn 0.03527219 0.9993777 0
vn 0.03527219 0.9993777 0
vn -0.5372508 0.7176415 0.4431166
vn -0.5686231 0.7097985 0.4157571
vn -0.7803861 -0.0274508 0.6246951
vn -0.8274446 -0.003921568 0.5615337
vn 0.8666601 -0.0274508 -0.4981433
g G_CA_Prinzeugen_SD_Body_001_0
f 3/3/3 2/2/2 1/1/1
f 4/4/4 3/3/3 1/1/1
f 2/2/2 5/5/5 1/1/1
f 5/5/5 6/6/6 1/1/1
f 9/9/9 8/8/8 7/7/7
f 12/12/12 11/11/11 10/10/10
f 13/13/13 12/12/12 10/10/10
f 16/16/16 15/15/15 14/14/14
f 17/17/17 16/16/16 14/14/14
f 20/20/20 19/19/19 18/18/18
f 21/21/21 20/20/20 18/18/18
f 24/24/24 23/23/23 22/22/22
f 25/25/25 24/24/24 22/22/22
f 28/28/28 27/27/27 26/26/26
f 29/29/29 28/28/28 26/26/26
f 32/32/32 31/31/31 30/30/30
f 33/33/33 32/32/32 30/30/30
f 36/36/36 35/35/35 34/34/34
f 37/37/37 36/36/36 34/34/34
f 38/38/38 37/37/37 34/34/34
f 39/39/39 38/38/38 34/34/34
f 42/42/42 41/41/41 40/40/40
f 45/45/45 44/44/44 43/43/43
f 46/46/46 45/45/45 43/43/43
f 49/49/49 48/48/48 47/47/47
f 50/50/50 49/49/49 47/47/47
f 53/53/53 52/52/52 51/51/51
f 54/54/54 53/53/53 51/51/51
f 57/57/57 56/56/56 55/55/55
f 58/58/58 57/57/57 55/55/55
f 61/61/61 60/60/60 59/59/59
f 62/62/62 61/61/61 59/59/59
f 65/65/65 64/64/64 63/63/63
f 66/66/66 65/65/65 63/63/63
f 69/69/69 68/68/68 67/67/67
f 70/70/70 69/69/69 67/67/67
f 69/69/69 71/71/71 68/68/68
f 71/71/71 72/72/72 68/68/68
f 71/71/71 73/73/73 72/72/72
f 73/73/73 74/74/74 72/72/72
f 75/75/75 69/69/69 70/70/70
f 76/76/76 75/75/75 70/70/70
f 77/77/77 75/75/75 76/76/76
f 78/78/78 77/77/77 76/76/76
f 79/79/79 77/77/77 78/78/78
f 80/80/80 79/79/79 78/78/78
f 79/79/79 81/81/81 77/77/77
f 81/81/81 82/82/82 77/77/77
f 77/77/77 82/82/82 75/75/75
f 79/79/79 83/83/83 81/81/81
f 80/80/80 84/84/84 79/79/79
f 84/84/84 85/85/85 79/79/79
f 85/85/85 83/83/83 79/79/79
f 81/81/81 86/86/86 82/82/82
f 81/81/81 87/87/87 86/86/86
f 81/81/81 83/83/83 87/87/87
f 87/87/87 88/88/88 86/86/86
f 89/89/89 88/88/88 87/87/87
f 90/90/90 89/89/89 87/87/87
f 83/83/83 90/90/90 87/87/87
f 88/88/88 91/91/91 86/86/86
f 73/73/73 91/91/91 88/88/88
f 86/86/86 91/91/91 92/92/92
f 82/82/82 86/86/86 92/92/92
f 82/82/82 92/92/92 75/75/75
f 91/91/91 73/73/73 71/71/71
f 92/92/92 91/91/91 71/71/71
f 92/92/92 71/71/71 69/69/69
f 75/75/75 92/92/92 69/69/69
f 89/89/89 93/93/93 88/88/88
f 93/93/93 94/94/94 88/88/88
f 94/94/94 73/73/73 88/88/88
f 73/73/73 94/94/94 74/74/74
f 94/94/94 95/95/95 74/74/74
f 95/95/95 94/94/94 93/93/93
f 96/96/96 83/83/83 85/85/85
f 97/97/97 90/90/90 83/83/83
f 97/97/97 83/83/83 96/96/96
f 100/100/100 99/99/99 98/98/98
f 101/101/101 100/100/100 98/98/98
f 98/98/98 99/99/99 102/102/102
f 103/103/103 98/98/98 102/102/102
f 104/104/104 98/98/98 103/103/103
f 105/105/105 104/104/104 103/103/103
f 99/99/99 106/106/106 102/102/102
f 106/106/106 107/107/107 102/102/102
f 110/110/110 109/109/109 108/108/108
f 111/111/111 110/110/110 108/108/108
f 112/112/112 110/110/110 111/111/111
f 113/113/113 112/112/112 111/111/111
f 114/114/114 112/112/112 113/113/113
f 115/115/115 114/114/114 113/113/113
f 110/110/110 116/116/116 109/109/109
f 116/116/116 117/117/117 109/109/109
f 114/114/114 118/118/118 112/112/112
f 118/118/118 114/114/114 119/119/119
f 118/118/118 120/120/120 112/112/112
f 120/120/120 116/116/116 110/110/110
f 112/112/112 120/120/120 110/110/110
f 114/114/114 115/115/115 121/121/121
f 122/122/122 114/114/114 121/121/121
f 114/114/114 122/122/122 119/119/119
f 122/122/122 123/123/123 119/119/119
f 122/122/122 121/121/121 123/123/123
f 123/123/123 124/124/124 119/119/119
f 127/127/127 126/126/126 125/125/125
f 128/128/128 127/127/127 125/125/125
f 129/129/129 127/127/127 128/128/128
f 130/130/130 129/129/129 128/128/128
f 131/131/131 129/129/129 130/130/130
f 132/132/132 131/131/131 130/130/130
f 127/127/127 133/133/133 126/126/126
f 133/133/133 134/134/134 126/126/126
f 133/133/133 135/135/135 134/134/134
f 135/135/135 136/136/136 134/134/134
f 135/135/135 137/137/137 136/136/136
f 137/137/137 138/138/138 136/136/136
f 139/139/139 137/137/137 135/135/135
f 140/140/140 139/139/139 135/135/135
f 140/140/140 135/135/135 133/133/133
f 141/141/141 137/137/137 139/139/139
f 142/142/142 138/138/138 137/137/137
f 143/143/143 142/142/142 137/137/137
f 141/141/141 143/143/143 137/137/137
f 144/144/144 139/139/139 140/140/140
f 145/145/145 139/139/139 144/144/144
f 141/141/141 139/139/139 145/145/145
f 146/146/146 141/141/141 145/145/145
f 147/147/147 145/145/145 144/144/144
f 147/147/147 148/148/148 145/145/145
f 148/148/148 146/146/146 145/145/145
f 149/149/149 147/147/147 144/144/144
f 149/149/149 131/131/131 147/147/147
f 149/149/149 144/144/144 150/150/150
f 144/144/144 140/140/140 150/150/150
f 150/150/150 140/140/140 133/133/133
f 149/149/149 150/150/150 129/129/129
f 131/131/131 149/149/149 129/129/129
f 150/150/150 133/133/133 127/127/127
f 129/129/129 150/150/150 127/127/127
f 151/151/151 148/148/148 147/147/147
f 152/152/152 151/151/151 147/147/147
f 131/131/131 152/152/152 147/147/147
f 152/152/152 153/153/153 151/151/151
f 152/152/152 132/132/132 153/153/153
f 152/152/152 131/131/131 132/132/132
f 141/141/141 154/154/154 143/143/143
f 155/155/155 141/141/141 146/146/146
f 155/155/155 154/154/154 141/141/141
f 158/158/158 157/157/157 156/156/156
f 159/159/159 158/158/158 156/156/156
f 160/160/160 157/157/157 158/158/158
f 161/161/161 160/160/160 158/158/158
f 161/161/161 158/158/158 162/162/162
f 163/163/163 161/161/161 162/162/162
f 157/157/157 160/160/160 164/164/164
f 160/160/160 165/165/165 164/164/164
f 168/168/168 167/167/167 166/166/166
f 169/169/169 168/168/168 166/166/166
f 168/168/168 170/170/170 167/167/167
f 170/170/170 171/171/171 167/167/167
f 170/170/170 172/172/172 171/171/171
f 172/172/172 173/173/173 171/171/171
f 174/174/174 168/168/168 169/169/169
f 175/175/175 174/174/174 169/169/169
f 176/176/176 172/172/172 170/170/170
f 172/172/172 176/176/176 177/177/177
f 178/178/178 176/176/176 170/170/170
f 178/178/178 170/170/170 168/168/168
f 174/174/174 178/178/178 168/168/168
f 173/173/173 172/172/172 179/179/179
f 172/172/172 180/180/180 179/179/179
f 180/180/180 172/172/172 177/177/177
f 181/181/181 180/180/180 177/177/177
f 179/179/179 180/180/180 181/181/181
f 182/182/182 181/181/181 177/177/177
f 185/185/185 184/184/184 183/183/183
f 186/186/186 185/185/185 183/183/183
f 187/187/187 186/186/186 183/183/183
f 188/188/188 187/187/187 183/183/183
f 189/189/189 187/187/187 188/188/188
f 190/190/190 189/189/189 188/188/188
f 191/191/191 189/189/189 190/190/190
f 194/194/194 193/193/193 192/192/192
f 195/195/195 194/194/194 192/192/192
f 194/194/194 196/196/196 193/193/193
f 196/196/196 197/197/197 193/193/193
f 197/197/197 196/196/196 198/198/198
f 199/199/199 197/197/197 198/198/198
f 200/200/200 199/199/199 198/198/198
f 200/200/200 198/198/198 201/201/201
f 201/201/201 202/202/202 200/200/200
f 201/201/201 203/203/203 202/202/202
f 206/206/206 205/205/205 204/204/204
f 207/207/207 206/206/206 204/204/204
f 205/205/205 206/206/206 208/208/208
f 206/206/206 209/209/209 208/208/208
f 209/209/209 210/210/210 208/208/208
f 210/210/210 211/211/211 208/208/208
f 210/210/210 212/212/212 211/211/211
f 212/212/212 213/213/213 211/211/211
f 214/214/214 207/207/207 204/204/204
f 215/215/215 214/214/214 204/204/204
f 218/218/218 217/217/217 216/216/216
f 219/219/219 218/218/218 216/216/216
f 217/217/217 220/220/220 216/216/216
f 220/220/220 221/221/221 216/216/216
f 220/220/220 222/222/222 221/221/221
f 222/222/222 223/223/223 221/221/221
f 222/222/222 224/224/224 223/223/223
f 227/227/227 226/226/226 225/225/225
f 228/228/228 227/227/227 225/225/225
f 229/229/229 225/225/225 226/226/226
f 230/230/230 229/229/229 226/226/226
f 229/229/229 230/230/230 231/231/231
f 230/230/230 232/232/232 231/231/231
f 232/232/232 233/233/233 231/231/231
f 231/231/231 233/233/233 234/234/234
f 235/235/235 234/234/234 233/233/233
f 236/236/236 234/234/234 235/235/235
f 239/239/239 238/238/238 237/237/237
f 240/240/240 239/239/239 237/237/237
f 237/237/237 238/238/238 241/241/241
f 242/242/242 237/237/237 241/241/241
f 243/243/243 242/242/242 241/241/241
f 244/244/244 243/243/243 241/241/241
f 245/245/245 243/243/243 244/244/244
f 246/246/246 245/245/245 244/244/244
f 239/239/239 240/240/240 247/247/247
f 248/248/248 239/239/239 247/247/247
f 251/251/251 250/250/250 249/249/249
f 252/252/252 251/251/251 249/249/249
f 251/251/251 252/252/252 253/253/253
f 254/254/254 251/251/251 253/253/253
f 255/255/255 254/254/254 253/253/253
f 256/256/256 255/255/255 253/253/253
f 257/257/257 255/255/255 256/256/256
f 258/258/258 257/257/257 256/256/256
f 259/259/259 257/257/257 258/258/258
f 260/260/260 259/259/259 258/258/258
f 259/259/259 260/260/260 261/261/261
f 260/260/260 262/262/262 261/261/261
f 263/263/263 249/249/249 250/250/250
f 264/264/264 263/263/263 250/250/250
f 262/262/262 265/265/265 261/261/261
f 265/265/265 266/266/266 261/261/261
f 266/266/266 267/267/267 261/261/261
f 268/268/268 267/267/267 266/266/266
f 268/268/268 269/269/269 267/267/267
f 269/269/269 270/270/270 267/267/267
f 269/269/269 271/271/271 270/270/270
f 271/271/271 272/272/272 270/270/270
f 271/271/271 273/273/273 272/272/272
f 273/273/273 274/274/274 272/272/272
f 273/273/273 275/275/275 274/274/274
f 275/275/275 276/276/276 274/274/274
f 275/275/275 277/277/277 276/276/276
f 277/277/277 278/278/278 276/276/276
f 277/277/277 279/279/279 278/278/278
f 279/279/279 280/280/280 278/278/278
f 279/279/279 281/281/281 280/280/280
f 281/281/281 282/282/282 280/280/280
f 284/284/284 283/283/283 268/268/268
f 283/283/283 284/284/284 262/262/262
f 284/284/284 265/265/265 262/262/262
f 266/266/266 284/284/284 268/268/268
f 287/287/287 286/286/286 285/285/285
f 287/287/287 285/285/285 288/288/288
f 288/288/288 285/285/285 289/289/289
f 288/288/288 289/289/289 290/290/290
f 288/288/288 290/290/290 291/291/291
f 288/288/288 291/291/291 292/292/292
f 288/288/288 292/292/292 293/293/293
f 292/292/292 294/294/294 293/293/293
f 294/294/294 295/295/295 293/293/293
f 293/293/293 295/295/295 296/296/296
f 293/293/293 296/296/296 297/297/297
f 287/287/287 288/288/288 297/297/297
f 288/288/288 293/293/293 297/297/297
f 298/298/298 286/286/286 287/287/287
f 299/299/299 298/298/298 287/287/287
f 299/299/299 300/300/300 298/298/298
f 299/299/299 301/301/301 300/300/300
f 299/299/299 302/302/302 301/301/301
f 299/299/299 287/287/287 302/302/302
f 287/287/287 303/303/303 302/302/302
f 287/287/287 297/297/297 303/303/303
f 306/306/306 305/305/305 304/304/304
f 309/309/309 308/308/308 307/307/307
f 308/308/308 310/310/310 307/307/307
f 310/310/310 311/311/311 307/307/307
f 311/311/311 310/310/310 312/312/312
f 310/310/310 313/313/313 312/312/312
f 314/314/314 312/312/312 313/313/313
f 315/315/315 314/314/314 313/313/313
f 315/315/315 313/313/313 316/316/316
f 313/313/313 317/317/317 316/316/316
f 313/313/313 310/310/310 317/317/317
f 308/308/308 318/318/318 310/310/310
f 309/309/309 318/318/318 308/308/308
f 318/318/318 319/319/319 310/310/310
f 310/310/310 319/319/319 317/317/317
f 317/317/317 319/319/319 320/320/320
f 321/321/321 317/317/317 320/320/320
f 322/322/322 311/311/311 312/312/312
f 323/323/323 322/322/322 312/312/312
f 326/326/326 325/325/325 324/324/324
f 327/327/327 325/325/325 326/326/326
f 328/328/328 327/327/327 326/326/326
f 327/327/327 328/328/328 329/329/329
f 328/328/328 330/330/330 329/329/329
f 330/330/330 331/331/331 329/329/329
f 331/331/331 332/332/332 329/329/329
f 332/332/332 331/331/331 333/333/333
f 331/331/331 334/334/334 333/333/333
f 334/334/334 335/335/335 333/333/333
f 338/338/338 337/337/337 336/336/336
f 337/337/337 338/338/338 339/339/339
f 340/340/340 337/337/337 339/339/339
f 337/337/337 340/340/340 336/336/336
f 341/341/341 340/340/340 339/339/339
f 341/341/341 339/339/339 342/342/342
f 339/339/339 343/343/343 342/342/342
f 344/344/344 342/342/342 343/343/343
f 345/345/345 344/344/344 343/343/343
f 346/346/346 345/345/345 343/343/343
f 347/347/347 346/346/346 343/343/343
f 343/343/343 339/339/339 347/347/347
f 338/338/338 348/348/348 339/339/339
f 339/339/339 348/348/348 347/347/347
f 349/349/349 341/341/341 342/342/342
f 350/350/350 349/349/349 342/342/342
f 347/347/347 348/348/348 351/351/351
f 352/352/352 347/347/347 351/351/351
f 355/355/355 354/354/354 353/353/353
f 353/353/353 354/354/354 356/356/356
f 357/357/357 353/353/353 356/356/356
f 357/357/357 356/356/356 358/358/358
f 359/359/359 357/357/357 358/358/358
f 359/359/359 358/358/358 360/360/360
f 358/358/358 361/361/361 360/360/360
f 361/361/361 362/362/362 360/360/360
f 362/362/362 363/363/363 360/360/360
f 362/362/362 364/364/364 363/363/363
f 367/367/367 366/366/366 365/365/365
f 368/368/368 367/367/367 365/365/365
f 367/367/367 369/369/369 366/366/366
f 369/369/369 370/370/370 366/366/366
f 373/373/373 372/372/372 371/371/371
f 374/374/374 373/373/373 371/371/371
f 377/377/377 376/376/376 375/375/375
f 378/378/378 377/377/377 375/375/375
f 375/375/375 376/376/376 379/379/379
f 376/376/376 380/380/380 379/379/379
f 383/383/383 382/382/382 381/381/381
f 384/384/384 383/383/383 381/381/381
f 383/383/383 385/385/385 382/382/382
f 385/385/385 386/386/386 382/382/382
f 385/385/385 387/387/387 386/386/386
f 387/387/387 388/388/388 386/386/386
f 391/391/391 390/390/390 389/389/389
f 392/392/392 391/391/391 389/389/389
f 395/395/395 394/394/394 393/393/393
f 396/396/396 395/395/395 393/393/393
f 395/395/395 397/397/397 394/394/394
f 397/397/397 398/398/398 394/394/394
f 401/401/401 400/400/400 399/399/399
f 402/402/402 401/401/401 399/399/399
f 405/405/405 404/404/404 403/403/403
f 406/406/406 405/405/405 403/403/403
f 409/409/409 408/408/408 407/407/407
f 410/410/410 409/409/409 407/407/407
f 413/413/413 412/412/412 411/411/411
f 414/414/414 413/413/413 411/411/411
f 415/415/415 414/414/414 411/411/411
f 414/414/414 415/415/415 416/416/416
f 417/417/417 414/414/414 416/416/416
f 416/416/416 418/418/418 417/417/417
f 418/418/418 419/419/419 417/417/417
f 417/417/417 419/419/419 420/420/420
f 421/421/421 417/417/417 420/420/420
f 414/414/414 417/417/417 421/421/421
f 422/422/422 413/413/413 414/414/414
f 422/422/422 412/412/412 413/413/413
f 423/423/423 422/422/422 414/414/414
f 423/423/423 414/414/414 421/421/421
f 423/423/423 421/421/421 424/424/424
f 421/421/421 425/425/425 424/424/424
f 415/415/415 426/426/426 416/416/416
f 426/426/426 427/427/427 416/416/416
f 430/430/430 429/429/429 428/428/428
f 430/430/430 431/431/431 429/429/429
f 431/431/431 432/432/432 429/429/429
f 432/432/432 431/431/431 433/433/433
f 434/434/434 432/432/432 433/433/433
f 435/435/435 434/434/434 433/433/433
f 436/436/436 435/435/435 433/433/433
f 435/435/435 436/436/436 437/437/437
f 438/438/438 435/435/435 437/437/437
f 439/439/439 438/438/438 437/437/437
f 442/442/442 441/441/441 440/440/440
f 441/441/441 442/442/442 443/443/443
f 442/442/442 444/444/444 443/443/443
f 444/444/444 442/442/442 440/440/440
f 444/444/444 445/445/445 443/443/443
f 443/443/443 445/445/445 446/446/446
f 447/447/447 443/443/443 446/446/446
f 446/446/446 448/448/448 447/447/447
f 448/448/448 449/449/449 447/447/447
f 449/449/449 450/450/450 447/447/447
f 450/450/450 451/451/451 447/447/447
f 443/443/443 447/447/447 451/451/451
f 452/452/452 441/441/441 443/443/443
f 452/452/452 443/443/443 451/451/451
f 445/445/445 453/453/453 446/446/446
f 453/453/453 454/454/454 446/446/446
f 452/452/452 451/451/451 455/455/455
f 451/451/451 456/456/456 455/455/455
f 459/459/459 458/458/458 457/457/457
f 459/459/459 457/457/457 460/460/460
f 457/457/457 461/461/461 460/460/460
f 460/460/460 461/461/461 462/462/462
f 461/461/461 463/463/463 462/462/462
f 462/462/462 463/463/463 464/464/464
f 465/465/465 462/462/462 464/464/464
f 466/466/466 465/465/465 464/464/464
f 467/467/467 466/466/466 464/464/464
f 468/468/468 466/466/466 467/467/467
f 471/471/471 470/470/470 469/469/469
f 472/472/472 471/471/471 469/469/469
f 473/473/473 471/471/471 472/472/472
f 474/474/474 473/473/473 472/472/472
f 477/477/477 476/476/476 475/475/475
f 478/478/478 477/477/477 475/475/475
f 481/481/481 480/480/480 479/479/479
f 482/482/482 481/481/481 479/479/479
f 482/482/482 479/479/479 483/483/483
f 484/484/484 482/482/482 483/483/483
f 487/487/487 486/486/486 485/485/485
f 488/488/488 487/487/487 485/485/485
f 489/489/489 487/487/487 488/488/488
f 490/490/490 489/489/489 488/488/488
f 491/491/491 489/489/489 490/490/490
f 492/492/492 491/491/491 490/490/490
f 495/495/495 494/494/494 493/493/493
f 496/496/496 495/495/495 493/493/493
f 499/499/499 498/498/498 497/497/497
f 500/500/500 499/499/499 497/497/497
f 501/501/501 499/499/499 500/500/500
f 502/502/502 501/501/501 500/500/500
f 505/505/505 504/504/504 503/503/503
f 506/506/506 505/505/505 503/503/503
f 509/509/509 508/508/508 507/507/507
f 510/510/510 509/509/509 507/507/507
f 513/513/513 512/512/512 511/511/511
f 514/514/514 513/513/513 511/511/511
f 517/517/517 516/516/516 515/515/515
f 517/517/517 518/518/518 516/516/516
f 516/516/516 518/518/518 519/519/519
f 520/520/520 519/519/519 518/518/518
f 520/520/520 521/521/521 519/519/519
f 522/522/522 521/521/521 520/520/520
f 523/523/523 522/522/522 520/520/520
f 524/524/524 522/522/522 523/523/523
f 523/523/523 525/525/525 524/524/524
f 525/525/525 526/526/526 524/524/524
f 524/524/524 526/526/526 527/527/527
f 528/528/528 524/524/524 527/527/527
f 527/527/527 529/529/529 528/528/528
f 530/530/530 527/527/527 526/526/526
f 531/531/531 530/530/530 526/526/526
f 525/525/525 531/531/531 526/526/526
f 527/527/527 532/532/532 529/529/529
f 527/527/527 530/530/530 532/532/532
f 533/533/533 529/529/529 532/532/532
f 534/534/534 533/533/533 532/532/532
f 535/535/535 533/533/533 534/534/534
f 536/536/536 535/535/535 534/534/534
f 523/523/523 537/537/537 525/525/525
f 540/540/540 539/539/539 538/538/538
f 541/541/541 540/540/540 538/538/538
f 540/540/540 541/541/541 542/542/542
f 541/541/541 543/543/543 542/542/542
f 542/542/542 543/543/543 544/544/544
f 543/543/543 545/545/545 544/544/544
f 546/546/546 544/544/544 545/545/545
f 547/547/547 546/546/546 545/545/545
f 550/550/550 549/549/549 548/548/548
f 549/549/549 551/551/551 548/548/548
f 552/552/552 548/548/548 551/551/551
f 553/553/553 552/552/552 551/551/551
f 548/548/548 552/552/552 554/554/554
f 552/552/552 555/555/555 554/554/554
f 556/556/556 554/554/554 555/555/555
f 557/557/557 556/556/556 555/555/555
f 558/558/558 556/556/556 557/557/557
f 559/559/559 558/558/558 557/557/557
f 559/559/559 560/560/560 558/558/558
f 560/560/560 561/561/561 558/558/558
f 562/562/562 552/552/552 553/553/553
f 565/565/565 564/564/564 563/563/563
f 566/566/566 565/565/565 563/563/563
f 567/567/567 565/565/565 566/566/566
f 568/568/568 567/567/567 566/566/566
f 569/569/569 567/567/567 568/568/568
f 570/570/570 569/569/569 568/568/568
f 571/571/571 569/569/569 570/570/570
f 572/572/572 571/571/571 570/570/570
f 571/571/571 572/572/572 573/573/573
f 574/574/574 571/571/571 573/573/573
f 574/574/574 573/573/573 575/575/575
f 576/576/576 574/574/574 575/575/575
f 576/576/576 575/575/575 577/577/577
f 578/578/578 576/576/576 577/577/577
f 570/570/570 568/568/568 579/579/579
f 580/580/580 570/570/570 579/579/579
f 572/572/572 570/570/570 580/580/580
f 581/581/581 575/575/575 573/573/573
f 575/575/575 581/581/581 577/577/577
f 582/582/582 581/581/581 573/573/573
f 582/582/582 573/573/573 572/572/572
f 583/583/583 582/582/582 572/572/572
f 583/583/583 572/572/572 580/580/580
f 579/579/579 568/568/568 584/584/584
f 568/568/568 566/566/566 584/584/584
f 563/563/563 584/584/584 566/566/566
f 587/587/587 586/586/586 585/585/585
f 586/586/586 588/588/588 585/585/585
f 586/586/586 589/589/589 588/588/588
f 589/589/589 590/590/590 588/588/588
f 593/593/593 592/592/592 591/591/591
f 591/591/591 594/594/594 593/593/593
f 591/591/591 595/595/595 594/594/594
f 596/596/596 595/595/595 591/591/591
f 596/596/596 591/591/591 597/597/597
f 591/591/591 598/598/598 597/597/597
f 591/591/591 599/599/599 598/598/598
f 591/591/591 600/600/600 599/599/599
f 601/601/601 600/600/600 591/591/591
f 604/604/604 603/603/603 602/602/602
f 602/602/602 603/603/603 605/605/605
f 602/602/602 605/605/605 606/606/606
f 606/606/606 605/605/605 607/607/607
f 610/610/610 609/609/609 608/608/608
f 611/611/611 610/610/610 608/608/608
f 612/612/612 610/610/610 611/611/611
f 613/613/613 612/612/612 611/611/611
f 614/614/614 612/612/612 613/613/613
f 615/615/615 614/614/614 613/613/613
f 616/616/616 614/614/614 615/615/615
f 617/617/617 616/616/616 615/615/615
f 618/618/618 616/616/616 617/617/617
f 619/619/619 618/618/618 617/617/617
f 620/620/620 618/618/618 619/619/619
f 621/621/621 620/620/620 619/619/619
f 622/622/622 620/620/620 621/621/621
f 623/623/623 622/622/622 621/621/621
f 608/608/608 609/609/609 624/624/624
f 609/609/609 625/625/625 624/624/624
f 624/624/624 625/625/625 626/626/626
f 625/625/625 627/627/627 626/626/626
f 626/626/626 627/627/627 628/628/628
f 627/627/627 629/629/629 628/628/628
f 632/632/632 631/631/631 630/630/630
f 633/633/633 632/632/632 630/630/630
f 634/634/634 632/632/632 633/633/633
f 635/635/635 634/634/634 633/633/633
f 636/636/636 634/634/634 635/635/635
f 637/637/637 636/636/636 635/635/635
f 638/638/638 636/636/636 637/637/637
f 639/639/639 638/638/638 637/637/637
f 642/642/642 641/641/641 640/640/640
f 643/643/643 642/642/642 640/640/640
f 640/640/640 641/641/641 644/644/644
f 641/641/641 645/645/645 644/644/644
f 644/644/644 645/645/645 646/646/646
f 645/645/645 647/647/647 646/646/646
f 646/646/646 647/647/647 648/648/648
f 647/647/647 649/649/649 648/648/648
f 652/652/652 651/651/651 650/650/650
f 653/653/653 651/651/651 652/652/652
f 653/653/653 652/652/652 654/654/654
f 654/654/654 655/655/655 653/653/653
f 656/656/656 655/655/655 654/654/654
f 656/656/656 657/657/657 655/655/655
f 657/657/657 658/658/658 655/655/655
f 658/658/658 657/657/657 659/659/659
f 659/659/659 660/660/660 658/658/658
f 659/659/659 661/661/661 660/660/660
f 661/661/661 659/659/659 662/662/662
f 659/659/659 663/663/663 662/662/662
f 664/664/664 662/662/662 663/663/663
f 662/662/662 665/665/665 661/661/661
f 665/665/665 666/666/666 661/661/661
f 666/666/666 660/660/660 661/661/661
f 667/667/667 662/662/662 664/664/664
f 665/665/665 662/662/662 667/667/667
f 664/664/664 668/668/668 667/667/667
f 668/668/668 669/669/669 667/667/667
f 668/668/668 670/670/670 669/669/669
f 670/670/670 671/671/671 669/669/669
f 672/672/672 658/658/658 660/660/660
f 675/675/675 674/674/674 673/673/673
f 676/676/676 675/675/675 673/673/673
f 673/673/673 677/677/677 676/676/676
f 677/677/677 678/678/678 676/676/676
f 677/677/677 679/679/679 678/678/678
f 679/679/679 680/680/680 678/678/678
f 680/680/680 679/679/679 681/681/681
f 682/682/682 680/680/680 681/681/681
f 685/685/685 684/684/684 683/683/683
f 686/686/686 685/685/685 683/683/683
f 686/686/686 683/683/683 687/687/687
f 688/688/688 686/686/686 687/687/687
f 687/687/687 683/683/683 689/689/689
f 690/690/690 687/687/687 689/689/689
f 689/689/689 691/691/691 690/690/690
f 691/691/691 692/692/692 690/690/690
f 691/691/691 693/693/693 692/692/692
f 693/693/693 694/694/694 692/692/692
f 695/695/695 694/694/694 693/693/693
f 696/696/696 695/695/695 693/693/693
f 687/687/687 697/697/697 688/688/688
f 700/700/700 699/699/699 698/698/698
f 701/701/701 700/700/700 698/698/698
f 700/700/700 702/702/702 699/699/699
f 702/702/702 703/703/703 699/699/699
f 702/702/702 704/704/704 703/703/703
f 704/704/704 705/705/705 703/703/703
f 704/704/704 706/706/706 705/705/705
f 706/706/706 707/707/707 705/705/705
f 707/707/707 706/706/706 708/708/708
f 706/706/706 709/709/709 708/708/708
f 708/708/708 709/709/709 710/710/710
f 709/709/709 711/711/711 710/710/710
f 710/710/710 711/711/711 712/712/712
f 711/711/711 713/713/713 712/712/712
f 703/703/703 705/705/705 714/714/714
f 705/705/705 715/715/715 714/714/714
f 705/705/705 707/707/707 715/715/715
f 710/710/710 716/716/716 708/708/708
f 716/716/716 710/710/710 712/712/712
f 716/716/716 717/717/717 708/708/708
f 708/708/708 717/717/717 707/707/707
f 717/717/717 718/718/718 707/707/707
f 707/707/707 718/718/718 715/715/715
f 703/703/703 714/714/714 719/719/719
f 699/699/699 703/703/703 719/719/719
f 719/719/719 698/698/698 699/699/699
f 722/722/722 721/721/721 720/720/720
f 723/723/723 722/722/722 720/720/720
f 724/724/724 722/722/722 723/723/723
f 725/725/725 724/724/724 723/723/723
f 728/728/728 727/727/727 726/726/726
f 729/729/729 726/726/726 727/727/727
f 730/730/730 726/726/726 729/729/729
f 730/730/730 731/731/731 726/726/726
f 726/726/726 731/731/731 732/732/732
f 733/733/733 726/726/726 732/732/732
f 734/734/734 726/726/726 733/733/733
f 735/735/735 726/726/726 734/734/734
f 735/735/735 736/736/736 726/726/726
f 739/739/739 738/738/738 737/737/737
f 739/739/739 737/737/737 740/740/740
f 740/740/740 737/737/737 741/741/741
f 740/740/740 741/741/741 742/742/742
f 745/745/745 744/744/744 743/743/743
f 746/746/746 745/745/745 743/743/743
f 745/745/745 747/747/747 744/744/744
f 747/747/747 748/748/748 744/744/744
f 747/747/747 749/749/749 748/748/748
f 749/749/749 750/750/750 748/748/748
f 749/749/749 751/751/751 750/750/750
f 751/751/751 752/752/752 750/750/750
f 751/751/751 753/753/753 752/752/752
f 753/753/753 754/754/754 752/752/752
f 753/753/753 755/755/755 754/754/754
f 755/755/755 756/756/756 754/754/754
f 755/755/755 757/757/757 756/756/756
f 757/757/757 758/758/758 756/756/756
f 746/746/746 743/743/743 759/759/759
f 760/760/760 746/746/746 759/759/759
f 760/760/760 759/759/759 761/761/761
f 762/762/762 760/760/760 761/761/761
f 762/762/762 761/761/761 763/763/763
f 764/764/764 762/762/762 763/763/763
f 767/767/767 766/766/766 765/765/765
f 768/768/768 767/767/767 765/765/765
f 768/768/768 765/765/765 769/769/769
f 770/770/770 768/768/768 769/769/769
f 770/770/770 769/769/769 771/771/771
f 772/772/772 770/770/770 771/771/771
f 772/772/772 771/771/771 773/773/773
f 774/774/774 772/772/772 773/773/773
f 777/777/777 776/776/776 775/775/775
f 778/778/778 777/777/777 775/775/775
f 777/777/777 779/779/779 776/776/776
f 779/779/779 780/780/780 776/776/776
f 779/779/779 781/781/781 780/780/780
f 781/781/781 782/782/782 780/780/780
f 781/781/781 783/783/783 782/782/782
f 783/783/783 784/784/784 782/782/782
f 787/787/787 786/786/786 785/785/785
f 788/788/788 787/787/787 785/785/785
f 788/788/788 785/785/785 789/789/789
f 785/785/785 790/790/790 789/789/789
f 791/791/791 788/788/788 789/789/789
f 792/792/792 791/791/791 789/789/789
f 791/791/791 792/792/792 793/793/793
f 792/792/792 794/794/794 793/793/793
f 793/793/793 794/794/794 795/795/795
f 794/794/794 796/796/796 795/795/795
f 797/797/797 795/795/795 796/796/796
f 789/789/789 790/790/790 798/798/798
f 798/798/798 799/799/799 789/789/789
f 799/799/799 800/800/800 789/789/789
f 800/800/800 799/799/799 801/801/801
f 802/802/802 800/800/800 801/801/801
f 803/803/803 802/802/802 801/801/801
f 806/806/806 805/805/805 804/804/804
f 807/807/807 806/806/806 804/804/804
f 804/804/804 805/805/805 808/808/808
f 809/809/809 804/804/804 808/808/808
f 805/805/805 810/810/810 808/808/808
f 810/810/810 811/811/811 808/808/808
f 811/811/811 810/810/810 812/812/812
f 813/813/813 811/811/811 812/812/812
f 813/813/813 812/812/812 814/814/814
f 815/815/815 813/813/813 814/814/814
f 814/814/814 816/816/816 815/815/815
f 809/809/809 808/808/808 817/817/817
f 818/818/818 817/817/817 808/808/808
f 819/819/819 818/818/818 808/808/808
f 820/820/820 818/818/818 819/819/819
f 821/821/821 820/820/820 819/819/819
f 821/821/821 822/822/822 820/820/820
f 825/825/825 824/824/824 823/823/823
f 826/826/826 825/825/825 823/823/823
f 827/827/827 825/825/825 826/826/826
f 828/828/828 827/827/827 826/826/826
f 828/828/828 829/829/829 827/827/827
f 829/829/829 830/830/830 827/827/827
f 830/830/830 829/829/829 831/831/831
f 832/832/832 830/830/830 831/831/831
f 832/832/832 831/831/831 833/833/833
f 831/831/831 834/834/834 833/833/833
f 834/834/834 835/835/835 833/833/833
f 835/835/835 836/836/836 833/833/833
f 836/836/836 835/835/835 837/837/837
f 838/838/838 836/836/836 837/837/837
f 839/839/839 838/838/838 837/837/837
f 840/840/840 839/839/839 837/837/837
f 841/841/841 825/825/825 827/827/827
f 842/842/842 841/841/841 827/827/827
f 842/842/842 827/827/827 830/830/830
f 843/843/843 842/842/842 830/830/830
f 844/844/844 843/843/843 830/830/830
f 832/832/832 844/844/844 830/830/830
f 844/844/844 832/832/832 833/833/833
f 845/845/845 844/844/844 833/833/833
f 845/845/845 833/833/833 836/836/836
f 846/846/846 845/845/845 836/836/836
f 846/846/846 836/836/836 838/838/838
f 847/847/847 846/846/846 838/838/838
f 838/838/838 839/839/839 848/848/848
f 847/847/847 838/838/838 848/848/848
f 841/841/841 842/842/842 849/849/849
f 841/841/841 849/849/849 850/850/850
f 841/841/841 850/850/850 825/825/825
f 850/850/850 824/824/824 825/825/825
f 849/849/849 851/851/851 850/850/850
f 842/842/842 852/852/852 849/849/849
f 853/853/853 852/852/852 842/842/842
f 843/843/843 853/853/853 842/842/842
f 854/854/854 853/853/853 843/843/843
f 844/844/844 854/854/854 843/843/843
f 844/844/844 845/845/845 854/854/854
f 845/845/845 855/855/855 854/854/854
f 845/845/845 846/846/846 855/855/855
f 846/846/846 856/856/856 855/855/855
f 857/857/857 856/856/856 846/846/846
f 847/847/847 857/857/857 846/846/846
f 857/857/857 847/847/847 848/848/848
f 858/858/858 857/857/857 848/848/848
f 849/849/849 859/859/859 851/851/851
f 849/849/849 852/852/852 859/859/859
f 859/859/859 860/860/860 851/851/851
f 859/859/859 861/861/861 860/860/860
f 861/861/861 862/862/862 860/860/860
f 863/863/863 861/861/861 859/859/859
f 864/864/864 863/863/863 859/859/859
f 852/852/852 864/864/864 859/859/859
f 863/863/863 864/864/864 865/865/865
f 865/865/865 864/864/864 852/852/852
f 853/853/853 865/865/865 852/852/852
f 866/866/866 863/863/863 865/865/865
f 866/866/866 865/865/865 867/867/867
f 853/853/853 854/854/854 867/867/867
f 865/865/865 853/853/853 867/867/867
f 867/867/867 854/854/854 855/855/855
f 868/868/868 866/866/866 867/867/867
f 868/868/868 867/867/867 869/869/869
f 867/867/867 870/870/870 869/869/869
f 870/870/870 867/867/867 855/855/855
f 870/870/870 855/855/855 856/856/856
f 869/869/869 870/870/870 871/871/871
f 870/870/870 872/872/872 871/871/871
f 873/873/873 871/871/871 872/872/872
f 874/874/874 873/873/873 872/872/872
f 875/875/875 873/873/873 874/874/874
f 876/876/876 875/875/875 874/874/874
f 877/877/877 862/862/862 861/861/861
f 878/878/878 863/863/863 866/866/866
f 863/863/863 878/878/878 861/861/861
f 879/879/879 877/877/877 861/861/861
f 878/878/878 879/879/879 861/861/861
f 880/880/880 878/878/878 866/866/866
f 880/880/880 866/866/866 868/868/868
f 881/881/881 880/880/880 868/868/868
f 881/881/881 868/868/868 869/869/869
f 882/882/882 871/871/871 873/873/873
f 882/882/882 883/883/883 871/871/871
f 883/883/883 881/881/881 869/869/869
f 883/883/883 869/869/869 871/871/871
f 876/876/876 874/874/874 858/858/858
f 874/874/874 857/857/857 858/858/858
f 856/856/856 857/857/857 874/874/874
f 872/872/872 856/856/856 874/874/874
f 872/872/872 870/870/870 856/856/856
f 884/884/884 882/882/882 873/873/873
f 885/885/885 884/884/884 873/873/873
f 875/875/875 885/885/885 873/873/873
f 888/888/888 887/887/887 886/886/886
f 889/889/889 888/888/888 886/886/886
f 890/890/890 889/889/889 886/886/886
f 891/891/891 890/890/890 886/886/886
f 890/890/890 891/891/891 892/892/892
f 893/893/893 890/890/890 892/892/892
f 893/893/893 892/892/892 894/894/894
f 895/895/895 893/893/893 894/894/894
f 896/896/896 895/895/895 894/894/894
f 897/897/897 896/896/896 894/894/894
f 896/896/896 897/897/897 898/898/898
f 899/899/899 896/896/896 898/898/898
f 898/898/898 900/900/900 899/899/899
f 900/900/900 901/901/901 899/899/899
f 902/902/902 901/901/901 900/900/900
f 903/903/903 902/902/902 900/900/900
f 906/906/906 905/905/905 904/904/904
f 907/907/907 906/906/906 904/904/904
f 906/906/906 907/907/907 908/908/908
f 909/909/909 906/906/906 908/908/908
f 906/906/906 909/909/909 910/910/910
f 911/911/911 906/906/906 910/910/910
f 906/906/906 911/911/911 912/912/912
f 905/905/905 906/906/906 912/912/912
f 826/826/826 823/823/823 913/913/913
f 914/914/914 826/826/826 913/913/913
f 828/828/828 826/826/826 914/914/914
f 915/915/915 828/828/828 914/914/914
f 915/915/915 916/916/916 828/828/828
f 916/916/916 829/829/829 828/828/828
f 916/916/916 917/917/917 829/829/829
f 917/917/917 831/831/831 829/829/829
f 831/831/831 917/917/917 834/834/834
f 917/917/917 918/918/918 834/834/834
f 834/834/834 918/918/918 919/919/919
f 835/835/835 834/834/834 919/919/919
f 835/835/835 919/919/919 837/837/837
f 919/919/919 920/920/920 837/837/837
f 920/920/920 921/921/921 837/837/837
f 921/921/921 840/840/840 837/837/837
f 916/916/916 915/915/915 922/922/922
f 917/917/917 916/916/916 922/922/922
f 915/915/915 923/923/923 922/922/922
f 924/924/924 917/917/917 922/922/922
f 917/917/917 924/924/924 925/925/925
f 918/918/918 917/917/917 925/925/925
f 918/918/918 925/925/925 926/926/926
f 919/919/919 918/918/918 926/926/926
f 919/919/919 926/926/926 920/920/920
f 920/920/920 927/927/927 921/921/921
f 927/927/927 928/928/928 921/921/921
f 927/927/927 920/920/920 929/929/929
f 929/929/929 920/920/920 926/926/926
f 930/930/930 927/927/927 929/929/929
f 931/931/931 926/926/926 925/925/925
f 929/929/929 926/926/926 931/931/931
f 932/932/932 929/929/929 931/931/931
f 933/933/933 930/930/930 929/929/929
f 932/932/932 933/933/933 929/929/929
f 923/923/923 934/934/934 922/922/922
f 934/934/934 923/923/923 935/935/935
f 923/923/923 936/936/936 935/935/935
f 935/935/935 936/936/936 937/937/937
f 938/938/938 935/935/935 937/937/937
f 934/934/934 935/935/935 939/939/939
f 934/934/934 939/939/939 922/922/922
f 935/935/935 940/940/940 939/939/939
f 940/940/940 935/935/935 938/938/938
f 941/941/941 940/940/940 938/938/938
f 936/936/936 914/914/914 937/937/937
f 914/914/914 936/936/936 923/923/923
f 915/915/915 914/914/914 923/923/923
f 914/914/914 942/942/942 937/937/937
f 942/942/942 914/914/914 913/913/913
f 943/943/943 942/942/942 913/913/913
f 946/946/946 945/945/945 944/944/944
f 947/947/947 946/946/946 944/944/944
f 946/946/946 948/948/948 945/945/945
f 948/948/948 949/949/949 945/945/945
f 950/950/950 949/949/949 948/948/948
f 951/951/951 950/950/950 948/948/948
f 950/950/950 951/951/951 952/952/952
f 951/951/951 953/953/953 952/952/952
f 952/952/952 953/953/953 954/954/954
f 955/955/955 952/952/952 954/954/954
f 956/956/956 955/955/955 954/954/954
f 957/957/957 956/956/956 954/954/954
f 956/956/956 957/957/957 958/958/958
f 957/957/957 959/959/959 958/958/958
f 959/959/959 960/960/960 958/958/958
f 960/960/960 961/961/961 958/958/958
f 947/947/947 962/962/962 946/946/946
f 948/948/948 963/963/963 951/951/951
f 964/964/964 963/963/963 948/948/948
f 962/962/962 964/964/964 946/946/946
f 946/946/946 964/964/964 948/948/948
f 963/963/963 965/965/965 951/951/951
f 953/953/953 966/966/966 954/954/954
f 966/966/966 953/953/953 951/951/951
f 965/965/965 966/966/966 951/951/951
f 957/957/957 967/967/967 959/959/959
f 968/968/968 967/967/967 957/957/957
f 966/966/966 968/968/968 954/954/954
f 954/954/954 968/968/968 957/957/957
f 967/967/967 969/969/969 959/959/959
f 970/970/970 964/964/964 962/962/962
f 963/963/963 964/964/964 970/970/970
f 971/971/971 970/970/970 962/962/962
f 972/972/972 963/963/963 970/970/970
f 973/973/973 965/965/965 963/963/963
f 972/972/972 973/973/973 963/963/963
f 974/974/974 966/966/966 965/965/965
f 973/973/973 974/974/974 965/965/965
f 968/968/968 966/966/966 974/974/974
f 975/975/975 968/968/968 974/974/974
f 967/967/967 968/968/968 975/975/975
f 976/976/976 967/967/967 975/975/975
f 977/977/977 969/969/969 967/967/967
f 976/976/976 977/977/977 967/967/967
f 969/969/969 977/977/977 978/978/978
f 959/959/959 969/969/969 978/978/978
f 960/960/960 959/959/959 978/978/978
f 977/977/977 979/979/979 978/978/978
f 980/980/980 970/970/970 971/971/971
f 972/972/972 970/970/970 980/980/980
f 981/981/981 980/980/980 971/971/971
f 982/982/982 980/980/980 981/981/981
f 983/983/983 982/982/982 981/981/981
f 982/982/982 984/984/984 980/980/980
f 984/984/984 985/985/985 980/980/980
f 985/985/985 984/984/984 986/986/986
f 984/984/984 987/987/987 986/986/986
f 986/986/986 987/987/987 988/988/988
f 987/987/987 989/989/989 988/988/988
f 988/988/988 989/989/989 990/990/990
f 991/991/991 988/988/988 990/990/990
f 991/991/991 990/990/990 992/992/992
f 993/993/993 991/991/991 992/992/992
f 992/992/992 994/994/994 993/993/993
f 994/994/994 995/995/995 993/993/993
f 994/994/994 996/996/996 995/995/995
f 996/996/996 997/997/997 995/995/995
f 983/983/983 998/998/998 982/982/982
f 984/984/984 999/999/999 987/987/987
f 999/999/999 984/984/984 982/982/982
f 998/998/998 1000/1000/1000 982/982/982
f 1000/1000/1000 999/999/999 982/982/982
f 999/999/999 1001/1001/1001 987/987/987
f 1001/1001/1001 1002/1002/1002 989/989/989
f 989/989/989 1002/1002/1002 990/990/990
f 987/987/987 1001/1001/1001 989/989/989
f 1002/1002/1002 1003/1003/1003 990/990/990
f 1003/1003/1003 1004/1004/1004 992/992/992
f 992/992/992 1004/1004/1004 994/994/994
f 990/990/990 1003/1003/1003 992/992/992
f 1004/1004/1004 1005/1005/1005 994/994/994
f 1006/1006/1006 996/996/996 994/994/994
f 1005/1005/1005 1006/1006/1006 994/994/994
f 995/995/995 997/997/997 979/979/979
f 977/977/977 995/995/995 979/979/979
f 977/977/977 976/976/976 995/995/995
f 976/976/976 993/993/993 995/995/995
f 991/991/991 993/993/993 976/976/976
f 975/975/975 991/991/991 976/976/976
f 988/988/988 991/991/991 975/975/975
f 974/974/974 988/988/988 975/975/975
f 974/974/974 973/973/973 988/988/988
f 973/973/973 986/986/986 988/988/988
f 986/986/986 973/973/973 972/972/972
f 985/985/985 986/986/986 972/972/972
f 985/985/985 972/972/972 980/980/980
f 1009/1009/1009 1008/1008/1008 1007/1007/1007
f 1010/1010/1010 1009/1009/1009 1007/1007/1007
f 1008/1008/1008 1011/1011/1011 1007/1007/1007
f 1011/1011/1011 1012/1012/1012 1007/1007/1007
f 1012/1012/1012 1011/1011/1011 1013/1013/1013
f 1011/1011/1011 1014/1014/1014 1013/1013/1013
f 1013/1013/1013 1014/1014/1014 1015/1015/1015
f 1014/1014/1014 1016/1016/1016 1015/1015/1015
f 1016/1016/1016 1017/1017/1017 1015/1015/1015
f 1017/1017/1017 1018/1018/1018 1015/1015/1015
f 1018/1018/1018 1017/1017/1017 1019/1019/1019
f 1017/1017/1017 1020/1020/1020 1019/1019/1019
f 1021/1021/1021 1019/1019/1019 1020/1020/1020
f 1022/1022/1022 1021/1021/1021 1020/1020/1020
f 1022/1022/1022 1023/1023/1023 1021/1021/1021
f 1023/1023/1023 1024/1024/1024 1021/1021/1021
f 1027/1027/1027 1026/1026/1026 1025/1025/1025
f 1028/1028/1028 1027/1027/1027 1025/1025/1025
f 1026/1026/1026 1027/1027/1027 1029/1029/1029
f 1027/1027/1027 1030/1030/1030 1029/1029/1029
f 1030/1030/1030 1027/1027/1027 1031/1031/1031
f 1027/1027/1027 1032/1032/1032 1031/1031/1031
f 1027/1027/1027 1028/1028/1028 1033/1033/1033
f 1032/1032/1032 1027/1027/1027 1033/1033/1033
f 945/945/945 1035/1035/1035 1034/1034/1034
f 944/944/944 945/945/945 1034/1034/1034
f 945/945/945 949/949/949 1035/1035/1035
f 949/949/949 1036/1036/1036 1035/1035/1035
f 1037/1037/1037 1036/1036/1036 949/949/949
f 950/950/950 1037/1037/1037 949/949/949
f 1038/1038/1038 1037/1037/1037 950/950/950
f 952/952/952 1038/1038/1038 950/950/950
f 1038/1038/1038 952/952/952 955/955/955
f 1039/1039/1039 1038/1038/1038 955/955/955
f 1039/1039/1039 955/955/955 1040/1040/1040
f 955/955/955 956/956/956 1040/1040/1040
f 1040/1040/1040 956/956/956 958/958/958
f 1041/1041/1041 1040/1040/1040 958/958/958
f 1042/1042/1042 1041/1041/1041 958/958/958
f 961/961/961 1042/1042/1042 958/958/958
f 1036/1036/1036 1037/1037/1037 1043/1043/1043
f 1037/1037/1037 1038/1038/1038 1043/1043/1043
f 1044/1044/1044 1036/1036/1036 1043/1043/1043
f 1038/1038/1038 1045/1045/1045 1043/1043/1043
f 1038/1038/1038 1039/1039/1039 1046/1046/1046
f 1045/1045/1045 1038/1038/1038 1046/1046/1046
f 1039/1039/1039 1040/1040/1040 1047/1047/1047
f 1046/1046/1046 1039/1039/1039 1047/1047/1047
f 1047/1047/1047 1040/1040/1040 1041/1041/1041
f 1048/1048/1048 1041/1041/1041 1042/1042/1042
f 1049/1049/1049 1048/1048/1048 1042/1042/1042
f 1041/1041/1041 1048/1048/1048 1050/1050/1050
f 1041/1041/1041 1050/1050/1050 1047/1047/1047
f 1048/1048/1048 1051/1051/1051 1050/1050/1050
f 1047/1047/1047 1052/1052/1052 1046/1046/1046
f 1047/1047/1047 1050/1050/1050 1052/1052/1052
f 1050/1050/1050 1053/1053/1053 1052/1052/1052
f 1054/1054/1054 1053/1053/1053 1050/1050/1050
f 1051/1051/1051 1054/1054/1054 1050/1050/1050
f 1055/1055/1055 1044/1044/1044 1043/1043/1043
f 1044/1044/1044 1055/1055/1055 1056/1056/1056
f 1057/1057/1057 1044/1044/1044 1056/1056/1056
f 1057/1057/1057 1056/1056/1056 1058/1058/1058
f 1056/1056/1056 1059/1059/1059 1058/1058/1058
f 1056/1056/1056 1055/1055/1055 1060/1060/1060
f 1060/1060/1060 1055/1055/1055 1043/1043/1043
f 1061/1061/1061 1056/1056/1056 1060/1060/1060
f 1056/1056/1056 1061/1061/1061 1059/1059/1059
f 1061/1061/1061 1062/1062/1062 1059/1059/1059
f 1035/1035/1035 1057/1057/1057 1058/1058/1058
f 1057/1057/1057 1035/1035/1035 1044/1044/1044
f 1035/1035/1035 1036/1036/1036 1044/1044/1044
f 1063/1063/1063 1035/1035/1035 1058/1058/1058
f 1035/1035/1035 1063/1063/1063 1034/1034/1034
f 1063/1063/1063 1064/1064/1064 1034/1034/1034
f 1067/1067/1067 1066/1066/1066 1065/1065/1065
f 1068/1068/1068 1067/1067/1067 1065/1065/1065
f 1066/1066/1066 1069/1069/1069 1065/1065/1065
f 1069/1069/1069 1070/1070/1070 1065/1065/1065
f 1069/1069/1069 1071/1071/1071 1070/1070/1070
f 1071/1071/1071 1072/1072/1072 1070/1070/1070
f 1071/1071/1071 1073/1073/1073 1072/1072/1072
f 1076/1076/1076 1075/1075/1075 1074/1074/1074
f 1077/1077/1077 1076/1076/1076 1074/1074/1074
f 1078/1078/1078 1077/1077/1077 1074/1074/1074
f 1079/1079/1079 1078/1078/1078 1074/1074/1074
f 1080/1080/1080 1078/1078/1078 1079/1079/1079
f 1081/1081/1081 1080/1080/1080 1079/1079/1079
f 1082/1082/1082 1080/1080/1080 1081/1081/1081
f 1085/1085/1085 1084/1084/1084 1083/1083/1083
f 1086/1086/1086 1085/1085/1085 1083/1083/1083
f 1087/1087/1087 1086/1086/1086 1083/1083/1083
f 1088/1088/1088 1087/1087/1087 1083/1083/1083
f 1091/1091/1091 1090/1090/1090 1089/1089/1089
f 1094/1094/1094 1093/1093/1093 1092/1092/1092
f 1095/1095/1095 1094/1094/1094 1092/1092/1092
f 1093/1093/1093 1096/1096/1096 1092/1092/1092
f 1096/1096/1096 1097/1097/1097 1092/1092/1092
f 1100/1100/1100 1099/1099/1099 1098/1098/1098
f 1103/1103/1103 1102/1102/1102 1101/1101/1101
f 1104/1104/1104 1103/1103/1103 1101/1101/1101
f 1101/1101/1101 1102/1102/1102 1105/1105/1105
f 1106/1106/1106 1101/1101/1101 1105/1105/1105
f 1102/1102/1102 1107/1107/1107 1105/1105/1105
f 1107/1107/1107 1108/1108/1108 1105/1105/1105
f 1108/1108/1108 1107/1107/1107 1109/1109/1109
f 1110/1110/1110 1108/1108/1108 1109/1109/1109
f 1110/1110/1110 1109/1109/1109 1111/1111/1111
f 1112/1112/1112 1110/1110/1110 1111/1111/1111
f 1111/1111/1111 1113/1113/1113 1112/1112/1112
f 1106/1106/1106 1105/1105/1105 1114/1114/1114
f 1115/1115/1115 1114/1114/1114 1105/1105/1105
f 1116/1116/1116 1115/1115/1115 1105/1105/1105
f 1117/1117/1117 1115/1115/1115 1116/1116/1116
f 1118/1118/1118 1117/1117/1117 1116/1116/1116
f 1118/1118/1118 1119/1119/1119 1117/1117/1117
f 1122/1122/1122 1121/1121/1121 1120/1120/1120
f 1123/1123/1123 1122/1122/1122 1120/1120/1120
f 1123/1123/1123 1120/1120/1120 1124/1124/1124
f 1120/1120/1120 1125/1125/1125 1124/1124/1124
f 1126/1126/1126 1123/1123/1123 1124/1124/1124
f 1127/1127/1127 1126/1126/1126 1124/1124/1124
f 1126/1126/1126 1127/1127/1127 1128/1128/1128
f 1127/1127/1127 1129/1129/1129 1128/1128/1128
f 1128/1128/1128 1129/1129/1129 1130/1130/1130
f 1129/1129/1129 1131/1131/1131 1130/1130/1130
f 1132/1132/1132 1130/1130/1130 1131/1131/1131
f 1124/1124/1124 1125/1125/1125 1133/1133/1133
f 1133/1133/1133 1134/1134/1134 1124/1124/1124
f 1134/1134/1134 1135/1135/1135 1124/1124/1124
f 1135/1135/1135 1134/1134/1134 1136/1136/1136
f 1137/1137/1137 1135/1135/1135 1136/1136/1136
f 1138/1138/1138 1137/1137/1137 1136/1136/1136
f 1141/1141/1141 1140/1140/1140 1139/1139/1139
f 1142/1142/1142 1141/1141/1141 1139/1139/1139
f 1142/1142/1142 1139/1139/1139 1143/1143/1143
f 1144/1144/1144 1142/1142/1142 1143/1143/1143
f 1144/1144/1144 1143/1143/1143 1145/1145/1145
f 1146/1146/1146 1144/1144/1144 1145/1145/1145
f 1147/1147/1147 1140/1140/1140 1141/1141/1141
f 1148/1148/1148 1147/1147/1147 1141/1141/1141
f 1147/1147/1147 1149/1149/1149 1140/1140/1140
f 1149/1149/1149 1150/1150/1150 1140/1140/1140
f 1151/1151/1151 1147/1147/1147 1148/1148/1148
f 1152/1152/1152 1151/1151/1151 1148/1148/1148
f 1153/1153/1153 1151/1151/1151 1152/1152/1152
f 1153/1153/1153 1152/1152/1152 1154/1154/1154
f 1155/1155/1155 1154/1154/1154 1152/1152/1152
f 1156/1156/1156 1155/1155/1155 1152/1152/1152
f 1155/1155/1155 1156/1156/1156 1157/1157/1157
f 1157/1157/1157 1156/1156/1156 1158/1158/1158
f 1158/1158/1158 1156/1156/1156 1159/1159/1159
f 1159/1159/1159 1156/1156/1156 1160/1160/1160
f 1161/1161/1161 1159/1159/1159 1160/1160/1160
f 1161/1161/1161 1160/1160/1160 1162/1162/1162
f 1160/1160/1160 1163/1163/1163 1162/1162/1162
f 1149/1149/1149 1164/1164/1164 1150/1150/1150
f 1165/1165/1165 1164/1164/1164 1149/1149/1149
f 1151/1151/1151 1165/1165/1165 1147/1147/1147
f 1165/1165/1165 1149/1149/1149 1147/1147/1147
f 1166/1166/1166 1162/1162/1162 1163/1163/1163
f 1163/1163/1163 1167/1167/1167 1166/1166/1166
f 1163/1163/1163 1168/1168/1168 1167/1167/1167
f 1163/1163/1163 1169/1169/1169 1168/1168/1168
f 1169/1169/1169 1170/1170/1170 1168/1168/1168
f 1164/1164/1164 1172/1172/1172 1171/1171/1171
f 1172/1172/1172 1173/1173/1173 1171/1171/1171
f 1174/1174/1174 1171/1171/1171 1173/1173/1173
f 1175/1175/1175 1174/1174/1174 1173/1173/1173
f 1164/1164/1164 1171/1171/1171 1150/1150/1150
f 1174/1174/1174 1175/1175/1175 1176/1176/1176
f 1176/1176/1176 1150/1150/1150 1171/1171/1171
f 1174/1174/1174 1176/1176/1176 1171/1171/1171
f 1175/1175/1175 1177/1177/1177 1176/1176/1176
f 1175/1175/1175 1178/1178/1178 1177/1177/1177
f 1178/1178/1178 1179/1179/1179 1177/1177/1177
f 1139/1139/1139 1176/1176/1176 1177/1177/1177
f 1143/1143/1143 1139/1139/1139 1177/1177/1177
f 1143/1143/1143 1177/1177/1177 1179/1179/1179
f 1140/1140/1140 1150/1150/1150 1176/1176/1176
f 1139/1139/1139 1140/1140/1140 1176/1176/1176
f 1175/1175/1175 1173/1173/1173 1180/1180/1180
f 1178/1178/1178 1175/1175/1175 1180/1180/1180
f 1145/1145/1145 1143/1143/1143 1179/1179/1179
f 1183/1183/1183 1182/1182/1182 1181/1181/1181
f 1184/1184/1184 1183/1183/1183 1181/1181/1181
f 1185/1185/1185 1181/1181/1181 1182/1182/1182
f 1186/1186/1186 1185/1185/1185 1182/1182/1182
f 1185/1185/1185 1186/1186/1186 1187/1187/1187
f 1186/1186/1186 1188/1188/1188 1187/1187/1187
f 1182/1182/1182 1189/1189/1189 1186/1186/1186
f 1189/1189/1189 1190/1190/1190 1186/1186/1186
f 1190/1190/1190 1191/1191/1191 1186/1186/1186
f 1185/1185/1185 1187/1187/1187 1192/1192/1192
f 1192/1192/1192 1187/1187/1187 1193/1193/1193
f 1187/1187/1187 1194/1194/1194 1193/1193/1193
f 1192/1192/1192 1193/1193/1193 1195/1195/1195
f 1196/1196/1196 1192/1192/1192 1195/1195/1195
f 1197/1197/1197 1185/1185/1185 1192/1192/1192
f 1192/1192/1192 1196/1196/1196 1197/1197/1197
f 1198/1198/1198 1185/1185/1185 1197/1197/1197
f 1199/1199/1199 1198/1198/1198 1197/1197/1197
f 1197/1197/1197 1200/1200/1200 1199/1199/1199
f 1200/1200/1200 1201/1201/1201 1199/1199/1199
f 1201/1201/1201 1202/1202/1202 1199/1199/1199
f 1202/1202/1202 1201/1201/1201 1203/1203/1203
f 1204/1204/1204 1202/1202/1202 1203/1203/1203
f 1198/1198/1198 1199/1199/1199 1205/1205/1205
f 1202/1202/1202 1205/1205/1205 1199/1199/1199
f 1205/1205/1205 1202/1202/1202 1204/1204/1204
f 1206/1206/1206 1198/1198/1198 1205/1205/1205
f 1206/1206/1206 1205/1205/1205 1207/1207/1207
f 1205/1205/1205 1208/1208/1208 1207/1207/1207
f 1208/1208/1208 1205/1205/1205 1204/1204/1204
f 1196/1196/1196 1195/1195/1195 1209/1209/1209
f 1196/1196/1196 1209/1209/1209 1210/1210/1210
f 1210/1210/1210 1209/1209/1209 1211/1211/1211
f 1209/1209/1209 1212/1212/1212 1211/1211/1211
f 1198/1198/1198 1206/1206/1206 1213/1213/1213
f 1181/1181/1181 1198/1198/1198 1213/1213/1213
f 1213/1213/1213 1184/1184/1184 1181/1181/1181
f 1184/1184/1184 1213/1213/1213 1214/1214/1214
f 1213/1213/1213 1215/1215/1215 1214/1214/1214
f 1215/1215/1215 1213/1213/1213 1206/1206/1206
f 1207/1207/1207 1215/1215/1215 1206/1206/1206
f 1184/1184/1184 1214/1214/1214 1183/1183/1183
f 1204/1204/1204 1203/1203/1203 1216/1216/1216
f 1203/1203/1203 1217/1217/1217 1216/1216/1216
f 1216/1216/1216 1217/1217/1217 1218/1218/1218
f 1216/1216/1216 1218/1218/1218 1219/1219/1219
f 1220/1220/1220 1216/1216/1216 1219/1219/1219
f 1216/1216/1216 1220/1220/1220 1204/1204/1204
f 1217/1217/1217 1221/1221/1221 1218/1218/1218
f 1218/1218/1218 1221/1221/1221 1222/1222/1222
f 1221/1221/1221 1223/1223/1223 1222/1222/1222
f 1224/1224/1224 1219/1219/1219 1218/1218/1218
f 1222/1222/1222 1224/1224/1224 1218/1218/1218
f 1224/1224/1224 1222/1222/1222 1225/1225/1225
f 1222/1222/1222 1226/1226/1226 1225/1225/1225
f 1226/1226/1226 1222/1222/1222 1223/1223/1223
f 1220/1220/1220 1208/1208/1208 1204/1204/1204
f 1220/1220/1220 1219/1219/1219 1227/1227/1227
f 1228/1228/1228 1220/1220/1220 1227/1227/1227
f 1208/1208/1208 1220/1220/1220 1228/1228/1228
f 1227/1227/1227 1229/1229/1229 1228/1228/1228
f 1227/1227/1227 1230/1230/1230 1229/1229/1229
f 1230/1230/1230 1227/1227/1227 1219/1219/1219
f 1224/1224/1224 1230/1230/1230 1219/1219/1219
f 1224/1224/1224 1225/1225/1225 1230/1230/1230
f 1230/1230/1230 1231/1231/1231 1229/1229/1229
f 1229/1229/1229 1232/1232/1232 1228/1228/1228
f 1232/1232/1232 1229/1229/1229 1233/1233/1233
f 1229/1229/1229 1234/1234/1234 1233/1233/1233
f 1234/1234/1234 1229/1229/1229 1231/1231/1231
f 1235/1235/1235 1233/1233/1233 1234/1234/1234
f 1236/1236/1236 1235/1235/1235 1234/1234/1234
f 1234/1234/1234 1237/1237/1237 1236/1236/1236
f 1237/1237/1237 1234/1234/1234 1231/1231/1231
f 1231/1231/1231 1238/1238/1238 1237/1237/1237
f 1238/1238/1238 1239/1239/1239 1237/1237/1237
f 1240/1240/1240 1237/1237/1237 1239/1239/1239
f 1237/1237/1237 1240/1240/1240 1236/1236/1236
f 1241/1241/1241 1240/1240/1240 1239/1239/1239
f 1231/1231/1231 1230/1230/1230 1242/1242/1242
f 1238/1238/1238 1231/1231/1231 1242/1242/1242
f 1207/1207/1207 1228/1228/1228 1232/1232/1232
f 1215/1215/1215 1207/1207/1207 1232/1232/1232
f 1232/1232/1232 1233/1233/1233 1214/1214/1214
f 1215/1215/1215 1232/1232/1232 1214/1214/1214
f 1238/1238/1238 1243/1243/1243 1239/1239/1239
f 1243/1243/1243 1244/1244/1244 1239/1239/1239
f 1241/1241/1241 1239/1239/1239 1244/1244/1244
f 1243/1243/1243 1245/1245/1245 1244/1244/1244
f 1245/1245/1245 1246/1246/1246 1244/1244/1244
f 1247/1247/1247 1244/1244/1244 1246/1246/1246
f 1247/1247/1247 1241/1241/1241 1244/1244/1244
f 1248/1248/1248 1247/1247/1247 1246/1246/1246
f 1249/1249/1249 1245/1245/1245 1243/1243/1243
f 1250/1250/1250 1249/1249/1249 1243/1243/1243
f 1238/1238/1238 1242/1242/1242 1250/1250/1250
f 1243/1243/1243 1238/1238/1238 1250/1250/1250
f 1250/1250/1250 1251/1251/1251 1249/1249/1249
f 1251/1251/1251 1252/1252/1252 1249/1249/1249
f 1251/1251/1251 1253/1253/1253 1252/1252/1252
f 1253/1253/1253 1254/1254/1254 1252/1252/1252
f 1254/1254/1254 1253/1253/1253 1255/1255/1255
f 1256/1256/1256 1254/1254/1254 1255/1255/1255
f 1255/1255/1255 1253/1253/1253 1257/1257/1257
f 1253/1253/1253 1226/1226/1226 1257/1257/1257
f 1253/1253/1253 1251/1251/1251 1226/1226/1226
f 1251/1251/1251 1250/1250/1250 1225/1225/1225
f 1251/1251/1251 1225/1225/1225 1226/1226/1226
f 1250/1250/1250 1242/1242/1242 1225/1225/1225
f 1258/1258/1258 1255/1255/1255 1257/1257/1257
f 1255/1255/1255 1258/1258/1258 1256/1256/1256
f 1259/1259/1259 1258/1258/1258 1257/1257/1257
f 1260/1260/1260 1258/1258/1258 1259/1259/1259
f 1260/1260/1260 1261/1261/1261 1258/1258/1258
f 1261/1261/1261 1262/1262/1262 1258/1258/1258
f 1258/1258/1258 1262/1262/1262 1256/1256/1256
f 1263/1263/1263 1260/1260/1260 1259/1259/1259
f 1263/1263/1263 1259/1259/1259 1264/1264/1264
f 1259/1259/1259 1265/1265/1265 1264/1264/1264
f 1265/1265/1265 1266/1266/1266 1264/1264/1264
f 1266/1266/1266 1267/1267/1267 1264/1264/1264
f 1268/1268/1268 1267/1267/1267 1266/1266/1266
f 1267/1267/1267 1268/1268/1268 1269/1269/1269
f 1210/1210/1210 1267/1267/1267 1269/1269/1269
f 1269/1269/1269 1196/1196/1196 1210/1210/1210
f 1196/1196/1196 1269/1269/1269 1197/1197/1197
f 1270/1270/1270 1261/1261/1261 1260/1260/1260
f 1270/1270/1270 1260/1260/1260 1271/1271/1271
f 1260/1260/1260 1272/1272/1272 1271/1271/1271
f 1269/1269/1269 1268/1268/1268 1200/1200/1200
f 1197/1197/1197 1269/1269/1269 1200/1200/1200
f 1268/1268/1268 1266/1266/1266 1200/1200/1200
f 1266/1266/1266 1201/1201/1201 1200/1200/1200
f 1266/1266/1266 1203/1203/1203 1201/1201/1201
f 1266/1266/1266 1265/1265/1265 1203/1203/1203
f 1265/1265/1265 1217/1217/1217 1203/1203/1203
f 1265/1265/1265 1221/1221/1221 1217/1217/1217
f 1265/1265/1265 1259/1259/1259 1221/1221/1221
f 1259/1259/1259 1223/1223/1223 1221/1221/1221
f 1259/1259/1259 1257/1257/1257 1223/1223/1223
f 1257/1257/1257 1226/1226/1226 1223/1223/1223
f 1271/1271/1271 1273/1273/1273 1270/1270/1270
f 1271/1271/1271 1274/1274/1274 1273/1273/1273
f 1274/1274/1274 1275/1275/1275 1273/1273/1273
f 1275/1275/1275 1274/1274/1274 1276/1276/1276
f 1274/1274/1274 1277/1277/1277 1276/1276/1276
f 1276/1276/1276 1277/1277/1277 1278/1278/1278
f 1279/1279/1279 1276/1276/1276 1278/1278/1278
f 1279/1279/1279 1278/1278/1278 1280/1280/1280
f 1281/1281/1281 1279/1279/1279 1280/1280/1280
f 1282/1282/1282 1281/1281/1281 1280/1280/1280
f 1283/1283/1283 1282/1282/1282 1280/1280/1280
f 1284/1284/1284 1283/1283/1283 1280/1280/1280
f 1285/1285/1285 1284/1284/1284 1280/1280/1280
f 1280/1280/1280 1278/1278/1278 1285/1285/1285
f 1286/1286/1286 1284/1284/1284 1285/1285/1285
f 1287/1287/1287 1286/1286/1286 1285/1285/1285
f 1287/1287/1287 1285/1285/1285 1288/1288/1288
f 1285/1285/1285 1289/1289/1289 1288/1288/1288
f 1278/1278/1278 1289/1289/1289 1285/1285/1285
f 1290/1290/1290 1286/1286/1286 1287/1287/1287
f 1291/1291/1291 1290/1290/1290 1287/1287/1287
f 1286/1286/1286 1290/1290/1290 1292/1292/1292
f 1293/1293/1293 1286/1286/1286 1292/1292/1292
f 1284/1284/1284 1286/1286/1286 1293/1293/1293
f 1294/1294/1294 1284/1284/1284 1293/1293/1293
f 1283/1283/1283 1284/1284/1284 1294/1294/1294
f 1295/1295/1295 1283/1283/1283 1294/1294/1294
f 1296/1296/1296 1282/1282/1282 1283/1283/1283
f 1295/1295/1295 1296/1296/1296 1283/1283/1283
f 1287/1287/1287 1288/1288/1288 1297/1297/1297
f 1291/1291/1291 1287/1287/1287 1297/1297/1297
f 1298/1298/1298 1288/1288/1288 1289/1289/1289
f 1297/1297/1297 1288/1288/1288 1298/1298/1298
f 1299/1299/1299 1298/1298/1298 1289/1289/1289
f 1298/1298/1298 1299/1299/1299 1300/1300/1300
f 1299/1299/1299 1301/1301/1301 1300/1300/1300
f 1299/1299/1299 1277/1277/1277 1301/1301/1301
f 1278/1278/1278 1277/1277/1277 1299/1299/1299
f 1289/1289/1289 1278/1278/1278 1299/1299/1299
f 1302/1302/1302 1297/1297/1297 1298/1298/1298
f 1302/1302/1302 1298/1298/1298 1300/1300/1300
f 1195/1195/1195 1297/1297/1297 1302/1302/1302
f 1195/1195/1195 1302/1302/1302 1209/1209/1209
f 1297/1297/1297 1195/1195/1195 1193/1193/1193
f 1291/1291/1291 1297/1297/1297 1193/1193/1193
f 1291/1291/1291 1193/1193/1193 1194/1194/1194
f 1290/1290/1290 1291/1291/1291 1194/1194/1194
f 1290/1290/1290 1194/1194/1194 1303/1303/1303
f 1194/1194/1194 1187/1187/1187 1303/1303/1303
f 1187/1187/1187 1188/1188/1188 1303/1303/1303
f 1292/1292/1292 1290/1290/1290 1303/1303/1303
f 1302/1302/1302 1212/1212/1212 1209/1209/1209
f 1212/1212/1212 1302/1302/1302 1300/1300/1300
f 1304/1304/1304 1301/1301/1301 1277/1277/1277
f 1274/1274/1274 1304/1304/1304 1277/1277/1277
f 1274/1274/1274 1271/1271/1271 1304/1304/1304
f 1271/1271/1271 1272/1272/1272 1304/1304/1304
f 1272/1272/1272 1305/1305/1305 1304/1304/1304
f 1272/1272/1272 1260/1260/1260 1305/1305/1305
f 1260/1260/1260 1263/1263/1263 1305/1305/1305
f 1305/1305/1305 1263/1263/1263 1306/1306/1306
f 1263/1263/1263 1264/1264/1264 1306/1306/1306
f 1264/1264/1264 1267/1267/1267 1306/1306/1306
f 1267/1267/1267 1210/1210/1210 1306/1306/1306
f 1210/1210/1210 1211/1211/1211 1306/1306/1306
f 1306/1306/1306 1211/1211/1211 1305/1305/1305
f 1307/1307/1307 1211/1211/1211 1212/1212/1212
f 1211/1211/1211 1307/1307/1307 1305/1305/1305
f 1305/1305/1305 1307/1307/1307 1304/1304/1304
f 1301/1301/1301 1304/1304/1304 1307/1307/1307
f 1300/1300/1300 1301/1301/1301 1307/1307/1307
f 1300/1300/1300 1307/1307/1307 1212/1212/1212
f 1310/1310/1310 1309/1309/1309 1308/1308/1308
f 1310/1310/1310 1311/1311/1311 1309/1309/1309
f 1310/1310/1310 1312/1312/1312 1311/1311/1311
f 1312/1312/1312 1313/1313/1313 1311/1311/1311
f 1311/1311/1311 1313/1313/1313 1247/1247/1247
f 1311/1311/1311 1247/1247/1247 1248/1248/1248
f 1311/1311/1311 1248/1248/1248 1314/1314/1314
f 1311/1311/1311 1314/1314/1314 1309/1309/1309
f 1248/1248/1248 1315/1315/1315 1314/1314/1314
f 1315/1315/1315 1248/1248/1248 1246/1246/1246
f 1316/1316/1316 1315/1315/1315 1246/1246/1246
f 1317/1317/1317 1316/1316/1316 1246/1246/1246
f 1245/1245/1245 1317/1317/1317 1246/1246/1246
f 1317/1317/1317 1245/1245/1245 1249/1249/1249
f 1318/1318/1318 1317/1317/1317 1249/1249/1249
f 1249/1249/1249 1252/1252/1252 1318/1318/1318
f 1252/1252/1252 1319/1319/1319 1318/1318/1318
f 1252/1252/1252 1254/1254/1254 1319/1319/1319
f 1254/1254/1254 1320/1320/1320 1319/1319/1319
f 1254/1254/1254 1256/1256/1256 1320/1320/1320
f 1256/1256/1256 1321/1321/1321 1320/1320/1320
f 1321/1321/1321 1256/1256/1256 1262/1262/1262
f 1322/1322/1322 1321/1321/1321 1262/1262/1262
f 1322/1322/1322 1262/1262/1262 1323/1323/1323
f 1262/1262/1262 1261/1261/1261 1323/1323/1323
f 1323/1323/1323 1261/1261/1261 1324/1324/1324
f 1261/1261/1261 1270/1270/1270 1324/1324/1324
f 1273/1273/1273 1324/1324/1324 1270/1270/1270
f 1326/1326/1326 1325/1325/1325 1312/1312/1312
f 1313/1313/1313 1312/1312/1312 1325/1325/1325
f 1327/1327/1327 1313/1313/1313 1325/1325/1325
f 1241/1241/1241 1313/1313/1313 1327/1327/1327
f 1240/1240/1240 1241/1241/1241 1327/1327/1327
f 1313/1313/1313 1241/1241/1241 1247/1247/1247
f 1327/1327/1327 1328/1328/1328 1240/1240/1240
f 1328/1328/1328 1236/1236/1236 1240/1240/1240
f 1328/1328/1328 1329/1329/1329 1236/1236/1236
f 1330/1330/1330 1329/1329/1329 1328/1328/1328
f 1330/1330/1330 1328/1328/1328 1327/1327/1327
f 1325/1325/1325 1330/1330/1330 1327/1327/1327
f 1330/1330/1330 1325/1325/1325 1326/1326/1326
f 1329/1329/1329 1235/1235/1235 1236/1236/1236
f 1329/1329/1329 1331/1331/1331 1235/1235/1235
f 1331/1331/1331 1332/1332/1332 1235/1235/1235
f 1235/1235/1235 1332/1332/1332 1233/1233/1233
f 1332/1332/1332 1214/1214/1214 1233/1233/1233
f 1214/1214/1214 1332/1332/1332 1183/1183/1183
f 1331/1331/1331 1183/1183/1183 1332/1332/1332
f 1183/1183/1183 1331/1331/1331 1333/1333/1333
f 1335/1335/1335 1183/1183/1183 1334/1334/1334
f 1183/1183/1183 1335/1335/1335 1182/1182/1182
f 1335/1335/1335 1336/1336/1336 1182/1182/1182
f 1336/1336/1336 1337/1337/1337 1182/1182/1182
f 1337/1337/1337 1189/1189/1189 1182/1182/1182
f 1198/1198/1198 1181/1181/1181 1185/1185/1185
f 1186/1186/1186 1338/1338/1338 1188/1188/1188
f 1339/1339/1339 1338/1338/1338 1186/1186/1186
f 1339/1339/1339 1186/1186/1186 1340/1340/1340
f 1186/1186/1186 1191/1191/1191 1340/1340/1340
f 1207/1207/1207 1208/1208/1208 1228/1228/1228
f 1225/1225/1225 1242/1242/1242 1230/1230/1230
f 1343/1343/1343 1342/1342/1342 1341/1341/1341
f 1326/1326/1326 1312/1312/1312 1310/1310/1310
f 1308/1308/1308 1326/1326/1326 1310/1310/1310
f 1346/1346/1346 1345/1345/1345 1344/1344/1344
f 1347/1347/1347 1346/1346/1346 1344/1344/1344
f 1344/1344/1344 1345/1345/1345 1348/1348/1348
f 1345/1345/1345 1349/1349/1349 1348/1348/1348
f 1348/1348/1348 1349/1349/1349 1350/1350/1350
f 1349/1349/1349 1351/1351/1351 1350/1350/1350
f 1347/1347/1347 1352/1352/1352 1346/1346/1346
f 1352/1352/1352 1353/1353/1353 1346/1346/1346
f 1354/1354/1354 1352/1352/1352 1347/1347/1347
f 1355/1355/1355 1354/1354/1354 1347/1347/1347
f 1352/1352/1352 1356/1356/1356 1353/1353/1353
f 1356/1356/1356 1357/1357/1357 1353/1353/1353
f 1356/1356/1356 1358/1358/1358 1357/1357/1357
f 1357/1357/1357 1358/1358/1358 1359/1359/1359
f 1359/1359/1359 1360/1360/1360 1357/1357/1357
f 1360/1360/1360 1361/1361/1361 1357/1357/1357
f 1361/1361/1361 1360/1360/1360 1362/1362/1362
f 1361/1361/1361 1362/1362/1362 1363/1363/1363
f 1361/1361/1361 1363/1363/1363 1364/1364/1364
f 1361/1361/1361 1364/1364/1364 1365/1365/1365
f 1364/1364/1364 1366/1366/1366 1365/1365/1365
f 1365/1365/1365 1366/1366/1366 1367/1367/1367
f 1368/1368/1368 1365/1365/1365 1367/1367/1367
f 1369/1369/1369 1354/1354/1354 1355/1355/1355
f 1369/1369/1369 1370/1370/1370 1354/1354/1354
f 1370/1370/1370 1356/1356/1356 1352/1352/1352
f 1354/1354/1354 1370/1370/1370 1352/1352/1352
f 1367/1367/1367 1371/1371/1371 1368/1368/1368
f 1372/1372/1372 1368/1368/1368 1371/1371/1371
f 1373/1373/1373 1368/1368/1368 1372/1372/1372
f 1374/1374/1374 1368/1368/1368 1373/1373/1373
f 1375/1375/1375 1374/1374/1374 1373/1373/1373
f 1377/1377/1377 1369/1369/1369 1376/1376/1376
f 1378/1378/1378 1377/1377/1377 1376/1376/1376
f 1376/1376/1376 1379/1379/1379 1378/1378/1378
f 1379/1379/1379 1380/1380/1380 1378/1378/1378
f 1376/1376/1376 1369/1369/1369 1355/1355/1355
f 1380/1380/1380 1379/1379/1379 1381/1381/1381
f 1381/1381/1381 1379/1379/1379 1376/1376/1376
f 1355/1355/1355 1381/1381/1381 1376/1376/1376
f 1382/1382/1382 1380/1380/1380 1381/1381/1381
f 1383/1383/1383 1380/1380/1380 1382/1382/1382
f 1384/1384/1384 1383/1383/1383 1382/1382/1382
f 1381/1381/1381 1344/1344/1344 1382/1382/1382
f 1344/1344/1344 1348/1348/1348 1382/1382/1382
f 1382/1382/1382 1348/1348/1348 1384/1384/1384
f 1347/1347/1347 1344/1344/1344 1381/1381/1381
f 1355/1355/1355 1347/1347/1347 1381/1381/1381
f 1380/1380/1380 1383/1383/1383 1385/1385/1385
f 1378/1378/1378 1380/1380/1380 1385/1385/1385
f 1348/1348/1348 1350/1350/1350 1384/1384/1384
f 1388/1388/1388 1387/1387/1387 1386/1386/1386
f 1389/1389/1389 1388/1388/1388 1386/1386/1386
f 1386/1386/1386 1390/1390/1390 1389/1389/1389
f 1390/1390/1390 1391/1391/1391 1389/1389/1389
f 1391/1391/1391 1390/1390/1390 1392/1392/1392
f 1393/1393/1393 1391/1391/1391 1392/1392/1392
f 1394/1394/1394 1389/1389/1389 1391/1391/1391
f 1395/1395/1395 1394/1394/1394 1391/1391/1391
f 1396/1396/1396 1395/1395/1395 1391/1391/1391
f 1392/1392/1392 1390/1390/1390 1397/1397/1397
f 1392/1392/1392 1397/1397/1397 1398/1398/1398
f 1399/1399/1399 1392/1392/1392 1398/1398/1398
f 1398/1398/1398 1397/1397/1397 1400/1400/1400
f 1397/1397/1397 1401/1401/1401 1400/1400/1400
f 1390/1390/1390 1402/1402/1402 1397/1397/1397
f 1401/1401/1401 1397/1397/1397 1402/1402/1402
f 1390/1390/1390 1403/1403/1403 1402/1402/1402
f 1403/1403/1403 1404/1404/1404 1402/1402/1402
f 1405/1405/1405 1402/1402/1402 1404/1404/1404
f 1406/1406/1406 1405/1405/1405 1404/1404/1404
f 1407/1407/1407 1406/1406/1406 1404/1404/1404
f 1406/1406/1406 1407/1407/1407 1408/1408/1408
f 1407/1407/1407 1409/1409/1409 1408/1408/1408
f 1404/1404/1404 1403/1403/1403 1410/1410/1410
f 1410/1410/1410 1407/1407/1407 1404/1404/1404
f 1407/1407/1407 1410/1410/1410 1409/1409/1409
f 1403/1403/1403 1411/1411/1411 1410/1410/1410
f 1410/1410/1410 1411/1411/1411 1412/1412/1412
f 1413/1413/1413 1410/1410/1410 1412/1412/1412
f 1410/1410/1410 1413/1413/1413 1409/1409/1409
f 1400/1400/1400 1401/1401/1401 1414/1414/1414
f 1414/1414/1414 1401/1401/1401 1415/1415/1415
f 1414/1414/1414 1415/1415/1415 1416/1416/1416
f 1417/1417/1417 1414/1414/1414 1416/1416/1416
f 1411/1411/1411 1403/1403/1403 1418/1418/1418
f 1403/1403/1403 1386/1386/1386 1418/1418/1418
f 1386/1386/1386 1403/1403/1403 1390/1390/1390
f 1387/1387/1387 1418/1418/1418 1386/1386/1386
f 1418/1418/1418 1387/1387/1387 1419/1419/1419
f 1420/1420/1420 1418/1418/1418 1419/1419/1419
f 1420/1420/1420 1412/1412/1412 1411/1411/1411
f 1418/1418/1418 1420/1420/1420 1411/1411/1411
f 1419/1419/1419 1387/1387/1387 1388/1388/1388
f 1412/1412/1412 1420/1420/1420 1421/1421/1421
f 1421/1421/1421 1420/1420/1420 1419/1419/1419
f 1422/1422/1422 1412/1412/1412 1421/1421/1421
f 1413/1413/1413 1412/1412/1412 1422/1422/1422
f 1421/1421/1421 1423/1423/1423 1422/1422/1422
f 1423/1423/1423 1421/1421/1421 1424/1424/1424
f 1424/1424/1424 1421/1421/1421 1419/1419/1419
f 1425/1425/1425 1423/1423/1423 1424/1424/1424
f 1424/1424/1424 1426/1426/1426 1425/1425/1425
f 1426/1426/1426 1427/1427/1427 1425/1425/1425
f 1428/1428/1428 1425/1425/1425 1427/1427/1427
f 1429/1429/1429 1428/1428/1428 1427/1427/1427
f 1428/1428/1428 1429/1429/1429 1430/1430/1430
f 1430/1430/1430 1431/1431/1431 1428/1428/1428
f 1431/1431/1431 1432/1432/1432 1428/1428/1428
f 1425/1425/1425 1428/1428/1428 1432/1432/1432
f 1423/1423/1423 1425/1425/1425 1432/1432/1432
f 1429/1429/1429 1433/1433/1433 1430/1430/1430
f 1432/1432/1432 1434/1434/1434 1423/1423/1423
f 1434/1434/1434 1435/1435/1435 1423/1423/1423
f 1423/1423/1423 1435/1435/1435 1422/1422/1422
f 1432/1432/1432 1431/1431/1431 1436/1436/1436
f 1434/1434/1434 1432/1432/1432 1436/1436/1436
f 1437/1437/1437 1422/1422/1422 1435/1435/1435
f 1438/1438/1438 1437/1437/1437 1435/1435/1435
f 1435/1435/1435 1434/1434/1434 1438/1438/1438
f 1439/1439/1439 1437/1437/1437 1438/1438/1438
f 1440/1440/1440 1439/1439/1439 1438/1438/1438
f 1441/1441/1441 1439/1439/1439 1440/1440/1440
f 1442/1442/1442 1441/1441/1441 1440/1440/1440
f 1442/1442/1442 1440/1440/1440 1443/1443/1443
f 1444/1444/1444 1442/1442/1442 1443/1443/1443
f 1445/1445/1445 1443/1443/1443 1440/1440/1440
f 1438/1438/1438 1445/1445/1445 1440/1440/1440
f 1434/1434/1434 1445/1445/1445 1438/1438/1438
f 1443/1443/1443 1445/1445/1445 1446/1446/1446
f 1446/1446/1446 1445/1445/1445 1434/1434/1434
f 1436/1436/1436 1446/1446/1446 1434/1434/1434
f 1447/1447/1447 1443/1443/1443 1446/1446/1446
f 1443/1443/1443 1447/1447/1447 1444/1444/1444
f 1441/1441/1441 1408/1408/1408 1439/1439/1439
f 1408/1408/1408 1409/1409/1409 1439/1439/1439
f 1437/1437/1437 1439/1439/1439 1409/1409/1409
f 1413/1413/1413 1437/1437/1437 1409/1409/1409
f 1436/1436/1436 1448/1448/1448 1446/1446/1446
f 1448/1448/1448 1449/1449/1449 1446/1446/1446
f 1446/1446/1446 1449/1449/1449 1447/1447/1447
f 1449/1449/1449 1448/1448/1448 1450/1450/1450
f 1450/1450/1450 1448/1448/1448 1451/1451/1451
f 1452/1452/1452 1450/1450/1450 1451/1451/1451
f 1452/1452/1452 1451/1451/1451 1453/1453/1453
f 1454/1454/1454 1452/1452/1452 1453/1453/1453
f 1453/1453/1453 1455/1455/1455 1454/1454/1454
f 1455/1455/1455 1456/1456/1456 1454/1454/1454
f 1457/1457/1457 1449/1449/1449 1450/1450/1450
f 1458/1458/1458 1449/1449/1449 1457/1457/1457
f 1449/1449/1449 1458/1458/1458 1447/1447/1447
f 1447/1447/1447 1458/1458/1458 1459/1459/1459
f 1458/1458/1458 1460/1460/1460 1459/1459/1459
f 1458/1458/1458 1461/1461/1461 1460/1460/1460
f 1461/1461/1461 1458/1458/1458 1457/1457/1457
f 1461/1461/1461 1462/1462/1462 1460/1460/1460
f 1460/1460/1460 1463/1463/1463 1459/1459/1459
f 1463/1463/1463 1460/1460/1460 1462/1462/1462
f 1463/1463/1463 1464/1464/1464 1459/1459/1459
f 1463/1463/1463 1465/1465/1465 1464/1464/1464
f 1466/1466/1466 1465/1465/1465 1463/1463/1463
f 1467/1467/1467 1466/1466/1466 1463/1463/1463
f 1467/1467/1467 1463/1463/1463 1462/1462/1462
f 1465/1465/1465 1468/1468/1468 1464/1464/1464
f 1464/1464/1464 1468/1468/1468 1469/1469/1469
f 1470/1470/1470 1464/1464/1464 1469/1469/1469
f 1471/1471/1471 1470/1470/1470 1469/1469/1469
f 1472/1472/1472 1471/1471/1471 1469/1469/1469
f 1472/1472/1472 1473/1473/1473 1471/1471/1471
f 1473/1473/1473 1472/1472/1472 1474/1474/1474
f 1472/1472/1472 1415/1415/1415 1474/1474/1474
f 1401/1401/1401 1474/1474/1474 1415/1415/1415
f 1474/1474/1474 1401/1401/1401 1402/1402/1402
f 1466/1466/1466 1475/1475/1475 1465/1465/1465
f 1465/1465/1465 1475/1475/1475 1476/1476/1476
f 1477/1477/1477 1465/1465/1465 1476/1476/1476
f 1474/1474/1474 1402/1402/1402 1405/1405/1405
f 1473/1473/1473 1474/1474/1474 1405/1405/1405
f 1471/1471/1471 1473/1473/1473 1405/1405/1405
f 1406/1406/1406 1471/1471/1471 1405/1405/1405
f 1408/1408/1408 1471/1471/1471 1406/1406/1406
f 1470/1470/1470 1471/1471/1471 1408/1408/1408
f 1441/1441/1441 1470/1470/1470 1408/1408/1408
f 1442/1442/1442 1470/1470/1470 1441/1441/1441
f 1464/1464/1464 1470/1470/1470 1442/1442/1442
f 1444/1444/1444 1464/1464/1464 1442/1442/1442
f 1459/1459/1459 1464/1464/1464 1444/1444/1444
f 1447/1447/1447 1459/1459/1459 1444/1444/1444
f 1478/1478/1478 1476/1476/1476 1475/1475/1475
f 1479/1479/1479 1476/1476/1476 1478/1478/1478
f 1480/1480/1480 1479/1479/1479 1478/1478/1478
f 1479/1479/1479 1480/1480/1480 1481/1481/1481
f 1482/1482/1482 1479/1479/1479 1481/1481/1481
f 1482/1482/1482 1481/1481/1481 1483/1483/1483
f 1481/1481/1481 1484/1484/1484 1483/1483/1483
f 1483/1483/1483 1484/1484/1484 1485/1485/1485
f 1484/1484/1484 1486/1486/1486 1485/1485/1485
f 1486/1486/1486 1487/1487/1487 1485/1485/1485
f 1487/1487/1487 1488/1488/1488 1485/1485/1485
f 1488/1488/1488 1489/1489/1489 1485/1485/1485
f 1489/1489/1489 1490/1490/1490 1485/1485/1485
f 1483/1483/1483 1485/1485/1485 1490/1490/1490
f 1489/1489/1489 1491/1491/1491 1490/1490/1490
f 1491/1491/1491 1492/1492/1492 1490/1490/1490
f 1490/1490/1490 1492/1492/1492 1493/1493/1493
f 1494/1494/1494 1490/1490/1490 1493/1493/1493
f 1494/1494/1494 1483/1483/1483 1490/1490/1490
f 1491/1491/1491 1495/1495/1495 1492/1492/1492
f 1495/1495/1495 1496/1496/1496 1492/1492/1492
f 1495/1495/1495 1491/1491/1491 1497/1497/1497
f 1491/1491/1491 1498/1498/1498 1497/1497/1497
f 1491/1491/1491 1489/1489/1489 1498/1498/1498
f 1489/1489/1489 1499/1499/1499 1498/1498/1498
f 1489/1489/1489 1488/1488/1488 1499/1499/1499
f 1488/1488/1488 1500/1500/1500 1499/1499/1499
f 1501/1501/1501 1500/1500/1500 1488/1488/1488
f 1487/1487/1487 1501/1501/1501 1488/1488/1488
f 1492/1492/1492 1496/1496/1496 1502/1502/1502
f 1493/1493/1493 1492/1492/1492 1502/1502/1502
f 1493/1493/1493 1503/1503/1503 1494/1494/1494
f 1493/1493/1493 1502/1502/1502 1503/1503/1503
f 1503/1503/1503 1504/1504/1504 1494/1494/1494
f 1504/1504/1504 1503/1503/1503 1505/1505/1505
f 1506/1506/1506 1504/1504/1504 1505/1505/1505
f 1482/1482/1482 1504/1504/1504 1506/1506/1506
f 1483/1483/1483 1494/1494/1494 1504/1504/1504
f 1482/1482/1482 1483/1483/1483 1504/1504/1504
f 1502/1502/1502 1507/1507/1507 1503/1503/1503
f 1503/1503/1503 1507/1507/1507 1505/1505/1505
f 1502/1502/1502 1400/1400/1400 1507/1507/1507
f 1507/1507/1507 1400/1400/1400 1414/1414/1414
f 1502/1502/1502 1496/1496/1496 1398/1398/1398
f 1400/1400/1400 1502/1502/1502 1398/1398/1398
f 1398/1398/1398 1496/1496/1496 1399/1399/1399
f 1496/1496/1496 1495/1495/1495 1399/1399/1399
f 1399/1399/1399 1495/1495/1495 1508/1508/1508
f 1392/1392/1392 1399/1399/1399 1508/1508/1508
f 1393/1393/1393 1392/1392/1392 1508/1508/1508
f 1495/1495/1495 1497/1497/1497 1508/1508/1508
f 1417/1417/1417 1507/1507/1507 1414/1414/1414
f 1507/1507/1507 1417/1417/1417 1505/1505/1505
f 1506/1506/1506 1509/1509/1509 1482/1482/1482
f 1509/1509/1509 1479/1479/1479 1482/1482/1482
f 1476/1476/1476 1479/1479/1479 1509/1509/1509
f 1477/1477/1477 1476/1476/1476 1509/1509/1509
f 1510/1510/1510 1477/1477/1477 1509/1509/1509
f 1465/1465/1465 1477/1477/1477 1510/1510/1510
f 1468/1468/1468 1465/1465/1465 1510/1510/1510
f 1468/1468/1468 1510/1510/1510 1511/1511/1511
f 1469/1469/1469 1468/1468/1468 1511/1511/1511
f 1472/1472/1472 1469/1469/1469 1511/1511/1511
f 1415/1415/1415 1472/1472/1472 1511/1511/1511
f 1416/1416/1416 1415/1415/1415 1511/1511/1511
f 1416/1416/1416 1511/1511/1511 1510/1510/1510
f 1416/1416/1416 1512/1512/1512 1417/1417/1417
f 1512/1512/1512 1416/1416/1416 1510/1510/1510
f 1512/1512/1512 1510/1510/1510 1509/1509/1509
f 1509/1509/1509 1506/1506/1506 1512/1512/1512
f 1506/1506/1506 1505/1505/1505 1512/1512/1512
f 1512/1512/1512 1505/1505/1505 1417/1417/1417
f 1515/1515/1515 1514/1514/1514 1513/1513/1513
f 1516/1516/1516 1514/1514/1514 1515/1515/1515
f 1517/1517/1517 1514/1514/1514 1516/1516/1516
f 1518/1518/1518 1517/1517/1517 1516/1516/1516
f 1518/1518/1518 1516/1516/1516 1455/1455/1455
f 1455/1455/1455 1516/1516/1516 1456/1456/1456
f 1456/1456/1456 1516/1516/1516 1519/1519/1519
f 1519/1519/1519 1516/1516/1516 1515/1515/1515
f 1520/1520/1520 1456/1456/1456 1519/1519/1519
f 1456/1456/1456 1520/1520/1520 1454/1454/1454
f 1520/1520/1520 1521/1521/1521 1454/1454/1454
f 1521/1521/1521 1522/1522/1522 1454/1454/1454
f 1522/1522/1522 1452/1452/1452 1454/1454/1454
f 1452/1452/1452 1522/1522/1522 1450/1450/1450
f 1522/1522/1522 1523/1523/1523 1450/1450/1450
f 1457/1457/1457 1450/1450/1450 1523/1523/1523
f 1524/1524/1524 1457/1457/1457 1523/1523/1523
f 1461/1461/1461 1457/1457/1457 1524/1524/1524
f 1525/1525/1525 1461/1461/1461 1524/1524/1524
f 1462/1462/1462 1461/1461/1461 1525/1525/1525
f 1526/1526/1526 1462/1462/1462 1525/1525/1525
f 1462/1462/1462 1526/1526/1526 1467/1467/1467
f 1526/1526/1526 1527/1527/1527 1467/1467/1467
f 1467/1467/1467 1527/1527/1527 1528/1528/1528
f 1466/1466/1466 1467/1467/1467 1528/1528/1528
f 1466/1466/1466 1528/1528/1528 1529/1529/1529
f 1475/1475/1475 1466/1466/1466 1529/1529/1529
f 1529/1529/1529 1478/1478/1478 1475/1475/1475
f 1531/1531/1531 1530/1530/1530 1517/1517/1517
f 1517/1517/1517 1518/1518/1518 1531/1531/1531
f 1518/1518/1518 1532/1532/1532 1531/1531/1531
f 1518/1518/1518 1433/1433/1433 1532/1532/1532
f 1433/1433/1433 1429/1429/1429 1532/1532/1532
f 1433/1433/1433 1518/1518/1518 1455/1455/1455
f 1433/1433/1433 1455/1455/1455 1453/1453/1453
f 1430/1430/1430 1433/1433/1433 1453/1453/1453
f 1453/1453/1453 1451/1451/1451 1430/1430/1430
f 1451/1451/1451 1431/1431/1431 1430/1430/1430
f 1431/1431/1431 1451/1451/1451 1448/1448/1448
f 1436/1436/1436 1431/1431/1431 1448/1448/1448
f 1533/1533/1533 1532/1532/1532 1429/1429/1429
f 1427/1427/1427 1533/1533/1533 1429/1429/1429
f 1534/1534/1534 1533/1533/1533 1427/1427/1427
f 1534/1534/1534 1535/1535/1535 1533/1533/1533
f 1535/1535/1535 1531/1531/1531 1532/1532/1532
f 1533/1533/1533 1535/1535/1535 1532/1532/1532
f 1426/1426/1426 1534/1534/1534 1427/1427/1427
f 1536/1536/1536 1534/1534/1534 1426/1426/1426
f 1537/1537/1537 1536/1536/1536 1426/1426/1426
f 1537/1537/1537 1426/1426/1426 1424/1424/1424
f 1419/1419/1419 1537/1537/1537 1424/1424/1424
f 1537/1537/1537 1419/1419/1419 1388/1388/1388
f 1388/1388/1388 1536/1536/1536 1537/1537/1537
f 1536/1536/1536 1388/1388/1388 1538/1538/1538
f 1388/1388/1388 1540/1540/1540 1539/1539/1539
f 1540/1540/1540 1388/1388/1388 1389/1389/1389
f 1541/1541/1541 1540/1540/1540 1389/1389/1389
f 1542/1542/1542 1541/1541/1541 1389/1389/1389
f 1394/1394/1394 1542/1542/1542 1389/1389/1389
f 1531/1531/1531 1535/1535/1535 1530/1530/1530
f 1530/1530/1530 1513/1513/1513 1514/1514/1514
f 1517/1517/1517 1530/1530/1530 1514/1514/1514
f 1543/1543/1543 1391/1391/1391 1393/1393/1393
f 1543/1543/1543 1544/1544/1544 1391/1391/1391
f 1391/1391/1391 1544/1544/1544 1545/1545/1545
f 1396/1396/1396 1391/1391/1391 1545/1545/1545
f 1437/1437/1437 1413/1413/1413 1422/1422/1422
f 1548/1548/1548 1547/1547/1547 1546/1546/1546
f 1551/1551/1551 1550/1550/1550 1549/1549/1549
f 1551/1551/1551 1549/1549/1549 1552/1552/1552
f 1553/1553/1553 1551/1551/1551 1552/1552/1552
f 1554/1554/1554 1551/1551/1551 1553/1553/1553
f 1554/1554/1554 1555/1555/1555 1551/1551/1551
f 1555/1555/1555 1556/1556/1556 1551/1551/1551
f 1556/1556/1556 1550/1550/1550 1551/1551/1551
f 1556/1556/1556 1557/1557/1557 1550/1550/1550
f 1557/1557/1557 1558/1558/1558 1550/1550/1550
f 1559/1559/1559 1554/1554/1554 1553/1553/1553
f 1560/1560/1560 1557/1557/1557 1556/1556/1556
f 1555/1555/1555 1560/1560/1560 1556/1556/1556
f 1563/1563/1563 1562/1562/1562 1561/1561/1561
f 1564/1564/1564 1563/1563/1563 1561/1561/1561
f 1565/1565/1565 1562/1562/1562 1563/1563/1563
f 1566/1566/1566 1565/1565/1565 1563/1563/1563
f 1567/1567/1567 1565/1565/1565 1566/1566/1566
f 1568/1568/1568 1567/1567/1567 1566/1566/1566
f 1567/1567/1567 1568/1568/1568 1569/1569/1569
f 1570/1570/1570 1567/1567/1567 1569/1569/1569
f 1573/1573/1573 1572/1572/1572 1571/1571/1571
f 1574/1574/1574 1573/1573/1573 1571/1571/1571
f 1575/1575/1575 1573/1573/1573 1574/1574/1574
f 1572/1572/1572 1576/1576/1576 1571/1571/1571
f 1571/1571/1571 1576/1576/1576 1577/1577/1577
f 1577/1577/1577 1576/1576/1576 1578/1578/1578
f 1578/1578/1578 1579/1579/1579 1577/1577/1577
f 1579/1579/1579 1580/1580/1580 1577/1577/1577
f 1579/1579/1579 1578/1578/1578 1581/1581/1581
f 1582/1582/1582 1575/1575/1575 1574/1574/1574
f 1583/1583/1583 1582/1582/1582 1574/1574/1574
f 1584/1584/1584 1582/1582/1582 1583/1583/1583
f 1585/1585/1585 1584/1584/1584 1583/1583/1583
f 1586/1586/1586 1585/1585/1585 1583/1583/1583
f 1586/1586/1586 1587/1587/1587 1585/1585/1585
f 1587/1587/1587 1588/1588/1588 1585/1585/1585
f 1589/1589/1589 1588/1588/1588 1587/1587/1587
f 1590/1590/1590 1589/1589/1589 1587/1587/1587
f 1591/1591/1591 1589/1589/1589 1590/1590/1590
f 1592/1592/1592 1591/1591/1591 1590/1590/1590
f 1593/1593/1593 1591/1591/1591 1592/1592/1592
f 1594/1594/1594 1593/1593/1593 1592/1592/1592
f 1597/1597/1597 1596/1596/1596 1595/1595/1595
f 1596/1596/1596 1597/1597/1597 1598/1598/1598
f 1598/1598/1598 1597/1597/1597 1599/1599/1599
f 1597/1597/1597 1595/1595/1595 1599/1599/1599
f 1600/1600/1600 1598/1598/1598 1599/1599/1599
f 1599/1599/1599 1601/1601/1601 1600/1600/1600
f 1602/1602/1602 1596/1596/1596 1598/1598/1598
f 1596/1596/1596 1602/1602/1602 1603/1603/1603
f 1602/1602/1602 1604/1604/1604 1603/1603/1603
f 1605/1605/1605 1603/1603/1603 1604/1604/1604
f 1606/1606/1606 1605/1605/1605 1604/1604/1604
f 1595/1595/1595 1607/1607/1607 1599/1599/1599
f 1607/1607/1607 1595/1595/1595 1608/1608/1608
f 1607/1607/1607 1608/1608/1608 1609/1609/1609
f 1595/1595/1595 1610/1610/1610 1608/1608/1608
f 1611/1611/1611 1610/1610/1610 1595/1595/1595
f 1607/1607/1607 1609/1609/1609 1612/1612/1612
f 1599/1599/1599 1607/1607/1607 1612/1612/1612
f 1599/1599/1599 1612/1612/1612 1601/1601/1601
f 1609/1609/1609 1613/1613/1613 1612/1612/1612
f 1613/1613/1613 1614/1614/1614 1612/1612/1612
f 1613/1613/1613 1615/1615/1615 1614/1614/1614
f 1616/1616/1616 1614/1614/1614 1615/1615/1615
f 1617/1617/1617 1616/1616/1616 1615/1615/1615
f 1613/1613/1613 1618/1618/1618 1615/1615/1615
f 1618/1618/1618 1619/1619/1619 1615/1615/1615
f 1620/1620/1620 1619/1619/1619 1618/1618/1618
f 1621/1621/1621 1620/1620/1620 1618/1618/1618
f 1622/1622/1622 1619/1619/1619 1620/1620/1620
f 1616/1616/1616 1623/1623/1623 1614/1614/1614
f 1614/1614/1614 1623/1623/1623 1612/1612/1612
f 1612/1612/1612 1623/1623/1623 1624/1624/1624
f 1612/1612/1612 1624/1624/1624 1601/1601/1601
f 1596/1596/1596 1611/1611/1611 1595/1595/1595
f 1625/1625/1625 1611/1611/1611 1596/1596/1596
f 1603/1603/1603 1625/1625/1625 1596/1596/1596
f 1626/1626/1626 1625/1625/1625 1603/1603/1603
f 1605/1605/1605 1626/1626/1626 1603/1603/1603
f 1629/1629/1629 1628/1628/1628 1627/1627/1627
f 1630/1630/1630 1629/1629/1629 1627/1627/1627
f 1631/1631/1631 1630/1630/1630 1627/1627/1627
f 1632/1632/1632 1631/1631/1631 1627/1627/1627
f 1633/1633/1633 1631/1631/1631 1632/1632/1632
f 1634/1634/1634 1633/1633/1633 1632/1632/1632
f 1631/1631/1631 1633/1633/1633 1635/1635/1635
f 1633/1633/1633 1636/1636/1636 1635/1635/1635
f 1636/1636/1636 1637/1637/1637 1635/1635/1635
f 1638/1638/1638 1631/1631/1631 1635/1635/1635
f 1630/1630/1630 1631/1631/1631 1638/1638/1638
f 1639/1639/1639 1630/1630/1630 1638/1638/1638
f 1640/1640/1640 1639/1639/1639 1638/1638/1638
f 1639/1639/1639 1640/1640/1640 1641/1641/1641
f 1641/1641/1641 1642/1642/1642 1639/1639/1639
f 1642/1642/1642 1641/1641/1641 1643/1643/1643
f 1644/1644/1644 1642/1642/1642 1643/1643/1643
f 1643/1643/1643 1641/1641/1641 1645/1645/1645
f 1641/1641/1641 1646/1646/1646 1645/1645/1645
f 1640/1640/1640 1646/1646/1646 1641/1641/1641
f 1642/1642/1642 1647/1647/1647 1639/1639/1639
f 1648/1648/1648 1642/1642/1642 1644/1644/1644
f 1633/1633/1633 1634/1634/1634 1649/1649/1649
f 1636/1636/1636 1633/1633/1633 1649/1649/1649
f 1635/1635/1635 1650/1650/1650 1638/1638/1638
f 1650/1650/1650 1651/1651/1651 1638/1638/1638
f 1638/1638/1638 1651/1651/1651 1640/1640/1640
f 1643/1643/1643 1645/1645/1645 1652/1652/1652
f 1643/1643/1643 1652/1652/1652 1653/1653/1653
f 1654/1654/1654 1652/1652/1652 1645/1645/1645
f 1655/1655/1655 1650/1650/1650 1635/1635/1635
f 1637/1637/1637 1655/1655/1655 1635/1635/1635
f 1643/1643/1643 1653/1653/1653 1656/1656/1656
f 1644/1644/1644 1643/1643/1643 1656/1656/1656
f 1651/1651/1651 1650/1650/1650 1657/1657/1657
f 1658/1658/1658 1651/1651/1651 1657/1657/1657
f 1651/1651/1651 1658/1658/1658 1640/1640/1640
f 1650/1650/1650 1655/1655/1655 1659/1659/1659
f 1657/1657/1657 1650/1650/1650 1659/1659/1659
f 1652/1652/1652 1654/1654/1654 1660/1660/1660
f 1660/1660/1660 1654/1654/1654 1661/1661/1661
f 1654/1654/1654 1662/1662/1662 1661/1661/1661
f 1660/1660/1660 1661/1661/1661 1663/1663/1663
f 1664/1664/1664 1660/1660/1660 1663/1663/1663
f 1665/1665/1665 1660/1660/1660 1664/1664/1664
f 1666/1666/1666 1665/1665/1665 1664/1664/1664
f 1666/1666/1666 1667/1667/1667 1665/1665/1665
f 1665/1665/1665 1652/1652/1652 1660/1660/1660
f 1662/1662/1662 1654/1654/1654 1645/1645/1645
f 1670/1670/1670 1669/1669/1669 1668/1668/1668
f 1669/1669/1669 1671/1671/1671 1668/1668/1668
f 1669/1669/1669 1672/1672/1672 1671/1671/1671
f 1673/1673/1673 1672/1672/1672 1669/1669/1669
f 1674/1674/1674 1673/1673/1673 1669/1669/1669
f 1674/1674/1674 1675/1675/1675 1673/1673/1673
f 1674/1674/1674 1676/1676/1676 1675/1675/1675
f 1677/1677/1677 1676/1676/1676 1674/1674/1674
f 1629/1629/1629 1679/1679/1679 1678/1678/1678
f 1629/1629/1629 1647/1647/1647 1679/1679/1679
f 1628/1628/1628 1629/1629/1629 1678/1678/1678
f 1680/1680/1680 1628/1628/1628 1678/1678/1678
f 1679/1679/1679 1647/1647/1647 1642/1642/1642
f 1681/1681/1681 1679/1679/1679 1642/1642/1642
f 1681/1681/1681 1642/1642/1642 1648/1648/1648
f 1630/1630/1630 1647/1647/1647 1629/1629/1629
f 1639/1639/1639 1647/1647/1647 1630/1630/1630
f 1684/1684/1684 1683/1683/1683 1682/1682/1682
f 1685/1685/1685 1684/1684/1684 1682/1682/1682
f 1685/1685/1685 1686/1686/1686 1684/1684/1684
f 1684/1684/1684 1686/1686/1686 1687/1687/1687
f 1688/1688/1688 1684/1684/1684 1687/1687/1687
f 1684/1684/1684 1688/1688/1688 1689/1689/1689
f 1689/1689/1689 1688/1688/1688 1690/1690/1690
f 1688/1688/1688 1691/1691/1691 1690/1690/1690
f 1692/1692/1692 1684/1684/1684 1689/1689/1689
f 1692/1692/1692 1683/1683/1683 1684/1684/1684
f 1691/1691/1691 1693/1693/1693 1690/1690/1690
f 1693/1693/1693 1694/1694/1694 1690/1690/1690
f 1693/1693/1693 1695/1695/1695 1694/1694/1694
f 1696/1696/1696 1694/1694/1694 1695/1695/1695
f 1682/1682/1682 1697/1697/1697 1685/1685/1685
f 1685/1685/1685 1697/1697/1697 1698/1698/1698
f 1698/1698/1698 1697/1697/1697 1699/1699/1699
f 1702/1702/1702 1701/1701/1701 1700/1700/1700
f 1700/1700/1700 1701/1701/1701 1703/1703/1703
f 1704/1704/1704 1702/1702/1702 1700/1700/1700
f 1702/1702/1702 1704/1704/1704 1705/1705/1705
f 1706/1706/1706 1702/1702/1702 1705/1705/1705
f 1707/1707/1707 1706/1706/1706 1705/1705/1705
f 1708/1708/1708 1706/1706/1706 1707/1707/1707
f 1709/1709/1709 1708/1708/1708 1707/1707/1707
f 1709/1709/1709 1710/1710/1710 1708/1708/1708
f 1710/1710/1710 1711/1711/1711 1708/1708/1708
f 1711/1711/1711 1710/1710/1710 1712/1712/1712
f 1713/1713/1713 1711/1711/1711 1712/1712/1712
f 1713/1713/1713 1712/1712/1712 1714/1714/1714
f 1714/1714/1714 1712/1712/1712 1715/1715/1715
f 1716/1716/1716 1714/1714/1714 1715/1715/1715
f 1712/1712/1712 1717/1717/1717 1715/1715/1715
f 1649/1649/1649 1634/1634/1634 1718/1718/1718
f 1721/1721/1721 1720/1720/1720 1719/1719/1719
f 1722/1722/1722 1721/1721/1721 1719/1719/1719
f 1723/1723/1723 1721/1721/1721 1722/1722/1722
f 1724/1724/1724 1723/1723/1723 1722/1722/1722
f 1724/1724/1724 1722/1722/1722 1725/1725/1725
f 1726/1726/1726 1724/1724/1724 1725/1725/1725
f 1726/1726/1726 1727/1727/1727 1724/1724/1724
f 1727/1727/1727 1728/1728/1728 1724/1724/1724
f 1724/1724/1724 1728/1728/1728 1723/1723/1723
f 1729/1729/1729 1728/1728/1728 1727/1727/1727
f 1730/1730/1730 1729/1729/1729 1727/1727/1727
f 1726/1726/1726 1725/1725/1725 1731/1731/1731
f 1732/1732/1732 1726/1726/1726 1731/1731/1731
f 1727/1727/1727 1726/1726/1726 1732/1732/1732
f 1733/1733/1733 1730/1730/1730 1727/1727/1727
f 1734/1734/1734 1730/1730/1730 1733/1733/1733
f 1735/1735/1735 1734/1734/1734 1733/1733/1733
f 1736/1736/1736 1733/1733/1733 1727/1727/1727
f 1736/1736/1736 1727/1727/1727 1732/1732/1732
f 1730/1730/1730 1734/1734/1734 1737/1737/1737
f 1729/1729/1729 1730/1730/1730 1737/1737/1737
f 1729/1729/1729 1738/1738/1738 1728/1728/1728
f 1738/1738/1738 1739/1739/1739 1728/1728/1728
f 1728/1728/1728 1739/1739/1739 1723/1723/1723
f 1740/1740/1740 1731/1731/1731 1725/1725/1725
f 1729/1729/1729 1737/1737/1737 1741/1741/1741
f 1738/1738/1738 1729/1729/1729 1741/1741/1741
f 1739/1739/1739 1742/1742/1742 1723/1723/1723
f 1742/1742/1742 1743/1743/1743 1723/1723/1723
f 1744/1744/1744 1742/1742/1742 1739/1739/1739
f 1738/1738/1738 1744/1744/1744 1739/1739/1739
f 1738/1738/1738 1741/1741/1741 1744/1744/1744
f 1723/1723/1723 1743/1743/1743 1745/1745/1745
f 1721/1721/1721 1723/1723/1723 1745/1745/1745
f 1745/1745/1745 1720/1720/1720 1721/1721/1721
f 1740/1740/1740 1725/1725/1725 1746/1746/1746
f 1746/1746/1746 1725/1725/1725 1722/1722/1722
f 1719/1719/1719 1746/1746/1746 1722/1722/1722
f 1747/1747/1747 1746/1746/1746 1719/1719/1719
f 1748/1748/1748 1746/1746/1746 1747/1747/1747
f 1749/1749/1749 1746/1746/1746 1748/1748/1748
f 1750/1750/1750 1747/1747/1747 1719/1719/1719
f 1719/1719/1719 1720/1720/1720 1750/1750/1750
f 1740/1740/1740 1746/1746/1746 1751/1751/1751
f 1751/1751/1751 1746/1746/1746 1749/1749/1749
f 1720/1720/1720 1752/1752/1752 1750/1750/1750
f 1755/1755/1755 1754/1754/1754 1753/1753/1753
f 1756/1756/1756 1754/1754/1754 1755/1755/1755
f 1757/1757/1757 1756/1756/1756 1755/1755/1755
f 1758/1758/1758 1757/1757/1757 1755/1755/1755
f 1753/1753/1753 1754/1754/1754 1759/1759/1759
f 1754/1754/1754 1760/1760/1760 1759/1759/1759
f 1761/1761/1761 1760/1760/1760 1754/1754/1754
f 1756/1756/1756 1761/1761/1761 1754/1754/1754
f 1762/1762/1762 1757/1757/1757 1758/1758/1758
f 1757/1757/1757 1762/1762/1762 1763/1763/1763
f 1766/1766/1766 1765/1765/1765 1764/1764/1764
f 1767/1767/1767 1766/1766/1766 1764/1764/1764
f 1768/1768/1768 1764/1764/1764 1765/1765/1765
f 1769/1769/1769 1768/1768/1768 1765/1765/1765
f 1769/1769/1769 1770/1770/1770 1768/1768/1768
f 1770/1770/1770 1771/1771/1771 1768/1768/1768
f 1770/1770/1770 1772/1772/1772 1771/1771/1771
f 1772/1772/1772 1773/1773/1773 1771/1771/1771
f 1774/1774/1774 1766/1766/1766 1767/1767/1767
f 1775/1775/1775 1774/1774/1774 1767/1767/1767
f 1774/1774/1774 1775/1775/1775 1776/1776/1776
f 1777/1777/1777 1774/1774/1774 1776/1776/1776
f 1776/1776/1776 1778/1778/1778 1777/1777/1777
f 1778/1778/1778 1779/1779/1779 1777/1777/1777
f 1782/1782/1782 1781/1781/1781 1780/1780/1780
f 1783/1783/1783 1781/1781/1781 1782/1782/1782
f 1784/1784/1784 1781/1781/1781 1783/1783/1783
f 1785/1785/1785 1781/1781/1781 1784/1784/1784
f 1786/1786/1786 1781/1781/1781 1785/1785/1785
f 1787/1787/1787 1781/1781/1781 1786/1786/1786
f 1788/1788/1788 1781/1781/1781 1787/1787/1787
f 1789/1789/1789 1781/1781/1781 1788/1788/1788
f 1790/1790/1790 1781/1781/1781 1789/1789/1789
f 1793/1793/1793 1792/1792/1792 1791/1791/1791
f 1794/1794/1794 1793/1793/1793 1791/1791/1791
f 1795/1795/1795 1791/1791/1791 1792/1792/1792
f 1791/1791/1791 1796/1796/1796 1794/1794/1794
f 1796/1796/1796 1797/1797/1797 1794/1794/1794
f 1798/1798/1798 1796/1796/1796 1791/1791/1791
f 1795/1795/1795 1798/1798/1798 1791/1791/1791
f 1798/1798/1798 1795/1795/1795 1799/1799/1799
f 1795/1795/1795 1800/1800/1800 1799/1799/1799
f 1801/1801/1801 1799/1799/1799 1800/1800/1800
f 1802/1802/1802 1801/1801/1801 1800/1800/1800
f 1797/1797/1797 1796/1796/1796 1803/1803/1803
f 1804/1804/1804 1797/1797/1797 1803/1803/1803
f 1804/1804/1804 1803/1803/1803 1805/1805/1805
f 1806/1806/1806 1804/1804/1804 1805/1805/1805
f 1805/1805/1805 1803/1803/1803 1807/1807/1807
f 1803/1803/1803 1808/1808/1808 1807/1807/1807
f 1796/1796/1796 1798/1798/1798 1808/1808/1808
f 1803/1803/1803 1796/1796/1796 1808/1808/1808
f 1808/1808/1808 1798/1798/1798 1799/1799/1799
f 1807/1807/1807 1808/1808/1808 1809/1809/1809
f 1808/1808/1808 1810/1810/1810 1809/1809/1809
f 1810/1810/1810 1808/1808/1808 1799/1799/1799
f 1809/1809/1809 1810/1810/1810 1811/1811/1811
f 1799/1799/1799 1801/1801/1801 1811/1811/1811
f 1810/1810/1810 1799/1799/1799 1811/1811/1811
f 1812/1812/1812 1809/1809/1809 1811/1811/1811
f 1812/1812/1812 1811/1811/1811 1813/1813/1813
f 1811/1811/1811 1801/1801/1801 1813/1813/1813
f 1814/1814/1814 1812/1812/1812 1813/1813/1813
f 1814/1814/1814 1813/1813/1813 1815/1815/1815
f 1816/1816/1816 1814/1814/1814 1815/1815/1815
f 1816/1816/1816 1815/1815/1815 1817/1817/1817
f 1818/1818/1818 1816/1816/1816 1817/1817/1817
f 1818/1818/1818 1817/1817/1817 1819/1819/1819
f 1820/1820/1820 1818/1818/1818 1819/1819/1819
f 1813/1813/1813 1821/1821/1821 1815/1815/1815
f 1801/1801/1801 1821/1821/1821 1813/1813/1813
f 1821/1821/1821 1822/1822/1822 1815/1815/1815
f 1815/1815/1815 1822/1822/1822 1823/1823/1823
f 1817/1817/1817 1815/1815/1815 1823/1823/1823
f 1824/1824/1824 1823/1823/1823 1822/1822/1822
f 1825/1825/1825 1824/1824/1824 1822/1822/1822
f 1822/1822/1822 1821/1821/1821 1825/1825/1825
f 1824/1824/1824 1826/1826/1826 1823/1823/1823
f 1827/1827/1827 1826/1826/1826 1824/1824/1824
f 1828/1828/1828 1827/1827/1827 1824/1824/1824
f 1824/1824/1824 1825/1825/1825 1828/1828/1828
f 1826/1826/1826 1829/1829/1829 1823/1823/1823
f 1817/1817/1817 1823/1823/1823 1829/1829/1829
f 1819/1819/1819 1817/1817/1817 1829/1829/1829
f 1821/1821/1821 1830/1830/1830 1825/1825/1825
f 1821/1821/1821 1801/1801/1801 1830/1830/1830
f 1801/1801/1801 1802/1802/1802 1830/1830/1830
f 1833/1833/1833 1832/1832/1832 1831/1831/1831
f 1834/1834/1834 1833/1833/1833 1831/1831/1831
f 1831/1831/1831 1832/1832/1832 1835/1835/1835
f 1832/1832/1832 1836/1836/1836 1835/1835/1835
f 1836/1836/1836 1837/1837/1837 1835/1835/1835
f 1837/1837/1837 1838/1838/1838 1835/1835/1835
f 1837/1837/1837 1839/1839/1839 1838/1838/1838
f 1839/1839/1839 1840/1840/1840 1838/1838/1838
f 1840/1840/1840 1839/1839/1839 1841/1841/1841
f 1842/1842/1842 1840/1840/1840 1841/1841/1841
f 1842/1842/1842 1841/1841/1841 1843/1843/1843
f 1844/1844/1844 1842/1842/1842 1843/1843/1843
f 1844/1844/1844 1843/1843/1843 1845/1845/1845
f 1846/1846/1846 1844/1844/1844 1845/1845/1845
f 1846/1846/1846 1845/1845/1845 1847/1847/1847
f 1848/1848/1848 1846/1846/1846 1847/1847/1847
f 1835/1835/1835 1838/1838/1838 1849/1849/1849
f 1835/1835/1835 1849/1849/1849 1831/1831/1831
f 1849/1849/1849 1850/1850/1850 1831/1831/1831
f 1838/1838/1838 1851/1851/1851 1849/1849/1849
f 1838/1838/1838 1840/1840/1840 1851/1851/1851
f 1840/1840/1840 1852/1852/1852 1851/1851/1851
f 1840/1840/1840 1842/1842/1842 1852/1852/1852
f 1842/1842/1842 1853/1853/1853 1852/1852/1852
f 1842/1842/1842 1844/1844/1844 1853/1853/1853
f 1844/1844/1844 1854/1854/1854 1853/1853/1853
f 1844/1844/1844 1846/1846/1846 1854/1854/1854
f 1846/1846/1846 1855/1855/1855 1854/1854/1854
f 1856/1856/1856 1855/1855/1855 1846/1846/1846
f 1848/1848/1848 1856/1856/1856 1846/1846/1846
f 1849/1849/1849 1857/1857/1857 1850/1850/1850
f 1849/1849/1849 1851/1851/1851 1857/1857/1857
f 1857/1857/1857 1858/1858/1858 1850/1850/1850
f 1858/1858/1858 1857/1857/1857 1859/1859/1859
f 1860/1860/1860 1858/1858/1858 1859/1859/1859
f 1860/1860/1860 1859/1859/1859 1861/1861/1861
f 1859/1859/1859 1862/1862/1862 1861/1861/1861
f 1859/1859/1859 1863/1863/1863 1862/1862/1862
f 1859/1859/1859 1857/1857/1857 1863/1863/1863
f 1863/1863/1863 1864/1864/1864 1862/1862/1862
f 1863/1863/1863 1865/1865/1865 1864/1864/1864
f 1865/1865/1865 1866/1866/1866 1864/1864/1864
f 1866/1866/1866 1865/1865/1865 1867/1867/1867
f 1865/1865/1865 1868/1868/1868 1867/1867/1867
f 1861/1861/1861 1869/1869/1869 1860/1860/1860
f 1869/1869/1869 1870/1870/1870 1860/1860/1860
f 1871/1871/1871 1858/1858/1858 1860/1860/1860
f 1870/1870/1870 1871/1871/1871 1860/1860/1860
f 1857/1857/1857 1872/1872/1872 1863/1863/1863
f 1863/1863/1863 1872/1872/1872 1873/1873/1873
f 1865/1865/1865 1863/1863/1863 1873/1873/1873
f 1865/1865/1865 1873/1873/1873 1874/1874/1874
f 1868/1868/1868 1865/1865/1865 1874/1874/1874
f 1868/1868/1868 1874/1874/1874 1875/1875/1875
f 1876/1876/1876 1868/1868/1868 1875/1875/1875
f 1868/1868/1868 1876/1876/1876 1867/1867/1867
f 1876/1876/1876 1875/1875/1875 1877/1877/1877
f 1878/1878/1878 1876/1876/1876 1877/1877/1877
f 1879/1879/1879 1878/1878/1878 1877/1877/1877
f 1880/1880/1880 1879/1879/1879 1877/1877/1877
f 1881/1881/1881 1878/1878/1878 1879/1879/1879
f 1878/1878/1878 1881/1881/1881 1876/1876/1876
f 1882/1882/1882 1881/1881/1881 1879/1879/1879
f 1852/1852/1852 1873/1873/1873 1872/1872/1872
f 1851/1851/1851 1852/1852/1852 1872/1872/1872
f 1851/1851/1851 1872/1872/1872 1857/1857/1857
f 1853/1853/1853 1874/1874/1874 1873/1873/1873
f 1852/1852/1852 1853/1853/1853 1873/1873/1873
f 1854/1854/1854 1875/1875/1875 1874/1874/1874
f 1853/1853/1853 1854/1854/1854 1874/1874/1874
f 1855/1855/1855 1877/1877/1877 1875/1875/1875
f 1854/1854/1854 1855/1855/1855 1875/1875/1875
f 1880/1880/1880 1877/1877/1877 1855/1855/1855
f 1856/1856/1856 1880/1880/1880 1855/1855/1855
f 1881/1881/1881 1883/1883/1883 1876/1876/1876
f 1876/1876/1876 1883/1883/1883 1867/1867/1867
f 1886/1886/1886 1885/1885/1885 1884/1884/1884
f 1887/1887/1887 1886/1886/1886 1884/1884/1884
f 1888/1888/1888 1887/1887/1887 1884/1884/1884
f 1889/1889/1889 1888/1888/1888 1884/1884/1884
f 1889/1889/1889 1890/1890/1890 1888/1888/1888
f 1891/1891/1891 1890/1890/1890 1889/1889/1889
f 1892/1892/1892 1890/1890/1890 1891/1891/1891
f 1893/1893/1893 1892/1892/1892 1891/1891/1891
f 1893/1893/1893 1894/1894/1894 1892/1892/1892
f 1890/1890/1890 1892/1892/1892 1895/1895/1895
f 1896/1896/1896 1890/1890/1890 1895/1895/1895
f 1897/1897/1897 1895/1895/1895 1892/1892/1892
f 1894/1894/1894 1897/1897/1897 1892/1892/1892
f 1896/1896/1896 1895/1895/1895 1897/1897/1897
f 1898/1898/1898 1896/1896/1896 1897/1897/1897
f 1887/1887/1887 1899/1899/1899 1886/1886/1886
f 1900/1900/1900 1886/1886/1886 1899/1899/1899
f 1900/1900/1900 1899/1899/1899 1901/1901/1901
f 1887/1887/1887 1901/1901/1901 1899/1899/1899
f 1902/1902/1902 1900/1900/1900 1901/1901/1901
f 1902/1902/1902 1901/1901/1901 1903/1903/1903
f 1904/1904/1904 1902/1902/1902 1903/1903/1903
f 1904/1904/1904 1903/1903/1903 1905/1905/1905
f 1906/1906/1906 1904/1904/1904 1905/1905/1905
f 1906/1906/1906 1905/1905/1905 1907/1907/1907
f 1908/1908/1908 1906/1906/1906 1907/1907/1907
f 1887/1887/1887 1903/1903/1903 1901/1901/1901
f 1887/1887/1887 1905/1905/1905 1903/1903/1903
f 1888/1888/1888 1907/1907/1907 1905/1905/1905
f 1887/1887/1887 1888/1888/1888 1905/1905/1905
f 1909/1909/1909 1896/1896/1896 1898/1898/1898
f 1910/1910/1910 1909/1909/1909 1898/1898/1898
f 1911/1911/1911 1909/1909/1909 1910/1910/1910
f 1907/1907/1907 1888/1888/1888 1911/1911/1911
f 1909/1909/1909 1911/1911/1911 1890/1890/1890
f 1888/1888/1888 1890/1890/1890 1911/1911/1911
f 1912/1912/1912 1911/1911/1911 1910/1910/1910
f 1907/1907/1907 1911/1911/1911 1912/1912/1912
f 1908/1908/1908 1907/1907/1907 1912/1912/1912
f 1909/1909/1909 1890/1890/1890 1896/1896/1896
f 1915/1915/1915 1914/1914/1914 1913/1913/1913
f 1916/1916/1916 1915/1915/1915 1913/1913/1913
f 1916/1916/1916 1913/1913/1913 1917/1917/1917
f 1918/1918/1918 1916/1916/1916 1917/1917/1917
f 1917/1917/1917 1919/1919/1919 1918/1918/1918
f 1917/1917/1917 1920/1920/1920 1919/1919/1919
f 1920/1920/1920 1917/1917/1917 1921/1921/1921
f 1922/1922/1922 1920/1920/1920 1921/1921/1921
f 1923/1923/1923 1916/1916/1916 1918/1918/1918
f 1924/1924/1924 1923/1923/1923 1918/1918/1918
f 1918/1918/1918 1919/1919/1919 1924/1924/1924
f 1919/1919/1919 1920/1920/1920 1925/1925/1925
f 1926/1926/1926 1919/1919/1919 1925/1925/1925
f 1919/1919/1919 1926/1926/1926 1924/1924/1924
f 1925/1925/1925 1920/1920/1920 1927/1927/1927
f 1922/1922/1922 1927/1927/1927 1920/1920/1920
f 1915/1915/1915 1928/1928/1928 1914/1914/1914
f 1928/1928/1928 1929/1929/1929 1914/1914/1914
f 1915/1915/1915 1930/1930/1930 1928/1928/1928
f 1930/1930/1930 1931/1931/1931 1928/1928/1928
f 1916/1916/1916 1923/1923/1923 1932/1932/1932
f 1915/1915/1915 1916/1916/1916 1932/1932/1932
f 1933/1933/1933 1915/1915/1915 1932/1932/1932
f 1933/1933/1933 1930/1930/1930 1915/1915/1915
f 1934/1934/1934 1914/1914/1914 1929/1929/1929
f 1935/1935/1935 1934/1934/1934 1929/1929/1929
f 1934/1934/1934 1935/1935/1935 1936/1936/1936
f 1937/1937/1937 1934/1934/1934 1936/1936/1936
f 1938/1938/1938 1934/1934/1934 1937/1937/1937
f 1934/1934/1934 1938/1938/1938 1914/1914/1914
f 1939/1939/1939 1938/1938/1938 1937/1937/1937
f 1940/1940/1940 1938/1938/1938 1939/1939/1939
f 1941/1941/1941 1940/1940/1940 1939/1939/1939
f 1942/1942/1942 1940/1940/1940 1941/1941/1941
f 1943/1943/1943 1942/1942/1942 1941/1941/1941
f 1938/1938/1938 1913/1913/1913 1914/1914/1914
f 1938/1938/1938 1940/1940/1940 1913/1913/1913
f 1940/1940/1940 1917/1917/1917 1913/1913/1913
f 1940/1940/1940 1942/1942/1942 1917/1917/1917
f 1942/1942/1942 1921/1921/1921 1917/1917/1917
f 1946/1946/1946 1945/1945/1945 1944/1944/1944
f 1947/1947/1947 1946/1946/1946 1944/1944/1944
f 1948/1948/1948 1946/1946/1946 1947/1947/1947
f 1949/1949/1949 1948/1948/1948 1947/1947/1947
f 1950/1950/1950 1948/1948/1948 1949/1949/1949
f 1951/1951/1951 1950/1950/1950 1949/1949/1949
f 1952/1952/1952 1950/1950/1950 1951/1951/1951
f 1953/1953/1953 1952/1952/1952 1951/1951/1951
f 1945/1945/1945 1946/1946/1946 1885/1885/1885
f 1946/1946/1946 1884/1884/1884 1885/1885/1885
f 1946/1946/1946 1948/1948/1948 1884/1884/1884
f 1948/1948/1948 1889/1889/1889 1884/1884/1884
f 1948/1948/1948 1950/1950/1950 1889/1889/1889
f 1950/1950/1950 1891/1891/1891 1889/1889/1889
f 1950/1950/1950 1952/1952/1952 1891/1891/1891
f 1952/1952/1952 1893/1893/1893 1891/1891/1891
f 1954/1954/1954 1850/1850/1850 1858/1858/1858
f 1871/1871/1871 1954/1954/1954 1858/1858/1858
f 1954/1954/1954 1834/1834/1834 1850/1850/1850
f 1834/1834/1834 1831/1831/1831 1850/1850/1850
f 1957/1957/1957 1956/1956/1956 1955/1955/1955
f 1955/1955/1955 1956/1956/1956 1958/1958/1958
f 1956/1956/1956 1959/1959/1959 1958/1958/1958
f 1956/1956/1956 1960/1960/1960 1959/1959/1959
f 1961/1961/1961 1960/1960/1960 1956/1956/1956
f 1962/1962/1962 1961/1961/1961 1956/1956/1956
f 1957/1957/1957 1962/1962/1962 1956/1956/1956
f 1963/1963/1963 1962/1962/1962 1957/1957/1957
f 1964/1964/1964 1963/1963/1963 1957/1957/1957
f 1960/1960/1960 1965/1965/1965 1959/1959/1959
f 1966/1966/1966 1961/1961/1961 1962/1962/1962
f 1963/1963/1963 1966/1966/1966 1962/1962/1962
f 1969/1969/1969 1968/1968/1968 1967/1967/1967
f 1970/1970/1970 1969/1969/1969 1967/1967/1967
f 1969/1969/1969 1970/1970/1970 1971/1971/1971
f 1972/1972/1972 1969/1969/1969 1971/1971/1971
f 1972/1972/1972 1971/1971/1971 1973/1973/1973
f 1974/1974/1974 1972/1972/1972 1973/1973/1973
f 1974/1974/1974 1973/1973/1973 1975/1975/1975
f 1973/1973/1973 1976/1976/1976 1975/1975/1975
f 1979/1979/1979 1978/1978/1978 1977/1977/1977
f 1980/1980/1980 1979/1979/1979 1977/1977/1977
f 1979/1979/1979 1981/1981/1981 1978/1978/1978
f 1982/1982/1982 1980/1980/1980 1977/1977/1977
f 1982/1982/1982 1977/1977/1977 1983/1983/1983
f 1982/1982/1982 1983/1983/1983 1984/1984/1984
f 1984/1984/1984 1983/1983/1983 1985/1985/1985
f 1983/1983/1983 1986/1986/1986 1985/1985/1985
f 1984/1984/1984 1985/1985/1985 1987/1987/1987
f 1981/1981/1981 1988/1988/1988 1978/1978/1978
f 1988/1988/1988 1989/1989/1989 1978/1978/1978
f 1988/1988/1988 1990/1990/1990 1989/1989/1989
f 1990/1990/1990 1991/1991/1991 1989/1989/1989
f 1991/1991/1991 1992/1992/1992 1989/1989/1989
f 1993/1993/1993 1992/1992/1992 1991/1991/1991
f 1994/1994/1994 1993/1993/1993 1991/1991/1991
f 1993/1993/1993 1994/1994/1994 1995/1995/1995
f 1996/1996/1996 1993/1993/1993 1995/1995/1995
f 1996/1996/1996 1995/1995/1995 1997/1997/1997
f 1998/1998/1998 1996/1996/1996 1997/1997/1997
f 1998/1998/1998 1997/1997/1997 1999/1999/1999
f 2000/2000/2000 1998/1998/1998 1999/1999/1999
f 2003/2003/2003 2002/2002/2002 2001/2001/2001
f 2002/2002/2002 2003/2003/2003 2004/2004/2004
f 2002/2002/2002 2004/2004/2004 2005/2005/2005
f 2001/2001/2001 2002/2002/2002 2005/2005/2005
f 2004/2004/2004 2006/2006/2006 2005/2005/2005
f 2007/2007/2007 2005/2005/2005 2006/2006/2006
f 2003/2003/2003 2008/2008/2008 2004/2004/2004
f 2008/2008/2008 2003/2003/2003 2009/2009/2009
f 2010/2010/2010 2008/2008/2008 2009/2009/2009
f 2009/2009/2009 2011/2011/2011 2010/2010/2010
f 2011/2011/2011 2012/2012/2012 2010/2010/2010
f 2013/2013/2013 2001/2001/2001 2005/2005/2005
f 2001/2001/2001 2013/2013/2013 2014/2014/2014
f 2014/2014/2014 2013/2013/2013 2015/2015/2015
f 2016/2016/2016 2001/2001/2001 2014/2014/2014
f 2016/2016/2016 2017/2017/2017 2001/2001/2001
f 2013/2013/2013 2005/2005/2005 2018/2018/2018
f 2015/2015/2015 2013/2013/2013 2018/2018/2018
f 2018/2018/2018 2005/2005/2005 2007/2007/2007
f 2019/2019/2019 2015/2015/2015 2018/2018/2018
f 2020/2020/2020 2019/2019/2019 2018/2018/2018
f 2021/2021/2021 2019/2019/2019 2020/2020/2020
f 2020/2020/2020 2022/2022/2022 2021/2021/2021
f 2022/2022/2022 2023/2023/2023 2021/2021/2021
f 2024/2024/2024 2019/2019/2019 2021/2021/2021
f 2025/2025/2025 2024/2024/2024 2021/2021/2021
f 2025/2025/2025 2026/2026/2026 2024/2024/2024
f 2026/2026/2026 2027/2027/2027 2024/2024/2024
f 2025/2025/2025 2028/2028/2028 2026/2026/2026
f 2029/2029/2029 2022/2022/2022 2020/2020/2020
f 2029/2029/2029 2020/2020/2020 2018/2018/2018
f 2029/2029/2029 2018/2018/2018 2030/2030/2030
f 2030/2030/2030 2018/2018/2018 2007/2007/2007
f 2017/2017/2017 2003/2003/2003 2001/2001/2001
f 2003/2003/2003 2017/2017/2017 2031/2031/2031
f 2009/2009/2009 2003/2003/2003 2031/2031/2031
f 2009/2009/2009 2031/2031/2031 2032/2032/2032
f 2011/2011/2011 2009/2009/2009 2032/2032/2032
f 2035/2035/2035 2034/2034/2034 2033/2033/2033
f 2036/2036/2036 2035/2035/2035 2033/2033/2033
f 2034/2034/2034 2037/2037/2037 2033/2033/2033
f 2037/2037/2037 2038/2038/2038 2033/2033/2033
f 2037/2037/2037 2039/2039/2039 2038/2038/2038
f 2039/2039/2039 2040/2040/2040 2038/2038/2038
f 2039/2039/2039 2037/2037/2037 2041/2041/2041
f 2042/2042/2042 2039/2039/2039 2041/2041/2041
f 2043/2043/2043 2042/2042/2042 2041/2041/2041
f 2037/2037/2037 2044/2044/2044 2041/2041/2041
f 2037/2037/2037 2034/2034/2034 2044/2044/2044
f 2034/2034/2034 2045/2045/2045 2044/2044/2044
f 2045/2045/2045 2046/2046/2046 2044/2044/2044
f 2046/2046/2046 2045/2045/2045 2047/2047/2047
f 2047/2047/2047 2045/2045/2045 2048/2048/2048
f 2047/2047/2047 2048/2048/2048 2049/2049/2049
f 2048/2048/2048 2050/2050/2050 2049/2049/2049
f 2047/2047/2047 2049/2049/2049 2051/2051/2051
f 2052/2052/2052 2047/2047/2047 2051/2051/2051
f 2052/2052/2052 2046/2046/2046 2047/2047/2047
f 2045/2045/2045 2053/2053/2053 2048/2048/2048
f 2048/2048/2048 2054/2054/2054 2050/2050/2050
f 2040/2040/2040 2039/2039/2039 2055/2055/2055
f 2039/2039/2039 2042/2042/2042 2055/2055/2055
f 2040/2040/2040 2055/2055/2055 2056/2056/2056
f 2051/2051/2051 2049/2049/2049 2057/2057/2057
f 2057/2057/2057 2049/2049/2049 2058/2058/2058
f 2057/2057/2057 2059/2059/2059 2051/2051/2051
f 2049/2049/2049 2050/2050/2050 2060/2060/2060
f 2058/2058/2058 2049/2049/2049 2060/2060/2060
f 2048/2048/2048 2061/2061/2061 2054/2054/2054
f 2062/2062/2062 2061/2061/2061 2048/2048/2048
f 2053/2053/2053 2035/2035/2035 2062/2062/2062
f 2062/2062/2062 2035/2035/2035 2063/2063/2063
f 2063/2063/2063 2035/2035/2035 2036/2036/2036
f 2064/2064/2064 2063/2063/2063 2036/2036/2036
f 2053/2053/2053 2062/2062/2062 2048/2048/2048
f 2053/2053/2053 2034/2034/2034 2035/2035/2035
f 2053/2053/2053 2045/2045/2045 2034/2034/2034
f 2059/2059/2059 2057/2057/2057 2065/2065/2065
f 2059/2059/2059 2065/2065/2065 2066/2066/2066
f 2067/2067/2067 2059/2059/2059 2066/2066/2066
f 2066/2066/2066 2065/2065/2065 2068/2068/2068
f 2065/2065/2065 2069/2069/2069 2068/2068/2068
f 2065/2065/2065 2070/2070/2070 2069/2069/2069
f 2070/2070/2070 2071/2071/2071 2069/2069/2069
f 2072/2072/2072 2071/2071/2071 2070/2070/2070
f 2057/2057/2057 2070/2070/2070 2065/2065/2065
f 2059/2059/2059 2067/2067/2067 2051/2051/2051
f 2075/2075/2075 2074/2074/2074 2073/2073/2073
f 2076/2076/2076 2075/2075/2075 2073/2073/2073
f 2077/2077/2077 2075/2075/2075 2076/2076/2076
f 2077/2077/2077 2078/2078/2078 2075/2075/2075
f 2078/2078/2078 2079/2079/2079 2075/2075/2075
f 2080/2080/2080 2079/2079/2079 2078/2078/2078
f 2081/2081/2081 2079/2079/2079 2080/2080/2080
f 2081/2081/2081 2082/2082/2082 2079/2079/2079
f 2085/2085/2085 2084/2084/2084 2083/2083/2083
f 2086/2086/2086 2085/2085/2085 2083/2083/2083
f 2087/2087/2087 2084/2084/2084 2085/2085/2085
f 2087/2087/2087 2085/2085/2085 2088/2088/2088
f 2085/2085/2085 2089/2089/2089 2088/2088/2088
f 2089/2089/2089 2085/2085/2085 2090/2090/2090
f 2089/2089/2089 2090/2090/2090 2091/2091/2091
f 2092/2092/2092 2089/2089/2089 2091/2091/2091
f 2085/2085/2085 2093/2093/2093 2090/2090/2090
f 2086/2086/2086 2093/2093/2093 2085/2085/2085
f 2094/2094/2094 2092/2092/2092 2091/2091/2091
f 2095/2095/2095 2094/2094/2094 2091/2091/2091
f 2096/2096/2096 2094/2094/2094 2095/2095/2095
f 2095/2095/2095 2097/2097/2097 2096/2096/2096
f 2098/2098/2098 2083/2083/2083 2084/2084/2084
f 2098/2098/2098 2084/2084/2084 2099/2099/2099
f 2098/2098/2098 2099/2099/2099 2100/2100/2100
f 2103/2103/2103 2102/2102/2102 2101/2101/2101
f 2103/2103/2103 2101/2101/2101 2104/2104/2104
f 2102/2102/2102 2105/2105/2105 2101/2101/2101
f 2105/2105/2105 2102/2102/2102 2106/2106/2106
f 2102/2102/2102 2107/2107/2107 2106/2106/2106
f 2107/2107/2107 2108/2108/2108 2106/2106/2106
f 2107/2107/2107 2109/2109/2109 2108/2108/2108
f 2109/2109/2109 2110/2110/2110 2108/2108/2108
f 2110/2110/2110 2109/2109/2109 2111/2111/2111
f 2109/2109/2109 2112/2112/2112 2111/2111/2111
f 2111/2111/2111 2112/2112/2112 2113/2113/2113
f 2112/2112/2112 2114/2114/2114 2113/2113/2113
f 2113/2113/2113 2114/2114/2114 2115/2115/2115
f 2113/2113/2113 2115/2115/2115 2116/2116/2116
f 2115/2115/2115 2117/2117/2117 2116/2116/2116
f 2118/2118/2118 2113/2113/2113 2116/2116/2116
f 2119/2119/2119 2041/2041/2041 2044/2044/2044
f 2120/2120/2120 2119/2119/2119 2044/2044/2044
f 2119/2119/2119 2121/2121/2121 2041/2041/2041
f 2121/2121/2121 2043/2043/2043 2041/2041/2041
f 2122/2122/2122 2119/2119/2119 2120/2120/2120
f 2123/2123/2123 2122/2122/2122 2120/2120/2120
f 2123/2123/2123 2120/2120/2120 2046/2046/2046
f 2120/2120/2120 2044/2044/2044 2046/2046/2046
f 2124/2124/2124 2121/2121/2121 2119/2119/2119
f 2122/2122/2122 2124/2124/2124 2119/2119/2119
f 2127/2127/2127 2126/2126/2126 2125/2125/2125
f 2128/2128/2128 2127/2127/2127 2125/2125/2125
f 2125/2125/2125 2129/2129/2129 2128/2128/2128
f 2129/2129/2129 2130/2130/2130 2128/2128/2128
f 2128/2128/2128 2130/2130/2130 2131/2131/2131
f 2130/2130/2130 2132/2132/2132 2131/2131/2131
f 2133/2133/2133 2132/2132/2132 2130/2130/2130
f 2134/2134/2134 2133/2133/2133 2130/2130/2130
f 2134/2134/2134 2130/2130/2130 2129/2129/2129
f 2134/2134/2134 2135/2135/2135 2133/2133/2133
f 2135/2135/2135 2136/2136/2136 2133/2133/2133
f 2131/2131/2131 2132/2132/2132 2137/2137/2137
f 2132/2132/2132 2138/2138/2138 2137/2137/2137
f 2132/2132/2132 2133/2133/2133 2138/2138/2138
f 2136/2136/2136 2139/2139/2139 2133/2133/2133
f 2136/2136/2136 2140/2140/2140 2139/2139/2139
f 2140/2140/2140 2141/2141/2141 2139/2139/2139
f 2139/2139/2139 2142/2142/2142 2133/2133/2133
f 2133/2133/2133 2142/2142/2142 2138/2138/2138
f 2136/2136/2136 2135/2135/2135 2143/2143/2143
f 2140/2140/2140 2136/2136/2136 2143/2143/2143
f 2144/2144/2144 2135/2135/2135 2134/2134/2134
f 2145/2145/2145 2144/2144/2144 2134/2134/2134
f 2145/2145/2145 2134/2134/2134 2129/2129/2129
f 2137/2137/2137 2146/2146/2146 2131/2131/2131
f 2135/2135/2135 2144/2144/2144 2147/2147/2147
f 2143/2143/2143 2135/2135/2135 2147/2147/2147
f 2145/2145/2145 2129/2129/2129 2148/2148/2148
f 2129/2129/2129 2149/2149/2149 2148/2148/2148
f 2145/2145/2145 2148/2148/2148 2150/2150/2150
f 2144/2144/2144 2145/2145/2145 2150/2150/2150
f 2147/2147/2147 2144/2144/2144 2150/2150/2150
f 2149/2149/2149 2129/2129/2129 2151/2151/2151
f 2129/2129/2129 2125/2125/2125 2151/2151/2151
f 2126/2126/2126 2151/2151/2151 2125/2125/2125
f 2131/2131/2131 2146/2146/2146 2152/2152/2152
f 2131/2131/2131 2152/2152/2152 2128/2128/2128
f 2152/2152/2152 2127/2127/2127 2128/2128/2128
f 2152/2152/2152 2153/2153/2153 2127/2127/2127
f 2152/2152/2152 2154/2154/2154 2153/2153/2153
f 2152/2152/2152 2155/2155/2155 2154/2154/2154
f 2153/2153/2153 2156/2156/2156 2127/2127/2127
f 2127/2127/2127 2156/2156/2156 2126/2126/2126
f 2152/2152/2152 2146/2146/2146 2157/2157/2157
f 2152/2152/2152 2157/2157/2157 2155/2155/2155
f 2156/2156/2156 2158/2158/2158 2126/2126/2126
f 2161/2161/2161 2160/2160/2160 2159/2159/2159
f 2160/2160/2160 2161/2161/2161 2162/2162/2162
f 2163/2163/2163 2160/2160/2160 2162/2162/2162
f 2163/2163/2163 2164/2164/2164 2160/2160/2160
f 2161/2161/2161 2159/2159/2159 2165/2165/2165
f 2166/2166/2166 2161/2161/2161 2165/2165/2165
f 2161/2161/2161 2166/2166/2166 2167/2167/2167
f 2162/2162/2162 2161/2161/2161 2167/2167/2167
f 2163/2163/2163 2168/2168/2168 2164/2164/2164
f 2168/2168/2168 2163/2163/2163 2169/2169/2169
f 2172/2172/2172 2171/2171/2171 2170/2170/2170
f 2173/2173/2173 2172/2172/2172 2170/2170/2170
f 2172/2172/2172 2174/2174/2174 2171/2171/2171
f 2174/2174/2174 2175/2175/2175 2171/2171/2171
f 2176/2176/2176 2175/2175/2175 2174/2174/2174
f 2177/2177/2177 2176/2176/2176 2174/2174/2174
f 2178/2178/2178 2176/2176/2176 2177/2177/2177
f 2179/2179/2179 2178/2178/2178 2177/2177/2177
f 2170/2170/2170 2180/2180/2180 2173/2173/2173
f 2180/2180/2180 2181/2181/2181 2173/2173/2173
f 2182/2182/2182 2181/2181/2181 2180/2180/2180
f 2183/2183/2183 2182/2182/2182 2180/2180/2180
f 2184/2184/2184 2182/2182/2182 2183/2183/2183
f 2185/2185/2185 2184/2184/2184 2183/2183/2183
f 2188/2188/2188 2187/2187/2187 2186/2186/2186
f 2188/2188/2188 2189/2189/2189 2187/2187/2187
f 2188/2188/2188 2190/2190/2190 2189/2189/2189
f 2188/2188/2188 2191/2191/2191 2190/2190/2190
f 2188/2188/2188 2192/2192/2192 2191/2191/2191
f 2188/2188/2188 2193/2193/2193 2192/2192/2192
f 2188/2188/2188 2194/2194/2194 2193/2193/2193
f 2188/2188/2188 2195/2195/2195 2194/2194/2194
f 2188/2188/2188 2196/2196/2196 2195/2195/2195
f 2199/2199/2199 2198/2198/2198 2197/2197/2197
f 2200/2200/2200 2199/2199/2199 2197/2197/2197
f 2197/2197/2197 2201/2201/2201 2200/2200/2200
f 2202/2202/2202 2197/2197/2197 2198/2198/2198
f 2203/2203/2203 2202/2202/2202 2198/2198/2198
f 2204/2204/2204 2201/2201/2201 2197/2197/2197
f 2202/2202/2202 2204/2204/2204 2197/2197/2197
f 2201/2201/2201 2204/2204/2204 2205/2205/2205
f 2206/2206/2206 2201/2201/2201 2205/2205/2205
f 2205/2205/2205 2207/2207/2207 2206/2206/2206
f 2207/2207/2207 2208/2208/2208 2206/2206/2206
f 2202/2202/2202 2203/2203/2203 2209/2209/2209
f 2203/2203/2203 2210/2210/2210 2209/2209/2209
f 2209/2209/2209 2210/2210/2210 2211/2211/2211
f 2210/2210/2210 2212/2212/2212 2211/2211/2211
f 2209/2209/2209 2211/2211/2211 2213/2213/2213
f 2214/2214/2214 2209/2209/2209 2213/2213/2213
f 2202/2202/2202 2209/2209/2209 2214/2214/2214
f 2204/2204/2204 2202/2202/2202 2214/2214/2214
f 2204/2204/2204 2214/2214/2214 2205/2205/2205
f 2214/2214/2214 2213/2213/2213 2215/2215/2215
f 2216/2216/2216 2214/2214/2214 2215/2215/2215
f 2214/2214/2214 2216/2216/2216 2205/2205/2205
f 2216/2216/2216 2215/2215/2215 2217/2217/2217
f 2205/2205/2205 2216/2216/2216 2217/2217/2217
f 2207/2207/2207 2205/2205/2205 2217/2217/2217
f 2215/2215/2215 2218/2218/2218 2217/2217/2217
f 2217/2217/2217 2218/2218/2218 2219/2219/2219
f 2207/2207/2207 2217/2217/2217 2219/2219/2219
f 2218/2218/2218 2220/2220/2220 2219/2219/2219
f 2219/2219/2219 2220/2220/2220 2221/2221/2221
f 2220/2220/2220 2222/2222/2222 2221/2221/2221
f 2221/2221/2221 2222/2222/2222 2223/2223/2223
f 2222/2222/2222 2224/2224/2224 2223/2223/2223
f 2223/2223/2223 2224/2224/2224 2225/2225/2225
f 2224/2224/2224 2226/2226/2226 2225/2225/2225
f 2227/2227/2227 2219/2219/2219 2221/2221/2221
f 2227/2227/2227 2207/2207/2207 2219/2219/2219
f 2228/2228/2228 2227/2227/2227 2221/2221/2221
f 2221/2221/2221 2223/2223/2223 2229/2229/2229
f 2228/2228/2228 2221/2221/2221 2229/2229/2229
f 2229/2229/2229 2230/2230/2230 2228/2228/2228
f 2230/2230/2230 2231/2231/2231 2228/2228/2228
f 2227/2227/2227 2228/2228/2228 2231/2231/2231
f 2232/2232/2232 2230/2230/2230 2229/2229/2229
f 2232/2232/2232 2233/2233/2233 2230/2230/2230
f 2233/2233/2233 2234/2234/2234 2230/2230/2230
f 2231/2231/2231 2230/2230/2230 2234/2234/2234
f 2235/2235/2235 2232/2232/2232 2229/2229/2229
f 2223/2223/2223 2225/2225/2225 2235/2235/2235
f 2229/2229/2229 2223/2223/2223 2235/2235/2235
f 2236/2236/2236 2227/2227/2227 2231/2231/2231
f 2207/2207/2207 2227/2227/2227 2236/2236/2236
f 2208/2208/2208 2207/2207/2207 2236/2236/2236
f 2239/2239/2239 2238/2238/2238 2237/2237/2237
f 2240/2240/2240 2239/2239/2239 2237/2237/2237
f 2240/2240/2240 2237/2237/2237 2241/2241/2241
f 2242/2242/2242 2240/2240/2240 2241/2241/2241
f 2243/2243/2243 2242/2242/2242 2241/2241/2241
f 2244/2244/2244 2243/2243/2243 2241/2241/2241
f 2245/2245/2245 2243/2243/2243 2244/2244/2244
f 2246/2246/2246 2245/2245/2245 2244/2244/2244
f 2245/2245/2245 2246/2246/2246 2247/2247/2247
f 2246/2246/2246 2248/2248/2248 2247/2247/2247
f 2247/2247/2247 2248/2248/2248 2249/2249/2249
f 2248/2248/2248 2250/2250/2250 2249/2249/2249
f 2249/2249/2249 2250/2250/2250 2251/2251/2251
f 2250/2250/2250 2252/2252/2252 2251/2251/2251
f 2251/2251/2251 2252/2252/2252 2253/2253/2253
f 2252/2252/2252 2254/2254/2254 2253/2253/2253
f 2244/2244/2244 2241/2241/2241 2255/2255/2255
f 2255/2255/2255 2241/2241/2241 2237/2237/2237
f 2256/2256/2256 2255/2255/2255 2237/2237/2237
f 2257/2257/2257 2244/2244/2244 2255/2255/2255
f 2246/2246/2246 2244/2244/2244 2257/2257/2257
f 2258/2258/2258 2246/2246/2246 2257/2257/2257
f 2248/2248/2248 2246/2246/2246 2258/2258/2258
f 2259/2259/2259 2248/2248/2248 2258/2258/2258
f 2250/2250/2250 2248/2248/2248 2259/2259/2259
f 2260/2260/2260 2250/2250/2250 2259/2259/2259
f 2252/2252/2252 2250/2250/2250 2260/2260/2260
f 2261/2261/2261 2252/2252/2252 2260/2260/2260
f 2262/2262/2262 2254/2254/2254 2252/2252/2252
f 2261/2261/2261 2262/2262/2262 2252/2252/2252
f 2263/2263/2263 2255/2255/2255 2256/2256/2256
f 2257/2257/2257 2255/2255/2255 2263/2263/2263
f 2264/2264/2264 2263/2263/2263 2256/2256/2256
f 2263/2263/2263 2264/2264/2264 2265/2265/2265
f 2264/2264/2264 2266/2266/2266 2265/2265/2265
f 2265/2265/2265 2266/2266/2266 2267/2267/2267
f 2268/2268/2268 2265/2265/2265 2267/2267/2267
f 2269/2269/2269 2265/2265/2265 2268/2268/2268
f 2263/2263/2263 2265/2265/2265 2269/2269/2269
f 2270/2270/2270 2269/2269/2269 2268/2268/2268
f 2271/2271/2271 2269/2269/2269 2270/2270/2270
f 2272/2272/2272 2271/2271/2271 2270/2270/2270
f 2271/2271/2271 2272/2272/2272 2273/2273/2273
f 2274/2274/2274 2271/2271/2271 2273/2273/2273
f 2275/2275/2275 2267/2267/2267 2266/2266/2266
f 2276/2276/2276 2275/2275/2275 2266/2266/2266
f 2277/2277/2277 2276/2276/2276 2266/2266/2266
f 2264/2264/2264 2277/2277/2277 2266/2266/2266
f 2278/2278/2278 2263/2263/2263 2269/2269/2269
f 2269/2269/2269 2271/2271/2271 2279/2279/2279
f 2278/2278/2278 2269/2269/2269 2279/2279/2279
f 2271/2271/2271 2274/2274/2274 2280/2280/2280
f 2279/2279/2279 2271/2271/2271 2280/2280/2280
f 2280/2280/2280 2274/2274/2274 2281/2281/2281
f 2274/2274/2274 2282/2282/2282 2281/2281/2281
f 2282/2282/2282 2274/2274/2274 2273/2273/2273
f 2281/2281/2281 2282/2282/2282 2283/2283/2283
f 2282/2282/2282 2284/2284/2284 2283/2283/2283
f 2284/2284/2284 2285/2285/2285 2283/2283/2283
f 2285/2285/2285 2286/2286/2286 2283/2283/2283
f 2284/2284/2284 2287/2287/2287 2285/2285/2285
f 2287/2287/2287 2284/2284/2284 2282/2282/2282
f 2287/2287/2287 2288/2288/2288 2285/2285/2285
f 2279/2279/2279 2258/2258/2258 2278/2278/2278
f 2258/2258/2258 2257/2257/2257 2278/2278/2278
f 2278/2278/2278 2257/2257/2257 2263/2263/2263
f 2259/2259/2259 2258/2258/2258 2279/2279/2279
f 2280/2280/2280 2259/2259/2259 2279/2279/2279
f 2260/2260/2260 2259/2259/2259 2280/2280/2280
f 2281/2281/2281 2260/2260/2260 2280/2280/2280
f 2261/2261/2261 2260/2260/2260 2281/2281/2281
f 2283/2283/2283 2261/2261/2261 2281/2281/2281
f 2283/2283/2283 2286/2286/2286 2261/2261/2261
f 2286/2286/2286 2262/2262/2262 2261/2261/2261
f 2289/2289/2289 2287/2287/2287 2282/2282/2282
f 2289/2289/2289 2282/2282/2282 2273/2273/2273
f 2292/2292/2292 2291/2291/2291 2290/2290/2290
f 2293/2293/2293 2292/2292/2292 2290/2290/2290
f 2291/2291/2291 2294/2294/2294 2290/2290/2290
f 2294/2294/2294 2295/2295/2295 2290/2290/2290
f 2296/2296/2296 2295/2295/2295 2294/2294/2294
f 2296/2296/2296 2297/2297/2297 2295/2295/2295
f 2296/2296/2296 2298/2298/2298 2297/2297/2297
f 2298/2298/2298 2299/2299/2299 2297/2297/2297
f 2300/2300/2300 2299/2299/2299 2298/2298/2298
f 2298/2298/2298 2296/2296/2296 2301/2301/2301
f 2296/2296/2296 2302/2302/2302 2301/2301/2301
f 2303/2303/2303 2300/2300/2300 2298/2298/2298
f 2301/2301/2301 2303/2303/2303 2298/2298/2298
f 2301/2301/2301 2302/2302/2302 2303/2303/2303
f 2302/2302/2302 2304/2304/2304 2303/2303/2303
f 2305/2305/2305 2291/2291/2291 2292/2292/2292
f 2292/2292/2292 2306/2306/2306 2305/2305/2305
f 2305/2305/2305 2306/2306/2306 2307/2307/2307
f 2306/2306/2306 2308/2308/2308 2307/2307/2307
f 2307/2307/2307 2308/2308/2308 2309/2309/2309
f 2308/2308/2308 2310/2310/2310 2309/2309/2309
f 2309/2309/2309 2310/2310/2310 2311/2311/2311
f 2310/2310/2310 2312/2312/2312 2311/2311/2311
f 2311/2311/2311 2312/2312/2312 2313/2313/2313
f 2312/2312/2312 2314/2314/2314 2313/2313/2313
f 2307/2307/2307 2291/2291/2291 2305/2305/2305
f 2309/2309/2309 2291/2291/2291 2307/2307/2307
f 2311/2311/2311 2291/2291/2291 2309/2309/2309
f 2294/2294/2294 2291/2291/2291 2311/2311/2311
f 2313/2313/2313 2294/2294/2294 2311/2311/2311
f 2302/2302/2302 2315/2315/2315 2304/2304/2304
f 2315/2315/2315 2316/2316/2316 2304/2304/2304
f 2315/2315/2315 2317/2317/2317 2316/2316/2316
f 2294/2294/2294 2313/2313/2313 2317/2317/2317
f 2317/2317/2317 2315/2315/2315 2296/2296/2296
f 2296/2296/2296 2294/2294/2294 2317/2317/2317
f 2317/2317/2317 2318/2318/2318 2316/2316/2316
f 2313/2313/2313 2314/2314/2314 2318/2318/2318
f 2317/2317/2317 2313/2313/2313 2318/2318/2318
f 2296/2296/2296 2315/2315/2315 2302/2302/2302
f 2321/2321/2321 2320/2320/2320 2319/2319/2319
f 2322/2322/2322 2321/2321/2321 2319/2319/2319
f 2319/2319/2319 2320/2320/2320 2323/2323/2323
f 2320/2320/2320 2324/2324/2324 2323/2323/2323
f 2325/2325/2325 2323/2323/2323 2324/2324/2324
f 2326/2326/2326 2323/2323/2323 2325/2325/2325
f 2323/2323/2323 2326/2326/2326 2327/2327/2327
f 2326/2326/2326 2328/2328/2328 2327/2327/2327
f 2320/2320/2320 2329/2329/2329 2324/2324/2324
f 2329/2329/2329 2330/2330/2330 2324/2324/2324
f 2325/2325/2325 2324/2324/2324 2330/2330/2330
f 2326/2326/2326 2325/2325/2325 2331/2331/2331
f 2325/2325/2325 2332/2332/2332 2331/2331/2331
f 2332/2332/2332 2325/2325/2325 2330/2330/2330
f 2326/2326/2326 2331/2331/2331 2333/2333/2333
f 2333/2333/2333 2328/2328/2328 2326/2326/2326
f 2334/2334/2334 2321/2321/2321 2322/2322/2322
f 2335/2335/2335 2334/2334/2334 2322/2322/2322
f 2336/2336/2336 2321/2321/2321 2334/2334/2334
f 2337/2337/2337 2336/2336/2336 2334/2334/2334
f 2322/2322/2322 2338/2338/2338 2335/2335/2335
f 2338/2338/2338 2339/2339/2339 2335/2335/2335
f 2339/2339/2339 2338/2338/2338 2340/2340/2340
f 2338/2338/2338 2341/2341/2341 2340/2340/2340
f 2338/2338/2338 2342/2342/2342 2341/2341/2341
f 2342/2342/2342 2338/2338/2338 2322/2322/2322
f 2342/2342/2342 2343/2343/2343 2341/2341/2341
f 2342/2342/2342 2344/2344/2344 2343/2343/2343
f 2344/2344/2344 2345/2345/2345 2343/2343/2343
f 2344/2344/2344 2346/2346/2346 2345/2345/2345
f 2346/2346/2346 2347/2347/2347 2345/2345/2345
f 2319/2319/2319 2342/2342/2342 2322/2322/2322
f 2344/2344/2344 2342/2342/2342 2319/2319/2319
f 2323/2323/2323 2344/2344/2344 2319/2319/2319
f 2346/2346/2346 2344/2344/2344 2323/2323/2323
f 2327/2327/2327 2346/2346/2346 2323/2323/2323
f 2336/2336/2336 2348/2348/2348 2321/2321/2321
f 2321/2321/2321 2348/2348/2348 2349/2349/2349
f 2320/2320/2320 2321/2321/2321 2349/2349/2349
f 2329/2329/2329 2320/2320/2320 2349/2349/2349
f 2352/2352/2352 2351/2351/2351 2350/2350/2350
f 2353/2353/2353 2352/2352/2352 2350/2350/2350
f 2352/2352/2352 2354/2354/2354 2351/2351/2351
f 2354/2354/2354 2355/2355/2355 2351/2351/2351
f 2354/2354/2354 2356/2356/2356 2355/2355/2355
f 2356/2356/2356 2357/2357/2357 2355/2355/2355
f 2356/2356/2356 2358/2358/2358 2357/2357/2357
f 2358/2358/2358 2359/2359/2359 2357/2357/2357
f 2352/2352/2352 2353/2353/2353 2293/2293/2293
f 2290/2290/2290 2352/2352/2352 2293/2293/2293
f 2354/2354/2354 2352/2352/2352 2290/2290/2290
f 2295/2295/2295 2354/2354/2354 2290/2290/2290
f 2356/2356/2356 2354/2354/2354 2295/2295/2295
f 2297/2297/2297 2356/2356/2356 2295/2295/2295
f 2358/2358/2358 2356/2356/2356 2297/2297/2297
f 2299/2299/2299 2358/2358/2358 2297/2297/2297
f 2360/2360/2360 2277/2277/2277 2264/2264/2264
f 2256/2256/2256 2360/2360/2360 2264/2264/2264
f 2238/2238/2238 2360/2360/2360 2256/2256/2256
f 2237/2237/2237 2238/2238/2238 2256/2256/2256
