g G_CA_Prinzeugen_Mech_001
v 0.3888933 0.5605821 1.020998
v 0.3921222 0.5649298 1.060863
v 0.4160988 0.4817788 1.04117
v 0.4160988 0.4555643 0.9667785
v 0.4160988 0.5385875 1.133336
v 0.3959904 0.5923591 1.111757
v 0.4160988 0.6081837 1.167543
v 0.4060606 0.6301463 1.150376
v 0.4160988 0.6821277 1.184966
v 0.3888933 0.5651856 0.984745
v 0.4160988 0.4323869 0.9441765
v 0.4160988 0.4955574 0.9215745
v 0.3888933 0.578069 0.9451995
v 0.4141168 0.5384277 0.8801109
v 0.3888933 0.604795 0.9341382
v 0.4148201 0.5533251 0.8285771
v 0.4106322 0.5656012 0.7776507
v 0.4106322 0.5858055 0.7766277
v 0.4160988 0.4817788 1.04117
v 0.4400755 0.5649298 1.060863
v 0.4433044 0.5605821 1.020998
v 0.4160988 0.4555643 0.9667785
v 0.4160988 0.5385875 1.133336
v 0.4362073 0.5923591 1.111757
v 0.4160988 0.6081837 1.167543
v 0.426169 0.6301463 1.150376
v 0.4433044 0.5651856 0.984745
v 0.4160988 0.4323869 0.9441765
v 0.4160988 0.4955574 0.9215745
v 0.4433044 0.578069 0.9451995
v 0.4180809 0.5384277 0.8801109
v 0.4433044 0.604795 0.9341382
v 0.4173776 0.5533251 0.8285771
v 0.4215655 0.5656012 0.7776507
v 0.4215655 0.5858055 0.7766277
v 0.4160988 0.6821277 1.184966
v 0.3888933 0.5651856 0.984745
v 0.3888933 0.578069 0.9451995
v 0.4433044 0.578069 0.9451995
v 0.4433044 0.5651856 0.984745
v 0.4433044 0.5605821 1.020998
v 0.3888933 0.5605821 1.020998
v 0.3921222 0.5649298 1.060863
v 0.4400755 0.5649298 1.060863
v 0.3959904 0.5923591 1.111757
v 0.4362073 0.5923591 1.111757
v 0.426169 0.6301463 1.150376
v 0.4060606 0.6301463 1.150376
v 0.4160988 0.6821277 1.184966
v 0.3888933 0.578069 0.9451995
v 0.3888933 0.604795 0.9341382
v 0.4433044 0.604795 0.9341382
v 0.4433044 0.578069 0.9451995
v 0.4433044 0.604795 0.9341382
v 0.3888933 0.604795 0.9341382
v 0.4106322 0.5858055 0.7766277
v 0.4215655 0.5858055 0.7766277
v 0.4062844 0.5228269 0.6445643
v 0.4033752 0.5463879 0.7170697
v 0.4157792 0.4971878 0.7166861
v 0.4157792 0.4716447 0.5939255
v 0.4157792 0.4995854 0.7970877
v 0.4007857 0.567903 0.7809754
v 0.4007857 0.5434148 0.8822528
v 0.4157792 0.4799246 0.8716071
v 0.4051974 0.4803721 0.9390934
v 0.4157792 0.4360314 0.9299504
v 0.4252419 0.5228269 0.6445643
v 0.4157792 0.4716447 0.5939255
v 0.4157792 0.4971878 0.7166861
v 0.4281831 0.5463879 0.7170697
v 0.4157792 0.4995854 0.7970877
v 0.4307406 0.567903 0.7809754
v 0.4307406 0.5434148 0.8822528
v 0.4157792 0.4799246 0.8716071
v 0.4263289 0.4803721 0.9390934
v 0.4157792 0.4360314 0.9299504
v 0.4051974 0.4803721 0.9390934
v 0.4007857 0.5434148 0.8822528
v 0.4307406 0.5434148 0.8822528
v 0.4263289 0.4803721 0.9390934
v 0.4307406 0.567903 0.7809754
v 0.4007857 0.567903 0.7809754
v 0.4281831 0.5463879 0.7170697
v 0.4033752 0.5463879 0.7170697
v 0.4252419 0.5228269 0.6445643
v 0.4062844 0.5228269 0.6445643
v 0.4157792 0.4716447 0.5939255
v 0.4215655 0.5656012 0.7776507
v 0.4106322 0.5656012 0.7776507
v 0.4148201 0.5533251 0.8285771
v 0.4173776 0.5533251 0.8285771
v 0.4180809 0.5384277 0.8801109
v 0.4141168 0.5384277 0.8801109
v 0.4160988 0.4955574 0.9215745
v 0.4106322 0.5858055 0.7766277
v 0.4106322 0.5656012 0.7776507
v 0.4215655 0.5656012 0.7776507
v 0.4215655 0.5858055 0.7766277
v 0.4455741 0.4970279 1.182025
v 0.4250501 0.5250008 1.151686
v 0.4235476 0.4626614 1.105044
v 0.4417698 0.4024321 1.145548
v 0.4284068 0.6242321 1.201654
v 0.4202548 0.6238164 1.192766
v 0.4326587 0.6242321 1.214793
v 0.4499219 0.4916572 1.214793
v 0.4609831 0.4015689 1.214921
v 0.4154914 0.7333098 1.221986
v 0.4447749 0.3462308 1.198137
v 0.4184965 0.3148373 1.177869
v 0.4165784 0.3559813 1.096476
v 0.4187203 0.4161147 0.9676097
v 0.4175055 0.4030395 0.9609602
v 0.4175055 0.4030395 0.9609602
v 0.4154914 0.4008976 0.9589462
v 0.4154914 0.3538394 1.094047
v 0.4165784 0.3559813 1.096476
v 0.4124544 0.3148373 1.177869
v 0.4184965 0.3148373 1.177869
v 0.4134454 0.4030395 0.9609602
v 0.4144045 0.3559813 1.096476
v 0.4144045 0.3559813 1.096476
v 0.4154914 0.4164664 0.9661711
v 0.4154914 0.4033592 0.9597773
v 0.4175055 0.4030395 0.9609602
v 0.4187203 0.4161147 0.9676097
v 0.4154914 0.4008976 0.9589462
v 0.4154914 0.6238164 1.190369
v 0.4154914 0.5250008 1.149257
v 0.4250501 0.5250008 1.151686
v 0.4202548 0.6238164 1.192766
v 0.4235476 0.4626614 1.105044
v 0.4154914 0.4628533 1.103222
v 0.4187203 0.4161147 0.9676097
v 0.4154914 0.4164664 0.9661711
v 0.4059327 0.5250008 1.151686
v 0.4107281 0.6238164 1.192766
v 0.4074353 0.4626614 1.105044
v 0.4122626 0.4161147 0.9676097
v 0.4154914 0.7333098 1.221986
v 0.4447749 0.3462308 1.198137
v 0.4184965 0.3148373 1.177869
v 0.4124544 0.3148373 1.177869
v 0.386176 0.3462308 1.198137
v 0.4609831 0.4015689 1.214921
v 0.3699678 0.4015689 1.214921
v 0.381029 0.4916572 1.214793
v 0.4499219 0.4916572 1.214793
v 0.3983241 0.6242321 1.214793
v 0.4326587 0.6242321 1.214793
v 0.4154914 0.7333098 1.221986
v 0.4074353 0.4626614 1.105044
v 0.4059327 0.5250008 1.151686
v 0.3853768 0.4970279 1.182025
v 0.389181 0.4024321 1.145548
v 0.402544 0.6242321 1.201654
v 0.4107281 0.6238164 1.192766
v 0.3983241 0.6242321 1.214793
v 0.381029 0.4916572 1.214793
v 0.3699678 0.4015689 1.214921
v 0.4154914 0.7333098 1.221986
v 0.386176 0.3462308 1.198137
v 0.4124544 0.3148373 1.177869
v 0.4144045 0.3559813 1.096476
v 0.4122626 0.4161147 0.9676097
v 0.4134454 0.4030395 0.9609602
v 0.4134454 0.4030395 0.9609602
v 0.4154914 0.4033592 0.9597773
v 0.4154914 0.4164664 0.9661711
v 0.4122626 0.4161147 0.9676097
v 0.4154914 0.4008976 0.9589462
v 0.4144045 0.5630437 1.168886
v 0.4144045 0.5229546 1.15239
v 0.4144045 0.5447895 1.132473
v 0.4144045 0.5820011 1.149608
v 0.4144045 0.5173921 1.083017
v 0.4144045 0.4587612 1.104468
v 0.4144045 0.493895 1.037877
v 0.4144045 0.4150597 0.9790545
v 0.4144045 0.4765999 0.9671621
v 0.4177612 0.5447895 1.132473
v 0.4177612 0.5229546 1.15239
v 0.4177612 0.5630437 1.168886
v 0.4177612 0.5820011 1.149608
v 0.4177612 0.5173921 1.083017
v 0.4177612 0.4587612 1.104468
v 0.4177612 0.493895 1.037877
v 0.4177612 0.4150597 0.9790545
v 0.4177612 0.4765999 0.9671621
v 0.4177612 0.4765999 0.9671621
v 0.4144045 0.4765999 0.9671621
v 0.4144045 0.4150597 0.9790545
v 0.4177612 0.4150597 0.9790545
v 0.4177612 0.5630437 1.168886
v 0.4144045 0.5630437 1.168886
v 0.4144045 0.5820011 1.149608
v 0.4177612 0.5820011 1.149608
v 0.3962781 0.8133599 0.6298266
v 0.3962781 0.7807516 0.7226322
v 0.4376459 0.7807516 0.7226322
v 0.4376459 0.8133599 0.6298266
v 0.4376459 0.7135851 0.8495167
v 0.3962781 0.7135851 0.8495167
v 0.4376459 0.6326079 0.9253148
v 0.3963101 0.6326079 0.9253148
v 0.4376459 0.6149291 0.9286076
v 0.3963101 0.6149291 0.9286076
v 0.4021285 0.7579579 1.215369
v 0.3962781 0.7624654 1.190241
v 0.4376459 0.7624654 1.190241
v 0.4317955 0.7579579 1.215369
v 0.4376459 0.7377855 1.103925
v 0.3962781 0.7377855 1.103925
v 0.4376459 0.7429006 1.01892
v 0.3962781 0.7429006 1.01892
v 0.4376459 0.7559119 0.9540868
v 0.3962781 0.7559119 0.9540868
v 0.4376459 0.7859306 0.8445296
v 0.3962781 0.7859306 0.8445296
v 0.4376459 0.8451369 0.6863796
v 0.3962781 0.8451369 0.6863796
v 0.3962781 0.7135851 0.8495167
v 0.3962781 0.7859306 0.8445296
v 0.3962781 0.7559119 0.9540868
v 0.3963101 0.6326079 0.9253148
v 0.3962781 0.7807516 0.7226322
v 0.3962781 0.8451369 0.6863796
v 0.3963101 0.6149291 0.9286076
v 0.3962781 0.7429006 1.01892
v 0.3963101 0.6054984 0.9786709
v 0.3962781 0.7377855 1.103925
v 0.3963101 0.699295 1.139314
v 0.3962781 0.7624654 1.190241
v 0.3962781 0.8133599 0.6298266
v 0.4021285 0.7579579 1.215369
v 0.4376459 0.7135851 0.8495167
v 0.4376459 0.6326079 0.9253148
v 0.4376459 0.7559119 0.9540868
v 0.4376459 0.7859306 0.8445296
v 0.4376459 0.7807516 0.7226322
v 0.4376459 0.8451369 0.6863796
v 0.4376459 0.6149291 0.9286076
v 0.4376459 0.7429006 1.01892
v 0.4376459 0.6054984 0.9786709
v 0.4376459 0.7377855 1.103925
v 0.4376459 0.699295 1.139314
v 0.4376459 0.7624654 1.190241
v 0.4376459 0.8133599 0.6298266
v 0.4317955 0.7579579 1.215369
v 0.3962781 0.8451369 0.6863796
v 0.3962781 0.8133599 0.6298266
v 0.4376459 0.8133599 0.6298266
v 0.4376459 0.8451369 0.6863796
v 0.3963101 0.6149291 0.9286076
v 0.3963101 0.6054984 0.9786709
v 0.4376459 0.6054984 0.9786709
v 0.4376459 0.6149291 0.9286076
v 0.4376459 0.699295 1.139314
v 0.3963101 0.699295 1.139314
v 0.4317955 0.7579579 1.215369
v 0.4021285 0.7579579 1.215369
v 0.4253698 0.6305619 0.927233
v 0.4047179 0.6305619 0.927233
v 0.4047179 0.7149277 0.8511471
v 0.4253698 0.7149277 0.8511471
v 0.4253698 0.7646074 0.7636803
v 0.4047179 0.7646074 0.7636803
v 0.4233238 0.793763 0.6990072
v 0.4067639 0.793763 0.6990072
v 0.4211819 0.8177397 0.627397
v 0.4089059 0.8177397 0.627397
v 0.4193597 0.8468953 0.5215161
v 0.4107281 0.8468953 0.5215161
v 0.4150439 0.8326052 0.3690246
v 0.4047179 0.7646074 0.7636803
v 0.4047179 0.656073 0.7557201
v 0.4150439 0.6255428 0.7209379
v 0.4067639 0.793763 0.6990072
v 0.4047179 0.7149277 0.8511471
v 0.4047179 0.6305619 0.927233
v 0.4150439 0.7103881 0.6228574
v 0.4089059 0.8177397 0.627397
v 0.4150439 0.7600358 0.5226989
v 0.4107281 0.8468953 0.5215161
v 0.4150439 0.8326052 0.3690246
v 0.4150439 0.6255428 0.7209379
v 0.4253698 0.656073 0.7557201
v 0.4253698 0.7646074 0.7636803
v 0.4233238 0.793763 0.6990072
v 0.4253698 0.7149277 0.8511471
v 0.4253698 0.6305619 0.927233
v 0.4150439 0.7103881 0.6228574
v 0.4211819 0.8177397 0.627397
v 0.4150439 0.7600358 0.5226989
v 0.4193597 0.8468953 0.5215161
v 0.4150439 0.8326052 0.3690246
v 0.4047179 0.656073 0.7557201
v 0.4047179 0.6305619 0.927233
v 0.4253698 0.6305619 0.927233
v 0.4253698 0.656073 0.7557201
v 0.4092255 0.8705842 1.105811
v 0.4092255 1.012494 0.9681851
v 0.4275437 1.012494 0.9681851
v 0.4275437 0.8705842 1.105811
v 0.4275437 1.154404 0.8305911
v 0.4092575 1.154404 0.8305911
v 0.4275437 1.2529 0.7120826
v 0.4092575 1.2529 0.7120826
v 0.4239632 1.37029 0.5503201
v 0.412838 1.37029 0.5503201
v 0.4184006 1.511976 0.3681934
v 0.4092575 1.154404 0.8305911
v 0.4092255 1.012494 0.9681851
v 0.4184006 0.940532 0.8376243
v 0.4184006 1.077615 0.64271
v 0.4184006 0.8046964 0.9165234
v 0.4092255 0.8705842 1.105811
v 0.4092575 1.2529 0.7120826
v 0.4184006 1.212235 0.569853
v 0.412838 1.37029 0.5503201
v 0.4184006 1.269012 0.4604236
v 0.4184006 1.511976 0.3681934
v 0.4184006 0.940532 0.8376243
v 0.4275437 1.012494 0.9681851
v 0.4275437 1.154404 0.8305911
v 0.4184006 1.077615 0.64271
v 0.4184006 0.8046964 0.9165234
v 0.4275437 0.8705842 1.105811
v 0.4275437 1.2529 0.7120826
v 0.4184006 1.212235 0.569853
v 0.4239632 1.37029 0.5503201
v 0.4184006 1.269012 0.4604236
v 0.4184006 1.511976 0.3681934
v 0.4157792 0.4360314 0.9299504
v 0.4051974 0.4803721 0.9390934
v 0.4263289 0.4803721 0.9390934
v 0.4150439 0.6255428 0.7209379
v 0.4047179 0.656073 0.7557201
v 0.4253698 0.656073 0.7557201
v 0.4184006 0.8046964 0.9165234
v 0.4092255 0.8705842 1.105811
v 0.4275437 0.8705842 1.105811
v 0.1173817 0.1384012 0.9191449
v 0.137682 0.1625696 0.9369516
v 0.1056492 0.1153836 1.081195
v 0.09292555 0.1002623 1.082442
v 0.137682 0.1625696 0.9369516
v 0.1716329 0.1340854 0.9369516
v 0.1307447 0.09431612 1.081195
v 0.1056492 0.1153836 1.081195
v 0.1307447 0.09431612 1.081195
v 0.1716329 0.1340854 0.9369516
v 0.1513647 0.1099169 0.9191449
v 0.1180211 0.07919484 1.082442
v 0.1513647 0.1099169 0.9191449
v 0.1173817 0.1384012 0.9191449
v 0.09292555 0.1002623 1.082442
v 0.1180211 0.07919484 1.082442
v 0.2057437 0.380981 1.381543
v 0.2587481 0.4441195 1.381543
v 0.3061579 0.4043182 1.381543
v 0.2531855 0.3411797 1.381543
v 0.2872963 0.4781343 1.347784
v 0.3347061 0.4383331 1.347784
v 0.3842898 0.4974435 1.319235
v 0.336848 0.5372128 1.319235
v 0.4547812 0.5814577 1.304945
v 0.4073713 0.6212589 1.304945
v 0.5354387 0.6775561 1.296633
v 0.4879968 0.7173573 1.296633
v 0.5728102 0.7354518 1.293053
v 0.5385396 0.7642238 1.293053
v 0.1753093 0.3447282 1.211212
v 0.1778668 0.3477653 1.229659
v 0.2253086 0.3079641 1.229659
v 0.2227511 0.304927 1.211212
v 0.2415169 0.3272732 1.265464
v 0.194075 0.3670745 1.265464
v 0.2536331 0.3417232 1.317349
v 0.2062232 0.3815244 1.317349
v 0.2558069 0.3443127 1.355776
v 0.2083971 0.3841139 1.355776
v 0.2057437 0.380981 1.381543
v 0.2531855 0.3411797 1.381543
v 0.2099316 0.3016022 1.15044
v 0.1742863 0.3315251 1.15044
v 0.1836212 0.3306939 1.047596
v 0.207502 0.3106495 1.047596
v 0.5524141 0.7111555 1.234454
v 0.5728102 0.7354518 1.293053
v 0.5385396 0.7642238 1.293053
v 0.5181435 0.7399274 1.234454
v 0.2591317 0.444599 1.20808
v 0.3065735 0.4047977 1.20808
v 0.5524141 0.7111555 1.234454
v 0.5181435 0.7399274 1.234454
v 0.2152065 0.3683532 1.062174
v 0.1836212 0.3306939 1.047596
v 0.207502 0.3106495 1.047596
v 0.2390872 0.3482768 1.062174
v 0.194075 0.3670745 1.265464
v 0.1778668 0.3477653 1.229659
v 0.1753093 0.3447282 1.211212
v 0.2591317 0.444599 1.20808
v 0.2305835 0.3986278 1.135958
v 0.1742863 0.3315251 1.15044
v 0.2152065 0.3683532 1.062174
v 0.1836212 0.3306939 1.047596
v 0.2062232 0.3815244 1.317349
v 0.2083971 0.3841139 1.355776
v 0.2057437 0.380981 1.381543
v 0.2587481 0.4441195 1.381543
v 0.2872963 0.4781343 1.347784
v 0.336848 0.5372128 1.319235
v 0.4073713 0.6212589 1.304945
v 0.4879968 0.7173573 1.296633
v 0.5181435 0.7399274 1.234454
v 0.5385396 0.7642238 1.293053
v 0.2415169 0.3272732 1.265464
v 0.3065735 0.4047977 1.20808
v 0.2227511 0.304927 1.211212
v 0.2253086 0.3079641 1.229659
v 0.2662607 0.3687049 1.135958
v 0.2099316 0.3016022 1.15044
v 0.2390872 0.3482768 1.062174
v 0.207502 0.3106495 1.047596
v 0.2536331 0.3417232 1.317349
v 0.2558069 0.3443127 1.355776
v 0.2531855 0.3411797 1.381543
v 0.3061579 0.4043182 1.381543
v 0.3347061 0.4383331 1.347784
v 0.3842898 0.4974435 1.319235
v 0.4547812 0.5814577 1.304945
v 0.5354387 0.6775561 1.296633
v 0.5524141 0.7111555 1.234454
v 0.5728102 0.7354518 1.293053
v 0.2305835 0.3986278 1.135958
v 0.2662607 0.3687049 1.135958
v 0.3065735 0.4047977 1.20808
v 0.2591317 0.444599 1.20808
v 0.2390872 0.3482768 1.062174
v 0.2152065 0.3683532 1.062174
v 0.1507253 0.1537462 0.9797898
v 0.1203868 0.114968 1.080556
v 0.1076952 0.09984672 1.081835
v 0.136595 0.1369306 0.9523925
v 0.1507253 0.1537462 0.9797898
v 0.1606676 0.1453704 0.9797898
v 0.1277396 0.108766 1.080556
v 0.1203868 0.114968 1.080556
v 0.1606676 0.1453704 0.9797898
v 0.1465693 0.1285548 0.9523925
v 0.115048 0.09364474 1.081835
v 0.1277396 0.108766 1.080556
v 0.2801352 0.2542564 1.029789
v 0.2730701 0.2458166 1.010672
v 0.2479106 0.2158617 1.094878
v 0.2801352 0.2542564 1.094878
v 0.2448416 0.2121853 1.067065
v 0.2339722 0.1992699 1.031931
v 0.2544003 0.2235982 0.9793423
v 0.218787 0.1811436 0.9979162
v 0.2318303 0.1966804 0.951977
v 0.2025788 0.1618344 0.97135
v 0.2020033 0.161163 0.921159
v 0.1822785 0.1376659 0.952904
v 0.1817351 0.1369626 0.9027129
v 0.2355706 0.29166 1.029789
v 0.2355706 0.29166 1.094878
v 0.203346 0.2532653 1.094878
v 0.2284735 0.2832202 1.010672
v 0.200277 0.2495889 1.067065
v 0.1894076 0.2366415 1.031931
v 0.2098357 0.2610018 0.9793423
v 0.1741904 0.2185152 0.9979162
v 0.1872657 0.234084 0.951977
v 0.1580142 0.1992379 0.97135
v 0.1574387 0.1985666 0.921159
v 0.1377139 0.1750375 0.952904
v 0.1371385 0.1743662 0.9027129
v 0.2730701 0.2458166 1.010672
v 0.2801352 0.2542564 1.029789
v 0.2355706 0.29166 1.029789
v 0.2284735 0.2832202 1.010672
v 0.2801352 0.2542564 1.094878
v 0.2355706 0.29166 1.094878
v 0.2544003 0.2235982 0.9793423
v 0.2098357 0.2610018 0.9793423
v 0.2318303 0.1966804 0.951977
v 0.1872657 0.234084 0.951977
v 0.2020033 0.161163 0.921159
v 0.1574387 0.1985666 0.921159
v 0.1817351 0.1369626 0.9027129
v 0.1371385 0.1743662 0.9027129
v 0.2801352 0.2542564 1.094878
v 0.2479106 0.2158617 1.094878
v 0.203346 0.2532653 1.094878
v 0.2355706 0.29166 1.094878
v 0.2339722 0.1992699 1.031931
v 0.218787 0.1811436 0.9979162
v 0.1741904 0.2185152 0.9979162
v 0.1894076 0.2366415 1.031931
v 0.2448416 0.2121853 1.067065
v 0.200277 0.2495889 1.067065
v 0.1580142 0.1992379 0.97135
v 0.2025788 0.1618344 0.97135
v 0.2479106 0.2158617 1.094878
v 0.203346 0.2532653 1.094878
v 0.1377139 0.1750375 0.952904
v 0.1822785 0.1376659 0.952904
v 0.1605397 0.0980565 0.9236205
v 0.103763 0.145722 0.9236205
v 0.1075353 0.1502296 0.9417469
v 0.164344 0.1025641 0.9417469
v 0.1174457 0.1620581 0.952936
v 0.1742544 0.1143926 0.952936
v 0.1296898 0.1766679 0.952936
v 0.1864984 0.1290023 0.952936
v 0.1396321 0.1884644 0.9417469
v 0.1964088 0.1407989 0.9417469
v 0.1434044 0.1929721 0.9236205
v 0.2002131 0.1453065 0.9236205
v 0.1396321 0.1884644 0.9054942
v 0.1964088 0.1407989 0.9054942
v 0.1296898 0.1766679 0.8942731
v 0.1864984 0.1290023 0.8942731
v 0.1174457 0.1620581 0.8942731
v 0.1742544 0.1143926 0.8942731
v 0.1742544 0.1143926 0.8942731
v 0.1174457 0.1620581 0.8942731
v 0.1075353 0.1502296 0.9054942
v 0.164344 0.1025641 0.9054942
v 0.1174457 0.1620581 0.8942731
v 0.1296898 0.1766679 0.8942731
v 0.1396321 0.1884644 0.9054942
v 0.103763 0.145722 0.9236205
v 0.1396321 0.1884644 0.9417469
v 0.1434044 0.1929721 0.9236205
v 0.1174457 0.1620581 0.952936
v 0.1296898 0.1766679 0.952936
v 0.1075353 0.1502296 0.9417469
v 0.1075353 0.1502296 0.9054942
v 0.164344 0.1025641 0.9417469
v 0.1742544 0.1143926 0.952936
v 0.1864984 0.1290023 0.952936
v 0.164344 0.1025641 0.9054942
v 0.2002131 0.1453065 0.9236205
v 0.1964088 0.1407989 0.9417469
v 0.1864984 0.1290023 0.8942731
v 0.1964088 0.1407989 0.9054942
v 0.1742544 0.1143926 0.8942731
v 0.1605397 0.0980565 0.9236205
v 0.150981 0.1953058 0.8948805
v 0.150981 0.1953058 0.9279364
v 0.1429249 0.1857471 0.9279364
v 0.127324 0.1671412 0.8948805
v 0.2019394 0.1525314 0.8948805
v 0.1783144 0.1243668 0.8948805
v 0.1939152 0.1429727 0.9279364
v 0.2019394 0.1525314 0.9279364
v 0.2019394 0.1525314 0.8948805
v 0.150981 0.1953058 0.8948805
v 0.127324 0.1671412 0.8948805
v 0.1783144 0.1243668 0.8948805
v 0.1939152 0.1429727 0.9279364
v 0.1429249 0.1857471 0.9279364
v 0.150981 0.1953058 0.9279364
v 0.2019394 0.1525314 0.9279364
v 0.2019394 0.1525314 0.9279364
v 0.150981 0.1953058 0.9279364
v 0.150981 0.1953058 0.8948805
v 0.2019394 0.1525314 0.8948805
v 0.4084902 0.5675513 1.046509
v 0.4084902 0.5918476 1.038389
v 0.4084902 0.6050188 1.075952
v 0.4084902 0.566816 1.081707
v 0.4084902 0.5762787 1.095006
v 0.4084902 0.6139701 1.100472
v 0.4084902 0.5915919 1.114187
v 0.4084902 0.61608 1.136885
v 0.4084902 0.6277806 1.130363
v 0.4239951 0.6050188 1.075952
v 0.4239951 0.5918476 1.038389
v 0.4239951 0.5675513 1.046509
v 0.4239951 0.566816 1.081707
v 0.4239951 0.5762787 1.095006
v 0.4239951 0.6139701 1.100472
v 0.4239951 0.5915919 1.114187
v 0.4239951 0.61608 1.136885
v 0.4239951 0.6277806 1.130363
v 0.4239951 0.5918476 1.038389
v 0.4084902 0.5918476 1.038389
v 0.4084902 0.5675513 1.046509
v 0.4239951 0.5675513 1.046509
v 0.4084902 0.5675513 1.046509
v 0.4084902 0.566816 1.081707
v 0.4239951 0.566816 1.081707
v 0.4239951 0.5675513 1.046509
v 0.4239951 0.5762787 1.095006
v 0.4084902 0.5762787 1.095006
v 0.4239951 0.5915919 1.114187
v 0.4084902 0.5915919 1.114187
v 0.4239951 0.61608 1.136885
v 0.4084902 0.61608 1.136885
v 0.4239951 0.61608 1.136885
v 0.4084902 0.61608 1.136885
v 0.4084902 0.6277806 1.130363
v 0.4239951 0.6277806 1.130363
v 0.4084902 0.6277806 1.130363
v 0.4084902 0.6139701 1.100472
v 0.4239951 0.6139701 1.100472
v 0.4239951 0.6277806 1.130363
v 0.4239951 0.6050188 1.075952
v 0.4084902 0.6050188 1.075952
v 0.4239951 0.5918476 1.038389
v 0.4084902 0.5918476 1.038389
v 0.4168341 0.5930944 1.076016
v 0.4168341 0.6097183 1.115402
v 0.4285347 0.6141939 1.113516
v 0.4285347 0.59757 1.07413
v 0.433394 0.6249993 1.108976
v 0.433394 0.6083755 1.06959
v 0.433394 0.6083755 1.06959
v 0.433394 0.6249993 1.108976
v 0.4285347 0.6357729 1.104404
v 0.4285347 0.619149 1.065051
v 0.4168341 0.6402485 1.102518
v 0.4168341 0.6236246 1.063165
v 0.4168341 0.6236246 1.063165
v 0.4168341 0.6402485 1.102518
v 0.4051335 0.6357729 1.104404
v 0.4051335 0.619149 1.065051
v 0.4002742 0.6249993 1.108976
v 0.4002742 0.6083755 1.06959
v 0.4002742 0.6083755 1.06959
v 0.4002742 0.6249993 1.108976
v 0.4051335 0.6141939 1.113516
v 0.4051335 0.59757 1.07413
v 0.4168341 0.6097183 1.115402
v 0.4168341 0.5930944 1.076016
v 0.4002742 0.6249993 1.108976
v 0.4051335 0.6357729 1.104404
v 0.4168341 0.6402485 1.102518
v 0.4168341 0.6097183 1.115402
v 0.433394 0.6249993 1.108976
v 0.4285347 0.6357729 1.104404
v 0.4285347 0.6141939 1.113516
v 0.4051335 0.6141939 1.113516
v 0.4285347 0.59757 1.07413
v 0.433394 0.6083755 1.06959
v 0.4285347 0.619149 1.065051
v 0.4051335 0.59757 1.07413
v 0.4051335 0.619149 1.065051
v 0.4168341 0.6236246 1.063165
v 0.4002742 0.6083755 1.06959
v 0.4168341 0.5930944 1.076016
v 0.4132856 0.6440528 1.033306
v 0.4132856 0.7016607 1.141968
v 0.4132856 0.6611561 1.12771
v 0.4132856 0.6159201 1.040499
v 0.4132856 0.6293791 1.127518
v 0.4132856 0.591432 1.04945
v 0.4211499 0.6440528 1.033306
v 0.4211499 0.6159201 1.040499
v 0.4211499 0.6611561 1.12771
v 0.4211499 0.7016607 1.141968
v 0.4211499 0.6293791 1.127518
v 0.4211499 0.591432 1.04945
v 0.4132856 0.6440528 1.033306
v 0.4132856 0.6159201 1.040499
v 0.4211499 0.6159201 1.040499
v 0.4211499 0.6440528 1.033306
v 0.4211499 0.591432 1.04945
v 0.4132856 0.591432 1.04945
v 0.4211499 0.591432 1.04945
v 0.4132856 0.591432 1.04945
v 0.4132856 0.6293791 1.127518
v 0.4211499 0.6293791 1.127518
v 0.4132856 0.6293791 1.127518
v 0.4132856 0.6611561 1.12771
v 0.4211499 0.6611561 1.12771
v 0.4211499 0.6293791 1.127518
v 0.4211499 0.7016607 1.141968
v 0.4132856 0.7016607 1.141968
v 0.4211499 0.7016607 1.141968
v 0.4132856 0.7016607 1.141968
v 0.4132856 0.6440528 1.033306
v 0.4211499 0.6440528 1.033306
v 0.4229402 0.5564581 1.032155
v 0.4089698 0.5564581 1.032155
v 0.4089698 0.5644184 1.051432
v 0.4229402 0.5644184 1.051432
v 0.4229402 0.5644184 1.051432
v 0.4089698 0.5644184 1.051432
v 0.4089698 0.5836956 1.059392
v 0.4229402 0.5836956 1.059392
v 0.4089698 0.6029409 1.051432
v 0.4229402 0.6029409 1.051432
v 0.4229402 0.6029409 1.051432
v 0.4089698 0.6029409 1.051432
v 0.4089698 0.6109011 1.032155
v 0.4229402 0.6109011 1.032155
v 0.4229402 0.6109011 1.032155
v 0.4089698 0.6109011 1.032155
v 0.4089698 0.6029409 1.01291
v 0.4229402 0.6029409 1.01291
v 0.4089698 0.5836956 1.004949
v 0.4229402 0.5836956 1.004949
v 0.4089698 0.5644184 1.01291
v 0.4229402 0.5644184 1.01291
v 0.4229402 0.5644184 1.01291
v 0.4089698 0.5644184 1.01291
v 0.4089698 0.5564581 1.032155
v 0.4229402 0.5564581 1.032155
v 0.4089698 0.5836956 1.004949
v 0.4089698 0.6029409 1.01291
v 0.4089698 0.6109011 1.032155
v 0.4089698 0.5564581 1.032155
v 0.4089698 0.5836956 1.059392
v 0.4089698 0.6029409 1.051432
v 0.4089698 0.5644184 1.051432
v 0.4089698 0.5644184 1.01291
v 0.4229402 0.5644184 1.051432
v 0.4229402 0.5836956 1.059392
v 0.4229402 0.6029409 1.051432
v 0.4229402 0.5644184 1.01291
v 0.4229402 0.6029409 1.01291
v 0.4229402 0.6109011 1.032155
v 0.4229402 0.5836956 1.004949
v 0.4229402 0.5564581 1.032155
v 0.3999226 0.6517573 1.349222
v 0.3970454 0.6517573 1.356127
v 0.3950953 0.7354198 1.354177
v 0.3971733 0.7354198 1.349222
v 0.3901401 0.7354198 1.356255
v 0.3901401 0.6517573 1.359004
v 0.385153 0.7354198 1.354177
v 0.3832349 0.6517573 1.356127
v 0.3831069 0.7354198 1.349222
v 0.3803576 0.6517573 1.349222
v 0.385153 0.7354198 1.344235
v 0.3832349 0.6517573 1.342285
v 0.3901401 0.7354198 1.342189
v 0.3901401 0.6517573 1.33944
v 0.3970454 0.6517573 1.342285
v 0.3950953 0.7354198 1.344235
v 0.3901401 0.6517573 1.33944
v 0.3901401 0.7354198 1.342189
v 0.3951273 0.902585 1.349222
v 0.3901401 0.902585 1.354209
v 0.3936567 0.902585 1.352739
v 0.385153 0.902585 1.349222
v 0.3866236 0.902585 1.352739
v 0.3901401 0.902585 1.344235
v 0.3936567 0.902585 1.345706
v 0.3866236 0.902585 1.345706
v 0.3901401 0.902585 1.344235
v 0.3901401 0.6517573 1.33944
v 0.3832349 0.6517573 1.342285
v 0.3803576 0.6517573 1.349222
v 0.3999226 0.6517573 1.349222
v 0.3901401 0.6517573 1.359004
v 0.3832349 0.6517573 1.356127
v 0.3970454 0.6517573 1.356127
v 0.3970454 0.6517573 1.342285
v 0.3936567 0.902585 1.352739
v 0.3901401 0.902585 1.354209
v 0.3866236 0.902585 1.352739
v 0.3936567 0.902585 1.345706
v 0.3866236 0.902585 1.345706
v 0.385153 0.902585 1.349222
v 0.3901401 0.902585 1.344235
v 0.3951273 0.902585 1.349222
v 0.2097078 0.1976075 1.130715
v 0.2198739 0.2097237 1.130715
v 0.2007885 0.2257721 1.130715
v 0.1906224 0.2136239 1.130715
v 0.2016517 0.1879849 1.17496
v 0.1825343 0.2040013 1.17496
v 0.2007885 0.2257721 1.17496
v 0.2198739 0.2097237 1.17496
v 0.2097078 0.1976075 1.130715
v 0.1906224 0.2136239 1.130715
v 0.1825343 0.2040013 1.17496
v 0.2016517 0.1879849 1.17496
v 0.1906224 0.2136239 1.130715
v 0.2007885 0.2257721 1.130715
v 0.2007885 0.2257721 1.17496
v 0.1825343 0.2040013 1.17496
v 0.2097078 0.1976075 1.130715
v 0.2016517 0.1879849 1.17496
v 0.2198739 0.2097237 1.17496
v 0.2198739 0.2097237 1.130715
v 0.09954309 0.1090218 1.111342
v 0.09250996 0.100646 1.088324
v 0.094524 0.1030436 1.078158
v 0.1233919 0.1374421 1.083785
v 0.1161349 0.1288105 1.078158
v 0.1120429 0.1239193 1.111342
v 0.1278675 0.1427809 1.097819
v 0.1286987 0.1437719 1.111342
v 0.07438362 0.07970631 1.075217
v 0.07438362 0.07970631 1.085351
v 0.1404313 0.1084144 1.078158
v 0.1188203 0.0826475 1.078158
v 0.1168383 0.08024979 1.088324
v 0.1476882 0.1170779 1.083785
v 0.1238714 0.08862567 1.111342
v 0.1363393 0.1035231 1.111342
v 0.1521639 0.1223848 1.097819
v 0.153027 0.1233758 1.111342
v 0.09867996 0.0593102 1.075217
v 0.09867996 0.0593102 1.085351
v 0.1161349 0.1288105 1.078158
v 0.094524 0.1030436 1.078158
v 0.1188203 0.0826475 1.078158
v 0.1404313 0.1084144 1.078158
v 0.1476882 0.1170779 1.083785
v 0.1233919 0.1374421 1.083785
v 0.1521639 0.1223848 1.097819
v 0.1278675 0.1427809 1.097819
v 0.153027 0.1233758 1.111342
v 0.1286987 0.1437719 1.111342
v 0.09867996 0.0593102 1.075217
v 0.07438362 0.07970631 1.075217
v 0.09250996 0.100646 1.088324
v 0.09954309 0.1090218 1.111342
v 0.1238714 0.08862567 1.111342
v 0.1168383 0.08024979 1.088324
v 0.1286987 0.1437719 1.111342
v 0.153027 0.1233758 1.111342
v 0.1363393 0.1035231 1.111342
v 0.1120429 0.1239193 1.111342
v 0.1238714 0.08862567 1.111342
v 0.09954309 0.1090218 1.111342
v 0.09250996 0.100646 1.088324
v 0.1168383 0.08024979 1.088324
v 0.09867996 0.0593102 1.085351
v 0.07438362 0.07970631 1.085351
v 0.06492084 0.07462329 1.068376
v 0.07556644 0.08127284 1.068376
v 0.07556644 0.08127284 1.117064
v 0.06492084 0.07462329 1.117064
v 0.06022137 0.06295466 1.068376
v 0.06018943 0.06295466 1.117064
v 0.06325847 0.05077451 1.068376
v 0.06325847 0.05077451 1.117064
v 0.07288107 0.0426864 1.068376
v 0.07288107 0.0426864 1.117064
v 0.08541286 0.04179126 1.068376
v 0.08541286 0.04179126 1.117064
v 0.09609047 0.04847276 1.068376
v 0.09609047 0.04847276 1.117064
v 0.1007899 0.06010944 1.068376
v 0.1007899 0.06010944 1.117064
v 0.09775284 0.07232153 1.068376
v 0.09775284 0.07232153 1.117064
v 0.08809826 0.08040965 1.068376
v 0.08809826 0.08040965 1.117064
v 0.07556644 0.08127284 1.068376
v 0.07556644 0.08127284 1.117064
v 0.06325847 0.05077451 1.068376
v 0.07288107 0.0426864 1.068376
v 0.08541286 0.04179126 1.068376
v 0.06492084 0.07462329 1.068376
v 0.1007899 0.06010944 1.068376
v 0.09609047 0.04847276 1.068376
v 0.08809826 0.08040965 1.068376
v 0.09775284 0.07232153 1.068376
v 0.07556644 0.08127284 1.068376
v 0.06022137 0.06295466 1.068376
v 0.07556644 0.08127284 1.117064
v 0.08809826 0.08040965 1.117064
v 0.09775284 0.07232153 1.117064
v 0.06018943 0.06295466 1.117064
v 0.09609047 0.04847276 1.117064
v 0.1007899 0.06010944 1.117064
v 0.07288107 0.0426864 1.117064
v 0.08541286 0.04179126 1.117064
v 0.06325847 0.05077451 1.117064
v 0.06492084 0.07462329 1.117064
v 0.3587787 0.6617315 1.375724
v 0.3803257 0.672633 1.370481
v 0.3841619 0.6679655 1.372495
v 0.3765853 0.5973143 1.395225
v 0.4004021 0.670491 1.371984
v 0.4378057 0.670491 1.371984
v 0.4616225 0.5973143 1.395225
v 0.4540459 0.6679655 1.372495
v 0.4794292 0.6617315 1.375724
v 0.4578822 0.672633 1.370481
v 0.3479092 0.5086007 1.363576
v 0.3675061 0.4956853 1.376396
v 0.3664192 0.4953017 1.328315
v 0.3469822 0.5084408 1.328315
v 0.3988676 0.4891316 1.328315
v 0.3992513 0.4893873 1.376332
v 0.4389566 0.4893873 1.376332
v 0.4393402 0.4890997 1.328315
v 0.4707976 0.4956853 1.376332
v 0.4717886 0.4953017 1.328315
v 0.4903305 0.5086007 1.363576
v 0.4912257 0.5084408 1.328315
v 0.4020326 0.6527802 1.365782
v 0.4020326 0.6527483 1.368371
v 0.3987398 0.6525884 1.371696
v 0.3808372 0.6526844 1.365654
v 0.3863038 0.6525245 1.371632
v 0.3813806 0.6526204 1.368947
v 0.3809651 0.6527802 1.333302
v 0.4020326 0.6529081 1.332918
v 0.3990594 0.6820957 1.328315
v 0.4012653 0.6811367 1.33295
v 0.3806773 0.6770766 1.33295
v 0.3779919 0.6779397 1.328315
v 0.3473018 0.6640013 1.328315
v 0.4391484 0.6820957 1.328315
v 0.4369425 0.6811367 1.33295
v 0.4023522 0.6762773 1.368531
v 0.4358556 0.6762454 1.368531
v 0.4575305 0.6770766 1.33295
v 0.4602159 0.6779397 1.328315
v 0.490906 0.6640013 1.328315
v 0.4902666 0.6599413 1.363544
v 0.4578822 0.672633 1.370481
v 0.4794292 0.6617315 1.375724
v 0.3479732 0.6599413 1.363544
v 0.3803257 0.672633 1.370481
v 0.3587787 0.6617315 1.375724
v 0.4004021 0.670491 1.371984
v 0.4020326 0.6527483 1.368371
v 0.4020326 0.6527802 1.365782
v 0.4023522 0.6762773 1.368531
v 0.3841619 0.6679655 1.372495
v 0.3863038 0.6525245 1.371632
v 0.3987398 0.6525884 1.371696
v 0.4004021 0.670491 1.371984
v 0.3841619 0.6679655 1.372495
v 0.3803257 0.672633 1.370481
v 0.3808372 0.6526844 1.365654
v 0.3813806 0.6526204 1.368947
v 0.3806773 0.6770766 1.33295
v 0.3809651 0.6527802 1.333302
v 0.3808372 0.6526844 1.365654
v 0.3803257 0.672633 1.370481
v 0.3806773 0.6770766 1.33295
v 0.4012653 0.6811367 1.33295
v 0.4020326 0.6529081 1.332918
v 0.3809651 0.6527802 1.333302
v 0.4023522 0.6762773 1.368531
v 0.4020326 0.6527802 1.365782
v 0.4020326 0.6529081 1.332918
v 0.4012653 0.6811367 1.33295
v 0.3987398 0.6525884 1.371696
v 0.4020326 0.6527483 1.368371
v 0.4004021 0.670491 1.371984
v 0.3841619 0.6679655 1.372495
v 0.3813806 0.6526204 1.368947
v 0.3863038 0.6525245 1.371632
v 0.3675061 0.4956853 1.376396
v 0.3479092 0.5086007 1.363576
v 0.3767132 0.525672 1.395193
v 0.3765853 0.5973143 1.395225
v 0.3479092 0.5086007 1.363576
v 0.3479732 0.6599413 1.363544
v 0.3587787 0.6617315 1.375724
v 0.3767132 0.525672 1.395193
v 0.3469822 0.5084408 1.328315
v 0.3473018 0.6640013 1.328315
v 0.3479732 0.6599413 1.363544
v 0.3479092 0.5086007 1.363576
v 0.4614946 0.525672 1.395193
v 0.3767132 0.525672 1.395193
v 0.3765853 0.5973143 1.395225
v 0.4616225 0.5973143 1.395225
v 0.3473018 0.6640013 1.328315
v 0.490906 0.6640013 1.328315
v 0.4391484 0.6820957 1.328315
v 0.3990594 0.6820957 1.328315
v 0.4912257 0.5084408 1.328315
v 0.3469822 0.5084408 1.328315
v 0.4717886 0.4953017 1.328315
v 0.3779919 0.6779397 1.328315
v 0.4602159 0.6779397 1.328315
v 0.4393402 0.4890997 1.328315
v 0.3664192 0.4953017 1.328315
v 0.3988676 0.4891316 1.328315
v 0.451904 0.6525245 1.371632
v 0.4395 0.6525884 1.371696
v 0.4573706 0.6526844 1.365654
v 0.4568272 0.6526524 1.368947
v 0.4361753 0.6527483 1.365782
v 0.4361753 0.6527483 1.368371
v 0.4572428 0.6527802 1.333302
v 0.4361753 0.6529081 1.332918
v 0.4361753 0.6527483 1.365782
v 0.4361753 0.6527483 1.368371
v 0.4378057 0.670491 1.371984
v 0.4358556 0.6762454 1.368531
v 0.4395 0.6525884 1.371696
v 0.451904 0.6525245 1.371632
v 0.4540459 0.6679655 1.372495
v 0.4378057 0.670491 1.371984
v 0.4540459 0.6679655 1.372495
v 0.4568272 0.6526524 1.368947
v 0.4573706 0.6526844 1.365654
v 0.4578822 0.672633 1.370481
v 0.4573706 0.6526844 1.365654
v 0.4572428 0.6527802 1.333302
v 0.4575305 0.6770766 1.33295
v 0.4578822 0.672633 1.370481
v 0.4575305 0.6770766 1.33295
v 0.4572428 0.6527802 1.333302
v 0.4361753 0.6529081 1.332918
v 0.4369425 0.6811367 1.33295
v 0.4361753 0.6529081 1.332918
v 0.4361753 0.6527483 1.365782
v 0.4358556 0.6762454 1.368531
v 0.4369425 0.6811367 1.33295
v 0.4361753 0.6527483 1.368371
v 0.4395 0.6525884 1.371696
v 0.4378057 0.670491 1.371984
v 0.451904 0.6525245 1.371632
v 0.4568272 0.6526524 1.368947
v 0.4540459 0.6679655 1.372495
v 0.4023522 0.6762773 1.368531
v 0.4358556 0.6762454 1.368531
v 0.4378057 0.670491 1.371984
v 0.4004021 0.670491 1.371984
v 0.3767132 0.525672 1.395193
v 0.3992513 0.4893873 1.376332
v 0.3675061 0.4956853 1.376396
v 0.4614946 0.525672 1.395193
v 0.4389566 0.4893873 1.376332
v 0.4707976 0.4956853 1.376332
v 0.4902666 0.6599413 1.363544
v 0.490906 0.6640013 1.328315
v 0.4912257 0.5084408 1.328315
v 0.4903305 0.5086007 1.363576
v 0.4707976 0.4956853 1.376332
v 0.4614946 0.525672 1.395193
v 0.4903305 0.5086007 1.363576
v 0.4902666 0.6599413 1.363544
v 0.4614946 0.525672 1.395193
v 0.4616225 0.5973143 1.395225
v 0.4794292 0.6617315 1.375724
v 0.4903305 0.5086007 1.363576
v 0.3209915 0.5377563 1.372879
v 0.377928 0.5376924 1.372687
v 0.377928 0.561605 1.372687
v 0.3209915 0.5614452 1.372879
v 0.3209915 0.5327052 1.375532
v 0.37796 0.5325773 1.375437
v 0.3209595 0.5300198 1.380584
v 0.37796 0.52986 1.380552
v 0.37796 0.52986 1.385411
v 0.3209595 0.5300198 1.385379
v 0.3209915 0.5327052 1.39043
v 0.37796 0.5325773 1.390526
v 0.3209915 0.5377563 1.393083
v 0.377928 0.5376924 1.393243
v 0.377928 0.561605 1.393243
v 0.3209915 0.5614452 1.393083
v 0.377928 0.561605 1.372687
v 0.377928 0.561605 1.393243
v 0.3209915 0.5614452 1.393083
v 0.3209915 0.5614452 1.372879
v 0.3209915 0.5377563 1.372879
v 0.3209595 0.5300198 1.385379
v 0.3209915 0.5327052 1.375532
v 0.3209915 0.5614452 1.393083
v 0.3209915 0.5614452 1.372879
v 0.3209915 0.5377563 1.393083
v 0.3209915 0.5327052 1.39043
v 0.3209595 0.5300198 1.380584
v 0.361464 0.6120519 1.389631
v 0.3626149 0.6147693 1.389631
v 0.3626149 0.6147693 1.370865
v 0.361464 0.6120519 1.370865
v 0.361496 0.6175186 1.370865
v 0.361496 0.6175186 1.389631
v 0.3587467 0.610933 1.389631
v 0.361464 0.6120519 1.389631
v 0.361464 0.6120519 1.370865
v 0.3587467 0.610933 1.370865
v 0.3560293 0.6120519 1.389631
v 0.3587467 0.610933 1.389631
v 0.3587467 0.610933 1.370865
v 0.3560293 0.6120519 1.370865
v 0.3549104 0.6147693 1.389631
v 0.3549104 0.6147693 1.370865
v 0.3560293 0.6175186 1.389631
v 0.3560293 0.6175186 1.370865
v 0.3587467 0.6186375 1.389631
v 0.3560293 0.6175186 1.389631
v 0.3560293 0.6175186 1.370865
v 0.3587467 0.6186375 1.370865
v 0.361496 0.6175186 1.389631
v 0.361496 0.6175186 1.370865
v 0.3587467 0.610933 1.389631
v 0.3560293 0.6120519 1.389631
v 0.3549104 0.6147693 1.389631
v 0.3626149 0.6147693 1.389631
v 0.3587467 0.6186375 1.389631
v 0.3560293 0.6175186 1.389631
v 0.361496 0.6175186 1.389631
v 0.361464 0.6120519 1.389631
v 0.4831695 0.6120519 1.389631
v 0.4843204 0.6147693 1.389631
v 0.4843204 0.6147693 1.370865
v 0.4831695 0.6120519 1.370865
v 0.4804522 0.610933 1.389631
v 0.4804522 0.610933 1.370865
v 0.4831695 0.6175186 1.370865
v 0.4831695 0.6175186 1.389631
v 0.4804522 0.6186375 1.370865
v 0.4804522 0.6186375 1.389631
v 0.4777348 0.6120519 1.389631
v 0.4804522 0.610933 1.389631
v 0.4804522 0.610933 1.370865
v 0.4777348 0.6120519 1.370865
v 0.4766159 0.6147693 1.389631
v 0.4777348 0.6120519 1.389631
v 0.4777348 0.6120519 1.370865
v 0.4766159 0.6147693 1.370865
v 0.4777348 0.6175186 1.389631
v 0.4777348 0.6175186 1.370865
v 0.4804522 0.6186375 1.389631
v 0.4804522 0.6186375 1.370865
v 0.4804522 0.610933 1.389631
v 0.4777348 0.6120519 1.389631
v 0.4766159 0.6147693 1.389631
v 0.4843204 0.6147693 1.389631
v 0.4804522 0.6186375 1.389631
v 0.4777348 0.6175186 1.389631
v 0.4831695 0.6175186 1.389631
v 0.4831695 0.6120519 1.389631
v 0.5186549 0.5377243 1.372879
v 0.5186549 0.5614452 1.372879
v 0.4616864 0.561605 1.372687
v 0.4616864 0.5376924 1.372687
v 0.5186549 0.5327052 1.375532
v 0.4616864 0.5325773 1.375437
v 0.5186549 0.5300198 1.380584
v 0.4616864 0.52986 1.380552
v 0.4616864 0.52986 1.385411
v 0.5186549 0.5300198 1.385379
v 0.5186549 0.5327052 1.39043
v 0.4616864 0.5325773 1.390526
v 0.5186549 0.5377243 1.393083
v 0.4616864 0.5376924 1.393243
v 0.4616864 0.561605 1.393243
v 0.5186549 0.5614452 1.393083
v 0.4616864 0.561605 1.372687
v 0.5186549 0.5614452 1.372879
v 0.5186549 0.5614452 1.393083
v 0.4616864 0.561605 1.393243
v 0.5186549 0.5377243 1.372879
v 0.5186549 0.5327052 1.375532
v 0.5186549 0.5300198 1.385379
v 0.5186549 0.5614452 1.393083
v 0.5186549 0.5614452 1.372879
v 0.5186549 0.5377243 1.393083
v 0.5186549 0.5327052 1.39043
v 0.5186549 0.5300198 1.380584
v 0.213576 0.405565 1.292989
v 0.2071823 0.3979564 1.323551
v 0.22387 0.383954 1.323551
v 0.2302638 0.3915626 1.292989
v 0.2302638 0.3915626 1.354081
v 0.213576 0.405565 1.354081
v 0.2469516 0.4114792 1.372943
v 0.2302638 0.4254816 1.372943
v 0.2676035 0.4360633 1.372943
v 0.2509157 0.4500657 1.372943
v 0.2842912 0.4559479 1.354081
v 0.2676035 0.4699823 1.354081
v 0.290685 0.4635566 1.323551
v 0.2739972 0.4775589 1.323551
v 0.2842912 0.4559479 1.292989
v 0.2676035 0.4699823 1.292989
v 0.2676035 0.4360633 1.274127
v 0.2509157 0.4500657 1.274127
v 0.2469516 0.4114792 1.274127
v 0.2302638 0.4254816 1.274127
v 0.2302638 0.3915626 1.292989
v 0.213576 0.405565 1.292989
v 0.3804536 0.6224738 1.333749
v 0.3674102 0.5917518 1.333749
v 0.3674102 0.5917518 1.302995
v 0.3804536 0.6224738 1.302995
v 0.4090657 0.6396411 1.333749
v 0.4090657 0.6396411 1.302995
v 0.4423133 0.6367319 1.333749
v 0.4423133 0.6367319 1.302995
v 0.4674728 0.6148332 1.333749
v 0.4674728 0.6148332 1.302995
v 0.4749855 0.5823209 1.333749
v 0.4749855 0.5823209 1.302995
v 0.3749229 0.5592393 1.302995
v 0.3749229 0.5592393 1.333749
v 0.4001144 0.5373407 1.302995
v 0.4001144 0.5373407 1.333749
v 0.433362 0.5344315 1.302995
v 0.433362 0.5344315 1.333749
v 0.4619422 0.5515988 1.302995
v 0.4619422 0.5515988 1.333749
v 0.4749855 0.5823209 1.302995
v 0.4749855 0.5823209 1.333749
v 0.433362 0.5344315 1.302995
v 0.3804536 0.6224738 1.302995
v 0.3749229 0.5592393 1.302995
v 0.4001144 0.5373407 1.302995
v 0.4749855 0.5823209 1.302995
v 0.4619422 0.5515988 1.302995
v 0.4423133 0.6367319 1.302995
v 0.4674728 0.6148332 1.302995
v 0.4090657 0.6396411 1.302995
v 0.3674102 0.5917518 1.302995
v 0.3544629 0.3361606 1.313577
v 0.3597377 0.3506106 1.313577
v 0.3567327 0.3609045 1.313577
v 0.3088753 0.4010574 1.313577
v 0.3305182 0.329639 1.313577
v 0.2826608 0.3698238 1.313577
v 0.3411638 0.3284561 1.313577
v 0.3544629 0.3361606 1.333174
v 0.3411638 0.3284561 1.333174
v 0.3305182 0.329639 1.333174
v 0.2826608 0.3698238 1.333174
v 0.3567327 0.3609045 1.333174
v 0.3597377 0.3506106 1.333174
v 0.3088753 0.4010574 1.333174
v 0.2826608 0.3698238 1.313577
v 0.2826608 0.3698238 1.333174
v 0.3305182 0.329639 1.333174
v 0.3305182 0.329639 1.313577
v 0.3411638 0.3284561 1.333174
v 0.3411638 0.3284561 1.313577
v 0.3544629 0.3361606 1.333174
v 0.3544629 0.3361606 1.313577
v 0.3597377 0.3506106 1.333174
v 0.3597377 0.3506106 1.313577
v 0.3567327 0.3609045 1.333174
v 0.3567327 0.3609045 1.313577
v 0.3088753 0.4010574 1.333174
v 0.3088753 0.4010574 1.313577
v 0.2684986 0.3482128 1.319683
v 0.2575972 0.357356 1.319683
v 0.2615613 0.3620554 1.342637
v 0.2724627 0.3529123 1.342637
v 0.2723348 0.3749388 1.35942
v 0.2832362 0.3657638 1.35942
v 0.2724627 0.3529123 1.296761
v 0.2615613 0.3620554 1.296761
v 0.2832362 0.3657638 1.279978
v 0.2723348 0.3749388 1.279978
v 0.2979739 0.3833467 1.273839
v 0.2870725 0.3924897 1.273839
v 0.3127115 0.4008976 1.279978
v 0.3018101 0.4100407 1.279978
v 0.323517 0.413749 1.296761
v 0.3126156 0.4229241 1.296761
v 0.3274492 0.4184805 1.319683
v 0.3165478 0.4276236 1.319683
v 0.323517 0.413749 1.342637
v 0.3126156 0.4229241 1.342637
v 0.3127115 0.4008976 1.35942
v 0.3018101 0.4100407 1.35942
v 0.2979739 0.3833467 1.365558
v 0.2870725 0.3924897 1.365558
v 0.2832362 0.3657638 1.35942
v 0.2723348 0.3749388 1.35942
v 0.3127115 0.4008976 1.279978
v 0.2979739 0.3833467 1.273839
v 0.2832362 0.3657638 1.279978
v 0.2684986 0.3482128 1.319683
v 0.3127115 0.4008976 1.35942
v 0.3274492 0.4184805 1.319683
v 0.323517 0.413749 1.296761
v 0.323517 0.413749 1.342637
v 0.2832362 0.3657638 1.35942
v 0.2979739 0.3833467 1.365558
v 0.2724627 0.3529123 1.342637
v 0.2724627 0.3529123 1.296761
v 0.4601519 0.5429992 1.312042
v 0.4349924 0.5641306 1.312042
v 0.4479079 0.5795076 1.312042
v 0.4730674 0.5584082 1.312042
v 0.4505293 0.5510873 1.291167
v 0.4349924 0.5641306 1.312042
v 0.4601519 0.5429992 1.312042
v 0.4619742 0.5414967 1.305265
v 0.4349924 0.5641306 1.262778
v 0.4634447 0.5664963 1.291167
v 0.4748896 0.5568736 1.305265
v 0.4730674 0.5584082 1.312042
v 0.4479079 0.5795076 1.312042
v 0.4479079 0.5795076 1.262778
v 0.4349924 0.5641306 1.262778
v 0.4505293 0.5510873 1.291167
v 0.4634447 0.5664963 1.291167
v 0.4479079 0.5795076 1.262778
v 0.4619742 0.5414967 1.305265
v 0.4748896 0.5568736 1.305265
v 0.4730674 0.5584082 1.312042
v 0.4748896 0.5568736 1.305265
v 0.4619742 0.5414967 1.305265
v 0.4601519 0.5429992 1.312042
v 0.2114022 0.3170432 1.320386
v 0.1891838 0.3356811 1.320386
v 0.193116 0.3403805 1.347272
v 0.2153344 0.3217427 1.347272
v 0.2041772 0.3535197 1.368819
v 0.2263956 0.3349138 1.368819
v 0.2201297 0.3725731 1.380775
v 0.242348 0.3539353 1.380775
v 0.2153344 0.3217427 1.2935
v 0.193116 0.3403805 1.2935
v 0.2263956 0.3349138 1.271953
v 0.2041772 0.3535197 1.271953
v 0.242348 0.3539353 1.259997
v 0.2201297 0.3725731 1.259997
v 0.1891838 0.3356811 1.320386
v 0.193116 0.3403805 1.2935
v 0.2041772 0.3535197 1.271953
v 0.2201297 0.3725731 1.380775
v 0.2041772 0.3535197 1.368819
v 0.193116 0.3403805 1.347272
v 0.2201297 0.3725731 1.259997
v 0.2114022 0.3170432 1.320386
v 0.2153344 0.3217427 1.347272
v 0.2263956 0.3349138 1.368819
v 0.242348 0.3539353 1.259997
v 0.2263956 0.3349138 1.271953
v 0.2153344 0.3217427 1.2935
v 0.242348 0.3539353 1.380775
v 0.3689448 0.6195646 1.312042
v 0.3818602 0.6349416 1.312042
v 0.4070197 0.6138422 1.312042
v 0.3941042 0.5984651 1.312042
v 0.3785674 0.6114765 1.291167
v 0.3671225 0.6210671 1.305265
v 0.3689448 0.6195646 1.312042
v 0.3941042 0.5984651 1.312042
v 0.3941042 0.5984651 1.262778
v 0.3818602 0.6349416 1.312042
v 0.380038 0.6364761 1.305265
v 0.3914828 0.6268535 1.291167
v 0.4070197 0.6138422 1.312042
v 0.4070197 0.6138422 1.262778
v 0.3941042 0.5984651 1.262778
v 0.4070197 0.6138422 1.262778
v 0.3914828 0.6268535 1.291167
v 0.3785674 0.6114765 1.291167
v 0.3671225 0.6210671 1.305265
v 0.380038 0.6364761 1.305265
v 0.3818602 0.6349416 1.312042
v 0.3689448 0.6195646 1.312042
v 0.3671225 0.6210671 1.305265
v 0.380038 0.6364761 1.305265
v 0.3986758 0.5949805 1.209167
v 0.3986758 0.5949805 1.239633
v 0.4009776 0.5783247 1.239633
v 0.4009776 0.5783247 1.209167
v 0.4009776 0.5783247 1.209167
v 0.4009776 0.5783247 1.239633
v 0.4110158 0.5701408 1.239633
v 0.4110158 0.5701408 1.209167
v 0.4239632 0.57094 1.239633
v 0.4239632 0.57094 1.209167
v 0.4355359 0.5830881 1.239633
v 0.4355359 0.5830881 1.209167
v 0.4355359 0.5830881 1.209167
v 0.4355359 0.5830881 1.239633
v 0.4332342 0.5997439 1.239633
v 0.4332342 0.5997439 1.209167
v 0.4231959 0.607928 1.239633
v 0.4231959 0.607928 1.209167
v 0.4102485 0.6071287 1.239633
v 0.4102485 0.6071287 1.209167
v 0.3986758 0.5949805 1.239633
v 0.3986758 0.5949805 1.209167
v 0.2311589 0.4945983 1.359164
v 0.2172844 0.5137476 1.301365
v 0.2440104 0.5148665 1.349766
v 0.2340042 0.4945664 1.364247
v 0.228026 0.4921367 1.356991
v 0.2203215 0.4817149 1.359644
v 0.1618824 0.4477 1.301365
v 0.1939472 0.4502894 1.359644
v 0.2192985 0.4785179 1.363193
v 0.1969203 0.451824 1.363193
v 0.1849959 0.4408906 1.356991
v 0.1831417 0.4373421 1.359164
v 0.165399 0.4211978 1.349766
v 0.1836532 0.4345608 1.364247
v 0.2758195 0.4780385 1.152773
v 0.2885111 0.4931278 1.170132
v 0.2605064 0.51541 1.170324
v 0.2379044 0.5085368 1.153317
v 0.254688 0.4528469 1.145101
v 0.2171885 0.4838248 1.145452
v 0.2283137 0.4214216 1.145101
v 0.1912937 0.4530068 1.145452
v 0.1705779 0.4282948 1.153317
v 0.2071823 0.3962301 1.152773
v 0.1677327 0.4048297 1.170324
v 0.1945226 0.3811408 1.170132
v 0.2211207 0.4812353 1.337585
v 0.2374568 0.4911776 1.337713
v 0.2235503 0.4747776 1.337841
v 0.2215363 0.476472 1.337841
v 0.2292408 0.490826 1.337522
v 0.2345476 0.492904 1.337649
v 0.2625204 0.4699823 1.337873
v 0.2490615 0.4533904 1.338001
v 0.262968 0.4699823 1.370226
v 0.2682748 0.4690552 1.371377
v 0.2545601 0.4527192 1.376875
v 0.249541 0.4539978 1.375628
v 0.2882873 0.4928719 1.352803
v 0.2262997 0.4263128 1.375628
v 0.2284416 0.4215814 1.376875
v 0.2129047 0.4103284 1.370226
v 0.2147269 0.4052453 1.371377
v 0.1947464 0.3814285 1.352803
v 0.2605064 0.5153142 1.347368
v 0.2340042 0.4945664 1.364247
v 0.2440104 0.5148665 1.349766
v 0.165399 0.4211978 1.349766
v 0.1678286 0.4048617 1.347368
v 0.1836532 0.4345608 1.364247
v 0.2235503 0.4747776 1.337841
v 0.2212166 0.476344 1.369139
v 0.2192985 0.4785179 1.363193
v 0.2215363 0.476472 1.337841
v 0.2211207 0.4812353 1.337585
v 0.2203215 0.4817149 1.359644
v 0.228026 0.4921367 1.356991
v 0.2292408 0.490826 1.337522
v 0.2374568 0.4911776 1.337713
v 0.2345476 0.492904 1.337649
v 0.2311589 0.4945983 1.359164
v 0.2340042 0.4945664 1.364247
v 0.2625204 0.4699823 1.337873
v 0.2374568 0.4911776 1.337713
v 0.2340042 0.4945664 1.364247
v 0.262968 0.4699823 1.370226
v 0.2490615 0.4533904 1.338001
v 0.2625204 0.4699823 1.337873
v 0.262968 0.4699823 1.370226
v 0.249541 0.4539978 1.375628
v 0.2490615 0.4533904 1.338001
v 0.249541 0.4539978 1.375628
v 0.2212166 0.476344 1.369139
v 0.2235503 0.4747776 1.337841
v 0.2215363 0.476472 1.337841
v 0.2192985 0.4785179 1.363193
v 0.2203215 0.4817149 1.359644
v 0.2211207 0.4812353 1.337585
v 0.2345476 0.492904 1.337649
v 0.2292408 0.490826 1.337522
v 0.228026 0.4921367 1.356991
v 0.2311589 0.4945983 1.359164
v 0.1993819 0.4503214 1.369139
v 0.2212166 0.476344 1.369139
v 0.249541 0.4539978 1.375628
v 0.2262997 0.4263128 1.375628
v 0.2885111 0.4931278 1.170132
v 0.2882873 0.4928719 1.352803
v 0.2605064 0.5153142 1.347368
v 0.2605064 0.51541 1.170324
v 0.2605064 0.51541 1.170324
v 0.2172844 0.5137476 1.301365
v 0.2172205 0.5136198 1.193054
v 0.2379044 0.5085368 1.153317
v 0.2605064 0.5153142 1.347368
v 0.2440104 0.5148665 1.349766
v 0.2284416 0.4215814 1.376875
v 0.2545601 0.4527192 1.376875
v 0.1947464 0.3814285 1.352803
v 0.2147269 0.4052453 1.371377
v 0.2882873 0.4928719 1.352803
v 0.2682748 0.4690552 1.371377
v 0.2071823 0.3962301 1.152773
v 0.2283137 0.4214216 1.145101
v 0.2885111 0.4931278 1.170132
v 0.2758195 0.4780385 1.152773
v 0.254688 0.4528469 1.145101
v 0.1945226 0.3811408 1.170132
v 0.1618824 0.4477 1.301365
v 0.1619783 0.4477959 1.193054
v 0.2172205 0.5136198 1.193054
v 0.2172844 0.5137476 1.301365
v 0.1875854 0.4317475 1.337713
v 0.1853795 0.434305 1.337649
v 0.1865304 0.4398996 1.337522
v 0.1945546 0.4495861 1.337585
v 0.201332 0.4482754 1.337841
v 0.1993179 0.4499698 1.337841
v 0.2268112 0.4268882 1.338001
v 0.2128088 0.410776 1.337873
v 0.1875854 0.4317475 1.337713
v 0.1969203 0.451824 1.363193
v 0.1993819 0.4503214 1.369139
v 0.201332 0.4482754 1.337841
v 0.1993179 0.4499698 1.337841
v 0.1849959 0.4408906 1.356991
v 0.1939472 0.4502894 1.359644
v 0.1945546 0.4495861 1.337585
v 0.1865304 0.4398996 1.337522
v 0.1875854 0.4317475 1.337713
v 0.1836532 0.4345608 1.364247
v 0.1831417 0.4373421 1.359164
v 0.1853795 0.434305 1.337649
v 0.2128088 0.410776 1.337873
v 0.2129047 0.4103284 1.370226
v 0.1836532 0.4345608 1.364247
v 0.1875854 0.4317475 1.337713
v 0.2268112 0.4268882 1.338001
v 0.2262997 0.4263128 1.375628
v 0.2129047 0.4103284 1.370226
v 0.2128088 0.410776 1.337873
v 0.1993819 0.4503214 1.369139
v 0.2262997 0.4263128 1.375628
v 0.2268112 0.4268882 1.338001
v 0.201332 0.4482754 1.337841
v 0.1939472 0.4502894 1.359644
v 0.1969203 0.451824 1.363193
v 0.1993179 0.4499698 1.337841
v 0.1945546 0.4495861 1.337585
v 0.1853795 0.434305 1.337649
v 0.1831417 0.4373421 1.359164
v 0.1849959 0.4408906 1.356991
v 0.1865304 0.4398996 1.337522
v 0.1993819 0.4503214 1.369139
v 0.1969203 0.451824 1.363193
v 0.2192985 0.4785179 1.363193
v 0.2212166 0.476344 1.369139
v 0.2171885 0.4838248 1.145452
v 0.2379044 0.5085368 1.153317
v 0.2172205 0.5136198 1.193054
v 0.1912937 0.4530068 1.145452
v 0.1619783 0.4477959 1.193054
v 0.1705779 0.4282948 1.153317
v 0.1945226 0.3811408 1.170132
v 0.1677327 0.4048297 1.170324
v 0.1678286 0.4048617 1.347368
v 0.1947464 0.3814285 1.352803
v 0.1678286 0.4048617 1.347368
v 0.1677327 0.4048297 1.170324
v 0.1618824 0.4477 1.301365
v 0.165399 0.4211978 1.349766
v 0.1619783 0.4477959 1.193054
v 0.1705779 0.4282948 1.153317
v 0.2302638 0.5203652 1.289888
v 0.2448097 0.5081531 1.289888
v 0.2455449 0.5090483 1.287138
v 0.2309991 0.5212603 1.287138
v 0.2309991 0.5212603 1.287138
v 0.2455449 0.5090483 1.287138
v 0.2473352 0.5111582 1.285988
v 0.2327893 0.5233703 1.285988
v 0.2327893 0.5233703 1.285988
v 0.2473352 0.5111582 1.285988
v 0.2490935 0.5132682 1.287138
v 0.2345476 0.5254802 1.287138
v 0.2345476 0.5254802 1.287138
v 0.2490935 0.5132682 1.287138
v 0.2498288 0.5141312 1.289888
v 0.2352829 0.5263434 1.289888
v 0.2490935 0.5132682 1.292669
v 0.2345476 0.5254802 1.292669
v 0.2473352 0.5111582 1.293788
v 0.2327893 0.5233703 1.293788
v 0.2327893 0.5233703 1.293788
v 0.2473352 0.5111582 1.293788
v 0.2455449 0.5090483 1.292669
v 0.2309991 0.5212603 1.292669
v 0.2448097 0.5081531 1.289888
v 0.2302638 0.5203652 1.289888
v 0.2352829 0.5263434 1.289888
v 0.2302638 0.5203652 1.289888
v 0.2327893 0.5233703 1.285988
v 0.2345476 0.5254802 1.287138
v 0.2327893 0.5233703 1.293788
v 0.2345476 0.5254802 1.292669
v 0.2309991 0.5212603 1.292669
v 0.2309991 0.5212603 1.287138
v 0.1516843 0.4266964 1.289888
v 0.1662302 0.4145163 1.289888
v 0.1669655 0.4153795 1.287138
v 0.1524196 0.4275916 1.287138
v 0.1524196 0.4275916 1.287138
v 0.1669655 0.4153795 1.287138
v 0.1687237 0.4174894 1.285988
v 0.1541779 0.4297015 1.285988
v 0.1541779 0.4297015 1.285988
v 0.1687237 0.4174894 1.285988
v 0.170514 0.4195994 1.287138
v 0.1559682 0.4318115 1.287138
v 0.1559682 0.4318115 1.287138
v 0.170514 0.4195994 1.287138
v 0.1712493 0.4204625 1.289888
v 0.1567034 0.4326746 1.289888
v 0.170514 0.4195994 1.292669
v 0.1559682 0.4318115 1.292669
v 0.1687237 0.4174894 1.293788
v 0.1541779 0.4297015 1.293788
v 0.1541779 0.4297015 1.293788
v 0.1687237 0.4174894 1.293788
v 0.1669655 0.4153795 1.292669
v 0.1524196 0.4275916 1.292669
v 0.1662302 0.4145163 1.289888
v 0.1516843 0.4266964 1.289888
v 0.1567034 0.4326746 1.289888
v 0.1516843 0.4266964 1.289888
v 0.1541779 0.4297015 1.285988
v 0.1559682 0.4318115 1.287138
v 0.1541779 0.4297015 1.293788
v 0.1559682 0.4318115 1.292669
v 0.1524196 0.4275916 1.292669
v 0.1524196 0.4275916 1.287138
v 0.2521625 0.2216161 1.11099
v 0.2522584 0.2217121 1.118726
v 0.2078856 0.2589558 1.118726
v 0.2077897 0.2588599 1.11099
v 0.260858 0.232006 1.133272
v 0.2164852 0.2692178 1.133272
v 0.2108907 0.2625363 1.179499
v 0.2552635 0.2253245 1.179499
v 0.2317344 0.1972879 1.177038
v 0.1873616 0.2345316 1.177038
v 0.273198 0.2466797 1.19152
v 0.2287932 0.2839234 1.19152
v 0.2981657 0.2764747 1.242702
v 0.2537929 0.3136865 1.242702
v 0.3234531 0.3065894 1.318372
v 0.2790803 0.3438331 1.318372
v 0.3310297 0.3156366 1.351812
v 0.2866569 0.3528484 1.351812
v 0.2317344 0.1972879 1.177038
v 0.2317344 0.1972879 1.110894
v 0.1873616 0.2345316 1.110894
v 0.1873616 0.2345316 1.177038
v 0.2522584 0.2217121 1.118726
v 0.2521625 0.2216161 1.11099
v 0.2317344 0.1972879 1.177038
v 0.2552635 0.2253245 1.179499
v 0.2317344 0.1972879 1.110894
v 0.260858 0.232006 1.133272
v 0.2761072 0.2501643 1.133304
v 0.273198 0.2466797 1.19152
v 0.3039201 0.2832841 1.183847
v 0.2981657 0.2764747 1.242702
v 0.3351856 0.3205598 1.208751
v 0.3234531 0.3065894 1.318372
v 0.337903 0.3238206 1.313129
v 0.3310297 0.3156366 1.351812
v 0.337871 0.3237567 1.334388
v 0.353344 0.3422027 1.232664
v 0.3667389 0.3581871 1.255873
v 0.3667389 0.3581871 1.312778
v 0.3591303 0.349076 1.351812
v 0.3591303 0.349076 1.334388
v 0.3223661 0.3953989 1.255873
v 0.3667389 0.3581871 1.255873
v 0.3667389 0.3581871 1.312778
v 0.3223661 0.3953989 1.312778
v 0.353344 0.3422027 1.232664
v 0.3667389 0.3581871 1.255873
v 0.3223661 0.3953989 1.255873
v 0.3089712 0.3794464 1.232664
v 0.3351856 0.3205598 1.208751
v 0.2908128 0.3578035 1.208751
v 0.3039201 0.2832841 1.183847
v 0.2595473 0.3205279 1.183847
v 0.2761072 0.2501643 1.133304
v 0.2317344 0.2873761 1.133304
v 0.3310297 0.3156366 1.351812
v 0.351266 0.3711665 1.351812
v 0.3584909 0.3595618 1.351812
v 0.2866569 0.3528484 1.351812
v 0.3147575 0.3863198 1.351812
v 0.3378391 0.3824195 1.351812
v 0.3251794 0.3875346 1.351812
v 0.3591303 0.349076 1.351812
v 0.2595473 0.3205279 1.183847
v 0.2537929 0.3136865 1.242702
v 0.2287932 0.2839234 1.19152
v 0.2317344 0.2873761 1.133304
v 0.2108907 0.2625363 1.179499
v 0.2164852 0.2692178 1.133272
v 0.2908128 0.3578035 1.208751
v 0.2790803 0.3438331 1.318372
v 0.2935302 0.3610644 1.313129
v 0.3089712 0.3794464 1.232664
v 0.3223661 0.3953989 1.255873
v 0.3223661 0.3953989 1.312778
v 0.2866569 0.3528484 1.351812
v 0.2934982 0.3610004 1.334388
v 0.3147575 0.3863198 1.351812
v 0.3147575 0.3863198 1.334388
v 0.2078856 0.2589558 1.118726
v 0.1873616 0.2345316 1.177038
v 0.1873616 0.2345316 1.110894
v 0.2077897 0.2588599 1.11099
v 0.260858 0.232006 1.133272
v 0.2761072 0.2501643 1.133304
v 0.2317344 0.2873761 1.133304
v 0.2164852 0.2692178 1.133272
v 0.1873616 0.2345316 1.110894
v 0.2317344 0.1972879 1.110894
v 0.2521625 0.2216161 1.11099
v 0.2077897 0.2588599 1.11099
v 0.3378391 0.3824195 1.334388
v 0.351266 0.3711665 1.334388
v 0.351266 0.3711665 1.351812
v 0.3378391 0.3824195 1.351812
v 0.3584909 0.3595618 1.334388
v 0.3584909 0.3595618 1.351812
v 0.3251794 0.3875346 1.351812
v 0.3251794 0.3875346 1.334388
v 0.3591303 0.349076 1.334388
v 0.3591303 0.349076 1.351812
v 0.3147575 0.3863198 1.351812
v 0.3147575 0.3863198 1.334388
v 0.3378391 0.3824195 1.334388
v 0.3591303 0.349076 1.334388
v 0.3584909 0.3595618 1.334388
v 0.337871 0.3237567 1.334388
v 0.2934982 0.3610004 1.334388
v 0.3147575 0.3863198 1.334388
v 0.3251794 0.3875346 1.334388
v 0.351266 0.3711665 1.334388
v 0.3667389 0.3581871 1.312778
v 0.337903 0.3238206 1.313129
v 0.2935302 0.3610644 1.313129
v 0.3223661 0.3953989 1.312778
v 0.2934982 0.3610004 1.334388
v 0.2935302 0.3610644 1.313129
v 0.337903 0.3238206 1.313129
v 0.337871 0.3237567 1.334388
v 0.2729103 0.2463281 1.099705
v 0.2602826 0.2313027 1.099705
v 0.2573095 0.2337963 1.114187
v 0.2699372 0.2488217 1.114187
v 0.2699372 0.2488217 1.085223
v 0.2573095 0.2337963 1.085223
v 0.2618171 0.255631 1.074641
v 0.2491894 0.2406057 1.074641
v 0.2507239 0.264966 1.070741
v 0.2380962 0.2499086 1.070741
v 0.2396307 0.2742689 1.074641
v 0.227003 0.2592115 1.074641
v 0.2315106 0.2810782 1.085223
v 0.2188829 0.2660209 1.085223
v 0.2285375 0.2835718 1.099705
v 0.2159098 0.2685145 1.099705
v 0.2315106 0.2810782 1.114187
v 0.2188829 0.2660209 1.114187
v 0.2699372 0.2488217 1.143151
v 0.2188829 0.2660209 1.143151
v 0.2315106 0.2810782 1.143151
v 0.2573095 0.2337963 1.143151
v 0.2396307 0.2742689 1.074641
v 0.2507239 0.264966 1.070741
v 0.2618171 0.255631 1.074641
v 0.2729103 0.2463281 1.099705
v 0.2507239 0.264966 1.126079
v 0.2285375 0.2835718 1.099705
v 0.2315106 0.2810782 1.085223
v 0.2315106 0.2810782 1.114187
v 0.2699372 0.2488217 1.114187
v 0.2699372 0.2488217 1.085223
v 0.2699372 0.2488217 1.143151
v 0.2507239 0.264966 1.143279
v 0.2315106 0.2810782 1.143151
v 0.2573095 0.2337963 1.114187
v 0.2573095 0.2337963 1.085223
v 0.2380962 0.2499086 1.126079
v 0.2188829 0.2660209 1.085223
v 0.2188829 0.2660209 1.114187
v 0.2159098 0.2685145 1.099705
v 0.2380962 0.2499086 1.070741
v 0.227003 0.2592115 1.074641
v 0.2491894 0.2406057 1.074641
v 0.2602826 0.2313027 1.099705
v 0.2188829 0.2660209 1.143151
v 0.2380962 0.2499086 1.143279
v 0.2573095 0.2337963 1.143151
v 0.275212 0.2557269 1.100281
v 0.2512993 0.2272107 1.100281
v 0.2488058 0.2292887 1.112301
v 0.2727504 0.2578049 1.112301
v 0.2420603 0.2349471 1.121124
v 0.265973 0.2634634 1.121124
v 0.2328213 0.2426836 1.124353
v 0.256766 0.2711999 1.124353
v 0.2236143 0.2504201 1.121124
v 0.247527 0.2789363 1.121124
v 0.2168688 0.2560786 1.112301
v 0.2407816 0.2845948 1.112301
v 0.2143753 0.2581565 1.100281
v 0.23832 0.2866728 1.100281
v 0.2168688 0.2560786 1.088228
v 0.2407816 0.2845948 1.088228
v 0.2727504 0.2578049 1.088228
v 0.2488058 0.2292887 1.088228
v 0.2328213 0.2426836 1.124353
v 0.2420603 0.2349471 1.121124
v 0.2488058 0.2292887 1.112301
v 0.2488058 0.2292887 1.088228
v 0.2168688 0.2560786 1.088228
v 0.2168688 0.2560786 1.112301
v 0.2236143 0.2504201 1.121124
v 0.2143753 0.2581565 1.100281
v 0.2512993 0.2272107 1.100281
v 0.247527 0.2789363 1.121124
v 0.2407816 0.2845948 1.112301
v 0.23832 0.2866728 1.100281
v 0.275212 0.2557269 1.100281
v 0.265973 0.2634634 1.121124
v 0.256766 0.2711999 1.124353
v 0.2727504 0.2578049 1.112301
v 0.2727504 0.2578049 1.088228
v 0.2407816 0.2845948 1.088228
v 0.179785 0.3637497 1.305265
v 0.179785 0.3637497 1.358653
v 0.1506294 0.3289676 1.345194
v 0.1543058 0.3333473 1.310188
v 0.147912 0.3257387 1.369778
v 0.1546574 0.3242043 1.310188
v 0.150981 0.3197606 1.345194
v 0.1482637 0.3164678 1.369267
v 0.1517483 0.3206238 1.389886
v 0.1513966 0.3298947 1.390909
v 0.1552329 0.3344663 1.300406
v 0.1586216 0.3385263 1.26882
v 0.179785 0.3637497 1.261052
v 0.1589732 0.3293832 1.269012
v 0.1555526 0.3252912 1.300406
v 0.1638645 0.3447602 1.393275
v 0.179785 0.3637497 1.395641
v 0.1634489 0.3457193 1.420992
v 0.1793694 0.3646768 1.42112
v 0.1589732 0.3293832 1.269012
v 0.1738707 0.3180982 1.265272
v 0.1802005 0.3256748 1.261595
v 0.1586216 0.3385263 1.26882
v 0.179785 0.3637497 1.261052
v 0.1986146 0.3478932 1.254083
v 0.2217281 0.328552 1.254083
v 0.2029944 0.3065255 1.261595
v 0.2405578 0.3127274 1.261052
v 0.2193944 0.287504 1.26882
v 0.2103792 0.2862572 1.269012
v 0.1966645 0.2989808 1.265272
v 0.2217281 0.328552 1.254083
v 0.2405578 0.3127274 1.305265
v 0.179785 0.3637497 1.305265
v 0.179785 0.3637497 1.261052
v 0.1986146 0.3478932 1.254083
v 0.2405578 0.3127274 1.261052
v 0.2405578 0.3127274 1.358653
v 0.179785 0.3637497 1.358653
v 0.2101873 0.3382386 1.395641
v 0.1877772 0.3570363 1.395641
v 0.179785 0.3637497 1.395641
v 0.2325656 0.3194409 1.395641
v 0.2405578 0.3127274 1.395641
v 0.1834614 0.3612242 1.42112
v 0.1793694 0.3646768 1.42112
v 0.2374888 0.3159243 1.42112
v 0.2415808 0.3124717 1.42112
v 0.1926365 0.2941855 1.300374
v 0.2069265 0.2821972 1.300406
v 0.2103792 0.2862572 1.269012
v 0.1966645 0.2989808 1.265272
v 0.1955776 0.2898377 1.310156
v 0.2059994 0.2811102 1.310188
v 0.1919012 0.285426 1.345162
v 0.2022591 0.2767305 1.345194
v 0.1943947 0.2777854 1.369235
v 0.1995098 0.2734696 1.369267
v 0.1978793 0.2819094 1.389886
v 0.2029624 0.2776576 1.389886
v 0.1568633 0.3163399 1.389886
v 0.1517483 0.3206238 1.389886
v 0.1513966 0.3298947 1.390909
v 0.1657187 0.3268896 1.392764
v 0.1638645 0.3447602 1.393275
v 0.1718886 0.3380787 1.394202
v 0.216677 0.3004833 1.394202
v 0.2067347 0.2924911 1.392764
v 0.2246373 0.2937699 1.393275
v 0.2121694 0.2789044 1.390909
v 0.1978793 0.2819094 1.389886
v 0.2029624 0.2776576 1.389886
v 0.2325656 0.3194409 1.395641
v 0.2101873 0.3382386 1.395641
v 0.1877772 0.3570363 1.395641
v 0.2029624 0.2776576 1.389886
v 0.2121694 0.2789044 1.390909
v 0.2086848 0.2747484 1.369778
v 0.1995098 0.2734696 1.369267
v 0.2022591 0.2767305 1.345194
v 0.2114022 0.2779773 1.345194
v 0.2405578 0.3127274 1.358653
v 0.2405578 0.3127274 1.305265
v 0.2150786 0.282357 1.310188
v 0.2246373 0.2937699 1.393275
v 0.2059994 0.2811102 1.310188
v 0.2069265 0.2821972 1.300406
v 0.2160057 0.2834439 1.300406
v 0.2103792 0.2862572 1.269012
v 0.2193944 0.287504 1.26882
v 0.2405578 0.3127274 1.261052
v 0.2405578 0.3127274 1.395641
v 0.2256603 0.2935141 1.420992
v 0.2415808 0.3124717 1.42112
v 0.1606676 0.3208795 1.375948
v 0.2016836 0.286449 1.375948
v 0.1979433 0.292651 1.348711
v 0.167413 0.318258 1.348711
v 0.2062871 0.2919477 1.38848
v 0.1652711 0.3263462 1.38848
v 0.2067347 0.2924911 1.392764
v 0.1657187 0.3268896 1.392764
v 0.2019714 0.2975742 1.310156
v 0.171537 0.3231173 1.310156
v 0.1763963 0.3211352 1.300374
v 0.1991901 0.3019859 1.300374
v 0.1802005 0.3256748 1.261595
v 0.2029944 0.3065255 1.261595
v 0.1533787 0.312184 1.369235
v 0.1613709 0.311065 1.345162
v 0.150981 0.3197606 1.345194
v 0.1482637 0.3164678 1.369267
v 0.1568633 0.3163399 1.389886
v 0.1517483 0.3206238 1.389886
v 0.1546574 0.3242043 1.310188
v 0.1650473 0.3154448 1.310156
v 0.1555526 0.3252912 1.300406
v 0.1698427 0.3133348 1.300374
v 0.1589732 0.3293832 1.269012
v 0.1738707 0.3180982 1.265272
v 0.1989663 0.2938658 1.310124
v 0.2019714 0.2975742 1.310156
v 0.1979433 0.292651 1.348711
v 0.1919012 0.285426 1.345162
v 0.1955776 0.2898377 1.310156
v 0.2016836 0.286449 1.375948
v 0.1943947 0.2777854 1.369235
v 0.1978793 0.2819094 1.389886
v 0.2062871 0.2919477 1.38848
v 0.2067347 0.2924911 1.392764
v 0.1953218 0.2973824 1.300438
v 0.1991901 0.3019859 1.300374
v 0.1966645 0.2989808 1.265272
v 0.2029944 0.3065255 1.261595
v 0.1926365 0.2941855 1.300374
v 0.168436 0.3194728 1.310124
v 0.1650473 0.3154448 1.310156
v 0.1613709 0.311065 1.345162
v 0.167413 0.318258 1.348711
v 0.1606676 0.3208795 1.375948
v 0.1533787 0.312184 1.369235
v 0.1568633 0.3163399 1.389886
v 0.1652711 0.3263462 1.38848
v 0.1657187 0.3268896 1.392764
v 0.171537 0.3231173 1.310156
v 0.1698427 0.3133348 1.300374
v 0.172528 0.3165317 1.300438
v 0.1738707 0.3180982 1.265272
v 0.1763963 0.3211352 1.300374
v 0.1802005 0.3256748 1.261595
v 0.1743822 0.296711 1.355808
v 0.1770037 0.2945052 1.370481
v 0.1743822 0.2879515 1.370481
v 0.170546 0.2871523 1.355808
v 0.176684 0.282389 1.370481
v 0.1739027 0.2790642 1.355808
v 0.1830138 0.2982455 1.370481
v 0.1831097 0.3021138 1.355808
v 0.1888641 0.2969348 1.370481
v 0.1916454 0.3002596 1.355808
v 0.173647 0.2877917 1.332854
v 0.1764922 0.2949207 1.332854
v 0.1761405 0.2817496 1.332854
v 0.1894076 0.2975742 1.332854
v 0.1830138 0.2989808 1.332854
v 0.1824384 0.27721 1.355808
v 0.1739027 0.2790642 1.355808
v 0.176684 0.282389 1.370481
v 0.1825343 0.2811102 1.370481
v 0.1911659 0.2826127 1.355808
v 0.1885444 0.2848186 1.370481
v 0.1911659 0.2914042 1.370481
v 0.1950021 0.2921714 1.355808
v 0.1888641 0.2969348 1.370481
v 0.1916454 0.3002596 1.355808
v 0.1761405 0.2817496 1.332854
v 0.1825023 0.2803749 1.332854
v 0.1890559 0.284403 1.332854
v 0.1919012 0.291532 1.332854
v 0.1894076 0.2975742 1.332854
v 0.1888641 0.2969348 1.370481
v 0.1911659 0.2914042 1.370481
v 0.1885444 0.2848186 1.370481
v 0.1770037 0.2945052 1.370481
v 0.176684 0.282389 1.370481
v 0.1825343 0.2811102 1.370481
v 0.1743822 0.2879515 1.370481
v 0.1830138 0.2982455 1.370481
v 0.173647 0.2877917 1.332854
v 0.1761405 0.2817496 1.332854
v 0.1825023 0.2803749 1.332854
v 0.1830138 0.2989808 1.332854
v 0.1919012 0.291532 1.332854
v 0.1890559 0.284403 1.332854
v 0.1894076 0.2975742 1.332854
v 0.1764922 0.2949207 1.332854
v 0.1803604 0.2916919 1.33749
v 0.1822785 0.2918518 1.203028
v 0.1829179 0.2939297 1.203028
v 0.1814474 0.2951446 1.33749
v 0.1848361 0.2949207 1.203028
v 0.1846762 0.2968069 1.33749
v 0.1820228 0.288495 1.33749
v 0.1832696 0.2899656 1.203028
v 0.1822785 0.2918518 1.203028
v 0.1803604 0.2916919 1.33749
v 0.1854754 0.2874081 1.33749
v 0.1853156 0.2892942 1.203028
v 0.1886723 0.2890704 1.33749
v 0.1872337 0.2902853 1.203028
v 0.1897912 0.2925231 1.33749
v 0.1878731 0.2923313 1.203028
v 0.1872337 0.2902853 1.203028
v 0.1886723 0.2890704 1.33749
v 0.1880969 0.29572 1.33749
v 0.186882 0.2942494 1.203028
v 0.1878731 0.2923313 1.203028
v 0.1897912 0.2925231 1.33749
v 0.1846762 0.2968069 1.33749
v 0.1848361 0.2949207 1.203028
v 0.186882 0.2942494 1.203028
v 0.1880969 0.29572 1.33749
v 0.1822785 0.2918518 1.203028
v 0.1832696 0.2899656 1.203028
v 0.1853156 0.2892942 1.203028
v 0.1848361 0.2949207 1.203028
v 0.1878731 0.2923313 1.203028
v 0.1872337 0.2902853 1.203028
v 0.186882 0.2942494 1.203028
v 0.1829179 0.2939297 1.203028
v 0.197208 0.290509 1.392636
v 0.1816392 0.3035523 1.392636
v 0.1816392 0.3035523 1.363065
v 0.197208 0.290509 1.363065
v 0.1712173 0.2911804 1.363065
v 0.1712173 0.2911804 1.38394
v 0.1868181 0.2781051 1.38394
v 0.1868181 0.2781051 1.363065
v 0.1816392 0.3035523 1.363065
v 0.1712173 0.2911804 1.363065
v 0.1868181 0.2781051 1.363065
v 0.197208 0.290509 1.363065
v 0.1816392 0.3035523 1.363065
v 0.1816392 0.3035523 1.392636
v 0.1712173 0.2911804 1.38394
v 0.1712173 0.2911804 1.363065
v 0.197208 0.290509 1.392636
v 0.1868181 0.2781051 1.38394
v 0.1712173 0.2911804 1.38394
v 0.1816392 0.3035523 1.392636
v 0.197208 0.290509 1.363065
v 0.1868181 0.2781051 1.363065
v 0.1868181 0.2781051 1.38394
v 0.197208 0.290509 1.392636
v 0.1744462 0.2836677 1.36997
v 0.1744462 0.2836677 1.379816
v 0.1788579 0.2799593 1.379816
v 0.1788579 0.2799593 1.36997
v 0.1814793 0.2830923 1.383908
v 0.1770676 0.2868007 1.383908
v 0.1770676 0.2868007 1.36997
v 0.1770676 0.2868007 1.383908
v 0.1744462 0.2836677 1.379816
v 0.1744462 0.2836677 1.36997
v 0.1814793 0.2830923 1.36997
v 0.1788579 0.2799593 1.36997
v 0.1788579 0.2799593 1.379816
v 0.1814793 0.2830923 1.383908
v 0.1580781 0.3103937 1.355808
v 0.1606995 0.3081878 1.370481
v 0.1580781 0.3016343 1.370481
v 0.1542418 0.300835 1.355808
v 0.1603479 0.2960716 1.370481
v 0.1575666 0.2927788 1.355808
v 0.1667097 0.3119282 1.370481
v 0.1668056 0.3158284 1.355808
v 0.17256 0.3106174 1.370481
v 0.1753413 0.3139423 1.355808
v 0.1573428 0.3014744 1.332854
v 0.160188 0.3086034 1.332854
v 0.1598364 0.2954323 1.332854
v 0.1731035 0.3112568 1.332854
v 0.1667097 0.3126635 1.332854
v 0.1661023 0.2908927 1.355808
v 0.1575666 0.2927788 1.355808
v 0.1603479 0.2960716 1.370481
v 0.1662302 0.2947929 1.370481
v 0.1748618 0.2962954 1.355808
v 0.1722403 0.2985013 1.370481
v 0.1748618 0.3050869 1.370481
v 0.1786661 0.3058541 1.355808
v 0.17256 0.3106174 1.370481
v 0.1753413 0.3139423 1.355808
v 0.1598364 0.2954323 1.332854
v 0.1661982 0.2940257 1.332854
v 0.1727198 0.2980857 1.332854
v 0.175597 0.3052148 1.332854
v 0.1731035 0.3112568 1.332854
v 0.17256 0.3106174 1.370481
v 0.1748618 0.3050869 1.370481
v 0.1722403 0.2985013 1.370481
v 0.1606995 0.3081878 1.370481
v 0.1603479 0.2960716 1.370481
v 0.1662302 0.2947929 1.370481
v 0.1580781 0.3016343 1.370481
v 0.1667097 0.3119282 1.370481
v 0.1573428 0.3014744 1.332854
v 0.1598364 0.2954323 1.332854
v 0.1661982 0.2940257 1.332854
v 0.1667097 0.3126635 1.332854
v 0.175597 0.3052148 1.332854
v 0.1727198 0.2980857 1.332854
v 0.1731035 0.3112568 1.332854
v 0.160188 0.3086034 1.332854
v 0.1640563 0.3053746 1.33749
v 0.1659425 0.3055344 1.203028
v 0.1666138 0.3076124 1.203028
v 0.1651432 0.3088272 1.33749
v 0.1685319 0.3086034 1.203028
v 0.1683401 0.3104896 1.33749
v 0.1657187 0.3021777 1.33749
v 0.1669655 0.3036482 1.203028
v 0.1659425 0.3055344 1.203028
v 0.1640563 0.3053746 1.33749
v 0.1691713 0.3010908 1.33749
v 0.1690114 0.3029769 1.203028
v 0.1723682 0.3027532 1.33749
v 0.1709296 0.3039999 1.203028
v 0.1690114 0.3029769 1.203028
v 0.1691713 0.3010908 1.33749
v 0.1734551 0.3062057 1.33749
v 0.171569 0.3060459 1.203028
v 0.1717927 0.3094026 1.33749
v 0.1705779 0.3079321 1.203028
v 0.171569 0.3060459 1.203028
v 0.1734551 0.3062057 1.33749
v 0.1683401 0.3104896 1.33749
v 0.1685319 0.3086034 1.203028
v 0.1705779 0.3079321 1.203028
v 0.1717927 0.3094026 1.33749
v 0.1659425 0.3055344 1.203028
v 0.1669655 0.3036482 1.203028
v 0.1690114 0.3029769 1.203028
v 0.1685319 0.3086034 1.203028
v 0.171569 0.3060459 1.203028
v 0.1709296 0.3039999 1.203028
v 0.1705779 0.3079321 1.203028
v 0.1666138 0.3076124 1.203028
v 0.1809039 0.3041598 1.392636
v 0.1653031 0.3172351 1.392636
v 0.1653031 0.3172351 1.363065
v 0.1809039 0.3041598 1.363065
v 0.1549132 0.3048631 1.363065
v 0.1549132 0.3048631 1.38394
v 0.170482 0.2917878 1.38394
v 0.170482 0.2917878 1.363065
v 0.1653031 0.3172351 1.363065
v 0.1549132 0.3048631 1.363065
v 0.170482 0.2917878 1.363065
v 0.1809039 0.3041598 1.363065
v 0.1653031 0.3172351 1.363065
v 0.1653031 0.3172351 1.392636
v 0.1549132 0.3048631 1.38394
v 0.1549132 0.3048631 1.363065
v 0.1809039 0.3041598 1.392636
v 0.170482 0.2917878 1.38394
v 0.1549132 0.3048631 1.38394
v 0.1653031 0.3172351 1.392636
v 0.1809039 0.3041598 1.363065
v 0.170482 0.2917878 1.363065
v 0.170482 0.2917878 1.38394
v 0.1809039 0.3041598 1.392636
v 0.1581101 0.2973824 1.36997
v 0.1581101 0.2973824 1.379816
v 0.1625538 0.293642 1.379816
v 0.1625538 0.293642 1.36997
v 0.1651752 0.296775 1.383908
v 0.1607315 0.3004833 1.383908
v 0.1607315 0.3004833 1.36997
v 0.1607315 0.3004833 1.383908
v 0.1581101 0.2973824 1.379816
v 0.1581101 0.2973824 1.36997
v 0.1651752 0.296775 1.36997
v 0.1625538 0.293642 1.36997
v 0.1625538 0.293642 1.379816
v 0.1651752 0.296775 1.383908
v 0.1968883 0.3118643 1.256449
v 0.1981031 0.3107773 1.261595
v 0.216677 0.3329318 1.254275
v 0.2154303 0.3339548 1.248616
v 0.1938513 0.3147734 1.253028
v 0.2122334 0.3366721 1.245739
v 0.1898552 0.3180982 1.253028
v 0.2082373 0.3399969 1.245739
v 0.2050084 0.3427142 1.248616
v 0.1864665 0.3205917 1.256449
v 0.2037936 0.3437372 1.254275
v 0.1852197 0.3215828 1.261595
v 0.1902388 0.3111929 1.257439
v 0.1938193 0.310106 1.26054
v 0.1968244 0.3116085 1.265368
v 0.186978 0.3139102 1.257439
v 0.1852836 0.317267 1.26054
v 0.1862427 0.3204639 1.265368
v 0.2154303 0.3339548 1.248616
v 0.216677 0.3329318 1.254275
v 0.2082373 0.3399969 1.245739
v 0.2122334 0.3366721 1.245739
v 0.2037936 0.3437372 1.254275
v 0.2050084 0.3427142 1.248616
v 0.1862427 0.3204639 1.265368
v 0.1968244 0.3116085 1.265368
v 0.1938193 0.310106 1.26054
v 0.1852836 0.317267 1.26054
v 0.1902388 0.3111929 1.257439
v 0.186978 0.3139102 1.257439
v 0.1968244 0.3116085 1.265368
v 0.1862427 0.3204639 1.265368
v 0.1852197 0.3215828 1.261595
v 0.1981031 0.3107773 1.261595
v 0.1983589 0.2948248 1.266902
v 0.2101873 0.3088912 1.266902
v 0.2114981 0.3077722 1.27109
v 0.1997016 0.2937059 1.27109
v 0.214695 0.3050869 1.272816
v 0.2028984 0.2910206 1.272816
v 0.2178918 0.3024015 1.27109
v 0.2060953 0.2883351 1.27109
v 0.2192346 0.3012826 1.266902
v 0.207438 0.2872162 1.266902
v 0.2178918 0.3024015 1.262714
v 0.2060953 0.2883351 1.262714
v 0.214695 0.3050869 1.260988
v 0.2028984 0.2910206 1.260988
v 0.1997016 0.2937059 1.262714
v 0.2114981 0.3077722 1.262714
v 0.2028984 0.2910206 1.260988
v 0.214695 0.3050869 1.260988
v 0.1986146 0.2859055 1.271858
v 0.1959292 0.2881753 1.270387
v 0.2013 0.2836677 1.270387
v 0.2024189 0.2827086 1.266902
v 0.2013 0.2836677 1.263386
v 0.1986146 0.2859055 1.261947
v 0.1959292 0.2881753 1.263386
v 0.1986146 0.2859055 1.261947
v 0.1948103 0.2891024 1.266902
v 0.2013 0.2836677 1.270387
v 0.1959292 0.2881753 1.263386
v 0.1959292 0.2881753 1.270387
v 0.1986146 0.2859055 1.271858
v 0.2013 0.2836677 1.263386
v 0.2024189 0.2827086 1.266902
v 0.1986146 0.2859055 1.261947
v 0.1948103 0.2891024 1.266902
v 0.1608274 0.3263142 1.266902
v 0.1726239 0.3403805 1.266902
v 0.1739347 0.3392935 1.27109
v 0.1621382 0.3251953 1.27109
v 0.1771316 0.3365762 1.272816
v 0.165335 0.3225099 1.272816
v 0.1803604 0.3338908 1.27109
v 0.1685319 0.3198245 1.27109
v 0.1816711 0.3328038 1.266902
v 0.1698746 0.3187056 1.266902
v 0.1803604 0.3338908 1.262714
v 0.1685319 0.3198245 1.262714
v 0.1771316 0.3365762 1.260988
v 0.165335 0.3225099 1.260988
v 0.1621382 0.3251953 1.262714
v 0.1739347 0.3392935 1.262714
v 0.165335 0.3225099 1.260988
v 0.1771316 0.3365762 1.260988
v 0.1610512 0.3174269 1.271858
v 0.1583978 0.3196647 1.270387
v 0.1637366 0.3151571 1.270387
v 0.1648555 0.31423 1.266902
v 0.1637366 0.3151571 1.263386
v 0.1610512 0.3174269 1.261947
v 0.1583978 0.3196647 1.263386
v 0.1610512 0.3174269 1.261947
v 0.1572789 0.3205917 1.266902
v 0.1637366 0.3151571 1.270387
v 0.1583978 0.3196647 1.263386
v 0.1583978 0.3196647 1.270387
v 0.1610512 0.3174269 1.271858
v 0.1637366 0.3151571 1.263386
v 0.1648555 0.31423 1.266902
v 0.1610512 0.3174269 1.261947
v 0.1572789 0.3205917 1.266902
v 0.1675729 0.3422986 1.421056
v 0.1634489 0.3457193 1.420992
v 0.1793694 0.3646768 1.42112
v 0.1834614 0.3612242 1.42112
v 0.2415808 0.3124717 1.42112
v 0.2256603 0.2935141 1.420992
v 0.2215683 0.2969668 1.421056
v 0.2374888 0.3159243 1.42112
v 0.1675729 0.3422986 1.421056
v 0.1834614 0.3612242 1.42112
v 0.1877772 0.3570363 1.395641
v 0.1718886 0.3380787 1.394202
v 0.1638645 0.3447602 1.393275
v 0.1634489 0.3457193 1.420992
v 0.1675729 0.3422986 1.421056
v 0.1718886 0.3380787 1.394202
v 0.2215683 0.2969668 1.421056
v 0.2256603 0.2935141 1.420992
v 0.2246373 0.2937699 1.393275
v 0.216677 0.3004833 1.394202
v 0.2215683 0.2969668 1.421056
v 0.216677 0.3004833 1.394202
v 0.2325656 0.3194409 1.395641
v 0.2374888 0.3159243 1.42112
v 0.4084902 0.7523313 1.075345
v 0.4084902 0.7778744 1.073618
v 0.4084902 0.7811672 1.113292
v 0.4084902 0.7427407 1.109232
v 0.4084902 0.7485591 1.124481
v 0.4084902 0.7836608 1.139251
v 0.4084902 0.7585652 1.146891
v 0.4084902 0.7765637 1.175024
v 0.4084902 0.7895111 1.171667
v 0.4239951 0.7811672 1.113292
v 0.4239951 0.7778744 1.073618
v 0.4239951 0.7523313 1.075345
v 0.4239951 0.7427407 1.109232
v 0.4239951 0.7485591 1.124481
v 0.4239951 0.7836608 1.139251
v 0.4239951 0.7585652 1.146891
v 0.4239951 0.7765637 1.175024
v 0.4239951 0.7895111 1.171667
v 0.4239951 0.7778744 1.073618
v 0.4084902 0.7778744 1.073618
v 0.4084902 0.7523313 1.075345
v 0.4239951 0.7523313 1.075345
v 0.4084902 0.7523313 1.075345
v 0.4084902 0.7427407 1.109232
v 0.4239951 0.7427407 1.109232
v 0.4239951 0.7523313 1.075345
v 0.4239951 0.7485591 1.124481
v 0.4084902 0.7485591 1.124481
v 0.4239951 0.7585652 1.146891
v 0.4084902 0.7585652 1.146891
v 0.4239951 0.7765637 1.175024
v 0.4084902 0.7765637 1.175024
v 0.4239951 0.7765637 1.175024
v 0.4084902 0.7765637 1.175024
v 0.4084902 0.7895111 1.171667
v 0.4239951 0.7895111 1.171667
v 0.4084902 0.7895111 1.171667
v 0.4084902 0.7836608 1.139251
v 0.4239951 0.7836608 1.139251
v 0.4239951 0.7895111 1.171667
v 0.4239951 0.7811672 1.113292
v 0.4084902 0.7811672 1.113292
v 0.4239951 0.7778744 1.073618
v 0.4084902 0.7778744 1.073618
v 0.4168341 0.7696264 1.110351
v 0.4168341 0.7757965 1.152646
v 0.4285347 0.7805918 1.151942
v 0.4285347 0.7744219 1.109647
v 0.4285347 0.7744219 1.109647
v 0.4285347 0.7805918 1.151942
v 0.433394 0.7921965 1.150248
v 0.433394 0.7860265 1.107953
v 0.433394 0.7860265 1.107953
v 0.433394 0.7921965 1.150248
v 0.4285347 0.8037693 1.148553
v 0.4285347 0.7975993 1.106259
v 0.4168341 0.8085646 1.14785
v 0.4168341 0.8023946 1.105555
v 0.4168341 0.8023946 1.105555
v 0.4168341 0.8085646 1.14785
v 0.4051335 0.8037693 1.148553
v 0.4051335 0.7975993 1.106259
v 0.4002742 0.7921965 1.150248
v 0.4002742 0.7860265 1.107953
v 0.4002742 0.7860265 1.107953
v 0.4002742 0.7921965 1.150248
v 0.4051335 0.7805918 1.151942
v 0.4051335 0.7744219 1.109647
v 0.4051335 0.7744219 1.109647
v 0.4051335 0.7805918 1.151942
v 0.4168341 0.7757965 1.152646
v 0.4168341 0.7696264 1.110351
v 0.4002742 0.7921965 1.150248
v 0.4051335 0.8037693 1.148553
v 0.4168341 0.8085646 1.14785
v 0.4168341 0.7757965 1.152646
v 0.433394 0.7921965 1.150248
v 0.4285347 0.8037693 1.148553
v 0.4285347 0.7805918 1.151942
v 0.4051335 0.7805918 1.151942
v 0.4285347 0.7744219 1.109647
v 0.433394 0.7860265 1.107953
v 0.4285347 0.7975993 1.106259
v 0.4051335 0.7744219 1.109647
v 0.4051335 0.7975993 1.106259
v 0.4168341 0.8023946 1.105555
v 0.4002742 0.7860265 1.107953
v 0.4168341 0.7696264 1.110351
v 0.4132856 0.8296641 1.081835
v 0.4132856 0.8560063 1.202613
v 0.4132856 0.8224711 1.177485
v 0.4132856 0.8006362 1.081707
v 0.4132856 0.7917809 1.169301
v 0.4132856 0.7747095 1.084232
v 0.4211499 0.8296641 1.081835
v 0.4211499 0.8006362 1.081707
v 0.4211499 0.8224711 1.177485
v 0.4211499 0.8560063 1.202613
v 0.4211499 0.7917809 1.169301
v 0.4211499 0.7747095 1.084232
v 0.4132856 0.8296641 1.081835
v 0.4132856 0.8006362 1.081707
v 0.4211499 0.8006362 1.081707
v 0.4211499 0.8296641 1.081835
v 0.4211499 0.7747095 1.084232
v 0.4132856 0.7747095 1.084232
v 0.4211499 0.7747095 1.084232
v 0.4132856 0.7747095 1.084232
v 0.4132856 0.7917809 1.169301
v 0.4211499 0.7917809 1.169301
v 0.4132856 0.7917809 1.169301
v 0.4132856 0.8224711 1.177485
v 0.4211499 0.8224711 1.177485
v 0.4211499 0.7917809 1.169301
v 0.4211499 0.8560063 1.202613
v 0.4132856 0.8560063 1.202613
v 0.4211499 0.8560063 1.202613
v 0.4132856 0.8560063 1.202613
v 0.4132856 0.8296641 1.081835
v 0.4211499 0.8296641 1.081835
v 0.4229402 0.7452022 1.058689
v 0.4089698 0.7452022 1.058689
v 0.4089698 0.7480795 1.079341
v 0.4229402 0.7480795 1.079341
v 0.4229402 0.7577661 1.042065
v 0.4089698 0.7577661 1.042065
v 0.4229402 0.7480795 1.079341
v 0.4089698 0.7480795 1.079341
v 0.4089698 0.7647033 1.091873
v 0.4229402 0.7647033 1.091873
v 0.4089698 0.7853232 1.089027
v 0.4229402 0.7853232 1.089027
v 0.4089698 0.7978869 1.072372
v 0.4229402 0.7978869 1.072372
v 0.4089698 0.7950098 1.051752
v 0.4229402 0.7950098 1.051752
v 0.4229402 0.7950098 1.051752
v 0.4089698 0.7950098 1.051752
v 0.4089698 0.7783859 1.039188
v 0.4229402 0.7783859 1.039188
v 0.4089698 0.7577661 1.042065
v 0.4229402 0.7577661 1.042065
v 0.4089698 0.7783859 1.039188
v 0.4089698 0.7950098 1.051752
v 0.4089698 0.7978869 1.072372
v 0.4089698 0.7452022 1.058689
v 0.4089698 0.7647033 1.091873
v 0.4089698 0.7853232 1.089027
v 0.4089698 0.7480795 1.079341
v 0.4089698 0.7577661 1.042065
v 0.4229402 0.7480795 1.079341
v 0.4229402 0.7647033 1.091873
v 0.4229402 0.7853232 1.089027
v 0.4229402 0.7577661 1.042065
v 0.4229402 0.7950098 1.051752
v 0.4229402 0.7978869 1.072372
v 0.4229402 0.7783859 1.039188
v 0.4229402 0.7452022 1.058689
v 0.457019 0.6517573 1.349222
v 0.4541418 0.6517573 1.356127
v 0.4521917 0.7354198 1.354177
v 0.4542697 0.7354198 1.349222
v 0.4472365 0.7354198 1.356255
v 0.4472365 0.6517573 1.359004
v 0.4422494 0.7354198 1.354177
v 0.4403312 0.6517573 1.356127
v 0.4402034 0.7354198 1.349222
v 0.437454 0.6517573 1.349222
v 0.4422494 0.7354198 1.344235
v 0.4403312 0.6517573 1.342285
v 0.4472365 0.7354198 1.342189
v 0.4472365 0.6517573 1.33944
v 0.4541418 0.6517573 1.342285
v 0.4521917 0.7354198 1.344235
v 0.4472365 0.6517573 1.33944
v 0.4472365 0.7354198 1.342189
v 0.4522237 0.902585 1.349222
v 0.4472365 0.902585 1.354209
v 0.4507531 0.902585 1.352739
v 0.4422494 0.902585 1.349222
v 0.4437199 0.902585 1.352739
v 0.4472365 0.902585 1.344235
v 0.4507531 0.902585 1.345706
v 0.4437199 0.902585 1.345706
v 0.4472365 0.902585 1.344235
v 0.4472365 0.6517573 1.33944
v 0.4403312 0.6517573 1.342285
v 0.437454 0.6517573 1.349222
v 0.457019 0.6517573 1.349222
v 0.4472365 0.6517573 1.359004
v 0.4403312 0.6517573 1.356127
v 0.4541418 0.6517573 1.356127
v 0.4541418 0.6517573 1.342285
v 0.4507531 0.902585 1.352739
v 0.4472365 0.902585 1.354209
v 0.4437199 0.902585 1.352739
v 0.4507531 0.902585 1.345706
v 0.4437199 0.902585 1.345706
v 0.4422494 0.902585 1.349222
v 0.4472365 0.902585 1.344235
v 0.4522237 0.902585 1.349222
v 0.2350591 0.4662419 1.271474
v 0.2316065 0.4728915 1.271474
v 0.2343558 0.4731153 1.355136
v 0.2368494 0.4683519 1.355136
v 0.2359543 0.4782303 1.355136
v 0.2338443 0.4800205 1.271474
v 0.2407496 0.4807238 1.355136
v 0.2404938 0.4834731 1.271474
v 0.2458646 0.4791253 1.355136
v 0.2476229 0.4812353 1.271474
v 0.2483582 0.47433 1.355136
v 0.2511075 0.4745858 1.271474
v 0.2467278 0.469215 1.355136
v 0.2488377 0.4674568 1.271442
v 0.2422202 0.4639722 1.271474
v 0.2419644 0.4667215 1.355136
v 0.2488377 0.4674568 1.271442
v 0.2467278 0.469215 1.355136
v 0.2381601 0.4699183 1.52227
v 0.2375527 0.4769195 1.52227
v 0.2364018 0.4733071 1.52227
v 0.2445539 0.477527 1.52227
v 0.2409094 0.4786778 1.52227
v 0.2451613 0.4705258 1.52227
v 0.2417726 0.4687675 1.52227
v 0.2463122 0.4741701 1.52227
v 0.2451613 0.4705258 1.52227
v 0.2488377 0.4674568 1.271442
v 0.2511075 0.4745858 1.271474
v 0.2476229 0.4812353 1.271474
v 0.2350591 0.4662419 1.271474
v 0.2338443 0.4800205 1.271474
v 0.2404938 0.4834731 1.271474
v 0.2316065 0.4728915 1.271474
v 0.2422202 0.4639722 1.271474
v 0.2364018 0.4733071 1.52227
v 0.2375527 0.4769195 1.52227
v 0.2409094 0.4786778 1.52227
v 0.2417726 0.4687675 1.52227
v 0.2463122 0.4741701 1.52227
v 0.2445539 0.477527 1.52227
v 0.2451613 0.4705258 1.52227
v 0.2381601 0.4699183 1.52227
v 0.1983589 0.4225085 1.271474
v 0.1949062 0.4291261 1.271474
v 0.1976556 0.4293818 1.355136
v 0.2001491 0.4246185 1.355136
v 0.199254 0.4344968 1.355136
v 0.1971441 0.4362871 1.271474
v 0.2040493 0.4369904 1.355136
v 0.2037936 0.4397398 1.271474
v 0.2091644 0.43536 1.355136
v 0.2109226 0.4374699 1.271474
v 0.2116579 0.4305966 1.355136
v 0.2144072 0.4308524 1.271474
v 0.2100275 0.4254816 1.355136
v 0.2121375 0.4236913 1.271442
v 0.2054879 0.4202387 1.271474
v 0.2052642 0.4229881 1.355136
v 0.2121375 0.4236913 1.271442
v 0.2100275 0.4254816 1.355136
v 0.2014599 0.426185 1.52227
v 0.2008205 0.4331861 1.52227
v 0.1997016 0.4295416 1.52227
v 0.2078536 0.4337935 1.52227
v 0.2042092 0.4349445 1.52227
v 0.208461 0.4267923 1.52227
v 0.2050723 0.425034 1.52227
v 0.2096119 0.4304368 1.52227
v 0.208461 0.4267923 1.52227
v 0.2121375 0.4236913 1.271442
v 0.2144072 0.4308524 1.271474
v 0.2109226 0.4374699 1.271474
v 0.1983589 0.4225085 1.271474
v 0.1971441 0.4362871 1.271474
v 0.2037936 0.4397398 1.271474
v 0.1949062 0.4291261 1.271474
v 0.2054879 0.4202387 1.271474
v 0.1997016 0.4295416 1.52227
v 0.2008205 0.4331861 1.52227
v 0.2042092 0.4349445 1.52227
v 0.2050723 0.425034 1.52227
v 0.2096119 0.4304368 1.52227
v 0.2078536 0.4337935 1.52227
v 0.208461 0.4267923 1.52227
v 0.2014599 0.426185 1.52227
v 0.1465693 0.1285548 0.9523925
v 0.1606676 0.1453704 0.9797898
v 0.1507253 0.1537462 0.9797898
v 0.136595 0.1369306 0.9523925
v 0.1152079 0.05560184 1.09053
v 0.06862921 0.09466779 1.09053
v 0.0717302 0.09837615 1.105396
v 0.1183088 0.0593102 1.105396
v 0.07985029 0.1080627 1.114571
v 0.1264289 0.06896478 1.114571
v 0.08992049 0.1200191 1.114571
v 0.1364672 0.08095312 1.114571
v 0.09804058 0.1297057 1.105396
v 0.1445872 0.09063971 1.105396
v 0.1011415 0.133414 1.09053
v 0.1476882 0.09431612 1.09053
v 0.09804058 0.1297057 1.075696
v 0.1445872 0.09063971 1.075696
v 0.08992049 0.1200191 1.066489
v 0.1364672 0.08095312 1.066489
v 0.07985029 0.1080627 1.066489
v 0.1264289 0.06896478 1.066489
v 0.1264289 0.06896478 1.066489
v 0.07985029 0.1080627 1.066489
v 0.0717302 0.09837615 1.075696
v 0.1183088 0.0593102 1.075696
v 0.07985029 0.1080627 1.066489
v 0.08992049 0.1200191 1.066489
v 0.09804058 0.1297057 1.075696
v 0.06862921 0.09466779 1.09053
v 0.09804058 0.1297057 1.105396
v 0.1011415 0.133414 1.09053
v 0.07985029 0.1080627 1.114571
v 0.08992049 0.1200191 1.114571
v 0.0717302 0.09837615 1.105396
v 0.0717302 0.09837615 1.075696
v 0.1183088 0.0593102 1.105396
v 0.1264289 0.06896478 1.114571
v 0.1364672 0.08095312 1.114571
v 0.1183088 0.0593102 1.075696
v 0.1476882 0.09431612 1.09053
v 0.1445872 0.09063971 1.105396
v 0.1364672 0.08095312 1.066489
v 0.1445872 0.09063971 1.075696
v 0.1264289 0.06896478 1.066489
v 0.1152079 0.05560184 1.09053
v 0.4180489 1.321473 0.7437957
v 0.4180489 1.232791 0.8223432
v 0.403567 1.180938 0.795809
v 0.4074992 1.284421 0.6608045
v 0.4180489 1.155938 0.9132946
v 0.3985799 1.097499 0.8825405
v 0.4180489 1.080939 1.052775
v 0.3733884 0.9907551 0.9773602
v 0.4038867 0.9804292 1.158496
v 0.4074353 1.005461 1.154468
v 0.4180489 1.075089 1.112397
v 0.4109519 1.035927 1.160414
v 0.4180489 1.079245 1.193726
v 0.3710867 0.8966708 1.145676
v 0.4324989 1.180938 0.795809
v 0.4180489 1.232791 0.8223432
v 0.4180489 1.321473 0.7437957
v 0.4285667 1.284421 0.6608045
v 0.4180489 1.155938 0.9132946
v 0.437486 1.097499 0.8825405
v 0.4180489 1.080939 1.052775
v 0.464148 0.9907551 0.9773602
v 0.4321792 0.9804292 1.158496
v 0.4602478 0.943729 1.061502
v 0.4286307 1.005461 1.154468
v 0.4510408 0.8996438 1.017002
v 0.4180489 1.075089 1.112397
v 0.4251141 1.035927 1.160414
v 0.4180489 1.079245 1.193726
v 0.4664498 0.8966708 1.145676
v 0.4379016 0.8085327 1.056643
v 0.4379016 0.8320937 1.138675
v 0.4074992 1.284421 0.6608045
v 0.403567 1.180938 0.795809
v 0.4324989 1.180938 0.795809
v 0.4285667 1.284421 0.6608045
v 0.437486 1.097499 0.8825405
v 0.3985799 1.097499 0.8825405
v 0.464148 0.9907551 0.9773602
v 0.3733884 0.9907551 0.9773602
v 0.3857604 0.8996438 1.017002
v 0.4510408 0.8996438 1.017002
v 0.4379016 0.8085327 1.056643
v 0.3981643 0.8085327 1.056643
v 0.4379016 0.8475026 1.268629
v 0.3981643 0.8896376 1.265304
v 0.4180489 0.8896376 1.265304
v 0.4379016 0.8896376 1.265304
v 0.3981643 0.8475026 1.268629
v 0.3981643 0.8193061 1.272209
v 0.4379016 0.8193061 1.272209
v 0.4379016 0.8085327 1.056643
v 0.3981643 0.8085327 1.056643
v 0.3981643 0.8320937 1.138675
v 0.4379016 0.8320937 1.138675
v 0.3981643 0.8403736 1.181609
v 0.4379016 0.8403736 1.181609
v 0.4379016 0.8486535 1.224544
v 0.3981643 0.8486535 1.224544
v 0.4379016 0.8320937 1.138675
v 0.4379016 0.8403736 1.181609
v 0.4379016 0.8948805 1.186149
v 0.4379016 0.8486535 1.224544
v 0.4379016 0.8930582 1.226589
v 0.4379016 0.8896376 1.265304
v 0.4379016 0.8475026 1.268629
v 0.4379016 0.8233022 1.237555
v 0.4379016 0.8193061 1.272209
v 0.4180489 0.9369196 1.22595
v 0.4180489 0.9433133 1.186373
v 0.4664498 0.8966708 1.145676
v 0.4180489 0.9804292 1.158496
v 0.3710867 0.8966708 1.145676
v 0.3981643 0.8948805 1.186149
v 0.3981643 0.8320937 1.138675
v 0.4180489 0.9433133 1.186373
v 0.4180489 0.9804292 1.158496
v 0.4180489 0.9369196 1.22595
v 0.3981643 0.8930582 1.226589
v 0.3981643 0.8486535 1.224544
v 0.3981643 0.8896376 1.265304
v 0.3981643 0.8475026 1.268629
v 0.3981643 0.8233022 1.237555
v 0.3981643 0.8193061 1.272209
v 0.3981643 0.8403736 1.181609
v 0.4180489 0.8896376 1.265304
v 0.4180489 0.8930582 1.226589
v 0.4379016 0.8930582 1.226589
v 0.4379016 0.8896376 1.265304
v 0.3981643 0.8896376 1.265304
v 0.3981643 0.8930582 1.226589
v 0.4379016 0.8193061 1.272209
v 0.4379016 0.8233022 1.237555
v 0.3981643 0.8233022 1.237555
v 0.3981643 0.8193061 1.272209
v 0.4379016 0.8233022 1.237555
v 0.4379016 0.8486535 1.224544
v 0.3981643 0.8486535 1.224544
v 0.3981643 0.8233022 1.237555
v 0.4074353 1.005461 1.154468
v 0.4109519 1.035927 1.160414
v 0.4251141 1.035927 1.160414
v 0.4286307 1.005461 1.154468
v 0.4038867 0.9804292 1.158496
v 0.4321792 0.9804292 1.158496
v 0.4180489 1.079245 1.193726
v 0.4180489 0.9804292 1.158496
v 0.3710867 0.8966708 1.145676
v 0.4664498 0.8966708 1.145676
v 0.4180489 1.321473 0.7437957
v 0.4074992 1.284421 0.6608045
v 0.4285667 1.284421 0.6608045
v 0.3710867 0.8966708 1.145676
v 0.3981643 0.8320937 1.138675
v 0.3981643 0.8085327 1.056643
v 0.4180489 0.9369196 1.22595
v 0.4379016 0.8930582 1.226589
v 0.4180489 0.8930582 1.226589
v 0.3981643 0.8930582 1.226589
v 0.3857604 0.8996438 1.017002
v 0.3733884 0.9907551 0.9773602
v 0.3893089 0.8916836 1.114219
v 0.3981643 0.8085327 1.056643
v 0.3733884 0.9907551 0.9773602
v 0.3710867 0.8966708 1.145676
v 0.3893089 0.8916836 1.114219
v 0.3710867 0.8966708 1.145676
v 0.3981643 0.8085327 1.056643
v 0.3893089 0.8916836 1.114219
v -0.3888773 0.5605821 1.020998
v -0.4161147 0.4555643 0.9667785
v -0.4161147 0.4817788 1.04117
v -0.3921061 0.5649298 1.060863
v -0.4161147 0.5385875 1.133336
v -0.3960063 0.5923591 1.111757
v -0.4161147 0.6081837 1.167543
v -0.4060445 0.6301463 1.150376
v -0.4161147 0.6821277 1.184966
v -0.3888773 0.5651856 0.984745
v -0.4161147 0.4323869 0.9441765
v -0.4161147 0.4955574 0.9215745
v -0.3888773 0.578069 0.9451995
v -0.4141007 0.5384277 0.8801109
v -0.3888773 0.604795 0.9341382
v -0.414836 0.5533251 0.8285771
v -0.410648 0.5656012 0.7776507
v -0.410648 0.5858055 0.7766277
v -0.4161147 0.4817788 1.04117
v -0.4161147 0.4555643 0.9667785
v -0.4433202 0.5605821 1.020998
v -0.4400914 0.5649298 1.060863
v -0.4161147 0.5385875 1.133336
v -0.4361911 0.5923591 1.111757
v -0.4161147 0.6081837 1.167543
v -0.4261529 0.6301463 1.150376
v -0.4433202 0.5651856 0.984745
v -0.4161147 0.4323869 0.9441765
v -0.4161147 0.4955574 0.9215745
v -0.4433202 0.578069 0.9451995
v -0.4180968 0.5384277 0.8801109
v -0.4433202 0.604795 0.9341382
v -0.4173615 0.5533251 0.8285771
v -0.4215494 0.5656012 0.7776507
v -0.4215494 0.5858055 0.7766277
v -0.4161147 0.6821277 1.184966
v -0.4433202 0.578069 0.9451995
v -0.3888773 0.578069 0.9451995
v -0.3888773 0.5651856 0.984745
v -0.4433202 0.5651856 0.984745
v -0.4433202 0.5605821 1.020998
v -0.3888773 0.5605821 1.020998
v -0.3921061 0.5649298 1.060863
v -0.4400914 0.5649298 1.060863
v -0.3960063 0.5923591 1.111757
v -0.4361911 0.5923591 1.111757
v -0.4261529 0.6301463 1.150376
v -0.4060445 0.6301463 1.150376
v -0.4161147 0.6821277 1.184966
v -0.4433202 0.604795 0.9341382
v -0.3888773 0.604795 0.9341382
v -0.3888773 0.578069 0.9451995
v -0.4433202 0.578069 0.9451995
v -0.410648 0.5858055 0.7766277
v -0.3888773 0.604795 0.9341382
v -0.4433202 0.604795 0.9341382
v -0.4215494 0.5858055 0.7766277
v -0.4157631 0.4971878 0.7166861
v -0.4033592 0.5463879 0.7170697
v -0.4063003 0.5228269 0.6445643
v -0.4157631 0.4716447 0.5939255
v -0.4157631 0.4995854 0.7970877
v -0.4008017 0.567903 0.7809754
v -0.4008017 0.5434148 0.8822528
v -0.4157631 0.4799246 0.8716071
v -0.4052134 0.4803721 0.9390934
v -0.4157631 0.4360314 0.9299504
v -0.4157631 0.4971878 0.7166861
v -0.4157631 0.4716447 0.5939255
v -0.4252259 0.5228269 0.6445643
v -0.428167 0.5463879 0.7170697
v -0.4157631 0.4995854 0.7970877
v -0.4307246 0.567903 0.7809754
v -0.4307246 0.5434148 0.8822528
v -0.4157631 0.4799246 0.8716071
v -0.4263448 0.4803721 0.9390934
v -0.4157631 0.4360314 0.9299504
v -0.4307246 0.5434148 0.8822528
v -0.4008017 0.5434148 0.8822528
v -0.4052134 0.4803721 0.9390934
v -0.4263448 0.4803721 0.9390934
v -0.4307246 0.567903 0.7809754
v -0.4008017 0.567903 0.7809754
v -0.428167 0.5463879 0.7170697
v -0.4033592 0.5463879 0.7170697
v -0.4252259 0.5228269 0.6445643
v -0.4063003 0.5228269 0.6445643
v -0.4157631 0.4716447 0.5939255
v -0.414836 0.5533251 0.8285771
v -0.410648 0.5656012 0.7776507
v -0.4215494 0.5656012 0.7776507
v -0.4173615 0.5533251 0.8285771
v -0.4180968 0.5384277 0.8801109
v -0.4141007 0.5384277 0.8801109
v -0.4161147 0.4955574 0.9215745
v -0.4215494 0.5656012 0.7776507
v -0.410648 0.5656012 0.7776507
v -0.410648 0.5858055 0.7766277
v -0.4215494 0.5858055 0.7766277
v -0.4235315 0.4626614 1.105044
v -0.425066 0.5250008 1.151686
v -0.4455901 0.4970279 1.182025
v -0.4417858 0.4024321 1.145548
v -0.4284227 0.6242321 1.201654
v -0.4202387 0.6238164 1.192766
v -0.4326426 0.6242321 1.214793
v -0.4499058 0.4916572 1.214793
v -0.4609991 0.4015689 1.214921
v -0.4154754 0.7333098 1.221986
v -0.4447908 0.3462308 1.198137
v -0.4185124 0.3148373 1.177869
v -0.4165623 0.3559813 1.096476
v -0.4187042 0.4161147 0.9676097
v -0.4175214 0.4030395 0.9609602
v -0.4175214 0.4030395 0.9609602
v -0.4165623 0.3559813 1.096476
v -0.4154754 0.3538394 1.094047
v -0.4154754 0.4008976 0.9589462
v -0.4124703 0.3148373 1.177869
v -0.4185124 0.3148373 1.177869
v -0.4134294 0.4030395 0.9609602
v -0.4143884 0.3559813 1.096476
v -0.4143884 0.3559813 1.096476
v -0.4154754 0.4164664 0.9661711
v -0.4187042 0.4161147 0.9676097
v -0.4175214 0.4030395 0.9609602
v -0.4154754 0.4033592 0.9597773
v -0.4154754 0.4008976 0.9589462
v -0.4154754 0.6238164 1.190369
v -0.4202387 0.6238164 1.192766
v -0.425066 0.5250008 1.151686
v -0.4154754 0.5250008 1.149257
v -0.4235315 0.4626614 1.105044
v -0.4154754 0.4628533 1.103222
v -0.4187042 0.4161147 0.9676097
v -0.4154754 0.4164664 0.9661711
v -0.4059167 0.5250008 1.151686
v -0.410712 0.6238164 1.192766
v -0.4074192 0.4626614 1.105044
v -0.4122785 0.4161147 0.9676097
v -0.4154754 0.7333098 1.221986
v -0.4124703 0.3148373 1.177869
v -0.4185124 0.3148373 1.177869
v -0.4447908 0.3462308 1.198137
v -0.3861919 0.3462308 1.198137
v -0.4609991 0.4015689 1.214921
v -0.3699837 0.4015689 1.214921
v -0.3810449 0.4916572 1.214793
v -0.4499058 0.4916572 1.214793
v -0.3983081 0.6242321 1.214793
v -0.4326426 0.6242321 1.214793
v -0.4154754 0.7333098 1.221986
v -0.3853927 0.4970279 1.182025
v -0.4059167 0.5250008 1.151686
v -0.4074192 0.4626614 1.105044
v -0.3891969 0.4024321 1.145548
v -0.4025599 0.6242321 1.201654
v -0.410712 0.6238164 1.192766
v -0.3983081 0.6242321 1.214793
v -0.3810449 0.4916572 1.214793
v -0.3699837 0.4015689 1.214921
v -0.4154754 0.7333098 1.221986
v -0.3861919 0.3462308 1.198137
v -0.4124703 0.3148373 1.177869
v -0.4143884 0.3559813 1.096476
v -0.4122785 0.4161147 0.9676097
v -0.4134294 0.4030395 0.9609602
v -0.4134294 0.4030395 0.9609602
v -0.4122785 0.4161147 0.9676097
v -0.4154754 0.4164664 0.9661711
v -0.4154754 0.4033592 0.9597773
v -0.4154754 0.4008976 0.9589462
v -0.4144204 0.5630437 1.168886
v -0.4144204 0.5820011 1.149608
v -0.4144204 0.5447895 1.132473
v -0.4144204 0.5229546 1.15239
v -0.4144204 0.5173921 1.083017
v -0.4144204 0.4587612 1.104468
v -0.4144204 0.493895 1.037877
v -0.4144204 0.4150597 0.9790545
v -0.4144204 0.4765999 0.9671621
v -0.4177771 0.5447895 1.132473
v -0.4177771 0.5820011 1.149608
v -0.4177771 0.5630437 1.168886
v -0.4177771 0.5229546 1.15239
v -0.4177771 0.5173921 1.083017
v -0.4177771 0.4587612 1.104468
v -0.4177771 0.493895 1.037877
v -0.4177771 0.4150597 0.9790545
v -0.4177771 0.4765999 0.9671621
v -0.4144204 0.4150597 0.9790545
v -0.4144204 0.4765999 0.9671621
v -0.4177771 0.4765999 0.9671621
v -0.4177771 0.4150597 0.9790545
v -0.4144204 0.5820011 1.149608
v -0.4144204 0.5630437 1.168886
v -0.4177771 0.5630437 1.168886
v -0.4177771 0.5820011 1.149608
v -0.4376298 0.7807516 0.7226322
v -0.3962941 0.7807516 0.7226322
v -0.3962941 0.8133599 0.6298266
v -0.4376298 0.8133599 0.6298266
v -0.4376298 0.7135851 0.8495167
v -0.3962941 0.7135851 0.8495167
v -0.4376298 0.6326079 0.9253148
v -0.3962941 0.6326079 0.9253148
v -0.4376298 0.6149291 0.9286076
v -0.3962941 0.6149291 0.9286076
v -0.4376298 0.7624654 1.190241
v -0.3962941 0.7624654 1.190241
v -0.4021444 0.7579579 1.215369
v -0.4318115 0.7579579 1.215369
v -0.4376298 0.7377855 1.103925
v -0.3962941 0.7377855 1.103925
v -0.4376298 0.7429006 1.01892
v -0.3962941 0.7429006 1.01892
v -0.4376298 0.7559119 0.9540868
v -0.3962941 0.7559119 0.9540868
v -0.4376298 0.7859306 0.8445296
v -0.3962941 0.7859306 0.8445296
v -0.4376298 0.8451369 0.6863796
v -0.3962941 0.8451369 0.6863796
v -0.3962941 0.7559119 0.9540868
v -0.3962941 0.7859306 0.8445296
v -0.3962941 0.7135851 0.8495167
v -0.3962941 0.6326079 0.9253148
v -0.3962941 0.7807516 0.7226322
v -0.3962941 0.8451369 0.6863796
v -0.3962941 0.6149291 0.9286076
v -0.3962941 0.7429006 1.01892
v -0.3962941 0.6054984 0.9786709
v -0.3962941 0.7377855 1.103925
v -0.3962941 0.699295 1.139314
v -0.3962941 0.7624654 1.190241
v -0.3962941 0.8133599 0.6298266
v -0.4021444 0.7579579 1.215369
v -0.4376298 0.7559119 0.9540868
v -0.4376298 0.6326079 0.9253148
v -0.4376298 0.7135851 0.8495167
v -0.4376298 0.7859306 0.8445296
v -0.4376298 0.7807516 0.7226322
v -0.4376298 0.8451369 0.6863796
v -0.4376298 0.6149291 0.9286076
v -0.4376298 0.7429006 1.01892
v -0.4376298 0.6054984 0.9786709
v -0.4376298 0.7377855 1.103925
v -0.4376298 0.699295 1.139314
v -0.4376298 0.7624654 1.190241
v -0.4376298 0.8133599 0.6298266
v -0.4318115 0.7579579 1.215369
v -0.4376298 0.8133599 0.6298266
v -0.3962941 0.8133599 0.6298266
v -0.3962941 0.8451369 0.6863796
v -0.4376298 0.8451369 0.6863796
v -0.4376298 0.6054984 0.9786709
v -0.3962941 0.6054984 0.9786709
v -0.3962941 0.6149291 0.9286076
v -0.4376298 0.6149291 0.9286076
v -0.4376298 0.699295 1.139314
v -0.3962941 0.699295 1.139314
v -0.4318115 0.7579579 1.215369
v -0.4021444 0.7579579 1.215369
v -0.4047018 0.7149277 0.8511471
v -0.4047018 0.6305619 0.927233
v -0.4253538 0.6305619 0.927233
v -0.4253538 0.7149277 0.8511471
v -0.4253538 0.7646074 0.7636803
v -0.4047018 0.7646074 0.7636803
v -0.4233077 0.793763 0.6990072
v -0.4067479 0.793763 0.6990072
v -0.4211658 0.8177397 0.627397
v -0.4088898 0.8177397 0.627397
v -0.4193436 0.8468953 0.5215161
v -0.410712 0.8468953 0.5215161
v -0.4150278 0.8326052 0.3690246
v -0.4047018 0.7646074 0.7636803
v -0.4067479 0.793763 0.6990072
v -0.4150278 0.6255428 0.7209379
v -0.4047018 0.656073 0.7557201
v -0.4047018 0.7149277 0.8511471
v -0.4047018 0.6305619 0.927233
v -0.4150278 0.7103881 0.6228574
v -0.4088898 0.8177397 0.627397
v -0.4150278 0.7600358 0.5226989
v -0.410712 0.8468953 0.5215161
v -0.4150278 0.8326052 0.3690246
v -0.4150278 0.6255428 0.7209379
v -0.4233077 0.793763 0.6990072
v -0.4253538 0.7646074 0.7636803
v -0.4253538 0.656073 0.7557201
v -0.4253538 0.7149277 0.8511471
v -0.4253538 0.6305619 0.927233
v -0.4150278 0.7103881 0.6228574
v -0.4211658 0.8177397 0.627397
v -0.4150278 0.7600358 0.5226989
v -0.4193436 0.8468953 0.5215161
v -0.4150278 0.8326052 0.3690246
v -0.4253538 0.6305619 0.927233
v -0.4047018 0.6305619 0.927233
v -0.4047018 0.656073 0.7557201
v -0.4253538 0.656073 0.7557201
v -0.4275596 1.012494 0.9681851
v -0.4092414 1.012494 0.9681851
v -0.4092414 0.8705842 1.105811
v -0.4275596 0.8705842 1.105811
v -0.4275596 1.154404 0.8305911
v -0.4092414 1.154404 0.8305911
v -0.4275596 1.2529 0.7120826
v -0.4092414 1.2529 0.7120826
v -0.4239471 1.37029 0.5503201
v -0.4128219 1.37029 0.5503201
v -0.4183846 1.511976 0.3681934
v -0.4092414 1.154404 0.8305911
v -0.4183846 1.077615 0.64271
v -0.4183846 0.940532 0.8376243
v -0.4092414 1.012494 0.9681851
v -0.4183846 0.8046964 0.9165234
v -0.4092414 0.8705842 1.105811
v -0.4092414 1.2529 0.7120826
v -0.4183846 1.212235 0.569853
v -0.4128219 1.37029 0.5503201
v -0.4183846 1.269012 0.4604236
v -0.4183846 1.511976 0.3681934
v -0.4183846 0.940532 0.8376243
v -0.4183846 1.077615 0.64271
v -0.4275596 1.154404 0.8305911
v -0.4275596 1.012494 0.9681851
v -0.4183846 0.8046964 0.9165234
v -0.4275596 0.8705842 1.105811
v -0.4275596 1.2529 0.7120826
v -0.4183846 1.212235 0.569853
v -0.4239471 1.37029 0.5503201
v -0.4183846 1.269012 0.4604236
v -0.4183846 1.511976 0.3681934
v -0.4157631 0.4360314 0.9299504
v -0.4263448 0.4803721 0.9390934
v -0.4052134 0.4803721 0.9390934
v -0.4150278 0.6255428 0.7209379
v -0.4253538 0.656073 0.7557201
v -0.4047018 0.656073 0.7557201
v -0.4183846 0.8046964 0.9165234
v -0.4275596 0.8705842 1.105811
v -0.4092414 0.8705842 1.105811
v -0.1056331 0.1153836 1.081195
v -0.1376659 0.1625696 0.9369516
v -0.1173976 0.1384012 0.9191449
v -0.09294146 0.1002623 1.082442
v -0.1307287 0.09431612 1.081195
v -0.1716488 0.1340854 0.9369516
v -0.1376659 0.1625696 0.9369516
v -0.1056331 0.1153836 1.081195
v -0.1513486 0.1099169 0.9191449
v -0.1716488 0.1340854 0.9369516
v -0.1307287 0.09431612 1.081195
v -0.118037 0.07919484 1.082442
v -0.09294146 0.1002623 1.082442
v -0.1173976 0.1384012 0.9191449
v -0.1513486 0.1099169 0.9191449
v -0.118037 0.07919484 1.082442
v -0.3061738 0.4043182 1.381543
v -0.258732 0.4441195 1.381543
v -0.2057596 0.380981 1.381543
v -0.2531694 0.3411797 1.381543
v -0.2872802 0.4781343 1.347784
v -0.334722 0.4383331 1.347784
v -0.3843057 0.4974435 1.319235
v -0.3368639 0.5372128 1.319235
v -0.4547971 0.5814577 1.304945
v -0.4073552 0.6212589 1.304945
v -0.5354225 0.6775561 1.296633
v -0.4880127 0.7173573 1.296633
v -0.5728261 0.7354518 1.293053
v -0.5385235 0.7642238 1.293053
v -0.2253245 0.3079641 1.229659
v -0.1778827 0.3477653 1.229659
v -0.1753252 0.3447282 1.211212
v -0.222735 0.304927 1.211212
v -0.2415327 0.3272732 1.265464
v -0.194091 0.3670745 1.265464
v -0.2536489 0.3417232 1.317349
v -0.2062072 0.3815244 1.317349
v -0.2558228 0.3443127 1.355776
v -0.2083811 0.3841139 1.355776
v -0.2057596 0.380981 1.381543
v -0.2531694 0.3411797 1.381543
v -0.2099475 0.3016022 1.15044
v -0.1742703 0.3315251 1.15044
v -0.1836371 0.3306939 1.047596
v -0.2075179 0.3106495 1.047596
v -0.5385235 0.7642238 1.293053
v -0.5728261 0.7354518 1.293053
v -0.55243 0.7111555 1.234454
v -0.5181274 0.7399274 1.234454
v -0.55243 0.7111555 1.234454
v -0.3065574 0.4047977 1.20808
v -0.2591476 0.444599 1.20808
v -0.5181274 0.7399274 1.234454
v -0.2075179 0.3106495 1.047596
v -0.1836371 0.3306939 1.047596
v -0.2151904 0.3683532 1.062174
v -0.2391031 0.3482768 1.062174
v -0.194091 0.3670745 1.265464
v -0.2591476 0.444599 1.20808
v -0.1753252 0.3447282 1.211212
v -0.1778827 0.3477653 1.229659
v -0.2305994 0.3986278 1.135958
v -0.1742703 0.3315251 1.15044
v -0.2151904 0.3683532 1.062174
v -0.1836371 0.3306939 1.047596
v -0.2062072 0.3815244 1.317349
v -0.2083811 0.3841139 1.355776
v -0.2057596 0.380981 1.381543
v -0.258732 0.4441195 1.381543
v -0.2872802 0.4781343 1.347784
v -0.3368639 0.5372128 1.319235
v -0.4073552 0.6212589 1.304945
v -0.4880127 0.7173573 1.296633
v -0.5181274 0.7399274 1.234454
v -0.5385235 0.7642238 1.293053
v -0.2415327 0.3272732 1.265464
v -0.2253245 0.3079641 1.229659
v -0.222735 0.304927 1.211212
v -0.3065574 0.4047977 1.20808
v -0.2662447 0.3687049 1.135958
v -0.2099475 0.3016022 1.15044
v -0.2391031 0.3482768 1.062174
v -0.2075179 0.3106495 1.047596
v -0.2536489 0.3417232 1.317349
v -0.2558228 0.3443127 1.355776
v -0.2531694 0.3411797 1.381543
v -0.3061738 0.4043182 1.381543
v -0.334722 0.4383331 1.347784
v -0.3843057 0.4974435 1.319235
v -0.4547971 0.5814577 1.304945
v -0.5354225 0.6775561 1.296633
v -0.55243 0.7111555 1.234454
v -0.5728261 0.7354518 1.293053
v -0.3065574 0.4047977 1.20808
v -0.2662447 0.3687049 1.135958
v -0.2305994 0.3986278 1.135958
v -0.2591476 0.444599 1.20808
v -0.2391031 0.3482768 1.062174
v -0.2151904 0.3683532 1.062174
v -0.1507092 0.1537462 0.9797898
v -0.1366109 0.1369306 0.9523925
v -0.1076791 0.09984672 1.081835
v -0.1203707 0.114968 1.080556
v -0.1277555 0.108766 1.080556
v -0.1606835 0.1453704 0.9797898
v -0.1507092 0.1537462 0.9797898
v -0.1203707 0.114968 1.080556
v -0.1606835 0.1453704 0.9797898
v -0.1277555 0.108766 1.080556
v -0.1150639 0.09364474 1.081835
v -0.1465532 0.1285548 0.9523925
v -0.2479265 0.2158617 1.094878
v -0.2730541 0.2458166 1.010672
v -0.2801511 0.2542564 1.029789
v -0.2801511 0.2542564 1.094878
v -0.2448255 0.2121853 1.067065
v -0.2339881 0.1992699 1.031931
v -0.2544162 0.2235982 0.9793423
v -0.2187709 0.1811436 0.9979162
v -0.2318142 0.1966804 0.951977
v -0.2025947 0.1618344 0.97135
v -0.2020192 0.161163 0.921159
v -0.1822944 0.1376659 0.952904
v -0.181719 0.1369626 0.9027129
v -0.2033619 0.2532653 1.094878
v -0.2355546 0.29166 1.094878
v -0.2355546 0.29166 1.029789
v -0.2284895 0.2832202 1.010672
v -0.2002609 0.2495889 1.067065
v -0.1893916 0.2366415 1.031931
v -0.2098516 0.2610018 0.9793423
v -0.1742063 0.2185152 0.9979162
v -0.1872496 0.234084 0.951977
v -0.1579981 0.1992379 0.97135
v -0.1574546 0.1985666 0.921159
v -0.1377298 0.1750375 0.952904
v -0.1371544 0.1743662 0.9027129
v -0.2355546 0.29166 1.029789
v -0.2801511 0.2542564 1.029789
v -0.2730541 0.2458166 1.010672
v -0.2284895 0.2832202 1.010672
v -0.2801511 0.2542564 1.094878
v -0.2355546 0.29166 1.094878
v -0.2544162 0.2235982 0.9793423
v -0.2098516 0.2610018 0.9793423
v -0.2318142 0.1966804 0.951977
v -0.1872496 0.234084 0.951977
v -0.2020192 0.161163 0.921159
v -0.1574546 0.1985666 0.921159
v -0.181719 0.1369626 0.9027129
v -0.1371544 0.1743662 0.9027129
v -0.2033619 0.2532653 1.094878
v -0.2479265 0.2158617 1.094878
v -0.2801511 0.2542564 1.094878
v -0.2355546 0.29166 1.094878
v -0.1742063 0.2185152 0.9979162
v -0.2187709 0.1811436 0.9979162
v -0.2339881 0.1992699 1.031931
v -0.1893916 0.2366415 1.031931
v -0.2448255 0.2121853 1.067065
v -0.2002609 0.2495889 1.067065
v -0.1579981 0.1992379 0.97135
v -0.2025947 0.1618344 0.97135
v -0.2479265 0.2158617 1.094878
v -0.2033619 0.2532653 1.094878
v -0.1377298 0.1750375 0.952904
v -0.1822944 0.1376659 0.952904
v -0.1075512 0.1502296 0.9417469
v -0.103747 0.145722 0.9236205
v -0.1605556 0.0980565 0.9236205
v -0.1643279 0.1025641 0.9417469
v -0.1174616 0.1620581 0.952936
v -0.1742703 0.1143926 0.952936
v -0.1297057 0.1766679 0.952936
v -0.1865143 0.1290023 0.952936
v -0.139616 0.1884644 0.9417469
v -0.1964247 0.1407989 0.9417469
v -0.1433883 0.1929721 0.9236205
v -0.200197 0.1453065 0.9236205
v -0.139616 0.1884644 0.9054942
v -0.1964247 0.1407989 0.9054942
v -0.1297057 0.1766679 0.8942731
v -0.1865143 0.1290023 0.8942731
v -0.1174616 0.1620581 0.8942731
v -0.1742703 0.1143926 0.8942731
v -0.1643279 0.1025641 0.9054942
v -0.1075512 0.1502296 0.9054942
v -0.1742703 0.1143926 0.8942731
v -0.1174616 0.1620581 0.8942731
v -0.1174616 0.1620581 0.8942731
v -0.103747 0.145722 0.9236205
v -0.139616 0.1884644 0.9054942
v -0.1297057 0.1766679 0.8942731
v -0.139616 0.1884644 0.9417469
v -0.1433883 0.1929721 0.9236205
v -0.1174616 0.1620581 0.952936
v -0.1297057 0.1766679 0.952936
v -0.1075512 0.1502296 0.9417469
v -0.1075512 0.1502296 0.9054942
v -0.1643279 0.1025641 0.9417469
v -0.1643279 0.1025641 0.9054942
v -0.1865143 0.1290023 0.952936
v -0.1742703 0.1143926 0.952936
v -0.200197 0.1453065 0.9236205
v -0.1964247 0.1407989 0.9417469
v -0.1865143 0.1290023 0.8942731
v -0.1964247 0.1407989 0.9054942
v -0.1742703 0.1143926 0.8942731
v -0.1605556 0.0980565 0.9236205
v -0.150965 0.1953058 0.8948805
v -0.12734 0.1671412 0.8948805
v -0.1429408 0.1857471 0.9279364
v -0.150965 0.1953058 0.9279364
v -0.2019553 0.1525314 0.8948805
v -0.2019553 0.1525314 0.9279364
v -0.1938992 0.1429727 0.9279364
v -0.1782984 0.1243668 0.8948805
v -0.12734 0.1671412 0.8948805
v -0.150965 0.1953058 0.8948805
v -0.2019553 0.1525314 0.8948805
v -0.1782984 0.1243668 0.8948805
v -0.150965 0.1953058 0.9279364
v -0.1429408 0.1857471 0.9279364
v -0.1938992 0.1429727 0.9279364
v -0.2019553 0.1525314 0.9279364
v -0.150965 0.1953058 0.8948805
v -0.150965 0.1953058 0.9279364
v -0.2019553 0.1525314 0.9279364
v -0.2019553 0.1525314 0.8948805
v -0.4085062 0.6050188 1.075952
v -0.4085062 0.5918476 1.038389
v -0.4085062 0.5675513 1.046509
v -0.4085062 0.566816 1.081707
v -0.4085062 0.5762787 1.095006
v -0.4085062 0.6139701 1.100472
v -0.4085062 0.5915919 1.114187
v -0.4085062 0.61608 1.136885
v -0.4085062 0.6277806 1.130363
v -0.4240111 0.5675513 1.046509
v -0.4240111 0.5918476 1.038389
v -0.4240111 0.6050188 1.075952
v -0.4240111 0.566816 1.081707
v -0.4240111 0.5762787 1.095006
v -0.4240111 0.6139701 1.100472
v -0.4240111 0.5915919 1.114187
v -0.4240111 0.61608 1.136885
v -0.4240111 0.6277806 1.130363
v -0.4085062 0.5675513 1.046509
v -0.4085062 0.5918476 1.038389
v -0.4240111 0.5918476 1.038389
v -0.4240111 0.5675513 1.046509
v -0.4240111 0.566816 1.081707
v -0.4085062 0.566816 1.081707
v -0.4085062 0.5675513 1.046509
v -0.4240111 0.5675513 1.046509
v -0.4240111 0.5762787 1.095006
v -0.4085062 0.5762787 1.095006
v -0.4240111 0.5915919 1.114187
v -0.4085062 0.5915919 1.114187
v -0.4240111 0.61608 1.136885
v -0.4085062 0.61608 1.136885
v -0.4085062 0.6277806 1.130363
v -0.4085062 0.61608 1.136885
v -0.4240111 0.61608 1.136885
v -0.4240111 0.6277806 1.130363
v -0.4240111 0.6139701 1.100472
v -0.4085062 0.6139701 1.100472
v -0.4085062 0.6277806 1.130363
v -0.4240111 0.6277806 1.130363
v -0.4240111 0.6050188 1.075952
v -0.4085062 0.6050188 1.075952
v -0.4240111 0.5918476 1.038389
v -0.4085062 0.5918476 1.038389
v -0.4285507 0.6141939 1.113516
v -0.41685 0.6097183 1.115402
v -0.41685 0.5930944 1.076016
v -0.4285507 0.59757 1.07413
v -0.4334099 0.6249993 1.108976
v -0.4334099 0.6083755 1.06959
v -0.4285507 0.6357729 1.104404
v -0.4334099 0.6249993 1.108976
v -0.4334099 0.6083755 1.06959
v -0.4285507 0.619149 1.065051
v -0.41685 0.6402485 1.102518
v -0.41685 0.6236246 1.063165
v -0.4051175 0.6357729 1.104404
v -0.41685 0.6402485 1.102518
v -0.41685 0.6236246 1.063165
v -0.4051175 0.619149 1.065051
v -0.4002901 0.6249993 1.108976
v -0.4002901 0.6083755 1.06959
v -0.4051175 0.6141939 1.113516
v -0.4002901 0.6249993 1.108976
v -0.4002901 0.6083755 1.06959
v -0.4051175 0.59757 1.07413
v -0.41685 0.6097183 1.115402
v -0.41685 0.5930944 1.076016
v -0.4002901 0.6249993 1.108976
v -0.41685 0.6097183 1.115402
v -0.41685 0.6402485 1.102518
v -0.4051175 0.6357729 1.104404
v -0.4334099 0.6249993 1.108976
v -0.4285507 0.6357729 1.104404
v -0.4285507 0.6141939 1.113516
v -0.4051175 0.6141939 1.113516
v -0.4285507 0.59757 1.07413
v -0.4051175 0.59757 1.07413
v -0.4285507 0.619149 1.065051
v -0.4334099 0.6083755 1.06959
v -0.4051175 0.619149 1.065051
v -0.41685 0.6236246 1.063165
v -0.4002901 0.6083755 1.06959
v -0.41685 0.5930944 1.076016
v -0.4132695 0.6611561 1.12771
v -0.4132695 0.7016607 1.141968
v -0.4132695 0.6440528 1.033306
v -0.4132695 0.6159201 1.040499
v -0.4132695 0.6293791 1.127518
v -0.4132695 0.591432 1.04945
v -0.4211339 0.6611561 1.12771
v -0.4211339 0.6159201 1.040499
v -0.4211339 0.6440528 1.033306
v -0.4211339 0.7016607 1.141968
v -0.4211339 0.6293791 1.127518
v -0.4211339 0.591432 1.04945
v -0.4211339 0.6159201 1.040499
v -0.4132695 0.6159201 1.040499
v -0.4132695 0.6440528 1.033306
v -0.4211339 0.6440528 1.033306
v -0.4211339 0.591432 1.04945
v -0.4132695 0.591432 1.04945
v -0.4132695 0.6293791 1.127518
v -0.4132695 0.591432 1.04945
v -0.4211339 0.591432 1.04945
v -0.4211339 0.6293791 1.127518
v -0.4211339 0.6611561 1.12771
v -0.4132695 0.6611561 1.12771
v -0.4132695 0.6293791 1.127518
v -0.4211339 0.6293791 1.127518
v -0.4211339 0.7016607 1.141968
v -0.4132695 0.7016607 1.141968
v -0.4132695 0.6440528 1.033306
v -0.4132695 0.7016607 1.141968
v -0.4211339 0.7016607 1.141968
v -0.4211339 0.6440528 1.033306
v -0.4089857 0.5644184 1.051432
v -0.4089857 0.5564581 1.032155
v -0.4229241 0.5564581 1.032155
v -0.4229241 0.5644184 1.051432
v -0.4089857 0.5836956 1.059392
v -0.4089857 0.5644184 1.051432
v -0.4229241 0.5644184 1.051432
v -0.4229241 0.5836956 1.059392
v -0.4089857 0.6029409 1.051432
v -0.4229241 0.6029409 1.051432
v -0.4089857 0.6109011 1.032155
v -0.4089857 0.6029409 1.051432
v -0.4229241 0.6029409 1.051432
v -0.4229241 0.6109011 1.032155
v -0.4089857 0.6029409 1.01291
v -0.4089857 0.6109011 1.032155
v -0.4229241 0.6109011 1.032155
v -0.4229241 0.6029409 1.01291
v -0.4089857 0.5836956 1.004949
v -0.4229241 0.5836956 1.004949
v -0.4089857 0.5644184 1.01291
v -0.4229241 0.5644184 1.01291
v -0.4089857 0.5564581 1.032155
v -0.4089857 0.5644184 1.01291
v -0.4229241 0.5644184 1.01291
v -0.4229241 0.5564581 1.032155
v -0.4089857 0.5836956 1.004949
v -0.4089857 0.5564581 1.032155
v -0.4089857 0.6109011 1.032155
v -0.4089857 0.6029409 1.01291
v -0.4089857 0.5836956 1.059392
v -0.4089857 0.6029409 1.051432
v -0.4089857 0.5644184 1.051432
v -0.4089857 0.5644184 1.01291
v -0.4229241 0.5644184 1.051432
v -0.4229241 0.5644184 1.01291
v -0.4229241 0.6029409 1.051432
v -0.4229241 0.5836956 1.059392
v -0.4229241 0.6029409 1.01291
v -0.4229241 0.6109011 1.032155
v -0.4229241 0.5836956 1.004949
v -0.4229241 0.5564581 1.032155
v -0.3951112 0.7354198 1.354177
v -0.3970613 0.6517573 1.356127
v -0.3999065 0.6517573 1.349222
v -0.3971572 0.7354198 1.349222
v -0.390124 0.7354198 1.356255
v -0.390124 0.6517573 1.359004
v -0.3851689 0.7354198 1.354177
v -0.3832188 0.6517573 1.356127
v -0.3831229 0.7354198 1.349222
v -0.3803416 0.6517573 1.349222
v -0.3851689 0.7354198 1.344235
v -0.3832188 0.6517573 1.342285
v -0.390124 0.7354198 1.342189
v -0.390124 0.6517573 1.33944
v -0.3970613 0.6517573 1.342285
v -0.3951112 0.7354198 1.344235
v -0.390124 0.6517573 1.33944
v -0.390124 0.7354198 1.342189
v -0.390124 0.902585 1.354209
v -0.3936726 0.902585 1.352739
v -0.3951112 0.902585 1.349222
v -0.3851689 0.902585 1.349222
v -0.3866075 0.902585 1.352739
v -0.390124 0.902585 1.344235
v -0.3936726 0.902585 1.345706
v -0.3866075 0.902585 1.345706
v -0.390124 0.902585 1.344235
v -0.390124 0.6517573 1.33944
v -0.3999065 0.6517573 1.349222
v -0.3803416 0.6517573 1.349222
v -0.3832188 0.6517573 1.342285
v -0.390124 0.6517573 1.359004
v -0.3832188 0.6517573 1.356127
v -0.3970613 0.6517573 1.356127
v -0.3970613 0.6517573 1.342285
v -0.3936726 0.902585 1.352739
v -0.3936726 0.902585 1.345706
v -0.3866075 0.902585 1.352739
v -0.390124 0.902585 1.354209
v -0.3866075 0.902585 1.345706
v -0.3851689 0.902585 1.349222
v -0.390124 0.902585 1.344235
v -0.3951112 0.902585 1.349222
v -0.2008044 0.2257721 1.130715
v -0.2198898 0.2097237 1.130715
v -0.2096918 0.1976075 1.130715
v -0.1906064 0.2136239 1.130715
v -0.2008044 0.2257721 1.17496
v -0.1825502 0.2040013 1.17496
v -0.2016356 0.1879849 1.17496
v -0.2198898 0.2097237 1.17496
v -0.1825502 0.2040013 1.17496
v -0.1906064 0.2136239 1.130715
v -0.2096918 0.1976075 1.130715
v -0.2016356 0.1879849 1.17496
v -0.1906064 0.2136239 1.130715
v -0.1825502 0.2040013 1.17496
v -0.2008044 0.2257721 1.17496
v -0.2008044 0.2257721 1.130715
v -0.2096918 0.1976075 1.130715
v -0.2198898 0.2097237 1.130715
v -0.2198898 0.2097237 1.17496
v -0.2016356 0.1879849 1.17496
v -0.09955901 0.1090218 1.111342
v -0.1234078 0.1374421 1.083785
v -0.09450793 0.1030436 1.078158
v -0.09252584 0.100646 1.088324
v -0.1161509 0.1288105 1.078158
v -0.1120588 0.1239193 1.111342
v -0.1278514 0.1427809 1.097819
v -0.1287146 0.1437719 1.111342
v -0.07436752 0.07970631 1.075217
v -0.07436752 0.07970631 1.085351
v -0.1404472 0.1084144 1.078158
v -0.1477041 0.1170779 1.083785
v -0.1168222 0.08024979 1.088324
v -0.1188362 0.0826475 1.078158
v -0.1238554 0.08862567 1.111342
v -0.1363552 0.1035231 1.111342
v -0.1521798 0.1223848 1.097819
v -0.153011 0.1233758 1.111342
v -0.09866387 0.0593102 1.075217
v -0.09866387 0.0593102 1.085351
v -0.1188362 0.0826475 1.078158
v -0.09450793 0.1030436 1.078158
v -0.1161509 0.1288105 1.078158
v -0.1404472 0.1084144 1.078158
v -0.1477041 0.1170779 1.083785
v -0.1234078 0.1374421 1.083785
v -0.1521798 0.1223848 1.097819
v -0.1278514 0.1427809 1.097819
v -0.153011 0.1233758 1.111342
v -0.1287146 0.1437719 1.111342
v -0.09866387 0.0593102 1.075217
v -0.07436752 0.07970631 1.075217
v -0.1238554 0.08862567 1.111342
v -0.09955901 0.1090218 1.111342
v -0.09252584 0.100646 1.088324
v -0.1168222 0.08024979 1.088324
v -0.1363552 0.1035231 1.111342
v -0.153011 0.1233758 1.111342
v -0.1287146 0.1437719 1.111342
v -0.1120588 0.1239193 1.111342
v -0.1238554 0.08862567 1.111342
v -0.09955901 0.1090218 1.111342
v -0.09866387 0.0593102 1.085351
v -0.1168222 0.08024979 1.088324
v -0.09252584 0.100646 1.088324
v -0.07436752 0.07970631 1.085351
v -0.07558233 0.08127284 1.117064
v -0.07558233 0.08127284 1.068376
v -0.06490475 0.07462329 1.068376
v -0.06490475 0.07462329 1.117064
v -0.06020534 0.06295466 1.068376
v -0.06020534 0.06295466 1.117064
v -0.06324238 0.05077451 1.068376
v -0.06324238 0.05077451 1.117064
v -0.07286501 0.0426864 1.068376
v -0.07286501 0.0426864 1.117064
v -0.08542877 0.04179126 1.068376
v -0.08542877 0.04179126 1.117064
v -0.0960744 0.04847276 1.068376
v -0.0960744 0.04847276 1.117064
v -0.1007738 0.06010944 1.068376
v -0.1007738 0.06010944 1.117064
v -0.09773678 0.07232153 1.068376
v -0.09773678 0.07232153 1.117064
v -0.08811414 0.08040965 1.068376
v -0.08811414 0.08040965 1.117064
v -0.07558233 0.08127284 1.068376
v -0.07558233 0.08127284 1.117064
v -0.06324238 0.05077451 1.068376
v -0.06490475 0.07462329 1.068376
v -0.08542877 0.04179126 1.068376
v -0.07286501 0.0426864 1.068376
v -0.1007738 0.06010944 1.068376
v -0.0960744 0.04847276 1.068376
v -0.08811414 0.08040965 1.068376
v -0.09773678 0.07232153 1.068376
v -0.07558233 0.08127284 1.068376
v -0.06020534 0.06295466 1.068376
v -0.07558233 0.08127284 1.117064
v -0.06020534 0.06295466 1.117064
v -0.09773678 0.07232153 1.117064
v -0.08811414 0.08040965 1.117064
v -0.0960744 0.04847276 1.117064
v -0.1007738 0.06010944 1.117064
v -0.07286501 0.0426864 1.117064
v -0.08542877 0.04179126 1.117064
v -0.06324238 0.05077451 1.117064
v -0.06490475 0.07462329 1.117064
v -0.3587626 0.6617315 1.375724
v -0.3765693 0.5973143 1.395225
v -0.3841459 0.6679655 1.372495
v -0.3803416 0.672633 1.370481
v -0.400386 0.670491 1.371984
v -0.4378216 0.670491 1.371984
v -0.4616384 0.5973143 1.395225
v -0.4540618 0.6679655 1.372495
v -0.479445 0.6617315 1.375724
v -0.4578661 0.672633 1.370481
v -0.3478932 0.5086007 1.363576
v -0.3469661 0.5084408 1.328315
v -0.3664032 0.4953017 1.328315
v -0.3674901 0.4956853 1.376396
v -0.3988516 0.4891316 1.328315
v -0.3992352 0.4893873 1.376332
v -0.4389725 0.4893873 1.376332
v -0.4393561 0.4890997 1.328315
v -0.4708135 0.4956853 1.376332
v -0.4718046 0.4953017 1.328315
v -0.4903144 0.5086007 1.363576
v -0.4912416 0.5084408 1.328315
v -0.4020484 0.6527802 1.365782
v -0.3808211 0.6526844 1.365654
v -0.3987237 0.6525884 1.371696
v -0.4020484 0.6527483 1.368371
v -0.3863198 0.6525245 1.371632
v -0.3813646 0.6526204 1.368947
v -0.380949 0.6527802 1.333302
v -0.4020484 0.6529081 1.332918
v -0.3990753 0.6820957 1.328315
v -0.3780078 0.6779397 1.328315
v -0.3806612 0.6770766 1.33295
v -0.4012812 0.6811367 1.33295
v -0.3473178 0.6640013 1.328315
v -0.4391643 0.6820957 1.328315
v -0.4369264 0.6811367 1.33295
v -0.4023681 0.6762773 1.368531
v -0.4358395 0.6762454 1.368531
v -0.4575464 0.6770766 1.33295
v -0.4602317 0.6779397 1.328315
v -0.49089 0.6640013 1.328315
v -0.4902505 0.6599413 1.363544
v -0.4578661 0.672633 1.370481
v -0.479445 0.6617315 1.375724
v -0.3479571 0.6599413 1.363544
v -0.3803416 0.672633 1.370481
v -0.3587626 0.6617315 1.375724
v -0.400386 0.670491 1.371984
v -0.4023681 0.6762773 1.368531
v -0.4020484 0.6527802 1.365782
v -0.4020484 0.6527483 1.368371
v -0.3841459 0.6679655 1.372495
v -0.400386 0.670491 1.371984
v -0.3987237 0.6525884 1.371696
v -0.3863198 0.6525245 1.371632
v -0.3841459 0.6679655 1.372495
v -0.3813646 0.6526204 1.368947
v -0.3808211 0.6526844 1.365654
v -0.3803416 0.672633 1.370481
v -0.3806612 0.6770766 1.33295
v -0.3803416 0.672633 1.370481
v -0.3808211 0.6526844 1.365654
v -0.380949 0.6527802 1.333302
v -0.3806612 0.6770766 1.33295
v -0.380949 0.6527802 1.333302
v -0.4020484 0.6529081 1.332918
v -0.4012812 0.6811367 1.33295
v -0.4023681 0.6762773 1.368531
v -0.4012812 0.6811367 1.33295
v -0.4020484 0.6529081 1.332918
v -0.4020484 0.6527802 1.365782
v -0.3987237 0.6525884 1.371696
v -0.400386 0.670491 1.371984
v -0.4020484 0.6527483 1.368371
v -0.3841459 0.6679655 1.372495
v -0.3863198 0.6525245 1.371632
v -0.3813646 0.6526204 1.368947
v -0.3674901 0.4956853 1.376396
v -0.3766971 0.525672 1.395193
v -0.3478932 0.5086007 1.363576
v -0.3765693 0.5973143 1.395225
v -0.3587626 0.6617315 1.375724
v -0.3479571 0.6599413 1.363544
v -0.3478932 0.5086007 1.363576
v -0.3766971 0.525672 1.395193
v -0.3469661 0.5084408 1.328315
v -0.3478932 0.5086007 1.363576
v -0.3479571 0.6599413 1.363544
v -0.3473178 0.6640013 1.328315
v -0.3765693 0.5973143 1.395225
v -0.3766971 0.525672 1.395193
v -0.4615105 0.525672 1.395193
v -0.4616384 0.5973143 1.395225
v -0.4391643 0.6820957 1.328315
v -0.49089 0.6640013 1.328315
v -0.3473178 0.6640013 1.328315
v -0.3990753 0.6820957 1.328315
v -0.4912416 0.5084408 1.328315
v -0.3469661 0.5084408 1.328315
v -0.4718046 0.4953017 1.328315
v -0.3780078 0.6779397 1.328315
v -0.4602317 0.6779397 1.328315
v -0.4393561 0.4890997 1.328315
v -0.3664032 0.4953017 1.328315
v -0.3988516 0.4891316 1.328315
v -0.4518879 0.6525245 1.371632
v -0.4568431 0.6526524 1.368947
v -0.4573866 0.6526844 1.365654
v -0.4394839 0.6525884 1.371696
v -0.4361592 0.6527483 1.365782
v -0.4361592 0.6527483 1.368371
v -0.4572586 0.6527802 1.333302
v -0.4361592 0.6529081 1.332918
v -0.4361592 0.6527483 1.365782
v -0.4358395 0.6762454 1.368531
v -0.4378216 0.670491 1.371984
v -0.4361592 0.6527483 1.368371
v -0.4394839 0.6525884 1.371696
v -0.4378216 0.670491 1.371984
v -0.4540618 0.6679655 1.372495
v -0.4518879 0.6525245 1.371632
v -0.4540618 0.6679655 1.372495
v -0.4578661 0.672633 1.370481
v -0.4573866 0.6526844 1.365654
v -0.4568431 0.6526524 1.368947
v -0.4573866 0.6526844 1.365654
v -0.4578661 0.672633 1.370481
v -0.4575464 0.6770766 1.33295
v -0.4572586 0.6527802 1.333302
v -0.4575464 0.6770766 1.33295
v -0.4369264 0.6811367 1.33295
v -0.4361592 0.6529081 1.332918
v -0.4572586 0.6527802 1.333302
v -0.4361592 0.6529081 1.332918
v -0.4369264 0.6811367 1.33295
v -0.4358395 0.6762454 1.368531
v -0.4361592 0.6527483 1.365782
v -0.4361592 0.6527483 1.368371
v -0.4378216 0.670491 1.371984
v -0.4394839 0.6525884 1.371696
v -0.4518879 0.6525245 1.371632
v -0.4540618 0.6679655 1.372495
v -0.4568431 0.6526524 1.368947
v -0.4378216 0.670491 1.371984
v -0.4358395 0.6762454 1.368531
v -0.4023681 0.6762773 1.368531
v -0.400386 0.670491 1.371984
v -0.3766971 0.525672 1.395193
v -0.3674901 0.4956853 1.376396
v -0.3992352 0.4893873 1.376332
v -0.4615105 0.525672 1.395193
v -0.4389725 0.4893873 1.376332
v -0.4708135 0.4956853 1.376332
v -0.4902505 0.6599413 1.363544
v -0.4903144 0.5086007 1.363576
v -0.4912416 0.5084408 1.328315
v -0.49089 0.6640013 1.328315
v -0.4708135 0.4956853 1.376332
v -0.4903144 0.5086007 1.363576
v -0.4615105 0.525672 1.395193
v -0.4902505 0.6599413 1.363544
v -0.479445 0.6617315 1.375724
v -0.4616384 0.5973143 1.395225
v -0.4615105 0.525672 1.395193
v -0.4903144 0.5086007 1.363576
v -0.3779439 0.561605 1.372687
v -0.3779439 0.5376924 1.372687
v -0.3209754 0.5377563 1.372879
v -0.3209754 0.5614452 1.372879
v -0.3209754 0.5327052 1.375532
v -0.3779439 0.5325773 1.375437
v -0.3209754 0.5300198 1.380584
v -0.3779439 0.52986 1.380552
v -0.3779439 0.52986 1.385411
v -0.3209754 0.5300198 1.385379
v -0.3209754 0.5327052 1.39043
v -0.3779439 0.5325773 1.390526
v -0.3209754 0.5377563 1.393083
v -0.3779439 0.5376924 1.393243
v -0.3779439 0.561605 1.393243
v -0.3209754 0.5614452 1.393083
v -0.3209754 0.5614452 1.393083
v -0.3779439 0.561605 1.393243
v -0.3779439 0.561605 1.372687
v -0.3209754 0.5614452 1.372879
v -0.3209754 0.5377563 1.372879
v -0.3209754 0.5327052 1.375532
v -0.3209754 0.5300198 1.385379
v -0.3209754 0.5614452 1.393083
v -0.3209754 0.5614452 1.372879
v -0.3209754 0.5377563 1.393083
v -0.3209754 0.5327052 1.39043
v -0.3209754 0.5300198 1.380584
v -0.3625988 0.6147693 1.370865
v -0.3625988 0.6147693 1.389631
v -0.3614799 0.6120519 1.389631
v -0.3614799 0.6120519 1.370865
v -0.3614799 0.6175186 1.370865
v -0.3614799 0.6175186 1.389631
v -0.3614799 0.6120519 1.370865
v -0.3614799 0.6120519 1.389631
v -0.3587626 0.610933 1.389631
v -0.3587626 0.610933 1.370865
v -0.3587626 0.610933 1.370865
v -0.3587626 0.610933 1.389631
v -0.3560452 0.6120519 1.389631
v -0.3560452 0.6120519 1.370865
v -0.3548943 0.6147693 1.389631
v -0.3548943 0.6147693 1.370865
v -0.3560452 0.6175186 1.389631
v -0.3560452 0.6175186 1.370865
v -0.3560452 0.6175186 1.370865
v -0.3560452 0.6175186 1.389631
v -0.3587626 0.6186375 1.389631
v -0.3587626 0.6186375 1.370865
v -0.3614799 0.6175186 1.389631
v -0.3614799 0.6175186 1.370865
v -0.3587626 0.610933 1.389631
v -0.3625988 0.6147693 1.389631
v -0.3548943 0.6147693 1.389631
v -0.3560452 0.6120519 1.389631
v -0.3587626 0.6186375 1.389631
v -0.3560452 0.6175186 1.389631
v -0.3614799 0.6175186 1.389631
v -0.3614799 0.6120519 1.389631
v -0.4843044 0.6147693 1.370865
v -0.4843044 0.6147693 1.389631
v -0.4831855 0.6120519 1.389631
v -0.4831855 0.6120519 1.370865
v -0.4804681 0.610933 1.389631
v -0.4804681 0.610933 1.370865
v -0.4831855 0.6175186 1.370865
v -0.4831855 0.6175186 1.389631
v -0.4804681 0.6186375 1.370865
v -0.4804681 0.6186375 1.389631
v -0.4804681 0.610933 1.370865
v -0.4804681 0.610933 1.389631
v -0.4777188 0.6120519 1.389631
v -0.4777188 0.6120519 1.370865
v -0.4777188 0.6120519 1.370865
v -0.4777188 0.6120519 1.389631
v -0.4765999 0.6147693 1.389631
v -0.4765999 0.6147693 1.370865
v -0.4777188 0.6175186 1.389631
v -0.4777188 0.6175186 1.370865
v -0.4804681 0.6186375 1.389631
v -0.4804681 0.6186375 1.370865
v -0.4804681 0.610933 1.389631
v -0.4843044 0.6147693 1.389631
v -0.4765999 0.6147693 1.389631
v -0.4777188 0.6120519 1.389631
v -0.4804681 0.6186375 1.389631
v -0.4777188 0.6175186 1.389631
v -0.4831855 0.6175186 1.389631
v -0.4831855 0.6120519 1.389631
v -0.4616703 0.561605 1.372687
v -0.5186389 0.5614452 1.372879
v -0.5186389 0.5377243 1.372879
v -0.4616703 0.5376924 1.372687
v -0.5186389 0.5327052 1.375532
v -0.4616703 0.5325773 1.375437
v -0.5186389 0.5300198 1.380584
v -0.4616703 0.52986 1.380552
v -0.4616703 0.52986 1.385411
v -0.5186389 0.5300198 1.385379
v -0.5186389 0.5327052 1.39043
v -0.4616703 0.5325773 1.390526
v -0.5186389 0.5377243 1.393083
v -0.4616703 0.5376924 1.393243
v -0.4616703 0.561605 1.393243
v -0.5186389 0.5614452 1.393083
v -0.5186389 0.5614452 1.393083
v -0.5186389 0.5614452 1.372879
v -0.4616703 0.561605 1.372687
v -0.4616703 0.561605 1.393243
v -0.5186389 0.5377243 1.372879
v -0.5186389 0.5300198 1.385379
v -0.5186389 0.5327052 1.375532
v -0.5186389 0.5614452 1.393083
v -0.5186389 0.5614452 1.372879
v -0.5186389 0.5377243 1.393083
v -0.5186389 0.5327052 1.39043
v -0.5186389 0.5300198 1.380584
v -0.223886 0.383954 1.323551
v -0.2071982 0.3979564 1.323551
v -0.21356 0.405565 1.292989
v -0.2302477 0.3915626 1.292989
v -0.2302477 0.3915626 1.354081
v -0.21356 0.405565 1.354081
v -0.2469674 0.4114792 1.372943
v -0.2302797 0.4254816 1.372943
v -0.2675874 0.4360633 1.372943
v -0.2508996 0.4500657 1.372943
v -0.2843071 0.4559479 1.354081
v -0.2676194 0.4699823 1.354081
v -0.2906689 0.4635566 1.323551
v -0.2739812 0.4775589 1.323551
v -0.2843071 0.4559479 1.292989
v -0.2676194 0.4699823 1.292989
v -0.2675874 0.4360633 1.274127
v -0.2508996 0.4500657 1.274127
v -0.2469674 0.4114792 1.274127
v -0.2302797 0.4254816 1.274127
v -0.2302477 0.3915626 1.292989
v -0.21356 0.405565 1.292989
v -0.3674262 0.5917518 1.302995
v -0.3674262 0.5917518 1.333749
v -0.3804694 0.6224738 1.333749
v -0.3804694 0.6224738 1.302995
v -0.4090496 0.6396411 1.333749
v -0.4090496 0.6396411 1.302995
v -0.4422973 0.6367319 1.333749
v -0.4422973 0.6367319 1.302995
v -0.4674887 0.6148332 1.333749
v -0.4674887 0.6148332 1.302995
v -0.4750014 0.5823209 1.333749
v -0.4750014 0.5823209 1.302995
v -0.3749388 0.5592393 1.302995
v -0.3749388 0.5592393 1.333749
v -0.4000983 0.5373407 1.302995
v -0.4000983 0.5373407 1.333749
v -0.433346 0.5344315 1.302995
v -0.433346 0.5344315 1.333749
v -0.4619581 0.5515988 1.302995
v -0.4619581 0.5515988 1.333749
v -0.4750014 0.5823209 1.302995
v -0.4750014 0.5823209 1.333749
v -0.433346 0.5344315 1.302995
v -0.4000983 0.5373407 1.302995
v -0.3749388 0.5592393 1.302995
v -0.3804694 0.6224738 1.302995
v -0.4750014 0.5823209 1.302995
v -0.4619581 0.5515988 1.302995
v -0.4422973 0.6367319 1.302995
v -0.4674887 0.6148332 1.302995
v -0.4090496 0.6396411 1.302995
v -0.3674262 0.5917518 1.302995
v -0.3544788 0.3361606 1.313577
v -0.3088592 0.4010574 1.313577
v -0.3567486 0.3609045 1.313577
v -0.3597536 0.3506106 1.313577
v -0.3305341 0.329639 1.313577
v -0.2826447 0.3698238 1.313577
v -0.3411477 0.3284561 1.313577
v -0.3544788 0.3361606 1.333174
v -0.2826447 0.3698238 1.333174
v -0.3305341 0.329639 1.333174
v -0.3411477 0.3284561 1.333174
v -0.3567486 0.3609045 1.333174
v -0.3597536 0.3506106 1.333174
v -0.3088592 0.4010574 1.333174
v -0.3305341 0.329639 1.333174
v -0.2826447 0.3698238 1.333174
v -0.2826447 0.3698238 1.313577
v -0.3305341 0.329639 1.313577
v -0.3411477 0.3284561 1.333174
v -0.3411477 0.3284561 1.313577
v -0.3544788 0.3361606 1.333174
v -0.3544788 0.3361606 1.313577
v -0.3597536 0.3506106 1.333174
v -0.3597536 0.3506106 1.313577
v -0.3567486 0.3609045 1.333174
v -0.3567486 0.3609045 1.313577
v -0.3088592 0.4010574 1.333174
v -0.3088592 0.4010574 1.313577
v -0.2615452 0.3620554 1.342637
v -0.2576131 0.357356 1.319683
v -0.2685145 0.3482128 1.319683
v -0.2724466 0.3529123 1.342637
v -0.2723507 0.3749388 1.35942
v -0.2832521 0.3657638 1.35942
v -0.2724466 0.3529123 1.296761
v -0.2615452 0.3620554 1.296761
v -0.2832521 0.3657638 1.279978
v -0.2723507 0.3749388 1.279978
v -0.2979898 0.3833467 1.273839
v -0.2870884 0.3924897 1.273839
v -0.3127274 0.4008976 1.279978
v -0.3018261 0.4100407 1.279978
v -0.3235009 0.413749 1.296761
v -0.3125995 0.4229241 1.296761
v -0.3274651 0.4184805 1.319683
v -0.3165637 0.4276236 1.319683
v -0.3235009 0.413749 1.342637
v -0.3125995 0.4229241 1.342637
v -0.3127274 0.4008976 1.35942
v -0.3018261 0.4100407 1.35942
v -0.2979898 0.3833467 1.365558
v -0.2870884 0.3924897 1.365558
v -0.2832521 0.3657638 1.35942
v -0.2723507 0.3749388 1.35942
v -0.3127274 0.4008976 1.279978
v -0.2685145 0.3482128 1.319683
v -0.2832521 0.3657638 1.279978
v -0.2979898 0.3833467 1.273839
v -0.3127274 0.4008976 1.35942
v -0.3274651 0.4184805 1.319683
v -0.3235009 0.413749 1.296761
v -0.3235009 0.413749 1.342637
v -0.2832521 0.3657638 1.35942
v -0.2979898 0.3833467 1.365558
v -0.2724466 0.3529123 1.342637
v -0.2724466 0.3529123 1.296761
v -0.4479237 0.5795076 1.312042
v -0.4350083 0.5641306 1.312042
v -0.4601678 0.5429992 1.312042
v -0.4730833 0.5584082 1.312042
v -0.4505132 0.5510873 1.291167
v -0.4619901 0.5414967 1.305265
v -0.4601678 0.5429992 1.312042
v -0.4350083 0.5641306 1.312042
v -0.4350083 0.5641306 1.262778
v -0.4634287 0.5664963 1.291167
v -0.4479237 0.5795076 1.312042
v -0.4730833 0.5584082 1.312042
v -0.4748735 0.5568736 1.305265
v -0.4479237 0.5795076 1.262778
v -0.4634287 0.5664963 1.291167
v -0.4505132 0.5510873 1.291167
v -0.4350083 0.5641306 1.262778
v -0.4479237 0.5795076 1.262778
v -0.4619901 0.5414967 1.305265
v -0.4748735 0.5568736 1.305265
v -0.4619901 0.5414967 1.305265
v -0.4748735 0.5568736 1.305265
v -0.4730833 0.5584082 1.312042
v -0.4601678 0.5429992 1.312042
v -0.1931319 0.3403805 1.347272
v -0.1891677 0.3356811 1.320386
v -0.2113861 0.3170432 1.320386
v -0.2153183 0.3217427 1.347272
v -0.2041612 0.3535197 1.368819
v -0.2263795 0.3349138 1.368819
v -0.2201456 0.3725731 1.380775
v -0.2423639 0.3539353 1.380775
v -0.2153183 0.3217427 1.2935
v -0.1931319 0.3403805 1.2935
v -0.2263795 0.3349138 1.271953
v -0.2041612 0.3535197 1.271953
v -0.2423639 0.3539353 1.259997
v -0.2201456 0.3725731 1.259997
v -0.1891677 0.3356811 1.320386
v -0.2201456 0.3725731 1.380775
v -0.2041612 0.3535197 1.271953
v -0.1931319 0.3403805 1.2935
v -0.2041612 0.3535197 1.368819
v -0.1931319 0.3403805 1.347272
v -0.2201456 0.3725731 1.259997
v -0.2113861 0.3170432 1.320386
v -0.2423639 0.3539353 1.259997
v -0.2263795 0.3349138 1.368819
v -0.2153183 0.3217427 1.347272
v -0.2263795 0.3349138 1.271953
v -0.2153183 0.3217427 1.2935
v -0.2423639 0.3539353 1.380775
v -0.4070036 0.6138422 1.312042
v -0.3818441 0.6349416 1.312042
v -0.3689287 0.6195646 1.312042
v -0.3940882 0.5984651 1.312042
v -0.3785833 0.6114765 1.291167
v -0.3940882 0.5984651 1.312042
v -0.3689287 0.6195646 1.312042
v -0.3671384 0.6210671 1.305265
v -0.3940882 0.5984651 1.262778
v -0.3818441 0.6349416 1.312042
v -0.4070036 0.6138422 1.312042
v -0.3914987 0.6268535 1.291167
v -0.3800219 0.6364761 1.305265
v -0.4070036 0.6138422 1.262778
v -0.3914987 0.6268535 1.291167
v -0.4070036 0.6138422 1.262778
v -0.3940882 0.5984651 1.262778
v -0.3785833 0.6114765 1.291167
v -0.3671384 0.6210671 1.305265
v -0.3800219 0.6364761 1.305265
v -0.3671384 0.6210671 1.305265
v -0.3689287 0.6195646 1.312042
v -0.3818441 0.6349416 1.312042
v -0.3800219 0.6364761 1.305265
v -0.4009935 0.5783247 1.239633
v -0.3986917 0.5949805 1.239633
v -0.3986917 0.5949805 1.209167
v -0.4009935 0.5783247 1.209167
v -0.4110317 0.5701408 1.239633
v -0.4009935 0.5783247 1.239633
v -0.4009935 0.5783247 1.209167
v -0.4110317 0.5701408 1.209167
v -0.4239471 0.57094 1.239633
v -0.4239471 0.57094 1.209167
v -0.4355199 0.5830881 1.239633
v -0.4355199 0.5830881 1.209167
v -0.4332181 0.5997439 1.239633
v -0.4355199 0.5830881 1.239633
v -0.4355199 0.5830881 1.209167
v -0.4332181 0.5997439 1.209167
v -0.4231799 0.607928 1.239633
v -0.4231799 0.607928 1.209167
v -0.4102644 0.6071287 1.239633
v -0.4102644 0.6071287 1.209167
v -0.3986917 0.5949805 1.239633
v -0.3986917 0.5949805 1.209167
v -0.2311748 0.4945983 1.359164
v -0.2339881 0.4945664 1.364247
v -0.2439944 0.5148665 1.349766
v -0.2172684 0.5137476 1.301365
v -0.2280099 0.4921367 1.356991
v -0.2203054 0.4817149 1.359644
v -0.1618663 0.4477 1.301365
v -0.1939631 0.4502894 1.359644
v -0.2193144 0.4785179 1.363193
v -0.1969362 0.451824 1.363193
v -0.1850118 0.4408906 1.356991
v -0.1831256 0.4373421 1.359164
v -0.1654149 0.4211978 1.349766
v -0.1836371 0.4345608 1.364247
v -0.2758353 0.4780385 1.152773
v -0.2379203 0.5085368 1.153317
v -0.2605222 0.51541 1.170324
v -0.288495 0.4931278 1.170132
v -0.2547039 0.4528469 1.145101
v -0.2171724 0.4838248 1.145452
v -0.2283296 0.4214216 1.145101
v -0.1913096 0.4530068 1.145452
v -0.1705619 0.4282948 1.153317
v -0.2071982 0.3962301 1.152773
v -0.1677486 0.4048297 1.170324
v -0.1945385 0.3811408 1.170132
v -0.2211046 0.4812353 1.337585
v -0.2215522 0.476472 1.337841
v -0.2235662 0.4747776 1.337841
v -0.2374727 0.4911776 1.337713
v -0.2292567 0.490826 1.337522
v -0.2345635 0.492904 1.337649
v -0.2625043 0.4699823 1.337873
v -0.2490454 0.4533904 1.338001
v -0.2629519 0.4699823 1.370226
v -0.249525 0.4539978 1.375628
v -0.254576 0.4527192 1.376875
v -0.2682907 0.4690552 1.371377
v -0.2882712 0.4928719 1.352803
v -0.2263156 0.4263128 1.375628
v -0.1993978 0.4503214 1.369139
v -0.2212005 0.476344 1.369139
v -0.2284575 0.4215814 1.376875
v -0.2128887 0.4103284 1.370226
v -0.2147428 0.4052453 1.371377
v -0.1947303 0.3814285 1.352803
v -0.2605222 0.5153142 1.347368
v -0.2339881 0.4945664 1.364247
v -0.2439944 0.5148665 1.349766
v -0.1654149 0.4211978 1.349766
v -0.1678445 0.4048617 1.347368
v -0.1836371 0.4345608 1.364247
v -0.2235662 0.4747776 1.337841
v -0.2215522 0.476472 1.337841
v -0.2193144 0.4785179 1.363193
v -0.2212005 0.476344 1.369139
v -0.2211046 0.4812353 1.337585
v -0.2292567 0.490826 1.337522
v -0.2280099 0.4921367 1.356991
v -0.2203054 0.4817149 1.359644
v -0.2374727 0.4911776 1.337713
v -0.2339881 0.4945664 1.364247
v -0.2311748 0.4945983 1.359164
v -0.2345635 0.492904 1.337649
v -0.2625043 0.4699823 1.337873
v -0.2629519 0.4699823 1.370226
v -0.2339881 0.4945664 1.364247
v -0.2374727 0.4911776 1.337713
v -0.2490454 0.4533904 1.338001
v -0.249525 0.4539978 1.375628
v -0.2629519 0.4699823 1.370226
v -0.2625043 0.4699823 1.337873
v -0.2490454 0.4533904 1.338001
v -0.2235662 0.4747776 1.337841
v -0.2212005 0.476344 1.369139
v -0.249525 0.4539978 1.375628
v -0.2215522 0.476472 1.337841
v -0.2211046 0.4812353 1.337585
v -0.2203054 0.4817149 1.359644
v -0.2193144 0.4785179 1.363193
v -0.2345635 0.492904 1.337649
v -0.2311748 0.4945983 1.359164
v -0.2280099 0.4921367 1.356991
v -0.2292567 0.490826 1.337522
v -0.288495 0.4931278 1.170132
v -0.2605222 0.51541 1.170324
v -0.2605222 0.5153142 1.347368
v -0.2882712 0.4928719 1.352803
v -0.2605222 0.51541 1.170324
v -0.2379203 0.5085368 1.153317
v -0.2172045 0.5136198 1.193054
v -0.2172684 0.5137476 1.301365
v -0.2605222 0.5153142 1.347368
v -0.2439944 0.5148665 1.349766
v -0.2284575 0.4215814 1.376875
v -0.2147428 0.4052453 1.371377
v -0.1947303 0.3814285 1.352803
v -0.254576 0.4527192 1.376875
v -0.2882712 0.4928719 1.352803
v -0.2682907 0.4690552 1.371377
v -0.2071982 0.3962301 1.152773
v -0.2283296 0.4214216 1.145101
v -0.288495 0.4931278 1.170132
v -0.2758353 0.4780385 1.152773
v -0.2547039 0.4528469 1.145101
v -0.1945385 0.3811408 1.170132
v -0.2172045 0.5136198 1.193054
v -0.1619942 0.4477959 1.193054
v -0.1618663 0.4477 1.301365
v -0.2172684 0.5137476 1.301365
v -0.1876013 0.4317475 1.337713
v -0.1945705 0.4495861 1.337585
v -0.1865143 0.4398996 1.337522
v -0.1853954 0.434305 1.337649
v -0.2013159 0.4482754 1.337841
v -0.1993019 0.4499698 1.337841
v -0.1876013 0.4317475 1.337713
v -0.2128247 0.410776 1.337873
v -0.2268271 0.4268882 1.338001
v -0.1969362 0.451824 1.363193
v -0.1993019 0.4499698 1.337841
v -0.2013159 0.4482754 1.337841
v -0.1993978 0.4503214 1.369139
v -0.1850118 0.4408906 1.356991
v -0.1865143 0.4398996 1.337522
v -0.1945705 0.4495861 1.337585
v -0.1939631 0.4502894 1.359644
v -0.1876013 0.4317475 1.337713
v -0.1853954 0.434305 1.337649
v -0.1831256 0.4373421 1.359164
v -0.1836371 0.4345608 1.364247
v -0.2128247 0.410776 1.337873
v -0.1876013 0.4317475 1.337713
v -0.1836371 0.4345608 1.364247
v -0.2128887 0.4103284 1.370226
v -0.2268271 0.4268882 1.338001
v -0.2128247 0.410776 1.337873
v -0.2128887 0.4103284 1.370226
v -0.2263156 0.4263128 1.375628
v -0.1993978 0.4503214 1.369139
v -0.2013159 0.4482754 1.337841
v -0.2268271 0.4268882 1.338001
v -0.2263156 0.4263128 1.375628
v -0.1939631 0.4502894 1.359644
v -0.1945705 0.4495861 1.337585
v -0.1993019 0.4499698 1.337841
v -0.1969362 0.451824 1.363193
v -0.1853954 0.434305 1.337649
v -0.1865143 0.4398996 1.337522
v -0.1850118 0.4408906 1.356991
v -0.1831256 0.4373421 1.359164
v -0.2193144 0.4785179 1.363193
v -0.1969362 0.451824 1.363193
v -0.1993978 0.4503214 1.369139
v -0.2212005 0.476344 1.369139
v -0.2171724 0.4838248 1.145452
v -0.2172045 0.5136198 1.193054
v -0.2379203 0.5085368 1.153317
v -0.1913096 0.4530068 1.145452
v -0.1619942 0.4477959 1.193054
v -0.1705619 0.4282948 1.153317
v -0.1945385 0.3811408 1.170132
v -0.1947303 0.3814285 1.352803
v -0.1678445 0.4048617 1.347368
v -0.1677486 0.4048297 1.170324
v -0.1678445 0.4048617 1.347368
v -0.1654149 0.4211978 1.349766
v -0.1618663 0.4477 1.301365
v -0.1677486 0.4048297 1.170324
v -0.1619942 0.4477959 1.193054
v -0.1705619 0.4282948 1.153317
v -0.2455608 0.5090483 1.287138
v -0.2448255 0.5081531 1.289888
v -0.2302477 0.5203652 1.289888
v -0.230983 0.5212603 1.287138
v -0.2473191 0.5111582 1.285988
v -0.2455608 0.5090483 1.287138
v -0.230983 0.5212603 1.287138
v -0.2327733 0.5233703 1.285988
v -0.2491094 0.5132682 1.287138
v -0.2473191 0.5111582 1.285988
v -0.2327733 0.5233703 1.285988
v -0.2345635 0.5254802 1.287138
v -0.2498447 0.5141312 1.289888
v -0.2491094 0.5132682 1.287138
v -0.2345635 0.5254802 1.287138
v -0.2352669 0.5263434 1.289888
v -0.2491094 0.5132682 1.292669
v -0.2345635 0.5254802 1.292669
v -0.2473191 0.5111582 1.293788
v -0.2327733 0.5233703 1.293788
v -0.2455608 0.5090483 1.292669
v -0.2473191 0.5111582 1.293788
v -0.2327733 0.5233703 1.293788
v -0.230983 0.5212603 1.292669
v -0.2448255 0.5081531 1.289888
v -0.2302477 0.5203652 1.289888
v -0.2352669 0.5263434 1.289888
v -0.2345635 0.5254802 1.287138
v -0.2327733 0.5233703 1.285988
v -0.2302477 0.5203652 1.289888
v -0.2327733 0.5233703 1.293788
v -0.2345635 0.5254802 1.292669
v -0.230983 0.5212603 1.292669
v -0.230983 0.5212603 1.287138
v -0.1669494 0.4153795 1.287138
v -0.1662141 0.4145163 1.289888
v -0.1516683 0.4266964 1.289888
v -0.1524035 0.4275916 1.287138
v -0.1687396 0.4174894 1.285988
v -0.1669494 0.4153795 1.287138
v -0.1524035 0.4275916 1.287138
v -0.1541938 0.4297015 1.285988
v -0.170498 0.4195994 1.287138
v -0.1687396 0.4174894 1.285988
v -0.1541938 0.4297015 1.285988
v -0.1559521 0.4318115 1.287138
v -0.1712332 0.4204625 1.289888
v -0.170498 0.4195994 1.287138
v -0.1559521 0.4318115 1.287138
v -0.1566874 0.4326746 1.289888
v -0.170498 0.4195994 1.292669
v -0.1559521 0.4318115 1.292669
v -0.1687396 0.4174894 1.293788
v -0.1541938 0.4297015 1.293788
v -0.1669494 0.4153795 1.292669
v -0.1687396 0.4174894 1.293788
v -0.1541938 0.4297015 1.293788
v -0.1524035 0.4275916 1.292669
v -0.1662141 0.4145163 1.289888
v -0.1516683 0.4266964 1.289888
v -0.1566874 0.4326746 1.289888
v -0.1559521 0.4318115 1.287138
v -0.1541938 0.4297015 1.285988
v -0.1516683 0.4266964 1.289888
v -0.1541938 0.4297015 1.293788
v -0.1559521 0.4318115 1.292669
v -0.1524035 0.4275916 1.292669
v -0.1524035 0.4275916 1.287138
v -0.2078695 0.2589558 1.118726
v -0.2522423 0.2217121 1.118726
v -0.2521784 0.2216161 1.11099
v -0.2078056 0.2588599 1.11099
v -0.2608739 0.232006 1.133272
v -0.2165011 0.2692178 1.133272
v -0.2317502 0.1972879 1.177038
v -0.2552794 0.2253245 1.179499
v -0.2109066 0.2625363 1.179499
v -0.1873775 0.2345316 1.177038
v -0.2731819 0.2466797 1.19152
v -0.2288091 0.2839234 1.19152
v -0.2981816 0.2764747 1.242702
v -0.2538088 0.3136865 1.242702
v -0.323469 0.3065894 1.318372
v -0.2790962 0.3438331 1.318372
v -0.3310456 0.3156366 1.351812
v -0.2866728 0.3528484 1.351812
v -0.1873775 0.2345316 1.110894
v -0.2317502 0.1972879 1.110894
v -0.2317502 0.1972879 1.177038
v -0.1873775 0.2345316 1.177038
v -0.2522423 0.2217121 1.118726
v -0.2552794 0.2253245 1.179499
v -0.2317502 0.1972879 1.177038
v -0.2521784 0.2216161 1.11099
v -0.2317502 0.1972879 1.110894
v -0.2608739 0.232006 1.133272
v -0.2760911 0.2501643 1.133304
v -0.2731819 0.2466797 1.19152
v -0.303904 0.2832841 1.183847
v -0.2981816 0.2764747 1.242702
v -0.3351696 0.3205598 1.208751
v -0.323469 0.3065894 1.318372
v -0.3379189 0.3238206 1.313129
v -0.3310456 0.3156366 1.351812
v -0.3378549 0.3237567 1.334388
v -0.3533279 0.3422027 1.232664
v -0.3667548 0.3581871 1.255873
v -0.3667548 0.3581871 1.312778
v -0.3591142 0.349076 1.351812
v -0.3591142 0.349076 1.334388
v -0.3667548 0.3581871 1.312778
v -0.3667548 0.3581871 1.255873
v -0.322382 0.3953989 1.255873
v -0.322382 0.3953989 1.312778
v -0.322382 0.3953989 1.255873
v -0.3667548 0.3581871 1.255873
v -0.3533279 0.3422027 1.232664
v -0.3089551 0.3794464 1.232664
v -0.3351696 0.3205598 1.208751
v -0.2907968 0.3578035 1.208751
v -0.303904 0.2832841 1.183847
v -0.2595312 0.3205279 1.183847
v -0.2760911 0.2501643 1.133304
v -0.2317183 0.2873761 1.133304
v -0.3310456 0.3156366 1.351812
v -0.3585069 0.3595618 1.351812
v -0.3512819 0.3711665 1.351812
v -0.2866728 0.3528484 1.351812
v -0.3147414 0.3863198 1.351812
v -0.3378549 0.3824195 1.351812
v -0.3251633 0.3875346 1.351812
v -0.3591142 0.349076 1.351812
v -0.2595312 0.3205279 1.183847
v -0.2317183 0.2873761 1.133304
v -0.2288091 0.2839234 1.19152
v -0.2538088 0.3136865 1.242702
v -0.2109066 0.2625363 1.179499
v -0.2165011 0.2692178 1.133272
v -0.2907968 0.3578035 1.208751
v -0.2790962 0.3438331 1.318372
v -0.2935461 0.3610644 1.313129
v -0.3089551 0.3794464 1.232664
v -0.322382 0.3953989 1.255873
v -0.322382 0.3953989 1.312778
v -0.2866728 0.3528484 1.351812
v -0.2934822 0.3610004 1.334388
v -0.3147414 0.3863198 1.351812
v -0.3147414 0.3863198 1.334388
v -0.2078695 0.2589558 1.118726
v -0.1873775 0.2345316 1.177038
v -0.1873775 0.2345316 1.110894
v -0.2078056 0.2588599 1.11099
v -0.2317183 0.2873761 1.133304
v -0.2760911 0.2501643 1.133304
v -0.2608739 0.232006 1.133272
v -0.2165011 0.2692178 1.133272
v -0.2521784 0.2216161 1.11099
v -0.2317502 0.1972879 1.110894
v -0.1873775 0.2345316 1.110894
v -0.2078056 0.2588599 1.11099
v -0.3512819 0.3711665 1.351812
v -0.3512819 0.3711665 1.334388
v -0.3378549 0.3824195 1.334388
v -0.3378549 0.3824195 1.351812
v -0.3585069 0.3595618 1.334388
v -0.3585069 0.3595618 1.351812
v -0.3251633 0.3875346 1.351812
v -0.3251633 0.3875346 1.334388
v -0.3591142 0.349076 1.334388
v -0.3591142 0.349076 1.351812
v -0.3147414 0.3863198 1.351812
v -0.3147414 0.3863198 1.334388
v -0.3378549 0.3824195 1.334388
v -0.3585069 0.3595618 1.334388
v -0.3591142 0.349076 1.334388
v -0.3378549 0.3237567 1.334388
v -0.2934822 0.3610004 1.334388
v -0.3147414 0.3863198 1.334388
v -0.3251633 0.3875346 1.334388
v -0.3512819 0.3711665 1.334388
v -0.2935461 0.3610644 1.313129
v -0.3379189 0.3238206 1.313129
v -0.3667548 0.3581871 1.312778
v -0.322382 0.3953989 1.312778
v -0.3379189 0.3238206 1.313129
v -0.2935461 0.3610644 1.313129
v -0.2934822 0.3610004 1.334388
v -0.3378549 0.3237567 1.334388
v -0.2573254 0.2337963 1.114187
v -0.2602985 0.2313027 1.099705
v -0.2728942 0.2463281 1.099705
v -0.2699211 0.2488217 1.114187
v -0.2699211 0.2488217 1.085223
v -0.2573254 0.2337963 1.085223
v -0.261801 0.255631 1.074641
v -0.2492053 0.2406057 1.074641
v -0.2507078 0.264966 1.070741
v -0.2381121 0.2499086 1.070741
v -0.2396146 0.2742689 1.074641
v -0.2270189 0.2592115 1.074641
v -0.2314945 0.2810782 1.085223
v -0.2188988 0.2660209 1.085223
v -0.2285214 0.2835718 1.099705
v -0.2159257 0.2685145 1.099705
v -0.2314945 0.2810782 1.114187
v -0.2188988 0.2660209 1.114187
v -0.2188988 0.2660209 1.143151
v -0.2314945 0.2810782 1.143151
v -0.2396146 0.2742689 1.074641
v -0.2728942 0.2463281 1.099705
v -0.261801 0.255631 1.074641
v -0.2507078 0.264966 1.070741
v -0.2507078 0.264966 1.126079
v -0.2285214 0.2835718 1.099705
v -0.2314945 0.2810782 1.085223
v -0.2314945 0.2810782 1.114187
v -0.2699211 0.2488217 1.114187
v -0.2699211 0.2488217 1.085223
v -0.2699211 0.2488217 1.143151
v -0.2507078 0.264966 1.143279
v -0.2314945 0.2810782 1.143151
v -0.2573254 0.2337963 1.114187
v -0.2381121 0.2499086 1.126079
v -0.2573254 0.2337963 1.085223
v -0.2188988 0.2660209 1.085223
v -0.2188988 0.2660209 1.114187
v -0.2159257 0.2685145 1.099705
v -0.2381121 0.2499086 1.070741
v -0.2270189 0.2592115 1.074641
v -0.2492053 0.2406057 1.074641
v -0.2602985 0.2313027 1.099705
v -0.2188988 0.2660209 1.143151
v -0.2381121 0.2499086 1.143279
v -0.2573254 0.2337963 1.143151
v -0.2699211 0.2488217 1.143151
v -0.2573254 0.2337963 1.143151
v -0.2488217 0.2292887 1.112301
v -0.2512832 0.2272107 1.100281
v -0.275196 0.2557269 1.100281
v -0.2727343 0.2578049 1.112301
v -0.2420443 0.2349471 1.121124
v -0.2659889 0.2634634 1.121124
v -0.2328372 0.2426836 1.124353
v -0.2567499 0.2711999 1.124353
v -0.2235982 0.2504201 1.121124
v -0.2475429 0.2789363 1.121124
v -0.2168528 0.2560786 1.112301
v -0.2407975 0.2845948 1.112301
v -0.2143912 0.2581565 1.100281
v -0.2383039 0.2866728 1.100281
v -0.2168528 0.2560786 1.088228
v -0.2407975 0.2845948 1.088228
v -0.2727343 0.2578049 1.088228
v -0.2488217 0.2292887 1.088228
v -0.2328372 0.2426836 1.124353
v -0.2488217 0.2292887 1.088228
v -0.2488217 0.2292887 1.112301
v -0.2420443 0.2349471 1.121124
v -0.2168528 0.2560786 1.088228
v -0.2168528 0.2560786 1.112301
v -0.2235982 0.2504201 1.121124
v -0.2143912 0.2581565 1.100281
v -0.2512832 0.2272107 1.100281
v -0.2475429 0.2789363 1.121124
v -0.275196 0.2557269 1.100281
v -0.2383039 0.2866728 1.100281
v -0.2407975 0.2845948 1.112301
v -0.2659889 0.2634634 1.121124
v -0.2567499 0.2711999 1.124353
v -0.2727343 0.2578049 1.112301
v -0.2727343 0.2578049 1.088228
v -0.2407975 0.2845948 1.088228
v -0.1797689 0.3637497 1.305265
v -0.1542897 0.3333473 1.310188
v -0.1506133 0.3289676 1.345194
v -0.1797689 0.3637497 1.358653
v -0.1478959 0.3257387 1.369778
v -0.1546414 0.3242043 1.310188
v -0.150965 0.3197606 1.345194
v -0.1482476 0.3164678 1.369267
v -0.1517642 0.3206238 1.389886
v -0.1514125 0.3298947 1.390909
v -0.1552168 0.3344663 1.300406
v -0.1586375 0.3385263 1.26882
v -0.1797689 0.3637497 1.261052
v -0.1589572 0.3293832 1.269012
v -0.1555685 0.3252912 1.300406
v -0.1638484 0.3447602 1.393275
v -0.1797689 0.3637497 1.395641
v -0.1634328 0.3457193 1.420992
v -0.1793533 0.3646768 1.42112
v -0.1589572 0.3293832 1.269012
v -0.1586375 0.3385263 1.26882
v -0.1802164 0.3256748 1.261595
v -0.1738546 0.3180982 1.265272
v -0.1797689 0.3637497 1.261052
v -0.1986305 0.3478932 1.254083
v -0.2217121 0.328552 1.254083
v -0.2030103 0.3065255 1.261595
v -0.2405737 0.3127274 1.261052
v -0.2194103 0.287504 1.26882
v -0.2103631 0.2862572 1.269012
v -0.1966485 0.2989808 1.265272
v -0.2217121 0.328552 1.254083
v -0.1797689 0.3637497 1.261052
v -0.1797689 0.3637497 1.305265
v -0.2405737 0.3127274 1.305265
v -0.1986305 0.3478932 1.254083
v -0.2405737 0.3127274 1.261052
v -0.2405737 0.3127274 1.358653
v -0.1797689 0.3637497 1.358653
v -0.2101713 0.3382386 1.395641
v -0.1877611 0.3570363 1.395641
v -0.1797689 0.3637497 1.395641
v -0.2325815 0.3194409 1.395641
v -0.2405737 0.3127274 1.395641
v -0.1834773 0.3612242 1.42112
v -0.1793533 0.3646768 1.42112
v -0.2374727 0.3159243 1.42112
v -0.2415967 0.3124717 1.42112
v -0.1926523 0.2941855 1.300374
v -0.1966485 0.2989808 1.265272
v -0.2103631 0.2862572 1.269012
v -0.2069105 0.2821972 1.300406
v -0.1955935 0.2898377 1.310156
v -0.2059833 0.2811102 1.310188
v -0.1918851 0.285426 1.345162
v -0.202275 0.2767305 1.345194
v -0.1944106 0.2777854 1.369235
v -0.1995257 0.2734696 1.369267
v -0.1978633 0.2819094 1.389886
v -0.2029783 0.2776576 1.389886
v -0.1568472 0.3163399 1.389886
v -0.1657346 0.3268896 1.392764
v -0.1514125 0.3298947 1.390909
v -0.1517642 0.3206238 1.389886
v -0.1638484 0.3447602 1.393275
v -0.1718726 0.3380787 1.394202
v -0.2166929 0.3004833 1.394202
v -0.2067506 0.2924911 1.392764
v -0.2246532 0.2937699 1.393275
v -0.2121853 0.2789044 1.390909
v -0.1978633 0.2819094 1.389886
v -0.2029783 0.2776576 1.389886
v -0.2325815 0.3194409 1.395641
v -0.2101713 0.3382386 1.395641
v -0.1877611 0.3570363 1.395641
v -0.2029783 0.2776576 1.389886
v -0.1995257 0.2734696 1.369267
v -0.2087007 0.2747484 1.369778
v -0.2121853 0.2789044 1.390909
v -0.202275 0.2767305 1.345194
v -0.2114181 0.2779773 1.345194
v -0.2405737 0.3127274 1.358653
v -0.2405737 0.3127274 1.305265
v -0.2150945 0.282357 1.310188
v -0.2246532 0.2937699 1.393275
v -0.2059833 0.2811102 1.310188
v -0.2069105 0.2821972 1.300406
v -0.2159896 0.2834439 1.300406
v -0.2103631 0.2862572 1.269012
v -0.2194103 0.287504 1.26882
v -0.2405737 0.3127274 1.261052
v -0.2405737 0.3127274 1.395641
v -0.2256762 0.2935141 1.420992
v -0.2415967 0.3124717 1.42112
v -0.1979592 0.292651 1.348711
v -0.2016996 0.286449 1.375948
v -0.1606515 0.3208795 1.375948
v -0.167397 0.318258 1.348711
v -0.2062711 0.2919477 1.38848
v -0.165255 0.3263462 1.38848
v -0.2067506 0.2924911 1.392764
v -0.1657346 0.3268896 1.392764
v -0.2019873 0.2975742 1.310156
v -0.1715529 0.3231173 1.310156
v -0.1763802 0.3211352 1.300374
v -0.199174 0.3019859 1.300374
v -0.1802164 0.3256748 1.261595
v -0.2030103 0.3065255 1.261595
v -0.1533626 0.312184 1.369235
v -0.1482476 0.3164678 1.369267
v -0.150965 0.3197606 1.345194
v -0.1613548 0.311065 1.345162
v -0.1568472 0.3163399 1.389886
v -0.1517642 0.3206238 1.389886
v -0.1546414 0.3242043 1.310188
v -0.1650632 0.3154448 1.310156
v -0.1555685 0.3252912 1.300406
v -0.1698586 0.3133348 1.300374
v -0.1589572 0.3293832 1.269012
v -0.1738546 0.3180982 1.265272
v -0.1989502 0.2938658 1.310124
v -0.1979592 0.292651 1.348711
v -0.2019873 0.2975742 1.310156
v -0.1918851 0.285426 1.345162
v -0.1955935 0.2898377 1.310156
v -0.2016996 0.286449 1.375948
v -0.1944106 0.2777854 1.369235
v -0.1978633 0.2819094 1.389886
v -0.2062711 0.2919477 1.38848
v -0.2067506 0.2924911 1.392764
v -0.1953058 0.2973824 1.300438
v -0.199174 0.3019859 1.300374
v -0.1966485 0.2989808 1.265272
v -0.2030103 0.3065255 1.261595
v -0.1926523 0.2941855 1.300374
v -0.16842 0.3194728 1.310124
v -0.167397 0.318258 1.348711
v -0.1613548 0.311065 1.345162
v -0.1650632 0.3154448 1.310156
v -0.1606515 0.3208795 1.375948
v -0.1533626 0.312184 1.369235
v -0.1568472 0.3163399 1.389886
v -0.165255 0.3263462 1.38848
v -0.1657346 0.3268896 1.392764
v -0.1715529 0.3231173 1.310156
v -0.1698586 0.3133348 1.300374
v -0.1725119 0.3165317 1.300438
v -0.1738546 0.3180982 1.265272
v -0.1763802 0.3211352 1.300374
v -0.1802164 0.3256748 1.261595
v -0.1743662 0.296711 1.355808
v -0.1705619 0.2871523 1.355808
v -0.1743662 0.2879515 1.370481
v -0.1769876 0.2945052 1.370481
v -0.1766679 0.282389 1.370481
v -0.1738866 0.2790642 1.355808
v -0.1829978 0.2982455 1.370481
v -0.1831256 0.3021138 1.355808
v -0.18888 0.2969348 1.370481
v -0.1916613 0.3002596 1.355808
v -0.1736628 0.2877917 1.332854
v -0.1765081 0.2949207 1.332854
v -0.1761245 0.2817496 1.332854
v -0.1893916 0.2975742 1.332854
v -0.1830297 0.2989808 1.332854
v -0.1824223 0.27721 1.355808
v -0.1825502 0.2811102 1.370481
v -0.1766679 0.282389 1.370481
v -0.1738866 0.2790642 1.355808
v -0.1911818 0.2826127 1.355808
v -0.1885284 0.2848186 1.370481
v -0.1911818 0.2914042 1.370481
v -0.1949861 0.2921714 1.355808
v -0.18888 0.2969348 1.370481
v -0.1916613 0.3002596 1.355808
v -0.1761245 0.2817496 1.332854
v -0.1825182 0.2803749 1.332854
v -0.1890399 0.284403 1.332854
v -0.1918851 0.291532 1.332854
v -0.1893916 0.2975742 1.332854
v -0.18888 0.2969348 1.370481
v -0.1769876 0.2945052 1.370481
v -0.1885284 0.2848186 1.370481
v -0.1911818 0.2914042 1.370481
v -0.1766679 0.282389 1.370481
v -0.1825502 0.2811102 1.370481
v -0.1743662 0.2879515 1.370481
v -0.1829978 0.2982455 1.370481
v -0.1736628 0.2877917 1.332854
v -0.1830297 0.2989808 1.332854
v -0.1825182 0.2803749 1.332854
v -0.1761245 0.2817496 1.332854
v -0.1918851 0.291532 1.332854
v -0.1890399 0.284403 1.332854
v -0.1893916 0.2975742 1.332854
v -0.1765081 0.2949207 1.332854
v -0.1829019 0.2939297 1.203028
v -0.1822625 0.2918518 1.203028
v -0.1803763 0.2916919 1.33749
v -0.1814632 0.2951446 1.33749
v -0.18482 0.2949207 1.203028
v -0.1846601 0.2968069 1.33749
v -0.1822625 0.2918518 1.203028
v -0.1832535 0.2899656 1.203028
v -0.1820387 0.288495 1.33749
v -0.1803763 0.2916919 1.33749
v -0.1854913 0.2874081 1.33749
v -0.1853315 0.2892942 1.203028
v -0.1886882 0.2890704 1.33749
v -0.1872177 0.2902853 1.203028
v -0.1872177 0.2902853 1.203028
v -0.187889 0.2923313 1.203028
v -0.1897752 0.2925231 1.33749
v -0.1886882 0.2890704 1.33749
v -0.187889 0.2923313 1.203028
v -0.186866 0.2942494 1.203028
v -0.1881128 0.29572 1.33749
v -0.1897752 0.2925231 1.33749
v -0.186866 0.2942494 1.203028
v -0.18482 0.2949207 1.203028
v -0.1846601 0.2968069 1.33749
v -0.1881128 0.29572 1.33749
v -0.1822625 0.2918518 1.203028
v -0.18482 0.2949207 1.203028
v -0.1853315 0.2892942 1.203028
v -0.1832535 0.2899656 1.203028
v -0.187889 0.2923313 1.203028
v -0.1872177 0.2902853 1.203028
v -0.186866 0.2942494 1.203028
v -0.1829019 0.2939297 1.203028
v -0.1816231 0.3035523 1.363065
v -0.1816231 0.3035523 1.392636
v -0.197192 0.290509 1.392636
v -0.197192 0.290509 1.363065
v -0.186802 0.2781051 1.38394
v -0.1712332 0.2911804 1.38394
v -0.1712332 0.2911804 1.363065
v -0.186802 0.2781051 1.363065
v -0.186802 0.2781051 1.363065
v -0.1712332 0.2911804 1.363065
v -0.1816231 0.3035523 1.363065
v -0.197192 0.290509 1.363065
v -0.1816231 0.3035523 1.363065
v -0.1712332 0.2911804 1.363065
v -0.1712332 0.2911804 1.38394
v -0.1816231 0.3035523 1.392636
v -0.1712332 0.2911804 1.38394
v -0.186802 0.2781051 1.38394
v -0.197192 0.290509 1.392636
v -0.1816231 0.3035523 1.392636
v -0.197192 0.290509 1.363065
v -0.197192 0.290509 1.392636
v -0.186802 0.2781051 1.38394
v -0.186802 0.2781051 1.363065
v -0.1788738 0.2799593 1.379816
v -0.1744301 0.2836677 1.379816
v -0.1744301 0.2836677 1.36997
v -0.1788738 0.2799593 1.36997
v -0.1814952 0.2830923 1.383908
v -0.1770515 0.2868007 1.383908
v -0.1770515 0.2868007 1.36997
v -0.1744301 0.2836677 1.36997
v -0.1744301 0.2836677 1.379816
v -0.1770515 0.2868007 1.383908
v -0.1814952 0.2830923 1.36997
v -0.1814952 0.2830923 1.383908
v -0.1788738 0.2799593 1.379816
v -0.1788738 0.2799593 1.36997
v -0.158062 0.3103937 1.355808
v -0.1542577 0.300835 1.355808
v -0.158062 0.3016343 1.370481
v -0.1606835 0.3081878 1.370481
v -0.1603638 0.2960716 1.370481
v -0.1575825 0.2927788 1.355808
v -0.1666936 0.3119282 1.370481
v -0.1667895 0.3158284 1.355808
v -0.1725759 0.3106174 1.370481
v -0.1753572 0.3139423 1.355808
v -0.1573268 0.3014744 1.332854
v -0.1602039 0.3086034 1.332854
v -0.1598203 0.2954323 1.332854
v -0.1730874 0.3112568 1.332854
v -0.1667256 0.3126635 1.332854
v -0.1661182 0.2908927 1.355808
v -0.1662141 0.2947929 1.370481
v -0.1603638 0.2960716 1.370481
v -0.1575825 0.2927788 1.355808
v -0.1748457 0.2962954 1.355808
v -0.1722242 0.2985013 1.370481
v -0.1748457 0.3050869 1.370481
v -0.178682 0.3058541 1.355808
v -0.1725759 0.3106174 1.370481
v -0.1753572 0.3139423 1.355808
v -0.1598203 0.2954323 1.332854
v -0.1662141 0.2940257 1.332854
v -0.1727358 0.2980857 1.332854
v -0.175581 0.3052148 1.332854
v -0.1730874 0.3112568 1.332854
v -0.1725759 0.3106174 1.370481
v -0.1606835 0.3081878 1.370481
v -0.1722242 0.2985013 1.370481
v -0.1748457 0.3050869 1.370481
v -0.1603638 0.2960716 1.370481
v -0.1662141 0.2947929 1.370481
v -0.158062 0.3016343 1.370481
v -0.1666936 0.3119282 1.370481
v -0.1573268 0.3014744 1.332854
v -0.1667256 0.3126635 1.332854
v -0.1662141 0.2940257 1.332854
v -0.1598203 0.2954323 1.332854
v -0.175581 0.3052148 1.332854
v -0.1727358 0.2980857 1.332854
v -0.1730874 0.3112568 1.332854
v -0.1602039 0.3086034 1.332854
v -0.1665977 0.3076124 1.203028
v -0.1659583 0.3055344 1.203028
v -0.1640722 0.3053746 1.33749
v -0.1651591 0.3088272 1.33749
v -0.1685159 0.3086034 1.203028
v -0.168356 0.3104896 1.33749
v -0.1659583 0.3055344 1.203028
v -0.1669494 0.3036482 1.203028
v -0.1657346 0.3021777 1.33749
v -0.1640722 0.3053746 1.33749
v -0.1691872 0.3010908 1.33749
v -0.1689954 0.3029769 1.203028
v -0.1689954 0.3029769 1.203028
v -0.1709135 0.3039999 1.203028
v -0.1723841 0.3027532 1.33749
v -0.1691872 0.3010908 1.33749
v -0.173471 0.3062057 1.33749
v -0.1715529 0.3060459 1.203028
v -0.1715529 0.3060459 1.203028
v -0.1705619 0.3079321 1.203028
v -0.1718087 0.3094026 1.33749
v -0.173471 0.3062057 1.33749
v -0.1705619 0.3079321 1.203028
v -0.1685159 0.3086034 1.203028
v -0.168356 0.3104896 1.33749
v -0.1718087 0.3094026 1.33749
v -0.1659583 0.3055344 1.203028
v -0.1685159 0.3086034 1.203028
v -0.1689954 0.3029769 1.203028
v -0.1669494 0.3036482 1.203028
v -0.1715529 0.3060459 1.203028
v -0.1709135 0.3039999 1.203028
v -0.1705619 0.3079321 1.203028
v -0.1665977 0.3076124 1.203028
v -0.165319 0.3172351 1.363065
v -0.165319 0.3172351 1.392636
v -0.1808878 0.3041598 1.392636
v -0.1808878 0.3041598 1.363065
v -0.170498 0.2917878 1.38394
v -0.1549291 0.3048631 1.38394
v -0.1549291 0.3048631 1.363065
v -0.170498 0.2917878 1.363065
v -0.170498 0.2917878 1.363065
v -0.1549291 0.3048631 1.363065
v -0.165319 0.3172351 1.363065
v -0.1808878 0.3041598 1.363065
v -0.165319 0.3172351 1.363065
v -0.1549291 0.3048631 1.363065
v -0.1549291 0.3048631 1.38394
v -0.165319 0.3172351 1.392636
v -0.1549291 0.3048631 1.38394
v -0.170498 0.2917878 1.38394
v -0.1808878 0.3041598 1.392636
v -0.165319 0.3172351 1.392636
v -0.1808878 0.3041598 1.363065
v -0.1808878 0.3041598 1.392636
v -0.170498 0.2917878 1.38394
v -0.170498 0.2917878 1.363065
v -0.1625696 0.293642 1.379816
v -0.158126 0.2973824 1.379816
v -0.158126 0.2973824 1.36997
v -0.1625696 0.293642 1.36997
v -0.1651911 0.296775 1.383908
v -0.1607474 0.3004833 1.383908
v -0.1607474 0.3004833 1.36997
v -0.158126 0.2973824 1.36997
v -0.158126 0.2973824 1.379816
v -0.1607474 0.3004833 1.383908
v -0.1651911 0.296775 1.36997
v -0.1651911 0.296775 1.383908
v -0.1625696 0.293642 1.379816
v -0.1625696 0.293642 1.36997
v -0.1969042 0.3118643 1.256449
v -0.2154462 0.3339548 1.248616
v -0.2166929 0.3329318 1.254275
v -0.198087 0.3107773 1.261595
v -0.1938352 0.3147734 1.253028
v -0.2122173 0.3366721 1.245739
v -0.1898711 0.3180982 1.253028
v -0.2082531 0.3399969 1.245739
v -0.2050243 0.3427142 1.248616
v -0.1864824 0.3205917 1.256449
v -0.2038095 0.3437372 1.254275
v -0.1852036 0.3215828 1.261595
v -0.1902227 0.3111929 1.257439
v -0.1938033 0.310106 1.26054
v -0.1968083 0.3116085 1.265368
v -0.1869619 0.3139102 1.257439
v -0.1852676 0.317267 1.26054
v -0.1862586 0.3204639 1.265368
v -0.2154462 0.3339548 1.248616
v -0.2122173 0.3366721 1.245739
v -0.2082531 0.3399969 1.245739
v -0.2166929 0.3329318 1.254275
v -0.2038095 0.3437372 1.254275
v -0.2050243 0.3427142 1.248616
v -0.1938033 0.310106 1.26054
v -0.1968083 0.3116085 1.265368
v -0.1862586 0.3204639 1.265368
v -0.1852676 0.317267 1.26054
v -0.1902227 0.3111929 1.257439
v -0.1869619 0.3139102 1.257439
v -0.1852036 0.3215828 1.261595
v -0.1862586 0.3204639 1.265368
v -0.1968083 0.3116085 1.265368
v -0.198087 0.3107773 1.261595
v -0.211514 0.3077722 1.27109
v -0.2101713 0.3088912 1.266902
v -0.1983747 0.2948248 1.266902
v -0.1996855 0.2937059 1.27109
v -0.2147109 0.3050869 1.272816
v -0.2029144 0.2910206 1.272816
v -0.2179077 0.3024015 1.27109
v -0.2061113 0.2883351 1.27109
v -0.2192185 0.3012826 1.266902
v -0.207422 0.2872162 1.266902
v -0.2179077 0.3024015 1.262714
v -0.2061113 0.2883351 1.262714
v -0.2147109 0.3050869 1.260988
v -0.2029144 0.2910206 1.260988
v -0.1996855 0.2937059 1.262714
v -0.211514 0.3077722 1.262714
v -0.2029144 0.2910206 1.260988
v -0.2147109 0.3050869 1.260988
v -0.1959451 0.2881753 1.270387
v -0.1948262 0.2891024 1.266902
v -0.2013159 0.2836677 1.270387
v -0.1986305 0.2859055 1.271858
v -0.2013159 0.2836677 1.263386
v -0.2024028 0.2827086 1.266902
v -0.1959451 0.2881753 1.263386
v -0.1986305 0.2859055 1.261947
v -0.1986305 0.2859055 1.261947
v -0.2013159 0.2836677 1.270387
v -0.1986305 0.2859055 1.271858
v -0.1959451 0.2881753 1.270387
v -0.1959451 0.2881753 1.263386
v -0.2013159 0.2836677 1.263386
v -0.2024028 0.2827086 1.266902
v -0.1986305 0.2859055 1.261947
v -0.1948262 0.2891024 1.266902
v -0.1739506 0.3392935 1.27109
v -0.1726079 0.3403805 1.266902
v -0.1608114 0.3263142 1.266902
v -0.1621221 0.3251953 1.27109
v -0.1771474 0.3365762 1.272816
v -0.1653509 0.3225099 1.272816
v -0.1803443 0.3338908 1.27109
v -0.1685478 0.3198245 1.27109
v -0.1816871 0.3328038 1.266902
v -0.1698586 0.3187056 1.266902
v -0.1803443 0.3338908 1.262714
v -0.1685478 0.3198245 1.262714
v -0.1771474 0.3365762 1.260988
v -0.1653509 0.3225099 1.260988
v -0.1621221 0.3251953 1.262714
v -0.1739506 0.3392935 1.262714
v -0.1653509 0.3225099 1.260988
v -0.1771474 0.3365762 1.260988
v -0.1583817 0.3196647 1.270387
v -0.1572628 0.3205917 1.266902
v -0.1637525 0.3151571 1.270387
v -0.1610671 0.3174269 1.271858
v -0.1637525 0.3151571 1.263386
v -0.1648714 0.31423 1.266902
v -0.1583817 0.3196647 1.263386
v -0.1610671 0.3174269 1.261947
v -0.1610671 0.3174269 1.261947
v -0.1637525 0.3151571 1.270387
v -0.1610671 0.3174269 1.271858
v -0.1583817 0.3196647 1.270387
v -0.1583817 0.3196647 1.263386
v -0.1637525 0.3151571 1.263386
v -0.1648714 0.31423 1.266902
v -0.1610671 0.3174269 1.261947
v -0.1572628 0.3205917 1.266902
v -0.1793533 0.3646768 1.42112
v -0.1634328 0.3457193 1.420992
v -0.1675568 0.3422986 1.421056
v -0.1834773 0.3612242 1.42112
v -0.2215842 0.2969668 1.421056
v -0.2256762 0.2935141 1.420992
v -0.2415967 0.3124717 1.42112
v -0.2374727 0.3159243 1.42112
v -0.1675568 0.3422986 1.421056
v -0.1718726 0.3380787 1.394202
v -0.1877611 0.3570363 1.395641
v -0.1834773 0.3612242 1.42112
v -0.1675568 0.3422986 1.421056
v -0.1634328 0.3457193 1.420992
v -0.1638484 0.3447602 1.393275
v -0.1718726 0.3380787 1.394202
v -0.2246532 0.2937699 1.393275
v -0.2256762 0.2935141 1.420992
v -0.2215842 0.2969668 1.421056
v -0.2166929 0.3004833 1.394202
v -0.2215842 0.2969668 1.421056
v -0.2374727 0.3159243 1.42112
v -0.2325815 0.3194409 1.395641
v -0.2166929 0.3004833 1.394202
v -0.4085062 0.7811672 1.113292
v -0.4085062 0.7778744 1.073618
v -0.4085062 0.7523313 1.075345
v -0.4085062 0.7427407 1.109232
v -0.4085062 0.7485591 1.124481
v -0.4085062 0.7836608 1.139251
v -0.4085062 0.7585652 1.146891
v -0.4085062 0.7765637 1.175024
v -0.4085062 0.7895111 1.171667
v -0.4240111 0.7523313 1.075345
v -0.4240111 0.7778744 1.073618
v -0.4240111 0.7811672 1.113292
v -0.4240111 0.7427407 1.109232
v -0.4240111 0.7485591 1.124481
v -0.4240111 0.7836608 1.139251
v -0.4240111 0.7585652 1.146891
v -0.4240111 0.7765637 1.175024
v -0.4240111 0.7895111 1.171667
v -0.4085062 0.7523313 1.075345
v -0.4085062 0.7778744 1.073618
v -0.4240111 0.7778744 1.073618
v -0.4240111 0.7523313 1.075345
v -0.4240111 0.7427407 1.109232
v -0.4085062 0.7427407 1.109232
v -0.4085062 0.7523313 1.075345
v -0.4240111 0.7523313 1.075345
v -0.4240111 0.7485591 1.124481
v -0.4085062 0.7485591 1.124481
v -0.4240111 0.7585652 1.146891
v -0.4085062 0.7585652 1.146891
v -0.4240111 0.7765637 1.175024
v -0.4085062 0.7765637 1.175024
v -0.4085062 0.7895111 1.171667
v -0.4085062 0.7765637 1.175024
v -0.4240111 0.7765637 1.175024
v -0.4240111 0.7895111 1.171667
v -0.4240111 0.7836608 1.139251
v -0.4085062 0.7836608 1.139251
v -0.4085062 0.7895111 1.171667
v -0.4240111 0.7895111 1.171667
v -0.4240111 0.7811672 1.113292
v -0.4085062 0.7811672 1.113292
v -0.4240111 0.7778744 1.073618
v -0.4085062 0.7778744 1.073618
v -0.4285507 0.7805918 1.151942
v -0.41685 0.7757965 1.152646
v -0.41685 0.7696264 1.110351
v -0.4285507 0.7744219 1.109647
v -0.4334099 0.7921965 1.150248
v -0.4285507 0.7805918 1.151942
v -0.4285507 0.7744219 1.109647
v -0.4334099 0.7860265 1.107953
v -0.4285507 0.8037693 1.148553
v -0.4334099 0.7921965 1.150248
v -0.4334099 0.7860265 1.107953
v -0.4285507 0.7975993 1.106259
v -0.41685 0.8085646 1.14785
v -0.41685 0.8023946 1.105555
v -0.4051175 0.8037693 1.148553
v -0.41685 0.8085646 1.14785
v -0.41685 0.8023946 1.105555
v -0.4051175 0.7975993 1.106259
v -0.4002901 0.7921965 1.150248
v -0.4002901 0.7860265 1.107953
v -0.4051175 0.7805918 1.151942
v -0.4002901 0.7921965 1.150248
v -0.4002901 0.7860265 1.107953
v -0.4051175 0.7744219 1.109647
v -0.41685 0.7757965 1.152646
v -0.4051175 0.7805918 1.151942
v -0.4051175 0.7744219 1.109647
v -0.41685 0.7696264 1.110351
v -0.4002901 0.7921965 1.150248
v -0.41685 0.7757965 1.152646
v -0.41685 0.8085646 1.14785
v -0.4051175 0.8037693 1.148553
v -0.4334099 0.7921965 1.150248
v -0.4285507 0.8037693 1.148553
v -0.4285507 0.7805918 1.151942
v -0.4051175 0.7805918 1.151942
v -0.4285507 0.7744219 1.109647
v -0.4051175 0.7744219 1.109647
v -0.4285507 0.7975993 1.106259
v -0.4334099 0.7860265 1.107953
v -0.4051175 0.7975993 1.106259
v -0.41685 0.8023946 1.105555
v -0.4002901 0.7860265 1.107953
v -0.41685 0.7696264 1.110351
v -0.4132695 0.8224711 1.177485
v -0.4132695 0.8560063 1.202613
v -0.4132695 0.8296641 1.081835
v -0.4132695 0.8006362 1.081707
v -0.4132695 0.7917809 1.169301
v -0.4132695 0.7747095 1.084232
v -0.4211339 0.8224711 1.177485
v -0.4211339 0.8006362 1.081707
v -0.4211339 0.8296641 1.081835
v -0.4211339 0.8560063 1.202613
v -0.4211339 0.7917809 1.169301
v -0.4211339 0.7747095 1.084232
v -0.4211339 0.8006362 1.081707
v -0.4132695 0.8006362 1.081707
v -0.4132695 0.8296641 1.081835
v -0.4211339 0.8296641 1.081835
v -0.4211339 0.7747095 1.084232
v -0.4132695 0.7747095 1.084232
v -0.4132695 0.7917809 1.169301
v -0.4132695 0.7747095 1.084232
v -0.4211339 0.7747095 1.084232
v -0.4211339 0.7917809 1.169301
v -0.4211339 0.8224711 1.177485
v -0.4132695 0.8224711 1.177485
v -0.4132695 0.7917809 1.169301
v -0.4211339 0.7917809 1.169301
v -0.4211339 0.8560063 1.202613
v -0.4132695 0.8560063 1.202613
v -0.4132695 0.8296641 1.081835
v -0.4132695 0.8560063 1.202613
v -0.4211339 0.8560063 1.202613
v -0.4211339 0.8296641 1.081835
v -0.4089857 0.7480795 1.079341
v -0.4089857 0.7452022 1.058689
v -0.4229241 0.7452022 1.058689
v -0.4229241 0.7480795 1.079341
v -0.4229241 0.7577661 1.042065
v -0.4089857 0.7577661 1.042065
v -0.4089857 0.7647033 1.091873
v -0.4089857 0.7480795 1.079341
v -0.4229241 0.7480795 1.079341
v -0.4229241 0.7647033 1.091873
v -0.4089857 0.7853232 1.089027
v -0.4229241 0.7853232 1.089027
v -0.4089857 0.7978869 1.072372
v -0.4229241 0.7978869 1.072372
v -0.4089857 0.7950098 1.051752
v -0.4229241 0.7950098 1.051752
v -0.4089857 0.7783859 1.039188
v -0.4089857 0.7950098 1.051752
v -0.4229241 0.7950098 1.051752
v -0.4229241 0.7783859 1.039188
v -0.4089857 0.7577661 1.042065
v -0.4229241 0.7577661 1.042065
v -0.4089857 0.7783859 1.039188
v -0.4089857 0.7452022 1.058689
v -0.4089857 0.7978869 1.072372
v -0.4089857 0.7950098 1.051752
v -0.4089857 0.7647033 1.091873
v -0.4089857 0.7853232 1.089027
v -0.4089857 0.7480795 1.079341
v -0.4089857 0.7577661 1.042065
v -0.4229241 0.7480795 1.079341
v -0.4229241 0.7577661 1.042065
v -0.4229241 0.7853232 1.089027
v -0.4229241 0.7647033 1.091873
v -0.4229241 0.7950098 1.051752
v -0.4229241 0.7978869 1.072372
v -0.4229241 0.7783859 1.039188
v -0.4229241 0.7452022 1.058689
v -0.4522076 0.7354198 1.354177
v -0.4541577 0.6517573 1.356127
v -0.4570029 0.6517573 1.349222
v -0.4542536 0.7354198 1.349222
v -0.4472205 0.7354198 1.356255
v -0.4472205 0.6517573 1.359004
v -0.4422653 0.7354198 1.354177
v -0.4403152 0.6517573 1.356127
v -0.4402192 0.7354198 1.349222
v -0.437438 0.6517573 1.349222
v -0.4422653 0.7354198 1.344235
v -0.4403152 0.6517573 1.342285
v -0.4472205 0.7354198 1.342189
v -0.4472205 0.6517573 1.33944
v -0.4541577 0.6517573 1.342285
v -0.4522076 0.7354198 1.344235
v -0.4472205 0.6517573 1.33944
v -0.4472205 0.7354198 1.342189
v -0.4472205 0.902585 1.354209
v -0.450769 0.902585 1.352739
v -0.4522076 0.902585 1.349222
v -0.4422653 0.902585 1.349222
v -0.4437038 0.902585 1.352739
v -0.4472205 0.902585 1.344235
v -0.450769 0.902585 1.345706
v -0.4437038 0.902585 1.345706
v -0.4472205 0.902585 1.344235
v -0.4472205 0.6517573 1.33944
v -0.4570029 0.6517573 1.349222
v -0.437438 0.6517573 1.349222
v -0.4403152 0.6517573 1.342285
v -0.4472205 0.6517573 1.359004
v -0.4403152 0.6517573 1.356127
v -0.4541577 0.6517573 1.356127
v -0.4541577 0.6517573 1.342285
v -0.450769 0.902585 1.352739
v -0.450769 0.902585 1.345706
v -0.4437038 0.902585 1.352739
v -0.4472205 0.902585 1.354209
v -0.4437038 0.902585 1.345706
v -0.4422653 0.902585 1.349222
v -0.4472205 0.902585 1.344235
v -0.4522076 0.902585 1.349222
v -0.2343398 0.4731153 1.355136
v -0.2316224 0.4728915 1.271474
v -0.2350751 0.4662419 1.271474
v -0.2368333 0.4683519 1.355136
v -0.2359701 0.4782303 1.355136
v -0.2338602 0.4800205 1.271474
v -0.2407335 0.4807238 1.355136
v -0.2405097 0.4834731 1.271474
v -0.2458805 0.4791253 1.355136
v -0.2476388 0.4812353 1.271474
v -0.2483421 0.47433 1.355136
v -0.2510914 0.4745858 1.271474
v -0.2467437 0.469215 1.355136
v -0.2488536 0.4674568 1.271442
v -0.2422041 0.4639722 1.271474
v -0.2419484 0.4667215 1.355136
v -0.2488536 0.4674568 1.271442
v -0.2467437 0.469215 1.355136
v -0.2375367 0.4769195 1.52227
v -0.2363858 0.4733071 1.52227
v -0.238144 0.4699183 1.52227
v -0.2445378 0.477527 1.52227
v -0.2409253 0.4786778 1.52227
v -0.2451772 0.4705258 1.52227
v -0.2417885 0.4687675 1.52227
v -0.2463281 0.4741701 1.52227
v -0.2451772 0.4705258 1.52227
v -0.2488536 0.4674568 1.271442
v -0.2350751 0.4662419 1.271474
v -0.2476388 0.4812353 1.271474
v -0.2510914 0.4745858 1.271474
v -0.2338602 0.4800205 1.271474
v -0.2405097 0.4834731 1.271474
v -0.2316224 0.4728915 1.271474
v -0.2422041 0.4639722 1.271474
v -0.2363858 0.4733071 1.52227
v -0.2417885 0.4687675 1.52227
v -0.2409253 0.4786778 1.52227
v -0.2375367 0.4769195 1.52227
v -0.2463281 0.4741701 1.52227
v -0.2445378 0.477527 1.52227
v -0.2451772 0.4705258 1.52227
v -0.238144 0.4699183 1.52227
v -0.1976395 0.4293818 1.355136
v -0.1949221 0.4291261 1.271474
v -0.1983747 0.4225085 1.271474
v -0.2001331 0.4246185 1.355136
v -0.1992699 0.4344968 1.355136
v -0.1971599 0.4362871 1.271474
v -0.2040333 0.4369904 1.355136
v -0.2038095 0.4397398 1.271474
v -0.2091802 0.43536 1.355136
v -0.2109385 0.4374699 1.271474
v -0.2116418 0.4305966 1.355136
v -0.2143912 0.4308524 1.271474
v -0.2100434 0.4254816 1.355136
v -0.2121534 0.4236913 1.271442
v -0.2055038 0.4202387 1.271474
v -0.2052481 0.4229881 1.355136
v -0.2121534 0.4236913 1.271442
v -0.2100434 0.4254816 1.355136
v -0.2008364 0.4331861 1.52227
v -0.1996855 0.4295416 1.52227
v -0.2014438 0.426185 1.52227
v -0.2078376 0.4337935 1.52227
v -0.2042251 0.4349445 1.52227
v -0.208477 0.4267923 1.52227
v -0.2050883 0.425034 1.52227
v -0.2095959 0.4304368 1.52227
v -0.208477 0.4267923 1.52227
v -0.2121534 0.4236913 1.271442
v -0.1983747 0.4225085 1.271474
v -0.2109385 0.4374699 1.271474
v -0.2143912 0.4308524 1.271474
v -0.1971599 0.4362871 1.271474
v -0.2038095 0.4397398 1.271474
v -0.1949221 0.4291261 1.271474
v -0.2055038 0.4202387 1.271474
v -0.1996855 0.4295416 1.52227
v -0.2050883 0.425034 1.52227
v -0.2042251 0.4349445 1.52227
v -0.2008364 0.4331861 1.52227
v -0.2095959 0.4304368 1.52227
v -0.2078376 0.4337935 1.52227
v -0.208477 0.4267923 1.52227
v -0.2014438 0.426185 1.52227
v -0.1507092 0.1537462 0.9797898
v -0.1606835 0.1453704 0.9797898
v -0.1465532 0.1285548 0.9523925
v -0.1366109 0.1369306 0.9523925
v -0.07174611 0.09837615 1.105396
v -0.06864512 0.09466779 1.09053
v -0.1151918 0.05560184 1.09053
v -0.1182927 0.0593102 1.105396
v -0.07986617 0.1080627 1.114571
v -0.1264129 0.06896478 1.114571
v -0.08990443 0.1200191 1.114571
v -0.1364511 0.08095312 1.114571
v -0.09802449 0.1297057 1.105396
v -0.1446031 0.09063971 1.105396
v -0.1011255 0.133414 1.09053
v -0.1477041 0.09431612 1.09053
v -0.09802449 0.1297057 1.075696
v -0.1446031 0.09063971 1.075696
v -0.08990443 0.1200191 1.066489
v -0.1364511 0.08095312 1.066489
v -0.07986617 0.1080627 1.066489
v -0.1264129 0.06896478 1.066489
v -0.1182927 0.0593102 1.075696
v -0.07174611 0.09837615 1.075696
v -0.1264129 0.06896478 1.066489
v -0.07986617 0.1080627 1.066489
v -0.07986617 0.1080627 1.066489
v -0.06864512 0.09466779 1.09053
v -0.09802449 0.1297057 1.075696
v -0.08990443 0.1200191 1.066489
v -0.09802449 0.1297057 1.105396
v -0.1011255 0.133414 1.09053
v -0.07986617 0.1080627 1.114571
v -0.08990443 0.1200191 1.114571
v -0.07174611 0.09837615 1.105396
v -0.07174611 0.09837615 1.075696
v -0.1182927 0.0593102 1.105396
v -0.1182927 0.0593102 1.075696
v -0.1364511 0.08095312 1.114571
v -0.1264129 0.06896478 1.114571
v -0.1477041 0.09431612 1.09053
v -0.1446031 0.09063971 1.105396
v -0.1364511 0.08095312 1.066489
v -0.1446031 0.09063971 1.075696
v -0.1264129 0.06896478 1.066489
v -0.1151918 0.05560184 1.09053
v -0.4180329 1.321473 0.7437957
v -0.4075151 1.284421 0.6608045
v -0.4035829 1.180938 0.795809
v -0.4180329 1.232791 0.8223432
v -0.4180329 1.155938 0.9132946
v -0.3985638 1.097499 0.8825405
v -0.4180329 1.080939 1.052775
v -0.3733724 0.9907551 0.9773602
v -0.4039026 0.9804292 1.158496
v -0.4074192 1.005461 1.154468
v -0.4180329 1.075089 1.112397
v -0.4109678 1.035927 1.160414
v -0.4180329 1.079245 1.193726
v -0.3711026 0.8966708 1.145676
v -0.4325147 1.180938 0.795809
v -0.4285826 1.284421 0.6608045
v -0.4180329 1.321473 0.7437957
v -0.4180329 1.232791 0.8223432
v -0.4180329 1.155938 0.9132946
v -0.437502 1.097499 0.8825405
v -0.4180329 1.080939 1.052775
v -0.464164 0.9907551 0.9773602
v -0.4321951 0.9804292 1.158496
v -0.4602638 0.943729 1.061502
v -0.4286465 1.005461 1.154468
v -0.4510247 0.8996438 1.017002
v -0.4180329 1.075089 1.112397
v -0.425098 1.035927 1.160414
v -0.4180329 1.079245 1.193726
v -0.4664657 0.8966708 1.145676
v -0.4379175 0.8085327 1.056643
v -0.4379175 0.8320937 1.138675
v -0.4325147 1.180938 0.795809
v -0.4035829 1.180938 0.795809
v -0.4075151 1.284421 0.6608045
v -0.4285826 1.284421 0.6608045
v -0.437502 1.097499 0.8825405
v -0.3985638 1.097499 0.8825405
v -0.464164 0.9907551 0.9773602
v -0.3733724 0.9907551 0.9773602
v -0.3857763 0.8996438 1.017002
v -0.4510247 0.8996438 1.017002
v -0.4379175 0.8085327 1.056643
v -0.3981482 0.8085327 1.056643
v -0.4379175 0.8475026 1.268629
v -0.4379175 0.8896376 1.265304
v -0.4180329 0.8896376 1.265304
v -0.3981482 0.8896376 1.265304
v -0.3981482 0.8475026 1.268629
v -0.3981482 0.8193061 1.272209
v -0.4379175 0.8193061 1.272209
v -0.3981482 0.8320937 1.138675
v -0.3981482 0.8085327 1.056643
v -0.4379175 0.8085327 1.056643
v -0.4379175 0.8320937 1.138675
v -0.3981482 0.8403736 1.181609
v -0.4379175 0.8403736 1.181609
v -0.4379175 0.8486535 1.224544
v -0.3981482 0.8486535 1.224544
v -0.4379175 0.8320937 1.138675
v -0.4379175 0.8948805 1.186149
v -0.4379175 0.8403736 1.181609
v -0.4379175 0.8486535 1.224544
v -0.4379175 0.8930582 1.226589
v -0.4379175 0.8896376 1.265304
v -0.4379175 0.8475026 1.268629
v -0.4379175 0.8233022 1.237555
v -0.4379175 0.8193061 1.272209
v -0.4180329 0.9369196 1.22595
v -0.4180329 0.9433133 1.186373
v -0.4664657 0.8966708 1.145676
v -0.4180329 0.9804292 1.158496
v -0.3711026 0.8966708 1.145676
v -0.3981482 0.8320937 1.138675
v -0.3981482 0.8948805 1.186149
v -0.4180329 0.9433133 1.186373
v -0.4180329 0.9804292 1.158496
v -0.4180329 0.9369196 1.22595
v -0.3981482 0.8930582 1.226589
v -0.3981482 0.8486535 1.224544
v -0.3981482 0.8896376 1.265304
v -0.3981482 0.8475026 1.268629
v -0.3981482 0.8233022 1.237555
v -0.3981482 0.8193061 1.272209
v -0.3981482 0.8403736 1.181609
v -0.4379175 0.8930582 1.226589
v -0.4180329 0.8930582 1.226589
v -0.4180329 0.8896376 1.265304
v -0.4379175 0.8896376 1.265304
v -0.3981482 0.8896376 1.265304
v -0.3981482 0.8930582 1.226589
v -0.3981482 0.8233022 1.237555
v -0.4379175 0.8233022 1.237555
v -0.4379175 0.8193061 1.272209
v -0.3981482 0.8193061 1.272209
v -0.3981482 0.8486535 1.224544
v -0.4379175 0.8486535 1.224544
v -0.4379175 0.8233022 1.237555
v -0.3981482 0.8233022 1.237555
v -0.425098 1.035927 1.160414
v -0.4109678 1.035927 1.160414
v -0.4074192 1.005461 1.154468
v -0.4286465 1.005461 1.154468
v -0.4039026 0.9804292 1.158496
v -0.4321951 0.9804292 1.158496
v -0.4180329 1.079245 1.193726
v -0.4180329 0.9804292 1.158496
v -0.3711026 0.8966708 1.145676
v -0.4664657 0.8966708 1.145676
v -0.4180329 1.321473 0.7437957
v -0.4285826 1.284421 0.6608045
v -0.4075151 1.284421 0.6608045
v -0.3711026 0.8966708 1.145676
v -0.3981482 0.8085327 1.056643
v -0.3981482 0.8320937 1.138675
v -0.4180329 0.9369196 1.22595
v -0.4180329 0.8930582 1.226589
v -0.4379175 0.8930582 1.226589
v -0.3981482 0.8930582 1.226589
v -0.3857763 0.8996438 1.017002
v -0.3892928 0.8916836 1.114219
v -0.3733724 0.9907551 0.9773602
v -0.3981482 0.8085327 1.056643
v -0.3733724 0.9907551 0.9773602
v -0.3892928 0.8916836 1.114219
v -0.3711026 0.8966708 1.145676
v -0.3711026 0.8966708 1.145676
v -0.3892928 0.8916836 1.114219
v -0.3981482 0.8085327 1.056643
v 0.08720312 0.02721345 1.07218
v 0.08720312 0.02721345 1.109328
v 0.05462682 0.06640726 1.109328
v 0.05462682 0.06640726 1.066489
v 0.02400064 0.08191222 1.109328
v 0.02400064 0.08191222 1.056036
v -7.927418E-06 0.08363849 1.109328
v -7.927418E-06 0.08363849 1.050345
v -0.02401656 0.08191222 1.056036
v -0.02401656 0.08191222 1.109328
v -0.05461079 0.06640726 1.066489
v -0.05461079 0.06640726 1.109328
v -0.087219 0.02721345 1.07218
v -0.087219 0.02721345 1.109328
v 0.05245298 0.05381155 1.109328
v 0.08419806 0.01643997 1.109328
v 0.08419806 0.01643997 1.07218
v 0.05245298 0.05381155 1.066489
v 0.02304161 0.06864512 1.109328
v 0.02304161 0.06864512 1.056036
v -7.927418E-06 0.07033944 1.109328
v -7.927418E-06 0.07033944 1.050345
v -0.02302551 0.06864512 1.056036
v -0.02302551 0.06864512 1.109328
v -0.05246884 0.05381155 1.066489
v -0.05246884 0.05381155 1.109328
v -0.08418196 0.01643997 1.07218
v -0.08418196 0.01643997 1.109328
v 0.08720312 0.02721345 1.109328
v 0.08720312 0.02721345 1.07218
v 0.08419806 0.01643997 1.07218
v 0.08419806 0.01643997 1.109328
v 0.08720312 0.02721345 1.07218
v 0.05462682 0.06640726 1.066489
v 0.05245298 0.05381155 1.066489
v 0.08419806 0.01643997 1.07218
v 0.02304161 0.06864512 1.056036
v 0.02400064 0.08191222 1.056036
v -7.927418E-06 0.07033944 1.050345
v -7.927418E-06 0.08363849 1.050345
v -0.02401656 0.08191222 1.056036
v -0.02302551 0.06864512 1.056036
v -0.05461079 0.06640726 1.066489
v -0.05246884 0.05381155 1.066489
v -0.087219 0.02721345 1.07218
v -0.08418196 0.01643997 1.07218
v 0.08720312 0.02721345 1.109328
v 0.08419806 0.01643997 1.109328
v 0.05245298 0.05381155 1.109328
v 0.05462682 0.06640726 1.109328
v 0.02304161 0.06864512 1.109328
v 0.02400064 0.08191222 1.109328
v -7.927418E-06 0.07033944 1.109328
v -7.927418E-06 0.08363849 1.109328
v -0.02401656 0.08191222 1.109328
v -0.02302551 0.06864512 1.109328
v -0.05461079 0.06640726 1.109328
v -0.05246884 0.05381155 1.109328
v -0.087219 0.02721345 1.109328
v -0.08418196 0.01643997 1.109328
v -0.087219 0.02721345 1.07218
v -0.087219 0.02721345 1.109328
v -0.08418196 0.01643997 1.109328
v -0.08418196 0.01643997 1.07218
vt 0.1640341 0.4166989
vt 0.1445233 0.41865
vt 0.1533031 0.3747507
vt 0.1893981 0.3610931
vt 0.1084283 0.4030413
vt 0.1191592 0.431332
vt 0.08989304 0.4371852
vt 0.0986729 0.4488917
vt 0.07916211 0.4732802
vt 0.1815938 0.41865
vt 0.2011046 0.3503622
vt 0.2128111 0.3815795
vt 0.2011046 0.4245032
vt 0.2342729 0.4020658
vt 0.2069578 0.4381607
vt 0.259637 0.4088946
vt 0.2840255 0.4157234
vt 0.285001 0.4264543
vt 0.1220859 0.3727996
vt 0.07818656 0.3806039
vt 0.08013764 0.3610931
vt 0.1357434 0.3357291
vt 0.0937952 0.4176744
vt 0.06550454 0.405968
vt 0.05965131 0.4362097
vt 0.04794483 0.4274298
vt 0.07916211 0.3435334
vt 0.1474499 0.3249981
vt 0.1162326 0.3123161
vt 0.07233332 0.3240226
vt 0.09477074 0.2928053
vt 0.05965131 0.3181694
vt 0.08794196 0.2674413
vt 0.08111318 0.2420772
vt 0.07135779 0.2420772
vt 0.02355634 0.4469406
vt 0.971781 0.2664658
vt 0.971781 0.2469549
vt 0.9981206 0.2469549
vt 0.9981206 0.2664658
vt 0.9981206 0.2840255
vt 0.971781 0.2840255
vt 0.9737321 0.3015852
vt 0.9971451 0.3015852
vt 0.9756832 0.3289003
vt 0.995194 0.3289003
vt 0.9903163 0.3542643
vt 0.9805609 0.3542643
vt 0.9854386 0.3835305
vt 0.971781 0.2469549
vt 0.971781 0.2332974
vt 0.9981206 0.2332974
vt 0.9981206 0.2469549
vt 0.1533031 0.5815651
vt 0.1533031 0.6049781
vt 0.08501534 0.5952227
vt 0.08501534 0.5913205
vt 0.5171795 0.2020801
vt 0.48206 0.2137866
vt 0.48206 0.1884226
vt 0.5425435 0.1767161
vt 0.4430385 0.1893981
vt 0.4508428 0.2245175
vt 0.4010902 0.2128111
vt 0.405968 0.1806182
vt 0.3727996 0.1815938
vt 0.3776773 0.1591564
vt 0.3923104 0.1640341
vt 0.3679219 0.1376945
vt 0.4274298 0.1503765
vt 0.4284053 0.1757405
vt 0.467427 0.151352
vt 0.4596226 0.1864715
vt 0.5093752 0.174765
vt 0.5035219 0.1415966
vt 0.5366903 0.1425722
vt 0.5327881 0.1201348
vt 0.9834875 0.2089089
vt 0.9815364 0.1689118
vt 0.9961695 0.1689118
vt 0.9942185 0.2089089
vt 0.9961695 0.1191592
vt 0.9815364 0.1191592
vt 0.995194 0.08794196
vt 0.982512 0.08794196
vt 0.9932429 0.05184699
vt 0.984463 0.05184699
vt 0.9893407 0.0177031
vt 0.07721102 0.5913205
vt 0.07721102 0.5952227
vt 0.05477361 0.5942471
vt 0.05477361 0.5922961
vt 0.03136066 0.5922961
vt 0.03136066 0.5942471
vt 0.005996619 0.5932716
vt 0.08501534 0.5952227
vt 0.07721102 0.5952227
vt 0.07721102 0.5913205
vt 0.08501534 0.5913205
vt 0.8039882 0.3035363
vt 0.7893551 0.2869521
vt 0.8205724 0.2654902
vt 0.8517897 0.2859765
vt 0.7396026 0.3103651
vt 0.738627 0.3045118
vt 0.7396026 0.3171938
vt 0.8059393 0.3191449
vt 0.8517897 0.321096
vt 0.6839968 0.3191449
vt 0.8800803 0.3113406
vt 0.89764 0.2986585
vt 0.8761781 0.2606125
vt 0.8449609 0.198178
vt 0.8517897 0.1952513
vt 0.2840255 0.1279391
vt 0.2840255 0.1269636
vt 0.3415823 0.1269636
vt 0.3425578 0.1279391
vt 0.3815795 0.1220859
vt 0.3815795 0.1250125
vt 0.2840255 0.1250125
vt 0.3425578 0.1250125
vt 0.3425578 0.1250125
vt 0.2781722 0.1269636
vt 0.2840255 0.1269636
vt 0.2840255 0.1279391
vt 0.2771967 0.1279391
vt 0.2840255 0.1269636
vt 0.1357434 0.1269636
vt 0.1825693 0.1269636
vt 0.1815938 0.1308657
vt 0.1357434 0.1289146
vt 0.2157377 0.1298902
vt 0.2157377 0.1269636
vt 0.2771967 0.1279391
vt 0.2781722 0.1269636
vt 0.1815938 0.1220859
vt 0.1357434 0.1240369
vt 0.2157377 0.1230614
vt 0.2771967 0.1250125
vt 0.08696642 0.1269636
vt 0.01867864 0.1854959
vt 0.03526282 0.162083
vt 0.03916498 0.162083
vt 0.05574915 0.1854959
vt 0.008923239 0.2215909
vt 0.06648009 0.2215909
vt 0.05965131 0.2771967
vt 0.01575202 0.2771967
vt 0.04794483 0.3571909
vt 0.02648296 0.3571909
vt 0.0372139 0.4245032
vt 0.8205724 0.2654902
vt 0.7893551 0.2869521
vt 0.8039882 0.3035363
vt 0.8517897 0.2859765
vt 0.7396026 0.3103651
vt 0.738627 0.3045118
vt 0.7396026 0.3171938
vt 0.8059393 0.3191449
vt 0.8517897 0.321096
vt 0.6839968 0.3191449
vt 0.8800803 0.3113406
vt 0.89764 0.2986585
vt 0.8761781 0.2606125
vt 0.8449609 0.198178
vt 0.8517897 0.1952513
vt 0.2840255 0.1250125
vt 0.2840255 0.1269636
vt 0.2781722 0.1269636
vt 0.2771967 0.1250125
vt 0.2840255 0.1269636
vt 0.5132773 0.2264686
vt 0.4976687 0.2411017
vt 0.4937665 0.2274442
vt 0.5083996 0.2147621
vt 0.467427 0.2303708
vt 0.4645003 0.2606125
vt 0.4430385 0.2313463
vt 0.4020658 0.2547593
vt 0.4098701 0.2254931
vt 0.9376372 0.1337923
vt 0.9405637 0.1201348
vt 0.957148 0.1328168
vt 0.9532458 0.1454988
vt 0.910322 0.1347679
vt 0.9044688 0.1055017
vt 0.8878846 0.1357434
vt 0.8439853 0.1172082
vt 0.8547162 0.1454988
vt 0.01965418 0.00404554
vt 0.02355634 0.00404554
vt 0.02355634 0.06745563
vt 0.01965418 0.06745563
vt 0.008923239 0.05867577
vt 0.005996619 0.05867577
vt 0.005996619 0.03136066
vt 0.008923239 0.03136066
vt 0.6869234 0.02160526
vt 0.6449752 0.02160526
vt 0.6449752 0.00307
vt 0.6869234 0.00307
vt 0.5835162 0.00307
vt 0.5835162 0.02160526
vt 0.5357147 0.00307
vt 0.5357147 0.02160526
vt 0.5279104 0.00307
vt 0.5279104 0.02160526
vt 0.6937522 0.006972159
vt 0.7064342 0.00404554
vt 0.7064342 0.02453188
vt 0.6937522 0.02160526
vt 0.7483824 0.02453188
vt 0.7483824 0.00404554
vt 0.7883795 0.02453188
vt 0.7883795 0.00404554
vt 0.8195968 0.02453188
vt 0.8195968 0.00404554
vt 0.8732515 0.02453188
vt 0.8732515 0.00404554
vt 0.9512947 0.02453188
vt 0.9512947 0.00404554
vt 0.1152571 0.1757405
vt 0.1123305 0.1396456
vt 0.1659852 0.1542787
vt 0.1523276 0.2157377
vt 0.05282253 0.1415966
vt 0.03526282 0.1094038
vt 0.1533031 0.2254931
vt 0.198178 0.1611075
vt 0.1776916 0.2293952
vt 0.2391506 0.1630585
vt 0.2567104 0.1825693
vt 0.2820744 0.151352
vt 0.006972159 0.125988
vt 0.2947564 0.1533031
vt 0.2801233 0.2498816
vt 0.2430528 0.2898787
vt 0.2284197 0.2284197
vt 0.2820744 0.2128111
vt 0.3406068 0.2157377
vt 0.359142 0.1835449
vt 0.2411017 0.297683
vt 0.1972024 0.2342729
vt 0.2167132 0.3025607
vt 0.1552542 0.2371996
vt 0.1376945 0.2567104
vt 0.113306 0.2245175
vt 0.3864571 0.1991535
vt 0.100624 0.2274442
vt 0.9512947 0.00404554
vt 0.982512 0.00404554
vt 0.982512 0.02453188
vt 0.9512947 0.02453188
vt 0.5279104 0.02160526
vt 0.5064486 0.02160526
vt 0.5064486 0.00307
vt 0.5279104 0.00307
vt 0.4264543 0.00307
vt 0.4264543 0.02160526
vt 0.3854816 0.005996619
vt 0.3854816 0.01867864
vt 0.1728139 0.02843404
vt 0.1728139 0.01867864
vt 0.2215909 0.01867864
vt 0.2215909 0.02843404
vt 0.2645147 0.02843404
vt 0.2645147 0.01867864
vt 0.2947564 0.0274585
vt 0.2947564 0.01965418
vt 0.3259737 0.02648296
vt 0.3259737 0.02062972
vt 0.3727996 0.02550742
vt 0.3727996 0.02160526
vt 0.4381607 0.02355634
vt 0.3318269 0.3279248
vt 0.308414 0.2801233
vt 0.3171938 0.2576859
vt 0.3659708 0.3259737
vt 0.2830499 0.3269492
vt 0.2303708 0.3074384
vt 0.3796284 0.272319
vt 0.4030413 0.3201204
vt 0.4342586 0.2713434
vt 0.4557205 0.308414
vt 0.518155 0.2674413
vt 0.8059393 0.1211103
vt 0.8166702 0.1425722
vt 0.8010616 0.1933003
vt 0.7659422 0.1962269
vt 0.8498386 0.1864715
vt 0.8986155 0.1611075
vt 0.7464314 0.1435477
vt 0.7288716 0.1942758
vt 0.6918011 0.149401
vt 0.6752169 0.1893981
vt 0.6079047 0.1562297
vt 0.9630012 0.04111606
vt 0.8888602 0.04111606
vt 0.8888602 0.03233619
vt 0.9630012 0.03233619
vt 0.007947699 0.1357434
vt 0.007947699 0.2206154
vt 0.00307 0.2206154
vt 0.00307 0.1357434
vt 0.00307 0.3045118
vt 0.007947699 0.3045118
vt 0.00307 0.369873
vt 0.007947699 0.369873
vt 0.00404554 0.4557205
vt 0.006972159 0.4557205
vt 0.005021079 0.55425
vt 0.6839968 0.1240369
vt 0.5864428 0.1181837
vt 0.6079047 0.04989591
vt 0.7239939 0.03233619
vt 0.5327881 0.02550742
vt 0.4888888 0.113306
vt 0.7600889 0.1191592
vt 0.7971594 0.05672469
vt 0.8586184 0.1074528
vt 0.8556918 0.04014051
vt 0.9708055 0.09769736
vt 0.3669463 0.04794483
vt 0.3874327 0.1172082
vt 0.2908542 0.1220859
vt 0.2508571 0.03233619
vt 0.4401118 0.02550742
vt 0.4859622 0.1113549
vt 0.2147621 0.1181837
vt 0.1786672 0.05574915
vt 0.1172082 0.1064772
vt 0.1201348 0.04014051
vt 0.00404554 0.09672182
vt 0.9893407 0.2303708
vt 0.9834875 0.2089089
vt 0.9942185 0.2089089
vt 0.9834875 0.0372139
vt 0.9630012 0.04111606
vt 0.9630012 0.03233619
vt 0.005021079 0.04989591
vt 0.007947699 0.1357434
vt 0.00307 0.1357434
vt 0.01087432 0.4654759
vt 0.01380094 0.4879133
vt 0.1084283 0.4918154
vt 0.1142815 0.4810845
vt 0.01380094 0.4879133
vt 0.01380094 0.5162039
vt 0.1084283 0.5123018
vt 0.1084283 0.4918154
vt 0.1084283 0.5123018
vt 0.01380094 0.5162039
vt 0.01087432 0.5396169
vt 0.1142815 0.5240083
vt 0.2206154 0.4888888
vt 0.2206154 0.5171795
vt 0.1181837 0.5132773
vt 0.1181837 0.492791
vt 0.933735 0.7571623
vt 0.933735 0.7191162
vt 0.9630012 0.7191162
vt 0.9630012 0.7571623
vt 0.933735 0.6927766
vt 0.9630012 0.6927766
vt 0.9630012 0.6547306
vt 0.933735 0.6547306
vt 0.9630012 0.603027
vt 0.933735 0.603027
vt 0.9630012 0.5444946
vt 0.933735 0.5444946
vt 0.959099 0.5123018
vt 0.9376372 0.5123018
vt 0.9581235 0.8732515
vt 0.9581235 0.8654472
vt 0.984463 0.8654472
vt 0.984463 0.8732515
vt 0.984463 0.8478875
vt 0.9581235 0.8478875
vt 0.984463 0.8244745
vt 0.9581235 0.8244745
vt 0.984463 0.8078904
vt 0.9581235 0.8078904
vt 0.9581235 0.7971594
vt 0.984463 0.7971594
vt 0.9815364 0.8986155
vt 0.9610501 0.8986155
vt 0.9649522 0.9415393
vt 0.9786098 0.9415393
vt 0.959099 0.4810845
vt 0.959099 0.5123018
vt 0.9376372 0.5123018
vt 0.9376372 0.4810845
vt 0.7327738 0.4762068
vt 0.7327738 0.4986442
vt 0.5942471 0.4957176
vt 0.5942471 0.4791334
vt 0.7922817 0.48206
vt 0.8108169 0.48206
vt 0.8108169 0.492791
vt 0.7922817 0.492791
vt 0.5688831 0.2215909
vt 0.5562011 0.2050067
vt 0.55425 0.1962269
vt 0.6166846 0.1952513
vt 0.5913205 0.1611075
vt 0.5493723 0.1679362
vt 0.5757118 0.1269636
vt 0.5522989 0.1201348
vt 0.5776629 0.2459794
vt 0.579614 0.2635391
vt 0.5776629 0.2762212
vt 0.6166846 0.2762212
vt 0.6381464 0.2606125
vt 0.6752169 0.2469549
vt 0.7278961 0.2401262
vt 0.7883795 0.236224
vt 0.8059393 0.2069578
vt 0.8215479 0.2342729
vt 0.2703679 0.5522989
vt 0.2215909 0.5259593
vt 0.2840255 0.5269349
vt 0.2820744 0.5357147
vt 0.2469549 0.4918154
vt 0.2889032 0.4986442
vt 0.2625636 0.4576716
vt 0.2869521 0.4508428
vt 0.2606125 0.5766874
vt 0.259637 0.5942471
vt 0.261588 0.6069291
vt 0.2215909 0.6069291
vt 0.200129 0.5913205
vt 0.1630585 0.5776629
vt 0.1103794 0.5708342
vt 0.04989591 0.566932
vt 0.03233619 0.5376658
vt 0.0177031 0.5649809
vt 0.7639911 0.4791334
vt 0.7639911 0.4957176
vt 0.7327738 0.4986442
vt 0.7327738 0.4762068
vt 0.7922817 0.492791
vt 0.7922817 0.48206
vt 0.3913348 0.2391506
vt 0.3279248 0.2401262
vt 0.323047 0.2303708
vt 0.3991392 0.2206154
vt 0.3913348 0.2391506
vt 0.3913348 0.2459794
vt 0.3279248 0.2450039
vt 0.3279248 0.2401262
vt 0.3913348 0.2459794
vt 0.3991392 0.2645147
vt 0.323047 0.2547593
vt 0.3279248 0.2450039
vt 0.8810558 0.2137866
vt 0.8878846 0.2030557
vt 0.9093465 0.2508571
vt 0.8810558 0.2508571
vt 0.9122731 0.2352485
vt 0.923004 0.2147621
vt 0.9034932 0.1845204
vt 0.9366616 0.1952513
vt 0.9249551 0.1689118
vt 0.9512947 0.1806182
vt 0.9512947 0.151352
vt 0.96983 0.1698873
vt 0.96983 0.1415966
vt 0.4020658 0.5786385
vt 0.4020658 0.615709
vt 0.3727996 0.615709
vt 0.395237 0.5679076
vt 0.369873 0.6001003
vt 0.3601176 0.5805896
vt 0.3786528 0.5503478
vt 0.3454845 0.5610788
vt 0.3581665 0.5347392
vt 0.3308514 0.5454701
vt 0.3308514 0.5171795
vt 0.3123161 0.5357147
vt 0.3123161 0.5064486
vt 0.1523276 0.4869377
vt 0.1435477 0.4869377
vt 0.1435477 0.4635248
vt 0.1523276 0.4635248
vt 0.1172082 0.4869377
vt 0.1172082 0.4635248
vt 0.1689118 0.4869377
vt 0.1689118 0.4635248
vt 0.1864715 0.4869377
vt 0.1864715 0.4635248
vt 0.2089089 0.4869377
vt 0.2089089 0.4635248
vt 0.223542 0.4869377
vt 0.223542 0.4635248
vt 0.6313176 0.5025464
vt 0.6547306 0.5025464
vt 0.6547306 0.5308371
vt 0.6313176 0.5308371
vt 0.6859479 0.5025464
vt 0.7044832 0.5025464
vt 0.7044832 0.5308371
vt 0.6859479 0.5308371
vt 0.6674126 0.5025464
vt 0.6674126 0.5308371
vt 0.7220429 0.5308371
vt 0.7220429 0.5025464
vt 0.6547306 0.5025464
vt 0.6547306 0.5308371
vt 0.738627 0.5308371
vt 0.738627 0.5025464
vt 0.8937379 0.5025464
vt 0.9288573 0.5025464
vt 0.9288573 0.5113263
vt 0.8927623 0.5113263
vt 0.9288573 0.5201061
vt 0.8927623 0.5201061
vt 0.9288573 0.528886
vt 0.8927623 0.528886
vt 0.9288573 0.5386413
vt 0.8927623 0.5376658
vt 0.9288573 0.5474212
vt 0.8927623 0.5474212
vt 0.9288573 0.5562011
vt 0.8927623 0.5562011
vt 0.9288573 0.5649809
vt 0.8927623 0.5649809
vt 0.9288573 0.5737608
vt 0.8927623 0.5737608
vt 0.8937379 0.4849867
vt 0.9288573 0.4849867
vt 0.9288573 0.4937665
vt 0.8937379 0.4937665
vt 0.9610501 0.7600889
vt 0.971781 0.7600889
vt 0.9815364 0.7659422
vt 0.9483681 0.7766731
vt 0.9815364 0.787404
vt 0.984463 0.7766731
vt 0.9610501 0.7932572
vt 0.971781 0.7932572
vt 0.9522702 0.787404
vt 0.9522702 0.7659422
vt 0.9815364 0.787404
vt 0.971781 0.7932572
vt 0.9610501 0.7932572
vt 0.9815364 0.7659422
vt 0.9483681 0.7766731
vt 0.9522702 0.787404
vt 0.9610501 0.7600889
vt 0.9522702 0.7659422
vt 0.971781 0.7600889
vt 0.984463 0.7766731
vt 0.5571766 0.5074241
vt 0.5571766 0.5259593
vt 0.5503478 0.5259593
vt 0.5366903 0.5074241
vt 0.5942471 0.5074241
vt 0.6147335 0.5074241
vt 0.6010759 0.5259593
vt 0.5942471 0.5259593
vt 0.5942471 0.5074241
vt 0.5571766 0.5074241
vt 0.5571766 0.4879133
vt 0.5942471 0.4879133
vt 0.5942471 0.5327881
vt 0.5571766 0.5327881
vt 0.5571766 0.5259593
vt 0.5942471 0.5259593
vt 0.5942471 0.5259593
vt 0.5571766 0.5259593
vt 0.5571766 0.5074241
vt 0.5942471 0.5074241
vt 0.9747077 0.5123018
vt 0.9903163 0.5123018
vt 0.9912918 0.5357147
vt 0.9669033 0.5318125
vt 0.96983 0.5405924
vt 0.9912918 0.5503478
vt 0.9756832 0.55425
vt 0.9854386 0.5708342
vt 0.9932429 0.5698586
vt 0.9737321 0.4732802
vt 0.9737321 0.4498672
vt 0.9893407 0.4498672
vt 0.9971451 0.469378
vt 0.9942185 0.4781579
vt 0.9727566 0.4879133
vt 0.9883652 0.4918154
vt 0.9786098 0.5083996
vt 0.9708055 0.5074241
vt 0.9512947 0.9786098
vt 0.9610501 0.9786098
vt 0.9610501 0.9932429
vt 0.9512947 0.9932429
vt 0.9376372 0.8342299
vt 0.9376372 0.8137436
vt 0.9473925 0.8137436
vt 0.9473925 0.8342299
vt 0.9473925 0.8039882
vt 0.9376372 0.8039882
vt 0.9473925 0.7903306
vt 0.9376372 0.7903306
vt 0.9473925 0.7708198
vt 0.9376372 0.7708198
vt 0.9473925 0.7708198
vt 0.9376372 0.7708198
vt 0.9376372 0.7630155
vt 0.9473925 0.7630155
vt 0.9610501 0.921053
vt 0.9610501 0.9405637
vt 0.9512947 0.9405637
vt 0.9512947 0.921053
vt 0.9512947 0.9561724
vt 0.9610501 0.9561724
vt 0.9512947 0.9786098
vt 0.9610501 0.9786098
vt 0.9727566 0.5737608
vt 0.9981206 0.5737608
vt 0.9981206 0.5815651
vt 0.9727566 0.5815651
vt 0.9981206 0.5893694
vt 0.9727566 0.5893694
vt 0.9727566 0.5893694
vt 0.9981206 0.5893694
vt 0.9981206 0.5971738
vt 0.9727566 0.5971738
vt 0.9981206 0.6049781
vt 0.9727566 0.6049781
vt 0.9727566 0.6049781
vt 0.9981206 0.6049781
vt 0.9981206 0.6127824
vt 0.9727566 0.6127824
vt 0.9981206 0.6215622
vt 0.9727566 0.6215622
vt 0.9727566 0.6215622
vt 0.9981206 0.6215622
vt 0.9981206 0.6293666
vt 0.9727566 0.6293666
vt 0.9981206 0.6371709
vt 0.9727566 0.6371709
vt 0.9864141 0.664486
vt 0.9932429 0.6674126
vt 0.9961695 0.6742414
vt 0.9776343 0.6742414
vt 0.9864141 0.6849723
vt 0.9932429 0.6810701
vt 0.9795853 0.6810701
vt 0.9795853 0.6674126
vt 0.9805609 0.6439996
vt 0.9873897 0.641073
vt 0.9942185 0.6439996
vt 0.9805609 0.6586328
vt 0.9942185 0.6586328
vt 0.9971451 0.6508284
vt 0.9873897 0.6615593
vt 0.9776343 0.6508284
vt 0.8244745 0.4069435
vt 0.8947134 0.4069435
vt 0.8771537 0.4245032
vt 0.8205724 0.4245032
vt 0.8683738 0.4410874
vt 0.8186213 0.4410874
vt 0.9064199 0.4401118
vt 0.9025177 0.4225521
vt 0.959099 0.4225521
vt 0.9786098 0.4401118
vt 0.9512947 0.405968
vt 0.9005666 0.405968
vt 0.9864141 0.923004
vt 0.9864141 0.9064199
vt 0.9912918 0.9064199
vt 0.9912918 0.923004
vt 0.9912918 0.8908112
vt 0.9864141 0.8908112
vt 0.9912918 0.8908112
vt 0.9864141 0.8908112
vt 0.9864141 0.8410587
vt 0.9912918 0.8410587
vt 0.9864141 0.8410587
vt 0.9864141 0.8225234
vt 0.9912918 0.8225234
vt 0.9912918 0.8410587
vt 0.9912918 0.7991105
vt 0.9864141 0.7991105
vt 0.9912918 0.9942185
vt 0.9864141 0.9942185
vt 0.9864141 0.923004
vt 0.9912918 0.923004
vt 0.7249694 0.4381607
vt 0.7249694 0.4293809
vt 0.7366759 0.4293809
vt 0.7366759 0.4381607
vt 0.7366759 0.4381607
vt 0.7366759 0.4293809
vt 0.7493579 0.4293809
vt 0.7493579 0.4381607
vt 0.7610644 0.4293809
vt 0.7610644 0.4381607
vt 0.7610644 0.4381607
vt 0.7610644 0.4293809
vt 0.7737464 0.4293809
vt 0.7737464 0.4381607
vt 0.7737464 0.4381607
vt 0.7737464 0.4293809
vt 0.7854529 0.4293809
vt 0.7854529 0.4381607
vt 0.7971594 0.4293809
vt 0.7971594 0.4381607
vt 0.8098415 0.4293809
vt 0.8098415 0.4381607
vt 0.713263 0.4381607
vt 0.713263 0.4293809
vt 0.7249694 0.4293809
vt 0.7249694 0.4381607
vt 0.9990962 0.7405781
vt 0.9942185 0.7522846
vt 0.9834875 0.7571623
vt 0.9834875 0.7239939
vt 0.9669033 0.7405781
vt 0.971781 0.7522846
vt 0.971781 0.7288716
vt 0.9942185 0.7288716
vt 0.9708055 0.713263
vt 0.9669033 0.7015565
vt 0.9708055 0.68985
vt 0.9932429 0.713263
vt 0.9932429 0.68985
vt 0.982512 0.6849723
vt 0.9981206 0.7015565
vt 0.982512 0.7181407
vt 0.9239796 0.8527652
vt 0.9181263 0.8527652
vt 0.9171508 0.7942328
vt 0.921053 0.7942328
vt 0.9122731 0.7942328
vt 0.9122731 0.8527652
vt 0.908371 0.7942328
vt 0.9064199 0.8527652
vt 0.9044688 0.7942328
vt 0.9015422 0.8527652
vt 0.9005666 0.7942328
vt 0.895689 0.8527652
vt 0.8966644 0.7942328
vt 0.8898357 0.8517897
vt 0.9288573 0.8527652
vt 0.9249551 0.7942328
vt 0.9347105 0.8517897
vt 0.9288573 0.7942328
vt 0.9191019 0.677168
vt 0.9132487 0.677168
vt 0.9161752 0.677168
vt 0.9073954 0.677168
vt 0.910322 0.677168
vt 0.9249551 0.677168
vt 0.9220285 0.677168
vt 0.9044688 0.677168
vt 0.9015422 0.677168
vt 0.8781292 0.8010616
vt 0.8830069 0.8030127
vt 0.884958 0.8078904
vt 0.8703249 0.8078904
vt 0.8781292 0.8147191
vt 0.8830069 0.812768
vt 0.8722759 0.812768
vt 0.8722759 0.8030127
vt 0.8888602 0.7913062
vt 0.8781292 0.7961839
vt 0.8664227 0.7913062
vt 0.8888602 0.7698443
vt 0.8664227 0.7698443
vt 0.8625206 0.7805752
vt 0.8781292 0.7659422
vt 0.8937379 0.7805752
vt 0.420601 0.5737608
vt 0.420601 0.5640054
vt 0.4362097 0.5640054
vt 0.4362097 0.5737608
vt 0.420601 0.6020514
vt 0.4362097 0.6020514
vt 0.4362097 0.6196111
vt 0.420601 0.6196111
vt 0.420601 0.5737608
vt 0.4362097 0.5737608
vt 0.4362097 0.6020514
vt 0.420601 0.6020514
vt 0.4362097 0.5737608
vt 0.4459651 0.5708342
vt 0.4537694 0.5971738
vt 0.4362097 0.6020514
vt 0.420601 0.5737608
vt 0.420601 0.6020514
vt 0.4020658 0.5971738
vt 0.4098701 0.5708342
vt 0.8205724 0.5464457
vt 0.8098415 0.5249838
vt 0.812768 0.5152284
vt 0.8576429 0.5210816
vt 0.8459364 0.5152284
vt 0.8400832 0.5464457
vt 0.8644717 0.5337636
vt 0.8654472 0.5464457
vt 0.7922817 0.5123018
vt 0.7922817 0.5220572
vt 0.8332544 0.4791334
vt 0.8664227 0.4791334
vt 0.8693494 0.4888888
vt 0.8225234 0.4849867
vt 0.8586184 0.5113263
vt 0.8400832 0.5113263
vt 0.8156947 0.4976687
vt 0.8147191 0.5113263
vt 0.8869091 0.4771824
vt 0.8869091 0.4859622
vt 0.259637 0.6381464
vt 0.2303708 0.6381464
vt 0.2303708 0.6098558
vt 0.259637 0.6098558
vt 0.2713434 0.6098558
vt 0.2713434 0.6381464
vt 0.285001 0.6098558
vt 0.285001 0.6381464
vt 0.2967075 0.6098558
vt 0.2967075 0.6381464
vt 0.2118355 0.6098558
vt 0.2118355 0.6381464
vt 0.1474499 0.6079047
vt 0.1698873 0.6079047
vt 0.1698873 0.6371709
vt 0.1474499 0.6371709
vt 0.2089089 0.6079047
vt 0.2089089 0.6371709
vt 0.1864715 0.6371709
vt 0.1864715 0.6079047
vt 0.1698873 0.6371709
vt 0.1698873 0.6079047
vt 0.1474499 0.6079047
vt 0.1474499 0.6371709
vt 0.1318413 0.6371709
vt 0.1318413 0.6079047
vt 0.9386127 0.8908112
vt 0.9386127 0.8947134
vt 0.9239796 0.8947134
vt 0.9239796 0.8908112
vt 0.9386127 0.8878846
vt 0.9239796 0.8878846
vt 0.9386127 0.8839825
vt 0.9239796 0.8839825
vt 0.9386127 0.8800803
vt 0.9239796 0.8800803
vt 0.9386127 0.8761781
vt 0.9239796 0.8761781
vt 0.9386127 0.8722759
vt 0.9239796 0.8722759
vt 0.9386127 0.8683738
vt 0.9239796 0.8683738
vt 0.9386127 0.8644717
vt 0.9239796 0.8644717
vt 0.9386127 0.861545
vt 0.9239796 0.861545
vt 0.9386127 0.8576429
vt 0.9239796 0.8576429
vt 0.9971451 0.7688687
vt 0.9990962 0.7717954
vt 0.9981206 0.7756975
vt 0.9903163 0.7678932
vt 0.9922674 0.7795997
vt 0.9961695 0.7786242
vt 0.9873897 0.774722
vt 0.9893407 0.7776486
vt 0.9873897 0.7708198
vt 0.9932429 0.7669176
vt 0.9990962 0.7864285
vt 0.9981206 0.7903306
vt 0.995194 0.7922817
vt 0.995194 0.7805752
vt 0.9883652 0.7893551
vt 0.9912918 0.7922817
vt 0.9883652 0.7825263
vt 0.9873897 0.7864285
vt 0.9912918 0.7805752
vt 0.9981206 0.7825263
vt 0.4684025 0.8020371
vt 0.4918154 0.7893551
vt 0.4957176 0.7952083
vt 0.4879133 0.8722759
vt 0.5132773 0.7922817
vt 0.55425 0.7922817
vt 0.579614 0.8722759
vt 0.5708342 0.7952083
vt 0.5981493 0.8020371
vt 0.5757118 0.7893551
vt 0.7727709 0.9805609
vt 0.7464314 0.9942185
vt 0.7474069 0.9434904
vt 0.7737464 0.9434904
vt 0.7122874 0.9434904
vt 0.7113119 0.9942185
vt 0.6693637 0.9942185
vt 0.6683881 0.9434904
vt 0.6342443 0.9942185
vt 0.6332687 0.9434904
vt 0.6079047 0.9805609
vt 0.6069291 0.9434904
vt 0.6527795 0.8069148
vt 0.6527795 0.8088659
vt 0.6508284 0.8108169
vt 0.6400975 0.8069148
vt 0.6430241 0.8108169
vt 0.6400975 0.8088659
vt 0.6400975 0.787404
vt 0.6527795 0.787404
vt 0.836181 0.9434904
vt 0.8381321 0.9483681
vt 0.8156947 0.9483681
vt 0.812768 0.9434904
vt 0.7766731 0.9434904
vt 0.8791047 0.9434904
vt 0.8771537 0.9483681
vt 0.8391076 0.9854386
vt 0.8752026 0.9854386
vt 0.8986155 0.9483681
vt 0.9005666 0.9434904
vt 0.9366616 0.9434904
vt 0.9386127 0.9805609
vt 0.9005666 0.9873897
vt 0.9269062 0.9932429
vt 0.7756975 0.9805609
vt 0.812768 0.9873897
vt 0.787404 0.9932429
vt 0.700581 0.7922817
vt 0.7035076 0.7786242
vt 0.7064342 0.7786242
vt 0.7044832 0.7971594
vt 0.6878989 0.7903306
vt 0.68985 0.7786242
vt 0.6996054 0.7786242
vt 0.700581 0.7922817
vt 0.6878989 0.7903306
vt 0.6849723 0.7942328
vt 0.6820457 0.7786242
vt 0.6849723 0.7786242
vt 0.6557061 0.7971594
vt 0.6557061 0.7786242
vt 0.6820457 0.7786242
vt 0.6849723 0.7942328
vt 0.6400975 0.7727709
vt 0.6527795 0.7708198
vt 0.6527795 0.787404
vt 0.6400975 0.787404
vt 0.7044832 0.7971594
vt 0.7064342 0.7786242
vt 0.7317982 0.7786242
vt 0.7327738 0.800086
vt 0.6996054 0.7786242
vt 0.7035076 0.7786242
vt 0.700581 0.7922817
vt 0.6878989 0.7903306
vt 0.6849723 0.7786242
vt 0.68985 0.7786242
vt 0.7581378 0.9151997
vt 0.7698443 0.89764
vt 0.7883795 0.9415393
vt 0.8654472 0.9415393
vt 0.7698443 0.89764
vt 0.9317839 0.89764
vt 0.933735 0.9142242
vt 0.7883795 0.9415393
vt 0.5825406 0.8605695
vt 0.7493579 0.8605695
vt 0.7454558 0.895689
vt 0.5825406 0.895689
vt 0.579614 0.946417
vt 0.4879133 0.946417
vt 0.4879133 0.8722759
vt 0.579614 0.8722759
vt 0.6196111 0.8508141
vt 0.6498529 0.8508141
vt 0.6391219 0.8547162
vt 0.6303421 0.8547162
vt 0.6498529 0.8186213
vt 0.6196111 0.8186213
vt 0.6459507 0.8156947
vt 0.6264399 0.8537407
vt 0.6439996 0.8537407
vt 0.6391219 0.8147191
vt 0.6235133 0.8156947
vt 0.6303421 0.8147191
vt 0.6332687 0.8117925
vt 0.6254644 0.8117925
vt 0.6361954 0.8078904
vt 0.6361954 0.8098415
vt 0.6235133 0.8078904
vt 0.6235133 0.8098415
vt 0.6361954 0.7883795
vt 0.6235133 0.7883795
vt 0.6820457 0.8020371
vt 0.6839968 0.8020371
vt 0.6869234 0.8156947
vt 0.6839968 0.8205724
vt 0.6878989 0.8020371
vt 0.6986299 0.8020371
vt 0.6996054 0.8137436
vt 0.6869234 0.8156947
vt 0.6996054 0.8137436
vt 0.7035076 0.8020371
vt 0.7054586 0.8020371
vt 0.7025321 0.8176457
vt 0.7054586 0.8020371
vt 0.7317982 0.8020371
vt 0.7317982 0.8205724
vt 0.7025321 0.8176457
vt 0.6361954 0.7737464
vt 0.6361954 0.7883795
vt 0.6235133 0.7883795
vt 0.6235133 0.7717954
vt 0.6557061 0.8020371
vt 0.6820457 0.8020371
vt 0.6839968 0.8205724
vt 0.6557061 0.823499
vt 0.6839968 0.8020371
vt 0.6878989 0.8020371
vt 0.6869234 0.8156947
vt 0.6986299 0.8020371
vt 0.7035076 0.8020371
vt 0.6996054 0.8137436
vt 0.5152284 0.7854529
vt 0.5513234 0.7854529
vt 0.55425 0.7922817
vt 0.5132773 0.7922817
vt 0.4879133 0.946417
vt 0.5123018 0.9883652
vt 0.4781579 0.982512
vt 0.579614 0.946417
vt 0.5552256 0.9883652
vt 0.5893694 0.9834875
vt 0.7571623 0.8947134
vt 0.7522846 0.8595939
vt 0.9191019 0.8595939
vt 0.9191019 0.8947134
vt 0.7561867 0.9161752
vt 0.7269205 0.9425148
vt 0.7454558 0.89764
vt 0.5825406 0.89764
vt 0.7269205 0.9425148
vt 0.6498529 0.9425148
vt 0.5805896 0.9151997
vt 0.7454558 0.89764
vt 0.7357004 0.8332544
vt 0.7971594 0.8332544
vt 0.7971594 0.8576429
vt 0.7357004 0.8576429
vt 0.7357004 0.8274012
vt 0.7971594 0.8274012
vt 0.7357004 0.8205724
vt 0.7971594 0.8205724
vt 0.7971594 0.8156947
vt 0.7357004 0.8156947
vt 0.7357004 0.8098415
vt 0.7971594 0.8098415
vt 0.7357004 0.8039882
vt 0.7971594 0.8039882
vt 0.7971594 0.7786242
vt 0.7357004 0.7786242
vt 0.7971594 0.7571623
vt 0.7971594 0.7786242
vt 0.7357004 0.7786242
vt 0.7357004 0.7571623
vt 0.7083853 0.848863
vt 0.7239939 0.8576429
vt 0.7122874 0.8547162
vt 0.7327738 0.8215479
vt 0.7083853 0.8215479
vt 0.7327738 0.848863
vt 0.7298471 0.8547162
vt 0.7181407 0.8576429
vt 0.6371709 0.7688687
vt 0.6342443 0.7688687
vt 0.6342443 0.7493579
vt 0.6371709 0.7493579
vt 0.6313176 0.7493579
vt 0.6313176 0.7688687
vt 0.641073 0.7688687
vt 0.6371709 0.7688687
vt 0.6371709 0.7493579
vt 0.641073 0.7493579
vt 0.6186356 0.7688687
vt 0.615709 0.7688687
vt 0.615709 0.7493579
vt 0.6186356 0.7493579
vt 0.6215622 0.7688687
vt 0.6215622 0.7493579
vt 0.6244888 0.7688687
vt 0.6244888 0.7493579
vt 0.628391 0.7688687
vt 0.6244888 0.7688687
vt 0.6244888 0.7493579
vt 0.628391 0.7493579
vt 0.6313176 0.7688687
vt 0.6313176 0.7493579
vt 0.5922961 0.7786242
vt 0.5893694 0.7776486
vt 0.5883939 0.774722
vt 0.5961982 0.774722
vt 0.5922961 0.7708198
vt 0.5893694 0.7727709
vt 0.5952227 0.7717954
vt 0.5952227 0.7776486
vt 0.6469263 0.7483824
vt 0.6498529 0.7483824
vt 0.6498529 0.7678932
vt 0.6469263 0.7678932
vt 0.6439996 0.7483824
vt 0.6439996 0.7678932
vt 0.6537551 0.7678932
vt 0.6537551 0.7483824
vt 0.6566817 0.7678932
vt 0.6566817 0.7483824
vt 0.6664371 0.7483824
vt 0.6693637 0.7483824
vt 0.6693637 0.7678932
vt 0.6664371 0.7678932
vt 0.6625349 0.7483824
vt 0.6664371 0.7483824
vt 0.6664371 0.7678932
vt 0.6625349 0.7678932
vt 0.6596083 0.7483824
vt 0.6596083 0.7678932
vt 0.6566817 0.7483824
vt 0.6566817 0.7678932
vt 0.6059536 0.7786242
vt 0.603027 0.7776486
vt 0.6020514 0.774722
vt 0.6098558 0.774722
vt 0.6059536 0.7708198
vt 0.603027 0.7717954
vt 0.6088802 0.7717954
vt 0.6088802 0.7776486
vt 0.8605695 0.8322788
vt 0.8605695 0.8576429
vt 0.800086 0.8576429
vt 0.7991105 0.8322788
vt 0.8605695 0.8264256
vt 0.7991105 0.8264256
vt 0.8605695 0.8205724
vt 0.7991105 0.8205724
vt 0.7991105 0.8156947
vt 0.8605695 0.8156947
vt 0.8605695 0.8088659
vt 0.7991105 0.8088659
vt 0.8605695 0.8030127
vt 0.7991105 0.8030127
vt 0.7991105 0.7786242
vt 0.8605695 0.7786242
vt 0.7991105 0.7571623
vt 0.8605695 0.7571623
vt 0.8605695 0.7786242
vt 0.7991105 0.7786242
vt 0.6927766 0.8283767
vt 0.6996054 0.8313033
vt 0.7035076 0.8439853
vt 0.6615593 0.8537407
vt 0.6615593 0.8283767
vt 0.6927766 0.8537407
vt 0.6996054 0.8508141
vt 0.7035076 0.8381321
vt 0.008923239 0.7649666
vt 0.05379807 0.7649666
vt 0.05379807 0.7942328
vt 0.008923239 0.7942328
vt 0.0986729 0.7942328
vt 0.0986729 0.7649666
vt 0.1435477 0.7942328
vt 0.1435477 0.7649666
vt 0.1884226 0.7942328
vt 0.1884226 0.7649666
vt 0.2323219 0.7942328
vt 0.2323219 0.7649666
vt 0.2771967 0.7942328
vt 0.2771967 0.7649666
vt 0.321096 0.7942328
vt 0.321096 0.7649666
vt 0.3659708 0.7942328
vt 0.3659708 0.7649666
vt 0.4108456 0.7942328
vt 0.4108456 0.7649666
vt 0.4557205 0.7942328
vt 0.4557205 0.7649666
vt 0.3727996 0.6957033
vt 0.4098701 0.6957033
vt 0.4098701 0.76204
vt 0.3727996 0.76204
vt 0.3357291 0.6957033
vt 0.3357291 0.76204
vt 0.2986585 0.6957033
vt 0.2986585 0.76204
vt 0.2625636 0.6957033
vt 0.2625636 0.76204
vt 0.2254931 0.6957033
vt 0.2254931 0.76204
vt 0.4469406 0.76204
vt 0.4469406 0.6957033
vt 0.4849867 0.76204
vt 0.4849867 0.6957033
vt 0.5220572 0.76204
vt 0.5220572 0.6957033
vt 0.5591277 0.76204
vt 0.5591277 0.6957033
vt 0.5952227 0.76204
vt 0.5952227 0.6957033
vt 0.6225378 0.7113119
vt 0.6537551 0.7396026
vt 0.628391 0.7376515
vt 0.6215622 0.7249694
vt 0.6439996 0.6976544
vt 0.6313176 0.700581
vt 0.6635104 0.7152141
vt 0.6566817 0.7035076
vt 0.6625349 0.7288716
vt 0.6400975 0.7425292
vt 0.7913062 0.5552256
vt 0.7893551 0.5483968
vt 0.7844774 0.5454701
vt 0.7542356 0.5454701
vt 0.7844774 0.5649809
vt 0.7542356 0.5649809
vt 0.7893551 0.5620543
vt 0.7054586 0.5493723
vt 0.7035076 0.5425435
vt 0.6986299 0.5396169
vt 0.6683881 0.5396169
vt 0.6986299 0.5591277
vt 0.7035076 0.5571766
vt 0.6683881 0.5591277
vt 0.5766874 0.5522989
vt 0.5766874 0.5620543
vt 0.6069291 0.5620543
vt 0.6069291 0.5522989
vt 0.6118069 0.5620543
vt 0.6118069 0.5522989
vt 0.6196111 0.5620543
vt 0.6196111 0.5522989
vt 0.6274155 0.5620543
vt 0.6274155 0.5522989
vt 0.6322932 0.5620543
vt 0.6322932 0.5522989
vt 0.6625349 0.5620543
vt 0.6625349 0.5522989
vt 0.9415393 0.8752026
vt 0.9483681 0.8752026
vt 0.9483681 0.8625206
vt 0.9415393 0.8625206
vt 0.9483681 0.8508141
vt 0.9415393 0.8508141
vt 0.9415393 0.8869091
vt 0.9483681 0.8869091
vt 0.9415393 0.8986155
vt 0.9483681 0.8986155
vt 0.9415393 0.910322
vt 0.9483681 0.910322
vt 0.9415393 0.9220285
vt 0.9483681 0.9220285
vt 0.9415393 0.9347105
vt 0.9483681 0.9347105
vt 0.9415393 0.946417
vt 0.9483681 0.946417
vt 0.9415393 0.959099
vt 0.9483681 0.959099
vt 0.9415393 0.9708055
vt 0.9483681 0.9708055
vt 0.9415393 0.9834875
vt 0.9483681 0.9834875
vt 0.9415393 0.995194
vt 0.9483681 0.995194
vt 0.6010759 0.3103651
vt 0.5835162 0.3103651
vt 0.5679076 0.3191449
vt 0.5591277 0.3503622
vt 0.615709 0.3649953
vt 0.6244888 0.333778
vt 0.615709 0.3191449
vt 0.6244888 0.3503622
vt 0.5835162 0.3727996
vt 0.6010759 0.3727996
vt 0.5679076 0.3649953
vt 0.5591277 0.333778
vt 0.4586471 0.4352341
vt 0.4586471 0.4508428
vt 0.469378 0.4508428
vt 0.469378 0.4352341
vt 0.4020658 0.4498672
vt 0.3913348 0.4596226
vt 0.4088946 0.4596226
vt 0.4098701 0.456696
vt 0.3913348 0.4362097
vt 0.4040169 0.4713291
vt 0.4108456 0.4791334
vt 0.4147478 0.4781579
vt 0.4147478 0.4615737
vt 0.3893838 0.4615737
vt 0.4703536 0.4420629
vt 0.4888888 0.4420629
vt 0.4888888 0.4323075
vt 0.4703536 0.4323075
vt 0.4986442 0.4420629
vt 0.4986442 0.4323075
vt 0.469378 0.4352341
vt 0.469378 0.431332
vt 0.4586471 0.431332
vt 0.4586471 0.4352341
vt 0.333778 0.4723046
vt 0.333778 0.4859622
vt 0.3474356 0.4859622
vt 0.3474356 0.4723046
vt 0.3620687 0.4859622
vt 0.3620687 0.4723046
vt 0.3757262 0.4859622
vt 0.3757262 0.4723046
vt 0.3201204 0.4723046
vt 0.3201204 0.4859622
vt 0.3054873 0.4723046
vt 0.3054873 0.4859622
vt 0.2928053 0.4723046
vt 0.2928053 0.4859622
vt 0.3542643 0.5825406
vt 0.3503622 0.5698586
vt 0.3415823 0.5591277
vt 0.3289003 0.6127824
vt 0.3415823 0.6069291
vt 0.3503622 0.5961982
vt 0.3289003 0.5532745
vt 0.3045118 0.5835162
vt 0.308414 0.5698586
vt 0.3162183 0.5581521
vt 0.3289003 0.6137579
vt 0.3162183 0.6079047
vt 0.308414 0.5971738
vt 0.3289003 0.5522989
vt 0.48206 0.4479162
vt 0.4723046 0.4479162
vt 0.4723046 0.4635248
vt 0.48206 0.4635248
vt 0.4264543 0.467427
vt 0.4196255 0.4596226
vt 0.4157234 0.4605982
vt 0.4157234 0.4771824
vt 0.4410874 0.4771824
vt 0.4127967 0.4586471
vt 0.4157234 0.4596226
vt 0.4235277 0.4518183
vt 0.4127967 0.4420629
vt 0.4381607 0.4420629
vt 0.4937665 0.444014
vt 0.4830356 0.444014
vt 0.4830356 0.4605982
vt 0.4937665 0.4605982
vt 0.4937665 0.4713291
vt 0.4830356 0.4713291
vt 0.4723046 0.4479162
vt 0.48206 0.4479162
vt 0.48206 0.444014
vt 0.4723046 0.444014
vt 0.3503622 0.4879133
vt 0.3503622 0.5015709
vt 0.359142 0.5015709
vt 0.359142 0.4879133
vt 0.3006096 0.4879133
vt 0.3006096 0.5015709
vt 0.3045118 0.5015709
vt 0.3045118 0.4879133
vt 0.3113406 0.5015709
vt 0.3113406 0.4879133
vt 0.3201204 0.5015709
vt 0.3201204 0.4879133
vt 0.3201204 0.4879133
vt 0.3201204 0.5015709
vt 0.3289003 0.5015709
vt 0.3289003 0.4879133
vt 0.3357291 0.5015709
vt 0.3357291 0.4879133
vt 0.3415823 0.5015709
vt 0.3415823 0.4879133
vt 0.3503622 0.5015709
vt 0.3503622 0.4879133
vt 0.34646 0.8752026
vt 0.3406068 0.9366616
vt 0.321096 0.884958
vt 0.3445089 0.8693494
vt 0.3503622 0.8771537
vt 0.3640197 0.874227
vt 0.4303564 0.9366616
vt 0.4069435 0.874227
vt 0.3669463 0.8703249
vt 0.4030413 0.8703249
vt 0.4196255 0.8771537
vt 0.4245032 0.8752026
vt 0.4488917 0.884958
vt 0.4264543 0.8693494
vt 0.4508428 0.9376372
vt 0.4791334 0.9376372
vt 0.4781579 0.9737321
vt 0.4498672 0.9864141
vt 0.4157234 0.9376372
vt 0.4157234 0.9864141
vt 0.3727996 0.9376372
vt 0.3737751 0.9864141
vt 0.3386557 0.9864141
vt 0.3376802 0.9376372
vt 0.3103651 0.9737321
vt 0.3093895 0.9376372
vt 0.2996341 0.8556918
vt 0.3025607 0.8459364
vt 0.3025607 0.8576429
vt 0.3015852 0.8576429
vt 0.2996341 0.848863
vt 0.3006096 0.8459364
vt 0.3201204 0.8459364
vt 0.3201204 0.8576429
vt 0.06062685 0.7035076
vt 0.05770023 0.6966788
vt 0.08696642 0.6966788
vt 0.08989304 0.7025321
vt 0.009898779 0.6966788
vt 0.1376945 0.7025321
vt 0.1406211 0.6966788
vt 0.1669607 0.7035076
vt 0.1698873 0.6966788
vt 0.2176888 0.6966788
vt 0.006972159 0.7435047
vt 0.05574915 0.7532601
vt 0.02062972 0.7600889
vt 0.2069578 0.7600889
vt 0.2206154 0.7435047
vt 0.1718384 0.7532601
vt 0.6937522 0.7649666
vt 0.6927766 0.7756975
vt 0.6918011 0.7737464
vt 0.6927766 0.7649666
vt 0.6908256 0.7649666
vt 0.6908256 0.7717954
vt 0.6869234 0.7717954
vt 0.6859479 0.7649666
vt 0.6830212 0.7649666
vt 0.6839968 0.7649666
vt 0.6849723 0.7717954
vt 0.6839968 0.7737464
vt 0.6722903 0.7649666
vt 0.6830212 0.7649666
vt 0.6839968 0.7737464
vt 0.6713148 0.7756975
vt 0.3201204 0.8576429
vt 0.3201204 0.8459364
vt 0.3367046 0.8459364
vt 0.3396312 0.8576429
vt 0.7044832 0.7649666
vt 0.7054586 0.7776486
vt 0.6927766 0.7756975
vt 0.6937522 0.7649666
vt 0.6927766 0.7649666
vt 0.6918011 0.7737464
vt 0.6908256 0.7717954
vt 0.6908256 0.7649666
vt 0.6839968 0.7649666
vt 0.6859479 0.7649666
vt 0.6869234 0.7717954
vt 0.6849723 0.7717954
vt 0.136719 0.7503335
vt 0.09086858 0.7503335
vt 0.08989304 0.7025321
vt 0.1376945 0.7025321
vt 0.04696929 0.8010616
vt 0.04696929 0.9922674
vt 0.01087432 0.9864141
vt 0.01087432 0.8010616
vt 0.1025751 0.836181
vt 0.2450039 0.8820314
vt 0.1318413 0.8820314
vt 0.08696642 0.8673983
vt 0.2889032 0.836181
vt 0.2928053 0.8537407
vt 0.09086858 0.8205724
vt 0.09086858 0.8108169
vt 0.09574628 0.8322788
vt 0.09184412 0.8254501
vt 0.09574628 0.7981349
vt 0.09184412 0.8059393
vt 0.1415966 0.8283767
vt 0.1435477 0.8205724
vt 0.1376945 0.7981349
vt 0.1415966 0.8030127
vt 0.1435477 0.8108169
vt 0.1376945 0.8332544
vt 0.3045118 0.9854386
vt 0.1952513 0.9854386
vt 0.1952513 0.895689
vt 0.3045118 0.895689
vt 0.3025607 0.8703249
vt 0.3006096 0.8703249
vt 0.2986585 0.8673983
vt 0.2986585 0.8605695
vt 0.3025607 0.8586184
vt 0.3006096 0.8586184
vt 0.3201204 0.8586184
vt 0.3191449 0.8703249
vt 0.3025607 0.8703249
vt 0.6849723 0.7600889
vt 0.6849723 0.76204
vt 0.6839968 0.7522846
vt 0.6849723 0.7522846
vt 0.6908256 0.7581378
vt 0.6869234 0.7591134
vt 0.6869234 0.7522846
vt 0.6908256 0.7522846
vt 0.6937522 0.7522846
vt 0.6927766 0.7610644
vt 0.6918011 0.7591134
vt 0.6927766 0.7522846
vt 0.7054586 0.7522846
vt 0.7054586 0.7630155
vt 0.6927766 0.7610644
vt 0.6937522 0.7522846
vt 0.3201204 0.8586184
vt 0.3396312 0.8586184
vt 0.3367046 0.8703249
vt 0.3191449 0.8703249
vt 0.6849723 0.76204
vt 0.6722903 0.7639911
vt 0.6722903 0.7522846
vt 0.6839968 0.7522846
vt 0.6869234 0.7591134
vt 0.6849723 0.7600889
vt 0.6849723 0.7522846
vt 0.6869234 0.7522846
vt 0.6927766 0.7522846
vt 0.6918011 0.7591134
vt 0.6908256 0.7581378
vt 0.6908256 0.7522846
vt 0.4030413 0.8634961
vt 0.4030413 0.8703249
vt 0.3669463 0.8703249
vt 0.3669463 0.8634961
vt 0.1435477 0.9191019
vt 0.151352 0.8869091
vt 0.1952513 0.895689
vt 0.1435477 0.9610501
vt 0.1952513 0.9854386
vt 0.151352 0.995194
vt 0.04892037 0.8010616
vt 0.08501534 0.8010616
vt 0.08501534 0.9854386
vt 0.04892037 0.9903163
vt 0.2713434 0.7961839
vt 0.456696 0.7961839
vt 0.3142672 0.8420342
vt 0.2664658 0.8137436
vt 0.4274298 0.8430098
vt 0.4723046 0.8274012
vt 0.113306 0.96983
vt 0.113306 0.9454415
vt 0.1172082 0.9454415
vt 0.1172082 0.96983
vt 0.1172082 0.96983
vt 0.1172082 0.9454415
vt 0.1211103 0.9454415
vt 0.1211103 0.96983
vt 0.0889175 0.96983
vt 0.0889175 0.9454415
vt 0.09281966 0.9454415
vt 0.09281966 0.96983
vt 0.09281966 0.96983
vt 0.09281966 0.9454415
vt 0.09672182 0.9454415
vt 0.09672182 0.96983
vt 0.100624 0.9454415
vt 0.100624 0.96983
vt 0.1045261 0.9454415
vt 0.1045261 0.96983
vt 0.1045261 0.96983
vt 0.1045261 0.9454415
vt 0.1094038 0.9454415
vt 0.1094038 0.96983
vt 0.113306 0.9454415
vt 0.113306 0.96983
vt 0.08696642 0.9815364
vt 0.1074528 0.982512
vt 0.09672182 0.9922674
vt 0.08989304 0.9883652
vt 0.09769736 0.9727566
vt 0.09086858 0.9747077
vt 0.1045261 0.9756832
vt 0.1035506 0.9893407
vt 0.1123305 0.9405637
vt 0.1123305 0.9161752
vt 0.1162326 0.9161752
vt 0.1162326 0.9405637
vt 0.1162326 0.9405637
vt 0.1162326 0.9161752
vt 0.1201348 0.9161752
vt 0.1201348 0.9405637
vt 0.08794196 0.9405637
vt 0.08794196 0.9161752
vt 0.09281966 0.9161752
vt 0.09281966 0.9405637
vt 0.09281966 0.9405637
vt 0.09281966 0.9161752
vt 0.09574628 0.9161752
vt 0.09574628 0.9405637
vt 0.100624 0.9161752
vt 0.100624 0.9405637
vt 0.1045261 0.9161752
vt 0.1045261 0.9405637
vt 0.1045261 0.9405637
vt 0.1045261 0.9161752
vt 0.1084283 0.9161752
vt 0.1084283 0.9405637
vt 0.1123305 0.9161752
vt 0.1123305 0.9405637
vt 0.1103794 0.9805609
vt 0.1298902 0.982512
vt 0.1201348 0.9912918
vt 0.113306 0.9883652
vt 0.1211103 0.971781
vt 0.1142815 0.9747077
vt 0.1279391 0.9756832
vt 0.1269636 0.9883652
vt 0.7815508 0.4742557
vt 0.7854529 0.4742557
vt 0.7854529 0.4459651
vt 0.7815508 0.4459651
vt 0.800086 0.4742557
vt 0.800086 0.4459651
vt 0.7298471 0.4459651
vt 0.7298471 0.4742557
vt 0.7444803 0.4742557
vt 0.7444803 0.4459651
vt 0.7064342 0.4742557
vt 0.7064342 0.4459651
vt 0.6674126 0.4742557
vt 0.6674126 0.4459651
vt 0.6205867 0.4742557
vt 0.6205867 0.4459651
vt 0.6020514 0.4742557
vt 0.6020514 0.4459651
vt 0.7444803 0.4742557
vt 0.7708198 0.4742557
vt 0.7708198 0.4459651
vt 0.7444803 0.4459651
vt 0.3913348 0.4703536
vt 0.3913348 0.4654759
vt 0.382555 0.5015709
vt 0.3942614 0.505473
vt 0.382555 0.4654759
vt 0.4001147 0.480109
vt 0.4157234 0.480109
vt 0.4127967 0.518155
vt 0.444014 0.5132773
vt 0.4381607 0.5513234
vt 0.4762068 0.528886
vt 0.4645003 0.6001003
vt 0.4791334 0.5971738
vt 0.4723046 0.6215622
vt 0.4791334 0.6108313
vt 0.4947421 0.5444946
vt 0.5083996 0.5601032
vt 0.5083996 0.5961982
vt 0.5005953 0.6215622
vt 0.5005953 0.6108313
vt 0.7991105 0.5503478
vt 0.7991105 0.5786385
vt 0.8264256 0.5786385
vt 0.8264256 0.5503478
vt 0.9200774 0.4742557
vt 0.9366616 0.4742557
vt 0.9366616 0.4459651
vt 0.9200774 0.4459651
vt 0.8986155 0.4742557
vt 0.8986155 0.4459651
vt 0.8595939 0.4742557
vt 0.8595939 0.4459651
vt 0.8176457 0.4742557
vt 0.8176457 0.4459651
vt 0.6020514 0.4742557
vt 0.5659565 0.4645003
vt 0.5688831 0.4703536
vt 0.6020514 0.4459651
vt 0.5747364 0.4459651
vt 0.5659565 0.4557205
vt 0.5688831 0.4488917
vt 0.5747364 0.4742557
vt 0.5064486 0.5005953
vt 0.5005953 0.5386413
vt 0.4742557 0.505473
vt 0.4781579 0.4684025
vt 0.456696 0.4937665
vt 0.4625492 0.4684025
vt 0.5386413 0.5171795
vt 0.5259593 0.5883939
vt 0.5405924 0.5844917
vt 0.5571766 0.5327881
vt 0.5708342 0.5474212
vt 0.5708342 0.5844917
vt 0.5337636 0.6098558
vt 0.5405924 0.5981493
vt 0.5630298 0.6098558
vt 0.5630298 0.5981493
vt 0.4527939 0.4586471
vt 0.444014 0.4898644
vt 0.444014 0.4537694
vt 0.4527939 0.4537694
vt 0.800086 0.4742557
vt 0.8176457 0.4742557
vt 0.8176457 0.4459651
vt 0.800086 0.4459651
vt 0.7708198 0.4459651
vt 0.7708198 0.4742557
vt 0.7815508 0.4742557
vt 0.7815508 0.4459651
vt 0.7766731 0.5347392
vt 0.7688687 0.5347392
vt 0.7688687 0.5435191
vt 0.7766731 0.5435191
vt 0.7610644 0.5347392
vt 0.7610644 0.5435191
vt 0.7844774 0.5435191
vt 0.7844774 0.5347392
vt 0.7542356 0.5347392
vt 0.7542356 0.5435191
vt 0.7913062 0.5435191
vt 0.7913062 0.5347392
vt 0.8898357 0.5601032
vt 0.8820314 0.5786385
vt 0.8878846 0.5747364
vt 0.8634961 0.5786385
vt 0.8634961 0.5503478
vt 0.8820314 0.5503478
vt 0.8878846 0.5532745
vt 0.8898357 0.5688831
vt 0.8264256 0.5786385
vt 0.8537407 0.5786385
vt 0.8537407 0.5503478
vt 0.8264256 0.5503478
vt 0.8634961 0.5503478
vt 0.8537407 0.5503478
vt 0.8537407 0.5786385
vt 0.8634961 0.5786385
vt 0.5971738 0.5513234
vt 0.5971738 0.5366903
vt 0.590345 0.5366903
vt 0.590345 0.5513234
vt 0.6049781 0.5513234
vt 0.6049781 0.5366903
vt 0.6118069 0.5513234
vt 0.6118069 0.5366903
vt 0.6196111 0.5513234
vt 0.6196111 0.5366903
vt 0.6264399 0.5513234
vt 0.6264399 0.5366903
vt 0.6332687 0.5513234
vt 0.6332687 0.5366903
vt 0.641073 0.5513234
vt 0.641073 0.5366903
vt 0.6479018 0.5513234
vt 0.6479018 0.5366903
vt 0.5766874 0.5513234
vt 0.6615593 0.5366903
vt 0.6615593 0.5513234
vt 0.5766874 0.5366903
vt 0.8713005 0.5405924
vt 0.8781292 0.5425435
vt 0.884958 0.5405924
vt 0.8908112 0.5279104
vt 0.8781292 0.5152284
vt 0.8634961 0.5279104
vt 0.8654472 0.5347392
vt 0.8654472 0.5210816
vt 0.8888602 0.5210816
vt 0.8888602 0.5347392
vt 0.8888602 0.5074241
vt 0.8781292 0.5074241
vt 0.8654472 0.5074241
vt 0.6127824 0.5893694
vt 0.6127824 0.5757118
vt 0.6010759 0.5952227
vt 0.5893694 0.5757118
vt 0.5893694 0.5893694
vt 0.5874183 0.5825406
vt 0.6010759 0.5688831
vt 0.5942471 0.5708342
vt 0.6079047 0.5708342
vt 0.6147335 0.5825406
vt 0.5893694 0.6040025
vt 0.6010759 0.6040025
vt 0.6127824 0.6040025
vt 0.7835019 0.5337636
vt 0.7835019 0.505473
vt 0.7776486 0.505473
vt 0.7776486 0.5337636
vt 0.7717954 0.505473
vt 0.7717954 0.5337636
vt 0.7659422 0.505473
vt 0.7659422 0.5337636
vt 0.7600889 0.505473
vt 0.7600889 0.5337636
vt 0.7532601 0.505473
vt 0.7532601 0.5337636
vt 0.7474069 0.505473
vt 0.7474069 0.5337636
vt 0.7415537 0.505473
vt 0.7415537 0.5337636
vt 0.7893551 0.5337636
vt 0.7893551 0.505473
vt 0.7405781 0.55425
vt 0.7464314 0.5522989
vt 0.7503335 0.5483968
vt 0.7503335 0.5366903
vt 0.7298471 0.5366903
vt 0.7298471 0.5483968
vt 0.7347249 0.5522989
vt 0.7288716 0.5425435
vt 0.751309 0.5425435
vt 0.7230184 0.6274155
vt 0.7191162 0.6313176
vt 0.7171651 0.6371709
vt 0.7405781 0.6371709
vt 0.7347249 0.6274155
vt 0.7288716 0.6254644
vt 0.7396026 0.6313176
vt 0.7396026 0.6430241
vt 0.7191162 0.6430241
vt 0.3562154 0.6235133
vt 0.4235277 0.6235133
vt 0.4069435 0.6664371
vt 0.3620687 0.6596083
vt 0.4371852 0.6713148
vt 0.3620687 0.6713148
vt 0.405968 0.6781436
vt 0.4362097 0.6830212
vt 0.4635248 0.6781436
vt 0.4645003 0.6654615
vt 0.3493866 0.6576572
vt 0.3093895 0.651804
vt 0.2996341 0.6235133
vt 0.3093895 0.6625349
vt 0.3493866 0.6693637
vt 0.467427 0.6420486
vt 0.4703536 0.6235133
vt 0.5025464 0.641073
vt 0.5035219 0.6235133
vt 0.7639911 0.7503335
vt 0.7396026 0.7503335
vt 0.738627 0.7366759
vt 0.7717954 0.7425292
vt 0.7698443 0.7122874
vt 0.7376515 0.7122874
vt 0.700581 0.7122874
vt 0.6996054 0.7366759
vt 0.6683881 0.7122874
vt 0.6664371 0.7425292
vt 0.6742414 0.7503335
vt 0.6986299 0.7503335
vt 0.2293952 0.6683881
vt 0.2508571 0.6586328
vt 0.2508571 0.6918011
vt 0.2323219 0.6918011
vt 0.2293952 0.6810701
vt 0.2323219 0.6586328
vt 0.272319 0.6586328
vt 0.272319 0.6918011
vt 0.2869521 0.6752169
vt 0.2869521 0.6888745
vt 0.2869521 0.6918011
vt 0.2869521 0.6605839
vt 0.2869521 0.6586328
vt 0.297683 0.68985
vt 0.297683 0.6918011
vt 0.297683 0.6605839
vt 0.297683 0.6576572
vt 0.6664371 0.6908256
vt 0.6625349 0.6683881
vt 0.7025321 0.6615593
vt 0.7113119 0.6839968
vt 0.6527795 0.6869234
vt 0.6498529 0.6703392
vt 0.6079047 0.6937522
vt 0.6049781 0.677168
vt 0.5747364 0.68985
vt 0.5747364 0.6820457
vt 0.5464457 0.6849723
vt 0.5483968 0.677168
vt 0.03233619 0.6615593
vt 0.02453188 0.6615593
vt 0.01575202 0.6527795
vt 0.03233619 0.6439996
vt 0.01575202 0.628391
vt 0.02355634 0.628391
vt 0.1094038 0.628391
vt 0.100624 0.6439996
vt 0.1172082 0.628391
vt 0.1172082 0.6527795
vt 0.100624 0.6615593
vt 0.1094038 0.6615593
vt 0.1094038 0.6098558
vt 0.06648009 0.6098558
vt 0.02355634 0.6098558
vt 0.5483968 0.677168
vt 0.5474212 0.6654615
vt 0.5737608 0.6703392
vt 0.5747364 0.6820457
vt 0.6049781 0.677168
vt 0.6049781 0.6664371
vt 0.5874183 0.6225378
vt 0.6557061 0.6225378
vt 0.6498529 0.6586328
vt 0.5435191 0.641073
vt 0.6498529 0.6703392
vt 0.6625349 0.6683881
vt 0.6615593 0.6576572
vt 0.7025321 0.6615593
vt 0.7015565 0.6508284
vt 0.7113119 0.6225378
vt 0.5405924 0.6225378
vt 0.5083996 0.6400975
vt 0.5083996 0.6225378
vt 0.8586184 0.7308227
vt 0.7903306 0.7308227
vt 0.7991105 0.6966788
vt 0.8498386 0.6966788
vt 0.7903306 0.7483824
vt 0.8586184 0.7483824
vt 0.7903306 0.7532601
vt 0.8586184 0.7532601
vt 0.7991105 0.6488774
vt 0.8498386 0.6488774
vt 0.8439853 0.6361954
vt 0.8059393 0.6361954
vt 0.8439853 0.5883939
vt 0.8059393 0.5883939
vt 0.4362097 0.6908256
vt 0.4040169 0.6947277
vt 0.405968 0.6781436
vt 0.4362097 0.6830212
vt 0.4645003 0.6859479
vt 0.4635248 0.6781436
vt 0.3620687 0.6713148
vt 0.359142 0.6878989
vt 0.3493866 0.6693637
vt 0.3454845 0.6918011
vt 0.3093895 0.6625349
vt 0.3006096 0.6849723
vt 0.8683738 0.6566817
vt 0.874227 0.6557061
vt 0.874227 0.7064342
vt 0.8625206 0.7035076
vt 0.8625206 0.6576572
vt 0.8771537 0.7425292
vt 0.8625206 0.7357004
vt 0.8732515 0.7610644
vt 0.8878846 0.7561867
vt 0.8898357 0.7610644
vt 0.8673983 0.6430241
vt 0.874227 0.6420486
vt 0.8625206 0.6001003
vt 0.8732515 0.5932716
vt 0.8625206 0.6439996
vt 0.8869091 0.6800946
vt 0.8800803 0.6791191
vt 0.8800803 0.6332687
vt 0.8917868 0.6303421
vt 0.8947134 0.5952227
vt 0.8800803 0.6010759
vt 0.8908112 0.5757118
vt 0.9064199 0.5805896
vt 0.908371 0.5757118
vt 0.8917868 0.6810701
vt 0.8800803 0.6927766
vt 0.884958 0.6937522
vt 0.8800803 0.7366759
vt 0.8917868 0.6947277
vt 0.8898357 0.7435047
vt 0.6839968 0.5991248
vt 0.6820457 0.6176601
vt 0.6713148 0.6176601
vt 0.6722903 0.5991248
vt 0.6625349 0.6176601
vt 0.6625349 0.5991248
vt 0.6918011 0.6176601
vt 0.6957033 0.5991248
vt 0.6996054 0.6176601
vt 0.7054586 0.5991248
vt 0.6722903 0.5698586
vt 0.6830212 0.5698586
vt 0.6625349 0.5698586
vt 0.7025321 0.5698586
vt 0.6937522 0.5698586
vt 0.6527795 0.5991248
vt 0.6625349 0.5991248
vt 0.6625349 0.6176601
vt 0.6527795 0.6176601
vt 0.641073 0.5991248
vt 0.6420486 0.6176601
vt 0.6313176 0.6176601
vt 0.6293666 0.5991248
vt 0.6235133 0.6176601
vt 0.6196111 0.5991248
vt 0.6625349 0.5698586
vt 0.6527795 0.5698586
vt 0.6420486 0.5698586
vt 0.6313176 0.5698586
vt 0.6225378 0.5698586
vt 0.1328168 0.9269062
vt 0.125988 0.9249551
vt 0.1211103 0.9171508
vt 0.1406211 0.9142242
vt 0.1298902 0.9034932
vt 0.1230614 0.908371
vt 0.136719 0.9064199
vt 0.13867 0.923004
vt 0.1406211 0.9503192
vt 0.1328168 0.9542213
vt 0.125988 0.9503192
vt 0.1406211 0.9317839
vt 0.125988 0.9317839
vt 0.1220859 0.9415393
vt 0.1328168 0.9288573
vt 0.1435477 0.9415393
vt 0.1162326 0.6742414
vt 0.01087432 0.6761925
vt 0.01087432 0.6742414
vt 0.1162326 0.6713148
vt 0.01087432 0.6732659
vt 0.1162326 0.6683881
vt 0.1162326 0.677168
vt 0.01087432 0.6781436
vt 0.01087432 0.6761925
vt 0.1162326 0.6742414
vt 0.1162326 0.6800946
vt 0.01087432 0.6800946
vt 0.1162326 0.6830212
vt 0.01087432 0.6820457
vt 0.1162326 0.6859479
vt 0.01087432 0.6830212
vt 0.01087432 0.6820457
vt 0.1162326 0.6830212
vt 0.1162326 0.6888745
vt 0.01087432 0.6849723
vt 0.01087432 0.6830212
vt 0.1162326 0.6859479
vt 0.1162326 0.6683881
vt 0.01087432 0.6732659
vt 0.01087432 0.6713148
vt 0.1162326 0.6654615
vt 0.9249551 0.6654615
vt 0.9132487 0.6703392
vt 0.9015422 0.6654615
vt 0.9249551 0.6420486
vt 0.9015422 0.6420486
vt 0.8966644 0.6537551
vt 0.9132487 0.6381464
vt 0.9298328 0.6537551
vt 0.4274298 0.8449609
vt 0.4430385 0.8449609
vt 0.4430385 0.8683738
vt 0.4274298 0.8683738
vt 0.5435191 0.4508428
vt 0.5435191 0.4762068
vt 0.518155 0.4762068
vt 0.518155 0.4508428
vt 0.5435191 0.4303564
vt 0.5435191 0.4508428
vt 0.518155 0.4508428
vt 0.518155 0.4303564
vt 0.5640054 0.4508428
vt 0.5640054 0.4869377
vt 0.5435191 0.4762068
vt 0.5435191 0.4508428
vt 0.518155 0.4986442
vt 0.518155 0.4762068
vt 0.5435191 0.4762068
vt 0.5435191 0.4986442
vt 0.4976687 0.4508428
vt 0.518155 0.4508428
vt 0.518155 0.4762068
vt 0.4976687 0.4869377
vt 0.4937665 0.7639911
vt 0.4937665 0.7766731
vt 0.4859622 0.7766731
vt 0.4859622 0.7639911
vt 0.4859622 0.7835019
vt 0.4937665 0.7835019
vt 0.4986442 0.7639911
vt 0.4986442 0.7815508
vt 0.4937665 0.7766731
vt 0.4937665 0.7639911
vt 0.4810845 0.7639911
vt 0.4859622 0.7639911
vt 0.4859622 0.7766731
vt 0.4810845 0.7815508
vt 0.7786242 0.5991248
vt 0.7766731 0.6186356
vt 0.7659422 0.6186356
vt 0.7669176 0.5991248
vt 0.7571623 0.6186356
vt 0.7571623 0.5991248
vt 0.7864285 0.6186356
vt 0.7903306 0.5991248
vt 0.7952083 0.6186356
vt 0.8010616 0.5991248
vt 0.7659422 0.5688831
vt 0.7766731 0.5688831
vt 0.7571623 0.5688831
vt 0.7952083 0.5688831
vt 0.7864285 0.5688831
vt 0.7474069 0.5991248
vt 0.7571623 0.5991248
vt 0.7571623 0.6186356
vt 0.7474069 0.6186356
vt 0.7357004 0.5991248
vt 0.7366759 0.6186356
vt 0.7269205 0.6186356
vt 0.7230184 0.5991248
vt 0.7191162 0.6186356
vt 0.7122874 0.5991248
vt 0.7571623 0.5688831
vt 0.7474069 0.5688831
vt 0.7376515 0.5688831
vt 0.7269205 0.5688831
vt 0.7181407 0.5688831
vt 0.09672182 0.895689
vt 0.08989304 0.8937379
vt 0.08599088 0.8869091
vt 0.1045261 0.8839825
vt 0.0937952 0.874227
vt 0.08696642 0.8781292
vt 0.100624 0.8761781
vt 0.1025751 0.8917868
vt 0.4742557 0.884958
vt 0.467427 0.8878846
vt 0.4596226 0.884958
vt 0.4742557 0.8664227
vt 0.4596226 0.8664227
vt 0.456696 0.8752026
vt 0.467427 0.8625206
vt 0.4771824 0.8752026
vt 0.2254931 0.6742414
vt 0.1201348 0.6761925
vt 0.1201348 0.6752169
vt 0.2254931 0.6713148
vt 0.1201348 0.6732659
vt 0.2254931 0.6683881
vt 0.2254931 0.677168
vt 0.1201348 0.6781436
vt 0.1201348 0.6761925
vt 0.2254931 0.6742414
vt 0.2254931 0.6800946
vt 0.1201348 0.6800946
vt 0.2254931 0.6830212
vt 0.1201348 0.6820457
vt 0.1201348 0.6800946
vt 0.2254931 0.6800946
vt 0.2254931 0.6859479
vt 0.1201348 0.6839968
vt 0.2254931 0.6888745
vt 0.1201348 0.6849723
vt 0.1201348 0.6839968
vt 0.2254931 0.6859479
vt 0.2254931 0.6683881
vt 0.1201348 0.6732659
vt 0.1201348 0.6713148
vt 0.2254931 0.6654615
vt 0.9259307 0.6274155
vt 0.9142242 0.6322932
vt 0.9025177 0.6274155
vt 0.9259307 0.6049781
vt 0.9025177 0.6049781
vt 0.89764 0.6166846
vt 0.9142242 0.6001003
vt 0.9308084 0.6166846
vt 0.407919 0.8449609
vt 0.4245032 0.8449609
vt 0.4245032 0.8673983
vt 0.407919 0.8673983
vt 0.7756975 0.6576572
vt 0.7756975 0.6830212
vt 0.7493579 0.6830212
vt 0.7493579 0.6576572
vt 0.7756975 0.6371709
vt 0.7756975 0.6576572
vt 0.7493579 0.6576572
vt 0.7493579 0.6371709
vt 0.7961839 0.6576572
vt 0.7961839 0.6937522
vt 0.7756975 0.6830212
vt 0.7756975 0.6576572
vt 0.7493579 0.7054586
vt 0.7493579 0.6830212
vt 0.7756975 0.6830212
vt 0.7756975 0.7054586
vt 0.7288716 0.6576572
vt 0.7493579 0.6576572
vt 0.7493579 0.6830212
vt 0.7288716 0.6937522
vt 0.4713291 0.7639911
vt 0.4713291 0.7766731
vt 0.4645003 0.7766731
vt 0.4645003 0.7639911
vt 0.4645003 0.7835019
vt 0.4713291 0.7835019
vt 0.4771824 0.7639911
vt 0.4771824 0.7815508
vt 0.4713291 0.7766731
vt 0.4713291 0.7639911
vt 0.4596226 0.7639911
vt 0.4645003 0.7639911
vt 0.4645003 0.7766731
vt 0.4596226 0.7815508
vt 0.5025464 0.6820457
vt 0.4966931 0.6849723
vt 0.4957176 0.6586328
vt 0.5025464 0.6566817
vt 0.5083996 0.6800946
vt 0.5093752 0.6547306
vt 0.5152284 0.6800946
vt 0.5162039 0.6557061
vt 0.5230327 0.6566817
vt 0.5210816 0.6820457
vt 0.5298615 0.6605839
vt 0.5269349 0.6859479
vt 0.5083996 0.6878989
vt 0.5015709 0.6878989
vt 0.4937665 0.6888745
vt 0.5142528 0.6878989
vt 0.5220572 0.6888745
vt 0.528886 0.6908256
vt 0.5240083 0.651804
vt 0.5220572 0.6439996
vt 0.5357147 0.6547306
vt 0.528886 0.6547306
vt 0.5425435 0.6439996
vt 0.5405924 0.651804
vt 0.1406211 0.8966644
vt 0.1230614 0.8966644
vt 0.1240369 0.8898357
vt 0.13867 0.8898357
vt 0.1289146 0.8869091
vt 0.1337923 0.8869091
vt 0.1230614 0.8966644
vt 0.1406211 0.8966644
vt 0.1425722 0.9015422
vt 0.1211103 0.9015422
vt 0.1825693 0.8205724
vt 0.1825693 0.7981349
vt 0.1884226 0.7981349
vt 0.1884226 0.8205724
vt 0.1942758 0.7981349
vt 0.1942758 0.8205724
vt 0.200129 0.7981349
vt 0.1991535 0.8205724
vt 0.2050067 0.7981349
vt 0.2050067 0.8205724
vt 0.21086 0.7981349
vt 0.21086 0.8205724
vt 0.2167132 0.7981349
vt 0.2167132 0.8205724
vt 0.1776916 0.8205724
vt 0.1767161 0.7981349
vt 0.1718384 0.8205724
vt 0.1708628 0.7981349
vt 0.1942758 0.8293522
vt 0.1884226 0.8293522
vt 0.1991535 0.8293522
vt 0.2040312 0.8293522
vt 0.2098844 0.8293522
vt 0.2147621 0.8293522
vt 0.1786672 0.8293522
vt 0.1737895 0.8293522
vt 0.1835449 0.8293522
vt 0.4625492 0.9005666
vt 0.4732802 0.895689
vt 0.4703536 0.9034932
vt 0.4664514 0.9044688
vt 0.4654759 0.8927623
vt 0.4625492 0.8966644
vt 0.4703536 0.8927623
vt 0.4742557 0.9005666
vt 0.2313463 0.8205724
vt 0.2313463 0.7981349
vt 0.2371996 0.7981349
vt 0.2371996 0.8205724
vt 0.2430528 0.7981349
vt 0.2430528 0.8205724
vt 0.248906 0.7981349
vt 0.248906 0.8205724
vt 0.2547593 0.7981349
vt 0.2537837 0.8205724
vt 0.259637 0.7981349
vt 0.259637 0.8205724
vt 0.2654902 0.7981349
vt 0.2654902 0.8205724
vt 0.2254931 0.8205724
vt 0.2254931 0.7981349
vt 0.2206154 0.8205724
vt 0.2196398 0.7981349
vt 0.2430528 0.8283767
vt 0.2371996 0.8283767
vt 0.2479305 0.8283767
vt 0.2537837 0.8283767
vt 0.2586614 0.8283767
vt 0.2635391 0.8293522
vt 0.2264686 0.8283767
vt 0.2215909 0.8293522
vt 0.2323219 0.8283767
vt 0.08794196 0.9112976
vt 0.1045261 0.9034932
vt 0.09964844 0.9151997
vt 0.09281966 0.9151997
vt 0.09184412 0.8995911
vt 0.08696642 0.9044688
vt 0.0986729 0.8986155
vt 0.1045261 0.910322
vt 0.1357434 0.6566817
vt 0.1289146 0.6566817
vt 0.1279391 0.6391219
vt 0.1347679 0.6381464
vt 0.1728139 0.664486
vt 0.1737895 0.6459507
vt 0.1806182 0.6459507
vt 0.1796427 0.664486
vt 0.1357434 0.6566817
vt 0.1347679 0.6381464
vt 0.1669607 0.6381464
vt 0.1689118 0.6566817
vt 0.1698873 0.6635104
vt 0.1347679 0.6635104
vt 0.1357434 0.6566817
vt 0.1689118 0.6566817
vt 0.1806182 0.6459507
vt 0.1806182 0.6391219
vt 0.2157377 0.6391219
vt 0.2147621 0.6459507
vt 0.1806182 0.6459507
vt 0.2147621 0.6459507
vt 0.2128111 0.664486
vt 0.1796427 0.664486
vt 0.9747077 0.5123018
vt 0.9903163 0.5123018
vt 0.9912918 0.5357147
vt 0.9669033 0.5318125
vt 0.96983 0.5405924
vt 0.9912918 0.5503478
vt 0.9756832 0.55425
vt 0.9854386 0.5708342
vt 0.9932429 0.5698586
vt 0.9737321 0.4732802
vt 0.9737321 0.4498672
vt 0.9893407 0.4498672
vt 0.9971451 0.469378
vt 0.9942185 0.4781579
vt 0.9727566 0.4879133
vt 0.9883652 0.4918154
vt 0.9786098 0.5083996
vt 0.9708055 0.5074241
vt 0.9512947 0.9786098
vt 0.9610501 0.9786098
vt 0.9610501 0.9932429
vt 0.9512947 0.9932429
vt 0.9376372 0.8342299
vt 0.9376372 0.8137436
vt 0.9473925 0.8137436
vt 0.9473925 0.8342299
vt 0.9473925 0.8039882
vt 0.9376372 0.8039882
vt 0.9473925 0.7903306
vt 0.9376372 0.7903306
vt 0.9473925 0.7708198
vt 0.9376372 0.7708198
vt 0.9473925 0.7708198
vt 0.9376372 0.7708198
vt 0.9376372 0.7630155
vt 0.9473925 0.7630155
vt 0.9610501 0.921053
vt 0.9610501 0.9405637
vt 0.9512947 0.9405637
vt 0.9512947 0.921053
vt 0.9512947 0.9561724
vt 0.9610501 0.9561724
vt 0.9512947 0.9786098
vt 0.9610501 0.9786098
vt 0.9727566 0.5737608
vt 0.9981206 0.5737608
vt 0.9981206 0.5815651
vt 0.9727566 0.5815651
vt 0.9727566 0.5815651
vt 0.9981206 0.5815651
vt 0.9981206 0.5893694
vt 0.9727566 0.5893694
vt 0.9727566 0.5893694
vt 0.9981206 0.5893694
vt 0.9981206 0.5971738
vt 0.9727566 0.5971738
vt 0.9981206 0.6049781
vt 0.9727566 0.6049781
vt 0.9727566 0.6049781
vt 0.9981206 0.6049781
vt 0.9981206 0.6127824
vt 0.9727566 0.6127824
vt 0.9981206 0.6215622
vt 0.9727566 0.6215622
vt 0.9727566 0.6215622
vt 0.9981206 0.6215622
vt 0.9981206 0.6293666
vt 0.9727566 0.6293666
vt 0.9727566 0.6293666
vt 0.9981206 0.6293666
vt 0.9981206 0.6371709
vt 0.9727566 0.6371709
vt 0.9864141 0.664486
vt 0.9932429 0.6674126
vt 0.9961695 0.6742414
vt 0.9776343 0.6742414
vt 0.9864141 0.6849723
vt 0.9932429 0.6810701
vt 0.9795853 0.6810701
vt 0.9795853 0.6674126
vt 0.9805609 0.6439996
vt 0.9873897 0.641073
vt 0.9942185 0.6439996
vt 0.9805609 0.6586328
vt 0.9942185 0.6586328
vt 0.9971451 0.6508284
vt 0.9873897 0.6615593
vt 0.9776343 0.6508284
vt 0.8244745 0.4069435
vt 0.8947134 0.4069435
vt 0.8771537 0.4245032
vt 0.8205724 0.4245032
vt 0.8683738 0.4410874
vt 0.8186213 0.4410874
vt 0.9064199 0.4401118
vt 0.9025177 0.4225521
vt 0.959099 0.4225521
vt 0.9786098 0.4401118
vt 0.9512947 0.405968
vt 0.9005666 0.405968
vt 0.9864141 0.923004
vt 0.9864141 0.9064199
vt 0.9912918 0.9064199
vt 0.9912918 0.923004
vt 0.9912918 0.8908112
vt 0.9864141 0.8908112
vt 0.9912918 0.8908112
vt 0.9864141 0.8908112
vt 0.9864141 0.8410587
vt 0.9912918 0.8410587
vt 0.9864141 0.8410587
vt 0.9864141 0.8225234
vt 0.9912918 0.8225234
vt 0.9912918 0.8410587
vt 0.9912918 0.7991105
vt 0.9864141 0.7991105
vt 0.9912918 0.9942185
vt 0.9864141 0.9942185
vt 0.9864141 0.923004
vt 0.9912918 0.923004
vt 0.7249694 0.4381607
vt 0.7249694 0.4293809
vt 0.7366759 0.4293809
vt 0.7366759 0.4381607
vt 0.713263 0.4381607
vt 0.713263 0.4293809
vt 0.7366759 0.4381607
vt 0.7366759 0.4293809
vt 0.7493579 0.4293809
vt 0.7493579 0.4381607
vt 0.7610644 0.4293809
vt 0.7610644 0.4381607
vt 0.7737464 0.4293809
vt 0.7737464 0.4381607
vt 0.7854529 0.4293809
vt 0.7854529 0.4381607
vt 0.7854529 0.4381607
vt 0.7854529 0.4293809
vt 0.7971594 0.4293809
vt 0.7971594 0.4381607
vt 0.8098415 0.4293809
vt 0.8098415 0.4381607
vt 0.9990962 0.7405781
vt 0.9942185 0.7522846
vt 0.9834875 0.7571623
vt 0.9834875 0.7239939
vt 0.9669033 0.7405781
vt 0.971781 0.7522846
vt 0.971781 0.7288716
vt 0.9942185 0.7288716
vt 0.9708055 0.713263
vt 0.9669033 0.7015565
vt 0.9708055 0.68985
vt 0.9932429 0.713263
vt 0.9932429 0.68985
vt 0.982512 0.6849723
vt 0.9981206 0.7015565
vt 0.982512 0.7181407
vt 0.9239796 0.8527652
vt 0.9181263 0.8527652
vt 0.9171508 0.7942328
vt 0.921053 0.7942328
vt 0.9122731 0.7942328
vt 0.9122731 0.8527652
vt 0.908371 0.7942328
vt 0.9064199 0.8527652
vt 0.9044688 0.7942328
vt 0.9015422 0.8527652
vt 0.9005666 0.7942328
vt 0.895689 0.8527652
vt 0.8966644 0.7942328
vt 0.8898357 0.8517897
vt 0.9288573 0.8527652
vt 0.9249551 0.7942328
vt 0.9347105 0.8517897
vt 0.9288573 0.7942328
vt 0.9191019 0.677168
vt 0.9132487 0.677168
vt 0.9161752 0.677168
vt 0.9073954 0.677168
vt 0.910322 0.677168
vt 0.9249551 0.677168
vt 0.9220285 0.677168
vt 0.9044688 0.677168
vt 0.9015422 0.677168
vt 0.8781292 0.8010616
vt 0.8830069 0.8030127
vt 0.884958 0.8078904
vt 0.8703249 0.8078904
vt 0.8781292 0.8147191
vt 0.8830069 0.812768
vt 0.8722759 0.812768
vt 0.8722759 0.8030127
vt 0.8888602 0.7913062
vt 0.8781292 0.7961839
vt 0.8664227 0.7913062
vt 0.8888602 0.7698443
vt 0.8664227 0.7698443
vt 0.8625206 0.7805752
vt 0.8781292 0.7659422
vt 0.8937379 0.7805752
vt 0.9239796 0.8527652
vt 0.9181263 0.8527652
vt 0.9171508 0.7942328
vt 0.921053 0.7942328
vt 0.9122731 0.7942328
vt 0.9122731 0.8527652
vt 0.908371 0.7942328
vt 0.9064199 0.8527652
vt 0.9044688 0.7942328
vt 0.9015422 0.8527652
vt 0.9005666 0.7942328
vt 0.895689 0.8527652
vt 0.8966644 0.7942328
vt 0.8898357 0.8517897
vt 0.9288573 0.8527652
vt 0.9249551 0.7942328
vt 0.9347105 0.8517897
vt 0.9288573 0.7942328
vt 0.9191019 0.677168
vt 0.9132487 0.677168
vt 0.9161752 0.677168
vt 0.9073954 0.677168
vt 0.910322 0.677168
vt 0.9249551 0.677168
vt 0.9220285 0.677168
vt 0.9044688 0.677168
vt 0.9015422 0.677168
vt 0.8781292 0.8010616
vt 0.8830069 0.8030127
vt 0.884958 0.8078904
vt 0.8703249 0.8078904
vt 0.8781292 0.8147191
vt 0.8830069 0.812768
vt 0.8722759 0.812768
vt 0.8722759 0.8030127
vt 0.8888602 0.7913062
vt 0.8781292 0.7961839
vt 0.8664227 0.7913062
vt 0.8888602 0.7698443
vt 0.8664227 0.7698443
vt 0.8625206 0.7805752
vt 0.8781292 0.7659422
vt 0.8937379 0.7805752
vt 0.9239796 0.8527652
vt 0.9181263 0.8527652
vt 0.9171508 0.7942328
vt 0.921053 0.7942328
vt 0.9122731 0.7942328
vt 0.9122731 0.8527652
vt 0.908371 0.7942328
vt 0.9064199 0.8527652
vt 0.9044688 0.7942328
vt 0.9015422 0.8527652
vt 0.9005666 0.7942328
vt 0.895689 0.8527652
vt 0.8966644 0.7942328
vt 0.8898357 0.8517897
vt 0.9288573 0.8527652
vt 0.9249551 0.7942328
vt 0.9347105 0.8517897
vt 0.9288573 0.7942328
vt 0.9191019 0.677168
vt 0.9132487 0.677168
vt 0.9161752 0.677168
vt 0.9073954 0.677168
vt 0.910322 0.677168
vt 0.9249551 0.677168
vt 0.9220285 0.677168
vt 0.9044688 0.677168
vt 0.9015422 0.677168
vt 0.8781292 0.8010616
vt 0.8830069 0.8030127
vt 0.884958 0.8078904
vt 0.8703249 0.8078904
vt 0.8781292 0.8147191
vt 0.8830069 0.812768
vt 0.8722759 0.812768
vt 0.8722759 0.8030127
vt 0.8888602 0.7913062
vt 0.8781292 0.7961839
vt 0.8664227 0.7913062
vt 0.8888602 0.7698443
vt 0.8664227 0.7698443
vt 0.8625206 0.7805752
vt 0.8781292 0.7659422
vt 0.8937379 0.7805752
vt 0.3523133 0.2528082
vt 0.3357291 0.2528082
vt 0.3357291 0.2469549
vt 0.3523133 0.2469549
vt 0.8937379 0.5025464
vt 0.9288573 0.5025464
vt 0.9288573 0.5113263
vt 0.8927623 0.5113263
vt 0.9288573 0.5201061
vt 0.8927623 0.5201061
vt 0.9288573 0.528886
vt 0.8927623 0.528886
vt 0.9288573 0.5386413
vt 0.8927623 0.5376658
vt 0.9288573 0.5474212
vt 0.8927623 0.5474212
vt 0.9288573 0.5562011
vt 0.8927623 0.5562011
vt 0.9288573 0.5649809
vt 0.8927623 0.5649809
vt 0.9288573 0.5737608
vt 0.8927623 0.5737608
vt 0.8937379 0.4849867
vt 0.9288573 0.4849867
vt 0.9288573 0.4937665
vt 0.8937379 0.4937665
vt 0.9610501 0.7600889
vt 0.971781 0.7600889
vt 0.9815364 0.7659422
vt 0.9483681 0.7766731
vt 0.9815364 0.787404
vt 0.984463 0.7766731
vt 0.9610501 0.7932572
vt 0.971781 0.7932572
vt 0.9522702 0.787404
vt 0.9522702 0.7659422
vt 0.9815364 0.787404
vt 0.971781 0.7932572
vt 0.9610501 0.7932572
vt 0.9815364 0.7659422
vt 0.9483681 0.7766731
vt 0.9522702 0.787404
vt 0.9610501 0.7600889
vt 0.9522702 0.7659422
vt 0.971781 0.7600889
vt 0.984463 0.7766731
vt 0.910322 0.3445089
vt 0.8576429 0.3484111
vt 0.8459364 0.3249981
vt 0.9181263 0.3045118
vt 0.8059393 0.3601176
vt 0.7922817 0.333778
vt 0.7405781 0.3884082
vt 0.7278961 0.3386557
vt 0.6761925 0.4001147
vt 0.6859479 0.405968
vt 0.7230184 0.4098701
vt 0.6957033 0.4166989
vt 0.7035076 0.4401118
vt 0.6878989 0.3562154
vt 0.2557348 0.3259737
vt 0.2440283 0.3493866
vt 0.1903736 0.3454845
vt 0.1825693 0.3054873
vt 0.2967075 0.3610931
vt 0.308414 0.333778
vt 0.3610931 0.3893838
vt 0.3727996 0.3396312
vt 0.4245032 0.4010902
vt 0.4127967 0.3562154
vt 0.4147478 0.4069435
vt 0.4166989 0.3289003
vt 0.3776773 0.4108456
vt 0.4049924 0.4166989
vt 0.3971881 0.4410874
vt 0.4518183 0.3737751
vt 0.4605982 0.3181694
vt 0.4732802 0.3542643
vt 0.3435334 0.0128254
vt 0.272319 0.01380094
vt 0.272319 0.006972159
vt 0.3435334 0.007947699
vt 0.2206154 0.005021079
vt 0.2206154 0.01575202
vt 0.1591564 0.005996619
vt 0.1591564 0.01477648
vt 0.1172082 0.01477648
vt 0.1172082 0.005996619
vt 0.0742844 0.005021079
vt 0.0742844 0.01575202
vt 0.3093895 0.4605982
vt 0.3367046 0.4449895
vt 0.3367046 0.4527939
vt 0.3367046 0.4605982
vt 0.3093895 0.4449895
vt 0.2918298 0.4449895
vt 0.2918298 0.4605982
vt 0.9151997 0.3796284
vt 0.9151997 0.3903593
vt 0.8761781 0.3903593
vt 0.8761781 0.3796284
vt 0.8556918 0.3903593
vt 0.8556918 0.3796284
vt 0.8342299 0.3796284
vt 0.8342299 0.3903593
vt 0.9747077 0.3376802
vt 0.9708055 0.3601176
vt 0.9415393 0.3630442
vt 0.9659278 0.382555
vt 0.9425148 0.3835305
vt 0.9434904 0.4040169
vt 0.9669033 0.405968
vt 0.9795853 0.3893838
vt 0.9815364 0.407919
vt 0.9181263 0.3835305
vt 0.9142242 0.3630442
vt 0.9405637 0.3415823
vt 0.8947134 0.3484111
vt 0.5093752 0.3493866
vt 0.5083996 0.3708485
vt 0.4742557 0.3454845
vt 0.5347392 0.3708485
vt 0.5552256 0.3562154
vt 0.5318125 0.3913348
vt 0.5074241 0.3923104
vt 0.4830356 0.3903593
vt 0.505473 0.4118212
vt 0.4830356 0.4137723
vt 0.469378 0.3971881
vt 0.467427 0.4157234
vt 0.4791334 0.3679219
vt 0.3367046 0.4527939
vt 0.3620687 0.4527939
vt 0.3620687 0.4605982
vt 0.3367046 0.4605982
vt 0.3367046 0.4449895
vt 0.3620687 0.4449895
vt 0.8049637 0.3796284
vt 0.8215479 0.3796284
vt 0.8215479 0.3903593
vt 0.8049637 0.3903593
vt 0.8215479 0.3796284
vt 0.8342299 0.3796284
vt 0.8342299 0.3903593
vt 0.8215479 0.3903593
vt 0.2820744 0.136719
vt 0.3006096 0.1376945
vt 0.3006096 0.1425722
vt 0.2820744 0.1445233
vt 0.2684168 0.136719
vt 0.2684168 0.1464743
vt 0.3298758 0.1425722
vt 0.2684168 0.1415966
vt 0.2167132 0.136719
vt 0.2176888 0.1503765
vt 0.382555 0.009898779
vt 0.3435334 0.0128254
vt 0.3435334 0.007947699
vt 0.6878989 0.3562154
vt 0.6274155 0.3532888
vt 0.6400975 0.3171938
vt 0.3903593 0.4527939
vt 0.3620687 0.4605982
vt 0.3620687 0.4527939
vt 0.3620687 0.4449895
vt 0.5171795 0.3045118
vt 0.4645003 0.308414
vt 0.5454701 0.3474356
vt 0.5698586 0.2996341
vt 0.5620543 0.2176888
vt 0.5123018 0.3015852
vt 0.5074241 0.2840255
vt 0.6313176 0.323047
vt 0.5815651 0.2791478
vt 0.6264399 0.3035363
vt 0.1640341 0.4166989
vt 0.1893981 0.3610931
vt 0.1533031 0.3747507
vt 0.1445233 0.41865
vt 0.1084283 0.4030413
vt 0.1191592 0.431332
vt 0.08989304 0.4371852
vt 0.0986729 0.4488917
vt 0.07916211 0.4732802
vt 0.1815938 0.41865
vt 0.2011046 0.3503622
vt 0.2128111 0.3815795
vt 0.2011046 0.4245032
vt 0.2342729 0.4020658
vt 0.2069578 0.4381607
vt 0.259637 0.4088946
vt 0.2840255 0.4157234
vt 0.285001 0.4264543
vt 0.1220859 0.3727996
vt 0.1357434 0.3357291
vt 0.08013764 0.3610931
vt 0.07818656 0.3806039
vt 0.0937952 0.4176744
vt 0.06550454 0.405968
vt 0.05965131 0.4362097
vt 0.04794483 0.4274298
vt 0.07916211 0.3435334
vt 0.1474499 0.3249981
vt 0.1162326 0.3123161
vt 0.07233332 0.3240226
vt 0.09477074 0.2928053
vt 0.05965131 0.3181694
vt 0.08794196 0.2674413
vt 0.08111318 0.2420772
vt 0.07135779 0.2420772
vt 0.02355634 0.4469406
vt 0.9981206 0.2469549
vt 0.971781 0.2469549
vt 0.971781 0.2664658
vt 0.9981206 0.2664658
vt 0.9981206 0.2840255
vt 0.971781 0.2840255
vt 0.9737321 0.3015852
vt 0.9971451 0.3015852
vt 0.9756832 0.3289003
vt 0.995194 0.3289003
vt 0.9903163 0.3542643
vt 0.9805609 0.3542643
vt 0.9854386 0.3835305
vt 0.9981206 0.2332974
vt 0.971781 0.2332974
vt 0.971781 0.2469549
vt 0.9981206 0.2469549
vt 0.08501534 0.5952227
vt 0.1533031 0.6049781
vt 0.1533031 0.5815651
vt 0.08501534 0.5913205
vt 0.48206 0.1884226
vt 0.48206 0.2137866
vt 0.5171795 0.2020801
vt 0.5425435 0.1767161
vt 0.4430385 0.1893981
vt 0.4508428 0.2245175
vt 0.4010902 0.2128111
vt 0.405968 0.1806182
vt 0.3727996 0.1815938
vt 0.3776773 0.1591564
vt 0.4274298 0.1503765
vt 0.3679219 0.1376945
vt 0.3923104 0.1640341
vt 0.4284053 0.1757405
vt 0.467427 0.151352
vt 0.4596226 0.1864715
vt 0.5093752 0.174765
vt 0.5035219 0.1415966
vt 0.5366903 0.1425722
vt 0.5327881 0.1201348
vt 0.9961695 0.1689118
vt 0.9815364 0.1689118
vt 0.9834875 0.2089089
vt 0.9942185 0.2089089
vt 0.9961695 0.1191592
vt 0.9815364 0.1191592
vt 0.995194 0.08794196
vt 0.982512 0.08794196
vt 0.9932429 0.05184699
vt 0.984463 0.05184699
vt 0.9893407 0.0177031
vt 0.05477361 0.5942471
vt 0.07721102 0.5952227
vt 0.07721102 0.5913205
vt 0.05477361 0.5922961
vt 0.03136066 0.5922961
vt 0.03136066 0.5942471
vt 0.005996619 0.5932716
vt 0.07721102 0.5913205
vt 0.07721102 0.5952227
vt 0.08501534 0.5952227
vt 0.08501534 0.5913205
vt 0.8205724 0.2654902
vt 0.7893551 0.2869521
vt 0.8039882 0.3035363
vt 0.8517897 0.2859765
vt 0.7396026 0.3103651
vt 0.738627 0.3045118
vt 0.7396026 0.3171938
vt 0.8059393 0.3191449
vt 0.8517897 0.321096
vt 0.6839968 0.3191449
vt 0.8800803 0.3113406
vt 0.89764 0.2986585
vt 0.8761781 0.2606125
vt 0.8449609 0.198178
vt 0.8517897 0.1952513
vt 0.2840255 0.1279391
vt 0.3425578 0.1279391
vt 0.3415823 0.1269636
vt 0.2840255 0.1269636
vt 0.3815795 0.1220859
vt 0.3815795 0.1250125
vt 0.2840255 0.1250125
vt 0.3425578 0.1250125
vt 0.3425578 0.1250125
vt 0.2781722 0.1269636
vt 0.2771967 0.1279391
vt 0.2840255 0.1279391
vt 0.2840255 0.1269636
vt 0.2840255 0.1269636
vt 0.1357434 0.1269636
vt 0.1357434 0.1289146
vt 0.1815938 0.1308657
vt 0.1825693 0.1269636
vt 0.2157377 0.1298902
vt 0.2157377 0.1269636
vt 0.2771967 0.1279391
vt 0.2781722 0.1269636
vt 0.1815938 0.1220859
vt 0.1357434 0.1240369
vt 0.2157377 0.1230614
vt 0.2771967 0.1250125
vt 0.08696642 0.1269636
vt 0.03916498 0.162083
vt 0.03526282 0.162083
vt 0.01867864 0.1854959
vt 0.05574915 0.1854959
vt 0.008923239 0.2215909
vt 0.06648009 0.2215909
vt 0.05965131 0.2771967
vt 0.01575202 0.2771967
vt 0.04794483 0.3571909
vt 0.02648296 0.3571909
vt 0.0372139 0.4245032
vt 0.8039882 0.3035363
vt 0.7893551 0.2869521
vt 0.8205724 0.2654902
vt 0.8517897 0.2859765
vt 0.7396026 0.3103651
vt 0.738627 0.3045118
vt 0.7396026 0.3171938
vt 0.8059393 0.3191449
vt 0.8517897 0.321096
vt 0.6839968 0.3191449
vt 0.8800803 0.3113406
vt 0.89764 0.2986585
vt 0.8761781 0.2606125
vt 0.8449609 0.198178
vt 0.8517897 0.1952513
vt 0.2840255 0.1250125
vt 0.2771967 0.1250125
vt 0.2781722 0.1269636
vt 0.2840255 0.1269636
vt 0.2840255 0.1269636
vt 0.5132773 0.2264686
vt 0.5083996 0.2147621
vt 0.4937665 0.2274442
vt 0.4976687 0.2411017
vt 0.467427 0.2303708
vt 0.4645003 0.2606125
vt 0.4430385 0.2313463
vt 0.4020658 0.2547593
vt 0.4098701 0.2254931
vt 0.9376372 0.1337923
vt 0.9532458 0.1454988
vt 0.957148 0.1328168
vt 0.9405637 0.1201348
vt 0.910322 0.1347679
vt 0.9044688 0.1055017
vt 0.8878846 0.1357434
vt 0.8439853 0.1172082
vt 0.8547162 0.1454988
vt 0.02355634 0.06745563
vt 0.02355634 0.00404554
vt 0.01965418 0.00404554
vt 0.01965418 0.06745563
vt 0.005996619 0.03136066
vt 0.005996619 0.05867577
vt 0.008923239 0.05867577
vt 0.008923239 0.03136066
vt 0.6449752 0.00307
vt 0.6449752 0.02160526
vt 0.6869234 0.02160526
vt 0.6869234 0.00307
vt 0.5835162 0.00307
vt 0.5835162 0.02160526
vt 0.5357147 0.00307
vt 0.5357147 0.02160526
vt 0.5279104 0.00307
vt 0.5279104 0.02160526
vt 0.7064342 0.02453188
vt 0.7064342 0.00404554
vt 0.6937522 0.006972159
vt 0.6937522 0.02160526
vt 0.7483824 0.02453188
vt 0.7483824 0.00404554
vt 0.7883795 0.02453188
vt 0.7883795 0.00404554
vt 0.8195968 0.02453188
vt 0.8195968 0.00404554
vt 0.8732515 0.02453188
vt 0.8732515 0.00404554
vt 0.9512947 0.02453188
vt 0.9512947 0.00404554
vt 0.1659852 0.1542787
vt 0.1123305 0.1396456
vt 0.1152571 0.1757405
vt 0.1523276 0.2157377
vt 0.05282253 0.1415966
vt 0.03526282 0.1094038
vt 0.1533031 0.2254931
vt 0.198178 0.1611075
vt 0.1776916 0.2293952
vt 0.2391506 0.1630585
vt 0.2567104 0.1825693
vt 0.2820744 0.151352
vt 0.006972159 0.125988
vt 0.2947564 0.1533031
vt 0.2284197 0.2284197
vt 0.2430528 0.2898787
vt 0.2801233 0.2498816
vt 0.2820744 0.2128111
vt 0.3406068 0.2157377
vt 0.359142 0.1835449
vt 0.2411017 0.297683
vt 0.1972024 0.2342729
vt 0.2167132 0.3025607
vt 0.1552542 0.2371996
vt 0.1376945 0.2567104
vt 0.113306 0.2245175
vt 0.3864571 0.1991535
vt 0.100624 0.2274442
vt 0.982512 0.02453188
vt 0.982512 0.00404554
vt 0.9512947 0.00404554
vt 0.9512947 0.02453188
vt 0.5064486 0.00307
vt 0.5064486 0.02160526
vt 0.5279104 0.02160526
vt 0.5279104 0.00307
vt 0.4264543 0.00307
vt 0.4264543 0.02160526
vt 0.3854816 0.005996619
vt 0.3854816 0.01867864
vt 0.2215909 0.01867864
vt 0.1728139 0.01867864
vt 0.1728139 0.02843404
vt 0.2215909 0.02843404
vt 0.2645147 0.02843404
vt 0.2645147 0.01867864
vt 0.2947564 0.0274585
vt 0.2947564 0.01965418
vt 0.3259737 0.02648296
vt 0.3259737 0.02062972
vt 0.3727996 0.02550742
vt 0.3727996 0.02160526
vt 0.4381607 0.02355634
vt 0.3318269 0.3279248
vt 0.3659708 0.3259737
vt 0.3171938 0.2576859
vt 0.308414 0.2801233
vt 0.2830499 0.3269492
vt 0.2303708 0.3074384
vt 0.3796284 0.272319
vt 0.4030413 0.3201204
vt 0.4342586 0.2713434
vt 0.4557205 0.308414
vt 0.518155 0.2674413
vt 0.8059393 0.1211103
vt 0.7659422 0.1962269
vt 0.8010616 0.1933003
vt 0.8166702 0.1425722
vt 0.8498386 0.1864715
vt 0.8986155 0.1611075
vt 0.7464314 0.1435477
vt 0.7288716 0.1942758
vt 0.6918011 0.149401
vt 0.6752169 0.1893981
vt 0.6079047 0.1562297
vt 0.8888602 0.03233619
vt 0.8888602 0.04111606
vt 0.9630012 0.04111606
vt 0.9630012 0.03233619
vt 0.00307 0.2206154
vt 0.007947699 0.2206154
vt 0.007947699 0.1357434
vt 0.00307 0.1357434
vt 0.00307 0.3045118
vt 0.007947699 0.3045118
vt 0.00307 0.369873
vt 0.007947699 0.369873
vt 0.00404554 0.4557205
vt 0.006972159 0.4557205
vt 0.005021079 0.55425
vt 0.6839968 0.1240369
vt 0.7239939 0.03233619
vt 0.6079047 0.04989591
vt 0.5864428 0.1181837
vt 0.5327881 0.02550742
vt 0.4888888 0.113306
vt 0.7600889 0.1191592
vt 0.7971594 0.05672469
vt 0.8586184 0.1074528
vt 0.8556918 0.04014051
vt 0.9708055 0.09769736
vt 0.3669463 0.04794483
vt 0.2508571 0.03233619
vt 0.2908542 0.1220859
vt 0.3874327 0.1172082
vt 0.4401118 0.02550742
vt 0.4859622 0.1113549
vt 0.2147621 0.1181837
vt 0.1786672 0.05574915
vt 0.1172082 0.1064772
vt 0.1201348 0.04014051
vt 0.00404554 0.09672182
vt 0.9893407 0.2303708
vt 0.9942185 0.2089089
vt 0.9834875 0.2089089
vt 0.9834875 0.0372139
vt 0.9630012 0.03233619
vt 0.9630012 0.04111606
vt 0.005021079 0.04989591
vt 0.00307 0.1357434
vt 0.007947699 0.1357434
vt 0.1084283 0.4918154
vt 0.01380094 0.4879133
vt 0.01087432 0.4654759
vt 0.1142815 0.4810845
vt 0.1084283 0.5123018
vt 0.01380094 0.5162039
vt 0.01380094 0.4879133
vt 0.1084283 0.4918154
vt 0.01087432 0.5396169
vt 0.01380094 0.5162039
vt 0.1084283 0.5123018
vt 0.1142815 0.5240083
vt 0.1181837 0.5132773
vt 0.2206154 0.5171795
vt 0.2206154 0.4888888
vt 0.1181837 0.492791
vt 0.9630012 0.7191162
vt 0.933735 0.7191162
vt 0.933735 0.7571623
vt 0.9630012 0.7571623
vt 0.933735 0.6927766
vt 0.9630012 0.6927766
vt 0.9630012 0.6547306
vt 0.933735 0.6547306
vt 0.9630012 0.603027
vt 0.933735 0.603027
vt 0.9630012 0.5444946
vt 0.933735 0.5444946
vt 0.959099 0.5123018
vt 0.9376372 0.5123018
vt 0.984463 0.8654472
vt 0.9581235 0.8654472
vt 0.9581235 0.8732515
vt 0.984463 0.8732515
vt 0.984463 0.8478875
vt 0.9581235 0.8478875
vt 0.984463 0.8244745
vt 0.9581235 0.8244745
vt 0.984463 0.8078904
vt 0.9581235 0.8078904
vt 0.9581235 0.7971594
vt 0.984463 0.7971594
vt 0.9815364 0.8986155
vt 0.9610501 0.8986155
vt 0.9649522 0.9415393
vt 0.9786098 0.9415393
vt 0.9376372 0.5123018
vt 0.959099 0.5123018
vt 0.959099 0.4810845
vt 0.9376372 0.4810845
vt 0.5942471 0.4957176
vt 0.7327738 0.4986442
vt 0.7327738 0.4762068
vt 0.5942471 0.4791334
vt 0.8108169 0.492791
vt 0.8108169 0.48206
vt 0.7922817 0.48206
vt 0.7922817 0.492791
vt 0.5688831 0.2215909
vt 0.6166846 0.1952513
vt 0.55425 0.1962269
vt 0.5562011 0.2050067
vt 0.5913205 0.1611075
vt 0.5493723 0.1679362
vt 0.5757118 0.1269636
vt 0.5522989 0.1201348
vt 0.5776629 0.2459794
vt 0.579614 0.2635391
vt 0.5776629 0.2762212
vt 0.6166846 0.2762212
vt 0.6381464 0.2606125
vt 0.6752169 0.2469549
vt 0.7278961 0.2401262
vt 0.7883795 0.236224
vt 0.8059393 0.2069578
vt 0.8215479 0.2342729
vt 0.2703679 0.5522989
vt 0.2820744 0.5357147
vt 0.2840255 0.5269349
vt 0.2215909 0.5259593
vt 0.2469549 0.4918154
vt 0.2889032 0.4986442
vt 0.2625636 0.4576716
vt 0.2869521 0.4508428
vt 0.2606125 0.5766874
vt 0.259637 0.5942471
vt 0.261588 0.6069291
vt 0.2215909 0.6069291
vt 0.200129 0.5913205
vt 0.1630585 0.5776629
vt 0.1103794 0.5708342
vt 0.04989591 0.566932
vt 0.03233619 0.5376658
vt 0.0177031 0.5649809
vt 0.7327738 0.4986442
vt 0.7639911 0.4957176
vt 0.7639911 0.4791334
vt 0.7327738 0.4762068
vt 0.7922817 0.492791
vt 0.7922817 0.48206
vt 0.3913348 0.2391506
vt 0.3991392 0.2206154
vt 0.323047 0.2303708
vt 0.3279248 0.2401262
vt 0.3279248 0.2450039
vt 0.3913348 0.2459794
vt 0.3913348 0.2391506
vt 0.3279248 0.2401262
vt 0.3913348 0.2459794
vt 0.3279248 0.2450039
vt 0.323047 0.2547593
vt 0.3991392 0.2645147
vt 0.9093465 0.2508571
vt 0.8878846 0.2030557
vt 0.8810558 0.2137866
vt 0.8810558 0.2508571
vt 0.9122731 0.2352485
vt 0.923004 0.2147621
vt 0.9034932 0.1845204
vt 0.9366616 0.1952513
vt 0.9249551 0.1689118
vt 0.9512947 0.1806182
vt 0.9512947 0.151352
vt 0.96983 0.1698873
vt 0.96983 0.1415966
vt 0.3727996 0.615709
vt 0.4020658 0.615709
vt 0.4020658 0.5786385
vt 0.395237 0.5679076
vt 0.369873 0.6001003
vt 0.3601176 0.5805896
vt 0.3786528 0.5503478
vt 0.3454845 0.5610788
vt 0.3581665 0.5347392
vt 0.3308514 0.5454701
vt 0.3308514 0.5171795
vt 0.3123161 0.5357147
vt 0.3123161 0.5064486
vt 0.1435477 0.4635248
vt 0.1435477 0.4869377
vt 0.1523276 0.4869377
vt 0.1523276 0.4635248
vt 0.1172082 0.4869377
vt 0.1172082 0.4635248
vt 0.1689118 0.4869377
vt 0.1689118 0.4635248
vt 0.1864715 0.4869377
vt 0.1864715 0.4635248
vt 0.2089089 0.4869377
vt 0.2089089 0.4635248
vt 0.223542 0.4869377
vt 0.223542 0.4635248
vt 0.6547306 0.5308371
vt 0.6547306 0.5025464
vt 0.6313176 0.5025464
vt 0.6313176 0.5308371
vt 0.7044832 0.5308371
vt 0.7044832 0.5025464
vt 0.6859479 0.5025464
vt 0.6859479 0.5308371
vt 0.6674126 0.5025464
vt 0.6674126 0.5308371
vt 0.7220429 0.5308371
vt 0.7220429 0.5025464
vt 0.6547306 0.5025464
vt 0.6547306 0.5308371
vt 0.738627 0.5308371
vt 0.738627 0.5025464
vt 0.9288573 0.5113263
vt 0.9288573 0.5025464
vt 0.8937379 0.5025464
vt 0.8927623 0.5113263
vt 0.9288573 0.5201061
vt 0.8927623 0.5201061
vt 0.9288573 0.528886
vt 0.8927623 0.528886
vt 0.9288573 0.5386413
vt 0.8927623 0.5376658
vt 0.9288573 0.5474212
vt 0.8927623 0.5474212
vt 0.9288573 0.5562011
vt 0.8927623 0.5562011
vt 0.9288573 0.5649809
vt 0.8927623 0.5649809
vt 0.9288573 0.5737608
vt 0.8927623 0.5737608
vt 0.8937379 0.4937665
vt 0.9288573 0.4937665
vt 0.8937379 0.4849867
vt 0.9288573 0.4849867
vt 0.9610501 0.7600889
vt 0.9483681 0.7766731
vt 0.9815364 0.7659422
vt 0.971781 0.7600889
vt 0.9815364 0.787404
vt 0.984463 0.7766731
vt 0.9610501 0.7932572
vt 0.971781 0.7932572
vt 0.9522702 0.787404
vt 0.9522702 0.7659422
vt 0.9815364 0.787404
vt 0.9815364 0.7659422
vt 0.9610501 0.7932572
vt 0.971781 0.7932572
vt 0.9483681 0.7766731
vt 0.9522702 0.787404
vt 0.9610501 0.7600889
vt 0.9522702 0.7659422
vt 0.971781 0.7600889
vt 0.984463 0.7766731
vt 0.5571766 0.5074241
vt 0.5366903 0.5074241
vt 0.5503478 0.5259593
vt 0.5571766 0.5259593
vt 0.5942471 0.5074241
vt 0.5942471 0.5259593
vt 0.6010759 0.5259593
vt 0.6147335 0.5074241
vt 0.5571766 0.4879133
vt 0.5571766 0.5074241
vt 0.5942471 0.5074241
vt 0.5942471 0.4879133
vt 0.5571766 0.5259593
vt 0.5571766 0.5327881
vt 0.5942471 0.5327881
vt 0.5942471 0.5259593
vt 0.5571766 0.5074241
vt 0.5571766 0.5259593
vt 0.5942471 0.5259593
vt 0.5942471 0.5074241
vt 0.9912918 0.5357147
vt 0.9903163 0.5123018
vt 0.9747077 0.5123018
vt 0.9669033 0.5318125
vt 0.96983 0.5405924
vt 0.9912918 0.5503478
vt 0.9756832 0.55425
vt 0.9854386 0.5708342
vt 0.9932429 0.5698586
vt 0.9893407 0.4498672
vt 0.9737321 0.4498672
vt 0.9737321 0.4732802
vt 0.9971451 0.469378
vt 0.9942185 0.4781579
vt 0.9727566 0.4879133
vt 0.9883652 0.4918154
vt 0.9786098 0.5083996
vt 0.9708055 0.5074241
vt 0.9610501 0.9932429
vt 0.9610501 0.9786098
vt 0.9512947 0.9786098
vt 0.9512947 0.9932429
vt 0.9473925 0.8137436
vt 0.9376372 0.8137436
vt 0.9376372 0.8342299
vt 0.9473925 0.8342299
vt 0.9473925 0.8039882
vt 0.9376372 0.8039882
vt 0.9473925 0.7903306
vt 0.9376372 0.7903306
vt 0.9473925 0.7708198
vt 0.9376372 0.7708198
vt 0.9376372 0.7630155
vt 0.9376372 0.7708198
vt 0.9473925 0.7708198
vt 0.9473925 0.7630155
vt 0.9512947 0.9405637
vt 0.9610501 0.9405637
vt 0.9610501 0.921053
vt 0.9512947 0.921053
vt 0.9512947 0.9561724
vt 0.9610501 0.9561724
vt 0.9512947 0.9786098
vt 0.9610501 0.9786098
vt 0.9981206 0.5815651
vt 0.9981206 0.5737608
vt 0.9727566 0.5737608
vt 0.9727566 0.5815651
vt 0.9981206 0.5893694
vt 0.9727566 0.5893694
vt 0.9981206 0.5971738
vt 0.9981206 0.5893694
vt 0.9727566 0.5893694
vt 0.9727566 0.5971738
vt 0.9981206 0.6049781
vt 0.9727566 0.6049781
vt 0.9981206 0.6127824
vt 0.9981206 0.6049781
vt 0.9727566 0.6049781
vt 0.9727566 0.6127824
vt 0.9981206 0.6215622
vt 0.9727566 0.6215622
vt 0.9981206 0.6293666
vt 0.9981206 0.6215622
vt 0.9727566 0.6215622
vt 0.9727566 0.6293666
vt 0.9981206 0.6371709
vt 0.9727566 0.6371709
vt 0.9864141 0.664486
vt 0.9776343 0.6742414
vt 0.9961695 0.6742414
vt 0.9932429 0.6674126
vt 0.9864141 0.6849723
vt 0.9932429 0.6810701
vt 0.9795853 0.6810701
vt 0.9795853 0.6674126
vt 0.9805609 0.6439996
vt 0.9805609 0.6586328
vt 0.9942185 0.6439996
vt 0.9873897 0.641073
vt 0.9942185 0.6586328
vt 0.9971451 0.6508284
vt 0.9873897 0.6615593
vt 0.9776343 0.6508284
vt 0.8771537 0.4245032
vt 0.8947134 0.4069435
vt 0.8244745 0.4069435
vt 0.8205724 0.4245032
vt 0.8683738 0.4410874
vt 0.8186213 0.4410874
vt 0.959099 0.4225521
vt 0.9025177 0.4225521
vt 0.9064199 0.4401118
vt 0.9786098 0.4401118
vt 0.9512947 0.405968
vt 0.9005666 0.405968
vt 0.9912918 0.9064199
vt 0.9864141 0.9064199
vt 0.9864141 0.923004
vt 0.9912918 0.923004
vt 0.9912918 0.8908112
vt 0.9864141 0.8908112
vt 0.9864141 0.8410587
vt 0.9864141 0.8908112
vt 0.9912918 0.8908112
vt 0.9912918 0.8410587
vt 0.9912918 0.8225234
vt 0.9864141 0.8225234
vt 0.9864141 0.8410587
vt 0.9912918 0.8410587
vt 0.9912918 0.7991105
vt 0.9864141 0.7991105
vt 0.9864141 0.923004
vt 0.9864141 0.9942185
vt 0.9912918 0.9942185
vt 0.9912918 0.923004
vt 0.7366759 0.4293809
vt 0.7249694 0.4293809
vt 0.7249694 0.4381607
vt 0.7366759 0.4381607
vt 0.7493579 0.4293809
vt 0.7366759 0.4293809
vt 0.7366759 0.4381607
vt 0.7493579 0.4381607
vt 0.7610644 0.4293809
vt 0.7610644 0.4381607
vt 0.7737464 0.4293809
vt 0.7610644 0.4293809
vt 0.7610644 0.4381607
vt 0.7737464 0.4381607
vt 0.7854529 0.4293809
vt 0.7737464 0.4293809
vt 0.7737464 0.4381607
vt 0.7854529 0.4381607
vt 0.7971594 0.4293809
vt 0.7971594 0.4381607
vt 0.8098415 0.4293809
vt 0.8098415 0.4381607
vt 0.7249694 0.4293809
vt 0.713263 0.4293809
vt 0.713263 0.4381607
vt 0.7249694 0.4381607
vt 0.9990962 0.7405781
vt 0.9834875 0.7239939
vt 0.9834875 0.7571623
vt 0.9942185 0.7522846
vt 0.9669033 0.7405781
vt 0.971781 0.7522846
vt 0.971781 0.7288716
vt 0.9942185 0.7288716
vt 0.9708055 0.713263
vt 0.9932429 0.713263
vt 0.9708055 0.68985
vt 0.9669033 0.7015565
vt 0.9932429 0.68985
vt 0.982512 0.6849723
vt 0.9981206 0.7015565
vt 0.982512 0.7181407
vt 0.9171508 0.7942328
vt 0.9181263 0.8527652
vt 0.9239796 0.8527652
vt 0.921053 0.7942328
vt 0.9122731 0.7942328
vt 0.9122731 0.8527652
vt 0.908371 0.7942328
vt 0.9064199 0.8527652
vt 0.9044688 0.7942328
vt 0.9015422 0.8527652
vt 0.9005666 0.7942328
vt 0.895689 0.8527652
vt 0.8966644 0.7942328
vt 0.8898357 0.8517897
vt 0.9288573 0.8527652
vt 0.9249551 0.7942328
vt 0.9347105 0.8517897
vt 0.9288573 0.7942328
vt 0.9132487 0.677168
vt 0.9161752 0.677168
vt 0.9191019 0.677168
vt 0.9073954 0.677168
vt 0.910322 0.677168
vt 0.9249551 0.677168
vt 0.9220285 0.677168
vt 0.9044688 0.677168
vt 0.9015422 0.677168
vt 0.8781292 0.8010616
vt 0.8703249 0.8078904
vt 0.884958 0.8078904
vt 0.8830069 0.8030127
vt 0.8781292 0.8147191
vt 0.8830069 0.812768
vt 0.8722759 0.812768
vt 0.8722759 0.8030127
vt 0.8888602 0.7913062
vt 0.8888602 0.7698443
vt 0.8664227 0.7913062
vt 0.8781292 0.7961839
vt 0.8664227 0.7698443
vt 0.8625206 0.7805752
vt 0.8781292 0.7659422
vt 0.8937379 0.7805752
vt 0.4362097 0.5640054
vt 0.420601 0.5640054
vt 0.420601 0.5737608
vt 0.4362097 0.5737608
vt 0.4362097 0.6196111
vt 0.4362097 0.6020514
vt 0.420601 0.6020514
vt 0.420601 0.6196111
vt 0.4362097 0.6020514
vt 0.4362097 0.5737608
vt 0.420601 0.5737608
vt 0.420601 0.6020514
vt 0.4362097 0.5737608
vt 0.4362097 0.6020514
vt 0.4537694 0.5971738
vt 0.4459651 0.5708342
vt 0.420601 0.5737608
vt 0.4098701 0.5708342
vt 0.4020658 0.5971738
vt 0.420601 0.6020514
vt 0.8205724 0.5464457
vt 0.8576429 0.5210816
vt 0.812768 0.5152284
vt 0.8098415 0.5249838
vt 0.8459364 0.5152284
vt 0.8400832 0.5464457
vt 0.8644717 0.5337636
vt 0.8654472 0.5464457
vt 0.7922817 0.5123018
vt 0.7922817 0.5220572
vt 0.8332544 0.4791334
vt 0.8225234 0.4849867
vt 0.8693494 0.4888888
vt 0.8664227 0.4791334
vt 0.8586184 0.5113263
vt 0.8400832 0.5113263
vt 0.8156947 0.4976687
vt 0.8147191 0.5113263
vt 0.8869091 0.4771824
vt 0.8869091 0.4859622
vt 0.2303708 0.6098558
vt 0.2303708 0.6381464
vt 0.259637 0.6381464
vt 0.259637 0.6098558
vt 0.2713434 0.6098558
vt 0.2713434 0.6381464
vt 0.285001 0.6098558
vt 0.285001 0.6381464
vt 0.2967075 0.6098558
vt 0.2967075 0.6381464
vt 0.2118355 0.6098558
vt 0.2118355 0.6381464
vt 0.1698873 0.6371709
vt 0.1698873 0.6079047
vt 0.1474499 0.6079047
vt 0.1474499 0.6371709
vt 0.1864715 0.6371709
vt 0.2089089 0.6371709
vt 0.2089089 0.6079047
vt 0.1864715 0.6079047
vt 0.1698873 0.6371709
vt 0.1698873 0.6079047
vt 0.1318413 0.6371709
vt 0.1474499 0.6371709
vt 0.1474499 0.6079047
vt 0.1318413 0.6079047
vt 0.9239796 0.8947134
vt 0.9386127 0.8947134
vt 0.9386127 0.8908112
vt 0.9239796 0.8908112
vt 0.9386127 0.8878846
vt 0.9239796 0.8878846
vt 0.9386127 0.8839825
vt 0.9239796 0.8839825
vt 0.9386127 0.8800803
vt 0.9239796 0.8800803
vt 0.9386127 0.8761781
vt 0.9239796 0.8761781
vt 0.9386127 0.8722759
vt 0.9239796 0.8722759
vt 0.9386127 0.8683738
vt 0.9239796 0.8683738
vt 0.9386127 0.8644717
vt 0.9239796 0.8644717
vt 0.9386127 0.861545
vt 0.9239796 0.861545
vt 0.9386127 0.8576429
vt 0.9239796 0.8576429
vt 0.9971451 0.7688687
vt 0.9903163 0.7678932
vt 0.9981206 0.7756975
vt 0.9990962 0.7717954
vt 0.9922674 0.7795997
vt 0.9961695 0.7786242
vt 0.9873897 0.774722
vt 0.9893407 0.7776486
vt 0.9873897 0.7708198
vt 0.9932429 0.7669176
vt 0.9990962 0.7864285
vt 0.995194 0.7805752
vt 0.995194 0.7922817
vt 0.9981206 0.7903306
vt 0.9883652 0.7893551
vt 0.9912918 0.7922817
vt 0.9883652 0.7825263
vt 0.9873897 0.7864285
vt 0.9912918 0.7805752
vt 0.9981206 0.7825263
vt 0.4684025 0.8020371
vt 0.4879133 0.8722759
vt 0.4957176 0.7952083
vt 0.4918154 0.7893551
vt 0.5132773 0.7922817
vt 0.55425 0.7922817
vt 0.579614 0.8722759
vt 0.5708342 0.7952083
vt 0.5981493 0.8020371
vt 0.5757118 0.7893551
vt 0.7727709 0.9805609
vt 0.7737464 0.9434904
vt 0.7474069 0.9434904
vt 0.7464314 0.9942185
vt 0.7122874 0.9434904
vt 0.7113119 0.9942185
vt 0.6693637 0.9942185
vt 0.6683881 0.9434904
vt 0.6342443 0.9942185
vt 0.6332687 0.9434904
vt 0.6079047 0.9805609
vt 0.6069291 0.9434904
vt 0.6527795 0.8069148
vt 0.6400975 0.8069148
vt 0.6508284 0.8108169
vt 0.6527795 0.8088659
vt 0.6430241 0.8108169
vt 0.6400975 0.8088659
vt 0.6400975 0.787404
vt 0.6527795 0.787404
vt 0.836181 0.9434904
vt 0.812768 0.9434904
vt 0.8156947 0.9483681
vt 0.8381321 0.9483681
vt 0.7766731 0.9434904
vt 0.8791047 0.9434904
vt 0.8771537 0.9483681
vt 0.8391076 0.9854386
vt 0.8752026 0.9854386
vt 0.8986155 0.9483681
vt 0.9005666 0.9434904
vt 0.9366616 0.9434904
vt 0.9386127 0.9805609
vt 0.9005666 0.9873897
vt 0.9269062 0.9932429
vt 0.7756975 0.9805609
vt 0.812768 0.9873897
vt 0.787404 0.9932429
vt 0.700581 0.7922817
vt 0.7044832 0.7971594
vt 0.7064342 0.7786242
vt 0.7035076 0.7786242
vt 0.6878989 0.7903306
vt 0.700581 0.7922817
vt 0.6996054 0.7786242
vt 0.68985 0.7786242
vt 0.6878989 0.7903306
vt 0.6849723 0.7786242
vt 0.6820457 0.7786242
vt 0.6849723 0.7942328
vt 0.6557061 0.7971594
vt 0.6849723 0.7942328
vt 0.6820457 0.7786242
vt 0.6557061 0.7786242
vt 0.6400975 0.7727709
vt 0.6400975 0.787404
vt 0.6527795 0.787404
vt 0.6527795 0.7708198
vt 0.7044832 0.7971594
vt 0.7327738 0.800086
vt 0.7317982 0.7786242
vt 0.7064342 0.7786242
vt 0.6996054 0.7786242
vt 0.700581 0.7922817
vt 0.7035076 0.7786242
vt 0.6878989 0.7903306
vt 0.68985 0.7786242
vt 0.6849723 0.7786242
vt 0.7581378 0.9151997
vt 0.7883795 0.9415393
vt 0.7698443 0.89764
vt 0.8654472 0.9415393
vt 0.933735 0.9142242
vt 0.9317839 0.89764
vt 0.7698443 0.89764
vt 0.7883795 0.9415393
vt 0.5825406 0.8605695
vt 0.5825406 0.895689
vt 0.7454558 0.895689
vt 0.7493579 0.8605695
vt 0.4879133 0.8722759
vt 0.4879133 0.946417
vt 0.579614 0.946417
vt 0.579614 0.8722759
vt 0.6391219 0.8547162
vt 0.6498529 0.8508141
vt 0.6196111 0.8508141
vt 0.6303421 0.8547162
vt 0.6498529 0.8186213
vt 0.6196111 0.8186213
vt 0.6459507 0.8156947
vt 0.6264399 0.8537407
vt 0.6439996 0.8537407
vt 0.6391219 0.8147191
vt 0.6235133 0.8156947
vt 0.6303421 0.8147191
vt 0.6332687 0.8117925
vt 0.6361954 0.8098415
vt 0.6361954 0.8078904
vt 0.6254644 0.8117925
vt 0.6235133 0.8078904
vt 0.6235133 0.8098415
vt 0.6361954 0.7883795
vt 0.6235133 0.7883795
vt 0.6820457 0.8020371
vt 0.6839968 0.8205724
vt 0.6869234 0.8156947
vt 0.6839968 0.8020371
vt 0.6878989 0.8020371
vt 0.6869234 0.8156947
vt 0.6996054 0.8137436
vt 0.6986299 0.8020371
vt 0.6996054 0.8137436
vt 0.7025321 0.8176457
vt 0.7054586 0.8020371
vt 0.7035076 0.8020371
vt 0.7054586 0.8020371
vt 0.7025321 0.8176457
vt 0.7317982 0.8205724
vt 0.7317982 0.8020371
vt 0.6361954 0.7737464
vt 0.6235133 0.7717954
vt 0.6235133 0.7883795
vt 0.6361954 0.7883795
vt 0.6557061 0.8020371
vt 0.6557061 0.823499
vt 0.6839968 0.8205724
vt 0.6820457 0.8020371
vt 0.6839968 0.8020371
vt 0.6869234 0.8156947
vt 0.6878989 0.8020371
vt 0.6986299 0.8020371
vt 0.6996054 0.8137436
vt 0.7035076 0.8020371
vt 0.55425 0.7922817
vt 0.5513234 0.7854529
vt 0.5152284 0.7854529
vt 0.5132773 0.7922817
vt 0.4879133 0.946417
vt 0.4781579 0.982512
vt 0.5123018 0.9883652
vt 0.579614 0.946417
vt 0.5552256 0.9883652
vt 0.5893694 0.9834875
vt 0.7571623 0.8947134
vt 0.9191019 0.8947134
vt 0.9191019 0.8595939
vt 0.7522846 0.8595939
vt 0.7561867 0.9161752
vt 0.7454558 0.89764
vt 0.7269205 0.9425148
vt 0.5825406 0.89764
vt 0.5805896 0.9151997
vt 0.6498529 0.9425148
vt 0.7269205 0.9425148
vt 0.7454558 0.89764
vt 0.7971594 0.8576429
vt 0.7971594 0.8332544
vt 0.7357004 0.8332544
vt 0.7357004 0.8576429
vt 0.7357004 0.8274012
vt 0.7971594 0.8274012
vt 0.7357004 0.8205724
vt 0.7971594 0.8205724
vt 0.7971594 0.8156947
vt 0.7357004 0.8156947
vt 0.7357004 0.8098415
vt 0.7971594 0.8098415
vt 0.7357004 0.8039882
vt 0.7971594 0.8039882
vt 0.7971594 0.7786242
vt 0.7357004 0.7786242
vt 0.7357004 0.7786242
vt 0.7971594 0.7786242
vt 0.7971594 0.7571623
vt 0.7357004 0.7571623
vt 0.7083853 0.848863
vt 0.7122874 0.8547162
vt 0.7239939 0.8576429
vt 0.7327738 0.8215479
vt 0.7083853 0.8215479
vt 0.7327738 0.848863
vt 0.7298471 0.8547162
vt 0.7181407 0.8576429
vt 0.6342443 0.7493579
vt 0.6342443 0.7688687
vt 0.6371709 0.7688687
vt 0.6371709 0.7493579
vt 0.6313176 0.7493579
vt 0.6313176 0.7688687
vt 0.6371709 0.7493579
vt 0.6371709 0.7688687
vt 0.641073 0.7688687
vt 0.641073 0.7493579
vt 0.615709 0.7493579
vt 0.615709 0.7688687
vt 0.6186356 0.7688687
vt 0.6186356 0.7493579
vt 0.6215622 0.7688687
vt 0.6215622 0.7493579
vt 0.6244888 0.7688687
vt 0.6244888 0.7493579
vt 0.6244888 0.7493579
vt 0.6244888 0.7688687
vt 0.628391 0.7688687
vt 0.628391 0.7493579
vt 0.6313176 0.7688687
vt 0.6313176 0.7493579
vt 0.5922961 0.7786242
vt 0.5961982 0.774722
vt 0.5883939 0.774722
vt 0.5893694 0.7776486
vt 0.5922961 0.7708198
vt 0.5893694 0.7727709
vt 0.5952227 0.7717954
vt 0.5952227 0.7776486
vt 0.6498529 0.7678932
vt 0.6498529 0.7483824
vt 0.6469263 0.7483824
vt 0.6469263 0.7678932
vt 0.6439996 0.7483824
vt 0.6439996 0.7678932
vt 0.6537551 0.7678932
vt 0.6537551 0.7483824
vt 0.6566817 0.7678932
vt 0.6566817 0.7483824
vt 0.6693637 0.7678932
vt 0.6693637 0.7483824
vt 0.6664371 0.7483824
vt 0.6664371 0.7678932
vt 0.6664371 0.7678932
vt 0.6664371 0.7483824
vt 0.6625349 0.7483824
vt 0.6625349 0.7678932
vt 0.6596083 0.7483824
vt 0.6596083 0.7678932
vt 0.6566817 0.7483824
vt 0.6566817 0.7678932
vt 0.6059536 0.7786242
vt 0.6098558 0.774722
vt 0.6020514 0.774722
vt 0.603027 0.7776486
vt 0.6059536 0.7708198
vt 0.603027 0.7717954
vt 0.6088802 0.7717954
vt 0.6088802 0.7776486
vt 0.800086 0.8576429
vt 0.8605695 0.8576429
vt 0.8605695 0.8322788
vt 0.7991105 0.8322788
vt 0.8605695 0.8264256
vt 0.7991105 0.8264256
vt 0.8605695 0.8205724
vt 0.7991105 0.8205724
vt 0.7991105 0.8156947
vt 0.8605695 0.8156947
vt 0.8605695 0.8088659
vt 0.7991105 0.8088659
vt 0.8605695 0.8030127
vt 0.7991105 0.8030127
vt 0.7991105 0.7786242
vt 0.8605695 0.7786242
vt 0.8605695 0.7786242
vt 0.8605695 0.7571623
vt 0.7991105 0.7571623
vt 0.7991105 0.7786242
vt 0.6927766 0.8283767
vt 0.7035076 0.8439853
vt 0.6996054 0.8313033
vt 0.6615593 0.8537407
vt 0.6615593 0.8283767
vt 0.6927766 0.8537407
vt 0.6996054 0.8508141
vt 0.7035076 0.8381321
vt 0.05379807 0.7942328
vt 0.05379807 0.7649666
vt 0.008923239 0.7649666
vt 0.008923239 0.7942328
vt 0.0986729 0.7942328
vt 0.0986729 0.7649666
vt 0.1435477 0.7942328
vt 0.1435477 0.7649666
vt 0.1884226 0.7942328
vt 0.1884226 0.7649666
vt 0.2323219 0.7942328
vt 0.2323219 0.7649666
vt 0.2771967 0.7942328
vt 0.2771967 0.7649666
vt 0.321096 0.7942328
vt 0.321096 0.7649666
vt 0.3659708 0.7942328
vt 0.3659708 0.7649666
vt 0.4108456 0.7942328
vt 0.4108456 0.7649666
vt 0.4557205 0.7942328
vt 0.4557205 0.7649666
vt 0.4098701 0.76204
vt 0.4098701 0.6957033
vt 0.3727996 0.6957033
vt 0.3727996 0.76204
vt 0.3357291 0.6957033
vt 0.3357291 0.76204
vt 0.2986585 0.6957033
vt 0.2986585 0.76204
vt 0.2625636 0.6957033
vt 0.2625636 0.76204
vt 0.2254931 0.6957033
vt 0.2254931 0.76204
vt 0.4469406 0.76204
vt 0.4469406 0.6957033
vt 0.4849867 0.76204
vt 0.4849867 0.6957033
vt 0.5220572 0.76204
vt 0.5220572 0.6957033
vt 0.5591277 0.76204
vt 0.5591277 0.6957033
vt 0.5952227 0.76204
vt 0.5952227 0.6957033
vt 0.6225378 0.7113119
vt 0.6215622 0.7249694
vt 0.628391 0.7376515
vt 0.6537551 0.7396026
vt 0.6439996 0.6976544
vt 0.6313176 0.700581
vt 0.6635104 0.7152141
vt 0.6566817 0.7035076
vt 0.6625349 0.7288716
vt 0.6400975 0.7425292
vt 0.7913062 0.5552256
vt 0.7542356 0.5454701
vt 0.7844774 0.5454701
vt 0.7893551 0.5483968
vt 0.7844774 0.5649809
vt 0.7542356 0.5649809
vt 0.7893551 0.5620543
vt 0.7054586 0.5493723
vt 0.6683881 0.5396169
vt 0.6986299 0.5396169
vt 0.7035076 0.5425435
vt 0.6986299 0.5591277
vt 0.7035076 0.5571766
vt 0.6683881 0.5591277
vt 0.6069291 0.5620543
vt 0.5766874 0.5620543
vt 0.5766874 0.5522989
vt 0.6069291 0.5522989
vt 0.6118069 0.5620543
vt 0.6118069 0.5522989
vt 0.6196111 0.5620543
vt 0.6196111 0.5522989
vt 0.6274155 0.5620543
vt 0.6274155 0.5522989
vt 0.6322932 0.5620543
vt 0.6322932 0.5522989
vt 0.6625349 0.5620543
vt 0.6625349 0.5522989
vt 0.9483681 0.8625206
vt 0.9483681 0.8752026
vt 0.9415393 0.8752026
vt 0.9415393 0.8625206
vt 0.9483681 0.8508141
vt 0.9415393 0.8508141
vt 0.9415393 0.8869091
vt 0.9483681 0.8869091
vt 0.9415393 0.8986155
vt 0.9483681 0.8986155
vt 0.9415393 0.910322
vt 0.9483681 0.910322
vt 0.9415393 0.9220285
vt 0.9483681 0.9220285
vt 0.9415393 0.9347105
vt 0.9483681 0.9347105
vt 0.9415393 0.946417
vt 0.9483681 0.946417
vt 0.9415393 0.959099
vt 0.9483681 0.959099
vt 0.9415393 0.9708055
vt 0.9483681 0.9708055
vt 0.9415393 0.9834875
vt 0.9483681 0.9834875
vt 0.9415393 0.995194
vt 0.9483681 0.995194
vt 0.6010759 0.3103651
vt 0.5591277 0.3503622
vt 0.5679076 0.3191449
vt 0.5835162 0.3103651
vt 0.615709 0.3649953
vt 0.6244888 0.333778
vt 0.615709 0.3191449
vt 0.6244888 0.3503622
vt 0.5835162 0.3727996
vt 0.6010759 0.3727996
vt 0.5679076 0.3649953
vt 0.5591277 0.333778
vt 0.469378 0.4508428
vt 0.4586471 0.4508428
vt 0.4586471 0.4352341
vt 0.469378 0.4352341
vt 0.4020658 0.4498672
vt 0.4098701 0.456696
vt 0.4088946 0.4596226
vt 0.3913348 0.4596226
vt 0.3913348 0.4362097
vt 0.4040169 0.4713291
vt 0.4147478 0.4615737
vt 0.4147478 0.4781579
vt 0.4108456 0.4791334
vt 0.3893838 0.4615737
vt 0.4888888 0.4323075
vt 0.4888888 0.4420629
vt 0.4703536 0.4420629
vt 0.4703536 0.4323075
vt 0.4986442 0.4420629
vt 0.4986442 0.4323075
vt 0.4586471 0.431332
vt 0.469378 0.431332
vt 0.469378 0.4352341
vt 0.4586471 0.4352341
vt 0.3474356 0.4859622
vt 0.333778 0.4859622
vt 0.333778 0.4723046
vt 0.3474356 0.4723046
vt 0.3620687 0.4859622
vt 0.3620687 0.4723046
vt 0.3757262 0.4859622
vt 0.3757262 0.4723046
vt 0.3201204 0.4723046
vt 0.3201204 0.4859622
vt 0.3054873 0.4723046
vt 0.3054873 0.4859622
vt 0.2928053 0.4723046
vt 0.2928053 0.4859622
vt 0.3542643 0.5825406
vt 0.3289003 0.6127824
vt 0.3415823 0.5591277
vt 0.3503622 0.5698586
vt 0.3415823 0.6069291
vt 0.3503622 0.5961982
vt 0.3289003 0.5532745
vt 0.3045118 0.5835162
vt 0.3289003 0.6137579
vt 0.3162183 0.5581521
vt 0.308414 0.5698586
vt 0.3162183 0.6079047
vt 0.308414 0.5971738
vt 0.3289003 0.5522989
vt 0.4723046 0.4635248
vt 0.4723046 0.4479162
vt 0.48206 0.4479162
vt 0.48206 0.4635248
vt 0.4264543 0.467427
vt 0.4157234 0.4771824
vt 0.4157234 0.4605982
vt 0.4196255 0.4596226
vt 0.4410874 0.4771824
vt 0.4127967 0.4586471
vt 0.4127967 0.4420629
vt 0.4235277 0.4518183
vt 0.4157234 0.4596226
vt 0.4381607 0.4420629
vt 0.4830356 0.4605982
vt 0.4830356 0.444014
vt 0.4937665 0.444014
vt 0.4937665 0.4605982
vt 0.4937665 0.4713291
vt 0.4830356 0.4713291
vt 0.48206 0.444014
vt 0.48206 0.4479162
vt 0.4723046 0.4479162
vt 0.4723046 0.444014
vt 0.359142 0.5015709
vt 0.3503622 0.5015709
vt 0.3503622 0.4879133
vt 0.359142 0.4879133
vt 0.3045118 0.5015709
vt 0.3006096 0.5015709
vt 0.3006096 0.4879133
vt 0.3045118 0.4879133
vt 0.3113406 0.5015709
vt 0.3113406 0.4879133
vt 0.3201204 0.5015709
vt 0.3201204 0.4879133
vt 0.3289003 0.5015709
vt 0.3201204 0.5015709
vt 0.3201204 0.4879133
vt 0.3289003 0.4879133
vt 0.3357291 0.5015709
vt 0.3357291 0.4879133
vt 0.3415823 0.5015709
vt 0.3415823 0.4879133
vt 0.3503622 0.5015709
vt 0.3503622 0.4879133
vt 0.34646 0.8752026
vt 0.3445089 0.8693494
vt 0.321096 0.884958
vt 0.3406068 0.9366616
vt 0.3503622 0.8771537
vt 0.3640197 0.874227
vt 0.4303564 0.9366616
vt 0.4069435 0.874227
vt 0.3669463 0.8703249
vt 0.4030413 0.8703249
vt 0.4196255 0.8771537
vt 0.4245032 0.8752026
vt 0.4488917 0.884958
vt 0.4264543 0.8693494
vt 0.4508428 0.9376372
vt 0.4498672 0.9864141
vt 0.4781579 0.9737321
vt 0.4791334 0.9376372
vt 0.4157234 0.9376372
vt 0.4157234 0.9864141
vt 0.3727996 0.9376372
vt 0.3737751 0.9864141
vt 0.3386557 0.9864141
vt 0.3376802 0.9376372
vt 0.3103651 0.9737321
vt 0.3093895 0.9376372
vt 0.2996341 0.8556918
vt 0.3015852 0.8576429
vt 0.3025607 0.8576429
vt 0.3025607 0.8459364
vt 0.2996341 0.848863
vt 0.3006096 0.8459364
vt 0.3201204 0.8459364
vt 0.3201204 0.8576429
vt 0.06062685 0.7035076
vt 0.08989304 0.7025321
vt 0.08696642 0.6966788
vt 0.05770023 0.6966788
vt 0.009898779 0.6966788
vt 0.1376945 0.7025321
vt 0.136719 0.7503335
vt 0.09086858 0.7503335
vt 0.1406211 0.6966788
vt 0.1669607 0.7035076
vt 0.1698873 0.6966788
vt 0.2176888 0.6966788
vt 0.006972159 0.7435047
vt 0.05574915 0.7532601
vt 0.02062972 0.7600889
vt 0.2069578 0.7600889
vt 0.2206154 0.7435047
vt 0.1718384 0.7532601
vt 0.6937522 0.7649666
vt 0.6927766 0.7649666
vt 0.6918011 0.7737464
vt 0.6927766 0.7756975
vt 0.6908256 0.7649666
vt 0.6859479 0.7649666
vt 0.6869234 0.7717954
vt 0.6908256 0.7717954
vt 0.6830212 0.7649666
vt 0.6839968 0.7737464
vt 0.6849723 0.7717954
vt 0.6839968 0.7649666
vt 0.6722903 0.7649666
vt 0.6713148 0.7756975
vt 0.6839968 0.7737464
vt 0.6830212 0.7649666
vt 0.3201204 0.8576429
vt 0.3396312 0.8576429
vt 0.3367046 0.8459364
vt 0.3201204 0.8459364
vt 0.7044832 0.7649666
vt 0.6937522 0.7649666
vt 0.6927766 0.7756975
vt 0.7054586 0.7776486
vt 0.6927766 0.7649666
vt 0.6908256 0.7649666
vt 0.6908256 0.7717954
vt 0.6918011 0.7737464
vt 0.6839968 0.7649666
vt 0.6849723 0.7717954
vt 0.6869234 0.7717954
vt 0.6859479 0.7649666
vt 0.04696929 0.8010616
vt 0.01087432 0.8010616
vt 0.01087432 0.9864141
vt 0.04696929 0.9922674
vt 0.1025751 0.836181
vt 0.08696642 0.8673983
vt 0.1318413 0.8820314
vt 0.2450039 0.8820314
vt 0.2889032 0.836181
vt 0.2928053 0.8537407
vt 0.09086858 0.8205724
vt 0.09184412 0.8254501
vt 0.09574628 0.8322788
vt 0.09086858 0.8108169
vt 0.09574628 0.7981349
vt 0.09184412 0.8059393
vt 0.1415966 0.8283767
vt 0.1435477 0.8205724
vt 0.1376945 0.7981349
vt 0.1415966 0.8030127
vt 0.1435477 0.8108169
vt 0.1376945 0.8332544
vt 0.1952513 0.895689
vt 0.1952513 0.9854386
vt 0.3045118 0.9854386
vt 0.3045118 0.895689
vt 0.3025607 0.8703249
vt 0.2986585 0.8605695
vt 0.2986585 0.8673983
vt 0.3006096 0.8703249
vt 0.3025607 0.8586184
vt 0.3006096 0.8586184
vt 0.3025607 0.8703249
vt 0.3191449 0.8703249
vt 0.3201204 0.8586184
vt 0.6849723 0.7600889
vt 0.6849723 0.7522846
vt 0.6839968 0.7522846
vt 0.6849723 0.76204
vt 0.6908256 0.7581378
vt 0.6908256 0.7522846
vt 0.6869234 0.7522846
vt 0.6869234 0.7591134
vt 0.6937522 0.7522846
vt 0.6927766 0.7522846
vt 0.6918011 0.7591134
vt 0.6927766 0.7610644
vt 0.7054586 0.7522846
vt 0.6937522 0.7522846
vt 0.6927766 0.7610644
vt 0.7054586 0.7630155
vt 0.3201204 0.8586184
vt 0.3191449 0.8703249
vt 0.3367046 0.8703249
vt 0.3396312 0.8586184
vt 0.6849723 0.76204
vt 0.6839968 0.7522846
vt 0.6722903 0.7522846
vt 0.6722903 0.7639911
vt 0.6869234 0.7591134
vt 0.6869234 0.7522846
vt 0.6849723 0.7522846
vt 0.6849723 0.7600889
vt 0.6927766 0.7522846
vt 0.6908256 0.7522846
vt 0.6908256 0.7581378
vt 0.6918011 0.7591134
vt 0.3669463 0.8703249
vt 0.4030413 0.8703249
vt 0.4030413 0.8634961
vt 0.3669463 0.8634961
vt 0.1435477 0.9191019
vt 0.1952513 0.895689
vt 0.151352 0.8869091
vt 0.1435477 0.9610501
vt 0.1952513 0.9854386
vt 0.151352 0.995194
vt 0.04892037 0.8010616
vt 0.04892037 0.9903163
vt 0.08501534 0.9854386
vt 0.08501534 0.8010616
vt 0.2713434 0.7961839
vt 0.2664658 0.8137436
vt 0.3142672 0.8420342
vt 0.456696 0.7961839
vt 0.4274298 0.8430098
vt 0.4723046 0.8274012
vt 0.1172082 0.9454415
vt 0.113306 0.9454415
vt 0.113306 0.96983
vt 0.1172082 0.96983
vt 0.1211103 0.9454415
vt 0.1172082 0.9454415
vt 0.1172082 0.96983
vt 0.1211103 0.96983
vt 0.09281966 0.9454415
vt 0.0889175 0.9454415
vt 0.0889175 0.96983
vt 0.09281966 0.96983
vt 0.09672182 0.9454415
vt 0.09281966 0.9454415
vt 0.09281966 0.96983
vt 0.09672182 0.96983
vt 0.100624 0.9454415
vt 0.100624 0.96983
vt 0.1045261 0.9454415
vt 0.1045261 0.96983
vt 0.1094038 0.9454415
vt 0.1045261 0.9454415
vt 0.1045261 0.96983
vt 0.1094038 0.96983
vt 0.113306 0.9454415
vt 0.113306 0.96983
vt 0.08696642 0.9815364
vt 0.08989304 0.9883652
vt 0.09672182 0.9922674
vt 0.1074528 0.982512
vt 0.09769736 0.9727566
vt 0.09086858 0.9747077
vt 0.1045261 0.9756832
vt 0.1035506 0.9893407
vt 0.1162326 0.9161752
vt 0.1123305 0.9161752
vt 0.1123305 0.9405637
vt 0.1162326 0.9405637
vt 0.1201348 0.9161752
vt 0.1162326 0.9161752
vt 0.1162326 0.9405637
vt 0.1201348 0.9405637
vt 0.09281966 0.9161752
vt 0.08794196 0.9161752
vt 0.08794196 0.9405637
vt 0.09281966 0.9405637
vt 0.09574628 0.9161752
vt 0.09281966 0.9161752
vt 0.09281966 0.9405637
vt 0.09574628 0.9405637
vt 0.100624 0.9161752
vt 0.100624 0.9405637
vt 0.1045261 0.9161752
vt 0.1045261 0.9405637
vt 0.1084283 0.9161752
vt 0.1045261 0.9161752
vt 0.1045261 0.9405637
vt 0.1084283 0.9405637
vt 0.1123305 0.9161752
vt 0.1123305 0.9405637
vt 0.1103794 0.9805609
vt 0.113306 0.9883652
vt 0.1201348 0.9912918
vt 0.1298902 0.982512
vt 0.1211103 0.971781
vt 0.1142815 0.9747077
vt 0.1279391 0.9756832
vt 0.1269636 0.9883652
vt 0.7854529 0.4459651
vt 0.7854529 0.4742557
vt 0.7815508 0.4742557
vt 0.7815508 0.4459651
vt 0.800086 0.4742557
vt 0.800086 0.4459651
vt 0.7444803 0.4742557
vt 0.7298471 0.4742557
vt 0.7298471 0.4459651
vt 0.7444803 0.4459651
vt 0.7064342 0.4742557
vt 0.7064342 0.4459651
vt 0.6674126 0.4742557
vt 0.6674126 0.4459651
vt 0.6205867 0.4742557
vt 0.6205867 0.4459651
vt 0.6020514 0.4742557
vt 0.6020514 0.4459651
vt 0.7708198 0.4459651
vt 0.7708198 0.4742557
vt 0.7444803 0.4742557
vt 0.7444803 0.4459651
vt 0.3913348 0.4703536
vt 0.3942614 0.505473
vt 0.382555 0.5015709
vt 0.3913348 0.4654759
vt 0.382555 0.4654759
vt 0.4001147 0.480109
vt 0.4157234 0.480109
vt 0.4127967 0.518155
vt 0.444014 0.5132773
vt 0.4381607 0.5513234
vt 0.4762068 0.528886
vt 0.4645003 0.6001003
vt 0.4791334 0.5971738
vt 0.4723046 0.6215622
vt 0.4791334 0.6108313
vt 0.4947421 0.5444946
vt 0.5083996 0.5601032
vt 0.5083996 0.5961982
vt 0.5005953 0.6215622
vt 0.5005953 0.6108313
vt 0.8264256 0.5786385
vt 0.7991105 0.5786385
vt 0.7991105 0.5503478
vt 0.8264256 0.5503478
vt 0.9366616 0.4459651
vt 0.9366616 0.4742557
vt 0.9200774 0.4742557
vt 0.9200774 0.4459651
vt 0.8986155 0.4742557
vt 0.8986155 0.4459651
vt 0.8595939 0.4742557
vt 0.8595939 0.4459651
vt 0.8176457 0.4742557
vt 0.8176457 0.4459651
vt 0.6020514 0.4742557
vt 0.5688831 0.4703536
vt 0.5659565 0.4645003
vt 0.6020514 0.4459651
vt 0.5747364 0.4459651
vt 0.5659565 0.4557205
vt 0.5688831 0.4488917
vt 0.5747364 0.4742557
vt 0.5064486 0.5005953
vt 0.4781579 0.4684025
vt 0.4742557 0.505473
vt 0.5005953 0.5386413
vt 0.456696 0.4937665
vt 0.4625492 0.4684025
vt 0.5386413 0.5171795
vt 0.5259593 0.5883939
vt 0.5405924 0.5844917
vt 0.5571766 0.5327881
vt 0.5708342 0.5474212
vt 0.5708342 0.5844917
vt 0.5337636 0.6098558
vt 0.5405924 0.5981493
vt 0.5630298 0.6098558
vt 0.5630298 0.5981493
vt 0.4527939 0.4586471
vt 0.444014 0.4898644
vt 0.444014 0.4537694
vt 0.4527939 0.4537694
vt 0.8176457 0.4459651
vt 0.8176457 0.4742557
vt 0.800086 0.4742557
vt 0.800086 0.4459651
vt 0.7815508 0.4742557
vt 0.7708198 0.4742557
vt 0.7708198 0.4459651
vt 0.7815508 0.4459651
vt 0.7688687 0.5435191
vt 0.7688687 0.5347392
vt 0.7766731 0.5347392
vt 0.7766731 0.5435191
vt 0.7610644 0.5347392
vt 0.7610644 0.5435191
vt 0.7844774 0.5435191
vt 0.7844774 0.5347392
vt 0.7542356 0.5347392
vt 0.7542356 0.5435191
vt 0.7913062 0.5435191
vt 0.7913062 0.5347392
vt 0.8898357 0.5601032
vt 0.8878846 0.5747364
vt 0.8820314 0.5786385
vt 0.8634961 0.5786385
vt 0.8634961 0.5503478
vt 0.8820314 0.5503478
vt 0.8878846 0.5532745
vt 0.8898357 0.5688831
vt 0.8537407 0.5503478
vt 0.8537407 0.5786385
vt 0.8264256 0.5786385
vt 0.8264256 0.5503478
vt 0.8537407 0.5786385
vt 0.8537407 0.5503478
vt 0.8634961 0.5503478
vt 0.8634961 0.5786385
vt 0.590345 0.5366903
vt 0.5971738 0.5366903
vt 0.5971738 0.5513234
vt 0.590345 0.5513234
vt 0.6049781 0.5513234
vt 0.6049781 0.5366903
vt 0.6118069 0.5513234
vt 0.6118069 0.5366903
vt 0.6196111 0.5513234
vt 0.6196111 0.5366903
vt 0.6264399 0.5513234
vt 0.6264399 0.5366903
vt 0.6332687 0.5513234
vt 0.6332687 0.5366903
vt 0.641073 0.5513234
vt 0.641073 0.5366903
vt 0.6479018 0.5513234
vt 0.6479018 0.5366903
vt 0.6615593 0.5366903
vt 0.6615593 0.5513234
vt 0.8713005 0.5405924
vt 0.8908112 0.5279104
vt 0.884958 0.5405924
vt 0.8781292 0.5425435
vt 0.8781292 0.5152284
vt 0.8634961 0.5279104
vt 0.8654472 0.5347392
vt 0.8654472 0.5210816
vt 0.8888602 0.5210816
vt 0.8888602 0.5347392
vt 0.8888602 0.5074241
vt 0.8781292 0.5074241
vt 0.8654472 0.5074241
vt 0.6127824 0.5893694
vt 0.6010759 0.5952227
vt 0.6127824 0.5757118
vt 0.5893694 0.5757118
vt 0.5893694 0.5893694
vt 0.5874183 0.5825406
vt 0.6010759 0.5688831
vt 0.5942471 0.5708342
vt 0.6079047 0.5708342
vt 0.6147335 0.5825406
vt 0.5893694 0.6040025
vt 0.6010759 0.6040025
vt 0.6127824 0.6040025
vt 0.5766874 0.5513234
vt 0.5766874 0.5366903
vt 0.7776486 0.505473
vt 0.7835019 0.505473
vt 0.7835019 0.5337636
vt 0.7776486 0.5337636
vt 0.7717954 0.505473
vt 0.7717954 0.5337636
vt 0.7659422 0.505473
vt 0.7659422 0.5337636
vt 0.7600889 0.505473
vt 0.7600889 0.5337636
vt 0.7532601 0.505473
vt 0.7532601 0.5337636
vt 0.7474069 0.505473
vt 0.7474069 0.5337636
vt 0.7415537 0.505473
vt 0.7415537 0.5337636
vt 0.7893551 0.5337636
vt 0.7893551 0.505473
vt 0.7405781 0.55425
vt 0.7503335 0.5366903
vt 0.7503335 0.5483968
vt 0.7464314 0.5522989
vt 0.7298471 0.5366903
vt 0.7298471 0.5483968
vt 0.7347249 0.5522989
vt 0.7288716 0.5425435
vt 0.751309 0.5425435
vt 0.7230184 0.6274155
vt 0.7405781 0.6371709
vt 0.7171651 0.6371709
vt 0.7191162 0.6313176
vt 0.7347249 0.6274155
vt 0.7288716 0.6254644
vt 0.7396026 0.6313176
vt 0.7396026 0.6430241
vt 0.7191162 0.6430241
vt 0.3562154 0.6235133
vt 0.3620687 0.6596083
vt 0.4069435 0.6664371
vt 0.4235277 0.6235133
vt 0.4371852 0.6713148
vt 0.3620687 0.6713148
vt 0.405968 0.6781436
vt 0.4362097 0.6830212
vt 0.4635248 0.6781436
vt 0.4645003 0.6654615
vt 0.3493866 0.6576572
vt 0.3093895 0.651804
vt 0.2996341 0.6235133
vt 0.3093895 0.6625349
vt 0.3493866 0.6693637
vt 0.467427 0.6420486
vt 0.4703536 0.6235133
vt 0.5025464 0.641073
vt 0.5035219 0.6235133
vt 0.7639911 0.7503335
vt 0.7717954 0.7425292
vt 0.738627 0.7366759
vt 0.7396026 0.7503335
vt 0.7698443 0.7122874
vt 0.7376515 0.7122874
vt 0.700581 0.7122874
vt 0.6996054 0.7366759
vt 0.6683881 0.7122874
vt 0.6664371 0.7425292
vt 0.6742414 0.7503335
vt 0.6986299 0.7503335
vt 0.2293952 0.6683881
vt 0.2323219 0.6918011
vt 0.2508571 0.6918011
vt 0.2508571 0.6586328
vt 0.2293952 0.6810701
vt 0.2323219 0.6586328
vt 0.272319 0.6586328
vt 0.272319 0.6918011
vt 0.2869521 0.6752169
vt 0.2869521 0.6888745
vt 0.2869521 0.6918011
vt 0.2869521 0.6605839
vt 0.2869521 0.6586328
vt 0.297683 0.68985
vt 0.297683 0.6918011
vt 0.297683 0.6605839
vt 0.297683 0.6576572
vt 0.6664371 0.6908256
vt 0.7113119 0.6839968
vt 0.7025321 0.6615593
vt 0.6625349 0.6683881
vt 0.6527795 0.6869234
vt 0.6498529 0.6703392
vt 0.6079047 0.6937522
vt 0.6049781 0.677168
vt 0.5747364 0.68985
vt 0.5747364 0.6820457
vt 0.5464457 0.6849723
vt 0.5483968 0.677168
vt 0.03233619 0.6615593
vt 0.03233619 0.6439996
vt 0.01575202 0.6527795
vt 0.02453188 0.6615593
vt 0.01575202 0.628391
vt 0.02355634 0.628391
vt 0.1094038 0.628391
vt 0.100624 0.6439996
vt 0.1172082 0.628391
vt 0.1172082 0.6527795
vt 0.100624 0.6615593
vt 0.1094038 0.6615593
vt 0.1094038 0.6098558
vt 0.06648009 0.6098558
vt 0.02355634 0.6098558
vt 0.5483968 0.677168
vt 0.5747364 0.6820457
vt 0.5737608 0.6703392
vt 0.5474212 0.6654615
vt 0.6049781 0.677168
vt 0.6049781 0.6664371
vt 0.5874183 0.6225378
vt 0.6557061 0.6225378
vt 0.6498529 0.6586328
vt 0.5435191 0.641073
vt 0.6498529 0.6703392
vt 0.6625349 0.6683881
vt 0.6615593 0.6576572
vt 0.7025321 0.6615593
vt 0.7015565 0.6508284
vt 0.7113119 0.6225378
vt 0.5405924 0.6225378
vt 0.5083996 0.6400975
vt 0.5083996 0.6225378
vt 0.7991105 0.6966788
vt 0.7903306 0.7308227
vt 0.8586184 0.7308227
vt 0.8498386 0.6966788
vt 0.7903306 0.7483824
vt 0.8586184 0.7483824
vt 0.7903306 0.7532601
vt 0.8586184 0.7532601
vt 0.7991105 0.6488774
vt 0.8498386 0.6488774
vt 0.8439853 0.6361954
vt 0.8059393 0.6361954
vt 0.8439853 0.5883939
vt 0.8059393 0.5883939
vt 0.4362097 0.6908256
vt 0.4362097 0.6830212
vt 0.405968 0.6781436
vt 0.4040169 0.6947277
vt 0.4645003 0.6859479
vt 0.4635248 0.6781436
vt 0.3620687 0.6713148
vt 0.359142 0.6878989
vt 0.3493866 0.6693637
vt 0.3454845 0.6918011
vt 0.3093895 0.6625349
vt 0.3006096 0.6849723
vt 0.8683738 0.6566817
vt 0.874227 0.7064342
vt 0.874227 0.6557061
vt 0.8625206 0.7035076
vt 0.8625206 0.6576572
vt 0.8771537 0.7425292
vt 0.8625206 0.7357004
vt 0.8732515 0.7610644
vt 0.8878846 0.7561867
vt 0.8898357 0.7610644
vt 0.8673983 0.6430241
vt 0.874227 0.6420486
vt 0.8625206 0.6001003
vt 0.8732515 0.5932716
vt 0.8625206 0.6439996
vt 0.8869091 0.6800946
vt 0.8917868 0.6303421
vt 0.8800803 0.6332687
vt 0.8800803 0.6791191
vt 0.8947134 0.5952227
vt 0.8800803 0.6010759
vt 0.8908112 0.5757118
vt 0.9064199 0.5805896
vt 0.908371 0.5757118
vt 0.8917868 0.6810701
vt 0.8800803 0.6927766
vt 0.884958 0.6937522
vt 0.8800803 0.7366759
vt 0.8917868 0.6947277
vt 0.8898357 0.7435047
vt 0.6839968 0.5991248
vt 0.6722903 0.5991248
vt 0.6713148 0.6176601
vt 0.6820457 0.6176601
vt 0.6625349 0.6176601
vt 0.6625349 0.5991248
vt 0.6918011 0.6176601
vt 0.6957033 0.5991248
vt 0.6996054 0.6176601
vt 0.7054586 0.5991248
vt 0.6722903 0.5698586
vt 0.6830212 0.5698586
vt 0.6625349 0.5698586
vt 0.7025321 0.5698586
vt 0.6937522 0.5698586
vt 0.6527795 0.5991248
vt 0.6527795 0.6176601
vt 0.6625349 0.6176601
vt 0.6625349 0.5991248
vt 0.641073 0.5991248
vt 0.6420486 0.6176601
vt 0.6313176 0.6176601
vt 0.6293666 0.5991248
vt 0.6235133 0.6176601
vt 0.6196111 0.5991248
vt 0.6625349 0.5698586
vt 0.6527795 0.5698586
vt 0.6420486 0.5698586
vt 0.6313176 0.5698586
vt 0.6225378 0.5698586
vt 0.1328168 0.9269062
vt 0.1406211 0.9142242
vt 0.1211103 0.9171508
vt 0.125988 0.9249551
vt 0.1298902 0.9034932
vt 0.1230614 0.908371
vt 0.136719 0.9064199
vt 0.13867 0.923004
vt 0.1406211 0.9503192
vt 0.1406211 0.9317839
vt 0.125988 0.9503192
vt 0.1328168 0.9542213
vt 0.125988 0.9317839
vt 0.1220859 0.9415393
vt 0.1328168 0.9288573
vt 0.1435477 0.9415393
vt 0.01087432 0.6742414
vt 0.01087432 0.6761925
vt 0.1162326 0.6742414
vt 0.1162326 0.6713148
vt 0.01087432 0.6732659
vt 0.1162326 0.6683881
vt 0.01087432 0.6761925
vt 0.01087432 0.6781436
vt 0.1162326 0.677168
vt 0.1162326 0.6742414
vt 0.1162326 0.6800946
vt 0.01087432 0.6800946
vt 0.1162326 0.6830212
vt 0.01087432 0.6820457
vt 0.01087432 0.6820457
vt 0.01087432 0.6830212
vt 0.1162326 0.6859479
vt 0.1162326 0.6830212
vt 0.01087432 0.6830212
vt 0.01087432 0.6849723
vt 0.1162326 0.6888745
vt 0.1162326 0.6859479
vt 0.01087432 0.6713148
vt 0.01087432 0.6732659
vt 0.1162326 0.6683881
vt 0.1162326 0.6654615
vt 0.9249551 0.6654615
vt 0.9249551 0.6420486
vt 0.9015422 0.6654615
vt 0.9132487 0.6703392
vt 0.9015422 0.6420486
vt 0.8966644 0.6537551
vt 0.9132487 0.6381464
vt 0.9298328 0.6537551
vt 0.4430385 0.8683738
vt 0.4430385 0.8449609
vt 0.4274298 0.8449609
vt 0.4274298 0.8683738
vt 0.518155 0.4762068
vt 0.5435191 0.4762068
vt 0.5435191 0.4508428
vt 0.518155 0.4508428
vt 0.518155 0.4508428
vt 0.5435191 0.4508428
vt 0.5435191 0.4303564
vt 0.518155 0.4303564
vt 0.5640054 0.4508428
vt 0.5435191 0.4508428
vt 0.5435191 0.4762068
vt 0.5640054 0.4869377
vt 0.5435191 0.4762068
vt 0.518155 0.4762068
vt 0.518155 0.4986442
vt 0.5435191 0.4986442
vt 0.4976687 0.4508428
vt 0.4976687 0.4869377
vt 0.518155 0.4762068
vt 0.518155 0.4508428
vt 0.4859622 0.7766731
vt 0.4937665 0.7766731
vt 0.4937665 0.7639911
vt 0.4859622 0.7639911
vt 0.4859622 0.7835019
vt 0.4937665 0.7835019
vt 0.4986442 0.7639911
vt 0.4937665 0.7639911
vt 0.4937665 0.7766731
vt 0.4986442 0.7815508
vt 0.4810845 0.7639911
vt 0.4810845 0.7815508
vt 0.4859622 0.7766731
vt 0.4859622 0.7639911
vt 0.7786242 0.5991248
vt 0.7669176 0.5991248
vt 0.7659422 0.6186356
vt 0.7766731 0.6186356
vt 0.7571623 0.6186356
vt 0.7571623 0.5991248
vt 0.7864285 0.6186356
vt 0.7903306 0.5991248
vt 0.7952083 0.6186356
vt 0.8010616 0.5991248
vt 0.7659422 0.5688831
vt 0.7766731 0.5688831
vt 0.7571623 0.5688831
vt 0.7952083 0.5688831
vt 0.7864285 0.5688831
vt 0.7474069 0.5991248
vt 0.7474069 0.6186356
vt 0.7571623 0.6186356
vt 0.7571623 0.5991248
vt 0.7357004 0.5991248
vt 0.7366759 0.6186356
vt 0.7269205 0.6186356
vt 0.7230184 0.5991248
vt 0.7191162 0.6186356
vt 0.7122874 0.5991248
vt 0.7571623 0.5688831
vt 0.7474069 0.5688831
vt 0.7376515 0.5688831
vt 0.7269205 0.5688831
vt 0.7181407 0.5688831
vt 0.09672182 0.895689
vt 0.1045261 0.8839825
vt 0.08599088 0.8869091
vt 0.08989304 0.8937379
vt 0.0937952 0.874227
vt 0.08696642 0.8781292
vt 0.100624 0.8761781
vt 0.1025751 0.8917868
vt 0.4742557 0.884958
vt 0.4742557 0.8664227
vt 0.4596226 0.884958
vt 0.467427 0.8878846
vt 0.4596226 0.8664227
vt 0.456696 0.8752026
vt 0.467427 0.8625206
vt 0.4771824 0.8752026
vt 0.1201348 0.6752169
vt 0.1201348 0.6761925
vt 0.2254931 0.6742414
vt 0.2254931 0.6713148
vt 0.1201348 0.6732659
vt 0.2254931 0.6683881
vt 0.1201348 0.6761925
vt 0.1201348 0.6781436
vt 0.2254931 0.677168
vt 0.2254931 0.6742414
vt 0.2254931 0.6800946
vt 0.1201348 0.6800946
vt 0.1201348 0.6800946
vt 0.1201348 0.6820457
vt 0.2254931 0.6830212
vt 0.2254931 0.6800946
vt 0.2254931 0.6859479
vt 0.1201348 0.6839968
vt 0.1201348 0.6839968
vt 0.1201348 0.6849723
vt 0.2254931 0.6888745
vt 0.2254931 0.6859479
vt 0.1201348 0.6713148
vt 0.1201348 0.6732659
vt 0.2254931 0.6683881
vt 0.2254931 0.6654615
vt 0.9259307 0.6274155
vt 0.9259307 0.6049781
vt 0.9025177 0.6274155
vt 0.9142242 0.6322932
vt 0.9025177 0.6049781
vt 0.89764 0.6166846
vt 0.9142242 0.6001003
vt 0.9308084 0.6166846
vt 0.4245032 0.8673983
vt 0.4245032 0.8449609
vt 0.407919 0.8449609
vt 0.407919 0.8673983
vt 0.7493579 0.6830212
vt 0.7756975 0.6830212
vt 0.7756975 0.6576572
vt 0.7493579 0.6576572
vt 0.7493579 0.6576572
vt 0.7756975 0.6576572
vt 0.7756975 0.6371709
vt 0.7493579 0.6371709
vt 0.7961839 0.6576572
vt 0.7756975 0.6576572
vt 0.7756975 0.6830212
vt 0.7961839 0.6937522
vt 0.7756975 0.6830212
vt 0.7493579 0.6830212
vt 0.7493579 0.7054586
vt 0.7756975 0.7054586
vt 0.7288716 0.6576572
vt 0.7288716 0.6937522
vt 0.7493579 0.6830212
vt 0.7493579 0.6576572
vt 0.4645003 0.7766731
vt 0.4713291 0.7766731
vt 0.4713291 0.7639911
vt 0.4645003 0.7639911
vt 0.4645003 0.7835019
vt 0.4713291 0.7835019
vt 0.4771824 0.7639911
vt 0.4713291 0.7639911
vt 0.4713291 0.7766731
vt 0.4771824 0.7815508
vt 0.4596226 0.7639911
vt 0.4596226 0.7815508
vt 0.4645003 0.7766731
vt 0.4645003 0.7639911
vt 0.5025464 0.6820457
vt 0.5025464 0.6566817
vt 0.4957176 0.6586328
vt 0.4966931 0.6849723
vt 0.5083996 0.6800946
vt 0.5093752 0.6547306
vt 0.5152284 0.6800946
vt 0.5162039 0.6557061
vt 0.5230327 0.6566817
vt 0.5210816 0.6820457
vt 0.5298615 0.6605839
vt 0.5269349 0.6859479
vt 0.5083996 0.6878989
vt 0.5015709 0.6878989
vt 0.4937665 0.6888745
vt 0.5142528 0.6878989
vt 0.5220572 0.6888745
vt 0.528886 0.6908256
vt 0.5240083 0.651804
vt 0.528886 0.6547306
vt 0.5357147 0.6547306
vt 0.5220572 0.6439996
vt 0.5425435 0.6439996
vt 0.5405924 0.651804
vt 0.1240369 0.8898357
vt 0.1230614 0.8966644
vt 0.1406211 0.8966644
vt 0.13867 0.8898357
vt 0.1289146 0.8869091
vt 0.1337923 0.8869091
vt 0.1425722 0.9015422
vt 0.1406211 0.8966644
vt 0.1230614 0.8966644
vt 0.1211103 0.9015422
vt 0.1884226 0.7981349
vt 0.1825693 0.7981349
vt 0.1825693 0.8205724
vt 0.1884226 0.8205724
vt 0.1942758 0.7981349
vt 0.1942758 0.8205724
vt 0.200129 0.7981349
vt 0.1991535 0.8205724
vt 0.2050067 0.7981349
vt 0.2050067 0.8205724
vt 0.21086 0.7981349
vt 0.21086 0.8205724
vt 0.2167132 0.7981349
vt 0.2167132 0.8205724
vt 0.1776916 0.8205724
vt 0.1767161 0.7981349
vt 0.1718384 0.8205724
vt 0.1708628 0.7981349
vt 0.1884226 0.8293522
vt 0.1835449 0.8293522
vt 0.1991535 0.8293522
vt 0.1942758 0.8293522
vt 0.2098844 0.8293522
vt 0.2040312 0.8293522
vt 0.1786672 0.8293522
vt 0.1737895 0.8293522
vt 0.2147621 0.8293522
vt 0.4625492 0.9005666
vt 0.4664514 0.9044688
vt 0.4703536 0.9034932
vt 0.4732802 0.895689
vt 0.4654759 0.8927623
vt 0.4625492 0.8966644
vt 0.4703536 0.8927623
vt 0.4742557 0.9005666
vt 0.2371996 0.7981349
vt 0.2313463 0.7981349
vt 0.2313463 0.8205724
vt 0.2371996 0.8205724
vt 0.2430528 0.7981349
vt 0.2430528 0.8205724
vt 0.248906 0.7981349
vt 0.248906 0.8205724
vt 0.2547593 0.7981349
vt 0.2537837 0.8205724
vt 0.259637 0.7981349
vt 0.259637 0.8205724
vt 0.2654902 0.7981349
vt 0.2654902 0.8205724
vt 0.2254931 0.8205724
vt 0.2254931 0.7981349
vt 0.2206154 0.8205724
vt 0.2196398 0.7981349
vt 0.2371996 0.8283767
vt 0.2323219 0.8283767
vt 0.2479305 0.8283767
vt 0.2430528 0.8283767
vt 0.2586614 0.8283767
vt 0.2537837 0.8283767
vt 0.2264686 0.8283767
vt 0.2215909 0.8293522
vt 0.2635391 0.8293522
vt 0.08794196 0.9112976
vt 0.09281966 0.9151997
vt 0.09964844 0.9151997
vt 0.1045261 0.9034932
vt 0.09184412 0.8995911
vt 0.08696642 0.9044688
vt 0.0986729 0.8986155
vt 0.1045261 0.910322
vt 0.1279391 0.6391219
vt 0.1289146 0.6566817
vt 0.1357434 0.6566817
vt 0.1347679 0.6381464
vt 0.1806182 0.6459507
vt 0.1737895 0.6459507
vt 0.1728139 0.664486
vt 0.1796427 0.664486
vt 0.1357434 0.6566817
vt 0.1689118 0.6566817
vt 0.1669607 0.6381464
vt 0.1347679 0.6381464
vt 0.1357434 0.6566817
vt 0.1347679 0.6635104
vt 0.1698873 0.6635104
vt 0.1689118 0.6566817
vt 0.2157377 0.6391219
vt 0.1806182 0.6391219
vt 0.1806182 0.6459507
vt 0.2147621 0.6459507
vt 0.1806182 0.6459507
vt 0.1796427 0.664486
vt 0.2128111 0.664486
vt 0.2147621 0.6459507
vt 0.9912918 0.5357147
vt 0.9903163 0.5123018
vt 0.9747077 0.5123018
vt 0.9669033 0.5318125
vt 0.96983 0.5405924
vt 0.9912918 0.5503478
vt 0.9756832 0.55425
vt 0.9854386 0.5708342
vt 0.9932429 0.5698586
vt 0.9893407 0.4498672
vt 0.9737321 0.4498672
vt 0.9737321 0.4732802
vt 0.9971451 0.469378
vt 0.9942185 0.4781579
vt 0.9727566 0.4879133
vt 0.9883652 0.4918154
vt 0.9786098 0.5083996
vt 0.9708055 0.5074241
vt 0.9610501 0.9932429
vt 0.9610501 0.9786098
vt 0.9512947 0.9786098
vt 0.9512947 0.9932429
vt 0.9473925 0.8137436
vt 0.9376372 0.8137436
vt 0.9376372 0.8342299
vt 0.9473925 0.8342299
vt 0.9473925 0.8039882
vt 0.9376372 0.8039882
vt 0.9473925 0.7903306
vt 0.9376372 0.7903306
vt 0.9473925 0.7708198
vt 0.9376372 0.7708198
vt 0.9376372 0.7630155
vt 0.9376372 0.7708198
vt 0.9473925 0.7708198
vt 0.9473925 0.7630155
vt 0.9512947 0.9405637
vt 0.9610501 0.9405637
vt 0.9610501 0.921053
vt 0.9512947 0.921053
vt 0.9512947 0.9561724
vt 0.9610501 0.9561724
vt 0.9512947 0.9786098
vt 0.9610501 0.9786098
vt 0.9981206 0.5815651
vt 0.9981206 0.5737608
vt 0.9727566 0.5737608
vt 0.9727566 0.5815651
vt 0.9981206 0.5893694
vt 0.9981206 0.5815651
vt 0.9727566 0.5815651
vt 0.9727566 0.5893694
vt 0.9981206 0.5971738
vt 0.9981206 0.5893694
vt 0.9727566 0.5893694
vt 0.9727566 0.5971738
vt 0.9981206 0.6049781
vt 0.9727566 0.6049781
vt 0.9981206 0.6127824
vt 0.9981206 0.6049781
vt 0.9727566 0.6049781
vt 0.9727566 0.6127824
vt 0.9981206 0.6215622
vt 0.9727566 0.6215622
vt 0.9981206 0.6293666
vt 0.9981206 0.6215622
vt 0.9727566 0.6215622
vt 0.9727566 0.6293666
vt 0.9981206 0.6371709
vt 0.9981206 0.6293666
vt 0.9727566 0.6293666
vt 0.9727566 0.6371709
vt 0.9864141 0.664486
vt 0.9776343 0.6742414
vt 0.9961695 0.6742414
vt 0.9932429 0.6674126
vt 0.9864141 0.6849723
vt 0.9932429 0.6810701
vt 0.9795853 0.6810701
vt 0.9795853 0.6674126
vt 0.9805609 0.6439996
vt 0.9805609 0.6586328
vt 0.9942185 0.6439996
vt 0.9873897 0.641073
vt 0.9942185 0.6586328
vt 0.9971451 0.6508284
vt 0.9873897 0.6615593
vt 0.9776343 0.6508284
vt 0.8771537 0.4245032
vt 0.8947134 0.4069435
vt 0.8244745 0.4069435
vt 0.8205724 0.4245032
vt 0.8683738 0.4410874
vt 0.8186213 0.4410874
vt 0.959099 0.4225521
vt 0.9025177 0.4225521
vt 0.9064199 0.4401118
vt 0.9786098 0.4401118
vt 0.9512947 0.405968
vt 0.9005666 0.405968
vt 0.9912918 0.9064199
vt 0.9864141 0.9064199
vt 0.9864141 0.923004
vt 0.9912918 0.923004
vt 0.9912918 0.8908112
vt 0.9864141 0.8908112
vt 0.9864141 0.8410587
vt 0.9864141 0.8908112
vt 0.9912918 0.8908112
vt 0.9912918 0.8410587
vt 0.9912918 0.8225234
vt 0.9864141 0.8225234
vt 0.9864141 0.8410587
vt 0.9912918 0.8410587
vt 0.9912918 0.7991105
vt 0.9864141 0.7991105
vt 0.9864141 0.923004
vt 0.9864141 0.9942185
vt 0.9912918 0.9942185
vt 0.9912918 0.923004
vt 0.7366759 0.4293809
vt 0.7249694 0.4293809
vt 0.7249694 0.4381607
vt 0.7366759 0.4381607
vt 0.713263 0.4381607
vt 0.713263 0.4293809
vt 0.7493579 0.4293809
vt 0.7366759 0.4293809
vt 0.7366759 0.4381607
vt 0.7493579 0.4381607
vt 0.7610644 0.4293809
vt 0.7610644 0.4381607
vt 0.7737464 0.4293809
vt 0.7737464 0.4381607
vt 0.7854529 0.4293809
vt 0.7854529 0.4381607
vt 0.7971594 0.4293809
vt 0.7854529 0.4293809
vt 0.7854529 0.4381607
vt 0.7971594 0.4381607
vt 0.8098415 0.4293809
vt 0.8098415 0.4381607
vt 0.9990962 0.7405781
vt 0.9834875 0.7239939
vt 0.9834875 0.7571623
vt 0.9942185 0.7522846
vt 0.9669033 0.7405781
vt 0.971781 0.7522846
vt 0.971781 0.7288716
vt 0.9942185 0.7288716
vt 0.9708055 0.713263
vt 0.9932429 0.713263
vt 0.9708055 0.68985
vt 0.9669033 0.7015565
vt 0.9932429 0.68985
vt 0.982512 0.6849723
vt 0.9981206 0.7015565
vt 0.982512 0.7181407
vt 0.9171508 0.7942328
vt 0.9181263 0.8527652
vt 0.9239796 0.8527652
vt 0.921053 0.7942328
vt 0.9122731 0.7942328
vt 0.9122731 0.8527652
vt 0.908371 0.7942328
vt 0.9064199 0.8527652
vt 0.9044688 0.7942328
vt 0.9015422 0.8527652
vt 0.9005666 0.7942328
vt 0.895689 0.8527652
vt 0.8966644 0.7942328
vt 0.8898357 0.8517897
vt 0.9288573 0.8527652
vt 0.9249551 0.7942328
vt 0.9347105 0.8517897
vt 0.9288573 0.7942328
vt 0.9132487 0.677168
vt 0.9161752 0.677168
vt 0.9191019 0.677168
vt 0.9073954 0.677168
vt 0.910322 0.677168
vt 0.9249551 0.677168
vt 0.9220285 0.677168
vt 0.9044688 0.677168
vt 0.9015422 0.677168
vt 0.8781292 0.8010616
vt 0.8703249 0.8078904
vt 0.884958 0.8078904
vt 0.8830069 0.8030127
vt 0.8781292 0.8147191
vt 0.8830069 0.812768
vt 0.8722759 0.812768
vt 0.8722759 0.8030127
vt 0.8888602 0.7913062
vt 0.8888602 0.7698443
vt 0.8664227 0.7913062
vt 0.8781292 0.7961839
vt 0.8664227 0.7698443
vt 0.8625206 0.7805752
vt 0.8781292 0.7659422
vt 0.8937379 0.7805752
vt 0.9171508 0.7942328
vt 0.9181263 0.8527652
vt 0.9239796 0.8527652
vt 0.921053 0.7942328
vt 0.9122731 0.7942328
vt 0.9122731 0.8527652
vt 0.908371 0.7942328
vt 0.9064199 0.8527652
vt 0.9044688 0.7942328
vt 0.9015422 0.8527652
vt 0.9005666 0.7942328
vt 0.895689 0.8527652
vt 0.8966644 0.7942328
vt 0.8898357 0.8517897
vt 0.9288573 0.8527652
vt 0.9249551 0.7942328
vt 0.9347105 0.8517897
vt 0.9288573 0.7942328
vt 0.9132487 0.677168
vt 0.9161752 0.677168
vt 0.9191019 0.677168
vt 0.9073954 0.677168
vt 0.910322 0.677168
vt 0.9249551 0.677168
vt 0.9220285 0.677168
vt 0.9044688 0.677168
vt 0.9015422 0.677168
vt 0.8781292 0.8010616
vt 0.8703249 0.8078904
vt 0.884958 0.8078904
vt 0.8830069 0.8030127
vt 0.8781292 0.8147191
vt 0.8830069 0.812768
vt 0.8722759 0.812768
vt 0.8722759 0.8030127
vt 0.8888602 0.7913062
vt 0.8888602 0.7698443
vt 0.8664227 0.7913062
vt 0.8781292 0.7961839
vt 0.8664227 0.7698443
vt 0.8625206 0.7805752
vt 0.8781292 0.7659422
vt 0.8937379 0.7805752
vt 0.9171508 0.7942328
vt 0.9181263 0.8527652
vt 0.9239796 0.8527652
vt 0.921053 0.7942328
vt 0.9122731 0.7942328
vt 0.9122731 0.8527652
vt 0.908371 0.7942328
vt 0.9064199 0.8527652
vt 0.9044688 0.7942328
vt 0.9015422 0.8527652
vt 0.9005666 0.7942328
vt 0.895689 0.8527652
vt 0.8966644 0.7942328
vt 0.8898357 0.8517897
vt 0.9288573 0.8527652
vt 0.9249551 0.7942328
vt 0.9347105 0.8517897
vt 0.9288573 0.7942328
vt 0.9132487 0.677168
vt 0.9161752 0.677168
vt 0.9191019 0.677168
vt 0.9073954 0.677168
vt 0.910322 0.677168
vt 0.9249551 0.677168
vt 0.9220285 0.677168
vt 0.9044688 0.677168
vt 0.9015422 0.677168
vt 0.8781292 0.8010616
vt 0.8703249 0.8078904
vt 0.884958 0.8078904
vt 0.8830069 0.8030127
vt 0.8781292 0.8147191
vt 0.8830069 0.812768
vt 0.8722759 0.812768
vt 0.8722759 0.8030127
vt 0.8888602 0.7913062
vt 0.8888602 0.7698443
vt 0.8664227 0.7913062
vt 0.8781292 0.7961839
vt 0.8664227 0.7698443
vt 0.8625206 0.7805752
vt 0.8781292 0.7659422
vt 0.8937379 0.7805752
vt 0.3357291 0.2469549
vt 0.3357291 0.2528082
vt 0.3523133 0.2528082
vt 0.3523133 0.2469549
vt 0.9288573 0.5113263
vt 0.9288573 0.5025464
vt 0.8937379 0.5025464
vt 0.8927623 0.5113263
vt 0.9288573 0.5201061
vt 0.8927623 0.5201061
vt 0.9288573 0.528886
vt 0.8927623 0.528886
vt 0.9288573 0.5386413
vt 0.8927623 0.5376658
vt 0.9288573 0.5474212
vt 0.8927623 0.5474212
vt 0.9288573 0.5562011
vt 0.8927623 0.5562011
vt 0.9288573 0.5649809
vt 0.8927623 0.5649809
vt 0.9288573 0.5737608
vt 0.8927623 0.5737608
vt 0.8937379 0.4937665
vt 0.9288573 0.4937665
vt 0.8937379 0.4849867
vt 0.9288573 0.4849867
vt 0.9610501 0.7600889
vt 0.9483681 0.7766731
vt 0.9815364 0.7659422
vt 0.971781 0.7600889
vt 0.9815364 0.787404
vt 0.984463 0.7766731
vt 0.9610501 0.7932572
vt 0.971781 0.7932572
vt 0.9522702 0.787404
vt 0.9522702 0.7659422
vt 0.9815364 0.787404
vt 0.9815364 0.7659422
vt 0.9610501 0.7932572
vt 0.971781 0.7932572
vt 0.9483681 0.7766731
vt 0.9522702 0.787404
vt 0.9610501 0.7600889
vt 0.9522702 0.7659422
vt 0.971781 0.7600889
vt 0.984463 0.7766731
vt 0.910322 0.3445089
vt 0.9181263 0.3045118
vt 0.8459364 0.3249981
vt 0.8576429 0.3484111
vt 0.8059393 0.3601176
vt 0.7922817 0.333778
vt 0.7405781 0.3884082
vt 0.7278961 0.3386557
vt 0.6761925 0.4001147
vt 0.6859479 0.405968
vt 0.7230184 0.4098701
vt 0.6957033 0.4166989
vt 0.7035076 0.4401118
vt 0.6878989 0.3562154
vt 0.2557348 0.3259737
vt 0.1825693 0.3054873
vt 0.1903736 0.3454845
vt 0.2440283 0.3493866
vt 0.2967075 0.3610931
vt 0.308414 0.333778
vt 0.3610931 0.3893838
vt 0.3727996 0.3396312
vt 0.4245032 0.4010902
vt 0.4127967 0.3562154
vt 0.4147478 0.4069435
vt 0.4166989 0.3289003
vt 0.3776773 0.4108456
vt 0.4049924 0.4166989
vt 0.3971881 0.4410874
vt 0.4518183 0.3737751
vt 0.4605982 0.3181694
vt 0.4732802 0.3542643
vt 0.272319 0.006972159
vt 0.272319 0.01380094
vt 0.3435334 0.0128254
vt 0.3435334 0.007947699
vt 0.2206154 0.005021079
vt 0.2206154 0.01575202
vt 0.1591564 0.005996619
vt 0.1591564 0.01477648
vt 0.1172082 0.01477648
vt 0.1172082 0.005996619
vt 0.0742844 0.005021079
vt 0.0742844 0.01575202
vt 0.3093895 0.4605982
vt 0.3367046 0.4605982
vt 0.3367046 0.4527939
vt 0.3367046 0.4449895
vt 0.3093895 0.4449895
vt 0.2918298 0.4449895
vt 0.2918298 0.4605982
vt 0.8761781 0.3903593
vt 0.9151997 0.3903593
vt 0.9151997 0.3796284
vt 0.8761781 0.3796284
vt 0.8556918 0.3903593
vt 0.8556918 0.3796284
vt 0.8342299 0.3796284
vt 0.8342299 0.3903593
vt 0.9747077 0.3376802
vt 0.9415393 0.3630442
vt 0.9708055 0.3601176
vt 0.9659278 0.382555
vt 0.9425148 0.3835305
vt 0.9434904 0.4040169
vt 0.9669033 0.405968
vt 0.9795853 0.3893838
vt 0.9815364 0.407919
vt 0.9181263 0.3835305
vt 0.9142242 0.3630442
vt 0.9405637 0.3415823
vt 0.8947134 0.3484111
vt 0.5093752 0.3493866
vt 0.4742557 0.3454845
vt 0.5083996 0.3708485
vt 0.5347392 0.3708485
vt 0.5552256 0.3562154
vt 0.5318125 0.3913348
vt 0.5074241 0.3923104
vt 0.4830356 0.3903593
vt 0.505473 0.4118212
vt 0.4830356 0.4137723
vt 0.469378 0.3971881
vt 0.467427 0.4157234
vt 0.4791334 0.3679219
vt 0.3620687 0.4605982
vt 0.3620687 0.4527939
vt 0.3367046 0.4527939
vt 0.3367046 0.4605982
vt 0.3367046 0.4449895
vt 0.3620687 0.4449895
vt 0.8215479 0.3903593
vt 0.8215479 0.3796284
vt 0.8049637 0.3796284
vt 0.8049637 0.3903593
vt 0.8342299 0.3903593
vt 0.8342299 0.3796284
vt 0.8215479 0.3796284
vt 0.8215479 0.3903593
vt 0.3006096 0.1425722
vt 0.3006096 0.1376945
vt 0.2820744 0.136719
vt 0.2820744 0.1445233
vt 0.2684168 0.136719
vt 0.2684168 0.1464743
vt 0.3298758 0.1425722
vt 0.2684168 0.1415966
vt 0.2167132 0.136719
vt 0.2176888 0.1503765
vt 0.382555 0.009898779
vt 0.3435334 0.007947699
vt 0.3435334 0.0128254
vt 0.6878989 0.3562154
vt 0.6400975 0.3171938
vt 0.6274155 0.3532888
vt 0.3903593 0.4527939
vt 0.3620687 0.4527939
vt 0.3620687 0.4605982
vt 0.3620687 0.4449895
vt 0.5171795 0.3045118
vt 0.5454701 0.3474356
vt 0.4645003 0.308414
vt 0.5698586 0.2996341
vt 0.5620543 0.2176888
vt 0.5074241 0.2840255
vt 0.5123018 0.3015852
vt 0.6313176 0.323047
vt 0.6264399 0.3035363
vt 0.5815651 0.2791478
vt 0.55425 0.3971881
vt 0.55425 0.4225521
vt 0.5747364 0.4225521
vt 0.5747364 0.3971881
vt 0.5942471 0.4225521
vt 0.5942471 0.3884082
vt 0.6088802 0.4225521
vt 0.6088802 0.3854816
vt 0.6235133 0.3884082
vt 0.6235133 0.4225521
vt 0.6430241 0.3971881
vt 0.6430241 0.4225521
vt 0.6635104 0.3971881
vt 0.6635104 0.4225521
vt 0.6430241 0.4225521
vt 0.6635104 0.4225521
vt 0.6635104 0.3971881
vt 0.6430241 0.3971881
vt 0.6235133 0.4225521
vt 0.6235133 0.3884082
vt 0.6088802 0.4225521
vt 0.6088802 0.3845061
vt 0.5942471 0.3884082
vt 0.5942471 0.4225521
vt 0.5747364 0.3971881
vt 0.5747364 0.4225521
vt 0.55425 0.3971881
vt 0.55425 0.4225521
vt 0.6635104 0.4254787
vt 0.6498529 0.4254787
vt 0.6498529 0.431332
vt 0.6635104 0.431332
vt 0.6498529 0.4254787
vt 0.6264399 0.4254787
vt 0.6264399 0.4303564
vt 0.6498529 0.4303564
vt 0.6059536 0.4303564
vt 0.6059536 0.4254787
vt 0.5922961 0.4303564
vt 0.5922961 0.4254787
vt 0.5786385 0.4254787
vt 0.5786385 0.4303564
vt 0.5640054 0.4254787
vt 0.5640054 0.4303564
vt 0.5522989 0.4254787
vt 0.5522989 0.4303564
vt 0.5522989 0.4254787
vt 0.5522989 0.4303564
vt 0.5640054 0.4303564
vt 0.5640054 0.4254787
vt 0.5786385 0.4303564
vt 0.5786385 0.4254787
vt 0.5922961 0.4303564
vt 0.5922961 0.4254787
vt 0.6059536 0.4254787
vt 0.6059536 0.4303564
vt 0.6264399 0.4254787
vt 0.6264399 0.4303564
vt 0.6498529 0.4254787
vt 0.6498529 0.4303564
vt 0.6498529 0.4303564
vt 0.6635104 0.4303564
vt 0.6635104 0.4254787
vt 0.6498529 0.4254787
vn -0.9604815 -0.2783437 0
vn -0.9372476 -0.3019585 0.1743214
vn -0.9450908 -0.3019585 0.1249979
vn -0.9372476 -0.2784293 0.2098667
vn -0.9294046 -0.2549 0.2668951
vn -0.9294046 -0.2313708 0.2875319
vn -0.9137185 -0.145097 0.3795595
vn -0.9058753 -0.1294108 0.4032899
vn -0.9058753 -0.09803849 0.4120417
vn -0.9686199 -0.2078416 -0.1362984
vn -0.9747856 -0.2231437 0
vn -0.9529338 -0.1999985 -0.2278548
vn -0.9607769 -0.2156847 -0.174321
vn -0.9529338 -0.2392139 -0.1862631
vn -0.9607769 -0.2392139 -0.1403012
vn -0.9282063 -0.3720658 0
vn -0.9843061 -0.1215677 -0.1279172
vn -0.9921492 -0.003921568 -0.1249981
vn 0.9450908 -0.3019585 0.1249974
vn 0.9372478 -0.3019585 0.1743207
vn 0.9604816 -0.2783437 0
vn 0.9372478 -0.2784293 0.2098661
vn 0.9294047 -0.2549 0.2668949
vn 0.9294047 -0.2313708 0.2875317
vn 0.9137185 -0.145097 0.3795594
vn 0.9058754 -0.1294108 0.4032896
vn 0.9686201 -0.2078416 -0.1362976
vn 0.9747855 -0.2231437 0
vn 0.9529339 -0.1999985 -0.2278543
vn 0.960777 -0.2156847 -0.1743207
vn 0.9529339 -0.2392139 -0.1862624
vn 0.960777 -0.2392139 -0.1403007
vn 0.9282063 -0.3720658 0
vn 0.9843062 -0.1215677 -0.1279163
vn 0.9921493 -0.003921568 -0.1249976
vn 0.9058754 -0.09803849 0.4120414
vn -0.003921509 0.9764631 0.215649
vn -0.003921509 0.9529338 0.3031532
vn -0.003921509 0.9529338 0.3031532
vn -0.003921509 0.9764631 0.215649
vn -0.003921509 0.9999923 -0.000345267
vn -0.003921509 0.9999923 -0.000345267
vn -0.003921509 0.9607769 -0.2772946
vn -0.003921509 0.9607769 -0.2772946
vn -0.003921509 0.8117584 -0.5839803
vn -0.003921509 0.8117584 -0.5839803
vn -0.003921509 0.6470538 -0.7624342
vn -0.003921509 0.6470538 -0.7624342
vn -0.003921509 0.5529369 -0.8332139
vn -0.003921509 0.3803892 0.9248182
vn -0.003921509 0.3803892 0.9248182
vn -0.003921509 0.3803892 0.9248182
vn -0.003921509 0.3803892 0.9248182
vn -0.003921509 0.9921492 -0.1249981
vn -0.003921509 0.9921492 -0.1249981
vn -0.003921509 0.9921492 -0.1249981
vn -0.003921509 0.9921492 -0.1249981
vn -0.9686199 -0.2313708 0.09079061
vn -0.9730572 -0.2305638 0
vn -0.9730572 -0.2305638 0
vn -0.9686199 -0.2313708 0.09079061
vn -0.9747856 -0.2231437 0
vn -0.9747856 -0.2231437 0
vn -0.9686199 -0.2156847 -0.1235132
vn -0.9686199 -0.2078416 -0.1362984
vn -0.9686199 -0.1999985 -0.1475669
vn -0.9686199 -0.1999985 -0.1475669
vn 0.9686201 -0.2313708 0.0907893
vn 0.9686201 -0.2313708 0.0907893
vn 0.9730572 -0.2305638 0
vn 0.9730572 -0.2305638 0
vn 0.9747855 -0.2231437 0
vn 0.9747855 -0.2231437 0
vn 0.9686201 -0.2156847 -0.1235123
vn 0.9686201 -0.2078416 -0.1362976
vn 0.9686201 -0.1999985 -0.1475661
vn 0.9686201 -0.1999985 -0.1475661
vn -0.003921509 0.670583 0.7418242
vn -0.003921509 0.8588169 0.5122677
vn -0.003921509 0.8588169 0.5122677
vn -0.003921509 0.670583 0.7418242
vn -0.003921509 0.9999923 -0.000345267
vn -0.003921509 0.9999923 -0.000345267
vn -0.003921509 0.9529338 -0.3031532
vn -0.003921509 0.9529338 -0.3031532
vn -0.003921509 0.8588169 -0.5122677
vn -0.003921509 0.8588169 -0.5122677
vn -0.003921509 0.7019553 -0.7122102
vn -0.003921509 -0.9686201 -0.2485151
vn -0.003921509 -0.9686201 -0.2485151
vn -0.003921509 -0.9686201 -0.2485151
vn -0.003921509 -0.9686201 -0.2485151
vn -0.003921509 -0.858817 -0.5122675
vn -0.003921509 -0.858817 -0.5122675
vn -0.003921509 -0.6941124 -0.719856
vn -0.003921509 -0.05098003 -0.998692
vn -0.003921509 -0.05098003 -0.998692
vn -0.003921509 -0.05098003 -0.998692
vn -0.003921509 -0.05098003 -0.998692
vn 0.9529339 0.1372538 -0.2703301
vn 0.6470539 0.3490169 -0.6778705
vn 0.7176416 0.5215646 -0.4614769
vn 0.9686201 -0.08235234 -0.2345064
vn 0.8901893 0.1843122 -0.4166438
vn 0.6156816 0.2705861 -0.7400806
vn 0.960777 0.1529399 -0.2313373
vn 0.9764631 0.1058815 -0.1879066
vn 0.9686201 -0.04313695 -0.2447741
vn 0.003921568 0.3411738 -0.9399921
vn 0.9137185 -0.2862723 -0.2883862
vn 0.6941124 -0.6156816 -0.3730204
vn 0.8039154 -0.5372508 -0.2551108
vn 0.8431308 0.4431338 -0.3045699
vn 0.9058754 -0.3960754 -0.1500464
vn 0.9058754 -0.3960754 -0.1500464
vn -0.003921509 -0.9450908 -0.3267842
vn -0.1764692 -0.9137185 -0.3660288
vn 0.8039154 -0.5372508 -0.2551108
vn -0.3960754 -0.7882293 -0.4709765
vn 0.6941124 -0.6156816 -0.3730204
vn -0.9058753 -0.3960754 -0.1500472
vn -0.9215615 -0.3333308 -0.1990351
vn -0.9215615 -0.3333308 -0.1990351
vn 0.450977 0.3803892 -0.807418
vn 0.4823493 0.3254876 -0.8132632
vn 0.4745062 0.3490169 -0.8081034
vn 0.450977 0.3803892 -0.807418
vn 0.5137216 0.2705861 -0.8141703
vn 0.003921568 0.3411738 -0.9399921
vn 0.003921568 0.5058784 -0.8625959
vn 0.6470539 0.3490169 -0.6778705
vn 0.6156816 0.2705861 -0.7400806
vn 0.7176416 0.5215646 -0.4614769
vn 0.003921568 0.8274446 -0.5615337
vn 0.8431308 0.4431338 -0.3045699
vn -0.003921509 0.9450908 -0.3267844
vn -0.6470538 0.3490169 -0.6778706
vn -0.6156815 0.2705861 -0.7400807
vn -0.7176415 0.5215646 -0.4614771
vn -0.8431307 0.4431338 -0.3045703
vn 0.003921568 0.3411738 -0.9399921
vn -0.003921509 -0.3803893 0.9248182
vn -0.003921509 -0.5450939 0.8383659
vn -0.003921509 -0.5450939 0.8383659
vn -0.003921509 -0.3803893 0.9248182
vn 0.003921568 -0.1372539 0.9905281
vn 0.003921568 -0.1372539 0.9905281
vn 0.003921568 0.003921509 0.9999846
vn 0.003921568 0.003921509 0.9999846
vn 0.003921568 -0.0274508 0.9996155
vn 0.003921568 -0.0274508 0.9996155
vn -0.003921509 -0.06666619 0.9977676
vn -0.7176415 0.5215646 -0.4614771
vn -0.6470538 0.3490169 -0.6778706
vn -0.9529338 0.1372538 -0.2703306
vn -0.9686199 -0.08235234 -0.2345069
vn -0.8901892 0.1843122 -0.416644
vn -0.6156815 0.2705861 -0.7400807
vn -0.9607769 0.1529399 -0.2313376
vn -0.9764631 0.1058815 -0.1879069
vn -0.9686199 -0.04313695 -0.2447746
vn 0.003921568 0.3411738 -0.9399921
vn -0.9137185 -0.2862723 -0.2883864
vn -0.3960754 -0.7882293 -0.4709765
vn -0.9215615 -0.3333308 -0.1990351
vn -0.8431307 0.4431338 -0.3045703
vn -0.9058753 -0.3960754 -0.1500472
vn -0.4745061 0.3490169 -0.8081034
vn -0.4823492 0.3254876 -0.8132632
vn -0.4509768 0.3803892 -0.8074181
vn -0.4509768 0.3803892 -0.8074181
vn -0.5137215 0.2705861 -0.8141704
vn -0.9999923 0.003921509 -0.0003449296
vn -0.9999923 0.003921509 -0.0003449296
vn -0.9999923 0.003921509 -0.0003449296
vn -0.9999923 0.003921509 -0.0003449296
vn -0.9999923 0.003921509 -0.0003449296
vn -0.9999923 0.003921509 -0.0003449296
vn -0.9999923 0.003921509 -0.0003449296
vn -0.9999923 0.003921509 -0.0003449296
vn -0.9999923 0.003921509 -0.0003449296
vn 0.9999924 0.003921509 0
vn 0.9999924 0.003921509 0
vn 0.9999924 0.003921509 0
vn 0.9999924 0.003921509 0
vn 0.9999924 0.003921509 0
vn 0.9999924 0.003921509 0
vn 0.9999924 0.003921509 0
vn 0.9999924 0.003921509 0
vn 0.9999924 0.003921509 0
vn -0.003921509 -0.1921554 -0.9813567
vn -0.003921509 -0.1921554 -0.9813567
vn -0.003921509 -0.1921554 -0.9813567
vn -0.003921509 -0.1921554 -0.9813567
vn -0.003921509 0.7097985 0.7043939
vn -0.003921509 0.7097985 0.7043939
vn -0.003921509 0.7097985 0.7043939
vn -0.003921509 0.7097985 0.7043939
vn -0.003921509 -0.9450908 -0.3267842
vn -0.003921509 -0.9137185 -0.4063288
vn -0.003921509 -0.9137185 -0.4063288
vn -0.003921509 -0.9450908 -0.3267842
vn -0.003921509 -0.7960724 -0.6051888
vn -0.003921509 -0.7960724 -0.6051888
vn -0.003921509 -0.450977 -0.892527
vn -0.003921509 -0.450977 -0.892527
vn -0.003921509 -0.1843123 -0.9828599
vn -0.003921509 -0.1843123 -0.9828599
vn -0.003921509 0.9843061 0.176426
vn -0.003921509 0.9999923 -0.000345267
vn -0.003921509 0.9999923 -0.000345267
vn -0.003921509 0.9843061 0.176426
vn -0.003921509 0.9921492 -0.1249981
vn -0.003921509 0.9921492 -0.1249981
vn -0.003921509 0.9921492 0.1249981
vn -0.003921509 0.9921492 0.1249981
vn -0.003921509 0.9764631 0.215649
vn -0.003921509 0.9764631 0.215649
vn -0.003921509 0.9529338 0.3031532
vn -0.003921509 0.9529338 0.3031532
vn -0.003921509 0.9372476 0.3486424
vn -0.003921509 0.9372476 0.3486424
vn -0.9999923 -0.003921568 -0.0003442513
vn -0.9999923 -0.003921568 -0.0003442513
vn -0.9999923 -0.003921568 -0.0003442513
vn -0.9999923 -0.003921568 -0.0003442513
vn -0.9999923 0.003921509 -0.0003449296
vn -0.9999923 0.003921509 -0.0003449296
vn -0.9999923 -0.003921568 -0.0003442513
vn -0.9999923 -0.003921568 -0.0003442513
vn -0.9999923 -0.003921568 -0.0003442513
vn -0.9999923 -0.003921568 -0.0003442513
vn -0.9999309 -0.01176392 0
vn -0.9843061 -0.1215677 0.1279172
vn -0.9999923 0.003921509 -0.0003449296
vn -0.9686199 -0.1607831 0.1895368
vn 0.9999924 -0.003921568 0
vn 0.9999924 -0.003921568 0
vn 0.9999924 -0.003921568 0
vn 0.9999924 -0.003921568 0
vn 0.9999924 0.003921509 0
vn 0.9999924 0.003921509 0
vn 0.9999924 -0.003921568 0
vn 0.9999924 -0.003921568 0
vn 0.9999924 -0.003921568 0
vn 0.9999924 -0.003921568 0
vn 0.9999309 -0.01176392 0
vn 0.9843062 -0.1215677 0.1279163
vn 0.9999924 0.003921509 0
vn 0.9686201 -0.1607831 0.1895361
vn -0.003921509 0.874503 -0.4850042
vn -0.003921509 0.874503 -0.4850042
vn -0.003921509 0.874503 -0.4850042
vn -0.003921509 0.874503 -0.4850042
vn -0.003921509 -0.9843062 -0.1764254
vn -0.003921509 -0.9843062 0.1764254
vn -0.003921509 -0.9843062 0.1764254
vn -0.003921509 -0.9843062 -0.1764254
vn -0.003921509 -0.8274447 0.5615336
vn -0.003921509 -0.8274447 0.5615336
vn -0.003921509 -0.7882293 0.6153691
vn -0.003921509 -0.7882293 0.6153691
vn -0.003921509 0.670583 0.7418242
vn -0.003921509 0.670583 0.7418242
vn -0.003921509 0.7803861 0.6252857
vn -0.003921509 0.7803861 0.6252857
vn 0.003921568 0.8901892 0.4555742
vn 0.003921568 0.8901892 0.4555742
vn 0.003921568 0.9294046 0.3690416
vn 0.003921568 0.9294046 0.3690416
vn 0.003921568 0.9529338 0.3031532
vn 0.003921568 0.9529338 0.3031532
vn 0.003921568 0.9921492 0.1249981
vn 0.003921568 0.9921492 0.1249981
vn -0.003921509 0.9921492 -0.1249981
vn -0.9998079 -0.01960411 0
vn -0.9998079 -0.01960411 0
vn -0.9921492 -0.04313695 -0.1173844
vn -0.998703 -0.05091431 0
vn -0.9999923 0.003921509 -0.0003449296
vn -0.9999923 0.003921509 -0.0003449296
vn -0.998703 -0.05091431 0
vn -0.998703 -0.05091431 0
vn -0.998703 -0.05091431 0
vn -0.998703 -0.05091431 0
vn -0.998703 -0.05091431 0
vn 0.9921493 -0.04313695 -0.1173839
vn 0.9998079 -0.01960411 0
vn 0.9998079 -0.01960411 0
vn 0.998703 -0.0509143 0
vn 0.9999924 0.003921509 0
vn 0.9999924 0.003921509 0
vn 0.998703 -0.0509143 0
vn 0.998703 -0.0509143 0
vn 0.998703 -0.0509143 0
vn 0.998703 -0.0509143 0
vn 0.998703 -0.0509143 0
vn -0.003921509 -0.9921493 -0.1249976
vn -0.003921509 -0.9921493 -0.1249976
vn -0.003921509 -0.9921493 -0.1249976
vn -0.003921509 -0.9921493 -0.1249976
vn -0.003921509 0.6941123 0.7198561
vn -0.003921509 0.6941123 0.7198561
vn -0.003921509 0.6941123 0.7198561
vn -0.003921509 0.6941123 0.7198561
vn -0.003921509 0.7333276 0.6798641
vn -0.003921509 0.7333276 0.6798641
vn -0.003921509 0.7882292 0.6153693
vn -0.003921509 0.7882292 0.6153693
vn -0.003921509 0.7960722 0.6051889
vn -0.003921509 0.7960722 0.6051889
vn -0.003921509 0.7882292 0.6153693
vn -0.9990709 -0.04309721 0
vn -0.9993777 -0.03527219 0
vn -0.9990709 -0.04309721 0
vn -0.9993777 -0.03527219 0
vn -0.9993777 -0.03527219 0
vn -0.9993777 -0.03527219 0
vn -0.9993777 -0.03527219 0
vn -0.9993777 -0.03527219 0
vn -0.9996234 -0.02744067 0
vn -0.9996234 -0.02744067 0
vn -0.9998079 -0.01960411 0
vn 0.9990709 -0.04309721 0
vn 0.9993777 -0.03527218 0
vn 0.9990709 -0.04309721 0
vn 0.9993777 -0.03527218 0
vn 0.9993777 -0.03527218 0
vn 0.9993777 -0.03527218 0
vn 0.9993777 -0.03527218 0
vn 0.9993777 -0.03527218 0
vn 0.9996234 -0.02744067 0
vn 0.9996234 -0.02744067 0
vn 0.9998079 -0.01960411 0
vn -0.003921509 -0.1999985 0.9797884
vn -0.003921509 -0.1999985 0.9797884
vn -0.003921509 -0.1999985 0.9797884
vn -0.003921509 -0.7490139 0.6625427
vn -0.003921509 -0.7490139 0.6625427
vn -0.003921509 -0.7490139 0.6625427
vn -0.003921509 -0.9450908 0.3267842
vn -0.003921509 -0.9450908 0.3267842
vn -0.003921509 -0.9450908 0.3267842
vn -0.7725431 0.6313677 0.06746878
vn -0.7725431 0.6313677 0.06746878
vn -0.7725431 0.6313677 0.06746878
vn -0.7725431 0.6313677 0.06746878
vn 0.5999954 0.7097985 0.3690415
vn 0.5999954 0.7097985 0.3690415
vn 0.5999954 0.7097985 0.3690415
vn 0.5999954 0.7097985 0.3690415
vn 0.756857 -0.6470539 0.09213454
vn 0.756857 -0.6470539 0.09213454
vn 0.756857 -0.6470539 0.09213454
vn 0.756857 -0.6470539 0.09213454
vn -0.6235245 -0.7411708 -0.2487629
vn -0.6235245 -0.7411708 -0.2487629
vn -0.6235245 -0.7411708 -0.2487629
vn -0.6235245 -0.7411708 -0.2487629
vn -0.003921509 0.003921509 0.9999846
vn 0.2078416 0.2470568 0.9464485
vn 0.2078416 0.2470568 0.9464485
vn -0.003921509 0.003921509 0.9999846
vn 0.3098016 0.3725461 0.8747756
vn 0.3098016 0.3725461 0.8747756
vn 0.15294 0.1843122 0.9708956
vn 0.15294 0.1843122 0.9708956
vn 0.06666619 0.07450914 0.9949895
vn 0.06666619 0.07450914 0.9949895
vn 0.03529388 0.04313684 0.9984456
vn 0.03529388 0.04313684 0.9984456
vn 0.03529388 0.04313684 0.9984456
vn 0.03529388 0.04313684 0.9984456
vn -0.6313677 -0.7490139 0.2008807
vn -0.5921522 -0.7019554 0.3957453
vn -0.5921522 -0.7019554 0.3957453
vn -0.6313677 -0.7490139 0.2008807
vn -0.5686231 -0.6784262 0.4651943
vn -0.5686231 -0.6784262 0.4651943
vn -0.6313677 -0.7490139 0.2008807
vn -0.6313677 -0.7490139 0.2008807
vn -0.6392107 -0.7647001 -0.08150788
vn -0.6392107 -0.7647001 -0.08150788
vn -0.6313677 -0.756857 -0.168945
vn -0.6313677 -0.756857 -0.168945
vn -0.6392107 -0.7647001 0.08150788
vn -0.6392107 -0.7647001 0.08150788
vn -0.6392107 -0.7647001 -0.08150788
vn -0.6392107 -0.7647001 -0.08150788
vn 0.5686231 0.670583 -0.4764307
vn 0.5686231 0.670583 -0.4764307
vn 0.5686231 0.670583 -0.4764307
vn 0.5686231 0.670583 -0.4764307
vn 0.04313695 0.05097997 -0.9977676
vn 0.04313695 0.05097997 -0.9977676
vn 0.04313695 0.05097997 -0.9977676
vn 0.04313695 0.05097997 -0.9977676
vn 0.1843123 0.2156845 -0.9589104
vn 0.1843123 0.2156845 -0.9589104
vn 0.1843123 0.2156845 -0.9589104
vn 0.1843123 0.2156845 -0.9589104
vn -0.7646999 0.6392107 0.08150897
vn -0.7646999 0.6392107 0.08150897
vn -0.7646999 0.6392107 -0.08150897
vn -0.7646999 0.6392107 -0.08150897
vn -0.7646999 0.6392107 -0.08150897
vn -0.7646999 0.6392107 -0.08150897
vn -0.7646999 0.6392107 -0.08150897
vn -0.7646999 0.6392107 -0.08150897
vn -0.7646999 0.6392107 0.08150897
vn -0.7646999 0.6392107 0.08150897
vn -0.7646999 0.6392107 0.08150897
vn -0.7646999 0.6392107 0.08150897
vn -0.7646999 0.6392107 0.08150897
vn -0.7646999 0.6392107 -0.08150897
vn -0.7646999 0.6392107 0.08150897
vn -0.7254846 0.6784261 -0.1158018
vn -0.7097985 0.6941123 -0.1199761
vn -0.6784261 0.7254846 -0.1158017
vn 0.7647001 -0.6392108 -0.08150696
vn 0.7647001 -0.6392108 -0.08150696
vn 0.7633862 -0.6459422 0
vn 0.7647001 -0.6392108 0.08150696
vn 0.756857 -0.6470539 -0.09213454
vn 0.756857 -0.6470539 -0.09213454
vn 0.7647001 -0.6392108 -0.08150696
vn 0.7647001 -0.6392108 -0.08150696
vn 0.7647001 -0.6392108 0.08150696
vn 0.7647001 -0.6392108 -0.08150696
vn 0.7647001 -0.6392108 -0.08150696
vn 0.7647001 -0.6392108 0.08150696
vn 0.7647001 -0.6392108 -0.08150696
vn 0.7647001 -0.6392108 0.08150696
vn 0.7647001 -0.6392108 -0.08150696
vn 0.7960724 -0.5999954 -0.07921037
vn 0.8116088 -0.5842015 0
vn 0.8352877 -0.5450939 -0.0718819
vn 0.552937 0.6548969 -0.5151415
vn 0.552937 0.6548969 -0.5151415
vn 0.5137216 0.6156815 -0.5975168
vn 0.5137216 0.6156815 -0.5975168
vn 0.5843093 0.7019553 -0.4072363
vn 0.5843093 0.7019553 -0.4072363
vn -0.7704607 0.6374876 0
vn -0.7704607 0.6374876 0
vn -0.7704607 0.6374876 0
vn -0.7704607 0.6374876 0
vn 0.5764662 0.6862692 0.4435328
vn 0.5764662 0.6862692 0.4435328
vn 0.5764662 0.6862692 0.4435328
vn 0.5764662 0.6862692 0.4435328
vn 0.7633862 -0.6459422 0
vn 0.7633862 -0.6459422 0
vn 0.7633862 -0.6459422 0
vn 0.7633862 -0.6459422 0
vn 0.7647001 -0.6392108 -0.08150696
vn 0.7647001 -0.6392108 -0.08150696
vn 0.7647001 -0.6392108 -0.08150696
vn 0.7647001 -0.6392108 -0.08150696
vn 0.7647001 -0.6392108 -0.08150696
vn 0.7647001 -0.6392108 -0.08150696
vn 0.7647001 -0.6392108 -0.08150696
vn 0.7647001 -0.6392108 -0.08150696
vn 0.7647001 -0.6392108 -0.08150696
vn 0.7647001 -0.6392108 0.08150696
vn 0.7647001 -0.6392108 0.08150696
vn 0.7647001 -0.6392108 0.08150696
vn 0.7647001 -0.6392108 0.08150696
vn -0.7646999 0.6392107 -0.08150897
vn -0.7646999 0.6392107 -0.08150897
vn -0.7646999 0.6392107 -0.08150897
vn -0.7646999 0.6392107 0.08150897
vn -0.7646999 0.6392107 -0.08150897
vn -0.7646999 0.6392107 0.08150897
vn -0.7646999 0.6392107 0.08150897
vn -0.7646999 0.6392107 0.08150897
vn -0.7646999 0.6392107 0.08150897
vn -0.7646999 0.6392107 0.08150897
vn -0.7646999 0.6392107 0.08150897
vn -0.7646999 0.6392107 0.08150897
vn -0.7646999 0.6392107 0.08150897
vn 0.5137216 0.6156815 -0.5975168
vn 0.6235247 0.7411708 -0.2487628
vn 0.6235247 0.7411708 -0.2487628
vn 0.5137216 0.6156815 -0.5975168
vn 0.6392108 0.7646999 -0.08150824
vn 0.6392108 0.7646999 -0.08150824
vn 0.4352908 0.5215646 -0.7338203
vn 0.4352908 0.5215646 -0.7338203
vn 0.3725462 0.4509768 -0.8110667
vn 0.3725462 0.4509768 -0.8110667
vn 0.3411739 0.4039184 -0.8487934
vn 0.3411739 0.4039184 -0.8487934
vn 0.3254877 0.3882322 -0.8621679
vn 0.3254877 0.3882322 -0.8621679
vn -0.003921509 0.003921509 0.9999846
vn -0.003921509 0.003921509 0.9999846
vn -0.003921509 0.003921509 0.9999846
vn -0.003921509 0.003921509 0.9999846
vn -0.5529369 -0.6627401 0.5050113
vn -0.4980353 -0.5921524 0.6334954
vn -0.4980353 -0.5921524 0.6334954
vn -0.5529369 -0.6627401 0.5050113
vn -0.6156815 -0.7333277 0.2883864
vn -0.6156815 -0.7333277 0.2883864
vn -0.3960754 -0.4745062 0.7861095
vn -0.3960754 -0.4745062 0.7861095
vn -0.6313677 -0.756857 0.168945
vn -0.6313677 -0.756857 0.168945
vn -0.3254876 -0.3882324 0.8621679
vn -0.3254876 -0.3882324 0.8621679
vn -0.6392107 -0.7647001 0.08150788
vn -0.6392107 -0.7647001 0.08150788
vn -0.5215646 -0.6235247 0.5823979
vn -0.5215646 -0.6235247 0.5823979
vn -0.1999984 -0.2392139 0.950146
vn -0.1999984 -0.2392139 0.950146
vn 0.1999985 0.2392138 0.950146
vn 0.1999985 0.2392138 0.950146
vn 0.5215647 0.6235245 0.582398
vn 0.5215647 0.6235245 0.582398
vn 0.6392108 0.7646999 0.08150824
vn 0.6392108 0.7646999 0.08150824
vn 0.5215647 0.6235245 -0.582398
vn 0.5215647 0.6235245 -0.582398
vn 0.1999985 0.2392138 -0.950146
vn 0.1999985 0.2392138 -0.950146
vn -0.1999984 -0.2392139 -0.950146
vn -0.1999984 -0.2392139 -0.950146
vn -0.1999984 -0.2392139 -0.950146
vn -0.1999984 -0.2392139 -0.950146
vn -0.5215646 -0.6235247 -0.5823979
vn -0.5215646 -0.6235247 -0.5823979
vn -0.7646999 0.6392107 -0.08150897
vn -0.7646999 0.6392107 -0.08150897
vn -0.7646999 0.6392107 -0.08150897
vn -0.7646999 0.6392107 0.08150897
vn -0.7646999 0.6392107 0.08150897
vn -0.7646999 0.6392107 -0.08150897
vn -0.7646999 0.6392107 0.08150897
vn -0.7646999 0.6392107 0.08150897
vn -0.7646999 0.6392107 -0.08150897
vn -0.7646999 0.6392107 0.08150897
vn 0.7647001 -0.6392108 0.08150696
vn 0.7647001 -0.6392108 0.08150696
vn 0.7647001 -0.6392108 0.08150696
vn 0.7647001 -0.6392108 -0.08150696
vn 0.7647001 -0.6392108 -0.08150696
vn 0.7647001 -0.6392108 -0.08150696
vn 0.7647001 -0.6392108 -0.08150696
vn 0.7647001 -0.6392108 -0.08150696
vn 0.7647001 -0.6392108 -0.08150696
vn 0.7647001 -0.6392108 -0.08150696
vn -0.7646999 0.6392107 0.08150897
vn -0.7646999 0.6392107 0.08150897
vn -0.7646999 0.6392107 0.08150897
vn -0.7646999 0.6392107 0.08150897
vn 0.7647001 -0.6392108 0.08150696
vn 0.7647001 -0.6392108 0.08150696
vn 0.7647001 -0.6392108 0.08150696
vn 0.7647001 -0.6392108 0.08150696
vn -0.003921509 0.003921509 -0.9999846
vn -0.003921509 0.003921509 -0.9999846
vn -0.003921509 0.003921509 -0.9999846
vn -0.003921509 0.003921509 -0.9999846
vn -0.003921509 0.003921509 0.9999846
vn -0.003921509 0.003921509 0.9999846
vn -0.003921509 0.003921509 0.9999846
vn -0.003921509 0.003921509 0.9999846
vn 0.6392108 0.7646999 -0.08150824
vn 0.6392108 0.7646999 -0.08150824
vn 0.6392108 0.7646999 -0.08150824
vn 0.6392108 0.7646999 -0.08150824
vn -0.9999923 0.003921509 -0.0003449296
vn -0.9999923 0.003921509 -0.0003449296
vn -0.9999923 0.003921509 -0.0003449296
vn -0.9999923 0.003921509 -0.0003449296
vn -0.9999923 0.003921509 -0.0003449296
vn -0.9999923 0.003921509 -0.0003449296
vn -0.9999923 0.003921509 -0.0003449296
vn -0.9999923 0.003921509 -0.0003449296
vn -0.9999923 0.003921509 -0.0003449296
vn 0.9999924 0.003921509 0
vn 0.9999924 0.003921509 0
vn 0.9999924 0.003921509 0
vn 0.9999924 0.003921509 0
vn 0.9999924 0.003921509 0
vn 0.9999924 0.003921509 0
vn 0.9999924 0.003921509 0
vn 0.9999924 0.003921509 0
vn 0.9999924 0.003921509 0
vn -0.003921509 -0.3176447 -0.9482017
vn -0.003921509 -0.3176447 -0.9482017
vn -0.003921509 -0.3176447 -0.9482017
vn -0.003921509 -0.3176447 -0.9482017
vn -0.003921509 -0.9999924 0
vn -0.003921509 -0.9529339 0.3031528
vn -0.003921509 -0.9529339 0.3031528
vn -0.003921509 -0.9999924 0
vn -0.003921509 -0.7960724 0.6051888
vn -0.003921509 -0.7960724 0.6051888
vn -0.003921509 -0.7333277 0.679864
vn -0.003921509 -0.7333277 0.679864
vn -0.003921509 -0.6784262 0.7346581
vn -0.003921509 -0.6784262 0.7346581
vn -0.003921509 0.4901923 0.8716055
vn -0.003921509 0.4901923 0.8716055
vn -0.003921509 0.4901923 0.8716055
vn -0.003921509 0.4901923 0.8716055
vn -0.003921509 0.9058753 -0.4235263
vn -0.003921509 0.9215615 -0.3882126
vn -0.003921509 0.9215615 -0.3882126
vn -0.003921509 0.9058753 -0.4235263
vn -0.003921509 0.9450908 -0.3267844
vn -0.003921509 0.9450908 -0.3267844
vn -0.003921509 0.9450908 -0.3267844
vn -0.003921509 0.9450908 -0.3267844
vn 0.3803893 -0.8509739 0.3621429
vn 0.3803893 -0.8509739 0.3621429
vn 0.7097985 -0.654897 0.2594148
vn 0.7097985 -0.654897 0.2594148
vn 0.9215616 -0.349017 0.1700335
vn 0.9215616 -0.349017 0.1700335
vn 0.9215616 0.3490169 -0.1700336
vn 0.9215616 0.3490169 -0.1700336
vn 0.7097985 0.6548969 -0.2594151
vn 0.7097985 0.6548969 -0.2594151
vn 0.3803893 0.8509738 -0.3621429
vn 0.3803893 0.8509738 -0.3621429
vn -0.3803892 0.8509738 -0.362143
vn -0.3803892 0.8509738 -0.362143
vn -0.7097985 0.6548969 -0.2594152
vn -0.7097985 0.6548969 -0.2594152
vn -0.9215615 0.3490169 -0.1700342
vn -0.9215615 0.3490169 -0.1700342
vn -0.9215615 -0.349017 0.170034
vn -0.9215615 -0.349017 0.170034
vn -0.7097985 -0.654897 0.2594149
vn -0.7097985 -0.654897 0.2594149
vn -0.3803892 -0.8509739 0.3621429
vn -0.3803892 -0.8509739 0.3621429
vn 0.003921568 0.3882322 0.9215532
vn 0.003921568 0.3882322 0.9215532
vn -0.003921509 0.3882322 0.9215532
vn 0.003921568 0.3882322 0.9215532
vn -0.003921509 0.3882322 0.9215532
vn -0.003921509 0.3882322 0.9215532
vn 0.003921568 0.3882322 0.9215532
vn 0.003921568 0.3882322 0.9215532
vn 0.003921568 -0.3882324 -0.9215532
vn 0.003921568 -0.3882324 -0.9215532
vn 0.003921568 -0.3882324 -0.9215532
vn -0.003921509 -0.3882324 -0.9215532
vn -0.003921509 -0.3882324 -0.9215532
vn -0.003921509 -0.3882324 -0.9215532
vn -0.003921509 -0.3882324 -0.9215532
vn -0.003921509 -0.3882324 -0.9215532
vn -0.9999923 0.003921509 -0.0003449296
vn -0.9999923 0.003921509 -0.0003449296
vn -0.9999923 0.003921509 -0.0003449296
vn -0.9999923 0.003921509 -0.0003449296
vn -0.9999923 0.003921509 -0.0003449296
vn -0.9999923 0.003921509 -0.0003449296
vn 0.9999924 0.003921509 0
vn 0.9999924 0.003921509 0
vn 0.9999924 0.003921509 0
vn 0.9999924 0.003921509 0
vn 0.9999924 0.003921509 0
vn 0.9999924 0.003921509 0
vn -0.003921509 -0.247057 -0.968993
vn -0.003921509 -0.2941154 -0.9557618
vn -0.003921509 -0.2941154 -0.9557618
vn -0.003921509 -0.247057 -0.968993
vn -0.003921509 -0.3411739 -0.939992
vn -0.003921509 -0.3411739 -0.939992
vn -0.003921509 -0.8980324 0.4399119
vn -0.003921509 -0.8980324 0.4399119
vn -0.003921509 -0.8980324 0.4399119
vn -0.003921509 -0.8980324 0.4399119
vn -0.003921509 -0.003921568 0.9999846
vn -0.003921509 -0.1686262 0.9856722
vn -0.003921509 -0.1686262 0.9856722
vn -0.003921509 -0.003921568 0.9999846
vn -0.003921509 -0.3333308 0.9428018
vn -0.003921509 -0.3333308 0.9428018
vn -0.003921509 0.8823462 -0.4705847
vn -0.003921509 0.8823462 -0.4705847
vn -0.003921509 0.8823462 -0.4705847
vn -0.003921509 0.8823462 -0.4705847
vn -0.003921509 -0.9215616 0.3882124
vn -0.003921509 -0.9215616 0.3882124
vn -0.003921509 -0.9215616 0.3882124
vn -0.003921509 -0.9215616 0.3882124
vn -0.003921509 -0.3803893 0.9248182
vn -0.003921509 -0.3803893 0.9248182
vn -0.003921509 0.003921509 0.9999846
vn -0.003921509 0.003921509 0.9999846
vn -0.003921509 0.3803892 0.9248182
vn -0.003921509 0.3803892 0.9248182
vn -0.003921509 0.9215615 0.3882126
vn -0.003921509 0.9215615 0.3882126
vn -0.003921509 0.9215615 0.3882126
vn -0.003921509 0.9215615 0.3882126
vn -0.003921509 0.9215615 -0.3882126
vn -0.003921509 0.9215615 -0.3882126
vn -0.003921509 0.7097985 -0.7043939
vn -0.003921509 0.7097985 -0.7043939
vn -0.003921509 0.003921509 -0.9999846
vn -0.003921509 0.003921509 -0.9999846
vn -0.003921509 -0.3803893 -0.9248182
vn -0.003921509 -0.3803893 -0.9248182
vn -0.003921509 -0.9215616 -0.3882124
vn -0.003921509 -0.9215616 -0.3882124
vn -0.003921509 -0.9215616 -0.3882124
vn -0.003921509 -0.9215616 -0.3882124
vn -0.9999923 0.003921509 -0.0003449296
vn -0.9999923 0.003921509 -0.0003449296
vn -0.9999923 0.003921509 -0.0003449296
vn -0.9999923 0.003921509 -0.0003449296
vn -0.9999923 0.003921509 -0.0003449296
vn -0.9999923 0.003921509 -0.0003449296
vn -0.9999923 0.003921509 -0.0003449296
vn -0.9999923 0.003921509 -0.0003449296
vn 0.9999924 0.003921509 0
vn 0.9999924 0.003921509 0
vn 0.9999924 0.003921509 0
vn 0.9999924 0.003921509 0
vn 0.9999924 0.003921509 0
vn 0.9999924 0.003921509 0
vn 0.9999924 0.003921509 0
vn 0.9999924 0.003921509 0
vn 0.9993777 0.03527213 0
vn 0.7097985 0.03529382 0.70352
vn 0.7097985 0.01960766 0.7041318
vn 0.9998079 0.01960405 0
vn -0.003921509 0.01960766 0.9998001
vn -0.003921509 0.03529382 0.9993693
vn -0.7097985 0.01960766 0.7041318
vn -0.7097985 0.03529382 0.7035201
vn -0.9998079 0.01960405 0
vn -0.9993777 0.03527213 0
vn -0.7097985 0.01960766 -0.7041318
vn -0.7097985 0.03529382 -0.7035201
vn -0.003921509 0.01960766 -0.9998001
vn -0.003921509 0.03529382 -0.9993693
vn 0.7097985 0.03529382 -0.70352
vn 0.7097985 0.01960766 -0.7041318
vn -0.003921509 0.03529382 -0.9993693
vn -0.003921509 0.01960766 -0.9998001
vn 0.9999309 0.0117638 0
vn -0.003921509 0.01176453 0.9999231
vn 0.7097985 0.01176453 0.7043065
vn -0.9999309 0.0117638 0
vn -0.7097985 0.01176453 0.7043065
vn -0.003921509 0.01176453 -0.9999231
vn 0.7097985 0.01176453 -0.7043065
vn -0.7097985 0.01176453 -0.7043065
vn -0.003921509 0.01176453 -0.9999231
vn -0.003921509 -0.9999924 0
vn -0.003921509 -0.9999924 0
vn -0.003921509 -0.9999924 0
vn -0.003921509 -0.9999924 0
vn -0.003921509 -0.9999924 0
vn -0.003921509 -0.9999924 0
vn -0.003921509 -0.9999924 0
vn -0.003921509 -0.9999924 0
vn -0.003921509 0.9999923 -0.000345267
vn -0.003921509 0.9999923 -0.000345267
vn -0.003921509 0.9999923 -0.000345267
vn -0.003921509 0.9999923 -0.000345267
vn -0.003921509 0.9999923 -0.000345267
vn -0.003921509 0.9999923 -0.000345267
vn -0.003921509 0.9999923 -0.000345267
vn -0.003921509 0.9999923 -0.000345267
vn -0.003921509 0.003921509 -0.9999846
vn -0.003921509 0.003921509 -0.9999846
vn -0.003921509 0.003921509 -0.9999846
vn -0.003921509 0.003921509 -0.9999846
vn -0.003921509 0.003921509 0.9999846
vn -0.003921509 0.003921509 0.9999846
vn -0.003921509 0.003921509 0.9999846
vn -0.003921509 0.003921509 0.9999846
vn -0.6156815 -0.7333277 -0.2883864
vn -0.6156815 -0.7333277 -0.2883864
vn -0.6156815 -0.7333277 -0.2883864
vn -0.6156815 -0.7333277 -0.2883864
vn -0.7646999 0.6392107 -0.08150897
vn -0.7646999 0.6392107 -0.08150897
vn -0.7646999 0.6392107 -0.08150897
vn -0.7646999 0.6392107 -0.08150897
vn 0.7647001 -0.6392108 0.08150696
vn 0.7647001 -0.6392108 0.08150696
vn 0.7647001 -0.6392108 0.08150696
vn 0.7647001 -0.6392108 0.08150696
vn -0.7646999 0.6392107 0.08150897
vn -0.7633862 0.6459423 0
vn -0.7633862 0.6459423 0
vn -0.7646999 0.6392107 0.08150897
vn -0.7646999 0.6392107 0.08150897
vn -0.7646999 0.6392107 0.08150897
vn -0.7646999 0.6392107 0.08150897
vn -0.7646999 0.6392107 0.08150897
vn -0.756206 0.6543336 0
vn -0.756206 0.6543336 0
vn 0.7647001 -0.6392108 0.08150696
vn 0.7633862 -0.6459422 0
vn 0.7633862 -0.6459422 0
vn 0.7647001 -0.6392108 -0.08150696
vn 0.7647001 -0.6392108 -0.08150696
vn 0.7647001 -0.6392108 -0.08150696
vn 0.7647001 -0.6392108 -0.08150696
vn 0.7647001 -0.6392108 -0.08150696
vn 0.7562059 -0.6543337 0
vn 0.7562059 -0.6543337 0
vn 0.145097 0.1764692 -0.973553
vn 0.0274508 0.03529382 -0.9989999
vn 0.0274508 0.03529382 -0.9989999
vn 0.145097 0.1764692 -0.973553
vn 0.45882 0.5450938 -0.7016815
vn 0.450977 0.5450938 -0.7067479
vn 0.6156816 0.7333276 -0.2883864
vn 0.6156816 0.7333276 -0.2883864
vn 0.6392108 0.7646999 -0.08150824
vn 0.6392108 0.7646999 -0.08150824
vn 0.05882311 0.07450914 -0.9954839
vn 0.05882311 0.07450914 -0.9954839
vn -0.5843092 -0.6941124 0.420465
vn -0.5843092 -0.6941124 0.420465
vn -0.5843092 -0.6941124 0.420465
vn -0.5843092 -0.6941124 0.420465
vn -0.003921509 0.003921509 0.9999846
vn -0.003921509 0.003921509 0.9999846
vn -0.003921509 0.003921509 0.9999846
vn -0.003921509 0.003921509 0.9999846
vn -0.003921509 0.003921509 0.9999846
vn -0.003921509 0.003921509 0.9999846
vn -0.06666613 -0.08235234 0.994371
vn -0.06666613 -0.08235234 0.994371
vn -0.06666613 -0.08235234 0.994371
vn -0.06666613 -0.08235234 0.994371
vn -0.7646999 0.6392107 -0.08150897
vn -0.2392138 0.9686199 -0.06746945
vn -0.2392138 0.9686199 -0.06746945
vn -0.7646999 0.6392107 -0.08150897
vn -0.9977852 0.06651899 0
vn -0.9977852 0.06651899 0
vn -0.8490956 -0.5282393 0
vn -0.8490956 -0.5282393 0
vn -0.3720657 -0.9282063 0
vn -0.3720657 -0.9282063 0
vn 0.2392139 -0.9686201 -0.06746767
vn 0.2392139 -0.9686201 -0.06746767
vn 0.7647001 -0.6392108 -0.08150696
vn 0.7647001 -0.6392108 -0.08150696
vn 0.9977852 -0.06651904 0
vn 0.9977852 -0.06651904 0
vn 0.8490956 0.5282391 0
vn 0.8490956 0.5282391 0
vn 0.3720658 0.9282063 0
vn 0.3720658 0.9282063 0
vn -0.2392138 0.9686199 -0.06746945
vn -0.2392138 0.9686199 -0.06746945
vn -0.003921509 0.003921509 -0.9999846
vn -0.003921509 0.003921509 -0.9999846
vn -0.003921509 0.003921509 -0.9999846
vn -0.003921509 0.003921509 -0.9999846
vn -0.003921509 0.003921509 -0.9999846
vn -0.003921509 0.003921509 -0.9999846
vn -0.003921509 0.003921509 -0.9999846
vn -0.003921509 0.003921509 -0.9999846
vn -0.003921509 0.003921509 -0.9999846
vn -0.003921509 0.003921509 -0.9999846
vn -0.003921509 0.003921509 0.9999846
vn -0.003921509 0.003921509 0.9999846
vn -0.003921509 0.003921509 0.9999846
vn -0.003921509 0.003921509 0.9999846
vn -0.003921509 0.003921509 0.9999846
vn -0.003921509 0.003921509 0.9999846
vn -0.003921509 0.003921509 0.9999846
vn -0.003921509 0.003921509 0.9999846
vn -0.003921509 0.003921509 0.9999846
vn -0.003921509 0.003921509 0.9999846
vn 0.04313695 0.3098015 0.9498222
vn 0.04313695 0.3098015 0.9498222
vn 0.01960772 0.3098015 0.9505991
vn 0.003921568 0.3019584 0.9533131
vn -0.003921509 0.3019584 0.9533131
vn 0.003921568 0.3019584 0.9533131
vn -0.003921509 0.3019584 0.9533131
vn -0.01960766 0.3098015 0.9505991
vn -0.04313684 0.3098015 0.9498222
vn -0.04313684 0.3098015 0.9498222
vn -0.5607799 -0.8274447 0.02934668
vn -0.3411738 -0.9372478 0.07188273
vn -0.3882322 -0.9215616 0
vn -0.5607799 -0.8274447 0.02934668
vn -0.09803843 -0.9921493 0.07764171
vn -0.09803843 -0.9921493 0.07764171
vn 0.09803849 -0.9921493 0.07764171
vn 0.09803849 -0.9921493 0.07764171
vn 0.348974 -0.9371325 0
vn 0.3882324 -0.9215616 0
vn 0.56078 -0.8274447 0.02934465
vn 0.56078 -0.8274447 0.02934465
vn -0.003921509 0.9999923 -0.000345267
vn -0.003921509 0.9999923 -0.000345267
vn -0.003921509 0.9999923 -0.000345267
vn -0.003921509 0.9999923 -0.000345267
vn -0.003921509 0.9999923 -0.000345267
vn -0.003921509 0.9999923 -0.000345267
vn -0.003921509 0.9999923 -0.000345267
vn -0.003921509 0.9999923 -0.000345267
vn -0.1215676 0.9607769 0.2492569
vn -0.04313684 0.9764631 0.2113269
vn -0.3019584 0.9215615 0.2440195
vn -0.3176446 0.8823462 0.3472279
vn -0.3803892 0.9137185 0.1429078
vn 0.1215677 0.9607769 0.2492568
vn 0.04313695 0.9764631 0.2113269
vn 0.003921568 0.9921492 0.1249981
vn 0.003921568 0.9921492 0.1249981
vn 0.3019585 0.9215615 0.2440194
vn 0.3176447 0.8823462 0.3472278
vn 0.3803893 0.9137185 0.1429076
vn 0.3882324 0.9137185 0.1199759
vn 0.3803893 0.9137185 0.1429076
vn 0.3960754 0.8901892 0.2251388
vn -0.3882322 0.9137185 0.1199762
vn -0.3803892 0.9137185 0.1429078
vn -0.3960754 0.8901892 0.2251388
vn -0.9529338 0.01176453 -0.3029502
vn -0.9529338 0.01176453 -0.3029502
vn -0.9529338 0.01176453 -0.3029502
vn -0.9529338 0.01176453 -0.3029502
vn -0.01960766 0.03529382 -0.9991846
vn -0.01960766 0.03529382 -0.9991846
vn -0.01960766 0.03529382 -0.9991846
vn -0.01960766 0.03529382 -0.9991846
vn 0.8039154 0.08235228 -0.5890145
vn 0.8039154 0.08235228 -0.5890145
vn 0.8039154 0.08235228 -0.5890145
vn 0.8039154 0.08235228 -0.5890145
vn 0.9998079 0.01960405 0
vn 0.9998079 0.01960405 0
vn 0.9998079 0.01960405 0
vn 0.9998079 0.01960405 0
vn 0.003921568 0.003921509 0.9999846
vn 0.003921568 0.003921509 0.9999846
vn 0.003921568 0.003921509 0.9999846
vn 0.003921568 0.003921509 0.9999846
vn -0.9999309 -0.01176392 0
vn -0.9999309 -0.01176392 0
vn -0.9999309 -0.01176392 0
vn -0.9999309 -0.01176392 0
vn -0.7097985 0.07450914 -0.7004531
vn -0.7097985 0.07450914 -0.7004531
vn -0.7097985 0.07450914 -0.7004531
vn 0.4745062 0.1137246 -0.8728749
vn 0.4745062 0.1137246 -0.8728749
vn 0.4745062 0.1137246 -0.8728749
vn -0.3960754 -0.3960754 0.8284012
vn -0.6392107 -0.2549 0.7255589
vn -0.1999984 -0.4431339 0.873861
vn -0.7411708 -0.003921568 0.6713051
vn -0.7411708 -0.003921568 0.6713051
vn -0.7411708 -0.003921568 0.6713051
vn -0.7411708 -0.003921568 0.6713051
vn -0.7411708 -0.003921568 0.6713051
vn -0.9999923 0.003921509 -0.0003449296
vn -0.9999923 0.003921509 -0.0003449296
vn -0.9999923 0.003921509 -0.0003449296
vn -0.9999923 0.003921509 -0.0003449296
vn -0.003921509 -0.003921568 0.9999846
vn -0.003921509 -0.003921568 0.9999846
vn -0.003921509 -0.003921568 0.9999846
vn -0.003921509 -0.003921568 0.9999846
vn -0.003921509 0.003921509 -0.9999846
vn -0.003921509 0.003921509 -0.9999846
vn -0.003921509 0.003921509 -0.9999846
vn -0.003921509 0.003921509 -0.9999846
vn -0.003921509 0.003921509 -0.9999846
vn -0.003921509 0.003921509 -0.9999846
vn -0.003921509 0.003921509 -0.9999846
vn -0.003921509 0.003921509 -0.9999846
vn -0.003921509 0.003921509 -0.9999846
vn -0.003921509 0.003921509 -0.9999846
vn -0.003921509 0.003921509 -0.9999846
vn -0.003921509 0.003921509 -0.9999846
vn 0.003921568 0.9999923 -0.000345267
vn 0.003921568 0.9999923 -0.000345267
vn 0.003921568 0.9999923 -0.000345267
vn 0.003921568 0.9999923 -0.000345267
vn 0.003921568 0.9999923 -0.000345267
vn 0.003921568 0.9999923 -0.000345267
vn 0.003921568 0.9999923 -0.000345267
vn 0.003921568 0.9999923 -0.000345267
vn 0.9529339 0.01176453 -0.3029498
vn 0.9529339 0.01176453 -0.3029498
vn 0.9529339 0.01176453 -0.3029498
vn 0.9529339 0.01176453 -0.3029498
vn 0.01960772 0.03529382 -0.9991846
vn 0.01960772 0.03529382 -0.9991846
vn 0.01960772 0.03529382 -0.9991846
vn 0.01960772 0.03529382 -0.9991846
vn -0.8039154 0.08235228 -0.5890146
vn -0.8039154 0.08235228 -0.5890146
vn -0.8039154 0.08235228 -0.5890146
vn -0.8039154 0.08235228 -0.5890146
vn -0.9998079 0.01960405 0
vn -0.9998079 0.01960405 0
vn -0.9998079 0.01960405 0
vn -0.9998079 0.01960405 0
vn -0.003921509 0.003921509 0.9999846
vn -0.003921509 0.003921509 0.9999846
vn -0.003921509 0.003921509 0.9999846
vn -0.003921509 0.003921509 0.9999846
vn 0.9999309 -0.01176392 0
vn 0.9999309 -0.01176392 0
vn 0.9999309 -0.01176392 0
vn 0.9999309 -0.01176392 0
vn 0.7097985 0.07450914 -0.700453
vn 0.7097985 0.07450914 -0.700453
vn 0.7097985 0.07450914 -0.700453
vn -0.4745061 0.1137246 -0.872875
vn -0.4745061 0.1137246 -0.872875
vn -0.4745061 0.1137246 -0.872875
vn 0.003921568 0.5137215 0.8579481
vn 0.003921568 0.5137215 0.8579481
vn 0.003921568 0.5137215 0.8579481
vn 0.003921568 0.5137215 0.8579481
vn -0.1999984 -0.4431339 0.873861
vn -0.02745068 -0.4745062 0.879824
vn -0.3960754 -0.3960754 0.8284012
vn 0.1999985 -0.4431339 0.8738609
vn 0.0274508 -0.4745062 0.879824
vn 0.4039185 -0.3960754 0.8246054
vn 0.9999924 0.003921509 0
vn 0.9999924 0.003921509 0
vn 0.9999924 0.003921509 0
vn 0.9999924 0.003921509 0
vn 0.4039185 -0.3960754 0.8246054
vn 0.1999985 -0.4431339 0.8738609
vn 0.6392108 -0.2549 0.7255588
vn 0.7411708 -0.003921568 0.6713051
vn 0.7411708 -0.003921568 0.6713051
vn 0.7411708 -0.003921568 0.6713051
vn 0.7411708 -0.003921568 0.6713051
vn 0.7411708 0.003921509 0.6713051
vn -0.003921509 -0.2392139 -0.970959
vn -0.003921509 -0.2392139 -0.970959
vn -0.003921509 0.003921509 -0.9999846
vn -0.003921509 0.003921509 -0.9999846
vn -0.003921509 -0.7097985 -0.7043939
vn -0.003921509 -0.7097985 -0.7043939
vn -0.003921509 -0.9686201 -0.2485151
vn -0.003921509 -0.9686201 -0.2485151
vn -0.003921509 -0.9686201 0.2485151
vn -0.003921509 -0.9686201 0.2485151
vn -0.003921509 -0.7097985 0.7043939
vn -0.003921509 -0.7097985 0.7043939
vn -0.003921509 -0.2392139 0.970959
vn -0.003921509 -0.2392139 0.970959
vn -0.003921509 0.003921509 0.9999846
vn -0.003921509 0.003921509 0.9999846
vn -0.003921509 0.9999923 -0.000345267
vn -0.003921509 0.9999923 -0.000345267
vn -0.003921509 0.9999923 -0.000345267
vn -0.003921509 0.9999923 -0.000345267
vn -0.9999923 0.003921509 -0.0003449296
vn -0.9999923 0.003921509 -0.0003449296
vn -0.9999923 0.003921509 -0.0003449296
vn -0.9999923 0.003921509 -0.0003449296
vn -0.9999923 0.003921509 -0.0003449296
vn -0.9999923 0.003921509 -0.0003449296
vn -0.9999923 0.003921509 -0.0003449296
vn -0.9999923 0.003921509 -0.0003449296
vn 0.9215616 -0.3803893 -0.07764171
vn 0.9999924 -0.003921568 0
vn 0.9999924 -0.003921568 0
vn 0.9215616 -0.3803893 -0.07764171
vn 0.9215616 0.3803892 -0.07764199
vn 0.9215616 0.3803892 -0.07764199
vn 0.3803893 -0.9215616 -0.07764171
vn 0.3803893 -0.9215616 -0.07764171
vn 0.3803893 -0.9215616 -0.07764171
vn 0.3803893 -0.9215616 -0.07764171
vn -0.7071068 -0.7071068 0
vn -0.3803892 -0.9215616 -0.07764209
vn -0.3803892 -0.9215616 -0.07764209
vn -0.7071068 -0.7071068 0
vn -0.9999923 -0.003921568 -0.0003442513
vn -0.9999923 -0.003921568 -0.0003442513
vn -0.9215615 0.3803892 -0.07764315
vn -0.9215615 0.3803892 -0.07764315
vn -0.003921509 0.9999923 -0.000345267
vn -0.3803892 0.9215615 -0.07764325
vn -0.3803892 0.9215615 -0.07764325
vn -0.003921509 0.9999923 -0.000345267
vn 0.3803893 0.9215615 -0.07764286
vn 0.3803893 0.9215615 -0.07764286
vn -0.003921509 0.003921509 0.9999846
vn -0.003921509 0.003921509 0.9999846
vn -0.003921509 0.003921509 0.9999846
vn -0.003921509 0.003921509 0.9999846
vn -0.003921509 0.003921509 0.9999846
vn -0.003921509 0.003921509 0.9999846
vn -0.003921509 0.003921509 0.9999846
vn -0.003921509 0.003921509 0.9999846
vn 0.7071068 -0.7071068 0
vn 0.9999924 -0.003921568 0
vn 0.9999924 -0.003921568 0
vn 0.7071068 -0.7071068 0
vn 0.003921568 -0.9999924 0
vn 0.003921568 -0.9999924 0
vn 0.7071068 0.7071068 0
vn 0.7071068 0.7071068 0
vn 0.3803893 0.9215615 -0.07764286
vn 0.3803893 0.9215615 -0.07764286
vn -0.3803892 -0.9215616 -0.07764209
vn 0.003921568 -0.9999924 0
vn 0.003921568 -0.9999924 0
vn -0.3803892 -0.9215616 -0.07764209
vn -0.9999923 -0.003921568 -0.0003442513
vn -0.9215615 -0.3803893 -0.07764286
vn -0.9215615 -0.3803893 -0.07764286
vn -0.9999923 -0.003921568 -0.0003442513
vn -0.7071068 0.7071068 0
vn -0.7071068 0.7071068 0
vn -0.3882322 0.9215615 -0.000345267
vn -0.3882322 0.9215615 -0.000345267
vn -0.003921509 0.003921509 0.9999846
vn -0.003921509 0.003921509 0.9999846
vn -0.003921509 0.003921509 0.9999846
vn -0.003921509 0.003921509 0.9999846
vn -0.003921509 0.003921509 0.9999846
vn -0.003921509 0.003921509 0.9999846
vn -0.003921509 0.003921509 0.9999846
vn -0.003921509 0.003921509 0.9999846
vn 0.003921568 -0.2392139 -0.970959
vn 0.003921568 0.003921509 -0.9999846
vn 0.003921568 0.003921509 -0.9999846
vn 0.003921568 -0.2392139 -0.970959
vn 0.003921568 -0.7097985 -0.7043939
vn 0.003921568 -0.7097985 -0.7043939
vn 0.003921568 -0.9686201 -0.2485151
vn 0.003921568 -0.9686201 -0.2485151
vn 0.003921568 -0.9686201 0.2485151
vn 0.003921568 -0.9686201 0.2485151
vn 0.003921568 -0.7097985 0.7043939
vn 0.003921568 -0.7097985 0.7043939
vn 0.003921568 -0.2392139 0.970959
vn 0.003921568 -0.2392139 0.970959
vn 0.003921568 -0.003921568 0.9999846
vn 0.003921568 -0.003921568 0.9999846
vn 0.003921568 0.9999923 -0.000345267
vn 0.003921568 0.9999923 -0.000345267
vn 0.003921568 0.9999923 -0.000345267
vn 0.003921568 0.9999923 -0.000345267
vn 0.9999924 0.003921509 0
vn 0.9999924 0.003921509 0
vn 0.9999924 0.003921509 0
vn 0.9999924 -0.003921568 0
vn 0.9999924 -0.003921568 0
vn 0.9999924 -0.003921568 0
vn 0.9999924 -0.003921568 0
vn 0.9999924 0.003921509 0
vn -0.5215646 -0.6235247 -0.5823979
vn -0.6392107 -0.7647001 0.08150788
vn -0.6392107 -0.7647001 0.08150788
vn -0.5215646 -0.6235247 -0.5823979
vn -0.5215646 -0.6235247 0.5823979
vn -0.5215646 -0.6235247 0.5823979
vn -0.1999984 -0.2392139 0.950146
vn -0.1999984 -0.2392139 0.950146
vn 0.1999985 0.2392138 0.950146
vn 0.1999985 0.2392138 0.950146
vn 0.5215647 0.6235245 0.582398
vn 0.5215647 0.6235245 0.582398
vn 0.6392108 0.7646999 0.08150824
vn 0.6392108 0.7646999 0.08150824
vn 0.5215647 0.6235245 -0.582398
vn 0.5215647 0.6235245 -0.582398
vn 0.1999985 0.2392138 -0.950146
vn 0.1999985 0.2392138 -0.950146
vn -0.1999984 -0.2392139 -0.950146
vn -0.1999984 -0.2392139 -0.950146
vn -0.5215646 -0.6235247 -0.5823979
vn -0.5215646 -0.6235247 -0.5823979
vn -0.756206 0.6543336 0
vn -0.9921492 0.0901953 -0.08662973
vn -0.9921492 0.0901953 -0.08662973
vn -0.756206 0.6543336 0
vn -0.2231437 0.9747856 0
vn -0.2231437 0.9747856 0
vn 0.3882324 0.9215615 -0.0002441406
vn 0.3882324 0.9215615 -0.0002441406
vn 0.8581837 0.5133427 0
vn 0.8581837 0.5133427 0
vn 0.9921493 -0.09019542 -0.08662891
vn 0.9921493 -0.09019542 -0.08662891
vn -0.8581836 -0.5133428 0
vn -0.8581836 -0.5133428 0
vn -0.3882322 -0.9215616 0
vn -0.3882322 -0.9215616 0
vn 0.2231437 -0.9747855 0
vn 0.2231437 -0.9747855 0
vn 0.7562059 -0.6543337 0
vn 0.7562059 -0.6543337 0
vn 0.9921493 -0.09019542 -0.08662891
vn 0.9921493 -0.09019542 -0.08662891
vn -0.003921509 0.003921509 -0.9999846
vn -0.003921509 0.003921509 -0.9999846
vn -0.003921509 0.003921509 -0.9999846
vn -0.003921509 0.003921509 -0.9999846
vn -0.003921509 0.003921509 -0.9999846
vn -0.003921509 0.003921509 -0.9999846
vn -0.003921509 0.003921509 -0.9999846
vn -0.003921509 0.003921509 -0.9999846
vn -0.003921509 0.003921509 -0.9999846
vn -0.003921509 0.003921509 -0.9999846
vn -0.003921509 0.003921509 -0.9999846
vn -0.003921509 0.003921509 -0.9999846
vn -0.003921509 0.003921509 -0.9999846
vn -0.003921509 0.003921509 -0.9999846
vn -0.003921509 0.003921509 -0.9999846
vn -0.003921509 0.003921509 -0.9999846
vn -0.003921509 0.003921509 -0.9999846
vn -0.003921509 0.003921509 0.9999846
vn -0.003921509 0.003921509 0.9999846
vn -0.003921509 0.003921509 0.9999846
vn -0.003921509 0.003921509 0.9999846
vn -0.003921509 0.003921509 0.9999846
vn -0.003921509 0.003921509 0.9999846
vn -0.003921509 0.003921509 0.9999846
vn -0.6392107 -0.7647001 0.08150788
vn -0.6392107 -0.7647001 0.08150788
vn -0.3948628 -0.9187402 0
vn -0.3948628 -0.9187402 0
vn 0.2078416 -0.9764631 0.05763374
vn 0.2078416 -0.9764631 0.05763374
vn 0.7647001 -0.6392108 0.08150696
vn 0.7647001 -0.6392108 0.08150696
vn 0.9993777 -0.03527218 0
vn 0.9993777 -0.03527218 0
vn 0.8352877 0.5450938 -0.07188293
vn 0.8352877 0.5450938 -0.07188293
vn 0.6392108 0.7646999 -0.08150824
vn 0.6392108 0.7646999 -0.08150824
vn -0.6392107 -0.7647001 0.08150788
vn -0.6392107 -0.7647001 0.08150788
vn -0.5529369 -0.6627401 0.5050113
vn -0.5529369 -0.6627401 0.5050113
vn -0.3176446 -0.3803893 0.8685654
vn -0.3176446 -0.3803893 0.8685654
vn -0.5529369 -0.6627401 -0.5050113
vn -0.5529369 -0.6627401 -0.5050113
vn -0.3176446 -0.3803893 -0.8685654
vn -0.3176446 -0.3803893 -0.8685654
vn -0.003921509 0.003921509 -0.9999846
vn -0.003921509 0.003921509 -0.9999846
vn 0.3176447 0.3803892 -0.8685654
vn 0.3176447 0.3803892 -0.8685654
vn 0.552937 0.66274 -0.5050113
vn 0.552937 0.66274 -0.5050113
vn 0.6392108 0.7646999 0.08150824
vn 0.6392108 0.7646999 0.08150824
vn 0.552937 0.66274 0.5050113
vn 0.552937 0.66274 0.5050113
vn 0.3176447 0.3803892 0.8685654
vn 0.3176447 0.3803892 0.8685654
vn -0.003921509 0.003921509 0.9999846
vn -0.003921509 0.003921509 0.9999846
vn -0.3176446 -0.3803893 0.8685654
vn -0.3176446 -0.3803893 0.8685654
vn 0.7647001 -0.6392108 0.08150696
vn 0.7647001 -0.6392108 0.08150696
vn 0.7647001 -0.6392108 0.08150696
vn 0.7647001 -0.6392108 0.08150696
vn 0.7647001 -0.6392108 -0.08150696
vn 0.7647001 -0.6392108 0.08150696
vn 0.7647001 -0.6392108 0.08150696
vn 0.7647001 -0.6392108 -0.08150696
vn 0.7647001 -0.6392108 -0.08150696
vn 0.7647001 -0.6392108 -0.08150696
vn 0.7647001 -0.6392108 -0.08150696
vn 0.7647001 -0.6392108 0.08150696
vn -0.003921509 0.003921509 0.9999846
vn -0.003921509 0.003921509 0.9999846
vn -0.003921509 0.003921509 0.9999846
vn -0.003921509 0.003921509 0.9999846
vn -0.6392107 -0.7647001 -0.08150788
vn -0.6392107 -0.7647001 -0.08150788
vn -0.6392107 -0.7647001 -0.08150788
vn -0.6392107 -0.7647001 -0.08150788
vn -0.6392107 -0.7647001 -0.08150788
vn 0.6392108 0.7646999 -0.08150824
vn 0.6392108 0.7646999 -0.08150824
vn 0.6392108 0.7646999 -0.08150824
vn 0.6392108 0.7646999 -0.08150824
vn 0.6392108 0.7646999 -0.08150824
vn 0.6235247 -0.5215647 -0.5823979
vn 0.5764662 -0.4823493 -0.6595649
vn 0.5764662 -0.4823493 -0.6595649
vn 0.6235247 -0.5215647 -0.5823979
vn 0.5294077 -0.4431339 -0.7234361
vn 0.5294077 -0.4431339 -0.7234361
vn 0.7254847 -0.6078385 0.322807
vn 0.7254847 -0.6078385 0.322807
vn 0.7254847 -0.6078385 0.322807
vn 0.7254847 -0.6078385 0.322807
vn -0.6392107 -0.7647001 0.08150788
vn -0.6392107 -0.7647001 0.08150788
vn -0.5764661 -0.6941124 0.4311552
vn -0.5764661 -0.6941124 0.4311552
vn -0.4039184 -0.4745062 0.7821085
vn -0.4039184 -0.4745062 0.7821085
vn -0.2784292 -0.3333308 0.9007595
vn -0.2784292 -0.3333308 0.9007595
vn -0.5764661 -0.6941124 -0.4311552
vn -0.5764661 -0.6941124 -0.4311552
vn -0.4039184 -0.4745062 -0.7821085
vn -0.4039184 -0.4745062 -0.7821085
vn -0.2784292 -0.3333308 -0.9007595
vn -0.2784292 -0.3333308 -0.9007595
vn -0.7646999 0.6392107 -0.08150897
vn -0.7646999 0.6392107 -0.08150897
vn -0.7646999 0.6392107 -0.08150897
vn -0.7646999 0.6392107 0.08150897
vn -0.7646999 0.6392107 0.08150897
vn -0.7646999 0.6392107 0.08150897
vn -0.7646999 0.6392107 -0.08150897
vn 0.7647001 -0.6392108 -0.08150696
vn 0.7647001 -0.6392108 -0.08150696
vn 0.7647001 -0.6392108 -0.08150696
vn 0.7647001 -0.6392108 0.08150696
vn 0.7647001 -0.6392108 0.08150696
vn 0.7647001 -0.6392108 0.08150696
vn 0.7647001 -0.6392108 0.08150696
vn -0.003921509 0.003921509 0.9999846
vn -0.003921509 0.003921509 0.9999846
vn -0.003921509 0.003921509 0.9999846
vn -0.003921509 0.003921509 0.9999846
vn -0.6392107 -0.7647001 -0.08150788
vn -0.6392107 -0.7647001 -0.08150788
vn -0.6392107 -0.7647001 -0.08150788
vn -0.6392107 -0.7647001 -0.08150788
vn -0.6392107 -0.7647001 -0.08150788
vn 0.6392108 0.7646999 -0.08150824
vn 0.6392108 0.7646999 -0.08150824
vn 0.6392108 0.7646999 -0.08150824
vn 0.6392108 0.7646999 -0.08150824
vn 0.6392108 0.7646999 -0.08150824
vn -0.6235245 0.5215646 -0.5823981
vn -0.6235245 0.5215646 -0.5823981
vn -0.5764661 0.4823492 -0.6595651
vn -0.5764661 0.4823492 -0.6595651
vn -0.5215646 0.4431338 -0.7291109
vn -0.5215646 0.4431338 -0.7291109
vn -0.7254846 0.6078384 0.3228074
vn -0.7254846 0.6078384 0.3228074
vn -0.7254846 0.6078384 0.3228074
vn -0.7254846 0.6078384 0.3228074
vn -0.9905662 -0.1370349 0
vn -0.9905662 -0.1370349 0
vn -0.8723058 -0.4889607 0
vn -0.8723058 -0.4889607 0
vn -0.8723058 -0.4889607 0
vn -0.8723058 -0.4889607 0
vn -0.3091745 -0.9510054 0
vn -0.3091745 -0.9510054 0
vn 0.4196047 -0.9058754 -0.05763322
vn 0.4196047 -0.9058754 -0.05763322
vn 0.7254847 -0.6862693 -0.05202344
vn 0.7254847 -0.6862693 -0.05202344
vn 0.9905663 0.1370348 0
vn 0.9905663 0.1370348 0
vn 0.8723059 0.4889607 0
vn 0.8723059 0.4889607 0
vn 0.3091746 0.9510053 0
vn 0.3091746 0.9510053 0
vn -0.4196045 0.9058753 -0.05763632
vn -0.4196045 0.9058753 -0.05763632
vn -0.7254846 0.6862692 -0.05202631
vn -0.7254846 0.6862692 -0.05202631
vn -0.7019553 0.6078384 0.3712025
vn -0.7097985 0.5999954 0.3690416
vn -0.6941123 0.6156815 0.3730206
vn -0.6941123 0.6156815 0.3730206
vn -0.7097985 0.5999954 0.3690416
vn -0.7097985 0.5999954 0.3690416
vn -0.7176415 0.5921522 0.366533
vn -0.7176415 0.5921522 0.366533
vn -0.7176415 0.5999954 0.3535481
vn -0.7176415 0.5999954 0.3535481
vn -0.7176415 0.5921522 0.366533
vn -0.7176415 0.5843092 0.3789109
vn -0.7254846 0.5764661 0.3759773
vn -0.7254846 0.5764661 0.3759773
vn 0.2862723 0.3647031 -0.8860247
vn 0.4117616 0.5215646 -0.7472769
vn 0.4117616 0.5215646 -0.7472769
vn 0.2549 0.3333308 -0.9076985
vn 0.06666619 0.09803843 -0.9929472
vn 0.06666619 0.09803843 -0.9929472
vn -0.08235228 -0.08235234 -0.9931949
vn -0.08235228 -0.08235234 -0.9931949
vn -0.2862723 -0.3098016 -0.9066814
vn -0.3098015 -0.3411739 -0.8874815
vn -0.4431338 -0.4901924 -0.7505623
vn -0.4431338 -0.4901924 -0.7505623
vn -0.01960766 0.02745068 0.9994308
vn -0.01960766 0.02745068 0.9994308
vn -0.01960766 0.02745068 0.9994308
vn -0.01960766 0.02745068 0.9994308
vn -0.02745068 0.01960766 0.9994308
vn -0.02745068 0.01960766 0.9994308
vn 0.003921568 0.01176453 0.9999231
vn 0.003921568 0.01176453 0.9999231
vn 0.003921568 0.4823492 0.8759702
vn -0.08235228 0.5607799 0.8238592
vn -0.1450969 0.3176446 0.9370426
vn -0.1686261 0.2549 0.9521508
vn 0.1764693 0.466663 0.8666511
vn -0.2784292 0.1215676 0.9527321
vn -0.3411738 0.0901953 0.935663
vn -0.4823492 -0.08235234 0.8720994
vn -0.5607799 -0.01960772 0.8277327
vn -0.4352907 -0.2235277 0.8720994
vn 0.1686262 0.4745061 0.8639497
vn 0.1764693 0.466663 0.8666511
vn 0.1058816 0.5450938 0.8316621
vn -0.4196045 -0.2705862 0.8664382
vn -0.4117615 -0.2392139 0.8793345
vn -0.4352907 -0.3176447 0.8423917
vn 0.6941124 0.7176415 0.05655743
vn 0.6941124 0.7176415 0.05655743
vn 0.6941124 0.7176415 0.05655743
vn 0.6941124 0.7176415 0.05655743
vn 0.7880839 -0.615568 0
vn 0.7880839 -0.615568 0
vn 0.7880839 -0.615568 0
vn 0.7880839 -0.615568 0
vn -0.3333308 -0.9372478 0.1022608
vn -0.3333308 -0.9372478 0.1022608
vn -0.3333308 -0.9372478 0.1022608
vn -0.3333308 -0.9372478 0.1022608
vn -0.6459423 -0.7633864 0
vn -0.6459423 -0.7633864 0
vn -0.6459423 -0.7633864 0
vn -0.6459423 -0.7633864 0
vn -0.7704607 0.6374876 0
vn -0.7704607 0.6374876 0
vn -0.7704607 0.6374876 0
vn -0.7704607 0.6374876 0
vn 0.6313677 0.7725431 -0.06746812
vn 0.6313677 0.7725431 -0.06746812
vn 0.6313677 0.7725431 -0.06746812
vn 0.6313677 0.7725431 -0.06746812
vn 0.9990709 -0.04309721 0
vn 0.9990709 -0.04309721 0
vn 0.9990709 -0.04309721 0
vn 0.9990709 -0.04309721 0
vn 0.4431339 -0.8901893 0.1058084
vn 0.4431339 -0.8901893 0.1058084
vn 0.4431339 -0.8901893 0.1058084
vn 0.4431339 -0.8901893 0.1058084
vn -0.1372538 0.1137246 0.9839858
vn -0.1372538 0.1137246 0.9839858
vn -0.1372538 0.1137246 0.9839858
vn -0.1372538 0.1137246 0.9839858
vn 0.6235247 0.7803861 0.04705901
vn 0.6235247 0.7803861 0.04705901
vn 0.6235247 0.7803861 0.04705901
vn 0.6235247 0.7803861 0.04705901
vn -0.05872194 0.9982743 0
vn -0.04309709 0.9990709 0
vn -0.06651899 0.9977852 0
vn -0.06651899 0.9977852 0
vn -0.03527213 0.9993777 0
vn -0.03527213 0.9993777 0
vn 0.7647001 -0.6392108 -0.08150696
vn 0.7647001 -0.6392108 -0.08150696
vn 0.7647001 -0.6392108 -0.08150696
vn 0.7647001 -0.6392108 -0.08150696
vn 0.7647001 -0.6392108 0.08150696
vn 0.7647001 -0.6392108 0.08150696
vn 0.7647001 -0.6392108 0.08150696
vn 0.7647001 -0.6392108 -0.08150696
vn 0.7647001 -0.6392108 -0.08150696
vn 0.7647001 -0.6392108 -0.08150696
vn 0.7647001 -0.6392108 -0.08150696
vn 0.7647001 -0.6392108 0.08150696
vn -0.7646999 0.6392107 -0.08150897
vn -0.7646999 0.6392107 -0.08150897
vn -0.7646999 0.6392107 -0.08150897
vn -0.7646999 0.6392107 -0.08150897
vn -0.02745068 0.01960766 0.9994308
vn -0.02745068 0.01960766 0.9994308
vn -0.02745068 0.01960766 0.9994308
vn -0.02745068 0.01960766 0.9994308
vn -0.03529382 0.01176453 0.9993077
vn -0.03529382 0.01176453 0.9993077
vn -0.01176453 -0.003921568 0.9999231
vn -0.01176453 -0.003921568 0.9999231
vn -0.01176453 -0.003921568 0.9999231
vn -0.5842015 -0.8116088 0
vn -0.5842015 -0.8116088 0
vn -0.5842015 -0.8116088 0
vn -0.5842015 -0.8116088 0
vn 0.7411708 -0.6705831 0.03137041
vn 0.7411708 -0.6705831 0.03137041
vn 0.7411708 -0.6705831 0.03137041
vn 0.7411708 -0.6705831 0.03137041
vn 0.8666601 0.4901923 0.09280018
vn 0.8666601 0.4901923 0.09280018
vn 0.8666601 0.4901923 0.09280018
vn 0.8666601 0.4901923 0.09280018
vn 0.6374877 0.7704605 0
vn 0.6374877 0.7704605 0
vn 0.6374877 0.7704605 0
vn 0.6374877 0.7704605 0
vn -0.7633862 0.6459423 0
vn -0.7633862 0.6459423 0
vn -0.7633862 0.6459423 0
vn -0.7633862 0.6459423 0
vn -0.6543336 -0.756206 0
vn -0.6543336 -0.756206 0
vn -0.6543336 -0.756206 0
vn -0.6543336 -0.756206 0
vn 0.2156847 -0.9764631 0
vn 0.2156847 -0.9764631 0
vn 0.2156847 -0.9764631 0
vn 0.2156847 -0.9764631 0
vn 0.9529339 -0.2862723 0.09982546
vn 0.9529339 -0.2862723 0.09982546
vn 0.9529339 -0.2862723 0.09982546
vn 0.9529339 -0.2862723 0.09982546
vn -0.6941123 0.5764661 0.4311554
vn -0.6941123 0.5764661 0.4311554
vn -0.6941123 0.5764661 0.4311554
vn -0.6941123 0.5764661 0.4311554
vn -0.6862692 0.6156815 -0.3872607
vn -0.6313677 0.66274 -0.4026792
vn -0.6862692 0.6156815 -0.3872607
vn -0.7254846 0.5686231 -0.3877369
vn -0.7254846 0.5686231 -0.3877369
vn -0.7568569 0.5058784 -0.4138291
vn -0.6626585 -0.7489218 0
vn -0.6626585 -0.7489218 0
vn -0.6626585 -0.7489218 0
vn -0.6626585 -0.7489218 0
vn -0.9905662 -0.1370349 0
vn -0.9921492 -0.1137246 -0.05202504
vn -0.9905662 -0.1370349 0
vn -0.9905662 -0.1370349 0
vn -0.9921492 -0.1137246 -0.05202504
vn -0.9921492 -0.1137246 -0.05202504
vn -0.5921522 -0.7097985 -0.3814995
vn -0.5921522 -0.7097985 -0.3814995
vn -0.5921522 -0.7097985 -0.3814995
vn -0.5921522 -0.7097985 -0.3814995
vn -0.2470568 -0.2941154 -0.9232871
vn -0.2470568 -0.2941154 -0.9232871
vn 0.003921568 0.003921509 -0.9999846
vn 0.003921568 0.003921509 -0.9999846
vn 0.003921568 0.003921509 -0.9999846
vn 0.003921568 0.003921509 -0.9999846
vn 0.247057 0.2941153 -0.9232871
vn 0.247057 0.2941153 -0.9232871
vn 0.5921524 0.7097985 -0.3814993
vn 0.5921524 0.7097985 -0.3814993
vn 0.6392108 0.7646999 0.08150824
vn 0.6392108 0.7646999 0.08150824
vn 0.450977 0.5450938 0.7067479
vn 0.450977 0.5450938 0.7067479
vn 0.247057 0.2941153 0.9232871
vn 0.247057 0.2941153 0.9232871
vn -0.2470568 -0.2941154 0.9232871
vn -0.2470568 -0.2941154 0.9232871
vn -0.4509768 -0.5450939 0.7067478
vn -0.4509768 -0.5450939 0.7067478
vn -0.5921522 -0.7097985 0.3814995
vn -0.5921522 -0.7097985 0.3814995
vn -0.7646999 0.6392107 -0.08150897
vn -0.7646999 0.6392107 -0.08150897
vn -0.7646999 0.6392107 0.08150897
vn -0.7646999 0.6392107 0.08150897
vn -0.7646999 0.6392107 -0.08150897
vn -0.7646999 0.6392107 -0.08150897
vn -0.7646999 0.6392107 -0.08150897
vn -0.7646999 0.6392107 0.08150897
vn -0.5921522 -0.7097985 -0.3814995
vn -0.5921522 -0.7097985 -0.3814995
vn -0.5921522 -0.7097985 -0.3814995
vn -0.5921522 -0.7097985 -0.3814995
vn -0.2470568 -0.2941154 -0.9232871
vn -0.2470568 -0.2941154 -0.9232871
vn 0.003921568 0.003921509 -0.9999846
vn 0.003921568 0.003921509 -0.9999846
vn 0.003921568 0.003921509 -0.9999846
vn 0.003921568 0.003921509 -0.9999846
vn 0.247057 0.2941153 -0.9232871
vn 0.247057 0.2941153 -0.9232871
vn 0.5921524 0.7097985 -0.3814993
vn 0.5921524 0.7097985 -0.3814993
vn 0.6392108 0.7646999 0.08150824
vn 0.6392108 0.7646999 0.08150824
vn 0.450977 0.5450938 0.7067479
vn 0.450977 0.5450938 0.7067479
vn 0.247057 0.2941153 0.9232871
vn 0.247057 0.2941153 0.9232871
vn -0.2470568 -0.2941154 0.9232871
vn -0.2470568 -0.2941154 0.9232871
vn -0.4509768 -0.5450939 0.7067478
vn -0.4509768 -0.5450939 0.7067478
vn -0.5921522 -0.7097985 0.3814995
vn -0.5921522 -0.7097985 0.3814995
vn -0.7646999 0.6392107 -0.08150897
vn -0.7646999 0.6392107 -0.08150897
vn -0.7646999 0.6392107 0.08150897
vn -0.7646999 0.6392107 0.08150897
vn -0.7646999 0.6392107 -0.08150897
vn -0.7646999 0.6392107 -0.08150897
vn -0.7646999 0.6392107 0.08150897
vn -0.7646999 0.6392107 -0.08150897
vn 0.6392108 0.7646999 -0.08150824
vn 0.5999954 0.7097985 -0.3690415
vn 0.5999954 0.7097985 -0.3690415
vn 0.6392108 0.7646999 -0.08150824
vn 0.4745062 0.5607799 -0.6785055
vn 0.4745062 0.5607799 -0.6785055
vn -0.1529399 -0.1764693 0.9723518
vn -0.1529399 -0.1764693 0.9723518
vn -0.04313684 -0.05098003 0.9977676
vn -0.04313684 -0.05098003 0.9977676
vn -0.3960754 -0.4745062 0.7861095
vn -0.3960754 -0.4745062 0.7861095
vn -0.5450938 -0.6470539 0.5330985
vn -0.5450938 -0.6470539 0.5330985
vn -0.5921522 -0.7019554 0.3957453
vn -0.5921522 -0.7019554 0.3957453
vn -0.6078384 -0.7254847 0.3228072
vn -0.6078384 -0.7254847 0.3228072
vn -0.6392107 -0.7647001 -0.08150788
vn -0.6392107 -0.7647001 -0.08150788
vn -0.6392107 -0.7647001 -0.08150788
vn -0.6392107 -0.7647001 -0.08150788
vn 0.7647001 -0.6392108 0.08150696
vn 0.7647001 -0.6392108 0.08150696
vn 0.7647001 -0.6392108 0.08150696
vn 0.7647001 -0.6392108 -0.08150696
vn 0.7647001 -0.6392108 -0.08150696
vn 0.7647001 -0.6392108 -0.08150696
vn 0.7647001 -0.6392108 -0.08150696
vn 0.7647001 -0.6392108 0.08150696
vn 0.7647001 -0.6392108 0.08150696
vn 0.7647001 -0.6392108 0.08150696
vn 0.7647001 -0.6392108 0.08150696
vn 0.7647001 -0.6392108 0.08150696
vn 0.7647001 -0.6392108 0.08150696
vn 0.7647001 -0.6392108 -0.08150696
vn 0.7647001 -0.6392108 0.08150696
vn 0.7647001 -0.6392108 0.08150696
vn 0.7647001 -0.6392108 0.08150696
vn 0.7647001 -0.6392108 0.08150696
vn 0.9450908 -0.3176447 -0.07684513
vn 0.9450908 -0.3176447 -0.07684513
vn 0.5999954 0.7176415 -0.353548
vn 0.5999954 0.7176415 -0.353548
vn 0.6392108 0.7646999 -0.08150824
vn 0.6392108 0.7646999 -0.08150824
vn 0.450977 0.5372508 -0.7127281
vn 0.5999954 0.7176415 -0.353548
vn 0.5999954 0.7176415 -0.353548
vn 0.450977 0.5372508 -0.7127281
vn 0.35686 0.4274477 -0.8306259
vn 0.35686 0.4274477 -0.8306259
vn 0.3960754 0.4745061 -0.7861095
vn 0.3960754 0.4745061 -0.7861095
vn 0.4901924 0.5843092 -0.6467566
vn 0.4901924 0.5843092 -0.6467566
vn -0.003921509 0.003921509 0.9999846
vn -0.003921509 0.003921509 0.9999846
vn -0.003921509 0.003921509 0.9999846
vn -0.003921509 0.003921509 0.9999846
vn -0.003921509 0.003921509 0.9999846
vn -0.003921509 0.003921509 0.9999846
vn -0.003921509 0.003921509 0.9999846
vn -0.003921509 0.003921509 0.9999846
vn -0.7646999 0.6392107 -0.08150897
vn -0.7646999 0.6392107 -0.08150897
vn -0.7646999 0.6392107 -0.08150897
vn -0.7646999 0.6392107 -0.08150897
vn -0.7646999 0.6392107 0.08150897
vn -0.7646999 0.6392107 0.08150897
vn -0.7646999 0.6392107 -0.08150897
vn -0.7646999 0.6392107 -0.08150897
vn -0.7646999 0.6392107 -0.08150897
vn -0.7646999 0.6392107 -0.08150897
vn -0.7646999 0.6392107 -0.08150897
vn -0.7646999 0.6392107 -0.08150897
vn -0.7646999 0.6392107 -0.08150897
vn -0.7646999 0.6392107 0.08150897
vn -0.4736329 0.8807224 0
vn -0.4736329 0.8807224 0
vn -0.7646999 0.6392107 -0.08150897
vn -0.7646999 0.6392107 0.08150897
vn -0.7646999 0.6392107 -0.08150897
vn -0.7646999 0.6392107 -0.08150897
vn 0.003921568 0.003921509 -0.9999846
vn 0.003921568 0.003921509 -0.9999846
vn 0.003921568 0.003921509 -0.9999846
vn 0.003921568 0.003921509 -0.9999846
vn 0.003921568 0.003921509 -0.9999846
vn 0.003921568 0.003921509 -0.9999846
vn 0.003921568 0.003921509 -0.9999846
vn 0.003921568 0.003921509 -0.9999846
vn 0.5133428 0.8581836 0
vn 0.756206 0.6543336 0
vn 0.756206 0.6543336 0
vn 0.5133428 0.8581836 0
vn 0.9529339 0.3019584 -0.02716757
vn 0.9529339 0.3019584 -0.02716757
vn 0.1370349 0.9905662 0
vn 0.1370349 0.9905662 0
vn 0.9450908 -0.3176447 -0.07684513
vn 0.9450908 -0.3176447 -0.07684513
vn -0.4736329 0.8807224 0
vn -0.4736329 0.8807224 0
vn -0.003921509 0.003921509 -0.9999846
vn -0.003921509 0.003921509 -0.9999846
vn -0.003921509 0.003921509 -0.9999846
vn -0.003921509 0.003921509 -0.9999846
vn -0.003921509 0.003921509 -0.9999846
vn -0.003921509 0.003921509 -0.9999846
vn -0.003921509 0.003921509 -0.9999846
vn -0.003921509 0.003921509 -0.9999846
vn 0.003921568 0.003921509 0.9999846
vn 0.003921568 0.003921509 0.9999846
vn 0.003921568 0.003921509 0.9999846
vn 0.003921568 0.003921509 0.9999846
vn 0.6392108 0.7646999 0.08150824
vn 0.6392108 0.7646999 0.08150824
vn 0.6392108 0.7646999 0.08150824
vn 0.6392108 0.7646999 0.08150824
vn 0.7647001 -0.6392108 -0.08150696
vn 0.7647001 -0.6392108 -0.08150696
vn 0.756857 -0.6392108 0.1362977
vn 0.756857 -0.6392108 0.1362977
vn 0.6627401 -0.552937 -0.5050113
vn 0.6627401 -0.552937 -0.5050113
vn 0.3803893 -0.3176447 -0.8685654
vn 0.3803893 -0.3176447 -0.8685654
vn -0.003921509 0.003921509 -0.9999846
vn -0.003921509 -0.003921568 -0.9999846
vn -0.3803892 0.3176446 -0.8685654
vn -0.3803892 0.3176446 -0.8685654
vn -0.66274 0.5529369 -0.5050114
vn -0.66274 0.5529369 -0.5050114
vn -0.7646999 0.6392107 -0.08150897
vn -0.7646999 0.6392107 -0.08150897
vn -0.7568569 0.6392107 0.1362985
vn -0.7568569 0.6392107 0.1362985
vn 0.7647001 -0.6392108 -0.08150696
vn -0.7646999 0.6392107 -0.08150897
vn -0.7646999 0.6392107 -0.08150897
vn 0.7647001 -0.6392108 -0.08150696
vn 0.6392108 0.7646999 -0.08150824
vn 0.6392108 0.7646999 0.08150824
vn 0.6392108 0.7646999 0.08150824
vn 0.6392108 0.7646999 -0.08150824
vn 0.6392108 0.7646999 -0.08150824
vn 0.6392108 0.7646999 0.08150824
vn 0.6392108 0.7646999 -0.08150824
vn 0.6392108 0.7646999 0.08150824
vn 0.6392108 0.7646999 -0.08150824
vn 0.6392108 0.7646999 0.08150824
vn 0.6392108 0.7646999 -0.08150824
vn 0.6392108 0.7646999 -0.08150824
vn 0.6392108 0.7646999 -0.08150824
vn -0.6392107 -0.7647001 -0.08150788
vn -0.6392107 -0.7647001 -0.08150788
vn -0.6392107 -0.7647001 0.08150788
vn -0.6392107 -0.7647001 -0.08150788
vn -0.6392107 -0.7647001 -0.08150788
vn -0.6392107 -0.7647001 -0.08150788
vn -0.6392107 -0.7647001 -0.08150788
vn -0.6392107 -0.7647001 -0.08150788
vn -0.6392107 -0.7647001 -0.08150788
vn -0.6392107 -0.7647001 -0.08150788
vn -0.6392107 -0.7647001 -0.08150788
vn -0.6392107 -0.7647001 -0.08150788
vn -0.6392107 -0.7647001 -0.08150788
vn 0.7647001 -0.6392108 -0.08150696
vn 0.7647001 -0.6392108 -0.08150696
vn 0.6627401 -0.552937 0.5050113
vn 0.6627401 -0.552937 0.5050113
vn 0.3803893 -0.3176447 0.8685654
vn 0.3803893 -0.3176447 0.8685654
vn 0.003921568 -0.003921568 0.9999846
vn -0.003921509 -0.003921568 0.9999846
vn -0.3803892 0.3176446 0.8685654
vn -0.3803892 0.3176446 0.8685654
vn -0.66274 0.5529369 0.5050114
vn -0.66274 0.5529369 0.5050114
vn -0.7646999 0.6392107 -0.08150897
vn -0.7646999 0.6392107 -0.08150897
vn -0.7411708 0.6235245 -0.248763
vn -0.7411708 0.6235245 -0.248763
vn 0.7411708 -0.6235247 -0.2487626
vn 0.7411708 -0.6235247 -0.2487626
vn -0.6392107 -0.7647001 -0.08150788
vn -0.6392107 -0.7647001 0.08150788
vn -0.6392107 -0.7647001 0.08150788
vn -0.6392107 -0.7647001 -0.08150788
vn -0.6392107 -0.7647001 -0.08150788
vn -0.6392107 -0.7647001 -0.08150788
vn -0.6392107 -0.7647001 -0.08150788
vn -0.6392107 -0.7647001 -0.08150788
vn -0.6459423 -0.7633864 0
vn 0.6392108 0.7646999 -0.08150824
vn 0.6392108 0.7646999 -0.08150824
vn 0.6392108 0.7646999 0.08150824
vn 0.6392108 0.7646999 0.08150824
vn 0.6392108 0.7646999 -0.08150824
vn 0.6392108 0.7646999 -0.08150824
vn 0.6392108 0.7646999 -0.08150824
vn 0.6392108 0.7646999 0.08150824
vn 0.6392108 0.7646999 0.08150824
vn -0.7646999 0.6392107 0.08150897
vn -0.7646999 0.6392107 -0.08150897
vn -0.9450908 0.3254876 -0.02934668
vn -0.9450908 0.3254876 -0.02934668
vn -0.9604815 0.2783436 0
vn -0.9921492 -0.03529388 -0.119976
vn -0.9921492 -0.03529388 -0.119976
vn -0.9990709 -0.04309721 0
vn -0.9843061 -0.05098003 0.1689454
vn -0.9137185 0.3960754 0.09079028
vn -0.9450908 0.3254876 -0.02934668
vn -0.9215615 0.3803892 -0.07764315
vn -0.7646999 0.6392107 -0.08150897
vn -0.9921492 -0.03529388 -0.119976
vn -0.9921492 -0.03529388 -0.119976
vn -0.7633862 0.6459423 0
vn -0.7633862 0.6459423 0
vn -0.7633862 0.6459423 0
vn -0.7633862 0.6459423 0
vn -0.3411738 -0.09803849 -0.9348738
vn -0.3411738 -0.09803849 -0.9348738
vn -0.2862723 -0.09803849 -0.9531195
vn -0.3333308 -0.05098003 -0.9414306
vn -0.3411738 -0.01960772 -0.9397957
vn -0.262743 -0.1058816 -0.9590387
vn -0.05882299 -0.2784293 -0.9586537
vn -0.05097997 -0.2941154 -0.9544094
vn 0.04313695 -0.3411739 -0.9390099
vn 0.003921568 -0.3333308 -0.9428018
vn -0.03529382 -0.35686 -0.9334909
vn -0.03529382 -0.35686 -0.9334909
vn 0.6392108 0.7646999 -0.08150824
vn 0.6392108 0.7646999 0.08150824
vn 0.6392108 0.7646999 0.08150824
vn 0.6392108 0.7646999 -0.08150824
vn 0.6392108 0.7646999 -0.08150824
vn 0.6392108 0.7646999 -0.08150824
vn 0.6392108 0.7646999 -0.08150824
vn 0.6392108 0.7646999 0.08150824
vn 0.6392108 0.7646999 0.08150824
vn 0.6392108 0.7646999 -0.08150824
vn 0.6392108 0.7646999 -0.08150824
vn 0.6392108 0.7646999 -0.08150824
vn 0.6392108 0.7646999 -0.08150824
vn 0.6459423 0.7633862 0
vn 0.6459423 0.7633862 0
vn 0.6392108 0.7646999 -0.08150824
vn 0.6392108 0.7646999 -0.08150824
vn -0.6392107 -0.756857 -0.1362983
vn -0.6392107 -0.756857 -0.1362983
vn -0.6392107 -0.7490139 -0.1743212
vn -0.6392107 -0.7490139 -0.1743212
vn -0.6313677 -0.756857 -0.168945
vn -0.6313677 -0.756857 -0.168945
vn -0.6313677 -0.756857 -0.168945
vn -0.6313677 -0.756857 -0.168945
vn -0.6392107 -0.7647001 0.08150788
vn -0.6392107 -0.7647001 0.08150788
vn -0.6235245 -0.7411708 0.2487629
vn -0.6235245 -0.7411708 0.2487629
vn -0.1450969 -0.1294108 0.9809178
vn -0.1450969 -0.1294108 0.9809178
vn -0.1450969 -0.09019542 0.9852977
vn -0.1137246 -0.08235234 0.9900934
vn -0.1450969 -0.04313695 0.9884766
vn -0.0901953 -0.05882311 0.9941854
vn -0.04313684 -0.09803849 0.9942473
vn -0.05882299 -0.1294108 0.9898447
vn -0.01960766 -0.145097 0.9892231
vn -0.06666613 -0.15294 0.9859843
vn -0.1058815 -0.1607831 0.981294
vn -0.1058815 -0.1607831 0.981294
vn -0.03529382 -0.04313695 0.9984456
vn -0.03529382 -0.04313695 0.9984456
vn -0.03529382 -0.04313695 0.9984456
vn 0.1215677 -0.9764631 0.1781601
vn 0.5450939 -0.8352877 0.0718819
vn 0.4425082 -0.8967644 0
vn 0.1293392 -0.9916005 0
vn 0.1372539 -0.9843062 -0.1109173
vn 0.4823493 -0.8745031 -0.05082759
vn 0.7647001 -0.6392108 0.08150696
vn 0.7647001 -0.6392108 -0.08150696
vn 0.4823493 -0.8745031 -0.05082759
vn 0.7647001 -0.6392108 -0.08150696
vn 0.1372539 -0.9843062 -0.1109173
vn 0.1372539 -0.9843062 -0.1109173
vn 0.4823493 -0.8745031 -0.05082759
vn 0.1372539 -0.9843062 -0.1109173
vn 0.5372508 -0.8431308 -0.0221792
vn 0.7647001 -0.6392108 -0.08150696
vn 0.7647001 -0.6392108 -0.08150696
vn 0.7647001 -0.6392108 -0.08150696
vn 0.7647001 -0.6392108 -0.08150696
vn -0.6235245 -0.7411708 0.2487629
vn -0.6235245 -0.7411708 0.2487629
vn -0.6392107 -0.756857 -0.1362983
vn -0.6392107 -0.756857 -0.1362983
vn -0.6078384 -0.7254847 0.3228072
vn -0.6078384 -0.7254847 0.3228072
vn -0.6313677 -0.756857 0.168945
vn -0.6313677 -0.756857 0.168945
vn -0.6313677 -0.756857 -0.168945
vn -0.6313677 -0.756857 -0.168945
vn -0.6313677 -0.756857 -0.168945
vn -0.6313677 -0.756857 -0.168945
vn -0.6392107 -0.756857 -0.1362983
vn -0.6392107 -0.756857 -0.1362983
vn -0.6392107 -0.7647001 0.08150788
vn -0.6313677 -0.756857 -0.168945
vn -0.6313677 -0.756857 -0.168945
vn -0.6392107 -0.7647001 0.08150788
vn -0.6235245 -0.7411708 0.2487629
vn -0.6235245 -0.7411708 0.2487629
vn -0.6313677 -0.756857 -0.168945
vn -0.6392107 -0.756857 -0.1362983
vn -0.6313677 -0.756857 -0.168945
vn -0.6313677 -0.756857 -0.168945
vn -0.6313677 -0.756857 -0.168945
vn -0.6313677 -0.756857 -0.168945
vn -0.7490138 0.6235245 0.2240436
vn -0.7490138 0.6156815 0.2447746
vn -0.7882292 0.5999954 0.1367489
vn -0.7882292 0.5999954 0.1367489
vn -0.7490138 0.6235245 0.2240436
vn -0.7882292 0.6078384 0.0960584
vn -0.8196015 0.5529369 0.150047
vn -0.7646999 0.6392107 0.08150897
vn -0.7646999 0.6392107 0.08150897
vn -0.7646999 0.6392107 0.08150897
vn -0.7411708 0.6235245 0.248763
vn -0.7490138 0.6235245 0.2240436
vn -0.7646999 0.6392107 -0.08150897
vn -0.7646999 0.6392107 -0.08150897
vn -0.7411708 0.6235245 0.248763
vn 0.7411708 -0.6235247 0.2487626
vn 0.7490139 -0.6313677 0.2008805
vn 0.7333277 -0.6705831 0.112021
vn 0.7254847 -0.6705831 0.1548878
vn 0.7411708 -0.6705831 0.03137041
vn 0.6784262 -0.7097985 0.1895362
vn 0.7647001 -0.6392108 0.08150696
vn 0.7647001 -0.6392108 0.08150696
vn 0.7647001 -0.6392108 0.08150696
vn 0.7333277 -0.6235247 0.2710119
vn 0.7411708 -0.6235247 0.2487626
vn 0.7411708 -0.6235247 0.2487626
vn 0.7647001 -0.6392108 0.08150696
vn 0.7490139 -0.6313677 0.2008805
vn 0.7633862 -0.6459422 0
vn -0.7646999 0.6392107 0.08150897
vn -0.7490138 0.6235245 0.2240436
vn -0.9686199 0.003921509 0.2485156
vn -0.9999309 -0.01176392 0
vn -0.8980323 -0.3725462 0.2339814
vn -0.9215615 -0.3803893 0.07764286
vn -0.1764692 0.9529338 0.2465275
vn -0.1607831 0.9843061 0.07273465
vn 0.2078416 0.9450908 0.2522009
vn 0.2156847 0.9764631 0
vn -0.9921492 0.003921509 -0.1249981
vn -0.7568569 0.6392107 -0.1362985
vn -0.9137185 -0.3803893 -0.1429076
vn 0.2156847 0.9686199 -0.1235132
vn -0.1764692 0.9764631 -0.12401
vn 0.1607831 -0.9843062 0.07273301
vn -0.2156845 -0.9764631 0
vn -0.2078415 -0.9450908 0.2522007
vn 0.1764693 -0.9529339 0.246527
vn 0.7647001 -0.6392108 0.08150696
vn 0.7490139 -0.6235247 0.2240428
vn 0.9686201 -0.003921568 0.2485151
vn 0.9999309 0.0117638 0
vn 0.8980324 0.3725461 0.2339814
vn 0.9215616 0.3803892 0.07764199
vn -0.2156845 -0.9686201 -0.1235125
vn 0.1764693 -0.9764631 -0.1240095
vn 0.756857 -0.6392108 -0.1362977
vn 0.9921493 -0.003921568 -0.1249976
vn 0.9137185 0.3803892 -0.1429073
vn -0.003921509 0.003921509 0.9999846
vn -0.003921509 0.003921509 0.9999846
vn -0.003921509 0.003921509 0.9999846
vn -0.003921509 0.003921509 0.9999846
vn -0.003921509 0.003921509 0.9999846
vn -0.003921509 0.003921509 0.9999846
vn -0.003921509 0.003921509 0.9999846
vn -0.003921509 0.003921509 0.9999846
vn -0.003921509 0.003921509 -0.9999846
vn -0.003921509 0.003921509 -0.9999846
vn -0.003921509 0.003921509 -0.9999846
vn -0.003921509 0.003921509 -0.9999846
vn -0.003921509 0.003921509 -0.9999846
vn -0.003921509 0.003921509 -0.9999846
vn -0.003921509 0.003921509 -0.9999846
vn -0.003921509 0.003921509 -0.9999846
vn -0.9529338 0.3019584 -0.02717196
vn -0.9529338 0.3019584 -0.02717196
vn -0.7646999 0.6392107 -0.08150897
vn -0.7646999 0.6392107 -0.08150897
vn -0.4581441 0.8888779 0
vn -0.4581441 0.8888779 0
vn -0.6392107 -0.7647001 -0.08150788
vn -0.6392107 -0.7647001 -0.08150788
vn -0.8888779 -0.4581442 0
vn -0.8888779 -0.4581442 0
vn 0.09019542 -0.9921493 -0.086629
vn 0.09019542 -0.9921493 -0.086629
vn 0.4581441 -0.8888779 0
vn 0.4581441 -0.8888779 0
vn 0.9529339 -0.3019585 -0.02716688
vn 0.9529339 -0.3019585 -0.02716688
vn 0.9529339 -0.3019585 -0.02716688
vn 0.9529339 -0.3019585 -0.02716688
vn 0.6459423 0.7633862 0
vn 0.6459423 0.7633862 0
vn 0.888878 0.4581441 0
vn 0.888878 0.4581441 0
vn 0.3019585 0.9529338 -0.027171
vn 0.3019585 0.9529338 -0.027171
vn 0.6459423 0.7633862 0
vn 0.6459423 0.7633862 0
vn -0.003921509 0.003921509 -0.9999846
vn -0.003921509 0.003921509 -0.9999846
vn -0.003921509 0.003921509 -0.9999846
vn -0.003921509 0.003921509 -0.9999846
vn -0.003921509 0.003921509 -0.9999846
vn -0.003921509 0.003921509 -0.9999846
vn -0.003921509 0.003921509 -0.9999846
vn -0.003921509 0.003921509 -0.9999846
vn 0.6392108 0.7646999 -0.08150824
vn 0.6392108 0.7646999 -0.08150824
vn 0.6392108 0.7646999 -0.08150824
vn 0.6392108 0.7646999 -0.08150824
vn -0.6392107 -0.7647001 -0.08150788
vn -0.6392107 -0.7647001 -0.08150788
vn -0.6392107 -0.7647001 -0.08150788
vn -0.6392107 -0.7647001 -0.08150788
vn -0.003921509 0.003921509 -0.9999846
vn -0.003921509 0.003921509 -0.9999846
vn -0.003921509 0.003921509 -0.9999846
vn -0.003921509 0.003921509 -0.9999846
vn -0.7646999 0.6392107 -0.08150897
vn -0.7646999 0.6392107 -0.08150897
vn -0.7646999 0.6392107 -0.08150897
vn -0.7646999 0.6392107 -0.08150897
vn -0.3019584 -0.3647031 0.8808023
vn -0.3019584 -0.3647031 0.8808023
vn -0.3019584 -0.3647031 0.8808023
vn -0.3019584 -0.3647031 0.8808023
vn 0.7647001 -0.6392108 -0.08150696
vn 0.7647001 -0.6392108 -0.08150696
vn 0.7647001 -0.6392108 -0.08150696
vn 0.7647001 -0.6392108 -0.08150696
vn -0.6392107 -0.7647001 -0.08150788
vn -0.5921522 -0.7097985 0.3814995
vn -0.5921522 -0.7097985 0.3814995
vn -0.6392107 -0.7647001 -0.08150788
vn -0.45882 -0.5450939 0.7016814
vn -0.45882 -0.5450939 0.7016814
vn -0.7646999 0.6392107 -0.08150897
vn -0.7646999 0.6392107 -0.08150897
vn -0.7646999 0.6392107 -0.08150897
vn -0.7646999 0.6392107 -0.08150897
vn 0.7647001 -0.6392108 -0.08150696
vn 0.7647001 -0.6392108 -0.08150696
vn 0.7647001 -0.6392108 -0.08150696
vn 0.7647001 -0.6392108 -0.08150696
vn -0.7646999 0.6392107 0.08150897
vn -0.7490138 0.6235245 0.2240436
vn -0.9686199 0.003921509 0.2485156
vn -0.9999309 -0.01176392 0
vn -0.8980323 -0.3725462 0.2339814
vn -0.9215615 -0.3803893 0.07764286
vn -0.1764692 0.9529338 0.2465275
vn -0.1607831 0.9843061 0.07273465
vn 0.2078416 0.9450908 0.2522009
vn 0.2156847 0.9764631 0
vn -0.9921492 0.003921509 -0.1249981
vn -0.7568569 0.6392107 -0.1362985
vn -0.9137185 -0.3803893 -0.1429076
vn 0.2156847 0.9686199 -0.1235132
vn -0.1764692 0.9764631 -0.12401
vn 0.1607831 -0.9843062 0.07273301
vn -0.2156845 -0.9764631 0
vn -0.2078415 -0.9450908 0.2522007
vn 0.1764693 -0.9529339 0.246527
vn 0.7647001 -0.6392108 0.08150696
vn 0.7490139 -0.6235247 0.2240428
vn 0.9686201 -0.003921568 0.2485151
vn 0.9999309 0.0117638 0
vn 0.8980324 0.3725461 0.2339814
vn 0.9215616 0.3803892 0.07764199
vn -0.2156845 -0.9686201 -0.1235125
vn 0.1764693 -0.9764631 -0.1240095
vn 0.756857 -0.6392108 -0.1362977
vn 0.9921493 -0.003921568 -0.1249976
vn 0.9137185 0.3803892 -0.1429073
vn -0.003921509 0.003921509 0.9999846
vn -0.003921509 0.003921509 0.9999846
vn -0.003921509 0.003921509 0.9999846
vn -0.003921509 0.003921509 0.9999846
vn -0.003921509 0.003921509 0.9999846
vn -0.003921509 0.003921509 0.9999846
vn -0.003921509 0.003921509 0.9999846
vn -0.003921509 0.003921509 0.9999846
vn -0.003921509 0.003921509 -0.9999846
vn -0.003921509 0.003921509 -0.9999846
vn -0.003921509 0.003921509 -0.9999846
vn -0.003921509 0.003921509 -0.9999846
vn -0.003921509 0.003921509 -0.9999846
vn -0.003921509 0.003921509 -0.9999846
vn -0.003921509 0.003921509 -0.9999846
vn -0.003921509 0.003921509 -0.9999846
vn -0.9529338 0.3019584 -0.02717196
vn -0.9529338 0.3019584 -0.02717196
vn -0.7646999 0.6392107 -0.08150897
vn -0.7646999 0.6392107 -0.08150897
vn -0.4581441 0.8888779 0
vn -0.4581441 0.8888779 0
vn -0.6392107 -0.7647001 -0.08150788
vn -0.6392107 -0.7647001 -0.08150788
vn -0.8888779 -0.4581442 0
vn -0.8888779 -0.4581442 0
vn -0.3019584 -0.9529339 -0.02716771
vn -0.3019584 -0.9529339 -0.02716771
vn 0.7647001 -0.6392108 -0.08150696
vn 0.7647001 -0.6392108 -0.08150696
vn 0.4581441 -0.8888779 0
vn 0.4581441 -0.8888779 0
vn 0.9529339 -0.3019585 -0.02716688
vn 0.9529339 -0.3019585 -0.02716688
vn 0.6392108 0.7646999 -0.08150824
vn 0.6392108 0.7646999 -0.08150824
vn 0.888878 0.4581441 0
vn 0.888878 0.4581441 0
vn 0.3019585 0.9529338 -0.027171
vn 0.3019585 0.9529338 -0.027171
vn 0.6392108 0.7646999 -0.08150824
vn 0.6392108 0.7646999 -0.08150824
vn -0.003921509 0.003921509 -0.9999846
vn -0.003921509 0.003921509 -0.9999846
vn -0.003921509 0.003921509 -0.9999846
vn -0.003921509 0.003921509 -0.9999846
vn -0.003921509 0.003921509 -0.9999846
vn -0.003921509 0.003921509 -0.9999846
vn -0.003921509 0.003921509 -0.9999846
vn -0.003921509 0.003921509 -0.9999846
vn 0.6392108 0.7646999 -0.08150824
vn 0.6392108 0.7646999 -0.08150824
vn 0.6392108 0.7646999 -0.08150824
vn 0.6392108 0.7646999 -0.08150824
vn -0.6392107 -0.7647001 -0.08150788
vn -0.6392107 -0.7647001 -0.08150788
vn -0.6392107 -0.7647001 -0.08150788
vn -0.6392107 -0.7647001 -0.08150788
vn -0.003921509 0.003921509 -0.9999846
vn -0.003921509 0.003921509 -0.9999846
vn -0.003921509 0.003921509 -0.9999846
vn -0.003921509 0.003921509 -0.9999846
vn -0.7646999 0.6392107 -0.08150897
vn -0.7646999 0.6392107 -0.08150897
vn -0.7646999 0.6392107 -0.08150897
vn -0.7646999 0.6392107 -0.08150897
vn -0.3019584 -0.3647031 0.8808023
vn -0.3019584 -0.3647031 0.8808023
vn -0.3019584 -0.3647031 0.8808023
vn -0.3019584 -0.3647031 0.8808023
vn 0.7647001 -0.6392108 -0.08150696
vn 0.7647001 -0.6392108 -0.08150696
vn 0.7647001 -0.6392108 -0.08150696
vn 0.7647001 -0.6392108 -0.08150696
vn -0.6459423 -0.7633864 0
vn -0.5921522 -0.7097985 0.3814995
vn -0.5921522 -0.7097985 0.3814995
vn -0.6459423 -0.7633864 0
vn -0.45882 -0.5450939 0.7016814
vn -0.45882 -0.5450939 0.7016814
vn -0.7633862 0.6459423 0
vn -0.7633862 0.6459423 0
vn -0.7633862 0.6459423 0
vn -0.7633862 0.6459423 0
vn 0.7633862 -0.6459422 0
vn 0.7633862 -0.6459422 0
vn 0.7633862 -0.6459422 0
vn 0.7633862 -0.6459422 0
vn 0.3411739 -0.7882293 -0.5121474
vn 0.349017 -0.9294047 -0.1199754
vn 0.6862693 -0.6705831 -0.2816962
vn 0.4980354 -0.6235247 -0.6026422
vn -0.05882299 -0.5372508 -0.8413687
vn 0.06666619 -0.3725462 -0.925616
vn -0.5215646 -0.15294 -0.8393925
vn -0.3803892 0.003921509 -0.9248182
vn -0.7019553 0.3803892 -0.6021319
vn -0.8352877 0.1921554 -0.5151415
vn -0.7803861 0.5607799 -0.2766286
vn -0.9764631 0.1843122 -0.1120218
vn -0.2156845 -0.7097985 -0.6705716
vn 0.1058816 -0.960777 -0.2563136
vn 0.09019542 -0.9686201 0.231603
vn -0.66274 -0.3333308 -0.6705716
vn -0.9607769 -0.06666619 -0.2691901
vn -0.9686199 -0.07450926 0.2371155
vn 0.6392108 0.7646999 -0.08150824
vn 0.6392108 0.7646999 -0.08150824
vn 0.6392108 0.7646999 -0.08150824
vn 0.6392108 0.7646999 -0.08150824
vn 0.6392108 0.7646999 -0.08150824
vn 0.6392108 0.7646999 -0.08150824
vn -0.5450938 -0.6470539 0.5330985
vn -0.5450938 -0.6470539 0.5330985
vn -0.5529369 -0.6627401 0.5050113
vn -0.5529369 -0.6627401 0.5050113
vn -0.5764661 -0.6941124 0.4311552
vn -0.5764661 -0.6941124 0.4311552
vn 0.6392108 0.7646999 0.08150824
vn 0.6392108 0.7646999 0.08150824
vn 0.6392108 0.7646999 0.08150824
vn 0.6392108 0.7646999 0.08150824
vn -0.8116087 0.5842015 0
vn -0.7646999 0.6392107 -0.08150897
vn -0.5450938 0.4509768 0.7067479
vn -0.5843092 0.3960754 0.7083128
vn 0.003921568 -0.003921568 0.9999846
vn -0.04313684 -0.05098003 0.9977676
vn 0.5450939 -0.450977 0.7067478
vn 0.4980354 -0.5058785 0.7043065
vn 0.7647001 -0.6392108 0.08150696
vn 0.7176416 -0.6941124 0.05655585
vn 0.5450939 -0.450977 -0.7067478
vn 0.4980354 -0.5058785 -0.7043065
vn 0.003921568 -0.003921568 -0.9999846
vn -0.04313684 -0.05098003 -0.9977676
vn -0.5843092 0.3960754 -0.7083128
vn -0.5450938 0.4509768 -0.7067479
vn -0.04313684 -0.05098003 -0.9977676
vn 0.003921568 -0.003921568 -0.9999846
vn -0.0901953 -0.1058816 0.9902797
vn -0.6313677 0.3411738 0.6964017
vn 0.4431339 -0.56078 0.6993984
vn 0.6705831 -0.7411708 -0.03136993
vn 0.4431339 -0.56078 -0.6993984
vn -0.0901953 -0.1058816 -0.9902797
vn -0.6313677 0.3411738 -0.6964017
vn -0.0901953 -0.1058816 -0.9902797
vn -0.8490957 0.5282392 0
vn -0.6392107 -0.7647001 -0.08150788
vn -0.6392107 -0.7647001 0.08150788
vn -0.6392107 -0.7647001 -0.08150788
vn -0.6392107 -0.7647001 -0.08150788
vn -0.6459423 -0.7633864 0
vn -0.6459423 -0.7633864 0
vn -0.6392107 -0.7647001 0.08150788
vn -0.6392107 -0.7647001 -0.08150788
vn -0.8116087 0.5842015 0
vn -0.7646999 0.6392107 -0.08150897
vn -0.5450938 0.4509768 0.7067479
vn -0.5843092 0.3960754 0.7083128
vn 0.003921568 -0.003921568 0.9999846
vn -0.04313684 -0.05098003 0.9977676
vn 0.5450939 -0.450977 0.7067478
vn 0.4980354 -0.5058785 0.7043065
vn 0.7647001 -0.6392108 -0.08150696
vn 0.7176416 -0.6941124 -0.05655585
vn 0.5450939 -0.450977 -0.7067478
vn 0.4980354 -0.5058785 -0.7043065
vn 0.003921568 -0.003921568 -0.9999846
vn -0.04313684 -0.05098003 -0.9977676
vn -0.5843092 0.3960754 -0.7083128
vn -0.5450938 0.4509768 -0.7067479
vn -0.04313684 -0.05098003 -0.9977676
vn 0.003921568 -0.003921568 -0.9999846
vn -0.0901953 -0.1058816 0.9902797
vn -0.6313677 0.3411738 0.6964017
vn 0.4431339 -0.56078 0.6993984
vn 0.6626585 -0.7489218 0
vn 0.4431339 -0.56078 -0.6993984
vn -0.0901953 -0.1058816 -0.9902797
vn -0.6313677 0.3411738 -0.6964017
vn -0.0901953 -0.1058816 -0.9902797
vn -0.8490957 0.5282392 0
vn -0.6392107 -0.7647001 -0.08150788
vn -0.6392107 -0.7647001 0.08150788
vn -0.6392107 -0.7647001 -0.08150788
vn -0.6392107 -0.7647001 -0.08150788
vn -0.6459423 -0.7633864 0
vn -0.6459423 -0.7633864 0
vn -0.6392107 -0.7647001 0.08150788
vn -0.6392107 -0.7647001 -0.08150788
vn -0.003921509 -0.003921568 0.9999846
vn -0.003921509 -0.003921568 0.9999846
vn -0.003921509 -0.003921568 0.9999846
vn -0.003921509 -0.003921568 0.9999846
vn 0.003921568 -0.003921568 0.9999846
vn 0.003921568 -0.003921568 0.9999846
vn 0.003921568 -0.003921568 0.9999846
vn 0.003921568 -0.003921568 0.9999846
vn 0.7411708 -0.6313677 0.2281241
vn 0.7411708 -0.6313677 0.2281241
vn 0.7411708 -0.6313677 0.2281241
vn 0.7411708 -0.6313677 0.2281241
vn -0.6392107 -0.7647001 0.08150788
vn -0.6392107 -0.7647001 0.08150788
vn -0.6392107 -0.7647001 0.08150788
vn -0.6392107 -0.7647001 0.08150788
vn -0.6459423 -0.7633864 0
vn -0.6459423 -0.7633864 0
vn -0.6459423 -0.7633864 0
vn -0.6459423 -0.7633864 0
vn -0.7490138 0.6235245 0.2240436
vn -0.7490138 0.6235245 0.2240436
vn -0.7490138 0.6235245 0.2240436
vn -0.7490138 0.6235245 0.2240436
vn -0.9999923 0.003921509 -0.0003449296
vn -0.9999923 0.003921509 -0.0003449296
vn -0.9999923 0.003921509 -0.0003449296
vn -0.9999923 0.003921509 -0.0003449296
vn -0.9999923 0.003921509 -0.0003449296
vn -0.9999923 0.003921509 -0.0003449296
vn -0.9999923 0.003921509 -0.0003449296
vn -0.9999923 0.003921509 -0.0003449296
vn -0.9999923 0.003921509 -0.0003449296
vn 0.9999924 0.003921509 0
vn 0.9999924 0.003921509 0
vn 0.9999924 0.003921509 0
vn 0.9999924 0.003921509 0
vn 0.9999924 0.003921509 0
vn 0.9999924 0.003921509 0
vn 0.9999924 0.003921509 0
vn 0.9999924 0.003921509 0
vn 0.9999924 0.003921509 0
vn -0.003921509 -0.06666619 -0.9977676
vn -0.003921509 -0.06666619 -0.9977676
vn -0.003921509 -0.06666619 -0.9977676
vn -0.003921509 -0.06666619 -0.9977676
vn -0.003921509 -0.960777 -0.2772944
vn -0.003921509 -0.9999924 0
vn -0.003921509 -0.9999924 0
vn -0.003921509 -0.960777 -0.2772944
vn -0.003921509 -0.9215616 0.3882124
vn -0.003921509 -0.9215616 0.3882124
vn -0.003921509 -0.8823462 0.4705845
vn -0.003921509 -0.8823462 0.4705845
vn -0.003921509 -0.8431308 0.5376942
vn -0.003921509 -0.8431308 0.5376942
vn -0.003921509 0.2549 0.9669595
vn -0.003921509 0.2549 0.9669595
vn -0.003921509 0.2549 0.9669595
vn -0.003921509 0.2549 0.9669595
vn -0.003921509 0.9843061 -0.176426
vn -0.003921509 0.9921492 -0.1249981
vn -0.003921509 0.9921492 -0.1249981
vn -0.003921509 0.9843061 -0.176426
vn -0.003921509 0.9921492 -0.1249981
vn -0.003921509 0.9921492 -0.1249981
vn -0.003921509 0.9999923 -0.000345267
vn -0.003921509 0.9999923 -0.000345267
vn 0.003921568 -0.9921493 0.1249976
vn -0.003921509 -0.9921493 0.1249976
vn 0.3803893 -0.9137185 0.1429072
vn 0.3803893 -0.9137185 0.1429072
vn 0.9215616 -0.3803893 0.07764171
vn 0.9215616 -0.3803893 0.07764171
vn 0.9215616 -0.3803893 0.07764171
vn 0.9215616 -0.3803893 0.07764171
vn 0.9215616 0.3803892 -0.07764199
vn 0.9215616 0.3803892 -0.07764199
vn 0.7097985 0.7019553 -0.05869259
vn 0.7097985 0.7019553 -0.05869259
vn 0.3803893 0.9137185 -0.1429076
vn 0.3803893 0.9137185 -0.1429076
vn -0.3803892 0.9137185 -0.1429078
vn -0.3803892 0.9137185 -0.1429078
vn -0.7097985 0.7019553 -0.0586931
vn -0.7097985 0.7019553 -0.0586931
vn -0.9215615 0.3803892 -0.07764315
vn -0.9215615 0.3803892 -0.07764315
vn -0.9215615 -0.3803893 0.07764286
vn -0.9215615 -0.3803893 0.07764286
vn -0.9215615 -0.3803893 0.07764286
vn -0.9215615 -0.3803893 0.07764286
vn -0.3803892 -0.9137185 0.1429074
vn -0.3803892 -0.9137185 0.1429074
vn -0.003921509 -0.9921493 0.1249976
vn 0.003921568 -0.9921493 0.1249976
vn 0.003921568 0.1450969 0.9894097
vn 0.003921568 0.1450969 0.9894097
vn -0.003921509 0.1450969 0.9894097
vn 0.003921568 0.1450969 0.9894097
vn 0.003921568 0.1450969 0.9894097
vn -0.003921509 0.1450969 0.9894097
vn 0.003921568 0.1450969 0.9894097
vn 0.003921568 0.1450969 0.9894097
vn 0.003921568 -0.145097 -0.9894097
vn 0.003921568 -0.145097 -0.9894097
vn 0.003921568 -0.145097 -0.9894097
vn -0.003921509 -0.145097 -0.9894097
vn -0.003921509 -0.145097 -0.9894097
vn -0.003921509 -0.145097 -0.9894097
vn -0.003921509 -0.145097 -0.9894097
vn -0.003921509 -0.145097 -0.9894097
vn -0.9999923 0.003921509 -0.0003449296
vn -0.9999923 0.003921509 -0.0003449296
vn -0.9999923 0.003921509 -0.0003449296
vn -0.9999923 0.003921509 -0.0003449296
vn -0.9999923 0.003921509 -0.0003449296
vn -0.9999923 0.003921509 -0.0003449296
vn 0.9999924 0.003921509 0
vn 0.9999924 0.003921509 0
vn 0.9999924 0.003921509 0
vn 0.9999924 0.003921509 0
vn 0.9999924 0.003921509 0
vn 0.9999924 0.003921509 0
vn -0.003921509 0.003921509 -0.9999846
vn -0.003921509 -0.04313695 -0.9990615
vn -0.003921509 -0.04313695 -0.9990615
vn -0.003921509 0.003921509 -0.9999846
vn -0.003921509 -0.09803849 -0.9951749
vn -0.003921509 -0.09803849 -0.9951749
vn -0.003921509 -0.9843062 0.1764254
vn -0.003921509 -0.9843062 0.1764254
vn -0.003921509 -0.9843062 0.1764254
vn -0.003921509 -0.9843062 0.1764254
vn -0.003921509 -0.2549 0.9669595
vn -0.003921509 -0.4352908 0.9002814
vn -0.003921509 -0.4352908 0.9002814
vn -0.003921509 -0.2549 0.9669595
vn -0.003921509 -0.5999954 0.7999938
vn -0.003921509 -0.5999954 0.7999938
vn -0.003921509 0.9764631 -0.215649
vn -0.003921509 0.9764631 -0.215649
vn -0.003921509 0.9764631 -0.215649
vn -0.003921509 0.9764631 -0.215649
vn -0.003921509 -0.9686201 -0.2485151
vn -0.003921509 -0.9686201 -0.2485151
vn -0.003921509 -0.9921493 0.1249976
vn -0.003921509 -0.9921493 0.1249976
vn -0.003921509 -0.7960724 -0.6051888
vn -0.003921509 -0.7960724 -0.6051888
vn -0.003921509 -0.5999954 0.7999938
vn -0.003921509 -0.5999954 0.7999938
vn -0.003921509 -0.2549 0.9669595
vn -0.003921509 -0.2549 0.9669595
vn -0.003921509 0.5058784 0.8625959
vn -0.003921509 0.5058784 0.8625959
vn -0.003921509 0.9686199 0.2485156
vn -0.003921509 0.9686199 0.2485156
vn -0.003921509 0.9921492 -0.1249981
vn -0.003921509 0.9921492 -0.1249981
vn -0.003921509 0.5999954 -0.7999939
vn -0.003921509 0.5999954 -0.7999939
vn -0.003921509 0.2549 -0.9669595
vn -0.003921509 0.2549 -0.9669595
vn -0.003921509 -0.1372539 -0.9905281
vn -0.003921509 -0.1372539 -0.9905281
vn -0.9999923 0.003921509 -0.0003449296
vn -0.9999923 0.003921509 -0.0003449296
vn -0.9999923 0.003921509 -0.0003449296
vn -0.9999923 0.003921509 -0.0003449296
vn -0.9999923 0.003921509 -0.0003449296
vn -0.9999923 0.003921509 -0.0003449296
vn -0.9999923 0.003921509 -0.0003449296
vn -0.9999923 0.003921509 -0.0003449296
vn 0.9999924 0.003921509 0
vn 0.9999924 0.003921509 0
vn 0.9999924 0.003921509 0
vn 0.9999924 0.003921509 0
vn 0.9999924 0.003921509 0
vn 0.9999924 0.003921509 0
vn 0.9999924 0.003921509 0
vn 0.9999924 0.003921509 0
vn 0.9993777 0.03527213 0
vn 0.7097985 0.03529382 0.70352
vn 0.7097985 0.01960766 0.7041318
vn 0.9998079 0.01960405 0
vn 0.003921568 0.01960766 0.9998001
vn 0.003921568 0.03529382 0.9993693
vn -0.7097985 0.01960766 0.7041318
vn -0.7097985 0.03529382 0.7035201
vn -0.9998079 0.01960405 0
vn -0.9993777 0.03527213 0
vn -0.7097985 0.01960766 -0.7041318
vn -0.7097985 0.03529382 -0.7035201
vn 0.003921568 0.01960766 -0.9998001
vn 0.003921568 0.03529382 -0.9993693
vn 0.7097985 0.03529382 -0.70352
vn 0.7097985 0.01960766 -0.7041318
vn 0.003921568 0.03529382 -0.9993693
vn 0.003921568 0.01960766 -0.9998001
vn 0.9999309 0.0117638 0
vn 0.003921568 0.01176453 0.9999231
vn 0.7097985 0.01176453 0.7043065
vn -0.9999309 0.0117638 0
vn -0.7097985 0.01176453 0.7043065
vn 0.003921568 0.01176453 -0.9999231
vn 0.7097985 0.01176453 -0.7043065
vn -0.7097985 0.01176453 -0.7043065
vn 0.003921568 0.01176453 -0.9999231
vn -0.003921509 -0.9999924 0
vn -0.003921509 -0.9999924 0
vn -0.003921509 -0.9999924 0
vn -0.003921509 -0.9999924 0
vn -0.003921509 -0.9999924 0
vn -0.003921509 -0.9999924 0
vn -0.003921509 -0.9999924 0
vn -0.003921509 -0.9999924 0
vn -0.003921509 0.9999923 -0.000345267
vn -0.003921509 0.9999923 -0.000345267
vn -0.003921509 0.9999923 -0.000345267
vn -0.003921509 0.9999923 -0.000345267
vn -0.003921509 0.9999923 -0.000345267
vn -0.003921509 0.9999923 -0.000345267
vn -0.003921509 0.9999923 -0.000345267
vn -0.003921509 0.9999923 -0.000345267
vn -0.6392107 -0.7647001 0.08150788
vn -0.9921492 -0.09019542 0.0866296
vn -0.9921492 -0.09019542 0.0866296
vn -0.6392107 -0.7647001 0.08150788
vn -0.7646999 0.6392107 0.08150897
vn -0.7646999 0.6392107 0.08150897
vn -0.0901953 0.9921492 0.08662968
vn -0.0901953 0.9921492 0.08662968
vn 0.6392108 0.7646999 0.08150824
vn 0.6392108 0.7646999 0.08150824
vn 0.9921493 0.0901953 0.08662903
vn 0.9921493 0.0901953 0.08662903
vn 0.7647001 -0.6392108 0.08150696
vn 0.7647001 -0.6392108 0.08150696
vn 0.09019542 -0.9921493 0.086629
vn 0.09019542 -0.9921493 0.086629
vn 0.7647001 -0.6392108 0.08150696
vn 0.7647001 -0.6392108 0.08150696
vn -0.6392107 -0.7647001 0.08150788
vn -0.7646999 0.6392107 0.08150897
vn -0.9921492 -0.09019542 -0.0866296
vn 0.6392108 0.7646999 0.08150824
vn -0.0901953 0.9921492 -0.08662968
vn 0.7647001 -0.6392108 0.08150696
vn 0.09019542 -0.9921493 -0.086629
vn 0.9921493 0.0901953 -0.08662903
vn 0.7647001 -0.6392108 0.08150696
vn -0.003921509 0.003921509 -0.9999846
vn -0.003921509 0.003921509 -0.9999846
vn -0.003921509 0.003921509 -0.9999846
vn -0.003921509 -0.003921568 -0.9999846
vn -0.003921509 0.003921509 -0.9999846
vn -0.003921509 0.003921509 -0.9999846
vn -0.003921509 0.003921509 -0.9999846
vn -0.003921509 -0.003921568 -0.9999846
vn 0.003921568 -0.003921568 0.9999846
vn 0.003921568 -0.003921568 0.9999846
vn 0.003921568 -0.003921568 0.9999846
vn -0.003921509 -0.003921568 0.9999846
vn 0.003921568 0.003921509 0.9999846
vn 0.003921568 -0.003921568 0.9999846
vn -0.003921509 0.003921509 0.9999846
vn -0.003921509 -0.003921568 0.9999846
vn -0.6392107 -0.7647001 0.08150788
vn -0.9921492 -0.09019542 0.0866296
vn -0.9921492 -0.09019542 0.0866296
vn -0.6392107 -0.7647001 0.08150788
vn -0.7646999 0.6392107 0.08150897
vn -0.7646999 0.6392107 0.08150897
vn -0.0901953 0.9921492 0.08662968
vn -0.0901953 0.9921492 0.08662968
vn 0.6392108 0.7646999 0.08150824
vn 0.6392108 0.7646999 0.08150824
vn 0.9921493 0.0901953 0.08662903
vn 0.9921493 0.0901953 0.08662903
vn 0.7647001 -0.6392108 0.08150696
vn 0.7647001 -0.6392108 0.08150696
vn 0.09019542 -0.9921493 0.086629
vn 0.09019542 -0.9921493 0.086629
vn 0.7647001 -0.6392108 0.08150696
vn 0.7647001 -0.6392108 0.08150696
vn -0.6392107 -0.7647001 0.08150788
vn -0.7646999 0.6392107 0.08150897
vn -0.9921492 -0.09019542 -0.0866296
vn 0.6392108 0.7646999 0.08150824
vn -0.0901953 0.9921492 -0.08662968
vn 0.7647001 -0.6392108 0.08150696
vn 0.09019542 -0.9921493 -0.086629
vn 0.9921493 0.0901953 -0.08662903
vn 0.7647001 -0.6392108 0.08150696
vn -0.003921509 0.003921509 -0.9999846
vn -0.003921509 0.003921509 -0.9999846
vn -0.003921509 0.003921509 -0.9999846
vn -0.003921509 -0.003921568 -0.9999846
vn -0.003921509 0.003921509 -0.9999846
vn -0.003921509 0.003921509 -0.9999846
vn -0.003921509 0.003921509 -0.9999846
vn -0.003921509 -0.003921568 -0.9999846
vn 0.003921568 -0.003921568 0.9999846
vn 0.003921568 -0.003921568 0.9999846
vn 0.003921568 -0.003921568 0.9999846
vn -0.003921509 -0.003921568 0.9999846
vn 0.003921568 0.003921509 0.9999846
vn 0.003921568 -0.003921568 0.9999846
vn -0.003921509 0.003921509 0.9999846
vn -0.003921509 -0.003921568 0.9999846
vn 0.4980354 0.5999954 -0.6260721
vn 0.4980354 0.5999954 -0.6260721
vn 0.4980354 0.5999954 -0.6260721
vn 0.4980354 0.5999954 -0.6260721
vn -0.6392107 -0.7647001 0.08150788
vn -0.6392107 -0.7647001 0.08150788
vn -0.5215646 -0.6235247 0.5823979
vn -0.5215646 -0.6235247 0.5823979
vn -0.1999984 -0.2392139 0.950146
vn -0.1999984 -0.2392139 0.950146
vn 0.1999985 0.2392138 0.950146
vn 0.1999985 0.2392138 0.950146
vn 0.5215647 0.6235245 0.582398
vn 0.5215647 0.6235245 0.582398
vn 0.6392108 0.7646999 0.08150824
vn 0.6392108 0.7646999 0.08150824
vn 0.5215647 0.6235245 -0.582398
vn 0.5215647 0.6235245 -0.582398
vn 0.1999985 0.2392138 -0.950146
vn 0.1999985 0.2392138 -0.950146
vn -0.1999984 -0.2392139 -0.950146
vn -0.1999984 -0.2392139 -0.950146
vn -0.1999984 -0.2392139 -0.950146
vn -0.1999984 -0.2392139 -0.950146
vn -0.5215646 -0.6235247 -0.5823979
vn -0.5215646 -0.6235247 -0.5823979
vn -0.7646999 0.6392107 0.08150897
vn -0.7646999 0.6392107 0.08150897
vn -0.7646999 0.6392107 0.08150897
vn -0.7646999 0.6392107 0.08150897
vn -0.7646999 0.6392107 -0.08150897
vn -0.7646999 0.6392107 -0.08150897
vn -0.7646999 0.6392107 -0.08150897
vn -0.7646999 0.6392107 -0.08150897
vn -0.7646999 0.6392107 0.08150897
vn -0.7646999 0.6392107 0.08150897
vn 0.7647001 -0.6392108 -0.08150696
vn 0.7647001 -0.6392108 -0.08150696
vn 0.7647001 -0.6392108 -0.08150696
vn 0.7647001 -0.6392108 0.08150696
vn 0.7647001 -0.6392108 -0.08150696
vn 0.7647001 -0.6392108 -0.08150696
vn 0.7647001 -0.6392108 0.08150696
vn 0.7647001 -0.6392108 0.08150696
vn 0.7647001 -0.6392108 0.08150696
vn 0.7647001 -0.6392108 -0.08150696
vn -0.9843061 0.1450969 0.1004411
vn -0.9764631 0.1686261 0.1344809
vn -0.9764631 0.1843122 0.1120218
vn -0.9843061 0.1450969 0.1004411
vn -0.9529338 0.2549 0.1641439
vn -0.9529338 0.2705861 0.1367493
vn -0.9529338 0.2862723 0.09982684
vn -0.9372476 0.3176446 0.1437665
vn -0.9450908 0.2862723 0.1576439
vn -0.9905662 0.1370348 0
vn -0.9843061 0.1607831 0.07273465
vn -0.9894747 0.1447058 0
vn -0.9843061 0.1686261 -0.05202661
vn -0.9294046 0.3333308 0.1584224
vn 0.9764631 0.1843122 0.1120212
vn 0.9764631 0.1686261 0.1344805
vn 0.9843062 0.1450969 0.1004399
vn 0.9843062 0.1450969 0.1004399
vn 0.9529339 0.262743 0.1512716
vn 0.9529339 0.2784292 0.1199758
vn 0.9450908 0.2862723 0.1576435
vn 0.9686201 0.2235277 0.1086763
vn 0.9529339 0.2862723 0.09982564
vn 0.9977852 0.06651898 0
vn 0.9905663 0.1370348 0
vn 0.9843062 -0.1607831 -0.07273288
vn 0.9843062 0.1607831 0.07273301
vn 0.9894748 0.1447058 0
vn 0.9843062 0.1686261 -0.05202432
vn 0.960777 -0.03529388 0.2750671
vn 0.9686201 -0.2392139 -0.06746751
vn 0.9294047 -0.3254877 0.1739674
vn -0.003921509 -0.7960724 -0.6051888
vn -0.003921509 -0.756857 -0.6535688
vn -0.003921509 -0.756857 -0.6535688
vn -0.003921509 -0.7960724 -0.6051888
vn -0.003921509 -0.6941124 -0.719856
vn -0.003921509 -0.6941124 -0.719856
vn -0.003921509 -0.5372508 -0.8434134
vn -0.003921509 -0.5372508 -0.8434134
vn -0.003921509 -0.3960754 -0.9182096
vn -0.003921509 -0.3960754 -0.9182096
vn -0.003921509 -0.3960754 -0.9182096
vn -0.003921509 -0.3960754 -0.9182096
vn -0.003921509 0.1058815 0.9943711
vn -0.003921509 0.08235228 0.9965956
vn -0.003921509 0.08235228 0.9965956
vn -0.003921509 0.08235228 0.9965956
vn -0.003921509 0.1058815 0.9943711
vn -0.003921509 0.1294107 0.9915833
vn -0.003921509 0.1294107 0.9915833
vn -0.003921509 -0.960777 0.2772944
vn -0.003921509 -0.960777 0.2772944
vn -0.003921509 -0.9686201 0.2485151
vn -0.003921509 -0.9686201 0.2485151
vn -0.003921509 -0.9843062 0.1764254
vn -0.003921509 -0.9843062 0.1764254
vn -0.003921509 -0.9843062 0.1764254
vn -0.003921509 -0.9843062 0.1764254
vn 0.9294047 -0.3254877 0.1739674
vn 0.9999924 0.003921509 0
vn 0.960777 0.1372538 0.2409751
vn 0.9999924 0.003921509 0
vn 0.9916005 0.1293392 0
vn 0.9999924 0.003921509 0
vn 0.9999924 0.003921509 0
vn 0.9999924 0.003921509 0
vn 0.9999924 0.003921509 0
vn 0.9137185 0.3960754 0.09078962
vn 0.858817 0.3803892 0.3431289
vn 0.960777 -0.03529388 0.2750671
vn 0.7803862 0.3490169 0.51883
vn -0.874503 -0.1215677 0.4695378
vn -0.9607769 0.1372538 0.2409753
vn -0.9372476 -0.3176447 0.1437664
vn -0.8588169 0.3725461 0.3516291
vn -0.7882292 0.3490169 0.5068352
vn -0.9137185 0.3960754 0.09079028
vn -0.9916004 0.1293392 0
vn -0.9999923 0.003921509 -0.0003449296
vn -0.9999923 0.003921509 -0.0003449296
vn -0.9999923 0.003921509 -0.0003449296
vn -0.9999923 0.003921509 -0.0003449296
vn -0.9999923 0.003921509 -0.0003449296
vn -0.9999923 0.003921509 -0.0003449296
vn -0.003921509 0.9999923 -0.000345267
vn -0.003921509 0.9999923 -0.000345267
vn -0.003921509 0.9999923 -0.000345267
vn -0.003921509 0.9999923 -0.000345267
vn -0.003921509 0.9999923 -0.000345267
vn -0.003921509 0.9999923 -0.000345267
vn -0.003921509 -0.9921493 -0.1249976
vn -0.003921509 -0.9921493 -0.1249976
vn -0.003921509 -0.9921493 -0.1249976
vn -0.003921509 -0.9921493 -0.1249976
vn -0.003921509 -0.45882 -0.8885205
vn -0.003921509 -0.45882 -0.8885205
vn -0.003921509 -0.45882 -0.8885205
vn -0.003921509 -0.45882 -0.8885205
vn -0.003921509 -0.003921568 0.9999846
vn -0.003921509 -0.3960754 0.9182096
vn -0.003921509 -0.3960754 0.9182096
vn -0.003921509 -0.003921568 0.9999846
vn -0.003921509 -0.01960772 0.9998001
vn -0.003921509 -0.01960772 0.9998001
vn -0.003921509 -0.6078385 0.794051
vn -0.003921509 -0.09019542 0.9959164
vn -0.003921509 -0.15294 0.9882277
vn -0.003921509 -0.15294 0.9882277
vn -0.003921509 0.9137185 -0.4063289
vn -0.003921509 0.9137185 -0.4063289
vn -0.003921509 0.9137185 -0.4063289
vn -0.874503 -0.1215677 0.4695378
vn -0.9372476 -0.3176447 0.1437664
vn -0.9137185 -0.3960754 0.09079003
vn -0.003921509 0.01176453 0.9999231
vn -0.003921509 0.01176453 0.9999231
vn -0.003921509 0.01176453 0.9999231
vn -0.003921509 0.01176453 0.9999231
vn -0.9921492 -0.1215677 0.02934603
vn -0.9686199 -0.2392139 -0.06746928
vn -0.9294046 -0.1607831 -0.3321985
vn -0.9921492 -0.05882311 -0.1103619
vn -0.9686199 -0.2392139 -0.06746928
vn -0.8588169 -0.2235277 -0.4609435
vn -0.9294046 -0.1607831 -0.3321985
vn -0.8588169 -0.2235277 -0.4609435
vn -0.9921492 -0.05882311 -0.1103619
vn -0.9294046 -0.1607831 -0.3321985
vn 0.9604816 -0.2783437 0
vn 0.9372478 -0.2784293 0.2098661
vn 0.9450908 -0.3019585 0.1249974
vn 0.9372478 -0.3019585 0.1743207
vn 0.9294047 -0.2549 0.2668949
vn 0.9294047 -0.2313708 0.2875317
vn 0.9137185 -0.145097 0.3795594
vn 0.9058754 -0.1294108 0.4032896
vn 0.9058754 -0.09803849 0.4120414
vn 0.9686201 -0.2078416 -0.1362976
vn 0.9747855 -0.2231437 0
vn 0.9529339 -0.1999985 -0.2278543
vn 0.960777 -0.2156847 -0.1743207
vn 0.9529339 -0.2392139 -0.1862624
vn 0.960777 -0.2392139 -0.1403007
vn 0.9282063 -0.3720658 0
vn 0.9843062 -0.1215677 -0.1279163
vn 0.9921493 -0.003921568 -0.1249976
vn -0.9450908 -0.3019585 0.1249979
vn -0.9372476 -0.2784293 0.2098667
vn -0.9604815 -0.2783437 0
vn -0.9372476 -0.3019585 0.1743214
vn -0.9294046 -0.2549 0.2668951
vn -0.9294046 -0.2313708 0.2875319
vn -0.9137185 -0.145097 0.3795595
vn -0.9058753 -0.1294108 0.4032899
vn -0.9686199 -0.2078416 -0.1362984
vn -0.9747856 -0.2231437 0
vn -0.9529338 -0.1999985 -0.2278548
vn -0.9607769 -0.2156847 -0.174321
vn -0.9529338 -0.2392139 -0.1862631
vn -0.9607769 -0.2392139 -0.1403012
vn -0.9282063 -0.3720658 0
vn -0.9843061 -0.1215677 -0.1279172
vn -0.9921492 -0.003921568 -0.1249981
vn -0.9058753 -0.09803849 0.4120417
vn -0.003921509 0.9529338 0.3031532
vn -0.003921509 0.9529338 0.3031532
vn -0.003921509 0.9764631 0.215649
vn -0.003921509 0.9764631 0.215649
vn -0.003921509 0.9999923 -0.000345267
vn -0.003921509 0.9999923 -0.000345267
vn -0.003921509 0.9607769 -0.2772946
vn -0.003921509 0.9607769 -0.2772946
vn 0.003921568 0.8117584 -0.5839803
vn 0.003921568 0.8117584 -0.5839803
vn 0.003921568 0.6470538 -0.7624342
vn 0.003921568 0.6470538 -0.7624342
vn 0.003921568 0.5529369 -0.8332139
vn -0.003921509 0.3803892 0.9248182
vn -0.003921509 0.3803892 0.9248182
vn -0.003921509 0.3803892 0.9248182
vn -0.003921509 0.3803892 0.9248182
vn -0.003921509 0.9921492 -0.1249981
vn -0.003921509 0.9921492 -0.1249981
vn -0.003921509 0.9921492 -0.1249981
vn -0.003921509 0.9921492 -0.1249981
vn 0.9730572 -0.2305638 0
vn 0.9730572 -0.2305638 0
vn 0.9686201 -0.2313708 0.0907893
vn 0.9686201 -0.2313708 0.0907893
vn 0.9747855 -0.2231437 0
vn 0.9747855 -0.2231437 0
vn 0.9686201 -0.2156847 -0.1235123
vn 0.9686201 -0.2078416 -0.1362976
vn 0.9686201 -0.1999985 -0.1475661
vn 0.9686201 -0.1999985 -0.1475661
vn -0.9730572 -0.2305638 0
vn -0.9686199 -0.2313708 0.09079061
vn -0.9686199 -0.2313708 0.09079061
vn -0.9730572 -0.2305638 0
vn -0.9747856 -0.2231437 0
vn -0.9747856 -0.2231437 0
vn -0.9686199 -0.2156847 -0.1235132
vn -0.9686199 -0.2078416 -0.1362984
vn -0.9686199 -0.1999985 -0.1475669
vn -0.9686199 -0.1999985 -0.1475669
vn -0.003921509 0.8588169 0.5122677
vn -0.003921509 0.8588169 0.5122677
vn -0.003921509 0.670583 0.7418242
vn -0.003921509 0.670583 0.7418242
vn 0.003921568 0.9999923 -0.000345267
vn 0.003921568 0.9999923 -0.000345267
vn 0.003921568 0.9529338 -0.3031532
vn 0.003921568 0.9529338 -0.3031532
vn 0.003921568 0.8588169 -0.5122677
vn 0.003921568 0.8588169 -0.5122677
vn -0.003921509 0.7019553 -0.7122102
vn -0.003921509 -0.9686201 -0.2485151
vn -0.003921509 -0.9686201 -0.2485151
vn -0.003921509 -0.9686201 -0.2485151
vn -0.003921509 -0.9686201 -0.2485151
vn -0.003921509 -0.858817 -0.5122675
vn -0.003921509 -0.858817 -0.5122675
vn -0.003921509 -0.6941124 -0.719856
vn -0.003921509 -0.05098003 -0.998692
vn -0.003921509 -0.05098003 -0.998692
vn -0.003921509 -0.05098003 -0.998692
vn -0.003921509 -0.05098003 -0.998692
vn -0.7176415 0.5215646 -0.4614771
vn -0.6470538 0.3490169 -0.6778706
vn -0.9529338 0.1372538 -0.2703306
vn -0.9686199 -0.08235234 -0.2345069
vn -0.8901892 0.1843122 -0.416644
vn -0.6156815 0.2705861 -0.7400807
vn -0.9607769 0.1529399 -0.2313376
vn -0.9764631 0.1058815 -0.1879069
vn -0.9686199 -0.04313695 -0.2447746
vn -0.003921509 0.3411738 -0.9399921
vn -0.9137185 -0.2862723 -0.2883864
vn -0.6941123 -0.6156816 -0.3730206
vn -0.8039154 -0.5372508 -0.255111
vn -0.8431307 0.4431338 -0.3045703
vn -0.9058753 -0.3960754 -0.1500472
vn -0.9058753 -0.3960754 -0.1500472
vn -0.8039154 -0.5372508 -0.255111
vn 0.1764693 -0.9137185 -0.3660288
vn 0.003921568 -0.9450908 -0.3267842
vn 0.3960754 -0.7882293 -0.4709765
vn -0.6941123 -0.6156816 -0.3730206
vn 0.9058754 -0.3960754 -0.1500464
vn 0.9215616 -0.3333308 -0.1990347
vn 0.9215616 -0.3333308 -0.1990347
vn -0.4509768 0.3803892 -0.8074181
vn -0.4509768 0.3803892 -0.8074181
vn -0.4745061 0.3490169 -0.8081034
vn -0.4823492 0.3254876 -0.8132632
vn -0.5137215 0.2705861 -0.8141704
vn -0.003921509 0.3411738 -0.9399921
vn -0.6156815 0.2705861 -0.7400807
vn -0.6470538 0.3490169 -0.6778706
vn -0.003921509 0.5058784 -0.8625959
vn -0.7176415 0.5215646 -0.4614771
vn -0.003921509 0.8274446 -0.5615337
vn -0.8431307 0.4431338 -0.3045703
vn 0.003921568 0.9450908 -0.3267844
vn 0.6470539 0.3490169 -0.6778705
vn 0.6156816 0.2705861 -0.7400806
vn 0.7176416 0.5215646 -0.4614769
vn 0.8431308 0.4431338 -0.3045699
vn -0.003921509 0.3411738 -0.9399921
vn -0.003921509 -0.5450939 0.8383659
vn -0.003921509 -0.5450939 0.8383659
vn 0.003921568 -0.3803893 0.9248182
vn 0.003921568 -0.3803893 0.9248182
vn -0.003921509 -0.1372539 0.9905281
vn -0.003921509 -0.1372539 0.9905281
vn -0.003921509 0.003921509 0.9999846
vn -0.003921509 0.003921509 0.9999846
vn -0.003921509 -0.0274508 0.9996155
vn -0.003921509 -0.0274508 0.9996155
vn -0.003921509 -0.06666619 0.9977676
vn 0.9529339 0.1372538 -0.2703301
vn 0.6470539 0.3490169 -0.6778705
vn 0.7176416 0.5215646 -0.4614769
vn 0.9686201 -0.08235234 -0.2345064
vn 0.8901893 0.1843122 -0.4166438
vn 0.6156816 0.2705861 -0.7400806
vn 0.960777 0.1529399 -0.2313373
vn 0.9764631 0.1058815 -0.1879066
vn 0.9686201 -0.04313695 -0.2447741
vn -0.003921509 0.3411738 -0.9399921
vn 0.9137185 -0.2862723 -0.2883862
vn 0.3960754 -0.7882293 -0.4709765
vn 0.9215616 -0.3333308 -0.1990347
vn 0.8431308 0.4431338 -0.3045699
vn 0.9058754 -0.3960754 -0.1500464
vn 0.4745062 0.3490169 -0.8081034
vn 0.450977 0.3803892 -0.807418
vn 0.450977 0.3803892 -0.807418
vn 0.4823493 0.3254876 -0.8132632
vn 0.5137216 0.2705861 -0.8141703
vn 0.9999924 0.003921509 0
vn 0.9999924 0.003921509 0
vn 0.9999924 0.003921509 0
vn 0.9999924 0.003921509 0
vn 0.9999924 0.003921509 0
vn 0.9999924 0.003921509 0
vn 0.9999924 0.003921509 0
vn 0.9999924 0.003921509 0
vn 0.9999924 0.003921509 0
vn -0.9999923 0.003921509 -0.0003449296
vn -0.9999923 0.003921509 -0.0003449296
vn -0.9999923 0.003921509 -0.0003449296
vn -0.9999923 0.003921509 -0.0003449296
vn -0.9999923 0.003921509 -0.0003449296
vn -0.9999923 0.003921509 -0.0003449296
vn -0.9999923 0.003921509 -0.0003449296
vn -0.9999923 0.003921509 -0.0003449296
vn -0.9999923 0.003921509 -0.0003449296
vn -0.003921509 -0.1921554 -0.9813567
vn -0.003921509 -0.1921554 -0.9813567
vn -0.003921509 -0.1921554 -0.9813567
vn -0.003921509 -0.1921554 -0.9813567
vn -0.003921509 0.7097985 0.7043939
vn -0.003921509 0.7097985 0.7043939
vn -0.003921509 0.7097985 0.7043939
vn -0.003921509 0.7097985 0.7043939
vn 0.003921568 -0.9137185 -0.4063288
vn 0.003921568 -0.9137185 -0.4063288
vn -0.003921509 -0.9450908 -0.3267842
vn -0.003921509 -0.9450908 -0.3267842
vn 0.003921568 -0.7960724 -0.6051888
vn 0.003921568 -0.7960724 -0.6051888
vn 0.003921568 -0.450977 -0.892527
vn 0.003921568 -0.450977 -0.892527
vn -0.003921509 -0.1843123 -0.9828599
vn -0.003921509 -0.1843123 -0.9828599
vn -0.003921509 0.9999923 -0.000345267
vn -0.003921509 0.9999923 -0.000345267
vn -0.003921509 0.9843061 0.176426
vn -0.003921509 0.9843061 0.176426
vn -0.003921509 0.9921492 -0.1249981
vn -0.003921509 0.9921492 -0.1249981
vn -0.003921509 0.9921492 0.1249981
vn -0.003921509 0.9921492 0.1249981
vn -0.003921509 0.9764631 0.215649
vn -0.003921509 0.9764631 0.215649
vn -0.003921509 0.9529338 0.3031532
vn -0.003921509 0.9529338 0.3031532
vn -0.003921509 0.9372476 0.3486424
vn -0.003921509 0.9372476 0.3486424
vn 0.9999924 -0.003921568 0
vn 0.9999924 -0.003921568 0
vn 0.9999924 -0.003921568 0
vn 0.9999924 -0.003921568 0
vn 0.9999924 0.003921509 0
vn 0.9999924 0.003921509 0
vn 0.9999924 -0.003921568 0
vn 0.9999924 -0.003921568 0
vn 0.9999924 -0.003921568 0
vn 0.9999924 -0.003921568 0
vn 0.9999309 -0.01176392 0
vn 0.9843062 -0.1215677 0.1279163
vn 0.9999924 0.003921509 0
vn 0.9686201 -0.1607831 0.1895361
vn -0.9999923 -0.003921568 -0.0003442513
vn -0.9999923 -0.003921568 -0.0003442513
vn -0.9999923 -0.003921568 -0.0003442513
vn -0.9999923 -0.003921568 -0.0003442513
vn -0.9999923 0.003921509 -0.0003449296
vn -0.9999923 0.003921509 -0.0003449296
vn -0.9999923 -0.003921568 -0.0003442513
vn -0.9999923 -0.003921568 -0.0003442513
vn -0.9999923 -0.003921568 -0.0003442513
vn -0.9999923 -0.003921568 -0.0003442513
vn -0.9999309 -0.01176392 0
vn -0.9843061 -0.1215677 0.1279172
vn -0.9999923 0.003921509 -0.0003449296
vn -0.9686199 -0.1607831 0.1895368
vn -0.003921509 0.874503 -0.4850042
vn -0.003921509 0.874503 -0.4850042
vn -0.003921509 0.874503 -0.4850042
vn -0.003921509 0.874503 -0.4850042
vn -0.003921509 -0.9843062 0.1764254
vn -0.003921509 -0.9843062 0.1764254
vn -0.003921509 -0.9843062 -0.1764254
vn -0.003921509 -0.9843062 -0.1764254
vn -0.003921509 -0.8274447 0.5615336
vn -0.003921509 -0.8274447 0.5615336
vn -0.003921509 -0.7882293 0.6153691
vn -0.003921509 -0.7882293 0.6153691
vn -0.003921509 0.7803861 0.6252857
vn -0.003921509 0.670583 0.7418242
vn -0.003921509 0.670583 0.7418242
vn -0.003921509 0.7803861 0.6252857
vn -0.003921509 0.8901892 0.4555742
vn -0.003921509 0.8901892 0.4555742
vn -0.003921509 0.9294046 0.3690416
vn -0.003921509 0.9294046 0.3690416
vn -0.003921509 0.9529338 0.3031532
vn -0.003921509 0.9529338 0.3031532
vn -0.003921509 0.9921492 0.1249981
vn -0.003921509 0.9921492 0.1249981
vn -0.003921509 0.9921492 -0.1249981
vn 0.9998079 -0.01960411 0
vn 0.998703 -0.0509143 0
vn 0.9921493 -0.04313695 -0.1173839
vn 0.9998079 -0.01960411 0
vn 0.9999924 0.003921509 0
vn 0.9999924 0.003921509 0
vn 0.998703 -0.0509143 0
vn 0.998703 -0.0509143 0
vn 0.998703 -0.0509143 0
vn 0.998703 -0.0509143 0
vn 0.998703 -0.0509143 0
vn -0.9921492 -0.04313695 -0.1173844
vn -0.998703 -0.05091431 0
vn -0.9998079 -0.01960411 0
vn -0.9998079 -0.01960411 0
vn -0.9999923 0.003921509 -0.0003449296
vn -0.9999923 0.003921509 -0.0003449296
vn -0.998703 -0.05091431 0
vn -0.998703 -0.05091431 0
vn -0.998703 -0.05091431 0
vn -0.998703 -0.05091431 0
vn -0.998703 -0.05091431 0
vn -0.003921509 -0.9921493 -0.1249976
vn -0.003921509 -0.9921493 -0.1249976
vn -0.003921509 -0.9921493 -0.1249976
vn -0.003921509 -0.9921493 -0.1249976
vn -0.003921509 0.6941123 0.7198561
vn -0.003921509 0.6941123 0.7198561
vn -0.003921509 0.6941123 0.7198561
vn -0.003921509 0.6941123 0.7198561
vn -0.003921509 0.7333276 0.6798641
vn -0.003921509 0.7333276 0.6798641
vn -0.003921509 0.7882292 0.6153693
vn -0.003921509 0.7882292 0.6153693
vn -0.003921509 0.7960722 0.6051889
vn -0.003921509 0.7960722 0.6051889
vn -0.003921509 0.7882292 0.6153693
vn 0.9990709 -0.04309721 0
vn 0.9993777 -0.03527218 0
vn 0.9990709 -0.04309721 0
vn 0.9993777 -0.03527218 0
vn 0.9993777 -0.03527218 0
vn 0.9993777 -0.03527218 0
vn 0.9993777 -0.03527218 0
vn 0.9993777 -0.03527218 0
vn 0.9996234 -0.02744067 0
vn 0.9996234 -0.02744067 0
vn 0.9998079 -0.01960411 0
vn -0.9990709 -0.04309721 0
vn -0.9993777 -0.03527219 0
vn -0.9990709 -0.04309721 0
vn -0.9993777 -0.03527219 0
vn -0.9993777 -0.03527219 0
vn -0.9993777 -0.03527219 0
vn -0.9993777 -0.03527219 0
vn -0.9993777 -0.03527219 0
vn -0.9996234 -0.02744067 0
vn -0.9996234 -0.02744067 0
vn -0.9998079 -0.01960411 0
vn -0.003921509 -0.1999985 0.9797884
vn -0.003921509 -0.1999985 0.9797884
vn -0.003921509 -0.1999985 0.9797884
vn -0.003921509 -0.7490139 0.6625427
vn -0.003921509 -0.7490139 0.6625427
vn -0.003921509 -0.7490139 0.6625427
vn -0.003921509 -0.9450908 0.3267842
vn -0.003921509 -0.9450908 0.3267842
vn -0.003921509 -0.9450908 0.3267842
vn 0.7725431 0.6313677 0.0674679
vn 0.7725431 0.6313677 0.0674679
vn 0.7725431 0.6313677 0.0674679
vn 0.7725431 0.6313677 0.0674679
vn -0.5999954 0.7097985 0.3690416
vn -0.5999954 0.7097985 0.3690416
vn -0.5999954 0.7097985 0.3690416
vn -0.5999954 0.7097985 0.3690416
vn -0.7568569 -0.6470539 0.09213487
vn -0.7568569 -0.6470539 0.09213487
vn -0.7568569 -0.6470539 0.09213487
vn -0.7568569 -0.6470539 0.09213487
vn 0.6235247 -0.7411708 -0.2487627
vn 0.6235247 -0.7411708 -0.2487627
vn 0.6235247 -0.7411708 -0.2487627
vn 0.6235247 -0.7411708 -0.2487627
vn -0.2078415 0.2470568 0.9464485
vn -0.2078415 0.2470568 0.9464485
vn -0.003921509 0.003921509 0.9999846
vn -0.003921509 0.003921509 0.9999846
vn -0.3098015 0.3725461 0.8747756
vn -0.3098015 0.3725461 0.8747756
vn -0.1529399 0.1843122 0.9708956
vn -0.1529399 0.1843122 0.9708956
vn -0.06666613 0.07450914 0.9949895
vn -0.06666613 0.07450914 0.9949895
vn -0.03529382 0.04313684 0.9984456
vn -0.03529382 0.04313684 0.9984456
vn -0.03529382 0.04313684 0.9984456
vn -0.03529382 0.04313684 0.9984456
vn 0.5921524 -0.7019554 0.3957451
vn 0.5921524 -0.7019554 0.3957451
vn 0.6313677 -0.7490139 0.2008804
vn 0.6313677 -0.7490139 0.2008804
vn 0.5686231 -0.6784262 0.4651942
vn 0.5686231 -0.6784262 0.4651942
vn 0.6313677 -0.7490139 0.2008804
vn 0.6313677 -0.7490139 0.2008804
vn 0.6392108 -0.7647001 -0.08150715
vn 0.6392108 -0.7647001 -0.08150715
vn 0.6313677 -0.756857 -0.1689446
vn 0.6313677 -0.756857 -0.1689446
vn 0.6392108 -0.7647001 0.08150715
vn 0.6392108 -0.7647001 0.08150715
vn 0.6392108 -0.7647001 -0.08150715
vn 0.6392108 -0.7647001 -0.08150715
vn -0.5686231 0.670583 -0.4764307
vn -0.5686231 0.670583 -0.4764307
vn -0.5686231 0.670583 -0.4764307
vn -0.5686231 0.670583 -0.4764307
vn -0.04313684 0.05097997 -0.9977676
vn -0.04313684 0.05097997 -0.9977676
vn -0.04313684 0.05097997 -0.9977676
vn -0.04313684 0.05097997 -0.9977676
vn -0.1843122 0.2156845 -0.9589104
vn -0.1843122 0.2156845 -0.9589104
vn -0.1843122 0.2156845 -0.9589104
vn -0.1843122 0.2156845 -0.9589104
vn 0.7647001 0.6392107 0.08150788
vn 0.7647001 0.6392107 -0.08150788
vn 0.7647001 0.6392107 -0.08150788
vn 0.7647001 0.6392107 0.08150788
vn 0.7647001 0.6392107 -0.08150788
vn 0.7647001 0.6392107 -0.08150788
vn 0.7647001 0.6392107 -0.08150788
vn 0.7647001 0.6392107 -0.08150788
vn 0.7647001 0.6392107 0.08150788
vn 0.7647001 0.6392107 0.08150788
vn 0.7647001 0.6392107 0.08150788
vn 0.7647001 0.6392107 0.08150788
vn 0.7647001 0.6392107 0.08150788
vn 0.7647001 0.6392107 -0.08150788
vn 0.7647001 0.6392107 0.08150788
vn 0.7254847 0.6784261 -0.1158013
vn 0.7097985 0.6941123 -0.1199758
vn 0.6784262 0.7254846 -0.1158014
vn -0.7646999 -0.6392108 -0.08150806
vn -0.7646999 -0.6392108 0.08150806
vn -0.7633862 -0.6459423 0
vn -0.7646999 -0.6392108 -0.08150806
vn -0.7568569 -0.6470539 -0.09213487
vn -0.7568569 -0.6470539 -0.09213487
vn -0.7646999 -0.6392108 -0.08150806
vn -0.7646999 -0.6392108 -0.08150806
vn -0.7646999 -0.6392108 0.08150806
vn -0.7646999 -0.6392108 -0.08150806
vn -0.7646999 -0.6392108 -0.08150806
vn -0.7646999 -0.6392108 0.08150806
vn -0.7646999 -0.6392108 -0.08150806
vn -0.7646999 -0.6392108 0.08150806
vn -0.7646999 -0.6392108 -0.08150806
vn -0.7960722 -0.5999954 -0.0792115
vn -0.8116087 -0.5842015 0
vn -0.8352877 -0.5450939 -0.07188273
vn -0.5137215 0.6156815 -0.597517
vn -0.5529369 0.6548969 -0.5151416
vn -0.5529369 0.6548969 -0.5151416
vn -0.5137215 0.6156815 -0.597517
vn -0.5843092 0.7019553 -0.4072364
vn -0.5843092 0.7019553 -0.4072364
vn 0.7704606 0.6374876 0
vn 0.7704606 0.6374876 0
vn 0.7704606 0.6374876 0
vn 0.7704606 0.6374876 0
vn -0.5764661 0.6862692 0.4435329
vn -0.5764661 0.6862692 0.4435329
vn -0.5764661 0.6862692 0.4435329
vn -0.5764661 0.6862692 0.4435329
vn -0.7633862 -0.6459423 0
vn -0.7633862 -0.6459423 0
vn -0.7633862 -0.6459423 0
vn -0.7633862 -0.6459423 0
vn -0.7646999 -0.6392108 -0.08150806
vn -0.7646999 -0.6392108 -0.08150806
vn -0.7646999 -0.6392108 -0.08150806
vn -0.7646999 -0.6392108 -0.08150806
vn -0.7646999 -0.6392108 -0.08150806
vn -0.7646999 -0.6392108 -0.08150806
vn -0.7646999 -0.6392108 -0.08150806
vn -0.7646999 -0.6392108 -0.08150806
vn -0.7646999 -0.6392108 -0.08150806
vn -0.7646999 -0.6392108 0.08150806
vn -0.7646999 -0.6392108 0.08150806
vn -0.7646999 -0.6392108 0.08150806
vn -0.7646999 -0.6392108 0.08150806
vn 0.7647001 0.6392107 -0.08150788
vn 0.7647001 0.6392107 -0.08150788
vn 0.7647001 0.6392107 -0.08150788
vn 0.7647001 0.6392107 0.08150788
vn 0.7647001 0.6392107 -0.08150788
vn 0.7647001 0.6392107 0.08150788
vn 0.7647001 0.6392107 0.08150788
vn 0.7647001 0.6392107 0.08150788
vn 0.7647001 0.6392107 0.08150788
vn 0.7647001 0.6392107 0.08150788
vn 0.7647001 0.6392107 0.08150788
vn 0.7647001 0.6392107 0.08150788
vn 0.7647001 0.6392107 0.08150788
vn -0.6235245 0.7411708 -0.248763
vn -0.6235245 0.7411708 -0.248763
vn -0.5137215 0.6156815 -0.597517
vn -0.5137215 0.6156815 -0.597517
vn -0.6392107 0.7646999 -0.08150897
vn -0.6392107 0.7646999 -0.08150897
vn -0.4352907 0.5215646 -0.7338204
vn -0.4352907 0.5215646 -0.7338204
vn -0.3725461 0.4509768 -0.8110667
vn -0.3725461 0.4509768 -0.8110667
vn -0.3411738 0.4039184 -0.8487935
vn -0.3411738 0.4039184 -0.8487935
vn -0.3254876 0.3882322 -0.862168
vn -0.3254876 0.3882322 -0.862168
vn -0.003921509 0.003921509 0.9999846
vn -0.003921509 0.003921509 0.9999846
vn -0.003921509 0.003921509 0.9999846
vn -0.003921509 0.003921509 0.9999846
vn 0.4980354 -0.5921524 0.6334953
vn 0.4980354 -0.5921524 0.6334953
vn 0.552937 -0.6627401 0.5050113
vn 0.552937 -0.6627401 0.5050113
vn 0.6156816 -0.7333277 0.2883862
vn 0.6156816 -0.7333277 0.2883862
vn 0.3960754 -0.4745062 0.7861095
vn 0.3960754 -0.4745062 0.7861095
vn 0.6313677 -0.756857 0.1689446
vn 0.6313677 -0.756857 0.1689446
vn 0.3254877 -0.3882324 0.8621678
vn 0.3254877 -0.3882324 0.8621678
vn 0.5215647 -0.6235247 0.5823979
vn 0.6392108 -0.7647001 0.08150715
vn 0.6392108 -0.7647001 0.08150715
vn 0.5215647 -0.6235247 0.5823979
vn 0.1999985 -0.2392139 0.950146
vn 0.1999985 -0.2392139 0.950146
vn -0.1999984 0.2392138 0.950146
vn -0.1999984 0.2392138 0.950146
vn -0.5215646 0.6235245 0.5823981
vn -0.5215646 0.6235245 0.5823981
vn -0.6392107 0.7646999 0.08150897
vn -0.6392107 0.7646999 0.08150897
vn -0.5215646 0.6235245 -0.5823981
vn -0.5215646 0.6235245 -0.5823981
vn -0.1999984 0.2392138 -0.950146
vn -0.1999984 0.2392138 -0.950146
vn 0.1999985 -0.2392139 -0.950146
vn 0.1999985 -0.2392139 -0.950146
vn 0.5215647 -0.6235247 -0.5823979
vn 0.5215647 -0.6235247 -0.5823979
vn 0.1999985 -0.2392139 -0.950146
vn 0.1999985 -0.2392139 -0.950146
vn 0.7647001 0.6392107 -0.08150788
vn 0.7647001 0.6392107 0.08150788
vn 0.7647001 0.6392107 -0.08150788
vn 0.7647001 0.6392107 -0.08150788
vn 0.7647001 0.6392107 0.08150788
vn 0.7647001 0.6392107 -0.08150788
vn 0.7647001 0.6392107 0.08150788
vn 0.7647001 0.6392107 0.08150788
vn 0.7647001 0.6392107 -0.08150788
vn 0.7647001 0.6392107 0.08150788
vn -0.7646999 -0.6392108 0.08150806
vn -0.7646999 -0.6392108 -0.08150806
vn -0.7646999 -0.6392108 0.08150806
vn -0.7646999 -0.6392108 0.08150806
vn -0.7646999 -0.6392108 -0.08150806
vn -0.7646999 -0.6392108 -0.08150806
vn -0.7646999 -0.6392108 -0.08150806
vn -0.7646999 -0.6392108 -0.08150806
vn -0.7646999 -0.6392108 -0.08150806
vn -0.7646999 -0.6392108 -0.08150806
vn 0.7647001 0.6392107 0.08150788
vn 0.7647001 0.6392107 0.08150788
vn 0.7647001 0.6392107 0.08150788
vn 0.7647001 0.6392107 0.08150788
vn -0.7646999 -0.6392108 0.08150806
vn -0.7646999 -0.6392108 0.08150806
vn -0.7646999 -0.6392108 0.08150806
vn -0.7646999 -0.6392108 0.08150806
vn -0.003921509 0.003921509 -0.9999846
vn -0.003921509 0.003921509 -0.9999846
vn -0.003921509 0.003921509 -0.9999846
vn -0.003921509 0.003921509 -0.9999846
vn -0.003921509 0.003921509 0.9999846
vn -0.003921509 0.003921509 0.9999846
vn -0.003921509 0.003921509 0.9999846
vn -0.003921509 0.003921509 0.9999846
vn -0.6392107 0.7646999 -0.08150897
vn -0.6392107 0.7646999 -0.08150897
vn -0.6392107 0.7646999 -0.08150897
vn -0.6392107 0.7646999 -0.08150897
vn 0.9999924 0.003921509 0
vn 0.9999924 0.003921509 0
vn 0.9999924 0.003921509 0
vn 0.9999924 0.003921509 0
vn 0.9999924 0.003921509 0
vn 0.9999924 0.003921509 0
vn 0.9999924 0.003921509 0
vn 0.9999924 0.003921509 0
vn 0.9999924 0.003921509 0
vn -0.9999923 0.003921509 -0.0003449296
vn -0.9999923 0.003921509 -0.0003449296
vn -0.9999923 0.003921509 -0.0003449296
vn -0.9999923 0.003921509 -0.0003449296
vn -0.9999923 0.003921509 -0.0003449296
vn -0.9999923 0.003921509 -0.0003449296
vn -0.9999923 0.003921509 -0.0003449296
vn -0.9999923 0.003921509 -0.0003449296
vn -0.9999923 0.003921509 -0.0003449296
vn -0.003921509 -0.3176447 -0.9482017
vn -0.003921509 -0.3176447 -0.9482017
vn -0.003921509 -0.3176447 -0.9482017
vn -0.003921509 -0.3176447 -0.9482017
vn -0.003921509 -0.9529339 0.3031528
vn -0.003921509 -0.9529339 0.3031528
vn -0.003921509 -0.9999924 0
vn -0.003921509 -0.9999924 0
vn -0.003921509 -0.7960724 0.6051888
vn -0.003921509 -0.7960724 0.6051888
vn -0.003921509 -0.7333277 0.679864
vn -0.003921509 -0.7333277 0.679864
vn -0.003921509 -0.6784262 0.7346581
vn -0.003921509 -0.6784262 0.7346581
vn -0.003921509 0.4901923 0.8716055
vn -0.003921509 0.4901923 0.8716055
vn -0.003921509 0.4901923 0.8716055
vn -0.003921509 0.4901923 0.8716055
vn -0.003921509 0.9215615 -0.3882126
vn -0.003921509 0.9215615 -0.3882126
vn -0.003921509 0.9058753 -0.4235263
vn -0.003921509 0.9058753 -0.4235263
vn -0.003921509 0.9450908 -0.3267844
vn -0.003921509 0.9450908 -0.3267844
vn -0.003921509 0.9450908 -0.3267844
vn -0.003921509 0.9450908 -0.3267844
vn -0.7097985 -0.654897 0.2594149
vn -0.3803892 -0.8509739 0.3621429
vn -0.3803892 -0.8509739 0.3621429
vn -0.7097985 -0.654897 0.2594149
vn -0.9215615 -0.349017 0.170034
vn -0.9215615 -0.349017 0.170034
vn -0.7097985 0.6548969 -0.2594152
vn -0.9215615 0.3490169 -0.1700342
vn -0.9215615 0.3490169 -0.1700342
vn -0.7097985 0.6548969 -0.2594152
vn -0.3803892 0.8509738 -0.362143
vn -0.3803892 0.8509738 -0.362143
vn 0.7097985 0.6548969 -0.2594151
vn 0.3803893 0.8509738 -0.3621429
vn 0.3803893 0.8509738 -0.3621429
vn 0.7097985 0.6548969 -0.2594151
vn 0.9215616 0.3490169 -0.1700336
vn 0.9215616 0.3490169 -0.1700336
vn 0.7097985 -0.654897 0.2594148
vn 0.9215616 -0.349017 0.1700335
vn 0.9215616 -0.349017 0.1700335
vn 0.7097985 -0.654897 0.2594148
vn 0.3803893 -0.8509739 0.3621429
vn 0.3803893 -0.8509739 0.3621429
vn -0.003921509 0.3882322 0.9215532
vn -0.003921509 0.3882322 0.9215532
vn -0.003921509 0.3882322 0.9215532
vn -0.003921509 0.3882322 0.9215532
vn 0.003921568 0.3882322 0.9215532
vn 0.003921568 0.3882322 0.9215532
vn -0.003921509 0.3882322 0.9215532
vn -0.003921509 0.3882322 0.9215532
vn -0.003921509 -0.3882324 -0.9215532
vn 0.003921568 -0.3882324 -0.9215532
vn -0.003921509 -0.3882324 -0.9215532
vn -0.003921509 -0.3882324 -0.9215532
vn 0.003921568 -0.3882324 -0.9215532
vn -0.003921509 -0.3882324 -0.9215532
vn 0.003921568 -0.3882324 -0.9215532
vn -0.003921509 -0.3882324 -0.9215532
vn 0.9999924 0.003921509 0
vn 0.9999924 0.003921509 0
vn 0.9999924 0.003921509 0
vn 0.9999924 0.003921509 0
vn 0.9999924 0.003921509 0
vn 0.9999924 0.003921509 0
vn -0.9999923 0.003921509 -0.0003449296
vn -0.9999923 0.003921509 -0.0003449296
vn -0.9999923 0.003921509 -0.0003449296
vn -0.9999923 0.003921509 -0.0003449296
vn -0.9999923 0.003921509 -0.0003449296
vn -0.9999923 0.003921509 -0.0003449296
vn -0.003921509 -0.2941154 -0.9557618
vn -0.003921509 -0.2941154 -0.9557618
vn -0.003921509 -0.247057 -0.968993
vn -0.003921509 -0.247057 -0.968993
vn -0.003921509 -0.3411739 -0.939992
vn -0.003921509 -0.3411739 -0.939992
vn -0.003921509 -0.8980324 0.4399119
vn -0.003921509 -0.8980324 0.4399119
vn -0.003921509 -0.8980324 0.4399119
vn -0.003921509 -0.8980324 0.4399119
vn -0.003921509 -0.1686262 0.9856722
vn -0.003921509 -0.1686262 0.9856722
vn -0.003921509 -0.003921568 0.9999846
vn -0.003921509 -0.003921568 0.9999846
vn -0.003921509 -0.3333308 0.9428018
vn -0.003921509 -0.3333308 0.9428018
vn -0.003921509 0.8823462 -0.4705847
vn -0.003921509 0.8823462 -0.4705847
vn -0.003921509 0.8823462 -0.4705847
vn -0.003921509 0.8823462 -0.4705847
vn -0.003921509 -0.9215616 0.3882124
vn -0.003921509 -0.9215616 0.3882124
vn -0.003921509 -0.9215616 0.3882124
vn -0.003921509 -0.9215616 0.3882124
vn -0.003921509 0.003921509 0.9999846
vn -0.003921509 -0.3803893 0.9248182
vn -0.003921509 -0.3803893 0.9248182
vn -0.003921509 0.003921509 0.9999846
vn -0.003921509 0.3803892 0.9248182
vn -0.003921509 0.3803892 0.9248182
vn -0.003921509 0.9215615 0.3882126
vn -0.003921509 0.9215615 0.3882126
vn -0.003921509 0.9215615 0.3882126
vn -0.003921509 0.9215615 0.3882126
vn -0.003921509 0.7097985 -0.7043939
vn -0.003921509 0.9215615 -0.3882126
vn -0.003921509 0.9215615 -0.3882126
vn -0.003921509 0.7097985 -0.7043939
vn -0.003921509 0.003921509 -0.9999846
vn -0.003921509 0.003921509 -0.9999846
vn -0.003921509 -0.3803893 -0.9248182
vn -0.003921509 -0.3803893 -0.9248182
vn -0.003921509 -0.9215616 -0.3882124
vn -0.003921509 -0.9215616 -0.3882124
vn -0.003921509 -0.9215616 -0.3882124
vn -0.003921509 -0.9215616 -0.3882124
vn 0.9999924 0.003921509 0
vn 0.9999924 0.003921509 0
vn 0.9999924 0.003921509 0
vn 0.9999924 0.003921509 0
vn 0.9999924 0.003921509 0
vn 0.9999924 0.003921509 0
vn 0.9999924 0.003921509 0
vn 0.9999924 0.003921509 0
vn -0.9999923 0.003921509 -0.0003449296
vn -0.9999923 0.003921509 -0.0003449296
vn -0.9999923 0.003921509 -0.0003449296
vn -0.9999923 0.003921509 -0.0003449296
vn -0.9999923 0.003921509 -0.0003449296
vn -0.9999923 0.003921509 -0.0003449296
vn -0.9999923 0.003921509 -0.0003449296
vn -0.9999923 0.003921509 -0.0003449296
vn -0.7097985 0.01960766 0.7041318
vn -0.7097985 0.03529382 0.7035201
vn -0.9993777 0.03527213 0
vn -0.9998079 0.01960405 0
vn 0.003921568 0.01960766 0.9998001
vn 0.003921568 0.03529382 0.9993693
vn 0.7097985 0.01960766 0.7041318
vn 0.7097985 0.03529382 0.70352
vn 0.9998079 0.01960405 0
vn 0.9993777 0.03527213 0
vn 0.7097985 0.01960766 -0.7041318
vn 0.7097985 0.03529382 -0.70352
vn 0.003921568 0.01960766 -0.9998001
vn 0.003921568 0.03529382 -0.9993693
vn -0.7097985 0.03529382 -0.7035201
vn -0.7097985 0.01960766 -0.7041318
vn 0.003921568 0.03529382 -0.9993693
vn 0.003921568 0.01960766 -0.9998001
vn 0.003921568 0.01176453 0.9999231
vn -0.7097985 0.01176453 0.7043065
vn -0.9999309 0.0117638 0
vn 0.9999309 0.0117638 0
vn 0.7097985 0.01176453 0.7043065
vn 0.003921568 0.01176453 -0.9999231
vn -0.7097985 0.01176453 -0.7043065
vn 0.7097985 0.01176453 -0.7043065
vn 0.003921568 0.01176453 -0.9999231
vn -0.003921509 -0.9999924 0
vn -0.003921509 -0.9999924 0
vn -0.003921509 -0.9999924 0
vn -0.003921509 -0.9999924 0
vn -0.003921509 -0.9999924 0
vn -0.003921509 -0.9999924 0
vn -0.003921509 -0.9999924 0
vn -0.003921509 -0.9999924 0
vn -0.003921509 0.9999923 -0.000345267
vn -0.003921509 0.9999923 -0.000345267
vn -0.003921509 0.9999923 -0.000345267
vn -0.003921509 0.9999923 -0.000345267
vn -0.003921509 0.9999923 -0.000345267
vn -0.003921509 0.9999923 -0.000345267
vn -0.003921509 0.9999923 -0.000345267
vn -0.003921509 0.9999923 -0.000345267
vn -0.003921509 0.003921509 -0.9999846
vn -0.003921509 0.003921509 -0.9999846
vn -0.003921509 0.003921509 -0.9999846
vn -0.003921509 0.003921509 -0.9999846
vn -0.003921509 0.003921509 0.9999846
vn -0.003921509 0.003921509 0.9999846
vn -0.003921509 0.003921509 0.9999846
vn -0.003921509 0.003921509 0.9999846
vn 0.6156816 -0.7333277 -0.2883862
vn 0.6156816 -0.7333277 -0.2883862
vn 0.6156816 -0.7333277 -0.2883862
vn 0.6156816 -0.7333277 -0.2883862
vn 0.7647001 0.6392107 -0.08150788
vn 0.7647001 0.6392107 -0.08150788
vn 0.7647001 0.6392107 -0.08150788
vn 0.7647001 0.6392107 -0.08150788
vn -0.7646999 -0.6392108 0.08150806
vn -0.7646999 -0.6392108 0.08150806
vn -0.7646999 -0.6392108 0.08150806
vn -0.7646999 -0.6392108 0.08150806
vn 0.7647001 0.6392107 0.08150788
vn 0.7647001 0.6392107 0.08150788
vn 0.7633864 0.6459423 0
vn 0.7633864 0.6459423 0
vn 0.7647001 0.6392107 0.08150788
vn 0.7647001 0.6392107 0.08150788
vn 0.7647001 0.6392107 0.08150788
vn 0.7647001 0.6392107 0.08150788
vn 0.756206 0.6543336 0
vn 0.756206 0.6543336 0
vn -0.7646999 -0.6392108 0.08150806
vn -0.7646999 -0.6392108 -0.08150806
vn -0.7633862 -0.6459423 0
vn -0.7633862 -0.6459423 0
vn -0.7646999 -0.6392108 -0.08150806
vn -0.7646999 -0.6392108 -0.08150806
vn -0.7646999 -0.6392108 -0.08150806
vn -0.7646999 -0.6392108 -0.08150806
vn -0.756206 -0.6543337 0
vn -0.756206 -0.6543337 0
vn -0.02745068 0.03529382 -0.9989999
vn -0.02745068 0.03529382 -0.9989999
vn -0.1450969 0.1764692 -0.973553
vn -0.1450969 0.1764692 -0.973553
vn -0.45882 0.5450938 -0.7016816
vn -0.4509768 0.5450938 -0.7067479
vn -0.6156815 0.7333276 -0.2883866
vn -0.6156815 0.7333276 -0.2883866
vn -0.6392107 0.7646999 -0.08150897
vn -0.6392107 0.7646999 -0.08150897
vn -0.05882299 0.07450914 -0.9954839
vn -0.05882299 0.07450914 -0.9954839
vn 0.5843093 -0.6941124 0.4204649
vn 0.5843093 -0.6941124 0.4204649
vn 0.5843093 -0.6941124 0.4204649
vn 0.5843093 -0.6941124 0.4204649
vn -0.003921509 0.003921509 0.9999846
vn -0.003921509 0.003921509 0.9999846
vn -0.003921509 0.003921509 0.9999846
vn -0.003921509 0.003921509 0.9999846
vn -0.003921509 0.003921509 0.9999846
vn -0.003921509 0.003921509 0.9999846
vn 0.06666619 -0.08235234 0.994371
vn 0.06666619 -0.08235234 0.994371
vn 0.06666619 -0.08235234 0.994371
vn 0.06666619 -0.08235234 0.994371
vn 0.2392139 0.9686199 -0.06746945
vn 0.2392139 0.9686199 -0.06746945
vn 0.7647001 0.6392107 -0.08150788
vn 0.7647001 0.6392107 -0.08150788
vn 0.9977852 0.06651898 0
vn 0.9977852 0.06651898 0
vn 0.8490956 -0.5282393 0
vn 0.8490956 -0.5282393 0
vn 0.3720658 -0.9282063 0
vn 0.3720658 -0.9282063 0
vn -0.2392138 -0.9686201 -0.06746767
vn -0.2392138 -0.9686201 -0.06746767
vn -0.7646999 -0.6392108 -0.08150806
vn -0.7646999 -0.6392108 -0.08150806
vn -0.9977852 -0.06651905 0
vn -0.9977852 -0.06651905 0
vn -0.8490957 0.5282392 0
vn -0.8490957 0.5282392 0
vn -0.3720658 0.9282064 0
vn -0.3720658 0.9282064 0
vn 0.2392139 0.9686199 -0.06746945
vn 0.2392139 0.9686199 -0.06746945
vn -0.003921509 0.003921509 -0.9999846
vn -0.003921509 0.003921509 -0.9999846
vn -0.003921509 0.003921509 -0.9999846
vn -0.003921509 0.003921509 -0.9999846
vn -0.003921509 0.003921509 -0.9999846
vn -0.003921509 0.003921509 -0.9999846
vn -0.003921509 0.003921509 -0.9999846
vn -0.003921509 0.003921509 -0.9999846
vn -0.003921509 0.003921509 -0.9999846
vn -0.003921509 0.003921509 -0.9999846
vn -0.003921509 0.003921509 0.9999846
vn -0.003921509 0.003921509 0.9999846
vn -0.003921509 0.003921509 0.9999846
vn -0.003921509 0.003921509 0.9999846
vn -0.003921509 0.003921509 0.9999846
vn -0.003921509 0.003921509 0.9999846
vn -0.003921509 0.003921509 0.9999846
vn -0.003921509 0.003921509 0.9999846
vn -0.003921509 0.003921509 0.9999846
vn -0.003921509 0.003921509 0.9999846
vn -0.04313684 0.3098015 0.9498222
vn -0.003921509 0.3019584 0.9533131
vn -0.01960766 0.3098015 0.9505991
vn -0.04313684 0.3098015 0.9498222
vn 0.003921568 0.3019584 0.9533131
vn -0.003921509 0.3019584 0.9533131
vn 0.003921568 0.3019584 0.9533131
vn 0.01960772 0.3098015 0.9505991
vn 0.04313695 0.3098015 0.9498222
vn 0.04313695 0.3098015 0.9498222
vn 0.56078 -0.8274447 0.02934465
vn 0.56078 -0.8274447 0.02934465
vn 0.3882324 -0.9215616 0
vn 0.3411739 -0.9372478 0.0718819
vn 0.09803849 -0.9921493 0.07764171
vn 0.09803849 -0.9921493 0.07764171
vn -0.09803843 -0.9921493 0.07764171
vn -0.09803843 -0.9921493 0.07764171
vn -0.348974 -0.9371325 0
vn -0.3882322 -0.9215616 0
vn -0.5607799 -0.8274447 0.02934668
vn -0.5607799 -0.8274447 0.02934668
vn 0.003921568 0.9999923 -0.000345267
vn 0.003921568 0.9999923 -0.000345267
vn 0.003921568 0.9999923 -0.000345267
vn 0.003921568 0.9999923 -0.000345267
vn 0.003921568 0.9999923 -0.000345267
vn 0.003921568 0.9999923 -0.000345267
vn 0.003921568 0.9999923 -0.000345267
vn 0.003921568 0.9999923 -0.000345267
vn 0.1215677 0.9607769 0.2492568
vn 0.3176447 0.8823462 0.3472278
vn 0.3019585 0.9215615 0.2440194
vn 0.04313695 0.9764631 0.2113269
vn 0.3803893 0.9137185 0.1429076
vn -0.1215676 0.9607769 0.2492569
vn -0.04313684 0.9764631 0.2113269
vn -0.003921509 0.9921492 0.1249981
vn -0.003921509 0.9921492 0.1249981
vn -0.3019584 0.9215615 0.2440195
vn -0.3176446 0.8823462 0.3472279
vn -0.3803892 0.9137185 0.1429078
vn -0.3882322 0.9137185 0.1199762
vn -0.3803892 0.9137185 0.1429078
vn -0.3960754 0.8901892 0.2251388
vn 0.3882324 0.9137185 0.1199759
vn 0.3803893 0.9137185 0.1429076
vn 0.3960754 0.8901892 0.2251388
vn 0.9529339 0.01176453 -0.3029498
vn 0.9529339 0.01176453 -0.3029498
vn 0.9529339 0.01176453 -0.3029498
vn 0.9529339 0.01176453 -0.3029498
vn 0.01960772 0.03529382 -0.9991846
vn 0.01960772 0.03529382 -0.9991846
vn 0.01960772 0.03529382 -0.9991846
vn 0.01960772 0.03529382 -0.9991846
vn -0.8039154 0.08235228 -0.5890146
vn -0.8039154 0.08235228 -0.5890146
vn -0.8039154 0.08235228 -0.5890146
vn -0.8039154 0.08235228 -0.5890146
vn -0.9998079 0.01960405 0
vn -0.9998079 0.01960405 0
vn -0.9998079 0.01960405 0
vn -0.9998079 0.01960405 0
vn -0.003921509 0.003921509 0.9999846
vn -0.003921509 0.003921509 0.9999846
vn -0.003921509 0.003921509 0.9999846
vn -0.003921509 0.003921509 0.9999846
vn 0.9999309 -0.01176392 0
vn 0.9999309 -0.01176392 0
vn 0.9999309 -0.01176392 0
vn 0.9999309 -0.01176392 0
vn 0.7097985 0.07450914 -0.700453
vn 0.7097985 0.07450914 -0.700453
vn 0.7097985 0.07450914 -0.700453
vn -0.4745061 0.1137246 -0.872875
vn -0.4745061 0.1137246 -0.872875
vn -0.4745061 0.1137246 -0.872875
vn 0.3960754 -0.3960754 0.8284012
vn 0.1999985 -0.4431339 0.8738609
vn 0.6392108 -0.2549 0.7255588
vn 0.7411708 -0.003921568 0.6713051
vn 0.7411708 -0.003921568 0.6713051
vn 0.7411708 -0.003921568 0.6713051
vn 0.7411708 -0.003921568 0.6713051
vn 0.7411708 -0.003921568 0.6713051
vn 0.9999924 0.003921509 0
vn 0.9999924 0.003921509 0
vn 0.9999924 0.003921509 0
vn 0.9999924 0.003921509 0
vn -0.003921509 -0.003921568 0.9999846
vn -0.003921509 -0.003921568 0.9999846
vn -0.003921509 -0.003921568 0.9999846
vn -0.003921509 -0.003921568 0.9999846
vn -0.003921509 0.003921509 -0.9999846
vn -0.003921509 0.003921509 -0.9999846
vn -0.003921509 0.003921509 -0.9999846
vn -0.003921509 0.003921509 -0.9999846
vn -0.003921509 0.003921509 -0.9999846
vn -0.003921509 0.003921509 -0.9999846
vn -0.003921509 0.003921509 -0.9999846
vn -0.003921509 0.003921509 -0.9999846
vn -0.003921509 0.003921509 -0.9999846
vn -0.003921509 0.003921509 -0.9999846
vn -0.003921509 0.003921509 -0.9999846
vn -0.003921509 0.003921509 -0.9999846
vn -0.003921509 0.9999923 -0.000345267
vn -0.003921509 0.9999923 -0.000345267
vn -0.003921509 0.9999923 -0.000345267
vn -0.003921509 0.9999923 -0.000345267
vn -0.003921509 0.9999923 -0.000345267
vn -0.003921509 0.9999923 -0.000345267
vn -0.003921509 0.9999923 -0.000345267
vn -0.003921509 0.9999923 -0.000345267
vn -0.9529338 0.01176453 -0.3029502
vn -0.9529338 0.01176453 -0.3029502
vn -0.9529338 0.01176453 -0.3029502
vn -0.9529338 0.01176453 -0.3029502
vn -0.01960766 0.03529382 -0.9991846
vn -0.01960766 0.03529382 -0.9991846
vn -0.01960766 0.03529382 -0.9991846
vn -0.01960766 0.03529382 -0.9991846
vn 0.8039154 0.08235228 -0.5890145
vn 0.8039154 0.08235228 -0.5890145
vn 0.8039154 0.08235228 -0.5890145
vn 0.8039154 0.08235228 -0.5890145
vn 0.9998079 0.01960405 0
vn 0.9998079 0.01960405 0
vn 0.9998079 0.01960405 0
vn 0.9998079 0.01960405 0
vn 0.003921568 0.003921509 0.9999846
vn 0.003921568 0.003921509 0.9999846
vn 0.003921568 0.003921509 0.9999846
vn 0.003921568 0.003921509 0.9999846
vn -0.9999309 -0.01176392 0
vn -0.9999309 -0.01176392 0
vn -0.9999309 -0.01176392 0
vn -0.9999309 -0.01176392 0
vn -0.7097985 0.07450914 -0.7004531
vn -0.7097985 0.07450914 -0.7004531
vn -0.7097985 0.07450914 -0.7004531
vn 0.4745062 0.1137246 -0.8728749
vn 0.4745062 0.1137246 -0.8728749
vn 0.4745062 0.1137246 -0.8728749
vn -0.003921509 0.5137215 0.8579481
vn -0.003921509 0.5137215 0.8579481
vn -0.003921509 0.5137215 0.8579481
vn -0.003921509 0.5137215 0.8579481
vn 0.1999985 -0.4431339 0.8738609
vn 0.3960754 -0.3960754 0.8284012
vn 0.0274508 -0.4745062 0.879824
vn -0.1999984 -0.4431339 0.873861
vn -0.02745068 -0.4745062 0.879824
vn -0.4039184 -0.3960754 0.8246055
vn -0.9999923 0.003921509 -0.0003449296
vn -0.9999923 0.003921509 -0.0003449296
vn -0.9999923 0.003921509 -0.0003449296
vn -0.9999923 0.003921509 -0.0003449296
vn -0.4039184 -0.3960754 0.8246055
vn -0.6392107 -0.2549 0.7255589
vn -0.1999984 -0.4431339 0.873861
vn -0.7411708 -0.003921568 0.6713051
vn -0.7411708 -0.003921568 0.6713051
vn -0.7411708 -0.003921568 0.6713051
vn -0.7411708 -0.003921568 0.6713051
vn -0.7411708 0.003921509 0.6713051
vn 0.003921568 0.003921509 -0.9999846
vn 0.003921568 -0.2392139 -0.970959
vn 0.003921568 -0.2392139 -0.970959
vn 0.003921568 0.003921509 -0.9999846
vn 0.003921568 -0.7097985 -0.7043939
vn 0.003921568 -0.7097985 -0.7043939
vn 0.003921568 -0.9686201 -0.2485151
vn 0.003921568 -0.9686201 -0.2485151
vn 0.003921568 -0.9686201 0.2485151
vn 0.003921568 -0.9686201 0.2485151
vn 0.003921568 -0.7097985 0.7043939
vn 0.003921568 -0.7097985 0.7043939
vn 0.003921568 -0.2392139 0.970959
vn 0.003921568 -0.2392139 0.970959
vn 0.003921568 0.003921509 0.9999846
vn 0.003921568 0.003921509 0.9999846
vn 0.003921568 0.9999923 -0.000345267
vn 0.003921568 0.9999923 -0.000345267
vn 0.003921568 0.9999923 -0.000345267
vn 0.003921568 0.9999923 -0.000345267
vn 0.9999924 0.003921509 0
vn 0.9999924 0.003921509 0
vn 0.9999924 0.003921509 0
vn 0.9999924 0.003921509 0
vn 0.9999924 0.003921509 0
vn 0.9999924 0.003921509 0
vn 0.9999924 0.003921509 0
vn 0.9999924 0.003921509 0
vn -0.9999923 -0.003921568 -0.0003442513
vn -0.9999923 -0.003921568 -0.0003442513
vn -0.9215615 -0.3803893 -0.07764286
vn -0.9215615 -0.3803893 -0.07764286
vn -0.9215615 0.3803892 -0.07764315
vn -0.9215615 0.3803892 -0.07764315
vn -0.3803892 -0.9215616 -0.07764209
vn -0.3803892 -0.9215616 -0.07764209
vn -0.3803892 -0.9215616 -0.07764209
vn -0.3803892 -0.9215616 -0.07764209
vn 0.3803893 -0.9215616 -0.07764171
vn 0.3803893 -0.9215616 -0.07764171
vn 0.7071068 -0.7071068 0
vn 0.7071068 -0.7071068 0
vn 0.9999924 -0.003921568 0
vn 0.9999924 -0.003921568 0
vn 0.9215616 0.3803892 -0.07764199
vn 0.9215616 0.3803892 -0.07764199
vn 0.3803893 0.9215615 -0.07764286
vn 0.3803893 0.9215615 -0.07764286
vn 0.003921568 0.9999923 -0.000345267
vn 0.003921568 0.9999923 -0.000345267
vn -0.3803892 0.9215615 -0.07764325
vn -0.3803892 0.9215615 -0.07764325
vn -0.003921509 0.003921509 0.9999846
vn -0.003921509 0.003921509 0.9999846
vn -0.003921509 0.003921509 0.9999846
vn -0.003921509 0.003921509 0.9999846
vn -0.003921509 0.003921509 0.9999846
vn -0.003921509 0.003921509 0.9999846
vn -0.003921509 0.003921509 0.9999846
vn -0.003921509 0.003921509 0.9999846
vn -0.9999923 -0.003921568 -0.0003442513
vn -0.9999923 -0.003921568 -0.0003442513
vn -0.7071068 -0.7071068 0
vn -0.7071068 -0.7071068 0
vn -0.003921509 -0.9999924 0
vn -0.003921509 -0.9999924 0
vn -0.7071068 0.7071068 0
vn -0.7071068 0.7071068 0
vn -0.3803892 0.9215615 -0.07764325
vn -0.3803892 0.9215615 -0.07764325
vn -0.003921509 -0.9999924 0
vn -0.003921509 -0.9999924 0
vn 0.3803893 -0.9215616 -0.07764171
vn 0.3803893 -0.9215616 -0.07764171
vn 0.9215616 -0.3803893 -0.07764171
vn 0.9215616 -0.3803893 -0.07764171
vn 0.9999924 -0.003921568 0
vn 0.9999924 -0.003921568 0
vn 0.7071068 0.7071068 0
vn 0.7071068 0.7071068 0
vn 0.3882324 0.9215615 -0.0002441406
vn 0.3882324 0.9215615 -0.0002441406
vn -0.003921509 0.003921509 0.9999846
vn -0.003921509 0.003921509 0.9999846
vn -0.003921509 0.003921509 0.9999846
vn -0.003921509 0.003921509 0.9999846
vn -0.003921509 0.003921509 0.9999846
vn -0.003921509 0.003921509 0.9999846
vn -0.003921509 0.003921509 0.9999846
vn -0.003921509 0.003921509 0.9999846
vn -0.003921509 0.003921509 -0.9999846
vn -0.003921509 0.003921509 -0.9999846
vn -0.003921509 -0.2392139 -0.970959
vn -0.003921509 -0.2392139 -0.970959
vn -0.003921509 -0.7097985 -0.7043939
vn -0.003921509 -0.7097985 -0.7043939
vn -0.003921509 -0.9686201 -0.2485151
vn -0.003921509 -0.9686201 -0.2485151
vn -0.003921509 -0.9686201 0.2485151
vn -0.003921509 -0.9686201 0.2485151
vn -0.003921509 -0.7097985 0.7043939
vn -0.003921509 -0.7097985 0.7043939
vn -0.003921509 -0.2392139 0.970959
vn -0.003921509 -0.2392139 0.970959
vn -0.003921509 -0.003921568 0.9999846
vn -0.003921509 -0.003921568 0.9999846
vn -0.003921509 0.9999923 -0.000345267
vn -0.003921509 0.9999923 -0.000345267
vn -0.003921509 0.9999923 -0.000345267
vn -0.003921509 0.9999923 -0.000345267
vn -0.9999923 0.003921509 -0.0003449296
vn -0.9999923 0.003921509 -0.0003449296
vn -0.9999923 0.003921509 -0.0003449296
vn -0.9999923 -0.003921568 -0.0003442513
vn -0.9999923 -0.003921568 -0.0003442513
vn -0.9999923 -0.003921568 -0.0003442513
vn -0.9999923 -0.003921568 -0.0003442513
vn -0.9999923 0.003921509 -0.0003449296
vn 0.6392108 -0.7647001 0.08150715
vn 0.6392108 -0.7647001 0.08150715
vn 0.5215647 -0.6235247 -0.5823979
vn 0.5215647 -0.6235247 -0.5823979
vn 0.5215647 -0.6235247 0.5823979
vn 0.5215647 -0.6235247 0.5823979
vn 0.1999985 -0.2392139 0.950146
vn 0.1999985 -0.2392139 0.950146
vn -0.1999984 0.2392138 0.950146
vn -0.1999984 0.2392138 0.950146
vn -0.5215646 0.6235245 0.5823981
vn -0.5215646 0.6235245 0.5823981
vn -0.6392107 0.7646999 0.08150897
vn -0.6392107 0.7646999 0.08150897
vn -0.5215646 0.6235245 -0.5823981
vn -0.5215646 0.6235245 -0.5823981
vn -0.1999984 0.2392138 -0.950146
vn -0.1999984 0.2392138 -0.950146
vn 0.1999985 -0.2392139 -0.950146
vn 0.1999985 -0.2392139 -0.950146
vn 0.5215647 -0.6235247 -0.5823979
vn 0.5215647 -0.6235247 -0.5823979
vn 0.9921493 0.0901953 -0.08662903
vn 0.9921493 0.0901953 -0.08662903
vn 0.756206 0.6543336 0
vn 0.756206 0.6543336 0
vn 0.2231437 0.9747856 0
vn 0.2231437 0.9747856 0
vn -0.3882322 0.9215615 -0.000345267
vn -0.3882322 0.9215615 -0.000345267
vn -0.8581837 0.5133427 0
vn -0.8581837 0.5133427 0
vn -0.9921492 -0.09019542 -0.0866296
vn -0.9921492 -0.09019542 -0.0866296
vn 0.8581836 -0.5133427 0
vn 0.8581836 -0.5133427 0
vn 0.3882324 -0.9215616 0
vn 0.3882324 -0.9215616 0
vn -0.2231436 -0.9747855 0
vn -0.2231436 -0.9747855 0
vn -0.756206 -0.6543337 0
vn -0.756206 -0.6543337 0
vn -0.9921492 -0.09019542 -0.0866296
vn -0.9921492 -0.09019542 -0.0866296
vn -0.003921509 0.003921509 -0.9999846
vn -0.003921509 0.003921509 -0.9999846
vn -0.003921509 0.003921509 -0.9999846
vn -0.003921509 0.003921509 -0.9999846
vn -0.003921509 0.003921509 -0.9999846
vn -0.003921509 0.003921509 -0.9999846
vn -0.003921509 0.003921509 -0.9999846
vn -0.003921509 0.003921509 -0.9999846
vn -0.003921509 0.003921509 -0.9999846
vn -0.003921509 0.003921509 -0.9999846
vn -0.003921509 0.003921509 -0.9999846
vn -0.003921509 0.003921509 -0.9999846
vn -0.003921509 0.003921509 -0.9999846
vn -0.003921509 0.003921509 -0.9999846
vn -0.003921509 0.003921509 -0.9999846
vn -0.003921509 0.003921509 -0.9999846
vn -0.003921509 0.003921509 -0.9999846
vn -0.003921509 0.003921509 0.9999846
vn -0.003921509 0.003921509 0.9999846
vn -0.003921509 0.003921509 0.9999846
vn -0.003921509 0.003921509 0.9999846
vn -0.003921509 0.003921509 0.9999846
vn -0.003921509 0.003921509 0.9999846
vn -0.003921509 0.003921509 0.9999846
vn 0.3948628 -0.9187401 0
vn 0.6392108 -0.7647001 0.08150715
vn 0.6392108 -0.7647001 0.08150715
vn 0.3948628 -0.9187401 0
vn -0.2078415 -0.9764631 0.05763374
vn -0.2078415 -0.9764631 0.05763374
vn -0.7646999 -0.6392108 0.08150806
vn -0.7646999 -0.6392108 0.08150806
vn -0.9993777 -0.03527219 0
vn -0.9993777 -0.03527219 0
vn -0.8352877 0.5450938 -0.07188377
vn -0.8352877 0.5450938 -0.07188377
vn -0.6392107 0.7646999 -0.08150897
vn -0.6392107 0.7646999 -0.08150897
vn 0.552937 -0.6627401 0.5050113
vn 0.6392108 -0.7647001 0.08150715
vn 0.6392108 -0.7647001 0.08150715
vn 0.552937 -0.6627401 0.5050113
vn 0.3176447 -0.3803893 0.8685654
vn 0.3176447 -0.3803893 0.8685654
vn 0.552937 -0.6627401 -0.5050113
vn 0.552937 -0.6627401 -0.5050113
vn 0.3176447 -0.3803893 -0.8685654
vn 0.3176447 -0.3803893 -0.8685654
vn 0.003921568 0.003921509 -0.9999846
vn 0.003921568 0.003921509 -0.9999846
vn -0.3176446 0.3803892 -0.8685654
vn -0.3176446 0.3803892 -0.8685654
vn -0.5529369 0.66274 -0.5050114
vn -0.5529369 0.66274 -0.5050114
vn -0.6392107 0.7646999 0.08150897
vn -0.6392107 0.7646999 0.08150897
vn -0.5529369 0.66274 0.5050114
vn -0.5529369 0.66274 0.5050114
vn -0.3176446 0.3803892 0.8685654
vn -0.3176446 0.3803892 0.8685654
vn 0.003921568 0.003921509 0.9999846
vn 0.003921568 0.003921509 0.9999846
vn 0.3176447 -0.3803893 0.8685654
vn 0.3176447 -0.3803893 0.8685654
vn -0.7646999 -0.6392108 0.08150806
vn -0.7646999 -0.6392108 0.08150806
vn -0.7646999 -0.6392108 0.08150806
vn -0.7646999 -0.6392108 0.08150806
vn -0.7646999 -0.6392108 -0.08150806
vn -0.7646999 -0.6392108 0.08150806
vn -0.7646999 -0.6392108 0.08150806
vn -0.7646999 -0.6392108 -0.08150806
vn -0.7646999 -0.6392108 -0.08150806
vn -0.7646999 -0.6392108 -0.08150806
vn -0.7646999 -0.6392108 -0.08150806
vn -0.7646999 -0.6392108 0.08150806
vn -0.003921509 0.003921509 0.9999846
vn -0.003921509 0.003921509 0.9999846
vn -0.003921509 0.003921509 0.9999846
vn -0.003921509 0.003921509 0.9999846
vn 0.6392108 -0.7647001 -0.08150715
vn 0.6392108 -0.7647001 -0.08150715
vn 0.6392108 -0.7647001 -0.08150715
vn 0.6392108 -0.7647001 -0.08150715
vn 0.6392108 -0.7647001 -0.08150715
vn -0.6392107 0.7646999 -0.08150897
vn -0.6392107 0.7646999 -0.08150897
vn -0.6392107 0.7646999 -0.08150897
vn -0.6392107 0.7646999 -0.08150897
vn -0.6392107 0.7646999 -0.08150897
vn -0.5764661 -0.4823493 -0.659565
vn -0.5764661 -0.4823493 -0.659565
vn -0.6235245 -0.5215647 -0.582398
vn -0.6235245 -0.5215647 -0.582398
vn -0.5294076 -0.4431339 -0.7234362
vn -0.5294076 -0.4431339 -0.7234362
vn -0.7254846 -0.6078385 0.3228071
vn -0.7254846 -0.6078385 0.3228071
vn -0.7254846 -0.6078385 0.3228071
vn -0.7254846 -0.6078385 0.3228071
vn 0.5764662 -0.6941124 0.4311551
vn 0.6392108 -0.7647001 0.08150715
vn 0.6392108 -0.7647001 0.08150715
vn 0.5764662 -0.6941124 0.4311551
vn 0.4039185 -0.4745062 0.7821085
vn 0.4039185 -0.4745062 0.7821085
vn 0.2784293 -0.3333308 0.9007595
vn 0.2784293 -0.3333308 0.9007595
vn 0.5764662 -0.6941124 -0.4311551
vn 0.5764662 -0.6941124 -0.4311551
vn 0.4039185 -0.4745062 -0.7821085
vn 0.4039185 -0.4745062 -0.7821085
vn 0.2784293 -0.3333308 -0.9007595
vn 0.2784293 -0.3333308 -0.9007595
vn 0.7647001 0.6392107 -0.08150788
vn 0.7647001 0.6392107 0.08150788
vn 0.7647001 0.6392107 -0.08150788
vn 0.7647001 0.6392107 -0.08150788
vn 0.7647001 0.6392107 0.08150788
vn 0.7647001 0.6392107 0.08150788
vn 0.7647001 0.6392107 -0.08150788
vn -0.7646999 -0.6392108 -0.08150806
vn -0.7646999 -0.6392108 0.08150806
vn -0.7646999 -0.6392108 -0.08150806
vn -0.7646999 -0.6392108 -0.08150806
vn -0.7646999 -0.6392108 0.08150806
vn -0.7646999 -0.6392108 0.08150806
vn -0.7646999 -0.6392108 0.08150806
vn -0.003921509 0.003921509 0.9999846
vn -0.003921509 0.003921509 0.9999846
vn -0.003921509 0.003921509 0.9999846
vn -0.003921509 0.003921509 0.9999846
vn 0.6392108 -0.7647001 -0.08150715
vn 0.6392108 -0.7647001 -0.08150715
vn 0.6392108 -0.7647001 -0.08150715
vn 0.6392108 -0.7647001 -0.08150715
vn 0.6392108 -0.7647001 -0.08150715
vn -0.6392107 0.7646999 -0.08150897
vn -0.6392107 0.7646999 -0.08150897
vn -0.6392107 0.7646999 -0.08150897
vn -0.6392107 0.7646999 -0.08150897
vn -0.6392107 0.7646999 -0.08150897
vn 0.5764662 0.4823492 -0.659565
vn 0.6235247 0.5215646 -0.5823979
vn 0.6235247 0.5215646 -0.5823979
vn 0.5764662 0.4823492 -0.659565
vn 0.5215647 0.4431338 -0.7291109
vn 0.5215647 0.4431338 -0.7291109
vn 0.7254847 0.6078384 0.3228072
vn 0.7254847 0.6078384 0.3228072
vn 0.7254847 0.6078384 0.3228072
vn 0.7254847 0.6078384 0.3228072
vn 0.8723059 -0.4889607 0
vn 0.9905663 -0.1370349 0
vn 0.9905663 -0.1370349 0
vn 0.8723059 -0.4889607 0
vn 0.3091746 -0.9510053 0
vn 0.8723059 -0.4889607 0
vn 0.8723059 -0.4889607 0
vn 0.3091746 -0.9510053 0
vn -0.4196045 -0.9058754 -0.05763425
vn -0.4196045 -0.9058754 -0.05763425
vn -0.7254846 -0.6862693 -0.05202458
vn -0.7254846 -0.6862693 -0.05202458
vn -0.8723059 0.4889607 0
vn -0.9905662 0.1370348 0
vn -0.9905662 0.1370348 0
vn -0.8723059 0.4889607 0
vn -0.3091745 0.9510054 0
vn -0.3091745 0.9510054 0
vn 0.4196047 0.9058753 -0.05763529
vn 0.4196047 0.9058753 -0.05763529
vn 0.7254847 0.6862692 -0.05202516
vn 0.7254847 0.6862692 -0.05202516
vn 0.7019554 0.6078384 0.3712021
vn 0.6941124 0.6156815 0.3730205
vn 0.6941124 0.6156815 0.3730205
vn 0.7097985 0.5999954 0.3690415
vn 0.7097985 0.5999954 0.3690415
vn 0.7097985 0.5999954 0.3690415
vn 0.7176416 0.5921522 0.3665328
vn 0.7176416 0.5921522 0.3665328
vn 0.7176416 0.5999954 0.3535479
vn 0.7176416 0.5999954 0.3535479
vn 0.7176416 0.5921522 0.3665328
vn 0.7176416 0.5843092 0.3789107
vn 0.7254847 0.5764661 0.3759772
vn 0.7254847 0.5764661 0.3759772
vn -0.2862723 0.3647031 -0.8860248
vn -0.2549 0.3333308 -0.9076985
vn -0.4117615 0.5215646 -0.7472769
vn -0.4117615 0.5215646 -0.7472769
vn -0.06666613 0.09803843 -0.9929472
vn -0.06666613 0.09803843 -0.9929472
vn 0.08235234 -0.08235234 -0.9931949
vn 0.08235234 -0.08235234 -0.9931949
vn 0.2862723 -0.3098016 -0.9066814
vn 0.3098016 -0.3411739 -0.8874815
vn 0.4431339 -0.4901924 -0.7505623
vn 0.4431339 -0.4901924 -0.7505623
vn 0.01960772 0.02745068 0.9994308
vn 0.01960772 0.02745068 0.9994308
vn 0.01960772 0.02745068 0.9994308
vn 0.01960772 0.02745068 0.9994308
vn 0.0274508 0.01960766 0.9994308
vn 0.0274508 0.01960766 0.9994308
vn -0.003921509 0.01176453 0.9999231
vn -0.003921509 0.01176453 0.9999231
vn -0.003921509 0.4823492 0.8759702
vn 0.1607831 0.2078415 0.9648579
vn 0.145097 0.3176446 0.9370426
vn 0.08235234 0.5607799 0.8238592
vn -0.1764692 0.466663 0.8666511
vn 0.2313708 0.1215676 0.9652403
vn 0.1372539 0.1137246 0.9839858
vn 0.1372539 0.1137246 0.9839858
vn 0.3411739 0.0901953 0.9356629
vn 0.4823493 -0.08235234 0.8720993
vn 0.56078 -0.01960772 0.8277326
vn 0.4352908 -0.2235277 0.8720993
vn -0.1686261 0.4745061 0.8639498
vn -0.1764692 0.466663 0.8666511
vn -0.1058815 0.5450938 0.8316622
vn 0.4196047 -0.2705862 0.8664382
vn 0.4117616 -0.2392139 0.8793344
vn 0.4352908 -0.3176447 0.8423917
vn -0.6941123 0.7176415 0.05655848
vn -0.6941123 0.7176415 0.05655848
vn -0.6941123 0.7176415 0.05655848
vn -0.6941123 0.7176415 0.05655848
vn -0.7880838 -0.615568 0
vn -0.7880838 -0.615568 0
vn -0.7880838 -0.615568 0
vn -0.7880838 -0.615568 0
vn 0.3333308 -0.9372478 0.1022605
vn 0.3333308 -0.9372478 0.1022605
vn 0.3333308 -0.9372478 0.1022605
vn 0.3333308 -0.9372478 0.1022605
vn 0.6459422 -0.7633862 0
vn 0.6459422 -0.7633862 0
vn 0.6459422 -0.7633862 0
vn 0.6459422 -0.7633862 0
vn 0.7704606 0.6374876 0
vn 0.7704606 0.6374876 0
vn 0.7704606 0.6374876 0
vn 0.7704606 0.6374876 0
vn -0.6313677 0.7725431 -0.067469
vn -0.6313677 0.7725431 -0.067469
vn -0.6313677 0.7725431 -0.067469
vn -0.6313677 0.7725431 -0.067469
vn -0.9990709 -0.04309721 0
vn -0.9990709 -0.04309721 0
vn -0.9990709 -0.04309721 0
vn -0.9990709 -0.04309721 0
vn -0.4431338 -0.8901893 0.1058084
vn -0.4431338 -0.8901893 0.1058084
vn -0.4431338 -0.8901893 0.1058084
vn -0.4431338 -0.8901893 0.1058084
vn -0.6235245 0.7803861 0.04706028
vn -0.6235245 0.7803861 0.04706028
vn -0.6235245 0.7803861 0.04706028
vn -0.6235245 0.7803861 0.04706028
vn 0.05872206 0.9982743 0
vn 0.06651905 0.9977852 0
vn 0.06651905 0.9977852 0
vn 0.04309721 0.9990709 0
vn 0.03527219 0.9993777 0
vn 0.03527219 0.9993777 0
vn -0.7646999 -0.6392108 -0.08150806
vn -0.7646999 -0.6392108 -0.08150806
vn -0.7646999 -0.6392108 -0.08150806
vn -0.7646999 -0.6392108 -0.08150806
vn -0.7646999 -0.6392108 0.08150806
vn -0.7646999 -0.6392108 0.08150806
vn -0.7646999 -0.6392108 0.08150806
vn -0.7646999 -0.6392108 -0.08150806
vn -0.7646999 -0.6392108 -0.08150806
vn -0.7646999 -0.6392108 -0.08150806
vn -0.7646999 -0.6392108 -0.08150806
vn -0.7646999 -0.6392108 0.08150806
vn 0.7647001 0.6392107 -0.08150788
vn 0.7647001 0.6392107 -0.08150788
vn 0.7647001 0.6392107 -0.08150788
vn 0.7647001 0.6392107 -0.08150788
vn 0.0274508 0.01960766 0.9994308
vn 0.0274508 0.01960766 0.9994308
vn 0.0274508 0.01960766 0.9994308
vn 0.0274508 0.01960766 0.9994308
vn 0.03529388 0.01176453 0.9993077
vn 0.03529388 0.01176453 0.9993077
vn 0.01176465 -0.003921568 0.9999231
vn 0.01176465 -0.003921568 0.9999231
vn 0.01176465 -0.003921568 0.9999231
vn 0.5842015 -0.8116088 0
vn 0.5842015 -0.8116088 0
vn 0.5842015 -0.8116088 0
vn 0.5842015 -0.8116088 0
vn -0.7411708 -0.6705831 0.03137136
vn -0.7411708 -0.6705831 0.03137136
vn -0.7411708 -0.6705831 0.03137136
vn -0.7411708 -0.6705831 0.03137136
vn -0.86666 0.4901923 0.09280082
vn -0.86666 0.4901923 0.09280082
vn -0.86666 0.4901923 0.09280082
vn -0.86666 0.4901923 0.09280082
vn -0.6374876 0.7704607 0
vn -0.6374876 0.7704607 0
vn -0.6374876 0.7704607 0
vn -0.6374876 0.7704607 0
vn 0.7633864 0.6459423 0
vn 0.7633864 0.6459423 0
vn 0.7633864 0.6459423 0
vn 0.7633864 0.6459423 0
vn 0.6543337 -0.7562059 0
vn 0.6543337 -0.7562059 0
vn 0.6543337 -0.7562059 0
vn 0.6543337 -0.7562059 0
vn -0.2156845 -0.9764631 0
vn -0.2156845 -0.9764631 0
vn -0.2156845 -0.9764631 0
vn -0.2156845 -0.9764631 0
vn -0.9529338 -0.2862723 0.09982665
vn -0.9529338 -0.2862723 0.09982665
vn -0.9529338 -0.2862723 0.09982665
vn -0.9529338 -0.2862723 0.09982665
vn 0.6941124 0.5764661 0.4311553
vn 0.6941124 0.5764661 0.4311553
vn 0.6941124 0.5764661 0.4311553
vn 0.6941124 0.5764661 0.4311553
vn 0.6862693 0.6156815 -0.3872606
vn 0.6862693 0.6156815 -0.3872606
vn 0.6313677 0.66274 -0.4026791
vn 0.7254847 0.5686231 -0.3877367
vn 0.7254847 0.5686231 -0.3877367
vn 0.756857 0.5058784 -0.4138291
vn 0.6626585 -0.7489218 0
vn 0.6626585 -0.7489218 0
vn 0.6626585 -0.7489218 0
vn 0.6626585 -0.7489218 0
vn 0.9905663 -0.1370349 0
vn 0.9905663 -0.1370349 0
vn 0.9905663 -0.1370349 0
vn 0.9921493 -0.1137246 -0.0520239
vn 0.9921493 -0.1137246 -0.0520239
vn 0.9921493 -0.1137246 -0.0520239
vn 0.5921524 -0.7097985 -0.3814992
vn 0.5921524 -0.7097985 -0.3814992
vn 0.5921524 -0.7097985 -0.3814992
vn 0.5921524 -0.7097985 -0.3814992
vn -0.003921509 0.003921509 -0.9999846
vn 0.247057 -0.2941154 -0.9232871
vn 0.247057 -0.2941154 -0.9232871
vn -0.003921509 0.003921509 -0.9999846
vn -0.2470568 0.2941153 -0.9232872
vn -0.003921509 0.003921509 -0.9999846
vn -0.003921509 0.003921509 -0.9999846
vn -0.2470568 0.2941153 -0.9232872
vn -0.6392107 0.7646999 0.08150897
vn -0.5921522 0.7097985 -0.3814996
vn -0.5921522 0.7097985 -0.3814996
vn -0.6392107 0.7646999 0.08150897
vn -0.4509768 0.5450938 0.7067479
vn -0.4509768 0.5450938 0.7067479
vn -0.2470568 0.2941153 0.9232872
vn -0.2470568 0.2941153 0.9232872
vn 0.450977 -0.5450939 0.7067478
vn 0.247057 -0.2941154 0.9232871
vn 0.247057 -0.2941154 0.9232871
vn 0.450977 -0.5450939 0.7067478
vn 0.5921524 -0.7097985 0.3814992
vn 0.5921524 -0.7097985 0.3814992
vn 0.7647001 0.6392107 -0.08150788
vn 0.7647001 0.6392107 0.08150788
vn 0.7647001 0.6392107 0.08150788
vn 0.7647001 0.6392107 -0.08150788
vn 0.7647001 0.6392107 -0.08150788
vn 0.7647001 0.6392107 -0.08150788
vn 0.7647001 0.6392107 -0.08150788
vn 0.7647001 0.6392107 0.08150788
vn 0.5921524 -0.7097985 -0.3814992
vn 0.5921524 -0.7097985 -0.3814992
vn 0.5921524 -0.7097985 -0.3814992
vn 0.5921524 -0.7097985 -0.3814992
vn -0.003921509 0.003921509 -0.9999846
vn 0.247057 -0.2941154 -0.9232871
vn 0.247057 -0.2941154 -0.9232871
vn -0.003921509 0.003921509 -0.9999846
vn -0.2470568 0.2941153 -0.9232872
vn -0.003921509 0.003921509 -0.9999846
vn -0.003921509 0.003921509 -0.9999846
vn -0.2470568 0.2941153 -0.9232872
vn -0.6392107 0.7646999 0.08150897
vn -0.5921522 0.7097985 -0.3814996
vn -0.5921522 0.7097985 -0.3814996
vn -0.6392107 0.7646999 0.08150897
vn -0.4509768 0.5450938 0.7067479
vn -0.4509768 0.5450938 0.7067479
vn -0.2470568 0.2941153 0.9232872
vn -0.2470568 0.2941153 0.9232872
vn 0.450977 -0.5450939 0.7067478
vn 0.247057 -0.2941154 0.9232871
vn 0.247057 -0.2941154 0.9232871
vn 0.450977 -0.5450939 0.7067478
vn 0.5921524 -0.7097985 0.3814992
vn 0.5921524 -0.7097985 0.3814992
vn 0.7647001 0.6392107 -0.08150788
vn 0.7647001 0.6392107 0.08150788
vn 0.7647001 0.6392107 0.08150788
vn 0.7647001 0.6392107 -0.08150788
vn 0.7647001 0.6392107 -0.08150788
vn 0.7647001 0.6392107 -0.08150788
vn 0.7647001 0.6392107 0.08150788
vn 0.7647001 0.6392107 -0.08150788
vn -0.5999954 0.7097985 -0.3690416
vn -0.5999954 0.7097985 -0.3690416
vn -0.6392107 0.7646999 -0.08150897
vn -0.6392107 0.7646999 -0.08150897
vn -0.4745061 0.5607799 -0.6785055
vn -0.4745061 0.5607799 -0.6785055
vn 0.04313695 -0.05098003 0.9977676
vn 0.15294 -0.1764693 0.9723518
vn 0.15294 -0.1764693 0.9723518
vn 0.04313695 -0.05098003 0.9977676
vn 0.3960754 -0.4745062 0.7861095
vn 0.3960754 -0.4745062 0.7861095
vn 0.5450939 -0.6470539 0.5330984
vn 0.5450939 -0.6470539 0.5330984
vn 0.5921524 -0.7019554 0.3957451
vn 0.5921524 -0.7019554 0.3957451
vn 0.6078385 -0.7254847 0.322807
vn 0.6078385 -0.7254847 0.322807
vn 0.6392108 -0.7647001 -0.08150715
vn 0.6392108 -0.7647001 -0.08150715
vn 0.6392108 -0.7647001 -0.08150715
vn 0.6392108 -0.7647001 -0.08150715
vn -0.7646999 -0.6392108 0.08150806
vn -0.7646999 -0.6392108 -0.08150806
vn -0.7646999 -0.6392108 0.08150806
vn -0.7646999 -0.6392108 0.08150806
vn -0.7646999 -0.6392108 -0.08150806
vn -0.7646999 -0.6392108 -0.08150806
vn -0.7646999 -0.6392108 -0.08150806
vn -0.7646999 -0.6392108 0.08150806
vn -0.7646999 -0.6392108 0.08150806
vn -0.7646999 -0.6392108 0.08150806
vn -0.7646999 -0.6392108 0.08150806
vn -0.7646999 -0.6392108 0.08150806
vn -0.7646999 -0.6392108 0.08150806
vn -0.7646999 -0.6392108 -0.08150806
vn -0.7646999 -0.6392108 0.08150806
vn -0.7646999 -0.6392108 0.08150806
vn -0.7646999 -0.6392108 0.08150806
vn -0.7646999 -0.6392108 0.08150806
vn -0.9450908 -0.3176447 -0.07684591
vn -0.9450908 -0.3176447 -0.07684591
vn -0.6392107 0.7646999 -0.08150897
vn -0.5999954 0.7176415 -0.3535482
vn -0.5999954 0.7176415 -0.3535482
vn -0.6392107 0.7646999 -0.08150897
vn -0.5999954 0.7176415 -0.3535482
vn -0.5999954 0.7176415 -0.3535482
vn -0.4509768 0.5372508 -0.7127283
vn -0.4509768 0.5372508 -0.7127283
vn -0.3568599 0.4274477 -0.830626
vn -0.3568599 0.4274477 -0.830626
vn -0.3960754 0.4745061 -0.7861095
vn -0.3960754 0.4745061 -0.7861095
vn -0.4901923 0.5843092 -0.6467567
vn -0.4901923 0.5843092 -0.6467567
vn -0.003921509 0.003921509 0.9999846
vn -0.003921509 0.003921509 0.9999846
vn -0.003921509 0.003921509 0.9999846
vn -0.003921509 0.003921509 0.9999846
vn -0.003921509 0.003921509 0.9999846
vn -0.003921509 0.003921509 0.9999846
vn -0.003921509 0.003921509 0.9999846
vn -0.003921509 0.003921509 0.9999846
vn 0.7647001 0.6392107 -0.08150788
vn 0.7647001 0.6392107 -0.08150788
vn 0.7647001 0.6392107 -0.08150788
vn 0.7647001 0.6392107 -0.08150788
vn 0.7647001 0.6392107 0.08150788
vn 0.7647001 0.6392107 0.08150788
vn 0.7647001 0.6392107 -0.08150788
vn 0.7647001 0.6392107 -0.08150788
vn 0.7647001 0.6392107 -0.08150788
vn 0.7647001 0.6392107 -0.08150788
vn 0.7647001 0.6392107 -0.08150788
vn 0.7647001 0.6392107 -0.08150788
vn 0.7647001 0.6392107 -0.08150788
vn 0.7647001 0.6392107 0.08150788
vn 0.473633 0.8807224 0
vn 0.473633 0.8807224 0
vn 0.7647001 0.6392107 -0.08150788
vn 0.7647001 0.6392107 0.08150788
vn 0.7647001 0.6392107 -0.08150788
vn 0.7647001 0.6392107 -0.08150788
vn -0.003921509 0.003921509 -0.9999846
vn -0.003921509 0.003921509 -0.9999846
vn -0.003921509 0.003921509 -0.9999846
vn -0.003921509 0.003921509 -0.9999846
vn -0.003921509 0.003921509 -0.9999846
vn -0.003921509 0.003921509 -0.9999846
vn -0.003921509 0.003921509 -0.9999846
vn -0.003921509 0.003921509 -0.9999846
vn -0.756206 0.6543336 0
vn -0.756206 0.6543336 0
vn -0.5133427 0.8581837 0
vn -0.5133427 0.8581837 0
vn -0.9529338 0.3019584 -0.02717196
vn -0.9529338 0.3019584 -0.02717196
vn -0.1370348 0.9905662 0
vn -0.1370348 0.9905662 0
vn -0.9450908 -0.3176447 -0.07684591
vn -0.9450908 -0.3176447 -0.07684591
vn 0.473633 0.8807224 0
vn 0.473633 0.8807224 0
vn -0.003921509 0.003921509 -0.9999846
vn -0.003921509 0.003921509 -0.9999846
vn -0.003921509 0.003921509 -0.9999846
vn -0.003921509 0.003921509 -0.9999846
vn -0.003921509 0.003921509 -0.9999846
vn -0.003921509 0.003921509 -0.9999846
vn -0.003921509 0.003921509 -0.9999846
vn -0.003921509 0.003921509 -0.9999846
vn -0.003921509 0.003921509 0.9999846
vn -0.003921509 0.003921509 0.9999846
vn -0.003921509 0.003921509 0.9999846
vn -0.003921509 0.003921509 0.9999846
vn -0.6392107 0.7646999 0.08150897
vn -0.6392107 0.7646999 0.08150897
vn -0.6392107 0.7646999 0.08150897
vn -0.6392107 0.7646999 0.08150897
vn -0.7568569 -0.6392108 0.1362979
vn -0.7646999 -0.6392108 -0.08150806
vn -0.7646999 -0.6392108 -0.08150806
vn -0.7568569 -0.6392108 0.1362979
vn -0.66274 -0.552937 -0.5050113
vn -0.66274 -0.552937 -0.5050113
vn -0.3803892 -0.3176447 -0.8685654
vn -0.3803892 -0.3176447 -0.8685654
vn 0.003921568 0.003921509 -0.9999846
vn 0.003921568 -0.003921568 -0.9999846
vn 0.3803893 0.3176446 -0.8685654
vn 0.3803893 0.3176446 -0.8685654
vn 0.6627401 0.5529369 -0.5050113
vn 0.6627401 0.5529369 -0.5050113
vn 0.7647001 0.6392107 -0.08150788
vn 0.7647001 0.6392107 -0.08150788
vn 0.756857 0.6392107 0.1362983
vn 0.756857 0.6392107 0.1362983
vn 0.7647001 0.6392107 -0.08150788
vn 0.7647001 0.6392107 -0.08150788
vn -0.6392107 0.7646999 -0.08150897
vn -0.6392107 0.7646999 -0.08150897
vn -0.6392107 0.7646999 0.08150897
vn -0.6392107 0.7646999 0.08150897
vn -0.6392107 0.7646999 -0.08150897
vn -0.6392107 0.7646999 0.08150897
vn -0.6392107 0.7646999 -0.08150897
vn -0.6392107 0.7646999 0.08150897
vn -0.6392107 0.7646999 -0.08150897
vn -0.6392107 0.7646999 0.08150897
vn -0.6392107 0.7646999 -0.08150897
vn -0.6392107 0.7646999 -0.08150897
vn -0.6392107 0.7646999 -0.08150897
vn 0.6392108 -0.7647001 -0.08150715
vn 0.6392108 -0.7647001 0.08150715
vn 0.6392108 -0.7647001 -0.08150715
vn 0.6392108 -0.7647001 -0.08150715
vn 0.6392108 -0.7647001 -0.08150715
vn 0.6392108 -0.7647001 -0.08150715
vn 0.6392108 -0.7647001 -0.08150715
vn 0.6392108 -0.7647001 -0.08150715
vn 0.6392108 -0.7647001 -0.08150715
vn 0.6392108 -0.7647001 -0.08150715
vn 0.6392108 -0.7647001 -0.08150715
vn 0.6392108 -0.7647001 -0.08150715
vn 0.6392108 -0.7647001 -0.08150715
vn -0.7646999 -0.6392108 -0.08150806
vn -0.7646999 -0.6392108 -0.08150806
vn -0.66274 -0.552937 0.5050113
vn -0.7646999 -0.6392108 -0.08150806
vn -0.7646999 -0.6392108 -0.08150806
vn -0.66274 -0.552937 0.5050113
vn -0.3803892 -0.3176447 0.8685654
vn -0.3803892 -0.3176447 0.8685654
vn -0.003921509 -0.003921568 0.9999846
vn 0.003921568 -0.003921568 0.9999846
vn 0.3803893 0.3176446 0.8685654
vn 0.3803893 0.3176446 0.8685654
vn 0.6627401 0.5529369 0.5050113
vn 0.6627401 0.5529369 0.5050113
vn 0.7647001 0.6392107 -0.08150788
vn 0.7647001 0.6392107 -0.08150788
vn 0.7411708 0.6235245 -0.2487629
vn 0.7411708 0.6235245 -0.2487629
vn -0.7411708 -0.6235247 -0.2487627
vn -0.7411708 -0.6235247 -0.2487627
vn 0.6392108 -0.7647001 -0.08150715
vn 0.6392108 -0.7647001 -0.08150715
vn 0.6392108 -0.7647001 0.08150715
vn 0.6392108 -0.7647001 0.08150715
vn 0.6392108 -0.7647001 -0.08150715
vn 0.6392108 -0.7647001 -0.08150715
vn 0.6392108 -0.7647001 -0.08150715
vn 0.6392108 -0.7647001 -0.08150715
vn 0.6459422 -0.7633862 0
vn -0.6392107 0.7646999 -0.08150897
vn -0.6392107 0.7646999 0.08150897
vn -0.6392107 0.7646999 0.08150897
vn -0.6392107 0.7646999 -0.08150897
vn -0.6392107 0.7646999 -0.08150897
vn -0.6392107 0.7646999 -0.08150897
vn -0.6392107 0.7646999 -0.08150897
vn -0.6392107 0.7646999 0.08150897
vn -0.6392107 0.7646999 0.08150897
vn 0.7647001 0.6392107 0.08150788
vn 0.9450908 0.3254876 -0.02934465
vn 0.9450908 0.3254876 -0.02934465
vn 0.7647001 0.6392107 -0.08150788
vn 0.9604816 0.2783436 0
vn 0.9921493 -0.03529388 -0.1199755
vn 0.9921493 -0.03529388 -0.1199755
vn 0.9990709 -0.04309721 0
vn 0.9843062 -0.05098003 0.1689447
vn 0.9137185 0.3960754 0.09078962
vn 0.9450908 0.3254876 -0.02934465
vn 0.9215616 0.3803892 -0.07764199
vn 0.7647001 0.6392107 -0.08150788
vn 0.9921493 -0.03529388 -0.1199755
vn 0.9921493 -0.03529388 -0.1199755
vn 0.7633864 0.6459423 0
vn 0.7633864 0.6459423 0
vn 0.7633864 0.6459423 0
vn 0.7633864 0.6459423 0
vn 0.3411739 -0.09803849 -0.9348737
vn 0.3333308 -0.05098003 -0.9414306
vn 0.2862723 -0.09803849 -0.9531194
vn 0.3411739 -0.09803849 -0.9348737
vn 0.3411739 -0.01960772 -0.9397957
vn 0.2627431 -0.1058816 -0.9590387
vn 0.05882311 -0.2784293 -0.9586537
vn 0.05098003 -0.2941154 -0.9544094
vn -0.04313684 -0.3411739 -0.9390099
vn -0.003921509 -0.3333308 -0.9428018
vn 0.03529388 -0.35686 -0.9334909
vn 0.03529388 -0.35686 -0.9334909
vn -0.6392107 0.7646999 -0.08150897
vn -0.6392107 0.7646999 -0.08150897
vn -0.6392107 0.7646999 0.08150897
vn -0.6392107 0.7646999 0.08150897
vn -0.6392107 0.7646999 -0.08150897
vn -0.6392107 0.7646999 -0.08150897
vn -0.6392107 0.7646999 -0.08150897
vn -0.6392107 0.7646999 0.08150897
vn -0.6392107 0.7646999 0.08150897
vn -0.6392107 0.7646999 -0.08150897
vn -0.6392107 0.7646999 -0.08150897
vn -0.6392107 0.7646999 -0.08150897
vn -0.6392107 0.7646999 -0.08150897
vn -0.6459423 0.7633862 0
vn -0.6459423 0.7633862 0
vn -0.6392107 0.7646999 -0.08150897
vn -0.6392107 0.7646999 -0.08150897
vn 0.6392108 -0.756857 -0.1362978
vn 0.6392108 -0.7490139 -0.1743208
vn 0.6392108 -0.7490139 -0.1743208
vn 0.6392108 -0.756857 -0.1362978
vn 0.6313677 -0.756857 -0.1689446
vn 0.6313677 -0.756857 -0.1689446
vn 0.6313677 -0.756857 -0.1689446
vn 0.6313677 -0.756857 -0.1689446
vn 0.6392108 -0.7647001 0.08150715
vn 0.6392108 -0.7647001 0.08150715
vn 0.6235247 -0.7411708 0.2487627
vn 0.6235247 -0.7411708 0.2487627
vn 0.145097 -0.1294108 0.9809178
vn 0.1137246 -0.08235234 0.9900933
vn 0.145097 -0.09019542 0.9852977
vn 0.145097 -0.1294108 0.9809178
vn 0.145097 -0.04313695 0.9884766
vn 0.09019542 -0.05882311 0.9941854
vn 0.04313695 -0.09803849 0.9942473
vn 0.05882311 -0.1294108 0.9898447
vn 0.01960772 -0.145097 0.9892231
vn 0.06666619 -0.15294 0.9859843
vn 0.1058816 -0.1607831 0.981294
vn 0.1058816 -0.1607831 0.981294
vn 0.03529388 -0.04313695 0.9984456
vn 0.03529388 -0.04313695 0.9984456
vn 0.03529388 -0.04313695 0.9984456
vn -0.1215676 -0.9764631 0.1781603
vn -0.1293392 -0.9916005 0
vn -0.4425082 -0.8967645 0
vn -0.5450938 -0.8352877 0.07188273
vn -0.1372538 -0.9843062 -0.1109175
vn -0.4823492 -0.8745031 -0.05082877
vn -0.7646999 -0.6392108 0.08150806
vn -0.7646999 -0.6392108 -0.08150806
vn -0.4823492 -0.8745031 -0.05082877
vn -0.7646999 -0.6392108 -0.08150806
vn -0.1372538 -0.9843062 -0.1109175
vn -0.1372538 -0.9843062 -0.1109175
vn -0.4823492 -0.8745031 -0.05082877
vn -0.1372538 -0.9843062 -0.1109175
vn -0.5372508 -0.8431308 -0.02218189
vn -0.7646999 -0.6392108 -0.08150806
vn -0.7646999 -0.6392108 -0.08150806
vn -0.7646999 -0.6392108 -0.08150806
vn -0.7646999 -0.6392108 -0.08150806
vn 0.6392108 -0.756857 -0.1362978
vn 0.6235247 -0.7411708 0.2487627
vn 0.6235247 -0.7411708 0.2487627
vn 0.6392108 -0.756857 -0.1362978
vn 0.6078385 -0.7254847 0.322807
vn 0.6078385 -0.7254847 0.322807
vn 0.6313677 -0.756857 0.1689446
vn 0.6313677 -0.756857 0.1689446
vn 0.6313677 -0.756857 -0.1689446
vn 0.6313677 -0.756857 -0.1689446
vn 0.6313677 -0.756857 -0.1689446
vn 0.6313677 -0.756857 -0.1689446
vn 0.6392108 -0.756857 -0.1362978
vn 0.6392108 -0.756857 -0.1362978
vn 0.6392108 -0.7647001 0.08150715
vn 0.6392108 -0.7647001 0.08150715
vn 0.6313677 -0.756857 -0.1689446
vn 0.6313677 -0.756857 -0.1689446
vn 0.6235247 -0.7411708 0.2487627
vn 0.6235247 -0.7411708 0.2487627
vn 0.6313677 -0.756857 -0.1689446
vn 0.6392108 -0.756857 -0.1362978
vn 0.6313677 -0.756857 -0.1689446
vn 0.6313677 -0.756857 -0.1689446
vn 0.6313677 -0.756857 -0.1689446
vn 0.6313677 -0.756857 -0.1689446
vn 0.7490139 0.6235245 0.2240432
vn 0.7882293 0.5999954 0.1367485
vn 0.7490139 0.6156815 0.2447743
vn 0.7882293 0.5999954 0.1367485
vn 0.7490139 0.6235245 0.2240432
vn 0.7882293 0.6078384 0.09605778
vn 0.8196016 0.5529369 0.1500466
vn 0.7647001 0.6392107 0.08150788
vn 0.7647001 0.6392107 0.08150788
vn 0.7647001 0.6392107 0.08150788
vn 0.7411708 0.6235245 0.2487629
vn 0.7490139 0.6235245 0.2240432
vn 0.7647001 0.6392107 -0.08150788
vn 0.7647001 0.6392107 -0.08150788
vn 0.7411708 0.6235245 0.2487629
vn -0.7411708 -0.6235247 0.2487627
vn -0.7254846 -0.6705831 0.1548882
vn -0.7333276 -0.6705831 0.1120216
vn -0.7490138 -0.6313677 0.2008809
vn -0.7411708 -0.6705831 0.03137136
vn -0.6784261 -0.7097985 0.1895363
vn -0.7646999 -0.6392108 0.08150806
vn -0.7646999 -0.6392108 0.08150806
vn -0.7646999 -0.6392108 0.08150806
vn -0.7333276 -0.6235247 0.2710121
vn -0.7411708 -0.6235247 0.2487627
vn -0.7411708 -0.6235247 0.2487627
vn -0.7646999 -0.6392108 0.08150806
vn -0.7490138 -0.6313677 0.2008809
vn -0.7633862 -0.6459423 0
vn 0.7647001 0.6392107 0.08150788
vn 0.9999309 -0.01176392 0
vn 0.9686201 0.003921509 0.2485151
vn 0.7490139 0.6235245 0.2240432
vn 0.8980324 -0.3725462 0.2339813
vn 0.9215616 -0.3803893 0.07764171
vn 0.1764693 0.9529338 0.2465275
vn 0.1607831 0.9843061 0.07273465
vn -0.2078415 0.9450908 0.2522009
vn -0.2156845 0.9764631 -0.0002441406
vn 0.9921493 0.003921509 -0.1249976
vn 0.756857 0.6392107 -0.1362983
vn 0.9137185 -0.3803893 -0.1429072
vn -0.2156845 0.9686199 -0.1235134
vn 0.1764693 0.9764631 -0.12401
vn -0.1607831 -0.9843062 0.07273301
vn -0.1764692 -0.9529339 0.246527
vn 0.2078416 -0.9450908 0.2522007
vn 0.2156847 -0.9764631 0
vn -0.7646999 -0.6392108 0.08150806
vn -0.7490138 -0.6235247 0.2240432
vn -0.9686199 -0.003921568 0.2485156
vn -0.9999309 0.0117638 0
vn -0.8980323 0.3725461 0.2339816
vn -0.9215615 0.3803892 0.07764315
vn 0.2156847 -0.9686201 -0.1235122
vn -0.1764692 -0.9764631 -0.1240095
vn -0.7568569 -0.6392108 -0.1362979
vn -0.9921492 -0.003921568 -0.1249981
vn -0.9137185 0.3803892 -0.1429077
vn -0.003921509 0.003921509 0.9999846
vn -0.003921509 0.003921509 0.9999846
vn -0.003921509 0.003921509 0.9999846
vn -0.003921509 0.003921509 0.9999846
vn -0.003921509 0.003921509 0.9999846
vn -0.003921509 0.003921509 0.9999846
vn -0.003921509 0.003921509 0.9999846
vn -0.003921509 0.003921509 0.9999846
vn -0.003921509 0.003921509 -0.9999846
vn -0.003921509 0.003921509 -0.9999846
vn -0.003921509 0.003921509 -0.9999846
vn -0.003921509 0.003921509 -0.9999846
vn -0.003921509 0.003921509 -0.9999846
vn -0.003921509 0.003921509 -0.9999846
vn -0.003921509 0.003921509 -0.9999846
vn -0.003921509 0.003921509 -0.9999846
vn 0.7647001 0.6392107 -0.08150788
vn 0.9529339 0.3019584 -0.02716757
vn 0.9529339 0.3019584 -0.02716757
vn 0.7647001 0.6392107 -0.08150788
vn 0.4581442 0.8888779 0
vn 0.4581442 0.8888779 0
vn 0.8888779 -0.4581441 0
vn 0.6392108 -0.7647001 -0.08150715
vn 0.6392108 -0.7647001 -0.08150715
vn 0.8888779 -0.4581441 0
vn -0.0901953 -0.9921493 -0.086629
vn -0.0901953 -0.9921493 -0.086629
vn -0.4581441 -0.888878 0
vn -0.4581441 -0.888878 0
vn -0.9529338 -0.3019585 -0.02717127
vn -0.9529338 -0.3019585 -0.02717127
vn -0.9529338 -0.3019585 -0.02717127
vn -0.9529338 -0.3019585 -0.02717127
vn -0.8888779 0.4581441 0
vn -0.6459423 0.7633862 0
vn -0.6459423 0.7633862 0
vn -0.8888779 0.4581441 0
vn -0.6459423 0.7633862 0
vn -0.3019584 0.9529338 -0.02717209
vn -0.3019584 0.9529338 -0.02717209
vn -0.6459423 0.7633862 0
vn -0.003921509 0.003921509 -0.9999846
vn -0.003921509 0.003921509 -0.9999846
vn -0.003921509 0.003921509 -0.9999846
vn -0.003921509 0.003921509 -0.9999846
vn -0.003921509 0.003921509 -0.9999846
vn -0.003921509 0.003921509 -0.9999846
vn -0.003921509 0.003921509 -0.9999846
vn -0.003921509 0.003921509 -0.9999846
vn -0.6392107 0.7646999 -0.08150897
vn -0.6392107 0.7646999 -0.08150897
vn -0.6392107 0.7646999 -0.08150897
vn -0.6392107 0.7646999 -0.08150897
vn 0.6392108 -0.7647001 -0.08150715
vn 0.6392108 -0.7647001 -0.08150715
vn 0.6392108 -0.7647001 -0.08150715
vn 0.6392108 -0.7647001 -0.08150715
vn -0.003921509 0.003921509 -0.9999846
vn -0.003921509 0.003921509 -0.9999846
vn -0.003921509 0.003921509 -0.9999846
vn -0.003921509 0.003921509 -0.9999846
vn 0.7647001 0.6392107 -0.08150788
vn 0.7647001 0.6392107 -0.08150788
vn 0.7647001 0.6392107 -0.08150788
vn 0.7647001 0.6392107 -0.08150788
vn 0.3019585 -0.3647031 0.8808023
vn 0.3019585 -0.3647031 0.8808023
vn 0.3019585 -0.3647031 0.8808023
vn 0.3019585 -0.3647031 0.8808023
vn -0.7646999 -0.6392108 -0.08150806
vn -0.7646999 -0.6392108 -0.08150806
vn -0.7646999 -0.6392108 -0.08150806
vn -0.7646999 -0.6392108 -0.08150806
vn 0.5921524 -0.7097985 0.3814992
vn 0.5921524 -0.7097985 0.3814992
vn 0.6392108 -0.7647001 -0.08150715
vn 0.6392108 -0.7647001 -0.08150715
vn 0.45882 -0.5450939 0.7016814
vn 0.45882 -0.5450939 0.7016814
vn 0.7647001 0.6392107 -0.08150788
vn 0.7647001 0.6392107 -0.08150788
vn 0.7647001 0.6392107 -0.08150788
vn 0.7647001 0.6392107 -0.08150788
vn -0.7646999 -0.6392108 -0.08150806
vn -0.7646999 -0.6392108 -0.08150806
vn -0.7646999 -0.6392108 -0.08150806
vn -0.7646999 -0.6392108 -0.08150806
vn 0.7647001 0.6392107 0.08150788
vn 0.9999309 -0.01176392 0
vn 0.9686201 0.003921509 0.2485151
vn 0.7490139 0.6235245 0.2240432
vn 0.8980324 -0.3725462 0.2339813
vn 0.9215616 -0.3803893 0.07764171
vn 0.1764693 0.9529338 0.2465275
vn 0.1607831 0.9843061 0.07273465
vn -0.2078415 0.9450908 0.2522009
vn -0.2156845 0.9764631 -0.0002441406
vn 0.9921493 0.003921509 -0.1249976
vn 0.756857 0.6392107 -0.1362983
vn 0.9137185 -0.3803893 -0.1429072
vn -0.2156845 0.9686199 -0.1235134
vn 0.1764693 0.9764631 -0.12401
vn -0.1607831 -0.9843062 0.07273301
vn -0.1764692 -0.9529339 0.246527
vn 0.2078416 -0.9450908 0.2522007
vn 0.2156847 -0.9764631 0
vn -0.7646999 -0.6392108 0.08150806
vn -0.7490138 -0.6235247 0.2240432
vn -0.9686199 -0.003921568 0.2485156
vn -0.9999309 0.0117638 0
vn -0.8980323 0.3725461 0.2339816
vn -0.9215615 0.3803892 0.07764315
vn 0.2156847 -0.9686201 -0.1235122
vn -0.1764692 -0.9764631 -0.1240095
vn -0.7568569 -0.6392108 -0.1362979
vn -0.9921492 -0.003921568 -0.1249981
vn -0.9137185 0.3803892 -0.1429077
vn -0.003921509 0.003921509 0.9999846
vn -0.003921509 0.003921509 0.9999846
vn -0.003921509 0.003921509 0.9999846
vn -0.003921509 0.003921509 0.9999846
vn -0.003921509 0.003921509 0.9999846
vn -0.003921509 0.003921509 0.9999846
vn -0.003921509 0.003921509 0.9999846
vn -0.003921509 0.003921509 0.9999846
vn -0.003921509 0.003921509 -0.9999846
vn -0.003921509 0.003921509 -0.9999846
vn -0.003921509 0.003921509 -0.9999846
vn -0.003921509 0.003921509 -0.9999846
vn -0.003921509 0.003921509 -0.9999846
vn -0.003921509 0.003921509 -0.9999846
vn -0.003921509 0.003921509 -0.9999846
vn -0.003921509 0.003921509 -0.9999846
vn 0.7647001 0.6392107 -0.08150788
vn 0.9529339 0.3019584 -0.02716757
vn 0.9529339 0.3019584 -0.02716757
vn 0.7647001 0.6392107 -0.08150788
vn 0.4581442 0.8888779 0
vn 0.4581442 0.8888779 0
vn 0.8888779 -0.4581441 0
vn 0.6392108 -0.7647001 -0.08150715
vn 0.6392108 -0.7647001 -0.08150715
vn 0.8888779 -0.4581441 0
vn 0.3019585 -0.9529339 -0.02716661
vn 0.3019585 -0.9529339 -0.02716661
vn -0.4581441 -0.888878 0
vn -0.7646999 -0.6392108 -0.08150806
vn -0.7646999 -0.6392108 -0.08150806
vn -0.4581441 -0.888878 0
vn -0.9529338 -0.3019585 -0.02717127
vn -0.9529338 -0.3019585 -0.02717127
vn -0.8888779 0.4581441 0
vn -0.6392107 0.7646999 -0.08150897
vn -0.6392107 0.7646999 -0.08150897
vn -0.8888779 0.4581441 0
vn -0.6392107 0.7646999 -0.08150897
vn -0.3019584 0.9529338 -0.02717209
vn -0.3019584 0.9529338 -0.02717209
vn -0.6392107 0.7646999 -0.08150897
vn -0.003921509 0.003921509 -0.9999846
vn -0.003921509 0.003921509 -0.9999846
vn -0.003921509 0.003921509 -0.9999846
vn -0.003921509 0.003921509 -0.9999846
vn -0.003921509 0.003921509 -0.9999846
vn -0.003921509 0.003921509 -0.9999846
vn -0.003921509 0.003921509 -0.9999846
vn -0.003921509 0.003921509 -0.9999846
vn -0.6392107 0.7646999 -0.08150897
vn -0.6392107 0.7646999 -0.08150897
vn -0.6392107 0.7646999 -0.08150897
vn -0.6392107 0.7646999 -0.08150897
vn 0.6392108 -0.7647001 -0.08150715
vn 0.6392108 -0.7647001 -0.08150715
vn 0.6392108 -0.7647001 -0.08150715
vn 0.6392108 -0.7647001 -0.08150715
vn -0.003921509 0.003921509 -0.9999846
vn -0.003921509 0.003921509 -0.9999846
vn -0.003921509 0.003921509 -0.9999846
vn -0.003921509 0.003921509 -0.9999846
vn 0.7647001 0.6392107 -0.08150788
vn 0.7647001 0.6392107 -0.08150788
vn 0.7647001 0.6392107 -0.08150788
vn 0.7647001 0.6392107 -0.08150788
vn 0.3019585 -0.3647031 0.8808023
vn 0.3019585 -0.3647031 0.8808023
vn 0.3019585 -0.3647031 0.8808023
vn 0.3019585 -0.3647031 0.8808023
vn -0.7646999 -0.6392108 -0.08150806
vn -0.7646999 -0.6392108 -0.08150806
vn -0.7646999 -0.6392108 -0.08150806
vn -0.7646999 -0.6392108 -0.08150806
vn 0.5921524 -0.7097985 0.3814992
vn 0.5921524 -0.7097985 0.3814992
vn 0.6459422 -0.7633862 0
vn 0.6459422 -0.7633862 0
vn 0.45882 -0.5450939 0.7016814
vn 0.45882 -0.5450939 0.7016814
vn 0.7633864 0.6459423 0
vn 0.7633864 0.6459423 0
vn 0.7633864 0.6459423 0
vn 0.7633864 0.6459423 0
vn -0.7633862 -0.6459423 0
vn -0.7633862 -0.6459423 0
vn -0.7633862 -0.6459423 0
vn -0.7633862 -0.6459423 0
vn -0.3411738 -0.7882293 -0.5121475
vn -0.4980353 -0.6235247 -0.6026424
vn -0.6862692 -0.6705831 -0.2816964
vn -0.3490169 -0.9294047 -0.1199754
vn 0.05882311 -0.5372508 -0.8413687
vn -0.06666613 -0.3725462 -0.925616
vn 0.5215647 -0.15294 -0.8393924
vn 0.3803893 0.003921509 -0.9248182
vn 0.7019554 0.3803892 -0.6021317
vn 0.8352877 0.1921554 -0.5151414
vn 0.7803862 0.5607799 -0.2766283
vn 0.9764631 0.1843122 -0.1120212
vn 0.2156847 -0.7097985 -0.6705716
vn -0.1058815 -0.960777 -0.2563137
vn -0.0901953 -0.9686201 0.231603
vn 0.6627401 -0.3333308 -0.6705716
vn 0.960777 -0.06666619 -0.2691899
vn 0.9686201 -0.07450926 0.237115
vn -0.6392107 0.7646999 -0.08150897
vn -0.6392107 0.7646999 -0.08150897
vn -0.6392107 0.7646999 -0.08150897
vn -0.6392107 0.7646999 -0.08150897
vn -0.6392107 0.7646999 -0.08150897
vn -0.6392107 0.7646999 -0.08150897
vn 0.552937 -0.6627401 0.5050113
vn 0.5450939 -0.6470539 0.5330984
vn 0.5450939 -0.6470539 0.5330984
vn 0.552937 -0.6627401 0.5050113
vn 0.5764662 -0.6941124 0.4311551
vn 0.5764662 -0.6941124 0.4311551
vn -0.6392107 0.7646999 0.08150897
vn -0.6392107 0.7646999 0.08150897
vn -0.6392107 0.7646999 0.08150897
vn -0.6392107 0.7646999 0.08150897
vn 0.5450939 0.4509768 0.7067478
vn 0.7647001 0.6392107 -0.08150788
vn 0.8116088 0.5842015 0
vn 0.5843093 0.3960754 0.7083127
vn -0.003921509 -0.003921568 0.9999846
vn 0.04313695 -0.05098003 0.9977676
vn -0.5450938 -0.450977 0.7067478
vn -0.4980353 -0.5058785 0.7043065
vn -0.7646999 -0.6392108 0.08150806
vn -0.7176415 -0.6941124 0.05655743
vn -0.5450938 -0.450977 -0.7067478
vn -0.4980353 -0.5058785 -0.7043065
vn -0.003921509 -0.003921568 -0.9999846
vn 0.04313695 -0.05098003 -0.9977676
vn 0.5843093 0.3960754 -0.7083127
vn 0.5450939 0.4509768 -0.7067478
vn 0.04313695 -0.05098003 -0.9977676
vn -0.003921509 -0.003921568 -0.9999846
vn 0.6313677 0.3411738 0.6964016
vn 0.8490956 0.5282391 0
vn -0.4431338 -0.56078 0.6993984
vn 0.09019542 -0.1058816 0.9902797
vn -0.4431338 -0.56078 -0.6993984
vn -0.670583 -0.7411708 -0.03137278
vn 0.6313677 0.3411738 -0.6964016
vn 0.09019542 -0.1058816 -0.9902797
vn 0.09019542 -0.1058816 -0.9902797
vn 0.6392108 -0.7647001 -0.08150715
vn 0.6392108 -0.7647001 -0.08150715
vn 0.6392108 -0.7647001 -0.08150715
vn 0.6392108 -0.7647001 0.08150715
vn 0.6459422 -0.7633862 0
vn 0.6459422 -0.7633862 0
vn 0.6392108 -0.7647001 0.08150715
vn 0.6392108 -0.7647001 -0.08150715
vn 0.5450939 0.4509768 0.7067478
vn 0.7647001 0.6392107 -0.08150788
vn 0.8116088 0.5842015 0
vn 0.5843093 0.3960754 0.7083127
vn -0.003921509 -0.003921568 0.9999846
vn 0.04313695 -0.05098003 0.9977676
vn -0.5450938 -0.450977 0.7067478
vn -0.4980353 -0.5058785 0.7043065
vn -0.7646999 -0.6392108 -0.08150806
vn -0.7176415 -0.6941124 -0.05655743
vn -0.5450938 -0.450977 -0.7067478
vn -0.4980353 -0.5058785 -0.7043065
vn -0.003921509 -0.003921568 -0.9999846
vn 0.04313695 -0.05098003 -0.9977676
vn 0.5843093 0.3960754 -0.7083127
vn 0.5450939 0.4509768 -0.7067478
vn 0.04313695 -0.05098003 -0.9977676
vn -0.003921509 -0.003921568 -0.9999846
vn 0.6313677 0.3411738 0.6964016
vn 0.8490956 0.5282391 0
vn -0.4431338 -0.56078 0.6993984
vn 0.09019542 -0.1058816 0.9902797
vn -0.4431338 -0.56078 -0.6993984
vn -0.6626585 -0.7489218 0
vn 0.6313677 0.3411738 -0.6964016
vn 0.09019542 -0.1058816 -0.9902797
vn 0.09019542 -0.1058816 -0.9902797
vn 0.6392108 -0.7647001 -0.08150715
vn 0.6392108 -0.7647001 -0.08150715
vn 0.6392108 -0.7647001 -0.08150715
vn 0.6392108 -0.7647001 0.08150715
vn 0.6459422 -0.7633862 0
vn 0.6459422 -0.7633862 0
vn 0.6392108 -0.7647001 0.08150715
vn 0.6392108 -0.7647001 -0.08150715
vn 0.003921568 -0.003921568 0.9999846
vn 0.003921568 -0.003921568 0.9999846
vn 0.003921568 -0.003921568 0.9999846
vn 0.003921568 -0.003921568 0.9999846
vn -0.003921509 -0.003921568 0.9999846
vn -0.003921509 -0.003921568 0.9999846
vn -0.003921509 -0.003921568 0.9999846
vn -0.003921509 -0.003921568 0.9999846
vn -0.7411708 -0.6313677 0.2281242
vn -0.7411708 -0.6313677 0.2281242
vn -0.7411708 -0.6313677 0.2281242
vn -0.7411708 -0.6313677 0.2281242
vn 0.6392108 -0.7647001 0.08150715
vn 0.6392108 -0.7647001 0.08150715
vn 0.6392108 -0.7647001 0.08150715
vn 0.6392108 -0.7647001 0.08150715
vn 0.6459422 -0.7633862 0
vn 0.6459422 -0.7633862 0
vn 0.6459422 -0.7633862 0
vn 0.6459422 -0.7633862 0
vn 0.7490139 0.6235245 0.2240432
vn 0.7490139 0.6235245 0.2240432
vn 0.7490139 0.6235245 0.2240432
vn 0.7490139 0.6235245 0.2240432
vn 0.9999924 0.003921509 0
vn 0.9999924 0.003921509 0
vn 0.9999924 0.003921509 0
vn 0.9999924 0.003921509 0
vn 0.9999924 0.003921509 0
vn 0.9999924 0.003921509 0
vn 0.9999924 0.003921509 0
vn 0.9999924 0.003921509 0
vn 0.9999924 0.003921509 0
vn -0.9999923 0.003921509 -0.0003449296
vn -0.9999923 0.003921509 -0.0003449296
vn -0.9999923 0.003921509 -0.0003449296
vn -0.9999923 0.003921509 -0.0003449296
vn -0.9999923 0.003921509 -0.0003449296
vn -0.9999923 0.003921509 -0.0003449296
vn -0.9999923 0.003921509 -0.0003449296
vn -0.9999923 0.003921509 -0.0003449296
vn -0.9999923 0.003921509 -0.0003449296
vn -0.003921509 -0.06666619 -0.9977676
vn -0.003921509 -0.06666619 -0.9977676
vn -0.003921509 -0.06666619 -0.9977676
vn -0.003921509 -0.06666619 -0.9977676
vn -0.003921509 -0.9999924 0
vn -0.003921509 -0.9999924 0
vn -0.003921509 -0.960777 -0.2772944
vn -0.003921509 -0.960777 -0.2772944
vn -0.003921509 -0.9215616 0.3882124
vn -0.003921509 -0.9215616 0.3882124
vn -0.003921509 -0.8823462 0.4705845
vn -0.003921509 -0.8823462 0.4705845
vn -0.003921509 -0.8431308 0.5376942
vn -0.003921509 -0.8431308 0.5376942
vn -0.003921509 0.2549 0.9669595
vn -0.003921509 0.2549 0.9669595
vn -0.003921509 0.2549 0.9669595
vn -0.003921509 0.2549 0.9669595
vn -0.003921509 0.9921492 -0.1249981
vn -0.003921509 0.9921492 -0.1249981
vn -0.003921509 0.9843061 -0.176426
vn -0.003921509 0.9843061 -0.176426
vn -0.003921509 0.9921492 -0.1249981
vn -0.003921509 0.9921492 -0.1249981
vn -0.003921509 0.9999923 -0.000345267
vn -0.003921509 0.9999923 -0.000345267
vn -0.3803892 -0.9137185 0.1429074
vn 0.003921568 -0.9921493 0.1249976
vn -0.003921509 -0.9921493 0.1249976
vn -0.3803892 -0.9137185 0.1429074
vn -0.9215615 -0.3803893 0.07764286
vn -0.9215615 -0.3803893 0.07764286
vn -0.9215615 -0.3803893 0.07764286
vn -0.9215615 -0.3803893 0.07764286
vn -0.7097985 0.7019553 -0.0586931
vn -0.9215615 0.3803892 -0.07764315
vn -0.9215615 0.3803892 -0.07764315
vn -0.7097985 0.7019553 -0.0586931
vn -0.3803892 0.9137185 -0.1429078
vn -0.3803892 0.9137185 -0.1429078
vn 0.7097985 0.7019553 -0.05869259
vn 0.3803893 0.9137185 -0.1429076
vn 0.3803893 0.9137185 -0.1429076
vn 0.7097985 0.7019553 -0.05869259
vn 0.9215616 0.3803892 -0.07764199
vn 0.9215616 0.3803892 -0.07764199
vn 0.9215616 -0.3803893 0.07764171
vn 0.9215616 -0.3803893 0.07764171
vn 0.9215616 -0.3803893 0.07764171
vn 0.9215616 -0.3803893 0.07764171
vn 0.003921568 -0.9921493 0.1249976
vn 0.3803893 -0.9137185 0.1429072
vn 0.3803893 -0.9137185 0.1429072
vn -0.003921509 -0.9921493 0.1249976
vn -0.003921509 0.1450969 0.9894097
vn -0.003921509 0.1450969 0.9894097
vn -0.003921509 0.1450969 0.9894097
vn -0.003921509 0.1450969 0.9894097
vn -0.003921509 0.1450969 0.9894097
vn 0.003921568 0.1450969 0.9894097
vn -0.003921509 0.1450969 0.9894097
vn -0.003921509 0.1450969 0.9894097
vn -0.003921509 -0.145097 -0.9894097
vn 0.003921568 -0.145097 -0.9894097
vn -0.003921509 -0.145097 -0.9894097
vn -0.003921509 -0.145097 -0.9894097
vn 0.003921568 -0.145097 -0.9894097
vn -0.003921509 -0.145097 -0.9894097
vn 0.003921568 -0.145097 -0.9894097
vn -0.003921509 -0.145097 -0.9894097
vn 0.9999924 0.003921509 0
vn 0.9999924 0.003921509 0
vn 0.9999924 0.003921509 0
vn 0.9999924 0.003921509 0
vn 0.9999924 0.003921509 0
vn 0.9999924 0.003921509 0
vn -0.9999923 0.003921509 -0.0003449296
vn -0.9999923 0.003921509 -0.0003449296
vn -0.9999923 0.003921509 -0.0003449296
vn -0.9999923 0.003921509 -0.0003449296
vn -0.9999923 0.003921509 -0.0003449296
vn -0.9999923 0.003921509 -0.0003449296
vn -0.003921509 -0.04313695 -0.9990615
vn -0.003921509 -0.04313695 -0.9990615
vn -0.003921509 0.003921509 -0.9999846
vn -0.003921509 0.003921509 -0.9999846
vn -0.003921509 -0.09803849 -0.9951749
vn -0.003921509 -0.09803849 -0.9951749
vn -0.003921509 -0.9843062 0.1764254
vn -0.003921509 -0.9843062 0.1764254
vn -0.003921509 -0.9843062 0.1764254
vn -0.003921509 -0.9843062 0.1764254
vn -0.003921509 -0.4352908 0.9002814
vn -0.003921509 -0.4352908 0.9002814
vn -0.003921509 -0.2549 0.9669595
vn -0.003921509 -0.2549 0.9669595
vn -0.003921509 -0.5999954 0.7999938
vn -0.003921509 -0.5999954 0.7999938
vn -0.003921509 0.9764631 -0.215649
vn -0.003921509 0.9764631 -0.215649
vn -0.003921509 0.9764631 -0.215649
vn -0.003921509 0.9764631 -0.215649
vn -0.003921509 -0.9921493 0.1249976
vn -0.003921509 -0.9686201 -0.2485151
vn -0.003921509 -0.9686201 -0.2485151
vn -0.003921509 -0.9921493 0.1249976
vn -0.003921509 -0.7960724 -0.6051888
vn -0.003921509 -0.7960724 -0.6051888
vn -0.003921509 -0.2549 0.9669595
vn -0.003921509 -0.5999954 0.7999938
vn -0.003921509 -0.5999954 0.7999938
vn -0.003921509 -0.2549 0.9669595
vn -0.003921509 0.5058784 0.8625959
vn -0.003921509 0.5058784 0.8625959
vn -0.003921509 0.9686199 0.2485156
vn -0.003921509 0.9686199 0.2485156
vn -0.003921509 0.9921492 -0.1249981
vn -0.003921509 0.9921492 -0.1249981
vn -0.003921509 0.2549 -0.9669595
vn -0.003921509 0.5999954 -0.7999939
vn -0.003921509 0.5999954 -0.7999939
vn -0.003921509 0.2549 -0.9669595
vn -0.003921509 -0.1372539 -0.9905281
vn -0.003921509 -0.1372539 -0.9905281
vn 0.9999924 0.003921509 0
vn 0.9999924 0.003921509 0
vn 0.9999924 0.003921509 0
vn 0.9999924 0.003921509 0
vn 0.9999924 0.003921509 0
vn 0.9999924 0.003921509 0
vn 0.9999924 0.003921509 0
vn 0.9999924 0.003921509 0
vn -0.9999923 0.003921509 -0.0003449296
vn -0.9999923 0.003921509 -0.0003449296
vn -0.9999923 0.003921509 -0.0003449296
vn -0.9999923 0.003921509 -0.0003449296
vn -0.9999923 0.003921509 -0.0003449296
vn -0.9999923 0.003921509 -0.0003449296
vn -0.9999923 0.003921509 -0.0003449296
vn -0.9999923 0.003921509 -0.0003449296
vn -0.7097985 0.01960766 0.7041318
vn -0.7097985 0.03529382 0.7035201
vn -0.9993777 0.03527213 0
vn -0.9998079 0.01960405 0
vn -0.003921509 0.01960766 0.9998001
vn -0.003921509 0.03529382 0.9993693
vn 0.7097985 0.01960766 0.7041318
vn 0.7097985 0.03529382 0.70352
vn 0.9998079 0.01960405 0
vn 0.9993777 0.03527213 0
vn 0.7097985 0.01960766 -0.7041318
vn 0.7097985 0.03529382 -0.70352
vn -0.003921509 0.01960766 -0.9998001
vn -0.003921509 0.03529382 -0.9993693
vn -0.7097985 0.03529382 -0.7035201
vn -0.7097985 0.01960766 -0.7041318
vn -0.003921509 0.03529382 -0.9993693
vn -0.003921509 0.01960766 -0.9998001
vn -0.003921509 0.01176453 0.9999231
vn -0.7097985 0.01176453 0.7043065
vn -0.9999309 0.0117638 0
vn 0.9999309 0.0117638 0
vn 0.7097985 0.01176453 0.7043065
vn -0.003921509 0.01176453 -0.9999231
vn -0.7097985 0.01176453 -0.7043065
vn 0.7097985 0.01176453 -0.7043065
vn -0.003921509 0.01176453 -0.9999231
vn -0.003921509 -0.9999924 0
vn -0.003921509 -0.9999924 0
vn -0.003921509 -0.9999924 0
vn -0.003921509 -0.9999924 0
vn -0.003921509 -0.9999924 0
vn -0.003921509 -0.9999924 0
vn -0.003921509 -0.9999924 0
vn -0.003921509 -0.9999924 0
vn -0.003921509 0.9999923 -0.000345267
vn -0.003921509 0.9999923 -0.000345267
vn -0.003921509 0.9999923 -0.000345267
vn -0.003921509 0.9999923 -0.000345267
vn -0.003921509 0.9999923 -0.000345267
vn -0.003921509 0.9999923 -0.000345267
vn -0.003921509 0.9999923 -0.000345267
vn -0.003921509 0.9999923 -0.000345267
vn 0.9921493 -0.09019542 0.08662891
vn 0.9921493 -0.09019542 0.08662891
vn 0.6392108 -0.7647001 0.08150715
vn 0.6392108 -0.7647001 0.08150715
vn 0.7647001 0.6392107 0.08150788
vn 0.7647001 0.6392107 0.08150788
vn 0.09019542 0.9921492 0.08662968
vn 0.09019542 0.9921492 0.08662968
vn -0.6392107 0.7646999 0.08150897
vn -0.6392107 0.7646999 0.08150897
vn -0.9921492 0.0901953 0.08662973
vn -0.9921492 0.0901953 0.08662973
vn -0.7646999 -0.6392108 0.08150806
vn -0.7646999 -0.6392108 0.08150806
vn -0.0901953 -0.9921493 0.086629
vn -0.0901953 -0.9921493 0.086629
vn -0.7646999 -0.6392108 0.08150806
vn -0.7646999 -0.6392108 0.08150806
vn 0.7647001 0.6392107 0.08150788
vn 0.9921493 -0.09019542 -0.08662891
vn 0.6392108 -0.7647001 0.08150715
vn -0.6392107 0.7646999 0.08150897
vn 0.09019542 0.9921492 -0.08662968
vn -0.7646999 -0.6392108 0.08150806
vn -0.0901953 -0.9921493 -0.086629
vn -0.9921492 0.0901953 -0.08662973
vn -0.7646999 -0.6392108 0.08150806
vn 0.003921568 0.003921509 -0.9999846
vn 0.003921568 -0.003921568 -0.9999846
vn 0.003921568 0.003921509 -0.9999846
vn 0.003921568 0.003921509 -0.9999846
vn -0.003921509 0.003921509 -0.9999846
vn -0.003921509 0.003921509 -0.9999846
vn -0.003921509 0.003921509 -0.9999846
vn 0.003921568 -0.003921568 -0.9999846
vn -0.003921509 -0.003921568 0.9999846
vn 0.003921568 -0.003921568 0.9999846
vn -0.003921509 -0.003921568 0.9999846
vn -0.003921509 -0.003921568 0.9999846
vn -0.003921509 0.003921509 0.9999846
vn -0.003921509 -0.003921568 0.9999846
vn 0.003921568 0.003921509 0.9999846
vn 0.003921568 -0.003921568 0.9999846
vn 0.9921493 -0.09019542 0.08662891
vn 0.9921493 -0.09019542 0.08662891
vn 0.6392108 -0.7647001 0.08150715
vn 0.6392108 -0.7647001 0.08150715
vn 0.7647001 0.6392107 0.08150788
vn 0.7647001 0.6392107 0.08150788
vn 0.09019542 0.9921492 0.08662968
vn 0.09019542 0.9921492 0.08662968
vn -0.6392107 0.7646999 0.08150897
vn -0.6392107 0.7646999 0.08150897
vn -0.9921492 0.0901953 0.08662973
vn -0.9921492 0.0901953 0.08662973
vn -0.7646999 -0.6392108 0.08150806
vn -0.7646999 -0.6392108 0.08150806
vn -0.0901953 -0.9921493 0.086629
vn -0.0901953 -0.9921493 0.086629
vn -0.7646999 -0.6392108 0.08150806
vn -0.7646999 -0.6392108 0.08150806
vn 0.7647001 0.6392107 0.08150788
vn 0.9921493 -0.09019542 -0.08662891
vn 0.6392108 -0.7647001 0.08150715
vn -0.6392107 0.7646999 0.08150897
vn 0.09019542 0.9921492 -0.08662968
vn -0.7646999 -0.6392108 0.08150806
vn -0.0901953 -0.9921493 -0.086629
vn -0.9921492 0.0901953 -0.08662973
vn -0.7646999 -0.6392108 0.08150806
vn 0.003921568 0.003921509 -0.9999846
vn 0.003921568 -0.003921568 -0.9999846
vn 0.003921568 0.003921509 -0.9999846
vn 0.003921568 0.003921509 -0.9999846
vn -0.003921509 0.003921509 -0.9999846
vn -0.003921509 0.003921509 -0.9999846
vn -0.003921509 0.003921509 -0.9999846
vn 0.003921568 -0.003921568 -0.9999846
vn -0.003921509 -0.003921568 0.9999846
vn 0.003921568 -0.003921568 0.9999846
vn -0.003921509 -0.003921568 0.9999846
vn -0.003921509 -0.003921568 0.9999846
vn -0.003921509 0.003921509 0.9999846
vn -0.003921509 -0.003921568 0.9999846
vn 0.003921568 0.003921509 0.9999846
vn 0.003921568 -0.003921568 0.9999846
vn -0.4980353 0.5999954 -0.6260722
vn -0.4980353 0.5999954 -0.6260722
vn -0.4980353 0.5999954 -0.6260722
vn -0.4980353 0.5999954 -0.6260722
vn 0.5215647 -0.6235247 0.5823979
vn 0.6392108 -0.7647001 0.08150715
vn 0.6392108 -0.7647001 0.08150715
vn 0.5215647 -0.6235247 0.5823979
vn 0.1999985 -0.2392139 0.950146
vn 0.1999985 -0.2392139 0.950146
vn -0.1999984 0.2392138 0.950146
vn -0.1999984 0.2392138 0.950146
vn -0.5215646 0.6235245 0.5823981
vn -0.5215646 0.6235245 0.5823981
vn -0.6392107 0.7646999 0.08150897
vn -0.6392107 0.7646999 0.08150897
vn -0.5215646 0.6235245 -0.5823981
vn -0.5215646 0.6235245 -0.5823981
vn -0.1999984 0.2392138 -0.950146
vn -0.1999984 0.2392138 -0.950146
vn 0.1999985 -0.2392139 -0.950146
vn 0.1999985 -0.2392139 -0.950146
vn 0.5215647 -0.6235247 -0.5823979
vn 0.5215647 -0.6235247 -0.5823979
vn 0.1999985 -0.2392139 -0.950146
vn 0.1999985 -0.2392139 -0.950146
vn 0.7647001 0.6392107 0.08150788
vn 0.7647001 0.6392107 0.08150788
vn 0.7647001 0.6392107 0.08150788
vn 0.7647001 0.6392107 0.08150788
vn 0.7647001 0.6392107 -0.08150788
vn 0.7647001 0.6392107 -0.08150788
vn 0.7647001 0.6392107 -0.08150788
vn 0.7647001 0.6392107 -0.08150788
vn 0.7647001 0.6392107 0.08150788
vn 0.7647001 0.6392107 0.08150788
vn -0.7646999 -0.6392108 -0.08150806
vn -0.7646999 -0.6392108 0.08150806
vn -0.7646999 -0.6392108 -0.08150806
vn -0.7646999 -0.6392108 -0.08150806
vn -0.7646999 -0.6392108 -0.08150806
vn -0.7646999 -0.6392108 -0.08150806
vn -0.7646999 -0.6392108 0.08150806
vn -0.7646999 -0.6392108 0.08150806
vn -0.7646999 -0.6392108 0.08150806
vn -0.7646999 -0.6392108 -0.08150806
vn 0.9843062 0.1450969 0.1004399
vn 0.9843062 0.1450969 0.1004399
vn 0.9764631 0.1843122 0.1120212
vn 0.9764631 0.1686261 0.1344805
vn 0.9529339 0.2549 0.1641432
vn 0.9529339 0.2705861 0.1367484
vn 0.9529339 0.2862723 0.09982564
vn 0.9372478 0.3176446 0.1437657
vn 0.9450908 0.2862723 0.1576435
vn 0.9905663 0.1370348 0
vn 0.9843062 0.1607831 0.07273301
vn 0.9894748 0.1447058 0
vn 0.9843062 0.1686261 -0.05202432
vn 0.9294047 0.3333308 0.158422
vn -0.9764631 0.1843122 0.1120218
vn -0.9843061 0.1450969 0.1004411
vn -0.9843061 0.1450969 0.1004411
vn -0.9764631 0.1686261 0.1344809
vn -0.9529338 0.262743 0.1512724
vn -0.9529338 0.2784292 0.1199768
vn -0.9450908 0.2862723 0.1576439
vn -0.9686199 0.2235277 0.1086774
vn -0.9529338 0.2862723 0.09982684
vn -0.9977852 0.06651899 0
vn -0.9905662 0.1370348 0
vn -0.9843061 -0.1607831 -0.07273452
vn -0.9843061 0.1607831 0.07273465
vn -0.9894747 0.1447058 0
vn -0.9843061 0.1686261 -0.05202661
vn -0.9607769 -0.03529388 0.2750673
vn -0.9686199 -0.2392139 -0.06746928
vn -0.9294046 -0.3254877 0.1739677
vn -0.003921509 -0.756857 -0.6535688
vn -0.003921509 -0.756857 -0.6535688
vn -0.003921509 -0.7960724 -0.6051888
vn -0.003921509 -0.7960724 -0.6051888
vn -0.003921509 -0.6941124 -0.719856
vn -0.003921509 -0.6941124 -0.719856
vn -0.003921509 -0.5372508 -0.8434134
vn -0.003921509 -0.5372508 -0.8434134
vn -0.003921509 -0.3960754 -0.9182096
vn -0.003921509 -0.3960754 -0.9182096
vn -0.003921509 -0.3960754 -0.9182096
vn -0.003921509 -0.3960754 -0.9182096
vn -0.003921509 0.1058815 0.9943711
vn -0.003921509 0.08235228 0.9965956
vn -0.003921509 0.08235228 0.9965956
vn -0.003921509 0.08235228 0.9965956
vn -0.003921509 0.1058815 0.9943711
vn -0.003921509 0.1294107 0.9915833
vn -0.003921509 0.1294107 0.9915833
vn -0.003921509 -0.9686201 0.2485151
vn -0.003921509 -0.960777 0.2772944
vn -0.003921509 -0.960777 0.2772944
vn -0.003921509 -0.9686201 0.2485151
vn -0.003921509 -0.9843062 0.1764254
vn -0.003921509 -0.9843062 0.1764254
vn -0.003921509 -0.9843062 0.1764254
vn -0.003921509 -0.9843062 0.1764254
vn -0.9294046 -0.3254877 0.1739677
vn -0.9607769 0.1372538 0.2409753
vn -0.9999923 0.003921509 -0.0003449296
vn -0.9999923 0.003921509 -0.0003449296
vn -0.9916004 0.1293392 0
vn -0.9999923 0.003921509 -0.0003449296
vn -0.9999923 0.003921509 -0.0003449296
vn -0.9999923 0.003921509 -0.0003449296
vn -0.9999923 0.003921509 -0.0003449296
vn -0.9137185 0.3960754 0.09079028
vn -0.8588169 0.3803892 0.3431292
vn -0.9607769 -0.03529388 0.2750673
vn -0.7803861 0.3490169 0.5188302
vn 0.8745031 -0.1215677 0.4695376
vn 0.9372478 -0.3176447 0.1437655
vn 0.960777 0.1372538 0.2409751
vn 0.858817 0.3725461 0.3516288
vn 0.7882293 0.3490169 0.5068351
vn 0.9137185 0.3960754 0.09078962
vn 0.9916005 0.1293392 0
vn 0.9999924 0.003921509 0
vn 0.9999924 0.003921509 0
vn 0.9999924 0.003921509 0
vn 0.9999924 0.003921509 0
vn 0.9999924 0.003921509 0
vn 0.9999924 0.003921509 0
vn -0.003921509 0.9999923 -0.000345267
vn -0.003921509 0.9999923 -0.000345267
vn -0.003921509 0.9999923 -0.000345267
vn -0.003921509 0.9999923 -0.000345267
vn -0.003921509 0.9999923 -0.000345267
vn -0.003921509 0.9999923 -0.000345267
vn -0.003921509 -0.9921493 -0.1249976
vn -0.003921509 -0.9921493 -0.1249976
vn -0.003921509 -0.9921493 -0.1249976
vn -0.003921509 -0.9921493 -0.1249976
vn -0.003921509 -0.45882 -0.8885205
vn -0.003921509 -0.45882 -0.8885205
vn -0.003921509 -0.45882 -0.8885205
vn -0.003921509 -0.45882 -0.8885205
vn -0.003921509 -0.3960754 0.9182096
vn -0.003921509 -0.3960754 0.9182096
vn -0.003921509 -0.003921568 0.9999846
vn -0.003921509 -0.003921568 0.9999846
vn -0.003921509 -0.01960772 0.9998001
vn -0.003921509 -0.01960772 0.9998001
vn -0.003921509 -0.6078385 0.794051
vn -0.003921509 -0.09019542 0.9959164
vn -0.003921509 -0.15294 0.9882277
vn -0.003921509 -0.15294 0.9882277
vn -0.003921509 0.9137185 -0.4063289
vn -0.003921509 0.9137185 -0.4063289
vn -0.003921509 0.9137185 -0.4063289
vn 0.8745031 -0.1215677 0.4695376
vn 0.9137185 -0.3960754 0.09078938
vn 0.9372478 -0.3176447 0.1437655
vn -0.003921509 0.01176453 0.9999231
vn -0.003921509 0.01176453 0.9999231
vn -0.003921509 0.01176453 0.9999231
vn -0.003921509 0.01176453 0.9999231
vn 0.9921493 -0.1215677 0.029344
vn 0.9294047 -0.1607831 -0.3321983
vn 0.9686201 -0.2392139 -0.06746751
vn 0.9921493 -0.05882311 -0.1103613
vn 0.9686201 -0.2392139 -0.06746751
vn 0.9294047 -0.1607831 -0.3321983
vn 0.858817 -0.2235277 -0.4609433
vn 0.858817 -0.2235277 -0.4609433
vn 0.9294047 -0.1607831 -0.3321983
vn 0.9921493 -0.05882311 -0.1103613
vn 0.7704606 0.6374876 0
vn 0.7704606 0.6374876 0
vn 0.6235247 0.7803861 0.04705901
vn 0.5999954 0.7960722 0.0792115
vn 0.2627431 0.9607769 0.08873428
vn 0.2313708 0.9686199 0.09079044
vn -0.003921509 0.9999923 -0.000345267
vn -0.003921509 0.9999923 -0.000345267
vn -0.2313707 0.9686199 -0.09079077
vn -0.262743 0.9607769 -0.08873462
vn -0.5999954 0.7960722 -0.07921226
vn -0.6235245 0.7803861 -0.04706028
vn -0.7704607 0.6374876 0
vn -0.7704607 0.6374876 0
vn -0.6155679 -0.7880839 0
vn -0.7633862 -0.6459423 0
vn -0.7633862 -0.6459423 0
vn -0.5981218 -0.8014051 0
vn -0.2705861 -0.960777 -0.06075129
vn -0.2305637 -0.9730572 0
vn -0.003921509 -0.9999924 0
vn -0.003921509 -0.9999924 0
vn 0.2305638 -0.9730572 0
vn 0.2705862 -0.960777 0.0607508
vn 0.5981219 -0.8014051 0
vn 0.615568 -0.7880839 0
vn 0.7633862 -0.6459422 0
vn 0.7633862 -0.6459422 0
vn 0.960777 -0.2705862 0.06075105
vn 0.960777 -0.2705862 0.06075105
vn 0.960777 -0.2705862 0.06075105
vn 0.960777 -0.2705862 0.06075105
vn 0.1372539 -0.0274508 -0.9901555
vn 0.2549 -0.03529388 -0.9663231
vn 0.1999985 -0.03529388 -0.9791603
vn 0.1372539 -0.0274508 -0.9901555
vn 0.2784293 -0.0274508 -0.9600644
vn 0.2705862 -0.01960772 -0.962496
vn -0.003921509 -0.01176465 -0.9999231
vn -0.003921509 -0.01176465 -0.9999231
vn -0.2705861 -0.01960772 -0.9624961
vn -0.2784292 -0.0274508 -0.9600644
vn -0.2549 -0.03529388 -0.9663231
vn -0.1999984 -0.03529388 -0.9791603
vn -0.1372538 -0.0274508 -0.9901555
vn -0.1372538 -0.0274508 -0.9901555
vn -0.003921509 0.003921509 0.9999846
vn -0.003921509 0.003921509 0.9999846
vn -0.003921509 0.003921509 0.9999846
vn -0.003921509 0.003921509 0.9999846
vn -0.003921509 0.003921509 0.9999846
vn -0.003921509 0.003921509 0.9999846
vn -0.003921509 0.003921509 0.9999846
vn -0.003921509 0.003921509 0.9999846
vn -0.003921509 0.003921509 0.9999846
vn -0.003921509 0.003921509 0.9999846
vn -0.003921509 0.003921509 0.9999846
vn -0.003921509 0.003921509 0.9999846
vn -0.003921509 0.003921509 0.9999846
vn -0.003921509 0.003921509 0.9999846
vn -0.9607769 -0.2705862 0.06075203
vn -0.9607769 -0.2705862 0.06075203
vn -0.9607769 -0.2705862 0.06075203
vn -0.9607769 -0.2705862 0.06075203
g G_CA_Prinzeugen_Mech_001_0
f 3/3/3 2/2/2 1/1/1
f 4/4/4 3/3/3 1/1/1
f 3/3/3 5/5/5 2/2/2
f 5/5/5 6/6/6 2/2/2
f 5/5/5 7/7/7 6/6/6
f 7/7/7 8/8/8 6/6/6
f 8/8/8 7/7/7 9/9/9
f 4/4/4 1/1/1 10/10/10
f 10/10/10 11/11/11 4/4/4
f 12/12/12 11/11/11 10/10/10
f 13/13/13 12/12/12 10/10/10
f 14/14/14 12/12/12 13/13/13
f 14/14/14 13/13/13 15/15/15
f 16/16/16 14/14/14 15/15/15
f 17/17/17 16/16/16 15/15/15
f 15/15/15 18/18/18 17/17/17
f 21/21/21 20/20/20 19/19/19
f 22/22/22 21/21/21 19/19/19
f 19/19/19 20/20/20 23/23/23
f 20/20/20 24/24/24 23/23/23
f 25/25/25 23/23/23 24/24/24
f 26/26/26 25/25/25 24/24/24
f 27/27/27 21/21/21 22/22/22
f 27/27/27 22/22/22 28/28/28
f 27/27/27 28/28/28 29/29/29
f 30/30/30 27/27/27 29/29/29
f 30/30/30 29/29/29 31/31/31
f 32/32/32 30/30/30 31/31/31
f 33/33/33 32/32/32 31/31/31
f 32/32/32 33/33/33 34/34/34
f 35/35/35 32/32/32 34/34/34
f 26/26/26 36/36/36 25/25/25
f 39/39/39 38/38/38 37/37/37
f 40/40/40 39/39/39 37/37/37
f 40/40/40 37/37/37 41/41/41
f 37/37/37 42/42/42 41/41/41
f 41/41/41 42/42/42 43/43/43
f 44/44/44 41/41/41 43/43/43
f 44/44/44 43/43/43 45/45/45
f 46/46/46 44/44/44 45/45/45
f 46/46/46 45/45/45 47/47/47
f 45/45/45 48/48/48 47/47/47
f 47/47/47 48/48/48 49/49/49
f 52/52/52 51/51/51 50/50/50
f 53/53/53 52/52/52 50/50/50
f 56/56/56 55/55/55 54/54/54
f 57/57/57 56/56/56 54/54/54
f 60/60/60 59/59/59 58/58/58
f 61/61/61 60/60/60 58/58/58
f 60/60/60 62/62/62 59/59/59
f 62/62/62 63/63/63 59/59/59
f 63/63/63 62/62/62 64/64/64
f 62/62/62 65/65/65 64/64/64
f 64/64/64 65/65/65 66/66/66
f 65/65/65 67/67/67 66/66/66
f 70/70/70 69/69/69 68/68/68
f 71/71/71 70/70/70 68/68/68
f 70/70/70 71/71/71 72/72/72
f 71/71/71 73/73/73 72/72/72
f 72/72/72 73/73/73 74/74/74
f 72/72/72 74/74/74 75/75/75
f 74/74/74 76/76/76 75/75/75
f 76/76/76 77/77/77 75/75/75
f 80/80/80 79/79/79 78/78/78
f 81/81/81 80/80/80 78/78/78
f 80/80/80 82/82/82 79/79/79
f 82/82/82 83/83/83 79/79/79
f 82/82/82 84/84/84 83/83/83
f 84/84/84 85/85/85 83/83/83
f 84/84/84 86/86/86 85/85/85
f 86/86/86 87/87/87 85/85/85
f 86/86/86 88/88/88 87/87/87
f 91/91/91 90/90/90 89/89/89
f 92/92/92 91/91/91 89/89/89
f 91/91/91 92/92/92 93/93/93
f 94/94/94 91/91/91 93/93/93
f 95/95/95 94/94/94 93/93/93
f 98/98/98 97/97/97 96/96/96
f 99/99/99 98/98/98 96/96/96
f 102/102/102 101/101/101 100/100/100
f 103/103/103 102/102/102 100/100/100
f 100/100/100 101/101/101 104/104/104
f 101/101/101 105/105/105 104/104/104
f 100/100/100 104/104/104 106/106/106
f 107/107/107 100/100/100 106/106/106
f 108/108/108 103/103/103 100/100/100
f 107/107/107 108/108/108 100/100/100
f 109/109/109 104/104/104 105/105/105
f 104/104/104 109/109/109 106/106/106
f 103/103/103 108/108/108 110/110/110
f 110/110/110 111/111/111 103/103/103
f 111/111/111 112/112/112 103/103/103
f 113/113/113 103/103/103 112/112/112
f 103/103/103 113/113/113 102/102/102
f 114/114/114 113/113/113 112/112/112
f 117/117/117 116/116/116 115/115/115
f 118/118/118 117/117/117 115/115/115
f 119/119/119 117/117/117 118/118/118
f 120/120/120 119/119/119 118/118/118
f 116/116/116 117/117/117 121/121/121
f 117/117/117 122/122/122 121/121/121
f 117/117/117 119/119/119 123/123/123
f 126/126/126 125/125/125 124/124/124
f 127/127/127 126/126/126 124/124/124
f 126/126/126 128/128/128 125/125/125
f 131/131/131 130/130/130 129/129/129
f 132/132/132 131/131/131 129/129/129
f 131/131/131 133/133/133 130/130/130
f 133/133/133 134/134/134 130/130/130
f 133/133/133 135/135/135 134/134/134
f 135/135/135 136/136/136 134/134/134
f 130/130/130 137/137/137 129/129/129
f 137/137/137 138/138/138 129/129/129
f 139/139/139 137/137/137 130/130/130
f 134/134/134 139/139/139 130/130/130
f 140/140/140 139/139/139 134/134/134
f 136/136/136 140/140/140 134/134/134
f 129/129/129 141/141/141 132/132/132
f 129/129/129 138/138/138 141/141/141
f 144/144/144 143/143/143 142/142/142
f 145/145/145 144/144/144 142/142/142
f 142/142/142 146/146/146 145/145/145
f 146/146/146 147/147/147 145/145/145
f 148/148/148 147/147/147 146/146/146
f 149/149/149 148/148/148 146/146/146
f 148/148/148 149/149/149 150/150/150
f 149/149/149 151/151/151 150/150/150
f 151/151/151 152/152/152 150/150/150
f 155/155/155 154/154/154 153/153/153
f 156/156/156 155/155/155 153/153/153
f 155/155/155 157/157/157 154/154/154
f 157/157/157 158/158/158 154/154/154
f 159/159/159 157/157/157 155/155/155
f 160/160/160 159/159/159 155/155/155
f 155/155/155 156/156/156 161/161/161
f 160/160/160 155/155/155 161/161/161
f 158/158/158 157/157/157 162/162/162
f 157/157/157 159/159/159 162/162/162
f 161/161/161 156/156/156 163/163/163
f 164/164/164 163/163/163 156/156/156
f 165/165/165 164/164/164 156/156/156
f 156/156/156 166/166/166 165/165/165
f 166/166/166 156/156/156 153/153/153
f 166/166/166 167/167/167 165/165/165
f 170/170/170 169/169/169 168/168/168
f 171/171/171 170/170/170 168/168/168
f 168/168/168 169/169/169 172/172/172
f 175/175/175 174/174/174 173/173/173
f 176/176/176 175/175/175 173/173/173
f 175/175/175 177/177/177 174/174/174
f 177/177/177 178/178/178 174/174/174
f 177/177/177 179/179/179 178/178/178
f 179/179/179 180/180/180 178/178/178
f 179/179/179 181/181/181 180/180/180
f 184/184/184 183/183/183 182/182/182
f 185/185/185 184/184/184 182/182/182
f 186/186/186 182/182/182 183/183/183
f 187/187/187 186/186/186 183/183/183
f 188/188/188 186/186/186 187/187/187
f 189/189/189 188/188/188 187/187/187
f 189/189/189 190/190/190 188/188/188
f 193/193/193 192/192/192 191/191/191
f 194/194/194 193/193/193 191/191/191
f 197/197/197 196/196/196 195/195/195
f 198/198/198 197/197/197 195/195/195
f 201/201/201 200/200/200 199/199/199
f 202/202/202 201/201/201 199/199/199
f 201/201/201 203/203/203 200/200/200
f 203/203/203 204/204/204 200/200/200
f 203/203/203 205/205/205 204/204/204
f 205/205/205 206/206/206 204/204/204
f 205/205/205 207/207/207 206/206/206
f 207/207/207 208/208/208 206/206/206
f 211/211/211 210/210/210 209/209/209
f 212/212/212 211/211/211 209/209/209
f 211/211/211 213/213/213 210/210/210
f 213/213/213 214/214/214 210/210/210
f 213/213/213 215/215/215 214/214/214
f 215/215/215 216/216/216 214/214/214
f 215/215/215 217/217/217 216/216/216
f 217/217/217 218/218/218 216/216/216
f 217/217/217 219/219/219 218/218/218
f 219/219/219 220/220/220 218/218/218
f 219/219/219 221/221/221 220/220/220
f 221/221/221 222/222/222 220/220/220
f 225/225/225 224/224/224 223/223/223
f 226/226/226 225/225/225 223/223/223
f 227/227/227 223/223/223 224/224/224
f 228/228/228 227/227/227 224/224/224
f 226/226/226 229/229/229 225/225/225
f 229/229/229 230/230/230 225/225/225
f 229/229/229 231/231/231 230/230/230
f 231/231/231 232/232/232 230/230/230
f 231/231/231 233/233/233 232/232/232
f 233/233/233 234/234/234 232/232/232
f 227/227/227 228/228/228 235/235/235
f 233/233/233 236/236/236 234/234/234
f 239/239/239 238/238/238 237/237/237
f 240/240/240 239/239/239 237/237/237
f 240/240/240 237/237/237 241/241/241
f 242/242/242 240/240/240 241/241/241
f 238/238/238 239/239/239 243/243/243
f 239/239/239 244/244/244 243/243/243
f 243/243/243 244/244/244 245/245/245
f 244/244/244 246/246/246 245/245/245
f 245/245/245 246/246/246 247/247/247
f 246/246/246 248/248/248 247/247/247
f 249/249/249 242/242/242 241/241/241
f 248/248/248 250/250/250 247/247/247
f 253/253/253 252/252/252 251/251/251
f 254/254/254 253/253/253 251/251/251
f 257/257/257 256/256/256 255/255/255
f 258/258/258 257/257/257 255/255/255
f 257/257/257 259/259/259 256/256/256
f 259/259/259 260/260/260 256/256/256
f 259/259/259 261/261/261 260/260/260
f 261/261/261 262/262/262 260/260/260
f 265/265/265 264/264/264 263/263/263
f 266/266/266 265/265/265 263/263/263
f 266/266/266 267/267/267 265/265/265
f 267/267/267 268/268/268 265/265/265
f 267/267/267 269/269/269 268/268/268
f 269/269/269 270/270/270 268/268/268
f 269/269/269 271/271/271 270/270/270
f 271/271/271 272/272/272 270/270/270
f 271/271/271 273/273/273 272/272/272
f 273/273/273 274/274/274 272/272/272
f 273/273/273 275/275/275 274/274/274
f 278/278/278 277/277/277 276/276/276
f 279/279/279 278/278/278 276/276/276
f 276/276/276 277/277/277 280/280/280
f 277/277/277 281/281/281 280/280/280
f 282/282/282 278/278/278 279/279/279
f 283/283/283 282/282/282 279/279/279
f 284/284/284 282/282/282 283/283/283
f 285/285/285 284/284/284 283/283/283
f 284/284/284 285/285/285 286/286/286
f 289/289/289 288/288/288 287/287/287
f 290/290/290 289/289/289 287/287/287
f 289/289/289 291/291/291 288/288/288
f 291/291/291 292/292/292 288/288/288
f 290/290/290 287/287/287 293/293/293
f 294/294/294 290/290/290 293/293/293
f 294/294/294 293/293/293 295/295/295
f 296/296/296 294/294/294 295/295/295
f 296/296/296 295/295/295 297/297/297
f 300/300/300 299/299/299 298/298/298
f 301/301/301 300/300/300 298/298/298
f 304/304/304 303/303/303 302/302/302
f 305/305/305 304/304/304 302/302/302
f 304/304/304 306/306/306 303/303/303
f 306/306/306 307/307/307 303/303/303
f 306/306/306 308/308/308 307/307/307
f 308/308/308 309/309/309 307/307/307
f 308/308/308 310/310/310 309/309/309
f 310/310/310 311/311/311 309/309/309
f 310/310/310 312/312/312 311/311/311
f 315/315/315 314/314/314 313/313/313
f 316/316/316 315/315/315 313/313/313
f 315/315/315 317/317/317 314/314/314
f 317/317/317 318/318/318 314/314/314
f 316/316/316 313/313/313 319/319/319
f 320/320/320 316/316/316 319/319/319
f 320/320/320 319/319/319 321/321/321
f 322/322/322 320/320/320 321/321/321
f 322/322/322 321/321/321 323/323/323
f 326/326/326 325/325/325 324/324/324
f 327/327/327 326/326/326 324/324/324
f 324/324/324 325/325/325 328/328/328
f 325/325/325 329/329/329 328/328/328
f 330/330/330 326/326/326 327/327/327
f 331/331/331 330/330/330 327/327/327
f 332/332/332 330/330/330 331/331/331
f 333/333/333 332/332/332 331/331/331
f 332/332/332 333/333/333 334/334/334
f 337/337/337 336/336/336 335/335/335
f 340/340/340 339/339/339 338/338/338
f 343/343/343 342/342/342 341/341/341
f 346/346/346 345/345/345 344/344/344
f 347/347/347 346/346/346 344/344/344
f 350/350/350 349/349/349 348/348/348
f 351/351/351 350/350/350 348/348/348
f 354/354/354 353/353/353 352/352/352
f 355/355/355 354/354/354 352/352/352
f 358/358/358 357/357/357 356/356/356
f 359/359/359 358/358/358 356/356/356
f 362/362/362 361/361/361 360/360/360
f 363/363/363 362/362/362 360/360/360
f 364/364/364 361/361/361 362/362/362
f 365/365/365 364/364/364 362/362/362
f 364/364/364 365/365/365 366/366/366
f 367/367/367 364/364/364 366/366/366
f 367/367/367 366/366/366 368/368/368
f 369/369/369 367/367/367 368/368/368
f 369/369/369 368/368/368 370/370/370
f 371/371/371 369/369/369 370/370/370
f 371/371/371 370/370/370 372/372/372
f 373/373/373 371/371/371 372/372/372
f 376/376/376 375/375/375 374/374/374
f 377/377/377 376/376/376 374/374/374
f 376/376/376 378/378/378 375/375/375
f 378/378/378 379/379/379 375/375/375
f 378/378/378 380/380/380 379/379/379
f 380/380/380 381/381/381 379/379/379
f 380/380/380 382/382/382 381/381/381
f 382/382/382 383/383/383 381/381/381
f 383/383/383 382/382/382 384/384/384
f 382/382/382 385/385/385 384/384/384
f 377/377/377 374/374/374 386/386/386
f 374/374/374 387/387/387 386/386/386
f 386/386/386 387/387/387 388/388/388
f 389/389/389 386/386/386 388/388/388
f 392/392/392 391/391/391 390/390/390
f 393/393/393 392/392/392 390/390/390
f 396/396/396 395/395/395 394/394/394
f 397/397/397 396/396/396 394/394/394
f 400/400/400 399/399/399 398/398/398
f 401/401/401 400/400/400 398/398/398
f 404/404/404 403/403/403 402/402/402
f 405/405/405 404/404/404 402/402/402
f 404/404/404 405/405/405 406/406/406
f 407/407/407 404/404/404 406/406/406
f 407/407/407 406/406/406 408/408/408
f 409/409/409 407/407/407 408/408/408
f 402/402/402 410/410/410 405/405/405
f 410/410/410 411/411/411 405/405/405
f 411/411/411 412/412/412 405/405/405
f 405/405/405 412/412/412 413/413/413
f 405/405/405 413/413/413 414/414/414
f 414/414/414 415/415/415 405/405/405
f 415/415/415 416/416/416 405/405/405
f 417/417/417 405/405/405 416/416/416
f 417/417/417 418/418/418 405/405/405
f 417/417/417 419/419/419 418/418/418
f 422/422/422 421/421/421 420/420/420
f 423/423/423 422/422/422 420/420/420
f 421/421/421 422/422/422 424/424/424
f 422/422/422 425/425/425 424/424/424
f 426/426/426 424/424/424 425/425/425
f 427/427/427 426/426/426 425/425/425
f 428/428/428 420/420/420 421/421/421
f 429/429/429 428/428/428 421/421/421
f 421/421/421 430/430/430 429/429/429
f 421/421/421 431/431/431 430/430/430
f 421/421/421 432/432/432 431/431/431
f 433/433/433 432/432/432 421/421/421
f 421/421/421 434/434/434 433/433/433
f 421/421/421 435/435/435 434/434/434
f 421/421/421 436/436/436 435/435/435
f 436/436/436 437/437/437 435/435/435
f 440/440/440 439/439/439 438/438/438
f 441/441/441 440/440/440 438/438/438
f 438/438/438 439/439/439 442/442/442
f 443/443/443 438/438/438 442/442/442
f 446/446/446 445/445/445 444/444/444
f 447/447/447 446/446/446 444/444/444
f 450/450/450 449/449/449 448/448/448
f 451/451/451 450/450/450 448/448/448
f 454/454/454 453/453/453 452/452/452
f 455/455/455 454/454/454 452/452/452
f 458/458/458 457/457/457 456/456/456
f 459/459/459 458/458/458 456/456/456
f 457/457/457 458/458/458 460/460/460
f 460/460/460 461/461/461 457/457/457
f 461/461/461 462/462/462 457/457/457
f 461/461/461 463/463/463 462/462/462
f 463/463/463 464/464/464 462/462/462
f 463/463/463 465/465/465 464/464/464
f 465/465/465 466/466/466 464/464/464
f 466/466/466 465/465/465 467/467/467
f 468/468/468 466/466/466 467/467/467
f 471/471/471 470/470/470 469/469/469
f 472/472/472 471/471/471 469/469/469
f 473/473/473 471/471/471 472/472/472
f 473/473/473 472/472/472 474/474/474
f 472/472/472 475/475/475 474/474/474
f 474/474/474 475/475/475 476/476/476
f 475/475/475 477/477/477 476/476/476
f 476/476/476 477/477/477 478/478/478
f 477/477/477 479/479/479 478/478/478
f 480/480/480 478/478/478 479/479/479
f 481/481/481 480/480/480 479/479/479
f 484/484/484 483/483/483 482/482/482
f 485/485/485 484/484/484 482/482/482
f 483/483/483 484/484/484 486/486/486
f 484/484/484 487/487/487 486/486/486
f 485/485/485 482/482/482 488/488/488
f 489/489/489 485/485/485 488/488/488
f 489/489/489 488/488/488 490/490/490
f 491/491/491 489/489/489 490/490/490
f 491/491/491 490/490/490 492/492/492
f 493/493/493 491/491/491 492/492/492
f 493/493/493 492/492/492 494/494/494
f 495/495/495 493/493/493 494/494/494
f 498/498/498 497/497/497 496/496/496
f 499/499/499 498/498/498 496/496/496
f 502/502/502 501/501/501 500/500/500
f 503/503/503 502/502/502 500/500/500
f 503/503/503 500/500/500 504/504/504
f 505/505/505 503/503/503 504/504/504
f 502/502/502 506/506/506 501/501/501
f 506/506/506 507/507/507 501/501/501
f 505/505/505 504/504/504 508/508/508
f 509/509/509 505/505/505 508/508/508
f 507/507/507 506/506/506 510/510/510
f 511/511/511 507/507/507 510/510/510
f 514/514/514 513/513/513 512/512/512
f 515/515/515 514/514/514 512/512/512
f 516/516/516 514/514/514 515/515/515
f 517/517/517 516/516/516 515/515/515
f 518/518/518 516/516/516 517/517/517
f 519/519/519 518/518/518 517/517/517
f 520/520/520 518/518/518 519/519/519
f 521/521/521 520/520/520 519/519/519
f 522/522/522 520/520/520 521/521/521
f 523/523/523 522/522/522 521/521/521
f 524/524/524 522/522/522 523/523/523
f 525/525/525 524/524/524 523/523/523
f 526/526/526 524/524/524 525/525/525
f 527/527/527 526/526/526 525/525/525
f 528/528/528 526/526/526 527/527/527
f 529/529/529 528/528/528 527/527/527
f 532/532/532 531/531/531 530/530/530
f 533/533/533 532/532/532 530/530/530
f 513/513/513 532/532/532 533/533/533
f 512/512/512 513/513/513 533/533/533
f 536/536/536 535/535/535 534/534/534
f 537/537/537 536/536/536 534/534/534
f 537/537/537 538/538/538 536/536/536
f 538/538/538 539/539/539 536/536/536
f 537/537/537 540/540/540 538/538/538
f 540/540/540 541/541/541 538/538/538
f 537/537/537 542/542/542 540/540/540
f 537/537/537 534/534/534 543/543/543
f 546/546/546 545/545/545 544/544/544
f 547/547/547 546/546/546 544/544/544
f 547/547/547 548/548/548 546/546/546
f 548/548/548 549/549/549 546/546/546
f 547/547/547 550/550/550 548/548/548
f 550/550/550 551/551/551 548/548/548
f 547/547/547 552/552/552 550/550/550
f 547/547/547 544/544/544 553/553/553
f 556/556/556 555/555/555 554/554/554
f 557/557/557 556/556/556 554/554/554
f 560/560/560 559/559/559 558/558/558
f 561/561/561 560/560/560 558/558/558
f 564/564/564 563/563/563 562/562/562
f 565/565/565 564/564/564 562/562/562
f 568/568/568 567/567/567 566/566/566
f 569/569/569 568/568/568 566/566/566
f 572/572/572 571/571/571 570/570/570
f 573/573/573 572/572/572 570/570/570
f 576/576/576 575/575/575 574/574/574
f 577/577/577 576/576/576 574/574/574
f 577/577/577 578/578/578 576/576/576
f 578/578/578 579/579/579 576/576/576
f 578/578/578 580/580/580 579/579/579
f 580/580/580 581/581/581 579/579/579
f 581/581/581 582/582/582 579/579/579
f 585/585/585 584/584/584 583/583/583
f 586/586/586 585/585/585 583/583/583
f 586/586/586 583/583/583 587/587/587
f 583/583/583 588/588/588 587/587/587
f 588/588/588 589/589/589 587/587/587
f 589/589/589 588/588/588 590/590/590
f 588/588/588 591/591/591 590/590/590
f 594/594/594 593/593/593 592/592/592
f 595/595/595 594/594/594 592/592/592
f 598/598/598 597/597/597 596/596/596
f 599/599/599 598/598/598 596/596/596
f 598/598/598 600/600/600 597/597/597
f 600/600/600 601/601/601 597/597/597
f 600/600/600 602/602/602 601/601/601
f 602/602/602 603/603/603 601/601/601
f 602/602/602 604/604/604 603/603/603
f 604/604/604 605/605/605 603/603/603
f 608/608/608 607/607/607 606/606/606
f 609/609/609 608/608/608 606/606/606
f 612/612/612 611/611/611 610/610/610
f 613/613/613 612/612/612 610/610/610
f 612/612/612 614/614/614 611/611/611
f 614/614/614 615/615/615 611/611/611
f 614/614/614 616/616/616 615/615/615
f 616/616/616 617/617/617 615/615/615
f 620/620/620 619/619/619 618/618/618
f 621/621/621 620/620/620 618/618/618
f 622/622/622 620/620/620 621/621/621
f 623/623/623 622/622/622 621/621/621
f 626/626/626 625/625/625 624/624/624
f 627/627/627 626/626/626 624/624/624
f 628/628/628 626/626/626 627/627/627
f 629/629/629 628/628/628 627/627/627
f 632/632/632 631/631/631 630/630/630
f 633/633/633 632/632/632 630/630/630
f 634/634/634 632/632/632 633/633/633
f 635/635/635 634/634/634 633/633/633
f 638/638/638 637/637/637 636/636/636
f 639/639/639 638/638/638 636/636/636
f 640/640/640 638/638/638 639/639/639
f 641/641/641 640/640/640 639/639/639
f 644/644/644 643/643/643 642/642/642
f 645/645/645 644/644/644 642/642/642
f 645/645/645 646/646/646 644/644/644
f 646/646/646 647/647/647 644/644/644
f 645/645/645 648/648/648 646/646/646
f 645/645/645 642/642/642 649/649/649
f 652/652/652 651/651/651 650/650/650
f 653/653/653 652/652/652 650/650/650
f 653/653/653 654/654/654 652/652/652
f 654/654/654 655/655/655 652/652/652
f 653/653/653 656/656/656 654/654/654
f 653/653/653 650/650/650 657/657/657
f 660/660/660 659/659/659 658/658/658
f 661/661/661 660/660/660 658/658/658
f 660/660/660 661/661/661 662/662/662
f 661/661/661 663/663/663 662/662/662
f 666/666/666 665/665/665 664/664/664
f 667/667/667 666/666/666 664/664/664
f 666/666/666 668/668/668 665/665/665
f 668/668/668 669/669/669 665/665/665
f 672/672/672 671/671/671 670/670/670
f 673/673/673 672/672/672 670/670/670
f 672/672/672 674/674/674 671/671/671
f 674/674/674 675/675/675 671/671/671
f 678/678/678 677/677/677 676/676/676
f 679/679/679 678/678/678 676/676/676
f 682/682/682 681/681/681 680/680/680
f 683/683/683 682/682/682 680/680/680
f 682/682/682 684/684/684 681/681/681
f 684/684/684 685/685/685 681/681/681
f 688/688/688 687/687/687 686/686/686
f 689/689/689 688/688/688 686/686/686
f 692/692/692 691/691/691 690/690/690
f 693/693/693 692/692/692 690/690/690
f 696/696/696 695/695/695 694/694/694
f 697/697/697 696/696/696 694/694/694
f 698/698/698 696/696/696 697/697/697
f 699/699/699 698/698/698 697/697/697
f 702/702/702 701/701/701 700/700/700
f 703/703/703 702/702/702 700/700/700
f 706/706/706 705/705/705 704/704/704
f 707/707/707 706/706/706 704/704/704
f 708/708/708 706/706/706 707/707/707
f 709/709/709 708/708/708 707/707/707
f 710/710/710 708/708/708 709/709/709
f 711/711/711 710/710/710 709/709/709
f 714/714/714 713/713/713 712/712/712
f 715/715/715 714/714/714 712/712/712
f 718/718/718 717/717/717 716/716/716
f 719/719/719 718/718/718 716/716/716
f 719/719/719 720/720/720 718/718/718
f 720/720/720 721/721/721 718/718/718
f 719/719/719 722/722/722 720/720/720
f 719/719/719 716/716/716 723/723/723
f 726/726/726 725/725/725 724/724/724
f 727/727/727 726/726/726 724/724/724
f 727/727/727 728/728/728 726/726/726
f 728/728/728 729/729/729 726/726/726
f 727/727/727 730/730/730 728/728/728
f 727/727/727 724/724/724 731/731/731
f 734/734/734 733/733/733 732/732/732
f 735/735/735 734/734/734 732/732/732
f 734/734/734 736/736/736 733/733/733
f 736/736/736 737/737/737 733/733/733
f 736/736/736 738/738/738 737/737/737
f 738/738/738 739/739/739 737/737/737
f 738/738/738 740/740/740 739/739/739
f 740/740/740 741/741/741 739/739/739
f 740/740/740 742/742/742 741/741/741
f 742/742/742 743/743/743 741/741/741
f 742/742/742 744/744/744 743/743/743
f 744/744/744 745/745/745 743/743/743
f 735/735/735 732/732/732 746/746/746
f 747/747/747 735/735/735 746/746/746
f 747/747/747 746/746/746 748/748/748
f 749/749/749 747/747/747 748/748/748
f 735/735/735 750/750/750 734/734/734
f 736/736/736 751/751/751 738/738/738
f 752/752/752 751/751/751 736/736/736
f 750/750/750 752/752/752 734/734/734
f 734/734/734 752/752/752 736/736/736
f 740/740/740 753/753/753 742/742/742
f 754/754/754 753/753/753 740/740/740
f 751/751/751 754/754/754 738/738/738
f 738/738/738 754/754/754 740/740/740
f 749/749/749 755/755/755 747/747/747
f 755/755/755 756/756/756 747/747/747
f 756/756/756 750/750/750 735/735/735
f 747/747/747 756/756/756 735/735/735
f 753/753/753 757/757/757 742/742/742
f 742/742/742 757/757/757 744/744/744
f 757/757/757 758/758/758 744/744/744
f 761/761/761 760/760/760 759/759/759
f 762/762/762 761/761/761 759/759/759
f 762/762/762 763/763/763 761/761/761
f 763/763/763 764/764/764 761/761/761
f 762/762/762 765/765/765 763/763/763
f 762/762/762 759/759/759 766/766/766
f 769/769/769 768/768/768 767/767/767
f 770/770/770 769/769/769 767/767/767
f 770/770/770 771/771/771 769/769/769
f 771/771/771 772/772/772 769/769/769
f 770/770/770 773/773/773 771/771/771
f 770/770/770 767/767/767 774/774/774
f 777/777/777 776/776/776 775/775/775
f 778/778/778 777/777/777 775/775/775
f 781/781/781 780/780/780 779/779/779
f 782/782/782 781/781/781 779/779/779
f 785/785/785 784/784/784 783/783/783
f 786/786/786 785/785/785 783/783/783
f 789/789/789 788/788/788 787/787/787
f 790/790/790 789/789/789 787/787/787
f 793/793/793 792/792/792 791/791/791
f 794/794/794 793/793/793 791/791/791
f 797/797/797 796/796/796 795/795/795
f 798/798/798 797/797/797 795/795/795
f 797/797/797 798/798/798 799/799/799
f 795/795/795 800/800/800 798/798/798
f 800/800/800 801/801/801 798/798/798
f 800/800/800 802/802/802 801/801/801
f 797/797/797 803/803/803 796/796/796
f 803/803/803 804/804/804 796/796/796
f 807/807/807 806/806/806 805/805/805
f 808/808/808 807/807/807 805/805/805
f 808/808/808 809/809/809 807/807/807
f 809/809/809 808/808/808 810/810/810
f 808/808/808 811/811/811 810/810/810
f 811/811/811 812/812/812 810/810/810
f 813/813/813 806/806/806 807/807/807
f 814/814/814 813/813/813 807/807/807
f 817/817/817 816/816/816 815/815/815
f 818/818/818 817/817/817 815/815/815
f 819/819/819 818/818/818 815/815/815
f 820/820/820 819/819/819 815/815/815
f 821/821/821 819/819/819 820/820/820
f 822/822/822 821/821/821 820/820/820
f 823/823/823 821/821/821 822/822/822
f 824/824/824 823/823/823 822/822/822
f 817/817/817 825/825/825 816/816/816
f 825/825/825 826/826/826 816/816/816
f 829/829/829 828/828/828 827/827/827
f 830/830/830 829/829/829 827/827/827
f 833/833/833 832/832/832 831/831/831
f 834/834/834 833/833/833 831/831/831
f 835/835/835 833/833/833 834/834/834
f 836/836/836 835/835/835 834/834/834
f 839/839/839 838/838/838 837/837/837
f 840/840/840 839/839/839 837/837/837
f 843/843/843 842/842/842 841/841/841
f 844/844/844 843/843/843 841/841/841
f 844/844/844 841/841/841 845/845/845
f 846/846/846 844/844/844 845/845/845
f 846/846/846 845/845/845 847/847/847
f 848/848/848 846/846/846 847/847/847
f 848/848/848 847/847/847 849/849/849
f 850/850/850 848/848/848 849/849/849
f 850/850/850 849/849/849 851/851/851
f 852/852/852 850/850/850 851/851/851
f 852/852/852 851/851/851 853/853/853
f 854/854/854 852/852/852 853/853/853
f 854/854/854 853/853/853 855/855/855
f 856/856/856 854/854/854 855/855/855
f 856/856/856 855/855/855 857/857/857
f 858/858/858 856/856/856 857/857/857
f 858/858/858 857/857/857 859/859/859
f 860/860/860 858/858/858 859/859/859
f 860/860/860 859/859/859 861/861/861
f 862/862/862 860/860/860 861/861/861
f 865/865/865 864/864/864 863/863/863
f 866/866/866 865/865/865 863/863/863
f 866/866/866 867/867/867 865/865/865
f 867/867/867 868/868/868 865/865/865
f 866/866/866 869/869/869 867/867/867
f 869/869/869 870/870/870 867/867/867
f 866/866/866 871/871/871 869/869/869
f 866/866/866 863/863/863 872/872/872
f 875/875/875 874/874/874 873/873/873
f 876/876/876 875/875/875 873/873/873
f 876/876/876 877/877/877 875/875/875
f 877/877/877 878/878/878 875/875/875
f 876/876/876 879/879/879 877/877/877
f 879/879/879 880/880/880 877/877/877
f 876/876/876 881/881/881 879/879/879
f 876/876/876 873/873/873 882/882/882
f 885/885/885 884/884/884 883/883/883
f 886/886/886 885/885/885 883/883/883
f 885/885/885 886/886/886 887/887/887
f 887/887/887 886/886/886 888/888/888
f 886/886/886 889/889/889 888/888/888
f 890/890/890 888/888/888 889/889/889
f 889/889/889 891/891/891 890/890/890
f 891/891/891 892/892/892 890/890/890
f 895/895/895 894/894/894 893/893/893
f 896/896/896 895/895/895 893/893/893
f 894/894/894 895/895/895 897/897/897
f 898/898/898 894/894/894 897/897/897
f 899/899/899 898/898/898 897/897/897
f 900/900/900 899/899/899 897/897/897
f 901/901/901 899/899/899 900/900/900
f 902/902/902 901/901/901 900/900/900
f 903/903/903 901/901/901 902/902/902
f 904/904/904 903/903/903 902/902/902
f 907/907/907 906/906/906 905/905/905
f 908/908/908 907/907/907 905/905/905
f 907/907/907 908/908/908 909/909/909
f 908/908/908 910/910/910 909/909/909
f 911/911/911 908/908/908 905/905/905
f 912/912/912 911/911/911 905/905/905
f 915/915/915 914/914/914 913/913/913
f 916/916/916 915/915/915 913/913/913
f 917/917/917 915/915/915 916/916/916
f 913/913/913 914/914/914 918/918/918
f 914/914/914 919/919/919 918/918/918
f 914/914/914 920/920/920 919/919/919
f 920/920/920 921/921/921 919/919/919
f 918/918/918 919/919/919 922/922/922
f 923/923/923 918/918/918 922/922/922
f 924/924/924 923/923/923 922/922/922
f 924/924/924 922/922/922 925/925/925
f 922/922/922 926/926/926 925/925/925
f 927/927/927 925/925/925 926/926/926
f 917/917/917 928/928/928 915/915/915
f 928/928/928 929/929/929 915/915/915
f 930/930/930 929/929/929 928/928/928
f 933/933/933 932/932/932 931/931/931
f 934/934/934 933/933/933 931/931/931
f 937/937/937 936/936/936 935/935/935
f 938/938/938 937/937/937 935/935/935
f 941/941/941 940/940/940 939/939/939
f 942/942/942 941/941/941 939/939/939
f 945/945/945 944/944/944 943/943/943
f 946/946/946 945/945/945 943/943/943
f 949/949/949 948/948/948 947/947/947
f 950/950/950 949/949/949 947/947/947
f 953/953/953 952/952/952 951/951/951
f 954/954/954 953/953/953 951/951/951
f 957/957/957 956/956/956 955/955/955
f 960/960/960 959/959/959 958/958/958
f 963/963/963 962/962/962 961/961/961
f 966/966/966 965/965/965 964/964/964
f 967/967/967 966/966/966 964/964/964
f 968/968/968 964/964/964 965/965/965
f 971/971/971 970/970/970 969/969/969
f 972/972/972 971/971/971 969/969/969
f 975/975/975 974/974/974 973/973/973
f 976/976/976 975/975/975 973/973/973
f 979/979/979 978/978/978 977/977/977
f 980/980/980 979/979/979 977/977/977
f 978/978/978 981/981/981 977/977/977
f 981/981/981 982/982/982 977/977/977
f 981/981/981 983/983/983 982/982/982
f 980/980/980 977/977/977 984/984/984
f 978/978/978 979/979/979 985/985/985
f 982/982/982 983/983/983 986/986/986
f 987/987/987 982/982/982 986/986/986
f 987/987/987 986/986/986 988/988/988
f 991/991/991 990/990/990 989/989/989
f 992/992/992 991/991/991 989/989/989
f 990/990/990 991/991/991 993/993/993
f 994/994/994 990/990/990 993/993/993
f 993/993/993 991/991/991 995/995/995
f 996/996/996 993/993/993 995/995/995
f 999/999/999 998/998/998 997/997/997
f 1000/1000/1000 999/999/999 997/997/997
f 1003/1003/1003 1002/1002/1002 1001/1001/1001
f 1004/1004/1004 1003/1003/1003 1001/1001/1001
f 1007/1007/1007 1006/1006/1006 1005/1005/1005
f 1008/1008/1008 1007/1007/1007 1005/1005/1005
f 1011/1011/1011 1010/1010/1010 1009/1009/1009
f 1012/1012/1012 1011/1011/1011 1009/1009/1009
f 1015/1015/1015 1014/1014/1014 1013/1013/1013
f 1016/1016/1016 1015/1015/1015 1013/1013/1013
f 1019/1019/1019 1018/1018/1018 1017/1017/1017
f 1020/1020/1020 1019/1019/1019 1017/1017/1017
f 1023/1023/1023 1022/1022/1022 1021/1021/1021
f 1026/1026/1026 1025/1025/1025 1024/1024/1024
f 1029/1029/1029 1028/1028/1028 1027/1027/1027
f 1030/1030/1030 1029/1029/1029 1027/1027/1027
f 1033/1033/1033 1032/1032/1032 1031/1031/1031
f 1031/1031/1031 1032/1032/1032 1034/1034/1034
f 1032/1032/1032 1035/1035/1035 1034/1034/1034
f 1035/1035/1035 1036/1036/1036 1034/1034/1034
f 1039/1039/1039 1038/1038/1038 1037/1037/1037
f 1040/1040/1040 1039/1039/1039 1037/1037/1037
f 1043/1043/1043 1042/1042/1042 1041/1041/1041
f 1046/1046/1046 1045/1045/1045 1044/1044/1044
f 1047/1047/1047 1046/1046/1046 1044/1044/1044
f 1044/1044/1044 1045/1045/1045 1048/1048/1048
f 1051/1051/1051 1050/1050/1050 1049/1049/1049
f 1052/1052/1052 1051/1051/1051 1049/1049/1049
f 1049/1049/1049 1050/1050/1050 1053/1053/1053
f 1050/1050/1050 1054/1054/1054 1053/1053/1053
f 1053/1053/1053 1054/1054/1054 1055/1055/1055
f 1054/1054/1054 1056/1056/1056 1055/1055/1055
f 1056/1056/1056 1057/1057/1057 1055/1055/1055
f 1057/1057/1057 1058/1058/1058 1055/1055/1055
f 1059/1059/1059 1058/1058/1058 1057/1057/1057
f 1060/1060/1060 1059/1059/1059 1057/1057/1057
f 1061/1061/1061 1059/1059/1059 1060/1060/1060
f 1062/1062/1062 1061/1061/1061 1060/1060/1060
f 1061/1061/1061 1062/1062/1062 1063/1063/1063
f 1064/1064/1064 1061/1061/1061 1063/1063/1063
f 1067/1067/1067 1066/1066/1066 1065/1065/1065
f 1068/1068/1068 1067/1067/1067 1065/1065/1065
f 1071/1071/1071 1070/1070/1070 1069/1069/1069
f 1070/1070/1070 1072/1072/1072 1069/1069/1069
f 1072/1072/1072 1073/1073/1073 1069/1069/1069
f 1072/1072/1072 1070/1070/1070 1074/1074/1074
f 1070/1070/1070 1075/1075/1075 1074/1074/1074
f 1076/1076/1076 1070/1070/1070 1071/1071/1071
f 1079/1079/1079 1078/1078/1078 1077/1077/1077
f 1080/1080/1080 1079/1079/1079 1077/1077/1077
f 1079/1079/1079 1081/1081/1081 1078/1078/1078
f 1081/1081/1081 1082/1082/1082 1078/1078/1078
f 1085/1085/1085 1084/1084/1084 1083/1083/1083
f 1086/1086/1086 1085/1085/1085 1083/1083/1083
f 1089/1089/1089 1088/1088/1088 1087/1087/1087
f 1090/1090/1090 1089/1089/1089 1087/1087/1087
f 1090/1090/1090 1087/1087/1087 1091/1091/1091
f 1092/1092/1092 1090/1090/1090 1091/1091/1091
f 1092/1092/1092 1091/1091/1091 1093/1093/1093
f 1094/1094/1094 1092/1092/1092 1093/1093/1093
f 1097/1097/1097 1096/1096/1096 1095/1095/1095
f 1098/1098/1098 1097/1097/1097 1095/1095/1095
f 1098/1098/1098 1095/1095/1095 1099/1099/1099
f 1100/1100/1100 1098/1098/1098 1099/1099/1099
f 1103/1103/1103 1102/1102/1102 1101/1101/1101
f 1104/1104/1104 1103/1103/1103 1101/1101/1101
f 1104/1104/1104 1105/1105/1105 1103/1103/1103
f 1105/1105/1105 1106/1106/1106 1103/1103/1103
f 1105/1105/1105 1104/1104/1104 1107/1107/1107
f 1108/1108/1108 1104/1104/1104 1101/1101/1101
f 1111/1111/1111 1110/1110/1110 1109/1109/1109
f 1112/1112/1112 1111/1111/1111 1109/1109/1109
f 1112/1112/1112 1109/1109/1109 1113/1113/1113
f 1114/1114/1114 1112/1112/1112 1113/1113/1113
f 1111/1111/1111 1115/1115/1115 1110/1110/1110
f 1115/1115/1115 1116/1116/1116 1110/1110/1110
f 1115/1115/1115 1117/1117/1117 1116/1116/1116
f 1117/1117/1117 1118/1118/1118 1116/1116/1116
f 1121/1121/1121 1120/1120/1120 1119/1119/1119
f 1122/1122/1122 1121/1121/1121 1119/1119/1119
f 1125/1125/1125 1124/1124/1124 1123/1123/1123
f 1126/1126/1126 1125/1125/1125 1123/1123/1123
f 1126/1126/1126 1123/1123/1123 1127/1127/1127
f 1128/1128/1128 1126/1126/1126 1127/1127/1127
f 1128/1128/1128 1127/1127/1127 1129/1129/1129
f 1130/1130/1130 1128/1128/1128 1129/1129/1129
f 1133/1133/1133 1132/1132/1132 1131/1131/1131
f 1134/1134/1134 1133/1133/1133 1131/1131/1131
f 1134/1134/1134 1135/1135/1135 1133/1133/1133
f 1135/1135/1135 1136/1136/1136 1133/1133/1133
f 1135/1135/1135 1134/1134/1134 1137/1137/1137
f 1138/1138/1138 1134/1134/1134 1131/1131/1131
f 1141/1141/1141 1140/1140/1140 1139/1139/1139
f 1142/1142/1142 1141/1141/1141 1139/1139/1139
f 1142/1142/1142 1139/1139/1139 1143/1143/1143
f 1144/1144/1144 1142/1142/1142 1143/1143/1143
f 1144/1144/1144 1143/1143/1143 1145/1145/1145
f 1146/1146/1146 1144/1144/1144 1145/1145/1145
f 1147/1147/1147 1146/1146/1146 1145/1145/1145
f 1148/1148/1148 1147/1147/1147 1145/1145/1145
f 1148/1148/1148 1149/1149/1149 1147/1147/1147
f 1149/1149/1149 1150/1150/1150 1147/1147/1147
f 1149/1149/1149 1151/1151/1151 1150/1150/1150
f 1151/1151/1151 1152/1152/1152 1150/1150/1150
f 1152/1152/1152 1151/1151/1151 1153/1153/1153
f 1151/1151/1151 1154/1154/1154 1153/1153/1153
f 1157/1157/1157 1156/1156/1156 1155/1155/1155
f 1158/1158/1158 1157/1157/1157 1155/1155/1155
f 1161/1161/1161 1160/1160/1160 1159/1159/1159
f 1162/1162/1162 1161/1161/1161 1159/1159/1159
f 1163/1163/1163 1162/1162/1162 1159/1159/1159
f 1161/1161/1161 1162/1162/1162 1164/1164/1164
f 1165/1165/1165 1161/1161/1161 1164/1164/1164
f 1166/1166/1166 1160/1160/1160 1161/1161/1161
f 1169/1169/1169 1168/1168/1168 1167/1167/1167
f 1170/1170/1170 1169/1169/1169 1167/1167/1167
f 1169/1169/1169 1171/1171/1171 1168/1168/1168
f 1171/1171/1171 1172/1172/1172 1168/1168/1168
f 1171/1171/1171 1173/1173/1173 1172/1172/1172
f 1173/1173/1173 1174/1174/1174 1172/1172/1172
f 1173/1173/1173 1175/1175/1175 1174/1174/1174
f 1175/1175/1175 1176/1176/1176 1174/1174/1174
f 1175/1175/1175 1177/1177/1177 1176/1176/1176
f 1177/1177/1177 1178/1178/1178 1176/1176/1176
f 1177/1177/1177 1179/1179/1179 1178/1178/1178
f 1179/1179/1179 1180/1180/1180 1178/1178/1178
f 1179/1179/1179 1181/1181/1181 1180/1180/1180
f 1181/1181/1181 1182/1182/1182 1180/1180/1180
f 1181/1181/1181 1183/1183/1183 1182/1182/1182
f 1183/1183/1183 1184/1184/1184 1182/1182/1182
f 1183/1183/1183 1185/1185/1185 1184/1184/1184
f 1185/1185/1185 1186/1186/1186 1184/1184/1184
f 1185/1185/1185 1187/1187/1187 1186/1186/1186
f 1187/1187/1187 1188/1188/1188 1186/1186/1186
f 1191/1191/1191 1190/1190/1190 1189/1189/1189
f 1192/1192/1192 1191/1191/1191 1189/1189/1189
f 1192/1192/1192 1189/1189/1189 1193/1193/1193
f 1194/1194/1194 1192/1192/1192 1193/1193/1193
f 1194/1194/1194 1193/1193/1193 1195/1195/1195
f 1196/1196/1196 1194/1194/1194 1195/1195/1195
f 1196/1196/1196 1195/1195/1195 1197/1197/1197
f 1198/1198/1198 1196/1196/1196 1197/1197/1197
f 1198/1198/1198 1197/1197/1197 1199/1199/1199
f 1200/1200/1200 1198/1198/1198 1199/1199/1199
f 1191/1191/1191 1201/1201/1201 1190/1190/1190
f 1201/1201/1201 1202/1202/1202 1190/1190/1190
f 1201/1201/1201 1203/1203/1203 1202/1202/1202
f 1203/1203/1203 1204/1204/1204 1202/1202/1202
f 1203/1203/1203 1205/1205/1205 1204/1204/1204
f 1205/1205/1205 1206/1206/1206 1204/1204/1204
f 1205/1205/1205 1207/1207/1207 1206/1206/1206
f 1207/1207/1207 1208/1208/1208 1206/1206/1206
f 1207/1207/1207 1209/1209/1209 1208/1208/1208
f 1209/1209/1209 1210/1210/1210 1208/1208/1208
f 1213/1213/1213 1212/1212/1212 1211/1211/1211
f 1214/1214/1214 1213/1213/1213 1211/1211/1211
f 1211/1211/1211 1212/1212/1212 1215/1215/1215
f 1216/1216/1216 1211/1211/1211 1215/1215/1215
f 1215/1215/1215 1212/1212/1212 1217/1217/1217
f 1218/1218/1218 1215/1215/1215 1217/1217/1217
f 1217/1217/1217 1212/1212/1212 1219/1219/1219
f 1220/1220/1220 1212/1212/1212 1213/1213/1213
f 1223/1223/1223 1222/1222/1222 1221/1221/1221
f 1224/1224/1224 1223/1223/1223 1221/1221/1221
f 1224/1224/1224 1221/1221/1221 1225/1225/1225
f 1226/1226/1226 1224/1224/1224 1225/1225/1225
f 1221/1221/1221 1227/1227/1227 1225/1225/1225
f 1230/1230/1230 1229/1229/1229 1228/1228/1228
f 1231/1231/1231 1230/1230/1230 1228/1228/1228
f 1231/1231/1231 1228/1228/1228 1232/1232/1232
f 1228/1228/1228 1233/1233/1233 1232/1232/1232
f 1234/1234/1234 1231/1231/1231 1232/1232/1232
f 1237/1237/1237 1236/1236/1236 1235/1235/1235
f 1238/1238/1238 1237/1237/1237 1235/1235/1235
f 1239/1239/1239 1237/1237/1237 1238/1238/1238
f 1240/1240/1240 1239/1239/1239 1238/1238/1238
f 1241/1241/1241 1239/1239/1239 1240/1240/1240
f 1242/1242/1242 1241/1241/1241 1240/1240/1240
f 1243/1243/1243 1241/1241/1241 1242/1242/1242
f 1244/1244/1244 1243/1243/1243 1242/1242/1242
f 1245/1245/1245 1243/1243/1243 1244/1244/1244
f 1246/1246/1246 1245/1245/1245 1244/1244/1244
f 1247/1247/1247 1245/1245/1245 1246/1246/1246
f 1248/1248/1248 1247/1247/1247 1246/1246/1246
f 1251/1251/1251 1250/1250/1250 1249/1249/1249
f 1252/1252/1252 1251/1251/1251 1249/1249/1249
f 1253/1253/1253 1251/1251/1251 1252/1252/1252
f 1254/1254/1254 1253/1253/1253 1252/1252/1252
f 1249/1249/1249 1250/1250/1250 1255/1255/1255
f 1250/1250/1250 1256/1256/1256 1255/1255/1255
f 1255/1255/1255 1256/1256/1256 1257/1257/1257
f 1256/1256/1256 1258/1258/1258 1257/1257/1257
f 1257/1257/1257 1258/1258/1258 1259/1259/1259
f 1258/1258/1258 1260/1260/1260 1259/1259/1259
f 1259/1259/1259 1260/1260/1260 1261/1261/1261
f 1260/1260/1260 1262/1262/1262 1261/1261/1261
f 1261/1261/1261 1262/1262/1262 1263/1263/1263
f 1262/1262/1262 1264/1264/1264 1263/1263/1263
f 1263/1263/1263 1264/1264/1264 1265/1265/1265
f 1264/1264/1264 1266/1266/1266 1265/1265/1265
f 1265/1265/1265 1266/1266/1266 1267/1267/1267
f 1266/1266/1266 1268/1268/1268 1267/1267/1267
f 1267/1267/1267 1268/1268/1268 1269/1269/1269
f 1268/1268/1268 1270/1270/1270 1269/1269/1269
f 1269/1269/1269 1270/1270/1270 1271/1271/1271
f 1270/1270/1270 1272/1272/1272 1271/1271/1271
f 1271/1271/1271 1272/1272/1272 1273/1273/1273
f 1272/1272/1272 1274/1274/1274 1273/1273/1273
f 1277/1277/1277 1276/1276/1276 1275/1275/1275
f 1278/1278/1278 1277/1277/1277 1275/1275/1275
f 1275/1275/1275 1279/1279/1279 1278/1278/1278
f 1279/1279/1279 1275/1275/1275 1280/1280/1280
f 1275/1275/1275 1281/1281/1281 1280/1280/1280
f 1280/1280/1280 1282/1282/1282 1279/1279/1279
f 1278/1278/1278 1279/1279/1279 1283/1283/1283
f 1279/1279/1279 1284/1284/1284 1283/1283/1283
f 1283/1283/1283 1285/1285/1285 1278/1278/1278
f 1286/1286/1286 1277/1277/1277 1278/1278/1278
f 1289/1289/1289 1288/1288/1288 1287/1287/1287
f 1290/1290/1290 1289/1289/1289 1287/1287/1287
f 1293/1293/1293 1292/1292/1292 1291/1291/1291
f 1294/1294/1294 1293/1293/1293 1291/1291/1291
f 1291/1291/1291 1292/1292/1292 1295/1295/1295
f 1298/1298/1298 1297/1297/1297 1296/1296/1296
f 1299/1299/1299 1298/1298/1298 1296/1296/1296
f 1296/1296/1296 1300/1300/1300 1299/1299/1299
f 1303/1303/1303 1302/1302/1302 1301/1301/1301
f 1304/1304/1304 1303/1303/1303 1301/1301/1301
f 1302/1302/1302 1303/1303/1303 1305/1305/1305
f 1303/1303/1303 1306/1306/1306 1305/1305/1305
f 1309/1309/1309 1308/1308/1308 1307/1307/1307
f 1310/1310/1310 1309/1309/1309 1307/1307/1307
f 1313/1313/1313 1312/1312/1312 1311/1311/1311
f 1314/1314/1314 1313/1313/1313 1311/1311/1311
f 1315/1315/1315 1313/1313/1313 1314/1314/1314
f 1316/1316/1316 1315/1315/1315 1314/1314/1314
f 1317/1317/1317 1315/1315/1315 1316/1316/1316
f 1318/1318/1318 1317/1317/1317 1316/1316/1316
f 1311/1311/1311 1312/1312/1312 1319/1319/1319
f 1312/1312/1312 1320/1320/1320 1319/1319/1319
f 1319/1319/1319 1320/1320/1320 1321/1321/1321
f 1320/1320/1320 1322/1322/1322 1321/1321/1321
f 1321/1321/1321 1322/1322/1322 1323/1323/1323
f 1322/1322/1322 1324/1324/1324 1323/1323/1323
f 1327/1327/1327 1326/1326/1326 1325/1325/1325
f 1328/1328/1328 1327/1327/1327 1325/1325/1325
f 1329/1329/1329 1328/1328/1328 1325/1325/1325
f 1330/1330/1330 1329/1329/1329 1325/1325/1325
f 1331/1331/1331 1327/1327/1327 1328/1328/1328
f 1334/1334/1334 1333/1333/1333 1332/1332/1332
f 1335/1335/1335 1334/1334/1334 1332/1332/1332
f 1336/1336/1336 1335/1335/1335 1332/1332/1332
f 1337/1337/1337 1336/1336/1336 1332/1332/1332
f 1338/1338/1338 1334/1334/1334 1335/1335/1335
f 1341/1341/1341 1340/1340/1340 1339/1339/1339
f 1342/1342/1342 1341/1341/1341 1339/1339/1339
f 1345/1345/1345 1344/1344/1344 1343/1343/1343
f 1346/1346/1346 1345/1345/1345 1343/1343/1343
f 1343/1343/1343 1347/1347/1347 1346/1346/1346
f 1350/1350/1350 1349/1349/1349 1348/1348/1348
f 1351/1351/1351 1350/1350/1350 1348/1348/1348
f 1350/1350/1350 1351/1351/1351 1352/1352/1352
f 1355/1355/1355 1354/1354/1354 1353/1353/1353
f 1356/1356/1356 1355/1355/1355 1353/1353/1353
f 1355/1355/1355 1356/1356/1356 1357/1357/1357
f 1358/1358/1358 1355/1355/1355 1357/1357/1357
f 1361/1361/1361 1360/1360/1360 1359/1359/1359
f 1362/1362/1362 1361/1361/1361 1359/1359/1359
f 1365/1365/1365 1364/1364/1364 1363/1363/1363
f 1366/1366/1366 1365/1365/1365 1363/1363/1363
f 1369/1369/1369 1368/1368/1368 1367/1367/1367
f 1370/1370/1370 1369/1369/1369 1367/1367/1367
f 1371/1371/1371 1369/1369/1369 1370/1370/1370
f 1372/1372/1372 1371/1371/1371 1370/1370/1370
f 1373/1373/1373 1371/1371/1371 1372/1372/1372
f 1374/1374/1374 1373/1373/1373 1372/1372/1372
f 1377/1377/1377 1376/1376/1376 1375/1375/1375
f 1378/1378/1378 1377/1377/1377 1375/1375/1375
f 1379/1379/1379 1377/1377/1377 1378/1378/1378
f 1380/1380/1380 1379/1379/1379 1378/1378/1378
f 1381/1381/1381 1379/1379/1379 1380/1380/1380
f 1382/1382/1382 1381/1381/1381 1380/1380/1380
f 1383/1383/1383 1381/1381/1381 1382/1382/1382
f 1384/1384/1384 1383/1383/1383 1382/1382/1382
f 1387/1387/1387 1386/1386/1386 1385/1385/1385
f 1388/1388/1388 1387/1387/1387 1385/1385/1385
f 1385/1385/1385 1386/1386/1386 1389/1389/1389
f 1389/1389/1389 1386/1386/1386 1390/1390/1390
f 1390/1390/1390 1386/1386/1386 1391/1391/1391
f 1392/1392/1392 1390/1390/1390 1391/1391/1391
f 1390/1390/1390 1392/1392/1392 1393/1393/1393
f 1392/1392/1392 1394/1394/1394 1393/1393/1393
f 1395/1395/1395 1392/1392/1392 1391/1391/1391
f 1396/1396/1396 1395/1395/1395 1391/1391/1391
f 1396/1396/1396 1391/1391/1391 1397/1397/1397
f 1398/1398/1398 1396/1396/1396 1397/1397/1397
f 1401/1401/1401 1400/1400/1400 1399/1399/1399
f 1402/1402/1402 1401/1401/1401 1399/1399/1399
f 1399/1399/1399 1403/1403/1403 1402/1402/1402
f 1403/1403/1403 1404/1404/1404 1402/1402/1402
f 1404/1404/1404 1403/1403/1403 1405/1405/1405
f 1406/1406/1406 1404/1404/1404 1405/1405/1405
f 1406/1406/1406 1405/1405/1405 1407/1407/1407
f 1405/1405/1405 1408/1408/1408 1407/1407/1407
f 1407/1407/1407 1408/1408/1408 1409/1409/1409
f 1408/1408/1408 1410/1410/1410 1409/1409/1409
f 1413/1413/1413 1412/1412/1412 1411/1411/1411
f 1414/1414/1414 1413/1413/1413 1411/1411/1411
f 1415/1415/1415 1411/1411/1411 1412/1412/1412
f 1416/1416/1416 1415/1415/1415 1412/1412/1412
f 1412/1412/1412 1413/1413/1413 1417/1417/1417
f 1413/1413/1413 1418/1418/1418 1417/1417/1417
f 1421/1421/1421 1420/1420/1420 1419/1419/1419
f 1422/1422/1422 1421/1421/1421 1419/1419/1419
f 1423/1423/1423 1419/1419/1419 1420/1420/1420
f 1421/1421/1421 1422/1422/1422 1424/1424/1424
f 1425/1425/1425 1421/1421/1421 1424/1424/1424
f 1424/1424/1424 1426/1426/1426 1425/1425/1425
f 1426/1426/1426 1427/1427/1427 1425/1425/1425
f 1428/1428/1428 1427/1427/1427 1426/1426/1426
f 1419/1419/1419 1423/1423/1423 1429/1429/1429
f 1430/1430/1430 1419/1419/1419 1429/1429/1429
f 1431/1431/1431 1430/1430/1430 1429/1429/1429
f 1428/1428/1428 1426/1426/1426 1432/1432/1432
f 1433/1433/1433 1428/1428/1428 1432/1432/1432
f 1434/1434/1434 1432/1432/1432 1426/1426/1426
f 1437/1437/1437 1436/1436/1436 1435/1435/1435
f 1438/1438/1438 1437/1437/1437 1435/1435/1435
f 1441/1441/1441 1440/1440/1440 1439/1439/1439
f 1442/1442/1442 1441/1441/1441 1439/1439/1439
f 1445/1445/1445 1444/1444/1444 1443/1443/1443
f 1446/1446/1446 1445/1445/1445 1443/1443/1443
f 1449/1449/1449 1448/1448/1448 1447/1447/1447
f 1450/1450/1450 1449/1449/1449 1447/1447/1447
f 1453/1453/1453 1452/1452/1452 1451/1451/1451
f 1454/1454/1454 1453/1453/1453 1451/1451/1451
f 1457/1457/1457 1456/1456/1456 1455/1455/1455
f 1458/1458/1458 1457/1457/1457 1455/1455/1455
f 1461/1461/1461 1460/1460/1460 1459/1459/1459
f 1462/1462/1462 1461/1461/1461 1459/1459/1459
f 1465/1465/1465 1464/1464/1464 1463/1463/1463
f 1466/1466/1466 1465/1465/1465 1463/1463/1463
f 1469/1469/1469 1468/1468/1468 1467/1467/1467
f 1470/1470/1470 1469/1469/1469 1467/1467/1467
f 1473/1473/1473 1472/1472/1472 1471/1471/1471
f 1474/1474/1474 1473/1473/1473 1471/1471/1471
f 1477/1477/1477 1476/1476/1476 1475/1475/1475
f 1478/1478/1478 1477/1477/1477 1475/1475/1475
f 1479/1479/1479 1475/1475/1475 1476/1476/1476
f 1480/1480/1480 1479/1479/1479 1476/1476/1476
f 1483/1483/1483 1482/1482/1482 1481/1481/1481
f 1484/1484/1484 1483/1483/1483 1481/1481/1481
f 1482/1482/1482 1483/1483/1483 1485/1485/1485
f 1486/1486/1486 1482/1482/1482 1485/1485/1485
f 1485/1485/1485 1483/1483/1483 1487/1487/1487
f 1485/1485/1485 1487/1487/1487 1488/1488/1488
f 1489/1489/1489 1485/1485/1485 1488/1488/1488
f 1490/1490/1490 1489/1489/1489 1488/1488/1488
f 1488/1488/1488 1491/1491/1491 1490/1490/1490
f 1483/1483/1483 1492/1492/1492 1487/1487/1487
f 1495/1495/1495 1494/1494/1494 1493/1493/1493
f 1496/1496/1496 1495/1495/1495 1493/1493/1493
f 1499/1499/1499 1498/1498/1498 1497/1497/1497
f 1500/1500/1500 1499/1499/1499 1497/1497/1497
f 1497/1497/1497 1501/1501/1501 1500/1500/1500
f 1501/1501/1501 1502/1502/1502 1500/1500/1500
f 1504/1504/1504 1503/1503/1503 1501/1501/1501
f 1505/1505/1505 1504/1504/1504 1501/1501/1501
f 1508/1508/1508 1507/1507/1507 1506/1506/1506
f 1509/1509/1509 1508/1508/1508 1506/1506/1506
f 1512/1512/1512 1511/1511/1511 1510/1510/1510
f 1513/1513/1513 1512/1512/1512 1510/1510/1510
f 1516/1516/1516 1515/1515/1515 1514/1514/1514
f 1517/1517/1517 1516/1516/1516 1514/1514/1514
f 1520/1520/1520 1519/1519/1519 1518/1518/1518
f 1521/1521/1521 1520/1520/1520 1518/1518/1518
f 1524/1524/1524 1523/1523/1523 1522/1522/1522
f 1525/1525/1525 1524/1524/1524 1522/1522/1522
f 1528/1528/1528 1527/1527/1527 1526/1526/1526
f 1529/1529/1529 1528/1528/1528 1526/1526/1526
f 1532/1532/1532 1531/1531/1531 1530/1530/1530
f 1533/1533/1533 1532/1532/1532 1530/1530/1530
f 1536/1536/1536 1535/1535/1535 1534/1534/1534
f 1537/1537/1537 1536/1536/1536 1534/1534/1534
f 1540/1540/1540 1539/1539/1539 1538/1538/1538
f 1541/1541/1541 1540/1540/1540 1538/1538/1538
f 1544/1544/1544 1543/1543/1543 1542/1542/1542
f 1544/1544/1544 1542/1542/1542 1545/1545/1545
f 1546/1546/1546 1544/1544/1544 1545/1545/1545
f 1546/1546/1546 1545/1545/1545 1547/1547/1547
f 1550/1550/1550 1549/1549/1549 1548/1548/1548
f 1551/1551/1551 1550/1550/1550 1548/1548/1548
f 1554/1554/1554 1553/1553/1553 1552/1552/1552
f 1555/1555/1555 1554/1554/1554 1552/1552/1552
f 1553/1553/1553 1554/1554/1554 1556/1556/1556
f 1557/1557/1557 1553/1553/1553 1556/1556/1556
f 1560/1560/1560 1559/1559/1559 1558/1558/1558
f 1561/1561/1561 1560/1560/1560 1558/1558/1558
f 1564/1564/1564 1563/1563/1563 1562/1562/1562
f 1565/1565/1565 1564/1564/1564 1562/1562/1562
f 1568/1568/1568 1567/1567/1567 1566/1566/1566
f 1569/1569/1569 1568/1568/1568 1566/1566/1566
f 1572/1572/1572 1571/1571/1571 1570/1570/1570
f 1573/1573/1573 1572/1572/1572 1570/1570/1570
f 1574/1574/1574 1572/1572/1572 1573/1573/1573
f 1575/1575/1575 1574/1574/1574 1573/1573/1573
f 1576/1576/1576 1574/1574/1574 1575/1575/1575
f 1577/1577/1577 1576/1576/1576 1575/1575/1575
f 1580/1580/1580 1579/1579/1579 1578/1578/1578
f 1581/1581/1581 1580/1580/1580 1578/1578/1578
f 1582/1582/1582 1580/1580/1580 1581/1581/1581
f 1583/1583/1583 1582/1582/1582 1581/1581/1581
f 1586/1586/1586 1585/1585/1585 1584/1584/1584
f 1587/1587/1587 1586/1586/1586 1584/1584/1584
f 1584/1584/1584 1585/1585/1585 1588/1588/1588
f 1589/1589/1589 1584/1584/1584 1588/1588/1588
f 1588/1588/1588 1585/1585/1585 1590/1590/1590
f 1591/1591/1591 1585/1585/1585 1586/1586/1586
f 1594/1594/1594 1593/1593/1593 1592/1592/1592
f 1595/1595/1595 1594/1594/1594 1592/1592/1592
f 1598/1598/1598 1597/1597/1597 1596/1596/1596
f 1599/1599/1599 1598/1598/1598 1596/1596/1596
f 1602/1602/1602 1601/1601/1601 1600/1600/1600
f 1603/1603/1603 1602/1602/1602 1600/1600/1600
f 1606/1606/1606 1605/1605/1605 1604/1604/1604
f 1607/1607/1607 1606/1606/1606 1604/1604/1604
f 1608/1608/1608 1606/1606/1606 1607/1607/1607
f 1609/1609/1609 1608/1608/1608 1607/1607/1607
f 1610/1610/1610 1608/1608/1608 1609/1609/1609
f 1611/1611/1611 1610/1610/1610 1609/1609/1609
f 1614/1614/1614 1613/1613/1613 1612/1612/1612
f 1615/1615/1615 1614/1614/1614 1612/1612/1612
f 1616/1616/1616 1614/1614/1614 1615/1615/1615
f 1617/1617/1617 1616/1616/1616 1615/1615/1615
f 1620/1620/1620 1619/1619/1619 1618/1618/1618
f 1621/1621/1621 1620/1620/1620 1618/1618/1618
f 1618/1618/1618 1619/1619/1619 1622/1622/1622
f 1623/1623/1623 1618/1618/1618 1622/1622/1622
f 1622/1622/1622 1619/1619/1619 1624/1624/1624
f 1625/1625/1625 1619/1619/1619 1620/1620/1620
f 1628/1628/1628 1627/1627/1627 1626/1626/1626
f 1629/1629/1629 1628/1628/1628 1626/1626/1626
f 1630/1630/1630 1627/1627/1627 1628/1628/1628
f 1631/1631/1631 1630/1630/1630 1628/1628/1628
f 1634/1634/1634 1633/1633/1633 1632/1632/1632
f 1635/1635/1635 1634/1634/1634 1632/1632/1632
f 1633/1633/1633 1636/1636/1636 1632/1632/1632
f 1636/1636/1636 1637/1637/1637 1632/1632/1632
f 1636/1636/1636 1638/1638/1638 1637/1637/1637
f 1638/1638/1638 1639/1639/1639 1637/1637/1637
f 1638/1638/1638 1640/1640/1640 1639/1639/1639
f 1640/1640/1640 1641/1641/1641 1639/1639/1639
f 1640/1640/1640 1642/1642/1642 1641/1641/1641
f 1642/1642/1642 1643/1643/1643 1641/1641/1641
f 1646/1646/1646 1645/1645/1645 1644/1644/1644
f 1647/1647/1647 1646/1646/1646 1644/1644/1644
f 1650/1650/1650 1649/1649/1649 1648/1648/1648
f 1651/1651/1651 1650/1650/1650 1648/1648/1648
f 1650/1650/1650 1652/1652/1652 1649/1649/1649
f 1651/1651/1651 1648/1648/1648 1653/1653/1653
f 1651/1651/1651 1653/1653/1653 1654/1654/1654
f 1655/1655/1655 1651/1651/1651 1654/1654/1654
f 1655/1655/1655 1654/1654/1654 1656/1656/1656
f 1657/1657/1657 1655/1655/1655 1656/1656/1656
f 1657/1657/1657 1656/1656/1656 1658/1658/1658
f 1659/1659/1659 1657/1657/1657 1658/1658/1658
f 1658/1658/1658 1660/1660/1660 1659/1659/1659
f 1660/1660/1660 1661/1661/1661 1659/1659/1659
f 1662/1662/1662 1661/1661/1661 1660/1660/1660
f 1658/1658/1658 1663/1663/1663 1660/1660/1660
f 1663/1663/1663 1664/1664/1664 1660/1660/1660
f 1664/1664/1664 1665/1665/1665 1660/1660/1660
f 1661/1661/1661 1662/1662/1662 1666/1666/1666
f 1662/1662/1662 1667/1667/1667 1666/1666/1666
f 1670/1670/1670 1669/1669/1669 1668/1668/1668
f 1671/1671/1671 1670/1670/1670 1668/1668/1668
f 1674/1674/1674 1673/1673/1673 1672/1672/1672
f 1675/1675/1675 1674/1674/1674 1672/1672/1672
f 1675/1675/1675 1672/1672/1672 1676/1676/1676
f 1677/1677/1677 1675/1675/1675 1676/1676/1676
f 1677/1677/1677 1676/1676/1676 1678/1678/1678
f 1679/1679/1679 1677/1677/1677 1678/1678/1678
f 1679/1679/1679 1678/1678/1678 1680/1680/1680
f 1681/1681/1681 1679/1679/1679 1680/1680/1680
f 1684/1684/1684 1683/1683/1683 1682/1682/1682
f 1685/1685/1685 1682/1682/1682 1683/1683/1683
f 1686/1686/1686 1685/1685/1685 1683/1683/1683
f 1683/1683/1683 1687/1687/1687 1686/1686/1686
f 1687/1687/1687 1688/1688/1688 1686/1686/1686
f 1689/1689/1689 1684/1684/1684 1682/1682/1682
f 1692/1692/1692 1691/1691/1691 1690/1690/1690
f 1693/1693/1693 1692/1692/1692 1690/1690/1690
f 1694/1694/1694 1692/1692/1692 1693/1693/1693
f 1695/1695/1695 1694/1694/1694 1693/1693/1693
f 1690/1690/1690 1691/1691/1691 1696/1696/1696
f 1691/1691/1691 1697/1697/1697 1696/1696/1696
f 1696/1696/1696 1697/1697/1697 1698/1698/1698
f 1699/1699/1699 1696/1696/1696 1698/1698/1698
f 1700/1700/1700 1699/1699/1699 1698/1698/1698
f 1701/1701/1701 1700/1700/1700 1698/1698/1698
f 1697/1697/1697 1702/1702/1702 1698/1698/1698
f 1703/1703/1703 1698/1698/1698 1702/1702/1702
f 1702/1702/1702 1704/1704/1704 1703/1703/1703
f 1704/1704/1704 1705/1705/1705 1703/1703/1703
f 1695/1695/1695 1706/1706/1706 1694/1694/1694
f 1706/1706/1706 1707/1707/1707 1694/1694/1694
f 1707/1707/1707 1706/1706/1706 1708/1708/1708
f 1706/1706/1706 1709/1709/1709 1708/1708/1708
f 1712/1712/1712 1711/1711/1711 1710/1710/1710
f 1713/1713/1713 1712/1712/1712 1710/1710/1710
f 1716/1716/1716 1715/1715/1715 1714/1714/1714
f 1717/1717/1717 1716/1716/1716 1714/1714/1714
f 1720/1720/1720 1719/1719/1719 1718/1718/1718
f 1721/1721/1721 1720/1720/1720 1718/1718/1718
f 1722/1722/1722 1719/1719/1719 1720/1720/1720
f 1723/1723/1723 1722/1722/1722 1720/1720/1720
f 1724/1724/1724 1721/1721/1721 1718/1718/1718
f 1725/1725/1725 1724/1724/1724 1718/1718/1718
f 1726/1726/1726 1722/1722/1722 1723/1723/1723
f 1727/1727/1727 1726/1726/1726 1723/1723/1723
f 1728/1728/1728 1724/1724/1724 1725/1725/1725
f 1729/1729/1729 1728/1728/1728 1725/1725/1725
f 1732/1732/1732 1731/1731/1731 1730/1730/1730
f 1731/1731/1731 1733/1733/1733 1730/1730/1730
f 1733/1733/1733 1734/1734/1734 1730/1730/1730
f 1734/1734/1734 1735/1735/1735 1730/1730/1730
f 1735/1735/1735 1736/1736/1736 1730/1730/1730
f 1737/1737/1737 1732/1732/1732 1730/1730/1730
f 1740/1740/1740 1739/1739/1739 1738/1738/1738
f 1741/1741/1741 1740/1740/1740 1738/1738/1738
f 1744/1744/1744 1743/1743/1743 1742/1742/1742
f 1745/1745/1745 1744/1744/1744 1742/1742/1742
f 1748/1748/1748 1747/1747/1747 1746/1746/1746
f 1749/1749/1749 1748/1748/1748 1746/1746/1746
f 1746/1746/1746 1747/1747/1747 1750/1750/1750
f 1747/1747/1747 1751/1751/1751 1750/1750/1750
f 1750/1750/1750 1751/1751/1751 1752/1752/1752
f 1751/1751/1751 1753/1753/1753 1752/1752/1752
f 1752/1752/1752 1753/1753/1753 1754/1754/1754
f 1753/1753/1753 1755/1755/1755 1754/1754/1754
f 1754/1754/1754 1755/1755/1755 1756/1756/1756
f 1755/1755/1755 1757/1757/1757 1756/1756/1756
f 1756/1756/1756 1757/1757/1757 1758/1758/1758
f 1757/1757/1757 1759/1759/1759 1758/1758/1758
f 1758/1758/1758 1759/1759/1759 1760/1760/1760
f 1759/1759/1759 1761/1761/1761 1760/1760/1760
f 1760/1760/1760 1761/1761/1761 1762/1762/1762
f 1761/1761/1761 1763/1763/1763 1762/1762/1762
f 1749/1749/1749 1764/1764/1764 1748/1748/1748
f 1763/1763/1763 1765/1765/1765 1762/1762/1762
f 1765/1765/1765 1766/1766/1766 1762/1762/1762
f 1764/1764/1764 1767/1767/1767 1748/1748/1748
f 1770/1770/1770 1769/1769/1769 1768/1768/1768
f 1771/1771/1771 1770/1770/1770 1768/1768/1768
f 1768/1768/1768 1772/1772/1772 1771/1771/1771
f 1772/1772/1772 1768/1768/1768 1773/1773/1773
f 1768/1768/1768 1774/1774/1774 1773/1773/1773
f 1773/1773/1773 1775/1775/1775 1772/1772/1772
f 1772/1772/1772 1776/1776/1776 1771/1771/1771
f 1777/1777/1777 1770/1770/1770 1771/1771/1771
f 1776/1776/1776 1772/1772/1772 1778/1778/1778
f 1772/1772/1772 1779/1779/1779 1778/1778/1778
f 1772/1772/1772 1775/1775/1775 1780/1780/1780
f 1779/1779/1779 1772/1772/1772 1780/1780/1780
f 1783/1783/1783 1782/1782/1782 1781/1781/1781
f 1783/1783/1783 1784/1784/1784 1782/1782/1782
f 1783/1783/1783 1785/1785/1785 1784/1784/1784
f 1785/1785/1785 1786/1786/1786 1784/1784/1784
f 1782/1782/1782 1784/1784/1784 1787/1787/1787
f 1784/1784/1784 1788/1788/1788 1787/1787/1787
f 1787/1787/1787 1789/1789/1789 1782/1782/1782
f 1790/1790/1790 1781/1781/1781 1782/1782/1782
f 1785/1785/1785 1783/1783/1783 1791/1791/1791
f 1783/1783/1783 1792/1792/1792 1791/1791/1791
f 1783/1783/1783 1781/1781/1781 1793/1793/1793
f 1792/1792/1792 1783/1783/1783 1793/1793/1793
f 1796/1796/1796 1795/1795/1795 1794/1794/1794
f 1797/1797/1797 1796/1796/1796 1794/1794/1794
f 1798/1798/1798 1796/1796/1796 1797/1797/1797
f 1799/1799/1799 1798/1798/1798 1797/1797/1797
f 1800/1800/1800 1798/1798/1798 1799/1799/1799
f 1801/1801/1801 1800/1800/1800 1799/1799/1799
f 1802/1802/1802 1800/1800/1800 1801/1801/1801
f 1803/1803/1803 1802/1802/1802 1801/1801/1801
f 1804/1804/1804 1802/1802/1802 1803/1803/1803
f 1805/1805/1805 1804/1804/1804 1803/1803/1803
f 1806/1806/1806 1804/1804/1804 1805/1805/1805
f 1807/1807/1807 1806/1806/1806 1805/1805/1805
f 1808/1808/1808 1806/1806/1806 1807/1807/1807
f 1809/1809/1809 1808/1808/1808 1807/1807/1807
f 1794/1794/1794 1795/1795/1795 1810/1810/1810
f 1795/1795/1795 1811/1811/1811 1810/1810/1810
f 1814/1814/1814 1813/1813/1813 1812/1812/1812
f 1815/1815/1815 1814/1814/1814 1812/1812/1812
f 1812/1812/1812 1816/1816/1816 1815/1815/1815
f 1816/1816/1816 1812/1812/1812 1817/1817/1817
f 1812/1812/1812 1818/1818/1818 1817/1817/1817
f 1817/1817/1817 1819/1819/1819 1816/1816/1816
f 1820/1820/1820 1814/1814/1814 1815/1815/1815
f 1823/1823/1823 1822/1822/1822 1821/1821/1821
f 1824/1824/1824 1823/1823/1823 1821/1821/1821
f 1824/1824/1824 1821/1821/1821 1825/1825/1825
f 1821/1821/1821 1826/1826/1826 1825/1825/1825
f 1825/1825/1825 1827/1827/1827 1824/1824/1824
f 1824/1824/1824 1828/1828/1828 1823/1823/1823
f 1828/1828/1828 1829/1829/1829 1823/1823/1823
f 1832/1832/1832 1831/1831/1831 1830/1830/1830
f 1833/1833/1833 1832/1832/1832 1830/1830/1830
f 1831/1831/1831 1832/1832/1832 1834/1834/1834
f 1833/1833/1833 1835/1835/1835 1832/1832/1832
f 1835/1835/1835 1836/1836/1836 1832/1832/1832
f 1832/1832/1832 1836/1836/1836 1834/1834/1834
f 1836/1836/1836 1837/1837/1837 1834/1834/1834
f 1837/1837/1837 1838/1838/1838 1834/1834/1834
f 1838/1838/1838 1839/1839/1839 1834/1834/1834
f 1833/1833/1833 1830/1830/1830 1840/1840/1840
f 1841/1841/1841 1840/1840/1840 1830/1830/1830
f 1842/1842/1842 1841/1841/1841 1830/1830/1830
f 1841/1841/1841 1843/1843/1843 1840/1840/1840
f 1843/1843/1843 1844/1844/1844 1840/1840/1840
f 1844/1844/1844 1835/1835/1835 1833/1833/1833
f 1840/1840/1840 1844/1844/1844 1833/1833/1833
f 1845/1845/1845 1831/1831/1831 1834/1834/1834
f 1839/1839/1839 1845/1845/1845 1834/1834/1834
f 1831/1831/1831 1845/1845/1845 1846/1846/1846
f 1846/1846/1846 1845/1845/1845 1847/1847/1847
f 1848/1848/1848 1846/1846/1846 1847/1847/1847
f 1851/1851/1851 1850/1850/1850 1849/1849/1849
f 1852/1852/1852 1851/1851/1851 1849/1849/1849
f 1853/1853/1853 1851/1851/1851 1852/1852/1852
f 1853/1853/1853 1854/1854/1854 1851/1851/1851
f 1851/1851/1851 1854/1854/1854 1855/1855/1855
f 1856/1856/1856 1851/1851/1851 1855/1855/1855
f 1856/1856/1856 1855/1855/1855 1857/1857/1857
f 1857/1857/1857 1858/1858/1858 1856/1856/1856
f 1858/1858/1858 1859/1859/1859 1856/1856/1856
f 1859/1859/1859 1860/1860/1860 1856/1856/1856
f 1863/1863/1863 1862/1862/1862 1861/1861/1861
f 1864/1864/1864 1863/1863/1863 1861/1861/1861
f 1864/1864/1864 1861/1861/1861 1865/1865/1865
f 1866/1866/1866 1861/1861/1861 1862/1862/1862
f 1867/1867/1867 1862/1862/1862 1863/1863/1863
f 1868/1868/1868 1867/1867/1867 1863/1863/1863
f 1869/1869/1869 1867/1867/1867 1868/1868/1868
f 1869/1869/1869 1868/1868/1868 1870/1870/1870
f 1868/1868/1868 1871/1871/1871 1870/1870/1870
f 1867/1867/1867 1869/1869/1869 1872/1872/1872
f 1873/1873/1873 1867/1867/1867 1872/1872/1872
f 1870/1870/1870 1871/1871/1871 1874/1874/1874
f 1871/1871/1871 1875/1875/1875 1874/1874/1874
f 1873/1873/1873 1872/1872/1872 1876/1876/1876
f 1877/1877/1877 1873/1873/1873 1876/1876/1876
f 1880/1880/1880 1879/1879/1879 1878/1878/1878
f 1881/1881/1881 1880/1880/1880 1878/1878/1878
f 1882/1882/1882 1878/1878/1878 1879/1879/1879
f 1883/1883/1883 1882/1882/1882 1879/1879/1879
f 1884/1884/1884 1882/1882/1882 1883/1883/1883
f 1885/1885/1885 1884/1884/1884 1883/1883/1883
f 1886/1886/1886 1884/1884/1884 1885/1885/1885
f 1887/1887/1887 1886/1886/1886 1885/1885/1885
f 1888/1888/1888 1886/1886/1886 1887/1887/1887
f 1889/1889/1889 1888/1888/1888 1887/1887/1887
f 1892/1892/1892 1891/1891/1891 1890/1890/1890
f 1893/1893/1893 1892/1892/1892 1890/1890/1890
f 1892/1892/1892 1893/1893/1893 1894/1894/1894
f 1893/1893/1893 1895/1895/1895 1894/1894/1894
f 1895/1895/1895 1893/1893/1893 1896/1896/1896
f 1893/1893/1893 1897/1897/1897 1896/1896/1896
f 1896/1896/1896 1897/1897/1897 1898/1898/1898
f 1897/1897/1897 1899/1899/1899 1898/1898/1898
f 1897/1897/1897 1900/1900/1900 1899/1899/1899
f 1900/1900/1900 1901/1901/1901 1899/1899/1899
f 1895/1895/1895 1896/1896/1896 1902/1902/1902
f 1895/1895/1895 1902/1902/1902 1903/1903/1903
f 1904/1904/1904 1895/1895/1895 1903/1903/1903
f 1907/1907/1907 1906/1906/1906 1905/1905/1905
f 1908/1908/1908 1907/1907/1907 1905/1905/1905
f 1907/1907/1907 1908/1908/1908 1909/1909/1909
f 1910/1910/1910 1907/1907/1907 1909/1909/1909
f 1911/1911/1911 1907/1907/1907 1910/1910/1910
f 1912/1912/1912 1911/1911/1911 1910/1910/1910
f 1913/1913/1913 1912/1912/1912 1910/1910/1910
f 1914/1914/1914 1906/1906/1906 1907/1907/1907
f 1911/1911/1911 1914/1914/1914 1907/1907/1907
f 1910/1910/1910 1909/1909/1909 1915/1915/1915
f 1913/1913/1913 1910/1910/1910 1915/1915/1915
f 1915/1915/1915 1916/1916/1916 1913/1913/1913
f 1916/1916/1916 1917/1917/1917 1913/1913/1913
f 1912/1912/1912 1913/1913/1913 1917/1917/1917
f 1916/1916/1916 1918/1918/1918 1917/1917/1917
f 1918/1918/1918 1919/1919/1919 1917/1917/1917
f 1912/1912/1912 1917/1917/1917 1919/1919/1919
f 1920/1920/1920 1912/1912/1912 1919/1919/1919
f 1914/1914/1914 1911/1911/1911 1921/1921/1921
f 1914/1914/1914 1921/1921/1921 1922/1922/1922
f 1921/1921/1921 1923/1923/1923 1922/1922/1922
f 1926/1926/1926 1925/1925/1925 1924/1924/1924
f 1927/1927/1927 1926/1926/1926 1924/1924/1924
f 1924/1924/1924 1925/1925/1925 1928/1928/1928
f 1929/1929/1929 1924/1924/1924 1928/1928/1928
f 1928/1928/1928 1930/1930/1930 1929/1929/1929
f 1930/1930/1930 1931/1931/1931 1929/1929/1929
f 1926/1926/1926 1927/1927/1927 1932/1932/1932
f 1927/1927/1927 1933/1933/1933 1932/1932/1932
f 1933/1933/1933 1934/1934/1934 1932/1932/1932
f 1934/1934/1934 1935/1935/1935 1932/1932/1932
f 1934/1934/1934 1936/1936/1936 1935/1935/1935
f 1936/1936/1936 1937/1937/1937 1935/1935/1935
f 1940/1940/1940 1939/1939/1939 1938/1938/1938
f 1941/1941/1941 1940/1940/1940 1938/1938/1938
f 1941/1941/1941 1938/1938/1938 1942/1942/1942
f 1943/1943/1943 1941/1941/1941 1942/1942/1942
f 1940/1940/1940 1944/1944/1944 1939/1939/1939
f 1944/1944/1944 1945/1945/1945 1939/1939/1939
f 1944/1944/1944 1946/1946/1946 1945/1945/1945
f 1946/1946/1946 1947/1947/1947 1945/1945/1945
f 1946/1946/1946 1948/1948/1948 1947/1947/1947
f 1948/1948/1948 1949/1949/1949 1947/1947/1947
f 1952/1952/1952 1951/1951/1951 1950/1950/1950
f 1953/1953/1953 1952/1952/1952 1950/1950/1950
f 1954/1954/1954 1953/1953/1953 1950/1950/1950
f 1952/1952/1952 1953/1953/1953 1955/1955/1955
f 1956/1956/1956 1955/1955/1955 1953/1953/1953
f 1957/1957/1957 1955/1955/1955 1956/1956/1956
f 1958/1958/1958 1955/1955/1955 1957/1957/1957
f 1959/1959/1959 1958/1958/1958 1957/1957/1957
f 1960/1960/1960 1950/1950/1950 1951/1951/1951
f 1961/1961/1961 1960/1960/1960 1951/1951/1951
f 1960/1960/1960 1961/1961/1961 1962/1962/1962
f 1961/1961/1961 1963/1963/1963 1962/1962/1962
f 1964/1964/1964 1960/1960/1960 1962/1962/1962
f 1964/1964/1964 1954/1954/1954 1950/1950/1950
f 1960/1960/1960 1964/1964/1964 1950/1950/1950
f 1967/1967/1967 1966/1966/1966 1965/1965/1965
f 1968/1968/1968 1967/1967/1967 1965/1965/1965
f 1967/1967/1967 1968/1968/1968 1969/1969/1969
f 1970/1970/1970 1967/1967/1967 1969/1969/1969
f 1970/1970/1970 1969/1969/1969 1971/1971/1971
f 1971/1971/1971 1969/1969/1969 1972/1972/1972
f 1973/1973/1973 1971/1971/1971 1972/1972/1972
f 1965/1965/1965 1974/1974/1974 1968/1968/1968
f 1965/1965/1965 1966/1966/1966 1975/1975/1975
f 1976/1976/1976 1965/1965/1965 1975/1975/1975
f 1965/1965/1965 1976/1976/1976 1974/1974/1974
f 1976/1976/1976 1975/1975/1975 1977/1977/1977
f 1976/1976/1976 1977/1977/1977 1978/1978/1978
f 1976/1976/1976 1978/1978/1978 1974/1974/1974
f 1977/1977/1977 1979/1979/1979 1978/1978/1978
f 1982/1982/1982 1981/1981/1981 1980/1980/1980
f 1983/1983/1983 1982/1982/1982 1980/1980/1980
f 1984/1984/1984 1982/1982/1982 1983/1983/1983
f 1985/1985/1985 1984/1984/1984 1983/1983/1983
f 1981/1981/1981 1986/1986/1986 1980/1980/1980
f 1986/1986/1986 1987/1987/1987 1980/1980/1980
f 1986/1986/1986 1988/1988/1988 1987/1987/1987
f 1988/1988/1988 1989/1989/1989 1987/1987/1987
f 1990/1990/1990 1983/1983/1983 1980/1980/1980
f 1991/1991/1991 1990/1990/1990 1980/1980/1980
f 1992/1992/1992 1985/1985/1985 1983/1983/1983
f 1990/1990/1990 1992/1992/1992 1983/1983/1983
f 1987/1987/1987 1989/1989/1989 1993/1993/1993
f 1994/1994/1994 1987/1987/1987 1993/1993/1993
f 1980/1980/1980 1987/1987/1987 1994/1994/1994
f 1991/1991/1991 1980/1980/1980 1994/1994/1994
f 1997/1997/1997 1996/1996/1996 1995/1995/1995
f 1998/1998/1998 1997/1997/1997 1995/1995/1995
f 1998/1998/1998 1995/1995/1995 1999/1999/1999
f 2000/2000/2000 1998/1998/1998 1999/1999/1999
f 2001/2001/2001 2000/2000/2000 1999/1999/1999
f 2002/2002/2002 2001/2001/2001 1999/1999/1999
f 2003/2003/2003 2001/2001/2001 2002/2002/2002
f 2004/2004/2004 2003/2003/2003 2002/2002/2002
f 1995/1995/1995 1996/1996/1996 2005/2005/2005
f 2006/2006/2006 1995/1995/1995 2005/2005/2005
f 1999/1999/1999 1995/1995/1995 2006/2006/2006
f 2007/2007/2007 1999/1999/1999 2006/2006/2006
f 2008/2008/2008 2002/2002/2002 1999/1999/1999
f 2007/2007/2007 2008/2008/2008 1999/1999/1999
f 2009/2009/2009 2004/2004/2004 2002/2002/2002
f 2008/2008/2008 2009/2009/2009 2002/2002/2002
f 2012/2012/2012 2011/2011/2011 2010/2010/2010
f 2013/2013/2013 2012/2012/2012 2010/2010/2010
f 2013/2013/2013 2014/2014/2014 2012/2012/2012
f 2014/2014/2014 2015/2015/2015 2012/2012/2012
f 2014/2014/2014 2013/2013/2013 2016/2016/2016
f 2017/2017/2017 2013/2013/2013 2010/2010/2010
f 2020/2020/2020 2019/2019/2019 2018/2018/2018
f 2021/2021/2021 2020/2020/2020 2018/2018/2018
f 2021/2021/2021 2022/2022/2022 2020/2020/2020
f 2022/2022/2022 2023/2023/2023 2020/2020/2020
f 2022/2022/2022 2021/2021/2021 2024/2024/2024
f 2025/2025/2025 2021/2021/2021 2018/2018/2018
f 2028/2028/2028 2027/2027/2027 2026/2026/2026
f 2029/2029/2029 2028/2028/2028 2026/2026/2026
f 2030/2030/2030 2028/2028/2028 2029/2029/2029
f 2031/2031/2031 2030/2030/2030 2029/2029/2029
f 2034/2034/2034 2033/2033/2033 2032/2032/2032
f 2035/2035/2035 2034/2034/2034 2032/2032/2032
f 2032/2032/2032 2033/2033/2033 2036/2036/2036
f 2033/2033/2033 2037/2037/2037 2036/2036/2036
f 2036/2036/2036 2037/2037/2037 2038/2038/2038
f 2037/2037/2037 2039/2039/2039 2038/2038/2038
f 2042/2042/2042 2041/2041/2041 2040/2040/2040
f 2043/2043/2043 2042/2042/2042 2040/2040/2040
f 2046/2046/2046 2045/2045/2045 2044/2044/2044
f 2047/2047/2047 2046/2046/2046 2044/2044/2044
f 2050/2050/2050 2049/2049/2049 2048/2048/2048
f 2051/2051/2051 2050/2050/2050 2048/2048/2048
f 2054/2054/2054 2053/2053/2053 2052/2052/2052
f 2055/2055/2055 2054/2054/2054 2052/2052/2052
f 2055/2055/2055 2056/2056/2056 2054/2054/2054
f 2056/2056/2056 2057/2057/2057 2054/2054/2054
f 2056/2056/2056 2055/2055/2055 2058/2058/2058
f 2059/2059/2059 2055/2055/2055 2052/2052/2052
f 2062/2062/2062 2061/2061/2061 2060/2060/2060
f 2063/2063/2063 2062/2062/2062 2060/2060/2060
f 2066/2066/2066 2065/2065/2065 2064/2064/2064
f 2067/2067/2067 2066/2066/2066 2064/2064/2064
f 2070/2070/2070 2069/2069/2069 2068/2068/2068
f 2071/2071/2071 2070/2070/2070 2068/2068/2068
f 2074/2074/2074 2073/2073/2073 2072/2072/2072
f 2075/2075/2075 2074/2074/2074 2072/2072/2072
f 2078/2078/2078 2077/2077/2077 2076/2076/2076
f 2079/2079/2079 2078/2078/2078 2076/2076/2076
f 2082/2082/2082 2081/2081/2081 2080/2080/2080
f 2083/2083/2083 2082/2082/2082 2080/2080/2080
f 2086/2086/2086 2085/2085/2085 2084/2084/2084
f 2087/2087/2087 2086/2086/2086 2084/2084/2084
f 2085/2085/2085 2086/2086/2086 2088/2088/2088
f 2089/2089/2089 2085/2085/2085 2088/2088/2088
f 2092/2092/2092 2091/2091/2091 2090/2090/2090
f 2093/2093/2093 2092/2092/2092 2090/2090/2090
f 2096/2096/2096 2095/2095/2095 2094/2094/2094
f 2097/2097/2097 2096/2096/2096 2094/2094/2094
f 2100/2100/2100 2099/2099/2099 2098/2098/2098
f 2101/2101/2101 2100/2100/2100 2098/2098/2098
f 2102/2102/2102 2100/2100/2100 2101/2101/2101
f 2103/2103/2103 2102/2102/2102 2101/2101/2101
f 2099/2099/2099 2104/2104/2104 2098/2098/2098
f 2104/2104/2104 2105/2105/2105 2098/2098/2098
f 2104/2104/2104 2106/2106/2106 2105/2105/2105
f 2106/2106/2106 2107/2107/2107 2105/2105/2105
f 2108/2108/2108 2101/2101/2101 2098/2098/2098
f 2109/2109/2109 2108/2108/2108 2098/2098/2098
f 2110/2110/2110 2103/2103/2103 2101/2101/2101
f 2108/2108/2108 2110/2110/2110 2101/2101/2101
f 2105/2105/2105 2107/2107/2107 2111/2111/2111
f 2112/2112/2112 2105/2105/2105 2111/2111/2111
f 2098/2098/2098 2105/2105/2105 2112/2112/2112
f 2109/2109/2109 2098/2098/2098 2112/2112/2112
f 2115/2115/2115 2114/2114/2114 2113/2113/2113
f 2116/2116/2116 2115/2115/2115 2113/2113/2113
f 2116/2116/2116 2113/2113/2113 2117/2117/2117
f 2118/2118/2118 2116/2116/2116 2117/2117/2117
f 2119/2119/2119 2118/2118/2118 2117/2117/2117
f 2120/2120/2120 2119/2119/2119 2117/2117/2117
f 2121/2121/2121 2119/2119/2119 2120/2120/2120
f 2122/2122/2122 2121/2121/2121 2120/2120/2120
f 2113/2113/2113 2114/2114/2114 2123/2123/2123
f 2124/2124/2124 2113/2113/2113 2123/2123/2123
f 2117/2117/2117 2113/2113/2113 2124/2124/2124
f 2125/2125/2125 2117/2117/2117 2124/2124/2124
f 2126/2126/2126 2120/2120/2120 2117/2117/2117
f 2125/2125/2125 2126/2126/2126 2117/2117/2117
f 2127/2127/2127 2122/2122/2122 2120/2120/2120
f 2126/2126/2126 2127/2127/2127 2120/2120/2120
f 2130/2130/2130 2129/2129/2129 2128/2128/2128
f 2131/2131/2131 2130/2130/2130 2128/2128/2128
f 2131/2131/2131 2132/2132/2132 2130/2130/2130
f 2132/2132/2132 2133/2133/2133 2130/2130/2130
f 2132/2132/2132 2131/2131/2131 2134/2134/2134
f 2135/2135/2135 2131/2131/2131 2128/2128/2128
f 2138/2138/2138 2137/2137/2137 2136/2136/2136
f 2139/2139/2139 2138/2138/2138 2136/2136/2136
f 2139/2139/2139 2140/2140/2140 2138/2138/2138
f 2140/2140/2140 2141/2141/2141 2138/2138/2138
f 2140/2140/2140 2139/2139/2139 2142/2142/2142
f 2143/2143/2143 2139/2139/2139 2136/2136/2136
f 2146/2146/2146 2145/2145/2145 2144/2144/2144
f 2147/2147/2147 2146/2146/2146 2144/2144/2144
f 2148/2148/2148 2146/2146/2146 2147/2147/2147
f 2149/2149/2149 2148/2148/2148 2147/2147/2147
f 2152/2152/2152 2151/2151/2151 2150/2150/2150
f 2153/2153/2153 2152/2152/2152 2150/2150/2150
f 2150/2150/2150 2151/2151/2151 2154/2154/2154
f 2151/2151/2151 2155/2155/2155 2154/2154/2154
f 2158/2158/2158 2157/2157/2157 2156/2156/2156
f 2159/2159/2159 2158/2158/2158 2156/2156/2156
f 2156/2156/2156 2157/2157/2157 2160/2160/2160
f 2157/2157/2157 2161/2161/2161 2160/2160/2160
f 2164/2164/2164 2163/2163/2163 2162/2162/2162
f 2165/2165/2165 2164/2164/2164 2162/2162/2162
f 2168/2168/2168 2167/2167/2167 2166/2166/2166
f 2169/2169/2169 2168/2168/2168 2166/2166/2166
f 2172/2172/2172 2171/2171/2171 2170/2170/2170
f 2173/2173/2173 2172/2172/2172 2170/2170/2170
f 2173/2173/2173 2174/2174/2174 2172/2172/2172
f 2174/2174/2174 2175/2175/2175 2172/2172/2172
f 2174/2174/2174 2173/2173/2173 2176/2176/2176
f 2177/2177/2177 2173/2173/2173 2170/2170/2170
f 2180/2180/2180 2179/2179/2179 2178/2178/2178
f 2181/2181/2181 2180/2180/2180 2178/2178/2178
f 2184/2184/2184 2183/2183/2183 2182/2182/2182
f 2185/2185/2185 2184/2184/2184 2182/2182/2182
f 2188/2188/2188 2187/2187/2187 2186/2186/2186
f 2189/2189/2189 2188/2188/2188 2186/2186/2186
f 2192/2192/2192 2191/2191/2191 2190/2190/2190
f 2193/2193/2193 2192/2192/2192 2190/2190/2190
f 2196/2196/2196 2195/2195/2195 2194/2194/2194
f 2197/2197/2197 2196/2196/2196 2194/2194/2194
f 2200/2200/2200 2199/2199/2199 2198/2198/2198
f 2201/2201/2201 2200/2200/2200 2198/2198/2198
f 2204/2204/2204 2203/2203/2203 2202/2202/2202
f 2205/2205/2205 2204/2204/2204 2202/2202/2202
f 2203/2203/2203 2204/2204/2204 2206/2206/2206
f 2207/2207/2207 2203/2203/2203 2206/2206/2206
f 2210/2210/2210 2209/2209/2209 2208/2208/2208
f 2211/2211/2211 2210/2210/2210 2208/2208/2208
f 2214/2214/2214 2213/2213/2213 2212/2212/2212
f 2215/2215/2215 2214/2214/2214 2212/2212/2212
f 2218/2218/2218 2217/2217/2217 2216/2216/2216
f 2219/2219/2219 2218/2218/2218 2216/2216/2216
f 2219/2219/2219 2216/2216/2216 2220/2220/2220
f 2221/2221/2221 2219/2219/2219 2220/2220/2220
f 2221/2221/2221 2220/2220/2220 2222/2222/2222
f 2223/2223/2223 2221/2221/2221 2222/2222/2222
f 2224/2224/2224 2223/2223/2223 2222/2222/2222
f 2225/2225/2225 2224/2224/2224 2222/2222/2222
f 2226/2226/2226 2224/2224/2224 2225/2225/2225
f 2227/2227/2227 2226/2226/2226 2225/2225/2225
f 2220/2220/2220 2216/2216/2216 2228/2228/2228
f 2216/2216/2216 2229/2229/2229 2228/2228/2228
f 2217/2217/2217 2229/2229/2229 2216/2216/2216
f 2217/2217/2217 2230/2230/2230 2229/2229/2229
f 2220/2220/2220 2228/2228/2228 2231/2231/2231
f 2222/2222/2222 2220/2220/2220 2231/2231/2231
f 2225/2225/2225 2222/2222/2222 2231/2231/2231
f 2232/2232/2232 2225/2225/2225 2231/2231/2231
f 2232/2232/2232 2227/2227/2227 2225/2225/2225
f 2227/2227/2227 2232/2232/2232 2233/2233/2233
f 2236/2236/2236 2235/2235/2235 2234/2234/2234
f 2237/2237/2237 2236/2236/2236 2234/2234/2234
f 2235/2235/2235 2236/2236/2236 2238/2238/2238
f 2236/2236/2236 2239/2239/2239 2238/2238/2238
f 2242/2242/2242 2241/2241/2241 2240/2240/2240
f 2243/2243/2243 2242/2242/2242 2240/2240/2240
f 2244/2244/2244 2242/2242/2242 2243/2243/2243
f 2245/2245/2245 2244/2244/2244 2243/2243/2243
f 2248/2248/2248 2247/2247/2247 2246/2246/2246
f 2249/2249/2249 2248/2248/2248 2246/2246/2246
f 2252/2252/2252 2251/2251/2251 2250/2250/2250
f 2253/2253/2253 2252/2252/2252 2250/2250/2250
f 2254/2254/2254 2252/2252/2252 2253/2253/2253
f 2255/2255/2255 2254/2254/2254 2253/2253/2253
f 2256/2256/2256 2254/2254/2254 2255/2255/2255
f 2257/2257/2257 2256/2256/2256 2255/2255/2255
f 2258/2258/2258 2256/2256/2256 2257/2257/2257
f 2259/2259/2259 2258/2258/2258 2257/2257/2257
f 2260/2260/2260 2258/2258/2258 2259/2259/2259
f 2261/2261/2261 2260/2260/2260 2259/2259/2259
f 2262/2262/2262 2260/2260/2260 2261/2261/2261
f 2263/2263/2263 2262/2262/2262 2261/2261/2261
f 2250/2250/2250 2251/2251/2251 2264/2264/2264
f 2251/2251/2251 2265/2265/2265 2264/2264/2264
f 2264/2264/2264 2265/2265/2265 2266/2266/2266
f 2265/2265/2265 2267/2267/2267 2266/2266/2266
f 2268/2268/2268 2255/2255/2255 2253/2253/2253
f 2269/2269/2269 2268/2268/2268 2253/2253/2253
f 2270/2270/2270 2257/2257/2257 2255/2255/2255
f 2268/2268/2268 2270/2270/2270 2255/2255/2255
f 2271/2271/2271 2259/2259/2259 2257/2257/2257
f 2270/2270/2270 2271/2271/2271 2257/2257/2257
f 2272/2272/2272 2261/2261/2261 2259/2259/2259
f 2271/2271/2271 2272/2272/2272 2259/2259/2259
f 2273/2273/2273 2263/2263/2263 2261/2261/2261
f 2272/2272/2272 2273/2273/2273 2261/2261/2261
f 2274/2274/2274 2264/2264/2264 2266/2266/2266
f 2275/2275/2275 2274/2274/2274 2266/2266/2266
f 2274/2274/2274 2276/2276/2276 2264/2264/2264
f 2276/2276/2276 2269/2269/2269 2250/2250/2250
f 2276/2276/2276 2250/2250/2250 2264/2264/2264
f 2269/2269/2269 2253/2253/2253 2250/2250/2250
f 2279/2279/2279 2278/2278/2278 2277/2277/2277
f 2280/2280/2280 2279/2279/2279 2277/2277/2277
f 2277/2277/2277 2278/2278/2278 2281/2281/2281
f 2282/2282/2282 2277/2277/2277 2281/2281/2281
f 2281/2281/2281 2278/2278/2278 2283/2283/2283
f 2284/2284/2284 2278/2278/2278 2279/2279/2279
f 2287/2287/2287 2286/2286/2286 2285/2285/2285
f 2288/2288/2288 2287/2287/2287 2285/2285/2285
f 2289/2289/2289 2287/2287/2287 2288/2288/2288
f 2290/2290/2290 2289/2289/2289 2288/2288/2288
f 2291/2291/2291 2289/2289/2289 2290/2290/2290
f 2292/2292/2292 2291/2291/2291 2290/2290/2290
f 2293/2293/2293 2291/2291/2291 2292/2292/2292
f 2294/2294/2294 2293/2293/2293 2292/2292/2292
f 2295/2295/2295 2293/2293/2293 2294/2294/2294
f 2296/2296/2296 2295/2295/2295 2294/2294/2294
f 2297/2297/2297 2295/2295/2295 2296/2296/2296
f 2298/2298/2298 2297/2297/2297 2296/2296/2296
f 2285/2285/2285 2286/2286/2286 2299/2299/2299
f 2286/2286/2286 2300/2300/2300 2299/2299/2299
f 2299/2299/2299 2300/2300/2300 2301/2301/2301
f 2300/2300/2300 2302/2302/2302 2301/2301/2301
f 2303/2303/2303 2290/2290/2290 2288/2288/2288
f 2304/2304/2304 2303/2303/2303 2288/2288/2288
f 2305/2305/2305 2292/2292/2292 2290/2290/2290
f 2303/2303/2303 2305/2305/2305 2290/2290/2290
f 2306/2306/2306 2294/2294/2294 2292/2292/2292
f 2305/2305/2305 2306/2306/2306 2292/2292/2292
f 2307/2307/2307 2296/2296/2296 2294/2294/2294
f 2306/2306/2306 2307/2307/2307 2294/2294/2294
f 2308/2308/2308 2298/2298/2298 2296/2296/2296
f 2307/2307/2307 2308/2308/2308 2296/2296/2296
f 2309/2309/2309 2299/2299/2299 2301/2301/2301
f 2310/2310/2310 2309/2309/2309 2301/2301/2301
f 2309/2309/2309 2311/2311/2311 2299/2299/2299
f 2311/2311/2311 2304/2304/2304 2285/2285/2285
f 2311/2311/2311 2285/2285/2285 2299/2299/2299
f 2304/2304/2304 2288/2288/2288 2285/2285/2285
f 2314/2314/2314 2313/2313/2313 2312/2312/2312
f 2315/2315/2315 2314/2314/2314 2312/2312/2312
f 2312/2312/2312 2313/2313/2313 2316/2316/2316
f 2317/2317/2317 2312/2312/2312 2316/2316/2316
f 2316/2316/2316 2313/2313/2313 2318/2318/2318
f 2319/2319/2319 2313/2313/2313 2314/2314/2314
f 2322/2322/2322 2321/2321/2321 2320/2320/2320
f 2323/2323/2323 2322/2322/2322 2320/2320/2320
f 2326/2326/2326 2325/2325/2325 2324/2324/2324
f 2327/2327/2327 2326/2326/2326 2324/2324/2324
f 2330/2330/2330 2329/2329/2329 2328/2328/2328
f 2331/2331/2331 2330/2330/2330 2328/2328/2328
f 2334/2334/2334 2333/2333/2333 2332/2332/2332
f 2335/2335/2335 2334/2334/2334 2332/2332/2332
f 2338/2338/2338 2337/2337/2337 2336/2336/2336
f 2339/2339/2339 2338/2338/2338 2336/2336/2336
f 2342/2342/2342 2341/2341/2341 2340/2340/2340
f 2343/2343/2343 2342/2342/2342 2340/2340/2340
f 2346/2346/2346 2345/2345/2345 2344/2344/2344
f 2347/2347/2347 2346/2346/2346 2344/2344/2344
f 2347/2347/2347 2348/2348/2348 2346/2346/2346
f 2348/2348/2348 2349/2349/2349 2346/2346/2346
f 2348/2348/2348 2350/2350/2350 2349/2349/2349
f 2350/2350/2350 2351/2351/2351 2349/2349/2349
f 2351/2351/2351 2352/2352/2352 2349/2349/2349
f 2355/2355/2355 2354/2354/2354 2353/2353/2353
f 2356/2356/2356 2355/2355/2355 2353/2353/2353
f 2356/2356/2356 2353/2353/2353 2357/2357/2357
f 2353/2353/2353 2358/2358/2358 2357/2357/2357
f 2358/2358/2358 2359/2359/2359 2357/2357/2357
f 2359/2359/2359 2358/2358/2358 2360/2360/2360
f 2358/2358/2358 2361/2361/2361 2360/2360/2360
f 2364/2364/2364 2363/2363/2363 2362/2362/2362
f 2365/2365/2365 2364/2364/2364 2362/2362/2362
f 2368/2368/2368 2367/2367/2367 2366/2366/2366
f 2369/2369/2369 2368/2368/2368 2366/2366/2366
f 2368/2368/2368 2370/2370/2370 2367/2367/2367
f 2370/2370/2370 2371/2371/2371 2367/2367/2367
f 2370/2370/2370 2372/2372/2372 2371/2371/2371
f 2372/2372/2372 2373/2373/2373 2371/2371/2371
f 2372/2372/2372 2374/2374/2374 2373/2373/2373
f 2374/2374/2374 2375/2375/2375 2373/2373/2373
f 2378/2378/2378 2377/2377/2377 2376/2376/2376
f 2379/2379/2379 2378/2378/2378 2376/2376/2376
f 2382/2382/2382 2381/2381/2381 2380/2380/2380
f 2383/2383/2383 2382/2382/2382 2380/2380/2380
f 2382/2382/2382 2384/2384/2384 2381/2381/2381
f 2384/2384/2384 2385/2385/2385 2381/2381/2381
f 2384/2384/2384 2386/2386/2386 2385/2385/2385
f 2386/2386/2386 2387/2387/2387 2385/2385/2385
f 2390/2390/2390 2389/2389/2389 2388/2388/2388
f 2391/2391/2391 2390/2390/2390 2388/2388/2388
f 2394/2394/2394 2393/2393/2393 2392/2392/2392
f 2395/2395/2395 2394/2394/2394 2392/2392/2392
f 2398/2398/2398 2397/2397/2397 2396/2396/2396
f 2399/2399/2399 2398/2398/2398 2396/2396/2396
f 2400/2400/2400 2398/2398/2398 2399/2399/2399
f 2401/2401/2401 2400/2400/2400 2399/2399/2399
f 2404/2404/2404 2403/2403/2403 2402/2402/2402
f 2405/2405/2405 2404/2404/2404 2402/2402/2402
f 2406/2406/2406 2404/2404/2404 2405/2405/2405
f 2407/2407/2407 2406/2406/2406 2405/2405/2405
f 2410/2410/2410 2409/2409/2409 2408/2408/2408
f 2411/2411/2411 2410/2410/2410 2408/2408/2408
f 2414/2414/2414 2413/2413/2413 2412/2412/2412
f 2415/2415/2415 2414/2414/2414 2412/2412/2412
f 2418/2418/2418 2417/2417/2417 2416/2416/2416
f 2419/2419/2419 2418/2418/2418 2416/2416/2416
f 2419/2419/2419 2420/2420/2420 2418/2418/2418
f 2420/2420/2420 2421/2421/2421 2418/2418/2418
f 2419/2419/2419 2422/2422/2422 2420/2420/2420
f 2419/2419/2419 2416/2416/2416 2423/2423/2423
f 2426/2426/2426 2425/2425/2425 2424/2424/2424
f 2427/2427/2427 2426/2426/2426 2424/2424/2424
f 2427/2427/2427 2428/2428/2428 2426/2426/2426
f 2428/2428/2428 2429/2429/2429 2426/2426/2426
f 2427/2427/2427 2430/2430/2430 2428/2428/2428
f 2427/2427/2427 2424/2424/2424 2431/2431/2431
f 2434/2434/2434 2433/2433/2433 2432/2432/2432
f 2435/2435/2435 2434/2434/2434 2432/2432/2432
f 2434/2434/2434 2435/2435/2435 2436/2436/2436
f 2435/2435/2435 2437/2437/2437 2436/2436/2436
f 2440/2440/2440 2439/2439/2439 2438/2438/2438
f 2441/2441/2441 2440/2440/2440 2438/2438/2438
f 2440/2440/2440 2442/2442/2442 2439/2439/2439
f 2442/2442/2442 2443/2443/2443 2439/2439/2439
f 2446/2446/2446 2445/2445/2445 2444/2444/2444
f 2447/2447/2447 2446/2446/2446 2444/2444/2444
f 2446/2446/2446 2448/2448/2448 2445/2445/2445
f 2448/2448/2448 2449/2449/2449 2445/2445/2445
f 2452/2452/2452 2451/2451/2451 2450/2450/2450
f 2453/2453/2453 2452/2452/2452 2450/2450/2450
f 2456/2456/2456 2455/2455/2455 2454/2454/2454
f 2457/2457/2457 2456/2456/2456 2454/2454/2454
f 2456/2456/2456 2458/2458/2458 2455/2455/2455
f 2458/2458/2458 2459/2459/2459 2455/2455/2455
f 2462/2462/2462 2461/2461/2461 2460/2460/2460
f 2463/2463/2463 2462/2462/2462 2460/2460/2460
f 2466/2466/2466 2465/2465/2465 2464/2464/2464
f 2467/2467/2467 2466/2466/2466 2464/2464/2464
f 2464/2464/2464 2465/2465/2465 2468/2468/2468
f 2465/2465/2465 2469/2469/2469 2468/2468/2468
f 2472/2472/2472 2471/2471/2471 2470/2470/2470
f 2473/2473/2473 2472/2472/2472 2470/2470/2470
f 2474/2474/2474 2472/2472/2472 2473/2473/2473
f 2475/2475/2475 2474/2474/2474 2473/2473/2473
f 2476/2476/2476 2474/2474/2474 2475/2475/2475
f 2477/2477/2477 2476/2476/2476 2475/2475/2475
f 2478/2478/2478 2476/2476/2476 2477/2477/2477
f 2479/2479/2479 2478/2478/2478 2477/2477/2477
f 2482/2482/2482 2481/2481/2481 2480/2480/2480
f 2483/2483/2483 2482/2482/2482 2480/2480/2480
f 2484/2484/2484 2482/2482/2482 2483/2483/2483
f 2485/2485/2485 2484/2484/2484 2483/2483/2483
f 2488/2488/2488 2487/2487/2487 2486/2486/2486
f 2489/2489/2489 2488/2488/2488 2486/2486/2486
f 2489/2489/2489 2490/2490/2490 2488/2488/2488
f 2490/2490/2490 2491/2491/2491 2488/2488/2488
f 2489/2489/2489 2492/2492/2492 2490/2490/2490
f 2489/2489/2489 2486/2486/2486 2493/2493/2493
f 2496/2496/2496 2495/2495/2495 2494/2494/2494
f 2497/2497/2497 2496/2496/2496 2494/2494/2494
f 2497/2497/2497 2498/2498/2498 2496/2496/2496
f 2498/2498/2498 2499/2499/2499 2496/2496/2496
f 2497/2497/2497 2500/2500/2500 2498/2498/2498
f 2497/2497/2497 2494/2494/2494 2501/2501/2501
f 2504/2504/2504 2503/2503/2503 2502/2502/2502
f 2505/2505/2505 2504/2504/2504 2502/2502/2502
f 2504/2504/2504 2506/2506/2506 2503/2503/2503
f 2506/2506/2506 2507/2507/2507 2503/2503/2503
f 2506/2506/2506 2508/2508/2508 2507/2507/2507
f 2508/2508/2508 2509/2509/2509 2507/2507/2507
f 2508/2508/2508 2510/2510/2510 2509/2509/2509
f 2510/2510/2510 2511/2511/2511 2509/2509/2509
f 2510/2510/2510 2512/2512/2512 2511/2511/2511
f 2512/2512/2512 2513/2513/2513 2511/2511/2511
f 2512/2512/2512 2514/2514/2514 2513/2513/2513
f 2514/2514/2514 2515/2515/2515 2513/2513/2513
f 2505/2505/2505 2502/2502/2502 2516/2516/2516
f 2517/2517/2517 2505/2505/2505 2516/2516/2516
f 2517/2517/2517 2516/2516/2516 2518/2518/2518
f 2519/2519/2519 2517/2517/2517 2518/2518/2518
f 2505/2505/2505 2520/2520/2520 2504/2504/2504
f 2506/2506/2506 2521/2521/2521 2508/2508/2508
f 2522/2522/2522 2521/2521/2521 2506/2506/2506
f 2520/2520/2520 2522/2522/2522 2504/2504/2504
f 2504/2504/2504 2522/2522/2522 2506/2506/2506
f 2510/2510/2510 2523/2523/2523 2512/2512/2512
f 2524/2524/2524 2523/2523/2523 2510/2510/2510
f 2521/2521/2521 2524/2524/2524 2508/2508/2508
f 2508/2508/2508 2524/2524/2524 2510/2510/2510
f 2519/2519/2519 2525/2525/2525 2517/2517/2517
f 2525/2525/2525 2526/2526/2526 2517/2517/2517
f 2526/2526/2526 2520/2520/2520 2505/2505/2505
f 2517/2517/2517 2526/2526/2526 2505/2505/2505
f 2523/2523/2523 2527/2527/2527 2512/2512/2512
f 2512/2512/2512 2527/2527/2527 2514/2514/2514
f 2527/2527/2527 2528/2528/2528 2514/2514/2514
f 2531/2531/2531 2530/2530/2530 2529/2529/2529
f 2532/2532/2532 2531/2531/2531 2529/2529/2529
f 2532/2532/2532 2533/2533/2533 2531/2531/2531
f 2533/2533/2533 2534/2534/2534 2531/2531/2531
f 2532/2532/2532 2535/2535/2535 2533/2533/2533
f 2532/2532/2532 2529/2529/2529 2536/2536/2536
f 2539/2539/2539 2538/2538/2538 2537/2537/2537
f 2540/2540/2540 2539/2539/2539 2537/2537/2537
f 2540/2540/2540 2541/2541/2541 2539/2539/2539
f 2541/2541/2541 2542/2542/2542 2539/2539/2539
f 2540/2540/2540 2543/2543/2543 2541/2541/2541
f 2540/2540/2540 2537/2537/2537 2544/2544/2544
f 2547/2547/2547 2546/2546/2546 2545/2545/2545
f 2548/2548/2548 2547/2547/2547 2545/2545/2545
f 2547/2547/2547 2549/2549/2549 2546/2546/2546
f 2549/2549/2549 2550/2550/2550 2546/2546/2546
f 2549/2549/2549 2551/2551/2551 2550/2550/2550
f 2551/2551/2551 2552/2552/2552 2550/2550/2550
f 2551/2551/2551 2553/2553/2553 2552/2552/2552
f 2553/2553/2553 2554/2554/2554 2552/2552/2552
f 2553/2553/2553 2555/2555/2555 2554/2554/2554
f 2555/2555/2555 2556/2556/2556 2554/2554/2554
f 2555/2555/2555 2557/2557/2557 2556/2556/2556
f 2557/2557/2557 2558/2558/2558 2556/2556/2556
f 2548/2548/2548 2545/2545/2545 2559/2559/2559
f 2560/2560/2560 2548/2548/2548 2559/2559/2559
f 2560/2560/2560 2559/2559/2559 2561/2561/2561
f 2562/2562/2562 2560/2560/2560 2561/2561/2561
f 2548/2548/2548 2563/2563/2563 2547/2547/2547
f 2549/2549/2549 2564/2564/2564 2551/2551/2551
f 2565/2565/2565 2564/2564/2564 2549/2549/2549
f 2563/2563/2563 2565/2565/2565 2547/2547/2547
f 2547/2547/2547 2565/2565/2565 2549/2549/2549
f 2553/2553/2553 2566/2566/2566 2555/2555/2555
f 2567/2567/2567 2566/2566/2566 2553/2553/2553
f 2564/2564/2564 2567/2567/2567 2551/2551/2551
f 2551/2551/2551 2567/2567/2567 2553/2553/2553
f 2562/2562/2562 2568/2568/2568 2560/2560/2560
f 2568/2568/2568 2569/2569/2569 2560/2560/2560
f 2569/2569/2569 2563/2563/2563 2548/2548/2548
f 2560/2560/2560 2569/2569/2569 2548/2548/2548
f 2566/2566/2566 2570/2570/2570 2555/2555/2555
f 2555/2555/2555 2570/2570/2570 2557/2557/2557
f 2570/2570/2570 2571/2571/2571 2557/2557/2557
f 2574/2574/2574 2573/2573/2573 2572/2572/2572
f 2575/2575/2575 2574/2574/2574 2572/2572/2572
f 2575/2575/2575 2576/2576/2576 2574/2574/2574
f 2576/2576/2576 2577/2577/2577 2574/2574/2574
f 2575/2575/2575 2578/2578/2578 2576/2576/2576
f 2575/2575/2575 2572/2572/2572 2579/2579/2579
f 2582/2582/2582 2581/2581/2581 2580/2580/2580
f 2583/2583/2583 2582/2582/2582 2580/2580/2580
f 2583/2583/2583 2584/2584/2584 2582/2582/2582
f 2584/2584/2584 2585/2585/2585 2582/2582/2582
f 2583/2583/2583 2586/2586/2586 2584/2584/2584
f 2583/2583/2583 2580/2580/2580 2587/2587/2587
f 2590/2590/2590 2589/2589/2589 2588/2588/2588
f 2591/2591/2591 2590/2590/2590 2588/2588/2588
f 2590/2590/2590 2592/2592/2592 2589/2589/2589
f 2592/2592/2592 2593/2593/2593 2589/2589/2589
f 2592/2592/2592 2594/2594/2594 2593/2593/2593
f 2594/2594/2594 2595/2595/2595 2593/2593/2593
f 2594/2594/2594 2596/2596/2596 2595/2595/2595
f 2596/2596/2596 2597/2597/2597 2595/2595/2595
f 2596/2596/2596 2598/2598/2598 2597/2597/2597
f 2598/2598/2598 2599/2599/2599 2597/2597/2597
f 2598/2598/2598 2600/2600/2600 2599/2599/2599
f 2600/2600/2600 2601/2601/2601 2599/2599/2599
f 2591/2591/2591 2588/2588/2588 2602/2602/2602
f 2603/2603/2603 2591/2591/2591 2602/2602/2602
f 2603/2603/2603 2602/2602/2602 2604/2604/2604
f 2605/2605/2605 2603/2603/2603 2604/2604/2604
f 2591/2591/2591 2606/2606/2606 2590/2590/2590
f 2592/2592/2592 2607/2607/2607 2594/2594/2594
f 2608/2608/2608 2607/2607/2607 2592/2592/2592
f 2606/2606/2606 2608/2608/2608 2590/2590/2590
f 2590/2590/2590 2608/2608/2608 2592/2592/2592
f 2596/2596/2596 2609/2609/2609 2598/2598/2598
f 2610/2610/2610 2609/2609/2609 2596/2596/2596
f 2607/2607/2607 2610/2610/2610 2594/2594/2594
f 2594/2594/2594 2610/2610/2610 2596/2596/2596
f 2605/2605/2605 2611/2611/2611 2603/2603/2603
f 2611/2611/2611 2612/2612/2612 2603/2603/2603
f 2612/2612/2612 2606/2606/2606 2591/2591/2591
f 2603/2603/2603 2612/2612/2612 2591/2591/2591
f 2609/2609/2609 2613/2613/2613 2598/2598/2598
f 2598/2598/2598 2613/2613/2613 2600/2600/2600
f 2613/2613/2613 2614/2614/2614 2600/2600/2600
f 2617/2617/2617 2616/2616/2616 2615/2615/2615
f 2618/2618/2618 2617/2617/2617 2615/2615/2615
f 2618/2618/2618 2619/2619/2619 2617/2617/2617
f 2619/2619/2619 2620/2620/2620 2617/2617/2617
f 2618/2618/2618 2621/2621/2621 2619/2619/2619
f 2618/2618/2618 2615/2615/2615 2622/2622/2622
f 2625/2625/2625 2624/2624/2624 2623/2623/2623
f 2626/2626/2626 2625/2625/2625 2623/2623/2623
f 2626/2626/2626 2627/2627/2627 2625/2625/2625
f 2627/2627/2627 2628/2628/2628 2625/2625/2625
f 2626/2626/2626 2629/2629/2629 2627/2627/2627
f 2626/2626/2626 2623/2623/2623 2630/2630/2630
f 2633/2633/2633 2632/2632/2632 2631/2631/2631
f 2634/2634/2634 2633/2633/2633 2631/2631/2631
f 2637/2637/2637 2636/2636/2636 2635/2635/2635
f 2638/2638/2638 2637/2637/2637 2635/2635/2635
f 2639/2639/2639 2637/2637/2637 2638/2638/2638
f 2640/2640/2640 2639/2639/2639 2638/2638/2638
f 2641/2641/2641 2639/2639/2639 2640/2640/2640
f 2642/2642/2642 2641/2641/2641 2640/2640/2640
f 2643/2643/2643 2641/2641/2641 2642/2642/2642
f 2644/2644/2644 2643/2643/2643 2642/2642/2642
f 2645/2645/2645 2643/2643/2643 2644/2644/2644
f 2646/2646/2646 2645/2645/2645 2644/2644/2644
f 2647/2647/2647 2645/2645/2645 2646/2646/2646
f 2648/2648/2648 2647/2647/2647 2646/2646/2646
f 2649/2649/2649 2647/2647/2647 2648/2648/2648
f 2650/2650/2650 2649/2649/2649 2648/2648/2648
f 2651/2651/2651 2649/2649/2649 2650/2650/2650
f 2652/2652/2652 2651/2651/2651 2650/2650/2650
f 2655/2655/2655 2654/2654/2654 2653/2653/2653
f 2656/2656/2656 2655/2655/2655 2653/2653/2653
f 2636/2636/2636 2655/2655/2655 2656/2656/2656
f 2635/2635/2635 2636/2636/2636 2656/2656/2656
f 2659/2659/2659 2658/2658/2658 2657/2657/2657
f 2660/2660/2660 2659/2659/2659 2657/2657/2657
f 2660/2660/2660 2661/2661/2661 2659/2659/2659
f 2661/2661/2661 2662/2662/2662 2659/2659/2659
f 2660/2660/2660 2663/2663/2663 2661/2661/2661
f 2663/2663/2663 2664/2664/2664 2661/2661/2661
f 2660/2660/2660 2665/2665/2665 2663/2663/2663
f 2660/2660/2660 2657/2657/2657 2666/2666/2666
f 2669/2669/2669 2668/2668/2668 2667/2667/2667
f 2670/2670/2670 2669/2669/2669 2667/2667/2667
f 2670/2670/2670 2671/2671/2671 2669/2669/2669
f 2671/2671/2671 2672/2672/2672 2669/2669/2669
f 2670/2670/2670 2673/2673/2673 2671/2671/2671
f 2673/2673/2673 2674/2674/2674 2671/2671/2671
f 2670/2670/2670 2675/2675/2675 2673/2673/2673
f 2670/2670/2670 2667/2667/2667 2676/2676/2676
f 2679/2679/2679 2678/2678/2678 2677/2677/2677
f 2680/2680/2680 2679/2679/2679 2677/2677/2677
f 2678/2678/2678 2679/2679/2679 2681/2681/2681
f 2679/2679/2679 2682/2682/2682 2681/2681/2681
f 2681/2681/2681 2682/2682/2682 2683/2683/2683
f 2682/2682/2682 2684/2684/2684 2683/2683/2683
f 2684/2684/2684 2685/2685/2685 2683/2683/2683
f 2685/2685/2685 2686/2686/2686 2683/2683/2683
f 2686/2686/2686 2687/2687/2687 2683/2683/2683
f 2686/2686/2686 2688/2688/2688 2687/2687/2687
f 2688/2688/2688 2689/2689/2689 2687/2687/2687
f 2685/2685/2685 2684/2684/2684 2690/2690/2690
f 2693/2693/2693 2692/2692/2692 2691/2691/2691
f 2694/2694/2694 2693/2693/2693 2691/2691/2691
f 2692/2692/2692 2695/2695/2695 2691/2691/2691
f 2695/2695/2695 2696/2696/2696 2691/2691/2691
f 2695/2695/2695 2697/2697/2697 2696/2696/2696
f 2697/2697/2697 2698/2698/2698 2696/2696/2696
f 2698/2698/2698 2697/2697/2697 2699/2699/2699
f 2700/2700/2700 2698/2698/2698 2699/2699/2699
f 2697/2697/2697 2701/2701/2701 2699/2699/2699
f 2700/2700/2700 2702/2702/2702 2698/2698/2698
f 2697/2697/2697 2703/2703/2703 2701/2701/2701
f 2703/2703/2703 2704/2704/2704 2701/2701/2701
f 2703/2703/2703 2705/2705/2705 2704/2704/2704
f 2702/2702/2702 2700/2700/2700 2706/2706/2706
f 2699/2699/2699 2706/2706/2706 2700/2700/2700
f 2707/2707/2707 2702/2702/2702 2706/2706/2706
f 2706/2706/2706 2708/2708/2708 2707/2707/2707
f 2711/2711/2711 2710/2710/2710 2709/2709/2709
f 2712/2712/2712 2711/2711/2711 2709/2709/2709
f 2711/2711/2711 2713/2713/2713 2710/2710/2710
f 2713/2713/2713 2714/2714/2714 2710/2710/2710
f 2713/2713/2713 2715/2715/2715 2714/2714/2714
f 2715/2715/2715 2716/2716/2716 2714/2714/2714
f 2717/2717/2717 2716/2716/2716 2715/2715/2715
f 2718/2718/2718 2717/2717/2717 2715/2715/2715
f 2718/2718/2718 2719/2719/2719 2717/2717/2717
f 2719/2719/2719 2720/2720/2720 2717/2717/2717
f 2723/2723/2723 2722/2722/2722 2721/2721/2721
f 2724/2724/2724 2723/2723/2723 2721/2721/2721
f 2721/2721/2721 2722/2722/2722 2725/2725/2725
f 2721/2721/2721 2725/2725/2725 2726/2726/2726
f 2727/2727/2727 2721/2721/2721 2726/2726/2726
f 2730/2730/2730 2729/2729/2729 2728/2728/2728
f 2731/2731/2731 2730/2730/2730 2728/2728/2728
f 2730/2730/2730 2731/2731/2731 2732/2732/2732
f 2731/2731/2731 2733/2733/2733 2732/2732/2732
f 2732/2732/2732 2733/2733/2733 2734/2734/2734
f 2735/2735/2735 2732/2732/2732 2734/2734/2734
f 2738/2738/2738 2737/2737/2737 2736/2736/2736
f 2739/2739/2739 2737/2737/2737 2738/2738/2738
f 2740/2740/2740 2739/2739/2739 2738/2738/2738
f 2739/2739/2739 2740/2740/2740 2741/2741/2741
f 2742/2742/2742 2739/2739/2739 2741/2741/2741
f 2743/2743/2743 2739/2739/2739 2742/2742/2742
f 2744/2744/2744 2743/2743/2743 2742/2742/2742
f 2740/2740/2740 2738/2738/2738 2745/2745/2745
f 2738/2738/2738 2746/2746/2746 2745/2745/2745
f 2738/2738/2738 2747/2747/2747 2746/2746/2746
f 2736/2736/2736 2747/2747/2747 2738/2738/2738
f 2747/2747/2747 2748/2748/2748 2746/2746/2746
f 2751/2751/2751 2750/2750/2750 2749/2749/2749
f 2749/2749/2749 2750/2750/2750 2752/2752/2752
f 2753/2753/2753 2749/2749/2749 2752/2752/2752
f 2754/2754/2754 2752/2752/2752 2750/2750/2750
f 2755/2755/2755 2754/2754/2754 2750/2750/2750
f 2755/2755/2755 2750/2750/2750 2756/2756/2756
f 2757/2757/2757 2755/2755/2755 2756/2756/2756
f 2758/2758/2758 2757/2757/2757 2756/2756/2756
f 2758/2758/2758 2756/2756/2756 2759/2759/2759
f 2760/2760/2760 2758/2758/2758 2759/2759/2759
f 2750/2750/2750 2761/2761/2761 2756/2756/2756
f 2751/2751/2751 2761/2761/2761 2750/2750/2750
f 2764/2764/2764 2763/2763/2763 2762/2762/2762
f 2765/2765/2765 2764/2764/2764 2762/2762/2762
f 2762/2762/2762 2763/2763/2763 2766/2766/2766
f 2763/2763/2763 2767/2767/2767 2766/2766/2766
f 2770/2770/2770 2769/2769/2769 2768/2768/2768
f 2771/2771/2771 2770/2770/2770 2768/2768/2768
f 2774/2774/2774 2773/2773/2773 2772/2772/2772
f 2775/2775/2775 2774/2774/2774 2772/2772/2772
f 2778/2778/2778 2777/2777/2777 2776/2776/2776
f 2779/2779/2779 2778/2778/2778 2776/2776/2776
f 2779/2779/2779 2776/2776/2776 2780/2780/2780
f 2781/2781/2781 2779/2779/2779 2780/2780/2780
f 2777/2777/2777 2778/2778/2778 2782/2782/2782
f 2780/2780/2780 2783/2783/2783 2781/2781/2781
f 2783/2783/2783 2780/2780/2780 2784/2784/2784
f 2785/2785/2785 2781/2781/2781 2783/2783/2783
f 2788/2788/2788 2787/2787/2787 2786/2786/2786
f 2791/2791/2791 2790/2790/2790 2789/2789/2789
f 2794/2794/2794 2793/2793/2793 2792/2792/2792
f 2795/2795/2795 2794/2794/2794 2792/2792/2792
f 2798/2798/2798 2797/2797/2797 2796/2796/2796
f 2798/2798/2798 2796/2796/2796 2799/2799/2799
f 2802/2802/2802 2801/2801/2801 2800/2800/2800
f 2805/2805/2805 2804/2804/2804 2803/2803/2803
f 2808/2808/2808 2807/2807/2807 2806/2806/2806
f 2809/2809/2809 2808/2808/2808 2806/2806/2806
f 2810/2810/2810 2808/2808/2808 2809/2809/2809
f 2811/2811/2811 2810/2810/2810 2809/2809/2809
f 2812/2812/2812 2810/2810/2810 2811/2811/2811
f 2813/2813/2813 2812/2812/2812 2811/2811/2811
f 2812/2812/2812 2813/2813/2813 2814/2814/2814
f 2806/2806/2806 2807/2807/2807 2815/2815/2815
f 2816/2816/2816 2815/2815/2815 2807/2807/2807
f 2816/2816/2816 2817/2817/2817 2815/2815/2815
f 2817/2817/2817 2818/2818/2818 2815/2815/2815
f 2817/2817/2817 2819/2819/2819 2818/2818/2818
f 2820/2820/2820 2818/2818/2818 2819/2819/2819
f 2821/2821/2821 2820/2820/2820 2819/2819/2819
f 2821/2821/2821 2822/2822/2822 2820/2820/2820
f 2823/2823/2823 2820/2820/2820 2822/2822/2822
f 2826/2826/2826 2825/2825/2825 2824/2824/2824
f 2827/2827/2827 2826/2826/2826 2824/2824/2824
f 2827/2827/2827 2824/2824/2824 2828/2828/2828
f 2829/2829/2829 2827/2827/2827 2828/2828/2828
f 2828/2828/2828 2830/2830/2830 2829/2829/2829
f 2830/2830/2830 2831/2831/2831 2829/2829/2829
f 2826/2826/2826 2832/2832/2832 2825/2825/2825
f 2825/2825/2825 2832/2832/2832 2833/2833/2833
f 2833/2833/2833 2832/2832/2832 2834/2834/2834
f 2832/2832/2832 2835/2835/2835 2834/2834/2834
f 2834/2834/2834 2835/2835/2835 2836/2836/2836
f 2835/2835/2835 2837/2837/2837 2836/2836/2836
f 2837/2837/2837 2838/2838/2838 2836/2836/2836
f 2838/2838/2838 2837/2837/2837 2839/2839/2839
f 2837/2837/2837 2840/2840/2840 2839/2839/2839
f 2841/2841/2841 2831/2831/2831 2830/2830/2830
f 2844/2844/2844 2843/2843/2843 2842/2842/2842
f 2845/2845/2845 2844/2844/2844 2842/2842/2842
f 2845/2845/2845 2846/2846/2846 2844/2844/2844
f 2846/2846/2846 2847/2847/2847 2844/2844/2844
f 2848/2848/2848 2847/2847/2847 2846/2846/2846
f 2849/2849/2849 2848/2848/2848 2846/2846/2846
f 2850/2850/2850 2848/2848/2848 2849/2849/2849
f 2851/2851/2851 2850/2850/2850 2849/2849/2849
f 2851/2851/2851 2852/2852/2852 2850/2850/2850
f 2852/2852/2852 2853/2853/2853 2850/2850/2850
f 2853/2853/2853 2852/2852/2852 2854/2854/2854
f 2857/2857/2857 2856/2856/2856 2855/2855/2855
f 2858/2858/2858 2857/2857/2857 2855/2855/2855
f 2861/2861/2861 2860/2860/2860 2859/2859/2859
f 2862/2862/2862 2861/2861/2861 2859/2859/2859
f 2865/2865/2865 2864/2864/2864 2863/2863/2863
f 2866/2866/2866 2865/2865/2865 2863/2863/2863
f 2863/2863/2863 2864/2864/2864 2867/2867/2867
f 2864/2864/2864 2868/2868/2868 2867/2867/2867
f 2867/2867/2867 2868/2868/2868 2869/2869/2869
f 2870/2870/2870 2867/2867/2867 2869/2869/2869
f 2870/2870/2870 2869/2869/2869 2871/2871/2871
f 2872/2872/2872 2870/2870/2870 2871/2871/2871
f 2875/2875/2875 2874/2874/2874 2873/2873/2873
f 2876/2876/2876 2875/2875/2875 2873/2873/2873
f 2876/2876/2876 2873/2873/2873 2877/2877/2877
f 2878/2878/2878 2876/2876/2876 2877/2877/2877
f 2878/2878/2878 2877/2877/2877 2879/2879/2879
f 2879/2879/2879 2877/2877/2877 2880/2880/2880
f 2879/2879/2879 2880/2880/2880 2881/2881/2881
f 2880/2880/2880 2882/2882/2882 2881/2881/2881
f 2885/2885/2885 2884/2884/2884 2883/2883/2883
f 2886/2886/2886 2885/2885/2885 2883/2883/2883
f 2883/2883/2883 2884/2884/2884 2887/2887/2887
f 2884/2884/2884 2888/2888/2888 2887/2887/2887
f 2887/2887/2887 2888/2888/2888 2889/2889/2889
f 2888/2888/2888 2890/2890/2890 2889/2889/2889
f 2889/2889/2889 2890/2890/2890 2891/2891/2891
f 2890/2890/2890 2892/2892/2892 2891/2891/2891
f 2893/2893/2893 2891/2891/2891 2892/2892/2892
f 2896/2896/2896 2895/2895/2895 2894/2894/2894
f 2897/2897/2897 2896/2896/2896 2894/2894/2894
f 2898/2898/2898 2897/2897/2897 2894/2894/2894
f 2899/2899/2899 2898/2898/2898 2894/2894/2894
f 2899/2899/2899 2900/2900/2900 2898/2898/2898
f 2903/2903/2903 2902/2902/2902 2901/2901/2901
f 2904/2904/2904 2903/2903/2903 2901/2901/2901
f 2907/2907/2907 2906/2906/2906 2905/2905/2905
f 2908/2908/2908 2907/2907/2907 2905/2905/2905
f 2907/2907/2907 2909/2909/2909 2906/2906/2906
f 2909/2909/2909 2910/2910/2910 2906/2906/2906
f 2909/2909/2909 2907/2907/2907 2911/2911/2911
f 2907/2907/2907 2912/2912/2912 2911/2911/2911
f 2907/2907/2907 2908/2908/2908 2913/2913/2913
f 2912/2912/2912 2907/2907/2907 2913/2913/2913
f 2909/2909/2909 2914/2914/2914 2910/2910/2910
f 2914/2914/2914 2909/2909/2909 2911/2911/2911
f 2913/2913/2913 2908/2908/2908 2915/2915/2915
f 2916/2916/2916 2915/2915/2915 2908/2908/2908
f 2917/2917/2917 2916/2916/2916 2908/2908/2908
f 2908/2908/2908 2918/2918/2918 2917/2917/2917
f 2918/2918/2918 2908/2908/2908 2905/2905/2905
f 2918/2918/2918 2919/2919/2919 2917/2917/2917
f 2922/2922/2922 2921/2921/2921 2920/2920/2920
f 2923/2923/2923 2922/2922/2922 2920/2920/2920
f 2922/2922/2922 2924/2924/2924 2921/2921/2921
f 2924/2924/2924 2925/2925/2925 2921/2921/2921
f 2922/2922/2922 2923/2923/2923 2926/2926/2926
f 2927/2927/2927 2922/2922/2922 2926/2926/2926
f 2924/2924/2924 2922/2922/2922 2928/2928/2928
f 2931/2931/2931 2930/2930/2930 2929/2929/2929
f 2932/2932/2932 2931/2931/2931 2929/2929/2929
f 2933/2933/2933 2931/2931/2931 2932/2932/2932
f 2936/2936/2936 2935/2935/2935 2934/2934/2934
f 2937/2937/2937 2936/2936/2936 2934/2934/2934
f 2938/2938/2938 2936/2936/2936 2937/2937/2937
f 2939/2939/2939 2938/2938/2938 2937/2937/2937
f 2940/2940/2940 2938/2938/2938 2939/2939/2939
f 2941/2941/2941 2940/2940/2940 2939/2939/2939
f 2942/2942/2942 2937/2937/2937 2934/2934/2934
f 2943/2943/2943 2942/2942/2942 2934/2934/2934
f 2944/2944/2944 2939/2939/2939 2937/2937/2937
f 2942/2942/2942 2944/2944/2944 2937/2937/2937
f 2945/2945/2945 2941/2941/2941 2939/2939/2939
f 2944/2944/2944 2945/2945/2945 2939/2939/2939
f 2946/2946/2946 2934/2934/2934 2935/2935/2935
f 2943/2943/2943 2934/2934/2934 2946/2946/2946
f 2949/2949/2949 2948/2948/2948 2947/2947/2947
f 2950/2950/2950 2949/2949/2949 2947/2947/2947
f 2949/2949/2949 2950/2950/2950 2951/2951/2951
f 2950/2950/2950 2952/2952/2952 2951/2951/2951
f 2951/2951/2951 2952/2952/2952 2953/2953/2953
f 2954/2954/2954 2951/2951/2951 2953/2953/2953
f 2953/2953/2953 2955/2955/2955 2954/2954/2954
f 2955/2955/2955 2956/2956/2956 2954/2954/2954
f 2957/2957/2957 2956/2956/2956 2955/2955/2955
f 2960/2960/2960 2959/2959/2959 2958/2958/2958
f 2961/2961/2961 2960/2960/2960 2958/2958/2958
f 2958/2958/2958 2959/2959/2959 2962/2962/2962
f 2959/2959/2959 2963/2963/2963 2962/2962/2962
f 2962/2962/2962 2964/2964/2964 2958/2958/2958
f 2964/2964/2964 2965/2965/2965 2958/2958/2958
f 2966/2966/2966 2961/2961/2961 2958/2958/2958
f 2965/2965/2965 2966/2966/2966 2958/2958/2958
f 2962/2962/2962 2963/2963/2963 2967/2967/2967
f 2964/2964/2964 2962/2962/2962 2967/2967/2967
f 2961/2961/2961 2966/2966/2966 2968/2968/2968
f 2968/2968/2968 2969/2969/2969 2961/2961/2961
f 2969/2969/2969 2970/2970/2970 2961/2961/2961
f 2971/2971/2971 2961/2961/2961 2970/2970/2970
f 2961/2961/2961 2971/2971/2971 2960/2960/2960
f 2972/2972/2972 2971/2971/2971 2970/2970/2970
f 2975/2975/2975 2974/2974/2974 2973/2973/2973
f 2976/2976/2976 2975/2975/2975 2973/2973/2973
f 2976/2976/2976 2973/2973/2973 2977/2977/2977
f 2980/2980/2980 2979/2979/2979 2978/2978/2978
f 2981/2981/2981 2980/2980/2980 2978/2978/2978
f 2980/2980/2980 2981/2981/2981 2982/2982/2982
f 2981/2981/2981 2983/2983/2983 2982/2982/2982
f 2982/2982/2982 2983/2983/2983 2984/2984/2984
f 2983/2983/2983 2985/2985/2985 2984/2984/2984
f 2986/2986/2986 2984/2984/2984 2985/2985/2985
f 2989/2989/2989 2988/2988/2988 2987/2987/2987
f 2990/2990/2990 2989/2989/2989 2987/2987/2987
f 2990/2990/2990 2987/2987/2987 2991/2991/2991
f 2992/2992/2992 2990/2990/2990 2991/2991/2991
f 2992/2992/2992 2991/2991/2991 2993/2993/2993
f 2994/2994/2994 2992/2992/2992 2993/2993/2993
f 2995/2995/2995 2994/2994/2994 2993/2993/2993
f 2998/2998/2998 2997/2997/2997 2996/2996/2996
f 2999/2999/2999 2998/2998/2998 2996/2996/2996
f 3002/3002/3002 3001/3001/3001 3000/3000/3000
f 3003/3003/3003 3002/3002/3002 3000/3000/3000
f 3006/3006/3006 3005/3005/3005 3004/3004/3004
f 3007/3007/3007 3006/3006/3006 3004/3004/3004
f 3004/3004/3004 3005/3005/3005 3008/3008/3008
f 3005/3005/3005 3009/3009/3009 3008/3008/3008
f 3008/3008/3008 3009/3009/3009 3010/3010/3010
f 3009/3009/3009 3011/3011/3011 3010/3010/3010
f 3010/3010/3010 3011/3011/3011 3012/3012/3012
f 3011/3011/3011 3013/3013/3013 3012/3012/3012
f 3016/3016/3016 3015/3015/3015 3014/3014/3014
f 3017/3017/3017 3016/3016/3016 3014/3014/3014
f 3014/3014/3014 3015/3015/3015 3018/3018/3018
f 3015/3015/3015 3019/3019/3019 3018/3018/3018
f 3018/3018/3018 3019/3019/3019 3020/3020/3020
f 3019/3019/3019 3021/3021/3021 3020/3020/3020
f 3020/3020/3020 3021/3021/3021 3022/3022/3022
f 3021/3021/3021 3023/3023/3023 3022/3022/3022
f 3022/3022/3022 3023/3023/3023 3024/3024/3024
f 3023/3023/3023 3025/3025/3025 3024/3024/3024
f 3024/3024/3024 3025/3025/3025 3026/3026/3026
f 3025/3025/3025 3027/3027/3027 3026/3026/3026
f 3030/3030/3030 3029/3029/3029 3028/3028/3028
f 3031/3031/3031 3030/3030/3030 3028/3028/3028
f 3030/3030/3030 3032/3032/3032 3029/3029/3029
f 3032/3032/3032 3033/3033/3033 3029/3029/3029
f 3034/3034/3034 3031/3031/3031 3028/3028/3028
f 3035/3035/3035 3034/3034/3034 3028/3028/3028
f 3034/3034/3034 3035/3035/3035 3036/3036/3036
f 3035/3035/3035 3037/3037/3037 3036/3036/3036
f 3038/3038/3038 3036/3036/3036 3037/3037/3037
f 3039/3039/3039 3038/3038/3038 3037/3037/3037
f 3033/3033/3033 3032/3032/3032 3040/3040/3040
f 3041/3041/3041 3038/3038/3038 3039/3039/3039
f 3044/3044/3044 3043/3043/3043 3042/3042/3042
f 3045/3045/3045 3044/3044/3044 3042/3042/3042
f 3046/3046/3046 3044/3044/3044 3045/3045/3045
f 3047/3047/3047 3046/3046/3046 3045/3045/3045
f 3042/3042/3042 3043/3043/3043 3048/3048/3048
f 3049/3049/3049 3042/3042/3042 3048/3048/3048
f 3049/3049/3049 3048/3048/3048 3050/3050/3050
f 3051/3051/3051 3049/3049/3049 3050/3050/3050
f 3051/3051/3051 3050/3050/3050 3052/3052/3052
f 3053/3053/3053 3051/3051/3051 3052/3052/3052
f 3047/3047/3047 3054/3054/3054 3046/3046/3046
f 3055/3055/3055 3053/3053/3053 3052/3052/3052
f 3058/3058/3058 3057/3057/3057 3056/3056/3056
f 3059/3059/3059 3058/3058/3058 3056/3056/3056
f 3062/3062/3062 3061/3061/3061 3060/3060/3060
f 3063/3063/3063 3062/3062/3062 3060/3060/3060
f 3060/3060/3060 3061/3061/3061 3064/3064/3064
f 3061/3061/3061 3065/3065/3065 3064/3064/3064
f 3064/3064/3064 3065/3065/3065 3066/3066/3066
f 3065/3065/3065 3067/3067/3067 3066/3066/3066
f 3070/3070/3070 3069/3069/3069 3068/3068/3068
f 3071/3071/3071 3070/3070/3070 3068/3068/3068
f 3071/3071/3071 3068/3068/3068 3072/3072/3072
f 3068/3068/3068 3073/3073/3073 3072/3072/3072
f 3072/3072/3072 3073/3073/3073 3074/3074/3074
f 3073/3073/3073 3075/3075/3075 3074/3074/3074
f 3074/3074/3074 3075/3075/3075 3076/3076/3076
f 3075/3075/3075 3077/3077/3077 3076/3076/3076
f 3076/3076/3076 3077/3077/3077 3078/3078/3078
f 3077/3077/3077 3079/3079/3079 3078/3078/3078
f 3080/3080/3080 3078/3078/3078 3079/3079/3079
f 3083/3083/3083 3082/3082/3082 3081/3081/3081
f 3084/3084/3084 3083/3083/3083 3081/3081/3081
f 3084/3084/3084 3081/3081/3081 3085/3085/3085
f 3086/3086/3086 3084/3084/3084 3085/3085/3085
f 3083/3083/3083 3087/3087/3087 3082/3082/3082
f 3087/3087/3087 3088/3088/3088 3082/3082/3082
f 3087/3087/3087 3089/3089/3089 3088/3088/3088
f 3089/3089/3089 3090/3090/3090 3088/3088/3088
f 3090/3090/3090 3089/3089/3089 3091/3091/3091
f 3094/3094/3094 3093/3093/3093 3092/3092/3092
f 3095/3095/3095 3094/3094/3094 3092/3092/3092
f 3096/3096/3096 3094/3094/3094 3095/3095/3095
f 3097/3097/3097 3096/3096/3096 3095/3095/3095
f 3092/3092/3092 3093/3093/3093 3098/3098/3098
f 3093/3093/3093 3099/3099/3099 3098/3098/3098
f 3098/3098/3098 3099/3099/3099 3100/3100/3100
f 3099/3099/3099 3101/3101/3101 3100/3100/3100
f 3100/3100/3100 3101/3101/3101 3102/3102/3102
f 3105/3105/3105 3104/3104/3104 3103/3103/3103
f 3106/3106/3106 3105/3105/3105 3103/3103/3103
f 3109/3109/3109 3108/3108/3108 3107/3107/3107
f 3110/3110/3110 3109/3109/3109 3107/3107/3107
f 3107/3107/3107 3108/3108/3108 3111/3111/3111
f 3108/3108/3108 3112/3112/3112 3111/3111/3111
f 3111/3111/3111 3112/3112/3112 3113/3113/3113
f 3112/3112/3112 3114/3114/3114 3113/3113/3113
f 3113/3113/3113 3114/3114/3114 3115/3115/3115
f 3114/3114/3114 3116/3116/3116 3115/3115/3115
f 3117/3117/3117 3115/3115/3115 3116/3116/3116
f 3120/3120/3120 3119/3119/3119 3118/3118/3118
f 3121/3121/3121 3120/3120/3120 3118/3118/3118
f 3122/3122/3122 3120/3120/3120 3121/3121/3121
f 3123/3123/3123 3122/3122/3122 3121/3121/3121
f 3118/3118/3118 3119/3119/3119 3124/3124/3124
f 3119/3119/3119 3125/3125/3125 3124/3124/3124
f 3124/3124/3124 3125/3125/3125 3126/3126/3126
f 3125/3125/3125 3127/3127/3127 3126/3126/3126
f 3126/3126/3126 3127/3127/3127 3128/3128/3128
f 3131/3131/3131 3130/3130/3130 3129/3129/3129
f 3132/3132/3132 3131/3131/3131 3129/3129/3129
f 3132/3132/3132 3129/3129/3129 3133/3133/3133
f 3134/3134/3134 3132/3132/3132 3133/3133/3133
f 3131/3131/3131 3135/3135/3135 3130/3130/3130
f 3135/3135/3135 3136/3136/3136 3130/3130/3130
f 3135/3135/3135 3137/3137/3137 3136/3136/3136
f 3137/3137/3137 3138/3138/3138 3136/3136/3136
f 3138/3138/3138 3137/3137/3137 3139/3139/3139
f 3142/3142/3142 3141/3141/3141 3140/3140/3140
f 3145/3145/3145 3144/3144/3144 3143/3143/3143
f 3148/3148/3148 3147/3147/3147 3146/3146/3146
f 3151/3151/3151 3150/3150/3150 3149/3149/3149
f 3152/3152/3152 3151/3151/3151 3149/3149/3149
f 3155/3155/3155 3154/3154/3154 3153/3153/3153
f 3156/3156/3156 3155/3155/3155 3153/3153/3153
f 3159/3159/3159 3158/3158/3158 3157/3157/3157
f 3160/3160/3160 3159/3159/3159 3157/3157/3157
f 3163/3163/3163 3162/3162/3162 3161/3161/3161
f 3164/3164/3164 3163/3163/3163 3161/3161/3161
f 3167/3167/3167 3166/3166/3166 3165/3165/3165
f 3168/3168/3168 3167/3167/3167 3165/3165/3165
f 3165/3165/3165 3166/3166/3166 3169/3169/3169
f 3170/3170/3170 3165/3165/3165 3169/3169/3169
f 3171/3171/3171 3170/3170/3170 3169/3169/3169
f 3172/3172/3172 3171/3171/3171 3169/3169/3169
f 3173/3173/3173 3171/3171/3171 3172/3172/3172
f 3174/3174/3174 3173/3173/3173 3172/3172/3172
f 3175/3175/3175 3173/3173/3173 3174/3174/3174
f 3176/3176/3176 3175/3175/3175 3174/3174/3174
f 3177/3177/3177 3175/3175/3175 3176/3176/3176
f 3178/3178/3178 3177/3177/3177 3176/3176/3176
f 3181/3181/3181 3180/3180/3180 3179/3179/3179
f 3182/3182/3182 3181/3181/3181 3179/3179/3179
f 3179/3179/3179 3180/3180/3180 3183/3183/3183
f 3180/3180/3180 3184/3184/3184 3183/3183/3183
f 3183/3183/3183 3184/3184/3184 3185/3185/3185
f 3184/3184/3184 3186/3186/3186 3185/3185/3185
f 3185/3185/3185 3186/3186/3186 3187/3187/3187
f 3186/3186/3186 3188/3188/3188 3187/3187/3187
f 3188/3188/3188 3189/3189/3189 3187/3187/3187
f 3189/3189/3189 3190/3190/3190 3187/3187/3187
f 3182/3182/3182 3191/3191/3191 3181/3181/3181
f 3191/3191/3191 3192/3192/3192 3181/3181/3181
f 3193/3193/3193 3192/3192/3192 3191/3191/3191
f 3194/3194/3194 3193/3193/3193 3191/3191/3191
f 3197/3197/3197 3196/3196/3196 3195/3195/3195
f 3198/3198/3198 3197/3197/3197 3195/3195/3195
f 3201/3201/3201 3200/3200/3200 3199/3199/3199
f 3202/3202/3202 3201/3201/3201 3199/3199/3199
f 3205/3205/3205 3204/3204/3204 3203/3203/3203
f 3206/3206/3206 3205/3205/3205 3203/3203/3203
f 3209/3209/3209 3208/3208/3208 3207/3207/3207
f 3210/3210/3210 3209/3209/3209 3207/3207/3207
f 3208/3208/3208 3209/3209/3209 3211/3211/3211
f 3209/3209/3209 3212/3212/3212 3211/3211/3211
f 3211/3211/3211 3212/3212/3212 3213/3213/3213
f 3212/3212/3212 3214/3214/3214 3213/3213/3213
f 3215/3215/3215 3207/3207/3207 3208/3208/3208
f 3216/3216/3216 3215/3215/3215 3208/3208/3208
f 3217/3217/3217 3216/3216/3216 3208/3208/3208
f 3217/3217/3217 3208/3208/3208 3218/3218/3218
f 3218/3218/3218 3208/3208/3208 3219/3219/3219
f 3220/3220/3220 3219/3219/3219 3208/3208/3208
f 3221/3221/3221 3220/3220/3220 3208/3208/3208
f 3208/3208/3208 3222/3222/3222 3221/3221/3221
f 3223/3223/3223 3222/3222/3222 3208/3208/3208
f 3224/3224/3224 3222/3222/3222 3223/3223/3223
f 3227/3227/3227 3226/3226/3226 3225/3225/3225
f 3228/3228/3228 3227/3227/3227 3225/3225/3225
f 3227/3227/3227 3228/3228/3228 3229/3229/3229
f 3230/3230/3230 3227/3227/3227 3229/3229/3229
f 3229/3229/3229 3231/3231/3231 3230/3230/3230
f 3231/3231/3231 3232/3232/3232 3230/3230/3230
f 3225/3225/3225 3233/3233/3233 3228/3228/3228
f 3233/3233/3233 3234/3234/3234 3228/3228/3228
f 3235/3235/3235 3228/3228/3228 3234/3234/3234
f 3236/3236/3236 3228/3228/3228 3235/3235/3235
f 3237/3237/3237 3228/3228/3228 3236/3236/3236
f 3237/3237/3237 3238/3238/3238 3228/3228/3228
f 3239/3239/3239 3228/3228/3228 3238/3238/3238
f 3240/3240/3240 3228/3228/3228 3239/3239/3239
f 3241/3241/3241 3228/3228/3228 3240/3240/3240
f 3242/3242/3242 3241/3241/3241 3240/3240/3240
f 3245/3245/3245 3244/3244/3244 3243/3243/3243
f 3246/3246/3246 3245/3245/3245 3243/3243/3243
f 3247/3247/3247 3244/3244/3244 3245/3245/3245
f 3248/3248/3248 3247/3247/3247 3245/3245/3245
f 3251/3251/3251 3250/3250/3250 3249/3249/3249
f 3252/3252/3252 3251/3251/3251 3249/3249/3249
f 3255/3255/3255 3254/3254/3254 3253/3253/3253
f 3256/3256/3256 3255/3255/3255 3253/3253/3253
f 3259/3259/3259 3258/3258/3258 3257/3257/3257
f 3260/3260/3260 3259/3259/3259 3257/3257/3257
f 3263/3263/3263 3262/3262/3262 3261/3261/3261
f 3264/3264/3264 3263/3263/3263 3261/3261/3261
f 3261/3261/3261 3262/3262/3262 3265/3265/3265
f 3266/3266/3266 3265/3265/3265 3262/3262/3262
f 3267/3267/3267 3266/3266/3266 3262/3262/3262
f 3268/3268/3268 3266/3266/3266 3267/3267/3267
f 3269/3269/3269 3268/3268/3268 3267/3267/3267
f 3270/3270/3270 3268/3268/3268 3269/3269/3269
f 3271/3271/3271 3270/3270/3270 3269/3269/3269
f 3272/3272/3272 3270/3270/3270 3271/3271/3271
f 3273/3273/3273 3272/3272/3272 3271/3271/3271
f 3276/3276/3276 3275/3275/3275 3274/3274/3274
f 3277/3277/3277 3276/3276/3276 3274/3274/3274
f 3274/3274/3274 3278/3278/3278 3277/3277/3277
f 3277/3277/3277 3278/3278/3278 3279/3279/3279
f 3280/3280/3280 3277/3277/3277 3279/3279/3279
f 3280/3280/3280 3279/3279/3279 3281/3281/3281
f 3282/3282/3282 3280/3280/3280 3281/3281/3281
f 3282/3282/3282 3281/3281/3281 3283/3283/3283
f 3284/3284/3284 3282/3282/3282 3283/3283/3283
f 3283/3283/3283 3285/3285/3285 3284/3284/3284
f 3285/3285/3285 3286/3286/3286 3284/3284/3284
f 3289/3289/3289 3288/3288/3288 3287/3287/3287
f 3290/3290/3290 3289/3289/3289 3287/3287/3287
f 3288/3288/3288 3291/3291/3291 3287/3287/3287
f 3291/3291/3291 3292/3292/3292 3287/3287/3287
f 3293/3293/3293 3289/3289/3289 3290/3290/3290
f 3294/3294/3294 3293/3293/3293 3290/3290/3290
f 3295/3295/3295 3293/3293/3293 3294/3294/3294
f 3296/3296/3296 3295/3295/3295 3294/3294/3294
f 3297/3297/3297 3295/3295/3295 3296/3296/3296
f 3298/3298/3298 3297/3297/3297 3296/3296/3296
f 3299/3299/3299 3297/3297/3297 3298/3298/3298
f 3300/3300/3300 3299/3299/3299 3298/3298/3298
f 3303/3303/3303 3302/3302/3302 3301/3301/3301
f 3304/3304/3304 3303/3303/3303 3301/3301/3301
f 3307/3307/3307 3306/3306/3306 3305/3305/3305
f 3308/3308/3308 3307/3307/3307 3305/3305/3305
f 3309/3309/3309 3307/3307/3307 3308/3308/3308
f 3310/3310/3310 3309/3309/3309 3308/3308/3308
f 3305/3305/3305 3306/3306/3306 3311/3311/3311
f 3306/3306/3306 3312/3312/3312 3311/3311/3311
f 3313/3313/3313 3309/3309/3309 3310/3310/3310
f 3314/3314/3314 3313/3313/3313 3310/3310/3310
f 3315/3315/3315 3311/3311/3311 3312/3312/3312
f 3316/3316/3316 3315/3315/3315 3312/3312/3312
f 3319/3319/3319 3318/3318/3318 3317/3317/3317
f 3320/3320/3320 3319/3319/3319 3317/3317/3317
f 3320/3320/3320 3317/3317/3317 3321/3321/3321
f 3322/3322/3322 3320/3320/3320 3321/3321/3321
f 3322/3322/3322 3321/3321/3321 3323/3323/3323
f 3324/3324/3324 3322/3322/3322 3323/3323/3323
f 3324/3324/3324 3323/3323/3323 3325/3325/3325
f 3326/3326/3326 3324/3324/3324 3325/3325/3325
f 3326/3326/3326 3325/3325/3325 3327/3327/3327
f 3328/3328/3328 3326/3326/3326 3327/3327/3327
f 3328/3328/3328 3327/3327/3327 3329/3329/3329
f 3330/3330/3330 3328/3328/3328 3329/3329/3329
f 3330/3330/3330 3329/3329/3329 3331/3331/3331
f 3332/3332/3332 3330/3330/3330 3331/3331/3331
f 3332/3332/3332 3331/3331/3331 3333/3333/3333
f 3334/3334/3334 3332/3332/3332 3333/3333/3333
f 3319/3319/3319 3335/3335/3335 3318/3318/3318
f 3335/3335/3335 3336/3336/3336 3318/3318/3318
f 3335/3335/3335 3337/3337/3337 3336/3336/3336
f 3337/3337/3337 3338/3338/3338 3336/3336/3336
f 3341/3341/3341 3340/3340/3340 3339/3339/3339
f 3342/3342/3342 3341/3341/3341 3339/3339/3339
f 3343/3343/3343 3340/3340/3340 3341/3341/3341
f 3344/3344/3344 3343/3343/3343 3341/3341/3341
f 3345/3345/3345 3340/3340/3340 3343/3343/3343
f 3346/3346/3346 3345/3345/3345 3343/3343/3343
f 3347/3347/3347 3340/3340/3340 3345/3345/3345
f 3339/3339/3339 3340/3340/3340 3348/3348/3348
f 3351/3351/3351 3350/3350/3350 3349/3349/3349
f 3352/3352/3352 3351/3351/3351 3349/3349/3349
f 3353/3353/3353 3350/3350/3350 3351/3351/3351
f 3354/3354/3354 3353/3353/3353 3351/3351/3351
f 3355/3355/3355 3350/3350/3350 3353/3353/3353
f 3356/3356/3356 3355/3355/3355 3353/3353/3353
f 3357/3357/3357 3350/3350/3350 3355/3355/3355
f 3349/3349/3349 3350/3350/3350 3358/3358/3358
f 3361/3361/3361 3360/3360/3360 3359/3359/3359
f 3362/3362/3362 3361/3361/3361 3359/3359/3359
f 3365/3365/3365 3364/3364/3364 3363/3363/3363
f 3366/3366/3366 3365/3365/3365 3363/3363/3363
f 3369/3369/3369 3368/3368/3368 3367/3367/3367
f 3370/3370/3370 3369/3369/3369 3367/3367/3367
f 3373/3373/3373 3372/3372/3372 3371/3371/3371
f 3374/3374/3374 3373/3373/3373 3371/3371/3371
f 3377/3377/3377 3376/3376/3376 3375/3375/3375
f 3378/3378/3378 3377/3377/3377 3375/3375/3375
f 3381/3381/3381 3380/3380/3380 3379/3379/3379
f 3382/3382/3382 3381/3381/3381 3379/3379/3379
f 3383/3383/3383 3382/3382/3382 3379/3379/3379
f 3384/3384/3384 3383/3383/3383 3379/3379/3379
f 3385/3385/3385 3383/3383/3383 3384/3384/3384
f 3386/3386/3386 3385/3385/3385 3384/3384/3384
f 3387/3387/3387 3386/3386/3386 3384/3384/3384
f 3390/3390/3390 3389/3389/3389 3388/3388/3388
f 3391/3391/3391 3390/3390/3390 3388/3388/3388
f 3390/3390/3390 3391/3391/3391 3392/3392/3392
f 3393/3393/3393 3390/3390/3390 3392/3392/3392
f 3394/3394/3394 3393/3393/3393 3392/3392/3392
f 3393/3393/3393 3394/3394/3394 3395/3395/3395
f 3396/3396/3396 3393/3393/3393 3395/3395/3395
f 3399/3399/3399 3398/3398/3398 3397/3397/3397
f 3400/3400/3400 3399/3399/3399 3397/3397/3397
f 3403/3403/3403 3402/3402/3402 3401/3401/3401
f 3404/3404/3404 3403/3403/3403 3401/3401/3401
f 3401/3401/3401 3402/3402/3402 3405/3405/3405
f 3402/3402/3402 3406/3406/3406 3405/3405/3405
f 3405/3405/3405 3406/3406/3406 3407/3407/3407
f 3406/3406/3406 3408/3408/3408 3407/3407/3407
f 3407/3407/3407 3408/3408/3408 3409/3409/3409
f 3408/3408/3408 3410/3410/3410 3409/3409/3409
f 3413/3413/3413 3412/3412/3412 3411/3411/3411
f 3414/3414/3414 3413/3413/3413 3411/3411/3411
f 3417/3417/3417 3416/3416/3416 3415/3415/3415
f 3418/3418/3418 3417/3417/3417 3415/3415/3415
f 3415/3415/3415 3416/3416/3416 3419/3419/3419
f 3416/3416/3416 3420/3420/3420 3419/3419/3419
f 3419/3419/3419 3420/3420/3420 3421/3421/3421
f 3420/3420/3420 3422/3422/3422 3421/3421/3421
f 3425/3425/3425 3424/3424/3424 3423/3423/3423
f 3426/3426/3426 3425/3425/3425 3423/3423/3423
f 3426/3426/3426 3423/3423/3423 3427/3427/3427
f 3428/3428/3428 3426/3426/3426 3427/3427/3427
f 3431/3431/3431 3430/3430/3430 3429/3429/3429
f 3432/3432/3432 3431/3431/3431 3429/3429/3429
f 3432/3432/3432 3429/3429/3429 3433/3433/3433
f 3434/3434/3434 3432/3432/3432 3433/3433/3433
f 3437/3437/3437 3436/3436/3436 3435/3435/3435
f 3438/3438/3438 3437/3437/3437 3435/3435/3435
f 3438/3438/3438 3435/3435/3435 3439/3439/3439
f 3440/3440/3440 3438/3438/3438 3439/3439/3439
f 3443/3443/3443 3442/3442/3442 3441/3441/3441
f 3444/3444/3444 3443/3443/3443 3441/3441/3441
f 3444/3444/3444 3441/3441/3441 3445/3445/3445
f 3446/3446/3446 3444/3444/3444 3445/3445/3445
f 3449/3449/3449 3448/3448/3448 3447/3447/3447
f 3450/3450/3450 3449/3449/3449 3447/3447/3447
f 3451/3451/3451 3448/3448/3448 3449/3449/3449
f 3452/3452/3452 3451/3451/3451 3449/3449/3449
f 3453/3453/3453 3448/3448/3448 3451/3451/3451
f 3447/3447/3447 3448/3448/3448 3454/3454/3454
f 3457/3457/3457 3456/3456/3456 3455/3455/3455
f 3458/3458/3458 3457/3457/3457 3455/3455/3455
f 3459/3459/3459 3456/3456/3456 3457/3457/3457
f 3460/3460/3460 3459/3459/3459 3457/3457/3457
f 3461/3461/3461 3456/3456/3456 3459/3459/3459
f 3455/3455/3455 3456/3456/3456 3462/3462/3462
f 3465/3465/3465 3464/3464/3464 3463/3463/3463
f 3466/3466/3466 3465/3465/3465 3463/3463/3463
f 3466/3466/3466 3463/3463/3463 3467/3467/3467
f 3468/3468/3468 3466/3466/3466 3467/3467/3467
f 3471/3471/3471 3470/3470/3470 3469/3469/3469
f 3472/3472/3472 3471/3471/3471 3469/3469/3469
f 3469/3469/3469 3470/3470/3470 3473/3473/3473
f 3470/3470/3470 3474/3474/3474 3473/3473/3473
f 3477/3477/3477 3476/3476/3476 3475/3475/3475
f 3478/3478/3478 3477/3477/3477 3475/3475/3475
f 3475/3475/3475 3476/3476/3476 3479/3479/3479
f 3476/3476/3476 3480/3480/3480 3479/3479/3479
f 3483/3483/3483 3482/3482/3482 3481/3481/3481
f 3484/3484/3484 3483/3483/3483 3481/3481/3481
f 3487/3487/3487 3486/3486/3486 3485/3485/3485
f 3488/3488/3488 3487/3487/3487 3485/3485/3485
f 3485/3485/3485 3486/3486/3486 3489/3489/3489
f 3486/3486/3486 3490/3490/3490 3489/3489/3489
f 3493/3493/3493 3492/3492/3492 3491/3491/3491
f 3494/3494/3494 3493/3493/3493 3491/3491/3491
f 3497/3497/3497 3496/3496/3496 3495/3495/3495
f 3498/3498/3498 3497/3497/3497 3495/3495/3495
f 3501/3501/3501 3500/3500/3500 3499/3499/3499
f 3502/3502/3502 3501/3501/3501 3499/3499/3499
f 3502/3502/3502 3499/3499/3499 3503/3503/3503
f 3504/3504/3504 3502/3502/3502 3503/3503/3503
f 3507/3507/3507 3506/3506/3506 3505/3505/3505
f 3508/3508/3508 3507/3507/3507 3505/3505/3505
f 3511/3511/3511 3510/3510/3510 3509/3509/3509
f 3512/3512/3512 3511/3511/3511 3509/3509/3509
f 3512/3512/3512 3509/3509/3509 3513/3513/3513
f 3514/3514/3514 3512/3512/3512 3513/3513/3513
f 3514/3514/3514 3513/3513/3513 3515/3515/3515
f 3516/3516/3516 3514/3514/3514 3515/3515/3515
f 3519/3519/3519 3518/3518/3518 3517/3517/3517
f 3520/3520/3520 3519/3519/3519 3517/3517/3517
f 3523/3523/3523 3522/3522/3522 3521/3521/3521
f 3524/3524/3524 3523/3523/3523 3521/3521/3521
f 3525/3525/3525 3522/3522/3522 3523/3523/3523
f 3526/3526/3526 3525/3525/3525 3523/3523/3523
f 3527/3527/3527 3522/3522/3522 3525/3525/3525
f 3521/3521/3521 3522/3522/3522 3528/3528/3528
f 3531/3531/3531 3530/3530/3530 3529/3529/3529
f 3532/3532/3532 3531/3531/3531 3529/3529/3529
f 3533/3533/3533 3530/3530/3530 3531/3531/3531
f 3534/3534/3534 3533/3533/3533 3531/3531/3531
f 3535/3535/3535 3530/3530/3530 3533/3533/3533
f 3529/3529/3529 3530/3530/3530 3536/3536/3536
f 3539/3539/3539 3538/3538/3538 3537/3537/3537
f 3540/3540/3540 3539/3539/3539 3537/3537/3537
f 3537/3537/3537 3538/3538/3538 3541/3541/3541
f 3538/3538/3538 3542/3542/3542 3541/3541/3541
f 3541/3541/3541 3542/3542/3542 3543/3543/3543
f 3542/3542/3542 3544/3544/3544 3543/3543/3543
f 3543/3543/3543 3544/3544/3544 3545/3545/3545
f 3544/3544/3544 3546/3546/3546 3545/3545/3545
f 3545/3545/3545 3546/3546/3546 3547/3547/3547
f 3546/3546/3546 3548/3548/3548 3547/3547/3547
f 3547/3547/3547 3548/3548/3548 3549/3549/3549
f 3548/3548/3548 3550/3550/3550 3549/3549/3549
f 3551/3551/3551 3539/3539/3539 3540/3540/3540
f 3552/3552/3552 3551/3551/3551 3540/3540/3540
f 3553/3553/3553 3551/3551/3551 3552/3552/3552
f 3554/3554/3554 3553/3553/3553 3552/3552/3552
f 3541/3541/3541 3543/3543/3543 3555/3555/3555
f 3541/3541/3541 3555/3555/3555 3556/3556/3556
f 3537/3537/3537 3541/3541/3541 3556/3556/3556
f 3537/3537/3537 3556/3556/3556 3557/3557/3557
f 3540/3540/3540 3537/3537/3537 3557/3557/3557
f 3545/3545/3545 3547/3547/3547 3558/3558/3558
f 3545/3545/3545 3558/3558/3558 3559/3559/3559
f 3543/3543/3543 3559/3559/3559 3555/3555/3555
f 3543/3543/3543 3545/3545/3545 3559/3559/3559
f 3554/3554/3554 3552/3552/3552 3560/3560/3560
f 3552/3552/3552 3561/3561/3561 3560/3560/3560
f 3540/3540/3540 3557/3557/3557 3561/3561/3561
f 3552/3552/3552 3540/3540/3540 3561/3561/3561
f 3547/3547/3547 3562/3562/3562 3558/3558/3558
f 3547/3547/3547 3549/3549/3549 3562/3562/3562
f 3549/3549/3549 3563/3563/3563 3562/3562/3562
f 3566/3566/3566 3565/3565/3565 3564/3564/3564
f 3567/3567/3567 3566/3566/3566 3564/3564/3564
f 3568/3568/3568 3565/3565/3565 3566/3566/3566
f 3569/3569/3569 3568/3568/3568 3566/3566/3566
f 3570/3570/3570 3565/3565/3565 3568/3568/3568
f 3564/3564/3564 3565/3565/3565 3571/3571/3571
f 3574/3574/3574 3573/3573/3573 3572/3572/3572
f 3575/3575/3575 3574/3574/3574 3572/3572/3572
f 3576/3576/3576 3573/3573/3573 3574/3574/3574
f 3577/3577/3577 3576/3576/3576 3574/3574/3574
f 3578/3578/3578 3573/3573/3573 3576/3576/3576
f 3572/3572/3572 3573/3573/3573 3579/3579/3579
f 3582/3582/3582 3581/3581/3581 3580/3580/3580
f 3583/3583/3583 3582/3582/3582 3580/3580/3580
f 3586/3586/3586 3585/3585/3585 3584/3584/3584
f 3587/3587/3587 3586/3586/3586 3584/3584/3584
f 3590/3590/3590 3589/3589/3589 3588/3588/3588
f 3591/3591/3591 3590/3590/3590 3588/3588/3588
f 3594/3594/3594 3593/3593/3593 3592/3592/3592
f 3595/3595/3595 3594/3594/3594 3592/3592/3592
f 3598/3598/3598 3597/3597/3597 3596/3596/3596
f 3599/3599/3599 3598/3598/3598 3596/3596/3596
f 3602/3602/3602 3601/3601/3601 3600/3600/3600
f 3603/3603/3603 3602/3602/3602 3600/3600/3600
f 3601/3601/3601 3602/3602/3602 3604/3604/3604
f 3605/3605/3605 3600/3600/3600 3601/3601/3601
f 3606/3606/3606 3605/3605/3605 3601/3601/3601
f 3607/3607/3607 3605/3605/3605 3606/3606/3606
f 3608/3608/3608 3602/3602/3602 3603/3603/3603
f 3609/3609/3609 3608/3608/3608 3603/3603/3603
f 3612/3612/3612 3611/3611/3611 3610/3610/3610
f 3613/3613/3613 3612/3612/3612 3610/3610/3610
f 3614/3614/3614 3611/3611/3611 3612/3612/3612
f 3611/3611/3611 3614/3614/3614 3615/3615/3615
f 3616/3616/3616 3611/3611/3611 3615/3615/3615
f 3617/3617/3617 3616/3616/3616 3615/3615/3615
f 3612/3612/3612 3613/3613/3613 3618/3618/3618
f 3619/3619/3619 3612/3612/3612 3618/3618/3618
f 3622/3622/3622 3621/3621/3621 3620/3620/3620
f 3623/3623/3623 3622/3622/3622 3620/3620/3620
f 3622/3622/3622 3623/3623/3623 3624/3624/3624
f 3625/3625/3625 3622/3622/3622 3624/3624/3624
f 3625/3625/3625 3624/3624/3624 3626/3626/3626
f 3627/3627/3627 3625/3625/3625 3626/3626/3626
f 3627/3627/3627 3626/3626/3626 3628/3628/3628
f 3629/3629/3629 3627/3627/3627 3628/3628/3628
f 3630/3630/3630 3620/3620/3620 3621/3621/3621
f 3631/3631/3631 3630/3630/3630 3621/3621/3621
f 3634/3634/3634 3633/3633/3633 3632/3632/3632
f 3635/3635/3635 3634/3634/3634 3632/3632/3632
f 3638/3638/3638 3637/3637/3637 3636/3636/3636
f 3639/3639/3639 3638/3638/3638 3636/3636/3636
f 3639/3639/3639 3636/3636/3636 3640/3640/3640
f 3641/3641/3641 3639/3639/3639 3640/3640/3640
f 3644/3644/3644 3643/3643/3643 3642/3642/3642
f 3645/3645/3645 3644/3644/3644 3642/3642/3642
f 3648/3648/3648 3647/3647/3647 3646/3646/3646
f 3649/3649/3649 3648/3648/3648 3646/3646/3646
f 3650/3650/3650 3648/3648/3648 3649/3649/3649
f 3651/3651/3651 3650/3650/3650 3649/3649/3649
f 3652/3652/3652 3650/3650/3650 3651/3651/3651
f 3653/3653/3653 3652/3652/3652 3651/3651/3651
f 3654/3654/3654 3652/3652/3652 3653/3653/3653
f 3655/3655/3655 3654/3654/3654 3653/3653/3653
f 3656/3656/3656 3654/3654/3654 3655/3655/3655
f 3657/3657/3657 3656/3656/3656 3655/3655/3655
f 3658/3658/3658 3656/3656/3656 3657/3657/3657
f 3659/3659/3659 3658/3658/3658 3657/3657/3657
f 3660/3660/3660 3658/3658/3658 3659/3659/3659
f 3661/3661/3661 3660/3660/3660 3659/3659/3659
f 3662/3662/3662 3660/3660/3660 3661/3661/3661
f 3663/3663/3663 3662/3662/3662 3661/3661/3661
f 3664/3664/3664 3662/3662/3662 3663/3663/3663
f 3665/3665/3665 3664/3664/3664 3663/3663/3663
f 3666/3666/3666 3664/3664/3664 3665/3665/3665
f 3667/3667/3667 3666/3666/3666 3665/3665/3665
f 3670/3670/3670 3669/3669/3669 3668/3668/3668
f 3671/3671/3671 3670/3670/3670 3668/3668/3668
f 3672/3672/3672 3669/3669/3669 3670/3670/3670
f 3673/3673/3673 3672/3672/3672 3670/3670/3670
f 3674/3674/3674 3669/3669/3669 3672/3672/3672
f 3675/3675/3675 3674/3674/3674 3672/3672/3672
f 3676/3676/3676 3669/3669/3669 3674/3674/3674
f 3668/3668/3668 3669/3669/3669 3677/3677/3677
f 3680/3680/3680 3679/3679/3679 3678/3678/3678
f 3681/3681/3681 3680/3680/3680 3678/3678/3678
f 3682/3682/3682 3679/3679/3679 3680/3680/3680
f 3683/3683/3683 3682/3682/3682 3680/3680/3680
f 3684/3684/3684 3679/3679/3679 3682/3682/3682
f 3685/3685/3685 3684/3684/3684 3682/3682/3682
f 3686/3686/3686 3679/3679/3679 3684/3684/3684
f 3678/3678/3678 3679/3679/3679 3687/3687/3687
f 3690/3690/3690 3689/3689/3689 3688/3688/3688
f 3691/3691/3691 3690/3690/3690 3688/3688/3688
f 3689/3689/3689 3690/3690/3690 3692/3692/3692
f 3692/3692/3692 3693/3693/3693 3689/3689/3689
f 3693/3693/3693 3694/3694/3694 3689/3689/3689
f 3693/3693/3693 3695/3695/3695 3694/3694/3694
f 3696/3696/3696 3694/3694/3694 3695/3695/3695
f 3697/3697/3697 3696/3696/3696 3695/3695/3695
f 3700/3700/3700 3699/3699/3699 3698/3698/3698
f 3701/3701/3701 3700/3700/3700 3698/3698/3698
f 3700/3700/3700 3701/3701/3701 3702/3702/3702
f 3701/3701/3701 3703/3703/3703 3702/3702/3702
f 3702/3702/3702 3703/3703/3703 3704/3704/3704
f 3705/3705/3705 3702/3702/3702 3704/3704/3704
f 3704/3704/3704 3706/3706/3706 3705/3705/3705
f 3706/3706/3706 3707/3707/3707 3705/3705/3705
f 3706/3706/3706 3708/3708/3708 3707/3707/3707
f 3708/3708/3708 3709/3709/3709 3707/3707/3707
f 3712/3712/3712 3711/3711/3711 3710/3710/3710
f 3713/3713/3713 3712/3712/3712 3710/3710/3710
f 3711/3711/3711 3712/3712/3712 3714/3714/3714
f 3715/3715/3715 3711/3711/3711 3714/3714/3714
f 3711/3711/3711 3716/3716/3716 3710/3710/3710
f 3716/3716/3716 3717/3717/3717 3710/3710/3710
f 3720/3720/3720 3719/3719/3719 3718/3718/3718
f 3721/3721/3721 3720/3720/3720 3718/3718/3718
f 3720/3720/3720 3722/3722/3722 3719/3719/3719
f 3718/3718/3718 3723/3723/3723 3721/3721/3721
f 3723/3723/3723 3724/3724/3724 3721/3721/3721
f 3721/3721/3721 3724/3724/3724 3725/3725/3725
f 3724/3724/3724 3726/3726/3726 3725/3725/3725
f 3724/3724/3724 3723/3723/3723 3727/3727/3727
f 3723/3723/3723 3728/3728/3728 3727/3727/3727
f 3728/3728/3728 3729/3729/3729 3727/3727/3727
f 3727/3727/3727 3729/3729/3729 3730/3730/3730
f 3731/3731/3731 3727/3727/3727 3730/3730/3730
f 3730/3730/3730 3732/3732/3732 3731/3731/3731
f 3733/3733/3733 3722/3722/3722 3720/3720/3720
f 3734/3734/3734 3733/3733/3733 3720/3720/3720
f 3734/3734/3734 3735/3735/3735 3733/3733/3733
f 3738/3738/3738 3737/3737/3737 3736/3736/3736
f 3739/3739/3739 3738/3738/3738 3736/3736/3736
f 3742/3742/3742 3741/3741/3741 3740/3740/3740
f 3743/3743/3743 3742/3742/3742 3740/3740/3740
f 3746/3746/3746 3745/3745/3745 3744/3744/3744
f 3747/3747/3747 3746/3746/3746 3744/3744/3744
f 3750/3750/3750 3749/3749/3749 3748/3748/3748
f 3751/3751/3751 3750/3750/3750 3748/3748/3748
f 3754/3754/3754 3753/3753/3753 3752/3752/3752
f 3755/3755/3755 3754/3754/3754 3752/3752/3752
f 3758/3758/3758 3757/3757/3757 3756/3756/3756
f 3759/3759/3759 3758/3758/3758 3756/3756/3756
f 3762/3762/3762 3761/3761/3761 3760/3760/3760
f 3765/3765/3765 3764/3764/3764 3763/3763/3763
f 3768/3768/3768 3767/3767/3767 3766/3766/3766
f 3771/3771/3771 3770/3770/3770 3769/3769/3769
f 3772/3772/3772 3771/3771/3771 3769/3769/3769
f 3769/3769/3769 3773/3773/3773 3772/3772/3772
f 3776/3776/3776 3775/3775/3775 3774/3774/3774
f 3777/3777/3777 3776/3776/3776 3774/3774/3774
f 3780/3780/3780 3779/3779/3779 3778/3778/3778
f 3781/3781/3781 3780/3780/3780 3778/3778/3778
f 3784/3784/3784 3783/3783/3783 3782/3782/3782
f 3785/3785/3785 3784/3784/3784 3782/3782/3782
f 3783/3783/3783 3784/3784/3784 3786/3786/3786
f 3784/3784/3784 3787/3787/3787 3786/3786/3786
f 3788/3788/3788 3786/3786/3786 3787/3787/3787
f 3784/3784/3784 3785/3785/3785 3789/3789/3789
f 3782/3782/3782 3783/3783/3783 3790/3790/3790
f 3788/3788/3788 3787/3787/3787 3791/3791/3791
f 3787/3787/3787 3792/3792/3792 3791/3791/3791
f 3791/3791/3791 3792/3792/3792 3793/3793/3793
f 3796/3796/3796 3795/3795/3795 3794/3794/3794
f 3797/3797/3797 3796/3796/3796 3794/3794/3794
f 3796/3796/3796 3797/3797/3797 3798/3798/3798
f 3797/3797/3797 3799/3799/3799 3798/3798/3798
f 3796/3796/3796 3798/3798/3798 3800/3800/3800
f 3798/3798/3798 3801/3801/3801 3800/3800/3800
f 3804/3804/3804 3803/3803/3803 3802/3802/3802
f 3805/3805/3805 3804/3804/3804 3802/3802/3802
f 3808/3808/3808 3807/3807/3807 3806/3806/3806
f 3809/3809/3809 3808/3808/3808 3806/3806/3806
f 3812/3812/3812 3811/3811/3811 3810/3810/3810
f 3813/3813/3813 3812/3812/3812 3810/3810/3810
f 3816/3816/3816 3815/3815/3815 3814/3814/3814
f 3817/3817/3817 3816/3816/3816 3814/3814/3814
f 3820/3820/3820 3819/3819/3819 3818/3818/3818
f 3821/3821/3821 3820/3820/3820 3818/3818/3818
f 3824/3824/3824 3823/3823/3823 3822/3822/3822
f 3825/3825/3825 3824/3824/3824 3822/3822/3822
f 3828/3828/3828 3827/3827/3827 3826/3826/3826
f 3831/3831/3831 3830/3830/3830 3829/3829/3829
f 3834/3834/3834 3833/3833/3833 3832/3832/3832
f 3835/3835/3835 3834/3834/3834 3832/3832/3832
f 3838/3838/3838 3837/3837/3837 3836/3836/3836
f 3836/3836/3836 3839/3839/3839 3838/3838/3838
f 3839/3839/3839 3840/3840/3840 3838/3838/3838
f 3841/3841/3841 3840/3840/3840 3839/3839/3839
f 3844/3844/3844 3843/3843/3843 3842/3842/3842
f 3845/3845/3845 3844/3844/3844 3842/3842/3842
f 3848/3848/3848 3847/3847/3847 3846/3846/3846
f 3851/3851/3851 3850/3850/3850 3849/3849/3849
f 3852/3852/3852 3851/3851/3851 3849/3849/3849
f 3852/3852/3852 3849/3849/3849 3853/3853/3853
f 3856/3856/3856 3855/3855/3855 3854/3854/3854
f 3857/3857/3857 3856/3856/3856 3854/3854/3854
f 3856/3856/3856 3858/3858/3858 3855/3855/3855
f 3858/3858/3858 3859/3859/3859 3855/3855/3855
f 3858/3858/3858 3860/3860/3860 3859/3859/3859
f 3860/3860/3860 3861/3861/3861 3859/3859/3859
f 3861/3861/3861 3860/3860/3860 3862/3862/3862
f 3860/3860/3860 3863/3863/3863 3862/3862/3862
f 3862/3862/3862 3863/3863/3863 3864/3864/3864
f 3865/3865/3865 3862/3862/3862 3864/3864/3864
f 3865/3865/3865 3864/3864/3864 3866/3866/3866
f 3867/3867/3867 3865/3865/3865 3866/3866/3866
f 3868/3868/3868 3867/3867/3867 3866/3866/3866
f 3869/3869/3869 3868/3868/3868 3866/3866/3866
f 3872/3872/3872 3871/3871/3871 3870/3870/3870
f 3873/3873/3873 3872/3872/3872 3870/3870/3870
f 3876/3876/3876 3875/3875/3875 3874/3874/3874
f 3877/3877/3877 3876/3876/3876 3874/3874/3874
f 3878/3878/3878 3877/3877/3877 3874/3874/3874
f 3876/3876/3876 3877/3877/3877 3879/3879/3879
f 3880/3880/3880 3876/3876/3876 3879/3879/3879
f 3876/3876/3876 3881/3881/3881 3875/3875/3875
f 3884/3884/3884 3883/3883/3883 3882/3882/3882
f 3885/3885/3885 3884/3884/3884 3882/3882/3882
f 3882/3882/3882 3883/3883/3883 3886/3886/3886
f 3883/3883/3883 3887/3887/3887 3886/3886/3886
f 3890/3890/3890 3889/3889/3889 3888/3888/3888
f 3891/3891/3891 3890/3890/3890 3888/3888/3888
f 3894/3894/3894 3893/3893/3893 3892/3892/3892
f 3895/3895/3895 3894/3894/3894 3892/3892/3892
f 3896/3896/3896 3894/3894/3894 3895/3895/3895
f 3897/3897/3897 3896/3896/3896 3895/3895/3895
f 3898/3898/3898 3896/3896/3896 3897/3897/3897
f 3899/3899/3899 3898/3898/3898 3897/3897/3897
f 3902/3902/3902 3901/3901/3901 3900/3900/3900
f 3903/3903/3903 3902/3902/3902 3900/3900/3900
f 3904/3904/3904 3902/3902/3902 3903/3903/3903
f 3905/3905/3905 3904/3904/3904 3903/3903/3903
f 3908/3908/3908 3907/3907/3907 3906/3906/3906
f 3909/3909/3909 3908/3908/3908 3906/3906/3906
f 3910/3910/3910 3907/3907/3907 3908/3908/3908
f 3911/3911/3911 3910/3910/3910 3908/3908/3908
f 3907/3907/3907 3910/3910/3910 3912/3912/3912
f 3907/3907/3907 3913/3913/3913 3906/3906/3906
f 3916/3916/3916 3915/3915/3915 3914/3914/3914
f 3917/3917/3917 3916/3916/3916 3914/3914/3914
f 3918/3918/3918 3916/3916/3916 3917/3917/3917
f 3919/3919/3919 3918/3918/3918 3917/3917/3917
f 3914/3914/3914 3915/3915/3915 3920/3920/3920
f 3915/3915/3915 3921/3921/3921 3920/3920/3920
f 3920/3920/3920 3921/3921/3921 3922/3922/3922
f 3921/3921/3921 3923/3923/3923 3922/3922/3922
f 3926/3926/3926 3925/3925/3925 3924/3924/3924
f 3927/3927/3927 3926/3926/3926 3924/3924/3924
f 3930/3930/3930 3929/3929/3929 3928/3928/3928
f 3931/3931/3931 3930/3930/3930 3928/3928/3928
f 3932/3932/3932 3930/3930/3930 3931/3931/3931
f 3933/3933/3933 3932/3932/3932 3931/3931/3931
f 3934/3934/3934 3932/3932/3932 3933/3933/3933
f 3935/3935/3935 3934/3934/3934 3933/3933/3933
f 3938/3938/3938 3937/3937/3937 3936/3936/3936
f 3939/3939/3939 3938/3938/3938 3936/3936/3936
f 3940/3940/3940 3937/3937/3937 3938/3938/3938
f 3941/3941/3941 3940/3940/3940 3938/3938/3938
f 3937/3937/3937 3940/3940/3940 3942/3942/3942
f 3937/3937/3937 3943/3943/3943 3936/3936/3936
f 3946/3946/3946 3945/3945/3945 3944/3944/3944
f 3947/3947/3947 3946/3946/3946 3944/3944/3944
f 3948/3948/3948 3946/3946/3946 3947/3947/3947
f 3949/3949/3949 3948/3948/3948 3947/3947/3947
f 3950/3950/3950 3948/3948/3948 3949/3949/3949
f 3951/3951/3951 3950/3950/3950 3949/3949/3949
f 3950/3950/3950 3951/3951/3951 3952/3952/3952
f 3953/3953/3953 3950/3950/3950 3952/3952/3952
f 3953/3953/3953 3952/3952/3952 3954/3954/3954
f 3952/3952/3952 3955/3955/3955 3954/3954/3954
f 3954/3954/3954 3955/3955/3955 3956/3956/3956
f 3955/3955/3955 3957/3957/3957 3956/3956/3956
f 3957/3957/3957 3958/3958/3958 3956/3956/3956
f 3958/3958/3958 3959/3959/3959 3956/3956/3956
f 3962/3962/3962 3961/3961/3961 3960/3960/3960
f 3963/3963/3963 3962/3962/3962 3960/3960/3960
f 3966/3966/3966 3965/3965/3965 3964/3964/3964
f 3965/3965/3965 3967/3967/3967 3964/3964/3964
f 3967/3967/3967 3968/3968/3968 3964/3964/3964
f 3967/3967/3967 3965/3965/3965 3969/3969/3969
f 3965/3965/3965 3970/3970/3970 3969/3969/3969
f 3966/3966/3966 3971/3971/3971 3965/3965/3965
f 3974/3974/3974 3973/3973/3973 3972/3972/3972
f 3975/3975/3975 3974/3974/3974 3972/3972/3972
f 3972/3972/3972 3973/3973/3973 3976/3976/3976
f 3973/3973/3973 3977/3977/3977 3976/3976/3976
f 3976/3976/3976 3977/3977/3977 3978/3978/3978
f 3977/3977/3977 3979/3979/3979 3978/3978/3978
f 3978/3978/3978 3979/3979/3979 3980/3980/3980
f 3979/3979/3979 3981/3981/3981 3980/3980/3980
f 3980/3980/3980 3981/3981/3981 3982/3982/3982
f 3981/3981/3981 3983/3983/3983 3982/3982/3982
f 3982/3982/3982 3983/3983/3983 3984/3984/3984
f 3983/3983/3983 3985/3985/3985 3984/3984/3984
f 3984/3984/3984 3985/3985/3985 3986/3986/3986
f 3985/3985/3985 3987/3987/3987 3986/3986/3986
f 3986/3986/3986 3987/3987/3987 3988/3988/3988
f 3987/3987/3987 3989/3989/3989 3988/3988/3988
f 3988/3988/3988 3989/3989/3989 3990/3990/3990
f 3989/3989/3989 3991/3991/3991 3990/3990/3990
f 3990/3990/3990 3991/3991/3991 3992/3992/3992
f 3991/3991/3991 3993/3993/3993 3992/3992/3992
f 3996/3996/3996 3995/3995/3995 3994/3994/3994
f 3997/3997/3997 3996/3996/3996 3994/3994/3994
f 3998/3998/3998 3996/3996/3996 3997/3997/3997
f 3999/3999/3999 3998/3998/3998 3997/3997/3997
f 4000/4000/4000 3998/3998/3998 3999/3999/3999
f 4001/4001/4001 4000/4000/4000 3999/3999/3999
f 4002/4002/4002 4000/4000/4000 4001/4001/4001
f 4003/4003/4003 4002/4002/4002 4001/4001/4001
f 4004/4004/4004 4002/4002/4002 4003/4003/4003
f 4005/4005/4005 4004/4004/4004 4003/4003/4003
f 3994/3994/3994 3995/3995/3995 4006/4006/4006
f 3995/3995/3995 4007/4007/4007 4006/4006/4006
f 4006/4006/4006 4007/4007/4007 4008/4008/4008
f 4007/4007/4007 4009/4009/4009 4008/4008/4008
f 4008/4008/4008 4009/4009/4009 4010/4010/4010
f 4009/4009/4009 4011/4011/4011 4010/4010/4010
f 4010/4010/4010 4011/4011/4011 4012/4012/4012
f 4011/4011/4011 4013/4013/4013 4012/4012/4012
f 4012/4012/4012 4013/4013/4013 4014/4014/4014
f 4013/4013/4013 4015/4015/4015 4014/4014/4014
f 4018/4018/4018 4017/4017/4017 4016/4016/4016
f 4019/4019/4019 4018/4018/4018 4016/4016/4016
f 4019/4019/4019 4016/4016/4016 4020/4020/4020
f 4016/4016/4016 4021/4021/4021 4020/4020/4020
f 4019/4019/4019 4020/4020/4020 4022/4022/4022
f 4020/4020/4020 4023/4023/4023 4022/4022/4022
f 4019/4019/4019 4022/4022/4022 4024/4024/4024
f 4019/4019/4019 4025/4025/4025 4018/4018/4018
f 4028/4028/4028 4027/4027/4027 4026/4026/4026
f 4029/4029/4029 4028/4028/4028 4026/4026/4026
f 4026/4026/4026 4027/4027/4027 4030/4030/4030
f 4027/4027/4027 4031/4031/4031 4030/4030/4030
f 4032/4032/4032 4026/4026/4026 4030/4030/4030
f 4035/4035/4035 4034/4034/4034 4033/4033/4033
f 4036/4036/4036 4035/4035/4035 4033/4033/4033
f 4033/4033/4033 4034/4034/4034 4037/4037/4037
f 4038/4038/4038 4033/4033/4033 4037/4037/4037
f 4034/4034/4034 4039/4039/4039 4037/4037/4037
f 4042/4042/4042 4041/4041/4041 4040/4040/4040
f 4043/4043/4043 4042/4042/4042 4040/4040/4040
f 4043/4043/4043 4040/4040/4040 4044/4044/4044
f 4045/4045/4045 4043/4043/4043 4044/4044/4044
f 4045/4045/4045 4044/4044/4044 4046/4046/4046
f 4047/4047/4047 4045/4045/4045 4046/4046/4046
f 4047/4047/4047 4046/4046/4046 4048/4048/4048
f 4049/4049/4049 4047/4047/4047 4048/4048/4048
f 4049/4049/4049 4048/4048/4048 4050/4050/4050
f 4051/4051/4051 4049/4049/4049 4050/4050/4050
f 4051/4051/4051 4050/4050/4050 4052/4052/4052
f 4053/4053/4053 4051/4051/4051 4052/4052/4052
f 4056/4056/4056 4055/4055/4055 4054/4054/4054
f 4057/4057/4057 4056/4056/4056 4054/4054/4054
f 4057/4057/4057 4054/4054/4054 4058/4058/4058
f 4059/4059/4059 4057/4057/4057 4058/4058/4058
f 4056/4056/4056 4060/4060/4060 4055/4055/4055
f 4060/4060/4060 4061/4061/4061 4055/4055/4055
f 4060/4060/4060 4062/4062/4062 4061/4061/4061
f 4062/4062/4062 4063/4063/4063 4061/4061/4061
f 4062/4062/4062 4064/4064/4064 4063/4063/4063
f 4064/4064/4064 4065/4065/4065 4063/4063/4063
f 4064/4064/4064 4066/4066/4066 4065/4065/4065
f 4066/4066/4066 4067/4067/4067 4065/4065/4065
f 4066/4066/4066 4068/4068/4068 4067/4067/4067
f 4068/4068/4068 4069/4069/4069 4067/4067/4067
f 4068/4068/4068 4070/4070/4070 4069/4069/4069
f 4070/4070/4070 4071/4071/4071 4069/4069/4069
f 4070/4070/4070 4072/4072/4072 4071/4071/4071
f 4072/4072/4072 4073/4073/4073 4071/4071/4071
f 4072/4072/4072 4074/4074/4074 4073/4073/4073
f 4074/4074/4074 4075/4075/4075 4073/4073/4073
f 4074/4074/4074 4076/4076/4076 4075/4075/4075
f 4076/4076/4076 4077/4077/4077 4075/4075/4075
f 4076/4076/4076 4078/4078/4078 4077/4077/4077
f 4078/4078/4078 4079/4079/4079 4077/4077/4077
f 4082/4082/4082 4081/4081/4081 4080/4080/4080
f 4083/4083/4083 4082/4082/4082 4080/4080/4080
f 4084/4084/4084 4080/4080/4080 4081/4081/4081
f 4080/4080/4080 4084/4084/4084 4085/4085/4085
f 4086/4086/4086 4080/4080/4080 4085/4085/4085
f 4087/4087/4087 4085/4085/4085 4084/4084/4084
f 4084/4084/4084 4081/4081/4081 4088/4088/4088
f 4089/4089/4089 4084/4084/4084 4088/4088/4088
f 4090/4090/4090 4088/4088/4088 4081/4081/4081
f 4082/4082/4082 4091/4091/4091 4081/4081/4081
f 4094/4094/4094 4093/4093/4093 4092/4092/4092
f 4095/4095/4095 4094/4094/4094 4092/4092/4092
f 4098/4098/4098 4097/4097/4097 4096/4096/4096
f 4099/4099/4099 4098/4098/4098 4096/4096/4096
f 4099/4099/4099 4096/4096/4096 4100/4100/4100
f 4103/4103/4103 4102/4102/4102 4101/4101/4101
f 4104/4104/4104 4103/4103/4103 4101/4101/4101
f 4105/4105/4105 4101/4101/4101 4102/4102/4102
f 4108/4108/4108 4107/4107/4107 4106/4106/4106
f 4109/4109/4109 4108/4108/4108 4106/4106/4106
f 4107/4107/4107 4110/4110/4110 4106/4106/4106
f 4110/4110/4110 4111/4111/4111 4106/4106/4106
f 4114/4114/4114 4113/4113/4113 4112/4112/4112
f 4115/4115/4115 4114/4114/4114 4112/4112/4112
f 4118/4118/4118 4117/4117/4117 4116/4116/4116
f 4119/4119/4119 4118/4118/4118 4116/4116/4116
f 4119/4119/4119 4116/4116/4116 4120/4120/4120
f 4121/4121/4121 4119/4119/4119 4120/4120/4120
f 4121/4121/4121 4120/4120/4120 4122/4122/4122
f 4123/4123/4123 4121/4121/4121 4122/4122/4122
f 4118/4118/4118 4124/4124/4124 4117/4117/4117
f 4124/4124/4124 4125/4125/4125 4117/4117/4117
f 4124/4124/4124 4126/4126/4126 4125/4125/4125
f 4126/4126/4126 4127/4127/4127 4125/4125/4125
f 4126/4126/4126 4128/4128/4128 4127/4127/4127
f 4128/4128/4128 4129/4129/4129 4127/4127/4127
f 4132/4132/4132 4131/4131/4131 4130/4130/4130
f 4133/4133/4133 4132/4132/4132 4130/4130/4130
f 4130/4130/4130 4131/4131/4131 4134/4134/4134
f 4135/4135/4135 4130/4130/4130 4134/4134/4134
f 4132/4132/4132 4136/4136/4136 4131/4131/4131
f 4139/4139/4139 4138/4138/4138 4137/4137/4137
f 4140/4140/4140 4139/4139/4139 4137/4137/4137
f 4137/4137/4137 4138/4138/4138 4141/4141/4141
f 4142/4142/4142 4137/4137/4137 4141/4141/4141
f 4139/4139/4139 4143/4143/4143 4138/4138/4138
f 4146/4146/4146 4145/4145/4145 4144/4144/4144
f 4147/4147/4147 4146/4146/4146 4144/4144/4144
f 4150/4150/4150 4149/4149/4149 4148/4148/4148
f 4151/4151/4151 4150/4150/4150 4148/4148/4148
f 4152/4152/4152 4148/4148/4148 4149/4149/4149
f 4155/4155/4155 4154/4154/4154 4153/4153/4153
f 4156/4156/4156 4155/4155/4155 4153/4153/4153
f 4154/4154/4154 4155/4155/4155 4157/4157/4157
f 4160/4160/4160 4159/4159/4159 4158/4158/4158
f 4161/4161/4161 4160/4160/4160 4158/4158/4158
f 4162/4162/4162 4161/4161/4161 4158/4158/4158
f 4163/4163/4163 4162/4162/4162 4158/4158/4158
f 4166/4166/4166 4165/4165/4165 4164/4164/4164
f 4167/4167/4167 4166/4166/4166 4164/4164/4164
f 4170/4170/4170 4169/4169/4169 4168/4168/4168
f 4171/4171/4171 4170/4170/4170 4168/4168/4168
f 4174/4174/4174 4173/4173/4173 4172/4172/4172
f 4175/4175/4175 4174/4174/4174 4172/4172/4172
f 4175/4175/4175 4172/4172/4172 4176/4176/4176
f 4177/4177/4177 4175/4175/4175 4176/4176/4176
f 4177/4177/4177 4176/4176/4176 4178/4178/4178
f 4179/4179/4179 4177/4177/4177 4178/4178/4178
f 4182/4182/4182 4181/4181/4181 4180/4180/4180
f 4183/4183/4183 4182/4182/4182 4180/4180/4180
f 4183/4183/4183 4180/4180/4180 4184/4184/4184
f 4185/4185/4185 4183/4183/4183 4184/4184/4184
f 4185/4185/4185 4184/4184/4184 4186/4186/4186
f 4187/4187/4187 4185/4185/4185 4186/4186/4186
f 4187/4187/4187 4186/4186/4186 4188/4188/4188
f 4189/4189/4189 4187/4187/4187 4188/4188/4188
f 4192/4192/4192 4191/4191/4191 4190/4190/4190
f 4193/4193/4193 4192/4192/4192 4190/4190/4190
f 4193/4193/4193 4190/4190/4190 4194/4194/4194
f 4193/4193/4193 4194/4194/4194 4195/4195/4195
f 4196/4196/4196 4193/4193/4193 4195/4195/4195
f 4197/4197/4197 4196/4196/4196 4195/4195/4195
f 4195/4195/4195 4198/4198/4198 4197/4197/4197
f 4198/4198/4198 4199/4199/4199 4197/4197/4197
f 4197/4197/4197 4200/4200/4200 4196/4196/4196
f 4200/4200/4200 4201/4201/4201 4196/4196/4196
f 4196/4196/4196 4201/4201/4201 4202/4202/4202
f 4201/4201/4201 4203/4203/4203 4202/4202/4202
f 4206/4206/4206 4205/4205/4205 4204/4204/4204
f 4207/4207/4207 4206/4206/4206 4204/4204/4204
f 4208/4208/4208 4204/4204/4204 4205/4205/4205
f 4209/4209/4209 4208/4208/4208 4205/4205/4205
f 4210/4210/4210 4208/4208/4208 4209/4209/4209
f 4211/4211/4211 4210/4210/4210 4209/4209/4209
f 4210/4210/4210 4211/4211/4211 4212/4212/4212
f 4213/4213/4213 4210/4210/4210 4212/4212/4212
f 4213/4213/4213 4212/4212/4212 4214/4214/4214
f 4215/4215/4215 4213/4213/4213 4214/4214/4214
f 4218/4218/4218 4217/4217/4217 4216/4216/4216
f 4219/4219/4219 4218/4218/4218 4216/4216/4216
f 4216/4216/4216 4220/4220/4220 4219/4219/4219
f 4220/4220/4220 4221/4221/4221 4219/4219/4219
f 4218/4218/4218 4219/4219/4219 4222/4222/4222
f 4223/4223/4223 4218/4218/4218 4222/4222/4222
f 4226/4226/4226 4225/4225/4225 4224/4224/4224
f 4227/4227/4227 4226/4226/4226 4224/4224/4224
f 4224/4224/4224 4228/4228/4228 4227/4227/4227
f 4229/4229/4229 4225/4225/4225 4226/4226/4226
f 4229/4229/4229 4230/4230/4230 4225/4225/4225
f 4230/4230/4230 4231/4231/4231 4225/4225/4225
f 4232/4232/4232 4229/4229/4229 4226/4226/4226
f 4233/4233/4233 4229/4229/4229 4232/4232/4232
f 4234/4234/4234 4233/4233/4233 4232/4232/4232
f 4234/4234/4234 4235/4235/4235 4233/4233/4233
f 4228/4228/4228 4224/4224/4224 4236/4236/4236
f 4224/4224/4224 4237/4237/4237 4236/4236/4236
f 4237/4237/4237 4238/4238/4238 4236/4236/4236
f 4233/4233/4233 4235/4235/4235 4239/4239/4239
f 4235/4235/4235 4240/4240/4240 4239/4239/4239
f 4239/4239/4239 4241/4241/4241 4233/4233/4233
f 4244/4244/4244 4243/4243/4243 4242/4242/4242
f 4245/4245/4245 4244/4244/4244 4242/4242/4242
f 4248/4248/4248 4247/4247/4247 4246/4246/4246
f 4249/4249/4249 4248/4248/4248 4246/4246/4246
f 4252/4252/4252 4251/4251/4251 4250/4250/4250
f 4253/4253/4253 4252/4252/4252 4250/4250/4250
f 4256/4256/4256 4255/4255/4255 4254/4254/4254
f 4257/4257/4257 4256/4256/4256 4254/4254/4254
f 4260/4260/4260 4259/4259/4259 4258/4258/4258
f 4261/4261/4261 4260/4260/4260 4258/4258/4258
f 4264/4264/4264 4263/4263/4263 4262/4262/4262
f 4265/4265/4265 4264/4264/4264 4262/4262/4262
f 4268/4268/4268 4267/4267/4267 4266/4266/4266
f 4269/4269/4269 4268/4268/4268 4266/4266/4266
f 4272/4272/4272 4271/4271/4271 4270/4270/4270
f 4273/4273/4273 4272/4272/4272 4270/4270/4270
f 4276/4276/4276 4275/4275/4275 4274/4274/4274
f 4277/4277/4277 4276/4276/4276 4274/4274/4274
f 4280/4280/4280 4279/4279/4279 4278/4278/4278
f 4281/4281/4281 4280/4280/4280 4278/4278/4278
f 4278/4278/4278 4282/4282/4282 4281/4281/4281
f 4282/4282/4282 4283/4283/4283 4281/4281/4281
f 4286/4286/4286 4285/4285/4285 4284/4284/4284
f 4287/4287/4287 4286/4286/4286 4284/4284/4284
f 4286/4286/4286 4287/4287/4287 4288/4288/4288
f 4287/4287/4287 4289/4289/4289 4288/4288/4288
f 4286/4286/4286 4288/4288/4288 4290/4290/4290
f 4290/4290/4290 4288/4288/4288 4291/4291/4291
f 4288/4288/4288 4292/4292/4292 4291/4291/4291
f 4292/4292/4292 4293/4293/4293 4291/4291/4291
f 4294/4294/4294 4291/4291/4291 4293/4293/4293
f 4295/4295/4295 4286/4286/4286 4290/4290/4290
f 4298/4298/4298 4297/4297/4297 4296/4296/4296
f 4299/4299/4299 4298/4298/4298 4296/4296/4296
f 4302/4302/4302 4301/4301/4301 4300/4300/4300
f 4303/4303/4303 4302/4302/4302 4300/4300/4300
f 4304/4304/4304 4300/4300/4300 4301/4301/4301
f 4305/4305/4305 4304/4304/4304 4301/4301/4301
f 4307/4307/4307 4306/4306/4306 4304/4304/4304
f 4308/4308/4308 4307/4307/4307 4304/4304/4304
f 4311/4311/4311 4310/4310/4310 4309/4309/4309
f 4312/4312/4312 4311/4311/4311 4309/4309/4309
f 4315/4315/4315 4314/4314/4314 4313/4313/4313
f 4316/4316/4316 4315/4315/4315 4313/4313/4313
f 4319/4319/4319 4318/4318/4318 4317/4317/4317
f 4320/4320/4320 4319/4319/4319 4317/4317/4317
f 4323/4323/4323 4322/4322/4322 4321/4321/4321
f 4324/4324/4324 4323/4323/4323 4321/4321/4321
f 4327/4327/4327 4326/4326/4326 4325/4325/4325
f 4328/4328/4328 4327/4327/4327 4325/4325/4325
f 4331/4331/4331 4330/4330/4330 4329/4329/4329
f 4332/4332/4332 4331/4331/4331 4329/4329/4329
f 4335/4335/4335 4334/4334/4334 4333/4333/4333
f 4336/4336/4336 4335/4335/4335 4333/4333/4333
f 4339/4339/4339 4338/4338/4338 4337/4337/4337
f 4340/4340/4340 4339/4339/4339 4337/4337/4337
f 4343/4343/4343 4342/4342/4342 4341/4341/4341
f 4344/4344/4344 4343/4343/4343 4341/4341/4341
f 4347/4347/4347 4346/4346/4346 4345/4345/4345
f 4348/4348/4348 4345/4345/4345 4346/4346/4346
f 4349/4349/4349 4348/4348/4348 4346/4346/4346
f 4348/4348/4348 4349/4349/4349 4350/4350/4350
f 4353/4353/4353 4352/4352/4352 4351/4351/4351
f 4354/4354/4354 4353/4353/4353 4351/4351/4351
f 4357/4357/4357 4356/4356/4356 4355/4355/4355
f 4358/4358/4358 4357/4357/4357 4355/4355/4355
f 4357/4357/4357 4358/4358/4358 4359/4359/4359
f 4358/4358/4358 4360/4360/4360 4359/4359/4359
f 4363/4363/4363 4362/4362/4362 4361/4361/4361
f 4364/4364/4364 4363/4363/4363 4361/4361/4361
f 4367/4367/4367 4366/4366/4366 4365/4365/4365
f 4368/4368/4368 4367/4367/4367 4365/4365/4365
f 4371/4371/4371 4370/4370/4370 4369/4369/4369
f 4372/4372/4372 4371/4371/4371 4369/4369/4369
f 4375/4375/4375 4374/4374/4374 4373/4373/4373
f 4376/4376/4376 4375/4375/4375 4373/4373/4373
f 4376/4376/4376 4373/4373/4373 4377/4377/4377
f 4378/4378/4378 4376/4376/4376 4377/4377/4377
f 4378/4378/4378 4377/4377/4377 4379/4379/4379
f 4380/4380/4380 4378/4378/4378 4379/4379/4379
f 4383/4383/4383 4382/4382/4382 4381/4381/4381
f 4384/4384/4384 4383/4383/4383 4381/4381/4381
f 4384/4384/4384 4381/4381/4381 4385/4385/4385
f 4386/4386/4386 4384/4384/4384 4385/4385/4385
f 4389/4389/4389 4388/4388/4388 4387/4387/4387
f 4390/4390/4390 4389/4389/4389 4387/4387/4387
f 4390/4390/4390 4387/4387/4387 4391/4391/4391
f 4387/4387/4387 4392/4392/4392 4391/4391/4391
f 4390/4390/4390 4391/4391/4391 4393/4393/4393
f 4390/4390/4390 4394/4394/4394 4389/4389/4389
f 4397/4397/4397 4396/4396/4396 4395/4395/4395
f 4398/4398/4398 4397/4397/4397 4395/4395/4395
f 4401/4401/4401 4400/4400/4400 4399/4399/4399
f 4402/4402/4402 4401/4401/4401 4399/4399/4399
f 4405/4405/4405 4404/4404/4404 4403/4403/4403
f 4406/4406/4406 4405/4405/4405 4403/4403/4403
f 4409/4409/4409 4408/4408/4408 4407/4407/4407
f 4410/4410/4410 4409/4409/4409 4407/4407/4407
f 4410/4410/4410 4407/4407/4407 4411/4411/4411
f 4412/4412/4412 4410/4410/4410 4411/4411/4411
f 4412/4412/4412 4411/4411/4411 4413/4413/4413
f 4414/4414/4414 4412/4412/4412 4413/4413/4413
f 4417/4417/4417 4416/4416/4416 4415/4415/4415
f 4418/4418/4418 4417/4417/4417 4415/4415/4415
f 4418/4418/4418 4415/4415/4415 4419/4419/4419
f 4420/4420/4420 4418/4418/4418 4419/4419/4419
f 4423/4423/4423 4422/4422/4422 4421/4421/4421
f 4424/4424/4424 4423/4423/4423 4421/4421/4421
f 4424/4424/4424 4421/4421/4421 4425/4425/4425
f 4421/4421/4421 4426/4426/4426 4425/4425/4425
f 4424/4424/4424 4425/4425/4425 4427/4427/4427
f 4424/4424/4424 4428/4428/4428 4423/4423/4423
f 4431/4431/4431 4430/4430/4430 4429/4429/4429
f 4432/4432/4432 4431/4431/4431 4429/4429/4429
f 4429/4429/4429 4430/4430/4430 4433/4433/4433
f 4434/4434/4434 4429/4429/4429 4433/4433/4433
f 4437/4437/4437 4436/4436/4436 4435/4435/4435
f 4438/4438/4438 4437/4437/4437 4435/4435/4435
f 4436/4436/4436 4437/4437/4437 4439/4439/4439
f 4437/4437/4437 4440/4440/4440 4439/4439/4439
f 4439/4439/4439 4440/4440/4440 4441/4441/4441
f 4440/4440/4440 4442/4442/4442 4441/4441/4441
f 4441/4441/4441 4442/4442/4442 4443/4443/4443
f 4442/4442/4442 4444/4444/4444 4443/4443/4443
f 4443/4443/4443 4444/4444/4444 4445/4445/4445
f 4444/4444/4444 4446/4446/4446 4445/4445/4445
f 4449/4449/4449 4448/4448/4448 4447/4447/4447
f 4450/4450/4450 4449/4449/4449 4447/4447/4447
f 4453/4453/4453 4452/4452/4452 4451/4451/4451
f 4454/4454/4454 4453/4453/4453 4451/4451/4451
f 4455/4455/4455 4453/4453/4453 4454/4454/4454
f 4451/4451/4451 4452/4452/4452 4456/4456/4456
f 4456/4456/4456 4452/4452/4452 4457/4457/4457
f 4452/4452/4452 4458/4458/4458 4457/4457/4457
f 4457/4457/4457 4458/4458/4458 4459/4459/4459
f 4458/4458/4458 4460/4460/4460 4459/4459/4459
f 4459/4459/4459 4460/4460/4460 4461/4461/4461
f 4460/4460/4460 4462/4462/4462 4461/4461/4461
f 4463/4463/4463 4461/4461/4461 4462/4462/4462
f 4464/4464/4464 4463/4463/4463 4462/4462/4462
f 4464/4464/4464 4465/4465/4465 4463/4463/4463
f 4466/4466/4466 4461/4461/4461 4463/4463/4463
f 4467/4467/4467 4466/4466/4466 4463/4463/4463
f 4468/4468/4468 4467/4467/4467 4463/4463/4463
f 4465/4465/4465 4464/4464/4464 4469/4469/4469
f 4470/4470/4470 4465/4465/4465 4469/4469/4469
f 4473/4473/4473 4472/4472/4472 4471/4471/4471
f 4474/4474/4474 4473/4473/4473 4471/4471/4471
f 4477/4477/4477 4476/4476/4476 4475/4475/4475
f 4478/4478/4478 4477/4477/4477 4475/4475/4475
f 4479/4479/4479 4477/4477/4477 4478/4478/4478
f 4480/4480/4480 4479/4479/4479 4478/4478/4478
f 4481/4481/4481 4479/4479/4479 4480/4480/4480
f 4482/4482/4482 4481/4481/4481 4480/4480/4480
f 4483/4483/4483 4481/4481/4481 4482/4482/4482
f 4484/4484/4484 4483/4483/4483 4482/4482/4482
f 4487/4487/4487 4486/4486/4486 4485/4485/4485
f 4487/4487/4487 4485/4485/4485 4488/4488/4488
f 4489/4489/4489 4487/4487/4487 4488/4488/4488
f 4490/4490/4490 4487/4487/4487 4489/4489/4489
f 4491/4491/4491 4490/4490/4490 4489/4489/4489
f 4486/4486/4486 4492/4492/4492 4485/4485/4485
f 4495/4495/4495 4494/4494/4494 4493/4493/4493
f 4496/4496/4496 4495/4495/4495 4493/4493/4493
f 4495/4495/4495 4497/4497/4497 4494/4494/4494
f 4497/4497/4497 4498/4498/4498 4494/4494/4494
f 4496/4496/4496 4493/4493/4493 4499/4499/4499
f 4500/4500/4500 4496/4496/4496 4499/4499/4499
f 4500/4500/4500 4499/4499/4499 4501/4501/4501
f 4499/4499/4499 4502/4502/4502 4501/4501/4501
f 4502/4502/4502 4503/4503/4503 4501/4501/4501
f 4503/4503/4503 4504/4504/4504 4501/4501/4501
f 4505/4505/4505 4500/4500/4500 4501/4501/4501
f 4501/4501/4501 4506/4506/4506 4505/4505/4505
f 4507/4507/4507 4505/4505/4505 4506/4506/4506
f 4508/4508/4508 4507/4507/4507 4506/4506/4506
f 4509/4509/4509 4498/4498/4498 4497/4497/4497
f 4510/4510/4510 4509/4509/4509 4497/4497/4497
f 4509/4509/4509 4510/4510/4510 4511/4511/4511
f 4512/4512/4512 4509/4509/4509 4511/4511/4511
f 4515/4515/4515 4514/4514/4514 4513/4513/4513
f 4516/4516/4516 4515/4515/4515 4513/4513/4513
f 4519/4519/4519 4518/4518/4518 4517/4517/4517
f 4520/4520/4520 4519/4519/4519 4517/4517/4517
f 4523/4523/4523 4522/4522/4522 4521/4521/4521
f 4524/4524/4524 4523/4523/4523 4521/4521/4521
f 4521/4521/4521 4522/4522/4522 4525/4525/4525
f 4526/4526/4526 4521/4521/4521 4525/4525/4525
f 4523/4523/4523 4524/4524/4524 4527/4527/4527
f 4528/4528/4528 4523/4523/4523 4527/4527/4527
f 4526/4526/4526 4525/4525/4525 4529/4529/4529
f 4530/4530/4530 4526/4526/4526 4529/4529/4529
f 4528/4528/4528 4527/4527/4527 4531/4531/4531
f 4532/4532/4532 4528/4528/4528 4531/4531/4531
f 4535/4535/4535 4534/4534/4534 4533/4533/4533
f 4536/4536/4536 4535/4535/4535 4533/4533/4533
f 4537/4537/4537 4536/4536/4536 4533/4533/4533
f 4538/4538/4538 4537/4537/4537 4533/4533/4533
f 4539/4539/4539 4538/4538/4538 4533/4533/4533
f 4534/4534/4534 4540/4540/4540 4533/4533/4533
f 4543/4543/4543 4542/4542/4542 4541/4541/4541
f 4544/4544/4544 4543/4543/4543 4541/4541/4541
f 4547/4547/4547 4546/4546/4546 4545/4545/4545
f 4548/4548/4548 4547/4547/4547 4545/4545/4545
f 4551/4551/4551 4550/4550/4550 4549/4549/4549
f 4552/4552/4552 4551/4551/4551 4549/4549/4549
f 4551/4551/4551 4553/4553/4553 4550/4550/4550
f 4553/4553/4553 4554/4554/4554 4550/4550/4550
f 4553/4553/4553 4555/4555/4555 4554/4554/4554
f 4555/4555/4555 4556/4556/4556 4554/4554/4554
f 4555/4555/4555 4557/4557/4557 4556/4556/4556
f 4557/4557/4557 4558/4558/4558 4556/4556/4556
f 4557/4557/4557 4559/4559/4559 4558/4558/4558
f 4559/4559/4559 4560/4560/4560 4558/4558/4558
f 4559/4559/4559 4561/4561/4561 4560/4560/4560
f 4561/4561/4561 4562/4562/4562 4560/4560/4560
f 4561/4561/4561 4563/4563/4563 4562/4562/4562
f 4563/4563/4563 4564/4564/4564 4562/4562/4562
f 4563/4563/4563 4565/4565/4565 4564/4564/4564
f 4565/4565/4565 4566/4566/4566 4564/4564/4564
f 4566/4566/4566 4565/4565/4565 4567/4567/4567
f 4565/4565/4565 4568/4568/4568 4567/4567/4567
f 4571/4571/4571 4570/4570/4570 4569/4569/4569
f 4572/4572/4572 4571/4571/4571 4569/4569/4569
f 4573/4573/4573 4569/4569/4569 4570/4570/4570
f 4569/4569/4569 4573/4573/4573 4574/4574/4574
f 4575/4575/4575 4569/4569/4569 4574/4574/4574
f 4576/4576/4576 4574/4574/4574 4573/4573/4573
f 4577/4577/4577 4573/4573/4573 4570/4570/4570
f 4571/4571/4571 4578/4578/4578 4570/4570/4570
f 4573/4573/4573 4577/4577/4577 4579/4579/4579
f 4580/4580/4580 4573/4573/4573 4579/4579/4579
f 4573/4573/4573 4580/4580/4580 4581/4581/4581
f 4576/4576/4576 4573/4573/4573 4581/4581/4581
f 4584/4584/4584 4583/4583/4583 4582/4582/4582
f 4585/4585/4585 4583/4583/4583 4584/4584/4584
f 4586/4586/4586 4583/4583/4583 4585/4585/4585
f 4587/4587/4587 4586/4586/4586 4585/4585/4585
f 4585/4585/4585 4584/4584/4584 4588/4588/4588
f 4589/4589/4589 4585/4585/4585 4588/4588/4588
f 4590/4590/4590 4588/4588/4588 4584/4584/4584
f 4582/4582/4582 4591/4591/4591 4584/4584/4584
f 4583/4583/4583 4586/4586/4586 4592/4592/4592
f 4593/4593/4593 4583/4583/4583 4592/4592/4592
f 4583/4583/4583 4593/4593/4593 4594/4594/4594
f 4582/4582/4582 4583/4583/4583 4594/4594/4594
f 4549/4549/4549 4596/4596/4596 4595/4595/4595
f 4552/4552/4552 4549/4549/4549 4595/4595/4595
f 4599/4599/4599 4598/4598/4598 4597/4597/4597
f 4600/4600/4600 4599/4599/4599 4597/4597/4597
f 4600/4600/4600 4597/4597/4597 4601/4601/4601
f 4602/4602/4602 4600/4600/4600 4601/4601/4601
f 4602/4602/4602 4601/4601/4601 4603/4603/4603
f 4604/4604/4604 4602/4602/4602 4603/4603/4603
f 4604/4604/4604 4603/4603/4603 4605/4605/4605
f 4606/4606/4606 4604/4604/4604 4605/4605/4605
f 4606/4606/4606 4605/4605/4605 4607/4607/4607
f 4608/4608/4608 4606/4606/4606 4607/4607/4607
f 4608/4608/4608 4607/4607/4607 4609/4609/4609
f 4610/4610/4610 4608/4608/4608 4609/4609/4609
f 4610/4610/4610 4609/4609/4609 4611/4611/4611
f 4612/4612/4612 4610/4610/4610 4611/4611/4611
f 4599/4599/4599 4613/4613/4613 4598/4598/4598
f 4613/4613/4613 4614/4614/4614 4598/4598/4598
f 4617/4617/4617 4616/4616/4616 4615/4615/4615
f 4618/4618/4618 4617/4617/4617 4615/4615/4615
f 4619/4619/4619 4615/4615/4615 4616/4616/4616
f 4615/4615/4615 4619/4619/4619 4620/4620/4620
f 4621/4621/4621 4615/4615/4615 4620/4620/4620
f 4622/4622/4622 4620/4620/4620 4619/4619/4619
f 4617/4617/4617 4623/4623/4623 4616/4616/4616
f 4626/4626/4626 4625/4625/4625 4624/4624/4624
f 4627/4627/4627 4626/4626/4626 4624/4624/4624
f 4624/4624/4624 4625/4625/4625 4628/4628/4628
f 4629/4629/4629 4624/4624/4624 4628/4628/4628
f 4630/4630/4630 4628/4628/4628 4625/4625/4625
f 4625/4625/4625 4626/4626/4626 4631/4631/4631
f 4626/4626/4626 4632/4632/4632 4631/4631/4631
f 4635/4635/4635 4634/4634/4634 4633/4633/4633
f 4636/4636/4636 4635/4635/4635 4633/4633/4633
f 4635/4635/4635 4636/4636/4636 4637/4637/4637
f 4638/4638/4638 4634/4634/4634 4635/4635/4635
f 4639/4639/4639 4638/4638/4638 4635/4635/4635
f 4639/4639/4639 4635/4635/4635 4637/4637/4637
f 4640/4640/4640 4639/4639/4639 4637/4637/4637
f 4641/4641/4641 4640/4640/4640 4637/4637/4637
f 4642/4642/4642 4641/4641/4641 4637/4637/4637
f 4633/4633/4633 4634/4634/4634 4643/4643/4643
f 4643/4643/4643 4644/4644/4644 4633/4633/4633
f 4644/4644/4644 4645/4645/4645 4633/4633/4633
f 4646/4646/4646 4644/4644/4644 4643/4643/4643
f 4647/4647/4647 4646/4646/4646 4643/4643/4643
f 4647/4647/4647 4643/4643/4643 4634/4634/4634
f 4638/4638/4638 4647/4647/4647 4634/4634/4634
f 4648/4648/4648 4642/4642/4642 4637/4637/4637
f 4636/4636/4636 4648/4648/4648 4637/4637/4637
f 4648/4648/4648 4636/4636/4636 4649/4649/4649
f 4648/4648/4648 4649/4649/4649 4650/4650/4650
f 4649/4649/4649 4651/4651/4651 4650/4650/4650
f 4654/4654/4654 4653/4653/4653 4652/4652/4652
f 4655/4655/4655 4654/4654/4654 4652/4652/4652
f 4654/4654/4654 4656/4656/4656 4653/4653/4653
f 4657/4657/4657 4656/4656/4656 4654/4654/4654
f 4658/4658/4658 4657/4657/4657 4654/4654/4654
f 4659/4659/4659 4658/4658/4658 4654/4654/4654
f 4658/4658/4658 4659/4659/4659 4660/4660/4660
f 4661/4661/4661 4660/4660/4660 4659/4659/4659
f 4662/4662/4662 4661/4661/4661 4659/4659/4659
f 4663/4663/4663 4662/4662/4662 4659/4659/4659
f 4666/4666/4666 4665/4665/4665 4664/4664/4664
f 4667/4667/4667 4666/4666/4666 4664/4664/4664
f 4664/4664/4664 4665/4665/4665 4668/4668/4668
f 4664/4664/4664 4669/4669/4669 4667/4667/4667
f 4666/4666/4666 4667/4667/4667 4670/4670/4670
f 4671/4671/4671 4666/4666/4666 4670/4670/4670
f 4670/4670/4670 4672/4672/4672 4671/4671/4671
f 4671/4671/4671 4672/4672/4672 4673/4673/4673
f 4674/4674/4674 4671/4671/4671 4673/4673/4673
f 4672/4672/4672 4670/4670/4670 4675/4675/4675
f 4670/4670/4670 4676/4676/4676 4675/4675/4675
f 4674/4674/4674 4673/4673/4673 4677/4677/4677
f 4678/4678/4678 4674/4674/4674 4677/4677/4677
f 4675/4675/4675 4676/4676/4676 4679/4679/4679
f 4676/4676/4676 4680/4680/4680 4679/4679/4679
f 4683/4683/4683 4682/4682/4682 4681/4681/4681
f 4684/4684/4684 4683/4683/4683 4681/4681/4681
f 4681/4681/4681 4685/4685/4685 4684/4684/4684
f 4685/4685/4685 4686/4686/4686 4684/4684/4684
f 4686/4686/4686 4685/4685/4685 4687/4687/4687
f 4688/4688/4688 4686/4686/4686 4687/4687/4687
f 4687/4687/4687 4689/4689/4689 4688/4688/4688
f 4689/4689/4689 4690/4690/4690 4688/4688/4688
f 4690/4690/4690 4689/4689/4689 4691/4691/4691
f 4692/4692/4692 4690/4690/4690 4691/4691/4691
f 4695/4695/4695 4694/4694/4694 4693/4693/4693
f 4696/4696/4696 4695/4695/4695 4693/4693/4693
f 4694/4694/4694 4695/4695/4695 4697/4697/4697
f 4698/4698/4698 4694/4694/4694 4697/4697/4697
f 4698/4698/4698 4699/4699/4699 4694/4694/4694
f 4699/4699/4699 4700/4700/4700 4694/4694/4694
f 4700/4700/4700 4699/4699/4699 4701/4701/4701
f 4702/4702/4702 4700/4700/4700 4701/4701/4701
f 4703/4703/4703 4700/4700/4700 4702/4702/4702
f 4704/4704/4704 4703/4703/4703 4702/4702/4702
f 4699/4699/4699 4698/4698/4698 4705/4705/4705
f 4705/4705/4705 4698/4698/4698 4706/4706/4706
f 4698/4698/4698 4707/4707/4707 4706/4706/4706
f 4710/4710/4710 4709/4709/4709 4708/4708/4708
f 4711/4711/4711 4710/4710/4710 4708/4708/4708
f 4709/4709/4709 4710/4710/4710 4712/4712/4712
f 4710/4710/4710 4713/4713/4713 4712/4712/4712
f 4710/4710/4710 4714/4714/4714 4713/4713/4713
f 4714/4714/4714 4715/4715/4715 4713/4713/4713
f 4715/4715/4715 4716/4716/4716 4713/4713/4713
f 4717/4717/4717 4714/4714/4714 4710/4710/4710
f 4711/4711/4711 4717/4717/4717 4710/4710/4710
f 4713/4713/4713 4716/4716/4716 4718/4718/4718
f 4712/4712/4712 4713/4713/4713 4718/4718/4718
f 4719/4719/4719 4718/4718/4718 4716/4716/4716
f 4720/4720/4720 4719/4719/4719 4716/4716/4716
f 4716/4716/4716 4715/4715/4715 4720/4720/4720
f 4721/4721/4721 4719/4719/4719 4720/4720/4720
f 4722/4722/4722 4721/4721/4721 4720/4720/4720
f 4720/4720/4720 4715/4715/4715 4722/4722/4722
f 4715/4715/4715 4723/4723/4723 4722/4722/4722
f 4714/4714/4714 4717/4717/4717 4724/4724/4724
f 4724/4724/4724 4717/4717/4717 4725/4725/4725
f 4726/4726/4726 4724/4724/4724 4725/4725/4725
f 4729/4729/4729 4728/4728/4728 4727/4727/4727
f 4730/4730/4730 4729/4729/4729 4727/4727/4727
f 4731/4731/4731 4728/4728/4728 4729/4729/4729
f 4732/4732/4732 4731/4731/4731 4729/4729/4729
f 4731/4731/4731 4732/4732/4732 4733/4733/4733
f 4732/4732/4732 4734/4734/4734 4733/4733/4733
f 4727/4727/4727 4735/4735/4735 4730/4730/4730
f 4735/4735/4735 4736/4736/4736 4730/4730/4730
f 4736/4736/4736 4735/4735/4735 4737/4737/4737
f 4735/4735/4735 4738/4738/4738 4737/4737/4737
f 4737/4737/4737 4738/4738/4738 4739/4739/4739
f 4738/4738/4738 4740/4740/4740 4739/4739/4739
f 4743/4743/4743 4742/4742/4742 4741/4741/4741
f 4744/4744/4744 4743/4743/4743 4741/4741/4741
f 4745/4745/4745 4741/4741/4741 4742/4742/4742
f 4746/4746/4746 4745/4745/4745 4742/4742/4742
f 4743/4743/4743 4744/4744/4744 4747/4747/4747
f 4744/4744/4744 4748/4748/4748 4747/4747/4747
f 4749/4749/4749 4747/4747/4747 4748/4748/4748
f 4750/4750/4750 4749/4749/4749 4748/4748/4748
f 4751/4751/4751 4749/4749/4749 4750/4750/4750
f 4752/4752/4752 4751/4751/4751 4750/4750/4750
f 4755/4755/4755 4754/4754/4754 4753/4753/4753
f 4754/4754/4754 4756/4756/4756 4753/4753/4753
f 4756/4756/4756 4757/4757/4757 4753/4753/4753
f 4756/4756/4756 4754/4754/4754 4758/4758/4758
f 4758/4758/4758 4759/4759/4759 4756/4756/4756
f 4758/4758/4758 4760/4760/4760 4759/4759/4759
f 4758/4758/4758 4761/4761/4761 4760/4760/4760
f 4761/4761/4761 4762/4762/4762 4760/4760/4760
f 4753/4753/4753 4763/4763/4763 4755/4755/4755
f 4763/4763/4763 4764/4764/4764 4755/4755/4755
f 4764/4764/4764 4763/4763/4763 4765/4765/4765
f 4766/4766/4766 4764/4764/4764 4765/4765/4765
f 4763/4763/4763 4767/4767/4767 4765/4765/4765
f 4767/4767/4767 4763/4763/4763 4753/4753/4753
f 4757/4757/4757 4767/4767/4767 4753/4753/4753
f 4770/4770/4770 4769/4769/4769 4768/4768/4768
f 4771/4771/4771 4770/4770/4770 4768/4768/4768
f 4769/4769/4769 4770/4770/4770 4772/4772/4772
f 4770/4770/4770 4773/4773/4773 4772/4772/4772
f 4772/4772/4772 4773/4773/4773 4774/4774/4774
f 4772/4772/4772 4774/4774/4774 4775/4775/4775
f 4774/4774/4774 4776/4776/4776 4775/4775/4775
f 4777/4777/4777 4768/4768/4768 4769/4769/4769
f 4771/4771/4771 4768/4768/4768 4778/4778/4778
f 4768/4768/4768 4779/4779/4779 4778/4778/4778
f 4779/4779/4779 4768/4768/4768 4777/4777/4777
f 4778/4778/4778 4779/4779/4779 4780/4780/4780
f 4780/4780/4780 4779/4779/4779 4781/4781/4781
f 4781/4781/4781 4779/4779/4779 4777/4777/4777
f 4782/4782/4782 4780/4780/4780 4781/4781/4781
f 4785/4785/4785 4784/4784/4784 4783/4783/4783
f 4786/4786/4786 4785/4785/4785 4783/4783/4783
f 4785/4785/4785 4787/4787/4787 4784/4784/4784
f 4787/4787/4787 4788/4788/4788 4784/4784/4784
f 4789/4789/4789 4786/4786/4786 4783/4783/4783
f 4790/4790/4790 4789/4789/4789 4783/4783/4783
f 4791/4791/4791 4789/4789/4789 4790/4790/4790
f 4792/4792/4792 4791/4791/4791 4790/4790/4790
f 4784/4784/4784 4793/4793/4793 4783/4783/4783
f 4793/4793/4793 4794/4794/4794 4783/4783/4783
f 4795/4795/4795 4793/4793/4793 4784/4784/4784
f 4788/4788/4788 4795/4795/4795 4784/4784/4784
f 4792/4792/4792 4790/4790/4790 4796/4796/4796
f 4790/4790/4790 4797/4797/4797 4796/4796/4796
f 4783/4783/4783 4794/4794/4794 4797/4797/4797
f 4790/4790/4790 4783/4783/4783 4797/4797/4797
f 4800/4800/4800 4799/4799/4799 4798/4798/4798
f 4801/4801/4801 4800/4800/4800 4798/4798/4798
f 4798/4798/4798 4799/4799/4799 4802/4802/4802
f 4799/4799/4799 4803/4803/4803 4802/4802/4802
f 4803/4803/4803 4804/4804/4804 4802/4802/4802
f 4804/4804/4804 4805/4805/4805 4802/4802/4802
f 4804/4804/4804 4806/4806/4806 4805/4805/4805
f 4806/4806/4806 4807/4807/4807 4805/4805/4805
f 4801/4801/4801 4798/4798/4798 4808/4808/4808
f 4798/4798/4798 4809/4809/4809 4808/4808/4808
f 4798/4798/4798 4802/4802/4802 4809/4809/4809
f 4802/4802/4802 4810/4810/4810 4809/4809/4809
f 4811/4811/4811 4810/4810/4810 4802/4802/4802
f 4805/4805/4805 4811/4811/4811 4802/4802/4802
f 4812/4812/4812 4811/4811/4811 4805/4805/4805
f 4807/4807/4807 4812/4812/4812 4805/4805/4805
f 4815/4815/4815 4814/4814/4814 4813/4813/4813
f 4816/4816/4816 4815/4815/4815 4813/4813/4813
f 4817/4817/4817 4814/4814/4814 4815/4815/4815
f 4818/4818/4818 4817/4817/4817 4815/4815/4815
f 4814/4814/4814 4817/4817/4817 4819/4819/4819
f 4814/4814/4814 4820/4820/4820 4813/4813/4813
f 4823/4823/4823 4822/4822/4822 4821/4821/4821
f 4824/4824/4824 4823/4823/4823 4821/4821/4821
f 4825/4825/4825 4822/4822/4822 4823/4823/4823
f 4826/4826/4826 4825/4825/4825 4823/4823/4823
f 4822/4822/4822 4825/4825/4825 4827/4827/4827
f 4822/4822/4822 4828/4828/4828 4821/4821/4821
f 4831/4831/4831 4830/4830/4830 4829/4829/4829
f 4832/4832/4832 4831/4831/4831 4829/4829/4829
f 4832/4832/4832 4829/4829/4829 4833/4833/4833
f 4834/4834/4834 4832/4832/4832 4833/4833/4833
f 4837/4837/4837 4836/4836/4836 4835/4835/4835
f 4838/4838/4838 4837/4837/4837 4835/4835/4835
f 4837/4837/4837 4839/4839/4839 4836/4836/4836
f 4839/4839/4839 4840/4840/4840 4836/4836/4836
f 4839/4839/4839 4841/4841/4841 4840/4840/4840
f 4841/4841/4841 4842/4842/4842 4840/4840/4840
f 4845/4845/4845 4844/4844/4844 4843/4843/4843
f 4846/4846/4846 4845/4845/4845 4843/4843/4843
f 4849/4849/4849 4848/4848/4848 4847/4847/4847
f 4850/4850/4850 4849/4849/4849 4847/4847/4847
f 4853/4853/4853 4852/4852/4852 4851/4851/4851
f 4854/4854/4854 4853/4853/4853 4851/4851/4851
f 4857/4857/4857 4856/4856/4856 4855/4855/4855
f 4858/4858/4858 4857/4857/4857 4855/4855/4855
f 4859/4859/4859 4856/4856/4856 4857/4857/4857
f 4860/4860/4860 4859/4859/4859 4857/4857/4857
f 4856/4856/4856 4859/4859/4859 4861/4861/4861
f 4856/4856/4856 4862/4862/4862 4855/4855/4855
f 4865/4865/4865 4864/4864/4864 4863/4863/4863
f 4866/4866/4866 4865/4865/4865 4863/4863/4863
f 4869/4869/4869 4868/4868/4868 4867/4867/4867
f 4870/4870/4870 4869/4869/4869 4867/4867/4867
f 4873/4873/4873 4872/4872/4872 4871/4871/4871
f 4874/4874/4874 4873/4873/4873 4871/4871/4871
f 4877/4877/4877 4876/4876/4876 4875/4875/4875
f 4878/4878/4878 4877/4877/4877 4875/4875/4875
f 4881/4881/4881 4880/4880/4880 4879/4879/4879
f 4882/4882/4882 4881/4881/4881 4879/4879/4879
f 4885/4885/4885 4884/4884/4884 4883/4883/4883
f 4886/4886/4886 4885/4885/4885 4883/4883/4883
f 4889/4889/4889 4888/4888/4888 4887/4887/4887
f 4890/4890/4890 4889/4889/4889 4887/4887/4887
f 4891/4891/4891 4887/4887/4887 4888/4888/4888
f 4892/4892/4892 4891/4891/4891 4888/4888/4888
f 4895/4895/4895 4894/4894/4894 4893/4893/4893
f 4896/4896/4896 4895/4895/4895 4893/4893/4893
f 4899/4899/4899 4898/4898/4898 4897/4897/4897
f 4900/4900/4900 4899/4899/4899 4897/4897/4897
f 4903/4903/4903 4902/4902/4902 4901/4901/4901
f 4904/4904/4904 4903/4903/4903 4901/4901/4901
f 4903/4903/4903 4905/4905/4905 4902/4902/4902
f 4905/4905/4905 4906/4906/4906 4902/4902/4902
f 4907/4907/4907 4904/4904/4904 4901/4901/4901
f 4908/4908/4908 4907/4907/4907 4901/4901/4901
f 4909/4909/4909 4907/4907/4907 4908/4908/4908
f 4910/4910/4910 4909/4909/4909 4908/4908/4908
f 4902/4902/4902 4911/4911/4911 4901/4901/4901
f 4911/4911/4911 4912/4912/4912 4901/4901/4901
f 4913/4913/4913 4911/4911/4911 4902/4902/4902
f 4906/4906/4906 4913/4913/4913 4902/4902/4902
f 4910/4910/4910 4908/4908/4908 4914/4914/4914
f 4908/4908/4908 4915/4915/4915 4914/4914/4914
f 4901/4901/4901 4912/4912/4912 4915/4915/4915
f 4908/4908/4908 4901/4901/4901 4915/4915/4915
f 4918/4918/4918 4917/4917/4917 4916/4916/4916
f 4919/4919/4919 4918/4918/4918 4916/4916/4916
f 4916/4916/4916 4917/4917/4917 4920/4920/4920
f 4917/4917/4917 4921/4921/4921 4920/4920/4920
f 4921/4921/4921 4922/4922/4922 4920/4920/4920
f 4922/4922/4922 4923/4923/4923 4920/4920/4920
f 4922/4922/4922 4924/4924/4924 4923/4923/4923
f 4924/4924/4924 4925/4925/4925 4923/4923/4923
f 4919/4919/4919 4916/4916/4916 4926/4926/4926
f 4916/4916/4916 4927/4927/4927 4926/4926/4926
f 4916/4916/4916 4920/4920/4920 4927/4927/4927
f 4920/4920/4920 4928/4928/4928 4927/4927/4927
f 4929/4929/4929 4928/4928/4928 4920/4920/4920
f 4923/4923/4923 4929/4929/4929 4920/4920/4920
f 4930/4930/4930 4929/4929/4929 4923/4923/4923
f 4925/4925/4925 4930/4930/4930 4923/4923/4923
f 4933/4933/4933 4932/4932/4932 4931/4931/4931
f 4934/4934/4934 4933/4933/4933 4931/4931/4931
f 4935/4935/4935 4932/4932/4932 4933/4933/4933
f 4936/4936/4936 4935/4935/4935 4933/4933/4933
f 4932/4932/4932 4935/4935/4935 4937/4937/4937
f 4932/4932/4932 4938/4938/4938 4931/4931/4931
f 4941/4941/4941 4940/4940/4940 4939/4939/4939
f 4942/4942/4942 4941/4941/4941 4939/4939/4939
f 4943/4943/4943 4940/4940/4940 4941/4941/4941
f 4944/4944/4944 4943/4943/4943 4941/4941/4941
f 4940/4940/4940 4943/4943/4943 4945/4945/4945
f 4940/4940/4940 4946/4946/4946 4939/4939/4939
f 4949/4949/4949 4948/4948/4948 4947/4947/4947
f 4950/4950/4950 4949/4949/4949 4947/4947/4947
f 4950/4950/4950 4947/4947/4947 4951/4951/4951
f 4952/4952/4952 4950/4950/4950 4951/4951/4951
f 4955/4955/4955 4954/4954/4954 4953/4953/4953
f 4956/4956/4956 4955/4955/4955 4953/4953/4953
f 4955/4955/4955 4957/4957/4957 4954/4954/4954
f 4957/4957/4957 4958/4958/4958 4954/4954/4954
f 4961/4961/4961 4960/4960/4960 4959/4959/4959
f 4962/4962/4962 4961/4961/4961 4959/4959/4959
f 4961/4961/4961 4963/4963/4963 4960/4960/4960
f 4963/4963/4963 4964/4964/4964 4960/4960/4960
f 4967/4967/4967 4966/4966/4966 4965/4965/4965
f 4968/4968/4968 4967/4967/4967 4965/4965/4965
f 4971/4971/4971 4970/4970/4970 4969/4969/4969
f 4972/4972/4972 4971/4971/4971 4969/4969/4969
f 4975/4975/4975 4974/4974/4974 4973/4973/4973
f 4976/4976/4976 4975/4975/4975 4973/4973/4973
f 4977/4977/4977 4974/4974/4974 4975/4975/4975
f 4978/4978/4978 4977/4977/4977 4975/4975/4975
f 4974/4974/4974 4977/4977/4977 4979/4979/4979
f 4974/4974/4974 4980/4980/4980 4973/4973/4973
f 4983/4983/4983 4982/4982/4982 4981/4981/4981
f 4984/4984/4984 4983/4983/4983 4981/4981/4981
f 4987/4987/4987 4986/4986/4986 4985/4985/4985
f 4988/4988/4988 4987/4987/4987 4985/4985/4985
f 4991/4991/4991 4990/4990/4990 4989/4989/4989
f 4992/4992/4992 4991/4991/4991 4989/4989/4989
f 4995/4995/4995 4994/4994/4994 4993/4993/4993
f 4996/4996/4996 4995/4995/4995 4993/4993/4993
f 4999/4999/4999 4998/4998/4998 4997/4997/4997
f 5000/5000/5000 4999/4999/4999 4997/4997/4997
f 5003/5003/5003 5002/5002/5002 5001/5001/5001
f 5004/5004/5004 5003/5003/5003 5001/5001/5001
f 5007/5007/5007 5006/5006/5006 5005/5005/5005
f 5008/5008/5008 5007/5007/5007 5005/5005/5005
f 5009/5009/5009 5005/5005/5005 5006/5006/5006
f 5010/5010/5010 5009/5009/5009 5006/5006/5006
f 5013/5013/5013 5012/5012/5012 5011/5011/5011
f 5014/5014/5014 5013/5013/5013 5011/5011/5011
f 5017/5017/5017 5016/5016/5016 5015/5015/5015
f 5018/5018/5018 5017/5017/5017 5015/5015/5015
f 5021/5021/5021 5020/5020/5020 5019/5019/5019
f 5022/5022/5022 5021/5021/5021 5019/5019/5019
f 5019/5019/5019 5020/5020/5020 5023/5023/5023
f 5020/5020/5020 5024/5024/5024 5023/5023/5023
f 5025/5025/5025 5023/5023/5023 5024/5024/5024
f 5026/5026/5026 5025/5025/5025 5024/5024/5024
f 5026/5026/5026 5027/5027/5027 5025/5025/5025
f 5027/5027/5027 5028/5028/5028 5025/5025/5025
f 5027/5027/5027 5029/5029/5029 5028/5028/5028
f 5029/5029/5029 5030/5030/5030 5028/5028/5028
f 5019/5019/5019 5023/5023/5023 5031/5031/5031
f 5032/5032/5032 5019/5019/5019 5031/5031/5031
f 5032/5032/5032 5022/5022/5022 5019/5019/5019
f 5033/5033/5033 5022/5022/5022 5032/5032/5032
f 5034/5034/5034 5031/5031/5031 5023/5023/5023
f 5025/5025/5025 5034/5034/5034 5023/5023/5023
f 5025/5025/5025 5028/5028/5028 5034/5034/5034
f 5028/5028/5028 5035/5035/5035 5034/5034/5034
f 5030/5030/5030 5035/5035/5035 5028/5028/5028
f 5035/5035/5035 5030/5030/5030 5036/5036/5036
f 5039/5039/5039 5038/5038/5038 5037/5037/5037
f 5040/5040/5040 5039/5039/5039 5037/5037/5037
f 5039/5039/5039 5040/5040/5040 5041/5041/5041
f 5042/5042/5042 5039/5039/5039 5041/5041/5041
f 5045/5045/5045 5044/5044/5044 5043/5043/5043
f 5046/5046/5046 5045/5045/5045 5043/5043/5043
f 5046/5046/5046 5043/5043/5043 5047/5047/5047
f 5048/5048/5048 5046/5046/5046 5047/5047/5047
f 5051/5051/5051 5050/5050/5050 5049/5049/5049
f 5052/5052/5052 5051/5051/5051 5049/5049/5049
f 5055/5055/5055 5054/5054/5054 5053/5053/5053
f 5056/5056/5056 5055/5055/5055 5053/5053/5053
f 5056/5056/5056 5053/5053/5053 5057/5057/5057
f 5058/5058/5058 5056/5056/5056 5057/5057/5057
f 5058/5058/5058 5057/5057/5057 5059/5059/5059
f 5060/5060/5060 5058/5058/5058 5059/5059/5059
f 5060/5060/5060 5059/5059/5059 5061/5061/5061
f 5062/5062/5062 5060/5060/5060 5061/5061/5061
f 5062/5062/5062 5061/5061/5061 5063/5063/5063
f 5064/5064/5064 5062/5062/5062 5063/5063/5063
f 5064/5064/5064 5063/5063/5063 5065/5065/5065
f 5066/5066/5066 5064/5064/5064 5065/5065/5065
f 5055/5055/5055 5067/5067/5067 5054/5054/5054
f 5067/5067/5067 5068/5068/5068 5054/5054/5054
f 5067/5067/5067 5069/5069/5069 5068/5068/5068
f 5069/5069/5069 5070/5070/5070 5068/5068/5068
f 5055/5055/5055 5056/5056/5056 5071/5071/5071
f 5072/5072/5072 5055/5055/5055 5071/5071/5071
f 5067/5067/5067 5055/5055/5055 5072/5072/5072
f 5058/5058/5058 5060/5060/5060 5073/5073/5073
f 5074/5074/5074 5058/5058/5058 5073/5073/5073
f 5056/5056/5056 5058/5058/5058 5074/5074/5074
f 5071/5071/5071 5056/5056/5056 5074/5074/5074
f 5062/5062/5062 5064/5064/5064 5075/5075/5075
f 5076/5076/5076 5062/5062/5062 5075/5075/5075
f 5060/5060/5060 5062/5062/5062 5076/5076/5076
f 5073/5073/5073 5060/5060/5060 5076/5076/5076
f 5069/5069/5069 5067/5067/5067 5077/5077/5077
f 5077/5077/5077 5067/5067/5067 5072/5072/5072
f 5078/5078/5078 5069/5069/5069 5077/5077/5077
f 5075/5075/5075 5064/5064/5064 5079/5079/5079
f 5064/5064/5064 5066/5066/5066 5079/5079/5079
f 5082/5082/5082 5081/5081/5081 5080/5080/5080
f 5083/5083/5083 5082/5082/5082 5080/5080/5080
f 5083/5083/5083 5080/5080/5080 5084/5084/5084
f 5080/5080/5080 5085/5085/5085 5084/5084/5084
f 5083/5083/5083 5084/5084/5084 5086/5086/5086
f 5083/5083/5083 5087/5087/5087 5082/5082/5082
f 5090/5090/5090 5089/5089/5089 5088/5088/5088
f 5091/5091/5091 5090/5090/5090 5088/5088/5088
f 5091/5091/5091 5088/5088/5088 5092/5092/5092
f 5093/5093/5093 5091/5091/5091 5092/5092/5092
f 5093/5093/5093 5092/5092/5092 5094/5094/5094
f 5095/5095/5095 5093/5093/5093 5094/5094/5094
f 5095/5095/5095 5094/5094/5094 5096/5096/5096
f 5097/5097/5097 5095/5095/5095 5096/5096/5096
f 5097/5097/5097 5096/5096/5096 5098/5098/5098
f 5099/5099/5099 5097/5097/5097 5098/5098/5098
f 5099/5099/5099 5098/5098/5098 5100/5100/5100
f 5101/5101/5101 5099/5099/5099 5100/5100/5100
f 5090/5090/5090 5102/5102/5102 5089/5089/5089
f 5102/5102/5102 5103/5103/5103 5089/5089/5089
f 5102/5102/5102 5104/5104/5104 5103/5103/5103
f 5104/5104/5104 5105/5105/5105 5103/5103/5103
f 5090/5090/5090 5091/5091/5091 5106/5106/5106
f 5107/5107/5107 5090/5090/5090 5106/5106/5106
f 5102/5102/5102 5090/5090/5090 5107/5107/5107
f 5093/5093/5093 5095/5095/5095 5108/5108/5108
f 5109/5109/5109 5093/5093/5093 5108/5108/5108
f 5091/5091/5091 5093/5093/5093 5109/5109/5109
f 5106/5106/5106 5091/5091/5091 5109/5109/5109
f 5097/5097/5097 5099/5099/5099 5110/5110/5110
f 5111/5111/5111 5097/5097/5097 5110/5110/5110
f 5095/5095/5095 5097/5097/5097 5111/5111/5111
f 5108/5108/5108 5095/5095/5095 5111/5111/5111
f 5104/5104/5104 5102/5102/5102 5112/5112/5112
f 5112/5112/5112 5102/5102/5102 5107/5107/5107
f 5113/5113/5113 5104/5104/5104 5112/5112/5112
f 5110/5110/5110 5099/5099/5099 5114/5114/5114
f 5099/5099/5099 5101/5101/5101 5114/5114/5114
f 5117/5117/5117 5116/5116/5116 5115/5115/5115
f 5118/5118/5118 5117/5117/5117 5115/5115/5115
f 5118/5118/5118 5115/5115/5115 5119/5119/5119
f 5115/5115/5115 5120/5120/5120 5119/5119/5119
f 5118/5118/5118 5119/5119/5119 5121/5121/5121
f 5118/5118/5118 5122/5122/5122 5117/5117/5117
f 5125/5125/5125 5124/5124/5124 5123/5123/5123
f 5126/5126/5126 5125/5125/5125 5123/5123/5123
f 5129/5129/5129 5128/5128/5128 5127/5127/5127
f 5130/5130/5130 5129/5129/5129 5127/5127/5127
f 5133/5133/5133 5132/5132/5132 5131/5131/5131
f 5134/5134/5134 5133/5133/5133 5131/5131/5131
f 5137/5137/5137 5136/5136/5136 5135/5135/5135
f 5138/5138/5138 5137/5137/5137 5135/5135/5135
f 5141/5141/5141 5140/5140/5140 5139/5139/5139
f 5142/5142/5142 5141/5141/5141 5139/5139/5139
f 5145/5145/5145 5144/5144/5144 5143/5143/5143
f 5146/5146/5146 5145/5145/5145 5143/5143/5143
f 5149/5149/5149 5148/5148/5148 5147/5147/5147
f 5150/5150/5150 5149/5149/5149 5147/5147/5147
f 5151/5151/5151 5150/5150/5150 5147/5147/5147
f 5152/5152/5152 5151/5151/5151 5147/5147/5147
f 5153/5153/5153 5151/5151/5151 5152/5152/5152
f 5154/5154/5154 5153/5153/5153 5152/5152/5152
f 5155/5155/5155 5154/5154/5154 5152/5152/5152
f 5158/5158/5158 5157/5157/5157 5156/5156/5156
f 5159/5159/5159 5158/5158/5158 5156/5156/5156
f 5158/5158/5158 5159/5159/5159 5160/5160/5160
f 5161/5161/5161 5158/5158/5158 5160/5160/5160
f 5162/5162/5162 5161/5161/5161 5160/5160/5160
f 5161/5161/5161 5162/5162/5162 5163/5163/5163
f 5164/5164/5164 5161/5161/5161 5163/5163/5163
f 5167/5167/5167 5166/5166/5166 5165/5165/5165
f 5168/5168/5168 5167/5167/5167 5165/5165/5165
f 5171/5171/5171 5170/5170/5170 5169/5169/5169
f 5172/5172/5172 5171/5171/5171 5169/5169/5169
f 5169/5169/5169 5170/5170/5170 5173/5173/5173
f 5170/5170/5170 5174/5174/5174 5173/5173/5173
f 5173/5173/5173 5174/5174/5174 5175/5175/5175
f 5174/5174/5174 5176/5176/5176 5175/5175/5175
f 5175/5175/5175 5176/5176/5176 5177/5177/5177
f 5176/5176/5176 5178/5178/5178 5177/5177/5177
f 5181/5181/5181 5180/5180/5180 5179/5179/5179
f 5182/5182/5182 5181/5181/5181 5179/5179/5179
f 5185/5185/5185 5184/5184/5184 5183/5183/5183
f 5186/5186/5186 5185/5185/5185 5183/5183/5183
f 5183/5183/5183 5184/5184/5184 5187/5187/5187
f 5184/5184/5184 5188/5188/5188 5187/5187/5187
f 5187/5187/5187 5188/5188/5188 5189/5189/5189
f 5188/5188/5188 5190/5190/5190 5189/5189/5189
f 5193/5193/5193 5192/5192/5192 5191/5191/5191
f 5194/5194/5194 5193/5193/5193 5191/5191/5191
f 5197/5197/5197 5196/5196/5196 5195/5195/5195
f 5198/5198/5198 5197/5197/5197 5195/5195/5195
f 5201/5201/5201 5200/5200/5200 5199/5199/5199
f 5202/5202/5202 5201/5201/5201 5199/5199/5199
f 5202/5202/5202 5199/5199/5199 5203/5203/5203
f 5204/5204/5204 5202/5202/5202 5203/5203/5203
f 5207/5207/5207 5206/5206/5206 5205/5205/5205
f 5208/5208/5208 5207/5207/5207 5205/5205/5205
f 5208/5208/5208 5205/5205/5205 5209/5209/5209
f 5210/5210/5210 5208/5208/5208 5209/5209/5209
f 5213/5213/5213 5212/5212/5212 5211/5211/5211
f 5214/5214/5214 5213/5213/5213 5211/5211/5211
f 5217/5217/5217 5216/5216/5216 5215/5215/5215
f 5218/5218/5218 5217/5217/5217 5215/5215/5215
f 5221/5221/5221 5220/5220/5220 5219/5219/5219
f 5222/5222/5222 5221/5221/5221 5219/5219/5219
f 5223/5223/5223 5220/5220/5220 5221/5221/5221
f 5224/5224/5224 5223/5223/5223 5221/5221/5221
f 5225/5225/5225 5220/5220/5220 5223/5223/5223
f 5219/5219/5219 5220/5220/5220 5226/5226/5226
f 5229/5229/5229 5228/5228/5228 5227/5227/5227
f 5230/5230/5230 5229/5229/5229 5227/5227/5227
f 5231/5231/5231 5228/5228/5228 5229/5229/5229
f 5232/5232/5232 5231/5231/5231 5229/5229/5229
f 5233/5233/5233 5228/5228/5228 5231/5231/5231
f 5227/5227/5227 5228/5228/5228 5234/5234/5234
f 5237/5237/5237 5236/5236/5236 5235/5235/5235
f 5238/5238/5238 5237/5237/5237 5235/5235/5235
f 5238/5238/5238 5235/5235/5235 5239/5239/5239
f 5240/5240/5240 5238/5238/5238 5239/5239/5239
f 5243/5243/5243 5242/5242/5242 5241/5241/5241
f 5244/5244/5244 5243/5243/5243 5241/5241/5241
f 5241/5241/5241 5242/5242/5242 5245/5245/5245
f 5242/5242/5242 5246/5246/5246 5245/5245/5245
f 5249/5249/5249 5248/5248/5248 5247/5247/5247
f 5250/5250/5250 5249/5249/5249 5247/5247/5247
f 5247/5247/5247 5248/5248/5248 5251/5251/5251
f 5248/5248/5248 5252/5252/5252 5251/5251/5251
f 5255/5255/5255 5254/5254/5254 5253/5253/5253
f 5256/5256/5256 5255/5255/5255 5253/5253/5253
f 5259/5259/5259 5258/5258/5258 5257/5257/5257
f 5260/5260/5260 5259/5259/5259 5257/5257/5257
f 5257/5257/5257 5258/5258/5258 5261/5261/5261
f 5258/5258/5258 5262/5262/5262 5261/5261/5261
f 5265/5265/5265 5264/5264/5264 5263/5263/5263
f 5266/5266/5266 5265/5265/5265 5263/5263/5263
f 5269/5269/5269 5268/5268/5268 5267/5267/5267
f 5270/5270/5270 5269/5269/5269 5267/5267/5267
f 5269/5269/5269 5271/5271/5271 5268/5268/5268
f 5271/5271/5271 5272/5272/5272 5268/5268/5268
f 5275/5275/5275 5274/5274/5274 5273/5273/5273
f 5276/5276/5276 5275/5275/5275 5273/5273/5273
f 5276/5276/5276 5273/5273/5273 5277/5277/5277
f 5278/5278/5278 5276/5276/5276 5277/5277/5277
f 5278/5278/5278 5277/5277/5277 5279/5279/5279
f 5280/5280/5280 5278/5278/5278 5279/5279/5279
f 5280/5280/5280 5279/5279/5279 5281/5281/5281
f 5282/5282/5282 5280/5280/5280 5281/5281/5281
f 5285/5285/5285 5284/5284/5284 5283/5283/5283
f 5286/5286/5286 5285/5285/5285 5283/5283/5283
f 5286/5286/5286 5283/5283/5283 5287/5287/5287
f 5288/5288/5288 5286/5286/5286 5287/5287/5287
f 5291/5291/5291 5290/5290/5290 5289/5289/5289
f 5292/5292/5292 5291/5291/5291 5289/5289/5289
f 5293/5293/5293 5290/5290/5290 5291/5291/5291
f 5294/5294/5294 5293/5293/5293 5291/5291/5291
f 5295/5295/5295 5290/5290/5290 5293/5293/5293
f 5289/5289/5289 5290/5290/5290 5296/5296/5296
f 5299/5299/5299 5298/5298/5298 5297/5297/5297
f 5300/5300/5300 5299/5299/5299 5297/5297/5297
f 5301/5301/5301 5298/5298/5298 5299/5299/5299
f 5302/5302/5302 5301/5301/5301 5299/5299/5299
f 5303/5303/5303 5298/5298/5298 5301/5301/5301
f 5297/5297/5297 5298/5298/5298 5304/5304/5304
f 5307/5307/5307 5306/5306/5306 5305/5305/5305
f 5308/5308/5308 5307/5307/5307 5305/5305/5305
f 5305/5305/5305 5306/5306/5306 5309/5309/5309
f 5306/5306/5306 5310/5310/5310 5309/5309/5309
f 5309/5309/5309 5310/5310/5310 5311/5311/5311
f 5310/5310/5310 5312/5312/5312 5311/5311/5311
f 5311/5311/5311 5312/5312/5312 5313/5313/5313
f 5312/5312/5312 5314/5314/5314 5313/5313/5313
f 5313/5313/5313 5314/5314/5314 5315/5315/5315
f 5314/5314/5314 5316/5316/5316 5315/5315/5315
f 5315/5315/5315 5316/5316/5316 5317/5317/5317
f 5316/5316/5316 5318/5318/5318 5317/5317/5317
f 5319/5319/5319 5307/5307/5307 5308/5308/5308
f 5320/5320/5320 5319/5319/5319 5308/5308/5308
f 5321/5321/5321 5319/5319/5319 5320/5320/5320
f 5322/5322/5322 5321/5321/5321 5320/5320/5320
f 5309/5309/5309 5311/5311/5311 5323/5323/5323
f 5309/5309/5309 5323/5323/5323 5324/5324/5324
f 5305/5305/5305 5309/5309/5309 5324/5324/5324
f 5305/5305/5305 5324/5324/5324 5325/5325/5325
f 5308/5308/5308 5305/5305/5305 5325/5325/5325
f 5313/5313/5313 5315/5315/5315 5326/5326/5326
f 5313/5313/5313 5326/5326/5326 5327/5327/5327
f 5311/5311/5311 5327/5327/5327 5323/5323/5323
f 5311/5311/5311 5313/5313/5313 5327/5327/5327
f 5322/5322/5322 5320/5320/5320 5328/5328/5328
f 5320/5320/5320 5329/5329/5329 5328/5328/5328
f 5308/5308/5308 5325/5325/5325 5329/5329/5329
f 5320/5320/5320 5308/5308/5308 5329/5329/5329
f 5315/5315/5315 5330/5330/5330 5326/5326/5326
f 5315/5315/5315 5317/5317/5317 5330/5330/5330
f 5317/5317/5317 5331/5331/5331 5330/5330/5330
f 5334/5334/5334 5333/5333/5333 5332/5332/5332
f 5335/5335/5335 5334/5334/5334 5332/5332/5332
f 5336/5336/5336 5333/5333/5333 5334/5334/5334
f 5337/5337/5337 5336/5336/5336 5334/5334/5334
f 5338/5338/5338 5333/5333/5333 5336/5336/5336
f 5332/5332/5332 5333/5333/5333 5339/5339/5339
f 5342/5342/5342 5341/5341/5341 5340/5340/5340
f 5343/5343/5343 5342/5342/5342 5340/5340/5340
f 5344/5344/5344 5341/5341/5341 5342/5342/5342
f 5345/5345/5345 5344/5344/5344 5342/5342/5342
f 5346/5346/5346 5341/5341/5341 5344/5344/5344
f 5340/5340/5340 5341/5341/5341 5347/5347/5347
f 5350/5350/5350 5349/5349/5349 5348/5348/5348
f 5351/5351/5351 5350/5350/5350 5348/5348/5348
f 5348/5348/5348 5349/5349/5349 5352/5352/5352
f 5349/5349/5349 5353/5353/5353 5352/5352/5352
f 5352/5352/5352 5353/5353/5353 5354/5354/5354
f 5353/5353/5353 5355/5355/5355 5354/5354/5354
f 5354/5354/5354 5355/5355/5355 5356/5356/5356
f 5355/5355/5355 5357/5357/5357 5356/5356/5356
f 5356/5356/5356 5357/5357/5357 5358/5358/5358
f 5357/5357/5357 5359/5359/5359 5358/5358/5358
f 5358/5358/5358 5359/5359/5359 5360/5360/5360
f 5359/5359/5359 5361/5361/5361 5360/5360/5360
f 5362/5362/5362 5350/5350/5350 5351/5351/5351
f 5363/5363/5363 5362/5362/5362 5351/5351/5351
f 5364/5364/5364 5362/5362/5362 5363/5363/5363
f 5365/5365/5365 5364/5364/5364 5363/5363/5363
f 5352/5352/5352 5354/5354/5354 5366/5366/5366
f 5352/5352/5352 5366/5366/5366 5367/5367/5367
f 5348/5348/5348 5352/5352/5352 5367/5367/5367
f 5348/5348/5348 5367/5367/5367 5368/5368/5368
f 5351/5351/5351 5348/5348/5348 5368/5368/5368
f 5356/5356/5356 5358/5358/5358 5369/5369/5369
f 5356/5356/5356 5369/5369/5369 5370/5370/5370
f 5354/5354/5354 5370/5370/5370 5366/5366/5366
f 5354/5354/5354 5356/5356/5356 5370/5370/5370
f 5365/5365/5365 5363/5363/5363 5371/5371/5371
f 5363/5363/5363 5372/5372/5372 5371/5371/5371
f 5351/5351/5351 5368/5368/5368 5372/5372/5372
f 5363/5363/5363 5351/5351/5351 5372/5372/5372
f 5358/5358/5358 5373/5373/5373 5369/5369/5369
f 5358/5358/5358 5360/5360/5360 5373/5373/5373
f 5360/5360/5360 5374/5374/5374 5373/5373/5373
f 5377/5377/5377 5376/5376/5376 5375/5375/5375
f 5378/5378/5378 5377/5377/5377 5375/5375/5375
f 5379/5379/5379 5376/5376/5376 5377/5377/5377
f 5380/5380/5380 5379/5379/5379 5377/5377/5377
f 5381/5381/5381 5376/5376/5376 5379/5379/5379
f 5375/5375/5375 5376/5376/5376 5382/5382/5382
f 5385/5385/5385 5384/5384/5384 5383/5383/5383
f 5386/5386/5386 5385/5385/5385 5383/5383/5383
f 5387/5387/5387 5384/5384/5384 5385/5385/5385
f 5388/5388/5388 5387/5387/5387 5385/5385/5385
f 5389/5389/5389 5384/5384/5384 5387/5387/5387
f 5383/5383/5383 5384/5384/5384 5390/5390/5390
f 5393/5393/5393 5392/5392/5392 5391/5391/5391
f 5394/5394/5394 5393/5393/5393 5391/5391/5391
f 5391/5391/5391 5392/5392/5392 5395/5395/5395
f 5392/5392/5392 5396/5396/5396 5395/5395/5395
f 5395/5395/5395 5396/5396/5396 5397/5397/5397
f 5396/5396/5396 5398/5398/5398 5397/5397/5397
f 5397/5397/5397 5398/5398/5398 5399/5399/5399
f 5398/5398/5398 5400/5400/5400 5399/5399/5399
f 5399/5399/5399 5400/5400/5400 5401/5401/5401
f 5400/5400/5400 5402/5402/5402 5401/5401/5401
f 5401/5401/5401 5402/5402/5402 5403/5403/5403
f 5402/5402/5402 5404/5404/5404 5403/5403/5403
f 5405/5405/5405 5393/5393/5393 5394/5394/5394
f 5406/5406/5406 5405/5405/5405 5394/5394/5394
f 5407/5407/5407 5405/5405/5405 5406/5406/5406
f 5408/5408/5408 5407/5407/5407 5406/5406/5406
f 5395/5395/5395 5397/5397/5397 5409/5409/5409
f 5395/5395/5395 5409/5409/5409 5410/5410/5410
f 5391/5391/5391 5395/5395/5395 5410/5410/5410
f 5391/5391/5391 5410/5410/5410 5411/5411/5411
f 5394/5394/5394 5391/5391/5391 5411/5411/5411
f 5399/5399/5399 5401/5401/5401 5412/5412/5412
f 5399/5399/5399 5412/5412/5412 5413/5413/5413
f 5397/5397/5397 5413/5413/5413 5409/5409/5409
f 5397/5397/5397 5399/5399/5399 5413/5413/5413
f 5408/5408/5408 5406/5406/5406 5414/5414/5414
f 5406/5406/5406 5415/5415/5415 5414/5414/5414
f 5394/5394/5394 5411/5411/5411 5415/5415/5415
f 5406/5406/5406 5394/5394/5394 5415/5415/5415
f 5401/5401/5401 5416/5416/5416 5412/5412/5412
f 5401/5401/5401 5403/5403/5403 5416/5416/5416
f 5403/5403/5403 5417/5417/5417 5416/5416/5416
f 5420/5420/5420 5419/5419/5419 5418/5418/5418
f 5421/5421/5421 5420/5420/5420 5418/5418/5418
f 5422/5422/5422 5419/5419/5419 5420/5420/5420
f 5423/5423/5423 5422/5422/5422 5420/5420/5420
f 5424/5424/5424 5419/5419/5419 5422/5422/5422
f 5418/5418/5418 5419/5419/5419 5425/5425/5425
f 5428/5428/5428 5427/5427/5427 5426/5426/5426
f 5429/5429/5429 5428/5428/5428 5426/5426/5426
f 5430/5430/5430 5427/5427/5427 5428/5428/5428
f 5431/5431/5431 5430/5430/5430 5428/5428/5428
f 5432/5432/5432 5427/5427/5427 5430/5430/5430
f 5426/5426/5426 5427/5427/5427 5433/5433/5433
f 5436/5436/5436 5435/5435/5435 5434/5434/5434
f 5437/5437/5437 5436/5436/5436 5434/5434/5434
f 5440/5440/5440 5439/5439/5439 5438/5438/5438
f 5441/5441/5441 5440/5440/5440 5438/5438/5438
f 5441/5441/5441 5438/5438/5438 5442/5442/5442
f 5443/5443/5443 5441/5441/5441 5442/5442/5442
f 5443/5443/5443 5442/5442/5442 5444/5444/5444
f 5445/5445/5445 5443/5443/5443 5444/5444/5444
f 5445/5445/5445 5444/5444/5444 5446/5446/5446
f 5447/5447/5447 5445/5445/5445 5446/5446/5446
f 5447/5447/5447 5446/5446/5446 5448/5448/5448
f 5449/5449/5449 5447/5447/5447 5448/5448/5448
f 5449/5449/5449 5448/5448/5448 5450/5450/5450
f 5451/5451/5451 5449/5449/5449 5450/5450/5450
f 5451/5451/5451 5450/5450/5450 5452/5452/5452
f 5453/5453/5453 5451/5451/5451 5452/5452/5452
f 5453/5453/5453 5452/5452/5452 5454/5454/5454
f 5455/5455/5455 5453/5453/5453 5454/5454/5454
f 5440/5440/5440 5456/5456/5456 5439/5439/5439
f 5456/5456/5456 5457/5457/5457 5439/5439/5439
f 5456/5456/5456 5458/5458/5458 5457/5457/5457
f 5458/5458/5458 5459/5459/5459 5457/5457/5457
f 5462/5462/5462 5461/5461/5461 5460/5460/5460
f 5463/5463/5463 5462/5462/5462 5460/5460/5460
f 5464/5464/5464 5461/5461/5461 5462/5462/5462
f 5465/5465/5465 5464/5464/5464 5462/5462/5462
f 5466/5466/5466 5461/5461/5461 5464/5464/5464
f 5467/5467/5467 5466/5466/5466 5464/5464/5464
f 5468/5468/5468 5461/5461/5461 5466/5466/5466
f 5460/5460/5460 5461/5461/5461 5469/5469/5469
f 5472/5472/5472 5471/5471/5471 5470/5470/5470
f 5473/5473/5473 5472/5472/5472 5470/5470/5470
f 5474/5474/5474 5471/5471/5471 5472/5472/5472
f 5475/5475/5475 5474/5474/5474 5472/5472/5472
f 5476/5476/5476 5471/5471/5471 5474/5474/5474
f 5477/5477/5477 5476/5476/5476 5474/5474/5474
f 5478/5478/5478 5471/5471/5471 5476/5476/5476
f 5470/5470/5470 5471/5471/5471 5479/5479/5479
f 5482/5482/5482 5481/5481/5481 5480/5480/5480
f 5483/5483/5483 5482/5482/5482 5480/5480/5480
f 5482/5482/5482 5483/5483/5483 5484/5484/5484
f 5485/5485/5485 5482/5482/5482 5484/5484/5484
f 5485/5485/5485 5484/5484/5484 5486/5486/5486
f 5487/5487/5487 5485/5485/5485 5486/5486/5486
f 5488/5488/5488 5487/5487/5487 5486/5486/5486
f 5489/5489/5489 5488/5488/5488 5486/5486/5486
f 5490/5490/5490 5489/5489/5489 5486/5486/5486
f 5491/5491/5491 5489/5489/5489 5490/5490/5490
f 5492/5492/5492 5491/5491/5491 5490/5490/5490
f 5487/5487/5487 5488/5488/5488 5493/5493/5493
f 5496/5496/5496 5495/5495/5495 5494/5494/5494
f 5497/5497/5497 5496/5496/5496 5494/5494/5494
f 5497/5497/5497 5494/5494/5494 5498/5498/5498
f 5494/5494/5494 5499/5499/5499 5498/5498/5498
f 5498/5498/5498 5499/5499/5499 5500/5500/5500
f 5499/5499/5499 5501/5501/5501 5500/5500/5500
f 5500/5500/5500 5501/5501/5501 5502/5502/5502
f 5501/5501/5501 5503/5503/5503 5502/5502/5502
f 5504/5504/5504 5500/5500/5500 5502/5502/5502
f 5505/5505/5505 5503/5503/5503 5501/5501/5501
f 5506/5506/5506 5500/5500/5500 5504/5504/5504
f 5507/5507/5507 5506/5506/5506 5504/5504/5504
f 5508/5508/5508 5506/5506/5506 5507/5507/5507
f 5503/5503/5503 5505/5505/5505 5509/5509/5509
f 5509/5509/5509 5502/5502/5502 5503/5503/5503
f 5505/5505/5505 5510/5510/5510 5509/5509/5509
f 5511/5511/5511 5509/5509/5509 5510/5510/5510
f 5514/5514/5514 5513/5513/5513 5512/5512/5512
f 5515/5515/5515 5514/5514/5514 5512/5512/5512
f 5512/5512/5512 5513/5513/5513 5516/5516/5516
f 5513/5513/5513 5517/5517/5517 5516/5516/5516
f 5516/5516/5516 5517/5517/5517 5518/5518/5518
f 5517/5517/5517 5519/5519/5519 5518/5518/5518
f 5518/5518/5518 5519/5519/5519 5520/5520/5520
f 5521/5521/5521 5518/5518/5518 5520/5520/5520
f 5521/5521/5521 5520/5520/5520 5522/5522/5522
f 5520/5520/5520 5523/5523/5523 5522/5522/5522
f 5526/5526/5526 5525/5525/5525 5524/5524/5524
f 5527/5527/5527 5526/5526/5526 5524/5524/5524
f 5527/5527/5527 5524/5524/5524 5528/5528/5528
f 5529/5529/5529 5528/5528/5528 5524/5524/5524
f 5530/5530/5530 5529/5529/5529 5524/5524/5524
f 5533/5533/5533 5532/5532/5532 5531/5531/5531
f 5534/5534/5534 5533/5533/5533 5531/5531/5531
f 5531/5531/5531 5535/5535/5535 5534/5534/5534
f 5535/5535/5535 5536/5536/5536 5534/5534/5534
f 5537/5537/5537 5536/5536/5536 5535/5535/5535
f 5538/5538/5538 5537/5537/5537 5535/5535/5535
f 5541/5541/5541 5540/5540/5540 5539/5539/5539
f 5541/5541/5541 5542/5542/5542 5540/5540/5540
f 5542/5542/5542 5543/5543/5543 5540/5540/5540
f 5544/5544/5544 5543/5543/5543 5542/5542/5542
f 5545/5545/5545 5544/5544/5544 5542/5542/5542
f 5542/5542/5542 5546/5546/5546 5545/5545/5545
f 5546/5546/5546 5547/5547/5547 5545/5545/5545
f 5540/5540/5540 5543/5543/5543 5548/5548/5548
f 5549/5549/5549 5540/5540/5540 5548/5548/5548
f 5550/5550/5550 5540/5540/5540 5549/5549/5549
f 5550/5550/5550 5539/5539/5539 5540/5540/5540
f 5551/5551/5551 5550/5550/5550 5549/5549/5549
f 5554/5554/5554 5553/5553/5553 5552/5552/5552
f 5554/5554/5554 5552/5552/5552 5555/5555/5555
f 5552/5552/5552 5556/5556/5556 5555/5555/5555
f 5555/5555/5555 5557/5557/5557 5554/5554/5554
f 5557/5557/5557 5558/5558/5558 5554/5554/5554
f 5554/5554/5554 5558/5558/5558 5559/5559/5559
f 5558/5558/5558 5560/5560/5560 5559/5559/5559
f 5560/5560/5560 5561/5561/5561 5559/5559/5559
f 5562/5562/5562 5559/5559/5559 5561/5561/5561
f 5563/5563/5563 5562/5562/5562 5561/5561/5561
f 5564/5564/5564 5554/5554/5554 5559/5559/5559
f 5564/5564/5564 5553/5553/5553 5554/5554/5554
f 5567/5567/5567 5566/5566/5566 5565/5565/5565
f 5568/5568/5568 5567/5567/5567 5565/5565/5565
f 5567/5567/5567 5569/5569/5569 5566/5566/5566
f 5569/5569/5569 5570/5570/5570 5566/5566/5566
f 5573/5573/5573 5572/5572/5572 5571/5571/5571
f 5574/5574/5574 5573/5573/5573 5571/5571/5571
f 5577/5577/5577 5576/5576/5576 5575/5575/5575
f 5578/5578/5578 5577/5577/5577 5575/5575/5575
f 5581/5581/5581 5580/5580/5580 5579/5579/5579
f 5582/5582/5582 5581/5581/5581 5579/5579/5579
f 5583/5583/5583 5581/5581/5581 5582/5582/5582
f 5584/5584/5584 5583/5583/5583 5582/5582/5582
f 5579/5579/5579 5580/5580/5580 5585/5585/5585
f 5586/5586/5586 5583/5583/5583 5584/5584/5584
f 5583/5583/5583 5586/5586/5586 5587/5587/5587
f 5584/5584/5584 5588/5588/5588 5586/5586/5586
f 5591/5591/5591 5590/5590/5590 5589/5589/5589
f 5594/5594/5594 5593/5593/5593 5592/5592/5592
f 5597/5597/5597 5596/5596/5596 5595/5595/5595
f 5596/5596/5596 5598/5598/5598 5595/5595/5595
f 5601/5601/5601 5600/5600/5600 5599/5599/5599
f 5599/5599/5599 5600/5600/5600 5602/5602/5602
f 5605/5605/5605 5604/5604/5604 5603/5603/5603
f 5608/5608/5608 5607/5607/5607 5606/5606/5606
f 5611/5611/5611 5610/5610/5610 5609/5609/5609
f 5612/5612/5612 5611/5611/5611 5609/5609/5609
f 5613/5613/5613 5611/5611/5611 5612/5612/5612
f 5614/5614/5614 5613/5613/5613 5612/5612/5612
f 5613/5613/5613 5614/5614/5614 5615/5615/5615
f 5614/5614/5614 5616/5616/5616 5615/5615/5615
f 5615/5615/5615 5616/5616/5616 5617/5617/5617
f 5618/5618/5618 5615/5615/5615 5617/5617/5617
f 5618/5618/5618 5617/5617/5617 5619/5619/5619
f 5620/5620/5620 5618/5618/5618 5619/5619/5619
f 5620/5620/5620 5619/5619/5619 5621/5621/5621
f 5622/5622/5622 5620/5620/5620 5621/5621/5621
f 5625/5625/5625 5624/5624/5624 5623/5623/5623
f 5626/5626/5626 5625/5625/5625 5623/5623/5623
f 5626/5626/5626 5623/5623/5623 5627/5627/5627
f 5628/5628/5628 5626/5626/5626 5627/5627/5627
f 5627/5627/5627 5629/5629/5629 5628/5628/5628
f 5629/5629/5629 5630/5630/5630 5628/5628/5628
f 5630/5630/5630 5629/5629/5629 5631/5631/5631
f 5629/5629/5629 5632/5632/5632 5631/5631/5631
f 5631/5631/5631 5632/5632/5632 5633/5633/5633
f 5632/5632/5632 5634/5634/5634 5633/5633/5633
f 5633/5633/5633 5634/5634/5634 5635/5635/5635
f 5634/5634/5634 5636/5636/5636 5635/5635/5635
f 5639/5639/5639 5638/5638/5638 5637/5637/5637
f 5640/5640/5640 5639/5639/5639 5637/5637/5637
f 5643/5643/5643 5642/5642/5642 5641/5641/5641
f 5644/5644/5644 5643/5643/5643 5641/5641/5641
f 5643/5643/5643 5645/5645/5645 5642/5642/5642
f 5645/5645/5645 5646/5646/5646 5642/5642/5642
f 5645/5645/5645 5647/5647/5647 5646/5646/5646
f 5647/5647/5647 5648/5648/5648 5646/5646/5646
f 5649/5649/5649 5648/5648/5648 5647/5647/5647
f 5650/5650/5650 5649/5649/5649 5647/5647/5647
f 5649/5649/5649 5650/5650/5650 5651/5651/5651
f 5650/5650/5650 5652/5652/5652 5651/5651/5651
f 5651/5651/5651 5652/5652/5652 5653/5653/5653
f 5652/5652/5652 5654/5654/5654 5653/5653/5653
f 5657/5657/5657 5656/5656/5656 5655/5655/5655
f 5658/5658/5658 5657/5657/5657 5655/5655/5655
f 5659/5659/5659 5657/5657/5657 5658/5658/5658
f 5660/5660/5660 5659/5659/5659 5658/5658/5658
f 5659/5659/5659 5660/5660/5660 5661/5661/5661
f 5660/5660/5660 5662/5662/5662 5661/5661/5661
f 5661/5661/5661 5662/5662/5662 5663/5663/5663
f 5664/5664/5664 5661/5661/5661 5663/5663/5663
f 5664/5664/5664 5663/5663/5663 5665/5665/5665
f 5666/5666/5666 5664/5664/5664 5665/5665/5665
f 5666/5666/5666 5665/5665/5665 5667/5667/5667
f 5668/5668/5668 5666/5666/5666 5667/5667/5667
f 5671/5671/5671 5670/5670/5670 5669/5669/5669
f 5672/5672/5672 5671/5671/5671 5669/5669/5669
