g G_CA_Prinzeugen_Body_001_P_lod
v -0.09609589 0.006123483 1.531891
v -0.1119041 0.04726401 1.528782
v -0.08012411 -0.01989621 1.563736
v -0.07151631 -0.0303368 1.541939
v -0.03675798 -0.05553824 1.566715
v -0.06254855 -0.04994157 1.527571
v -0.03302684 -0.07013544 1.528487
v -3.129244E-06 -0.06466967 1.570348
v -3.129244E-06 -0.08005238 1.528913
v -0.03201225 -0.08306345 1.518963
v -3.129244E-06 -0.09589329 1.516639
v -0.03201225 -0.08306345 1.518963
v -3.129244E-06 -0.09589329 1.516639
v -3.129244E-06 -0.09841344 1.512417
v -0.03178313 -0.0854854 1.514839
v -0.06254855 -0.04994157 1.527571
v -0.06500325 -0.04905787 1.524298
v -0.07688388 -0.02330002 1.532382
v -0.07151631 -0.0303368 1.541939
v -0.09609589 0.006123483 1.531891
v -0.09861603 0.1102676 1.51929
v -0.1119041 0.04726401 1.528782
v -0.114817 0.07884768 1.503646
v -0.1023799 0.1127223 1.503089
v -0.054759 0.1454187 1.523643
v -0.0568864 0.1533392 1.506984
v -3.129244E-06 0.1620452 1.525051
v -3.129244E-06 0.1716675 1.508621
v -0.1141624 0.03669253 1.508752
v -0.1004816 0.007563561 1.542397
v -0.1054564 0.00563255 1.517981
v -0.07446197 -0.03364244 1.532251
v -0.07793126 -0.02830759 1.508522
v -0.01352027 -0.06597883 1.562395
v -0.02530277 -0.06571701 1.576108
v -0.02543369 -0.06650251 1.595156
v -0.01352027 -0.06862989 1.609492
v -3.129244E-06 -0.06640431 1.559449
v -3.129244E-06 -0.06944811 1.613714
v -0.01283297 -0.07088822 1.585534
v -0.009101838 -0.07164097 1.5946
v -0.009036362 -0.07062638 1.576468
v -3.129244E-06 -0.07108459 1.572704
v -3.129244E-06 -0.07245922 1.598331
v -0.06686881 0.1644016 1.546816
v -0.1176971 0.12025 1.540368
v -0.09861603 0.1102676 1.51929
v -0.054759 0.1454187 1.523643
v -3.129244E-06 0.1620452 1.525051
v -3.129244E-06 0.1817808 1.551365
v -0.1119041 0.04726401 1.528782
v -0.1308543 0.05669001 1.551299
v -0.1075184 -0.01829246 1.596498
v -0.08012411 -0.01989621 1.563736
v -0.06143573 -0.05275625 1.63993
v -0.03675798 -0.05553824 1.566715
v -3.129244E-06 -0.06466967 1.570348
v -3.129244E-06 -0.06722254 1.672332
v -0.05171517 -0.007655501 1.630897
v -0.1075184 -0.01829246 1.596498
v -0.1308543 0.05669001 1.551299
v -0.06143573 -0.05275625 1.63993
v -0.06006113 0.07210544 1.615579
v -3.129244E-06 -0.01168117 1.660615
v -3.129244E-06 0.08051684 1.632893
v -3.129244E-06 0.1483971 1.580101
v -0.05407169 0.1392657 1.57205
v -0.06686881 0.1644016 1.546816
v -0.1176971 0.12025 1.540368
v -3.129244E-06 0.1817808 1.551365
v -3.129244E-06 -0.06722254 1.672332
v -0.1055219 0.04075089 1.488558
v -0.101758 0.04798403 1.472749
v -0.1020853 0.0914484 1.491798
v -0.1049983 0.08195689 1.508948
v -0.09730688 0.09357575 1.514414
v -0.09989247 0.0741674 1.526393
v -0.09985974 0.03279772 1.503449
v -0.09315029 0.02232441 1.478444
v -3.129244E-06 -0.06961179 1.578236
v -3.129244E-06 -0.06725529 1.55346
v -0.01535311 -0.06836808 1.574275
v -0.02297899 -0.06427693 1.553001
v -0.03859082 -0.06169131 1.566879
v -0.04507115 -0.0550473 1.550972
v -0.05439898 -0.05697832 1.578432
v -0.06912711 -0.04110467 1.56282
v -0.07135269 -0.05704379 1.610736
v -0.06729427 -0.03655532 1.546816
v -0.07708028 -0.0270966 1.551888
v -0.08503345 -0.01164845 1.539059
v -0.08974645 -0.009455591 1.550645
v -0.09177569 -0.01164845 1.563311
v -0.02546641 -0.06192043 1.553623
v -0.03250316 -0.06267318 1.57133
v -0.02294627 -0.06532425 1.568842
v -0.06022474 -0.04967973 1.578563
v -0.04009631 -0.06218225 1.583439
v -0.04035816 -0.06666616 1.605793
v -0.07141814 -0.0596621 1.634071
v -0.09017196 -0.04748687 1.630962
v -0.1013326 -0.05606189 1.670041
v -0.2543741 0.006287128 0.8722351
v -0.1462697 -0.01377586 1.020433
v -0.1073547 -0.06735346 1.010647
v -0.1981454 -0.08178702 0.8655583
v -0.1740895 0.168951 0.8700422
v -0.09763417 0.07203999 1.026291
v -3.129244E-06 0.1042455 1.028484
v -3.129244E-06 0.2338202 0.8649037
v -0.27807 -0.07740131 0.7344126
v -0.1863956 -0.1278042 0.7735239
v -0.1415567 -0.11864 0.8640528
v -0.3244472 -0.01050293 0.7324488
v -0.3413354 0.06591961 0.7272449
v -0.3256582 0.1494444 0.7168697
v -0.2487447 0.207735 0.7492716
v -0.2789864 0.223445 0.7003742
v -0.19952 0.265142 0.7145787
v -0.1707511 0.2966602 0.679984
v -0.1212646 0.2914562 0.7095711
v -0.04124185 0.2757789 0.7522826
v -3.129244E-06 0.3063807 0.7193571
v -0.316134 0.1987346 0.6702962
v -0.349125 0.1168135 0.6863662
v -0.3483067 0.03305957 0.6977559
v -0.3157085 -0.04192293 0.7029926
v -0.06591961 -0.08145973 1.004657
v -0.04422024 -0.06568429 1.045929
v -0.083397 -0.05894208 1.057089
v -0.1023799 -0.01901251 1.06573
v -0.06307217 0.04045638 1.069592
v -3.129244E-06 0.0584574 1.068872
v -0.08385518 -0.0224818 1.082291
v -0.07056716 -0.05786201 1.078429
v -0.05014417 0.02775744 1.085465
v -3.129244E-06 0.0439584 1.086807
v -0.03325596 -0.07756495 1.022822
v -0.02409178 -0.06970996 1.043769
v -0.2533267 -0.1045338 0.7059382
v -0.203022 -0.1298007 0.7374891
v -0.09544131 -0.07802317 0.9899291
v -0.03400871 -0.06588066 1.045045
v -0.0455294 -0.09386408 0.9857069
v -0.07266185 -0.06139675 1.054209
v -3.129244E-06 -0.07131368 1.041805
v -3.129244E-06 -0.1001481 0.9840705
v -0.0984197 -0.1391285 0.8252032
v -3.129244E-06 -0.142565 0.8827083
v -0.1507863 -0.1091159 0.8637254
v -0.1969672 -0.1236476 0.742202
v -0.04893324 0.03783801 1.180707
v -0.05495539 0.06277767 1.230816
v -0.09223387 0.02448454 1.251566
v -0.08568802 -0.0004223585 1.200803
v -3.129244E-06 0.07099268 1.229572
v -3.129244E-06 0.09020469 1.273593
v -0.05763915 0.08457527 1.272938
v -0.08876458 0.07220361 1.280498
v -0.06195942 0.09004101 1.334927
v -0.08955011 0.08627716 1.326647
v -0.06785068 0.06552687 1.362681
v -0.03083399 0.08454254 1.367165
v -0.04173282 0.06477413 1.374137
v -0.09334669 0.06277767 1.357968
v -3.129244E-06 0.09272483 1.360685
v -3.129244E-06 0.09792873 1.326908
v -3.129244E-06 0.04618397 1.17966
v -0.101169 0.08611354 1.317875
v -0.091252 0.04530028 1.288713
v -0.04006359 0.04876956 1.36926
v -0.06778517 0.02130979 1.341964
v -0.04166731 0.01155651 1.344779
v -0.08902642 0.02291355 1.335811
v -0.1131805 0.0624176 1.343895
v -0.108533 0.02815017 1.336891
v -0.09315029 0.02402633 1.296896
v -0.08608082 0.01538584 1.291954
v -0.091252 0.04530028 1.288713
v -0.06798157 -0.0381918 1.303278
v -0.07361099 -0.0202235 1.3039
v -0.0889937 -0.01577231 1.262727
v -0.09288844 -0.04555586 1.262661
v -0.09040102 -0.02660567 1.230488
v -0.0945904 -0.0557346 1.233794
v -0.08578625 -0.03328243 1.216807
v -0.092823 -0.06650251 1.261581
v -0.09223387 0.02448454 1.251566
v -0.08568802 -0.0004223585 1.200803
v -0.1379893 0.03112856 1.300496
v -0.143455 0.06444684 1.305798
v -0.1256503 0.08549169 1.288026
v -0.1091876 0.07243273 1.269272
v -0.1135406 0.03891811 1.274869
v -0.1456151 0.0725964 1.231143
v -0.1503281 0.04536572 1.235103
v -0.1630597 0.08519712 1.247049
v -0.1813553 0.06487229 1.264821
v -0.1756605 0.0357106 1.259061
v -0.1503281 0.04536572 1.235103
v -0.1135406 0.03891811 1.274869
v -0.03269956 -0.07524118 1.206171
v -0.03908172 -0.07190281 1.162772
v -0.0703381 -0.05003974 1.162673
v -0.06893072 -0.05485094 1.200541
v -0.07819304 -0.01282671 1.161953
v -0.04009631 -0.06797531 1.093582
v -0.07341459 -0.05632374 1.097346
v -0.07564017 -0.02110717 1.114496
v -0.09472129 -0.02310365 1.084058
v -0.09046653 -0.06080765 1.062031
v -0.04566029 -0.07151008 1.040005
v -0.04850772 -0.07979053 1.025407
v -0.08568802 -0.0004223585 1.200803
v -0.08578625 -0.03328243 1.216807
v -0.03083399 0.08454254 1.367165
v -3.129244E-06 0.09272483 1.360685
v -3.129244E-06 0.08748814 1.383137
v -0.0251064 0.07547656 1.382875
v -0.04173282 0.06477413 1.374137
v -0.03027758 0.05138788 1.3779
v -0.04006359 0.04876956 1.36926
v -0.01865876 0.0336487 1.371289
v -0.04166731 0.01155651 1.344779
v -0.01780778 0.001966864 1.344091
v -3.129244E-06 0.02337176 1.367427
v -3.129244E-06 -0.003106147 1.340753
v -0.01780778 0.001966864 1.344091
v -0.01865876 0.0336487 1.371289
v -0.0187242 -0.05602917 1.297321
v -0.03548154 -0.06208408 1.298892
v -0.05128971 -0.09121302 1.265639
v -0.02900115 -0.09893709 1.258275
v -0.03243771 -0.09707153 1.224532
v -0.0678834 -0.08394715 1.221128
v -0.06893072 -0.05485094 1.200541
v -0.03269956 -0.07524118 1.206171
v -3.129244E-06 -0.05524367 1.292346
v -3.129244E-06 -0.07550302 1.205647
v -3.129244E-06 -0.09075481 1.224597
v -3.129244E-06 -0.09131119 1.254806
v -0.0357106 0.04297653 1.086807
v -3.129244E-06 0.05194429 1.08072
v -3.129244E-06 0.03348503 1.12366
v -0.04654399 0.02212805 1.114169
v -0.07858583 0.0164659 1.084189
v -0.05253342 0.050046 1.07545
v -3.129244E-06 0.07694939 1.058595
v -0.09472129 -0.02310365 1.084058
v -0.07564017 -0.02110717 1.114496
v -0.07819304 -0.01282671 1.161953
v -0.04893324 0.03783801 1.180707
v -0.08568802 -0.0004223585 1.200803
v -0.09472129 -0.02310365 1.084058
v -0.09796146 -0.02310365 1.080392
v -0.07858583 0.0164659 1.084189
v -0.09046653 -0.06080765 1.062031
v -0.09324846 -0.06136402 1.057449
v -0.04850772 -0.07979053 1.025407
v -0.05272982 -0.08460173 1.019614
v -0.08205512 0.01888785 1.081342
v -0.05253342 0.050046 1.07545
v -0.05672273 0.05181339 1.073814
v -3.129244E-06 0.07694939 1.058595
v -3.129244E-06 0.08274242 1.053882
v -3.129244E-06 0.03348503 1.12366
v -0.08578625 -0.03328243 1.216807
v -0.0678834 -0.08394715 1.221128
v -0.06893072 -0.05485094 1.200541
v -0.0945904 -0.0557346 1.233794
v -0.01780778 0.001966864 1.344091
v -0.03548154 -0.06208408 1.298892
v -0.04903141 -0.05092344 1.304849
v -0.07586929 -0.09435502 1.262301
v -0.04768953 -0.1059084 1.258865
v -0.07910946 -0.08990386 1.230521
v -0.04831138 -0.1043047 1.227805
v -0.06454501 -0.07612488 1.204305
v -0.04415473 -0.0902966 1.203192
v -0.092823 -0.06650251 1.261581
v -0.0945904 -0.0557346 1.233794
v -0.0851644 -0.04748687 1.2118
v -0.06798157 -0.0381918 1.303278
v -0.04166731 0.01155651 1.344779
v -0.04350016 -0.08496174 1.183686
v -0.04405656 -0.08355439 1.166012
v -0.06441411 -0.06712437 1.173507
v -0.08215329 -0.03910822 1.195435
v -0.08457527 -0.03567165 1.182278
v -3.129244E-06 0.08748814 1.383137
v -3.129244E-06 0.07901129 1.416586
v -0.01859328 0.07050171 1.414033
v -0.0251064 0.07547656 1.382875
v -0.03027758 0.05138788 1.3779
v -0.02693921 0.05034056 1.404444
v -0.01669499 0.03211042 1.392203
v -0.01865876 0.0336487 1.371289
v -3.129244E-06 0.02513912 1.387588
v -3.129244E-06 0.02337176 1.367427
v -0.01626951 0.02585915 1.412822
v -0.02998301 0.046904 1.434031
v -3.129244E-06 0.01980427 1.405066
v -0.0196079 0.06637785 1.441689
v -3.129244E-06 0.07478926 1.441788
v -3.129244E-06 -0.07952872 1.163033
v -0.01528764 -0.07799044 1.16287
v -3.129244E-06 -0.07550302 1.205647
v -0.03269956 -0.07524118 1.206171
v -0.03908172 -0.07190281 1.162772
v -0.01515672 -0.07475024 1.091619
v -0.04009631 -0.06797531 1.093582
v -0.04566029 -0.07151008 1.040005
v -0.01604041 -0.07641944 1.032084
v -0.04850772 -0.07979053 1.025407
v -0.01528764 -0.07799044 1.16287
v -3.129244E-06 -0.07952872 1.163033
v -3.129244E-06 -0.0745866 1.091062
v -0.01515672 -0.07475024 1.091619
v -0.01604041 -0.07641944 1.032084
v -3.129244E-06 -0.07756495 1.030055
v -0.01604041 -0.07641944 1.032084
v -0.05272982 -0.08460173 1.019614
v -0.04850772 -0.07979053 1.025407
v -0.2685131 0.0617303 1.174652
v -0.2380423 0.0615994 1.202341
v -0.2312673 0.04016182 1.195632
v -0.260298 0.03934357 1.166306
v -0.1756605 0.0357106 1.259061
v -0.1813553 0.06487229 1.264821
v -0.1630597 0.08519712 1.247049
v -0.2208267 0.08300427 1.183587
v -0.1456151 0.0725964 1.231143
v -0.2035784 0.07429829 1.167419
v -0.1503281 0.04536572 1.235103
v -0.2090115 0.04863867 1.173376
v -0.2090115 0.04863867 1.173376
v -0.1503281 0.04536572 1.235103
v -0.2352603 0.04798403 1.142512
v -0.230089 0.07724389 1.13505
v -0.2352603 0.04798403 1.142512
v -0.2492356 0.08562258 1.156193
v -0.2492356 0.08562258 1.156193
v -0.2492356 0.08562258 1.156193
v -0.2685131 0.0617303 1.174652
v -0.2950237 0.06339946 1.144509
v -0.2754516 0.08696446 1.127784
v -0.260298 0.03934357 1.166306
v -0.2869396 0.03957269 1.135607
v -0.230089 0.07724389 1.13505
v -0.2574506 0.07871673 1.106641
v -0.2352603 0.04798403 1.142512
v -0.2625891 0.04870412 1.113154
v -0.2625891 0.04870412 1.113154
v -0.2352603 0.04798403 1.142512
v -0.03953996 0.02392814 1.360652
v -0.01849511 0.02297899 1.395181
v -0.005959839 0.0108692 1.391025
v -0.03328869 0.006221682 1.349622
v -0.03230682 0.05204245 1.403135
v -0.04749313 0.05400625 1.370831
v -0.03230682 0.002457827 1.348706
v -0.03328869 0.006221682 1.349622
v -0.005959839 0.0108692 1.391025
v -0.00563255 0.00766176 1.38821
v -0.09180841 0.08009139 1.351881
v -0.04772225 0.09868154 1.337676
v -0.03168496 0.08483711 1.373155
v -3.129244E-06 0.1048346 1.340556
v -3.129244E-06 0.09514675 1.372696
v -0.09229931 0.05502084 1.362419
v -0.04883501 0.05560997 1.370864
v -0.09897611 0.09223387 1.326188
v -3.129244E-06 0.1659399 1.213371
v -0.1130823 0.1458115 1.20676
v -0.04988238 0.1684273 1.187057
v -0.1534701 0.218863 1.039252
v -0.05200973 0.208095 1.124446
v -3.129244E-06 0.2403987 1.109816
v -0.08041868 -0.01983073 1.316141
v -0.1061437 0.01437122 1.322621
v -0.05603543 0.001508683 1.343829
v -0.09216842 0.02317536 1.347659
v -0.09180841 0.03600517 1.356692
v -0.05132243 0.03315774 1.361078
v -0.09229931 0.05502084 1.362419
v -0.04883501 0.05560997 1.370864
v -0.1119041 0.01708776 1.294474
v -0.1013326 -0.01901251 1.266556
v -0.117828 0.02222621 1.246526
v -0.1234247 0.02193165 1.188268
v -0.1102022 -0.009161025 1.182573
v -0.115177 -0.000651449 1.144214
v -0.1238503 0.01620406 1.147978
v -0.1218537 0.003897905 1.113743
v -0.1127878 -0.005266279 1.143167
v -0.1215919 0.0003958642 1.104448
v -0.115177 -0.000651449 1.144214
v -0.1102022 -0.009161025 1.182573
v -0.1079439 -0.01446316 1.181624
v -0.1013326 -0.01901251 1.266556
v -0.1218537 0.003897905 1.113743
v -0.04880229 0.0275611 1.390239
v -0.02543369 0.08140054 1.405066
v -0.03093216 0.08316788 1.372631
v -0.04952231 0.0401291 1.361339
v -0.05708274 -0.01488864 1.368998
v -0.053188 -0.009193748 1.338462
v -0.03093216 0.08316788 1.372631
v -0.02543369 0.08140054 1.405066
v -3.129244E-06 0.09531042 1.406735
v -3.129244E-06 0.09292117 1.371845
v -0.09321573 -0.02163085 1.313097
v -0.08617899 -0.01109207 1.328709
v -0.0757384 -0.01721239 1.329559
v -0.104671 -0.003400713 1.312671
v -0.1102022 -0.01105931 1.267636
v -0.1049983 -0.02824214 1.266949
v -0.07086173 -0.03059864 1.313129
v -0.09308484 -0.03678444 1.264985
v -0.1057837 -0.01803064 1.192097
v -0.1091221 -0.01861975 1.197203
v -0.09956518 0.002163261 1.329069
v -0.06434861 -0.02330002 1.32321
v -0.05626455 -0.01420131 1.33568
v -0.1700965 0.2188302 1.018403
v -0.1534701 0.218863 1.039252
v -0.1130823 0.1458115 1.20676
v -0.1235884 0.1435204 1.205974
v -3.129244E-06 0.2484501 1.098263
v -3.129244E-06 0.2403987 1.109816
v -0.09897611 0.09223387 1.326188
v -0.1070929 0.09233204 1.320526
v -0.1286614 0.05413714 1.353714
v -0.1246684 0.03466329 1.348837
v -0.144306 0.0282484 1.308024
v -0.155892 0.05534813 1.319741
v -0.09229931 0.05502084 1.362419
v -0.09180841 0.03600517 1.356692
v -0.09216842 0.02317536 1.347659
v -0.1096785 0.01826599 1.327661
v -0.2086515 0.05826101 1.261188
v -0.1442405 0.08185872 1.308776
v -0.1878684 0.0941976 1.243089
v -0.1887849 0.02291355 1.240274
v -0.223805 0.1099076 1.191868
v -0.2554214 0.06120667 1.216218
v -0.2270453 0.02327356 1.185977
v -0.1246684 0.09455767 1.288746
v -0.1380874 0.11917 1.203225
v -0.1400839 0.1545829 1.131613
v -0.1441423 0.01535311 1.200868
v -0.147677 0.03283045 1.118129
v -0.110824 0.08853546 1.326581
v -0.1243084 0.07469103 1.348608
v -0.09180841 0.08009139 1.351881
v -0.1254213 0.01407665 1.288353
v -0.09180841 0.08009139 1.351881
v -0.110824 0.08853546 1.326581
v -0.09897611 0.09223387 1.326188
v -0.1070929 0.09233204 1.320526
v -0.1246684 0.09455767 1.288746
v -0.1189409 0.097536 1.282888
v -0.1380874 0.11917 1.203225
v -0.1300687 0.1223447 1.196941
v -0.1321962 0.1633216 1.117802
v -0.1400839 0.1545829 1.131613
v -3.129244E-06 0.1031654 1.374202
v -3.129244E-06 0.09531042 1.406735
v -0.02543369 0.08140054 1.405066
v -0.03489241 0.08991012 1.376231
v -0.04880229 0.0275611 1.390239
v -0.06755611 0.0298194 1.366543
v -0.05708274 -0.01488864 1.368998
v -0.07249817 -0.006542712 1.352175
v -0.08820817 0.002195984 1.344386
v -0.09956518 0.002163261 1.329069
v -0.104671 -0.003400713 1.312671
v -0.1036563 0.006058007 1.329199
v -0.1077802 0.001541406 1.31254
v -0.1102022 -0.01105931 1.267636
v -0.1117732 -0.005069882 1.267865
v -0.1079439 -0.01446316 1.181624
v -0.1091221 -0.01861975 1.197203
v -0.1057837 -0.01803064 1.192097
v -0.07249817 -0.006542712 1.352175
v -0.07462558 -0.01204121 1.349066
v -0.09766689 0.0007886291 1.338102
v -0.08820817 0.002195984 1.344386
v -0.05708274 -0.01488864 1.368998
v -0.05881742 -0.02038714 1.365954
v -0.07007626 0.04088184 1.364678
v -0.06755611 0.0298194 1.366543
v -0.03489241 0.08991012 1.376231
v -0.03675798 0.09141567 1.369914
v -3.129244E-06 0.1043764 1.367133
v -3.129244E-06 0.1031654 1.374202
v -0.223805 0.1099076 1.191868
v -0.2554214 0.06120667 1.216218
v -0.2628837 0.0617303 1.209443
v -0.2294672 0.1126569 1.184209
v -0.2331329 0.02363357 1.177434
v -0.2270453 0.02327356 1.185977
v -0.147677 0.03283045 1.118129
v -0.1373674 0.03953996 1.096397
v -0.1400839 0.1545829 1.131613
v -0.1321962 0.1633216 1.117802
v -0.1441423 0.01535311 1.200868
v -0.13668 0.01541856 1.194617
v -0.1373674 0.03953996 1.096397
v -0.147677 0.03283045 1.118129
v -0.1204464 0.01116377 1.28328
v -0.1254213 0.01407665 1.288353
v -0.1061437 0.01437122 1.322621
v -0.1096785 0.01826599 1.327661
v -0.09216842 0.02317536 1.347659
v -0.1057837 -0.01803064 1.192097
v -0.1084675 -0.007131815 1.182769
v -0.1079439 -0.01446316 1.181624
v -0.1131805 0.0007231832 1.144051
v -0.1127878 -0.005266279 1.143167
v -0.1218537 0.003897905 1.113743
v -0.1215919 0.0003958642 1.104448
v -0.053188 -0.009193748 1.338462
v -0.0585883 -0.01109207 1.333552
v -0.05626455 -0.01420131 1.33568
v -0.06434861 -0.02330002 1.32321
v -0.05708274 -0.01488864 1.368998
v -0.053188 -0.009193748 1.338462
v -0.05626455 -0.01420131 1.33568
v -0.05881742 -0.02038714 1.365954
v -0.1079439 -0.01446316 1.181624
v -0.1013326 -0.01901251 1.266556
v -0.1117732 -0.005069882 1.267865
v -0.1077802 0.001541406 1.31254
v -0.08041868 -0.01983073 1.316141
v -0.09956518 0.002163261 1.329069
v -0.08617899 -0.01109207 1.328709
v -0.0757384 -0.01721239 1.329559
v -0.05626455 -0.01420131 1.33568
v -0.1036563 0.006058007 1.329199
v -0.08041868 -0.01983073 1.316141
v -0.05603543 0.001508683 1.343829
v -0.05626455 -0.01420131 1.33568
v -0.05626455 -0.01420131 1.33568
v -0.05603543 0.001508683 1.343829
v -0.05472627 -0.002287924 1.364056
v -0.05881742 -0.02038714 1.365954
v -0.05132243 0.03315774 1.361078
v -0.04883501 0.05560997 1.370864
v -0.05472627 -0.002287924 1.364056
v -0.05603543 0.001508683 1.343829
v -0.1267959 0.07871673 1.365987
v -0.141884 0.05469355 1.364121
v -0.1406076 0.05469355 1.353648
v -0.1255194 0.07871673 1.355514
v -0.1406076 0.05469355 1.353648
v -0.141884 0.05469355 1.364121
v -0.1263049 0.0309976 1.365987
v -0.1250285 0.0309976 1.355514
v -0.1267959 0.07871673 1.365987
v -0.1195954 0.05492267 1.366838
v -0.141884 0.05469355 1.364121
v -0.09949973 0.08218601 1.369325
v -0.09920517 0.05511901 1.369325
v -0.141884 0.05469355 1.364121
v -0.1195954 0.05492267 1.366838
v -0.1263049 0.0309976 1.365987
v -0.09894332 0.028052 1.369325
v -0.09920517 0.05511901 1.369325
v -0.1267959 0.07871673 1.365987
v -0.1255194 0.07871673 1.355514
v -0.0982233 0.08221874 1.358852
v -0.09949973 0.08218601 1.369325
v -0.09766689 0.02808473 1.358852
v -0.1250285 0.0309976 1.355514
v -0.1263049 0.0309976 1.365987
v -0.09894332 0.028052 1.369325
v -0.0989106 0.07672027 1.359867
v -0.05066785 0.07315275 1.365758
v -0.05171517 0.07315275 1.374267
v -0.09995797 0.07672027 1.368376
v -0.05132243 0.03813258 1.374267
v -0.05030784 0.03813258 1.365758
v -0.09848514 0.03355053 1.359867
v -0.09949973 0.03351781 1.368376
v -0.05132243 0.03813258 1.374267
v -0.09949973 0.03351781 1.368376
v -0.09995797 0.07672027 1.368376
v -0.05171517 0.07315275 1.374267
v -0.03790346 0.05577359 1.375904
v -0.03685614 0.05577359 1.367394
v -0.05030784 0.03813258 1.365758
v -0.05132243 0.03813258 1.374267
v -0.03790346 0.05577359 1.375904
v -0.05066785 0.07315275 1.365758
v -0.03685614 0.05577359 1.367394
v -0.03790346 0.05577359 1.375904
v -0.05171517 0.07315275 1.374267
v -0.1417858 0.08185872 1.334436
v -0.1474153 0.09337941 1.31673
v -0.1337999 0.106602 1.313457
v -0.1255521 0.08941916 1.336694
v -0.1092203 0.09409943 1.335876
v -0.114457 0.1079766 1.30894
v -0.1302651 0.07629475 1.355055
v -0.1163225 0.07861856 1.357543
v -0.1470225 0.05528268 1.339607
v -0.1382183 0.05508628 1.353943
v -0.099107 0.07920769 1.361536
v -0.1616197 0.05574086 1.321639
v -0.1552375 0.08385518 1.318628
v -0.1529137 0.02801928 1.318366
v -0.1616197 0.05574086 1.321639
v -0.1413603 0.02998301 1.334632
v -0.1470225 0.05528268 1.339607
v -0.1382183 0.05508628 1.353943
v -0.1295124 0.03391054 1.355055
v -0.115668 0.03148857 1.357576
v -0.1247994 0.02091706 1.336563
v -0.1450587 0.01836419 1.316566
v -0.1316725 0.004945219 1.313195
v -0.09877971 0.03096488 1.361601
v -0.1090894 0.01610586 1.335745
v -0.1129514 0.002948761 1.308613
v -0.1474153 0.09337941 1.31673
v -0.1462043 0.09027013 1.31565
v -0.1324253 0.1039182 1.312246
v -0.1337999 0.106602 1.313457
v -0.1108895 0.104311 1.307533
v -0.114457 0.1079766 1.30894
v -0.1462043 0.09027013 1.31565
v -0.1474153 0.09337941 1.31673
v -0.1417858 0.08185872 1.334436
v -0.1406403 0.07943675 1.332145
v -0.1616197 0.05574086 1.321639
v -0.1596232 0.05570814 1.32033
v -0.1536337 0.08382246 1.31745
v -0.1552375 0.08385518 1.318628
v -0.1616197 0.05574086 1.321639
v -0.1529137 0.02801928 1.318366
v -0.1516046 0.02788839 1.317221
v -0.1596232 0.05570814 1.32033
v -0.1413603 0.02998301 1.334632
v -0.1402803 0.03230682 1.332276
v -0.1516046 0.02788839 1.317221
v -0.1529137 0.02801928 1.318366
v -0.1316725 0.004945219 1.313195
v -0.1304615 0.007465363 1.312017
v -0.1441096 0.02124435 1.315486
v -0.1450587 0.01836419 1.316566
v -0.1129514 0.002948761 1.308613
v -0.1094167 0.006548971 1.307271
v -0.09606317 0.07708028 1.361732
v -0.099107 0.07920769 1.361536
v -0.1092203 0.09409943 1.335876
v -0.1063401 0.09020469 1.335549
v -0.1108895 0.104311 1.307533
v -0.114457 0.1079766 1.30894
v -0.1090894 0.01610586 1.335745
v -0.1063074 0.01918241 1.335418
v -0.1094167 0.006548971 1.307271
v -0.1129514 0.002948761 1.308613
v -0.09580132 0.03315774 1.361765
v -0.09877971 0.03096488 1.361601
v -0.1402803 0.03230682 1.332276
v -0.1413603 0.02998301 1.334632
v -0.1450587 0.01836419 1.316566
v -0.1441096 0.02124435 1.315486
v -0.1406403 0.07943675 1.332145
v -0.1417858 0.08185872 1.334436
v -0.1552375 0.08385518 1.318628
v -0.1536337 0.08382246 1.31745
v -0.1272213 0.02841201 1.322555
v -0.1022163 0.01541856 1.325665
v -0.1077147 0.006123483 1.294768
v -0.1298397 0.02376449 1.294376
v -0.1331453 0.03466329 1.202799
v -0.116257 0.0006577075 1.202996
v -0.1508518 0.01122922 1.077021
v -0.1313125 -0.02411824 1.07473
v -0.2105825 -0.05233079 0.9072225
v -0.185741 -0.08699095 0.9007748
v -0.2924381 -0.1291461 0.6542262
v -0.255585 -0.1558204 0.6439819
v -0.3380625 -0.1504528 0.4534328
v -0.2963983 -0.1719558 0.445545
v -0.099107 0.02458271 1.344844
v -0.3186541 -0.157915 0.4319625
v -0.05289343 0.06258127 1.37538
v -0.04101273 0.05574086 1.37682
v -0.05691913 0.05557725 1.374889
v -0.05276254 0.04863867 1.37538
v -0.04484203 0.06258127 1.376362
v -0.04471114 0.04880229 1.376362
v -0.05269703 0.06258127 1.373547
v -0.05289343 0.06258127 1.37538
v -0.05691913 0.05557725 1.374889
v -0.05669001 0.05557725 1.373056
v -0.05276254 0.04863867 1.37538
v -0.05253342 0.04863867 1.373547
v -0.05669001 0.05557725 1.373056
v -0.05691913 0.05557725 1.374889
v -0.04078367 0.05574086 1.37502
v -0.04101273 0.05574086 1.37682
v -0.04484203 0.06258127 1.376362
v -0.04461297 0.06261399 1.374529
v -0.04448202 0.04880229 1.374529
v -0.04471114 0.04880229 1.376362
v -0.04101273 0.05574086 1.37682
v -0.04078367 0.05574086 1.37502
v -0.05269703 0.06258127 1.373547
v -0.04461297 0.06261399 1.374529
v -0.04484203 0.06258127 1.376362
v -0.05289343 0.06258127 1.37538
v -0.05253342 0.04863867 1.373547
v -0.05276254 0.04863867 1.37538
v -0.04471114 0.04880229 1.376362
v -0.04448202 0.04880229 1.374529
v -0.3215343 -0.1581114 0.4402102
v -0.3157412 -0.1585042 0.4400466
v -0.3120101 -0.1552312 0.366406
v -0.3280147 -0.1500273 0.3676169
v -0.299933 0.02746287 1.098164
v -0.3161667 0.03309229 1.103565
v -0.311781 0.03191403 1.118718
v -0.2690695 0.02049157 1.1143
v -0.2902125 0.02707013 1.144673
v -0.2648147 0.01751322 1.173932
v -0.2471737 0.0126693 1.12114
v -0.3288983 0.0669997 1.136883
v -0.3067735 0.06634513 1.170005
v -0.2703786 0.06536326 1.219982
v -0.2954819 0.1011035 1.097313
v -0.3076899 0.09904155 1.117442
v -0.3122392 0.09789601 1.10255
v -0.2856632 0.101889 1.143265
v -0.2639965 0.1039509 1.11286
v -0.2593816 0.109253 1.172034
v -0.2413479 0.1089257 1.119438
v -0.3288983 0.0669997 1.136883
v -0.3067735 0.06634513 1.170005
v -0.2703786 0.06536326 1.219982
v -0.3425464 0.04736224 1.071228
v -0.3696134 0.04526755 1.042787
v -0.3911819 0.06912711 1.043081
v -0.3557036 0.06775245 1.083207
v -0.3182614 0.06641057 1.134035
v -0.3059879 0.03626701 1.117736
v -0.3365243 0.04516938 1.040234
v -0.3262473 0.04611853 1.049103
v -0.3283747 0.06519958 1.035684
v -0.3200288 0.06483957 1.049071
v -0.283503 0.06274489 1.078527
v -0.2865141 0.03711799 1.086644
v -0.2535231 0.02991757 1.110667
v -0.2477628 0.06061754 1.096593
v -0.3262473 0.04611853 1.049103
v -0.3425464 0.04736224 1.071228
v -0.2865141 0.03711799 1.086644
v -0.3059879 0.03626701 1.117736
v -0.2535231 0.02991757 1.110667
v -0.3365243 0.04516938 1.040234
v -0.3696134 0.04526755 1.042787
v -0.3911819 0.06912711 1.043081
v -0.3668969 0.09020469 1.042001
v -0.3404845 0.08617899 1.071719
v -0.3557036 0.06775245 1.083207
v -0.3182614 0.06641057 1.134035
v -0.3024859 0.09403399 1.116722
v -0.3340369 0.08621171 1.039514
v -0.3283747 0.06519958 1.035684
v -0.3239236 0.08434615 1.048416
v -0.3200288 0.06483957 1.049071
v -0.283503 0.06274489 1.078527
v -0.2833066 0.08945188 1.08576
v -0.2477628 0.06061754 1.096593
v -0.2496938 0.09269211 1.109587
v -0.3239236 0.08434615 1.048416
v -0.2833066 0.08945188 1.08576
v -0.3404845 0.08617899 1.071719
v -0.3024859 0.09403399 1.116722
v -0.2496938 0.09269211 1.109587
v -0.3340369 0.08621171 1.039514
v -0.3668969 0.09020469 1.042001
v -0.351776 0.03764167 1.0529
v -0.3693189 0.046904 1.057777
v -0.3322695 0.03476146 1.083894
v -0.3518415 0.05760643 1.095415
v -0.3296184 0.04058728 1.087789
v -0.3937348 0.06382498 1.044652
v -0.3893491 0.05155155 1.025375
v -0.3665042 0.06886527 1.113514
v -0.3417609 0.06742516 1.117213
v -0.4011643 0.06984714 1.048612
v -0.4178889 0.06987986 0.9923183
v -0.4045027 0.06349769 1.009632
v -0.3734427 0.04706767 1.042361
v -0.3482413 0.095965 1.051885
v -0.3284402 0.097536 1.082814
v -0.3452302 0.09203753 1.07689
v -0.3265091 0.09157929 1.086905
v -0.3505978 0.07763669 1.095055
v -0.3706608 0.08873186 1.053718
v -0.3930802 0.07478926 1.044456
v -0.3872544 0.08575353 1.024786
v -0.3665042 0.06886527 1.113514
v -0.3417609 0.06742516 1.117213
v -0.4011643 0.06984714 1.048612
v -0.4178889 0.06987986 0.9923183
v -0.4037826 0.07518199 1.009403
v -0.3709226 0.08889553 1.041641
v -0.3468339 0.08991012 1.021087
v -0.3645732 0.09256116 1.035095
v -0.4047318 0.1110531 0.9828595
v -0.361202 0.1027727 0.9614546
v -0.3407136 0.08375701 1.047009
v -0.37377 0.08280787 1.042852
v -0.3559326 0.07760397 1.061246
v -0.3757338 0.05577359 1.044456
v -0.4160888 0.0883064 0.9916637
v -0.417398 0.05276254 0.9915655
v -0.3645404 0.04009631 1.035259
v -0.3982187 0.01502579 0.9791284
v -0.3504014 0.04687127 1.055485
v -0.3569472 0.06238487 1.061868
v -0.3645404 0.04009631 1.035259
v -0.3492559 0.04078367 1.023182
v -0.3646386 0.01541856 0.9639094
v -0.3982187 0.01502579 0.9791284
v -0.3504014 0.04687127 1.055485
v -0.336557 0.05505356 1.042917
v -0.3371134 0.06231943 1.015294
v -0.3371789 0.06290856 0.9539925
v -0.3407136 0.08375701 1.047009
v -0.3468339 0.08991012 1.021087
v -0.3371134 0.06231943 1.015294
v -0.336557 0.05505356 1.042917
v -0.3371789 0.06290856 0.9539925
v -0.361202 0.1027727 0.9614546
v -0.4238129 0.04170009 0.97507
v -0.4129468 0.04242012 0.9646294
v -0.4308496 0.04294375 0.9633857
v -0.4319297 0.04975143 0.9650222
v -0.4260058 0.04876956 0.9771646
v -0.4113103 0.04487482 0.9929401
v -0.3972696 0.0345324 0.9886199
v -0.4276095 0.05655912 0.9626002
v -0.3967132 0.03806713 0.9700297
v -0.3939639 0.04713312 1.012152
v -0.3860435 0.03770712 1.005868
v -0.3774029 0.02988485 0.9992241
v -0.3826396 0.0258919 0.9852815
v -0.4123249 0.06438139 0.9955257
v -0.3960913 0.06369403 1.015261
v -0.4245984 0.06703243 0.9790629
v -0.3707589 0.02612099 0.9823031
v -0.3661769 0.03053942 0.9946094
v -0.3860107 0.02052429 0.9687532
v -0.3881054 0.03044125 0.9636148
v -0.376552 0.02000064 0.9661677
v -0.42054 0.08126959 0.9800775
v -0.4052555 0.08729175 0.9968677
v -0.3927856 0.08454254 1.014803
v -0.3833596 0.09495041 1.009828
v -0.4273476 0.07226911 0.9649894
v -0.4315697 0.06346497 0.9665604
v -0.4168089 0.08840457 0.9796194
v -0.4120632 0.09560499 0.9801103
v -0.4179216 0.09606317 0.9699969
v -0.4203436 0.08883002 0.9665277
v -0.4274459 0.08176056 0.9684588
v -0.4123577 0.1019217 0.9678369
v -0.4058119 0.1015944 0.9773611
v -0.3930148 0.09936884 0.9951329
v -0.3837852 0.07112357 0.9807976
v -0.4062701 0.07364371 0.9613237
v -0.4084302 0.05649367 0.9603746
v -0.3928839 0.05308983 0.9706515
v -0.3967132 0.03806713 0.9700297
v -0.4129468 0.04242012 0.9646294
v -0.4222092 0.04448202 0.9574289
v -0.4191653 0.05583903 0.9557925
v -0.4203109 0.06464317 0.9553671
v -0.4007716 0.09589955 0.9681314
v -0.4113431 0.08630988 0.9591963
v -0.4081356 0.09658685 0.9615529
v -0.3845052 0.09380487 0.987278
v -0.3716099 0.07059988 0.9956566
v -0.3666678 0.05744281 0.9900272
v -0.3795303 0.05191156 0.9731717
v -0.3626094 0.04408929 0.9878343
v -0.3705299 0.0401291 0.9748409
v -0.3744573 0.09053198 1.00217
v -0.3881054 0.03044125 0.9636148
v -0.3772066 0.02923027 0.9620438
v -0.4168743 0.0757384 0.957298
v -0.3845052 0.09380487 0.987278
v -0.3930148 0.09936884 0.9951329
v -0.4058119 0.1015944 0.9773611
v -0.4007716 0.09589955 0.9681314
v -0.4123577 0.1019217 0.9678369
v -0.4081356 0.09658685 0.9615529
v -0.3744573 0.09053198 1.00217
v -0.3833596 0.09495041 1.009828
v -0.4203436 0.08883002 0.9665277
v -0.4113431 0.08630988 0.9591963
v -0.4081356 0.09658685 0.9615529
v -0.4168743 0.0757384 0.957298
v -0.4203109 0.06464317 0.9553671
v -0.4168743 0.0757384 0.957298
v -0.4273476 0.07226911 0.9649894
v -0.4203109 0.06464317 0.9553671
v -0.4276095 0.05655912 0.9626002
v -0.4191653 0.05583903 0.9557925
v -0.4222092 0.04448202 0.9574289
v -0.4315697 0.06346497 0.9665604
v -0.4477706 0.06572327 0.9412935
v -0.4427958 0.07249817 0.9391334
v -0.4273476 0.07226911 0.9649894
v -0.4564439 0.07377461 0.9222451
v -0.4603386 0.06765428 0.9244053
v -0.465248 0.07442924 0.914292
v -0.4679318 0.06899616 0.9158957
v -0.4725793 0.07145086 0.9096445
v -0.4315697 0.06346497 0.9665604
v -0.4276095 0.05655912 0.9626002
v -0.441323 0.06107572 0.936646
v -0.4477706 0.06572327 0.9412935
v -0.4603386 0.06765428 0.9244053
v -0.4555929 0.06392315 0.9195286
v -0.4648225 0.06605056 0.9120663
v -0.4679318 0.06899616 0.9158957
v -0.4725793 0.07145086 0.9096445
v -0.465248 0.07442924 0.914292
v -0.4725793 0.07145086 0.9096445
v -0.4616151 0.07030532 0.9099391
v -0.4564439 0.07377461 0.9222451
v -0.4515999 0.06879982 0.9169757
v -0.4427958 0.07249817 0.9391334
v -0.4364791 0.06663969 0.9339622
v -0.4273476 0.07226911 0.9649894
v -0.4203109 0.06464317 0.9553671
v -0.4616151 0.07030532 0.9099391
v -0.4725793 0.07145086 0.9096445
v -0.4648225 0.06605056 0.9120663
v -0.4555929 0.06392315 0.9195286
v -0.4515999 0.06879982 0.9169757
v -0.4364791 0.06663969 0.9339622
v -0.441323 0.06107572 0.936646
v -0.4276095 0.05655912 0.9626002
v -0.4203109 0.06464317 0.9553671
v -0.3661769 0.03053942 0.9946094
v -0.3626094 0.04408929 0.9878343
v -0.3705299 0.0401291 0.9748409
v -0.3707589 0.02612099 0.9823031
v -0.3772066 0.02923027 0.9620438
v -0.376552 0.02000064 0.9661677
v -0.4081356 0.09658685 0.9615529
v -0.4210964 0.09609589 0.9468902
v -0.4253839 0.09027013 0.949214
v -0.4203436 0.08883002 0.9665277
v -0.4430576 0.09658685 0.9250271
v -0.4444977 0.09171018 0.9262708
v -0.4491125 0.09478673 0.9247653
v -0.4123577 0.1019217 0.9678369
v -0.4255475 0.1005143 0.9508505
v -0.4210964 0.09609589 0.9468902
v -0.4081356 0.09658685 0.9615529
v -0.4462978 0.0984197 0.92794
v -0.4430576 0.09658685 0.9250271
v -0.4491125 0.09478673 0.9247653
v -0.4491125 0.09478673 0.9247653
v -0.4462978 0.0984197 0.92794
v -0.4473124 0.09367397 0.9287255
v -0.4444977 0.09171018 0.9262708
v -0.4255475 0.1005143 0.9508505
v -0.4293769 0.09531042 0.9527488
v -0.4123577 0.1019217 0.9678369
v -0.4179216 0.09606317 0.9699969
v -0.4253839 0.09027013 0.949214
v -0.4203436 0.08883002 0.9665277
v -0.3881054 0.03044125 0.9636148
v -0.3899709 0.02268443 0.9519305
v -0.3812977 0.02157164 0.9493777
v -0.3772066 0.02923027 0.9620438
v -0.3842761 0.01283297 0.938446
v -0.391771 0.0132257 0.9402462
v -0.388629 0.003996074 0.9351732
v -0.376552 0.02000064 0.9661677
v -0.3772066 0.02923027 0.9620438
v -0.3812977 0.02157164 0.9493777
v -0.380905 0.01345479 0.9526505
v -0.3842761 0.01283297 0.938446
v -0.384047 0.007759929 0.94221
v -0.388629 0.003996074 0.9351732
v -0.3887272 0.01443669 0.9552689
v -0.3860107 0.02052429 0.9687532
v -0.376552 0.02000064 0.9661677
v -0.380905 0.01345479 0.9526505
v -0.3899709 0.02268443 0.9519305
v -0.3881054 0.03044125 0.9636148
v -0.384047 0.007759929 0.94221
v -0.3907565 0.007563561 0.9441737
v -0.388629 0.003996074 0.9351732
v -0.391771 0.0132257 0.9402462
v -0.4376246 0.05767187 0.9408026
v -0.4276095 0.05655912 0.9626002
v -0.4319297 0.04975143 0.9650222
v -0.4450214 0.05374441 0.9443374
v -0.4308496 0.04294375 0.9633857
v -0.4444977 0.04706767 0.9431263
v -0.4222092 0.04448202 0.9574289
v -0.4359882 0.04857317 0.9383479
v -0.4606986 0.05217341 0.9226706
v -0.4607641 0.05786827 0.9237834
v -0.465608 0.0577046 0.9126555
v -0.4551347 0.05371168 0.9174994
v -0.4563784 0.06058481 0.9196923
v -0.4168743 0.0757384 0.957298
v -0.4307187 0.07940403 0.9373006
v -0.4369373 0.07550928 0.9404098
v -0.4273476 0.07226911 0.9649894
v -0.4449886 0.08090958 0.9200196
v -0.4499635 0.07714573 0.9233252
v -0.4576876 0.0784876 0.9154702
v -0.4538582 0.08215329 0.9125246
v -0.4625969 0.08333156 0.9113791
v -0.4203436 0.08883002 0.9665277
v -0.435399 0.08716086 0.9415554
v -0.4307187 0.07940403 0.9373006
v -0.4168743 0.0757384 0.957298
v -0.4493743 0.08719358 0.924438
v -0.4449886 0.08090958 0.9200196
v -0.4579494 0.08706269 0.9162885
v -0.4538582 0.08215329 0.9125246
v -0.4625969 0.08333156 0.9113791
v -0.4625969 0.08333156 0.9113791
v -0.4579494 0.08706269 0.9162885
v -0.4610914 0.08195689 0.9186122
v -0.4576876 0.0784876 0.9154702
v -0.454251 0.08195689 0.9273837
v -0.4493743 0.08719358 0.924438
v -0.435399 0.08716086 0.9415554
v -0.4420758 0.08189145 0.9444028
v -0.4274459 0.08176056 0.9684588
v -0.4203436 0.08883002 0.9665277
v -0.4369373 0.07550928 0.9404098
v -0.4273476 0.07226911 0.9649894
v -0.4499635 0.07714573 0.9233252
v -0.4376246 0.05767187 0.9408026
v -0.4359882 0.04857317 0.9383479
v -0.4222092 0.04448202 0.9574289
v -0.4276095 0.05655912 0.9626002
v -0.4563784 0.06058481 0.9196923
v -0.4551347 0.05371168 0.9174994
v -0.465608 0.0577046 0.9126555
v -0.4245984 0.06703243 0.9790629
v -0.4276095 0.05655912 0.9626002
v -0.4315697 0.06346497 0.9665604
v -0.4222092 0.04448202 0.9574289
v -0.05266431 0.06706515 0.07544383
v -0.07760397 0.06785068 0.07541111
v -0.07560745 0.09409943 0.07564017
v -0.05246797 0.09406671 0.07564017
v -0.06421772 0.1412294 0.0757384
v -0.07760397 0.06785068 0.07541111
v -0.06186125 0.06745788 0.005010694
v -0.07560745 0.09409943 0.07564017
v -0.06074843 0.131607 0.005337983
v -0.06421772 0.1412294 0.0757384
v -0.06421772 0.1412294 0.0757384
v -0.06074843 0.131607 0.005337983
v -0.05246797 0.09406671 0.07564017
v -0.06186125 0.06745788 0.005010694
v -0.05266431 0.06706515 0.07544383
v -0.05266431 0.06706515 0.07544383
v -0.06186125 0.06745788 0.005010694
v -0.07760397 0.06785068 0.07541111
v -0.1169444 0.0291321 0.7095385
v -0.126534 0.02320808 0.7778442
v -0.08398613 -0.03622803 0.777124
v -0.07770213 -0.02061623 0.7072474
v -0.02016428 0.01257113 0.7095385
v -0.02006611 0.001639575 0.7766659
v -0.1133769 0.07351282 0.7777786
v -0.1042782 0.07406917 0.7116657
v -0.05043873 0.08130231 0.7124186
v -0.05439898 0.07861856 0.7768623
v -0.02016428 0.01257113 0.7095385
v -0.02006611 0.001639575 0.7766659
v -0.1110859 0.04111096 0.6384507
v -0.0741674 -0.005233526 0.6315122
v -0.1012344 0.08352789 0.6452911
v -0.05263159 0.09360847 0.646993
v -0.02330628 0.02985212 0.6372725
v -0.03577611 0.0561991 0.5027883
v -0.0671306 0.1135733 0.5157163
v -0.1071256 0.09812513 0.5131634
v -0.08938643 0.07855311 0.3383898
v -0.09432855 0.05246797 0.3384553
v -0.1170426 0.0554463 0.5008246
v -0.07282546 0.02599007 0.3396663
v -0.0523043 0.02229169 0.1883267
v -0.04425296 0.05256614 0.3407136
v -0.03577611 0.0561991 0.5027883
v -0.08156416 0.01839691 0.4978789
v -0.03551427 0.04811499 0.1874103
v -0.08712813 0.04791859 0.1869847
v -0.08392069 0.07632753 0.1881957
v -0.06745788 0.08863369 0.339208
v -0.04425296 0.05256614 0.3407136
v -0.04696944 0.07442924 0.1891122
v -0.05050418 0.01653135 0.1531428
v -0.08562258 0.03037581 0.1440441
v -0.0325686 0.03145584 0.1437823
v -0.06742516 0.08189145 0.1889485
v -0.03551427 0.04811499 0.1874103
v -0.02330628 0.02985212 0.6372725
v -0.126534 0.02320808 0.7778442
v -0.1349454 0.01119649 0.8663111
v -0.08840457 -0.04804325 0.8645437
v -0.08398613 -0.03622803 0.777124
v -0.120741 0.06742516 0.8666711
v -0.1133769 0.07351282 0.7777786
v -0.06395587 0.08159688 0.8643146
v -0.05439898 0.07861856 0.7768623
v -0.01964062 -9.506941E-05 0.8574414
v -0.01964062 -9.506941E-05 0.8574414
v -0.02006611 0.001639575 0.7766659
v -0.02006611 0.001639575 0.7766659
v -0.02114615 -0.03557345 0.003210574
v -0.03201225 0.018626 0.009985507
v -0.09151384 0.01535311 0.009429127
v -0.06902888 -0.05616009 0.003210574
v -0.04071817 -0.08090332 0.003210574
v -0.05050418 0.01653135 0.1531428
v -0.07223639 -0.003171593 0.1040164
v -0.08562258 0.03037581 0.1440441
v -0.04304197 -0.005397171 0.1121005
v -0.0385581 -0.03527889 0.05603543
v -0.07331643 -0.02762029 0.05269703
v -0.08974645 -0.01017565 0.04595485
v -0.09138289 0.01839691 0.07626203
v -0.0325686 0.03145584 0.1437823
v -0.02111343 -0.00235337 0.05050418
v -0.02664465 0.01460034 0.0788804
v -0.02860841 0.04906413 0.115537
v -0.01790598 -0.03629351 0.0133239
v -0.07226911 -0.05638918 0.0133239
v -0.0367907 0.03505602 0.07384011
v -0.03917995 0.06130484 0.09128472
v -0.09531042 0.008970916 0.01823327
v -0.0879136 0.03335413 0.0724
v -0.09557226 0.05040601 0.1125587
v -0.09174296 0.06176302 0.09331396
v -0.04134002 -0.06879354 0.02441907
v -0.02517185 0.01368392 0.01859328
v -0.04696944 0.07442924 0.1891122
v -0.03093216 0.07655659 0.150819
v -0.03551427 0.04811499 0.1874103
v -0.06742516 0.08189145 0.1889485
v -0.0325686 0.03145584 0.1437823
v -0.02860841 0.04906413 0.115537
v -0.03917995 0.06130484 0.09128472
v -0.04088184 0.08336428 0.1031
v -0.04225644 0.06569055 0.08532801
v -0.0367907 0.03505602 0.07384011
v -0.03917995 0.06130484 0.09128472
v -0.04225644 0.06569055 0.08532801
v -0.04300925 0.04206011 0.06981441
v -0.02517185 0.01368392 0.01859328
v -0.03201225 0.018626 0.009985507
v -0.02114615 -0.03557345 0.003210574
v -0.01790598 -0.03629351 0.0133239
v -0.0397363 -0.08240888 0.0133239
v -0.04071817 -0.08090332 0.003210574
v -0.06902888 -0.05616009 0.003210574
v -0.07226911 -0.05638918 0.0133239
v -0.09531042 0.008970916 0.01823327
v -0.09151384 0.01535311 0.009429127
v -0.04134002 -0.06879354 0.02441907
v -0.0879136 0.03335413 0.0724
v -0.08706269 0.03989998 0.06758884
v -0.09174296 0.06176302 0.09331396
v -0.08873186 0.06670514 0.0847716
v -0.08833912 0.08385518 0.1024454
v -0.09828874 0.0778003 0.1487899
v -0.09557226 0.05040601 0.1125587
v -0.09174296 0.06176302 0.09331396
v -0.08873186 0.06670514 0.0847716
v -0.08562258 0.03037581 0.1440441
v -0.08712813 0.04791859 0.1869847
v -0.08392069 0.07632753 0.1881957
v -0.06742516 0.08189145 0.1889485
v -0.04225644 0.06569055 0.08532801
v -0.08873186 0.06670514 0.0847716
v -0.08706269 0.03989998 0.06758884
v -0.04300925 0.04206011 0.06981441
v -0.03201225 0.018626 0.009985507
v -0.09151384 0.01535311 0.009429127
v -0.0687016 0.09102288 0.1992255
v -0.05708274 0.08745542 0.2350639
v -0.07010898 0.09599772 0.2401042
v -0.08084413 0.08169511 0.2338529
v -0.08378974 0.07744029 0.1981454
v -0.06735972 0.09832147 0.1748095
v -0.05119154 0.08254603 0.1994546
v -0.0493587 0.09095743 0.170162
v -0.06889799 0.1192027 0.1573322
v -0.03093216 0.07655659 0.150819
v -0.06578872 0.1047364 0.1084348
v -0.04088184 0.08336428 0.1031
v -0.09828874 0.0778003 0.1487899
v -0.08833912 0.08385518 0.1024454
v -0.06421772 0.0961614 0.08257875
v -0.04804954 0.08382246 0.08248058
v -0.04225644 0.06569055 0.08532801
v -0.07963315 0.08382246 0.08248058
v -0.08873186 0.06670514 0.0847716
v -0.08287331 0.09000829 0.1680673
v -0.05708274 0.08745542 0.2350639
v -0.08084413 0.08169511 0.2338529
v -0.07010898 0.09599772 0.2401042
v -0.08378974 0.07744029 0.1981454
v -0.05119154 0.08254603 0.1994546
v -0.09828874 0.0778003 0.1487899
v -0.03093216 0.07655659 0.150819
v -0.04804954 0.08382246 0.08248058
v -0.07963315 0.08382246 0.08248058
v -0.08873186 0.06670514 0.0847716
v -0.04225644 0.06569055 0.08532801
v -0.06421772 0.0961614 0.08257875
v -0.07681844 0.01757869 0.1918941
v -0.05403897 -0.01662329 0.1563176
v -0.08938643 0.0361034 0.1553357
v -0.09478673 0.04516938 0.1672163
v -0.05063513 -0.03511524 0.09963068
v -0.1019872 0.04340199 0.1244721
v -0.07681844 0.01757869 0.1918941
v -0.04039088 0.0210807 0.1929415
v -0.05403897 -0.01662329 0.1563176
v -0.04039088 0.0210807 0.1929415
v -0.02939388 0.04186371 0.1570703
v -0.05403897 -0.01662329 0.1563176
v -0.02651373 0.05171517 0.1692128
v -0.05063513 -0.03511524 0.09963068
v -0.01669499 0.05158427 0.1269267
v -0.09059742 0.00743264 1.483976
v -0.0919393 0.01316026 1.482961
v -0.09730688 0.02834657 1.499947
v -0.09697959 0.0256955 1.505184
v -0.09295389 0.0211789 1.467055
v -0.09203753 0.01859328 1.461687
v -0.09923789 0.04333654 1.470033
v -0.09956518 0.04595485 1.464764
v 0.07151008 -0.0303368 1.541939
v 0.08011782 -0.01989621 1.563736
v 0.1119306 0.04726401 1.528782
v 0.09608966 0.006123483 1.531891
v 0.03678444 -0.05553824 1.566715
v 0.06257501 -0.04994157 1.527571
v 0.03305331 -0.07013544 1.528487
v -3.129244E-06 -0.08005238 1.528913
v -3.129244E-06 -0.06466967 1.570348
v -3.129244E-06 -0.09589329 1.516639
v 0.03203872 -0.08306345 1.518963
v -3.129244E-06 -0.09841344 1.512417
v -3.129244E-06 -0.09589329 1.516639
v 0.03203872 -0.08306345 1.518963
v 0.03177688 -0.0854854 1.514839
v 0.06499696 -0.04905787 1.524298
v 0.06257501 -0.04994157 1.527571
v 0.07691038 -0.02330002 1.532382
v 0.07151008 -0.0303368 1.541939
v 0.09608966 0.006123483 1.531891
v 0.09860981 0.1102676 1.51929
v 0.1024064 0.1127223 1.503089
v 0.1148435 0.07884768 1.503646
v 0.1119306 0.04726401 1.528782
v 0.05688015 0.1533392 1.506984
v 0.05478546 0.1454187 1.523643
v -3.129244E-06 0.1716675 1.508621
v -3.129244E-06 0.1620452 1.525051
v 0.1141562 0.03669253 1.508752
v 0.1004754 0.007563561 1.542397
v 0.1054502 0.00563255 1.517981
v 0.07445568 -0.03364244 1.532251
v 0.07792497 -0.02830759 1.508522
v 0.01351401 -0.06862989 1.609492
v 0.02542743 -0.06650251 1.595156
v 0.02529651 -0.06571701 1.576108
v 0.01351401 -0.06597883 1.562395
v -3.129244E-06 -0.06944811 1.613714
v -3.129244E-06 -0.06640431 1.559449
v 0.01282671 -0.07088822 1.585534
v 0.009030104 -0.07062638 1.576468
v 0.009095579 -0.07164097 1.5946
v -3.129244E-06 -0.07108459 1.572704
v -3.129244E-06 -0.07245922 1.598331
v 0.05478546 0.1454187 1.523643
v 0.09860981 0.1102676 1.51929
v 0.1176909 0.12025 1.540368
v 0.06686252 0.1644016 1.546816
v -3.129244E-06 0.1817808 1.551365
v -3.129244E-06 0.1620452 1.525051
v 0.1119306 0.04726401 1.528782
v 0.1308807 0.05669001 1.551299
v 0.1075449 -0.01829246 1.596498
v 0.08011782 -0.01989621 1.563736
v 0.0614295 -0.05275625 1.63993
v 0.03678444 -0.05553824 1.566715
v -3.129244E-06 -0.06722254 1.672332
v -3.129244E-06 -0.06466967 1.570348
v 0.05170894 -0.007655501 1.630897
v 0.1308807 0.05669001 1.551299
v 0.1075449 -0.01829246 1.596498
v 0.0614295 -0.05275625 1.63993
v 0.06005487 0.07210544 1.615579
v -3.129244E-06 -0.01168117 1.660615
v -3.129244E-06 0.08051684 1.632893
v -3.129244E-06 0.1483971 1.580101
v 0.05406544 0.1392657 1.57205
v -3.129244E-06 0.1817808 1.551365
v 0.06686252 0.1644016 1.546816
v 0.1176909 0.12025 1.540368
v -3.129244E-06 -0.06722254 1.672332
v 0.1055157 0.04075089 1.488558
v 0.104992 0.08195689 1.508948
v 0.1021118 0.0914484 1.491798
v 0.1017518 0.04798403 1.472749
v 0.09730065 0.09357575 1.514414
v 0.09988624 0.0741674 1.526393
v 0.09985352 0.03279772 1.503449
v 0.09314403 0.02232441 1.478444
v -3.129244E-06 -0.06961179 1.578236
v 0.01537958 -0.06836808 1.574275
v -3.129244E-06 -0.06725529 1.55346
v 0.02300546 -0.06427693 1.553001
v 0.03858453 -0.06169131 1.566879
v 0.04506493 -0.0550473 1.550972
v 0.05439273 -0.05697832 1.578432
v 0.06915358 -0.04110467 1.56282
v 0.07137915 -0.05704379 1.610736
v 0.06728801 -0.03655532 1.546816
v 0.07707402 -0.0270966 1.551888
v 0.08505994 -0.01164845 1.539059
v 0.08974019 -0.009455591 1.550645
v 0.0917694 -0.01164845 1.563311
v 0.02546015 -0.06192043 1.553623
v 0.02294001 -0.06532425 1.568842
v 0.03249693 -0.06267318 1.57133
v 0.06021851 -0.04967973 1.578563
v 0.04009008 -0.06218225 1.583439
v 0.04035193 -0.06666616 1.605793
v 0.07141188 -0.0596621 1.634071
v 0.09016567 -0.04748687 1.630962
v 0.1013263 -0.05606189 1.670041
v 0.2543678 0.006287128 0.8722351
v 0.1981392 -0.08178702 0.8655583
v 0.1073812 -0.06735346 1.010647
v 0.1462962 -0.01377586 1.020433
v 0.09762794 0.07203999 1.026291
v 0.1740832 0.168951 0.8700422
v -3.129244E-06 0.1042455 1.028484
v -3.129244E-06 0.2338202 0.8649037
v 0.0659461 -0.08145973 1.004657
v 0.1415505 -0.11864 0.8640528
v -3.129244E-06 0.0584574 1.068872
v 0.06306595 0.04045638 1.069592
v 0.1023737 -0.01901251 1.06573
v 0.08342347 -0.05894208 1.057089
v 0.04421395 -0.06568429 1.045929
v 0.08384895 -0.0224818 1.082291
v 0.07056093 -0.05786201 1.078429
v 0.05013794 0.02775744 1.085465
v -3.129244E-06 0.0439584 1.086807
v 0.03324968 -0.07756495 1.022822
v 0.02408552 -0.06970996 1.043769
v 0.2780965 -0.07740131 0.7344126
v 0.1863894 -0.1278042 0.7735239
v 0.1415505 -0.11864 0.8640528
v 0.1981392 -0.08178702 0.8655583
v 0.324441 -0.01050293 0.7324488
v 0.2543678 0.006287128 0.8722351
v 0.3413619 0.06591961 0.7272449
v 0.3256847 0.1494444 0.7168697
v 0.1740832 0.168951 0.8700422
v 0.2789801 0.223445 0.7003742
v 0.1972882 0.2566979 0.728194
v 0.141845 0.2437371 0.7720838
v 0.09527144 0.280852 0.7267212
v -3.129244E-06 0.2338202 0.8649037
v -3.129244E-06 0.3063807 0.7193571
v 0.08433989 0.323629 0.6698707
v 0.0864673 0.3233999 0.6699688
v 0.08620545 0.3239236 0.6687251
v 0.3161277 0.1987346 0.6702962
v 0.09543508 -0.07802317 0.9899291
v 0.04555586 -0.09386408 0.9857069
v 0.03400245 -0.06588066 1.045045
v 0.07268831 -0.06139675 1.054209
v -3.129244E-06 -0.07131368 1.041805
v -3.129244E-06 -0.1001481 0.9840705
v 0.09841344 -0.1391285 0.8252032
v -3.129244E-06 -0.142565 0.8827083
v 0.1507801 -0.1091159 0.8637254
v 0.1969609 -0.1236476 0.742202
v 0.09222761 0.02448454 1.251566
v 0.05498186 0.06277767 1.230816
v 0.04892695 0.03783801 1.180707
v 0.0856818 -0.0004223585 1.200803
v -3.129244E-06 0.07099268 1.229572
v 0.05763289 0.08457527 1.272938
v 0.08875832 0.07220361 1.280498
v 0.08957654 0.08627716 1.326647
v 0.06195316 0.09004101 1.334927
v 0.06784439 0.06552687 1.362681
v 0.03082773 0.08454254 1.367165
v 0.04172653 0.06477413 1.374137
v 0.0933404 0.06277767 1.357968
v -3.129244E-06 0.09792873 1.326908
v -3.129244E-06 0.09272483 1.360685
v -3.129244E-06 0.09020469 1.273593
v -3.129244E-06 0.04618397 1.17966
v 0.1011627 0.08611354 1.317875
v 0.04005736 0.04876956 1.36926
v 0.06777894 0.02130979 1.341964
v 0.04166108 0.01155651 1.344779
v 0.08902016 0.02291355 1.335811
v 0.113207 0.0624176 1.343895
v 0.1085267 0.02815017 1.336891
v 0.09314403 0.02402633 1.296896
v 0.08607453 0.01538584 1.291954
v 0.09124574 0.04530028 1.288713
v 0.06797531 -0.0381918 1.303278
v 0.07360473 -0.0202235 1.3039
v 0.08898744 -0.01577231 1.262727
v 0.09291494 -0.04555586 1.262661
v 0.09039479 -0.02660567 1.230488
v 0.09458411 -0.0557346 1.233794
v 0.08577996 -0.03328243 1.216807
v 0.09281674 -0.06650251 1.261581
v 0.09222761 0.02448454 1.251566
v 0.0856818 -0.0004223585 1.200803
v 0.137983 0.03112856 1.300496
v 0.1434487 0.06444684 1.305798
v 0.113567 0.03891811 1.274869
v 0.1756542 0.0357106 1.259061
v 0.1503219 0.04536572 1.235103
v 0.1813491 0.06487229 1.264821
v 0.1256441 0.08549169 1.288026
v 0.1091813 0.07243273 1.269272
v 0.09124574 0.04530028 1.288713
v 0.113567 0.03891811 1.274869
v 0.1456089 0.0725964 1.231143
v 0.1503219 0.04536572 1.235103
v 0.1630535 0.08519712 1.247049
v 0.03907546 -0.07190281 1.162772
v 0.0326933 -0.07524118 1.206171
v 0.06892446 -0.05485094 1.200541
v 0.07033181 -0.05003974 1.162673
v 0.07821953 -0.01282671 1.161953
v 0.07344109 -0.05632374 1.097346
v 0.04009008 -0.06797531 1.093582
v 0.07563394 -0.02110717 1.114496
v 0.09471503 -0.02310365 1.084058
v 0.04565403 -0.07151008 1.040005
v 0.09046024 -0.06080765 1.062031
v 0.04853421 -0.07979053 1.025407
v 0.0856818 -0.0004223585 1.200803
v 0.08577996 -0.03328243 1.216807
v 0.03082773 0.08454254 1.367165
v 0.02513286 0.07547656 1.382875
v -3.129244E-06 0.08748814 1.383137
v -3.129244E-06 0.09272483 1.360685
v 0.04172653 0.06477413 1.374137
v 0.03027132 0.05138788 1.3779
v 0.04005736 0.04876956 1.36926
v 0.01868522 0.0336487 1.371289
v 0.04166108 0.01155651 1.344779
v 0.01780152 0.001966864 1.344091
v 0.01780152 0.001966864 1.344091
v -3.129244E-06 -0.003106147 1.340753
v -3.129244E-06 0.02337176 1.367427
v 0.01868522 0.0336487 1.371289
v 0.01871794 -0.05602917 1.297321
v 0.03547528 -0.06208408 1.298892
v 0.02899489 -0.09893709 1.258275
v 0.05128345 -0.09121302 1.265639
v 0.03243145 -0.09707153 1.224532
v 0.06787714 -0.08394715 1.221128
v 0.06892446 -0.05485094 1.200541
v 0.0326933 -0.07524118 1.206171
v -3.129244E-06 -0.05524367 1.292346
v -3.129244E-06 -0.07550302 1.205647
v -3.129244E-06 -0.09075481 1.224597
v -3.129244E-06 -0.09131119 1.254806
v 0.04653773 0.02212805 1.114169
v -3.129244E-06 0.03348503 1.12366
v -3.129244E-06 0.05194429 1.08072
v 0.0357371 0.04297653 1.086807
v 0.07857957 0.0164659 1.084189
v 0.05252716 0.050046 1.07545
v -3.129244E-06 0.07694939 1.058595
v 0.09471503 -0.02310365 1.084058
v 0.07563394 -0.02110717 1.114496
v 0.07821953 -0.01282671 1.161953
v 0.04892695 0.03783801 1.180707
v 0.0856818 -0.0004223585 1.200803
v 0.09471503 -0.02310365 1.084058
v 0.07857957 0.0164659 1.084189
v 0.09795523 -0.02310365 1.080392
v 0.09046024 -0.06080765 1.062031
v 0.09324223 -0.06136402 1.057449
v 0.04853421 -0.07979053 1.025407
v 0.05272353 -0.08460173 1.019614
v 0.08204886 0.01888785 1.081342
v 0.0567165 0.05181339 1.073814
v 0.05252716 0.050046 1.07545
v -3.129244E-06 0.08274242 1.053882
v -3.129244E-06 0.07694939 1.058595
v -3.129244E-06 0.03348503 1.12366
v 0.08577996 -0.03328243 1.216807
v 0.06892446 -0.05485094 1.200541
v 0.06787714 -0.08394715 1.221128
v 0.09458411 -0.0557346 1.233794
v 0.01780152 0.001966864 1.344091
v 0.04902515 -0.05092344 1.304849
v 0.03547528 -0.06208408 1.298892
v 0.04768324 -0.1059084 1.258865
v 0.07586303 -0.09435502 1.262301
v 0.04833782 -0.1043047 1.227805
v 0.07910323 -0.08990386 1.230521
v 0.06453875 -0.07612488 1.204305
v 0.04418123 -0.0902966 1.203192
v 0.09281674 -0.06650251 1.261581
v 0.09458411 -0.0557346 1.233794
v 0.08515811 -0.04748687 1.2118
v 0.06797531 -0.0381918 1.303278
v 0.04166108 0.01155651 1.344779
v 0.04405031 -0.08355439 1.166012
v 0.06440783 -0.06712437 1.173507
v 0.04349393 -0.08496174 1.183686
v 0.08214703 -0.03910822 1.195435
v 0.08456901 -0.03567165 1.182278
v 0.01858702 0.07050171 1.414033
v -3.129244E-06 0.07901129 1.416586
v -3.129244E-06 0.08748814 1.383137
v 0.02513286 0.07547656 1.382875
v 0.02693295 0.05034056 1.404444
v 0.03027132 0.05138788 1.3779
v 0.01868522 0.0336487 1.371289
v 0.01668873 0.03211042 1.392203
v -3.129244E-06 0.02513912 1.387588
v -3.129244E-06 0.02337176 1.367427
v -3.129244E-06 0.01980427 1.405066
v 0.01626325 0.02585915 1.412822
v 0.02997679 0.046904 1.434031
v 0.01960164 0.06637785 1.441689
v -3.129244E-06 0.07478926 1.441788
v -3.129244E-06 -0.07952872 1.163033
v -3.129244E-06 -0.07550302 1.205647
v 0.01528138 -0.07799044 1.16287
v 0.0326933 -0.07524118 1.206171
v 0.03907546 -0.07190281 1.162772
v 0.04009008 -0.06797531 1.093582
v 0.01515046 -0.07475024 1.091619
v 0.04565403 -0.07151008 1.040005
v 0.01606688 -0.07641944 1.032084
v 0.04853421 -0.07979053 1.025407
v 0.01528138 -0.07799044 1.16287
v 0.01515046 -0.07475024 1.091619
v -3.129244E-06 -0.0745866 1.091062
v -3.129244E-06 -0.07952872 1.163033
v -3.129244E-06 -0.07756495 1.030055
v 0.01606688 -0.07641944 1.032084
v 0.01606688 -0.07641944 1.032084
v 0.04853421 -0.07979053 1.025407
v 0.05272353 -0.08460173 1.019614
v 0.2685068 0.0617303 1.174652
v 0.2602918 0.03934357 1.166306
v 0.231261 0.04016182 1.195632
v 0.238036 0.0615994 1.202341
v 0.1813491 0.06487229 1.264821
v 0.1756542 0.0357106 1.259061
v 0.2208205 0.08300427 1.183587
v 0.1630535 0.08519712 1.247049
v 0.2035722 0.07429829 1.167419
v 0.1456089 0.0725964 1.231143
v 0.1503219 0.04536572 1.235103
v 0.2090052 0.04863867 1.173376
v 0.1503219 0.04536572 1.235103
v 0.2090052 0.04863867 1.173376
v 0.235254 0.04798403 1.142512
v 0.235254 0.04798403 1.142512
v 0.2300828 0.07724389 1.13505
v 0.2492294 0.08562258 1.156193
v 0.2492294 0.08562258 1.156193
v 0.2492294 0.08562258 1.156193
v 0.2754454 0.08696446 1.127784
v 0.2950174 0.06339946 1.144509
v 0.2685068 0.0617303 1.174652
v 0.2602918 0.03934357 1.166306
v 0.2869333 0.03957269 1.135607
v 0.2300828 0.07724389 1.13505
v 0.2574771 0.07871673 1.106641
v 0.235254 0.04798403 1.142512
v 0.2625828 0.04870412 1.113154
v 0.2625828 0.04870412 1.113154
v 0.235254 0.04798403 1.142512
v 0.03328243 0.006221682 1.349622
v 0.00595358 0.0108692 1.391025
v 0.01852158 0.02297899 1.395181
v 0.03953367 0.02392814 1.360652
v 0.04748687 0.05400625 1.370831
v 0.03230053 0.05204245 1.403135
v 0.00595358 0.0108692 1.391025
v 0.03328243 0.006221682 1.349622
v 0.03230053 0.002457827 1.348706
v 0.005626291 0.00766176 1.38821
v 0.09183487 0.08009139 1.351881
v 0.03167868 0.08483711 1.373155
v 0.04771596 0.09868154 1.337676
v -3.129244E-06 0.1048346 1.340556
v -3.129244E-06 0.09514675 1.372696
v 0.09229308 0.05502084 1.362419
v 0.04882875 0.05560997 1.370864
v 0.09896982 0.09223387 1.326188
v 0.1130761 0.1458115 1.20676
v -3.129244E-06 0.1659399 1.213371
v 0.08041239 -0.01983073 1.316141
v 0.05606189 0.001508683 1.343829
v 0.1061375 0.01437122 1.322621
v 0.09216216 0.02317536 1.347659
v 0.09180215 0.03600517 1.356692
v 0.05131617 0.03315774 1.361078
v 0.09229308 0.05502084 1.362419
v 0.04882875 0.05560997 1.370864
v 0.1118978 0.01708776 1.294474
v 0.1013263 -0.01901251 1.266556
v 0.1178218 0.02222621 1.246526
v 0.1234185 0.02193165 1.188268
v 0.1101959 -0.009161025 1.182573
v 0.1238767 0.01620406 1.147978
v 0.1151707 -0.000651449 1.144214
v 0.1218475 0.003897905 1.113743
v 0.1127815 -0.005266279 1.143167
v 0.1151707 -0.000651449 1.144214
v 0.1215857 0.0003958642 1.104448
v 0.1101959 -0.009161025 1.182573
v 0.1079703 -0.01446316 1.181624
v 0.1013263 -0.01901251 1.266556
v 0.1218475 0.003897905 1.113743
v 0.02542743 0.08140054 1.405066
v 0.04879603 0.0275611 1.390239
v 0.04951608 0.0401291 1.361339
v 0.03092593 0.08316788 1.372631
v 0.05318174 -0.009193748 1.338462
v 0.05707651 -0.01488864 1.368998
v 0.02542743 0.08140054 1.405066
v 0.03092593 0.08316788 1.372631
v -3.129244E-06 0.09292117 1.371845
v -3.129244E-06 0.09531042 1.406735
v 0.09320951 -0.02163085 1.313097
v 0.07573211 -0.01721239 1.329559
v 0.08617273 -0.01109207 1.328709
v 0.1046647 -0.003400713 1.312671
v 0.1101959 -0.01105931 1.267636
v 0.104992 -0.02824214 1.266949
v 0.09311131 -0.03678444 1.264985
v 0.1091159 -0.01861975 1.197203
v 0.1057775 -0.01803064 1.192097
v 0.07085547 -0.03059864 1.313129
v 0.09959167 0.002163261 1.329069
v 0.06434238 -0.02330002 1.32321
v 0.05625829 -0.01420131 1.33568
v 0.1235822 0.1435204 1.205974
v 0.1070867 0.09233204 1.320526
v 0.09896982 0.09223387 1.326188
v 0.1130761 0.1458115 1.20676
v 0.1246622 0.03466329 1.348837
v 0.1286552 0.05413714 1.353714
v 0.1558858 0.05534813 1.319741
v 0.1442997 0.0282484 1.308024
v 0.09229308 0.05502084 1.362419
v 0.09180215 0.03600517 1.356692
v 0.09216216 0.02317536 1.347659
v 0.109705 0.01826599 1.327661
v 0.2086779 0.05826101 1.261188
v 0.1878949 0.0941976 1.243089
v 0.1442342 0.08185872 1.308776
v 0.1887786 0.02291355 1.240274
v 0.2554479 0.06120667 1.216218
v 0.2237988 0.1099076 1.191868
v 0.227039 0.02327356 1.185977
v 0.1246622 0.09455767 1.288746
v 0.1380812 0.11917 1.203225
v 0.1400776 0.1545829 1.131613
v 0.1441688 0.01535311 1.200868
v 0.1476708 0.03283045 1.118129
v 0.1108178 0.08853546 1.326581
v 0.1243022 0.07469103 1.348608
v 0.09183487 0.08009139 1.351881
v 0.125415 0.01407665 1.288353
v 0.09183487 0.08009139 1.351881
v 0.09896982 0.09223387 1.326188
v 0.1108178 0.08853546 1.326581
v 0.1070867 0.09233204 1.320526
v 0.1189346 0.097536 1.282888
v 0.1246622 0.09455767 1.288746
v 0.1300625 0.1223447 1.196941
v 0.1380812 0.11917 1.203225
v 0.1400776 0.1545829 1.131613
v 0.1322227 0.1633216 1.117802
v -3.129244E-06 0.1031654 1.374202
v 0.03488615 0.08991012 1.376231
v 0.02542743 0.08140054 1.405066
v -3.129244E-06 0.09531042 1.406735
v 0.06754982 0.0298194 1.366543
v 0.04879603 0.0275611 1.390239
v 0.07249194 -0.006542712 1.352175
v 0.08820194 0.002195984 1.344386
v 0.05707651 -0.01488864 1.368998
v 0.09959167 0.002163261 1.329069
v 0.1036501 0.006058007 1.329199
v 0.1046647 -0.003400713 1.312671
v 0.107774 0.001541406 1.31254
v 0.1101959 -0.01105931 1.267636
v 0.1117669 -0.005069882 1.267865
v 0.1079703 -0.01446316 1.181624
v 0.1091159 -0.01861975 1.197203
v 0.1057775 -0.01803064 1.192097
v 0.07461932 -0.01204121 1.349066
v 0.07249194 -0.006542712 1.352175
v 0.08820194 0.002195984 1.344386
v 0.09766066 0.0007886291 1.338102
v 0.05881116 -0.02038714 1.365954
v 0.05707651 -0.01488864 1.368998
v 0.07006997 0.04088184 1.364678
v 0.06754982 0.0298194 1.366543
v 0.03675172 0.09141567 1.369914
v 0.03488615 0.08991012 1.376231
v -3.129244E-06 0.1043764 1.367133
v -3.129244E-06 0.1031654 1.374202
v 0.2294609 0.1126569 1.184209
v 0.2628774 0.0617303 1.209443
v 0.2554479 0.06120667 1.216218
v 0.2237988 0.1099076 1.191868
v 0.227039 0.02327356 1.185977
v 0.2331593 0.02363357 1.177434
v 0.1373611 0.03953996 1.096397
v 0.1476708 0.03283045 1.118129
v 0.1322227 0.1633216 1.117802
v 0.1400776 0.1545829 1.131613
v 0.1476708 0.03283045 1.118129
v 0.1373611 0.03953996 1.096397
v 0.1367065 0.01541856 1.194617
v 0.1441688 0.01535311 1.200868
v 0.125415 0.01407665 1.288353
v 0.1204729 0.01116377 1.28328
v 0.1061375 0.01437122 1.322621
v 0.109705 0.01826599 1.327661
v 0.09216216 0.02317536 1.347659
v 0.1057775 -0.01803064 1.192097
v 0.1079703 -0.01446316 1.181624
v 0.1084613 -0.007131815 1.182769
v 0.1127815 -0.005266279 1.143167
v 0.1131743 0.0007231832 1.144051
v 0.1218475 0.003897905 1.113743
v 0.1215857 0.0003958642 1.104448
v 0.05318174 -0.009193748 1.338462
v 0.05625829 -0.01420131 1.33568
v 0.05861479 -0.01109207 1.333552
v 0.06434238 -0.02330002 1.32321
v 0.05707651 -0.01488864 1.368998
v 0.05881116 -0.02038714 1.365954
v 0.05625829 -0.01420131 1.33568
v 0.05318174 -0.009193748 1.338462
v 0.1079703 -0.01446316 1.181624
v 0.1117669 -0.005069882 1.267865
v 0.1013263 -0.01901251 1.266556
v 0.107774 0.001541406 1.31254
v 0.08041239 -0.01983073 1.316141
v 0.09959167 0.002163261 1.329069
v 0.08617273 -0.01109207 1.328709
v 0.07573211 -0.01721239 1.329559
v 0.05625829 -0.01420131 1.33568
v 0.1036501 0.006058007 1.329199
v 0.08041239 -0.01983073 1.316141
v 0.05625829 -0.01420131 1.33568
v 0.05606189 0.001508683 1.343829
v 0.05625829 -0.01420131 1.33568
v 0.05881116 -0.02038714 1.365954
v 0.05472001 -0.002287924 1.364056
v 0.05606189 0.001508683 1.343829
v 0.05131617 0.03315774 1.361078
v 0.05472001 -0.002287924 1.364056
v 0.04882875 0.05560997 1.370864
v 0.05606189 0.001508683 1.343829
v 0.1406013 0.05469355 1.353648
v 0.1418777 0.05469355 1.364121
v 0.1267896 0.07871673 1.365987
v 0.1255132 0.07871673 1.355514
v 0.1262987 0.0309976 1.365987
v 0.1418777 0.05469355 1.364121
v 0.1406013 0.05469355 1.353648
v 0.1250222 0.0309976 1.355514
v 0.1267896 0.07871673 1.365987
v 0.1418777 0.05469355 1.364121
v 0.1195892 0.05492267 1.366838
v 0.09919894 0.05511901 1.369325
v 0.09949347 0.08218601 1.369325
v 0.1418777 0.05469355 1.364121
v 0.1262987 0.0309976 1.365987
v 0.1195892 0.05492267 1.366838
v 0.09919894 0.05511901 1.369325
v 0.09893709 0.028052 1.369325
v 0.09949347 0.08218601 1.369325
v 0.09821704 0.08221874 1.358852
v 0.1255132 0.07871673 1.355514
v 0.1267896 0.07871673 1.365987
v 0.09766066 0.02808473 1.358852
v 0.09893709 0.028052 1.369325
v 0.1262987 0.0309976 1.365987
v 0.1250222 0.0309976 1.355514
v 0.09893709 0.07672027 1.359867
v 0.09995168 0.07672027 1.368376
v 0.05170894 0.07315275 1.374267
v 0.05066159 0.07315275 1.365758
v 0.09949347 0.03351781 1.368376
v 0.09847888 0.03355053 1.359867
v 0.05030158 0.03813258 1.365758
v 0.05134889 0.03813258 1.374267
v 0.05134889 0.03813258 1.374267
v 0.05170894 0.07315275 1.374267
v 0.09995168 0.07672027 1.368376
v 0.09949347 0.03351781 1.368376
v 0.03789723 0.05577359 1.375904
v 0.05030158 0.03813258 1.365758
v 0.03684989 0.05577359 1.367394
v 0.03789723 0.05577359 1.375904
v 0.05134889 0.03813258 1.374267
v 0.03684989 0.05577359 1.367394
v 0.05066159 0.07315275 1.365758
v 0.05170894 0.07315275 1.374267
v 0.03789723 0.05577359 1.375904
v 0.147409 0.09337941 1.31673
v 0.1417795 0.08185872 1.334436
v 0.1255459 0.08941916 1.336694
v 0.1338264 0.106602 1.313457
v 0.109214 0.09409943 1.335876
v 0.1144834 0.1079766 1.30894
v 0.1163163 0.07861856 1.357543
v 0.1302589 0.07629475 1.355055
v 0.1382121 0.05508628 1.353943
v 0.1470162 0.05528268 1.339607
v 0.09910074 0.07920769 1.361536
v 0.1616134 0.05574086 1.321639
v 0.1552312 0.08385518 1.318628
v 0.1529402 0.02801928 1.318366
v 0.1413541 0.02998301 1.334632
v 0.1616134 0.05574086 1.321639
v 0.1470162 0.05528268 1.339607
v 0.1382121 0.05508628 1.353943
v 0.1295061 0.03391054 1.355055
v 0.1156944 0.03148857 1.357576
v 0.1247931 0.02091706 1.336563
v 0.1450525 0.01836419 1.316566
v 0.1316662 0.004945219 1.313195
v 0.1090831 0.01610586 1.335745
v 0.09877345 0.03096488 1.361601
v 0.1129452 0.002948761 1.308613
v 0.1338264 0.106602 1.313457
v 0.132419 0.1039182 1.312246
v 0.146198 0.09027013 1.31565
v 0.147409 0.09337941 1.31673
v 0.110916 0.104311 1.307533
v 0.1144834 0.1079766 1.30894
v 0.147409 0.09337941 1.31673
v 0.146198 0.09027013 1.31565
v 0.140634 0.07943675 1.332145
v 0.1417795 0.08185872 1.334436
v 0.1536275 0.08382246 1.31745
v 0.1596497 0.05570814 1.32033
v 0.1616134 0.05574086 1.321639
v 0.1552312 0.08385518 1.318628
v 0.1616134 0.05574086 1.321639
v 0.1596497 0.05570814 1.32033
v 0.1515983 0.02788839 1.317221
v 0.1529402 0.02801928 1.318366
v 0.1529402 0.02801928 1.318366
v 0.1515983 0.02788839 1.317221
v 0.140274 0.03230682 1.332276
v 0.1413541 0.02998301 1.334632
v 0.1450525 0.01836419 1.316566
v 0.1441033 0.02124435 1.315486
v 0.1304553 0.007465363 1.312017
v 0.1316662 0.004945219 1.313195
v 0.1094104 0.006548971 1.307271
v 0.1129452 0.002948761 1.308613
v 0.109214 0.09409943 1.335876
v 0.09910074 0.07920769 1.361536
v 0.09605694 0.07708028 1.361732
v 0.1063339 0.09020469 1.335549
v 0.110916 0.104311 1.307533
v 0.1144834 0.1079766 1.30894
v 0.1090831 0.01610586 1.335745
v 0.1129452 0.002948761 1.308613
v 0.1094104 0.006548971 1.307271
v 0.1063012 0.01918241 1.335418
v 0.09877345 0.03096488 1.361601
v 0.09582782 0.03315774 1.361765
v 0.1413541 0.02998301 1.334632
v 0.140274 0.03230682 1.332276
v 0.1441033 0.02124435 1.315486
v 0.1450525 0.01836419 1.316566
v 0.1536275 0.08382246 1.31745
v 0.1552312 0.08385518 1.318628
v 0.1417795 0.08185872 1.334436
v 0.140634 0.07943675 1.332145
v 0.1077085 0.006123483 1.294768
v 0.1022427 0.01541856 1.325665
v 0.1272478 0.02841201 1.322555
v 0.1298662 0.02376449 1.294376
v 0.1162508 0.0006577075 1.202996
v 0.133139 0.03466329 1.202799
v 0.1313062 -0.02411824 1.07473
v 0.1508455 0.01122922 1.077021
v 0.2105762 -0.05233079 0.9072225
v 0.1857348 -0.08699095 0.9007748
v 0.2556115 -0.1558204 0.6439819
v 0.2924646 -0.1291461 0.6542262
v 0.09910074 0.02458271 1.344844
v 0.05291989 0.06258127 1.37538
v 0.05691287 0.05557725 1.374889
v 0.04100651 0.05574086 1.37682
v 0.05275625 0.04863867 1.37538
v 0.04483581 0.06258127 1.376362
v 0.04470488 0.04880229 1.376362
v 0.05291989 0.06258127 1.37538
v 0.0526908 0.06258127 1.373547
v 0.05668375 0.05557725 1.373056
v 0.05691287 0.05557725 1.374889
v 0.05275625 0.04863867 1.37538
v 0.05691287 0.05557725 1.374889
v 0.05668375 0.05557725 1.373056
v 0.05252716 0.04863867 1.373547
v 0.04460672 0.06261399 1.374529
v 0.04483581 0.06258127 1.376362
v 0.04100651 0.05574086 1.37682
v 0.04077739 0.05574086 1.37502
v 0.04077739 0.05574086 1.37502
v 0.04100651 0.05574086 1.37682
v 0.04470488 0.04880229 1.376362
v 0.04447579 0.04880229 1.374529
v 0.04460672 0.06261399 1.374529
v 0.0526908 0.06258127 1.373547
v 0.05291989 0.06258127 1.37538
v 0.04483581 0.06258127 1.376362
v 0.05252716 0.04863867 1.373547
v 0.04447579 0.04880229 1.374529
v 0.04470488 0.04880229 1.376362
v 0.05275625 0.04863867 1.37538
v 0.3611958 0.1027727 0.9614546
v 0.4047256 0.1110531 0.9828595
v 0.3645669 0.09256116 1.035095
v 0.3468277 0.08991012 1.021087
v 0.3407073 0.08375701 1.047009
v 0.3737965 0.08280787 1.042852
v 0.3559264 0.07760397 1.061246
v 0.3757603 0.05577359 1.044456
v 0.4160826 0.0883064 0.9916637
v 0.4174244 0.05276254 0.9915655
v 0.3982124 0.01502579 0.9791284
v 0.3645341 0.04009631 1.035259
v 0.3503951 0.04687127 1.055485
v 0.3569737 0.06238487 1.061868
v 0.3646323 0.01541856 0.9639094
v 0.3492496 0.04078367 1.023182
v 0.3645341 0.04009631 1.035259
v 0.3982124 0.01502579 0.9791284
v 0.3503951 0.04687127 1.055485
v 0.3365834 0.05505356 1.042917
v 0.3371071 0.06231943 1.015294
v 0.3371726 0.06290856 0.9539925
v 0.3371071 0.06231943 1.015294
v 0.3468277 0.08991012 1.021087
v 0.3407073 0.08375701 1.047009
v 0.3365834 0.05505356 1.042917
v 0.3371726 0.06290856 0.9539925
v 0.3611958 0.1027727 0.9614546
v 0.4238066 0.04170009 0.97507
v 0.4308434 0.04294375 0.9633857
v 0.4129406 0.04242012 0.9646294
v 0.4259995 0.04876956 0.9771646
v 0.4319235 0.04975143 0.9650222
v 0.4113041 0.04487482 0.9929401
v 0.3972633 0.0345324 0.9886199
v 0.4276032 0.05655912 0.9626002
v 0.3967069 0.03806713 0.9700297
v 0.3939576 0.04713312 1.012152
v 0.3860372 0.03770712 1.005868
v 0.3774294 0.02988485 0.9992241
v 0.3826334 0.0258919 0.9852815
v 0.3960851 0.06369403 1.015261
v 0.4123187 0.06438139 0.9955257
v 0.4246249 0.06703243 0.9790629
v 0.3661706 0.03053942 0.9946094
v 0.3707527 0.02612099 0.9823031
v 0.3880991 0.03044125 0.9636148
v 0.3860045 0.02052429 0.9687532
v 0.3765457 0.02000064 0.9661677
v 0.4205337 0.08126959 0.9800775
v 0.4052819 0.08729175 0.9968677
v 0.3927794 0.08454254 1.014803
v 0.3833534 0.09495041 1.009828
v 0.4273414 0.07226911 0.9649894
v 0.4315634 0.06346497 0.9665604
v 0.4168026 0.08840457 0.9796194
v 0.4120569 0.09560499 0.9801103
v 0.4179481 0.09606317 0.9699969
v 0.4203373 0.08883002 0.9665277
v 0.4274396 0.08176056 0.9684588
v 0.4123514 0.1019217 0.9678369
v 0.4058056 0.1015944 0.9773611
v 0.3930413 0.09936884 0.9951329
v 0.4084567 0.05649367 0.9603746
v 0.4062638 0.07364371 0.9613237
v 0.3837789 0.07112357 0.9807976
v 0.3928776 0.05308983 0.9706515
v 0.3967069 0.03806713 0.9700297
v 0.4129406 0.04242012 0.9646294
v 0.4191591 0.05583903 0.9557925
v 0.4222029 0.04448202 0.9574289
v 0.4203046 0.06464317 0.9553671
v 0.3844989 0.09380487 0.987278
v 0.4007653 0.09589955 0.9681314
v 0.4113368 0.08630988 0.9591963
v 0.4081294 0.09658685 0.9615529
v 0.3716036 0.07059988 0.9956566
v 0.3666615 0.05744281 0.9900272
v 0.3795241 0.05191156 0.9731717
v 0.3626031 0.04408929 0.9878343
v 0.3705236 0.0401291 0.9748409
v 0.3744511 0.09053198 1.00217
v 0.3880991 0.03044125 0.9636148
v 0.3772003 0.02923027 0.9620438
v 0.4168681 0.0757384 0.957298
v 0.3930413 0.09936884 0.9951329
v 0.3844989 0.09380487 0.987278
v 0.4007653 0.09589955 0.9681314
v 0.4058056 0.1015944 0.9773611
v 0.4123514 0.1019217 0.9678369
v 0.4081294 0.09658685 0.9615529
v 0.3744511 0.09053198 1.00217
v 0.3833534 0.09495041 1.009828
v 0.4203373 0.08883002 0.9665277
v 0.4081294 0.09658685 0.9615529
v 0.4113368 0.08630988 0.9591963
v 0.4168681 0.0757384 0.957298
v 0.4203046 0.06464317 0.9553671
v 0.4273414 0.07226911 0.9649894
v 0.4168681 0.0757384 0.957298
v 0.4203046 0.06464317 0.9553671
v 0.4191591 0.05583903 0.9557925
v 0.4276032 0.05655912 0.9626002
v 0.4222029 0.04448202 0.9574289
v 0.4315634 0.06346497 0.9665604
v 0.4273414 0.07226911 0.9649894
v 0.4427896 0.07249817 0.9391334
v 0.4477644 0.06572327 0.9412935
v 0.4603324 0.06765428 0.9244053
v 0.4564376 0.07377461 0.9222451
v 0.4679255 0.06899616 0.9158957
v 0.4652417 0.07442924 0.914292
v 0.4725731 0.07145086 0.9096445
v 0.4315634 0.06346497 0.9665604
v 0.4477644 0.06572327 0.9412935
v 0.4413167 0.06107572 0.936646
v 0.4276032 0.05655912 0.9626002
v 0.4555866 0.06392315 0.9195286
v 0.4603324 0.06765428 0.9244053
v 0.4648163 0.06605056 0.9120663
v 0.4679255 0.06899616 0.9158957
v 0.4725731 0.07145086 0.9096445
v 0.4652417 0.07442924 0.914292
v 0.4616088 0.07030532 0.9099391
v 0.4725731 0.07145086 0.9096445
v 0.4515937 0.06879982 0.9169757
v 0.4564376 0.07377461 0.9222451
v 0.4364728 0.06663969 0.9339622
v 0.4427896 0.07249817 0.9391334
v 0.4273414 0.07226911 0.9649894
v 0.4203046 0.06464317 0.9553671
v 0.4616088 0.07030532 0.9099391
v 0.4648163 0.06605056 0.9120663
v 0.4725731 0.07145086 0.9096445
v 0.4555866 0.06392315 0.9195286
v 0.4515937 0.06879982 0.9169757
v 0.4364728 0.06663969 0.9339622
v 0.4413167 0.06107572 0.936646
v 0.4276032 0.05655912 0.9626002
v 0.4203046 0.06464317 0.9553671
v 0.3626031 0.04408929 0.9878343
v 0.3661706 0.03053942 0.9946094
v 0.3707527 0.02612099 0.9823031
v 0.3705236 0.0401291 0.9748409
v 0.3772003 0.02923027 0.9620438
v 0.3765457 0.02000064 0.9661677
v 0.4203373 0.08883002 0.9665277
v 0.4253776 0.09027013 0.949214
v 0.4210901 0.09609589 0.9468902
v 0.4081294 0.09658685 0.9615529
v 0.4430514 0.09658685 0.9250271
v 0.4444914 0.09171018 0.9262708
v 0.4491063 0.09478673 0.9247653
v 0.4210901 0.09609589 0.9468902
v 0.4255413 0.1005143 0.9508505
v 0.4123514 0.1019217 0.9678369
v 0.4081294 0.09658685 0.9615529
v 0.4430514 0.09658685 0.9250271
v 0.4462916 0.0984197 0.92794
v 0.4491063 0.09478673 0.9247653
v 0.4491063 0.09478673 0.9247653
v 0.4473062 0.09367397 0.9287255
v 0.4462916 0.0984197 0.92794
v 0.4444914 0.09171018 0.9262708
v 0.4293706 0.09531042 0.9527488
v 0.4255413 0.1005143 0.9508505
v 0.4179481 0.09606317 0.9699969
v 0.4253776 0.09027013 0.949214
v 0.4203373 0.08883002 0.9665277
v 0.4123514 0.1019217 0.9678369
v 0.3880991 0.03044125 0.9636148
v 0.3772003 0.02923027 0.9620438
v 0.3812915 0.02157164 0.9493777
v 0.3899647 0.02268443 0.9519305
v 0.3917648 0.0132257 0.9402462
v 0.3842698 0.01283297 0.938446
v 0.3886228 0.003996074 0.9351732
v 0.3772003 0.02923027 0.9620438
v 0.3765457 0.02000064 0.9661677
v 0.3808987 0.01345479 0.9526505
v 0.3812915 0.02157164 0.9493777
v 0.3842698 0.01283297 0.938446
v 0.3840407 0.007759929 0.94221
v 0.3886228 0.003996074 0.9351732
v 0.3808987 0.01345479 0.9526505
v 0.3765457 0.02000064 0.9661677
v 0.3860045 0.02052429 0.9687532
v 0.388721 0.01443669 0.9552689
v 0.3899647 0.02268443 0.9519305
v 0.3880991 0.03044125 0.9636148
v 0.3840407 0.007759929 0.94221
v 0.3907502 0.007563561 0.9441737
v 0.3886228 0.003996074 0.9351732
v 0.3917648 0.0132257 0.9402462
v 0.4450151 0.05374441 0.9443374
v 0.4319235 0.04975143 0.9650222
v 0.4276032 0.05655912 0.9626002
v 0.4376183 0.05767187 0.9408026
v 0.4444914 0.04706767 0.9431263
v 0.4308434 0.04294375 0.9633857
v 0.4359819 0.04857317 0.9383479
v 0.4222029 0.04448202 0.9574289
v 0.4607579 0.05786827 0.9237834
v 0.4606924 0.05217341 0.9226706
v 0.4656018 0.0577046 0.9126555
v 0.4551612 0.05371168 0.9174994
v 0.4563721 0.06058481 0.9196923
v 0.4168681 0.0757384 0.957298
v 0.4273414 0.07226911 0.9649894
v 0.436931 0.07550928 0.9404098
v 0.4307125 0.07940403 0.9373006
v 0.4499572 0.07714573 0.9233252
v 0.4449824 0.08090958 0.9200196
v 0.453852 0.08215329 0.9125246
v 0.4577141 0.0784876 0.9154702
v 0.4625907 0.08333156 0.9113791
v 0.4203373 0.08883002 0.9665277
v 0.4168681 0.0757384 0.957298
v 0.4307125 0.07940403 0.9373006
v 0.4353928 0.08716086 0.9415554
v 0.4449824 0.08090958 0.9200196
v 0.4493681 0.08719358 0.924438
v 0.453852 0.08215329 0.9125246
v 0.4579431 0.08706269 0.9162885
v 0.4625907 0.08333156 0.9113791
v 0.4625907 0.08333156 0.9113791
v 0.4610851 0.08195689 0.9186122
v 0.4579431 0.08706269 0.9162885
v 0.4577141 0.0784876 0.9154702
v 0.4493681 0.08719358 0.924438
v 0.4542775 0.08195689 0.9273837
v 0.4353928 0.08716086 0.9415554
v 0.4420695 0.08189145 0.9444028
v 0.4203373 0.08883002 0.9665277
v 0.4274396 0.08176056 0.9684588
v 0.436931 0.07550928 0.9404098
v 0.4273414 0.07226911 0.9649894
v 0.4499572 0.07714573 0.9233252
v 0.4376183 0.05767187 0.9408026
v 0.4276032 0.05655912 0.9626002
v 0.4222029 0.04448202 0.9574289
v 0.4359819 0.04857317 0.9383479
v 0.4563721 0.06058481 0.9196923
v 0.4551612 0.05371168 0.9174994
v 0.4656018 0.0577046 0.9126555
v 0.4246249 0.06703243 0.9790629
v 0.4315634 0.06346497 0.9665604
v 0.4276032 0.05655912 0.9626002
v 0.4222029 0.04448202 0.9574289
v 0.0526908 0.06706515 0.07544383
v 0.07560122 0.09409943 0.07564017
v 0.07759768 0.06785068 0.07541111
v 0.05246171 0.09406671 0.07564017
v 0.06421146 0.1412294 0.0757384
v 0.07759768 0.06785068 0.07541111
v 0.07560122 0.09409943 0.07564017
v 0.06185496 0.06745788 0.005010694
v 0.06074217 0.131607 0.005337983
v 0.06421146 0.1412294 0.0757384
v 0.06421146 0.1412294 0.0757384
v 0.05246171 0.09406671 0.07564017
v 0.06074217 0.131607 0.005337983
v 0.06185496 0.06745788 0.005010694
v 0.0526908 0.06706515 0.07544383
v 0.0526908 0.06706515 0.07544383
v 0.07759768 0.06785068 0.07541111
v 0.06185496 0.06745788 0.005010694
v 0.1265278 0.02320808 0.7778442
v 0.1169709 0.0291321 0.7095385
v 0.0777286 -0.02061623 0.7072474
v 0.0840126 -0.03622803 0.777124
v 0.02005985 0.001639575 0.7766659
v 0.02015802 0.01257113 0.7095385
v 0.1133707 0.07351282 0.7777786
v 0.1042719 0.07406917 0.7116657
v 0.05439273 0.07861856 0.7768623
v 0.0504325 0.08130231 0.7124186
v 0.02005985 0.001639575 0.7766659
v 0.02015802 0.01257113 0.7095385
v 0.07416111 -0.005233526 0.6315122
v 0.1110796 0.04111096 0.6384507
v 0.1012281 0.08352789 0.6452911
v 0.05265808 0.09360847 0.646993
v 0.02330002 0.02985212 0.6372725
v 0.03576982 0.0561991 0.5027883
v 0.06712437 0.1135733 0.5157163
v 0.1170363 0.0554463 0.5008246
v 0.1071194 0.09812513 0.5131634
v 0.0894129 0.07855311 0.3383898
v 0.09432229 0.05246797 0.3384553
v 0.0815579 0.01839691 0.4978789
v 0.07281923 0.02599007 0.3396663
v 0.04424667 0.05256614 0.3407136
v 0.03576982 0.0561991 0.5027883
v 0.05229804 0.02229169 0.1883267
v 0.03550801 0.04811499 0.1874103
v 0.08712187 0.04791859 0.1869847
v 0.0839144 0.07632753 0.1881957
v 0.06745166 0.08863369 0.339208
v 0.04424667 0.05256614 0.3407136
v 0.04696321 0.07442924 0.1891122
v 0.02330002 0.02985212 0.6372725
v 0.08564904 0.03037581 0.1440441
v 0.05049795 0.01653135 0.1531428
v 0.03256238 0.03145584 0.1437823
v 0.06741893 0.08189145 0.1889485
v 0.03550801 0.04811499 0.1874103
v 0.1265278 0.02320808 0.7778442
v 0.0840126 -0.03622803 0.777124
v 0.08839831 -0.04804325 0.8645437
v 0.1349719 0.01119649 0.8663111
v 0.1207347 0.06742516 0.8666711
v 0.1133707 0.07351282 0.7777786
v 0.06398237 0.08159688 0.8643146
v 0.05439273 0.07861856 0.7768623
v 0.01966709 -9.506941E-05 0.8574414
v 0.01966709 -9.506941E-05 0.8574414
v 0.02005985 0.001639575 0.7766659
v 0.02005985 0.001639575 0.7766659
v 0.09150758 0.01535311 0.009429127
v 0.03200597 0.018626 0.009985507
v 0.02117264 -0.03557345 0.003210574
v 0.06902266 -0.05616009 0.003210574
v 0.04074466 -0.08090332 0.003210574
v 0.05049795 0.01653135 0.1531428
v 0.08564904 0.03037581 0.1440441
v 0.0722301 -0.003171593 0.1040164
v 0.04303572 -0.005397171 0.1121005
v 0.03855181 -0.03527889 0.05603543
v 0.07331017 -0.02762029 0.05269703
v 0.09137666 0.01839691 0.07626203
v 0.08974019 -0.01017565 0.04595485
v 0.03256238 0.03145584 0.1437823
v 0.02663839 0.01460034 0.0788804
v 0.02863488 0.04906413 0.115537
v 0.02113989 -0.00235337 0.05050418
v 0.01789972 -0.03629351 0.0133239
v 0.07226282 -0.05638918 0.0133239
v 0.03678444 0.03505602 0.07384011
v 0.03917366 0.06130484 0.09128472
v 0.09530416 0.008970916 0.01823327
v 0.08790737 0.03335413 0.0724
v 0.0917694 0.06176302 0.09331396
v 0.09559873 0.05040601 0.1125587
v 0.04136652 -0.06879354 0.02441907
v 0.02516559 0.01368392 0.01859328
v 0.04696321 0.07442924 0.1891122
v 0.03550801 0.04811499 0.1874103
v 0.03092593 0.07655659 0.150819
v 0.06741893 0.08189145 0.1889485
v 0.03256238 0.03145584 0.1437823
v 0.02863488 0.04906413 0.115537
v 0.04087558 0.08336428 0.1031
v 0.03917366 0.06130484 0.09128472
v 0.04225022 0.06569055 0.08532801
v 0.04225022 0.06569055 0.08532801
v 0.03917366 0.06130484 0.09128472
v 0.03678444 0.03505602 0.07384011
v 0.04300296 0.04206011 0.06981441
v 0.02516559 0.01368392 0.01859328
v 0.03200597 0.018626 0.009985507
v 0.01789972 -0.03629351 0.0133239
v 0.02117264 -0.03557345 0.003210574
v 0.04074466 -0.08090332 0.003210574
v 0.03973007 -0.08240888 0.0133239
v 0.06902266 -0.05616009 0.003210574
v 0.07226282 -0.05638918 0.0133239
v 0.09150758 0.01535311 0.009429127
v 0.09530416 0.008970916 0.01823327
v 0.04136652 -0.06879354 0.02441907
v 0.0870564 0.03989998 0.06758884
v 0.08790737 0.03335413 0.0724
v 0.0917694 0.06176302 0.09331396
v 0.08875832 0.06670514 0.0847716
v 0.08833286 0.08385518 0.1024454
v 0.0917694 0.06176302 0.09331396
v 0.09559873 0.05040601 0.1125587
v 0.09828252 0.0778003 0.1487899
v 0.08875832 0.06670514 0.0847716
v 0.08564904 0.03037581 0.1440441
v 0.08712187 0.04791859 0.1869847
v 0.0839144 0.07632753 0.1881957
v 0.06741893 0.08189145 0.1889485
v 0.04300296 0.04206011 0.06981441
v 0.0870564 0.03989998 0.06758884
v 0.08875832 0.06670514 0.0847716
v 0.04225022 0.06569055 0.08532801
v 0.09150758 0.01535311 0.009429127
v 0.03200597 0.018626 0.009985507
v 0.06872809 0.09102288 0.1992255
v 0.07010272 0.09599772 0.2401042
v 0.05710924 0.08745542 0.2350639
v 0.08083788 0.08169511 0.2338529
v 0.08378351 0.07744029 0.1981454
v 0.06735346 0.09832147 0.1748095
v 0.05118525 0.08254603 0.1994546
v 0.04935244 0.09095743 0.170162
v 0.06892446 0.1192027 0.1573322
v 0.03092593 0.07655659 0.150819
v 0.06578246 0.1047364 0.1084348
v 0.04087558 0.08336428 0.1031
v 0.09828252 0.0778003 0.1487899
v 0.08833286 0.08385518 0.1024454
v 0.06421146 0.0961614 0.08257875
v 0.04804325 0.08382246 0.08248058
v 0.04225022 0.06569055 0.08532801
v 0.07962689 0.08382246 0.08248058
v 0.08875832 0.06670514 0.0847716
v 0.08286709 0.09000829 0.1680673
v 0.05710924 0.08745542 0.2350639
v 0.07010272 0.09599772 0.2401042
v 0.08083788 0.08169511 0.2338529
v 0.08378351 0.07744029 0.1981454
v 0.05118525 0.08254603 0.1994546
v 0.09828252 0.0778003 0.1487899
v 0.03092593 0.07655659 0.150819
v 0.07962689 0.08382246 0.08248058
v 0.04804325 0.08382246 0.08248058
v 0.04225022 0.06569055 0.08532801
v 0.08875832 0.06670514 0.0847716
v 0.06421146 0.0961614 0.08257875
v 0.07681218 0.01757869 0.1918941
v 0.08938017 0.0361034 0.1553357
v 0.05406544 -0.01662329 0.1563176
v 0.0947805 0.04516938 0.1672163
v 0.05062887 -0.03511524 0.09963068
v 0.1019809 0.04340199 0.1244721
v 0.07681218 0.01757869 0.1918941
v 0.05406544 -0.01662329 0.1563176
v 0.04041737 0.0210807 0.1929415
v 0.04041737 0.0210807 0.1929415
v 0.05406544 -0.01662329 0.1563176
v 0.02938765 0.04186371 0.1570703
v 0.02654022 0.05171517 0.1692128
v 0.05062887 -0.03511524 0.09963068
v 0.01668873 0.05158427 0.1269267
v 0.09062389 0.00743264 1.483976
v 0.09697333 0.0256955 1.505184
v 0.09733337 0.02834657 1.499947
v 0.09193304 0.01316026 1.482961
v 0.09294766 0.0211789 1.467055
v 0.09203124 0.01859328 1.461687
v 0.09923166 0.04333654 1.470033
v 0.09955895 0.04595485 1.464764
v 0.2754454 0.08696446 1.127784
v 0.3140003 0.08529529 1.086709
v 0.327452 0.07541111 1.099244
v 0.2950174 0.06339946 1.144509
v 0.2869333 0.03957269 1.135607
v 0.3250628 0.05099514 1.09607
v 0.2574771 0.07871673 1.106641
v 0.3000904 0.07917497 1.071916
v 0.3031343 0.05197701 1.075221
v 0.2625828 0.04870412 1.113154
v 0.2625828 0.04870412 1.113154
v 0.3031343 0.05197701 1.075221
v 0.3559264 0.07760397 1.061246
v 0.3512788 0.05001327 1.056337
v 0.3365834 0.05505356 1.042917
v 0.3407073 0.08375701 1.047009
v 0.3365834 0.05505356 1.042917
v -0.06025746 -0.117069 0.9039823
v 0.003858924 -0.125415 0.9003166
v -0.0804514 -0.1429905 0.8236322
v -0.1519319 -0.1130761 0.825596
v -0.009985507 -0.1481617 0.8155154
v -0.02723378 -0.1555258 0.7466533
v -0.08748814 -0.1457725 0.7402056
v -0.1169444 -0.1457725 0.7565702
v -0.1460406 -0.1360192 0.7444277
v -0.08748814 -0.1457725 0.7402056
v -0.1203482 -0.157195 0.7190953
v -0.09265932 -0.1482599 0.7160188
v -0.1860683 -0.1157926 0.732776
v -0.2425261 -0.08145973 0.7274413
v -0.2060986 -0.06097129 0.8233049
v -0.248221 0.01790598 0.8271015
v -0.3089009 0.02772471 0.722761
v -0.2338856 0.1102022 0.8261851
v -0.3038279 0.1425713 0.7070837
v -0.2001419 -0.112487 0.7011597
v -0.2919144 -0.03570437 0.70728
v -0.2845831 0.1697693 0.7000142
v -0.2070477 0.16666 0.8204902
v -0.3260509 0.1427023 0.6693143
v -0.2780373 0.1855447 0.6979851
v -0.2612145 0.2102225 0.6914392
v -0.1504917 0.2006328 0.8134534
v -0.1896358 0.2675312 0.6788712
v -0.09779784 0.3035006 0.6647977
v -0.07757124 0.2274707 0.8090023
v -0.1635834 0.2883797 0.6544553
v -0.1863629 0.2894597 0.62657
v -0.1369746 0.3102427 0.6364214
v -0.03597245 0.312992 0.6739291
v 0.003858924 0.2468464 0.8084786
v 0.002517015 0.3187523 0.664994
v -0.02042612 0.3284729 0.6365851
v -0.1447642 0.3091627 0.6350142
v -0.1585104 0.3181305 0.6099763
v -0.1286614 0.3274583 0.615082
v -0.1529464 0.3371789 0.5826148
v -0.1720276 0.3171486 0.5986848
v -0.1995527 0.2884451 0.6096491
v -0.2041349 0.2776445 0.6519679
v -0.2272416 0.2404315 0.6757946
v -0.2750262 0.218732 0.6718345
v -0.2789537 0.197229 0.6891154
v -0.2936163 0.2146736 0.654848
v -0.2803937 0.2299909 0.6511168
v -0.2836667 0.2349657 0.637567
v 0.003858924 -0.125415 0.9003166
v 0.05868024 -0.1407322 0.833811
v -0.009985507 -0.1481617 0.8155154
v -0.02723378 -0.1555258 0.7466533
v 0.06797531 -0.1019809 0.9039823
v 0.1596497 -0.1130761 0.825596
v 0.1016863 -0.1404049 0.8112606
v 0.1628244 -0.1230585 0.772182
v 0.192968 -0.1035846 0.7610214
v 0.2138164 -0.06097129 0.8233049
v 0.2319811 -0.0894129 0.7339871
v 0.2350904 -0.1048283 0.7057091
v 0.2635647 -0.09628603 0.6933374
v 0.2680486 -0.06928447 0.7307142
v 0.2908281 -0.07635397 0.672489
v 0.2960975 -0.05066159 0.6817514
v 0.2964575 -0.03694808 0.7099311
v 0.2559061 0.01790598 0.8271015
v 0.3119711 0.02527004 0.7307142
v 0.3254555 0.06490502 0.7181462
v 0.2414398 0.1102022 0.8261851
v 0.3115457 0.1425713 0.7070837
v 0.2147655 0.16666 0.8204902
v 0.2689323 0.2102225 0.6914392
v 0.358152 0.07279274 0.6680706
v 0.3163896 0.01312751 0.7147751
v 0.3489878 0.09416488 0.6596591
v 0.3594939 0.08758631 0.6478767
v 0.3348815 0.1339636 0.6816205
v 0.3345215 0.1587395 0.6626048
v 0.3523589 0.1100058 0.6515751
v 0.3054253 0.1857083 0.6726199
v 0.3229354 0.2032839 0.6385162
v 0.3100401 0.2338856 0.6094199
v 0.2582299 0.2357185 0.6453893
v 0.2679831 0.2525086 0.6025796
v 0.2307701 0.2450136 0.6745182
v 0.2486075 0.2504793 0.6362251
v 0.2412107 0.254145 0.6422145
v 0.1986628 0.2635383 0.6884282
v 0.1582096 0.2006328 0.8134534
v 0.1450525 0.2569924 0.7329725
v 0.08528903 0.2274707 0.8090023
v 0.1055157 0.3035006 0.6647977
v 0.05327994 0.3197015 0.6603465
v 0.003858924 0.2468464 0.8084786
v 0.143907 0.2876923 0.6766129
v 0.1623662 0.2723424 0.6897373
v 0.1377211 0.3056279 0.6510187
v 0.1216184 0.3416627 0.5936772
v 0.1509437 0.3311239 0.6000594
v 0.1579805 0.3450993 0.5678211
v 0.157195 0.3055952 0.636847
v 0.04316661 0.3291275 0.6320357
v 0.1095413 0.3196033 0.6200569
v 0.002517015 0.3187523 0.664994
v -0.201222 -0.1415832 0.6846642
v -0.1830246 -0.1415177 0.6948757
v 0.1095413 0.3196033 0.6200569
v 0.1216184 0.3416627 0.5936772
v 0.1055157 0.3035006 0.6647977
v -0.2591526 0.220663 0.6576627
v -0.2272416 0.2404315 0.6757946
v -0.2750262 0.218732 0.6718345
v -0.3490595 0.07528016 0.6530151
vt 0.2011502 0.8991209
vt 0.1730375 0.9107537
vt 0.2195688 0.9117231
vt 0.222477 0.8903962
vt 0.2690084 0.9020291
vt 0.2331405 0.8739164
vt 0.2690084 0.872947
vt 0.2942129 0.9020291
vt 0.2942129 0.872947
vt 0.2690084 0.8584059
vt 0.2942129 0.8506507
vt 0.2457427 0.9369276
vt 0.2932435 0.9369276
vt 0.2932435 0.9272336
vt 0.2457427 0.9272336
vt 0.1866091 0.9369276
vt 0.1866091 0.9272336
vt 0.1449247 0.9320806
vt 0.1449247 0.9369276
vt 0.1187508 0.9320806
vt 0.1429859 0.8545283
vt 0.1080874 0.8545283
vt 0.1206896 0.837079
vt 0.1429859 0.837079
vt 0.1807927 0.8545283
vt 0.1807927 0.837079
vt 0.21763 0.8545283
vt 0.21763 0.837079
vt 0.09451575 0.837079
vt 0.06834184 0.8671305
vt 0.06543363 0.837079
vt 0.01211642 0.8748857
vt 0.01405523 0.837079
vt 0.5792176 0.8244768
vt 0.5947281 0.8428954
vt 0.5947281 0.8671305
vt 0.5792176 0.8855492
vt 0.5549825 0.8196297
vt 0.5549825 0.8913656
vt 0.524931 0.8545283
vt 0.5191146 0.8690693
vt 0.5191146 0.8390178
vt 0.5036041 0.8332014
vt 0.5036041 0.8748857
vt 0.04701496 0.9853978
vt 0.07803588 0.9853978
vt 0.07803588 0.9524381
vt 0.04701496 0.9524381
vt 0.01793285 0.9524381
vt 0.01793285 0.9853978
vt 0.1139038 0.9572851
vt 0.1129344 0.9853978
vt 0.1584964 0.9853978
vt 0.1652822 0.9524381
vt 0.1933949 0.9853978
vt 0.2001808 0.9524381
vt 0.2234464 0.9524381
vt 0.2234464 0.9853978
vt 0.1749763 0.8797328
vt 0.1701292 0.8991209
vt 0.1381389 0.9068761
vt 0.1914561 0.8836104
vt 0.1371695 0.8797328
vt 0.1827315 0.8651917
vt 0.1371695 0.8651917
vt 0.1051792 0.8651917
vt 0.1100262 0.8797328
vt 0.09936277 0.8845798
vt 0.1139038 0.9010597
vt 0.09063813 0.8651917
vt 0.2069666 0.8651917
vt 0.3707958 0.9698873
vt 0.3707958 0.9853978
vt 0.414419 0.9892754
vt 0.414419 0.9698873
vt 0.4250824 0.9698873
vt 0.414419 0.9504992
vt 0.3707958 0.9553463
vt 0.3514077 0.9708567
vt 0.4502869 0.8312626
vt 0.4502869 0.7992722
vt 0.469675 0.8264156
vt 0.4822773 0.7992722
vt 0.5006959 0.8186603
vt 0.5142676 0.7992722
vt 0.5229922 0.8380484
vt 0.5472273 0.8196297
vt 0.5472273 0.8816716
vt 0.5520743 0.7992722
vt 0.5666153 0.8109051
vt 0.5927892 0.7992722
vt 0.5927892 0.8157521
vt 0.5927892 0.832232
vt 0.4425317 0.8933044
vt 0.464828 0.8913656
vt 0.4570728 0.8816716
vt 0.4890631 0.9204478
vt 0.4822773 0.8923351
vt 0.5055429 0.8787634
vt 0.5540131 0.897182
vt 0.5607989 0.9223865
vt 0.6082997 0.9088149
vt 0.2108442 0.3814593
vt 0.2108442 0.4318683
vt 0.2806413 0.4318683
vt 0.2748249 0.3814593
vt 0.09936277 0.3814593
vt 0.1003322 0.4318683
vt 0.007269404 0.4318683
vt 0.007269404 0.3814593
vt 0.2670696 0.3368667
vt 0.303907 0.3523771
vt 0.3058458 0.3814593
vt 0.2292629 0.3368667
vt 0.1924255 0.3368667
vt 0.1555882 0.3368667
vt 0.1129344 0.3494689
vt 0.1177814 0.3368667
vt 0.08385231 0.3436525
vt 0.06834184 0.3368667
vt 0.05477019 0.3455913
vt 0.02859629 0.3552854
vt 0.007269404 0.3484995
vt 0.1362001 0.3271727
vt 0.1730375 0.3271727
vt 0.2108442 0.3271727
vt 0.2476815 0.3271727
vt 0.3058458 0.4318683
vt 0.3058458 0.4483481
vt 0.2787025 0.4483481
vt 0.2108442 0.4483481
vt 0.1003322 0.4483481
vt 0.007269404 0.4483481
vt 0.2108442 0.4551339
vt 0.2787025 0.4551339
vt 0.1013016 0.4551339
vt 0.007269404 0.4551339
vt 0.3271727 0.4396235
vt 0.3271727 0.4483481
vt 0.2845189 0.3271727
vt 0.303907 0.3368667
vt 0.6102386 0.7323834
vt 0.6616169 0.7857006
vt 0.6519229 0.7323834
vt 0.6296266 0.7857006
vt 0.690699 0.7857006
vt 0.690699 0.7323834
vt 0.6073303 0.5840646
vt 0.690699 0.6383513
vt 0.5637072 0.6209019
vt 0.524931 0.5055429
vt 0.6693721 0.3921227
vt 0.6693721 0.359163
vt 0.6286572 0.3465607
vt 0.6286572 0.3863063
vt 0.7120259 0.359163
vt 0.7120259 0.3213562
vt 0.6693721 0.3213562
vt 0.6286572 0.3165092
vt 0.666464 0.2864577
vt 0.6373819 0.2893659
vt 0.6635557 0.263192
vt 0.6936073 0.2699778
vt 0.6887602 0.2573756
vt 0.6373819 0.263192
vt 0.7120259 0.272886
vt 0.7120259 0.2913047
vt 0.7120259 0.3940615
vt 0.6170244 0.2913047
vt 0.6170244 0.3252338
vt 0.6887602 0.248651
vt 0.6625863 0.2253853
vt 0.6887602 0.2234464
vt 0.6373819 0.2253853
vt 0.6170244 0.2641614
vt 0.6170244 0.2360487
vt 0.6170244 0.2011502
vt 0.6383513 0.1904867
vt 0.6170244 0.1875785
vt 0.6868214 0.1788539
vt 0.671311 0.1885479
vt 0.6567699 0.162374
vt 0.6732498 0.15268
vt 0.6548311 0.1371695
vt 0.6722804 0.1352307
vt 0.6558005 0.1265061
vt 0.6819744 0.1449247
vt 0.6344736 0.1584964
vt 0.6344736 0.1197202
vt 0.5840646 0.2360487
vt 0.5840646 0.2641614
vt 0.5840646 0.2913047
vt 0.5840646 0.3116622
vt 0.5840646 0.323295
vt 0.5598295 0.3116622
vt 0.5598295 0.323295
vt 0.5598295 0.2913047
vt 0.5598295 0.2641614
vt 0.5598295 0.2350793
vt 0.5598295 0.1972726
vt 0.5840646 0.1972726
vt 0.8719776 0.6325348
vt 0.8719776 0.5530437
vt 0.8041193 0.5530437
vt 0.8167216 0.6189632
vt 0.7333528 0.5530437
vt 0.8719776 0.4473787
vt 0.8070275 0.4473787
vt 0.736261 0.4774303
vt 0.7333528 0.424113
vt 0.7992722 0.3785511
vt 0.8719776 0.3649794
vt 0.8719776 0.3329891
vt 0.7294752 0.6024833
vt 0.7740678 0.6286572
vt 0.9156007 0.7275364
vt 0.9156007 0.7411081
vt 0.8884574 0.7411081
vt 0.8884574 0.7246282
vt 0.9156007 0.7120259
vt 0.8884574 0.7062095
vt 0.9156007 0.6994237
vt 0.8884574 0.6916685
vt 0.9156007 0.6751886
vt 0.8884574 0.6751886
vt 0.9921836 0.9320806
vt 0.9921836 0.8787634
vt 0.9669791 0.8845798
vt 0.9669791 0.9320806
vt 0.9698873 0.7895783
vt 0.9534075 0.7983029
vt 0.9272336 0.731414
vt 0.9553463 0.7159035
vt 0.9524381 0.6732498
vt 0.9223865 0.6703416
vt 0.9223865 0.64029
vt 0.9524381 0.64029
vt 0.9921836 0.7847312
vt 0.9921836 0.6364124
vt 0.9921836 0.6693721
vt 0.9921836 0.7129954
vt 0.6092691 0.4318683
vt 0.5530437 0.4182966
vt 0.5530437 0.4919713
vt 0.64029 0.4774303
vt 0.681005 0.4318683
vt 0.6315654 0.404725
vt 0.5530437 0.3669182
vt 0.7159035 0.4318683
vt 0.7159035 0.4774303
vt 0.7159035 0.5530437
vt 0.6383513 0.5433497
vt 0.7159035 0.5976363
vt 0.8002416 0.7595267
vt 0.7934558 0.7595267
vt 0.8002416 0.8099357
vt 0.8002416 0.7042707
vt 0.7934558 0.7042707
vt 0.8002416 0.635443
vt 0.7934558 0.635443
vt 0.7934558 0.8099357
vt 0.8002416 0.8593753
vt 0.7934558 0.8593753
vt 0.8002416 0.93305
vt 0.7934558 0.93305
vt 0.7120259 0.4231436
vt 0.8913656 0.64029
vt 0.9156007 0.6616169
vt 0.9156007 0.64029
vt 0.8884574 0.6616169
vt 0.882641 0.9194784
vt 0.882641 0.8438649
vt 0.8496813 0.8438649
vt 0.8458037 0.7604961
vt 0.882641 0.7604961
vt 0.8448343 0.7178423
vt 0.882641 0.7178423
vt 0.8525895 0.676158
vt 0.882641 0.676158
vt 0.8138133 0.7604961
vt 0.8138133 0.7178423
vt 0.8138133 0.676158
vt 0.8138133 0.8438649
vt 0.8138133 0.9194784
vt 0.882641 0.6499841
vt 0.8845798 0.6267184
vt 0.8525895 0.635443
vt 0.8138133 0.6509535
vt 0.8138133 0.635443
vt 0.5724318 0.3455913
vt 0.5724318 0.3601324
vt 0.5830953 0.3611018
vt 0.5860034 0.3455913
vt 0.5976363 0.3455913
vt 0.5947281 0.359163
vt 0.6063609 0.3562548
vt 0.6063609 0.3455913
vt 0.6150855 0.354316
vt 0.6150855 0.3455913
vt 0.6073303 0.3669182
vt 0.5927892 0.3746734
vt 0.6150855 0.3601324
vt 0.5811564 0.3746734
vt 0.5724318 0.3717652
vt 0.9466217 0.5607989
vt 0.9262642 0.5607989
vt 0.942744 0.6141161
vt 0.8933044 0.6238102
vt 0.8933044 0.5607989
vt 0.9262642 0.4483481
vt 0.8933044 0.4483481
vt 0.8933044 0.3659488
vt 0.9262642 0.3659488
vt 0.8933044 0.3329891
vt 0.9805508 0.5530437
vt 0.993153 0.5530437
vt 0.993153 0.4464093
vt 0.9805508 0.4464093
vt 0.9805508 0.3649794
vt 0.993153 0.3649794
vt 0.993153 0.3562548
vt 0.928203 0.3494689
vt 0.928203 0.3620712
vt 0.05573959 0.7159035
vt 0.05573959 0.7255976
vt 0.03635152 0.7255976
vt 0.03635152 0.7159035
vt 0.03635152 0.7663125
vt 0.05573959 0.7663125
vt 0.0819135 0.7663125
vt 0.08385231 0.7255976
vt 0.1061486 0.7663125
vt 0.1061486 0.7255976
vt 0.01308583 0.7663125
vt 0.01308583 0.7255976
vt 0.1187508 0.7255976
vt 0.1187508 0.7663125
vt 0.01308583 0.7159035
vt 0.1061486 0.7159035
vt 0.1187508 0.7159035
vt 0.09063813 0.7159035
vt 0.07318886 0.7159035
vt 0.0819135 0.57534
vt 0.05573959 0.57534
vt 0.05573959 0.5995751
vt 0.0819135 0.5995751
vt 0.03635152 0.57534
vt 0.03635152 0.5995751
vt 0.1061486 0.57534
vt 0.1061486 0.5995751
vt 0.01308583 0.57534
vt 0.01405523 0.5995751
vt 0.1187508 0.5995751
vt 0.1187508 0.57534
vt 0.8487118 0.9398358
vt 0.8487118 0.9912142
vt 0.817691 0.9912142
vt 0.817691 0.9398358
vt 0.8884574 0.9912142
vt 0.8884574 0.9398358
vt 0.8070275 0.9398358
vt 0.8167216 0.9398358
vt 0.8167216 0.9795814
vt 0.8070275 0.9795814
vt 0.1352307 0.7701902
vt 0.1614046 0.7556491
vt 0.1701292 0.781823
vt 0.1943643 0.7556491
vt 0.1943643 0.781823
vt 0.1381389 0.791517
vt 0.1614046 0.791517
vt 0.1245673 0.7508021
vt 0.1943643 0.6722804
vt 0.1245673 0.6722804
vt 0.162374 0.6567699
vt 0.1245673 0.5627378
vt 0.1710986 0.6121773
vt 0.1943643 0.5966669
vt 0.2738554 0.6315654
vt 0.3262033 0.6286572
vt 0.2738554 0.6015139
vt 0.308754 0.6044221
vt 0.2980905 0.5879422
vt 0.2738554 0.5792176
vt 0.2980905 0.5617684
vt 0.2738554 0.5617684
vt 0.3300809 0.6519229
vt 0.2738554 0.6703416
vt 0.3320197 0.6897296
vt 0.3194174 0.7333528
vt 0.2738554 0.7323834
vt 0.2738554 0.7614655
vt 0.3000293 0.7624349
vt 0.2738554 0.7847312
vt 0.7013625 0.6451371
vt 0.7013625 0.6073303
vt 0.7149341 0.6451371
vt 0.7149341 0.6858521
vt 0.7013625 0.6858521
vt 0.7149341 0.7352916
vt 0.7149341 0.6073303
vt 0.9504992 0.2942129
vt 0.8942738 0.2942129
vt 0.8942738 0.3155398
vt 0.9466217 0.3155398
vt 0.9941224 0.2942129
vt 0.9941224 0.3155398
vt 0.8942738 0.3155398
vt 0.8942738 0.2942129
vt 0.8642223 0.2942129
vt 0.8642223 0.3155398
vt 0.3669182 0.5947281
vt 0.373704 0.5772788
vt 0.3572242 0.5734012
vt 0.3921227 0.5966669
vt 0.3795204 0.64029
vt 0.359163 0.6383513
vt 0.3426831 0.5879422
vt 0.3426831 0.6373819
vt 0.3426831 0.7071789
vt 0.3475301 0.7033013
vt 0.3950309 0.580187
vt 0.3426831 0.5743706
vt 0.3426831 0.5598295
vt 0.7750372 0.7440162
vt 0.7634043 0.7440162
vt 0.7634043 0.8661611
vt 0.7750372 0.8661611
vt 0.7750372 0.6364124
vt 0.7634043 0.6364124
vt 0.7634043 0.9417746
vt 0.7750372 0.9388664
vt 0.4502869 0.6044221
vt 0.4677362 0.6044221
vt 0.4832467 0.6461065
vt 0.4502869 0.6461065
vt 0.4502869 0.5675848
vt 0.4706444 0.570493
vt 0.4861549 0.5782482
vt 0.4968183 0.6044221
vt 0.4502869 0.7246282
vt 0.4182966 0.6461065
vt 0.4027861 0.7246282
vt 0.4987571 0.7246282
vt 0.3911533 0.7886088
vt 0.4502869 0.7886088
vt 0.5094205 0.7886088
vt 0.3872757 0.6461065
vt 0.3417137 0.7246282
vt 0.2864577 0.7886088
vt 0.5588601 0.7246282
vt 0.6141161 0.7886088
vt 0.4037555 0.6044221
vt 0.4328377 0.6044221
vt 0.4221742 0.5743706
vt 0.5132982 0.6461065
vt 0.7527409 0.8884574
vt 0.7478939 0.8535589
vt 0.7585573 0.8739164
vt 0.7585573 0.8535589
vt 0.7478939 0.8147827
vt 0.7585573 0.8147827
vt 0.7478939 0.731414
vt 0.7585573 0.731414
vt 0.7585573 0.635443
vt 0.7478939 0.635443
vt 0.8642223 0.263192
vt 0.8642223 0.2942129
vt 0.8942738 0.2942129
vt 0.8942738 0.263192
vt 0.9504992 0.2942129
vt 0.9592239 0.2661002
vt 0.9941224 0.2942129
vt 0.9941224 0.2748249
vt 0.9941224 0.263192
vt 0.7149341 0.9572851
vt 0.7149341 0.9398358
vt 0.7013625 0.9572851
vt 0.7013625 0.9398358
vt 0.7149341 0.8933044
vt 0.7013625 0.8933044
vt 0.7013625 0.8099357
vt 0.7149341 0.8196297
vt 0.7149341 0.8099357
vt 0.9320806 0.3388055
vt 0.9320806 0.3262033
vt 0.9398358 0.3262033
vt 0.9398358 0.3388055
vt 0.9214171 0.3388055
vt 0.9214171 0.3262033
vt 0.9582545 0.3262033
vt 0.9582545 0.3388055
vt 0.9815202 0.3388055
vt 0.9815202 0.3262033
vt 0.9970306 0.3262033
vt 0.9970306 0.3388055
vt 0.745955 0.8680999
vt 0.745955 0.8031499
vt 0.7333528 0.8031499
vt 0.7333528 0.8680999
vt 0.7333528 0.7226894
vt 0.745955 0.7226894
vt 0.745955 0.6228408
vt 0.7333528 0.6228408
vt 0.745955 0.9446828
vt 0.7333528 0.9446828
vt 0.7478939 0.731414
vt 0.7585573 0.731414
vt 0.7585573 0.635443
vt 0.7478939 0.635443
vt 0.7585573 0.8147827
vt 0.7478939 0.8147827
vt 0.7585573 0.8535589
vt 0.7478939 0.8535589
vt 0.7527409 0.8884574
vt 0.7149341 0.8099357
vt 0.7149341 0.7992722
vt 0.7013625 0.8099357
vt 0.7149341 0.7760066
vt 0.7013625 0.7760066
vt 0.7149341 0.7391692
vt 0.7013625 0.7391692
vt 0.9078455 0.3388055
vt 0.9049373 0.3388055
vt 0.9068761 0.3262033
vt 0.8981515 0.3262033
vt 0.9214171 0.3388055
vt 0.9078455 0.3388055
vt 0.9068761 0.3262033
vt 0.9214171 0.3262033
vt 0.3320197 0.6170244
vt 0.3155398 0.5879422
vt 0.3320197 0.5869728
vt 0.3320197 0.5714624
vt 0.3106928 0.570493
vt 0.3271727 0.5646765
vt 0.3145704 0.5646765
vt 0.3068152 0.5646765
vt 0.3019682 0.5646765
vt 0.3320197 0.5646765
vt 0.7973335 0.9650403
vt 0.7779454 0.9553463
vt 0.7779454 0.9650403
vt 0.7779454 0.9650403
vt 0.7779454 0.9553463
vt 0.7391692 0.9553463
vt 0.736261 0.9650403
vt 0.1759457 0.5772788
vt 0.1710986 0.570493
vt 0.1885479 0.5792176
vt 0.1885479 0.585034
vt 0.4803385 0.9970306
vt 0.4396235 0.9970306
vt 0.4396235 0.9815202
vt 0.4803385 0.9815202
vt 0.4396235 0.9815202
vt 0.4396235 0.9970306
vt 0.4803385 0.9970306
vt 0.4803385 0.9815202
vt 0.4832467 0.9349888
vt 0.4968183 0.9795814
vt 0.4561034 0.9795814
vt 0.5414109 0.9262642
vt 0.5414109 0.9795814
vt 0.4561034 0.9795814
vt 0.4968183 0.9795814
vt 0.4832467 0.9349888
vt 0.5414109 0.9262642
vt 0.5414109 0.9795814
vt 0.4803385 0.9970306
vt 0.4803385 0.9815202
vt 0.5404415 0.9815202
vt 0.5404415 0.9970306
vt 0.5404415 0.9815202
vt 0.4803385 0.9815202
vt 0.4803385 0.9970306
vt 0.5404415 0.9970306
vt 0.5578907 0.9960613
vt 0.6393207 0.9892754
vt 0.6315654 0.9815202
vt 0.5578907 0.9873366
vt 0.6315654 0.9417746
vt 0.6383513 0.9340194
vt 0.5578907 0.9272336
vt 0.5578907 0.9369276
vt 0.6315654 0.9417746
vt 0.5578907 0.9369276
vt 0.5578907 0.9873366
vt 0.6315654 0.9815202
vt 0.6480453 0.9611627
vt 0.6596781 0.9611627
vt 0.6383513 0.9340194
vt 0.6315654 0.9417746
vt 0.6480453 0.9611627
vt 0.6393207 0.9892754
vt 0.6596781 0.9611627
vt 0.6480453 0.9611627
vt 0.6315654 0.9815202
vt 0.6325348 0.8428954
vt 0.6325348 0.8070275
vt 0.6587087 0.8070275
vt 0.6587087 0.8516201
vt 0.6868214 0.8516201
vt 0.6868214 0.8070275
vt 0.6325348 0.8884574
vt 0.6587087 0.8884574
vt 0.6044221 0.8516201
vt 0.6044221 0.8884574
vt 0.6868214 0.8884574
vt 0.6044221 0.8070275
vt 0.6325348 0.8070275
vt 0.6325348 0.8070275
vt 0.6044221 0.8070275
vt 0.6325348 0.8428954
vt 0.6044221 0.8516201
vt 0.6044221 0.8884574
vt 0.6325348 0.8884574
vt 0.6587087 0.8884574
vt 0.6587087 0.8516201
vt 0.6325348 0.8070275
vt 0.6587087 0.8070275
vt 0.6868214 0.8884574
vt 0.6868214 0.8516201
vt 0.6868214 0.8070275
vt 0.6325348 0.8070275
vt 0.6325348 0.7992722
vt 0.6587087 0.7992722
vt 0.6587087 0.8070275
vt 0.6936073 0.7992722
vt 0.6868214 0.8070275
vt 0.6732498 0.9000903
vt 0.6635557 0.9000903
vt 0.6635557 0.9718261
vt 0.6732498 0.9718261
vt 0.6044221 0.8070275
vt 0.6044221 0.7992722
vt 0.6325348 0.7992722
vt 0.6325348 0.8070275
vt 0.6044221 0.8070275
vt 0.6325348 0.8070275
vt 0.6325348 0.7992722
vt 0.6044221 0.7992722
vt 0.6635557 0.9718261
vt 0.6732498 0.9718261
vt 0.6732498 0.9000903
vt 0.6635557 0.9000903
vt 0.6587087 0.8070275
vt 0.6587087 0.7992722
vt 0.6325348 0.7992722
vt 0.6325348 0.8070275
vt 0.6868214 0.8070275
vt 0.6936073 0.7992722
vt 0.6936073 0.8884574
vt 0.6868214 0.8884574
vt 0.6868214 0.8516201
vt 0.6936073 0.8516201
vt 0.6936073 0.7992722
vt 0.6868214 0.8070275
vt 0.6868214 0.8516201
vt 0.6936073 0.8516201
vt 0.6936073 0.7992722
vt 0.6868214 0.8070275
vt 0.6936073 0.8884574
vt 0.6868214 0.8884574
vt 0.6732498 0.9718261
vt 0.6635557 0.9718261
vt 0.6635557 0.9000903
vt 0.6732498 0.9000903
vt 0.6732498 0.9718261
vt 0.6635557 0.9718261
vt 0.6635557 0.9000903
vt 0.6732498 0.9000903
vt 0.4987571 0.4764608
vt 0.5472273 0.4764608
vt 0.5472273 0.464828
vt 0.4987571 0.464828
vt 0.4987571 0.4289601
vt 0.5472273 0.4289601
vt 0.4987571 0.3775817
vt 0.5472273 0.3775817
vt 0.4987571 0.3106928
vt 0.5472273 0.3106928
vt 0.4987571 0.2273241
vt 0.5472273 0.2273241
vt 0.4987571 0.1497718
vt 0.5472273 0.1497718
vt 0.5472273 0.4861549
vt 0.5229922 0.1245673
vt 0.6296266 0.9049373
vt 0.6422288 0.928203
vt 0.6422288 0.8962126
vt 0.6558005 0.9039679
vt 0.6296266 0.9204478
vt 0.6558005 0.9194784
vt 0.6267184 0.9029984
vt 0.6296266 0.9049373
vt 0.6422288 0.8962126
vt 0.6422288 0.8933044
vt 0.6558005 0.9039679
vt 0.6587087 0.9020291
vt 0.6422288 0.8933044
vt 0.6422288 0.8962126
vt 0.6422288 0.9311112
vt 0.6422288 0.928203
vt 0.6296266 0.9204478
vt 0.6267184 0.9223865
vt 0.6587087 0.9214171
vt 0.6558005 0.9194784
vt 0.6422288 0.928203
vt 0.6422288 0.9311112
vt 0.6267184 0.9029984
vt 0.6267184 0.9223865
vt 0.6296266 0.9204478
vt 0.6296266 0.9049373
vt 0.6587087 0.9020291
vt 0.6558005 0.9039679
vt 0.6558005 0.9194784
vt 0.6587087 0.9214171
vt 0.5414109 0.1061486
vt 0.5220228 0.1061486
vt 0.5220228 0.007269404
vt 0.5414109 0.007269404
vt 0.1710986 0.2525285
vt 0.1982419 0.2447733
vt 0.207936 0.2573756
vt 0.1662516 0.2922741
vt 0.207936 0.2883965
vt 0.207936 0.3203868
vt 0.1662516 0.3203868
vt 0.258345 0.2573756
vt 0.258345 0.2854883
vt 0.258345 0.3203868
vt 0.1710986 0.2525285
vt 0.207936 0.2573756
vt 0.1982419 0.2447733
vt 0.207936 0.2883965
vt 0.1662516 0.2922741
vt 0.207936 0.3203868
vt 0.1662516 0.3203868
vt 0.258345 0.2573756
vt 0.258345 0.2854883
vt 0.258345 0.3203868
vt 0.253498 0.2263547
vt 0.2496203 0.2525285
vt 0.2205382 0.2525285
vt 0.2205382 0.2253853
vt 0.2205382 0.1730375
vt 0.2496203 0.1730375
vt 0.2825801 0.2525285
vt 0.2825801 0.2312017
vt 0.3058458 0.2525285
vt 0.3058458 0.2273241
vt 0.3058458 0.1778845
vt 0.2825801 0.1778845
vt 0.2825801 0.1265061
vt 0.3058458 0.1265061
vt 0.2825801 0.2312017
vt 0.253498 0.2263547
vt 0.2825801 0.1778845
vt 0.2496203 0.1730375
vt 0.2825801 0.1265061
vt 0.2825801 0.2525285
vt 0.2496203 0.2525285
vt 0.2205382 0.2525285
vt 0.2496203 0.2525285
vt 0.2525285 0.2253853
vt 0.2205382 0.2253853
vt 0.2205382 0.1730375
vt 0.2496203 0.1730375
vt 0.2825801 0.2525285
vt 0.3058458 0.2525285
vt 0.2825801 0.2312017
vt 0.3058458 0.2273241
vt 0.3058458 0.1778845
vt 0.2825801 0.1778845
vt 0.3058458 0.1265061
vt 0.2825801 0.1265061
vt 0.2825801 0.2312017
vt 0.2825801 0.1778845
vt 0.2525285 0.2253853
vt 0.2496203 0.1730375
vt 0.2825801 0.1265061
vt 0.2825801 0.2525285
vt 0.2496203 0.2525285
vt 0.172068 0.203089
vt 0.1885479 0.1992114
vt 0.1701292 0.2360487
vt 0.1992114 0.2389569
vt 0.1730375 0.2418651
vt 0.2089054 0.1788539
vt 0.1953337 0.1643128
vt 0.21763 0.2341099
vt 0.21763 0.2525285
vt 0.21763 0.1788539
vt 0.21763 0.1284449
vt 0.2089054 0.1468635
vt 0.1866091 0.1846703
vt 0.172068 0.203089
vt 0.1701292 0.2360487
vt 0.1798233 0.2244159
vt 0.1730375 0.2418651
vt 0.1992114 0.2389569
vt 0.1904867 0.1943643
vt 0.2089054 0.1788539
vt 0.1953337 0.1643128
vt 0.21763 0.2341099
vt 0.21763 0.2525285
vt 0.21763 0.1788539
vt 0.21763 0.1284449
vt 0.2089054 0.1468635
vt 0.1866091 0.1846703
vt 0.2496203 0.7478939
vt 0.2496203 0.7139648
vt 0.2001808 0.7110565
vt 0.2001808 0.7527409
vt 0.2699778 0.736261
vt 0.2496203 0.6936073
vt 0.2699778 0.6897296
vt 0.2496203 0.6616169
vt 0.2001808 0.6926379
vt 0.2001808 0.671311
vt 0.2496203 0.6335042
vt 0.2001808 0.6393207
vt 0.2699778 0.6315654
vt 0.2699778 0.6645252
vt 0.2496203 0.6335042
vt 0.2496203 0.6073303
vt 0.2001808 0.6073303
vt 0.2001808 0.6393207
vt 0.2699778 0.6315654
vt 0.2699778 0.5830953
vt 0.2496203 0.5724318
vt 0.2001808 0.5714624
vt 0.2699778 0.736261
vt 0.2496203 0.7478939
vt 0.2496203 0.7837618
vt 0.2699778 0.7886088
vt 0.2001808 0.7847312
vt 0.2001808 0.7527409
vt 0.3300809 0.8942738
vt 0.3300809 0.9000903
vt 0.3368667 0.897182
vt 0.3368667 0.8933044
vt 0.3310503 0.8913656
vt 0.3203868 0.8913656
vt 0.318448 0.8991209
vt 0.3378361 0.8894268
vt 0.3242644 0.9029984
vt 0.308754 0.8894268
vt 0.3097234 0.897182
vt 0.3106928 0.9029984
vt 0.3174786 0.9059067
vt 0.3213562 0.8816716
vt 0.308754 0.8816716
vt 0.3300809 0.882641
vt 0.3155398 0.9107537
vt 0.3097234 0.9078455
vt 0.3242644 0.9097843
vt 0.3252338 0.9068761
vt 0.3242644 0.9126925
vt 0.3300809 0.8748857
vt 0.3194174 0.8700387
vt 0.308754 0.8710082
vt 0.308754 0.8622835
vt 0.3378361 0.8816716
vt 0.3368667 0.8865186
vt 0.3300809 0.8710082
vt 0.3300809 0.8661611
vt 0.3368667 0.8671305
vt 0.3368667 0.8719776
vt 0.3368667 0.8758551
vt 0.3358973 0.8622835
vt 0.328142 0.8622835
vt 0.3165092 0.8622835
vt 0.318448 0.8448343
vt 0.3320197 0.8458037
vt 0.3320197 0.8380484
vt 0.3242644 0.8341708
vt 0.3300809 0.8283544
vt 0.3329891 0.832232
vt 0.3378361 0.832232
vt 0.3368667 0.8380484
vt 0.3378361 0.841926
vt 0.3300809 0.8564671
vt 0.3358973 0.8535589
vt 0.3368667 0.8584059
vt 0.3174786 0.8545283
vt 0.308754 0.8448343
vt 0.3097234 0.8380484
vt 0.3203868 0.8312626
vt 0.308754 0.8302932
vt 0.318448 0.8235074
vt 0.308754 0.8545283
vt 0.3320197 0.8235074
vt 0.3320197 0.817691
vt 0.3368667 0.8477424
vt 0.3174786 0.8545283
vt 0.3165092 0.8622835
vt 0.328142 0.8622835
vt 0.3300809 0.8564671
vt 0.3358973 0.8622835
vt 0.3368667 0.8584059
vt 0.308754 0.8545283
vt 0.308754 0.8622835
vt 0.3378361 0.8535589
vt 0.3358973 0.8535589
vt 0.3368667 0.8584059
vt 0.3368667 0.8477424
vt 0.3378361 0.841926
vt 0.3368667 0.8477424
vt 0.3378361 0.846773
vt 0.3378361 0.841926
vt 0.3378361 0.8380484
vt 0.3368667 0.8380484
vt 0.3378361 0.832232
vt 0.3388055 0.8865186
vt 0.3484995 0.8865186
vt 0.3484995 0.8816716
vt 0.3388055 0.8816716
vt 0.3572242 0.8816716
vt 0.3572242 0.8865186
vt 0.3630406 0.8816716
vt 0.3630406 0.8865186
vt 0.3669182 0.8855492
vt 0.3388055 0.8865186
vt 0.3388055 0.8894268
vt 0.3484995 0.8894268
vt 0.3484995 0.8865186
vt 0.3572242 0.8865186
vt 0.3572242 0.8894268
vt 0.3630406 0.8894268
vt 0.3630406 0.8865186
vt 0.3669182 0.8855492
vt 0.3630406 0.8458037
vt 0.3678876 0.841926
vt 0.3630406 0.841926
vt 0.3572242 0.8458037
vt 0.3572242 0.841926
vt 0.3475301 0.8458037
vt 0.3475301 0.841926
vt 0.3388055 0.8458037
vt 0.3388055 0.841926
vt 0.3630406 0.841926
vt 0.3678876 0.841926
vt 0.3630406 0.8390178
vt 0.3572242 0.8390178
vt 0.3572242 0.841926
vt 0.3475301 0.841926
vt 0.3475301 0.8390178
vt 0.3388055 0.8390178
vt 0.3388055 0.841926
vt 0.3097234 0.9078455
vt 0.3077846 0.9117231
vt 0.3165092 0.9146313
vt 0.3155398 0.9107537
vt 0.3242644 0.9156007
vt 0.3242644 0.9126925
vt 0.3388055 0.8593753
vt 0.3484995 0.8593753
vt 0.3484995 0.8545283
vt 0.3388055 0.8545283
vt 0.36401 0.8593753
vt 0.36401 0.8545283
vt 0.3669182 0.8574365
vt 0.3388055 0.8622835
vt 0.3484995 0.8622835
vt 0.3484995 0.8593753
vt 0.3388055 0.8593753
vt 0.36401 0.8622835
vt 0.36401 0.8593753
vt 0.3669182 0.8574365
vt 0.3659488 0.8661611
vt 0.36401 0.8622835
vt 0.36401 0.8671305
vt 0.36401 0.8700387
vt 0.3484995 0.8622835
vt 0.3484995 0.8671305
vt 0.3388055 0.8622835
vt 0.3388055 0.8671305
vt 0.3484995 0.8700387
vt 0.3388055 0.8700387
vt 0.3358973 0.8235074
vt 0.3417137 0.8235074
vt 0.3417137 0.817691
vt 0.3358973 0.817691
vt 0.3484995 0.817691
vt 0.3484995 0.8235074
vt 0.3533466 0.8205991
vt 0.3271727 0.9136619
vt 0.3271727 0.9156007
vt 0.3339585 0.9156007
vt 0.3339585 0.9136619
vt 0.3407443 0.9156007
vt 0.3407443 0.9136619
vt 0.3455913 0.9126925
vt 0.3339585 0.9107537
vt 0.3271727 0.9107537
vt 0.3271727 0.9136619
vt 0.3339585 0.9136619
vt 0.3339585 0.9078455
vt 0.3271727 0.9078455
vt 0.3407443 0.9136619
vt 0.3407443 0.9107537
vt 0.3455913 0.9126925
vt 0.3407443 0.9078455
vt 0.3484995 0.8903962
vt 0.3388055 0.8903962
vt 0.3388055 0.8933044
vt 0.3484995 0.8933044
vt 0.3388055 0.897182
vt 0.3484995 0.897182
vt 0.3388055 0.9000903
vt 0.3484995 0.9000903
vt 0.359163 0.897182
vt 0.359163 0.8933044
vt 0.3649794 0.8952432
vt 0.359163 0.9000903
vt 0.359163 0.8903962
vt 0.3388055 0.8496813
vt 0.3475301 0.8496813
vt 0.3475301 0.8477424
vt 0.3388055 0.8477424
vt 0.3572242 0.8496813
vt 0.3572242 0.8477424
vt 0.3630406 0.8477424
vt 0.3630406 0.8496813
vt 0.3659488 0.8496813
vt 0.3388055 0.8535589
vt 0.3475301 0.8535589
vt 0.3475301 0.8496813
vt 0.3388055 0.8496813
vt 0.3572242 0.8535589
vt 0.3572242 0.8496813
vt 0.3630406 0.8535589
vt 0.3630406 0.8496813
vt 0.3659488 0.8496813
vt 0.3669182 0.8758551
vt 0.3630406 0.8719776
vt 0.3630406 0.8768246
vt 0.3630406 0.8797328
vt 0.3572242 0.8768246
vt 0.3572242 0.8719776
vt 0.3484995 0.8719776
vt 0.3484995 0.8768246
vt 0.3388055 0.8768246
vt 0.3388055 0.8719776
vt 0.3484995 0.8797328
vt 0.3388055 0.8797328
vt 0.3572242 0.8797328
vt 0.3475301 0.837079
vt 0.3475301 0.832232
vt 0.3388055 0.832232
vt 0.3388055 0.837079
vt 0.359163 0.837079
vt 0.359163 0.832232
vt 0.3649794 0.8351402
vt 0.3300809 0.882641
vt 0.3378361 0.8894268
vt 0.3368667 0.8865186
vt 0.3368667 0.9000903
vt 0.3989085 0.08966873
vt 0.3989085 0.09936277
vt 0.3853369 0.09936277
vt 0.3853369 0.08966873
vt 0.3620712 0.09451575
vt 0.4522257 0.08676051
vt 0.4522257 0.02181046
vt 0.4270212 0.08676051
vt 0.3921227 0.02181046
vt 0.3921227 0.08676051
vt 0.3921227 0.08676051
vt 0.3921227 0.02181046
vt 0.4270212 0.08676051
vt 0.4522257 0.02181046
vt 0.4522257 0.08676051
vt 0.4018168 0.08966873
vt 0.4376847 0.09451575
vt 0.4018168 0.09936277
vt 0.09257694 0.2796719
vt 0.09257694 0.3203868
vt 0.1216591 0.3203868
vt 0.1216591 0.2796719
vt 0.1555882 0.2796719
vt 0.1555882 0.3203868
vt 0.07028065 0.3203868
vt 0.07028065 0.2796719
vt 0.04313734 0.2796719
vt 0.04313734 0.3203868
vt 0.01017762 0.2796719
vt 0.01017762 0.3203868
vt 0.09257694 0.2370181
vt 0.1216591 0.2370181
vt 0.07028065 0.2370181
vt 0.04313734 0.2370181
vt 0.01017762 0.2370181
vt 0.01599404 0.1536494
vt 0.04604555 0.1584964
vt 0.07028065 0.1584964
vt 0.07028065 0.06931125
vt 0.09257694 0.06931125
vt 0.09257694 0.1536494
vt 0.1216591 0.06931125
vt 0.1313531 0.02665748
vt 0.1555882 0.06931125
vt 0.1555882 0.1536494
vt 0.1216591 0.1536494
vt 0.1565576 0.02665748
vt 0.09257694 0.02665748
vt 0.07028065 0.0315045
vt 0.04604555 0.06931125
vt 0.01793285 0.06931125
vt 0.0315045 0.0315045
vt 0.1313531 0.0063
vt 0.09936277 0.0063
vt 0.1507412 0.0063
vt 0.05283138 0.0315045
vt 0.01017762 0.02665748
vt 0.1555882 0.2370181
vt 0.781823 0.2069666
vt 0.7827924 0.2253853
vt 0.8128439 0.2253853
vt 0.8138133 0.2069666
vt 0.7614655 0.2253853
vt 0.7614655 0.2069666
vt 0.7401386 0.2253853
vt 0.7372304 0.2069666
vt 0.7091177 0.2253853
vt 0.8458037 0.2253853
vt 0.8448343 0.2069666
vt 0.7013625 0.2069666
vt 0.3863063 0.07415827
vt 0.3853369 0.0586478
vt 0.368857 0.0576784
vt 0.3727346 0.07803588
vt 0.3795204 0.08579111
vt 0.2389569 0.1235979
vt 0.2156912 0.09160753
vt 0.2050278 0.1235979
vt 0.2428345 0.09548515
vt 0.2418651 0.05186198
vt 0.2137524 0.05380078
vt 0.1953337 0.0576784
vt 0.1856397 0.08482171
vt 0.2564062 0.1235979
vt 0.2699778 0.06058661
vt 0.272886 0.08482171
vt 0.2767636 0.1235979
vt 0.2661002 0.02665748
vt 0.2147218 0.02277987
vt 0.2913047 0.09354635
vt 0.2913047 0.1235979
vt 0.1740069 0.04701496
vt 0.1740069 0.09063813
vt 0.1817621 0.1235979
vt 0.1740069 0.1235979
vt 0.2389569 0.02277987
vt 0.2913047 0.04895376
vt 0.3058458 0.1158426
vt 0.313601 0.08579111
vt 0.3194174 0.1100262
vt 0.2951823 0.1148732
vt 0.3397749 0.09936277
vt 0.3397749 0.07318886
vt 0.3397749 0.0586478
vt 0.3174786 0.0586478
vt 0.3397749 0.04604555
vt 0.4832467 0.01793285
vt 0.5094205 0.01793285
vt 0.5094205 0.007269404
vt 0.4832467 0.007269404
vt 0.4386541 0.01793285
vt 0.4386541 0.007269404
vt 0.3911533 0.007269404
vt 0.3911533 0.01793285
vt 0.3494689 0.01793285
vt 0.3494689 0.007269404
vt 0.318448 0.007269404
vt 0.318448 0.01793285
vt 0.258345 0.01793285
vt 0.258345 0.007269404
vt 0.3494689 0.0324739
vt 0.2050278 0.01793285
vt 0.2050278 0.007269404
vt 0.1740069 0.01793285
vt 0.1740069 0.007269404
vt 0.3174786 0.0586478
vt 0.313601 0.08579111
vt 0.3397749 0.07318886
vt 0.3397749 0.0586478
vt 0.3397749 0.04604555
vt 0.3397749 0.09936277
vt 0.3194174 0.1100262
vt 0.3058458 0.1158426
vt 0.2951823 0.1148732
vt 0.3833981 0.0324739
vt 0.3698264 0.0324739
vt 0.3707958 0.04119853
vt 0.3824287 0.04022913
vt 0.3853369 0.0586478
vt 0.368857 0.0576784
vt 0.4871243 0.09257694
vt 0.4783996 0.1129344
vt 0.4871243 0.1129344
vt 0.4948795 0.1129344
vt 0.4977877 0.09257694
vt 0.4871243 0.07803588
vt 0.4754914 0.09257694
vt 0.4764608 0.07609707
vt 0.4861549 0.06349482
vt 0.459981 0.06737244
vt 0.4861549 0.03732092
vt 0.4667668 0.03732092
vt 0.5094205 0.06737244
vt 0.5036041 0.03732092
vt 0.4861549 0.02471867
vt 0.4716138 0.02471867
vt 0.4619198 0.02665748
vt 0.4977877 0.02471867
vt 0.5084511 0.02665748
vt 0.4968183 0.07609707
vt 0.5026347 0.1284449
vt 0.5123287 0.1284449
vt 0.5084511 0.1294143
vt 0.5123287 0.1187508
vt 0.5026347 0.1187508
vt 0.5123287 0.1080874
vt 0.5026347 0.1080874
vt 0.5006959 0.09451575
vt 0.5171758 0.09451575
vt 0.5171758 0.1032404
vt 0.5006959 0.1032404
vt 0.5084511 0.08869933
vt 0.3378361 0.1555882
vt 0.3523771 0.1274755
vt 0.3203868 0.1420165
vt 0.318448 0.1507412
vt 0.3523771 0.09839336
vt 0.308754 0.1284449
vt 0.2961517 0.02181046
vt 0.2961517 0.04895376
vt 0.3300809 0.03635152
vt 0.3678876 0.1555882
vt 0.3843675 0.1420165
vt 0.3523771 0.1274755
vt 0.3872757 0.1497718
vt 0.3523771 0.09839336
vt 0.3969697 0.1284449
vt 0.3407443 0.9534075
vt 0.3339585 0.9572851
vt 0.3029376 0.9475911
vt 0.3029376 0.9398358
vt 0.3339585 0.9815202
vt 0.3407443 0.9853978
vt 0.3029376 0.9921836
vt 0.3029376 0.998
vt 0.222477 0.8903962
vt 0.2195688 0.9117231
vt 0.1730375 0.9107537
vt 0.2011502 0.8991209
vt 0.2690084 0.9020291
vt 0.2331405 0.8739164
vt 0.2690084 0.872947
vt 0.2942129 0.872947
vt 0.2942129 0.9020291
vt 0.2942129 0.8506507
vt 0.2690084 0.8584059
vt 0.2932435 0.9272336
vt 0.2932435 0.9369276
vt 0.2457427 0.9369276
vt 0.2457427 0.9272336
vt 0.1866091 0.9272336
vt 0.1866091 0.9369276
vt 0.1449247 0.9320806
vt 0.1449247 0.9369276
vt 0.1187508 0.9320806
vt 0.1429859 0.8545283
vt 0.1429859 0.837079
vt 0.1206896 0.837079
vt 0.1080874 0.8545283
vt 0.1807927 0.837079
vt 0.1807927 0.8545283
vt 0.21763 0.837079
vt 0.21763 0.8545283
vt 0.09451575 0.837079
vt 0.06834184 0.8671305
vt 0.06543363 0.837079
vt 0.01211642 0.8748857
vt 0.01405523 0.837079
vt 0.5792176 0.8855492
vt 0.5947281 0.8671305
vt 0.5947281 0.8428954
vt 0.5792176 0.8244768
vt 0.5549825 0.8913656
vt 0.5549825 0.8196297
vt 0.524931 0.8545283
vt 0.5191146 0.8390178
vt 0.5191146 0.8690693
vt 0.5036041 0.8332014
vt 0.5036041 0.8748857
vt 0.04701496 0.9524381
vt 0.07803588 0.9524381
vt 0.07803588 0.9853978
vt 0.04701496 0.9853978
vt 0.01793285 0.9853978
vt 0.01793285 0.9524381
vt 0.1139038 0.9572851
vt 0.1129344 0.9853978
vt 0.1584964 0.9853978
vt 0.1652822 0.9524381
vt 0.1933949 0.9853978
vt 0.2001808 0.9524381
vt 0.2234464 0.9853978
vt 0.2234464 0.9524381
vt 0.1749763 0.8797328
vt 0.1381389 0.9068761
vt 0.1701292 0.8991209
vt 0.1914561 0.8836104
vt 0.1371695 0.8797328
vt 0.1827315 0.8651917
vt 0.1371695 0.8651917
vt 0.1051792 0.8651917
vt 0.1100262 0.8797328
vt 0.09063813 0.8651917
vt 0.09936277 0.8845798
vt 0.1139038 0.9010597
vt 0.2069666 0.8651917
vt 0.3707958 0.9698873
vt 0.414419 0.9698873
vt 0.414419 0.9892754
vt 0.3707958 0.9853978
vt 0.4250824 0.9698873
vt 0.414419 0.9504992
vt 0.3707958 0.9553463
vt 0.3514077 0.9708567
vt 0.4502869 0.8312626
vt 0.469675 0.8264156
vt 0.4502869 0.7992722
vt 0.4822773 0.7992722
vt 0.5006959 0.8186603
vt 0.5142676 0.7992722
vt 0.5229922 0.8380484
vt 0.5472273 0.8196297
vt 0.5472273 0.8816716
vt 0.5520743 0.7992722
vt 0.5666153 0.8109051
vt 0.5927892 0.7992722
vt 0.5927892 0.8157521
vt 0.5927892 0.832232
vt 0.4425317 0.8933044
vt 0.4570728 0.8816716
vt 0.464828 0.8913656
vt 0.4890631 0.9204478
vt 0.4822773 0.8923351
vt 0.5055429 0.8787634
vt 0.5540131 0.897182
vt 0.5607989 0.9223865
vt 0.6082997 0.9088149
vt 0.2108442 0.3814593
vt 0.2748249 0.3814593
vt 0.2806413 0.4318683
vt 0.2108442 0.4318683
vt 0.1003322 0.4318683
vt 0.09936277 0.3814593
vt 0.007269404 0.4318683
vt 0.007269404 0.3814593
vt 0.3058458 0.4318683
vt 0.3058458 0.3814593
vt 0.007269404 0.4483481
vt 0.1003322 0.4483481
vt 0.2108442 0.4483481
vt 0.2787025 0.4483481
vt 0.3058458 0.4483481
vt 0.2108442 0.4551339
vt 0.2787025 0.4551339
vt 0.1013016 0.4551339
vt 0.007269404 0.4551339
vt 0.3271727 0.4396235
vt 0.3271727 0.4483481
vt 0.2709472 0.4890631
vt 0.308754 0.5036041
vt 0.3097234 0.5336556
vt 0.2787025 0.5336556
vt 0.2341099 0.4890631
vt 0.2156912 0.5336556
vt 0.1972726 0.4890631
vt 0.1594658 0.4890631
vt 0.1042098 0.5336556
vt 0.1226285 0.4890631
vt 0.08966873 0.4987571
vt 0.07706648 0.5113593
vt 0.05380078 0.5016653
vt 0.01114702 0.5336556
vt 0.01114702 0.5006959
vt 0.04022913 0.4890631
vt 0.04119853 0.4890631
vt 0.04119853 0.4880937
vt 0.1410471 0.479369
vt 0.6102386 0.7323834
vt 0.6519229 0.7323834
vt 0.6616169 0.7857006
vt 0.6296266 0.7857006
vt 0.690699 0.7857006
vt 0.690699 0.7323834
vt 0.6073303 0.5840646
vt 0.690699 0.6383513
vt 0.5637072 0.6209019
vt 0.524931 0.5055429
vt 0.6286572 0.3465607
vt 0.6693721 0.359163
vt 0.6693721 0.3921227
vt 0.6286572 0.3863063
vt 0.7120259 0.359163
vt 0.6693721 0.3213562
vt 0.6286572 0.3165092
vt 0.6373819 0.2893659
vt 0.666464 0.2864577
vt 0.6635557 0.263192
vt 0.6936073 0.2699778
vt 0.6887602 0.2573756
vt 0.6373819 0.263192
vt 0.7120259 0.2913047
vt 0.7120259 0.272886
vt 0.7120259 0.3213562
vt 0.7120259 0.3940615
vt 0.6170244 0.2913047
vt 0.6887602 0.248651
vt 0.6625863 0.2253853
vt 0.6887602 0.2234464
vt 0.6373819 0.2253853
vt 0.6170244 0.2641614
vt 0.6170244 0.2360487
vt 0.6170244 0.2011502
vt 0.6383513 0.1904867
vt 0.6170244 0.1875785
vt 0.6868214 0.1788539
vt 0.671311 0.1885479
vt 0.6567699 0.162374
vt 0.6732498 0.15268
vt 0.6548311 0.1371695
vt 0.6722804 0.1352307
vt 0.6558005 0.1265061
vt 0.6819744 0.1449247
vt 0.6344736 0.1584964
vt 0.6344736 0.1197202
vt 0.5840646 0.2360487
vt 0.5840646 0.2641614
vt 0.5840646 0.1972726
vt 0.5598295 0.2350793
vt 0.5598295 0.1972726
vt 0.5598295 0.2641614
vt 0.5840646 0.2913047
vt 0.5840646 0.3116622
vt 0.6170244 0.3252338
vt 0.5840646 0.323295
vt 0.5598295 0.3116622
vt 0.5598295 0.323295
vt 0.5598295 0.2913047
vt 0.8719776 0.5530437
vt 0.8719776 0.6325348
vt 0.8167216 0.6189632
vt 0.8041193 0.5530437
vt 0.7333528 0.5530437
vt 0.8070275 0.4473787
vt 0.8719776 0.4473787
vt 0.736261 0.4774303
vt 0.7333528 0.424113
vt 0.8719776 0.3649794
vt 0.7992722 0.3785511
vt 0.8719776 0.3329891
vt 0.7294752 0.6024833
vt 0.7740678 0.6286572
vt 0.9156007 0.7275364
vt 0.8884574 0.7246282
vt 0.8884574 0.7411081
vt 0.9156007 0.7411081
vt 0.9156007 0.7120259
vt 0.8884574 0.7062095
vt 0.9156007 0.6994237
vt 0.8884574 0.6916685
vt 0.9156007 0.6751886
vt 0.8884574 0.6751886
vt 0.9669791 0.8845798
vt 0.9921836 0.8787634
vt 0.9921836 0.9320806
vt 0.9669791 0.9320806
vt 0.9698873 0.7895783
vt 0.9534075 0.7983029
vt 0.9553463 0.7159035
vt 0.9272336 0.731414
vt 0.9524381 0.6732498
vt 0.9223865 0.6703416
vt 0.9223865 0.64029
vt 0.9524381 0.64029
vt 0.9921836 0.7847312
vt 0.9921836 0.6364124
vt 0.9921836 0.6693721
vt 0.9921836 0.7129954
vt 0.64029 0.4774303
vt 0.5530437 0.4919713
vt 0.5530437 0.4182966
vt 0.6092691 0.4318683
vt 0.681005 0.4318683
vt 0.6315654 0.404725
vt 0.5530437 0.3669182
vt 0.7159035 0.4318683
vt 0.7159035 0.4774303
vt 0.7159035 0.5530437
vt 0.6383513 0.5433497
vt 0.7159035 0.5976363
vt 0.8002416 0.7595267
vt 0.8002416 0.8099357
vt 0.7934558 0.7595267
vt 0.8002416 0.7042707
vt 0.7934558 0.7042707
vt 0.8002416 0.635443
vt 0.7934558 0.635443
vt 0.7934558 0.8099357
vt 0.7934558 0.8593753
vt 0.8002416 0.8593753
vt 0.7934558 0.93305
vt 0.8002416 0.93305
vt 0.7120259 0.4231436
vt 0.8913656 0.64029
vt 0.9156007 0.64029
vt 0.9156007 0.6616169
vt 0.8884574 0.6616169
vt 0.882641 0.9194784
vt 0.8496813 0.8438649
vt 0.882641 0.8438649
vt 0.882641 0.7604961
vt 0.8458037 0.7604961
vt 0.882641 0.7178423
vt 0.8448343 0.7178423
vt 0.8525895 0.676158
vt 0.882641 0.676158
vt 0.8138133 0.7604961
vt 0.8138133 0.7178423
vt 0.8138133 0.676158
vt 0.8138133 0.8438649
vt 0.8138133 0.9194784
vt 0.8845798 0.6267184
vt 0.8525895 0.635443
vt 0.882641 0.6499841
vt 0.8138133 0.6509535
vt 0.8138133 0.635443
vt 0.5830953 0.3611018
vt 0.5724318 0.3601324
vt 0.5724318 0.3455913
vt 0.5860034 0.3455913
vt 0.5947281 0.359163
vt 0.5976363 0.3455913
vt 0.6063609 0.3455913
vt 0.6063609 0.3562548
vt 0.6150855 0.354316
vt 0.6150855 0.3455913
vt 0.6150855 0.3601324
vt 0.6073303 0.3669182
vt 0.5927892 0.3746734
vt 0.5811564 0.3746734
vt 0.5724318 0.3717652
vt 0.9466217 0.5607989
vt 0.942744 0.6141161
vt 0.9262642 0.5607989
vt 0.8933044 0.6238102
vt 0.8933044 0.5607989
vt 0.8933044 0.4483481
vt 0.9262642 0.4483481
vt 0.8933044 0.3659488
vt 0.9262642 0.3659488
vt 0.8933044 0.3329891
vt 0.9805508 0.5530437
vt 0.9805508 0.4464093
vt 0.993153 0.4464093
vt 0.993153 0.5530437
vt 0.993153 0.3649794
vt 0.9805508 0.3649794
vt 0.993153 0.3562548
vt 0.928203 0.3620712
vt 0.928203 0.3494689
vt 0.05573959 0.7159035
vt 0.03635152 0.7159035
vt 0.03635152 0.7255976
vt 0.05573959 0.7255976
vt 0.05573959 0.7663125
vt 0.03635152 0.7663125
vt 0.08385231 0.7255976
vt 0.0819135 0.7663125
vt 0.1061486 0.7255976
vt 0.1061486 0.7663125
vt 0.01308583 0.7663125
vt 0.01308583 0.7255976
vt 0.1187508 0.7663125
vt 0.1187508 0.7255976
vt 0.01308583 0.7159035
vt 0.1187508 0.7159035
vt 0.1061486 0.7159035
vt 0.09063813 0.7159035
vt 0.07318886 0.7159035
vt 0.0819135 0.57534
vt 0.0819135 0.5995751
vt 0.05573959 0.5995751
vt 0.05573959 0.57534
vt 0.03635152 0.57534
vt 0.03635152 0.5995751
vt 0.1061486 0.57534
vt 0.1061486 0.5995751
vt 0.01308583 0.57534
vt 0.01405523 0.5995751
vt 0.1187508 0.5995751
vt 0.1187508 0.57534
vt 0.817691 0.9398358
vt 0.817691 0.9912142
vt 0.8487118 0.9912142
vt 0.8487118 0.9398358
vt 0.8884574 0.9398358
vt 0.8884574 0.9912142
vt 0.8167216 0.9795814
vt 0.8167216 0.9398358
vt 0.8070275 0.9398358
vt 0.8070275 0.9795814
vt 0.1352307 0.7701902
vt 0.1701292 0.781823
vt 0.1614046 0.7556491
vt 0.1943643 0.7556491
vt 0.1943643 0.781823
vt 0.1381389 0.791517
vt 0.1614046 0.791517
vt 0.1245673 0.7508021
vt 0.1245673 0.6722804
vt 0.1943643 0.6722804
vt 0.2738554 0.6315654
vt 0.2738554 0.6015139
vt 0.3262033 0.6286572
vt 0.308754 0.6044221
vt 0.2980905 0.5879422
vt 0.2738554 0.5792176
vt 0.2980905 0.5617684
vt 0.2738554 0.5617684
vt 0.3300809 0.6519229
vt 0.2738554 0.6703416
vt 0.3320197 0.6897296
vt 0.3194174 0.7333528
vt 0.2738554 0.7323834
vt 0.3000293 0.7624349
vt 0.2738554 0.7614655
vt 0.2738554 0.7847312
vt 0.7013625 0.6451371
vt 0.7149341 0.6451371
vt 0.7013625 0.6073303
vt 0.7149341 0.6858521
vt 0.7013625 0.6858521
vt 0.7149341 0.7352916
vt 0.7149341 0.6073303
vt 0.8942738 0.2942129
vt 0.9504992 0.2942129
vt 0.9466217 0.3155398
vt 0.8942738 0.3155398
vt 0.9941224 0.3155398
vt 0.9941224 0.2942129
vt 0.8942738 0.2942129
vt 0.8942738 0.3155398
vt 0.8642223 0.3155398
vt 0.8642223 0.2942129
vt 0.3669182 0.5947281
vt 0.3572242 0.5734012
vt 0.373704 0.5772788
vt 0.3921227 0.5966669
vt 0.3795204 0.64029
vt 0.359163 0.6383513
vt 0.3426831 0.6373819
vt 0.3475301 0.7033013
vt 0.3426831 0.7071789
vt 0.3426831 0.5879422
vt 0.3950309 0.580187
vt 0.3426831 0.5743706
vt 0.3426831 0.5598295
vt 0.7750372 0.8661611
vt 0.7750372 0.9388664
vt 0.7634043 0.9417746
vt 0.7634043 0.8661611
vt 0.4677362 0.6044221
vt 0.4502869 0.6044221
vt 0.4502869 0.6461065
vt 0.4832467 0.6461065
vt 0.4502869 0.5675848
vt 0.4706444 0.570493
vt 0.4861549 0.5782482
vt 0.4968183 0.6044221
vt 0.4502869 0.7246282
vt 0.4027861 0.7246282
vt 0.4182966 0.6461065
vt 0.4987571 0.7246282
vt 0.4502869 0.7886088
vt 0.3911533 0.7886088
vt 0.5094205 0.7886088
vt 0.3872757 0.6461065
vt 0.3417137 0.7246282
vt 0.2864577 0.7886088
vt 0.5588601 0.7246282
vt 0.6141161 0.7886088
vt 0.4037555 0.6044221
vt 0.4328377 0.6044221
vt 0.4221742 0.5743706
vt 0.5132982 0.6461065
vt 0.7527409 0.8884574
vt 0.7585573 0.8739164
vt 0.7478939 0.8535589
vt 0.7585573 0.8535589
vt 0.7585573 0.8147827
vt 0.7478939 0.8147827
vt 0.7585573 0.731414
vt 0.7478939 0.731414
vt 0.7478939 0.635443
vt 0.7585573 0.635443
vt 0.8642223 0.263192
vt 0.8942738 0.263192
vt 0.8942738 0.2942129
vt 0.8642223 0.2942129
vt 0.9592239 0.2661002
vt 0.9504992 0.2942129
vt 0.9941224 0.2748249
vt 0.9941224 0.263192
vt 0.9941224 0.2942129
vt 0.7149341 0.9572851
vt 0.7013625 0.9572851
vt 0.7149341 0.9398358
vt 0.7013625 0.9398358
vt 0.7149341 0.8933044
vt 0.7013625 0.8933044
vt 0.7013625 0.8099357
vt 0.7149341 0.8196297
vt 0.7149341 0.8099357
vt 0.9320806 0.3262033
vt 0.9320806 0.3388055
vt 0.9398358 0.3388055
vt 0.9398358 0.3262033
vt 0.9214171 0.3262033
vt 0.9214171 0.3388055
vt 0.9582545 0.3262033
vt 0.9582545 0.3388055
vt 0.9815202 0.3262033
vt 0.9815202 0.3388055
vt 0.9970306 0.3262033
vt 0.9970306 0.3388055
vt 0.7333528 0.8680999
vt 0.7333528 0.8031499
vt 0.745955 0.8031499
vt 0.745955 0.8680999
vt 0.745955 0.7226894
vt 0.7333528 0.7226894
vt 0.7333528 0.6228408
vt 0.745955 0.6228408
vt 0.7333528 0.9446828
vt 0.745955 0.9446828
vt 0.7478939 0.635443
vt 0.7585573 0.635443
vt 0.7585573 0.731414
vt 0.7478939 0.731414
vt 0.7478939 0.8147827
vt 0.7585573 0.8147827
vt 0.7585573 0.8535589
vt 0.7478939 0.8535589
vt 0.7527409 0.8884574
vt 0.7149341 0.8099357
vt 0.7013625 0.8099357
vt 0.7149341 0.7992722
vt 0.7013625 0.7760066
vt 0.7149341 0.7760066
vt 0.7149341 0.7391692
vt 0.7013625 0.7391692
vt 0.9078455 0.3388055
vt 0.9068761 0.3262033
vt 0.9049373 0.3388055
vt 0.8981515 0.3262033
vt 0.9214171 0.3388055
vt 0.9214171 0.3262033
vt 0.9068761 0.3262033
vt 0.9078455 0.3388055
vt 0.3320197 0.6170244
vt 0.3320197 0.5869728
vt 0.3155398 0.5879422
vt 0.3320197 0.5714624
vt 0.3106928 0.570493
vt 0.3271727 0.5646765
vt 0.3145704 0.5646765
vt 0.3068152 0.5646765
vt 0.3019682 0.5646765
vt 0.3320197 0.5646765
vt 0.7973335 0.9650403
vt 0.7779454 0.9650403
vt 0.7779454 0.9553463
vt 0.7779454 0.9650403
vt 0.736261 0.9650403
vt 0.7391692 0.9553463
vt 0.7779454 0.9553463
vt 0.1759457 0.5772788
vt 0.1885479 0.5792176
vt 0.1710986 0.570493
vt 0.1885479 0.585034
vt 0.4396235 0.9815202
vt 0.4396235 0.9970306
vt 0.4803385 0.9970306
vt 0.4803385 0.9815202
vt 0.4803385 0.9970306
vt 0.4396235 0.9970306
vt 0.4396235 0.9815202
vt 0.4803385 0.9815202
vt 0.4832467 0.9349888
vt 0.4561034 0.9795814
vt 0.4968183 0.9795814
vt 0.5414109 0.9795814
vt 0.5414109 0.9262642
vt 0.4561034 0.9795814
vt 0.4832467 0.9349888
vt 0.4968183 0.9795814
vt 0.5414109 0.9795814
vt 0.5414109 0.9262642
vt 0.5404415 0.9970306
vt 0.5404415 0.9815202
vt 0.4803385 0.9815202
vt 0.4803385 0.9970306
vt 0.5404415 0.9815202
vt 0.5404415 0.9970306
vt 0.4803385 0.9970306
vt 0.4803385 0.9815202
vt 0.5578907 0.9960613
vt 0.5578907 0.9873366
vt 0.6315654 0.9815202
vt 0.6393207 0.9892754
vt 0.5578907 0.9369276
vt 0.5578907 0.9272336
vt 0.6383513 0.9340194
vt 0.6315654 0.9417746
vt 0.6315654 0.9417746
vt 0.6315654 0.9815202
vt 0.5578907 0.9873366
vt 0.5578907 0.9369276
vt 0.6480453 0.9611627
vt 0.6383513 0.9340194
vt 0.6596781 0.9611627
vt 0.6480453 0.9611627
vt 0.6315654 0.9417746
vt 0.6596781 0.9611627
vt 0.6393207 0.9892754
vt 0.6315654 0.9815202
vt 0.6480453 0.9611627
vt 0.6325348 0.8070275
vt 0.6325348 0.8428954
vt 0.6587087 0.8516201
vt 0.6587087 0.8070275
vt 0.6868214 0.8516201
vt 0.6868214 0.8070275
vt 0.6587087 0.8884574
vt 0.6325348 0.8884574
vt 0.6044221 0.8884574
vt 0.6044221 0.8516201
vt 0.6868214 0.8884574
vt 0.6044221 0.8070275
vt 0.6325348 0.8070275
vt 0.6325348 0.8070275
vt 0.6325348 0.8428954
vt 0.6044221 0.8070275
vt 0.6044221 0.8516201
vt 0.6044221 0.8884574
vt 0.6325348 0.8884574
vt 0.6587087 0.8884574
vt 0.6587087 0.8516201
vt 0.6325348 0.8070275
vt 0.6587087 0.8070275
vt 0.6868214 0.8516201
vt 0.6868214 0.8884574
vt 0.6868214 0.8070275
vt 0.6587087 0.8070275
vt 0.6587087 0.7992722
vt 0.6325348 0.7992722
vt 0.6325348 0.8070275
vt 0.6936073 0.7992722
vt 0.6868214 0.8070275
vt 0.6635557 0.9000903
vt 0.6732498 0.9000903
vt 0.6732498 0.9718261
vt 0.6635557 0.9718261
vt 0.6325348 0.7992722
vt 0.6044221 0.7992722
vt 0.6044221 0.8070275
vt 0.6325348 0.8070275
vt 0.6044221 0.8070275
vt 0.6044221 0.7992722
vt 0.6325348 0.7992722
vt 0.6325348 0.8070275
vt 0.6635557 0.9000903
vt 0.6732498 0.9000903
vt 0.6732498 0.9718261
vt 0.6635557 0.9718261
vt 0.6325348 0.8070275
vt 0.6325348 0.7992722
vt 0.6587087 0.7992722
vt 0.6587087 0.8070275
vt 0.6936073 0.7992722
vt 0.6868214 0.8070275
vt 0.6868214 0.8516201
vt 0.6868214 0.8884574
vt 0.6936073 0.8884574
vt 0.6936073 0.8516201
vt 0.6936073 0.7992722
vt 0.6868214 0.8070275
vt 0.6868214 0.8516201
vt 0.6868214 0.8070275
vt 0.6936073 0.7992722
vt 0.6936073 0.8516201
vt 0.6868214 0.8884574
vt 0.6936073 0.8884574
vt 0.6635557 0.9718261
vt 0.6732498 0.9718261
vt 0.6732498 0.9000903
vt 0.6635557 0.9000903
vt 0.6732498 0.9000903
vt 0.6635557 0.9000903
vt 0.6635557 0.9718261
vt 0.6732498 0.9718261
vt 0.5472273 0.464828
vt 0.5472273 0.4764608
vt 0.4987571 0.4764608
vt 0.4987571 0.464828
vt 0.5472273 0.4289601
vt 0.4987571 0.4289601
vt 0.5472273 0.3775817
vt 0.4987571 0.3775817
vt 0.4987571 0.3106928
vt 0.5472273 0.3106928
vt 0.5472273 0.2273241
vt 0.4987571 0.2273241
vt 0.5472273 0.4861549
vt 0.6296266 0.9049373
vt 0.6422288 0.8962126
vt 0.6422288 0.928203
vt 0.6558005 0.9039679
vt 0.6296266 0.9204478
vt 0.6558005 0.9194784
vt 0.6296266 0.9049373
vt 0.6267184 0.9029984
vt 0.6422288 0.8933044
vt 0.6422288 0.8962126
vt 0.6558005 0.9039679
vt 0.6422288 0.8962126
vt 0.6422288 0.8933044
vt 0.6587087 0.9020291
vt 0.6267184 0.9223865
vt 0.6296266 0.9204478
vt 0.6422288 0.928203
vt 0.6422288 0.9311112
vt 0.6422288 0.9311112
vt 0.6422288 0.928203
vt 0.6558005 0.9194784
vt 0.6587087 0.9214171
vt 0.6267184 0.9223865
vt 0.6267184 0.9029984
vt 0.6296266 0.9049373
vt 0.6296266 0.9204478
vt 0.6587087 0.9020291
vt 0.6587087 0.9214171
vt 0.6558005 0.9194784
vt 0.6558005 0.9039679
vt 0.2001808 0.7527409
vt 0.2001808 0.7110565
vt 0.2496203 0.7139648
vt 0.2496203 0.7478939
vt 0.2699778 0.736261
vt 0.2496203 0.6936073
vt 0.2699778 0.6897296
vt 0.2496203 0.6616169
vt 0.2001808 0.6926379
vt 0.2001808 0.671311
vt 0.2001808 0.6393207
vt 0.2496203 0.6335042
vt 0.2699778 0.6315654
vt 0.2699778 0.6645252
vt 0.2001808 0.6073303
vt 0.2496203 0.6073303
vt 0.2496203 0.6335042
vt 0.2001808 0.6393207
vt 0.2699778 0.6315654
vt 0.2699778 0.5830953
vt 0.2496203 0.5724318
vt 0.2001808 0.5714624
vt 0.2496203 0.7837618
vt 0.2496203 0.7478939
vt 0.2699778 0.736261
vt 0.2699778 0.7886088
vt 0.2001808 0.7847312
vt 0.2001808 0.7527409
vt 0.3300809 0.8942738
vt 0.3368667 0.897182
vt 0.3300809 0.9000903
vt 0.3310503 0.8913656
vt 0.3368667 0.8933044
vt 0.3203868 0.8913656
vt 0.318448 0.8991209
vt 0.3378361 0.8894268
vt 0.3242644 0.9029984
vt 0.308754 0.8894268
vt 0.3097234 0.897182
vt 0.3106928 0.9029984
vt 0.3174786 0.9059067
vt 0.308754 0.8816716
vt 0.3213562 0.8816716
vt 0.3300809 0.882641
vt 0.3097234 0.9078455
vt 0.3155398 0.9107537
vt 0.3252338 0.9068761
vt 0.3242644 0.9097843
vt 0.3242644 0.9126925
vt 0.3300809 0.8748857
vt 0.3194174 0.8700387
vt 0.308754 0.8710082
vt 0.308754 0.8622835
vt 0.3378361 0.8816716
vt 0.3368667 0.8865186
vt 0.3300809 0.8710082
vt 0.3300809 0.8661611
vt 0.3368667 0.8671305
vt 0.3368667 0.8719776
vt 0.3368667 0.8758551
vt 0.3358973 0.8622835
vt 0.328142 0.8622835
vt 0.3165092 0.8622835
vt 0.3320197 0.8380484
vt 0.3320197 0.8458037
vt 0.318448 0.8448343
vt 0.3242644 0.8341708
vt 0.3300809 0.8283544
vt 0.3329891 0.832232
vt 0.3368667 0.8380484
vt 0.3378361 0.832232
vt 0.3378361 0.841926
vt 0.3174786 0.8545283
vt 0.3300809 0.8564671
vt 0.3358973 0.8535589
vt 0.3368667 0.8584059
vt 0.308754 0.8448343
vt 0.3097234 0.8380484
vt 0.3203868 0.8312626
vt 0.308754 0.8302932
vt 0.318448 0.8235074
vt 0.308754 0.8545283
vt 0.3320197 0.8235074
vt 0.3320197 0.817691
vt 0.3368667 0.8477424
vt 0.3165092 0.8622835
vt 0.3174786 0.8545283
vt 0.3300809 0.8564671
vt 0.328142 0.8622835
vt 0.3358973 0.8622835
vt 0.3368667 0.8584059
vt 0.308754 0.8545283
vt 0.308754 0.8622835
vt 0.3378361 0.8535589
vt 0.3368667 0.8584059
vt 0.3358973 0.8535589
vt 0.3368667 0.8477424
vt 0.3378361 0.841926
vt 0.3378361 0.846773
vt 0.3368667 0.8477424
vt 0.3378361 0.841926
vt 0.3368667 0.8380484
vt 0.3378361 0.8380484
vt 0.3378361 0.832232
vt 0.3388055 0.8865186
vt 0.3388055 0.8816716
vt 0.3484995 0.8816716
vt 0.3484995 0.8865186
vt 0.3572242 0.8865186
vt 0.3572242 0.8816716
vt 0.3630406 0.8865186
vt 0.3630406 0.8816716
vt 0.3669182 0.8855492
vt 0.3388055 0.8865186
vt 0.3484995 0.8865186
vt 0.3484995 0.8894268
vt 0.3388055 0.8894268
vt 0.3572242 0.8894268
vt 0.3572242 0.8865186
vt 0.3630406 0.8894268
vt 0.3630406 0.8865186
vt 0.3669182 0.8855492
vt 0.3630406 0.8458037
vt 0.3630406 0.841926
vt 0.3678876 0.841926
vt 0.3572242 0.841926
vt 0.3572242 0.8458037
vt 0.3475301 0.841926
vt 0.3475301 0.8458037
vt 0.3388055 0.8458037
vt 0.3388055 0.841926
vt 0.3630406 0.841926
vt 0.3630406 0.8390178
vt 0.3678876 0.841926
vt 0.3572242 0.8390178
vt 0.3572242 0.841926
vt 0.3475301 0.841926
vt 0.3475301 0.8390178
vt 0.3388055 0.8390178
vt 0.3388055 0.841926
vt 0.3077846 0.9117231
vt 0.3097234 0.9078455
vt 0.3155398 0.9107537
vt 0.3165092 0.9146313
vt 0.3242644 0.9156007
vt 0.3242644 0.9126925
vt 0.3388055 0.8545283
vt 0.3484995 0.8545283
vt 0.3484995 0.8593753
vt 0.3388055 0.8593753
vt 0.36401 0.8593753
vt 0.36401 0.8545283
vt 0.3669182 0.8574365
vt 0.3484995 0.8593753
vt 0.3484995 0.8622835
vt 0.3388055 0.8622835
vt 0.3388055 0.8593753
vt 0.36401 0.8593753
vt 0.36401 0.8622835
vt 0.3669182 0.8574365
vt 0.3659488 0.8661611
vt 0.36401 0.8671305
vt 0.36401 0.8622835
vt 0.36401 0.8700387
vt 0.3484995 0.8671305
vt 0.3484995 0.8622835
vt 0.3388055 0.8671305
vt 0.3484995 0.8700387
vt 0.3388055 0.8700387
vt 0.3388055 0.8622835
vt 0.3358973 0.8235074
vt 0.3358973 0.817691
vt 0.3417137 0.817691
vt 0.3417137 0.8235074
vt 0.3484995 0.8235074
vt 0.3484995 0.817691
vt 0.3533466 0.8205991
vt 0.3271727 0.9156007
vt 0.3271727 0.9136619
vt 0.3339585 0.9136619
vt 0.3339585 0.9156007
vt 0.3407443 0.9156007
vt 0.3407443 0.9136619
vt 0.3455913 0.9126925
vt 0.3339585 0.9136619
vt 0.3271727 0.9136619
vt 0.3271727 0.9107537
vt 0.3339585 0.9107537
vt 0.3339585 0.9078455
vt 0.3271727 0.9078455
vt 0.3407443 0.9136619
vt 0.3407443 0.9107537
vt 0.3455913 0.9126925
vt 0.3407443 0.9078455
vt 0.3484995 0.8933044
vt 0.3388055 0.8933044
vt 0.3388055 0.8903962
vt 0.3484995 0.8903962
vt 0.3484995 0.897182
vt 0.3388055 0.897182
vt 0.3484995 0.9000903
vt 0.3388055 0.9000903
vt 0.359163 0.8933044
vt 0.359163 0.897182
vt 0.3649794 0.8952432
vt 0.359163 0.9000903
vt 0.359163 0.8903962
vt 0.3388055 0.8496813
vt 0.3388055 0.8477424
vt 0.3475301 0.8477424
vt 0.3475301 0.8496813
vt 0.3572242 0.8477424
vt 0.3572242 0.8496813
vt 0.3630406 0.8496813
vt 0.3630406 0.8477424
vt 0.3659488 0.8496813
vt 0.3388055 0.8535589
vt 0.3388055 0.8496813
vt 0.3475301 0.8496813
vt 0.3475301 0.8535589
vt 0.3572242 0.8496813
vt 0.3572242 0.8535589
vt 0.3630406 0.8496813
vt 0.3630406 0.8535589
vt 0.3659488 0.8496813
vt 0.3669182 0.8758551
vt 0.3630406 0.8768246
vt 0.3630406 0.8719776
vt 0.3630406 0.8797328
vt 0.3572242 0.8719776
vt 0.3572242 0.8768246
vt 0.3484995 0.8719776
vt 0.3484995 0.8768246
vt 0.3388055 0.8719776
vt 0.3388055 0.8768246
vt 0.3484995 0.8797328
vt 0.3388055 0.8797328
vt 0.3572242 0.8797328
vt 0.3475301 0.837079
vt 0.3388055 0.837079
vt 0.3388055 0.832232
vt 0.3475301 0.832232
vt 0.359163 0.837079
vt 0.359163 0.832232
vt 0.3649794 0.8351402
vt 0.3300809 0.882641
vt 0.3368667 0.8865186
vt 0.3378361 0.8894268
vt 0.3368667 0.9000903
vt 0.3989085 0.08966873
vt 0.3853369 0.09936277
vt 0.3989085 0.09936277
vt 0.3853369 0.08966873
vt 0.3620712 0.09451575
vt 0.4522257 0.08676051
vt 0.4270212 0.08676051
vt 0.4522257 0.02181046
vt 0.3921227 0.02181046
vt 0.3921227 0.08676051
vt 0.3921227 0.08676051
vt 0.4270212 0.08676051
vt 0.3921227 0.02181046
vt 0.4522257 0.02181046
vt 0.4522257 0.08676051
vt 0.4018168 0.08966873
vt 0.4018168 0.09936277
vt 0.4376847 0.09451575
vt 0.09257694 0.3203868
vt 0.09257694 0.2796719
vt 0.1216591 0.2796719
vt 0.1216591 0.3203868
vt 0.1555882 0.3203868
vt 0.1555882 0.2796719
vt 0.07028065 0.3203868
vt 0.07028065 0.2796719
vt 0.04313734 0.3203868
vt 0.04313734 0.2796719
vt 0.01017762 0.3203868
vt 0.01017762 0.2796719
vt 0.1216591 0.2370181
vt 0.09257694 0.2370181
vt 0.07028065 0.2370181
vt 0.04313734 0.2370181
vt 0.01017762 0.2370181
vt 0.01599404 0.1536494
vt 0.04604555 0.1584964
vt 0.09257694 0.1536494
vt 0.07028065 0.1584964
vt 0.07028065 0.06931125
vt 0.09257694 0.06931125
vt 0.1216591 0.1536494
vt 0.1216591 0.06931125
vt 0.1555882 0.06931125
vt 0.1555882 0.1536494
vt 0.1313531 0.02665748
vt 0.1565576 0.02665748
vt 0.09257694 0.02665748
vt 0.07028065 0.0315045
vt 0.04604555 0.06931125
vt 0.01793285 0.06931125
vt 0.0315045 0.0315045
vt 0.1555882 0.2370181
vt 0.09936277 0.0063
vt 0.1313531 0.0063
vt 0.1507412 0.0063
vt 0.05283138 0.0315045
vt 0.01017762 0.02665748
vt 0.781823 0.2069666
vt 0.8138133 0.2069666
vt 0.8128439 0.2253853
vt 0.7827924 0.2253853
vt 0.7614655 0.2253853
vt 0.7614655 0.2069666
vt 0.7401386 0.2253853
vt 0.7372304 0.2069666
vt 0.7091177 0.2253853
vt 0.8458037 0.2253853
vt 0.8448343 0.2069666
vt 0.7013625 0.2069666
vt 0.368857 0.0576784
vt 0.3853369 0.0586478
vt 0.3863063 0.07415827
vt 0.3727346 0.07803588
vt 0.3795204 0.08579111
vt 0.2389569 0.1235979
vt 0.2050278 0.1235979
vt 0.2156912 0.09160753
vt 0.2428345 0.09548515
vt 0.2418651 0.05186198
vt 0.2137524 0.05380078
vt 0.1856397 0.08482171
vt 0.1953337 0.0576784
vt 0.2564062 0.1235979
vt 0.272886 0.08482171
vt 0.2767636 0.1235979
vt 0.2699778 0.06058661
vt 0.2661002 0.02665748
vt 0.2147218 0.02277987
vt 0.2913047 0.09354635
vt 0.2913047 0.1235979
vt 0.1740069 0.04701496
vt 0.1740069 0.09063813
vt 0.1740069 0.1235979
vt 0.1817621 0.1235979
vt 0.2389569 0.02277987
vt 0.2913047 0.04895376
vt 0.3058458 0.1158426
vt 0.3194174 0.1100262
vt 0.313601 0.08579111
vt 0.2951823 0.1148732
vt 0.3397749 0.09936277
vt 0.3397749 0.07318886
vt 0.3174786 0.0586478
vt 0.3397749 0.0586478
vt 0.3397749 0.04604555
vt 0.5094205 0.007269404
vt 0.5094205 0.01793285
vt 0.4832467 0.01793285
vt 0.4832467 0.007269404
vt 0.4386541 0.01793285
vt 0.4386541 0.007269404
vt 0.3911533 0.01793285
vt 0.3911533 0.007269404
vt 0.3494689 0.007269404
vt 0.3494689 0.01793285
vt 0.318448 0.007269404
vt 0.318448 0.01793285
vt 0.258345 0.007269404
vt 0.258345 0.01793285
vt 0.3494689 0.0324739
vt 0.2050278 0.007269404
vt 0.2050278 0.01793285
vt 0.1740069 0.01793285
vt 0.1740069 0.007269404
vt 0.3174786 0.0586478
vt 0.3397749 0.0586478
vt 0.3397749 0.07318886
vt 0.313601 0.08579111
vt 0.3397749 0.04604555
vt 0.3397749 0.09936277
vt 0.3194174 0.1100262
vt 0.3058458 0.1158426
vt 0.2951823 0.1148732
vt 0.3824287 0.04022913
vt 0.3707958 0.04119853
vt 0.3698264 0.0324739
vt 0.3833981 0.0324739
vt 0.368857 0.0576784
vt 0.3853369 0.0586478
vt 0.4871243 0.09257694
vt 0.4871243 0.1129344
vt 0.4783996 0.1129344
vt 0.4948795 0.1129344
vt 0.4977877 0.09257694
vt 0.4871243 0.07803588
vt 0.4754914 0.09257694
vt 0.4764608 0.07609707
vt 0.4861549 0.06349482
vt 0.459981 0.06737244
vt 0.4861549 0.03732092
vt 0.4667668 0.03732092
vt 0.5094205 0.06737244
vt 0.5036041 0.03732092
vt 0.4861549 0.02471867
vt 0.4716138 0.02471867
vt 0.4619198 0.02665748
vt 0.4977877 0.02471867
vt 0.5084511 0.02665748
vt 0.4968183 0.07609707
vt 0.5026347 0.1284449
vt 0.5084511 0.1294143
vt 0.5123287 0.1284449
vt 0.5123287 0.1187508
vt 0.5026347 0.1187508
vt 0.5123287 0.1080874
vt 0.5026347 0.1080874
vt 0.5171758 0.09451575
vt 0.5006959 0.09451575
vt 0.5006959 0.1032404
vt 0.5171758 0.1032404
vt 0.5084511 0.08869933
vt 0.3378361 0.1555882
vt 0.3203868 0.1420165
vt 0.3523771 0.1274755
vt 0.318448 0.1507412
vt 0.3523771 0.09839336
vt 0.308754 0.1284449
vt 0.2961517 0.02181046
vt 0.3300809 0.03635152
vt 0.2961517 0.04895376
vt 0.3678876 0.1555882
vt 0.3523771 0.1274755
vt 0.3843675 0.1420165
vt 0.3872757 0.1497718
vt 0.3523771 0.09839336
vt 0.3969697 0.1284449
vt 0.3407443 0.9534075
vt 0.3029376 0.9398358
vt 0.3029376 0.9475911
vt 0.3339585 0.9572851
vt 0.3339585 0.9815202
vt 0.3407443 0.9853978
vt 0.3029376 0.9921836
vt 0.3029376 0.998
vt 0.0819135 0.726567
vt 0.0819135 0.681005
vt 0.06252542 0.681005
vt 0.06252542 0.726567
vt 0.04313734 0.726567
vt 0.04313734 0.681005
vt 0.1061486 0.726567
vt 0.1061486 0.681005
vt 0.01502463 0.681005
vt 0.01696344 0.726567
vt 0.1187508 0.726567
vt 0.1187508 0.681005
vt 0.06252542 0.6528923
vt 0.04119853 0.6528923
vt 0.01502463 0.6528923
vt 0.09354635 0.6528923
vt 0.1187508 0.6528923
vt 0.9388664 0.1400777
vt 0.9941224 0.1400777
vt 0.9359582 0.09354635
vt 0.8933044 0.09354635
vt 0.9853978 0.09063813
vt 0.9698873 0.04313734
vt 0.9466217 0.04313734
vt 0.9301418 0.05283138
vt 0.9194784 0.04604555
vt 0.9437134 0.04313734
vt 0.9340194 0.02568808
vt 0.9466217 0.02568808
vt 0.8991209 0.04313734
vt 0.8680999 0.04119853
vt 0.8516201 0.09354635
vt 0.7944252 0.09354635
vt 0.7963641 0.04313734
vt 0.736261 0.09354635
vt 0.736261 0.04313734
vt 0.897182 0.01987165
vt 0.8380484 0.02956569
vt 0.7197812 0.04313734
vt 0.6916685 0.09354635
vt 0.7411081 0.02471867
vt 0.7120259 0.04313734
vt 0.6945767 0.04313734
vt 0.6480453 0.09354635
vt 0.6480453 0.04313734
vt 0.6034527 0.04313734
vt 0.6015139 0.09354635
vt 0.6335042 0.03635152
vt 0.6393207 0.02374927
vt 0.6209019 0.03053509
vt 0.5695236 0.04798436
vt 0.5491661 0.09354635
vt 0.5540131 0.04604555
vt 0.5588601 0.03344331
vt 0.6228408 0.03053509
vt 0.6267184 0.02084106
vt 0.6141161 0.02374927
vt 0.6218714 0.01114702
vt 0.6315654 0.01502463
vt 0.6422288 0.01599404
vt 0.6528923 0.03344331
vt 0.6703416 0.04022913
vt 0.6984543 0.03441271
vt 0.7081483 0.04022913
vt 0.7062095 0.02471867
vt 0.6974849 0.02568808
vt 0.6965154 0.02084106
vt 0.9950919 0.2341099
vt 0.9572851 0.1943643
vt 0.9950919 0.1846703
vt 0.993153 0.1662516
vt 0.9398358 0.2341099
vt 0.8942738 0.1885479
vt 0.93305 0.1827315
vt 0.9059067 0.1633434
vt 0.8903962 0.1546188
vt 0.8535589 0.1885479
vt 0.877794 0.1400777
vt 0.8865186 0.116812
vt 0.8768246 0.1090568
vt 0.8584059 0.1381389
vt 0.8622835 0.1003322
vt 0.8487118 0.1061486
vt 0.8390178 0.1255367
vt 0.7953947 0.1885479
vt 0.7992722 0.1410471
vt 0.776976 0.1381389
vt 0.7372304 0.1885479
vt 0.7372304 0.1381389
vt 0.6936073 0.1885479
vt 0.6965154 0.1381389
vt 0.7789148 0.1100262
vt 0.8060581 0.1323225
vt 0.7672819 0.1100262
vt 0.7701902 0.1003322
vt 0.7478939 0.1235979
vt 0.736261 0.1177814
vt 0.7624349 0.107118
vt 0.7188118 0.1255367
vt 0.7178423 0.1090568
vt 0.6994237 0.1003322
vt 0.6800356 0.1197202
vt 0.676158 0.1003322
vt 0.6693721 0.1342613
vt 0.6722804 0.116812
vt 0.6693721 0.1197202
vt 0.6519229 0.1429859
vt 0.6499841 0.1885479
vt 0.630596 0.1594658
vt 0.6024833 0.1885479
vt 0.6044221 0.1381389
vt 0.57534 0.1381389
vt 0.5501355 0.1885479
vt 0.6247796 0.1400777
vt 0.6344736 0.1439553
vt 0.6199326 0.1313531
vt 0.6082997 0.1129344
vt 0.6209019 0.111965
vt 0.6218714 0.1003322
vt 0.6267184 0.1245673
vt 0.5685542 0.1274755
vt 0.6024833 0.1216591
vt 0.5520743 0.1391083
vt 0.9126925 0.0063
vt 0.9165701 0.01308583
vt 0.6024833 0.1216591
vt 0.6082997 0.1129344
vt 0.6044221 0.1381389
vt 0.6858521 0.02956569
vt 0.6703416 0.04022913
vt 0.6984543 0.03441271
vt 0.7779454 0.01017762
vn -0.8888856 -0.4581293 0
vn -0.8039179 -0.2940994 -0.5169348
vn -0.7019591 -0.6940913 -0.1596579
vn -0.7882318 -0.5842897 0.193122
vn -0.4509838 -0.8901659 0.06494875
vn -0.6941161 -0.6391905 0.3311168
vn -0.3725539 -0.7411492 0.5584813
vn 0.003909111 -0.9921246 0.1251937
vn 0.003909111 -0.7882071 0.6153976
vn -0.4196118 -0.7019343 0.5755121
vn 0.003909111 -0.7725211 0.634977
vn -0.4196118 -0.7019343 0.5755121
vn 0.003909111 -0.7725211 0.634977
vn 0.003909111 -0.8666369 0.498924
vn -0.4274548 -0.7882071 0.4427323
vn -0.6941161 -0.6391905 0.3311168
vn -0.7725459 -0.5764467 0.2662368
vn -0.8431327 -0.5293888 0.09420554
vn -0.7882318 -0.5842897 0.193122
vn -0.8888856 -0.4581293 0
vn -0.7882318 0.4980416 0.3614486
vn -0.9764634 -0.04312402 0.2113279
vn -0.9215626 0.2235373 0.3174169
vn -0.7882318 0.4980416 0.3614486
vn -0.4666697 0.7882318 0.4011358
vn -0.4509838 0.7882318 0.4186934
vn 0.003909111 0.8745047 0.4850013
vn 0.003909111 0.8745047 0.4850013
vn -0.9764634 -0.1215538 0.178168
vn -0.8901906 -0.3960581 0.2251637
vn -0.8980336 -0.3960581 0.1915036
vn -0.7948127 -0.6068549 0
vn -0.780389 -0.6235045 -0.04727763
vn -0.05873501 -0.9982737 0
vn -0.09804964 -0.9921246 -0.07794206
vn -0.09804964 -0.9921246 -0.07794206
vn -0.05873501 -0.9982737 0
vn 0.003909111 -0.9999676 -0.007042092
vn 0.003909111 -0.9999676 -0.007042092
vn -0.06653211 -0.9977843 0
vn -0.06653211 -0.9977843 0
vn -0.06653211 -0.9977843 0
vn 0.003909111 -0.9999676 -0.007042092
vn 0.003909111 -0.9999676 -0.007042092
vn -0.3019671 0.6784302 -0.6697375
vn -0.6156863 0.3254961 -0.7176229
vn -0.6000004 0.349025 -0.7198479
vn -0.3019671 0.6784302 -0.6697375
vn 0.003909111 0.7647029 -0.6443712
vn 0.003909111 0.7647029 -0.6443712
vn -0.8039179 -0.2940994 -0.5169348
vn -0.7882318 -0.2235125 -0.5733522
vn -0.5372565 -0.7489922 -0.3877707
vn -0.7019591 -0.6940913 -0.1596579
vn -0.356868 -0.9293808 -0.09432174
vn -0.4509838 -0.8901659 0.06494875
vn 0.003909111 -0.9921246 0.1251937
vn 0.003909111 -0.9999676 -0.007042092
vn -0.4980416 0.2313803 0.8357139
vn -0.5450995 0.2941241 0.7850844
vn -0.6549013 0.2156943 0.7242791
vn -0.4823556 0.2470663 0.8404114
vn -0.4980416 0.3176531 0.8068774
vn 0.003909111 0.2313803 0.9728555
vn 0.003909111 0.4196118 0.9076952
vn 0.003909111 0.6235293 0.7817902
vn -0.356868 0.5607854 0.7471044
vn -0.3725539 0.5607854 0.7394074
vn -0.5843143 0.3882399 0.7126335
vn 0.003909111 0.6549013 0.7557043
vn 0.003909111 0.2078514 0.9781526
vn -0.9686204 -0.2470415 -0.0272948
vn -0.9607774 -0.1058679 -0.2563178
vn -0.9764611 0.2156938 0
vn -0.9686204 0.2000084 0.1475504
vn -0.8588187 0.4352977 0.270086
vn -0.9450915 0.02746284 0.32565
vn -0.9372485 -0.3097853 0.1599948
vn -0.8588187 -0.4744879 -0.1931108
vn 0.003909111 -0.9921246 -0.1251937
vn 0.003909111 -0.9921246 -0.1251937
vn -0.1372645 -0.9842816 -0.1111223
vn -0.2313803 -0.9607527 -0.1530275
vn -0.356868 -0.9136948 -0.1944402
vn -0.4745127 -0.8431079 -0.2529956
vn -0.5294136 -0.8038931 -0.2710667
vn -0.6078433 -0.7489922 -0.2636991
vn -0.5450995 -0.7882071 -0.2856503
vn -0.6784302 -0.6784054 -0.2819549
vn -0.749017 -0.6078186 -0.2636856
vn -0.7725459 -0.5842897 -0.2485525
vn -0.7882318 -0.5764467 -0.2154061
vn -0.780389 -0.5764467 -0.2422856
vn -0.3882399 -0.8980088 -0.2070023
vn -0.4196118 -0.8823229 -0.2131483
vn -0.3019671 -0.9372237 -0.1744348
vn -0.4588267 -0.8587939 -0.2279277
vn -0.4745127 -0.850951 -0.2252115
vn -0.4352977 -0.8666369 -0.2438366
vn -0.4745127 -0.835265 -0.2777951
vn -0.4901986 -0.827422 -0.2740039
vn -0.4823556 -0.819579 -0.3092303
vn -0.8117608 -0.09802485 0.5757044
vn -0.7725459 -0.09802485 0.6273468
vn -0.5137275 -0.7333063 0.4453604
vn -0.6156863 -0.6784054 0.4008696
vn -0.5058846 0.6235293 0.5960637
vn -0.4901986 0.5529425 0.6737654
vn 0.003909111 0.741174 0.6713016
vn 0.003909111 0.8352897 0.5497962
vn -0.6784302 -0.6391905 0.3621712
vn -0.5450995 -0.7803642 0.3064284
vn -0.4588267 -0.811736 0.3613346
vn -0.8352897 -0.3490002 0.4248411
vn -0.8431327 0.09804964 0.5286903
vn -0.733331 0.3960829 0.5525795
vn -0.5764714 0.6000004 0.5546893
vn -0.6705872 0.5372565 0.5115352
vn -0.3019671 0.7882318 0.5361962
vn -0.2392232 0.8117608 0.5327445
vn -0.2392232 0.8196038 0.5205976
vn -0.2627522 0.8431327 0.4691359
vn 0.09018189 0.8588187 0.5042795
vn -0.717645 0.5450995 0.4334191
vn -0.8745047 0.2156943 0.4344163
vn -0.8980336 -0.1686117 0.406332
vn -0.780389 -0.5293888 0.3327771
vn -0.2784382 -0.8666369 0.41402
vn -0.1451075 -0.9293808 0.3394042
vn -0.4588267 -0.7882071 0.4101312
vn -0.717645 -0.06665295 0.6932121
vn -0.4274548 0.5372565 0.7270749
vn 0.003909111 0.709802 0.7043904
vn -0.7019591 -0.02743804 0.7116885
vn -0.5137275 -0.7489922 0.4184431
vn -0.4039259 0.5607854 0.7227472
vn 0.003909111 0.733331 0.6798606
vn -0.1294216 -0.9058518 0.4033391
vn -0.1372645 -0.9058518 0.4007379
vn -0.5607854 -0.7882071 0.2534743
vn -0.5529425 -0.7803642 0.2920383
vn -0.2235373 -0.9058518 0.3598104
vn -0.1137356 -0.9136948 0.3901615
vn -0.2000084 -0.8980088 0.3918887
vn -0.05099177 -0.9607527 0.2726796
vn 0.003909111 -0.8980088 0.4399601
vn 0.003909111 -0.9136948 0.4063822
vn -0.2784382 -0.9136948 0.2960303
vn 0.003909111 -0.9372237 0.3487068
vn -0.2941241 -0.9058518 0.3048335
vn -0.341182 -0.9058518 0.2510524
vn -0.5137275 0.7882318 -0.3387839
vn -0.4431407 0.7647029 -0.4678202
vn -0.9686204 0.1921654 -0.1576292
vn -0.9372485 0.1921654 -0.2909257
vn 0.003909111 0.8980336 -0.4399095
vn 0.003909111 0.9607774 -0.2772932
vn -0.2313803 0.9215626 -0.311746
vn -0.1843224 0.780389 -0.5975101
vn -0.2470663 0.9450915 0.2139168
vn -0.2470663 0.9372485 0.2460154
vn -0.3960829 0.2156943 0.8925213
vn -0.333339 0.8274468 0.4519036
vn -0.4901986 0.07452071 0.8684192
vn -0.356868 0.1843224 0.9157895
vn 0.003909111 0.9529345 0.3031511
vn 0.003909111 0.9999924 0
vn 0.003909111 0.9372485 -0.3486403
vn -0.1607934 0.9764634 0.143752
vn -0.4588267 -0.3176283 -0.8298134
vn -0.4509838 -0.4195871 0.7877565
vn -0.3725539 -0.5607607 0.7394261
vn -0.2705952 -0.5372317 0.7988494
vn -0.2705952 -0.827422 0.4920885
vn -0.6078433 0.2549093 0.7520291
vn -0.4980416 -0.6862484 0.5301111
vn -0.4980416 -0.7646782 -0.4089277
vn -0.9372485 -0.3176283 0.1437968
vn -0.4588267 -0.3176283 -0.8298134
vn -0.6627442 -0.3333143 0.6705757
vn -0.8901906 -0.1921406 0.4130892
vn -0.9764634 -0.035281 0.2127778
vn -0.9607774 0.02746284 0.2759576
vn -0.9921494 0.02746284 -0.122006
vn -0.9215626 -0.2078266 -0.3279185
vn -0.8745047 -0.1686117 -0.4547655
vn -0.8901906 -0.3176283 0.3266083
vn -0.9686204 0.1921654 -0.1576292
vn -0.9372485 0.1921654 -0.2909257
vn -0.5137275 -0.811736 0.2777923
vn -0.717645 0.3176531 0.6197436
vn -0.1058927 0.9921494 0.06653135
vn 0.5842897 0.4588267 -0.6693905
vn 0.3803722 -0.7097774 -0.5929023
vn 0.6548765 0.4274548 -0.6232328
vn 0.4980168 -0.6940913 -0.5198235
vn -0.09020662 0.9921494 0.08661661
vn -0.709802 0.3019671 0.6363937
vn -0.4039259 -0.8666369 0.2928895
vn 0.4980168 -0.6940913 -0.5198235
vn 0.3803722 -0.7097774 -0.5929023
vn -0.2078514 -0.8744799 -0.4382724
vn -0.380397 -0.9215378 -0.0778866
vn -0.8274468 -0.5607607 0.02965027
vn -0.7647029 -0.5450747 -0.3436902
vn -0.9764634 0.1764795 -0.1239926
vn -0.2855677 -0.9583585 0
vn -0.6705872 -0.7097774 0.2157057
vn -0.9529345 0.1451075 0.2661948
vn -0.8039179 -0.01959509 0.5944174
vn -0.4823556 -0.7411492 0.4669378
vn -0.09804964 -0.9450667 0.3118256
vn -0.02746284 -0.835265 0.5491613
vn -0.9372485 0.1921654 -0.2909257
vn -0.8745047 -0.1686117 -0.4547655
vn -0.333339 0.8274468 0.4519036
vn 0.003909111 0.9529345 0.3031511
vn 0.003909111 0.9450915 0.3267826
vn -0.6392152 0.6235293 0.4501278
vn -0.4901986 0.07452071 0.8684192
vn -0.7725459 -0.3254713 0.5451983
vn -0.4509838 -0.4195871 0.7877565
vn -0.5058846 -0.7254633 0.4666731
vn -0.2705952 -0.5372317 0.7988494
vn -0.1294216 -0.6156616 0.77731
vn 0.003909111 -0.8666369 0.498924
vn 0.003909111 -0.6548765 0.7557259
vn -0.1294216 -0.6156616 0.77731
vn -0.5058846 -0.7254633 0.4666731
vn 0.2156696 -0.6705624 0.7098117
vn 0.01959509 -0.6548765 0.7554819
vn -0.1215786 -0.9215378 0.3687639
vn 0.04312402 -0.9450667 0.3240205
vn -0.09020662 -0.9136948 -0.3962632
vn -0.4117688 -0.6784054 -0.6084509
vn -0.7647029 -0.5450747 -0.3436902
vn -0.2078514 -0.8744799 -0.4382724
vn 0.003909111 -0.7019343 0.712231
vn 0.003909111 -0.9372237 -0.3487068
vn 0.003909111 -0.9058518 -0.4235767
vn 0.003909111 -0.9293808 0.3691018
vn -0.2549093 0.780389 0.5709767
vn 0.003909111 0.780389 0.6252822
vn 0.003909111 0.9999924 0
vn -0.5686284 0.8039179 0.1742921
vn -0.5450995 0.4196118 0.7258047
vn -0.1921654 0.5686284 0.7998338
vn 0.003909111 0.6392152 0.769018
vn -0.8039179 -0.01959509 0.5944174
vn -0.9529345 0.1451075 0.2661948
vn -0.9764634 0.1764795 -0.1239926
vn -0.5137275 0.7882318 -0.3387839
vn -0.9372485 0.1921654 -0.2909257
vn -0.8039179 -0.01959509 0.5944174
vn -0.7647029 -0.1372398 0.6295989
vn -0.5450995 0.4196118 0.7258047
vn -0.4823556 -0.7411492 0.4669378
vn -0.3176531 -0.7725211 0.5498251
vn -0.02746284 -0.835265 0.5491613
vn -0.03530574 -0.8431079 0.5365841
vn -0.4039259 0.3176531 0.8578697
vn -0.1921654 0.5686284 0.7998338
vn -0.1921654 0.5058846 0.840924
vn 0.003909111 0.6392152 0.769018
vn 0.003909111 0.6235293 0.7817902
vn 0.003909111 0.9999924 0
vn -0.8745047 -0.1686117 -0.4547655
vn -0.4117688 -0.6784054 -0.6084509
vn -0.7647029 -0.5450747 -0.3436902
vn -0.9215626 -0.2078266 -0.3279185
vn -0.1294216 -0.6156616 0.77731
vn 0.01959509 -0.6548765 0.7554819
vn -0.2862811 -0.5372317 0.7933632
vn -0.5686284 -0.7333063 0.3727246
vn -0.333339 -0.8744799 0.3523777
vn -0.6941161 -0.6548765 -0.2988973
vn -0.4352977 -0.8431079 -0.3157291
vn -0.6705872 -0.6235045 -0.401939
vn -0.4823556 -0.7960501 -0.3655645
vn -0.8901906 -0.3176283 0.3266083
vn -0.9215626 -0.2078266 -0.3279185
vn -0.7882318 -0.4117441 -0.4573373
vn -0.6627442 -0.3333143 0.6705757
vn -0.2705952 -0.5372317 0.7988494
vn -0.5058846 -0.850951 -0.1412912
vn -0.6000004 -0.7803642 -0.1761571
vn -0.7725459 -0.6078186 -0.1836555
vn -0.8509758 -0.5058599 -0.1412307
vn -0.8397889 -0.542913 0
vn 0.003909111 0.9450915 0.3267826
vn 0.003909111 0.9764634 0.2156476
vn -0.717645 0.6862731 0.1183842
vn -0.6392152 0.6235293 0.4501278
vn -0.7725459 -0.3254713 0.5451983
vn -0.9966273 -0.08206185 0
vn -0.6862731 -0.7176203 -0.1185345
vn -0.5058846 -0.7254633 0.4666731
vn 0.003909111 -0.9921246 -0.1251937
vn 0.003909111 -0.8666369 0.498924
vn -0.749017 -0.6313475 -0.2009324
vn -0.9843063 0.1451075 -0.1004234
vn 0.003909111 -0.9607527 -0.2773789
vn -0.6941161 0.717645 0.05646567
vn 0.003909111 0.9921494 0.1249976
vn 0.003909111 -0.9999676 0.007042092
vn -0.1447196 -0.9894726 0
vn 0.003909111 -0.9372237 -0.3487068
vn -0.2078514 -0.8744799 -0.4382724
vn -0.380397 -0.9215378 -0.0778866
vn -0.129353 -0.9915986 0
vn -0.2855677 -0.9583585 0
vn -0.09804964 -0.9450667 0.3118256
vn -0.09020662 -0.9842816 0.1518305
vn -0.02746284 -0.835265 0.5491613
vn -0.1447196 -0.9894726 0
vn 0.003909111 -0.9999676 0.007042092
vn 0.003909111 -0.9999676 -0.007042092
vn -0.129353 -0.9915986 0
vn -0.09020662 -0.9842816 0.1518305
vn 0.003909111 -0.9999676 0.007042092
vn -0.09020662 -0.9842816 0.1518305
vn -0.03530574 -0.8431079 0.5365841
vn -0.02746284 -0.835265 0.5491613
vn -0.6941161 0.1764795 0.6978952
vn -0.6941161 0.2313803 0.6816641
vn -0.3176531 -0.8980088 0.3044285
vn -0.3019671 -0.9058518 0.2970662
vn -0.4039259 -0.8666369 0.2928895
vn -0.709802 0.3019671 0.6363937
vn -0.09020662 0.9921494 0.08661661
vn -0.09020662 0.9843063 0.1516701
vn 0.6548765 0.4274548 -0.6232328
vn 0.6862484 0.4352977 -0.5827342
vn 0.4980168 -0.6940913 -0.5198235
vn 0.5137028 -0.7176203 -0.4702453
vn 0.5137028 -0.7176203 -0.4702453
vn 0.4980168 -0.6940913 -0.5198235
vn 0.5215458 -0.7176203 -0.4615314
vn 0.6784054 0.4666697 -0.5674376
vn 0.5215458 -0.7176203 -0.4615314
vn -0.1215786 0.9764634 0.1781511
vn -0.1215786 0.9764634 0.1781511
vn -0.1215786 0.9764634 0.1781511
vn -0.6941161 0.1764795 0.6978952
vn -0.7254881 0.1843224 0.663093
vn -0.1294216 0.9764634 0.1725375
vn -0.3019671 -0.9058518 0.2970662
vn -0.3019671 -0.9215378 0.2440984
vn 0.6784054 0.4666697 -0.5674376
vn 0.6548765 0.4745127 -0.588196
vn 0.5215458 -0.7176203 -0.4615314
vn 0.5058599 -0.7097774 -0.4902264
vn 0.5058599 -0.7097774 -0.4902264
vn 0.5215458 -0.7176203 -0.4615314
vn -0.717645 -0.5450747 0.4334503
vn -0.7254881 -0.5372317 0.4301734
vn -0.6784302 -0.5529177 0.4837504
vn -0.6941161 -0.5137028 0.5042938
vn -0.8039179 -0.42743 0.4135451
vn -0.8039179 -0.42743 0.4135451
vn -0.7254881 -0.42743 0.539417
vn -0.6941161 -0.5137028 0.5042938
vn -0.6784302 -0.5529177 0.4837504
vn -0.7254881 -0.42743 0.539417
vn -0.2549093 0.6705872 0.6966593
vn -0.1843224 0.8823476 0.4329989
vn -0.2392232 0.7725459 0.5881709
vn 0.003909111 0.9137195 0.4063267
vn 0.003909111 0.9607774 0.2772932
vn -0.2235373 -0.003909111 0.9746875
vn -0.1764795 -0.1137108 0.9777141
vn -0.2235373 0.8666617 0.4460141
vn -0.02746284 0.9058765 0.4226506
vn -0.2549093 0.8666617 0.4288576
vn -0.2078514 0.8745047 0.4382229
vn -0.349025 0.8352897 0.4248207
vn -0.349025 0.7882318 0.5068254
vn -0.3254961 0.8431327 0.4279947
vn -0.6470582 -0.5215458 0.5561525
vn -0.5137275 -0.7803642 0.356533
vn -0.3647109 -0.5215458 0.7713469
vn -0.2862811 -0.6862484 0.6686601
vn -0.1843224 -0.4195871 0.8888037
vn -0.1372645 -0.3960581 0.9079077
vn -0.2235373 -0.003909111 0.9746875
vn -0.1764795 -0.1137108 0.9777141
vn -0.8588187 -0.4823309 0.1725904
vn -0.8980336 -0.4039011 0.1743546
vn -0.9372485 -0.3333143 0.1023077
vn -0.9137195 -0.3960581 0.09085485
vn -0.9117084 -0.4108378 0
vn -0.8901906 -0.450959 0.06478219
vn -0.8901906 -0.443116 0.1058722
vn -0.8901906 -0.42743 0.1576841
vn -0.8901906 -0.450959 0.06478219
vn -0.8901906 -0.435273 0.1345294
vn -0.8901906 -0.450959 0.06478219
vn -0.9117084 -0.4108378 0
vn -0.9117084 -0.4108378 0
vn -0.8980336 -0.4039011 0.1743546
vn -0.8901906 -0.42743 0.1576841
vn 0.9685956 -0.2391985 -0.067872
vn 0.9215378 -0.3490002 -0.170197
vn 0.9215378 -0.3490002 -0.170197
vn 0.9685956 -0.2470415 -0.0281611
vn 0.9670767 -0.2544848 0
vn 0.9529097 -0.3019423 0.02817683
vn 0.3882151 -0.9215378 -0.00756048
vn 0.3882151 -0.9215378 -0.00756048
vn 0.3882151 -0.9215378 -0.00756048
vn 0.3882151 -0.9215378 -0.00756048
vn -0.6078433 -0.6784054 0.4126653
vn -0.5607854 -0.5921326 0.5787043
vn -0.2392232 -0.7568352 0.6082538
vn -0.8196038 -0.4744879 0.3211088
vn -0.9529345 -0.2940994 0.07363011
vn -0.741174 -0.6627194 0.1070705
vn -0.30981 -0.835265 0.4542578
vn -0.4666697 -0.8744799 0.132304
vn -0.30981 -0.9215378 -0.2340639
vn -0.8274468 -0.5529177 -0.09804974
vn -0.6470582 -0.5999756 0.4704731
vn -0.07452071 -0.7803642 0.6208691
vn -0.07452071 -0.7803642 0.6208691
vn -0.3647109 0.8352897 0.4114329
vn -0.349025 0.8352897 0.4248207
vn -0.2549093 0.8666617 0.4288576
vn -0.341182 0.8352897 0.431145
vn -0.30981 0.8745047 0.3731746
vn -0.3254961 0.8431327 0.4279947
vn -0.2235373 0.8666617 0.4460141
vn -0.2862811 0.8901906 0.3544063
vn -0.5607854 0.0117768 0.8278774
vn -0.4666697 -0.5764467 0.6707672
vn -0.5294136 -0.7646782 0.3674079
vn -0.7960749 -0.003909111 0.6051855
vn -0.2235373 -0.003909111 0.9746875
vn -0.1843224 -0.4195871 0.8888037
vn -0.2862811 -0.6862484 0.6686601
vn -0.349025 -0.8587939 0.3750393
vn -0.749017 -0.02743804 0.6619824
vn -0.4980416 0.749017 0.4369532
vn -0.3960829 0.7882318 0.4709659
vn -0.4039259 -0.8666369 0.2928895
vn -0.341182 0.780389 0.5240114
vn -0.717645 -0.06665295 0.6932121
vn -0.333339 -0.9293808 0.158545
vn -0.2705952 0.9215626 0.2783895
vn -0.1607934 0.9137195 0.3731784
vn -0.1215786 0.8823476 0.4546222
vn -0.1370486 -0.9905643 0
vn -0.02746284 -0.9764386 -0.2140405
vn -0.2862811 0.8823476 0.3735048
vn -0.4274548 0.6156863 0.6619764
vn -0.2549093 0.6705872 0.6966593
vn -0.3176531 -0.9372237 0.1439034
vn -0.2549093 0.6705872 0.6966593
vn -0.2862811 0.8823476 0.3735048
vn -0.2235373 0.8666617 0.4460141
vn -0.2862811 0.8901906 0.3544063
vn -0.2705952 0.9215626 0.2783895
vn -0.2156943 0.9372485 0.2739365
vn -0.1607934 0.9137195 0.3731784
vn -0.1137356 0.9058765 0.4079853
vn -0.1137356 0.8823476 0.4566475
vn -0.1215786 0.8823476 0.4546222
vn 0.003909111 0.9607774 0.2772932
vn 0.003909111 0.9450915 0.3267826
vn -0.6313722 0.6549013 0.4152992
vn -0.5921574 0.6470582 0.4802763
vn -0.8196038 0.1294216 0.5581216
vn -0.717645 -0.01175207 0.6963099
vn -0.7647029 -0.1293968 0.6312574
vn -0.6627442 -0.1764547 0.7277595
vn -0.5686284 -0.1921406 0.7998398
vn -0.6470582 -0.5999756 0.4704731
vn -0.8196038 -0.4744879 0.3211088
vn -0.6627442 -0.6313475 0.4027039
vn -0.8588187 -0.450959 0.2430361
vn -0.9529345 -0.2940994 0.07363011
vn -0.9670784 -0.2544787 0
vn -0.8274468 -0.5372317 -0.1634436
vn -0.8274468 -0.5529177 -0.09804974
vn -0.30981 -0.9215378 -0.2340639
vn -0.6627442 -0.1764547 0.7277595
vn -0.6392152 -0.1764547 0.7485103
vn -0.5764714 -0.1686117 0.7995316
vn -0.5686284 -0.1921406 0.7998398
vn -0.7647029 -0.1293968 0.6312574
vn -0.7568599 -0.09802485 0.6461843
vn -0.6313722 0.1529505 0.7602469
vn -0.717645 -0.01175207 0.6963099
vn -0.5921574 0.6470582 0.4802763
vn -0.5294136 0.6392152 0.5577859
vn 0.003909111 0.9686204 0.2485141
vn 0.003909111 0.9607774 0.2772932
vn -0.341182 0.780389 0.5240114
vn -0.717645 -0.06665295 0.6932121
vn -0.709802 -0.09018189 0.6986045
vn -0.3176531 0.7882318 0.5270551
vn -0.3019671 -0.9529097 0.02791009
vn -0.333339 -0.9293808 0.158545
vn -0.02746284 -0.9764386 -0.2140405
vn -0.01961982 -0.9764386 -0.2149014
vn -0.1215786 0.8823476 0.4546222
vn -0.1137356 0.8823476 0.4566475
vn -0.1370486 -0.9905643 0
vn -0.05883467 -0.9842816 -0.1665179
vn -0.01961982 -0.9764386 -0.2149014
vn -0.02746284 -0.9764386 -0.2140405
vn -0.2862811 -0.9529097 0.1000312
vn -0.3176531 -0.9372237 0.1439034
vn -0.5137275 -0.7803642 0.356533
vn -0.349025 -0.8587939 0.3750393
vn -0.2862811 -0.6862484 0.6686601
vn 0.9842816 0.09804964 -0.1468877
vn 0.9842816 0.09020662 -0.1518305
vn 0.9842816 0.09020662 -0.1518305
vn 0.9685956 0.1843224 -0.1668766
vn 0.9685956 0.1764795 -0.17515
vn 0.9372237 0.2784382 -0.2099615
vn 0.9372237 0.2784382 -0.2099615
vn 0.6705624 -0.003909111 -0.7418429
vn 0.7333063 0.09020662 -0.6738877
vn 0.7254633 0.07452071 -0.6842147
vn 0.7725211 0.1607934 -0.6142936
vn 0.9670767 -0.2544848 0
vn 0.9529097 -0.3019423 0.02817683
vn 0.9058518 -0.4195871 0.05813034
vn 0.9058518 -0.4195871 0.05813034
vn 0.7960501 0.6000004 -0.07939658
vn 0.7411492 0.6627442 -0.1070886
vn 0.7333063 0.6627442 -0.1517633
vn 0.6470335 0.709802 -0.2784399
vn 0.5293888 0.8117608 -0.2465603
vn 0.6313475 0.7019591 -0.3296265
vn 0.6313475 0.741174 -0.2281696
vn 0.1293968 0.9607774 -0.245282
vn -0.09804964 0.9843063 -0.1467218
vn 0.6470335 0.6862731 -0.3322302
vn -0.6470582 -0.5215458 0.5561525
vn -0.3647109 -0.5215458 0.7713469
vn -0.5215706 -0.3882151 0.7597718
vn -0.991599 0.1293498 0
vn -0.9921494 0.1137356 0.0519989
vn -0.9921494 0.1137356 0.0519989
vn -0.991599 0.1293498 0
vn -0.9921494 0.09804964 0.07762687
vn -0.9921494 0.09804964 0.07762687
vn -0.9921494 0.1137356 0.0519989
vn -0.9921494 0.1137356 0.0519989
vn -0.8352897 0.5372565 -0.1168185
vn -0.8352897 0.5372565 -0.1168185
vn -0.8352897 0.5372565 -0.1168185
vn -0.8352897 0.5372565 -0.1168185
vn -0.8274468 -0.5529177 -0.09804974
vn -0.8274468 -0.5529177 -0.09804974
vn -0.8274468 -0.5529177 -0.09804974
vn -0.8274468 -0.5529177 -0.09804974
vn -0.1215786 -0.003909111 0.9925741
vn -0.1215786 -0.003909111 0.9925741
vn -0.1215786 -0.003909111 0.9925741
vn -0.1215786 -0.003909111 0.9925741
vn -0.1215786 -0.003909111 0.9925741
vn -0.1215786 -0.003909111 0.9925741
vn -0.1215786 -0.003909111 0.9925741
vn -0.1215786 -0.003909111 0.9925741
vn -0.1215786 -0.003909111 0.9925741
vn -0.1215786 -0.003909111 0.9925741
vn -0.1215786 0.9921494 -0.02929688
vn -0.1215786 0.9921494 -0.02929688
vn -0.1215786 0.9921494 -0.02929688
vn -0.1215786 0.9921494 -0.02929688
vn -0.1058927 -0.9921246 -0.06689899
vn -0.1058927 -0.9921246 -0.06689899
vn -0.1058927 -0.9921246 -0.06689899
vn -0.1058927 -0.9921246 -0.06689899
vn 0.07429062 0.9972366 0
vn 0.07429062 0.9972366 0
vn 0.07429062 0.9972366 0
vn 0.07429062 0.9972366 0
vn 0.09018189 -0.9921246 0.08692504
vn 0.09018189 -0.9921246 0.08692504
vn 0.09018189 -0.9921246 0.08692504
vn 0.09018189 -0.9921246 0.08692504
vn -0.1215786 -0.003909111 0.9925741
vn -0.1215786 -0.003909111 0.9925741
vn -0.1215786 -0.003909111 0.9925741
vn -0.1215786 -0.003909111 0.9925741
vn -0.1215786 -0.003909111 0.9925741
vn 0.7882071 -0.6078186 0.09636429
vn 0.7882071 -0.6078186 0.09636429
vn 0.7882071 -0.6078186 0.09636429
vn 0.7882071 -0.6078186 0.09636429
vn 0.7725211 0.6235293 0.1200929
vn 0.7725211 0.6235293 0.1200929
vn 0.7725211 0.6235293 0.1200929
vn 0.7725211 0.6235293 0.1200929
vn -0.6156863 0.5058846 0.6041615
vn -0.4352977 0.6627442 0.6093325
vn -0.2392232 0.780389 0.5777243
vn -0.2627522 0.7960749 0.5451845
vn -0.1215786 0.8352897 0.5361993
vn -0.05883467 0.8431327 0.534477
vn -0.5764714 0.6156863 0.5372253
vn -0.2392232 0.8196038 0.5205976
vn -0.8117608 -0.01175207 0.5838718
vn -0.8431327 -0.01175207 0.537577
vn -0.1843224 0.8274468 0.530431
vn -0.7725459 -0.01175207 0.6348501
vn -0.7254881 0.2313803 0.6481745
vn -0.7568599 -0.3019423 0.5796498
vn -0.7725459 -0.01175207 0.6348501
vn -0.6470582 -0.5137028 0.5634049
vn -0.8117608 -0.01175207 0.5838718
vn -0.8431327 -0.01175207 0.537577
vn -0.5764714 -0.6313475 0.5187302
vn -0.2549093 -0.819579 0.5131389
vn -0.2862811 -0.8038931 0.5213435
vn -0.4745127 -0.6705624 0.5702489
vn -0.2627522 -0.7960501 0.5452207
vn -0.1843224 -0.827422 0.5304697
vn -0.1372645 -0.8431079 0.5199302
vn -0.09020662 -0.850951 0.5174411
vn -0.3960829 0.1764795 -0.9010957
vn -0.3960829 0.1764795 -0.9010957
vn -0.3019671 0.2000084 -0.9321011
vn -0.3176531 0.1921654 -0.9285306
vn -0.2235373 0.2156943 -0.9505299
vn -0.2235373 0.2156943 -0.9505299
vn -0.9117084 -0.4108378 0
vn -0.9117084 -0.4108378 0
vn -0.9117084 -0.4108378 0
vn -0.9117084 -0.4108378 0
vn -0.5843143 -0.01959509 -0.8112908
vn -0.5843143 -0.02743804 -0.8110634
vn -0.5686284 0.04314876 -0.821462
vn -0.5686284 0.04314876 -0.821462
vn -0.5843143 -0.01959509 -0.8112908
vn -0.6000004 -0.09018189 -0.7949005
vn -0.6000004 -0.09018189 -0.7949005
vn -0.5843143 -0.02743804 -0.8110634
vn 0.4980168 -0.850951 -0.1669183
vn 0.4980168 -0.850951 -0.1669183
vn 0.4980168 -0.850951 -0.1669183
vn 0.4980168 -0.850951 -0.1669183
vn -0.341182 -0.2078266 -0.9167349
vn -0.3254961 -0.2078266 -0.922421
vn -0.4274548 -0.1999836 -0.8816399
vn -0.4274548 -0.1999836 -0.8816399
vn -0.2392232 -0.2156696 -0.9467095
vn -0.2392232 -0.2156696 -0.9467095
vn 0.7097774 0.6941161 0.1200788
vn 0.7097774 0.6941161 0.1200788
vn 0.7489922 0.6470582 0.1425704
vn 0.7333063 0.6705872 0.1121371
vn 0.7646782 0.6156863 0.1902568
vn 0.7646782 0.6156863 0.1902568
vn 0.7176203 -0.6784054 0.1574398
vn 0.7019343 -0.6940913 0.1597669
vn 0.7333063 -0.6470335 0.2088292
vn 0.7333063 -0.6470335 0.2088292
vn 0.6705624 -0.7254633 0.1550777
vn 0.6705624 -0.7254633 0.1550777
vn -0.9371298 0.3489808 0
vn -0.9371298 0.3489808 0
vn -0.9371298 0.3489808 0
vn -0.9371298 0.3489808 0
vn 0.4744879 0.8509758 -0.2251699
vn 0.4744879 0.8509758 -0.2251699
vn 0.4744879 0.8509758 -0.2251699
vn 0.4744879 0.8509758 -0.2251699
vn -0.5215706 -0.7960501 0.3070317
vn -0.4980416 -0.7882071 0.3615025
vn -0.6784302 -0.7176203 0.1573329
vn -0.6862731 -0.7097774 0.1588879
vn -0.8352897 -0.5372317 0.1169323
vn -0.8352897 -0.5293888 0.1484541
vn -0.8117608 -0.4901739 0.3174492
vn -0.8039179 -0.4980168 0.3251081
vn -0.6784302 -0.6078186 0.4126609
vn -0.6627442 -0.6313475 0.4027039
vn -0.5529425 -0.7803642 0.2920383
vn -0.5372565 -0.7960501 0.278675
vn -0.4823556 -0.8666369 0.1275676
vn -0.4823556 -0.8666369 0.1275676
vn -0.4588267 -0.7725211 0.4389638
vn -0.4745127 -0.8744799 -0.1006114
vn -0.1215786 -0.003909111 0.9925741
vn -0.1215786 -0.003909111 0.9925741
vn -0.1215786 -0.003909111 0.9925741
vn -0.1215786 -0.003909111 0.9925741
vn -0.1215786 -0.003909111 0.9925741
vn -0.1215786 -0.003909111 0.9925741
vn -0.8588187 0.4980416 -0.1199379
vn -0.8588187 0.4980416 -0.1199379
vn -0.8588187 0.4980416 -0.1199379
vn -0.8588187 0.4980416 -0.1199379
vn -0.8509758 -0.5137028 -0.1093148
vn -0.8509758 -0.5137028 -0.1093148
vn -0.8509758 -0.5137028 -0.1093148
vn -0.8509758 -0.5137028 -0.1093148
vn 0.8666369 0.4901986 0.09298241
vn 0.8666369 0.4901986 0.09298241
vn 0.8666369 0.4901986 0.09298241
vn 0.8666369 0.4901986 0.09298241
vn 0.8744799 -0.4744879 0.1007281
vn 0.8744799 -0.4744879 0.1007281
vn 0.8744799 -0.4744879 0.1007281
vn 0.8744799 -0.4744879 0.1007281
vn -0.003933906 0.9999923 0
vn -0.003933906 0.9999923 0
vn -0.003933906 0.9999923 0
vn -0.003933906 0.9999923 0
vn 0.01959196 -0.9998081 0
vn 0.01959196 -0.9998081 0
vn 0.01959196 -0.9998081 0
vn 0.01959196 -0.9998081 0
vn -0.254508 -0.9670707 0
vn -0.254508 -0.9670707 0
vn -0.254508 -0.9670707 0
vn -0.254508 -0.9670707 0
vn -0.2705952 -0.9607527 0.0610947
vn -0.3176531 -0.9450667 0.07710709
vn -0.4509838 -0.8666369 0.2134339
vn -0.2941241 -0.9529097 0.07385203
vn -0.5294136 -0.811736 0.2465884
vn -0.5921574 -0.7411492 0.3163028
vn -0.3254961 -0.9450667 -0.03002136
vn -0.6862731 -0.5764467 0.4435522
vn -0.6862731 -0.5607607 0.4632242
vn -0.6862731 -0.5529177 0.4725582
vn -0.1370453 0.9905648 0
vn -0.333339 0.9294056 0.1583997
vn -0.1916118 0.9814708 0
vn -0.4196118 0.8823476 0.2130461
vn -0.1607934 0.9843063 -0.07270842
vn -0.4901986 0.8274468 0.2739289
vn -0.1921654 0.9764634 -0.09793691
vn -0.6078433 0.6705872 0.4252521
vn -0.6078433 0.6627442 0.4373748
vn -0.6156863 0.6549013 0.4382176
vn -0.6313722 -0.5999756 0.4913232
vn -0.5843143 -0.6078186 0.5377111
vn -0.5843143 -0.6078186 0.5377111
vn -0.6313722 -0.5999756 0.4913232
vn -0.6784302 -0.5842897 0.4453516
vn -0.6784302 -0.5842897 0.4453516
vn 0.6156616 -0.4039011 -0.6766275
vn 0.6627194 -0.3019423 -0.6852983
vn 0.7882071 -0.05881 -0.6125936
vn 0.7333063 -0.05881 -0.6773502
vn 0.5842897 -0.05096698 -0.8099432
vn 0.5215458 -0.3568432 -0.775018
vn 0.443116 -0.3882151 -0.8080453
vn 0.4980168 -0.05096698 -0.8656683
vn -0.06653211 -0.9977843 0
vn -0.08208841 -0.9966251 0
vn -0.1451075 -0.9842816 -0.1006656
vn -0.1372645 -0.9842816 -0.1111223
vn -0.1372645 -0.9842816 -0.1111223
vn 0.01175164 -0.999931 0
vn 0.003909111 -0.9999676 0.007042092
vn -0.5215706 0.6862731 0.5069451
vn -0.5215706 0.6862731 0.5069451
vn -0.5607854 0.6784302 0.4746074
vn -0.5607854 0.6784302 0.4746074
vn -0.6000004 0.6705872 0.436248
vn -0.6000004 0.6705872 0.436248
vn 0.6627194 0.3019671 -0.6852874
vn 0.7882071 -0.05881 -0.6125936
vn 0.6940913 0.2000084 -0.6915445
vn 0.7333063 -0.05881 -0.6773502
vn 0.5842897 -0.05096698 -0.8099432
vn 0.5607607 0.2549093 -0.7877618
vn 0.4980168 -0.05096698 -0.8656683
vn 0.4901739 0.2941241 -0.8205002
vn 0.06650589 0.997786 0
vn -0.0117768 0.9921494 -0.1245029
vn 0.04308431 0.9990715 0
vn -0.0117768 0.9921494 -0.1245029
vn 0.003909111 0.9921494 -0.1249976
vn 0.137021 0.9905682 0
vn 0.1215538 0.9921494 0.02939944
vn -0.4274548 -0.8901659 0.1577564
vn -0.5529425 -0.7725211 0.312195
vn -0.4901986 -0.7333063 0.471134
vn -0.4196118 -0.811736 0.4062149
vn -0.5058846 -0.6940913 0.5121698
vn -0.5921574 -0.7646782 0.2541987
vn -0.6862731 -0.6862484 0.2410237
vn -0.2941241 -0.8901659 0.3479881
vn -0.1215786 -0.8823229 0.4546701
vn -0.5137275 -0.835265 0.196001
vn -0.5843143 -0.7882071 0.1931483
vn -0.6156863 -0.7646782 0.1902568
vn -0.380397 -0.9215378 0.0778866
vn -0.30981 0.9372485 0.159947
vn -0.333339 0.7960749 0.5051237
vn -0.3882399 0.8352897 0.3893082
vn -0.30981 0.7254881 0.6145607
vn -0.3176531 0.8588187 0.4019043
vn -0.4588267 0.8431327 0.2803662
vn -0.5058846 0.8352897 0.2153412
vn -0.6000004 0.7725459 0.2077795
vn -0.1843224 0.9294056 0.3197352
vn -0.0117768 0.9058765 0.4233781
vn -0.4039259 0.8980336 0.1742971
vn -0.4823556 0.8588187 0.1725214
vn -0.5215706 0.8352897 0.1739404
vn -0.2392232 0.9686204 0.06742968
vn 0.2627274 0.9529345 0.1512949
vn -0.06667769 0.9137195 0.4008375
vn -0.1607934 0.8980336 0.4094888
vn 0.2548845 0.9529345 0.1641638
vn 0.05096698 0.9215626 0.3848699
vn -0.5764714 0.4666697 0.6707459
vn -0.4745127 0.5058846 0.7203599
vn -0.6784302 -0.2940994 0.6732295
vn -0.6862731 0.3725539 0.6246862
vn -0.7254881 -0.2784134 0.6294069
vn -0.5529425 -0.6156616 0.5614405
vn -0.6000004 -0.5686036 0.5627517
vn -0.4901986 -0.5764467 0.6537695
vn -0.6313722 -0.1764547 0.7551376
vn 0.1921406 -0.9450667 0.2644445
vn 0.5842897 -0.7960501 0.1578286
vn 0.5686036 -0.8038931 0.1744871
vn 0.1999836 -0.9293808 0.3102546
vn 0.4588019 -0.8666369 0.1960642
vn 0.7176203 -0.6940913 0.05708246
vn 0.8581858 -0.513339 0
vn 0.8666369 -0.4980168 -0.03032557
vn 0.9685956 0.2470663 -0.02794277
vn 0.9293808 0.356868 -0.09432181
vn 0.9293808 0.356868 -0.09432181
vn 0.9685956 0.2470663 -0.02794277
vn 0.8888703 0.4581589 0
vn 0.8888703 0.4581589 0
vn -0.5450995 -0.7960501 0.2630035
vn -0.1058927 -0.9764386 -0.1880274
vn -0.5372565 -0.827422 0.1634878
vn -0.8431327 0.2235373 0.4890381
vn -0.8666617 -0.1293968 0.4818237
vn -0.6313722 -0.4980168 0.5944312
vn -0.4352977 -0.8744799 0.2140112
vn -0.7568599 0.5607854 0.3356826
vn -0.4980416 -0.8587939 -0.1201147
vn -0.6470582 -0.4744879 0.5968055
vn -0.4588267 -0.7725211 0.4389638
vn -0.1764795 -0.9136948 0.3660831
vn -0.2862811 -0.9293808 0.2330119
vn -0.7647029 0.03530574 0.6434151
vn -0.7725459 0.003933907 0.6349467
vn -0.8823476 0.1686364 0.4393455
vn 0.09802485 -0.9529097 0.2869743
vn 0.1215538 -0.9607527 0.2493571
vn -0.5450995 -0.7803642 0.3064284
vn -0.9294056 -0.3411573 0.140773
vn 0.05881 -0.9293808 0.3644074
vn -0.8196038 0.3176531 0.4768083
vn -0.6862731 0.4352977 0.582705
vn -0.7019591 0.4431407 0.5575659
vn -0.5372565 0.6705872 0.5115352
vn -0.8980336 0.1137356 0.4249704
vn -0.7647029 0.4980416 0.4088814
vn -0.8117608 0.4117688 0.4141146
vn -0.6705872 0.5843143 0.4570444
vn -0.7960749 0.4431407 0.4121785
vn -0.8509758 0.3176531 0.4182545
vn -0.8431327 0.2705952 0.4646562
vn -0.5921574 0.7019591 0.3957311
vn -0.5215706 0.741174 0.4226409
vn -0.5450995 0.6470582 0.5330874
vn 0.6705624 0.2549093 -0.6966831
vn 0.5372317 0.05099177 -0.8418919
vn 0.4744879 -0.1137108 -0.8728866
vn 0.3882151 0.03530574 -0.9208922
vn 0.1215538 0.1058927 -0.9869202
vn 0.42743 -0.2705705 -0.8626095
vn 0.4588019 -0.3254713 -0.8267824
vn 0.435273 -0.1764547 -0.882837
vn 0.3803722 0.0117768 -0.9247585
vn 0.6705624 0.09804964 -0.7353451
vn 0.5450747 0.03530574 -0.8376437
vn 0.6156616 0.05883467 -0.7858112
vn 0.7568352 0.1843224 -0.6270771
vn 0.7411492 0.333339 -0.5827374
vn 0.6862484 0.4117688 -0.5995913
vn 0.42743 0.349025 -0.8339575
vn 0.850951 0.06667769 -0.5209957
vn 0.7725211 0.1137356 -0.6247202
vn 0.7960501 0.2392232 -0.5559465
vn 0.003909111 0.6705872 -0.7418205
vn 0.6391905 0.4745127 -0.6052051
vn 0.3568432 0.01961982 -0.9339582
vn 0.443116 0.8823476 -0.1584644
vn 0.443116 0.8823476 -0.1584644
vn 0.435273 0.8588187 -0.2701259
vn 0.435273 0.8509758 -0.2939009
vn 0.435273 0.8274468 -0.3547805
vn 0.435273 0.8196038 -0.3725414
vn 0.450959 0.8901906 -0.06478197
vn 0.450959 0.8901906 -0.06478197
vn -0.5215706 0.3725539 -0.7675726
vn -0.5215706 0.3725539 -0.7675726
vn -0.5372565 0.341182 -0.7713302
vn -0.5058846 0.4039259 -0.7621841
vn -0.6235293 0.3176531 -0.7143583
vn -0.6235293 0.3176531 -0.7143583
vn -0.6235293 0.3176531 -0.7143583
vn -0.6313722 -0.1215538 -0.7658941
vn -0.6235293 -0.01959509 -0.7815543
vn -0.6235293 -0.035281 -0.7810035
vn -0.6235293 0.05099177 -0.7801353
vn -0.7647029 0.4980416 0.4088814
vn -0.6549013 0.5607854 0.5065807
vn -0.6627442 0.5607854 0.496276
vn -0.8980336 0.1137356 0.4249704
vn -0.5921574 0.5607854 0.578679
vn -0.5921574 0.5607854 0.578679
vn -0.5843143 0.5137275 0.6282203
vn -0.5843143 0.5058846 0.634553
vn -0.6000004 0.4823556 0.6382262
vn -0.6078433 -0.6862484 0.3994868
vn -0.6078433 -0.7176203 0.3399231
vn -0.5372565 -0.811736 0.2289979
vn -0.5294136 -0.811736 0.2465884
vn -0.4431407 -0.8666369 0.2292743
vn -0.4431407 -0.8666369 0.2292743
vn -0.4980416 -0.8431079 0.2027895
vn -0.5137275 -0.835265 0.196001
vn -0.5921574 -0.7960501 0.1251158
vn 0.2627274 0.8039179 -0.5335638
vn 0.09802485 0.7647029 -0.6368835
vn 0.3019423 0.8117608 -0.4998752
vn 0.450959 0.8117608 -0.3710531
vn 0.450959 0.8117608 -0.3710531
vn 0.4901739 0.8117608 -0.3174492
vn 0.4901739 0.8117608 -0.3174492
vn 0.4980168 0.8196038 -0.283247
vn 0.4980168 0.8196038 -0.283247
vn 0.2313555 -0.5764467 -0.7836989
vn -0.01961982 -0.435273 -0.9000847
vn 0.1842977 -0.5529177 -0.8125985
vn 0.435273 -0.6705624 -0.6007358
vn 0.443116 -0.6705624 -0.5949742
vn 0.4980168 -0.7254633 -0.4750603
vn 0.4980168 -0.7254633 -0.4750603
vn 0.5058599 -0.7568352 -0.4138916
vn 0.5058599 -0.7568352 -0.4138916
vn 0.8901659 -0.3019423 -0.3412265
vn 0.850951 0.06667769 -0.5209957
vn 0.7725211 0.1137356 -0.6247202
vn 0.9136948 -0.2313555 -0.3341203
vn 0.6391905 0.4745127 -0.6052051
vn 0.9529097 -0.06665295 -0.2958386
vn 0.5137028 -0.7960501 -0.3200214
vn 0.5686036 -0.6862484 -0.4536001
vn 0.5764467 -0.6784054 -0.4554946
vn 0.5137028 -0.7960501 -0.3200214
vn 0.443116 -0.450959 -0.7747801
vn 0.42743 -0.443116 -0.7880049
vn 0.1215538 -0.2784134 -0.9527385
vn 0.435273 0.8274468 -0.3547805
vn 0.3960581 0.8274468 -0.3980826
vn 0.3960581 0.8274468 -0.3980826
vn 0.435273 0.8196038 -0.3725414
vn 0.1215538 0.8352897 -0.5362049
vn 0.1607687 0.8431327 -0.5131087
vn -0.1843224 0.7254881 -0.663093
vn -0.8980336 -0.2862564 0.3340552
vn -0.7568599 0.4117688 0.5075525
vn -0.8274468 -0.3176283 0.463081
vn -0.5215706 -0.811736 0.2627713
vn -0.6549013 0.6000004 0.4594604
vn -0.8431327 0.01961982 0.5373474
vn -0.5921574 0.7019591 0.3957311
vn -0.7960749 0.4431407 0.4121785
vn -0.6784302 -0.6078186 0.4126609
vn -0.8509758 0.3176531 0.4182545
vn 0.003909111 0.6705872 -0.7418205
vn -0.04314876 0.8196038 -0.5713036
vn 0.6078186 0.5372565 -0.5847325
vn 0.6391905 0.4745127 -0.6052051
vn 0.5450747 0.356868 -0.7586427
vn -0.1372645 0.6549013 -0.7431439
vn 0.4117441 0.1294216 -0.9020626
vn 0.9529097 -0.06665295 -0.2958386
vn 0.6391905 0.4745127 -0.6052051
vn 0.6078186 0.5372565 -0.5847325
vn 0.9685956 -0.06665295 -0.2395411
vn 0.5450747 0.356868 -0.7586427
vn 0.9372237 -0.1686117 -0.3052568
vn 0.4117441 0.1294216 -0.9020626
vn -0.6313722 -0.6391905 0.4390953
vn -0.5450995 -0.7803642 0.3064284
vn 0.05881 -0.9293808 0.3644074
vn 0.07449591 -0.8901659 0.4495053
vn -0.9764634 -0.06665295 0.2051257
vn -0.9294056 -0.3411573 0.140773
vn 0.1215538 -0.8901659 0.4391234
vn -0.6313722 -0.7019343 0.3296321
vn -0.5215706 -0.827422 0.2081754
vn -0.9843063 -0.1372398 0.1109337
vn -0.4039259 0.8352897 0.373008
vn -0.7568599 0.5607854 0.3356826
vn -0.8431327 0.2235373 0.4890381
vn -0.7254881 0.4039259 0.5572351
vn -0.5372565 -0.827422 0.1634878
vn -0.5450995 -0.811736 0.2096453
vn 0.01175207 -0.9685956 -0.2483635
vn 0.02743804 -0.9685956 -0.2471228
vn -0.6392152 -0.7568352 0.1363977
vn -0.7254881 0.4823556 0.4909177
vn -0.9843063 -0.1529257 0.08806114
vn -0.05099177 -0.9372237 -0.3449805
vn -0.333339 0.8980336 0.2870902
vn 0.2391985 -0.9372237 -0.2537631
vn 0.3019423 -0.8980088 -0.3200171
vn 0.3019423 -0.8980088 -0.3200171
vn 0.2391985 -0.9372237 -0.2537631
vn 0.3490002 -0.835265 -0.4248897
vn 0.3490002 -0.827422 -0.4399678
vn 0.1921406 -0.7411492 -0.6432571
vn 0.2156696 -0.7568352 -0.6169984
vn 0.01959509 -0.6313475 -0.7752524
vn 0.7097774 0.5529425 -0.4364295
vn 0.6548765 0.6078433 -0.4490694
vn 0.6548765 0.6156863 -0.4382547
vn 0.7097774 0.5529425 -0.4364295
vn 0.5372317 0.6941161 -0.4791501
vn 0.5372317 0.6941161 -0.4791501
vn 0.3568432 0.717645 -0.5980372
vn 0.3803722 0.7254881 -0.5735713
vn 0.1842977 0.6862731 -0.7036076
vn -0.9764634 -0.01959509 0.214791
vn -0.6392152 0.6470582 0.4155954
vn -0.8901906 -0.1137108 0.4411695
vn -0.5921574 -0.7725211 0.2292614
vn -0.7882318 -0.02743804 0.6147664
vn -0.5215706 0.733331 0.4361076
vn -0.5372565 0.7647029 0.3557877
vn -0.8509758 0.1215786 0.5109392
vn -0.8431327 0.2705952 0.4646562
vn -0.8509758 0.3176531 0.4182545
vn -0.6941161 -0.6078186 0.3856933
vn -0.8980336 0.1137356 0.4249704
vn -0.5294136 -0.7646782 0.3674079
vn 0.7803642 0.3647109 -0.5079545
vn 0.7803642 0.3725539 -0.5022304
vn 0.8038931 0.4196118 -0.4215232
vn 0.8038931 0.4196118 -0.4215232
vn 0.6391905 0.333339 -0.6930517
vn 0.6391905 0.3254961 -0.6967696
vn 0.4980168 0.349025 -0.7938266
vn -0.5843143 -0.6313475 0.5098794
vn -0.6078433 -0.7176203 0.3399231
vn -0.6078433 -0.6862484 0.3994868
vn 0.01175207 -0.9685956 -0.2483635
vn -0.003933907 -0.01175207 0.9999232
vn -0.003933907 -0.01175207 0.9999232
vn -0.003933907 -0.003909111 0.9999846
vn -0.003933907 -0.003909111 0.9999846
vn -0.003933907 -0.003909111 0.9999846
vn -0.9764634 0.07452071 -0.2024002
vn -0.9764634 0.02746284 -0.2139274
vn -0.9764634 0.1137356 -0.1832577
vn -0.9843063 0.09804964 -0.1467219
vn -0.9686204 0.2313803 -0.09076139
vn 0.9685956 0.2392232 0.06778476
vn 0.9921246 0.08236372 -0.09436595
vn 0.9921246 0.07452071 -0.1006746
vn 0.9921246 -0.01175207 -0.1247021
vn 0.9921246 -0.003909111 -0.1251936
vn -0.0352849 -0.9993773 0
vn -0.0352849 -0.9993773 0
vn -0.0352849 -0.9993773 0
vn -0.9686204 -0.1999836 -0.1475841
vn -0.9764634 -0.1764547 -0.1240279
vn -0.1843224 -0.9685956 -0.1668767
vn -0.1686364 -0.9607527 -0.2202636
vn 0.9529097 -0.3019423 -0.02817683
vn 0.9450667 -0.3176283 -0.07720882
vn -0.6626592 0.748921 0
vn -0.6626592 0.748921 0
vn 0.5058599 0.8588187 0.08084778
vn 0.4901739 0.8666617 0.09288228
vn 0.9529097 -0.3019423 -0.02817683
vn 0.9450667 -0.3176283 -0.07720882
vn -0.9764634 -0.2156696 -0.002407603
vn -0.1137356 -0.9764386 -0.1833898
vn -0.6941161 0.709802 0.1199327
vn 0.443116 0.8901906 0.1058723
vn 0.9685956 -0.2313555 -0.09108867
vn 0.9842816 -0.1529257 -0.0883372
vn 0.3326006 0.9430678 0
vn -0.733331 0.6784302 -0.04425078
vn -0.780389 0.6235293 -0.04694933
vn -0.9529345 -0.2784134 -0.1200076
vn -0.9747888 -0.2231292 0
vn -0.05092726 -0.9987024 0
vn 0.1686117 -0.9685956 0.1827364
vn 0.9905676 -0.1370244 0
vn 0.9842816 -0.1529257 -0.0883372
vn -0.1058927 -0.9842816 -0.1413382
vn 0.9764386 -0.1293968 0.1726964
vn -0.9058765 -0.4039011 0.127482
vn -0.749017 0.6470582 0.1424401
vn 0.2783289 0.9604858 0
vn 0.9905676 -0.1370244 0
vn 0.6627194 0.733331 0.1517518
vn 0.1842977 -0.8901659 0.4167002
vn -0.7882318 -0.5686036 0.2353305
vn 0.9215378 -0.3254713 0.2117466
vn 0.003909111 0.9999924 0
vn 0.9764386 -0.1293968 0.1726964
vn 0.9685956 -0.2313555 -0.09108867
vn -0.9764634 -0.1764547 -0.1240279
vn -0.9686204 -0.2156696 -0.1235359
vn -0.2235373 -0.9685956 -0.1088741
vn -0.1843224 -0.9685956 -0.1668767
vn -0.709802 0.7019591 -0.05860418
vn -0.6626592 0.748921 0
vn 0.3803722 0.9215626 0.07771384
vn 0.4901739 0.8666617 0.09288228
vn 0.9604839 -0.2783355 0
vn 0.9604839 -0.2783355 0
vn 0.9450667 -0.3176283 -0.07720882
vn 0.9450667 -0.3176283 -0.07720882
vn -0.0117768 0.06667769 -0.997705
vn -0.01961982 0.09804964 -0.9949881
vn -0.01961982 0.09804964 -0.9949881
vn -0.0117768 0.05883467 -0.9981983
vn 0.003909111 0.003933907 -0.9999846
vn 0.1842977 -0.8901659 0.4167002
vn -0.5450995 -0.7489922 0.3766659
vn -0.7882318 -0.5686036 0.2353305
vn 0.42743 -0.7960501 0.4284948
vn 0.42743 -0.6940913 0.5792588
vn -0.5607854 -0.6862484 0.4632309
vn -0.9294056 -0.3254713 0.1739936
vn -0.9686204 -0.2235125 0.1087044
vn 0.9215378 -0.3254713 0.2117466
vn 0.9842816 -0.05096698 0.169092
vn 0.9921246 0.003933907 0.1251928
vn 0.9921246 0.1215786 -0.03012255
vn 0.9764386 -0.1999836 -0.08108095
vn -0.780389 -0.6156616 0.1093339
vn 0.8744799 0.4431407 -0.1972592
vn 0.9058518 0.2862811 -0.3122108
vn -0.9843063 -0.035281 -0.1729054
vn -0.9843063 0.1058927 -0.1411658
vn -0.997786 -0.06650589 0
vn -0.9686204 0.1294216 -0.2121899
vn 0.1999836 -0.6627194 0.7216713
vn 0.9058518 0.3882399 -0.1694174
vn 0.6627194 0.733331 0.1517518
vn 0.8980088 0.4274548 0.1042234
vn 0.9764386 -0.1293968 0.1726964
vn 0.003909111 0.9999924 0
vn 0.9215378 -0.3254713 0.2117466
vn 0.9921246 0.1215786 -0.03012255
vn 0.9058518 0.2862811 -0.3122108
vn 0.819579 0.5372565 -0.1991124
vn 0.6391905 0.30981 -0.7038844
vn 0.8744799 0.4431407 -0.1972592
vn 0.9058518 0.2862811 -0.3122108
vn 0.6391905 0.30981 -0.7038844
vn 0.4744879 0.709802 -0.5206172
vn 0.9058518 0.3882399 -0.1694174
vn 0.5686036 0.741174 -0.3568627
vn 0.9372237 -0.1058679 -0.3322704
vn 0.9764386 -0.1999836 -0.08108095
vn 0.2235125 -0.9529097 0.2049518
vn 0.1764547 -0.9372237 -0.3007913
vn -0.780389 -0.5686036 -0.2601595
vn -0.780389 -0.6156616 0.1093339
vn -0.9843063 -0.035281 -0.1729054
vn -0.7725459 0.4980416 -0.3938621
vn 0.1999836 -0.6627194 0.7216713
vn -0.9843063 0.1058927 -0.1411658
vn -0.6784302 0.5764714 -0.4554263
vn -0.9686204 0.1294216 -0.2121899
vn -0.7019591 0.2862811 -0.6521477
vn -0.8352897 0.5137275 -0.1958957
vn -0.9529345 0.3019671 0.0270498
vn -0.997786 -0.06650589 0
vn -0.9686204 0.1294216 -0.2121899
vn -0.7019591 0.2862811 -0.6521477
vn -0.7882318 -0.5686036 0.2353305
vn -0.9058765 -0.4039011 0.127482
vn -0.749017 0.6470582 0.1424401
vn 0.003909111 0.9999924 0
vn 0.6391905 0.30981 -0.7038844
vn -0.7019591 0.2862811 -0.6521477
vn -0.6784302 0.5764714 -0.4554263
vn 0.4744879 0.709802 -0.5206172
vn 0.5686036 0.741174 -0.3568627
vn -0.7725459 0.4980416 -0.3938621
vn -0.1686364 0.9764634 0.1344652
vn 0.5058599 0.8588187 -0.08084778
vn -0.1686364 0.9764634 -0.1344652
vn -0.749017 0.6549013 -0.1003886
vn -0.6705872 0.733331 0.1119754
vn -0.08236372 0.8274468 0.5554709
vn 0.4823309 0.8666617 0.1274928
vn 0.6470335 0.6941161 0.3155163
vn -0.07452071 0.9764634 0.2024001
vn 0.8980088 0.4274548 0.1042234
vn -0.0117768 0.9764634 -0.2153612
vn 0.819579 0.5372565 -0.1991124
vn -0.9529345 0.3019671 0.0270498
vn -0.8352897 0.5137275 -0.1958957
vn 0.01175207 0.709802 -0.7043032
vn 0.5372317 0.341182 -0.7713475
vn 0.6391905 0.30981 -0.7038844
vn -0.4823556 0.349025 -0.8034393
vn -0.7019591 0.2862811 -0.6521477
vn -0.709802 0.6078433 0.3559601
vn 0.1529257 -0.8823229 0.4451067
vn 0.1607687 -0.9058518 0.3919003
vn 0.05881 -0.435273 0.8983757
vn 0.09802485 -0.9921246 0.07797341
vn 0.09802485 -0.9921246 0.07797341
vn 0.0352602 -0.9993781 0
vn 0.0352602 -0.9993781 0
vn 0.5372317 0.341182 -0.7713475
vn -0.4823556 0.349025 -0.8034393
vn -0.7019591 0.2862811 -0.6521477
vn 0.6391905 0.30981 -0.7038844
vn 0.01175207 0.709802 -0.7043032
vn -0.8338622 -0.5519727 0
vn -0.8274468 -0.5529177 0.09804974
vn -0.8274468 -0.5607607 0.02965027
vn -0.8431327 -0.5293888 0.09420554
vn -0.8117608 -0.5607607 0.1630699
vn -0.7960749 -0.5764467 0.1843206
vn 0.05096698 -0.7019343 0.7104157
vn 0.05096698 -0.7019343 0.7104157
vn 0.05096698 -0.7019343 0.7104157
vn 0.9215378 -0.3803722 0.07800751
vn 0.9136948 -0.3882151 0.1202115
vn 0.9136948 -0.3882151 0.1202115
vn 0.9293808 -0.3646862 0.05705583
vn 0.8980088 -0.3960581 0.1916198
vn 0.8744799 -0.4195871 0.2433755
vn -0.9686204 -0.2391985 -0.06751716
vn -0.9686204 -0.2470415 -0.0272948
vn -0.9607774 -0.2548845 -0.1092735
vn -0.9686204 -0.2470415 -0.0272948
vn -0.9670784 -0.2544787 0
vn -0.9686204 -0.2470415 -0.0272948
vn -0.9607774 -0.2627274 -0.0887755
vn -0.9607774 -0.2627274 -0.0887755
vn 0.7882071 -0.5842897 0.1932229
vn 0.7019343 -0.6940913 -0.1597669
vn 0.8038931 -0.2940994 -0.5169734
vn 0.8888803 -0.4581393 0
vn 0.450959 -0.8901659 0.06512059
vn 0.6940913 -0.6391905 0.3311688
vn 0.3725291 -0.7411492 0.5584978
vn 0.003909111 -0.7882071 0.6153976
vn 0.003909111 -0.9921246 0.1251937
vn 0.003909111 -0.7725211 0.634977
vn 0.4195871 -0.7019343 0.5755301
vn 0.003909111 -0.8666369 0.498924
vn 0.003909111 -0.7725211 0.634977
vn 0.4195871 -0.7019343 0.5755301
vn 0.42743 -0.7882071 0.4427562
vn 0.7725211 -0.5764467 0.2663088
vn 0.6940913 -0.6391905 0.3311688
vn 0.8431079 -0.5293888 0.09442736
vn 0.7882071 -0.5842897 0.1932229
vn 0.8888803 -0.4581393 0
vn 0.7882071 0.4980416 0.3615025
vn 0.7882071 0.4980416 0.3615025
vn 0.9215378 0.2235373 0.3174889
vn 0.9764386 -0.04312402 0.2114424
vn 0.450959 0.7882318 0.4187201
vn 0.4666449 0.7882318 0.4011646
vn 0.003909111 0.8745047 0.4850013
vn 0.003909111 0.8745047 0.4850013
vn 0.9764386 -0.1215538 0.1783037
vn 0.8901659 -0.3960581 0.2252614
vn 0.8980088 -0.3960581 0.1916198
vn 0.7948036 -0.6068668 0
vn 0.7803642 -0.6235045 -0.04768561
vn 0.05871046 -0.9982751 0
vn 0.09802485 -0.9921246 -0.07797341
vn 0.09802485 -0.9921246 -0.07797341
vn 0.05871046 -0.9982751 0
vn 0.003909111 -0.9999676 -0.007042092
vn 0.003909111 -0.9999676 -0.007042092
vn 0.06650754 -0.997786 0
vn 0.06650754 -0.997786 0
vn 0.06650754 -0.997786 0
vn 0.003909111 -0.9999676 -0.007042092
vn 0.003909111 -0.9999676 -0.007042092
vn 0.3019423 0.6784302 -0.6697487
vn 0.5999756 0.349025 -0.7198686
vn 0.6156616 0.3254961 -0.7176442
vn 0.3019423 0.6784302 -0.6697487
vn 0.003909111 0.7647029 -0.6443712
vn 0.003909111 0.7647029 -0.6443712
vn 0.8038931 -0.2940994 -0.5169734
vn 0.7882071 -0.2235125 -0.5733861
vn 0.5372317 -0.7489922 -0.387805
vn 0.7019343 -0.6940913 -0.1597669
vn 0.3568432 -0.9293808 -0.09441553
vn 0.450959 -0.8901659 0.06512059
vn 0.003909111 -0.9999676 -0.007042092
vn 0.003909111 -0.9921246 0.1251937
vn 0.4980168 0.2313803 0.8357286
vn 0.6548765 0.2156943 0.7243016
vn 0.5450747 0.2941241 0.7851017
vn 0.4823309 0.2470663 0.8404256
vn 0.4980168 0.3176531 0.8068927
vn 0.003909111 0.2313803 0.9728555
vn 0.003909111 0.4196118 0.9076952
vn 0.003909111 0.6235293 0.7817902
vn 0.3568432 0.5607854 0.7471162
vn 0.003909111 0.6549013 0.7557043
vn 0.3725291 0.5607854 0.7394199
vn 0.5842897 0.3882399 0.7126538
vn 0.003909111 0.2078514 0.9781526
vn 0.9685956 -0.2470415 -0.0281611
vn 0.9685956 0.2000084 0.1477132
vn 0.9764386 0.2156943 -0.006597446
vn 0.9607527 -0.1058679 -0.2564104
vn 0.8587939 0.4352977 0.2701645
vn 0.9450667 0.02746284 0.3257219
vn 0.9372237 -0.3097853 0.1601397
vn 0.8587939 -0.4744879 -0.1932206
vn 0.003909111 -0.9921246 -0.1251937
vn 0.1372398 -0.9842816 -0.1111529
vn 0.003909111 -0.9921246 -0.1251937
vn 0.2313555 -0.9607527 -0.1530651
vn 0.3568432 -0.9136948 -0.1944857
vn 0.4744879 -0.8431079 -0.253042
vn 0.5293888 -0.8038931 -0.2711152
vn 0.6078186 -0.7489922 -0.2637561
vn 0.5450747 -0.7882071 -0.2856975
vn 0.6784054 -0.6784054 -0.2820145
vn 0.7489922 -0.6078186 -0.263756
vn 0.7725211 -0.5842897 -0.2486296
vn 0.7882071 -0.5764467 -0.2154966
vn 0.7803642 -0.5764467 -0.2423656
vn 0.3882151 -0.8980088 -0.2070487
vn 0.3019423 -0.9372237 -0.1744777
vn 0.4195871 -0.8823229 -0.2131971
vn 0.4588019 -0.8587939 -0.2279775
vn 0.4744879 -0.850951 -0.2252636
vn 0.435273 -0.8666369 -0.2438808
vn 0.4744879 -0.835265 -0.2778374
vn 0.4901739 -0.827422 -0.2740481
vn 0.4823309 -0.819579 -0.3092687
vn 0.811736 -0.09802485 0.5757393
vn 0.6156616 -0.6784054 0.4009076
vn 0.5137028 -0.7333063 0.445389
vn 0.7725211 -0.09802485 0.6273773
vn 0.4901739 0.5529425 0.6737835
vn 0.5058599 0.6235293 0.5960847
vn 0.003909111 0.741174 0.6713016
vn 0.003909111 0.8352897 0.5497962
vn 0.2784134 -0.8666369 0.4140367
vn 0.4588019 -0.811736 0.361366
vn 0.003909111 0.709802 0.7043904
vn 0.42743 0.5372565 0.7270894
vn 0.7176203 -0.06665295 0.6932377
vn 0.4588019 -0.7882071 0.4101589
vn 0.1450828 -0.9293808 0.3394147
vn 0.7097774 -0.02743804 0.7038915
vn 0.5137028 -0.7489922 0.4184735
vn 0.4039011 0.5607854 0.7227611
vn 0.003909111 0.733331 0.6798606
vn 0.1293968 -0.9058518 0.4033471
vn 0.1372398 -0.9058518 0.4007464
vn 0.6940913 -0.5921326 0.4094096
vn 0.5372317 -0.7803642 0.3200216
vn 0.4588019 -0.811736 0.361366
vn 0.6156616 -0.6784054 0.4009076
vn 0.827422 -0.3254713 0.4576475
vn 0.811736 -0.09802485 0.5757393
vn 0.8038931 0.1451075 0.5768013
vn 0.6940913 0.4352977 0.57337
vn 0.5058599 0.6235293 0.5960847
vn 0.6156616 0.5921574 0.5199139
vn 0.4039011 0.749017 0.5252023
vn 0.1372398 0.8117608 0.5676351
vn 0.2156696 0.8274468 0.518477
vn 0.003909111 0.8352897 0.5497962
vn 0.09018189 0.8588187 0.5042795
vn 0.1529257 0.8274468 0.5403198
vn 0.1372398 0.8588187 0.4935542
vn 0.08233893 0.9215626 0.3793979
vn 0.7176203 0.5450995 0.4334601
vn 0.2235125 -0.9058518 0.3598258
vn 0.1999836 -0.8980088 0.3919014
vn 0.1137108 -0.9136948 0.3901687
vn 0.05096698 -0.9607527 0.2726842
vn 0.003909111 -0.8980088 0.4399601
vn 0.003909111 -0.9136948 0.4063822
vn 0.2784134 -0.9136948 0.2960536
vn 0.003909111 -0.9372237 0.3487068
vn 0.2940994 -0.9058518 0.3048573
vn 0.3411573 -0.9058518 0.251086
vn 0.9685956 0.1921654 -0.1577815
vn 0.443116 0.7647029 -0.4678437
vn 0.5137028 0.7882318 -0.3388214
vn 0.9372237 0.1921654 -0.2910054
vn 0.003909111 0.8980336 -0.4399095
vn 0.2313555 0.9215626 -0.3117644
vn 0.1842977 0.780389 -0.5975177
vn 0.2470415 0.9372485 0.2460402
vn 0.2470415 0.9450915 0.2139453
vn 0.3960581 0.2156943 0.8925323
vn 0.3333143 0.8274468 0.4519219
vn 0.4901739 0.07452071 0.8684332
vn 0.3568432 0.1843224 0.9157992
vn 0.003909111 0.9999924 0
vn 0.003909111 0.9529345 0.3031511
vn 0.003909111 0.9607774 -0.2772932
vn 0.003909111 0.9372485 -0.3486403
vn 0.1607687 0.9764634 0.1437795
vn 0.450959 -0.4195871 0.7877707
vn 0.3725291 -0.5607607 0.7394385
vn 0.2705705 -0.5372317 0.7988577
vn 0.2705705 -0.827422 0.4921021
vn 0.6078186 0.2549093 0.7520491
vn 0.4980168 -0.6862484 0.5301343
vn 0.4980168 -0.7646782 -0.4089578
vn 0.9372237 -0.3176283 0.143958
vn 0.4588019 -0.3176283 -0.8298271
vn 0.6627194 -0.3333143 0.6706001
vn 0.8901659 -0.1921406 0.4131424
vn 0.9764386 -0.035281 0.2128915
vn 0.9607527 0.02746284 0.2760437
vn 0.9921246 0.02746284 -0.1222068
vn 0.9215378 -0.2078266 -0.3279882
vn 0.8744799 -0.1686117 -0.4548132
vn 0.8901659 -0.3176283 0.3266756
vn 0.9685956 0.1921654 -0.1577815
vn 0.9372237 0.1921654 -0.2910054
vn 0.5137028 -0.811736 0.2778381
vn 0.7176203 0.3176531 0.6197723
vn -0.380397 -0.7097774 -0.5928864
vn 0.4039011 -0.8666369 0.2929237
vn -0.4980416 -0.6940913 -0.5197998
vn 0.7097774 0.3019671 0.6364212
vn 0.1058679 0.9921494 0.06657075
vn -0.5843143 0.4588267 -0.669369
vn 0.4588019 -0.3176283 -0.8298271
vn -0.380397 -0.7097774 -0.5928864
vn -0.6549013 0.4274548 -0.6232067
vn -0.4980416 -0.6940913 -0.5197998
vn 0.09018189 0.9921494 0.08664241
vn 0.3803722 -0.9215378 -0.07800742
vn 0.2078266 -0.8744799 -0.4382842
vn 0.7646782 -0.5450747 -0.3437453
vn 0.827422 -0.5607607 0.0303349
vn 0.9764386 0.1764795 -0.1241876
vn 0.6705624 -0.7097774 0.2157827
vn 0.2855451 -0.9583653 0
vn 0.9529097 0.1451075 0.2662835
vn 0.8038931 -0.01959509 0.594451
vn 0.09802485 -0.9450667 0.3118334
vn 0.4823309 -0.7411492 0.4669632
vn 0.02743804 -0.835265 0.5491626
vn 0.9372237 0.1921654 -0.2910054
vn 0.8744799 -0.1686117 -0.4548132
vn 0.3333143 0.8274468 0.4519219
vn 0.6391905 0.6235293 0.450163
vn 0.003909111 0.9450915 0.3267826
vn 0.003909111 0.9529345 0.3031511
vn 0.4901739 0.07452071 0.8684332
vn 0.7725211 -0.3254713 0.5452335
vn 0.450959 -0.4195871 0.7877707
vn 0.5058599 -0.7254633 0.4667
vn 0.2705705 -0.5372317 0.7988577
vn 0.1293968 -0.6156616 0.7773141
vn 0.1293968 -0.6156616 0.7773141
vn 0.003909111 -0.6548765 0.7557259
vn 0.003909111 -0.8666369 0.498924
vn 0.5058599 -0.7254633 0.4667
vn -0.2156943 -0.6705624 0.7098042
vn -0.01961982 -0.6548765 0.7554812
vn -0.04314876 -0.9450667 0.3240172
vn 0.1215538 -0.9215378 0.3687721
vn 0.09018189 -0.9136948 -0.3962689
vn 0.4117441 -0.6784054 -0.6084677
vn 0.7646782 -0.5450747 -0.3437453
vn 0.2078266 -0.8744799 -0.4382842
vn 0.003909111 -0.7019343 0.712231
vn 0.003909111 -0.9372237 -0.3487068
vn 0.003909111 -0.9058518 -0.4235767
vn 0.003909111 -0.9293808 0.3691018
vn 0.5686036 0.8039179 0.1743728
vn 0.003909111 0.9999924 0
vn 0.003909111 0.780389 0.6252822
vn 0.2548845 0.780389 0.5709877
vn 0.5450747 0.4196118 0.7258233
vn 0.1921406 0.5686284 0.7998398
vn 0.003909111 0.6392152 0.769018
vn 0.8038931 -0.01959509 0.594451
vn 0.9529097 0.1451075 0.2662835
vn 0.9764386 0.1764795 -0.1241876
vn 0.5137028 0.7882318 -0.3388214
vn 0.9372237 0.1921654 -0.2910054
vn 0.8038931 -0.01959509 0.594451
vn 0.5450747 0.4196118 0.7258233
vn 0.7646782 -0.1372398 0.6296289
vn 0.4823309 -0.7411492 0.4669632
vn 0.3176283 -0.7725211 0.5498394
vn 0.02743804 -0.835265 0.5491626
vn 0.035281 -0.8431079 0.5365857
vn 0.4039011 0.3176531 0.8578814
vn 0.1921406 0.5058846 0.8409296
vn 0.1921406 0.5686284 0.7998398
vn 0.003909111 0.6235293 0.7817902
vn 0.003909111 0.6392152 0.769018
vn 0.003909111 0.9999924 0
vn 0.8744799 -0.1686117 -0.4548132
vn 0.7646782 -0.5450747 -0.3437453
vn 0.4117441 -0.6784054 -0.6084677
vn 0.9215378 -0.2078266 -0.3279882
vn 0.1293968 -0.6156616 0.7773141
vn 0.2862564 -0.5372317 0.7933722
vn -0.01961982 -0.6548765 0.7554812
vn 0.3333143 -0.8744799 0.3524011
vn 0.5686036 -0.7333063 0.3727624
vn 0.435273 -0.8431079 -0.3157633
vn 0.6940913 -0.6548765 -0.2989549
vn 0.6705624 -0.6235045 -0.4019803
vn 0.4823309 -0.7960501 -0.365597
vn 0.8901659 -0.3176283 0.3266756
vn 0.9215378 -0.2078266 -0.3279882
vn 0.7882071 -0.4117441 -0.4573799
vn 0.6627194 -0.3333143 0.6706001
vn 0.2705705 -0.5372317 0.7988577
vn 0.5999756 -0.7803642 -0.1762416
vn 0.7725211 -0.6078186 -0.1837598
vn 0.5058599 -0.850951 -0.14138
vn 0.850951 -0.5058599 -0.14138
vn 0.8397817 -0.5429243 0
vn 0.7176203 0.6862731 0.1185344
vn 0.003909111 0.9764634 0.2156476
vn 0.003909111 0.9450915 0.3267826
vn 0.6391905 0.6235293 0.450163
vn 0.9966271 -0.08206387 0
vn 0.7725211 -0.3254713 0.5452335
vn 0.5058599 -0.7254633 0.4667
vn 0.6862484 -0.7176203 -0.1186777
vn 0.003909111 -0.9921246 -0.1251937
vn 0.003909111 -0.8666369 0.498924
vn 0.003909111 -0.9607527 -0.2773789
vn 0.7489922 -0.6313475 -0.2010248
vn 0.9842816 0.1451075 -0.1006655
vn 0.6940913 0.717645 0.05676991
vn 0.003909111 0.9921494 0.1249976
vn 0.003909111 -0.9999676 0.007042092
vn 0.003909111 -0.9372237 -0.3487068
vn 0.1446955 -0.9894763 0
vn 0.2078266 -0.8744799 -0.4382842
vn 0.3803722 -0.9215378 -0.07800742
vn 0.2855451 -0.9583653 0
vn 0.1293286 -0.9916018 0
vn 0.09802485 -0.9450667 0.3118334
vn 0.09018189 -0.9842816 0.1518453
vn 0.02743804 -0.835265 0.5491626
vn 0.1446955 -0.9894763 0
vn 0.1293286 -0.9916018 0
vn 0.003909111 -0.9999676 -0.007042092
vn 0.003909111 -0.9999676 0.007042092
vn 0.003909111 -0.9999676 0.007042092
vn 0.09018189 -0.9842816 0.1518453
vn 0.09018189 -0.9842816 0.1518453
vn 0.02743804 -0.835265 0.5491626
vn 0.035281 -0.8431079 0.5365857
vn 0.6940913 0.1764795 0.6979199
vn 0.3019423 -0.9058518 0.2970914
vn 0.3176283 -0.8980088 0.3044542
vn 0.6940913 0.2313803 0.6816893
vn 0.7097774 0.3019671 0.6364212
vn 0.4039011 -0.8666369 0.2929237
vn 0.09018189 0.9843063 0.1516848
vn 0.09018189 0.9921494 0.08664241
vn -0.6862731 0.4352977 -0.582705
vn -0.6549013 0.4274548 -0.6232067
vn -0.4980416 -0.6940913 -0.5197998
vn -0.5137275 -0.7176203 -0.4702182
vn -0.4980416 -0.6940913 -0.5197998
vn -0.5137275 -0.7176203 -0.4702182
vn -0.5215706 -0.7176203 -0.4615034
vn -0.5215706 -0.7176203 -0.4615034
vn -0.6784302 0.4666697 -0.567408
vn 0.1215538 0.9764634 0.178168
vn 0.1215538 0.9764634 0.178168
vn 0.1215538 0.9764634 0.178168
vn 0.1293968 0.9764634 0.1725561
vn 0.7411492 0.2078514 0.6383538
vn 0.6940913 0.1764795 0.6979199
vn 0.3019423 -0.9058518 0.2970914
vn 0.3882151 -0.8901659 0.238524
vn -0.6784302 0.4666697 -0.567408
vn -0.6078433 0.4901986 -0.6246854
vn -0.5215706 -0.7176203 -0.4615034
vn -0.4509838 -0.7176203 -0.5306928
vn -0.4509838 -0.7176203 -0.5306928
vn -0.5215706 -0.7176203 -0.4615034
vn 0.6940913 -0.5137028 0.504328
vn 0.6784054 -0.5529177 0.4837852
vn 0.7254633 -0.5372317 0.4302152
vn 0.7176203 -0.5450747 0.4334913
vn 0.8038931 -0.42743 0.4135934
vn 0.8038931 -0.42743 0.4135934
vn 0.6784054 -0.5529177 0.4837852
vn 0.6940913 -0.5137028 0.504328
vn 0.7254633 -0.42743 0.5394503
vn 0.7254633 -0.42743 0.5394503
vn 0.2548845 0.6705872 0.6966683
vn 0.2391985 0.7725459 0.588181
vn 0.1842977 0.8823476 0.4330093
vn 0.003909111 0.9137195 0.4063267
vn 0.003909111 0.9607774 0.2772932
vn 0.2235125 -0.003909111 0.9746932
vn 0.1764547 -0.1137108 0.9777185
vn 0.2235125 0.8666617 0.4460265
vn 0.2235125 0.8823476 0.4141314
vn -0.02746284 0.9058765 0.4226506
vn 0.6470335 -0.5215458 0.5561814
vn 0.3646862 -0.5215458 0.7713585
vn 0.5137028 -0.7803642 0.3565687
vn 0.2862564 -0.6862484 0.6686707
vn 0.1842977 -0.4195871 0.8888088
vn 0.1372398 -0.3960581 0.9079115
vn 0.2235125 -0.003909111 0.9746932
vn 0.1764547 -0.1137108 0.9777185
vn 0.8587939 -0.4823309 0.1727133
vn 0.8980088 -0.4039011 0.1744823
vn 0.9372237 -0.3333143 0.102534
vn 0.9136948 -0.3960581 0.09110314
vn 0.9117042 -0.4108471 0
vn 0.8901659 -0.443116 0.1060797
vn 0.8901659 -0.450959 0.06512082
vn 0.8901659 -0.42743 0.1578235
vn 0.8901659 -0.450959 0.06512082
vn 0.8901659 -0.450959 0.06512082
vn 0.8901659 -0.435273 0.1346927
vn 0.9117042 -0.4108471 0
vn 0.9117042 -0.4108471 0
vn 0.8980088 -0.4039011 0.1744823
vn 0.8901659 -0.42743 0.1578235
vn -0.9215626 -0.3490002 -0.1700626
vn -0.9686204 -0.2391985 -0.06751716
vn -0.9607774 -0.2470415 -0.1260052
vn -0.9215626 -0.3490002 -0.1700626
vn -0.9529345 -0.3019423 0.02732521
vn -0.9670784 -0.2544787 0
vn -0.3882399 -0.9215378 -0.006161831
vn -0.3882399 -0.9215378 -0.006161831
vn -0.3882399 -0.9215378 -0.006161831
vn -0.3882399 -0.9215378 -0.006161831
vn 0.6078186 -0.6784054 0.4127017
vn 0.2391985 -0.7568352 0.6082635
vn 0.5607607 -0.5921326 0.5787282
vn 0.819579 -0.4744879 0.3211721
vn 0.9529097 -0.2940994 0.07395038
vn 0.7411492 -0.6627194 0.1072415
vn 0.4666449 -0.8744799 0.1323911
vn 0.827422 -0.5529177 -0.09825894
vn 0.3097853 -0.9215378 -0.2340966
vn 0.3097853 -0.835265 0.4542747
vn 0.6470335 -0.5999756 0.4705072
vn 0.07449591 -0.7803642 0.6208721
vn 0.07449591 -0.7803642 0.6208721
vn 0.2470415 0.8745047 0.4173872
vn 0.2862564 0.8901906 0.3544263
vn 0.2235125 0.8666617 0.4460265
vn 0.2235125 0.8823476 0.4141314
vn 0.4666449 -0.5764467 0.6707844
vn 0.5607607 0.0117768 0.8278941
vn 0.7960501 -0.003909111 0.6052181
vn 0.5293888 -0.7646782 0.3674437
vn 0.2235125 -0.003909111 0.9746932
vn 0.1842977 -0.4195871 0.8888088
vn 0.2862564 -0.6862484 0.6686707
vn 0.3568432 -0.8587939 0.3676083
vn 0.7489922 -0.02743804 0.6620104
vn 0.3960581 0.7882318 0.4709868
vn 0.4980168 0.749017 0.4369814
vn 0.4039011 -0.8666369 0.2929237
vn 0.7176203 -0.06665295 0.6932377
vn 0.3411573 0.780389 0.5240275
vn 0.3333143 -0.9293808 0.1585969
vn 0.2705705 0.9215626 0.2784134
vn 0.1607687 0.9137195 0.373189
vn 0.1215538 0.8823476 0.4546289
vn 0.1370244 -0.9905676 0
vn 0.02743804 -0.9764386 -0.2140437
vn 0.2862564 0.8823476 0.3735237
vn 0.42743 0.6156863 0.6619924
vn 0.2548845 0.6705872 0.6966683
vn 0.3176283 -0.9372237 0.1439579
vn 0.2548845 0.6705872 0.6966683
vn 0.2235125 0.8666617 0.4460265
vn 0.2862564 0.8823476 0.3735237
vn 0.2862564 0.8901906 0.3544263
vn 0.2156696 0.9372485 0.273956
vn 0.2705705 0.9215626 0.2784134
vn 0.1137108 0.9058765 0.4079922
vn 0.1607687 0.9137195 0.373189
vn 0.1215538 0.8823476 0.4546289
vn 0.1137108 0.8823476 0.4566537
vn 0.003909111 0.9607774 0.2772932
vn 0.5921326 0.6470582 0.4803068
vn 0.6313475 0.6549013 0.4153367
vn 0.003909111 0.9450915 0.3267826
vn 0.7176203 -0.01175207 0.6963354
vn 0.819579 0.1294216 0.558158
vn 0.6627194 -0.1764547 0.727782
vn 0.5686036 -0.1921406 0.7998574
vn 0.7646782 -0.1293968 0.6312874
vn 0.6470335 -0.5999756 0.4705072
vn 0.6627194 -0.6313475 0.4027446
vn 0.819579 -0.4744879 0.3211721
vn 0.8587939 -0.450959 0.2431234
vn 0.9529097 -0.2940994 0.07395038
vn 0.9670767 -0.2544848 0
vn 0.827422 -0.5372317 -0.1635692
vn 0.827422 -0.5529177 -0.09825894
vn 0.3097853 -0.9215378 -0.2340966
vn 0.6391905 -0.1764547 0.7485314
vn 0.6627194 -0.1764547 0.727782
vn 0.5686036 -0.1921406 0.7998574
vn 0.5764467 -0.1686117 0.7995495
vn 0.7568352 -0.09802485 0.6462132
vn 0.7646782 -0.1293968 0.6312874
vn 0.6313475 0.1529505 0.7602673
vn 0.7176203 -0.01175207 0.6963354
vn 0.5293888 0.6392152 0.5578095
vn 0.5921326 0.6470582 0.4803068
vn 0.003909111 0.9686204 0.2485141
vn 0.003909111 0.9607774 0.2772932
vn 0.3176283 0.7882318 0.52707
vn 0.7097774 -0.09018189 0.6986296
vn 0.7176203 -0.06665295 0.6932377
vn 0.3411573 0.780389 0.5240275
vn 0.3333143 -0.9293808 0.1585969
vn 0.3019423 -0.9529097 0.02817683
vn 0.01959509 -0.9764386 -0.2149037
vn 0.02743804 -0.9764386 -0.2140437
vn 0.1137108 0.8823476 0.4566537
vn 0.1215538 0.8823476 0.4546289
vn 0.02743804 -0.9764386 -0.2140437
vn 0.01959509 -0.9764386 -0.2149037
vn 0.05881 -0.9842816 -0.1665266
vn 0.1370244 -0.9905676 0
vn 0.3176283 -0.9372237 0.1439579
vn 0.2862564 -0.9529097 0.1001018
vn 0.5137028 -0.7803642 0.3565687
vn 0.3568432 -0.8587939 0.3676083
vn 0.2862564 -0.6862484 0.6686707
vn -0.9843063 0.09804964 -0.1467219
vn -0.9843063 0.09020662 -0.1516701
vn -0.9843063 0.09020662 -0.1516701
vn -0.9686204 0.1764795 -0.1750128
vn -0.9686204 0.1843224 -0.1667326
vn -0.9372485 0.2784382 -0.209851
vn -0.9372485 0.2784382 -0.209851
vn -0.6705872 -0.003909111 -0.7418205
vn -0.7254881 0.07452071 -0.6841884
vn -0.733331 0.09020662 -0.6738608
vn -0.7725459 0.1607934 -0.6142624
vn -0.9670784 -0.2544787 0
vn -0.9058765 -0.4195871 0.05774455
vn -0.9058765 -0.4195871 0.05774455
vn -0.9529345 -0.3019423 0.02732521
vn -0.7960749 0.6000004 -0.0791477
vn -0.733331 0.6627442 -0.1516439
vn -0.741174 0.6627442 -0.1069173
vn -0.6470582 0.709802 -0.2783823
vn -0.5294136 0.8117608 -0.246507
vn -0.6313722 0.7019591 -0.3295793
vn -0.6313722 0.741174 -0.2281014
vn -0.1294216 0.9607774 -0.2452689
vn 0.09802485 0.9843063 -0.1467385
vn -0.6470582 0.6862731 -0.332182
vn 0.6470335 -0.5215458 0.5561814
vn 0.5215458 -0.3882151 0.7597888
vn 0.3646862 -0.5215458 0.7713585
vn 0.9915986 0.129353 0
vn 0.9915986 0.129353 0
vn 0.9921246 0.1137356 0.05246847
vn 0.9921246 0.1137356 0.05246847
vn 0.9921246 0.09804964 0.07794219
vn 0.9921246 0.1137356 0.05246847
vn 0.9921246 0.09804964 0.07794219
vn 0.9921246 0.1137356 0.05246847
vn 0.835265 0.5372565 -0.1169952
vn 0.835265 0.5372565 -0.1169952
vn 0.835265 0.5372565 -0.1169952
vn 0.835265 0.5372565 -0.1169952
vn 0.827422 -0.5529177 -0.09825894
vn 0.827422 -0.5529177 -0.09825894
vn 0.827422 -0.5529177 -0.09825894
vn 0.827422 -0.5529177 -0.09825894
vn 0.1215538 -0.003909111 0.9925771
vn 0.1215538 -0.003909111 0.9925771
vn 0.1215538 -0.003909111 0.9925771
vn 0.1215538 -0.003909111 0.9925771
vn 0.1215538 -0.003909111 0.9925771
vn 0.1215538 -0.003909111 0.9925771
vn 0.1215538 -0.003909111 0.9925771
vn 0.1215538 -0.003909111 0.9925771
vn 0.1215538 -0.003909111 0.9925771
vn 0.1215538 -0.003909111 0.9925771
vn 0.1215538 0.9921494 -0.02939944
vn 0.1215538 0.9921494 -0.02939944
vn 0.1215538 0.9921494 -0.02939944
vn 0.1215538 0.9921494 -0.02939944
vn 0.1058679 -0.9921246 -0.06693818
vn 0.1058679 -0.9921246 -0.06693818
vn 0.1058679 -0.9921246 -0.06693818
vn 0.1058679 -0.9921246 -0.06693818
vn -0.07431521 0.9972348 0
vn -0.07431521 0.9972348 0
vn -0.07431521 0.9972348 0
vn -0.07431521 0.9972348 0
vn -0.09020662 -0.9921246 0.08689932
vn -0.09020662 -0.9921246 0.08689932
vn -0.09020662 -0.9921246 0.08689932
vn -0.09020662 -0.9921246 0.08689932
vn 0.1215538 -0.003909111 0.9925771
vn 0.1215538 -0.003909111 0.9925771
vn 0.1215538 -0.003909111 0.9925771
vn 0.1215538 -0.003909111 0.9925771
vn 0.1215538 -0.003909111 0.9925771
vn -0.7882318 -0.6078186 0.09616181
vn -0.7882318 -0.6078186 0.09616181
vn -0.7882318 -0.6078186 0.09616181
vn -0.7882318 -0.6078186 0.09616181
vn -0.7725459 0.6235293 0.1199332
vn -0.7725459 0.6235293 0.1199332
vn -0.7725459 0.6235293 0.1199332
vn -0.7725459 0.6235293 0.1199332
vn 0.435273 0.6627442 0.6093502
vn 0.6156616 0.5058846 0.6041867
vn 0.2627274 0.7960749 0.5451964
vn 0.2391985 0.780389 0.5777345
vn 0.1215538 0.8352897 0.5362049
vn 0.05881 0.8431327 0.5344797
vn 0.2391985 0.8196038 0.520609
vn 0.5764467 0.6156863 0.5372519
vn 0.8431079 -0.01175207 0.537616
vn 0.811736 -0.01175207 0.5839062
vn 0.1842977 0.8274468 0.5304396
vn 0.7725211 -0.01175207 0.6348803
vn 0.7254633 0.2313803 0.6482022
vn 0.7568352 -0.3019423 0.5796821
vn 0.6470335 -0.5137028 0.5634333
vn 0.7725211 -0.01175207 0.6348803
vn 0.811736 -0.01175207 0.5839062
vn 0.8431079 -0.01175207 0.537616
vn 0.5764467 -0.6313475 0.5187576
vn 0.2548845 -0.819579 0.5131512
vn 0.2862564 -0.8038931 0.5213571
vn 0.4744879 -0.6705624 0.5702695
vn 0.2627274 -0.7960501 0.5452326
vn 0.1372398 -0.8431079 0.5199367
vn 0.1842977 -0.827422 0.5304782
vn 0.09018189 -0.850951 0.5174454
vn 0.3176283 0.1921654 -0.928539
vn 0.3019423 0.2000084 -0.9321091
vn 0.3960581 0.1764795 -0.9011065
vn 0.3960581 0.1764795 -0.9011065
vn 0.2235125 0.2156943 -0.9505357
vn 0.2235125 0.2156943 -0.9505357
vn 0.9117042 -0.4108471 0
vn 0.9117042 -0.4108471 0
vn 0.9117042 -0.4108471 0
vn 0.9117042 -0.4108471 0
vn 0.5686036 0.04314876 -0.8214792
vn 0.5842897 -0.02743804 -0.8110812
vn 0.5842897 -0.01959509 -0.8113086
vn 0.5686036 0.04314876 -0.8214792
vn 0.5842897 -0.01959509 -0.8113086
vn 0.5842897 -0.02743804 -0.8110812
vn 0.5999756 -0.09018189 -0.7949192
vn 0.5999756 -0.09018189 -0.7949192
vn -0.4980416 -0.850951 -0.1668444
vn -0.4980416 -0.850951 -0.1668444
vn -0.4980416 -0.850951 -0.1668444
vn -0.4980416 -0.850951 -0.1668444
vn 0.42743 -0.1999836 -0.8816519
vn 0.42743 -0.1999836 -0.8816519
vn 0.3254713 -0.2078266 -0.9224297
vn 0.3411573 -0.2078266 -0.9167442
vn 0.2391985 -0.2156696 -0.9467157
vn 0.2391985 -0.2156696 -0.9467157
vn -0.749017 0.6470582 0.1424401
vn -0.709802 0.6941161 0.1199328
vn -0.709802 0.6941161 0.1199328
vn -0.733331 0.6705872 0.1119754
vn -0.7647029 0.6156863 0.1901573
vn -0.7647029 0.6156863 0.1901573
vn -0.717645 -0.6784054 0.1573267
vn -0.733331 -0.6470335 0.2087424
vn -0.733331 -0.6470335 0.2087424
vn -0.7019591 -0.6940913 0.1596579
vn -0.6705872 -0.7254633 0.1549705
vn -0.6705872 -0.7254633 0.1549705
vn 0.9371269 0.348989 0
vn 0.9371269 0.348989 0
vn 0.9371269 0.348989 0
vn 0.9371269 0.348989 0
vn -0.4745127 0.8509758 -0.2251178
vn -0.4745127 0.8509758 -0.2251178
vn -0.4745127 0.8509758 -0.2251178
vn -0.4745127 0.8509758 -0.2251178
vn 0.6784054 -0.7176203 0.1574397
vn 0.4980168 -0.7882071 0.3615367
vn 0.5215458 -0.7960501 0.3070738
vn 0.6862484 -0.7097774 0.1589948
vn 0.835265 -0.5293888 0.1485931
vn 0.835265 -0.5372317 0.1171088
vn 0.8038931 -0.4980168 0.3251694
vn 0.811736 -0.4901739 0.3175125
vn 0.6784054 -0.6078186 0.4127016
vn 0.6627194 -0.6313475 0.4027446
vn 0.5999756 -0.7019343 0.3838196
vn 0.5999756 -0.7019343 0.3838196
vn 0.4588019 -0.7725211 0.4389896
vn 0.1215538 -0.003909111 0.9925771
vn 0.1215538 -0.003909111 0.9925771
vn 0.1215538 -0.003909111 0.9925771
vn 0.1215538 -0.003909111 0.9925771
vn 0.1215538 -0.003909111 0.9925771
vn 0.1215538 -0.003909111 0.9925771
vn 0.8587939 0.4980416 -0.1201146
vn 0.8587939 0.4980416 -0.1201146
vn 0.8587939 0.4980416 -0.1201146
vn 0.8587939 0.4980416 -0.1201146
vn 0.850951 -0.5137028 -0.1095076
vn 0.850951 -0.5137028 -0.1095076
vn 0.850951 -0.5137028 -0.1095076
vn 0.850951 -0.5137028 -0.1095076
vn -0.8666617 0.4901986 0.09275167
vn -0.8666617 0.4901986 0.09275167
vn -0.8666617 0.4901986 0.09275167
vn -0.8666617 0.4901986 0.09275167
vn -0.8745047 -0.4744879 0.1005125
vn -0.8745047 -0.4744879 0.1005125
vn -0.8745047 -0.4744879 0.1005125
vn -0.8745047 -0.4744879 0.1005125
vn 0.003909111 0.9999924 0
vn 0.003909111 0.9999924 0
vn 0.003909111 0.9999924 0
vn 0.003909111 0.9999924 0
vn -0.01961668 -0.9998076 0
vn -0.01961668 -0.9998076 0
vn -0.01961668 -0.9998076 0
vn -0.01961668 -0.9998076 0
vn -0.2549093 0.9529345 0.1641253
vn 0.1607687 0.8980336 0.4094985
vn 0.06665295 0.9137195 0.4008416
vn -0.2627522 0.9529345 0.151252
vn -0.1686364 0.9843063 -0.0519882
vn 0.5764467 0.4666697 0.6707672
vn 0.5921326 0.5137275 0.6208566
vn 0.6784054 -0.2940994 0.6732545
vn 0.6862484 0.3725539 0.6247134
vn 0.7254633 -0.2784134 0.6294355
vn 0.5999756 -0.5686036 0.5627781
vn 0.5529177 -0.6156616 0.5614649
vn 0.4901739 -0.5764467 0.653788
vn 0.6313475 -0.1764547 0.7551582
vn -0.5686284 -0.8038931 0.1744065
vn -0.5843143 -0.7960501 0.1577371
vn -0.1921654 -0.9450667 0.2644266
vn -0.2000084 -0.9293808 0.3102387
vn -0.4588267 -0.8666369 0.1960063
vn -0.717645 -0.6940913 0.05676991
vn -0.8581923 -0.5133282 0
vn -0.8666617 -0.4980168 -0.02961054
vn -0.9294056 0.356868 -0.09407725
vn -0.9294056 0.356868 -0.09407725
vn -0.9686204 0.2470663 -0.02706949
vn -0.9686204 0.2470663 -0.02706949
vn -0.8888755 0.4581488 0
vn -0.8888755 0.4581488 0
vn 0.5450747 -0.7960501 0.2630548
vn 0.5372317 -0.827422 0.1635691
vn 0.1058679 -0.9764386 -0.1880414
vn 0.8666369 -0.1293968 0.4818681
vn 0.8431079 0.2235373 0.4890808
vn 0.6313475 -0.4980168 0.5944573
vn 0.435273 -0.8744799 0.2140616
vn 0.7568352 0.5607854 0.3357382
vn 0.4980168 -0.8587939 -0.1202174
vn 0.6470335 -0.4744879 0.5968324
vn 0.4588019 -0.7725211 0.4389896
vn 0.1764547 -0.9136948 0.3660949
vn 0.2862564 -0.9293808 0.2330422
vn 0.7725211 0.003933907 0.6349769
vn 0.7646782 0.03530574 0.6434445
vn 0.8823229 0.1686364 0.4393951
vn -0.1215786 -0.9607527 0.249345
vn -0.09804964 -0.9529097 0.2869658
vn 0.9293808 -0.3411573 0.1409366
vn 0.5450747 -0.7803642 0.3064725
vn -0.05883467 -0.9293808 0.3644034
vn 0.819579 0.3176531 0.4768509
vn 0.6862484 0.4352977 0.5827342
vn 0.7019343 0.4431407 0.5575971
vn 0.5372317 0.6705872 0.5115612
vn 0.8980088 0.1137356 0.4250228
vn 0.7646782 0.4980416 0.4089276
vn 0.811736 0.4117688 0.4141631
vn 0.6705624 0.5843143 0.4570808
vn 0.7960501 0.4431407 0.4122263
vn 0.850951 0.3176531 0.4183049
vn 0.8431079 0.2705952 0.4647013
vn 0.5921326 0.7019591 0.395768
vn 0.5215458 0.741174 0.4226714
vn 0.5450747 0.6470582 0.5331128
vn -0.4745127 -0.1137108 -0.8728732
vn -0.5372565 0.05099177 -0.8418761
vn -0.6705872 0.2549093 -0.6966592
vn -0.3882399 0.03530574 -0.9208818
vn -0.1215786 0.1058927 -0.9869171
vn -0.4274548 -0.2705705 -0.8625972
vn -0.4352977 -0.1764547 -0.8828248
vn -0.4588267 -0.3254713 -0.8267687
vn -0.380397 0.0117768 -0.9247483
vn -0.7568599 0.1843224 -0.6270473
vn -0.6705872 0.09804964 -0.7353224
vn -0.5450995 0.03530574 -0.8376276
vn -0.6156863 0.05883467 -0.7857919
vn -0.741174 0.333339 -0.582706
vn -0.6862731 0.4117688 -0.5995629
vn -0.4274548 0.349025 -0.8339448
vn -0.8509758 0.06667769 -0.5209553
vn -0.7725459 0.1137356 -0.6246895
vn -0.7960749 0.2392232 -0.555911
vn -0.003933907 0.6705872 -0.7418203
vn -0.6392152 0.4745127 -0.605179
vn -0.356868 0.01961982 -0.9339488
vn -0.4431407 0.8823476 -0.1583952
vn -0.4431407 0.8823476 -0.1583952
vn -0.4352977 0.8509758 -0.2938642
vn -0.4352977 0.8588187 -0.270086
vn -0.4352977 0.8274468 -0.3547501
vn -0.4352977 0.8196038 -0.3725124
vn -0.4509838 0.8901906 -0.06460922
vn -0.4509838 0.8901906 -0.06460922
vn 0.5215458 0.3725539 -0.7675894
vn 0.5372317 0.341182 -0.7713475
vn 0.5215458 0.3725539 -0.7675894
vn 0.5058599 0.4039259 -0.7622005
vn 0.6235045 0.3176531 -0.7143799
vn 0.6235045 0.3176531 -0.7143799
vn 0.6235045 0.3176531 -0.7143799
vn 0.6313475 -0.1215538 -0.7659144
vn 0.6235045 -0.035281 -0.7810233
vn 0.6235045 -0.01959509 -0.7815741
vn 0.6235045 0.05099177 -0.7801551
vn 0.7646782 0.4980416 0.4089276
vn 0.8980088 0.1137356 0.4250228
vn 0.6627194 0.5607854 0.496309
vn 0.6548765 0.5607854 0.5066128
vn 0.5921326 0.5607854 0.5787043
vn 0.5921326 0.5607854 0.5787043
vn 0.5842897 0.5058846 0.6345757
vn 0.5842897 0.5137275 0.6282433
vn 0.5999756 0.4823556 0.6382495
vn 0.6078186 -0.6862484 0.3995245
vn 0.5293888 -0.811736 0.2466417
vn 0.5372317 -0.811736 0.229056
vn 0.6078186 -0.7176203 0.3399673
vn 0.443116 -0.8666369 0.2293221
vn 0.443116 -0.8666369 0.2293221
vn 0.4980168 -0.8431079 0.2028503
vn 0.5137028 -0.835265 0.1960659
vn 0.5921326 -0.7960501 0.1252327
vn -0.2627522 0.8039179 -0.5335516
vn -0.3019671 0.8117608 -0.4998603
vn -0.09804964 0.7647029 -0.6368796
vn -0.4509838 0.8117608 -0.371023
vn -0.4509838 0.8117608 -0.371023
vn -0.4901986 0.8117608 -0.317411
vn -0.4901986 0.8117608 -0.317411
vn -0.4980416 0.8196038 -0.2832035
vn -0.4980416 0.8196038 -0.2832035
vn -0.2313803 -0.5764467 -0.7836915
vn -0.1843224 -0.5529177 -0.8125929
vn 0.01959509 -0.435273 -0.9000853
vn -0.4352977 -0.6705624 -0.6007178
vn -0.4431407 -0.6705624 -0.5949558
vn -0.4980416 -0.7254633 -0.4750343
vn -0.4980416 -0.7254633 -0.4750343
vn -0.5058846 -0.7568352 -0.4138613
vn -0.5058846 -0.7568352 -0.4138613
vn -0.8509758 0.06667769 -0.5209553
vn -0.8901906 -0.3019423 -0.3411621
vn -0.9137195 -0.2313555 -0.3340527
vn -0.7725459 0.1137356 -0.6246895
vn -0.6392152 0.4745127 -0.605179
vn -0.9529345 -0.06665295 -0.2957587
vn -0.5137275 -0.7960501 -0.3199817
vn -0.5764714 -0.6784054 -0.4554633
vn -0.5686284 -0.6862484 -0.4535691
vn -0.5137275 -0.7960501 -0.3199817
vn -0.4431407 -0.450959 -0.774766
vn -0.4274548 -0.443116 -0.7879915
vn -0.1215786 -0.2784134 -0.9527353
vn -0.3960829 0.8274468 -0.3980579
vn -0.3960829 0.8274468 -0.3980579
vn -0.4352977 0.8274468 -0.3547501
vn -0.4352977 0.8196038 -0.3725124
vn -0.1607934 0.8431327 -0.513101
vn -0.1215786 0.8352897 -0.5361993
vn 0.1842977 0.7254881 -0.6630999
vn 0.8980088 -0.2862564 0.3341219
vn 0.827422 -0.3176283 0.4631253
vn 0.7568352 0.4117688 0.5075893
vn 0.5215458 -0.811736 0.2628205
vn 0.8431079 0.01961982 0.5373864
vn 0.6548765 0.6000004 0.4594958
vn 0.7960501 0.4431407 0.4122263
vn 0.6784054 -0.6078186 0.4127016
vn 0.850951 0.3176531 0.4183049
vn 0.5921326 0.7019591 0.395768
vn -0.003933907 0.6705872 -0.7418203
vn -0.6392152 0.4745127 -0.605179
vn -0.6078433 0.5372565 -0.5847068
vn 0.04312402 0.8196038 -0.5713055
vn 0.1372398 0.6549013 -0.7431484
vn -0.5450995 0.356868 -0.7586249
vn -0.4117688 0.1294216 -0.9020513
vn -0.6392152 0.4745127 -0.605179
vn -0.9529345 -0.06665295 -0.2957587
vn -0.9686204 -0.06665295 -0.2394408
vn -0.6078433 0.5372565 -0.5847068
vn -0.5450995 0.356868 -0.7586249
vn -0.9372485 -0.1686117 -0.3051809
vn -0.4117688 0.1294216 -0.9020513
vn -0.07452071 -0.8901659 0.4495012
vn -0.05883467 -0.9293808 0.3644034
vn 0.5450747 -0.7803642 0.3064725
vn 0.6313475 -0.6391905 0.4391307
vn 0.9764386 -0.06665295 0.2052436
vn 0.9293808 -0.3411573 0.1409366
vn -0.1215786 -0.8901659 0.4391166
vn 0.6313475 -0.7019343 0.3296793
vn 0.5215458 -0.827422 0.2082375
vn 0.9842816 -0.1372398 0.111153
vn 0.7254633 0.4039259 0.5572674
vn 0.8431079 0.2235373 0.4890808
vn 0.7568352 0.5607854 0.3357382
vn 0.4039011 0.8352897 0.3730348
vn 0.5450747 -0.811736 0.2097097
vn 0.5372317 -0.827422 0.1635691
vn -0.02746284 -0.9685956 -0.24712
vn -0.0117768 -0.9685956 -0.2483623
vn 0.7254633 0.4823556 0.4909543
vn 0.6391905 -0.7568352 0.1365137
vn 0.9842816 -0.1529257 0.0883372
vn 0.05096698 -0.9372237 -0.3449841
vn 0.3333143 0.8980336 0.2871188
vn -0.2392232 -0.9372237 -0.2537399
vn -0.2392232 -0.9372237 -0.2537399
vn -0.3019671 -0.8980088 -0.3199938
vn -0.3019671 -0.8980088 -0.3199938
vn -0.349025 -0.827422 -0.4399481
vn -0.349025 -0.835265 -0.4248693
vn -0.2156943 -0.7568352 -0.6169898
vn -0.1921654 -0.7411492 -0.6432498
vn -0.01961982 -0.6313475 -0.7752518
vn -0.709802 0.5529425 -0.4363893
vn -0.709802 0.5529425 -0.4363893
vn -0.6549013 0.6156863 -0.4382176
vn -0.6549013 0.6078433 -0.4490332
vn -0.5372565 0.6941161 -0.4791224
vn -0.5372565 0.6941161 -0.4791224
vn -0.380397 0.7254881 -0.5735549
vn -0.356868 0.717645 -0.5980224
vn -0.1843224 0.6862731 -0.7036011
vn 0.9764386 -0.01959509 0.2149037
vn 0.8901659 -0.1137108 0.4412194
vn 0.6391905 0.6470582 0.4156335
vn 0.5921326 -0.7725211 0.2293252
vn 0.5215458 0.733331 0.4361373
vn 0.7882071 -0.02743804 0.6147981
vn 0.5372317 0.7647029 0.3558251
vn 0.850951 0.1215786 0.5109805
vn 0.850951 0.3176531 0.4183049
vn 0.8431079 0.2705952 0.4647013
vn 0.6940913 -0.6078186 0.385738
vn 0.8980088 0.1137356 0.4250228
vn 0.5293888 -0.7646782 0.3674437
vn -0.780389 0.3647109 -0.5079163
vn -0.8039179 0.4196118 -0.4214759
vn -0.8039179 0.4196118 -0.4214759
vn -0.780389 0.3725539 -0.5021918
vn -0.6392152 0.333339 -0.6930289
vn -0.6392152 0.3254961 -0.6967469
vn -0.4980416 0.349025 -0.7938111
vn 0.5842897 -0.6313475 0.5099077
vn 0.6078186 -0.6862484 0.3995245
vn 0.6078186 -0.7176203 0.3399673
vn -0.0117768 -0.9685956 -0.2483623
vn 0.003909111 -0.01175207 0.9999233
vn 0.003909111 -0.003909111 0.9999847
vn 0.003909111 -0.01175207 0.9999233
vn 0.003909111 -0.003909111 0.9999847
vn 0.003909111 -0.003909111 0.9999847
vn 0.9764386 0.07452071 -0.2025197
vn 0.9764386 0.1137356 -0.1833897
vn 0.9764386 0.02746284 -0.2140405
vn 0.9842816 0.09804964 -0.1468877
vn 0.9685956 0.2313803 -0.09102567
vn -0.9686204 0.2392232 0.06742946
vn -0.9921494 0.07452071 -0.1004307
vn -0.9921494 0.08236372 -0.09410568
vn -0.9921494 -0.01175207 -0.1245052
vn -0.9921494 -0.003909111 -0.1249975
vn 0.0352602 -0.9993781 0
vn 0.0352602 -0.9993781 0
vn 0.0352602 -0.9993781 0
vn 0.9764386 -0.1764547 -0.1242228
vn 0.9685956 -0.1999836 -0.1477467
vn 0.1686117 -0.9607527 -0.2202825
vn 0.1842977 -0.9685956 -0.1669038
vn -0.9450915 -0.3176283 -0.07690483
vn -0.9529345 -0.3019423 -0.02732521
vn 0.6626454 0.7489333 0
vn 0.6626454 0.7489333 0
vn -0.4901986 0.8666617 0.09275159
vn -0.5058846 0.8588187 0.08069245
vn -0.9450915 -0.3176283 -0.07690483
vn -0.9529345 -0.3019423 -0.02732521
vn 0.1137108 -0.9764386 -0.183405
vn 0.9764386 -0.2156696 -0.007361761
vn 0.6940913 0.709802 0.1200762
vn -0.4431407 0.8901906 0.1057687
vn -0.9686204 -0.2313555 -0.09082458
vn -0.9843063 -0.1529257 -0.08806114
vn -0.3326225 0.94306 0
vn 0.9747876 -0.2231346 0
vn 0.7333063 0.6784302 -0.04465839
vn 0.7803642 0.6235293 -0.04736013
vn 0.9529097 -0.2784134 -0.1202043
vn 0.1058679 -0.9842816 -0.1413568
vn 0.05090255 -0.9987036 0
vn -0.9905682 -0.137021 0
vn -0.9843063 -0.1529257 -0.08806114
vn -0.1686364 -0.9685956 0.1827136
vn -0.9764634 -0.1293968 0.1725562
vn 0.9058518 -0.4039011 0.1276572
vn 0.7489922 0.6470582 0.1425704
vn -0.2783518 0.9604791 0
vn -0.9905682 -0.137021 0
vn -0.6627442 0.733331 0.1516438
vn -0.9686204 -0.2313555 -0.09082458
vn 0.7882071 -0.5686036 0.2354133
vn -0.1843224 -0.8901659 0.4166893
vn -0.9215626 -0.3254713 0.2116386
vn -0.003933906 0.9999923 0
vn -0.9764634 -0.1293968 0.1725562
vn 0.9764386 -0.1764547 -0.1242228
vn 0.1842977 -0.9685956 -0.1669038
vn 0.2235125 -0.9685956 -0.108925
vn 0.9685956 -0.2156696 -0.1237302
vn 0.7097774 0.7019591 -0.05890244
vn 0.6626454 0.7489333 0
vn -0.380397 0.9215626 0.07759256
vn -0.4901986 0.8666617 0.09275159
vn -0.9604858 -0.2783289 0
vn -0.9604858 -0.2783289 0
vn -0.9450915 -0.3176283 -0.07690483
vn -0.9450915 -0.3176283 -0.07690483
vn 0.01959509 0.09804964 -0.9949886
vn 0.01959509 0.09804964 -0.9949886
vn 0.01175207 0.06667769 -0.9977053
vn 0.01175207 0.05883467 -0.9981986
vn 0.003909111 0.003933907 -0.9999846
vn -0.1843224 -0.8901659 0.4166893
vn 0.7882071 -0.5686036 0.2354133
vn 0.5450747 -0.7489922 0.3767018
vn -0.4274548 -0.7960501 0.4284701
vn -0.4274548 -0.6940913 0.5792406
vn 0.5607607 -0.6862484 0.4632608
vn 0.9685956 -0.2235125 0.1089251
vn 0.9293808 -0.3254713 0.1741259
vn -0.9215626 -0.3254713 0.2116386
vn -0.9921494 0.003933907 0.1249967
vn -0.9921494 0.1215786 -0.02929699
vn -0.9843063 -0.05096698 0.168948
vn -0.9764634 -0.1999836 -0.08078194
vn 0.7803642 -0.6156616 0.1095109
vn -0.8745047 0.4431407 -0.1971492
vn -0.9058765 0.2862811 -0.3121392
vn 0.9842816 -0.035281 -0.1730462
vn 0.9842816 0.1058927 -0.1413382
vn 0.9685956 0.1294216 -0.2123031
vn 0.997786 -0.06650754 0
vn -0.2000084 -0.6627194 0.7216645
vn -0.9058765 0.3882399 -0.1692854
vn -0.6627442 0.733331 0.1516438
vn -0.9764634 -0.1293968 0.1725562
vn -0.8980336 0.4274548 0.1040096
vn -0.003933906 0.9999923 0
vn -0.9215626 -0.3254713 0.2116386
vn -0.9921494 0.1215786 -0.02929699
vn -0.8196038 0.5372565 -0.1990103
vn -0.9058765 0.2862811 -0.3121392
vn -0.6392152 0.30981 -0.703862
vn -0.6392152 0.30981 -0.703862
vn -0.9058765 0.2862811 -0.3121392
vn -0.8745047 0.4431407 -0.1971492
vn -0.4745127 0.709802 -0.5205947
vn -0.9058765 0.3882399 -0.1692854
vn -0.5686284 0.741174 -0.3568233
vn -0.9764634 -0.1999836 -0.08078194
vn -0.9372485 -0.1058679 -0.3322006
vn -0.1764795 -0.9372237 -0.3007768
vn -0.2235373 -0.9529097 0.2049247
vn 0.7803642 -0.5686036 -0.2602339
vn 0.7803642 -0.6156616 0.1095109
vn 0.7725211 0.4980416 -0.3939107
vn 0.9842816 -0.035281 -0.1730462
vn -0.2000084 -0.6627194 0.7216645
vn 0.6784054 0.5764714 -0.4554632
vn 0.9842816 0.1058927 -0.1413382
vn 0.9685956 0.1294216 -0.2123031
vn 0.7019343 0.2862811 -0.6521744
vn 0.835265 0.5137275 -0.1960011
vn 0.9685956 0.1294216 -0.2123031
vn 0.997786 -0.06650754 0
vn 0.9529097 0.3019671 0.02790982
vn 0.7019343 0.2862811 -0.6521744
vn 0.7882071 -0.5686036 0.2354133
vn 0.9058518 -0.4039011 0.1276572
vn 0.7489922 0.6470582 0.1425704
vn -0.003933906 0.9999923 0
vn -0.4745127 0.709802 -0.5205947
vn 0.6784054 0.5764714 -0.4554632
vn 0.7019343 0.2862811 -0.6521744
vn -0.6392152 0.30981 -0.703862
vn 0.7725211 0.4980416 -0.3939107
vn -0.5686284 0.741174 -0.3568233
vn 0.1686117 0.9764634 0.1344962
vn 0.1686117 0.9764634 -0.1344962
vn -0.5058846 0.8588187 -0.08069245
vn 0.7489922 0.6549013 -0.1005733
vn 0.6705624 0.733331 0.1121238
vn 0.08233893 0.8274468 0.5554746
vn -0.4823556 0.8666617 0.1273995
vn -0.6470582 0.6941161 0.3154655
vn 0.07449591 0.9764634 0.2024092
vn -0.8980336 0.4274548 0.1040096
vn 0.01175207 0.9764634 -0.2153626
vn -0.8196038 0.5372565 -0.1990103
vn 0.9529097 0.3019671 0.02790982
vn 0.835265 0.5137275 -0.1960011
vn -0.0117768 0.709802 -0.7043027
vn -0.5372565 0.341182 -0.7713302
vn -0.6392152 0.30981 -0.703862
vn 0.4823309 0.349025 -0.803454
vn 0.7019343 0.2862811 -0.6521744
vn 0.7097774 0.6078433 0.3560094
vn -0.1529505 -0.8823229 0.4450982
vn -0.05883467 -0.435273 0.898374
vn -0.1607934 -0.9058518 0.3918902
vn -0.09804964 -0.9921246 0.07794206
vn -0.09804964 -0.9921246 0.07794206
vn -0.0352849 -0.9993773 0
vn -0.0352849 -0.9993773 0
vn 0.4823309 0.349025 -0.803454
vn -0.5372565 0.341182 -0.7713302
vn -0.6392152 0.30981 -0.703862
vn 0.7019343 0.2862811 -0.6521744
vn -0.0117768 0.709802 -0.7043027
vn 0.8338547 -0.5519841 0
vn 0.827422 -0.5607607 0.0303349
vn 0.827422 -0.5529177 0.09825894
vn 0.8431079 -0.5293888 0.09442736
vn 0.811736 -0.5607607 0.1631931
vn 0.7960501 -0.5764467 0.1844276
vn -0.05099177 -0.7019343 0.710414
vn -0.05099177 -0.7019343 0.710414
vn -0.05099177 -0.7019343 0.710414
vn -0.9215626 -0.3803722 0.07771394
vn -0.9137195 -0.3882151 0.1200234
vn -0.9137195 -0.3882151 0.1200234
vn -0.9294056 -0.3646862 0.05665062
vn -0.8980336 -0.3960581 0.1915036
vn -0.8745047 -0.4195871 0.2432863
vn 0.9685956 -0.2391985 -0.067872
vn 0.9685956 -0.2470415 -0.0281611
vn 0.9607527 -0.2548845 -0.1094907
vn 0.9685956 -0.2470415 -0.0281611
vn 0.9670767 -0.2544848 0
vn 0.9685956 -0.2470415 -0.0281611
vn 0.9607527 -0.2627274 -0.08904266
vn 0.9607527 -0.2627274 -0.08904266
vn 0.1293968 0.9764634 0.1725561
vn 0.09802485 0.9921494 0.07765821
vn 0.7176203 0.4117688 0.5616651
vn 0.7411492 0.2078514 0.6383538
vn 0.3882151 -0.8901659 0.238524
vn 0.5293888 -0.7803642 0.3328353
vn -0.6078433 0.4901986 -0.6246854
vn -0.5450995 0.5372565 -0.6436008
vn -0.4274548 -0.7019343 -0.569711
vn -0.4509838 -0.7176203 -0.5306928
vn -0.4509838 -0.7176203 -0.5306928
vn -0.4274548 -0.7019343 -0.569711
vn 0.5921326 0.5137275 0.6208566
vn 0.443116 -0.8587939 0.2571405
vn -0.4745127 -0.5999756 -0.6441017
vn -0.1686364 0.9843063 -0.0519882
vn -0.4745127 -0.5999756 -0.6441017
vn -0.1764795 -0.9215378 0.3458658
vn 0.06665295 -0.9372237 0.3422996
vn -0.2078514 -0.9529097 0.2208187
vn -0.4588267 -0.8431079 0.2804409
vn -0.003933907 -0.9842816 0.1765623
vn -0.06667769 -0.9921246 0.1060321
vn 0.06665295 -0.9921246 0.1060476
vn -0.2000084 -0.9607527 0.1922263
vn -0.4509838 -0.850951 0.269251
vn 0.06665295 -0.9921246 0.1060476
vn -0.003933907 -0.9764386 0.2157593
vn 0.309167 -0.9510078 0
vn -0.5764714 -0.7568352 0.3080278
vn -0.6941161 -0.6156616 0.3730464
vn -0.7019591 -0.6078186 0.3712277
vn -0.8509758 -0.1999836 0.4856406
vn -0.8745047 -0.1607687 0.4575969
vn -0.8117608 0.2705952 0.5175159
vn -0.7725459 0.380397 0.5084004
vn -0.6549013 -0.6784054 0.332972
vn -0.6862731 -0.3411573 0.6423714
vn -0.709802 0.4980416 0.4981321
vn -0.6235293 0.6000004 0.5012093
vn -0.8196038 0.2392232 0.5205976
vn -0.6784302 0.4980416 0.5400805
vn -0.5058846 0.6705872 0.5425804
vn -0.3647109 0.7960749 0.4829604
vn -0.3725539 0.8039179 0.4635942
vn -0.2392232 0.8352897 0.4950387
vn -0.2313803 0.8431327 0.4853764
vn -0.3019671 0.8509758 0.4297163
vn -0.4745127 0.7960749 0.3756362
vn -0.2784382 0.7960749 0.5373425
vn -0.1058927 0.8901906 0.4431111
vn -0.003933907 0.8745047 0.4850011
vn -0.0117768 0.9137195 0.4061747
vn -0.05099177 0.9294056 0.3655204
vn -0.2627522 0.7882318 0.5564637
vn -0.4039259 0.780389 0.4773226
vn -0.3176531 0.8117608 0.4900418
vn -0.3725539 0.7960749 0.4769364
vn -0.4901986 0.749017 0.4457341
vn -0.4431407 0.8039179 0.396664
vn -0.04314876 0.9294056 0.366529
vn -0.5529425 0.7647029 0.3308837
vn -0.5372565 0.6235293 0.5679495
vn -0.5137275 0.5450995 0.6625334
vn -0.6156863 0.6156863 0.4917934
vn -0.6235293 0.6470582 0.4387788
vn -0.6470582 0.6549013 0.39041
vn 0.06665295 -0.9372237 0.3422996
vn 0.1921406 -0.9136948 0.3581114
vn -0.003933907 -0.9842816 0.1765623
vn -0.06667769 -0.9921246 0.1060321
vn 0.2784134 -0.8587939 0.4300685
vn 0.4744879 -0.835265 0.2778374
vn 0.3019423 -0.850951 0.4297829
vn 0.5607607 -0.7960501 0.2277095
vn 0.5921326 -0.7489922 0.2973039
vn 0.6784054 -0.6313475 0.3757211
vn 0.5058599 -0.7568352 0.4138916
vn 0.4666449 -0.7489922 0.4703755
vn 0.5921326 -0.6862484 0.4224241
vn 0.6862484 -0.5764467 0.4435905
vn 0.819579 -0.435273 0.3725959
vn 0.850951 -0.4039011 0.3357773
vn 0.8038931 -0.450959 0.3878039
vn 0.835265 -0.1686117 0.523357
vn 0.8431079 -0.2391985 0.4816151
vn 0.8431079 0.05099177 0.5353212
vn 0.7803642 0.3254961 0.5339327
vn 0.7411492 0.3725539 0.5584813
vn 0.5921326 0.6235293 0.5104803
vn 0.5686036 0.6705872 0.476448
vn 0.7489922 0.4196118 0.5127735
vn 0.7882071 -0.3646862 0.4957151
vn 0.8431079 0.2862811 0.4552056
vn 0.7646782 0.4901986 0.4182973
vn 0.8038931 0.2627522 0.533589
vn 0.6940913 0.4823556 0.5343878
vn 0.8823229 0.05099177 0.4678741
vn 0.6470335 0.5137275 0.5634108
vn 0.5764467 0.6392152 0.5090315
vn 0.4117441 0.7960749 0.4435444
vn 0.4666449 0.7960749 0.3853664
vn 0.3097853 0.8588187 0.4079995
vn 0.5686036 0.7254881 0.3877589
vn 0.6391905 0.6627442 0.3901355
vn 0.6391905 0.6627442 0.3901355
vn 0.4901739 0.733331 0.4711213
vn 0.3411573 0.7882318 0.5121545
vn 0.2627274 0.8274468 0.4962923
vn 0.2235125 0.8352897 0.5023278
vn 0.1999836 0.8666617 0.4570603
vn 0.1529257 0.9215626 0.3568419
vn -0.003933907 0.8745047 0.4850011
vn 0.2391985 0.8431327 0.4815716
vn 0.3725291 0.8196038 0.4352834
vn 0.2078266 0.8352897 0.5090179
vn 0.1999836 0.8666617 0.4570603
vn 0.2313555 0.8588187 0.4570614
vn 0.2235125 0.8745047 0.4304459
vn 0.3568432 0.7960749 0.4888023
vn 0.1293968 0.9450915 0.3000976
vn 0.1921406 0.9137195 0.3580483
vn -0.0117768 0.9137195 0.4061747
vn -0.4431407 -0.42743 0.787991
vn -0.5843143 -0.5686036 0.5790221
vn -0.780389 0.6078433 0.1466956
vn -0.780389 0.6078433 0.1466956
vn -0.780389 0.6078433 0.1466956
vn -0.3725539 0.8745047 -0.3105561
vn -0.3725539 0.8745047 -0.3105561
vn -0.3725539 0.8745047 -0.3105561
vn -0.8509758 0.04314876 0.5234295
g G_CA_Prinzeugen_Body_001_P_lod_0
f 3/3/3 2/2/2 1/1/1
f 4/4/4 3/3/3 1/1/1
f 3/3/3 4/4/4 5/5/5
f 5/5/5 4/4/4 6/6/6
f 7/7/7 5/5/5 6/6/6
f 8/8/8 5/5/5 7/7/7
f 9/9/9 8/8/8 7/7/7
f 7/7/7 10/10/10 9/9/9
f 7/7/7 6/6/6 10/10/10
f 10/10/10 11/11/11 9/9/9
f 14/14/14 13/13/13 12/12/12
f 15/15/15 14/14/14 12/12/12
f 15/15/15 12/12/12 16/16/16
f 17/17/17 15/15/15 16/16/16
f 17/17/17 16/16/16 18/18/18
f 16/16/16 19/19/19 18/18/18
f 18/18/18 19/19/19 20/20/20
f 23/23/23 22/22/22 21/21/21
f 24/24/24 23/23/23 21/21/21
f 24/24/24 21/21/21 25/25/25
f 26/26/26 24/24/24 25/25/25
f 25/25/25 27/27/27 26/26/26
f 27/27/27 28/28/28 26/26/26
f 23/23/23 29/29/29 22/22/22
f 30/30/30 22/22/22 29/29/29
f 31/31/31 30/30/30 29/29/29
f 32/32/32 30/30/30 31/31/31
f 33/33/33 32/32/32 31/31/31
f 36/36/36 35/35/35 34/34/34
f 37/37/37 36/36/36 34/34/34
f 37/37/37 34/34/34 38/38/38
f 39/39/39 37/37/37 38/38/38
f 42/42/42 41/41/41 40/40/40
f 42/42/42 43/43/43 41/41/41
f 43/43/43 44/44/44 41/41/41
f 47/47/47 46/46/46 45/45/45
f 48/48/48 47/47/47 45/45/45
f 48/48/48 45/45/45 49/49/49
f 45/45/45 50/50/50 49/49/49
f 51/51/51 46/46/46 47/47/47
f 52/52/52 46/46/46 51/51/51
f 53/53/53 52/52/52 51/51/51
f 54/54/54 53/53/53 51/51/51
f 55/55/55 53/53/53 54/54/54
f 55/55/55 54/54/54 56/56/56
f 56/56/56 57/57/57 55/55/55
f 57/57/57 58/58/58 55/55/55
f 61/61/61 60/60/60 59/59/59
f 59/59/59 60/60/60 62/62/62
f 63/63/63 61/61/61 59/59/59
f 63/63/63 59/59/59 64/64/64
f 64/64/64 59/59/59 62/62/62
f 65/65/65 63/63/63 64/64/64
f 65/65/65 66/66/66 63/63/63
f 66/66/66 67/67/67 63/63/63
f 68/68/68 67/67/67 66/66/66
f 67/67/67 68/68/68 69/69/69
f 63/63/63 69/69/69 61/61/61
f 67/67/67 69/69/69 63/63/63
f 70/70/70 68/68/68 66/66/66
f 62/62/62 71/71/71 64/64/64
f 74/74/74 73/73/73 72/72/72
f 75/75/75 74/74/74 72/72/72
f 75/75/75 76/76/76 74/74/74
f 75/75/75 77/77/77 76/76/76
f 75/75/75 72/72/72 77/77/77
f 72/72/72 78/78/78 77/77/77
f 72/72/72 79/79/79 78/78/78
f 72/72/72 73/73/73 79/79/79
f 82/82/82 81/81/81 80/80/80
f 83/83/83 81/81/81 82/82/82
f 84/84/84 83/83/83 82/82/82
f 85/85/85 83/83/83 84/84/84
f 86/86/86 85/85/85 84/84/84
f 85/85/85 86/86/86 87/87/87
f 88/88/88 87/87/87 86/86/86
f 89/89/89 85/85/85 87/87/87
f 89/89/89 87/87/87 90/90/90
f 89/89/89 90/90/90 91/91/91
f 90/90/90 92/92/92 91/91/91
f 90/90/90 93/93/93 92/92/92
f 96/96/96 95/95/95 94/94/94
f 95/95/95 97/97/97 94/94/94
f 97/97/97 95/95/95 98/98/98
f 98/98/98 99/99/99 97/97/97
f 99/99/99 100/100/100 97/97/97
f 100/100/100 101/101/101 97/97/97
f 100/100/100 102/102/102 101/101/101
f 105/105/105 104/104/104 103/103/103
f 106/106/106 105/105/105 103/103/103
f 103/103/103 104/104/104 107/107/107
f 104/104/104 108/108/108 107/107/107
f 107/107/107 108/108/108 109/109/109
f 110/110/110 107/107/107 109/109/109
f 106/106/106 103/103/103 111/111/111
f 106/106/106 111/111/111 112/112/112
f 113/113/113 106/106/106 112/112/112
f 106/106/106 113/113/113 105/105/105
f 103/103/103 114/114/114 111/111/111
f 103/103/103 115/115/115 114/114/114
f 116/116/116 115/115/115 103/103/103
f 107/107/107 116/116/116 103/103/103
f 107/107/107 117/117/117 116/116/116
f 117/117/117 118/118/118 116/116/116
f 119/119/119 117/117/117 107/107/107
f 120/120/120 119/119/119 107/107/107
f 121/121/121 120/120/120 107/107/107
f 122/122/122 121/121/121 107/107/107
f 110/110/110 122/122/122 107/107/107
f 110/110/110 123/123/123 122/122/122
f 116/116/116 118/118/118 124/124/124
f 115/115/115 116/116/116 125/125/125
f 114/114/114 115/115/115 126/126/126
f 111/111/111 114/114/114 127/127/127
f 113/113/113 128/128/128 105/105/105
f 105/105/105 128/128/128 129/129/129
f 129/129/129 130/130/130 105/105/105
f 130/130/130 131/131/131 105/105/105
f 131/131/131 104/104/104 105/105/105
f 104/104/104 131/131/131 108/108/108
f 131/131/131 132/132/132 108/108/108
f 108/108/108 132/132/132 133/133/133
f 109/109/109 108/108/108 133/133/133
f 131/131/131 130/130/130 134/134/134
f 132/132/132 131/131/131 134/134/134
f 130/130/130 135/135/135 134/134/134
f 130/130/130 129/129/129 135/135/135
f 136/136/136 132/132/132 134/134/134
f 137/137/137 133/133/133 132/132/132
f 136/136/136 137/137/137 132/132/132
f 138/138/138 129/129/129 128/128/128
f 138/138/138 139/139/139 129/129/129
f 141/141/141 111/111/111 140/140/140
f 141/141/141 112/112/112 111/111/111
f 144/144/144 143/143/143 142/142/142
f 143/143/143 145/145/145 142/142/142
f 143/143/143 144/144/144 146/146/146
f 144/144/144 147/147/147 146/146/146
f 147/147/147 144/144/144 148/148/148
f 149/149/149 147/147/147 148/148/148
f 144/144/144 142/142/142 150/150/150
f 148/148/148 144/144/144 150/150/150
f 150/150/150 151/151/151 148/148/148
f 154/154/154 153/153/153 152/152/152
f 155/155/155 154/154/154 152/152/152
f 153/153/153 156/156/156 152/152/152
f 157/157/157 156/156/156 153/153/153
f 158/158/158 157/157/157 153/153/153
f 158/158/158 153/153/153 159/159/159
f 159/159/159 153/153/153 154/154/154
f 158/158/158 159/159/159 160/160/160
f 157/157/157 158/158/158 160/160/160
f 159/159/159 161/161/161 160/160/160
f 160/160/160 161/161/161 162/162/162
f 160/160/160 162/162/162 163/163/163
f 163/163/163 162/162/162 164/164/164
f 161/161/161 165/165/165 162/162/162
f 163/163/163 166/166/166 160/160/160
f 166/166/166 167/167/167 160/160/160
f 167/167/167 157/157/157 160/160/160
f 156/156/156 168/168/168 152/152/152
f 169/169/169 161/161/161 159/159/159
f 159/159/159 154/154/154 170/170/170
f 164/164/164 162/162/162 171/171/171
f 162/162/162 172/172/172 171/171/171
f 172/172/172 173/173/173 171/171/171
f 162/162/162 165/165/165 174/174/174
f 172/172/172 162/162/162 174/174/174
f 174/174/174 165/165/165 175/175/175
f 175/175/175 165/165/165 161/161/161
f 169/169/169 175/175/175 161/161/161
f 176/176/176 174/174/174 175/175/175
f 176/176/176 177/177/177 174/174/174
f 177/177/177 178/178/178 174/174/174
f 178/178/178 172/172/172 174/174/174
f 177/177/177 179/179/179 178/178/178
f 173/173/173 172/172/172 180/180/180
f 180/180/180 172/172/172 181/181/181
f 181/181/181 172/172/172 178/178/178
f 181/181/181 178/178/178 182/182/182
f 180/180/180 181/181/181 182/182/182
f 183/183/183 180/180/180 182/182/182
f 182/182/182 184/184/184 183/183/183
f 184/184/184 185/185/185 183/183/183
f 186/186/186 185/185/185 184/184/184
f 183/183/183 185/185/185 187/187/187
f 180/180/180 183/183/183 187/187/187
f 178/178/178 188/188/188 182/182/182
f 178/178/178 179/179/179 188/188/188
f 182/182/182 188/188/188 184/184/184
f 189/189/189 186/186/186 184/184/184
f 188/188/188 189/189/189 184/184/184
f 176/176/176 175/175/175 190/190/190
f 177/177/177 176/176/176 190/190/190
f 175/175/175 191/191/191 190/190/190
f 191/191/191 175/175/175 169/169/169
f 192/192/192 191/191/191 169/169/169
f 192/192/192 169/169/169 193/193/193
f 169/169/169 159/159/159 193/193/193
f 193/193/193 159/159/159 170/170/170
f 194/194/194 193/193/193 170/170/170
f 195/195/195 193/193/193 194/194/194
f 196/196/196 195/195/195 194/194/194
f 191/191/191 192/192/192 197/197/197
f 197/197/197 192/192/192 193/193/193
f 195/195/195 197/197/197 193/193/193
f 198/198/198 191/191/191 197/197/197
f 190/190/190 191/191/191 198/198/198
f 199/199/199 190/190/190 198/198/198
f 199/199/199 200/200/200 190/190/190
f 200/200/200 201/201/201 190/190/190
f 201/201/201 177/177/177 190/190/190
f 201/201/201 179/179/179 177/177/177
f 204/204/204 203/203/203 202/202/202
f 205/205/205 204/204/204 202/202/202
f 206/206/206 204/204/204 205/205/205
f 203/203/203 204/204/204 207/207/207
f 204/204/204 208/208/208 207/207/207
f 204/204/204 206/206/206 209/209/209
f 208/208/208 204/204/204 209/209/209
f 208/208/208 209/209/209 210/210/210
f 208/208/208 211/211/211 207/207/207
f 211/211/211 208/208/208 210/210/210
f 211/211/211 212/212/212 207/207/207
f 213/213/213 212/212/212 211/211/211
f 214/214/214 206/206/206 205/205/205
f 214/214/214 205/205/205 215/215/215
f 218/218/218 217/217/217 216/216/216
f 219/219/219 218/218/218 216/216/216
f 220/220/220 219/219/219 216/216/216
f 219/219/219 220/220/220 221/221/221
f 221/221/221 220/220/220 222/222/222
f 221/221/221 222/222/222 223/223/223
f 223/223/223 222/222/222 224/224/224
f 225/225/225 223/223/223 224/224/224
f 228/228/228 227/227/227 226/226/226
f 229/229/229 228/228/228 226/226/226
f 227/227/227 228/228/228 230/230/230
f 231/231/231 230/230/230 228/228/228
f 230/230/230 231/231/231 232/232/232
f 233/233/233 230/230/230 232/232/232
f 234/234/234 233/233/233 232/232/232
f 235/235/235 234/234/234 232/232/232
f 234/234/234 235/235/235 236/236/236
f 237/237/237 234/234/234 236/236/236
f 238/238/238 227/227/227 230/230/230
f 234/234/234 237/237/237 239/239/239
f 240/240/240 234/234/234 239/239/239
f 240/240/240 233/233/233 234/234/234
f 233/233/233 240/240/240 241/241/241
f 241/241/241 238/238/238 230/230/230
f 233/233/233 241/241/241 230/230/230
f 244/244/244 243/243/243 242/242/242
f 245/245/245 244/244/244 242/242/242
f 246/246/246 245/245/245 242/242/242
f 247/247/247 242/242/242 243/243/243
f 246/246/246 242/242/242 247/247/247
f 247/247/247 243/243/243 248/248/248
f 245/245/245 246/246/246 249/249/249
f 250/250/250 245/245/245 249/249/249
f 245/245/245 250/250/250 251/251/251
f 252/252/252 245/245/245 251/251/251
f 252/252/252 244/244/244 245/245/245
f 252/252/252 251/251/251 253/253/253
f 256/256/256 255/255/255 254/254/254
f 257/257/257 254/254/254 255/255/255
f 258/258/258 257/257/257 255/255/255
f 257/257/257 258/258/258 259/259/259
f 258/258/258 260/260/260 259/259/259
f 255/255/255 256/256/256 261/261/261
f 261/261/261 256/256/256 262/262/262
f 263/263/263 261/261/261 262/262/262
f 263/263/263 262/262/262 264/264/264
f 265/265/265 263/263/263 264/264/264
f 152/152/152 168/168/168 266/266/266
f 269/269/269 268/268/268 267/267/267
f 267/267/267 268/268/268 270/270/270
f 273/273/273 272/272/272 271/271/271
f 272/272/272 273/273/273 274/274/274
f 275/275/275 272/272/272 274/274/274
f 275/275/275 274/274/274 276/276/276
f 277/277/277 275/275/275 276/276/276
f 276/276/276 278/278/278 277/277/277
f 278/278/278 279/279/279 277/277/277
f 276/276/276 274/274/274 280/280/280
f 274/274/274 273/273/273 280/280/280
f 281/281/281 276/276/276 280/280/280
f 282/282/282 276/276/276 281/281/281
f 278/278/278 276/276/276 282/282/282
f 273/273/273 283/283/283 280/280/280
f 283/283/283 273/273/273 284/284/284
f 284/284/284 273/273/273 271/271/271
f 285/285/285 279/279/279 278/278/278
f 286/286/286 285/285/285 278/278/278
f 287/287/287 286/286/286 278/278/278
f 282/282/282 288/288/288 278/278/278
f 278/278/278 288/288/288 287/287/287
f 287/287/287 288/288/288 289/289/289
f 292/292/292 291/291/291 290/290/290
f 293/293/293 292/292/292 290/290/290
f 292/292/292 293/293/293 294/294/294
f 295/295/295 292/292/292 294/294/294
f 296/296/296 295/295/295 294/294/294
f 297/297/297 296/296/296 294/294/294
f 298/298/298 296/296/296 297/297/297
f 299/299/299 298/298/298 297/297/297
f 300/300/300 296/296/296 298/298/298
f 296/296/296 300/300/300 295/295/295
f 300/300/300 301/301/301 295/295/295
f 292/292/292 295/295/295 301/301/301
f 302/302/302 300/300/300 298/298/298
f 303/303/303 292/292/292 301/301/301
f 292/292/292 303/303/303 304/304/304
f 291/291/291 292/292/292 304/304/304
f 307/307/307 306/306/306 305/305/305
f 308/308/308 306/306/306 307/307/307
f 309/309/309 306/306/306 308/308/308
f 306/306/306 309/309/309 310/310/310
f 309/309/309 311/311/311 310/310/310
f 311/311/311 312/312/312 310/310/310
f 312/312/312 313/313/313 310/310/310
f 314/314/314 313/313/313 312/312/312
f 317/317/317 316/316/316 315/315/315
f 318/318/318 317/317/317 315/315/315
f 318/318/318 319/319/319 317/317/317
f 319/319/319 320/320/320 317/317/317
f 323/323/323 322/322/322 321/321/321
f 326/326/326 325/325/325 324/324/324
f 327/327/327 326/326/326 324/324/324
f 325/325/325 326/326/326 328/328/328
f 329/329/329 325/325/325 328/328/328
f 329/329/329 330/330/330 325/325/325
f 330/330/330 331/331/331 325/325/325
f 331/331/331 330/330/330 332/332/332
f 333/333/333 331/331/331 332/332/332
f 328/328/328 326/326/326 334/334/334
f 326/326/326 335/335/335 334/334/334
f 336/336/336 333/333/333 332/332/332
f 337/337/337 336/336/336 332/332/332
f 326/326/326 327/327/327 338/338/338
f 335/335/335 326/326/326 338/338/338
f 333/333/333 336/336/336 339/339/339
f 336/336/336 340/340/340 339/339/339
f 341/341/341 331/331/331 333/333/333
f 339/339/339 341/341/341 333/333/333
f 331/331/331 342/342/342 325/325/325
f 342/342/342 324/324/324 325/325/325
f 345/345/345 344/344/344 343/343/343
f 346/346/346 345/345/345 343/343/343
f 347/347/347 344/344/344 345/345/345
f 348/348/348 347/347/347 345/345/345
f 343/343/343 349/349/349 346/346/346
f 349/349/349 350/350/350 346/346/346
f 351/351/351 347/347/347 348/348/348
f 352/352/352 351/351/351 348/348/348
f 353/353/353 350/350/350 349/349/349
f 354/354/354 353/353/353 349/349/349
f 357/357/357 356/356/356 355/355/355
f 358/358/358 357/357/357 355/355/355
f 355/355/355 356/356/356 359/359/359
f 360/360/360 355/355/355 359/359/359
f 363/363/363 362/362/362 361/361/361
f 364/364/364 363/363/363 361/361/361
f 367/367/367 366/366/366 365/365/365
f 366/366/366 367/367/367 368/368/368
f 369/369/369 368/368/368 367/367/367
f 365/365/365 370/370/370 367/367/367
f 370/370/370 371/371/371 367/367/367
f 365/365/365 366/366/366 372/372/372
f 366/366/366 373/373/373 372/372/372
f 368/368/368 373/373/373 366/366/366
f 373/373/373 374/374/374 372/372/372
f 373/373/373 375/375/375 374/374/374
f 374/374/374 375/375/375 376/376/376
f 376/376/376 375/375/375 377/377/377
f 378/378/378 376/376/376 377/377/377
f 381/381/381 380/380/380 379/379/379
f 381/381/381 382/382/382 380/380/380
f 383/383/383 382/382/382 381/381/381
f 383/383/383 381/381/381 384/384/384
f 385/385/385 383/383/383 384/384/384
f 386/386/386 385/385/385 384/384/384
f 379/379/379 380/380/380 387/387/387
f 387/387/387 388/388/388 379/379/379
f 389/389/389 388/388/388 387/387/387
f 389/389/389 390/390/390 388/388/388
f 390/390/390 391/391/391 388/388/388
f 392/392/392 391/391/391 390/390/390
f 393/393/393 392/392/392 390/390/390
f 393/393/393 394/394/394 392/392/392
f 397/397/397 396/396/396 395/395/395
f 398/398/398 397/397/397 395/395/395
f 399/399/399 398/398/398 395/395/395
f 398/398/398 399/399/399 400/400/400
f 401/401/401 396/396/396 397/397/397
f 404/404/404 403/403/403 402/402/402
f 405/405/405 404/404/404 402/402/402
f 402/402/402 406/406/406 405/405/405
f 406/406/406 407/407/407 405/405/405
f 410/410/410 409/409/409 408/408/408
f 411/411/411 410/410/410 408/408/408
f 414/414/414 413/413/413 412/412/412
f 412/412/412 413/413/413 415/415/415
f 412/412/412 415/415/415 416/416/416
f 417/417/417 412/412/412 416/416/416
f 418/418/418 412/412/412 417/417/417
f 418/418/418 414/414/414 412/412/412
f 419/419/419 418/418/418 417/417/417
f 419/419/419 417/417/417 420/420/420
f 417/417/417 421/421/421 420/420/420
f 417/417/417 416/416/416 421/421/421
f 413/413/413 422/422/422 415/415/415
f 418/418/418 423/423/423 414/414/414
f 424/424/424 414/414/414 423/423/423
f 427/427/427 426/426/426 425/425/425
f 428/428/428 427/427/427 425/425/425
f 425/425/425 426/426/426 429/429/429
f 426/426/426 430/430/430 429/429/429
f 427/427/427 428/428/428 431/431/431
f 428/428/428 432/432/432 431/431/431
f 435/435/435 434/434/434 433/433/433
f 436/436/436 435/435/435 433/433/433
f 433/433/433 434/434/434 437/437/437
f 434/434/434 438/438/438 437/437/437
f 439/439/439 438/438/438 434/434/434
f 440/440/440 439/439/439 434/434/434
f 435/435/435 440/440/440 434/434/434
f 435/435/435 436/436/436 441/441/441
f 436/436/436 442/442/442 441/441/441
f 442/442/442 443/443/443 441/441/441
f 444/444/444 435/435/435 441/441/441
f 443/443/443 445/445/445 441/441/441
f 445/445/445 446/446/446 441/441/441
f 447/447/447 444/444/444 441/441/441
f 446/446/446 447/447/447 441/441/441
f 443/443/443 442/442/442 448/448/448
f 449/449/449 443/443/443 448/448/448
f 443/443/443 449/449/449 445/445/445
f 445/445/445 449/449/449 450/450/450
f 444/444/444 447/447/447 451/451/451
f 447/447/447 452/452/452 451/451/451
f 453/453/453 448/448/448 442/442/442
f 442/442/442 454/454/454 453/453/453
f 454/454/454 455/455/455 453/453/453
f 454/454/454 442/442/442 436/436/436
f 433/433/433 454/454/454 436/436/436
f 437/437/437 455/455/455 454/454/454
f 433/433/433 437/437/437 454/454/454
f 444/444/444 451/451/451 456/456/456
f 435/435/435 444/444/444 456/456/456
f 440/440/440 435/435/435 456/456/456
f 459/459/459 458/458/458 457/457/457
f 460/460/460 458/458/458 459/459/459
f 461/461/461 458/458/458 460/460/460
f 462/462/462 461/461/461 460/460/460
f 463/463/463 461/461/461 462/462/462
f 464/464/464 463/463/463 462/462/462
f 463/463/463 464/464/464 465/465/465
f 466/466/466 463/463/463 465/465/465
f 469/469/469 468/468/468 467/467/467
f 470/470/470 469/469/469 467/467/467
f 469/469/469 470/470/470 471/471/471
f 470/470/470 472/472/472 471/471/471
f 473/473/473 471/471/471 472/472/472
f 474/474/474 473/473/473 472/472/472
f 474/474/474 472/472/472 475/475/475
f 478/478/478 477/477/477 476/476/476
f 479/479/479 477/477/477 478/478/478
f 477/477/477 479/479/479 480/480/480
f 479/479/479 481/481/481 480/480/480
f 481/481/481 482/482/482 480/480/480
f 482/482/482 483/483/483 480/480/480
f 482/482/482 484/484/484 483/483/483
f 487/487/487 486/486/486 485/485/485
f 488/488/488 487/487/487 485/485/485
f 489/489/489 485/485/485 486/486/486
f 490/490/490 489/489/489 486/486/486
f 491/491/491 487/487/487 488/488/488
f 492/492/492 491/491/491 488/488/488
f 491/491/491 492/492/492 493/493/493
f 494/494/494 491/491/491 493/493/493
f 494/494/494 493/493/493 495/495/495
f 493/493/493 496/496/496 495/495/495
f 499/499/499 498/498/498 497/497/497
f 500/500/500 499/499/499 497/497/497
f 499/499/499 501/501/501 498/498/498
f 501/501/501 502/502/502 498/498/498
f 502/502/502 501/501/501 503/503/503
f 501/501/501 504/504/504 503/503/503
f 497/497/497 505/505/505 500/500/500
f 505/505/505 506/506/506 500/500/500
f 509/509/509 508/508/508 507/507/507
f 510/510/510 509/509/509 507/507/507
f 507/507/507 508/508/508 511/511/511
f 512/512/512 507/507/507 511/511/511
f 511/511/511 513/513/513 512/512/512
f 513/513/513 514/514/514 512/512/512
f 513/513/513 515/515/515 514/514/514
f 518/518/518 517/517/517 516/516/516
f 517/517/517 518/518/518 519/519/519
f 518/518/518 520/520/520 519/519/519
f 521/521/521 519/519/519 520/520/520
f 522/522/522 521/521/521 520/520/520
f 525/525/525 524/524/524 523/523/523
f 525/525/525 526/526/526 524/524/524
f 529/529/529 528/528/528 527/527/527
f 530/530/530 529/529/529 527/527/527
f 533/533/533 532/532/532 531/531/531
f 533/533/533 534/534/534 532/532/532
f 534/534/534 535/535/535 532/532/532
f 534/534/534 536/536/536 535/535/535
f 536/536/536 537/537/537 535/535/535
f 537/537/537 538/538/538 535/535/535
f 539/539/539 535/535/535 538/538/538
f 540/540/540 536/536/536 534/534/534
f 543/543/543 542/542/542 541/541/541
f 546/546/546 545/545/545 544/544/544
f 547/547/547 546/546/546 544/544/544
f 550/550/550 549/549/549 548/548/548
f 551/551/551 550/550/550 548/548/548
f 554/554/554 553/553/553 552/552/552
f 555/555/555 554/554/554 552/552/552
f 558/558/558 557/557/557 556/556/556
f 559/559/559 558/558/558 556/556/556
f 562/562/562 561/561/561 560/560/560
f 563/563/563 560/560/560 561/561/561
f 564/564/564 563/563/563 561/561/561
f 567/567/567 566/566/566 565/565/565
f 566/566/566 567/567/567 568/568/568
f 569/569/569 566/566/566 568/568/568
f 572/572/572 571/571/571 570/570/570
f 573/573/573 572/572/572 570/570/570
f 576/576/576 575/575/575 574/574/574
f 577/577/577 576/576/576 574/574/574
f 580/580/580 579/579/579 578/578/578
f 581/581/581 580/580/580 578/578/578
f 584/584/584 583/583/583 582/582/582
f 585/585/585 584/584/584 582/582/582
f 588/588/588 587/587/587 586/586/586
f 589/589/589 588/588/588 586/586/586
f 590/590/590 589/589/589 586/586/586
f 593/593/593 592/592/592 591/591/591
f 594/594/594 593/593/593 591/591/591
f 597/597/597 596/596/596 595/595/595
f 598/598/598 597/597/597 595/595/595
f 601/601/601 600/600/600 599/599/599
f 602/602/602 601/601/601 599/599/599
f 601/601/601 602/602/602 603/603/603
f 604/604/604 601/601/601 603/603/603
f 602/602/602 599/599/599 605/605/605
f 606/606/606 602/602/602 605/605/605
f 603/603/603 602/602/602 606/606/606
f 605/605/605 599/599/599 607/607/607
f 608/608/608 605/605/605 607/607/607
f 609/609/609 603/603/603 606/606/606
f 610/610/610 607/607/607 599/599/599
f 610/610/610 599/599/599 611/611/611
f 614/614/614 613/613/613 612/612/612
f 614/614/614 615/615/615 613/613/613
f 615/615/615 614/614/614 616/616/616
f 614/614/614 617/617/617 616/616/616
f 618/618/618 617/617/617 614/614/614
f 619/619/619 618/618/618 614/614/614
f 619/619/619 614/614/614 620/620/620
f 621/621/621 619/619/619 620/620/620
f 622/622/622 618/618/618 619/619/619
f 623/623/623 622/622/622 619/619/619
f 624/624/624 623/623/623 619/619/619
f 621/621/621 624/624/624 619/619/619
f 627/627/627 626/626/626 625/625/625
f 628/628/628 627/627/627 625/625/625
f 629/629/629 627/627/627 628/628/628
f 630/630/630 629/629/629 628/628/628
f 633/633/633 632/632/632 631/631/631
f 634/634/634 633/633/633 631/631/631
f 637/637/637 636/636/636 635/635/635
f 638/638/638 637/637/637 635/635/635
f 641/641/641 640/640/640 639/639/639
f 642/642/642 641/641/641 639/639/639
f 645/645/645 644/644/644 643/643/643
f 646/646/646 645/645/645 643/643/643
f 649/649/649 648/648/648 647/647/647
f 650/650/650 649/649/649 647/647/647
f 651/651/651 647/647/647 648/648/648
f 652/652/652 651/651/651 648/648/648
f 655/655/655 654/654/654 653/653/653
f 656/656/656 655/655/655 653/653/653
f 656/656/656 657/657/657 655/655/655
f 657/657/657 658/658/658 655/655/655
f 661/661/661 660/660/660 659/659/659
f 662/662/662 661/661/661 659/659/659
f 659/659/659 660/660/660 663/663/663
f 664/664/664 659/659/659 663/663/663
f 667/667/667 666/666/666 665/665/665
f 668/668/668 667/667/667 665/665/665
f 671/671/671 670/670/670 669/669/669
f 672/672/672 671/671/671 669/669/669
f 675/675/675 674/674/674 673/673/673
f 676/676/676 675/675/675 673/673/673
f 676/676/676 677/677/677 675/675/675
f 677/677/677 678/678/678 675/675/675
f 678/678/678 677/677/677 679/679/679
f 680/680/680 678/678/678 679/679/679
f 680/680/680 679/679/679 681/681/681
f 682/682/682 680/680/680 681/681/681
f 682/682/682 681/681/681 683/683/683
f 684/684/684 682/682/682 683/683/683
f 683/683/683 685/685/685 684/684/684
f 685/685/685 686/686/686 684/684/684
f 674/674/674 687/687/687 673/673/673
f 685/685/685 688/688/688 686/686/686
f 691/691/691 690/690/690 689/689/689
f 692/692/692 690/690/690 691/691/691
f 690/690/690 693/693/693 689/689/689
f 690/690/690 692/692/692 694/694/694
f 697/697/697 696/696/696 695/695/695
f 698/698/698 697/697/697 695/695/695
f 701/701/701 700/700/700 699/699/699
f 702/702/702 701/701/701 699/699/699
f 705/705/705 704/704/704 703/703/703
f 706/706/706 705/705/705 703/703/703
f 709/709/709 708/708/708 707/707/707
f 710/710/710 709/709/709 707/707/707
f 713/713/713 712/712/712 711/711/711
f 714/714/714 713/713/713 711/711/711
f 717/717/717 716/716/716 715/715/715
f 718/718/718 717/717/717 715/715/715
f 721/721/721 720/720/720 719/719/719
f 722/722/722 721/721/721 719/719/719
f 725/725/725 724/724/724 723/723/723
f 723/723/723 726/726/726 725/725/725
f 726/726/726 727/727/727 725/725/725
f 727/727/727 726/726/726 728/728/728
f 726/726/726 729/729/729 728/728/728
f 725/725/725 727/727/727 730/730/730
f 727/727/727 731/731/731 730/730/730
f 727/727/727 728/728/728 731/731/731
f 728/728/728 732/732/732 731/731/731
f 735/735/735 734/734/734 733/733/733
f 734/734/734 736/736/736 733/733/733
f 736/736/736 737/737/737 733/733/733
f 736/736/736 738/738/738 737/737/737
f 738/738/738 739/739/739 737/737/737
f 734/734/734 740/740/740 736/736/736
f 740/740/740 741/741/741 736/736/736
f 742/742/742 738/738/738 736/736/736
f 741/741/741 742/742/742 736/736/736
f 745/745/745 744/744/744 743/743/743
f 746/746/746 745/745/745 743/743/743
f 746/746/746 743/743/743 747/747/747
f 743/743/743 748/748/748 747/747/747
f 751/751/751 750/750/750 749/749/749
f 752/752/752 750/750/750 751/751/751
f 753/753/753 750/750/750 752/752/752
f 754/754/754 750/750/750 753/753/753
f 755/755/755 754/754/754 753/753/753
f 756/756/756 755/755/755 753/753/753
f 759/759/759 758/758/758 757/757/757
f 760/760/760 758/758/758 759/759/759
f 761/761/761 760/760/760 759/759/759
f 757/757/757 758/758/758 762/762/762
f 762/762/762 758/758/758 763/763/763
f 766/766/766 765/765/765 764/764/764
f 767/767/767 766/766/766 764/764/764
f 766/766/766 767/767/767 768/768/768
f 769/769/769 766/766/766 768/768/768
f 772/772/772 771/771/771 770/770/770
f 772/772/772 773/773/773 771/771/771
f 772/772/772 774/774/774 773/773/773
f 772/772/772 775/775/775 774/774/774
f 776/776/776 774/774/774 775/775/775
f 777/777/777 776/776/776 775/775/775
f 780/780/780 779/779/779 778/778/778
f 780/780/780 781/781/781 779/779/779
f 781/781/781 782/782/782 779/779/779
f 780/780/780 778/778/778 783/783/783
f 780/780/780 783/783/783 784/784/784
f 787/787/787 786/786/786 785/785/785
f 788/788/788 786/786/786 787/787/787
f 789/789/789 788/788/788 787/787/787
f 788/788/788 790/790/790 786/786/786
f 790/790/790 791/791/791 786/786/786
f 790/790/790 788/788/788 792/792/792
f 793/793/793 792/792/792 788/788/788
f 794/794/794 790/790/790 792/792/792
f 794/794/794 795/795/795 790/790/790
f 795/795/795 796/796/796 790/790/790
f 796/796/796 791/791/791 790/790/790
f 785/785/785 786/786/786 797/797/797
f 791/791/791 797/797/797 786/786/786
f 800/800/800 799/799/799 798/798/798
f 799/799/799 800/800/800 801/801/801
f 800/800/800 802/802/802 801/801/801
f 803/803/803 800/800/800 798/798/798
f 802/802/802 800/800/800 803/803/803
f 804/804/804 802/802/802 803/803/803
f 803/803/803 805/805/805 804/804/804
f 806/806/806 802/802/802 804/804/804
f 806/806/806 807/807/807 802/802/802
f 808/808/808 806/806/806 804/804/804
f 809/809/809 808/808/808 804/804/804
f 810/810/810 809/809/809 804/804/804
f 805/805/805 810/810/810 804/804/804
f 803/803/803 798/798/798 811/811/811
f 811/811/811 805/805/805 803/803/803
f 814/814/814 813/813/813 812/812/812
f 815/815/815 814/814/814 812/812/812
f 816/816/816 812/812/812 813/813/813
f 816/816/816 813/813/813 817/817/817
f 818/818/818 816/816/816 817/817/817
f 819/819/819 818/818/818 817/817/817
f 820/820/820 817/817/817 813/813/813
f 814/814/814 820/820/820 813/813/813
f 817/817/817 820/820/820 821/821/821
f 819/819/819 817/817/817 821/821/821
f 822/822/822 819/819/819 821/821/821
f 823/823/823 822/822/822 821/821/821
f 824/824/824 819/819/819 822/822/822
f 824/824/824 825/825/825 819/819/819
f 825/825/825 818/818/818 819/819/819
f 828/828/828 827/827/827 826/826/826
f 829/829/829 828/828/828 826/826/826
f 830/830/830 826/826/826 827/827/827
f 831/831/831 830/830/830 827/827/827
f 831/831/831 827/827/827 832/832/832
f 827/827/827 828/828/828 832/832/832
f 828/828/828 833/833/833 832/832/832
f 836/836/836 835/835/835 834/834/834
f 837/837/837 836/836/836 834/834/834
f 836/836/836 838/838/838 835/835/835
f 838/838/838 839/839/839 835/835/835
f 842/842/842 841/841/841 840/840/840
f 843/843/843 842/842/842 840/840/840
f 844/844/844 843/843/843 840/840/840
f 840/840/840 845/845/845 844/844/844
f 841/841/841 846/846/846 840/840/840
f 846/846/846 845/845/845 840/840/840
f 843/843/843 844/844/844 847/847/847
f 848/848/848 846/846/846 841/841/841
f 845/845/845 846/846/846 849/849/849
f 849/849/849 846/846/846 850/850/850
f 851/851/851 850/850/850 846/846/846
f 852/852/852 851/851/851 846/846/846
f 852/852/852 846/846/846 848/848/848
f 845/845/845 849/849/849 853/853/853
f 844/844/844 845/845/845 853/853/853
f 849/849/849 854/854/854 853/853/853
f 855/855/855 844/844/844 853/853/853
f 844/844/844 855/855/855 847/847/847
f 851/851/851 852/852/852 856/856/856
f 857/857/857 851/851/851 856/856/856
f 852/852/852 848/848/848 858/858/858
f 856/856/856 852/852/852 858/858/858
f 848/848/848 859/859/859 858/858/858
f 860/860/860 856/856/856 858/858/858
f 861/861/861 855/855/855 853/853/853
f 853/853/853 862/862/862 861/861/861
f 853/853/853 854/854/854 862/862/862
f 862/862/862 854/854/854 863/863/863
f 862/862/862 863/863/863 864/864/864
f 855/855/855 861/861/861 865/865/865
f 865/865/865 866/866/866 855/855/855
f 867/867/867 861/861/861 862/862/862
f 862/862/862 868/868/868 867/867/867
f 868/868/868 869/869/869 867/867/867
f 869/869/869 870/870/870 867/867/867
f 870/870/870 861/861/861 867/867/867
f 861/861/861 870/870/870 871/871/871
f 861/861/861 871/871/871 865/865/865
f 868/868/868 872/872/872 869/869/869
f 873/873/873 872/872/872 868/868/868
f 873/873/873 868/868/868 874/874/874
f 868/868/868 862/862/862 874/874/874
f 874/874/874 862/862/862 864/864/864
f 877/877/877 876/876/876 875/875/875
f 878/878/878 877/877/877 875/875/875
f 878/878/878 879/879/879 877/877/877
f 879/879/879 880/880/880 877/877/877
f 880/880/880 881/881/881 877/877/877
f 881/881/881 882/882/882 877/877/877
f 877/877/877 882/882/882 876/876/876
f 882/882/882 883/883/883 876/876/876
f 876/876/876 884/884/884 875/875/875
f 884/884/884 876/876/876 885/885/885
f 886/886/886 884/884/884 885/885/885
f 884/884/884 887/887/887 875/875/875
f 875/875/875 887/887/887 888/888/888
f 888/888/888 889/889/889 875/875/875
f 889/889/889 890/890/890 875/875/875
f 890/890/890 878/878/878 875/875/875
f 879/879/879 878/878/878 890/890/890
f 890/890/890 889/889/889 891/891/891
f 892/892/892 890/890/890 891/891/891
f 887/887/887 893/893/893 888/888/888
f 894/894/894 890/890/890 892/892/892
f 890/890/890 894/894/894 879/879/879
f 895/895/895 894/894/894 892/892/892
f 876/876/876 883/883/883 896/896/896
f 896/896/896 885/885/885 876/876/876
f 899/899/899 898/898/898 897/897/897
f 900/900/900 899/899/899 897/897/897
f 899/899/899 900/900/900 901/901/901
f 900/900/900 902/902/902 901/901/901
f 897/897/897 898/898/898 903/903/903
f 898/898/898 904/904/904 903/903/903
f 907/907/907 906/906/906 905/905/905
f 905/905/905 906/906/906 908/908/908
f 911/911/911 910/910/910 909/909/909
f 914/914/914 913/913/913 912/912/912
f 914/914/914 915/915/915 913/913/913
f 918/918/918 917/917/917 916/916/916
f 919/919/919 918/918/918 916/916/916
f 918/918/918 920/920/920 917/917/917
f 920/920/920 921/921/921 917/917/917
f 920/920/920 922/922/922 921/921/921
f 922/922/922 923/923/923 921/921/921
f 923/923/923 922/922/922 924/924/924
f 927/927/927 926/926/926 925/925/925
f 928/928/928 927/927/927 925/925/925
f 927/927/927 928/928/928 929/929/929
f 930/930/930 927/927/927 929/929/929
f 931/931/931 930/930/930 929/929/929
f 932/932/932 931/931/931 929/929/929
f 931/931/931 932/932/932 933/933/933
f 936/936/936 935/935/935 934/934/934
f 936/936/936 934/934/934 937/937/937
f 938/938/938 936/936/936 937/937/937
f 937/937/937 939/939/939 938/938/938
f 939/939/939 940/940/940 938/938/938
f 940/940/940 939/939/939 941/941/941
f 942/942/942 940/940/940 941/941/941
f 945/945/945 944/944/944 943/943/943
f 945/945/945 943/943/943 946/946/946
f 943/943/943 947/947/947 946/946/946
f 947/947/947 948/948/948 946/946/946
f 948/948/948 949/949/949 946/946/946
f 950/950/950 949/949/949 948/948/948
f 951/951/951 950/950/950 948/948/948
f 954/954/954 953/953/953 952/952/952
f 955/955/955 954/954/954 952/952/952
f 956/956/956 954/954/954 955/955/955
f 956/956/956 955/955/955 957/957/957
f 960/960/960 959/959/959 958/958/958
f 961/961/961 960/960/960 958/958/958
f 962/962/962 959/959/959 960/960/960
f 963/963/963 962/962/962 960/960/960
f 963/963/963 964/964/964 962/962/962
f 967/967/967 966/966/966 965/965/965
f 968/968/968 967/967/967 965/965/965
f 969/969/969 966/966/966 967/967/967
f 970/970/970 969/969/969 967/967/967
f 970/970/970 971/971/971 969/969/969
f 974/974/974 973/973/973 972/972/972
f 972/972/972 975/975/975 974/974/974
f 973/973/973 974/974/974 976/976/976
f 974/974/974 977/977/977 976/976/976
f 976/976/976 977/977/977 978/978/978
f 977/977/977 979/979/979 978/978/978
f 977/977/977 980/980/980 979/979/979
f 980/980/980 977/977/977 974/974/974
f 975/975/975 980/980/980 974/974/974
f 980/980/980 981/981/981 979/979/979
f 984/984/984 983/983/983 982/982/982
f 985/985/985 984/984/984 982/982/982
f 984/984/984 986/986/986 983/983/983
f 986/986/986 987/987/987 983/983/983
f 986/986/986 988/988/988 987/987/987
f 991/991/991 990/990/990 989/989/989
f 992/992/992 991/991/991 989/989/989
f 993/993/993 991/991/991 992/992/992
f 994/994/994 993/993/993 992/992/992
f 994/994/994 995/995/995 993/993/993
f 998/998/998 997/997/997 996/996/996
f 999/999/999 998/998/998 996/996/996
f 1000/1000/1000 996/996/996 997/997/997
f 1001/1001/1001 1000/1000/1000 997/997/997
f 1002/1002/1002 999/999/999 996/996/996
f 1003/1003/1003 1002/1002/1002 996/996/996
f 1003/1003/1003 996/996/996 1000/1000/1000
f 1002/1002/1002 1003/1003/1003 1004/1004/1004
f 1004/1004/1004 1003/1003/1003 1005/1005/1005
f 1005/1005/1005 1003/1003/1003 1000/1000/1000
f 1008/1008/1008 1007/1007/1007 1006/1006/1006
f 1009/1009/1009 1008/1008/1008 1006/1006/1006
f 1010/1010/1010 1008/1008/1008 1009/1009/1009
f 1011/1011/1011 1010/1010/1010 1009/1009/1009
f 1012/1012/1012 1010/1010/1010 1011/1011/1011
f 1013/1013/1013 1012/1012/1012 1011/1011/1011
f 1014/1014/1014 1011/1011/1011 1009/1009/1009
f 1011/1011/1011 1014/1014/1014 1013/1013/1013
f 1015/1015/1015 1014/1014/1014 1009/1009/1009
f 1009/1009/1009 1006/1006/1006 1015/1015/1015
f 1016/1016/1016 1014/1014/1014 1015/1015/1015
f 1016/1016/1016 1017/1017/1017 1014/1014/1014
f 1014/1014/1014 1017/1017/1017 1013/1013/1013
f 1018/1018/1018 1016/1016/1016 1015/1015/1015
f 1006/1006/1006 1018/1018/1018 1015/1015/1015
f 1021/1021/1021 1020/1020/1020 1019/1019/1019
f 1022/1022/1022 1021/1021/1021 1019/1019/1019
f 1023/1023/1023 1020/1020/1020 1021/1021/1021
f 1024/1024/1024 1023/1023/1023 1021/1021/1021
f 1024/1024/1024 1025/1025/1025 1023/1023/1023
f 1025/1025/1025 1026/1026/1026 1023/1023/1023
f 1026/1026/1026 1025/1025/1025 1027/1027/1027
f 1030/1030/1030 1029/1029/1029 1028/1028/1028
f 1031/1031/1031 1030/1030/1030 1028/1028/1028
f 1029/1029/1029 1030/1030/1030 1032/1032/1032
f 1030/1030/1030 1033/1033/1033 1032/1032/1032
f 1034/1034/1034 1032/1032/1032 1033/1033/1033
f 1035/1035/1035 1034/1034/1034 1033/1033/1033
f 1036/1036/1036 1034/1034/1034 1035/1035/1035
f 1039/1039/1039 1038/1038/1038 1037/1037/1037
f 1037/1037/1037 1040/1040/1040 1039/1039/1039
f 1039/1039/1039 1041/1041/1041 1038/1038/1038
f 1041/1041/1041 1042/1042/1042 1038/1038/1038
f 1043/1043/1043 1042/1042/1042 1041/1041/1041
f 1044/1044/1044 1043/1043/1043 1041/1041/1041
f 1044/1044/1044 1045/1045/1045 1043/1043/1043
f 1045/1045/1045 1046/1046/1046 1043/1043/1043
f 1044/1044/1044 1047/1047/1047 1045/1045/1045
f 1047/1047/1047 1048/1048/1048 1045/1045/1045
f 1049/1049/1049 1047/1047/1047 1044/1044/1044
f 1041/1041/1041 1049/1049/1049 1044/1044/1044
f 1049/1049/1049 1041/1041/1041 1039/1039/1039
f 1040/1040/1040 1049/1049/1049 1039/1039/1039
f 1052/1052/1052 1051/1051/1051 1050/1050/1050
f 1053/1053/1053 1052/1052/1052 1050/1050/1050
f 1050/1050/1050 1051/1051/1051 1054/1054/1054
f 1051/1051/1051 1055/1055/1055 1054/1054/1054
f 1055/1055/1055 1056/1056/1056 1054/1054/1054
f 1059/1059/1059 1058/1058/1058 1057/1057/1057
f 842/842/842 1060/1060/1060 841/841/841
f 1063/1063/1063 1062/1062/1062 1061/1061/1061
f 1064/1064/1064 1063/1063/1063 1061/1061/1061
f 1064/1064/1064 1065/1065/1065 1063/1063/1063
f 1068/1068/1068 1067/1067/1067 1066/1066/1066
f 1069/1069/1069 1067/1067/1067 1068/1068/1068
f 1070/1070/1070 1069/1069/1069 1068/1068/1068
f 1073/1073/1073 1072/1072/1072 1071/1071/1071
f 1074/1074/1074 1072/1072/1072 1073/1073/1073
f 1075/1075/1075 1074/1074/1074 1073/1073/1073
f 1078/1078/1078 1077/1077/1077 1076/1076/1076
f 1081/1081/1081 1080/1080/1080 1079/1079/1079
f 1082/1082/1082 1081/1081/1081 1079/1079/1079
f 1082/1082/1082 1083/1083/1083 1081/1081/1081
f 1083/1083/1083 1084/1084/1084 1081/1081/1081
f 1080/1080/1080 1085/1085/1085 1079/1079/1079
f 1085/1085/1085 1086/1086/1086 1079/1079/1079
f 1086/1086/1086 1085/1085/1085 1087/1087/1087
f 1085/1085/1085 1088/1088/1088 1087/1087/1087
f 1087/1087/1087 1088/1088/1088 1089/1089/1089
f 1088/1088/1088 1090/1090/1090 1089/1089/1089
f 1079/1079/1079 1091/1091/1091 1082/1082/1082
f 1091/1091/1091 1092/1092/1092 1082/1082/1082
f 1079/1079/1079 1086/1086/1086 1093/1093/1093
f 1091/1091/1091 1079/1079/1079 1093/1093/1093
f 1086/1086/1086 1087/1087/1087 1094/1094/1094
f 1093/1093/1093 1086/1086/1086 1094/1094/1094
f 1087/1087/1087 1089/1089/1089 1095/1095/1095
f 1094/1094/1094 1087/1087/1087 1095/1095/1095
f 1094/1094/1094 1095/1095/1095 1096/1096/1096
f 1097/1097/1097 1094/1094/1094 1096/1096/1096
f 1093/1093/1093 1094/1094/1094 1097/1097/1097
f 1093/1093/1093 1098/1098/1098 1091/1091/1091
f 1098/1098/1098 1093/1093/1093 1097/1097/1097
f 1099/1099/1099 1098/1098/1098 1097/1097/1097
f 1098/1098/1098 1099/1099/1099 1100/1100/1100
f 1101/1101/1101 1098/1098/1098 1100/1100/1100
f 1098/1098/1098 1101/1101/1101 1091/1091/1091
f 1092/1092/1092 1091/1091/1091 1101/1101/1101
f 1101/1101/1101 1100/1100/1100 1102/1102/1102
f 1102/1102/1102 1100/1100/1100 1103/1103/1103
f 1102/1102/1102 1103/1103/1103 1104/1104/1104
f 1102/1102/1102 1104/1104/1104 1105/1105/1105
f 1106/1106/1106 1102/1102/1102 1105/1105/1105
f 1106/1106/1106 1101/1101/1101 1102/1102/1102
f 1106/1106/1106 1092/1092/1092 1101/1101/1101
f 1106/1106/1106 1105/1105/1105 1092/1092/1092
f 1104/1104/1104 1103/1103/1103 1107/1107/1107
f 1100/1100/1100 1108/1108/1108 1103/1103/1103
f 1100/1100/1100 1099/1099/1099 1108/1108/1108
f 1108/1108/1108 1099/1099/1099 1109/1109/1109
f 1099/1099/1099 1110/1110/1110 1109/1109/1109
f 1110/1110/1110 1099/1099/1099 1097/1097/1097
f 1111/1111/1111 1110/1110/1110 1097/1097/1097
f 1096/1096/1096 1111/1111/1111 1097/1097/1097
f 1110/1110/1110 1111/1111/1111 1112/1112/1112
f 1103/1103/1103 1108/1108/1108 1113/1113/1113
f 1108/1108/1108 1114/1114/1114 1113/1113/1113
f 1115/1115/1115 1107/1107/1107 1103/1103/1103
f 1113/1113/1113 1115/1115/1115 1103/1103/1103
f 1109/1109/1109 1110/1110/1110 1116/1116/1116
f 1112/1112/1112 1116/1116/1116 1110/1110/1110
f 1112/1112/1112 1111/1111/1111 1117/1117/1117
f 1105/1105/1105 1118/1118/1118 1092/1092/1092
f 1082/1082/1082 1092/1092/1092 1118/1118/1118
f 1083/1083/1083 1082/1082/1082 1118/1118/1118
f 1121/1121/1121 1120/1120/1120 1119/1119/1119
f 1122/1122/1122 1121/1121/1121 1119/1119/1119
f 1120/1120/1120 1123/1123/1123 1119/1119/1119
f 1123/1123/1123 1124/1124/1124 1119/1119/1119
f 1123/1123/1123 1125/1125/1125 1124/1124/1124
f 1125/1125/1125 1126/1126/1126 1124/1124/1124
f 1127/1127/1127 1126/1126/1126 1125/1125/1125
f 1128/1128/1128 1121/1121/1121 1122/1122/1122
f 1129/1129/1129 1128/1128/1128 1122/1122/1122
f 1130/1130/1130 1126/1126/1126 1127/1127/1127
f 1133/1133/1133 1132/1132/1132 1131/1131/1131
f 1134/1134/1134 1133/1133/1133 1131/1131/1131
f 1135/1135/1135 1134/1134/1134 1131/1131/1131
f 1138/1138/1138 1137/1137/1137 1136/1136/1136
f 1137/1137/1137 1139/1139/1139 1136/1136/1136
f 1139/1139/1139 1137/1137/1137 1140/1140/1140
f 1137/1137/1137 1141/1141/1141 1140/1140/1140
f 1141/1141/1141 1137/1137/1137 1142/1142/1142
f 1137/1137/1137 1143/1143/1143 1142/1142/1142
f 1143/1143/1143 1137/1137/1137 1138/1138/1138
f 1136/1136/1136 1139/1139/1139 1144/1144/1144
f 1140/1140/1140 1145/1145/1145 1139/1139/1139
f 1145/1145/1145 1146/1146/1146 1139/1139/1139
f 1139/1139/1139 1146/1146/1146 1144/1144/1144
f 1146/1146/1146 1147/1147/1147 1144/1144/1144
f 1148/1148/1148 1145/1145/1145 1140/1140/1140
f 1142/1142/1142 1149/1149/1149 1141/1141/1141
f 1146/1146/1146 1150/1150/1150 1147/1147/1147
f 1150/1150/1150 1151/1151/1151 1147/1147/1147
f 1142/1142/1142 1143/1143/1143 1152/1152/1152
f 1149/1149/1149 1142/1142/1142 1152/1152/1152
f 1143/1143/1143 1153/1153/1153 1152/1152/1152
f 1153/1153/1153 1143/1143/1143 1154/1154/1154
f 1155/1155/1155 1153/1153/1153 1154/1154/1154
f 1156/1156/1156 1140/1140/1140 1141/1141/1141
f 1149/1149/1149 1156/1156/1156 1141/1141/1141
f 1157/1157/1157 1145/1145/1145 1148/1148/1148
f 1146/1146/1146 1157/1157/1157 1150/1150/1150
f 1145/1145/1145 1157/1157/1157 1146/1146/1146
f 1154/1154/1154 1143/1143/1143 1138/1138/1138
f 1140/1140/1140 1156/1156/1156 1148/1148/1148
f 1160/1160/1160 1159/1159/1159 1158/1158/1158
f 1159/1159/1159 1161/1161/1161 1158/1158/1158
f 1162/1162/1162 1159/1159/1159 1160/1160/1160
f 1163/1163/1163 1159/1159/1159 1162/1162/1162
f 1163/1163/1163 1164/1164/1164 1159/1159/1159
f 1164/1164/1164 1165/1165/1165 1159/1159/1159
f 1165/1165/1165 1164/1164/1164 1166/1166/1166
f 1169/1169/1169 1168/1168/1168 1167/1167/1167
f 1170/1170/1170 1169/1169/1169 1167/1167/1167
f 1167/1167/1167 1171/1171/1171 1170/1170/1170
f 1171/1171/1171 1172/1172/1172 1170/1170/1170
f 1173/1173/1173 1172/1172/1172 1171/1171/1171
f 1174/1174/1174 1173/1173/1173 1171/1171/1171
f 1173/1173/1173 1174/1174/1174 1175/1175/1175
f 1176/1176/1176 1173/1173/1173 1175/1175/1175
f 1177/1177/1177 1176/1176/1176 1175/1175/1175
f 1178/1178/1178 1177/1177/1177 1175/1175/1175
f 1178/1178/1178 1179/1179/1179 1177/1177/1177
f 1179/1179/1179 1180/1180/1180 1177/1177/1177
f 1178/1178/1178 1175/1175/1175 1181/1181/1181
f 1175/1175/1175 1174/1174/1174 1181/1181/1181
f 1180/1180/1180 1179/1179/1179 1182/1182/1182
f 1183/1183/1183 1180/1180/1180 1182/1182/1182
f 1183/1183/1183 1182/1182/1182 1184/1184/1184
f 1185/1185/1185 1183/1183/1183 1184/1184/1184
f 1188/1188/1188 1187/1187/1187 1186/1186/1186
f 1189/1189/1189 1188/1188/1188 1186/1186/1186
f 1189/1189/1189 1186/1186/1186 1190/1190/1190
f 1191/1191/1191 1187/1187/1187 1188/1188/1188
f 1192/1192/1192 1187/1187/1187 1191/1191/1191
f 1193/1193/1193 1187/1187/1187 1192/1192/1192
f 1187/1187/1187 1193/1193/1193 1194/1194/1194
f 1197/1197/1197 1196/1196/1196 1195/1195/1195
f 1198/1198/1198 1197/1197/1197 1195/1195/1195
f 1198/1198/1198 1199/1199/1199 1197/1197/1197
f 1199/1199/1199 1200/1200/1200 1197/1197/1197
f 1203/1203/1203 1202/1202/1202 1201/1201/1201
f 1204/1204/1204 1203/1203/1203 1201/1201/1201
f 1205/1205/1205 1204/1204/1204 1201/1201/1201
f 1206/1206/1206 1205/1205/1205 1201/1201/1201
f 1206/1206/1206 1201/1201/1201 1207/1207/1207
f 1202/1202/1202 1207/1207/1207 1201/1201/1201
f 1208/1208/1208 1206/1206/1206 1207/1207/1207
f 1208/1208/1208 1209/1209/1209 1206/1206/1206
f 1210/1210/1210 1208/1208/1208 1207/1207/1207
f 1210/1210/1210 1209/1209/1209 1208/1208/1208
f 1209/1209/1209 1210/1210/1210 1211/1211/1211
f 1211/1211/1211 1210/1210/1210 1212/1212/1212
f 1213/1213/1213 1209/1209/1209 1211/1211/1211
f 1214/1214/1214 1213/1213/1213 1211/1211/1211
f 1215/1215/1215 1211/1211/1211 1212/1212/1212
f 1211/1211/1211 1215/1215/1215 1214/1214/1214
f 1216/1216/1216 1215/1215/1215 1212/1212/1212
f 1217/1217/1217 1216/1216/1216 1212/1212/1212
f 1215/1215/1215 1218/1218/1218 1214/1214/1214
f 1214/1214/1214 1218/1218/1218 1219/1219/1219
f 1213/1213/1213 1205/1205/1205 1220/1220/1220
f 1206/1206/1206 1220/1220/1220 1205/1205/1205
f 1209/1209/1209 1213/1213/1213 1220/1220/1220
f 1206/1206/1206 1209/1209/1209 1220/1220/1220
f 1223/1223/1223 1222/1222/1222 1221/1221/1221
f 1221/1221/1221 1222/1222/1222 1224/1224/1224
f 1225/1225/1225 1221/1221/1221 1224/1224/1224
f 1224/1224/1224 1226/1226/1226 1225/1225/1225
f 1226/1226/1226 1227/1227/1227 1225/1225/1225
f 1230/1230/1230 1229/1229/1229 1228/1228/1228
f 1231/1231/1231 1230/1230/1230 1228/1228/1228
f 1232/1232/1232 1228/1228/1228 1229/1229/1229
f 1235/1235/1235 1234/1234/1234 1233/1233/1233
f 1236/1236/1236 1235/1235/1235 1233/1233/1233
f 1237/1237/1237 1234/1234/1234 1235/1235/1235
f 1238/1238/1238 1237/1237/1237 1235/1235/1235
f 1241/1241/1241 1240/1240/1240 1239/1239/1239
f 1244/1244/1244 1243/1243/1243 1242/1242/1242
f 1243/1243/1243 1245/1245/1245 1242/1242/1242
f 1244/1244/1244 1246/1246/1246 1243/1243/1243
f 1246/1246/1246 1247/1247/1247 1243/1243/1243
f 1250/1250/1250 1249/1249/1249 1248/1248/1248
f 1251/1251/1251 1250/1250/1250 1248/1248/1248
f 1249/1249/1249 1252/1252/1252 1248/1248/1248
f 1252/1252/1252 1253/1253/1253 1248/1248/1248
f 1252/1252/1252 1254/1254/1254 1253/1253/1253
f 1254/1254/1254 1252/1252/1252 1249/1249/1249
f 1250/1250/1250 1254/1254/1254 1249/1249/1249
f 1254/1254/1254 1255/1255/1255 1253/1253/1253
f 1258/1258/1258 1257/1257/1257 1256/1256/1256
f 1259/1259/1259 1258/1258/1258 1256/1256/1256
f 1256/1256/1256 1257/1257/1257 1260/1260/1260
f 1256/1256/1256 1260/1260/1260 1261/1261/1261
f 1260/1260/1260 1262/1262/1262 1261/1261/1261
f 1262/1262/1262 1260/1260/1260 1263/1263/1263
f 1260/1260/1260 1264/1264/1264 1263/1263/1263
f 1262/1262/1262 1263/1263/1263 1265/1265/1265
f 1266/1266/1266 1262/1262/1262 1265/1265/1265
f 1261/1261/1261 1262/1262/1262 1266/1266/1266
f 1269/1269/1269 1268/1268/1268 1267/1267/1267
f 1270/1270/1270 1269/1269/1269 1267/1267/1267
f 1270/1270/1270 1271/1271/1271 1269/1269/1269
f 1271/1271/1271 1272/1272/1272 1269/1269/1269
f 1272/1272/1272 1271/1271/1271 1273/1273/1273
f 1274/1274/1274 1272/1272/1272 1273/1273/1273
f 1274/1274/1274 1273/1273/1273 1275/1275/1275
f 1278/1278/1278 1277/1277/1277 1276/1276/1276
f 1279/1279/1279 1278/1278/1278 1276/1276/1276
f 1276/1276/1276 1277/1277/1277 1280/1280/1280
f 1281/1281/1281 1276/1276/1276 1280/1280/1280
f 1280/1280/1280 1282/1282/1282 1281/1281/1281
f 1282/1282/1282 1283/1283/1283 1281/1281/1281
f 1284/1284/1284 1278/1278/1278 1279/1279/1279
f 1284/1284/1284 1279/1279/1279 1285/1285/1285
f 1286/1286/1286 1284/1284/1284 1285/1285/1285
f 1285/1285/1285 1287/1287/1287 1286/1286/1286
f 1287/1287/1287 1288/1288/1288 1286/1286/1286
f 1291/1291/1291 1290/1290/1290 1289/1289/1289
f 1292/1292/1292 1291/1291/1291 1289/1289/1289
f 1292/1292/1292 1289/1289/1289 1293/1293/1293
f 1294/1294/1294 1292/1292/1292 1293/1293/1293
f 1297/1297/1297 1296/1296/1296 1295/1295/1295
f 1298/1298/1298 1296/1296/1296 1297/1297/1297
f 1299/1299/1299 1298/1298/1298 1297/1297/1297
f 1302/1302/1302 1301/1301/1301 1300/1300/1300
f 1303/1303/1303 1302/1302/1302 1300/1300/1300
f 1303/1303/1303 1300/1300/1300 1304/1304/1304
f 1300/1300/1300 1305/1305/1305 1304/1304/1304
f 1302/1302/1302 1306/1306/1306 1301/1301/1301
f 1302/1302/1302 1307/1307/1307 1306/1306/1306
f 1307/1307/1307 1308/1308/1308 1306/1306/1306
f 1308/1308/1308 1309/1309/1309 1306/1306/1306
f 1308/1308/1308 1310/1310/1310 1309/1309/1309
f 1309/1309/1309 1310/1310/1310 1311/1311/1311
f 1310/1310/1310 1312/1312/1312 1311/1311/1311
f 1312/1312/1312 1313/1313/1313 1311/1311/1311
f 1316/1316/1316 1315/1315/1315 1314/1314/1314
f 1316/1316/1316 1314/1314/1314 1317/1317/1317
f 1315/1315/1315 1318/1318/1318 1314/1314/1314
f 1314/1314/1314 1318/1318/1318 1319/1319/1319
f 1314/1314/1314 1319/1319/1319 1317/1317/1317
f 1318/1318/1318 1320/1320/1320 1319/1319/1319
f 1320/1320/1320 1318/1318/1318 1321/1321/1321
f 1318/1318/1318 1322/1322/1322 1321/1321/1321
f 1321/1321/1321 1322/1322/1322 1323/1323/1323
f 1322/1322/1322 1324/1324/1324 1323/1323/1323
f 1324/1324/1324 1322/1322/1322 1325/1325/1325
f 1325/1325/1325 1318/1318/1318 1315/1315/1315
f 1325/1325/1325 1322/1322/1322 1318/1318/1318
f 1326/1326/1326 1317/1317/1317 1319/1319/1319
f 1329/1329/1329 1328/1328/1328 1327/1327/1327
f 1330/1330/1330 1329/1329/1329 1327/1327/1327
f 1331/1331/1331 1328/1328/1328 1329/1329/1329
f 1332/1332/1332 1328/1328/1328 1331/1331/1331
f 1327/1327/1327 1328/1328/1328 1332/1332/1332
f 1333/1333/1333 1327/1327/1327 1332/1332/1332
f 1334/1334/1334 1327/1327/1327 1333/1333/1333
f 1330/1330/1330 1327/1327/1327 1334/1334/1334
f 1337/1337/1337 1336/1336/1336 1335/1335/1335
f 1337/1337/1337 1338/1338/1338 1336/1336/1336
f 1338/1338/1338 1339/1339/1339 1336/1336/1336
f 1338/1338/1338 1340/1340/1340 1339/1339/1339
f 1340/1340/1340 1341/1341/1341 1339/1339/1339
f 1341/1341/1341 1340/1340/1340 1342/1342/1342
f 1342/1342/1342 1343/1343/1343 1341/1341/1341
f 1340/1340/1340 1344/1344/1344 1342/1342/1342
f 1342/1342/1342 1344/1344/1344 1345/1345/1345
f 1345/1345/1345 1344/1344/1344 1346/1346/1346
f 1347/1347/1347 1345/1345/1345 1346/1346/1346
f 1348/1348/1348 1345/1345/1345 1347/1347/1347
f 1351/1351/1351 1350/1350/1350 1349/1349/1349
f 1352/1352/1352 1351/1351/1351 1349/1349/1349
f 1351/1351/1351 1352/1352/1352 1353/1353/1353
f 1354/1354/1354 1353/1353/1353 1352/1352/1352
f 1355/1355/1355 1354/1354/1354 1352/1352/1352
f 1356/1356/1356 1355/1355/1355 1352/1352/1352
f 1357/1357/1357 1355/1355/1355 1356/1356/1356
f 1360/1360/1360 1359/1359/1359 1358/1358/1358
f 1361/1361/1361 1360/1360/1360 1358/1358/1358
f 1362/1362/1362 1361/1361/1361 1358/1358/1358
f 1363/1363/1363 1362/1362/1362 1358/1358/1358
f 1364/1364/1364 1362/1362/1362 1363/1363/1363
f 1365/1365/1365 1364/1364/1364 1363/1363/1363
f 1359/1359/1359 1360/1360/1360 1366/1366/1366
f 1367/1367/1367 1359/1359/1359 1366/1366/1366
f 1362/1362/1362 1364/1364/1364 1368/1368/1368
f 1369/1369/1369 1362/1362/1362 1368/1368/1368
f 1362/1362/1362 1369/1369/1369 1361/1361/1361
f 1361/1361/1361 1370/1370/1370 1360/1360/1360
f 1369/1369/1369 1370/1370/1370 1361/1361/1361
f 1370/1370/1370 1371/1371/1371 1360/1360/1360
f 1371/1371/1371 1372/1372/1372 1360/1360/1360
f 1366/1366/1366 1360/1360/1360 1372/1372/1372
f 1371/1371/1371 1370/1370/1370 1373/1373/1373
f 1370/1370/1370 1369/1369/1369 1373/1373/1373
f 1374/1374/1374 1371/1371/1371 1373/1373/1373
f 1372/1372/1372 1371/1371/1371 1374/1374/1374
f 1369/1369/1369 1375/1375/1375 1373/1373/1373
f 1369/1369/1369 1368/1368/1368 1376/1376/1376
f 1375/1375/1375 1369/1369/1369 1376/1376/1376
f 1372/1372/1372 1377/1377/1377 1366/1366/1366
f 1378/1378/1378 1377/1377/1377 1372/1372/1372
f 1381/1381/1381 1380/1380/1380 1379/1379/1379
f 1382/1382/1382 1381/1381/1381 1379/1379/1379
f 1382/1382/1382 1379/1379/1379 1383/1383/1383
f 1384/1384/1384 1382/1382/1382 1383/1383/1383
f 1385/1385/1385 1384/1384/1384 1383/1383/1383
f 1385/1385/1385 1386/1386/1386 1384/1384/1384
f 1386/1386/1386 1387/1387/1387 1384/1384/1384
f 1388/1388/1388 1387/1387/1387 1386/1386/1386
f 1388/1388/1388 1389/1389/1389 1387/1387/1387
f 1387/1387/1387 1389/1389/1389 1390/1390/1390
f 1390/1390/1390 1391/1391/1391 1387/1387/1387
f 1387/1387/1387 1391/1391/1391 1392/1392/1392
f 1391/1391/1391 1393/1393/1393 1392/1392/1392
f 1394/1394/1394 1393/1393/1393 1391/1391/1391
f 1395/1395/1395 1394/1394/1394 1391/1391/1391
f 1395/1395/1395 1396/1396/1396 1394/1394/1394
f 1388/1388/1388 1386/1386/1386 1397/1397/1397
f 1400/1400/1400 1399/1399/1399 1398/1398/1398
f 1401/1401/1401 1400/1400/1400 1398/1398/1398
f 1400/1400/1400 1402/1402/1402 1399/1399/1399
f 1402/1402/1402 1403/1403/1403 1399/1399/1399
f 1404/1404/1404 1399/1399/1399 1403/1403/1403
f 1399/1399/1399 1404/1404/1404 1398/1398/1398
f 1405/1405/1405 1404/1404/1404 1403/1403/1403
f 1404/1404/1404 1406/1406/1406 1398/1398/1398
f 1407/1407/1407 1406/1406/1406 1404/1404/1404
f 1410/1410/1410 1409/1409/1409 1408/1408/1408
f 1411/1411/1411 1410/1410/1410 1408/1408/1408
f 1409/1409/1409 1410/1410/1410 1412/1412/1412
f 1409/1409/1409 1412/1412/1412 1413/1413/1413
f 1409/1409/1409 1413/1413/1413 1414/1414/1414
f 1409/1409/1409 1414/1414/1414 1408/1408/1408
f 1415/1415/1415 1414/1414/1414 1413/1413/1413
f 1416/1416/1416 1415/1415/1415 1413/1413/1413
f 1416/1416/1416 1417/1417/1417 1415/1415/1415
f 1417/1417/1417 1416/1416/1416 1418/1418/1418
f 1417/1417/1417 1418/1418/1418 1419/1419/1419
f 1417/1417/1417 1420/1420/1420 1415/1415/1415
f 1416/1416/1416 1421/1421/1421 1418/1418/1418
f 1416/1416/1416 1413/1413/1413 1421/1421/1421
f 1421/1421/1421 1422/1422/1422 1418/1418/1418
f 1413/1413/1413 1423/1423/1423 1421/1421/1421
f 1412/1412/1412 1423/1423/1423 1413/1413/1413
f 1410/1410/1410 1424/1424/1424 1412/1412/1412
f 1415/1415/1415 1425/1425/1425 1414/1414/1414
f 1419/1419/1419 1426/1426/1426 1417/1417/1417
f 1426/1426/1426 1427/1427/1427 1417/1417/1417
f 1420/1420/1420 1417/1417/1417 1427/1427/1427
f 1428/1428/1428 1427/1427/1427 1426/1426/1426
f 1429/1429/1429 1420/1420/1420 1427/1427/1427
f 1430/1430/1430 1420/1420/1420 1429/1429/1429
f 1430/1430/1430 1425/1425/1425 1415/1415/1415
f 1420/1420/1420 1430/1430/1430 1415/1415/1415
f 1431/1431/1431 1430/1430/1430 1429/1429/1429
f 1432/1432/1432 1431/1431/1431 1429/1429/1429
f 1433/1433/1433 1432/1432/1432 1429/1429/1429
f 1427/1427/1427 1433/1433/1433 1429/1429/1429
f 1434/1434/1434 1432/1432/1432 1433/1433/1433
f 1427/1427/1427 1428/1428/1428 1435/1435/1435
f 1427/1427/1427 1435/1435/1435 1436/1436/1436
f 1427/1427/1427 1436/1436/1436 1433/1433/1433
f 1433/1433/1433 1436/1436/1436 1437/1437/1437
f 1436/1436/1436 1435/1435/1435 1437/1437/1437
f 1435/1435/1435 1438/1438/1438 1437/1437/1437
f 1437/1437/1437 1438/1438/1438 1439/1439/1439
f 1438/1438/1438 1440/1440/1440 1439/1439/1439
f 1440/1440/1440 1441/1441/1441 1439/1439/1439
f 1440/1440/1440 1438/1438/1438 1442/1442/1442
f 1438/1438/1438 1435/1435/1435 1442/1442/1442
f 1443/1443/1443 1433/1433/1433 1437/1437/1437
f 1434/1434/1434 1433/1433/1433 1443/1443/1443
f 1443/1443/1443 1437/1437/1437 1439/1439/1439
f 1441/1441/1441 1444/1444/1444 1439/1439/1439
f 1444/1444/1444 1443/1443/1443 1439/1439/1439
f 1431/1431/1431 1445/1445/1445 1430/1430/1430
f 1445/1445/1445 1431/1431/1431 1432/1432/1432
f 1445/1445/1445 1446/1446/1446 1430/1430/1430
f 1447/1447/1447 1445/1445/1445 1432/1432/1432
f 1434/1434/1434 1447/1447/1447 1432/1432/1432
f 1445/1445/1445 1447/1447/1447 1448/1448/1448
f 1447/1447/1447 1449/1449/1449 1448/1448/1448
f 1450/1450/1450 1446/1446/1446 1445/1445/1445
f 1448/1448/1448 1450/1450/1450 1445/1445/1445
f 1446/1446/1446 1450/1450/1450 1451/1451/1451
f 1446/1446/1446 1451/1451/1451 1425/1425/1425
f 1430/1430/1430 1446/1446/1446 1425/1425/1425
f 1451/1451/1451 1452/1452/1452 1425/1425/1425
f 1452/1452/1452 1414/1414/1414 1425/1425/1425
f 1453/1453/1453 1414/1414/1414 1452/1452/1452
f 1408/1408/1408 1414/1414/1414 1453/1453/1453
f 1454/1454/1454 1453/1453/1453 1452/1452/1452
f 1454/1454/1454 1452/1452/1452 1455/1455/1455
f 1452/1452/1452 1451/1451/1451 1455/1455/1455
f 1456/1456/1456 1454/1454/1454 1455/1455/1455
f 1450/1450/1450 1457/1457/1457 1451/1451/1451
f 1451/1451/1451 1457/1457/1457 1455/1455/1455
f 1460/1460/1460 1459/1459/1459 1458/1458/1458
f 1461/1461/1461 1460/1460/1460 1458/1458/1458
f 1461/1461/1461 1462/1462/1462 1460/1460/1460
f 1463/1463/1463 1461/1461/1461 1458/1458/1458
f 1462/1462/1462 1461/1461/1461 1463/1463/1463
f 1464/1464/1464 1463/1463/1463 1458/1458/1458
f 1465/1465/1465 1462/1462/1462 1463/1463/1463
f 1465/1465/1465 1463/1463/1463 1466/1466/1466
f 1463/1463/1463 1464/1464/1464 1467/1467/1467
f 1468/1468/1468 1463/1463/1463 1467/1467/1467
f 1463/1463/1463 1468/1468/1468 1466/1466/1466
f 1467/1467/1467 1469/1469/1469 1468/1468/1468
f 1462/1462/1462 1470/1470/1470 1460/1460/1460
f 1460/1460/1460 1470/1470/1470 1471/1471/1471
f 1474/1474/1474 1473/1473/1473 1472/1472/1472
f 1475/1475/1475 1474/1474/1474 1472/1472/1472
f 1473/1473/1473 1476/1476/1476 1472/1472/1472
f 1476/1476/1476 1473/1473/1473 1477/1477/1477
f 1476/1476/1476 1477/1477/1477 1478/1478/1478
f 1478/1478/1478 1477/1477/1477 1479/1479/1479
f 1478/1478/1478 1479/1479/1479 1480/1480/1480
f 1479/1479/1479 1481/1481/1481 1480/1480/1480
f 1484/1484/1484 1483/1483/1483 1482/1482/1482
f 1485/1485/1485 1484/1484/1484 1482/1482/1482
f 1482/1482/1482 1483/1483/1483 1486/1486/1486
f 1486/1486/1486 1487/1487/1487 1482/1482/1482
f 1487/1487/1487 1486/1486/1486 1488/1488/1488
f 1489/1489/1489 1487/1487/1487 1488/1488/1488
f 1488/1488/1488 1490/1490/1490 1489/1489/1489
f 1490/1490/1490 1491/1491/1491 1489/1489/1489
f 1491/1491/1491 1490/1490/1490 1492/1492/1492
f 1490/1490/1490 1493/1493/1493 1492/1492/1492
f 1483/1483/1483 1494/1494/1494 1486/1486/1486
f 1486/1486/1486 1494/1494/1494 1488/1488/1488
f 1493/1493/1493 1490/1490/1490 1495/1495/1495
f 1490/1490/1490 1496/1496/1496 1495/1495/1495
f 1488/1488/1488 1496/1496/1496 1490/1490/1490
f 1496/1496/1496 1488/1488/1488 1497/1497/1497
f 1494/1494/1494 1497/1497/1497 1488/1488/1488
f 1500/1500/1500 1499/1499/1499 1498/1498/1498
f 1501/1501/1501 1500/1500/1500 1498/1498/1498
f 1498/1498/1498 1502/1502/1502 1501/1501/1501
f 1501/1501/1501 1503/1503/1503 1500/1500/1500
f 1501/1501/1501 1502/1502/1502 1503/1503/1503
f 1500/1500/1500 1503/1503/1503 1504/1504/1504
f 1502/1502/1502 1498/1498/1498 1505/1505/1505
f 1498/1498/1498 1506/1506/1506 1505/1505/1505
f 1507/1507/1507 1506/1506/1506 1498/1498/1498
f 1508/1508/1508 1507/1507/1507 1498/1498/1498
f 1499/1499/1499 1508/1508/1508 1498/1498/1498
f 1507/1507/1507 1508/1508/1508 1509/1509/1509
f 1512/1512/1512 1511/1511/1511 1510/1510/1510
f 1512/1512/1512 1510/1510/1510 1513/1513/1513
f 1514/1514/1514 1512/1512/1512 1513/1513/1513
f 1513/1513/1513 1515/1515/1515 1514/1514/1514
f 1515/1515/1515 1516/1516/1516 1514/1514/1514
f 1511/1511/1511 1512/1512/1512 1517/1517/1517
f 1517/1517/1517 1518/1518/1518 1511/1511/1511
f 1518/1518/1518 1519/1519/1519 1511/1511/1511
f 1519/1519/1519 1518/1518/1518 1520/1520/1520
f 1521/1521/1521 1519/1519/1519 1520/1520/1520
f 1424/1424/1424 1410/1410/1410 1522/1522/1522
f 1525/1525/1525 1524/1524/1524 1523/1523/1523
f 1525/1525/1525 1523/1523/1523 1526/1526/1526
f 1529/1529/1529 1528/1528/1528 1527/1527/1527
f 1528/1528/1528 1529/1529/1529 1530/1530/1530
f 1531/1531/1531 1528/1528/1528 1530/1530/1530
f 1530/1530/1530 1532/1532/1532 1531/1531/1531
f 1532/1532/1532 1533/1533/1533 1531/1531/1531
f 1533/1533/1533 1532/1532/1532 1534/1534/1534
f 1532/1532/1532 1535/1535/1535 1534/1534/1534
f 1536/1536/1536 1531/1531/1531 1533/1533/1533
f 1528/1528/1528 1531/1531/1531 1536/1536/1536
f 1537/1537/1537 1536/1536/1536 1533/1533/1533
f 1533/1533/1533 1538/1538/1538 1537/1537/1537
f 1533/1533/1533 1534/1534/1534 1538/1538/1538
f 1539/1539/1539 1528/1528/1528 1536/1536/1536
f 1528/1528/1528 1539/1539/1539 1540/1540/1540
f 1528/1528/1528 1540/1540/1540 1527/1527/1527
f 1541/1541/1541 1534/1534/1534 1535/1535/1535
f 1541/1541/1541 1542/1542/1542 1534/1534/1534
f 1543/1543/1543 1541/1541/1541 1535/1535/1535
f 1544/1544/1544 1538/1538/1538 1534/1534/1534
f 1544/1544/1544 1534/1534/1534 1542/1542/1542
f 1544/1544/1544 1542/1542/1542 1545/1545/1545
f 1548/1548/1548 1547/1547/1547 1546/1546/1546
f 1549/1549/1549 1548/1548/1548 1546/1546/1546
f 1546/1546/1546 1550/1550/1550 1549/1549/1549
f 1550/1550/1550 1551/1551/1551 1549/1549/1549
f 1552/1552/1552 1551/1551/1551 1550/1550/1550
f 1553/1553/1553 1552/1552/1552 1550/1550/1550
f 1553/1553/1553 1554/1554/1554 1552/1552/1552
f 1554/1554/1554 1555/1555/1555 1552/1552/1552
f 1556/1556/1556 1554/1554/1554 1553/1553/1553
f 1557/1557/1557 1556/1556/1556 1553/1553/1553
f 1557/1557/1557 1553/1553/1553 1550/1550/1550
f 1558/1558/1558 1557/1557/1557 1550/1550/1550
f 1559/1559/1559 1558/1558/1558 1550/1550/1550
f 1546/1546/1546 1559/1559/1559 1550/1550/1550
f 1560/1560/1560 1559/1559/1559 1546/1546/1546
f 1547/1547/1547 1560/1560/1560 1546/1546/1546
f 1563/1563/1563 1562/1562/1562 1561/1561/1561
f 1563/1563/1563 1564/1564/1564 1562/1562/1562
f 1563/1563/1563 1565/1565/1565 1564/1564/1564
f 1565/1565/1565 1563/1563/1563 1566/1566/1566
f 1563/1563/1563 1567/1567/1567 1566/1566/1566
f 1566/1566/1566 1567/1567/1567 1568/1568/1568
f 1567/1567/1567 1569/1569/1569 1568/1568/1568
f 1569/1569/1569 1570/1570/1570 1568/1568/1568
f 1573/1573/1573 1572/1572/1572 1571/1571/1571
f 1574/1574/1574 1573/1573/1573 1571/1571/1571
f 1572/1572/1572 1573/1573/1573 1575/1575/1575
f 1576/1576/1576 1572/1572/1572 1575/1575/1575
f 1579/1579/1579 1578/1578/1578 1577/1577/1577
f 1582/1582/1582 1581/1581/1581 1580/1580/1580
f 1583/1583/1583 1582/1582/1582 1580/1580/1580
f 1583/1583/1583 1584/1584/1584 1582/1582/1582
f 1584/1584/1584 1585/1585/1585 1582/1582/1582
f 1583/1583/1583 1586/1586/1586 1584/1584/1584
f 1586/1586/1586 1583/1583/1583 1580/1580/1580
f 1586/1586/1586 1587/1587/1587 1584/1584/1584
f 1587/1587/1587 1586/1586/1586 1588/1588/1588
f 1589/1589/1589 1587/1587/1587 1588/1588/1588
f 1582/1582/1582 1585/1585/1585 1590/1590/1590
f 1591/1591/1591 1582/1582/1582 1590/1590/1590
f 1581/1581/1581 1582/1582/1582 1591/1591/1591
f 1589/1589/1589 1588/1588/1588 1592/1592/1592
f 1588/1588/1588 1593/1593/1593 1592/1592/1592
f 1594/1594/1594 1581/1581/1581 1591/1591/1591
f 1595/1595/1595 1593/1593/1593 1588/1588/1588
f 1596/1596/1596 1595/1595/1595 1588/1588/1588
f 1588/1588/1588 1586/1586/1586 1597/1597/1597
f 1596/1596/1596 1588/1588/1588 1597/1597/1597
f 1598/1598/1598 1586/1586/1586 1580/1580/1580
f 1601/1601/1601 1600/1600/1600 1599/1599/1599
f 1602/1602/1602 1601/1601/1601 1599/1599/1599
f 1602/1602/1602 1603/1603/1603 1601/1601/1601
f 1603/1603/1603 1604/1604/1604 1601/1601/1601
f 1599/1599/1599 1600/1600/1600 1605/1605/1605
f 1600/1600/1600 1606/1606/1606 1605/1605/1605
f 1603/1603/1603 1607/1607/1607 1604/1604/1604
f 1607/1607/1607 1608/1608/1608 1604/1604/1604
f 1606/1606/1606 1609/1609/1609 1605/1605/1605
f 1609/1609/1609 1610/1610/1610 1605/1605/1605
f 1613/1613/1613 1612/1612/1612 1611/1611/1611
f 1614/1614/1614 1613/1613/1613 1611/1611/1611
f 1614/1614/1614 1615/1615/1615 1613/1613/1613
f 1615/1615/1615 1616/1616/1616 1613/1613/1613
f 1619/1619/1619 1618/1618/1618 1617/1617/1617
f 1620/1620/1620 1619/1619/1619 1617/1617/1617
f 1623/1623/1623 1622/1622/1622 1621/1621/1621
f 1622/1622/1622 1623/1623/1623 1624/1624/1624
f 1624/1624/1624 1625/1625/1625 1622/1622/1622
f 1626/1626/1626 1621/1621/1621 1622/1622/1622
f 1627/1627/1627 1626/1626/1626 1622/1622/1622
f 1623/1623/1623 1621/1621/1621 1628/1628/1628
f 1628/1628/1628 1629/1629/1629 1623/1623/1623
f 1629/1629/1629 1630/1630/1630 1623/1623/1623
f 1630/1630/1630 1624/1624/1624 1623/1623/1623
f 1633/1633/1633 1632/1632/1632 1631/1631/1631
f 1634/1634/1634 1632/1632/1632 1633/1633/1633
f 1634/1634/1634 1635/1635/1635 1632/1632/1632
f 1632/1632/1632 1635/1635/1635 1636/1636/1636
f 1635/1635/1635 1637/1637/1637 1636/1636/1636
f 1637/1637/1637 1638/1638/1638 1636/1636/1636
f 1633/1633/1633 1631/1631/1631 1639/1639/1639
f 1640/1640/1640 1639/1639/1639 1631/1631/1631
f 1640/1640/1640 1641/1641/1641 1639/1639/1639
f 1642/1642/1642 1641/1641/1641 1640/1640/1640
f 1643/1643/1643 1642/1642/1642 1640/1640/1640
f 1644/1644/1644 1642/1642/1642 1643/1643/1643
f 1645/1645/1645 1644/1644/1644 1643/1643/1643
f 1646/1646/1646 1644/1644/1644 1645/1645/1645
f 1649/1649/1649 1648/1648/1648 1647/1647/1647
f 1647/1647/1647 1648/1648/1648 1650/1650/1650
f 1651/1651/1651 1647/1647/1647 1650/1650/1650
f 1651/1651/1651 1650/1650/1650 1652/1652/1652
f 1649/1649/1649 1653/1653/1653 1648/1648/1648
f 1656/1656/1656 1655/1655/1655 1654/1654/1654
f 1657/1657/1657 1656/1656/1656 1654/1654/1654
f 1656/1656/1656 1658/1658/1658 1655/1655/1655
f 1658/1658/1658 1659/1659/1659 1655/1655/1655
f 1662/1662/1662 1661/1661/1661 1660/1660/1660
f 1663/1663/1663 1662/1662/1662 1660/1660/1660
f 1666/1666/1666 1665/1665/1665 1664/1664/1664
f 1664/1664/1664 1667/1667/1667 1666/1666/1666
f 1667/1667/1667 1664/1664/1664 1668/1668/1668
f 1664/1664/1664 1669/1669/1669 1668/1668/1668
f 1669/1669/1669 1664/1664/1664 1670/1670/1670
f 1669/1669/1669 1670/1670/1670 1671/1671/1671
f 1668/1668/1668 1669/1669/1669 1671/1671/1671
f 1670/1670/1670 1672/1672/1672 1671/1671/1671
f 1664/1664/1664 1673/1673/1673 1670/1670/1670
f 1665/1665/1665 1673/1673/1673 1664/1664/1664
f 1667/1667/1667 1674/1674/1674 1666/1666/1666
f 1675/1675/1675 1673/1673/1673 1665/1665/1665
f 1665/1665/1665 1676/1676/1676 1675/1675/1675
f 1679/1679/1679 1678/1678/1678 1677/1677/1677
f 1680/1680/1680 1679/1679/1679 1677/1677/1677
f 1683/1683/1683 1682/1682/1682 1681/1681/1681
f 1684/1684/1684 1683/1683/1683 1681/1681/1681
f 1682/1682/1682 1685/1685/1685 1681/1681/1681
f 1685/1685/1685 1686/1686/1686 1681/1681/1681
f 1686/1686/1686 1687/1687/1687 1681/1681/1681
f 1687/1687/1687 1688/1688/1688 1681/1681/1681
f 1688/1688/1688 1684/1684/1684 1681/1681/1681
f 1683/1683/1683 1684/1684/1684 1689/1689/1689
f 1689/1689/1689 1690/1690/1690 1683/1683/1683
f 1690/1690/1690 1691/1691/1691 1683/1683/1683
f 1684/1684/1684 1692/1692/1692 1689/1689/1689
f 1689/1689/1689 1693/1693/1693 1690/1690/1690
f 1693/1693/1693 1694/1694/1694 1690/1690/1690
f 1695/1695/1695 1693/1693/1693 1689/1689/1689
f 1692/1692/1692 1695/1695/1695 1689/1689/1689
f 1696/1696/1696 1691/1691/1691 1690/1690/1690
f 1697/1697/1697 1696/1696/1696 1690/1690/1690
f 1697/1697/1697 1690/1690/1690 1694/1694/1694
f 1697/1697/1697 1694/1694/1694 1698/1698/1698
f 1695/1695/1695 1692/1692/1692 1699/1699/1699
f 1700/1700/1700 1695/1695/1695 1699/1699/1699
f 1696/1696/1696 1701/1701/1701 1691/1691/1691
f 1702/1702/1702 1691/1691/1691 1701/1701/1701
f 1703/1703/1703 1702/1702/1702 1701/1701/1701
f 1683/1683/1683 1691/1691/1691 1702/1702/1702
f 1682/1682/1682 1683/1683/1683 1702/1702/1702
f 1702/1702/1702 1703/1703/1703 1685/1685/1685
f 1682/1682/1682 1702/1702/1702 1685/1685/1685
f 1704/1704/1704 1699/1699/1699 1692/1692/1692
f 1684/1684/1684 1704/1704/1704 1692/1692/1692
f 1684/1684/1684 1688/1688/1688 1704/1704/1704
f 1707/1707/1707 1706/1706/1706 1705/1705/1705
f 1707/1707/1707 1708/1708/1708 1706/1706/1706
f 1709/1709/1709 1708/1708/1708 1707/1707/1707
f 1710/1710/1710 1709/1709/1709 1707/1707/1707
f 1709/1709/1709 1710/1710/1710 1711/1711/1711
f 1710/1710/1710 1712/1712/1712 1711/1711/1711
f 1712/1712/1712 1713/1713/1713 1711/1711/1711
f 1713/1713/1713 1714/1714/1714 1711/1711/1711
f 1717/1717/1717 1716/1716/1716 1715/1715/1715
f 1718/1718/1718 1717/1717/1717 1715/1715/1715
f 1716/1716/1716 1717/1717/1717 1719/1719/1719
f 1717/1717/1717 1720/1720/1720 1719/1719/1719
f 1721/1721/1721 1719/1719/1719 1720/1720/1720
f 1719/1719/1719 1721/1721/1721 1722/1722/1722
f 1723/1723/1723 1721/1721/1721 1720/1720/1720
f 1726/1726/1726 1725/1725/1725 1724/1724/1724
f 1726/1726/1726 1727/1727/1727 1725/1725/1725
f 1726/1726/1726 1728/1728/1728 1727/1727/1727
f 1728/1728/1728 1729/1729/1729 1727/1727/1727
f 1729/1729/1729 1728/1728/1728 1730/1730/1730
f 1728/1728/1728 1731/1731/1731 1730/1730/1730
f 1732/1732/1732 1730/1730/1730 1731/1731/1731
f 1735/1735/1735 1734/1734/1734 1733/1733/1733
f 1736/1736/1736 1735/1735/1735 1733/1733/1733
f 1737/1737/1737 1733/1733/1733 1734/1734/1734
f 1738/1738/1738 1737/1737/1737 1734/1734/1734
f 1736/1736/1736 1739/1739/1739 1735/1735/1735
f 1739/1739/1739 1740/1740/1740 1735/1735/1735
f 1739/1739/1739 1741/1741/1741 1740/1740/1740
f 1741/1741/1741 1742/1742/1742 1740/1740/1740
f 1741/1741/1741 1743/1743/1743 1742/1742/1742
f 1743/1743/1743 1744/1744/1744 1742/1742/1742
f 1747/1747/1747 1746/1746/1746 1745/1745/1745
f 1748/1748/1748 1747/1747/1747 1745/1745/1745
f 1747/1747/1747 1749/1749/1749 1746/1746/1746
f 1749/1749/1749 1750/1750/1750 1746/1746/1746
f 1750/1750/1750 1749/1749/1749 1751/1751/1751
f 1749/1749/1749 1752/1752/1752 1751/1751/1751
f 1745/1745/1745 1753/1753/1753 1748/1748/1748
f 1753/1753/1753 1754/1754/1754 1748/1748/1748
f 1757/1757/1757 1756/1756/1756 1755/1755/1755
f 1758/1758/1758 1757/1757/1757 1755/1755/1755
f 1757/1757/1757 1758/1758/1758 1759/1759/1759
f 1760/1760/1760 1757/1757/1757 1759/1759/1759
f 1760/1760/1760 1759/1759/1759 1761/1761/1761
f 1759/1759/1759 1762/1762/1762 1761/1761/1761
f 1763/1763/1763 1761/1761/1761 1762/1762/1762
f 1766/1766/1766 1765/1765/1765 1764/1764/1764
f 1765/1765/1765 1766/1766/1766 1767/1767/1767
f 1766/1766/1766 1768/1768/1768 1767/1767/1767
f 1767/1767/1767 1768/1768/1768 1769/1769/1769
f 1770/1770/1770 1767/1767/1767 1769/1769/1769
f 1773/1773/1773 1772/1772/1772 1771/1771/1771
f 1774/1774/1774 1772/1772/1772 1773/1773/1773
f 1777/1777/1777 1776/1776/1776 1775/1775/1775
f 1778/1778/1778 1777/1777/1777 1775/1775/1775
f 1781/1781/1781 1780/1780/1780 1779/1779/1779
f 1780/1780/1780 1781/1781/1781 1782/1782/1782
f 1781/1781/1781 1783/1783/1783 1782/1782/1782
f 1784/1784/1784 1782/1782/1782 1783/1783/1783
f 1785/1785/1785 1784/1784/1784 1783/1783/1783
f 1786/1786/1786 1785/1785/1785 1783/1783/1783
f 1783/1783/1783 1787/1787/1787 1786/1786/1786
f 1784/1784/1784 1788/1788/1788 1782/1782/1782
f 1791/1791/1791 1790/1790/1790 1789/1789/1789
f 1794/1794/1794 1793/1793/1793 1792/1792/1792
f 1795/1795/1795 1794/1794/1794 1792/1792/1792
f 1798/1798/1798 1797/1797/1797 1796/1796/1796
f 1797/1797/1797 1799/1799/1799 1796/1796/1796
f 1802/1802/1802 1801/1801/1801 1800/1800/1800
f 1803/1803/1803 1802/1802/1802 1800/1800/1800
f 1806/1806/1806 1805/1805/1805 1804/1804/1804
f 1807/1807/1807 1806/1806/1806 1804/1804/1804
f 1810/1810/1810 1809/1809/1809 1808/1808/1808
f 1811/1811/1811 1810/1810/1810 1808/1808/1808
f 1812/1812/1812 1811/1811/1811 1808/1808/1808
f 1815/1815/1815 1814/1814/1814 1813/1813/1813
f 1815/1815/1815 1816/1816/1816 1814/1814/1814
f 1816/1816/1816 1817/1817/1817 1814/1814/1814
f 1820/1820/1820 1819/1819/1819 1818/1818/1818
f 1821/1821/1821 1820/1820/1820 1818/1818/1818
f 1824/1824/1824 1823/1823/1823 1822/1822/1822
f 1825/1825/1825 1824/1824/1824 1822/1822/1822
f 1828/1828/1828 1827/1827/1827 1826/1826/1826
f 1829/1829/1829 1828/1828/1828 1826/1826/1826
f 1832/1832/1832 1831/1831/1831 1830/1830/1830
f 1833/1833/1833 1832/1832/1832 1830/1830/1830
f 1836/1836/1836 1835/1835/1835 1834/1834/1834
f 1837/1837/1837 1836/1836/1836 1834/1834/1834
f 1835/1835/1835 1838/1838/1838 1834/1834/1834
f 1841/1841/1841 1840/1840/1840 1839/1839/1839
f 1842/1842/1842 1841/1841/1841 1839/1839/1839
f 1845/1845/1845 1844/1844/1844 1843/1843/1843
f 1846/1846/1846 1845/1845/1845 1843/1843/1843
f 1849/1849/1849 1848/1848/1848 1847/1847/1847
f 1850/1850/1850 1849/1849/1849 1847/1847/1847
f 1849/1849/1849 1850/1850/1850 1851/1851/1851
f 1850/1850/1850 1852/1852/1852 1851/1851/1851
f 1848/1848/1848 1849/1849/1849 1853/1853/1853
f 1854/1854/1854 1848/1848/1848 1853/1853/1853
f 1848/1848/1848 1854/1854/1854 1855/1855/1855
f 1856/1856/1856 1848/1848/1848 1855/1855/1855
f 1849/1849/1849 1851/1851/1851 1857/1857/1857
f 1853/1853/1853 1849/1849/1849 1857/1857/1857
f 1856/1856/1856 1858/1858/1858 1848/1848/1848
f 1848/1848/1848 1858/1858/1858 1859/1859/1859
f 1862/1862/1862 1861/1861/1861 1860/1860/1860
f 1863/1863/1863 1861/1861/1861 1862/1862/1862
f 1863/1863/1863 1864/1864/1864 1861/1861/1861
f 1864/1864/1864 1865/1865/1865 1861/1861/1861
f 1861/1861/1861 1865/1865/1865 1866/1866/1866
f 1867/1867/1867 1861/1861/1861 1866/1866/1866
f 1861/1861/1861 1867/1867/1867 1868/1868/1868
f 1867/1867/1867 1869/1869/1869 1868/1868/1868
f 1867/1867/1867 1866/1866/1866 1870/1870/1870
f 1869/1869/1869 1867/1867/1867 1870/1870/1870
f 1866/1866/1866 1871/1871/1871 1870/1870/1870
f 1872/1872/1872 1869/1869/1869 1870/1870/1870
f 1875/1875/1875 1874/1874/1874 1873/1873/1873
f 1876/1876/1876 1875/1875/1875 1873/1873/1873
f 1874/1874/1874 1877/1877/1877 1873/1873/1873
f 1877/1877/1877 1878/1878/1878 1873/1873/1873
f 1881/1881/1881 1880/1880/1880 1879/1879/1879
f 1882/1882/1882 1881/1881/1881 1879/1879/1879
f 1885/1885/1885 1884/1884/1884 1883/1883/1883
f 1886/1886/1886 1885/1885/1885 1883/1883/1883
f 1889/1889/1889 1888/1888/1888 1887/1887/1887
f 1890/1890/1890 1889/1889/1889 1887/1887/1887
f 1893/1893/1893 1892/1892/1892 1891/1891/1891
f 1894/1894/1894 1893/1893/1893 1891/1891/1891
f 1897/1897/1897 1896/1896/1896 1895/1895/1895
f 1898/1898/1898 1897/1897/1897 1895/1895/1895
f 1899/1899/1899 1897/1897/1897 1898/1898/1898
f 1900/1900/1900 1899/1899/1899 1898/1898/1898
f 1903/1903/1903 1902/1902/1902 1901/1901/1901
f 1904/1904/1904 1903/1903/1903 1901/1901/1901
f 1905/1905/1905 1904/1904/1904 1901/1901/1901
f 1906/1906/1906 1905/1905/1905 1901/1901/1901
f 1909/1909/1909 1908/1908/1908 1907/1907/1907
f 1910/1910/1910 1909/1909/1909 1907/1907/1907
f 1907/1907/1907 1911/1911/1911 1910/1910/1910
f 1911/1911/1911 1912/1912/1912 1910/1910/1910
f 1915/1915/1915 1914/1914/1914 1913/1913/1913
f 1916/1916/1916 1915/1915/1915 1913/1913/1913
f 1919/1919/1919 1918/1918/1918 1917/1917/1917
f 1920/1920/1920 1919/1919/1919 1917/1917/1917
f 1923/1923/1923 1922/1922/1922 1921/1921/1921
f 1924/1924/1924 1923/1923/1923 1921/1921/1921
f 1921/1921/1921 1925/1925/1925 1924/1924/1924
f 1925/1925/1925 1926/1926/1926 1924/1924/1924
f 1926/1926/1926 1925/1925/1925 1927/1927/1927
f 1928/1928/1928 1926/1926/1926 1927/1927/1927
f 1928/1928/1928 1927/1927/1927 1929/1929/1929
f 1927/1927/1927 1930/1930/1930 1929/1929/1929
f 1929/1929/1929 1930/1930/1930 1931/1931/1931
f 1932/1932/1932 1929/1929/1929 1931/1931/1931
f 1933/1933/1933 1922/1922/1922 1923/1923/1923
f 1936/1936/1936 1935/1935/1935 1934/1934/1934
f 1936/1936/1936 1937/1937/1937 1935/1935/1935
f 1938/1938/1938 1936/1936/1936 1934/1934/1934
f 1937/1937/1937 1936/1936/1936 1939/1939/1939
f 1942/1942/1942 1941/1941/1941 1940/1940/1940
f 1943/1943/1943 1942/1942/1942 1940/1940/1940
f 1946/1946/1946 1945/1945/1945 1944/1944/1944
f 1947/1947/1947 1946/1946/1946 1944/1944/1944
f 1950/1950/1950 1949/1949/1949 1948/1948/1948
f 1951/1951/1951 1950/1950/1950 1948/1948/1948
f 1954/1954/1954 1953/1953/1953 1952/1952/1952
f 1955/1955/1955 1954/1954/1954 1952/1952/1952
f 1958/1958/1958 1957/1957/1957 1956/1956/1956
f 1959/1959/1959 1958/1958/1958 1956/1956/1956
f 1962/1962/1962 1961/1961/1961 1960/1960/1960
f 1963/1963/1963 1962/1962/1962 1960/1960/1960
f 1966/1966/1966 1965/1965/1965 1964/1964/1964
f 1967/1967/1967 1966/1966/1966 1964/1964/1964
f 1967/1967/1967 1968/1968/1968 1966/1966/1966
f 1966/1966/1966 1968/1968/1968 1969/1969/1969
f 1965/1965/1965 1966/1966/1966 1969/1969/1969
f 1968/1968/1968 1970/1970/1970 1969/1969/1969
f 1970/1970/1970 1971/1971/1971 1969/1969/1969
f 1972/1972/1972 1965/1965/1965 1969/1969/1969
f 1973/1973/1973 1972/1972/1972 1969/1969/1969
f 1971/1971/1971 1973/1973/1973 1969/1969/1969
f 1973/1973/1973 1971/1971/1971 1974/1974/1974
f 1971/1971/1971 1975/1975/1975 1974/1974/1974
f 1971/1971/1971 1976/1976/1976 1975/1975/1975
f 1977/1977/1977 1976/1976/1976 1971/1971/1971
f 1970/1970/1970 1977/1977/1977 1971/1971/1971
f 1980/1980/1980 1979/1979/1979 1978/1978/1978
f 1981/1981/1981 1980/1980/1980 1978/1978/1978
f 1980/1980/1980 1982/1982/1982 1979/1979/1979
f 1982/1982/1982 1983/1983/1983 1979/1979/1979
f 1979/1979/1979 1983/1983/1983 1984/1984/1984
f 1985/1985/1985 1978/1978/1978 1979/1979/1979
f 1984/1984/1984 1985/1985/1985 1979/1979/1979
f 1988/1988/1988 1987/1987/1987 1986/1986/1986
f 1989/1989/1989 1988/1988/1988 1986/1986/1986
f 1986/1986/1986 1987/1987/1987 1990/1990/1990
f 1987/1987/1987 1991/1991/1991 1990/1990/1990
f 1994/1994/1994 1993/1993/1993 1992/1992/1992
f 1992/1992/1992 1993/1993/1993 1995/1995/1995
f 1993/1993/1993 1996/1996/1996 1995/1995/1995
f 1997/1997/1997 1992/1992/1992 1995/1995/1995
f 1998/1998/1998 1994/1994/1994 1992/1992/1992
f 1997/1997/1997 1998/1998/1998 1992/1992/1992
f 1995/1995/1995 1996/1996/1996 1999/1999/1999
f 1998/1998/1998 2000/2000/2000 1994/1994/1994
f 1998/1998/1998 1997/1997/1997 2001/2001/2001
f 1998/1998/1998 2001/2001/2001 2002/2002/2002
f 1998/1998/1998 2002/2002/2002 2003/2003/2003
f 2004/2004/2004 1998/1998/1998 2003/2003/2003
f 1998/1998/1998 2004/2004/2004 2000/2000/2000
f 2005/2005/2005 2001/2001/2001 1997/1997/1997
f 2006/2006/2006 2005/2005/2005 1997/1997/1997
f 1997/1997/1997 1995/1995/1995 2006/2006/2006
f 1995/1995/1995 2007/2007/2007 2006/2006/2006
f 2007/2007/2007 1995/1995/1995 1999/1999/1999
f 2003/2003/2003 2008/2008/2008 2004/2004/2004
f 2008/2008/2008 2009/2009/2009 2004/2004/2004
f 2010/2010/2010 2000/2000/2000 2004/2004/2004
f 2011/2011/2011 2010/2010/2010 2004/2004/2004
f 2004/2004/2004 2009/2009/2009 2011/2011/2011
f 2009/2009/2009 2012/2012/2012 2011/2011/2011
f 2007/2007/2007 2013/2013/2013 2006/2006/2006
f 2014/2014/2014 2006/2006/2006 2013/2013/2013
f 2005/2005/2005 2006/2006/2006 2014/2014/2014
f 2005/2005/2005 2014/2014/2014 2015/2015/2015
f 2015/2015/2015 2014/2014/2014 2016/2016/2016
f 2013/2013/2013 2007/2007/2007 2017/2017/2017
f 2018/2018/2018 2017/2017/2017 2007/2007/2007
f 2013/2013/2013 2019/2019/2019 2014/2014/2014
f 2020/2020/2020 2014/2014/2014 2019/2019/2019
f 2021/2021/2021 2020/2020/2020 2019/2019/2019
f 2022/2022/2022 2021/2021/2021 2019/2019/2019
f 2013/2013/2013 2022/2022/2022 2019/2019/2019
f 2022/2022/2022 2013/2013/2013 2023/2023/2023
f 2023/2023/2023 2013/2013/2013 2017/2017/2017
f 2024/2024/2024 2020/2020/2020 2021/2021/2021
f 2024/2024/2024 2025/2025/2025 2020/2020/2020
f 2020/2020/2020 2025/2025/2025 2026/2026/2026
f 2014/2014/2014 2020/2020/2020 2026/2026/2026
f 2014/2014/2014 2026/2026/2026 2016/2016/2016
f 2029/2029/2029 2028/2028/2028 2027/2027/2027
f 2030/2030/2030 2029/2029/2029 2027/2027/2027
f 2031/2031/2031 2030/2030/2030 2027/2027/2027
f 2032/2032/2032 2031/2031/2031 2027/2027/2027
f 2027/2027/2027 2033/2033/2033 2032/2032/2032
f 2033/2033/2033 2027/2027/2027 2028/2028/2028
f 2033/2033/2033 2034/2034/2034 2032/2032/2032
f 2035/2035/2035 2033/2033/2033 2028/2028/2028
f 2029/2029/2029 2036/2036/2036 2028/2028/2028
f 2036/2036/2036 2037/2037/2037 2028/2028/2028
f 2028/2028/2028 2037/2037/2037 2038/2038/2038
f 2037/2037/2037 2039/2039/2039 2038/2038/2038
f 2029/2029/2029 2040/2040/2040 2036/2036/2036
f 2041/2041/2041 2040/2040/2040 2029/2029/2029
f 2042/2042/2042 2041/2041/2041 2029/2029/2029
f 2030/2030/2030 2042/2042/2042 2029/2029/2029
f 2030/2030/2030 2031/2031/2031 2042/2042/2042
f 2043/2043/2043 2041/2041/2041 2042/2042/2042
f 2044/2044/2044 2043/2043/2043 2042/2042/2042
f 2040/2040/2040 2045/2045/2045 2036/2036/2036
f 2042/2042/2042 2046/2046/2046 2044/2044/2044
f 2046/2046/2046 2042/2042/2042 2031/2031/2031
f 2046/2046/2046 2047/2047/2047 2044/2044/2044
f 2035/2035/2035 2028/2028/2028 2048/2048/2048
f 2038/2038/2038 2048/2048/2048 2028/2028/2028
f 2051/2051/2051 2050/2050/2050 2049/2049/2049
f 2052/2052/2052 2051/2051/2051 2049/2049/2049
f 2052/2052/2052 2053/2053/2053 2051/2051/2051
f 2053/2053/2053 2054/2054/2054 2051/2051/2051
f 2049/2049/2049 2050/2050/2050 2055/2055/2055
f 2056/2056/2056 2049/2049/2049 2055/2055/2055
f 2059/2059/2059 2058/2058/2058 2057/2057/2057
f 2059/2059/2059 2057/2057/2057 2060/2060/2060
f 2063/2063/2063 2062/2062/2062 2061/2061/2061
f 2066/2066/2066 2065/2065/2065 2064/2064/2064
f 2067/2067/2067 2065/2065/2065 2066/2066/2066
f 2070/2070/2070 2069/2069/2069 2068/2068/2068
f 2071/2071/2071 2070/2070/2070 2068/2068/2068
f 2071/2071/2071 2072/2072/2072 2070/2070/2070
f 2072/2072/2072 2073/2073/2073 2070/2070/2070
f 2072/2072/2072 2074/2074/2074 2073/2073/2073
f 2074/2074/2074 2075/2075/2075 2073/2073/2073
f 2075/2075/2075 2074/2074/2074 2076/2076/2076
f 2079/2079/2079 2078/2078/2078 2077/2077/2077
f 2080/2080/2080 2079/2079/2079 2077/2077/2077
f 2079/2079/2079 2081/2081/2081 2078/2078/2078
f 2081/2081/2081 2082/2082/2082 2078/2078/2078
f 2081/2081/2081 2083/2083/2083 2082/2082/2082
f 2083/2083/2083 2084/2084/2084 2082/2082/2082
f 2084/2084/2084 2083/2083/2083 2085/2085/2085
f 2088/2088/2088 2087/2087/2087 2086/2086/2086
f 2086/2086/2086 2087/2087/2087 2089/2089/2089
f 2090/2090/2090 2086/2086/2086 2089/2089/2089
f 2089/2089/2089 2091/2091/2091 2090/2090/2090
f 2091/2091/2091 2092/2092/2092 2090/2090/2090
f 2093/2093/2093 2092/2092/2092 2091/2091/2091
f 2094/2094/2094 2093/2093/2093 2091/2091/2091
f 2097/2097/2097 2096/2096/2096 2095/2095/2095
f 2095/2095/2095 2096/2096/2096 2098/2098/2098
f 2099/2099/2099 2095/2095/2095 2098/2098/2098
f 2099/2099/2099 2098/2098/2098 2100/2100/2100
f 2098/2098/2098 2101/2101/2101 2100/2100/2100
f 2100/2100/2100 2101/2101/2101 2102/2102/2102
f 2103/2103/2103 2100/2100/2100 2102/2102/2102
f 2106/2106/2106 2105/2105/2105 2104/2104/2104
f 2107/2107/2107 2106/2106/2106 2104/2104/2104
f 2107/2107/2107 2108/2108/2108 2106/2106/2106
f 2106/2106/2106 2108/2108/2108 2109/2109/2109
f 2112/2112/2112 2111/2111/2111 2110/2110/2110
f 2113/2113/2113 2112/2112/2112 2110/2110/2110
f 2112/2112/2112 2114/2114/2114 2111/2111/2111
f 2114/2114/2114 2115/2115/2115 2111/2111/2111
f 2116/2116/2116 2115/2115/2115 2114/2114/2114
f 2119/2119/2119 2118/2118/2118 2117/2117/2117
f 2120/2120/2120 2119/2119/2119 2117/2117/2117
f 2121/2121/2121 2117/2117/2117 2118/2118/2118
f 2122/2122/2122 2121/2121/2121 2118/2118/2118
f 2123/2123/2123 2121/2121/2121 2122/2122/2122
f 2126/2126/2126 2125/2125/2125 2124/2124/2124
f 2127/2127/2127 2124/2124/2124 2125/2125/2125
f 2128/2128/2128 2125/2125/2125 2126/2126/2126
f 2129/2129/2129 2128/2128/2128 2126/2126/2126
f 2128/2128/2128 2129/2129/2129 2130/2130/2130
f 2128/2128/2128 2130/2130/2130 2131/2131/2131
f 2125/2125/2125 2128/2128/2128 2131/2131/2131
f 2127/2127/2127 2125/2125/2125 2131/2131/2131
f 2130/2130/2130 2132/2132/2132 2131/2131/2131
f 2129/2129/2129 2133/2133/2133 2130/2130/2130
f 2136/2136/2136 2135/2135/2135 2134/2134/2134
f 2137/2137/2137 2136/2136/2136 2134/2134/2134
f 2136/2136/2136 2137/2137/2137 2138/2138/2138
f 2139/2139/2139 2136/2136/2136 2138/2138/2138
f 2140/2140/2140 2139/2139/2139 2138/2138/2138
f 2143/2143/2143 2142/2142/2142 2141/2141/2141
f 2144/2144/2144 2143/2143/2143 2141/2141/2141
f 2144/2144/2144 2145/2145/2145 2143/2143/2143
f 2145/2145/2145 2146/2146/2146 2143/2143/2143
f 2147/2147/2147 2146/2146/2146 2145/2145/2145
f 2150/2150/2150 2149/2149/2149 2148/2148/2148
f 2151/2151/2151 2150/2150/2150 2148/2148/2148
f 2150/2150/2150 2151/2151/2151 2152/2152/2152
f 2153/2153/2153 2150/2150/2150 2152/2152/2152
f 2148/2148/2148 2154/2154/2154 2151/2151/2151
f 2154/2154/2154 2155/2155/2155 2151/2151/2151
f 2155/2155/2155 2154/2154/2154 2156/2156/2156
f 2155/2155/2155 2156/2156/2156 2157/2157/2157
f 2157/2157/2157 2152/2152/2152 2151/2151/2151
f 2155/2155/2155 2157/2157/2157 2151/2151/2151
f 2160/2160/2160 2159/2159/2159 2158/2158/2158
f 2161/2161/2161 2160/2160/2160 2158/2158/2158
f 2158/2158/2158 2159/2159/2159 2162/2162/2162
f 2159/2159/2159 2163/2163/2163 2162/2162/2162
f 2164/2164/2164 2162/2162/2162 2163/2163/2163
f 2165/2165/2165 2164/2164/2164 2163/2163/2163
f 2166/2166/2166 2158/2158/2158 2162/2162/2162
f 2167/2167/2167 2166/2166/2166 2162/2162/2162
f 2167/2167/2167 2168/2168/2168 2166/2166/2166
f 2169/2169/2169 2168/2168/2168 2167/2167/2167
f 2169/2169/2169 2167/2167/2167 2162/2162/2162
f 2164/2164/2164 2169/2169/2169 2162/2162/2162
f 2168/2168/2168 2170/2170/2170 2166/2166/2166
f 2170/2170/2170 2161/2161/2161 2158/2158/2158
f 2166/2166/2166 2170/2170/2170 2158/2158/2158
f 2173/2173/2173 2172/2172/2172 2171/2171/2171
f 2174/2174/2174 2173/2173/2173 2171/2171/2171
f 2175/2175/2175 2173/2173/2173 2174/2174/2174
f 2176/2176/2176 2175/2175/2175 2174/2174/2174
f 2175/2175/2175 2176/2176/2176 2177/2177/2177
f 2178/2178/2178 2175/2175/2175 2177/2177/2177
f 2178/2178/2178 2177/2177/2177 2179/2179/2179
f 2182/2182/2182 2181/2181/2181 2180/2180/2180
f 2183/2183/2183 2182/2182/2182 2180/2180/2180
f 2182/2182/2182 2183/2183/2183 2184/2184/2184
f 2183/2183/2183 2185/2185/2185 2184/2184/2184
f 2184/2184/2184 2185/2185/2185 2186/2186/2186
f 2185/2185/2185 2187/2187/2187 2186/2186/2186
f 2187/2187/2187 2188/2188/2188 2186/2186/2186
f 2191/2191/2191 2190/2190/2190 2189/2189/2189
f 2192/2192/2192 2189/2189/2189 2190/2190/2190
f 2190/2190/2190 2191/2191/2191 2193/2193/2193
f 2194/2194/2194 2190/2190/2190 2193/2193/2193
f 2193/2193/2193 2195/2195/2195 2194/2194/2194
f 2195/2195/2195 2196/2196/2196 2194/2194/2194
f 2196/2196/2196 2195/2195/2195 2197/2197/2197
f 2198/2198/2198 2196/2196/2196 2197/2197/2197
f 2196/2196/2196 2198/2198/2198 2199/2199/2199
f 2198/2198/2198 2200/2200/2200 2199/2199/2199
f 2196/2196/2196 2199/2199/2199 2201/2201/2201
f 2194/2194/2194 2196/2196/2196 2201/2201/2201
f 2201/2201/2201 2192/2192/2192 2190/2190/2190
f 2194/2194/2194 2201/2201/2201 2190/2190/2190
f 2204/2204/2204 2203/2203/2203 2202/2202/2202
f 2205/2205/2205 2204/2204/2204 2202/2202/2202
f 2202/2202/2202 2206/2206/2206 2205/2205/2205
f 2206/2206/2206 2207/2207/2207 2205/2205/2205
f 2208/2208/2208 2207/2207/2207 2206/2206/2206
f 2211/2211/2211 2210/2210/2210 2209/2209/2209
f 2212/2212/2212 1993/1993/1993 1994/1994/1994
f 2215/2215/2215 2214/2214/2214 2213/2213/2213
f 2214/2214/2214 2216/2216/2216 2213/2213/2213
f 2217/2217/2217 2216/2216/2216 2214/2214/2214
f 2220/2220/2220 2219/2219/2219 2218/2218/2218
f 2220/2220/2220 2221/2221/2221 2219/2219/2219
f 2221/2221/2221 2222/2222/2222 2219/2219/2219
f 2225/2225/2225 2224/2224/2224 2223/2223/2223
f 2225/2225/2225 2226/2226/2226 2224/2224/2224
f 2226/2226/2226 2227/2227/2227 2224/2224/2224
f 2230/2230/2230 2229/2229/2229 2228/2228/2228
f 2233/2233/2233 2232/2232/2232 2231/2231/2231
f 2234/2234/2234 2233/2233/2233 2231/2231/2231
f 2234/2234/2234 2235/2235/2235 2233/2233/2233
f 2235/2235/2235 2236/2236/2236 2233/2233/2233
f 2231/2231/2231 2232/2232/2232 2237/2237/2237
f 2232/2232/2232 2238/2238/2238 2237/2237/2237
f 2239/2239/2239 2237/2237/2237 2238/2238/2238
f 2240/2240/2240 2239/2239/2239 2238/2238/2238
f 2241/2241/2241 2239/2239/2239 2240/2240/2240
f 2242/2242/2242 2241/2241/2241 2240/2240/2240
f 2233/2233/2233 2243/2243/2243 2232/2232/2232
f 2233/2233/2233 2236/2236/2236 2243/2243/2243
f 2243/2243/2243 2244/2244/2244 2232/2232/2232
f 2232/2232/2232 2244/2244/2244 2245/2245/2245
f 2238/2238/2238 2232/2232/2232 2245/2245/2245
f 2238/2238/2238 2245/2245/2245 2246/2246/2246
f 2240/2240/2240 2238/2238/2238 2246/2246/2246
f 2240/2240/2240 2246/2246/2246 2242/2242/2242
f 2246/2246/2246 2247/2247/2247 2242/2242/2242
f 2248/2248/2248 2247/2247/2247 2246/2246/2246
f 2249/2249/2249 2248/2248/2248 2246/2246/2246
f 2249/2249/2249 2246/2246/2246 2245/2245/2245
f 2244/2244/2244 2250/2250/2250 2245/2245/2245
f 2250/2250/2250 2251/2251/2251 2245/2245/2245
f 2251/2251/2251 2249/2249/2249 2245/2245/2245
f 2251/2251/2251 2252/2252/2252 2249/2249/2249
f 2252/2252/2252 2251/2251/2251 2250/2250/2250
f 2253/2253/2253 2252/2252/2252 2250/2250/2250
f 2253/2253/2253 2250/2250/2250 2254/2254/2254
f 2254/2254/2254 2250/2250/2250 2244/2244/2244
f 2243/2243/2243 2254/2254/2254 2244/2244/2244
f 2255/2255/2255 2253/2253/2253 2254/2254/2254
f 2256/2256/2256 2255/2255/2255 2254/2254/2254
f 2257/2257/2257 2256/2256/2256 2254/2254/2254
f 2258/2258/2258 2255/2255/2255 2256/2256/2256
f 2253/2253/2253 2255/2255/2255 2258/2258/2258
f 2258/2258/2258 2256/2256/2256 2259/2259/2259
f 2260/2260/2260 2253/2253/2253 2258/2258/2258
f 2252/2252/2252 2253/2253/2253 2260/2260/2260
f 2252/2252/2252 2260/2260/2260 2261/2261/2261
f 2262/2262/2262 2252/2252/2252 2261/2261/2261
f 2252/2252/2252 2262/2262/2262 2249/2249/2249
f 2262/2262/2262 2263/2263/2263 2249/2249/2249
f 2263/2263/2263 2248/2248/2248 2249/2249/2249
f 2263/2263/2263 2262/2262/2262 2264/2264/2264
f 2257/2257/2257 2254/2254/2254 2265/2265/2265
f 2254/2254/2254 2243/2243/2243 2265/2265/2265
f 2236/2236/2236 2265/2265/2265 2243/2243/2243
f 2266/2266/2266 2260/2260/2260 2258/2258/2258
f 2267/2267/2267 2266/2266/2266 2258/2258/2258
f 2268/2268/2268 2267/2267/2267 2258/2258/2258
f 2259/2259/2259 2268/2268/2268 2258/2258/2258
f 2262/2262/2262 2261/2261/2261 2269/2269/2269
f 2269/2269/2269 2264/2264/2264 2262/2262/2262
f 2263/2263/2263 2264/2264/2264 2270/2270/2270
f 2273/2273/2273 2272/2272/2272 2271/2271/2271
f 2274/2274/2274 2273/2273/2273 2271/2271/2271
f 2275/2275/2275 2274/2274/2274 2271/2271/2271
f 2276/2276/2276 2275/2275/2275 2271/2271/2271
f 2275/2275/2275 2276/2276/2276 2277/2277/2277
f 2276/2276/2276 2278/2278/2278 2277/2277/2277
f 2278/2278/2278 2279/2279/2279 2277/2277/2277
f 2273/2273/2273 2280/2280/2280 2272/2272/2272
f 2280/2280/2280 2281/2281/2281 2272/2272/2272
f 2278/2278/2278 2282/2282/2282 2279/2279/2279
f 2285/2285/2285 2284/2284/2284 2283/2283/2283
f 2286/2286/2286 2285/2285/2285 2283/2283/2283
f 2286/2286/2286 2287/2287/2287 2285/2285/2285
f 2290/2290/2290 2289/2289/2289 2288/2288/2288
f 2291/2291/2291 2290/2290/2290 2288/2288/2288
f 2290/2290/2290 2291/2291/2291 2292/2292/2292
f 2293/2293/2293 2290/2290/2290 2292/2292/2292
f 2294/2294/2294 2290/2290/2290 2293/2293/2293
f 2290/2290/2290 2294/2294/2294 2289/2289/2289
f 2295/2295/2295 2294/2294/2294 2293/2293/2293
f 2291/2291/2291 2288/2288/2288 2296/2296/2296
f 2291/2291/2291 2297/2297/2297 2292/2292/2292
f 2297/2297/2297 2291/2291/2291 2296/2296/2296
f 2298/2298/2298 2297/2297/2297 2296/2296/2296
f 2297/2297/2297 2299/2299/2299 2292/2292/2292
f 2299/2299/2299 2300/2300/2300 2292/2292/2292
f 2301/2301/2301 2295/2295/2295 2293/2293/2293
f 2302/2302/2302 2297/2297/2297 2298/2298/2298
f 2303/2303/2303 2302/2302/2302 2298/2298/2298
f 2295/2295/2295 2304/2304/2304 2294/2294/2294
f 2295/2295/2295 2301/2301/2301 2304/2304/2304
f 2304/2304/2304 2305/2305/2305 2294/2294/2294
f 2305/2305/2305 2306/2306/2306 2294/2294/2294
f 2306/2306/2306 2307/2307/2307 2294/2294/2294
f 2292/2292/2292 2308/2308/2308 2293/2293/2293
f 2308/2308/2308 2292/2292/2292 2300/2300/2300
f 2299/2299/2299 2309/2309/2309 2300/2300/2300
f 2309/2309/2309 2297/2297/2297 2302/2302/2302
f 2309/2309/2309 2299/2299/2299 2297/2297/2297
f 2308/2308/2308 2301/2301/2301 2293/2293/2293
f 2294/2294/2294 2307/2307/2307 2289/2289/2289
f 2312/2312/2312 2311/2311/2311 2310/2310/2310
f 2313/2313/2313 2312/2312/2312 2310/2310/2310
f 2312/2312/2312 2314/2314/2314 2311/2311/2311
f 2312/2312/2312 2315/2315/2315 2314/2314/2314
f 2315/2315/2315 2312/2312/2312 2316/2316/2316
f 2317/2317/2317 2315/2315/2315 2316/2316/2316
f 2317/2317/2317 2316/2316/2316 2318/2318/2318
f 2321/2321/2321 2320/2320/2320 2319/2319/2319
f 2322/2322/2322 2321/2321/2321 2319/2319/2319
f 2323/2323/2323 2321/2321/2321 2322/2322/2322
f 2324/2324/2324 2323/2323/2323 2322/2322/2322
f 2323/2323/2323 2324/2324/2324 2325/2325/2325
f 2324/2324/2324 2326/2326/2326 2325/2325/2325
f 2325/2325/2325 2326/2326/2326 2327/2327/2327
f 2328/2328/2328 2325/2325/2325 2327/2327/2327
f 2327/2327/2327 2329/2329/2329 2328/2328/2328
f 2329/2329/2329 2330/2330/2330 2328/2328/2328
f 2330/2330/2330 2329/2329/2329 2331/2331/2331
f 2332/2332/2332 2330/2330/2330 2331/2331/2331
f 2328/2328/2328 2330/2330/2330 2333/2333/2333
f 2325/2325/2325 2328/2328/2328 2333/2333/2333
f 2331/2331/2331 2334/2334/2334 2332/2332/2332
f 2334/2334/2334 2335/2335/2335 2332/2332/2332
f 2336/2336/2336 2335/2335/2335 2334/2334/2334
f 2337/2337/2337 2336/2336/2336 2334/2334/2334
f 2340/2340/2340 2339/2339/2339 2338/2338/2338
f 2341/2341/2341 2340/2340/2340 2338/2338/2338
f 2338/2338/2338 2339/2339/2339 2342/2342/2342
f 2341/2341/2341 2343/2343/2343 2340/2340/2340
f 2341/2341/2341 2344/2344/2344 2343/2343/2343
f 2341/2341/2341 2345/2345/2345 2344/2344/2344
f 2345/2345/2345 2341/2341/2341 2346/2346/2346
f 2349/2349/2349 2348/2348/2348 2347/2347/2347
f 2350/2350/2350 2349/2349/2349 2347/2347/2347
f 2347/2347/2347 2348/2348/2348 2351/2351/2351
f 2352/2352/2352 2347/2347/2347 2351/2351/2351
f 2355/2355/2355 2354/2354/2354 2353/2353/2353
f 2354/2354/2354 2356/2356/2356 2353/2353/2353
f 2356/2356/2356 2357/2357/2357 2353/2353/2353
f 2357/2357/2357 2358/2358/2358 2353/2353/2353
f 2353/2353/2353 2358/2358/2358 2359/2359/2359
f 2359/2359/2359 2355/2355/2355 2353/2353/2353
f 2358/2358/2358 2360/2360/2360 2359/2359/2359
f 2361/2361/2361 2360/2360/2360 2358/2358/2358
f 2360/2360/2360 2362/2362/2362 2359/2359/2359
f 2361/2361/2361 2362/2362/2362 2360/2360/2360
f 2362/2362/2362 2361/2361/2361 2363/2363/2363
f 2362/2362/2362 2363/2363/2363 2364/2364/2364
f 2361/2361/2361 2365/2365/2365 2363/2363/2363
f 2365/2365/2365 2366/2366/2366 2363/2363/2363
f 2364/2364/2364 2363/2363/2363 2367/2367/2367
f 2363/2363/2363 2366/2366/2366 2367/2367/2367
f 2368/2368/2368 2364/2364/2364 2367/2367/2367
f 2368/2368/2368 2369/2369/2369 2364/2364/2364
f 2366/2366/2366 2370/2370/2370 2367/2367/2367
f 2370/2370/2370 2366/2366/2366 2371/2371/2371
f 2357/2357/2357 2365/2365/2365 2372/2372/2372
f 2372/2372/2372 2358/2358/2358 2357/2357/2357
f 2365/2365/2365 2361/2361/2361 2372/2372/2372
f 2361/2361/2361 2358/2358/2358 2372/2372/2372
f 2375/2375/2375 2374/2374/2374 2373/2373/2373
f 2376/2376/2376 2375/2375/2375 2373/2373/2373
f 2377/2377/2377 2376/2376/2376 2373/2373/2373
f 2376/2376/2376 2377/2377/2377 2378/2378/2378
f 2377/2377/2377 2379/2379/2379 2378/2378/2378
f 2382/2382/2382 2381/2381/2381 2380/2380/2380
f 2383/2383/2383 2382/2382/2382 2380/2380/2380
f 2381/2381/2381 2384/2384/2384 2380/2380/2380
f 2387/2387/2387 2386/2386/2386 2385/2385/2385
f 2386/2386/2386 2388/2388/2388 2385/2385/2385
f 2387/2387/2387 2389/2389/2389 2386/2386/2386
f 2389/2389/2389 2390/2390/2390 2386/2386/2386
f 2393/2393/2393 2392/2392/2392 2391/2391/2391
f 2396/2396/2396 2395/2395/2395 2394/2394/2394
f 2397/2397/2397 2396/2396/2396 2394/2394/2394
f 2398/2398/2398 2395/2395/2395 2396/2396/2396
f 2399/2399/2399 2398/2398/2398 2396/2396/2396
f 2402/2402/2402 2401/2401/2401 2400/2400/2400
f 2403/2403/2403 2402/2402/2402 2400/2400/2400
f 2403/2403/2403 2400/2400/2400 2404/2404/2404
f 2400/2400/2400 2405/2405/2405 2404/2404/2404
f 2406/2406/2406 2404/2404/2404 2405/2405/2405
f 2406/2406/2406 2402/2402/2402 2403/2403/2403
f 2404/2404/2404 2406/2406/2406 2403/2403/2403
f 2407/2407/2407 2406/2406/2406 2405/2405/2405
f 2410/2410/2410 2409/2409/2409 2408/2408/2408
f 2411/2411/2411 2410/2410/2410 2408/2408/2408
f 2410/2410/2410 2411/2411/2411 2412/2412/2412
f 2413/2413/2413 2410/2410/2410 2412/2412/2412
f 2408/2408/2408 2409/2409/2409 2414/2414/2414
f 2409/2409/2409 2415/2415/2415 2414/2414/2414
f 2416/2416/2416 2413/2413/2413 2412/2412/2412
f 2417/2417/2417 2416/2416/2416 2412/2412/2412
f 2414/2414/2414 2415/2415/2415 2418/2418/2418
f 2415/2415/2415 2419/2419/2419 2418/2418/2418
f 2410/2410/2410 2413/2413/2413 2420/2420/2420
f 2413/2413/2413 2421/2421/2421 2420/2420/2420
f 2421/2421/2421 2413/2413/2413 2416/2416/2416
f 2422/2422/2422 2421/2421/2421 2416/2416/2416
f 2423/2423/2423 2409/2409/2409 2410/2410/2410
f 2420/2420/2420 2423/2423/2423 2410/2410/2410
f 2409/2409/2409 2423/2423/2423 2415/2415/2415
f 2419/2419/2419 2415/2415/2415 2423/2423/2423
f 2424/2424/2424 2419/2419/2419 2423/2423/2423
f 2427/2427/2427 2426/2426/2426 2425/2425/2425
f 2428/2428/2428 2427/2427/2427 2425/2425/2425
f 2427/2427/2427 2429/2429/2429 2426/2426/2426
f 2430/2430/2430 2429/2429/2429 2427/2427/2427
f 2431/2431/2431 2430/2430/2430 2427/2427/2427
f 2427/2427/2427 2428/2428/2428 2432/2432/2432
f 2428/2428/2428 2433/2433/2433 2432/2432/2432
f 2427/2427/2427 2432/2432/2432 2434/2434/2434
f 2435/2435/2435 2432/2432/2432 2433/2433/2433
f 2434/2434/2434 2432/2432/2432 2435/2435/2435
f 2436/2436/2436 2434/2434/2434 2435/2435/2435
f 2437/2437/2437 2433/2433/2433 2428/2428/2428
f 2438/2438/2438 2437/2437/2437 2428/2428/2428
f 2439/2439/2439 2438/2438/2438 2428/2428/2428
f 2438/2438/2438 2439/2439/2439 2440/2440/2440
f 2441/2441/2441 2438/2438/2438 2440/2440/2440
f 2440/2440/2440 2442/2442/2442 2441/2441/2441
f 2442/2442/2442 2443/2443/2443 2441/2441/2441
f 2437/2437/2437 2438/2438/2438 2444/2444/2444
f 2441/2441/2441 2445/2445/2445 2438/2438/2438
f 2443/2443/2443 2442/2442/2442 2446/2446/2446
f 2446/2446/2446 2442/2442/2442 2447/2447/2447
f 2443/2443/2443 2446/2446/2446 2448/2448/2448
f 2441/2441/2441 2443/2443/2443 2448/2448/2448
f 2449/2449/2449 2446/2446/2446 2447/2447/2447
f 2450/2450/2450 2449/2449/2449 2447/2447/2447
f 2447/2447/2447 2451/2451/2451 2450/2450/2450
f 2451/2451/2451 2452/2452/2452 2450/2450/2450
f 2453/2453/2453 2452/2452/2452 2451/2451/2451
f 2454/2454/2454 2453/2453/2453 2451/2451/2451
f 2453/2453/2453 2455/2455/2455 2452/2452/2452
f 2452/2452/2452 2455/2455/2455 2456/2456/2456
f 2457/2457/2457 2455/2455/2455 2453/2453/2453
f 2454/2454/2454 2458/2458/2458 2453/2453/2453
f 2459/2459/2459 2458/2458/2458 2454/2454/2454
f 2459/2459/2459 2460/2460/2460 2458/2458/2458
f 2458/2458/2458 2460/2460/2460 2461/2461/2461
f 2462/2462/2462 2455/2455/2455 2457/2457/2457
f 2462/2462/2462 2457/2457/2457 2463/2463/2463
f 2457/2457/2457 2464/2464/2464 2463/2463/2463
f 2465/2465/2465 2463/2463/2463 2464/2464/2464
f 2466/2466/2466 2463/2463/2463 2465/2465/2465
f 2456/2456/2456 2463/2463/2463 2466/2466/2466
f 2467/2467/2467 2452/2452/2452 2456/2456/2456
f 2467/2467/2467 2456/2456/2456 2466/2466/2466
f 2452/2452/2452 2467/2467/2467 2468/2468/2468
f 2469/2469/2469 2452/2452/2452 2468/2468/2468
f 2450/2450/2450 2452/2452/2452 2469/2469/2469
f 2450/2450/2450 2469/2469/2469 2470/2470/2470
f 2450/2450/2450 2470/2470/2470 2471/2471/2471
f 2449/2449/2449 2450/2450/2450 2471/2471/2471
f 2471/2471/2471 2470/2470/2470 2472/2472/2472
f 2472/2472/2472 2470/2470/2470 2473/2473/2473
f 2474/2474/2474 2472/2472/2472 2473/2473/2473
f 2477/2477/2477 2476/2476/2476 2475/2475/2475
f 2476/2476/2476 2477/2477/2477 2478/2478/2478
f 2479/2479/2479 2475/2475/2475 2476/2476/2476
f 2476/2476/2476 2480/2480/2480 2479/2479/2479
f 2481/2481/2481 2480/2480/2480 2476/2476/2476
f 2482/2482/2482 2480/2480/2480 2481/2481/2481
f 2480/2480/2480 2482/2482/2482 2483/2483/2483
f 2484/2484/2484 2480/2480/2480 2483/2483/2483
f 2485/2485/2485 2484/2484/2484 2483/2483/2483
f 2485/2485/2485 2483/2483/2483 2486/2486/2486
f 2487/2487/2487 2485/2485/2485 2486/2486/2486
f 2488/2488/2488 2485/2485/2485 2487/2487/2487
f 2484/2484/2484 2485/2485/2485 2488/2488/2488
f 2487/2487/2487 2489/2489/2489 2488/2488/2488
f 2489/2489/2489 2490/2490/2490 2488/2488/2488
f 2490/2490/2490 2491/2491/2491 2488/2488/2488
f 2488/2488/2488 2491/2491/2491 2484/2484/2484
f 2484/2484/2484 2491/2491/2491 2492/2492/2492
f 2491/2491/2491 2493/2493/2493 2492/2492/2492
f 2492/2492/2492 2493/2493/2493 2494/2494/2494
f 2492/2492/2492 2494/2494/2494 2495/2495/2495
f 2494/2494/2494 2496/2496/2496 2495/2495/2495
f 2495/2495/2495 2496/2496/2496 2497/2497/2497
f 2496/2496/2496 2498/2498/2498 2497/2497/2497
f 2494/2494/2494 2493/2493/2493 2499/2499/2499
f 2500/2500/2500 2493/2493/2493 2491/2491/2491
f 2499/2499/2499 2501/2501/2501 2494/2494/2494
f 2502/2502/2502 2501/2501/2501 2499/2499/2499
f 2494/2494/2494 2501/2501/2501 2503/2503/2503
f 2496/2496/2496 2494/2494/2494 2503/2503/2503
f 2496/2496/2496 2503/2503/2503 2504/2504/2504
f 2503/2503/2503 2501/2501/2501 2505/2505/2505
f 2498/2498/2498 2496/2496/2496 2506/2506/2506
f 2506/2506/2506 2496/2496/2496 2504/2504/2504
f 2507/2507/2507 2498/2498/2498 2506/2506/2506
f 2498/2498/2498 2507/2507/2507 2508/2508/2508
f 2498/2498/2498 2508/2508/2508 2509/2509/2509
f 2508/2508/2508 2510/2510/2510 2509/2509/2509
f 2511/2511/2511 2498/2498/2498 2509/2509/2509
f 2498/2498/2498 2511/2511/2511 2497/2497/2497
f 2511/2511/2511 2509/2509/2509 2512/2512/2512
f 2513/2513/2513 2511/2511/2511 2512/2512/2512
f 2514/2514/2514 2497/2497/2497 2511/2511/2511
f 2497/2497/2497 2514/2514/2514 2515/2515/2515
f 2515/2515/2515 2514/2514/2514 2516/2516/2516
f 2515/2515/2515 2516/2516/2516 2517/2517/2517
f 2518/2518/2518 2517/2517/2517 2516/2516/2516
f 2518/2518/2518 2519/2519/2519 2517/2517/2517
f 2519/2519/2519 2520/2520/2520 2517/2517/2517
f 2521/2521/2521 2518/2518/2518 2516/2516/2516
f 2522/2522/2522 2521/2521/2521 2516/2516/2516
f 2521/2521/2521 2523/2523/2523 2518/2518/2518
f 2518/2518/2518 2523/2523/2523 2524/2524/2524
f 2524/2524/2524 2523/2523/2523 2525/2525/2525
f 2524/2524/2524 2525/2525/2525 2526/2526/2526
f 2523/2523/2523 2527/2527/2527 2525/2525/2525
f 2519/2519/2519 2518/2518/2518 2528/2528/2528
f 2518/2518/2518 2529/2529/2529 2528/2528/2528
f 2530/2530/2530 2519/2519/2519 2528/2528/2528
f 2519/2519/2519 2530/2530/2530 2520/2520/2520
f 2532/2532/2532 2444/2444/2444 2531/2531/2531
f 2437/2437/2437 2444/2444/2444 2532/2532/2532
f 2532/2532/2532 2433/2433/2433 2437/2437/2437
f 2535/2535/2535 2534/2534/2534 2533/2533/2533
f 2538/2538/2538 2537/2537/2537 2536/2536/2536
f 2539/2539/2539 2441/2441/2441 2448/2448/2448
f 2445/2445/2445 2441/2441/2441 2539/2539/2539
