g G_CA_Prinzeugen_Body_001_lod
v -0.0960857 0.006133944 1.530637
v -0.1119172 0.04725006 1.527529
v -0.08012339 -0.019903 1.562463
v -0.07152072 -0.03033742 1.540646
v -0.03678295 -0.05555663 1.56544
v -0.06255826 -0.04993054 1.526319
v -0.03305408 -0.07014516 1.527202
v 1.549721E-05 -0.06468263 1.569071
v 1.549721E-05 -0.0800235 1.527627
v -0.03204003 -0.08306551 1.517684
v 1.549721E-05 -0.09592044 1.515361
v 1.549721E-05 -0.09840637 1.511142
v -0.03177837 -0.08548602 1.513562
v -0.03204003 -0.08306551 1.517684
v 1.549721E-05 -0.09592044 1.515361
v -0.06497875 -0.04904738 1.523015
v -0.06255826 -0.04993054 1.526319
v -0.07688513 -0.02330482 1.531127
v -0.07152072 -0.03033742 1.540646
v -0.0960857 0.006133944 1.530637
v -0.1148284 0.07884768 1.502375
v -0.1023987 0.1127023 1.501819
v -0.09860435 0.110249 1.518011
v -0.1119172 0.04725006 1.527529
v -0.05689946 0.1533605 1.505712
v -0.0547733 0.1454447 1.522361
v 1.549721E-05 0.1716779 1.507347
v 1.549721E-05 0.1620286 1.5238
v -0.1141742 0.03668484 1.507478
v -0.1054407 0.005610585 1.516702
v -0.1004688 0.007573158 1.541104
v -0.07446459 -0.0336411 1.530964
v -0.07793179 -0.0283094 1.507282
v -0.01352635 -0.06599104 1.561122
v -0.02530184 -0.06572935 1.574828
v -0.02543268 -0.06651437 1.593897
v -0.01352635 -0.06864053 1.608224
v 1.549721E-05 -0.06945828 1.612444
v 1.549721E-05 -0.06638354 1.558178
v -0.01280674 -0.07086477 1.584248
v -0.00911054 -0.0716171 1.593309
v -0.009045124 -0.07063583 1.575187
v 1.549721E-05 -0.07106104 1.571459
v 1.549721E-05 -0.07246757 1.59707
v -0.0668759 0.1643837 1.545552
v -0.1177069 0.1202582 1.539076
v -0.09860435 0.110249 1.518011
v -0.0547733 0.1454447 1.522361
v 1.549721E-05 0.1817853 1.550099
v 1.549721E-05 0.1620286 1.5238
v -0.1119172 0.04725006 1.527529
v -0.1308562 0.05670318 1.550034
v -0.1075341 -0.01830024 1.595238
v -0.08012339 -0.019903 1.562463
v -0.0614461 -0.05274358 1.638677
v -0.03678295 -0.05555663 1.56544
v 1.549721E-05 -0.06723401 1.67106
v 1.549721E-05 -0.06468263 1.569071
v -0.0516986 -0.007669568 1.629649
v -0.1075341 -0.01830024 1.595238
v -0.1308562 0.05670318 1.550034
v -0.0614461 -0.05274358 1.638677
v -0.06003961 0.07210949 1.614308
v 1.549721E-05 -0.01166016 1.659317
v 1.549721E-05 0.08051589 1.631612
v 1.549721E-05 0.1483886 1.578818
v -0.05408642 0.1392626 1.570772
v -0.0668759 0.1643837 1.545552
v -0.1177069 0.1202582 1.539076
v 1.549721E-05 0.1817853 1.550099
v 1.549721E-05 -0.06723401 1.67106
v -0.1055062 0.04074082 1.487264
v -0.1017445 0.04800239 1.471498
v -0.1021043 0.09144095 1.490535
v -0.1050155 0.08195511 1.507674
v -0.09729597 0.09356704 1.513137
v -0.09988007 0.0741702 1.525141
v -0.09984735 0.03279236 1.502179
v -0.09314182 0.02232528 1.477189
v 1.549721E-05 -0.0696218 1.576954
v 1.549721E-05 -0.0672667 1.552192
v -0.01535809 -0.06834614 1.573029
v -0.02297947 -0.06429014 1.551734
v -0.038582 -0.06167334 1.565603
v -0.04509124 -0.05506599 1.549706
v -0.0543808 -0.05696315 1.577183
v -0.06913289 -0.04113162 1.561548
v -0.07135716 -0.05706128 1.609467
v -0.06730112 -0.03655225 1.545552
v -0.07708135 -0.02709916 1.550622
v -0.08502981 -0.01162744 1.5378
v -0.08974001 -0.009468615 1.549347
v -0.09176806 -0.01162744 1.562038
v -0.0254654 -0.06190231 1.552356
v -0.03249797 -0.06268734 1.570052
v -0.02294675 -0.06530413 1.567599
v -0.06023583 -0.04966888 1.577313
v -0.04008666 -0.06216398 1.582187
v -0.04034832 -0.06667793 1.604495
v -0.07142261 -0.05967805 1.632789
v -0.09016529 -0.0474773 1.629714
v -0.1013193 -0.05607998 1.66877
v -0.1073706 -0.06736484 1.009374
v -0.1981401 -0.08178982 0.8642739
v -0.2543682 0.006297499 0.8709468
v -0.1462952 -0.01378629 1.019155
v -0.1740985 0.1689303 0.8687879
v -0.09762308 0.07204404 1.02501
v 1.549721E-05 0.1042632 1.027201
v 1.549721E-05 0.2338264 0.8636198
v -0.2780827 -0.07740673 0.7331406
v -0.1863973 -0.1277797 0.7722287
v -0.1415522 -0.1186537 0.8627692
v -0.3244324 -0.0105153 0.731178
v -0.3413433 0.06592736 0.7259772
v -0.3256754 0.149468 0.7155755
v -0.2789659 0.2234247 0.6991224
v -0.204355 0.2834798 0.6836507
v -0.1084827 0.3210306 0.6695529
v 1.549721E-05 0.3326752 0.6653006
v -0.05709574 0.3481469 0.6146005
v -0.1639257 0.3211287 0.6295161
v -0.2524383 0.2685969 0.6504831
v -0.3161241 0.1987289 0.6690295
v -0.3490956 0.1168237 0.6850899
v -0.3483105 0.03305408 0.6965057
v -0.3156989 -0.04191667 0.7017065
v -0.06592736 -0.08146274 1.003388
v -0.04420808 -0.06566393 1.044668
v -0.08339432 -0.05892572 1.055789
v -0.102366 -0.01901984 1.064458
v -0.06308159 0.04044643 1.068317
v 1.549721E-05 0.0584695 1.067598
v -0.07057211 -0.05784631 1.077149
v -0.08385226 -0.02245438 1.081041
v -0.05012855 0.02775505 1.084182
v 1.549721E-05 0.04394642 1.085523
v -0.0332503 -0.07757029 1.021542
v -0.0240916 -0.06971994 1.042477
v -0.2533214 -0.1045558 0.7046504
v -0.2030466 -0.129775 0.7362154
v -0.126702 0.3483759 0.5644892
v -0.2292798 0.2388965 0.6838797
v -0.2736342 0.2546953 0.5996848
v -0.1173144 0.3116102 0.6652352
v 1.549721E-05 0.3530534 0.5647509
v 1.549721E-05 0.3206708 0.6604923
v -0.3584505 0.1071089 0.6391329
v -0.3146195 0.1037398 0.7113559
v -0.3117737 -0.04607078 0.6675576
v -0.2840686 -0.03936529 0.7277762
v -0.1167583 -0.1124389 0.8493583
v -0.1391971 -0.1472747 0.6880993
v -0.2840686 -0.03936529 0.7277762
v -0.3117737 -0.04607078 0.6675576
v 1.549721E-05 -0.1892086 0.6893423
v 1.549721E-05 -0.1220882 0.9029696
v -0.2946011 -0.0762946 0.6933656
v -0.2780827 -0.07564041 0.7260098
v -0.2614988 -0.09222424 0.7106036
v -0.3027131 -0.05359405 0.7075288
v -0.3428153 -0.006949961 0.6892442
v -0.3244324 -0.01012281 0.7236547
v -0.3185447 -0.03151497 0.7075943
v -0.3604786 0.07384309 0.6798238
v -0.3413433 0.0663853 0.7176362
v -0.34589 0.04388097 0.7012159
v -0.3444181 0.1625846 0.6627165
v -0.3256754 0.1500568 0.7064822
v -0.3410816 0.1279777 0.689146
v -0.2939142 0.2397796 0.6447262
v -0.2789659 0.2241116 0.6893749
v -0.3029421 0.2068409 0.6735761
v -0.2157052 0.3037598 0.6232032
v -0.204355 0.2841994 0.6734453
v -0.2358544 0.2739286 0.6545064
v -0.1151882 0.3454975 0.6008952
v -0.1084827 0.3218156 0.6590531
v -0.1446597 0.3214558 0.6354693
v 1.549721E-05 0.3592028 0.592456
v 1.549721E-05 0.333493 0.6547353
v -0.03861472 0.3431424 0.6252966
v -0.3463152 0.09840813 0.6946412
v -0.3413433 0.0663853 0.7176362
v -0.3604786 0.07384309 0.6798238
v -0.3400349 0.01722255 0.7036692
v -0.3244324 -0.01012281 0.7236547
v -0.3428153 -0.006949961 0.6892442
v -0.3198858 0.1815563 0.6788424
v -0.3256754 0.1500568 0.7064822
v -0.3444181 0.1625846 0.6627165
v -0.2617606 0.2525364 0.6617025
v -0.2789659 0.2241116 0.6893749
v -0.2939142 0.2397796 0.6447262
v -0.07528231 0.3380724 0.6287966
v -0.1084827 0.3218156 0.6590531
v -0.1151882 0.3454975 0.6008952
v -0.1779582 0.3073906 0.6437122
v -0.204355 0.2841994 0.6734453
v -0.2157052 0.3037598 0.6232032
v -0.09543154 -0.0780282 0.988669
v -0.03400263 -0.06586018 1.043785
v -0.04554918 -0.09385973 0.9844495
v -0.07266554 -0.06137896 1.052911
v 1.549721E-05 -0.10014 0.9828141
v 1.549721E-05 -0.07129002 1.040514
v 1.549721E-05 -0.1425645 0.8814466
v -0.09840813 -0.13913 0.8239429
v -0.1507764 -0.1091025 0.8624749
v -0.1969626 -0.1236583 0.7409256
v -0.08568403 -0.0004079938 1.199549
v -0.04891828 0.03786239 1.179432
v -0.05496958 0.0627872 1.229544
v -0.092226 0.02451682 1.250282
v 1.549721E-05 0.07099733 1.228301
v -0.05765179 0.08457187 1.271674
v -0.08875874 0.0722076 1.27923
v -0.06193677 0.0900344 1.333659
v -0.08957651 0.08630553 1.325383
v -0.0933381 0.0627872 1.356686
v -0.06785724 0.0655348 1.361429
v -0.03082982 0.0845392 1.365911
v -0.04172215 0.06478253 1.372845
v 1.549721E-05 0.09274933 1.359401
v 1.549721E-05 0.09791747 1.325645
v 1.549721E-05 0.09019795 1.272328
v 1.549721E-05 0.04620335 1.178418
v -0.1011557 0.08610925 1.316617
v -0.09124467 0.04532018 1.28744
v -0.06779179 0.02131125 1.340691
v -0.04005393 0.04875472 1.368004
v -0.0416567 0.01153105 1.343504
v -0.0890204 0.02291405 1.334542
v -0.1131929 0.06242743 1.342621
v -0.1085481 0.02818033 1.335621
v -0.09314182 0.02402616 1.295617
v -0.08607653 0.01539081 1.290678
v -0.09124467 0.04532018 1.28744
v -0.06795534 -0.03818774 1.301996
v -0.07358143 -0.02019739 1.30265
v -0.08898774 -0.01574886 1.261436
v -0.09291288 -0.04558015 1.261403
v -0.09039423 -0.0266085 1.229216
v -0.09461376 -0.05572018 1.23252
v -0.08578214 -0.0332813 1.215511
v -0.09281477 -0.06651437 1.260291
v -0.092226 0.02451682 1.250282
v -0.08568403 -0.0004079938 1.199549
v -0.1379869 0.0311242 1.299215
v -0.1434494 0.06445542 1.304514
v -0.1256226 0.08548775 1.286753
v -0.1091696 0.0724366 1.26801
v -0.1135527 0.03890911 1.273604
v -0.1456083 0.07260016 1.229871
v -0.1503185 0.04538563 1.233829
v -0.1630426 0.08519337 1.245768
v -0.18136 0.06488064 1.263562
v -0.1756358 0.03570357 1.257805
v -0.1503185 0.04538563 1.233829
v -0.1135527 0.03890911 1.273604
v -0.03269425 -0.07524788 1.20488
v -0.03907266 -0.07191148 1.161507
v -0.07034317 -0.05006137 1.161376
v -0.06893662 -0.05483702 1.199287
v -0.07819352 -0.01283771 1.16069
v -0.07341787 -0.05630895 1.096055
v -0.04011938 -0.06798631 1.092294
v -0.07564214 -0.02111328 1.113228
v -0.09471193 -0.02310857 1.082808
v -0.04564729 -0.07151899 1.038715
v -0.09045967 -0.0608229 1.060761
v -0.04852578 -0.07979453 1.024126
v -0.08568403 -0.0004079938 1.199549
v -0.08578214 -0.0332813 1.215511
v -0.0251056 0.07547858 1.381611
v -0.03082982 0.0845392 1.365911
v 1.549721E-05 0.09274933 1.359401
v 1.549721E-05 0.08748308 1.381873
v -0.04172215 0.06478253 1.372845
v -0.03027371 0.05140421 1.376639
v -0.04005393 0.04875472 1.368004
v -0.01866177 0.03364286 1.369999
v -0.0416567 0.01153105 1.343504
v -0.01781133 0.001947105 1.342817
v 1.549721E-05 0.02337196 1.366172
v 1.549721E-05 -0.003122926 1.339481
v -0.01781133 0.001947105 1.342817
v -0.01866177 0.03364286 1.369999
v -0.01872718 -0.05601457 1.296042
v -0.03547457 -0.06206587 1.297613
v -0.0513061 -0.09121025 1.26438
v -0.02899805 -0.09892973 1.25702
v -0.03243259 -0.09709799 1.223263
v -0.0678899 -0.08394867 1.219862
v -0.06893662 -0.05483702 1.199287
v -0.03269425 -0.07524788 1.20488
v 1.549721E-05 -0.05526224 1.291071
v 1.549721E-05 -0.07550955 1.20439
v 1.549721E-05 -0.0907523 1.223329
v 1.549721E-05 -0.09130836 1.25352
v -0.04653046 0.022129 1.112901
v -0.03573623 0.04296508 1.085523
v 1.549721E-05 0.05196026 1.079439
v 1.549721E-05 0.0334793 1.122386
v -0.07858601 0.01647022 1.082906
v -0.05251637 0.0500631 1.074172
v 1.549721E-05 0.07695052 1.057327
v -0.09471193 -0.02310857 1.082808
v -0.07564214 -0.02111328 1.113228
v -0.07819352 -0.01283771 1.16069
v -0.04891828 0.03786239 1.179432
v -0.08568403 -0.0004079938 1.199549
v -0.09471193 -0.02310857 1.082808
v -0.09795019 -0.02310857 1.079111
v -0.07858601 0.01647022 1.082906
v -0.09323999 -0.06137896 1.056182
v -0.09045967 -0.0608229 1.060761
v -0.05271259 -0.08460286 1.018337
v -0.04852578 -0.07979453 1.024126
v -0.08205327 0.01889074 1.080093
v -0.05251637 0.0500631 1.074172
v -0.0567359 0.05179676 1.072537
v 1.549721E-05 0.07695052 1.057327
v 1.549721E-05 0.08274016 1.052617
v 1.549721E-05 0.0334793 1.122386
v -0.08578214 -0.0332813 1.215511
v -0.0678899 -0.08394867 1.219862
v -0.06893662 -0.05483702 1.199287
v -0.09461376 -0.05572018 1.23252
v -0.01781133 0.001947105 1.342817
v -0.03547457 -0.06206587 1.297613
v -0.04904911 -0.05091184 1.303598
v -0.07587108 -0.09435037 1.26101
v -0.04767528 -0.1058969 1.257609
v -0.07910934 -0.08990183 1.229249
v -0.0483295 -0.1042941 1.226534
v -0.04417536 -0.09032708 1.201904
v -0.06455353 -0.07613105 1.203016
v -0.09281477 -0.06651437 1.260291
v -0.09461376 -0.05572018 1.23252
v -0.08516064 -0.04751003 1.210539
v -0.06795534 -0.03818774 1.301996
v -0.0416567 0.01153105 1.343504
v -0.04407725 -0.08355615 1.164746
v -0.0644227 -0.06710315 1.172236
v -0.04348847 -0.08496267 1.182409
v -0.08215138 -0.03910363 1.194152
v -0.08457187 -0.03566909 1.181002
v 1.549721E-05 0.08748308 1.381873
v 1.549721E-05 0.07901123 1.415302
v -0.01859635 0.07050672 1.412751
v -0.0251056 0.07547858 1.381611
v -0.03027371 0.05140421 1.376639
v -0.02693734 0.05032483 1.403167
v -0.01669919 0.03210548 1.390933
v -0.01866177 0.03364286 1.369999
v 1.549721E-05 0.02517101 1.386321
v 1.549721E-05 0.02337196 1.366172
v 1.549721E-05 0.01980662 1.403788
v -0.01627398 0.02585793 1.411541
v -0.02997932 0.04692301 1.432769
v -0.01961035 0.0663853 1.440423
v 1.549721E-05 0.0747917 1.440521
v 1.549721E-05 -0.07953286 1.161769
v -0.01529267 -0.07799551 1.161573
v 1.549721E-05 -0.07550955 1.20439
v -0.03269425 -0.07524788 1.20488
v -0.03907266 -0.07191148 1.161507
v -0.01512912 -0.07475725 1.090331
v -0.04011938 -0.06798631 1.092294
v -0.016045 -0.07639274 1.030832
v -0.04564729 -0.07151899 1.038715
v -0.04852578 -0.07979453 1.024126
v -0.01529267 -0.07799551 1.161573
v 1.549721E-05 -0.07953286 1.161769
v 1.549721E-05 -0.07456097 1.089775
v -0.01512912 -0.07475725 1.090331
v -0.016045 -0.07639274 1.030832
v 1.549721E-05 -0.07757029 1.028804
v -0.016045 -0.07639274 1.030832
v -0.05271259 -0.08460286 1.018337
v -0.04852578 -0.07979453 1.024126
v -0.2685315 0.06174049 1.173381
v -0.238046 0.06160966 1.201053
v -0.2312751 0.04015204 1.194381
v -0.2602886 0.03936705 1.165007
v -0.1756358 0.03570357 1.257805
v -0.18136 0.06488064 1.263562
v -0.2208079 0.08300182 1.182343
v -0.1630426 0.08519337 1.245768
v -0.2035699 0.07430103 1.166119
v -0.1456083 0.07260016 1.229871
v -0.1503185 0.04538563 1.233829
v -0.2089997 0.04865661 1.172105
v -0.2089997 0.04865661 1.172105
v -0.1503185 0.04538563 1.233829
v -0.2352656 0.04800239 1.141227
v -0.2300648 0.07724491 1.133802
v -0.2352656 0.04800239 1.141227
v -0.2492327 0.08561859 1.154933
v -0.2492327 0.08561859 1.154933
v -0.2950263 0.0634087 1.143255
v -0.2754332 0.08695969 1.126541
v -0.2492327 0.08561859 1.154933
v -0.2685315 0.06174049 1.173381
v -0.286947 0.03956327 1.134326
v -0.2602886 0.03936705 1.165007
v -0.2300648 0.07724491 1.133802
v -0.2574756 0.07871684 1.105345
v -0.2625783 0.04868934 1.111854
v -0.2352656 0.04800239 1.141227
v -0.2352656 0.04800239 1.141227
v -0.2625783 0.04868934 1.111854
v -0.03953061 0.02392805 1.359369
v -0.01849821 0.02297947 1.39391
v -0.005937696 0.01087686 1.389756
v -0.03328303 0.00619936 1.348345
v -0.03230175 0.05202571 1.401858
v -0.04751179 0.05402097 1.369541
v -0.005610585 0.007671297 1.386943
v -0.03230175 0.002470464 1.34743
v -0.03328303 0.00619936 1.348345
v -0.005937696 0.01087686 1.389756
v -0.09183344 0.08009067 1.350602
v -0.047708 0.09870252 1.336406
v -0.03168026 0.08486626 1.371896
v 1.549721E-05 0.1048519 1.339285
v 1.549721E-05 0.09513715 1.371406
v -0.09229138 0.0550023 1.361135
v -0.04882017 0.05559108 1.369574
v -0.09899691 0.09225866 1.324925
v -0.1130621 0.1458045 1.205469
v 1.549721E-05 0.1659537 1.212109
v -0.1534586 0.2188454 1.037963
v 1.549721E-05 0.2404011 1.10855
v -0.08041778 -0.01983759 1.314851
v -0.1061276 0.01437679 1.32136
v -0.05604902 0.001521856 1.342556
v -0.09216055 0.02317572 1.346383
v -0.09180072 0.03599796 1.355443
v -0.0513061 0.03315219 1.359794
v -0.04882017 0.05559108 1.369574
v -0.09229138 0.0550023 1.361135
v -0.1119172 0.01709169 1.293197
v -0.101352 -0.01901984 1.265295
v -0.1178377 0.02222714 1.245244
v -0.1234311 0.02193275 1.186988
v -0.1102163 -0.009174228 1.181297
v -0.1151882 -0.000636965 1.142928
v -0.1238563 0.01620853 1.14669
v -0.121861 0.003909677 1.112475
v -0.1128004 -0.005281746 1.141881
v -0.1215666 0.0003770292 1.103153
v -0.1151882 -0.000636965 1.142928
v -0.1102163 -0.009174228 1.181297
v -0.1079594 -0.0144732 1.180348
v -0.101352 -0.01901984 1.265295
v -0.121861 0.003909677 1.112475
v -0.03092793 0.08316538 1.37134
v -0.04950705 0.04011938 1.360055
v -0.04878744 0.02755883 1.388971
v -0.02543268 0.08143178 1.403788
v -0.05320325 -0.009206921 1.337191
v -0.05706301 -0.01489842 1.367742
v -0.03092793 0.08316538 1.37134
v -0.02543268 0.08143178 1.403788
v 1.549721E-05 0.0953007 1.405457
v 1.549721E-05 0.09291288 1.370555
v -0.09320727 -0.02163664 1.311841
v -0.0861747 -0.01110408 1.327444
v -0.07574025 -0.0172208 1.328294
v -0.1046884 -0.00338459 1.311383
v -0.1049828 -0.02824399 1.265688
v -0.09310916 -0.03678122 1.263725
v -0.1057678 -0.01803854 1.190848
v -0.1091369 -0.01862732 1.195918
v -0.0708665 -0.03059909 1.311874
v -0.1102163 -0.01107138 1.266342
v -0.09958568 0.002143353 1.327804
v -0.06435725 -0.02330482 1.321949
v -0.05627796 -0.01421151 1.334411
v -0.1534586 0.2188454 1.037963
v -0.1130621 0.1458045 1.205469
v -0.1235619 0.1435148 1.204684
v -0.1505148 0.1985653 1.095564
v -0.1701079 0.2188454 1.017127
v 1.549721E-05 0.2404011 1.10855
v 1.549721E-05 0.2484477 1.096971
v -0.1071089 0.09232411 1.319266
v -0.09899691 0.09225866 1.324925
v -0.1442999 0.02824572 1.306771
v -0.1558791 0.05532941 1.318449
v -0.1286646 0.05415186 1.352467
v -0.1246741 0.03468952 1.34756
v -0.09180072 0.03599796 1.355443
v -0.09229138 0.0550023 1.361135
v -0.09216055 0.02317572 1.346383
v -0.109693 0.01826927 1.326397
v -0.1887851 0.02291405 1.238997
v -0.2086726 0.05824056 1.259898
v -0.1878692 0.09418854 1.24181
v -0.1442344 0.081857 1.307524
v -0.2237845 0.109922 1.190619
v -0.2554475 0.06121716 1.214955
v -0.2270228 0.02327386 1.184699
v -0.1246741 0.09454837 1.287505
v -0.138085 0.1191788 1.201937
v -0.1400803 0.1545707 1.130368
v -0.1441691 0.01535809 1.199614
v -0.147669 0.03282508 1.116859
v -0.1108051 0.0885298 1.325318
v -0.1243142 0.07469353 1.347331
v -0.09183344 0.08009067 1.350602
v -0.1254264 0.01404971 1.28708
v -0.09183344 0.08009067 1.350602
v -0.1108051 0.0885298 1.325318
v -0.09899691 0.09225866 1.324925
v -0.1071089 0.09232411 1.319266
v -0.1189498 0.09752497 1.281618
v -0.1246741 0.09454837 1.287505
v -0.1300711 0.1223516 1.195656
v -0.138085 0.1191788 1.201937
v -0.1400803 0.1545707 1.130368
v -0.1321973 0.1633042 1.116499
v -0.03488579 0.08990356 1.374971
v 1.549721E-05 0.1031837 1.372943
v 1.549721E-05 0.0953007 1.405457
v -0.02543268 0.08143178 1.403788
v -0.04878744 0.02755883 1.388971
v -0.06756285 0.02981582 1.365289
v -0.07250199 -0.006524712 1.350897
v -0.08820269 0.002208769 1.343112
v -0.05706301 -0.01489842 1.367742
v -0.09958568 0.002143353 1.327804
v -0.1046884 -0.00338459 1.311383
v -0.1036744 0.006068528 1.327902
v -0.1077958 0.001554579 1.311252
v -0.1117537 -0.005085498 1.266604
v -0.1102163 -0.01107138 1.266342
v -0.1079594 -0.0144732 1.180348
v -0.1091369 -0.01862732 1.195918
v -0.1057678 -0.01803854 1.190848
v -0.07462814 -0.01201996 1.347789
v -0.0976558 0.0008022487 1.336832
v -0.08820269 0.002208769 1.343112
v -0.07250199 -0.006524712 1.350897
v -0.05706301 -0.01489842 1.367742
v -0.05882934 -0.02039364 1.364668
v -0.0700815 0.04087171 1.363392
v -0.06756285 0.02981582 1.365289
v -0.03488579 0.08990356 1.374971
v -0.03675029 0.09140822 1.368625
v 1.549721E-05 0.1043613 1.365845
v 1.549721E-05 0.1031837 1.372943
v -0.2554475 0.06121716 1.214955
v -0.2628727 0.06174049 1.208184
v -0.2294433 0.1126696 1.182932
v -0.2237845 0.109922 1.190619
v -0.2331395 0.02363366 1.176194
v -0.2270228 0.02327386 1.184699
v -0.147669 0.03282508 1.116859
v -0.1373654 0.03956327 1.095139
v -0.1400803 0.1545707 1.130368
v -0.1321973 0.1633042 1.116499
v -0.147669 0.03282508 1.116859
v -0.1441691 0.01535809 1.199614
v -0.1366785 0.01542351 1.193334
v -0.1373654 0.03956327 1.095139
v -0.1254264 0.01404971 1.28708
v -0.1204545 0.01117125 1.28201
v -0.1061276 0.01437679 1.32136
v -0.109693 0.01826927 1.326397
v -0.09216055 0.02317572 1.346383
v -0.1057678 -0.01803854 1.190848
v -0.10845 -0.007146209 1.181493
v -0.1079594 -0.0144732 1.180348
v -0.1128004 -0.005281746 1.141881
v -0.1131929 0.0007041395 1.142765
v -0.121861 0.003909677 1.112475
v -0.1215666 0.0003770292 1.103153
v -0.05320325 -0.009206921 1.337191
v -0.05860034 -0.01107138 1.332285
v -0.05627796 -0.01421151 1.334411
v -0.06435725 -0.02330482 1.321949
v -0.05627796 -0.01421151 1.334411
v -0.05882934 -0.02039364 1.364668
v -0.05706301 -0.01489842 1.367742
v -0.05320325 -0.009206921 1.337191
v -0.1079594 -0.0144732 1.180348
v -0.101352 -0.01901984 1.265295
v -0.1117537 -0.005085498 1.266604
v -0.08041778 -0.01983759 1.314851
v -0.1077958 0.001554579 1.311252
v -0.09958568 0.002143353 1.327804
v -0.0861747 -0.01110408 1.327444
v -0.07574025 -0.0172208 1.328294
v -0.05627796 -0.01421151 1.334411
v -0.1036744 0.006068528 1.327902
v -0.08041778 -0.01983759 1.314851
v -0.05604902 0.001521856 1.342556
v -0.05627796 -0.01421151 1.334411
v -0.05882934 -0.02039364 1.364668
v -0.05627796 -0.01421151 1.334411
v -0.05604902 0.001521856 1.342556
v -0.05474064 -0.002272457 1.36277
v -0.0513061 0.03315219 1.359794
v -0.04882017 0.05559108 1.369574
v -0.05474064 -0.002272457 1.36277
v -0.05604902 0.001521856 1.342556
v -0.1406037 0.05470791 1.352401
v -0.1255245 0.07871684 1.354266
v -0.1268001 0.07871684 1.3647
v -0.1418793 0.05467519 1.362836
v -0.1262768 0.03099337 1.3647
v -0.1250338 0.03099337 1.354266
v -0.1406037 0.05470791 1.352401
v -0.1418793 0.05467519 1.362836
v -0.1268001 0.07871684 1.3647
v -0.119604 0.05490413 1.365551
v -0.1418793 0.05467519 1.362836
v -0.09948751 0.08218411 1.368037
v -0.09922585 0.05513313 1.368037
v -0.1418793 0.05467519 1.362836
v -0.119604 0.05490413 1.365551
v -0.1262768 0.03099337 1.3647
v -0.09893146 0.02808216 1.368037
v -0.09922585 0.05513313 1.368037
v -0.09948751 0.08218411 1.368037
v -0.1268001 0.07871684 1.3647
v -0.1255245 0.07871684 1.354266
v -0.09821185 0.08221677 1.357569
v -0.1262768 0.03099337 1.3647
v -0.09893146 0.02808216 1.368037
v -0.0976558 0.02808216 1.357569
v -0.1250338 0.03099337 1.354266
v -0.09893146 0.07672158 1.358616
v -0.05065188 0.07315621 1.364471
v -0.0516986 0.07312348 1.372976
v -0.09994546 0.07672158 1.367121
v -0.09847352 0.03354469 1.358616
v -0.09952024 0.03354469 1.367121
v -0.05133882 0.03812405 1.372976
v -0.0502921 0.03812405 1.364471
v -0.09994546 0.07672158 1.367121
v -0.0516986 0.07312348 1.372976
v -0.05133882 0.03812405 1.372976
v -0.09952024 0.03354469 1.367121
v -0.03789511 0.05578735 1.374644
v -0.05133882 0.03812405 1.372976
v -0.03789511 0.05578735 1.374644
v -0.0368484 0.05578735 1.366139
v -0.0502921 0.03812405 1.364471
v -0.0368484 0.05578735 1.366139
v -0.03789511 0.05578735 1.374644
v -0.0516986 0.07312348 1.372976
v -0.05065188 0.07315621 1.364471
v -0.1417812 0.081857 1.333135
v -0.1474073 0.09337083 1.315472
v -0.1338001 0.1065855 1.312168
v -0.1255572 0.08941296 1.335392
v -0.1144686 0.1079594 1.307655
v -0.109235 0.09409043 1.334607
v -0.1302674 0.07629636 1.353775
v -0.1163003 0.07861874 1.356261
v -0.1382159 0.05510041 1.352663
v -0.1470148 0.05529669 1.338336
v -0.09912774 0.07920751 1.360284
v -0.1616033 0.05575463 1.320379
v -0.1552249 0.08385226 1.317337
v -0.1529352 0.02801678 1.317075
v -0.1616033 0.05575463 1.320379
v -0.141356 0.02997932 1.333332
v -0.1470148 0.05529669 1.338336
v -0.1382159 0.05510041 1.352663
v -0.1295151 0.03390452 1.353808
v -0.1156789 0.03148398 1.356327
v -0.1248049 0.02091876 1.335294
v -0.1450522 0.01836738 1.315276
v -0.1316412 0.004956394 1.311907
v -0.09876791 0.03096065 1.360317
v -0.1091042 0.01611042 1.334476
v -0.1129639 0.002961099 1.30736
v -0.1461971 0.09029612 1.314393
v -0.1324262 0.1039033 1.310991
v -0.1338001 0.1065855 1.312168
v -0.1474073 0.09337083 1.315472
v -0.1144686 0.1079594 1.307655
v -0.1109032 0.1043286 1.306281
v -0.1474073 0.09337083 1.315472
v -0.1417812 0.081857 1.333135
v -0.1406364 0.07943645 1.330878
v -0.1461971 0.09029612 1.314393
v -0.1536222 0.08385226 1.316192
v -0.1552249 0.08385226 1.317337
v -0.1616033 0.05575463 1.320379
v -0.1596408 0.05572191 1.319037
v -0.1515941 0.02788594 1.31593
v -0.1596408 0.05572191 1.319037
v -0.1616033 0.05575463 1.320379
v -0.1529352 0.02801678 1.317075
v -0.1515941 0.02788594 1.31593
v -0.1529352 0.02801678 1.317075
v -0.141356 0.02997932 1.333332
v -0.1402766 0.03230175 1.331009
v -0.1441036 0.02124584 1.314229
v -0.1450522 0.01836738 1.315276
v -0.1316412 0.004956394 1.311907
v -0.1304636 0.007475048 1.310729
v -0.1129639 0.002961099 1.30736
v -0.1094313 0.00652647 1.305986
v -0.09912774 0.07920751 1.360284
v -0.109235 0.09409043 1.334607
v -0.1063566 0.09023067 1.334247
v -0.09605303 0.07708135 1.360448
v -0.1144686 0.1079594 1.307655
v -0.1109032 0.1043286 1.306281
v -0.1063239 0.01915243 1.334117
v -0.1094313 0.00652647 1.305986
v -0.1129639 0.002961099 1.30736
v -0.1091042 0.01611042 1.334476
v -0.09582403 0.03318492 1.360513
v -0.09876791 0.03096065 1.360317
v -0.1402766 0.03230175 1.331009
v -0.141356 0.02997932 1.333332
v -0.1450522 0.01836738 1.315276
v -0.1441036 0.02124584 1.314229
v -0.1417812 0.081857 1.333135
v -0.1552249 0.08385226 1.317337
v -0.1536222 0.08385226 1.316192
v -0.1406364 0.07943645 1.330878
v -0.1076977 0.006133944 1.293491
v -0.1298422 0.02376449 1.293099
v -0.1272254 0.02840927 1.321294
v -0.1022352 0.01542351 1.324402
v -0.1162677 0.0006386936 1.201708
v -0.1331458 0.03465685 1.201544
v -0.1313141 -0.02412257 1.073485
v -0.1508418 0.01123667 1.075742
v -0.2106025 -0.05235106 0.9059461
v -0.1857431 -0.08699068 0.8995023
v -0.2556111 -0.155812 0.6426982
v -0.2924423 -0.1291535 0.652969
v -0.3380724 -0.1504476 0.4521639
v -0.2964002 -0.1719379 0.4442809
v -0.09909502 0.02458224 1.34357
v -0.3186428 -0.1579054 0.4306736
v -0.05290887 0.06259093 1.374121
v -0.04100254 0.05572191 1.37556
v -0.05689946 0.05555835 1.37363
v -0.05277804 0.04865661 1.374121
v -0.04482958 0.06259093 1.375102
v -0.04469875 0.04878744 1.375102
v -0.05267993 0.06259093 1.372289
v -0.05290887 0.06259093 1.374121
v -0.05689946 0.05555835 1.37363
v -0.05670318 0.05559108 1.371798
v -0.05277804 0.04865661 1.374121
v -0.05254903 0.04865661 1.372289
v -0.05670318 0.05559108 1.371798
v -0.05689946 0.05555835 1.37363
v -0.0446333 0.06259093 1.37327
v -0.04077354 0.05575463 1.373728
v -0.04100254 0.05572191 1.37556
v -0.04482958 0.06259093 1.375102
v -0.04446974 0.04882017 1.37327
v -0.04469875 0.04878744 1.375102
v -0.04100254 0.05572191 1.37556
v -0.04077354 0.05575463 1.373728
v -0.05290887 0.06259093 1.374121
v -0.05267993 0.06259093 1.372289
v -0.0446333 0.06259093 1.37327
v -0.04482958 0.06259093 1.375102
v -0.05254903 0.04865661 1.372289
v -0.05277804 0.04865661 1.374121
v -0.04469875 0.04878744 1.375102
v -0.04446974 0.04882017 1.37327
v -0.3157643 -0.1584942 0.4387529
v -0.3120027 -0.1552232 0.3651233
v -0.3280305 -0.1500551 0.3663663
v -0.3215213 -0.1581016 0.4389492
v -0.2999328 0.02746066 1.096906
v -0.3161568 0.03308675 1.10227
v -0.3117737 0.0319092 1.117415
v -0.2901853 0.02706817 1.143419
v -0.2690548 0.02049351 1.113032
v -0.247172 0.01267588 1.119868
v -0.2648025 0.01751694 1.172661
v -0.3067692 0.06631985 1.168703
v -0.3288809 0.06700674 1.135601
v -0.2703959 0.0653713 1.218717
v -0.2954516 0.101123 1.096055
v -0.3077177 0.09906229 1.116172
v -0.3122317 0.09791747 1.101256
v -0.2856714 0.1019081 1.14198
v -0.2639848 0.103936 1.11156
v -0.2413169 0.1089406 1.118167
v -0.2593727 0.1092677 1.170764
v -0.3288809 0.06700674 1.135601
v -0.3067692 0.06631985 1.168703
v -0.2703959 0.0653713 1.218717
v -0.3425536 0.04734823 1.069953
v -0.3696373 0.0452548 1.041528
v -0.391193 0.06913289 1.041822
v -0.3557029 0.06775907 1.081925
v -0.3182503 0.06641796 1.132756
v -0.3059841 0.03625962 1.116466
v -0.336535 0.04515669 1.038977
v -0.3262314 0.04610524 1.047808
v -0.3283903 0.06520775 1.034397
v -0.3200166 0.06484792 1.047808
v -0.2834798 0.06275448 1.077247
v -0.2864891 0.03714278 1.085392
v -0.2477608 0.06059566 1.095335
v -0.2535177 0.02994666 1.109401
v -0.3262314 0.04610524 1.047808
v -0.3425536 0.04734823 1.069953
v -0.2864891 0.03714278 1.085392
v -0.3059841 0.03625962 1.116466
v -0.2535177 0.02994666 1.109401
v -0.336535 0.04515669 1.038977
v -0.3696373 0.0452548 1.041528
v -0.3404929 0.0861747 1.070443
v -0.3557029 0.06775907 1.081925
v -0.391193 0.06913289 1.041822
v -0.3668896 0.09019795 1.040743
v -0.3182503 0.06641796 1.132756
v -0.3024842 0.09402499 1.115452
v -0.3340491 0.08620736 1.038257
v -0.3283903 0.06520775 1.034397
v -0.3239091 0.08434293 1.047154
v -0.3200166 0.06484792 1.047808
v -0.2834798 0.06275448 1.077247
v -0.2833163 0.08944562 1.084476
v -0.2497233 0.09268388 1.108321
v -0.2477608 0.06059566 1.095335
v -0.3239091 0.08434293 1.047154
v -0.2833163 0.08944562 1.084476
v -0.3404929 0.0861747 1.070443
v -0.3024842 0.09402499 1.115452
v -0.2497233 0.09268388 1.108321
v -0.3340491 0.08620736 1.038257
v -0.3668896 0.09019795 1.040743
v -0.3517778 0.03763345 1.051635
v -0.3693429 0.04689029 1.056509
v -0.33225 0.03475496 1.082611
v -0.3296333 0.04057732 1.086537
v -0.3518431 0.05761907 1.094125
v -0.3937443 0.0638012 1.043392
v -0.3893285 0.05156776 1.024094
v -0.4011694 0.0698525 1.047318
v -0.3664971 0.06887123 1.112214
v -0.3417686 0.06743202 1.115943
v -0.4045058 0.06350681 1.00836
v -0.4178841 0.06988522 0.9910569
v -0.3734643 0.04705384 1.041103
v -0.3482451 0.09598759 1.050621
v -0.3284557 0.09752497 1.081532
v -0.3452358 0.09202972 1.075612
v -0.3265258 0.09157178 1.085621
v -0.3506002 0.0776374 1.093798
v -0.3706513 0.08872601 1.052453
v -0.3930902 0.0747917 1.043196
v -0.3872678 0.08574942 1.023505
v -0.4011694 0.0698525 1.047318
v -0.3664971 0.06887123 1.112214
v -0.3417686 0.06743202 1.115943
v -0.4178841 0.06988522 0.9910569
v -0.4037862 0.0751842 1.008131
v -0.3709129 0.08888957 1.04035
v -0.3468386 0.08990356 1.019841
v -0.3645673 0.09258577 1.033841
v -0.4047348 0.1110341 0.9816037
v -0.3611982 0.1027585 0.9601789
v -0.3407219 0.08378688 1.045748
v -0.3737914 0.08280554 1.041593
v -0.3559319 0.07760474 1.059976
v -0.375754 0.05578735 1.043196
v -0.4160851 0.08830079 0.9904027
v -0.4174262 0.05277804 0.9903046
v -0.3982256 0.01503098 0.9778422
v -0.3645345 0.04011938 1.034005
v -0.3504039 0.04689029 1.054219
v -0.3569459 0.06239471 1.060598
v -0.3646327 0.01539081 0.9626322
v -0.3982256 0.01503098 0.9778422
v -0.3645345 0.04011938 1.034005
v -0.3492591 0.04077354 1.021902
v -0.3504039 0.04689029 1.054219
v -0.3365677 0.05506769 1.041659
v -0.3371238 0.06232926 1.014019
v -0.3371892 0.06291804 0.9527211
v -0.3371238 0.06232926 1.014019
v -0.3365677 0.05506769 1.041659
v -0.3407219 0.08378688 1.045748
v -0.3468386 0.08990356 1.019841
v -0.3611982 0.1027585 0.9601789
v -0.3371892 0.06291804 0.9527211
v -0.4238046 0.04168943 0.9737861
v -0.4129449 0.04240903 0.9633517
v -0.4308372 0.04293242 0.9621087
v -0.4259962 0.04878744 0.9759123
v -0.4319166 0.04976872 0.9637443
v -0.4113095 0.04489496 0.9916784
v -0.397277 0.03452602 0.9873607
v -0.4275989 0.05657235 0.9613237
v -0.3967209 0.03805867 0.9687488
v -0.3939733 0.04711923 1.010912
v -0.3860249 0.03769884 1.004599
v -0.382623 0.02589062 0.9840243
v -0.3774222 0.02991393 0.9979587
v -0.4123234 0.06435725 0.9942298
v -0.3960668 0.06370309 1.014019
v -0.4246223 0.06703946 0.9777768
v -0.3707494 0.02611959 0.981015
v -0.36617 0.03053543 0.9933466
v -0.3881182 0.03043726 0.9623377
v -0.3859921 0.02052623 0.9675059
v -0.376539 0.02000287 0.964889
v -0.4205336 0.08126822 0.9788234
v -0.4052581 0.0872868 0.9955708
v -0.3927958 0.0845392 1.013528
v -0.3833754 0.09497359 1.008557
v -0.4273373 0.07227305 0.9637115
v -0.4315895 0.06347409 0.9652816
v -0.4168047 0.08839896 0.9783655
v -0.4120618 0.09559509 0.9788234
v -0.4203373 0.08882418 0.9652489
v -0.4179495 0.0960857 0.9687161
v -0.4274354 0.08175889 0.9671788
v -0.4123562 0.1019081 0.9665573
v -0.4058143 0.1015809 0.9761086
v -0.3930247 0.0993894 0.9938699
v -0.4062395 0.07361415 0.9600481
v -0.408431 0.05647424 0.9590995
v -0.3928612 0.05310515 0.9693704
v -0.3837679 0.07112822 0.9795431
v -0.3967209 0.03805867 0.9687488
v -0.4129449 0.04240903 0.9633517
v -0.4222018 0.04450247 0.9561557
v -0.4191598 0.05585274 0.9545201
v -0.4203046 0.06465164 0.9540949
v -0.400777 0.0959222 0.9668517
v -0.4113422 0.08630553 0.957922
v -0.4081366 0.09657636 0.9602771
v -0.3845202 0.09379604 0.9860196
v -0.3744456 0.09052506 1.00087
v -0.3715998 0.07057211 0.9943932
v -0.3795156 0.0519276 0.971889
v -0.3666607 0.05745551 0.9887673
v -0.3705204 0.04011938 0.9735899
v -0.3626046 0.04410997 0.9865756
v -0.3881182 0.03043726 0.9623377
v -0.3772259 0.02922699 0.9607676
v -0.4168701 0.07574025 0.9560248
v -0.3930247 0.0993894 0.9938699
v -0.4058143 0.1015809 0.9761086
v -0.400777 0.0959222 0.9668517
v -0.3845202 0.09379604 0.9860196
v -0.4081366 0.09657636 0.9602771
v -0.4123562 0.1019081 0.9665573
v -0.3744456 0.09052506 1.00087
v -0.3833754 0.09497359 1.008557
v -0.4203373 0.08882418 0.9652489
v -0.4113422 0.08630553 0.957922
v -0.4081366 0.09657636 0.9602771
v -0.4168701 0.07574025 0.9560248
v -0.4203046 0.06465164 0.9540949
v -0.4168701 0.07574025 0.9560248
v -0.4273373 0.07227305 0.9637115
v -0.4203046 0.06465164 0.9540949
v -0.4275989 0.05657235 0.9613237
v -0.4191598 0.05585274 0.9545201
v -0.4222018 0.04450247 0.9561557
v -0.4273373 0.07227305 0.9637115
v -0.4315895 0.06347409 0.9652816
v -0.4477481 0.06573108 0.9400297
v -0.4427762 0.07250199 0.9378709
v -0.4564489 0.07377771 0.9209599
v -0.4603414 0.06766096 0.9231515
v -0.4652478 0.07443187 0.9130442
v -0.46793 0.06900206 0.914647
v -0.4725748 0.07145527 0.9083667
v -0.4413043 0.06108633 0.9353849
v -0.4477481 0.06573108 0.9400297
v -0.4315895 0.06347409 0.9652816
v -0.4275989 0.05657235 0.9613237
v -0.4603414 0.06766096 0.9231515
v -0.4555657 0.06393203 0.918245
v -0.46793 0.06900206 0.914647
v -0.4648226 0.06605819 0.9107872
v -0.4725748 0.07145527 0.9083667
v -0.4652478 0.07443187 0.9130442
v -0.4725748 0.07145527 0.9083667
v -0.461617 0.07031044 0.908661
v -0.4515751 0.06880578 0.9156936
v -0.4564489 0.07377771 0.9209599
v -0.4364633 0.06661424 0.9327027
v -0.4427762 0.07250199 0.9378709
v -0.4273373 0.07227305 0.9637115
v -0.4203046 0.06465164 0.9540949
v -0.461617 0.07031044 0.908661
v -0.4725748 0.07145527 0.9083667
v -0.4648226 0.06605819 0.9107872
v -0.4555657 0.06393203 0.918245
v -0.4515751 0.06880578 0.9156936
v -0.4364633 0.06661424 0.9327027
v -0.4413043 0.06108633 0.9353849
v -0.4275989 0.05657235 0.9613237
v -0.4203046 0.06465164 0.9540949
v -0.36617 0.03053543 0.9933466
v -0.3626046 0.04410997 0.9865756
v -0.3705204 0.04011938 0.9735899
v -0.3707494 0.02611959 0.981015
v -0.3772259 0.02922699 0.9607676
v -0.376539 0.02000287 0.964889
v -0.4210897 0.0960857 0.945623
v -0.4253747 0.0902634 0.9479455
v -0.4203373 0.08882418 0.9652489
v -0.4081366 0.09657636 0.9602771
v -0.4445098 0.09170261 0.9250159
v -0.4430706 0.09657636 0.9237729
v -0.4490892 0.09477732 0.9235113
v -0.4081366 0.09657636 0.9602771
v -0.4123562 0.1019081 0.9665573
v -0.4255382 0.1005015 0.9495809
v -0.4210897 0.0960857 0.945623
v -0.4430706 0.09657636 0.9237729
v -0.4463089 0.09840813 0.9266514
v -0.4490892 0.09477732 0.9235113
v -0.4490892 0.09477732 0.9235113
v -0.4463089 0.09840813 0.9266514
v -0.4473229 0.09369794 0.9274365
v -0.4445098 0.09170261 0.9250159
v -0.4255382 0.1005015 0.9495809
v -0.4293652 0.0953007 0.9514781
v -0.4179495 0.0960857 0.9687161
v -0.4253747 0.0902634 0.9479455
v -0.4203373 0.08882418 0.9652489
v -0.4123562 0.1019081 0.9665573
v -0.3772259 0.02922699 0.9607676
v -0.3881182 0.03043726 0.9623377
v -0.3899827 0.02268508 0.9506603
v -0.3812819 0.02157295 0.948109
v -0.3842912 0.01280674 0.9371512
v -0.3917491 0.01319924 0.938983
v -0.3886089 0.004007816 0.933913
v -0.3812819 0.02157295 0.948109
v -0.3809221 0.01346093 0.95138
v -0.376539 0.02000287 0.964889
v -0.3772259 0.02922699 0.9607676
v -0.3842912 0.01280674 0.9371512
v -0.3840295 0.007769436 0.9409456
v -0.3886089 0.004007816 0.933913
v -0.388707 0.01444221 0.9539968
v -0.3859921 0.02052623 0.9675059
v -0.376539 0.02000287 0.964889
v -0.3809221 0.01346093 0.95138
v -0.3899827 0.02268508 0.9506603
v -0.3881182 0.03043726 0.9623377
v -0.3840295 0.007769436 0.9409456
v -0.3907677 0.007540464 0.9429082
v -0.3886089 0.004007816 0.933913
v -0.3917491 0.01319924 0.938983
v -0.4450332 0.05372658 0.9430717
v -0.4376408 0.05768451 0.9395391
v -0.4275989 0.05657235 0.9613237
v -0.4319166 0.04976872 0.9637443
v -0.4308372 0.04293242 0.9621087
v -0.4445098 0.04708651 0.9418614
v -0.4359726 0.04859117 0.9370859
v -0.4222018 0.04450247 0.9561557
v -0.4607666 0.05784807 0.9225299
v -0.4607012 0.05215654 0.9214178
v -0.4656076 0.05771717 0.9114087
v -0.4551405 0.05369392 0.916217
v -0.4563835 0.06059566 0.9184413
v -0.4273373 0.07227305 0.9637115
v -0.4168701 0.07574025 0.9560248
v -0.4307064 0.07940373 0.9360391
v -0.4369212 0.07551131 0.9391465
v -0.4499724 0.0771468 0.9220394
v -0.4449678 0.08090839 0.9187356
v -0.4576919 0.07845518 0.914189
v -0.4538648 0.08215138 0.9112451
v -0.4625984 0.08332893 0.9101003
v -0.4353838 0.08715597 0.9402586
v -0.4307064 0.07940373 0.9360391
v -0.4168701 0.07574025 0.9560248
v -0.4203373 0.08882418 0.9652489
v -0.4493836 0.08718869 0.9231842
v -0.4449678 0.08090839 0.9187356
v -0.4579535 0.08705786 0.9150068
v -0.4538648 0.08215138 0.9112451
v -0.4625984 0.08332893 0.9101003
v -0.4625984 0.08332893 0.9101003
v -0.4579535 0.08705786 0.9150068
v -0.4610937 0.08195511 0.9173619
v -0.4576919 0.07845518 0.914189
v -0.4493836 0.08718869 0.9231842
v -0.4542573 0.08195511 0.926128
v -0.4353838 0.08715597 0.9402586
v -0.4420893 0.08188972 0.9431372
v -0.4203373 0.08882418 0.9652489
v -0.4274354 0.08175889 0.9671788
v -0.4273373 0.07227305 0.9637115
v -0.4369212 0.07551131 0.9391465
v -0.4499724 0.0771468 0.9220394
v -0.4222018 0.04450247 0.9561557
v -0.4275989 0.05657235 0.9613237
v -0.4376408 0.05768451 0.9395391
v -0.4359726 0.04859117 0.9370859
v -0.4563835 0.06059566 0.9184413
v -0.4551405 0.05369392 0.916217
v -0.4656076 0.05771717 0.9114087
v -0.4246223 0.06703946 0.9777768
v -0.4275989 0.05657235 0.9613237
v -0.4315895 0.06347409 0.9652816
v -0.4222018 0.04450247 0.9561557
v -0.05267993 0.06703946 0.07515147
v -0.07760474 0.06785724 0.07511881
v -0.07560942 0.09409043 0.07534775
v -0.05248365 0.09409043 0.07538047
v -0.06422642 0.1412252 0.07547858
v -0.07760474 0.06785724 0.07511881
v -0.06187132 0.06746468 0.003091931
v -0.07560942 0.09409043 0.07534775
v -0.06072649 0.1316085 0.003419042
v -0.06422642 0.1412252 0.07547858
v -0.06422642 0.1412252 0.07547858
v -0.06072649 0.1316085 0.003419042
v -0.05248365 0.09409043 0.07538047
v -0.06187132 0.06746468 0.003091931
v -0.05267993 0.06703946 0.07515147
v -0.05267993 0.06703946 0.07515147
v -0.06187132 0.06746468 0.003091931
v -0.07760474 0.06785724 0.07511881
v -0.07770285 -0.02062261 0.7012159
v -0.1169545 0.02912888 0.7036692
v -0.1265058 0.02320844 0.7755978
v -0.08398309 -0.03622517 0.7748455
v -0.02006829 0.001619995 0.7743549
v -0.02016643 0.01257777 0.7036364
v -0.1042959 0.07407209 0.7059261
v -0.1133564 0.07351598 0.7754997
v -0.0543808 0.07861874 0.7745512
v -0.05045566 0.08133361 0.7067438
v -0.02016643 0.01257777 0.7036364
v -0.02006829 0.001619995 0.7743549
v -0.0741702 -0.00521633 0.618951
v -0.1110995 0.04110065 0.6265723
v -0.1012212 0.08352521 0.6340955
v -0.0526472 0.09359977 0.63596
v -0.02330655 0.02984849 0.6252966
v -0.03576896 0.05621257 0.475486
v -0.06710491 0.1135854 0.4900091
v -0.1170526 0.05542752 0.4732944
v -0.1071416 0.09814641 0.4871306
v -0.08941296 0.07855329 0.2905451
v -0.09431937 0.05245093 0.2906105
v -0.0728291 0.02598876 0.2919516
v -0.05228737 0.02229255 0.196014
v -0.0442408 0.05254903 0.2931292
v -0.03576896 0.05621257 0.475486
v -0.08156261 0.0184001 0.469958
v -0.03550729 0.04810056 0.195
v -0.08712325 0.04790428 0.194542
v -0.08391771 0.07632902 0.1958504
v -0.06746468 0.0886279 0.291461
v -0.0442408 0.05254903 0.2931292
v -0.04695567 0.07443187 0.1968317
v -0.05052105 0.01653564 0.1577436
v -0.08565131 0.03037187 0.1479307
v -0.03256342 0.03145126 0.1476363
v -0.06743202 0.08192238 0.1966682
v -0.03550729 0.04810056 0.195
v -0.02330655 0.02984849 0.6252966
v -0.08398309 -0.03622517 0.7748455
v -0.1265058 0.02320844 0.7755978
v -0.1349449 0.01120394 0.8324801
v -0.08839896 -0.04803339 0.8307464
v -0.1133564 0.07351598 0.7754997
v -0.1207488 0.06743202 0.8328398
v -0.06396475 0.08159533 0.8304847
v -0.0543808 0.07861874 0.7745512
v -0.01964307 -8.091331E-05 0.823583
v -0.01964307 -8.091331E-05 0.823583
v -0.02006829 0.001619995 0.7743549
v -0.02006829 0.001619995 0.7743549
v -0.09150633 0.01535809 0.007540464
v -0.06903479 -0.05617809 0.001292914
v -0.0211477 -0.03557098 0.001292914
v -0.03200737 0.01862907 0.008096516
v -0.04074082 -0.08090666 0.001292914
v -0.08705786 0.0399231 0.06697407
v -0.04299781 0.04204926 0.06926373
v -0.04224548 0.06569836 0.08552048
v -0.08875874 0.06667969 0.0849317
v -0.05052105 0.01653564 0.1577436
v -0.07224032 -0.003155619 0.1052118
v -0.08565131 0.03037187 0.1479307
v -0.04303053 -0.005379885 0.1137817
v -0.038582 -0.03527659 0.0550023
v -0.07331976 -0.02762252 0.05156776
v -0.0913755 0.0184001 0.07600197
v -0.08974001 -0.0101555 0.0446333
v -0.03256342 0.03145126 0.1476363
v -0.02111501 -0.002337873 0.04931077
v -0.02664295 0.01460576 0.07874957
v -0.02860555 0.04908183 0.1174125
v -0.01790944 -0.03629059 0.01143292
v -0.07227305 -0.05640706 0.01143292
v -0.03917077 0.06128255 0.09176806
v -0.03678295 0.03508207 0.07348332
v -0.0879083 0.03334847 0.07201138
v -0.09559509 0.05039021 0.1142396
v -0.09176806 0.06177321 0.09389415
v -0.0953007 0.008946985 0.01640481
v -0.04136232 -0.06877136 0.02265236
v -0.02517101 0.01368991 0.01676461
v -0.04695567 0.07443187 0.1968317
v -0.03092793 0.07655802 0.1552249
v -0.03550729 0.04810056 0.195
v -0.06743202 0.08192238 0.1966682
v -0.03256342 0.03145126 0.1476363
v -0.02860555 0.04908183 0.1174125
v -0.03917077 0.06128255 0.09176806
v -0.04087171 0.08336166 0.1041977
v -0.04224548 0.06569836 0.08552048
v -0.04224548 0.06569836 0.08552048
v -0.04299781 0.04204926 0.06926373
v -0.03678295 0.03508207 0.07348332
v -0.03917077 0.06128255 0.09176806
v -0.02517101 0.01368991 0.01676461
v -0.03200737 0.01862907 0.008096516
v -0.0211477 -0.03557098 0.001292914
v -0.01790944 -0.03629059 0.01143292
v -0.03972682 -0.08241132 0.01143292
v -0.04074082 -0.08090666 0.001292914
v -0.06903479 -0.05617809 0.001292914
v -0.07227305 -0.05640706 0.01143292
v -0.0953007 0.008946985 0.01640481
v -0.09150633 0.01535809 0.007540464
v -0.04136232 -0.06877136 0.02265236
v -0.08705786 0.0399231 0.06697407
v -0.0879083 0.03334847 0.07201138
v -0.09176806 0.06177321 0.09389415
v -0.08875874 0.06667969 0.0849317
v -0.0982773 0.07780096 0.1530334
v -0.09559509 0.05039021 0.1142396
v -0.09176806 0.06177321 0.09389415
v -0.08833352 0.08385226 0.1035435
v -0.08875874 0.06667969 0.0849317
v -0.08565131 0.03037187 0.1479307
v -0.08712325 0.04790428 0.194542
v -0.08391771 0.07632902 0.1958504
v -0.06743202 0.08192238 0.1966682
v -0.06870767 0.09101573 0.2079203
v -0.05709574 0.08745036 0.2474337
v -0.07011417 0.09602031 0.2530271
v -0.080843 0.08169344 0.2460926
v -0.08378688 0.07744119 0.2067428
v -0.06736657 0.09834269 0.1812619
v -0.05117527 0.08254388 0.208182
v -0.04937622 0.09095028 0.1761919
v -0.06890395 0.1191788 0.1622575
v -0.03092793 0.07655802 0.1552249
v -0.0657638 0.1047538 0.1098892
v -0.04087171 0.08336166 0.1041977
v -0.0982773 0.07780096 0.1530334
v -0.08833352 0.08385226 0.1035435
v -0.06422642 0.09615114 0.08264205
v -0.04803512 0.0838196 0.08251116
v -0.04224548 0.06569836 0.08552048
v -0.07963273 0.08385226 0.08251116
v -0.08875874 0.06667969 0.0849317
v -0.08287099 0.09000173 0.1739022
v -0.05709574 0.08745036 0.2474337
v -0.080843 0.08169344 0.2460926
v -0.07011417 0.09602031 0.2530271
v -0.08378688 0.07744119 0.2067428
v -0.05117527 0.08254388 0.208182
v -0.0982773 0.07780096 0.1530334
v -0.03092793 0.07655802 0.1552249
v -0.08875874 0.06667969 0.0849317
v -0.04224548 0.06569836 0.08552048
v -0.04803512 0.0838196 0.08251116
v -0.07963273 0.08385226 0.08251116
v -0.06422642 0.09615114 0.08264205
v -0.07681969 0.01758236 0.1998737
v -0.05405369 -0.01663202 0.1611781
v -0.08938023 0.03609607 0.1600987
v -0.09477732 0.04515669 0.1729863
v -0.05065188 -0.03511304 0.100567
v -0.1019735 0.04339036 0.126931
v -0.07681969 0.01758236 0.1998737
v -0.04041377 0.02108228 0.2010513
v -0.05405369 -0.01663202 0.1611781
v -0.04041377 0.02108228 0.2010513
v -0.02939054 0.04185298 0.1619631
v -0.05405369 -0.01663202 0.1611781
v -0.02651212 0.05173132 0.1751452
v -0.05065188 -0.03511304 0.100567
v -0.01669919 0.05160049 0.1295805
v -0.09062317 0.007409632 1.482717
v -0.09193161 0.01316655 1.481703
v -0.09732869 0.02834383 1.498679
v -0.09696886 0.02569437 1.503913
v -0.09294561 0.02118042 1.465773
v -0.09202972 0.01859635 1.460442
v -0.09955296 0.04594168 1.463484
v -0.09922585 0.04332492 1.468783
v 0.1119155 0.04725006 1.527529
v 0.096084 0.006133944 1.530637
v 0.07151899 -0.03033742 1.540646
v 0.08012164 -0.019903 1.562463
v 0.03678122 -0.05555663 1.56544
v 0.06255651 -0.04993054 1.526319
v 0.03305233 -0.07014516 1.527202
v 1.549721E-05 -0.06468263 1.569071
v 1.549721E-05 -0.0800235 1.527627
v 1.549721E-05 -0.09592044 1.515361
v 0.03203833 -0.08306551 1.517684
v 1.549721E-05 -0.09592044 1.515361
v 0.03203833 -0.08306551 1.517684
v 0.03177664 -0.08548602 1.513562
v 1.549721E-05 -0.09840637 1.511142
v 0.06255651 -0.04993054 1.526319
v 0.06500974 -0.04904738 1.523015
v 0.07151899 -0.03033742 1.540646
v 0.07688338 -0.02330482 1.531127
v 0.096084 0.006133944 1.530637
v 0.09860265 0.110249 1.518011
v 0.102397 0.1127023 1.501819
v 0.1148267 0.07884768 1.502375
v 0.1119155 0.04725006 1.527529
v 0.0547716 0.1454447 1.522361
v 0.05689773 0.1533605 1.505712
v 1.549721E-05 0.1620286 1.5238
v 1.549721E-05 0.1716779 1.507347
v 0.1141725 0.03668484 1.507478
v 0.105439 0.005610585 1.516702
v 0.1004671 0.007573158 1.541104
v 0.07446286 -0.0336411 1.530964
v 0.07793009 -0.0283094 1.507282
v 0.01352462 -0.06599104 1.561122
v 0.01352462 -0.06864053 1.608224
v 0.02543095 -0.06651437 1.593897
v 0.02530012 -0.06572935 1.574828
v 1.549721E-05 -0.06638354 1.558178
v 1.549721E-05 -0.06945828 1.612444
v 0.01280499 -0.07086477 1.584248
v 0.009043366 -0.07063583 1.575187
v 0.009108782 -0.0716171 1.593309
v 1.549721E-05 -0.07106104 1.571459
v 1.549721E-05 -0.07246757 1.59707
v 0.0547716 0.1454447 1.522361
v 0.09860265 0.110249 1.518011
v 0.1177051 0.1202582 1.539076
v 0.06687421 0.1643837 1.545552
v 1.549721E-05 0.1817853 1.550099
v 1.549721E-05 0.1620286 1.5238
v 0.1119155 0.04725006 1.527529
v 0.1308544 0.05670318 1.550034
v 0.1075324 -0.01830024 1.595238
v 0.08012164 -0.019903 1.562463
v 0.06144437 -0.05274358 1.638677
v 0.03678122 -0.05555663 1.56544
v 1.549721E-05 -0.06723401 1.67106
v 1.549721E-05 -0.06468263 1.569071
v 0.05169687 -0.007669568 1.629649
v 0.1308544 0.05670318 1.550034
v 0.1075324 -0.01830024 1.595238
v 0.06144437 -0.05274358 1.638677
v 0.06003785 0.07210949 1.614308
v 1.549721E-05 -0.01166016 1.659317
v 1.549721E-05 0.08051589 1.631612
v 1.549721E-05 0.1483886 1.578818
v 0.05408469 0.1392626 1.570772
v 1.549721E-05 0.1817853 1.550099
v 0.06687421 0.1643837 1.545552
v 0.1177051 0.1202582 1.539076
v 1.549721E-05 -0.06723401 1.67106
v 0.1021026 0.09144095 1.490535
v 0.1017755 0.04800239 1.471498
v 0.1055044 0.04074082 1.487264
v 0.1050138 0.08195511 1.507674
v 0.09729424 0.09356704 1.513137
v 0.09987831 0.0741702 1.525141
v 0.09984562 0.03279236 1.502179
v 0.09314013 0.02232528 1.477189
v 1.549721E-05 -0.0696218 1.576954
v 0.01535636 -0.06834614 1.573029
v 1.549721E-05 -0.0672667 1.552192
v 0.02297771 -0.06429014 1.551734
v 0.03858027 -0.06167334 1.565603
v 0.04508951 -0.05506599 1.549706
v 0.05437908 -0.05696315 1.577183
v 0.06913117 -0.04113162 1.561548
v 0.07135543 -0.05706128 1.609467
v 0.06729943 -0.03655225 1.545552
v 0.07707962 -0.02709916 1.550622
v 0.08506081 -0.01162744 1.5378
v 0.08973831 -0.009468615 1.549347
v 0.09179902 -0.01162744 1.562038
v 0.02546367 -0.06190231 1.552356
v 0.02294502 -0.06530413 1.567599
v 0.03249624 -0.06268734 1.570052
v 0.06023413 -0.04966888 1.577313
v 0.04008493 -0.06216398 1.582187
v 0.04037932 -0.06667793 1.604495
v 0.07142085 -0.05967805 1.632789
v 0.09016353 -0.0474773 1.629714
v 0.1013176 -0.05607998 1.66877
v 0.1073689 -0.06736484 1.009374
v 0.1462934 -0.01378629 1.019155
v 0.2543664 0.006297499 0.8709468
v 0.1981384 -0.08178982 0.8642739
v 0.1740967 0.1689303 0.8687879
v 0.09762135 0.07204404 1.02501
v 1.549721E-05 0.1042632 1.027201
v 1.549721E-05 0.2338264 0.8636198
v 0.3244307 -0.0105153 0.731178
v 0.278081 -0.07740673 0.7331406
v 0.1863956 -0.1277797 0.7722287
v 0.1415505 -0.1186537 0.8627692
v 0.3413416 0.06592736 0.7259772
v 0.3256736 0.149468 0.7155755
v 0.2789641 0.2234247 0.6991224
v 0.2043532 0.2834798 0.6836507
v 0.108481 0.3210306 0.6695529
v 1.549721E-05 0.3326752 0.6653006
v 0.0659256 -0.08146274 1.003388
v 0.05709398 0.3481469 0.6146005
v 0.163924 0.3211287 0.6295161
v 0.2524365 0.2685969 0.6504831
v 0.3161224 0.1987289 0.6690295
v 0.3491265 0.1168237 0.6850899
v 0.04420635 -0.06566393 1.044668
v 0.08342531 -0.05892572 1.055789
v 0.1023643 -0.01901984 1.064458
v 0.06307986 0.04044643 1.068317
v 1.549721E-05 0.0584695 1.067598
v 0.07057038 -0.05784631 1.077149
v 0.08385053 -0.02245438 1.081041
v 0.05012682 0.02775505 1.084182
v 1.549721E-05 0.04394642 1.085523
v 0.03324857 -0.07757029 1.021542
v 0.02408984 -0.06971994 1.042477
v 0.3483088 0.03305408 0.6965057
v 0.3156972 -0.04191667 0.7017065
v 0.2533197 -0.1045558 0.7046504
v 0.2030448 -0.129775 0.7362154
v 0.1267003 0.3483759 0.5644892
v 0.2736325 0.2546953 0.5996848
v 0.229278 0.2388965 0.6838797
v 0.1173126 0.3116102 0.6652352
v 1.549721E-05 0.3206708 0.6604923
v 1.549721E-05 0.3530534 0.5647509
v 0.3584488 0.1071089 0.6391329
v 0.3146178 0.1037398 0.7113559
v 0.311772 -0.04607078 0.6675576
v 0.2840669 -0.03936529 0.7277762
v 0.1167565 -0.1124389 0.8493583
v 0.2840669 -0.03936529 0.7277762
v 0.1391954 -0.1472747 0.6880993
v 0.311772 -0.04607078 0.6675576
v 1.549721E-05 -0.1892086 0.6893423
v 1.549721E-05 -0.1220882 0.9029696
v 0.2945994 -0.0762946 0.6933656
v 0.2614971 -0.09222424 0.7106036
v 0.278081 -0.07564041 0.7260098
v 0.3027114 -0.05359405 0.7075288
v 0.3428136 -0.006949961 0.6892442
v 0.3185429 -0.03151497 0.7075943
v 0.3244307 -0.01012281 0.7236547
v 0.3604768 0.07384309 0.6798238
v 0.3458883 0.04388097 0.7012159
v 0.3413416 0.0663853 0.7176362
v 0.3444163 0.1625846 0.6627165
v 0.3410799 0.1279777 0.689146
v 0.3256736 0.1500568 0.7064822
v 0.2939452 0.2397796 0.6447262
v 0.3029404 0.2068409 0.6735761
v 0.2789641 0.2241116 0.6893749
v 0.2157035 0.3037598 0.6232032
v 0.2358527 0.2739286 0.6545064
v 0.2043532 0.2841994 0.6734453
v 0.1151865 0.3454975 0.6008952
v 0.1446907 0.3214558 0.6354693
v 0.108481 0.3218156 0.6590531
v 1.549721E-05 0.3592028 0.592456
v 0.03861299 0.3431424 0.6252966
v 1.549721E-05 0.333493 0.6547353
v 0.3463135 0.09840813 0.6946412
v 0.3604768 0.07384309 0.6798238
v 0.3413416 0.0663853 0.7176362
v 0.3400332 0.01722255 0.7036692
v 0.3428136 -0.006949961 0.6892442
v 0.3244307 -0.01012281 0.7236547
v 0.319884 0.1815563 0.6788424
v 0.3444163 0.1625846 0.6627165
v 0.3256736 0.1500568 0.7064822
v 0.2617588 0.2525364 0.6617025
v 0.2939452 0.2397796 0.6447262
v 0.2789641 0.2241116 0.6893749
v 0.07528061 0.3380724 0.6287966
v 0.1151865 0.3454975 0.6008952
v 0.108481 0.3218156 0.6590531
v 0.1779565 0.3073906 0.6437122
v 0.2157035 0.3037598 0.6232032
v 0.2043532 0.2841994 0.6734453
v 0.09542981 -0.0780282 0.988669
v 0.04554746 -0.09385973 0.9844495
v 0.0340009 -0.06586018 1.043785
v 0.07266381 -0.06137896 1.052911
v 1.549721E-05 -0.10014 0.9828141
v 1.549721E-05 -0.07129002 1.040514
v 0.09840637 -0.13913 0.8239429
v 1.549721E-05 -0.1425645 0.8814466
v 0.1507747 -0.1091025 0.8624749
v 0.1969608 -0.1236583 0.7409256
v 0.0856823 -0.0004079938 1.199549
v 0.09222424 0.02451682 1.250282
v 0.05496785 0.0627872 1.229544
v 0.04894924 0.03786239 1.179432
v 1.549721E-05 0.04620335 1.178418
v 1.549721E-05 0.07099733 1.228301
v 1.549721E-05 0.09019795 1.272328
v 0.05765006 0.08457187 1.271674
v 0.08875701 0.0722076 1.27923
v 0.06196773 0.0900344 1.333659
v 0.08957475 0.08630553 1.325383
v 0.09333637 0.0627872 1.356686
v 0.06785548 0.0655348 1.361429
v 0.03082806 0.0845392 1.365911
v 0.04172039 0.06478253 1.372845
v 1.549721E-05 0.09791747 1.325645
v 1.549721E-05 0.09274933 1.359401
v 0.101154 0.08610925 1.316617
v 0.06779006 0.02131125 1.340691
v 0.04005221 0.04875472 1.368004
v 0.04165497 0.01153105 1.343504
v 0.08901867 0.02291405 1.334542
v 0.1131912 0.06242743 1.342621
v 0.1085464 0.02818033 1.335621
v 0.09314013 0.02402616 1.295617
v 0.0860748 0.01539081 1.290678
v 0.09124294 0.04532018 1.28744
v 0.06798631 -0.03818774 1.301996
v 0.07361239 -0.02019739 1.30265
v 0.08898598 -0.01574886 1.261436
v 0.09291115 -0.04558015 1.261403
v 0.09461206 -0.05572018 1.23252
v 0.0903925 -0.0266085 1.229216
v 0.08578041 -0.0332813 1.215511
v 0.09281301 -0.06651437 1.260291
v 0.09222424 0.02451682 1.250282
v 0.0856823 -0.0004079938 1.199549
v 0.1434477 0.06445542 1.304514
v 0.1379852 0.0311242 1.299215
v 0.113551 0.03890911 1.273604
v 0.1756341 0.03570357 1.257805
v 0.1503167 0.04538563 1.233829
v 0.1813583 0.06488064 1.263562
v 0.1256209 0.08548775 1.286753
v 0.1091679 0.0724366 1.26801
v 0.09124294 0.04532018 1.28744
v 0.113551 0.03890911 1.273604
v 0.1456065 0.07260016 1.229871
v 0.1503167 0.04538563 1.233829
v 0.1630408 0.08519337 1.245768
v 0.03269252 -0.07524788 1.20488
v 0.06893492 -0.05483702 1.199287
v 0.07034144 -0.05006137 1.161376
v 0.0390709 -0.07191148 1.161507
v 0.07819176 -0.01283771 1.16069
v 0.07341614 -0.05630895 1.096055
v 0.04011762 -0.06798631 1.092294
v 0.07564041 -0.02111328 1.113228
v 0.09471017 -0.02310857 1.082808
v 0.09045792 -0.0608229 1.060761
v 0.04564556 -0.07151899 1.038715
v 0.04852402 -0.07979453 1.024126
v 0.0856823 -0.0004079938 1.199549
v 0.08578041 -0.0332813 1.215511
v 0.02510387 0.07547858 1.381611
v 1.549721E-05 0.08748308 1.381873
v 1.549721E-05 0.09274933 1.359401
v 0.03082806 0.0845392 1.365911
v 0.04172039 0.06478253 1.372845
v 0.03027201 0.05140421 1.376639
v 0.04005221 0.04875472 1.368004
v 0.01866004 0.03364286 1.369999
v 0.04165497 0.01153105 1.343504
v 0.0178096 0.001947105 1.342817
v 0.01866004 0.03364286 1.369999
v 0.0178096 0.001947105 1.342817
v 1.549721E-05 -0.003122926 1.339481
v 1.549721E-05 0.02337196 1.366172
v 0.01872545 -0.05601457 1.296042
v 0.03547284 -0.06206587 1.297613
v 0.02899632 -0.09892973 1.25702
v 0.05130437 -0.09121025 1.26438
v 0.03243083 -0.09709799 1.223263
v 0.0678882 -0.08394867 1.219862
v 0.06893492 -0.05483702 1.199287
v 0.03269252 -0.07524788 1.20488
v 1.549721E-05 -0.05526224 1.291071
v 1.549721E-05 -0.07550955 1.20439
v 1.549721E-05 -0.0907523 1.223329
v 1.549721E-05 -0.09130836 1.25352
v 0.04652873 0.022129 1.112901
v 1.549721E-05 0.0334793 1.122386
v 1.549721E-05 0.05196026 1.079439
v 0.03573453 0.04296508 1.085523
v 0.07858428 0.01647022 1.082906
v 0.05251461 0.0500631 1.074172
v 1.549721E-05 0.07695052 1.057327
v 0.07564041 -0.02111328 1.113228
v 0.07819176 -0.01283771 1.16069
v 0.04894924 0.03786239 1.179432
v 0.09471017 -0.02310857 1.082808
v 0.0856823 -0.0004079938 1.199549
v 0.09471017 -0.02310857 1.082808
v 0.07858428 0.01647022 1.082906
v 0.09794843 -0.02310857 1.079111
v 0.09323823 -0.06137896 1.056182
v 0.09045792 -0.0608229 1.060761
v 0.04852402 -0.07979453 1.024126
v 0.05271086 -0.08460286 1.018337
v 0.08205152 0.01889074 1.080093
v 0.05251461 0.0500631 1.074172
v 0.05673417 0.05179676 1.072537
v 1.549721E-05 0.08274016 1.052617
v 1.549721E-05 0.07695052 1.057327
v 1.549721E-05 0.0334793 1.122386
v 0.08578041 -0.0332813 1.215511
v 0.06893492 -0.05483702 1.199287
v 0.0678882 -0.08394867 1.219862
v 0.09461206 -0.05572018 1.23252
v 0.0178096 0.001947105 1.342817
v 0.04904738 -0.05091184 1.303598
v 0.03547284 -0.06206587 1.297613
v 0.07586938 -0.09435037 1.26101
v 0.04767358 -0.1058969 1.257609
v 0.04832777 -0.1042941 1.226534
v 0.07910764 -0.08990183 1.229249
v 0.0645518 -0.07613105 1.203016
v 0.04417363 -0.09032708 1.201904
v 0.09461206 -0.05572018 1.23252
v 0.09281301 -0.06651437 1.260291
v 0.08515894 -0.04751003 1.210539
v 0.06798631 -0.03818774 1.301996
v 0.04165497 0.01153105 1.343504
v 0.04348674 -0.08496267 1.182409
v 0.04407552 -0.08355615 1.164746
v 0.06442097 -0.06710315 1.172236
v 0.08214962 -0.03910363 1.194152
v 0.08457017 -0.03566909 1.181002
v 1.549721E-05 0.07901123 1.415302
v 1.549721E-05 0.08748308 1.381873
v 0.02510387 0.07547858 1.381611
v 0.01859462 0.07050672 1.412751
v 0.03027201 0.05140421 1.376639
v 0.02693561 0.05032483 1.403167
v 0.01669747 0.03210548 1.390933
v 0.01866004 0.03364286 1.369999
v 1.549721E-05 0.02517101 1.386321
v 1.549721E-05 0.02337196 1.366172
v 0.01627222 0.02585793 1.411541
v 0.02997762 0.04692301 1.432769
v 1.549721E-05 0.01980662 1.403788
v 0.01960862 0.0663853 1.440423
v 1.549721E-05 0.0747917 1.440521
v 1.549721E-05 -0.07953286 1.161769
v 1.549721E-05 -0.07550955 1.20439
v 0.01529095 -0.07799551 1.161573
v 0.03269252 -0.07524788 1.20488
v 0.0390709 -0.07191148 1.161507
v 0.04011762 -0.06798631 1.092294
v 0.01516008 -0.07475725 1.090331
v 0.04564556 -0.07151899 1.038715
v 0.01604325 -0.07639274 1.030832
v 0.04852402 -0.07979453 1.024126
v 1.549721E-05 -0.07456097 1.089775
v 1.549721E-05 -0.07953286 1.161769
v 0.01529095 -0.07799551 1.161573
v 0.01516008 -0.07475725 1.090331
v 0.01604325 -0.07639274 1.030832
v 1.549721E-05 -0.07757029 1.028804
v 0.01604325 -0.07639274 1.030832
v 0.04852402 -0.07979453 1.024126
v 0.05271086 -0.08460286 1.018337
v 0.2602869 0.03936705 1.165007
v 0.2312733 0.04015204 1.194381
v 0.2380442 0.06160966 1.201053
v 0.2685297 0.06174049 1.173381
v 0.1813583 0.06488064 1.263562
v 0.1756341 0.03570357 1.257805
v 0.1630408 0.08519337 1.245768
v 0.2208062 0.08300182 1.182343
v 0.1456065 0.07260016 1.229871
v 0.2035682 0.07430103 1.166119
v 0.1503167 0.04538563 1.233829
v 0.2090307 0.04865661 1.172105
v 0.1503167 0.04538563 1.233829
v 0.2090307 0.04865661 1.172105
v 0.2352639 0.04800239 1.141227
v 0.2352639 0.04800239 1.141227
v 0.2300631 0.07724491 1.133802
v 0.249231 0.08561859 1.154933
v 0.249231 0.08561859 1.154933
v 0.249231 0.08561859 1.154933
v 0.2754315 0.08695969 1.126541
v 0.2950246 0.0634087 1.143255
v 0.2685297 0.06174049 1.173381
v 0.2602869 0.03936705 1.165007
v 0.2869453 0.03956327 1.134326
v 0.2574738 0.07871684 1.105345
v 0.2300631 0.07724491 1.133802
v 0.2352639 0.04800239 1.141227
v 0.2625766 0.04868934 1.111854
v 0.2352639 0.04800239 1.141227
v 0.2625766 0.04868934 1.111854
v 0.005935937 0.01087686 1.389756
v 0.01849648 0.02297947 1.39391
v 0.03952885 0.02392805 1.359369
v 0.0332813 0.00619936 1.348345
v 0.0323 0.05202571 1.401858
v 0.04751003 0.05402097 1.369541
v 0.03233272 0.002470464 1.34743
v 0.00564155 0.007671297 1.386943
v 0.005935937 0.01087686 1.389756
v 0.0332813 0.00619936 1.348345
v 0.09183171 0.08009067 1.350602
v 0.03167853 0.08486626 1.371896
v 0.04770628 0.09870252 1.336406
v 1.549721E-05 0.1048519 1.339285
v 1.549721E-05 0.09513715 1.371406
v 0.09228966 0.0550023 1.361135
v 0.04881841 0.05559108 1.369574
v 0.09899515 0.09225866 1.324925
v 0.113093 0.1458045 1.205469
v 1.549721E-05 0.1659537 1.212109
v 1.549721E-05 0.2404011 1.10855
v 0.1534569 0.2188454 1.037963
v 0.08041602 -0.01983759 1.314851
v 0.05604726 0.001521856 1.342556
v 0.1061259 0.01437679 1.32136
v 0.09215882 0.02317572 1.346383
v 0.09179902 0.03599796 1.355443
v 0.05130437 0.03315219 1.359794
v 0.09228966 0.0550023 1.361135
v 0.04881841 0.05559108 1.369574
v 0.1119155 0.01709169 1.293197
v 0.1013502 -0.01901984 1.265295
v 0.117836 0.02222714 1.245244
v 0.1234293 0.02193275 1.186988
v 0.1102146 -0.009174228 1.181297
v 0.1238545 0.01620853 1.14669
v 0.1151865 -0.000636965 1.142928
v 0.1218593 0.003909677 1.112475
v 0.1127987 -0.005281746 1.141881
v 0.1151865 -0.000636965 1.142928
v 0.1215976 0.0003770292 1.103153
v 0.1102146 -0.009174228 1.181297
v 0.1079576 -0.0144732 1.180348
v 0.1013502 -0.01901984 1.265295
v 0.1218593 0.003909677 1.112475
v 0.02543095 0.08143178 1.403788
v 0.04878572 0.02755883 1.388971
v 0.04950532 0.04011938 1.360055
v 0.0309262 0.08316538 1.37134
v 0.05706128 -0.01489842 1.367742
v 0.05320153 -0.009206921 1.337191
v 0.02543095 0.08143178 1.403788
v 0.0309262 0.08316538 1.37134
v 1.549721E-05 0.09291288 1.370555
v 1.549721E-05 0.0953007 1.405457
v 0.09320554 -0.02163664 1.311841
v 0.07573852 -0.0172208 1.328294
v 0.08617294 -0.01110408 1.327444
v 0.09958392 0.002143353 1.327804
v 0.1046866 -0.00338459 1.311383
v 0.104981 -0.02824399 1.265688
v 0.07086477 -0.03059909 1.311874
v 0.0931074 -0.03678122 1.263725
v 0.1057661 -0.01803854 1.190848
v 0.1091352 -0.01862732 1.195918
v 0.1102146 -0.01107138 1.266342
v 0.06435555 -0.02330482 1.321949
v 0.05627623 -0.01421151 1.334411
v 0.1235602 0.1435148 1.204684
v 0.1534569 0.2188454 1.037963
v 0.1701061 0.2188454 1.017127
v 0.150513 0.1985653 1.095564
v 0.113093 0.1458045 1.205469
v 1.549721E-05 0.2484477 1.096971
v 1.549721E-05 0.2404011 1.10855
v 0.09899515 0.09225866 1.324925
v 0.1071072 0.09232411 1.319266
v 0.1246723 0.03468952 1.34756
v 0.1286629 0.05415186 1.352467
v 0.1558774 0.05532941 1.318449
v 0.1442981 0.02824572 1.306771
v 0.09228966 0.0550023 1.361135
v 0.09179902 0.03599796 1.355443
v 0.09215882 0.02317572 1.346383
v 0.1096912 0.01826927 1.326397
v 0.1887834 0.02291405 1.238997
v 0.2086709 0.05824056 1.259898
v 0.1442327 0.081857 1.307524
v 0.1878675 0.09418854 1.24181
v 0.2554458 0.06121716 1.214955
v 0.2237828 0.109922 1.190619
v 0.2270211 0.02327386 1.184699
v 0.1380833 0.1191788 1.201937
v 0.1400786 0.1545707 1.130368
v 0.1246723 0.09454837 1.287505
v 0.1441673 0.01535809 1.199614
v 0.1476673 0.03282508 1.116859
v 0.1108034 0.0885298 1.325318
v 0.1243125 0.07469353 1.347331
v 0.09183171 0.08009067 1.350602
v 0.1254246 0.01404971 1.28708
v 0.09183171 0.08009067 1.350602
v 0.09899515 0.09225866 1.324925
v 0.1108034 0.0885298 1.325318
v 0.1071072 0.09232411 1.319266
v 0.1246723 0.09454837 1.287505
v 0.1189481 0.09752497 1.281618
v 0.1300694 0.1223516 1.195656
v 0.1380833 0.1191788 1.201937
v 0.1321955 0.1633042 1.116499
v 0.1400786 0.1545707 1.130368
v 0.02543095 0.08143178 1.403788
v 1.549721E-05 0.0953007 1.405457
v 1.549721E-05 0.1031837 1.372943
v 0.03488407 0.08990356 1.374971
v 0.04878572 0.02755883 1.388971
v 0.06756109 0.02981582 1.365289
v 0.07250026 -0.006524712 1.350897
v 0.08820093 0.002208769 1.343112
v 0.05706128 -0.01489842 1.367742
v 0.09958392 0.002143353 1.327804
v 0.1036727 0.006068528 1.327902
v 0.1046866 -0.00338459 1.311383
v 0.1077941 0.001554579 1.311252
v 0.1102146 -0.01107138 1.266342
v 0.1117847 -0.005085498 1.266604
v 0.1091352 -0.01862732 1.195918
v 0.1079576 -0.0144732 1.180348
v 0.1057661 -0.01803854 1.190848
v 0.07462639 -0.01201996 1.347789
v 0.07250026 -0.006524712 1.350897
v 0.08820093 0.002208769 1.343112
v 0.09765404 0.0008022487 1.336832
v 0.05706128 -0.01489842 1.367742
v 0.05882761 -0.02039364 1.364668
v 0.07007974 0.04087171 1.363392
v 0.06756109 0.02981582 1.365289
v 0.03674853 0.09140822 1.368625
v 0.03488407 0.08990356 1.374971
v 1.549721E-05 0.1031837 1.372943
v 1.549721E-05 0.1043613 1.365845
v 0.2294416 0.1126696 1.182932
v 0.2629036 0.06174049 1.208184
v 0.2554458 0.06121716 1.214955
v 0.2237828 0.109922 1.190619
v 0.2270211 0.02327386 1.184699
v 0.2331378 0.02363366 1.176194
v 0.1476673 0.03282508 1.116859
v 0.1373637 0.03956327 1.095139
v 0.1321955 0.1633042 1.116499
v 0.1400786 0.1545707 1.130368
v 0.1367095 0.01542351 1.193334
v 0.1441673 0.01535809 1.199614
v 0.1476673 0.03282508 1.116859
v 0.1373637 0.03956327 1.095139
v 0.1204527 0.01117125 1.28201
v 0.1254246 0.01404971 1.28708
v 0.1061259 0.01437679 1.32136
v 0.1096912 0.01826927 1.326397
v 0.09215882 0.02317572 1.346383
v 0.1057661 -0.01803854 1.190848
v 0.1079576 -0.0144732 1.180348
v 0.1084483 -0.007146209 1.181493
v 0.1131912 0.0007041395 1.142765
v 0.1127987 -0.005281746 1.141881
v 0.1218593 0.003909677 1.112475
v 0.1215976 0.0003770292 1.103153
v 0.05320153 -0.009206921 1.337191
v 0.05627623 -0.01421151 1.334411
v 0.05859864 -0.01107138 1.332285
v 0.06435555 -0.02330482 1.321949
v 0.05627623 -0.01421151 1.334411
v 0.05320153 -0.009206921 1.337191
v 0.05706128 -0.01489842 1.367742
v 0.05882761 -0.02039364 1.364668
v 0.1079576 -0.0144732 1.180348
v 0.1117847 -0.005085498 1.266604
v 0.1013502 -0.01901984 1.265295
v 0.08041602 -0.01983759 1.314851
v 0.1077941 0.001554579 1.311252
v 0.09958392 0.002143353 1.327804
v 0.08617294 -0.01110408 1.327444
v 0.07573852 -0.0172208 1.328294
v 0.05627623 -0.01421151 1.334411
v 0.1036727 0.006068528 1.327902
v 0.08041602 -0.01983759 1.314851
v 0.05627623 -0.01421151 1.334411
v 0.05604726 0.001521856 1.342556
v 0.05604726 0.001521856 1.342556
v 0.05627623 -0.01421151 1.334411
v 0.05882761 -0.02039364 1.364668
v 0.05473888 -0.002272457 1.36277
v 0.05130437 0.03315219 1.359794
v 0.05473888 -0.002272457 1.36277
v 0.04881841 0.05559108 1.369574
v 0.05604726 0.001521856 1.342556
v 0.1418776 0.05467519 1.362836
v 0.1267984 0.07871684 1.3647
v 0.1255228 0.07871684 1.354266
v 0.1406019 0.05470791 1.352401
v 0.1418776 0.05467519 1.362836
v 0.1406019 0.05470791 1.352401
v 0.1250321 0.03099337 1.354266
v 0.1263078 0.03099337 1.3647
v 0.1267984 0.07871684 1.3647
v 0.1418776 0.05467519 1.362836
v 0.1196023 0.05490413 1.365551
v 0.09922412 0.05513313 1.368037
v 0.09948581 0.08218411 1.368037
v 0.1418776 0.05467519 1.362836
v 0.1263078 0.03099337 1.3647
v 0.1196023 0.05490413 1.365551
v 0.09892973 0.02808216 1.368037
v 0.09922412 0.05513313 1.368037
v 0.09948581 0.08218411 1.368037
v 0.09821013 0.08221677 1.357569
v 0.1255228 0.07871684 1.354266
v 0.1267984 0.07871684 1.3647
v 0.09892973 0.02808216 1.368037
v 0.1263078 0.03099337 1.3647
v 0.1250321 0.03099337 1.354266
v 0.09765404 0.02808216 1.357569
v 0.09892973 0.07672158 1.358616
v 0.09994373 0.07672158 1.367121
v 0.05169687 0.07312348 1.372976
v 0.05068287 0.07315621 1.364471
v 0.05029035 0.03812405 1.364471
v 0.05133706 0.03812405 1.372976
v 0.09951851 0.03354469 1.367121
v 0.09847179 0.03354469 1.358616
v 0.05169687 0.07312348 1.372976
v 0.09994373 0.07672158 1.367121
v 0.09951851 0.03354469 1.367121
v 0.05133706 0.03812405 1.372976
v 0.03789335 0.05578735 1.374644
v 0.03684667 0.05578735 1.366139
v 0.03789335 0.05578735 1.374644
v 0.05133706 0.03812405 1.372976
v 0.05029035 0.03812405 1.364471
v 0.03684667 0.05578735 1.366139
v 0.05068287 0.07315621 1.364471
v 0.05169687 0.07312348 1.372976
v 0.03789335 0.05578735 1.374644
v 0.133831 0.1065855 1.312168
v 0.1474056 0.09337083 1.315472
v 0.1417795 0.081857 1.333135
v 0.1255555 0.08941296 1.335392
v 0.1144668 0.1079594 1.307655
v 0.1092333 0.09409043 1.334607
v 0.1162986 0.07861874 1.356261
v 0.1302657 0.07629636 1.353775
v 0.1382141 0.05510041 1.352663
v 0.147013 0.05529669 1.338336
v 0.09912598 0.07920751 1.360284
v 0.1616016 0.05575463 1.320379
v 0.1552232 0.08385226 1.317337
v 0.1529335 0.02801678 1.317075
v 0.1413543 0.02997932 1.333332
v 0.1616016 0.05575463 1.320379
v 0.147013 0.05529669 1.338336
v 0.1382141 0.05510041 1.352663
v 0.1295134 0.03390452 1.353808
v 0.1156771 0.03148398 1.356327
v 0.1248031 0.02091876 1.335294
v 0.1450505 0.01836738 1.315276
v 0.1316722 0.004956394 1.311907
v 0.09876618 0.03096065 1.360317
v 0.1091025 0.01611042 1.334476
v 0.1129622 0.002961099 1.30736
v 0.1461953 0.09029612 1.314393
v 0.1474056 0.09337083 1.315472
v 0.133831 0.1065855 1.312168
v 0.1324245 0.1039033 1.310991
v 0.1109015 0.1043286 1.306281
v 0.1144668 0.1079594 1.307655
v 0.1461953 0.09029612 1.314393
v 0.1406347 0.07943645 1.330878
v 0.1417795 0.081857 1.333135
v 0.1474056 0.09337083 1.315472
v 0.1616016 0.05575463 1.320379
v 0.1552232 0.08385226 1.317337
v 0.1536204 0.08385226 1.316192
v 0.159639 0.05572191 1.319037
v 0.1616016 0.05575463 1.320379
v 0.159639 0.05572191 1.319037
v 0.1515924 0.02788594 1.31593
v 0.1529335 0.02801678 1.317075
v 0.1529335 0.02801678 1.317075
v 0.1515924 0.02788594 1.31593
v 0.1402749 0.03230175 1.331009
v 0.1413543 0.02997932 1.333332
v 0.1441019 0.02124584 1.314229
v 0.1304619 0.007475048 1.310729
v 0.1316722 0.004956394 1.311907
v 0.1450505 0.01836738 1.315276
v 0.1129622 0.002961099 1.30736
v 0.1094296 0.00652647 1.305986
v 0.09605128 0.07708135 1.360448
v 0.1063548 0.09023067 1.334247
v 0.1092333 0.09409043 1.334607
v 0.09912598 0.07920751 1.360284
v 0.1144668 0.1079594 1.307655
v 0.1109015 0.1043286 1.306281
v 0.1094296 0.00652647 1.305986
v 0.1063221 0.01915243 1.334117
v 0.1091025 0.01611042 1.334476
v 0.1129622 0.002961099 1.30736
v 0.09876618 0.03096065 1.360317
v 0.0958223 0.03318492 1.360513
v 0.1413543 0.02997932 1.333332
v 0.1402749 0.03230175 1.331009
v 0.1441019 0.02124584 1.314229
v 0.1450505 0.01836738 1.315276
v 0.1552232 0.08385226 1.317337
v 0.1417795 0.081857 1.333135
v 0.1406347 0.07943645 1.330878
v 0.1536204 0.08385226 1.316192
v 0.1298404 0.02376449 1.293099
v 0.1076959 0.006133944 1.293491
v 0.1022334 0.01542351 1.324402
v 0.1272237 0.02840927 1.321294
v 0.1162659 0.0006386936 1.201708
v 0.1331441 0.03465685 1.201544
v 0.1508401 0.01123667 1.075742
v 0.1313124 -0.02412257 1.073485
v 0.2106008 -0.05235106 0.9059461
v 0.1857414 -0.08699068 0.8995023
v 0.2924405 -0.1291535 0.652969
v 0.2556094 -0.155812 0.6426982
v 0.3380706 -0.1504476 0.4521639
v 0.2963984 -0.1719379 0.4442809
v 0.09909329 0.02458224 1.34357
v 0.3186411 -0.1579054 0.4306736
v 0.05290714 0.06259093 1.374121
v 0.05689773 0.05555835 1.37363
v 0.04100078 0.05572191 1.37556
v 0.05277631 0.04865661 1.374121
v 0.04482782 0.06259093 1.375102
v 0.04469699 0.04878744 1.375102
v 0.05267817 0.06259093 1.372289
v 0.05670145 0.05559108 1.371798
v 0.05689773 0.05555835 1.37363
v 0.05290714 0.06259093 1.374121
v 0.05277631 0.04865661 1.374121
v 0.05689773 0.05555835 1.37363
v 0.05670145 0.05559108 1.371798
v 0.05254734 0.04865661 1.372289
v 0.04077181 0.05575463 1.373728
v 0.04463157 0.06259093 1.37327
v 0.04482782 0.06259093 1.375102
v 0.04100078 0.05572191 1.37556
v 0.04446802 0.04882017 1.37327
v 0.04077181 0.05575463 1.373728
v 0.04100078 0.05572191 1.37556
v 0.04469699 0.04878744 1.375102
v 0.05267817 0.06259093 1.372289
v 0.05290714 0.06259093 1.374121
v 0.04482782 0.06259093 1.375102
v 0.04463157 0.06259093 1.37327
v 0.05254734 0.04865661 1.372289
v 0.04446802 0.04882017 1.37327
v 0.04469699 0.04878744 1.375102
v 0.05277631 0.04865661 1.374121
v 0.3280287 -0.1500551 0.3663663
v 0.312001 -0.1552232 0.3651233
v 0.3157626 -0.1584942 0.4387529
v 0.3215195 -0.1581016 0.4389492
v 0.2999311 0.02746066 1.096906
v 0.311772 0.0319092 1.117415
v 0.3161878 0.03308675 1.10227
v 0.2901836 0.02706817 1.143419
v 0.2690531 0.02049351 1.113032
v 0.2471703 0.01267588 1.119868
v 0.2648008 0.01751694 1.172661
v 0.3067674 0.06631985 1.168703
v 0.3288792 0.06700674 1.135601
v 0.2703942 0.0653713 1.218717
v 0.2954825 0.101123 1.096055
v 0.3122299 0.09791747 1.101256
v 0.307716 0.09906229 1.116172
v 0.2639831 0.103936 1.11156
v 0.2856696 0.1019081 1.14198
v 0.2413152 0.1089406 1.118167
v 0.259371 0.1092677 1.170764
v 0.3288792 0.06700674 1.135601
v 0.3067674 0.06631985 1.168703
v 0.2703942 0.0653713 1.218717
v 0.3696355 0.0452548 1.041528
v 0.3425519 0.04734823 1.069953
v 0.3557012 0.06775907 1.081925
v 0.3911912 0.06913289 1.041822
v 0.3182485 0.06641796 1.132756
v 0.3059824 0.03625962 1.116466
v 0.3365333 0.04515669 1.038977
v 0.3283885 0.06520775 1.034397
v 0.3262624 0.04610524 1.047808
v 0.3200148 0.06484792 1.047808
v 0.2834781 0.06275448 1.077247
v 0.2865201 0.03714278 1.085392
v 0.247759 0.06059566 1.095335
v 0.253516 0.02994666 1.109401
v 0.3262624 0.04610524 1.047808
v 0.2865201 0.03714278 1.085392
v 0.3425519 0.04734823 1.069953
v 0.3059824 0.03625962 1.116466
v 0.253516 0.02994666 1.109401
v 0.3365333 0.04515669 1.038977
v 0.3696355 0.0452548 1.041528
v 0.3668879 0.09019795 1.040743
v 0.3911912 0.06913289 1.041822
v 0.3557012 0.06775907 1.081925
v 0.3404911 0.0861747 1.070443
v 0.3024824 0.09402499 1.115452
v 0.3182485 0.06641796 1.132756
v 0.3340473 0.08620736 1.038257
v 0.32394 0.08434293 1.047154
v 0.3283885 0.06520775 1.034397
v 0.3200148 0.06484792 1.047808
v 0.2834781 0.06275448 1.077247
v 0.2833145 0.08944562 1.084476
v 0.247759 0.06059566 1.095335
v 0.2497216 0.09268388 1.108321
v 0.32394 0.08434293 1.047154
v 0.3404911 0.0861747 1.070443
v 0.2833145 0.08944562 1.084476
v 0.3024824 0.09402499 1.115452
v 0.2497216 0.09268388 1.108321
v 0.3340473 0.08620736 1.038257
v 0.3668879 0.09019795 1.040743
v 0.351776 0.03763345 1.051635
v 0.3322483 0.03475496 1.082611
v 0.3693411 0.04689029 1.056509
v 0.3296315 0.04057732 1.086537
v 0.3518414 0.05761907 1.094125
v 0.3937426 0.0638012 1.043392
v 0.3893595 0.05156776 1.024094
v 0.3664954 0.06887123 1.112214
v 0.3417668 0.06743202 1.115943
v 0.4011677 0.0698525 1.047318
v 0.4045041 0.06350681 1.00836
v 0.4178824 0.06988522 0.9910569
v 0.3734626 0.04705384 1.041103
v 0.3482434 0.09598759 1.050621
v 0.3452341 0.09202972 1.075612
v 0.328454 0.09752497 1.081532
v 0.3505985 0.0776374 1.093798
v 0.3265241 0.09157178 1.085621
v 0.3706495 0.08872601 1.052453
v 0.3930884 0.0747917 1.043196
v 0.3872661 0.08574942 1.023505
v 0.4011677 0.0698525 1.047318
v 0.3664954 0.06887123 1.112214
v 0.3417668 0.06743202 1.115943
v 0.4178824 0.06988522 0.9910569
v 0.4037845 0.0751842 1.008131
v 0.3709112 0.08888957 1.04035
v 0.4047331 0.1110341 0.9816037
v 0.3645655 0.09258577 1.033841
v 0.3468368 0.08990356 1.019841
v 0.3611964 0.1027585 0.9601789
v 0.3407201 0.08378688 1.045748
v 0.3737897 0.08280554 1.041593
v 0.3559301 0.07760474 1.059976
v 0.3757522 0.05578735 1.043196
v 0.4160834 0.08830079 0.9904027
v 0.4174244 0.05277804 0.9903046
v 0.3982238 0.01503098 0.9778422
v 0.3645328 0.04011938 1.034005
v 0.3504022 0.04689029 1.054219
v 0.3569441 0.06239471 1.060598
v 0.3982238 0.01503098 0.9778422
v 0.3646309 0.01539081 0.9626322
v 0.3492573 0.04077354 1.021902
v 0.3645328 0.04011938 1.034005
v 0.3504022 0.04689029 1.054219
v 0.336566 0.05506769 1.041659
v 0.3371221 0.06232926 1.014019
v 0.3371875 0.06291804 0.9527211
v 0.3371221 0.06232926 1.014019
v 0.3468368 0.08990356 1.019841
v 0.3407201 0.08378688 1.045748
v 0.336566 0.05506769 1.041659
v 0.3371875 0.06291804 0.9527211
v 0.3611964 0.1027585 0.9601789
v 0.4238029 0.04168943 0.9737861
v 0.4308355 0.04293242 0.9621087
v 0.4129432 0.04240903 0.9633517
v 0.4259944 0.04878744 0.9759123
v 0.4319149 0.04976872 0.9637443
v 0.4113077 0.04489496 0.9916784
v 0.3972753 0.03452602 0.9873607
v 0.4275972 0.05657235 0.9613237
v 0.3967192 0.03805867 0.9687488
v 0.3939716 0.04711923 1.010912
v 0.3860558 0.03769884 1.004599
v 0.3826213 0.02589062 0.9840243
v 0.3774205 0.02991393 0.9979587
v 0.396065 0.06370309 1.014019
v 0.4123217 0.06435725 0.9942298
v 0.4246206 0.06703946 0.9777768
v 0.3707477 0.02611959 0.981015
v 0.3661683 0.03053543 0.9933466
v 0.3881165 0.03043726 0.9623377
v 0.3859904 0.02052623 0.9675059
v 0.3765373 0.02000287 0.964889
v 0.4205319 0.08126822 0.9788234
v 0.4052564 0.0872868 0.9955708
v 0.392794 0.0845392 1.013528
v 0.3833736 0.09497359 1.008557
v 0.4273682 0.07227305 0.9637115
v 0.4315878 0.06347409 0.9652816
v 0.416803 0.08839896 0.9783655
v 0.4120601 0.09559509 0.9788234
v 0.4203356 0.08882418 0.9652489
v 0.4179478 0.0960857 0.9687161
v 0.4274336 0.08175889 0.9671788
v 0.4123544 0.1019081 0.9665573
v 0.4058125 0.1015809 0.9761086
v 0.393023 0.0993894 0.9938699
v 0.4062377 0.07361415 0.9600481
v 0.3837661 0.07112822 0.9795431
v 0.3928595 0.05310515 0.9693704
v 0.408462 0.05647424 0.9590995
v 0.3967192 0.03805867 0.9687488
v 0.4129432 0.04240903 0.9633517
v 0.4222001 0.04450247 0.9561557
v 0.4191581 0.05585274 0.9545201
v 0.4203029 0.06465164 0.9540949
v 0.4007752 0.0959222 0.9668517
v 0.4081349 0.09657636 0.9602771
v 0.4113404 0.08630553 0.957922
v 0.3845184 0.09379604 0.9860196
v 0.3715981 0.07057211 0.9943932
v 0.3666589 0.05745551 0.9887673
v 0.3795139 0.0519276 0.971889
v 0.3705187 0.04011938 0.9735899
v 0.3626029 0.04410997 0.9865756
v 0.3744439 0.09052506 1.00087
v 0.3881165 0.03043726 0.9623377
v 0.3772242 0.02922699 0.9607676
v 0.4168684 0.07574025 0.9560248
v 0.393023 0.0993894 0.9938699
v 0.3845184 0.09379604 0.9860196
v 0.4007752 0.0959222 0.9668517
v 0.4058125 0.1015809 0.9761086
v 0.4081349 0.09657636 0.9602771
v 0.4123544 0.1019081 0.9665573
v 0.3833736 0.09497359 1.008557
v 0.3744439 0.09052506 1.00087
v 0.4203356 0.08882418 0.9652489
v 0.4081349 0.09657636 0.9602771
v 0.4113404 0.08630553 0.957922
v 0.4168684 0.07574025 0.9560248
v 0.4203029 0.06465164 0.9540949
v 0.4273682 0.07227305 0.9637115
v 0.4168684 0.07574025 0.9560248
v 0.4203029 0.06465164 0.9540949
v 0.4191581 0.05585274 0.9545201
v 0.4275972 0.05657235 0.9613237
v 0.4222001 0.04450247 0.9561557
v 0.4477464 0.06573108 0.9400297
v 0.4315878 0.06347409 0.9652816
v 0.4273682 0.07227305 0.9637115
v 0.4427745 0.07250199 0.9378709
v 0.4603396 0.06766096 0.9231515
v 0.4564472 0.07377771 0.9209599
v 0.4652461 0.07443187 0.9130442
v 0.4679283 0.06900206 0.914647
v 0.4725731 0.07145527 0.9083667
v 0.4477464 0.06573108 0.9400297
v 0.4413026 0.06108633 0.9353849
v 0.4275972 0.05657235 0.9613237
v 0.4315878 0.06347409 0.9652816
v 0.4555967 0.06393203 0.918245
v 0.4603396 0.06766096 0.9231515
v 0.4648209 0.06605819 0.9107872
v 0.4679283 0.06900206 0.914647
v 0.4725731 0.07145527 0.9083667
v 0.4652461 0.07443187 0.9130442
v 0.4616153 0.07031044 0.908661
v 0.4725731 0.07145527 0.9083667
v 0.4564472 0.07377771 0.9209599
v 0.4515734 0.06880578 0.9156936
v 0.4427745 0.07250199 0.9378709
v 0.4364615 0.06661424 0.9327027
v 0.4273682 0.07227305 0.9637115
v 0.4203029 0.06465164 0.9540949
v 0.4616153 0.07031044 0.908661
v 0.4648209 0.06605819 0.9107872
v 0.4725731 0.07145527 0.9083667
v 0.4555967 0.06393203 0.918245
v 0.4515734 0.06880578 0.9156936
v 0.4413026 0.06108633 0.9353849
v 0.4364615 0.06661424 0.9327027
v 0.4203029 0.06465164 0.9540949
v 0.4275972 0.05657235 0.9613237
v 0.3661683 0.03053543 0.9933466
v 0.3707477 0.02611959 0.981015
v 0.3705187 0.04011938 0.9735899
v 0.3626029 0.04410997 0.9865756
v 0.3772242 0.02922699 0.9607676
v 0.3765373 0.02000287 0.964889
v 0.4081349 0.09657636 0.9602771
v 0.4203356 0.08882418 0.9652489
v 0.4253729 0.0902634 0.9479455
v 0.421088 0.0960857 0.945623
v 0.4445081 0.09170261 0.9250159
v 0.4430689 0.09657636 0.9237729
v 0.4490875 0.09477732 0.9235113
v 0.4081349 0.09657636 0.9602771
v 0.421088 0.0960857 0.945623
v 0.4255365 0.1005015 0.9495809
v 0.4123544 0.1019081 0.9665573
v 0.4463072 0.09840813 0.9266514
v 0.4430689 0.09657636 0.9237729
v 0.4490875 0.09477732 0.9235113
v 0.4490875 0.09477732 0.9235113
v 0.4473211 0.09369794 0.9274365
v 0.4463072 0.09840813 0.9266514
v 0.4445081 0.09170261 0.9250159
v 0.4255365 0.1005015 0.9495809
v 0.4293635 0.0953007 0.9514781
v 0.4123544 0.1019081 0.9665573
v 0.4179478 0.0960857 0.9687161
v 0.4203356 0.08882418 0.9652489
v 0.4253729 0.0902634 0.9479455
v 0.3881165 0.03043726 0.9623377
v 0.3772242 0.02922699 0.9607676
v 0.3812802 0.02157295 0.948109
v 0.389981 0.02268508 0.9506603
v 0.39178 0.01319924 0.938983
v 0.3842895 0.01280674 0.9371512
v 0.3886072 0.004007816 0.933913
v 0.3765373 0.02000287 0.964889
v 0.3809204 0.01346093 0.95138
v 0.3812802 0.02157295 0.948109
v 0.3772242 0.02922699 0.9607676
v 0.3842895 0.01280674 0.9371512
v 0.3840278 0.007769436 0.9409456
v 0.3886072 0.004007816 0.933913
v 0.3859904 0.02052623 0.9675059
v 0.3887053 0.01444221 0.9539968
v 0.3809204 0.01346093 0.95138
v 0.3765373 0.02000287 0.964889
v 0.389981 0.02268508 0.9506603
v 0.3881165 0.03043726 0.9623377
v 0.3840278 0.007769436 0.9409456
v 0.390766 0.007540464 0.9429082
v 0.3886072 0.004007816 0.933913
v 0.39178 0.01319924 0.938983
v 0.4376391 0.05768451 0.9395391
v 0.4450315 0.05372658 0.9430717
v 0.4319149 0.04976872 0.9637443
v 0.4275972 0.05657235 0.9613237
v 0.4308355 0.04293242 0.9621087
v 0.4445081 0.04708651 0.9418614
v 0.4360036 0.04859117 0.9370859
v 0.4222001 0.04450247 0.9561557
v 0.4607649 0.05784807 0.9225299
v 0.4606994 0.05215654 0.9214178
v 0.4656059 0.05771717 0.9114087
v 0.4551388 0.05369392 0.916217
v 0.4563817 0.06059566 0.9184413
v 0.4369195 0.07551131 0.9391465
v 0.4307046 0.07940373 0.9360391
v 0.4168684 0.07574025 0.9560248
v 0.4273682 0.07227305 0.9637115
v 0.4449988 0.08090839 0.9187356
v 0.4499706 0.0771468 0.9220394
v 0.4576901 0.07845518 0.914189
v 0.4538631 0.08215138 0.9112451
v 0.4625966 0.08332893 0.9101003
v 0.4203356 0.08882418 0.9652489
v 0.4168684 0.07574025 0.9560248
v 0.4307046 0.07940373 0.9360391
v 0.4354148 0.08715597 0.9402586
v 0.4493819 0.08718869 0.9231842
v 0.4449988 0.08090839 0.9187356
v 0.4579518 0.08705786 0.9150068
v 0.4538631 0.08215138 0.9112451
v 0.4625966 0.08332893 0.9101003
v 0.4625966 0.08332893 0.9101003
v 0.461092 0.08195511 0.9173619
v 0.4579518 0.08705786 0.9150068
v 0.4576901 0.07845518 0.914189
v 0.4493819 0.08718869 0.9231842
v 0.4542556 0.08195511 0.926128
v 0.4420876 0.08188972 0.9431372
v 0.4354148 0.08715597 0.9402586
v 0.4274336 0.08175889 0.9671788
v 0.4203356 0.08882418 0.9652489
v 0.4369195 0.07551131 0.9391465
v 0.4273682 0.07227305 0.9637115
v 0.4499706 0.0771468 0.9220394
v 0.4376391 0.05768451 0.9395391
v 0.4275972 0.05657235 0.9613237
v 0.4222001 0.04450247 0.9561557
v 0.4360036 0.04859117 0.9370859
v 0.4563817 0.06059566 0.9184413
v 0.4551388 0.05369392 0.916217
v 0.4656059 0.05771717 0.9114087
v 0.4246206 0.06703946 0.9777768
v 0.4315878 0.06347409 0.9652816
v 0.4275972 0.05657235 0.9613237
v 0.4222001 0.04450247 0.9561557
v 0.05267817 0.06703946 0.07515147
v 0.07560769 0.09409043 0.07534775
v 0.07760298 0.06785724 0.07511881
v 0.05248192 0.09409043 0.07538047
v 0.06422469 0.1412252 0.07547858
v 0.07760298 0.06785724 0.07511881
v 0.07560769 0.09409043 0.07534775
v 0.06186959 0.06746468 0.003091931
v 0.06072477 0.1316085 0.003419042
v 0.06422469 0.1412252 0.07547858
v 0.06422469 0.1412252 0.07547858
v 0.05248192 0.09409043 0.07538047
v 0.06072477 0.1316085 0.003419042
v 0.06186959 0.06746468 0.003091931
v 0.05267817 0.06703946 0.07515147
v 0.05267817 0.06703946 0.07515147
v 0.07760298 0.06785724 0.07511881
v 0.06186959 0.06746468 0.003091931
v 0.08401409 -0.03622517 0.7748455
v 0.1265368 0.02320844 0.7755978
v 0.1169528 0.02912888 0.7036692
v 0.07770112 -0.02062261 0.7012159
v 0.02006656 0.001619995 0.7743549
v 0.0201647 0.01257777 0.7036364
v 0.1042941 0.07407209 0.7059261
v 0.1133547 0.07351598 0.7754997
v 0.0504539 0.08133361 0.7067438
v 0.05437908 0.07861874 0.7745512
v 0.02006656 0.001619995 0.7743549
v 0.0201647 0.01257777 0.7036364
v 0.1110978 0.04110065 0.6265723
v 0.07416847 -0.00521633 0.618951
v 0.1012194 0.08352521 0.6340955
v 0.05264544 0.09359977 0.63596
v 0.02330482 0.02984849 0.6252966
v 0.06710315 0.1135854 0.4900091
v 0.03576723 0.05621257 0.475486
v 0.1170509 0.05542752 0.4732944
v 0.1071399 0.09814641 0.4871306
v 0.0894112 0.07855329 0.2905451
v 0.09431767 0.05245093 0.2906105
v 0.08156085 0.0184001 0.469958
v 0.07282737 0.02598876 0.2919516
v 0.04423904 0.05254903 0.2931292
v 0.03576723 0.05621257 0.475486
v 0.05228564 0.02229255 0.196014
v 0.03550556 0.04810056 0.195
v 0.08712152 0.04790428 0.194542
v 0.08391598 0.07632902 0.1958504
v 0.06746298 0.0886279 0.291461
v 0.04423904 0.05254903 0.2931292
v 0.04695398 0.07443187 0.1968317
v 0.02330482 0.02984849 0.6252966
v 0.08564958 0.03037187 0.1479307
v 0.05051932 0.01653564 0.1577436
v 0.03256169 0.03145126 0.1476363
v 0.06743026 0.08192238 0.1966682
v 0.03550556 0.04810056 0.195
v 0.1265368 0.02320844 0.7755978
v 0.08401409 -0.03622517 0.7748455
v 0.0883972 -0.04803339 0.8307464
v 0.1349759 0.01120394 0.8324801
v 0.1133547 0.07351598 0.7754997
v 0.1207471 0.06743202 0.8328398
v 0.06396303 0.08159533 0.8304847
v 0.05437908 0.07861874 0.7745512
v 0.01964134 -8.091331E-05 0.823583
v 0.02006656 0.001619995 0.7743549
v 0.01964134 -8.091331E-05 0.823583
v 0.02006656 0.001619995 0.7743549
v 0.02114597 -0.03557098 0.001292914
v 0.06903303 -0.05617809 0.001292914
v 0.09150463 0.01535809 0.007540464
v 0.03200561 0.01862907 0.008096516
v 0.04073912 -0.08090666 0.001292914
v 0.0870561 0.0399231 0.06697407
v 0.04299608 0.04204926 0.06926373
v 0.08875701 0.06667969 0.0849317
v 0.04224375 0.06569836 0.08552048
v 0.05051932 0.01653564 0.1577436
v 0.08564958 0.03037187 0.1479307
v 0.07223859 -0.003155619 0.1052118
v 0.0430288 -0.005379885 0.1137817
v 0.073318 -0.02762252 0.05156776
v 0.03858027 -0.03527659 0.0550023
v 0.08973831 -0.0101555 0.0446333
v 0.09137377 0.0184001 0.07600197
v 0.03256169 0.03145126 0.1476363
v 0.02664122 0.01460576 0.07874957
v 0.02860379 0.04908183 0.1174125
v 0.02111328 -0.002337873 0.04931077
v 0.01790771 -0.03629059 0.01143292
v 0.07227129 -0.05640706 0.01143292
v 0.03678122 0.03508207 0.07348332
v 0.03916904 0.06128255 0.09176806
v 0.08790654 0.03334847 0.07201138
v 0.09559333 0.05039021 0.1142396
v 0.0917663 0.06177321 0.09389415
v 0.09529895 0.008946985 0.01640481
v 0.04136059 -0.06877136 0.02265236
v 0.02516928 0.01368991 0.01676461
v 0.04695398 0.07443187 0.1968317
v 0.03550556 0.04810056 0.195
v 0.0309262 0.07655802 0.1552249
v 0.06743026 0.08192238 0.1966682
v 0.03256169 0.03145126 0.1476363
v 0.02860379 0.04908183 0.1174125
v 0.03916904 0.06128255 0.09176806
v 0.04086995 0.08336166 0.1041977
v 0.04224375 0.06569836 0.08552048
v 0.03678122 0.03508207 0.07348332
v 0.04299608 0.04204926 0.06926373
v 0.04224375 0.06569836 0.08552048
v 0.03916904 0.06128255 0.09176806
v 0.03200561 0.01862907 0.008096516
v 0.02516928 0.01368991 0.01676461
v 0.02114597 -0.03557098 0.001292914
v 0.01790771 -0.03629059 0.01143292
v 0.0397251 -0.08241132 0.01143292
v 0.04073912 -0.08090666 0.001292914
v 0.06903303 -0.05617809 0.001292914
v 0.07227129 -0.05640706 0.01143292
v 0.09529895 0.008946985 0.01640481
v 0.09150463 0.01535809 0.007540464
v 0.04136059 -0.06877136 0.02265236
v 0.08790654 0.03334847 0.07201138
v 0.0870561 0.0399231 0.06697407
v 0.08875701 0.06667969 0.0849317
v 0.0917663 0.06177321 0.09389415
v 0.08833179 0.08385226 0.1035435
v 0.0917663 0.06177321 0.09389415
v 0.09559333 0.05039021 0.1142396
v 0.09827554 0.07780096 0.1530334
v 0.08875701 0.06667969 0.0849317
v 0.08564958 0.03037187 0.1479307
v 0.08712152 0.04790428 0.194542
v 0.08391598 0.07632902 0.1958504
v 0.06743026 0.08192238 0.1966682
v 0.06870595 0.09101573 0.2079203
v 0.07011247 0.09602031 0.2530271
v 0.05709398 0.08745036 0.2474337
v 0.08084124 0.08169344 0.2460926
v 0.08378512 0.07744119 0.2067428
v 0.06736484 0.09834269 0.1812619
v 0.05117351 0.08254388 0.208182
v 0.04937449 0.09095028 0.1761919
v 0.06890219 0.1191788 0.1622575
v 0.0309262 0.07655802 0.1552249
v 0.06576207 0.1047538 0.1098892
v 0.04086995 0.08336166 0.1041977
v 0.09827554 0.07780096 0.1530334
v 0.08833179 0.08385226 0.1035435
v 0.06422469 0.09615114 0.08264205
v 0.04803339 0.0838196 0.08251116
v 0.04224375 0.06569836 0.08552048
v 0.079631 0.08385226 0.08251116
v 0.08875701 0.06667969 0.0849317
v 0.08286926 0.09000173 0.1739022
v 0.05709398 0.08745036 0.2474337
v 0.07011247 0.09602031 0.2530271
v 0.08084124 0.08169344 0.2460926
v 0.05117351 0.08254388 0.208182
v 0.08378512 0.07744119 0.2067428
v 0.09827554 0.07780096 0.1530334
v 0.0309262 0.07655802 0.1552249
v 0.04803339 0.0838196 0.08251116
v 0.04224375 0.06569836 0.08552048
v 0.08875701 0.06667969 0.0849317
v 0.079631 0.08385226 0.08251116
v 0.06422469 0.09615114 0.08264205
v 0.07681796 0.01758236 0.1998737
v 0.08937851 0.03609607 0.1600987
v 0.05405197 -0.01663202 0.1611781
v 0.09477559 0.04515669 0.1729863
v 0.05065015 -0.03511304 0.100567
v 0.1019717 0.04339036 0.126931
v 0.07681796 0.01758236 0.1998737
v 0.05405197 -0.01663202 0.1611781
v 0.04041201 0.02108228 0.2010513
v 0.04041201 0.02108228 0.2010513
v 0.05405197 -0.01663202 0.1611781
v 0.02938884 0.04185298 0.1619631
v 0.02651039 0.05173132 0.1751452
v 0.05065015 -0.03511304 0.100567
v 0.01669747 0.05160049 0.1295805
v 0.09062147 0.007409632 1.482717
v 0.09696716 0.02569437 1.503913
v 0.09732696 0.02834383 1.498679
v 0.09192985 0.01316655 1.481703
v 0.09297657 0.02118042 1.465773
v 0.09206069 0.01859635 1.460442
v 0.09922412 0.04332492 1.468783
v 0.09958392 0.04594168 1.463484
vt 0.2174382 0.8847511
vt 0.1738546 0.9021846
vt 0.2474625 0.9031531
vt 0.2513365 0.8702233
vt 0.3239759 0.8876567
vt 0.26877 0.8440732
vt 0.3239759 0.8421361
vt 0.3636853 0.8876567
vt 0.3636853 0.8421361
vt 0.3239759 0.8208286
vt 0.3636853 0.8082378
vt 0.3627168 0.917681
vt 0.3036368 0.917681
vt 0.3036368 0.9263977
vt 0.3627168 0.9263977
vt 0.2271235 0.917681
vt 0.2271235 0.9263977
vt 0.1728861 0.9215551
vt 0.1728861 0.9263977
vt 0.1409248 0.9215551
vt 0.1477045 0.8043637
vt 0.1757917 0.8043637
vt 0.1757917 0.8256712
vt 0.1322081 0.8266397
vt 0.2222808 0.8043637
vt 0.2222808 0.8256712
vt 0.26877 0.8043637
vt 0.26877 0.8256712
vt 0.1167117 0.8043637
vt 0.07990782 0.8043637
vt 0.08281339 0.8421361
vt 0.01307967 0.8518214
vt 0.01501672 0.8043637
vt 0.5786976 0.8247027
vt 0.594194 0.8421361
vt 0.594194 0.8673177
vt 0.5786976 0.8857197
vt 0.5554531 0.8905623
vt 0.5554531 0.81986
vt 0.5244603 0.8537584
vt 0.5186491 0.8692548
vt 0.5186491 0.8392305
vt 0.5041213 0.8334194
vt 0.5041213 0.8750659
vt 0.05956881 0.9874147
vt 0.1128376 0.9874147
vt 0.1128376 0.9293033
vt 0.05956881 0.9293033
vt 0.009205572 0.9874147
vt 0.009205572 0.9293033
vt 0.1738546 0.9389885
vt 0.1719176 0.9874147
vt 0.250368 0.9874147
vt 0.2619903 0.9293033
vt 0.309448 0.9874147
vt 0.3230073 0.9293033
vt 0.3627168 0.9874147
vt 0.3627168 0.9293033
vt 0.2106586 0.8556954
vt 0.2058159 0.8818456
vt 0.1593268 0.8924994
vt 0.2329346 0.8615066
vt 0.1573897 0.856664
vt 0.2213123 0.836325
vt 0.1573897 0.836325
vt 0.1147747 0.836325
vt 0.1205858 0.8556954
vt 0.106058 0.8624751
vt 0.1273655 0.8847511
vt 0.09346715 0.836325
vt 0.2561792 0.836325
vt 0.4063004 0.8866882
vt 0.4305135 0.8866882
vt 0.4372931 0.817923
vt 0.4063004 0.817923
vt 0.4063004 0.8004896
vt 0.3753076 0.817923
vt 0.3830558 0.8866882
vt 0.4072689 0.917681
vt 0.4508525 0.8314824
vt 0.4508525 0.7985525
vt 0.4702229 0.8266397
vt 0.4818453 0.7985525
vt 0.5012157 0.8188915
vt 0.5138065 0.7985525
vt 0.5225232 0.838262
vt 0.5467363 0.81986
vt 0.5467363 0.8818456
vt 0.5525475 0.7985525
vt 0.5670753 0.8111433
vt 0.592257 0.7985525
vt 0.592257 0.815986
vt 0.592257 0.8324509
vt 0.4421358 0.8934679
vt 0.4653803 0.8905623
vt 0.4576322 0.8818456
vt 0.4886249 0.9205865
vt 0.4818453 0.8924994
vt 0.5060583 0.87894
vt 0.553516 0.897342
vt 0.5612642 0.9225236
vt 0.6087219 0.9089643
vt 0.3268814 0.5157436
vt 0.3181647 0.4247023
vt 0.2445569 0.4247023
vt 0.2445569 0.5157436
vt 0.1147747 0.4247023
vt 0.1147747 0.5157436
vt 0.0063 0.5157436
vt 0.0063 0.4247023
vt 0.309448 0.3433463
vt 0.3530316 0.3714335
vt 0.3549686 0.4247023
vt 0.2668329 0.3433463
vt 0.2232494 0.3433463
vt 0.1796658 0.3433463
vt 0.1360822 0.3433463
vt 0.09346715 0.3433463
vt 0.04988357 0.3433463
vt 0.0063 0.3433463
vt 0.02760753 0.3259129
vt 0.0711911 0.3259129
vt 0.1138062 0.3259129
vt 0.1573897 0.3259129
vt 0.2009733 0.3259129
vt 0.2435884 0.3259129
vt 0.2871719 0.3259129
vt 0.3549686 0.5157436
vt 0.3549686 0.5467363
vt 0.3230073 0.5467363
vt 0.2445569 0.5467363
vt 0.1157432 0.5467363
vt 0.0063 0.5467363
vt 0.3230073 0.5583586
vt 0.2445569 0.5583586
vt 0.1157432 0.5583586
vt 0.0063 0.5583586
vt 0.3801502 0.5312399
vt 0.3801502 0.5467363
vt 0.3307555 0.3259129
vt 0.3530316 0.3433463
vt 0.6077533 0.0063
vt 0.6716759 0.04407243
vt 0.6784556 0.0063
vt 0.5883828 0.04407243
vt 0.5486734 0.0063
vt 0.5486734 0.04407243
vt 0.7636857 0.0063
vt 0.7559375 0.04407243
vt 0.8450417 0.0063
vt 0.8372935 0.04407243
vt 0.9244606 0.08571897
vt 0.9351144 0.0063
vt 0.8372935 0.04407243
vt 0.8450417 0.0063
vt 0.9941944 0.0063
vt 0.9941944 0.1031524
vt 0.4770026 0.4711915
vt 0.4770026 0.5021842
vt 0.5012157 0.4876564
vt 0.451821 0.4876564
vt 0.4072689 0.4711915
vt 0.4072689 0.5021842
vt 0.433419 0.4876564
vt 0.4770026 0.4711915
vt 0.4770026 0.5021842
vt 0.451821 0.4876564
vt 0.4072689 0.4711915
vt 0.4072689 0.5021842
vt 0.433419 0.4876564
vt 0.4770026 0.4711915
vt 0.4770026 0.5021842
vt 0.451821 0.4876564
vt 0.4072689 0.4711915
vt 0.4072689 0.5021842
vt 0.433419 0.4876564
vt 0.4770026 0.4711915
vt 0.4770026 0.5021842
vt 0.451821 0.4876564
vt 0.4072689 0.4711915
vt 0.4072689 0.5021842
vt 0.433419 0.4876564
vt 0.451821 0.4876564
vt 0.4770026 0.5021842
vt 0.4770026 0.4711915
vt 0.433419 0.4876564
vt 0.4072689 0.5021842
vt 0.4072689 0.4711915
vt 0.433419 0.4876564
vt 0.4072689 0.5021842
vt 0.4072689 0.4711915
vt 0.451821 0.4876564
vt 0.4770026 0.5021842
vt 0.4770026 0.4711915
vt 0.451821 0.4876564
vt 0.4770026 0.5021842
vt 0.4770026 0.4711915
vt 0.433419 0.4876564
vt 0.4072689 0.5021842
vt 0.4072689 0.4711915
vt 0.6096904 0.7326929
vt 0.6619906 0.7859617
vt 0.6523054 0.7326929
vt 0.6290609 0.7859617
vt 0.6900778 0.7326929
vt 0.6900778 0.7859617
vt 0.6900778 0.6387461
vt 0.6077533 0.5835402
vt 0.5632012 0.6213127
vt 0.5244603 0.5050898
vt 0.6280923 0.3869299
vt 0.6687703 0.3927411
vt 0.6687703 0.3588427
vt 0.6280923 0.3462519
vt 0.7123539 0.3588427
vt 0.6687703 0.3220388
vt 0.6280923 0.3162276
vt 0.6658648 0.2862034
vt 0.6377776 0.2900775
vt 0.6377776 0.2639274
vt 0.6629592 0.2629589
vt 0.693952 0.2697385
vt 0.6891093 0.2571477
vt 0.7123539 0.2726441
vt 0.7123539 0.291046
vt 0.7123539 0.3220388
vt 0.7123539 0.3937096
vt 0.61647 0.291046
vt 0.61647 0.3259129
vt 0.6629592 0.2251864
vt 0.6891093 0.248431
vt 0.6891093 0.2232494
vt 0.6377776 0.2251864
vt 0.61647 0.2639274
vt 0.61647 0.2368087
vt 0.61647 0.2009733
vt 0.6377776 0.1912881
vt 0.61647 0.187414
vt 0.6871723 0.1786973
vt 0.6707074 0.1883825
vt 0.6561795 0.1622324
vt 0.6726444 0.1525471
vt 0.655211 0.1370507
vt 0.6726444 0.1351137
vt 0.6561795 0.1273655
vt 0.6813611 0.1447989
vt 0.634872 0.1583583
vt 0.634872 0.1196173
vt 0.5845088 0.2358402
vt 0.5845088 0.2639274
vt 0.5845088 0.2920146
vt 0.5845088 0.311385
vt 0.5845088 0.3239759
vt 0.5593271 0.311385
vt 0.5593271 0.3239759
vt 0.5593271 0.2920146
vt 0.5593271 0.2639274
vt 0.5593271 0.2358402
vt 0.5593271 0.1970992
vt 0.5845088 0.1980677
vt 0.8721604 0.6319664
vt 0.8721604 0.5525475
vt 0.8043637 0.5525475
vt 0.8169545 0.6193756
vt 0.7336614 0.5525475
vt 0.8063007 0.4469784
vt 0.8721604 0.4469784
vt 0.736567 0.4779711
vt 0.7336614 0.4237338
vt 0.8721604 0.3656224
vt 0.7995211 0.3782132
vt 0.8721604 0.3326926
vt 0.7297873 0.6029107
vt 0.7743394 0.6280923
vt 0.8886253 0.7249447
vt 0.9157439 0.7278503
vt 0.9157439 0.7414096
vt 0.8886253 0.7414096
vt 0.9157439 0.7123539
vt 0.8886253 0.7055742
vt 0.9157439 0.6987946
vt 0.8886253 0.6910464
vt 0.9157439 0.67555
vt 0.8886253 0.67555
vt 0.9922573 0.9322088
vt 0.9922573 0.87894
vt 0.9661072 0.8847511
vt 0.9661072 0.9322088
vt 0.9699813 0.7888673
vt 0.9525478 0.7985525
vt 0.9273662 0.7307559
vt 0.9554534 0.7152595
vt 0.9515793 0.6726444
vt 0.9225236 0.6707074
vt 0.9225236 0.6397146
vt 0.9525478 0.6397146
vt 0.9922573 0.7849932
vt 0.9922573 0.6368091
vt 0.9922573 0.6687703
vt 0.9922573 0.7123539
vt 0.6397146 0.4779711
vt 0.6096904 0.431482
vt 0.5525475 0.4179227
vt 0.5525475 0.492499
vt 0.6813611 0.431482
vt 0.6309979 0.4053319
vt 0.5525475 0.3675594
vt 0.7152595 0.431482
vt 0.7152595 0.4779711
vt 0.7152595 0.5525475
vt 0.6377776 0.5428622
vt 0.7152595 0.5970995
vt 0.8004896 0.7588431
vt 0.7927414 0.7588431
vt 0.8004896 0.8101748
vt 0.7927414 0.7036372
vt 0.8004896 0.7036372
vt 0.7927414 0.6358405
vt 0.8004896 0.6358405
vt 0.7927414 0.8101748
vt 0.8004896 0.858601
vt 0.7927414 0.858601
vt 0.8004896 0.9322088
vt 0.7927414 0.9322088
vt 0.7123539 0.4237338
vt 0.8915308 0.6397146
vt 0.9157439 0.6619906
vt 0.9157439 0.6397146
vt 0.8886253 0.6619906
vt 0.8818456 0.919618
vt 0.8818456 0.8440732
vt 0.8498843 0.8440732
vt 0.8460102 0.7607801
vt 0.8818456 0.7607801
vt 0.8450417 0.7171965
vt 0.8818456 0.7171965
vt 0.8818456 0.6765185
vt 0.8527899 0.6765185
vt 0.8140489 0.7607801
vt 0.8140489 0.7171965
vt 0.8140489 0.6765185
vt 0.8140489 0.8440732
vt 0.8140489 0.919618
vt 0.8847511 0.6271238
vt 0.8527899 0.6358405
vt 0.8818456 0.6503684
vt 0.8140489 0.6513369
vt 0.8140489 0.6358405
vt 0.7171965 0.3772447
vt 0.736567 0.3772447
vt 0.7375355 0.3617483
vt 0.7171965 0.3578742
vt 0.7171965 0.3414093
vt 0.736567 0.3452834
vt 0.7307559 0.329787
vt 0.7171965 0.3288185
vt 0.7288188 0.3171962
vt 0.7171965 0.3171962
vt 0.7375355 0.3171962
vt 0.7452837 0.32785
vt 0.7578745 0.3481889
vt 0.7578745 0.3646539
vt 0.7540004 0.3772447
vt 0.9467367 0.5612642
vt 0.9263977 0.5602956
vt 0.9428626 0.6135645
vt 0.8934679 0.6232497
vt 0.8934679 0.5602956
vt 0.9263977 0.4479469
vt 0.8934679 0.4479469
vt 0.9263977 0.3656224
vt 0.8934679 0.3656224
vt 0.8934679 0.3326926
vt 0.980635 0.553516
vt 0.9932259 0.553516
vt 0.9932259 0.4469784
vt 0.980635 0.4469784
vt 0.980635 0.3646539
vt 0.9932259 0.3646539
vt 0.9932259 0.3559371
vt 0.9283348 0.3491575
vt 0.9283348 0.3617483
vt 0.05666324 0.716228
vt 0.05666324 0.7259132
vt 0.03632424 0.7259132
vt 0.03632424 0.716228
vt 0.03632424 0.7665913
vt 0.05666324 0.7665913
vt 0.08475044 0.7259132
vt 0.08184487 0.7665913
vt 0.106058 0.7259132
vt 0.106058 0.7665913
vt 0.01307967 0.7665913
vt 0.01307967 0.7259132
vt 0.1196173 0.7259132
vt 0.1196173 0.7665913
vt 0.01307967 0.716228
vt 0.106058 0.716228
vt 0.1196173 0.716228
vt 0.09056158 0.716228
vt 0.07312816 0.716228
vt 0.05666324 0.5990366
vt 0.08184487 0.5990366
vt 0.08184487 0.5748235
vt 0.05666324 0.5748235
vt 0.03632424 0.5990366
vt 0.03632424 0.5748235
vt 0.106058 0.5748235
vt 0.106058 0.5990366
vt 0.01404819 0.5990366
vt 0.01307967 0.5748235
vt 0.1196173 0.5748235
vt 0.1196173 0.5990366
vt 0.8479472 0.939957
vt 0.8479472 0.9912888
vt 0.817923 0.9912888
vt 0.817923 0.939957
vt 0.8886253 0.9912888
vt 0.8886253 0.939957
vt 0.8072693 0.9796665
vt 0.8072693 0.939957
vt 0.815986 0.939957
vt 0.815986 0.9796665
vt 0.1360822 0.7704654
vt 0.1612638 0.7559375
vt 0.1699805 0.7811191
vt 0.1951622 0.7559375
vt 0.1951622 0.7811191
vt 0.1380192 0.7908043
vt 0.1612638 0.7908043
vt 0.1244599 0.7510949
vt 0.1244599 0.6716759
vt 0.1951622 0.6716759
vt 0.1244599 0.5622327
vt 0.1951622 0.5970995
vt 0.2736126 0.6319664
vt 0.3259129 0.6290609
vt 0.2736126 0.6009737
vt 0.3084795 0.6048477
vt 0.2987942 0.5883828
vt 0.2736126 0.5786976
vt 0.2736126 0.5622327
vt 0.2978257 0.5622327
vt 0.3307555 0.6513369
vt 0.2736126 0.6707074
vt 0.331724 0.6891093
vt 0.3191332 0.7336614
vt 0.2736126 0.7326929
vt 0.2736126 0.7617486
vt 0.2997628 0.7627171
vt 0.2736126 0.7849932
vt 0.7017002 0.6445572
vt 0.7017002 0.6077533
vt 0.714291 0.6445572
vt 0.714291 0.6862038
vt 0.7017002 0.6862038
vt 0.714291 0.73463
vt 0.714291 0.6077533
vt 0.8944364 0.3162276
vt 0.9467367 0.3162276
vt 0.9506108 0.2939516
vt 0.8944364 0.2939516
vt 0.9941944 0.3162276
vt 0.9941944 0.2939516
vt 0.8944364 0.3162276
vt 0.8944364 0.2939516
vt 0.8644122 0.2939516
vt 0.8644122 0.3162276
vt 0.3675594 0.5951625
vt 0.3743391 0.5767606
vt 0.3569057 0.5728865
vt 0.3917725 0.5970995
vt 0.3588427 0.6387461
vt 0.3423778 0.6368091
vt 0.3423778 0.7075113
vt 0.3472204 0.7036372
vt 0.3423778 0.5883828
vt 0.3791817 0.6406831
vt 0.3956466 0.5806347
vt 0.3423778 0.573855
vt 0.3423778 0.5602956
vt 0.7636857 0.7443152
vt 0.7636857 0.8663492
vt 0.775308 0.8663492
vt 0.775308 0.797584
vt 0.775308 0.7443152
vt 0.7636857 0.6368091
vt 0.775308 0.6368091
vt 0.775308 0.9389885
vt 0.7636857 0.9418941
vt 0.4828138 0.6455258
vt 0.449884 0.6455258
vt 0.449884 0.6038792
vt 0.4673174 0.6038792
vt 0.4711915 0.5709494
vt 0.449884 0.5680438
vt 0.4866879 0.5777291
vt 0.4973416 0.6038792
vt 0.4983101 0.7249447
vt 0.449884 0.7249447
vt 0.4024263 0.7249447
vt 0.4179227 0.6455258
vt 0.3917725 0.7888673
vt 0.449884 0.7888673
vt 0.5089639 0.7888673
vt 0.3869299 0.6455258
vt 0.3414093 0.7249447
vt 0.2862034 0.7888673
vt 0.5593271 0.7249447
vt 0.614533 0.7888673
vt 0.4033948 0.6038792
vt 0.4324505 0.6038792
vt 0.4217968 0.5748235
vt 0.5138065 0.6455258
vt 0.7530319 0.8886253
vt 0.7472208 0.8537584
vt 0.7588431 0.8740974
vt 0.7588431 0.8537584
vt 0.7588431 0.8150175
vt 0.7472208 0.8150175
vt 0.7588431 0.7317244
vt 0.7472208 0.7317244
vt 0.7472208 0.6358405
vt 0.7588431 0.6358405
vt 0.8944364 0.2629589
vt 0.8644122 0.2629589
vt 0.8644122 0.2939516
vt 0.8944364 0.2939516
vt 0.9506108 0.2939516
vt 0.9593275 0.2658644
vt 0.9941944 0.2755497
vt 0.9941944 0.2629589
vt 0.9941944 0.2939516
vt 0.714291 0.9573905
vt 0.714291 0.939957
vt 0.7017002 0.9573905
vt 0.7017002 0.939957
vt 0.7017002 0.8934679
vt 0.714291 0.8934679
vt 0.7017002 0.8101748
vt 0.714291 0.81986
vt 0.714291 0.8101748
vt 0.9322088 0.3259129
vt 0.939957 0.3259129
vt 0.939957 0.3394722
vt 0.9322088 0.3394722
vt 0.9215551 0.3394722
vt 0.9215551 0.3259129
vt 0.958359 0.3259129
vt 0.958359 0.3394722
vt 0.9816036 0.3394722
vt 0.9816036 0.3259129
vt 0.9970999 0.3259129
vt 0.9970999 0.3394722
vt 0.7452837 0.8033952
vt 0.7326929 0.8033952
vt 0.7326929 0.8682863
vt 0.7452837 0.8682863
vt 0.7326929 0.7230077
vt 0.7452837 0.7230077
vt 0.7452837 0.6222812
vt 0.7326929 0.6222812
vt 0.7452837 0.9447997
vt 0.7326929 0.9447997
vt 0.7472208 0.6358405
vt 0.7472208 0.7317244
vt 0.7588431 0.7317244
vt 0.7588431 0.6358405
vt 0.7472208 0.8150175
vt 0.7588431 0.8150175
vt 0.7588431 0.8537584
vt 0.7472208 0.8537584
vt 0.7530319 0.8886253
vt 0.714291 0.8101748
vt 0.714291 0.7995211
vt 0.7017002 0.8101748
vt 0.7017002 0.7762765
vt 0.714291 0.7762765
vt 0.714291 0.7385041
vt 0.7017002 0.7385041
vt 0.9070272 0.3394722
vt 0.9050902 0.3394722
vt 0.9060587 0.3259129
vt 0.8983105 0.3259129
vt 0.9060587 0.3259129
vt 0.9215551 0.3259129
vt 0.9215551 0.3394722
vt 0.9070272 0.3394722
vt 0.331724 0.61647
vt 0.3152591 0.5874143
vt 0.331724 0.5864458
vt 0.3104165 0.5709494
vt 0.331724 0.5709494
vt 0.3268814 0.5651383
vt 0.3142906 0.5651383
vt 0.3065424 0.5651383
vt 0.3016998 0.5651383
vt 0.331724 0.5651383
vt 0.797584 0.9651387
vt 0.7782136 0.9554534
vt 0.7782136 0.9651387
vt 0.736567 0.9651387
vt 0.7782136 0.9651387
vt 0.7782136 0.9554534
vt 0.7394726 0.9554534
vt 0.1757917 0.5777291
vt 0.1719176 0.5709494
vt 0.1883825 0.5786976
vt 0.1883825 0.5854773
vt 0.4392302 0.9816036
vt 0.4799082 0.9816036
vt 0.4799082 0.9970999
vt 0.4392302 0.9970999
vt 0.4799082 0.9970999
vt 0.4799082 0.9816036
vt 0.4392302 0.9816036
vt 0.4392302 0.9970999
vt 0.4837823 0.9351144
vt 0.4973416 0.9796665
vt 0.4556951 0.9796665
vt 0.5409252 0.9263977
vt 0.5409252 0.9796665
vt 0.4556951 0.9796665
vt 0.4973416 0.9796665
vt 0.4837823 0.9351144
vt 0.5409252 0.9263977
vt 0.5409252 0.9796665
vt 0.5409252 0.9970999
vt 0.4799082 0.9970999
vt 0.4799082 0.9816036
vt 0.5409252 0.9816036
vt 0.4799082 0.9970999
vt 0.5409252 0.9970999
vt 0.5409252 0.9816036
vt 0.4799082 0.9816036
vt 0.5573901 0.9961314
vt 0.6387461 0.9893517
vt 0.6309979 0.9816036
vt 0.5573901 0.9864462
vt 0.5573901 0.9273662
vt 0.5573901 0.9370515
vt 0.6309979 0.9418941
vt 0.6387461 0.9341459
vt 0.5573901 0.9864462
vt 0.6309979 0.9816036
vt 0.6309979 0.9418941
vt 0.5573901 0.9370515
vt 0.6474628 0.9612646
vt 0.6309979 0.9418941
vt 0.6474628 0.9612646
vt 0.6590851 0.9612646
vt 0.6387461 0.9341459
vt 0.6590851 0.9612646
vt 0.6474628 0.9612646
vt 0.6309979 0.9816036
vt 0.6387461 0.9893517
vt 0.6319664 0.8421361
vt 0.6319664 0.8072693
vt 0.6581166 0.8072693
vt 0.6581166 0.8508528
vt 0.6871723 0.8072693
vt 0.6871723 0.8508528
vt 0.6319664 0.8886253
vt 0.6581166 0.8886253
vt 0.6038792 0.8886253
vt 0.6038792 0.8508528
vt 0.6871723 0.8886253
vt 0.6038792 0.8072693
vt 0.6319664 0.8072693
vt 0.6319664 0.8072693
vt 0.6038792 0.8072693
vt 0.6319664 0.8421361
vt 0.6038792 0.8508528
vt 0.6038792 0.8886253
vt 0.6319664 0.8886253
vt 0.6581166 0.8886253
vt 0.6581166 0.8508528
vt 0.6319664 0.8072693
vt 0.6581166 0.8072693
vt 0.6871723 0.8886253
vt 0.6871723 0.8508528
vt 0.6871723 0.8072693
vt 0.6319664 0.7985525
vt 0.6581166 0.7985525
vt 0.6581166 0.8072693
vt 0.6319664 0.8072693
vt 0.6871723 0.8072693
vt 0.693952 0.7985525
vt 0.6639277 0.9002476
vt 0.6639277 0.9709498
vt 0.673613 0.9709498
vt 0.673613 0.9002476
vt 0.6319664 0.7985525
vt 0.6319664 0.8072693
vt 0.6038792 0.8072693
vt 0.6038792 0.7985525
vt 0.6319664 0.7985525
vt 0.6038792 0.7985525
vt 0.6038792 0.8072693
vt 0.6319664 0.8072693
vt 0.673613 0.9002476
vt 0.6639277 0.9002476
vt 0.6639277 0.9709498
vt 0.673613 0.9709498
vt 0.6319664 0.7985525
vt 0.6319664 0.8072693
vt 0.6581166 0.8072693
vt 0.6581166 0.7985525
vt 0.6871723 0.8072693
vt 0.693952 0.7985525
vt 0.6871723 0.8886253
vt 0.6871723 0.8508528
vt 0.693952 0.8508528
vt 0.693952 0.8886253
vt 0.6871723 0.8072693
vt 0.693952 0.7985525
vt 0.693952 0.8508528
vt 0.693952 0.7985525
vt 0.6871723 0.8072693
vt 0.6871723 0.8508528
vt 0.693952 0.8886253
vt 0.6871723 0.8886253
vt 0.673613 0.9709498
vt 0.6639277 0.9709498
vt 0.6639277 0.9002476
vt 0.673613 0.9002476
vt 0.6639277 0.9709498
vt 0.6639277 0.9002476
vt 0.673613 0.9002476
vt 0.673613 0.9709498
vt 0.5467363 0.4653803
vt 0.4983101 0.4653803
vt 0.4983101 0.4770026
vt 0.5467363 0.4770026
vt 0.5467363 0.429545
vt 0.4983101 0.429545
vt 0.5467363 0.3782132
vt 0.4983101 0.3782132
vt 0.4983101 0.311385
vt 0.5467363 0.311385
vt 0.5467363 0.2271235
vt 0.4983101 0.2271235
vt 0.4983101 0.1496415
vt 0.5467363 0.1496415
vt 0.5467363 0.4857194
vt 0.5225232 0.1244599
vt 0.6290609 0.9050902
vt 0.6426202 0.9283348
vt 0.6426202 0.8963735
vt 0.6561795 0.9041216
vt 0.6290609 0.9205865
vt 0.6561795 0.919618
vt 0.6271238 0.9031531
vt 0.6290609 0.9050902
vt 0.6426202 0.8963735
vt 0.6426202 0.8934679
vt 0.6561795 0.9041216
vt 0.6581166 0.9021846
vt 0.6426202 0.8934679
vt 0.6426202 0.8963735
vt 0.6271238 0.9225236
vt 0.6426202 0.9312403
vt 0.6426202 0.9283348
vt 0.6290609 0.9205865
vt 0.6581166 0.9215551
vt 0.6561795 0.919618
vt 0.6426202 0.9283348
vt 0.6426202 0.9312403
vt 0.6290609 0.9050902
vt 0.6271238 0.9031531
vt 0.6271238 0.9225236
vt 0.6290609 0.9205865
vt 0.6581166 0.9021846
vt 0.6561795 0.9041216
vt 0.6561795 0.919618
vt 0.6581166 0.9215551
vt 0.5215547 0.106058
vt 0.5215547 0.007268524
vt 0.5409252 0.007268524
vt 0.5409252 0.106058
vt 0.1709491 0.2523051
vt 0.1980677 0.2445569
vt 0.2087215 0.2571477
vt 0.2087215 0.2881405
vt 0.1661064 0.2929831
vt 0.1661064 0.3210703
vt 0.2087215 0.3210703
vt 0.2581162 0.2852349
vt 0.2581162 0.2571477
vt 0.2581162 0.3210703
vt 0.1709491 0.2523051
vt 0.2087215 0.2571477
vt 0.1980677 0.2445569
vt 0.2087215 0.2881405
vt 0.1661064 0.2929831
vt 0.1661064 0.3210703
vt 0.2087215 0.3210703
vt 0.2581162 0.2571477
vt 0.2581162 0.2852349
vt 0.2581162 0.3210703
vt 0.2532736 0.2261549
vt 0.250368 0.2523051
vt 0.2213123 0.2523051
vt 0.2213123 0.2251864
vt 0.2213123 0.1728861
vt 0.250368 0.1728861
vt 0.2823293 0.2523051
vt 0.2832978 0.2309975
vt 0.3055739 0.2523051
vt 0.3055739 0.2271235
vt 0.3055739 0.1777287
vt 0.2823293 0.1777287
vt 0.3055739 0.126397
vt 0.2823293 0.126397
vt 0.2832978 0.2309975
vt 0.2532736 0.2261549
vt 0.2823293 0.1777287
vt 0.250368 0.1728861
vt 0.2823293 0.126397
vt 0.2823293 0.2523051
vt 0.250368 0.2523051
vt 0.2523051 0.2251864
vt 0.2213123 0.2251864
vt 0.2213123 0.2523051
vt 0.250368 0.2523051
vt 0.2213123 0.1728861
vt 0.250368 0.1728861
vt 0.2823293 0.2523051
vt 0.3055739 0.2523051
vt 0.2832978 0.2309975
vt 0.3055739 0.2271235
vt 0.3055739 0.1777287
vt 0.2823293 0.1777287
vt 0.2823293 0.126397
vt 0.3055739 0.126397
vt 0.2832978 0.2309975
vt 0.2823293 0.1777287
vt 0.2523051 0.2251864
vt 0.250368 0.1728861
vt 0.2823293 0.126397
vt 0.2823293 0.2523051
vt 0.250368 0.2523051
vt 0.1719176 0.2029104
vt 0.189351 0.1990363
vt 0.1699805 0.2358402
vt 0.1728861 0.2416513
vt 0.1990363 0.2387457
vt 0.2087215 0.1786973
vt 0.1951622 0.1641694
vt 0.2184067 0.1786973
vt 0.2184067 0.2339031
vt 0.2184067 0.2523051
vt 0.2087215 0.146736
vt 0.2184067 0.1293025
vt 0.1864454 0.1845084
vt 0.1719176 0.2029104
vt 0.1699805 0.2358402
vt 0.1806343 0.2242179
vt 0.1728861 0.2416513
vt 0.1990363 0.2387457
vt 0.1903196 0.1951622
vt 0.2087215 0.1786973
vt 0.1951622 0.1641694
vt 0.2184067 0.1786973
vt 0.2184067 0.2339031
vt 0.2184067 0.2523051
vt 0.2184067 0.1293025
vt 0.2087215 0.146736
vt 0.1864454 0.1845084
vt 0.2493995 0.7472208
vt 0.2493995 0.714291
vt 0.2000048 0.7113854
vt 0.2000048 0.7520634
vt 0.270707 0.736567
vt 0.2493995 0.6929834
vt 0.270707 0.6891093
vt 0.2493995 0.6610221
vt 0.2000048 0.6929834
vt 0.2000048 0.6716759
vt 0.2000048 0.6397146
vt 0.2493995 0.6329349
vt 0.270707 0.6319664
vt 0.270707 0.6639277
vt 0.2000048 0.6067848
vt 0.2000048 0.6397146
vt 0.2493995 0.6329349
vt 0.2493995 0.6077533
vt 0.270707 0.6319664
vt 0.270707 0.5835402
vt 0.2493995 0.571918
vt 0.2000048 0.5709494
vt 0.2493995 0.7840247
vt 0.270707 0.7878988
vt 0.270707 0.736567
vt 0.2493995 0.7472208
vt 0.2000048 0.7520634
vt 0.2000048 0.7849932
vt 0.7317244 0.2426198
vt 0.7239762 0.2416513
vt 0.7288188 0.2523051
vt 0.7375355 0.2426198
vt 0.73463 0.2523051
vt 0.7375355 0.228092
vt 0.7259132 0.2242179
vt 0.7394726 0.2523051
vt 0.7191336 0.2329346
vt 0.7394726 0.20969
vt 0.7288188 0.2106586
vt 0.714291 0.2222808
vt 0.7201021 0.2125956
vt 0.7520634 0.228092
vt 0.7520634 0.20969
vt 0.7501264 0.2426198
vt 0.7075113 0.2203438
vt 0.7123539 0.2106586
vt 0.7133225 0.2339031
vt 0.7084798 0.2329346
vt 0.7036372 0.2319661
vt 0.7617486 0.2416513
vt 0.7694968 0.2251864
vt 0.7675598 0.20969
vt 0.7811191 0.20969
vt 0.7520634 0.2523051
vt 0.7443152 0.2523051
vt 0.7675598 0.2416513
vt 0.7743394 0.2406828
vt 0.7675598 0.2523051
vt 0.7733709 0.2513365
vt 0.7598116 0.2523051
vt 0.7801506 0.2513365
vt 0.7801506 0.2397143
vt 0.7811191 0.2213123
vt 0.8063007 0.2435884
vt 0.8188915 0.2445569
vt 0.8227656 0.2329346
vt 0.8082378 0.2232494
vt 0.8334194 0.2416513
vt 0.8276082 0.2455254
vt 0.8266397 0.2523051
vt 0.817923 0.2513365
vt 0.8121119 0.2532736
vt 0.7888673 0.2406828
vt 0.7937099 0.2513365
vt 0.7859617 0.2513365
vt 0.7927414 0.2222808
vt 0.7917728 0.20969
vt 0.8072693 0.20969
vt 0.8285768 0.2271235
vt 0.817923 0.2106586
vt 0.8401991 0.2242179
vt 0.8295453 0.2087215
vt 0.8392305 0.2445569
vt 0.8489158 0.2435884
vt 0.8033952 0.2513365
vt 0.7811191 0.2213123
vt 0.7811191 0.2397143
vt 0.7888673 0.2406828
vt 0.7927414 0.2222808
vt 0.7859617 0.2513365
vt 0.7811191 0.2513365
vt 0.7917728 0.20969
vt 0.7811191 0.20969
vt 0.7937099 0.2532736
vt 0.7937099 0.2513365
vt 0.7859617 0.2513365
vt 0.8033952 0.2513365
vt 0.8121119 0.2532736
vt 0.8033952 0.2513365
vt 0.8053322 0.2532736
vt 0.8121119 0.2532736
vt 0.817923 0.2542421
vt 0.817923 0.2513365
vt 0.8266397 0.2523051
vt 0.7520634 0.2542421
vt 0.7443152 0.2542421
vt 0.7443152 0.26877
vt 0.7520634 0.26877
vt 0.7520634 0.2823293
vt 0.7443152 0.2823293
vt 0.7520634 0.291046
vt 0.7443152 0.291046
vt 0.7462522 0.2968572
vt 0.7404411 0.26877
vt 0.7443152 0.26877
vt 0.7443152 0.2542421
vt 0.7404411 0.2542421
vt 0.7443152 0.2823293
vt 0.7404411 0.2823293
vt 0.7443152 0.291046
vt 0.7404411 0.291046
vt 0.7462522 0.2968572
vt 0.8063007 0.291046
vt 0.8111433 0.2978257
vt 0.8111433 0.291046
vt 0.8111433 0.2823293
vt 0.8063007 0.2823293
vt 0.8111433 0.26877
vt 0.8063007 0.26877
vt 0.8063007 0.2542421
vt 0.8111433 0.2542421
vt 0.8111433 0.291046
vt 0.8111433 0.2978257
vt 0.815986 0.291046
vt 0.815986 0.2823293
vt 0.8111433 0.2823293
vt 0.8111433 0.26877
vt 0.815986 0.26877
vt 0.815986 0.2542421
vt 0.8111433 0.2542421
vt 0.7123539 0.2106586
vt 0.7055742 0.207753
vt 0.7007316 0.2213123
vt 0.7075113 0.2203438
vt 0.7007316 0.2329346
vt 0.7036372 0.2319661
vt 0.7859617 0.26877
vt 0.7917728 0.26877
vt 0.7917728 0.2542421
vt 0.7859617 0.2542421
vt 0.7917728 0.2920146
vt 0.7859617 0.2920146
vt 0.7878988 0.2958887
vt 0.7859617 0.2542421
vt 0.7811191 0.2542421
vt 0.7811191 0.26877
vt 0.7859617 0.26877
vt 0.7859617 0.2920146
vt 0.7811191 0.2920146
vt 0.7878988 0.2958887
vt 0.775308 0.2958887
vt 0.7801506 0.2920146
vt 0.7733709 0.2920146
vt 0.7694968 0.2920146
vt 0.7801506 0.26877
vt 0.7733709 0.26877
vt 0.7733709 0.2542421
vt 0.7694968 0.26877
vt 0.7694968 0.2542421
vt 0.7801506 0.2542421
vt 0.8489158 0.2493995
vt 0.8392305 0.2493995
vt 0.8392305 0.2590847
vt 0.8489158 0.2590847
vt 0.8489158 0.2697385
vt 0.8392305 0.2697385
vt 0.8440732 0.2755497
vt 0.7007316 0.2464939
vt 0.7036372 0.2464939
vt 0.7036372 0.2377772
vt 0.7007316 0.2377772
vt 0.7007316 0.2571477
vt 0.7036372 0.2571477
vt 0.7055742 0.2658644
vt 0.7084798 0.2464939
vt 0.7084798 0.2377772
vt 0.7036372 0.2377772
vt 0.7036372 0.2464939
vt 0.7113854 0.2464939
vt 0.7113854 0.2377772
vt 0.7036372 0.2571477
vt 0.7084798 0.2571477
vt 0.7055742 0.2658644
vt 0.7113854 0.2571477
vt 0.7336614 0.26877
vt 0.7375355 0.26877
vt 0.7375355 0.2542421
vt 0.7336614 0.2542421
vt 0.7278503 0.2542421
vt 0.7278503 0.26877
vt 0.7239762 0.26877
vt 0.7239762 0.2542421
vt 0.7336614 0.2862034
vt 0.7278503 0.2862034
vt 0.7307559 0.2949201
vt 0.7239762 0.2862034
vt 0.7375355 0.2862034
vt 0.8033952 0.2542421
vt 0.7995211 0.2542421
vt 0.7995211 0.26877
vt 0.8033952 0.26877
vt 0.8033952 0.2823293
vt 0.7995211 0.2823293
vt 0.8033952 0.291046
vt 0.7995211 0.291046
vt 0.8004896 0.2958887
vt 0.7946784 0.26877
vt 0.7995211 0.26877
vt 0.7995211 0.2542421
vt 0.7946784 0.2542421
vt 0.7946784 0.2823293
vt 0.7995211 0.2823293
vt 0.7946784 0.291046
vt 0.7995211 0.291046
vt 0.8004896 0.2958887
vt 0.7607801 0.2968572
vt 0.7665913 0.291046
vt 0.7588431 0.291046
vt 0.7549689 0.291046
vt 0.7665913 0.2823293
vt 0.7588431 0.2823293
vt 0.7665913 0.26877
vt 0.7588431 0.26877
vt 0.7665913 0.2542421
vt 0.7588431 0.2542421
vt 0.7549689 0.2542421
vt 0.7549689 0.26877
vt 0.7549689 0.2823293
vt 0.8256712 0.2542421
vt 0.8188915 0.2542421
vt 0.8188915 0.26877
vt 0.8256712 0.26877
vt 0.8188915 0.2862034
vt 0.8256712 0.2862034
vt 0.8217971 0.2949201
vt 0.7501264 0.2426198
vt 0.7394726 0.2523051
vt 0.7443152 0.2523051
vt 0.7239762 0.2513365
vt 0.3995207 0.08959306
vt 0.3995207 0.1002468
vt 0.3849929 0.1002468
vt 0.3849929 0.08959306
vt 0.3617483 0.09443568
vt 0.451821 0.08668749
vt 0.451821 0.02179638
vt 0.4266394 0.08668749
vt 0.3917725 0.02179638
vt 0.3917725 0.08668749
vt 0.3917725 0.08668749
vt 0.3917725 0.02179638
vt 0.4266394 0.08668749
vt 0.451821 0.02179638
vt 0.451821 0.08668749
vt 0.4014578 0.08959306
vt 0.4372931 0.09443568
vt 0.4014578 0.1002468
vt 0.1215544 0.2794237
vt 0.09249863 0.2794237
vt 0.09249863 0.3201017
vt 0.1215544 0.3201017
vt 0.1554527 0.3201017
vt 0.1554527 0.2794237
vt 0.07022258 0.2794237
vt 0.07022258 0.3201017
vt 0.04310391 0.3201017
vt 0.04310391 0.2794237
vt 0.0101741 0.2794237
vt 0.0101741 0.3201017
vt 0.1215544 0.2368087
vt 0.09249863 0.2368087
vt 0.07022258 0.2368087
vt 0.04310391 0.2368087
vt 0.0101741 0.2368087
vt 0.01598524 0.1535156
vt 0.04600948 0.1583583
vt 0.09249863 0.1535156
vt 0.07022258 0.1583583
vt 0.07022258 0.06925406
vt 0.09249863 0.06925406
vt 0.1215544 0.06925406
vt 0.1312396 0.026639
vt 0.1554527 0.06925406
vt 0.1554527 0.1535156
vt 0.1215544 0.1535156
vt 0.1564212 0.026639
vt 0.09249863 0.026639
vt 0.07022258 0.03148162
vt 0.046978 0.06925406
vt 0.01792229 0.06925406
vt 0.03148162 0.03148162
vt 0.1312396 0.0063
vt 0.0992783 0.0063
vt 0.1506101 0.0063
vt 0.05278915 0.03148162
vt 0.0101741 0.026639
vt 0.1554527 0.2368087
vt 0.8150175 0.1021839
vt 0.7840247 0.1021839
vt 0.7840247 0.1205858
vt 0.8140489 0.1205858
vt 0.7627171 0.1021839
vt 0.7627171 0.1205858
vt 0.7414096 0.1205858
vt 0.7385041 0.1021839
vt 0.7104169 0.1205858
vt 0.8469787 0.1205858
vt 0.8460102 0.1021839
vt 0.7026687 0.1021839
vt 0.3694965 0.05763176
vt 0.3733706 0.07797077
vt 0.3869299 0.07409668
vt 0.3849929 0.05860029
vt 0.3791817 0.08571897
vt 0.370465 0.04116686
vt 0.3830558 0.04019834
vt 0.3830558 0.03245015
vt 0.3694965 0.03245015
vt 0.2387457 0.1234914
vt 0.2155012 0.09153011
vt 0.2048474 0.1234914
vt 0.2426198 0.09637272
vt 0.2416513 0.05182062
vt 0.2135641 0.05375767
vt 0.1854769 0.08571897
vt 0.1951622 0.05763176
vt 0.2571477 0.1234914
vt 0.270707 0.06053734
vt 0.2736126 0.08475044
vt 0.2765182 0.1234914
vt 0.2668329 0.026639
vt 0.2145326 0.02276491
vt 0.2920146 0.1234914
vt 0.2920146 0.09346715
vt 0.1738546 0.09056158
vt 0.1816028 0.1234914
vt 0.1738546 0.1234914
vt 0.1738546 0.046978
vt 0.2387457 0.02276491
vt 0.2920146 0.04891505
vt 0.3065424 0.1157432
vt 0.3133221 0.08571897
vt 0.3191332 0.1099321
vt 0.2949201 0.1147747
vt 0.3394722 0.0992783
vt 0.3394722 0.07312816
vt 0.3394722 0.05860029
vt 0.3171962 0.05860029
vt 0.3394722 0.04600948
vt 0.5099324 0.007268524
vt 0.4837823 0.007268524
vt 0.4837823 0.01792229
vt 0.5099324 0.01792229
vt 0.4382617 0.01792229
vt 0.4382617 0.007268524
vt 0.390804 0.007268524
vt 0.390804 0.01792229
vt 0.350126 0.01792229
vt 0.350126 0.007268524
vt 0.3181647 0.007268524
vt 0.3181647 0.01792229
vt 0.2581162 0.01792229
vt 0.2581162 0.007268524
vt 0.350126 0.03245015
vt 0.2048474 0.007268524
vt 0.2048474 0.01792229
vt 0.1738546 0.01792229
vt 0.1738546 0.007268524
vt 0.3133221 0.08571897
vt 0.3394722 0.07312816
vt 0.3394722 0.05860029
vt 0.3171962 0.05860029
vt 0.3394722 0.04600948
vt 0.3394722 0.0992783
vt 0.3191332 0.1099321
vt 0.3065424 0.1157432
vt 0.2949201 0.1147747
vt 0.4866879 0.09249863
vt 0.4789397 0.1128376
vt 0.4866879 0.1128376
vt 0.4944361 0.1128376
vt 0.4973416 0.09249863
vt 0.4866879 0.0789393
vt 0.4760341 0.09249863
vt 0.4770026 0.07603373
vt 0.4857194 0.06344291
vt 0.4605377 0.06731701
vt 0.4857194 0.03729276
vt 0.4663489 0.03729276
vt 0.5099324 0.06731701
vt 0.5031527 0.03729276
vt 0.4857194 0.02470195
vt 0.47216 0.02470195
vt 0.4615062 0.026639
vt 0.4973416 0.02470195
vt 0.5079954 0.026639
vt 0.4963731 0.07603373
vt 0.5021842 0.128334
vt 0.5118694 0.128334
vt 0.5079954 0.1293025
vt 0.5118694 0.1196173
vt 0.5021842 0.1196173
vt 0.5118694 0.1089635
vt 0.5021842 0.1089635
vt 0.5176806 0.1031524
vt 0.5012157 0.1031524
vt 0.5012157 0.09443568
vt 0.5176806 0.09443568
vt 0.5089639 0.08862454
vt 0.3375352 0.1554527
vt 0.3530316 0.1273655
vt 0.3210703 0.1418934
vt 0.3181647 0.1506101
vt 0.3530316 0.09830978
vt 0.3084795 0.128334
vt 0.2958887 0.02179638
vt 0.2958887 0.04891505
vt 0.329787 0.03632424
vt 0.3685279 0.1554527
vt 0.3849929 0.1418934
vt 0.3530316 0.1273655
vt 0.3878984 0.1496415
vt 0.3530316 0.09830978
vt 0.3966151 0.128334
vt 0.4276079 0.9835406
vt 0.4227653 0.9767609
vt 0.4343876 0.9438311
vt 0.4431043 0.9438311
vt 0.3956466 0.9767609
vt 0.390804 0.9835406
vt 0.3743391 0.9438311
vt 0.3830558 0.9438311
vt 0.1738546 0.9021846
vt 0.2174382 0.8847511
vt 0.2513365 0.8702233
vt 0.2474625 0.9031531
vt 0.3239759 0.8876567
vt 0.26877 0.8440732
vt 0.3239759 0.8421361
vt 0.3636853 0.8876567
vt 0.3636853 0.8421361
vt 0.3636853 0.8082378
vt 0.3239759 0.8208286
vt 0.3627168 0.9263977
vt 0.3036368 0.9263977
vt 0.3036368 0.917681
vt 0.3627168 0.917681
vt 0.2271235 0.9263977
vt 0.2271235 0.917681
vt 0.1728861 0.9263977
vt 0.1728861 0.9215551
vt 0.1409248 0.9215551
vt 0.1757917 0.8256712
vt 0.1757917 0.8043637
vt 0.1477045 0.8043637
vt 0.1322081 0.8266397
vt 0.2222808 0.8256712
vt 0.2222808 0.8043637
vt 0.26877 0.8256712
vt 0.26877 0.8043637
vt 0.1167117 0.8043637
vt 0.07990782 0.8043637
vt 0.08281339 0.8421361
vt 0.01307967 0.8518214
vt 0.01501672 0.8043637
vt 0.5786976 0.8247027
vt 0.5786976 0.8857197
vt 0.594194 0.8673177
vt 0.594194 0.8421361
vt 0.5554531 0.81986
vt 0.5554531 0.8905623
vt 0.5244603 0.8537584
vt 0.5186491 0.8392305
vt 0.5186491 0.8692548
vt 0.5041213 0.8334194
vt 0.5041213 0.8750659
vt 0.05956881 0.9293033
vt 0.1128376 0.9293033
vt 0.1128376 0.9874147
vt 0.05956881 0.9874147
vt 0.009205572 0.9874147
vt 0.009205572 0.9293033
vt 0.1738546 0.9389885
vt 0.1719176 0.9874147
vt 0.250368 0.9874147
vt 0.2619903 0.9293033
vt 0.309448 0.9874147
vt 0.3230073 0.9293033
vt 0.3627168 0.9874147
vt 0.3627168 0.9293033
vt 0.2106586 0.8556954
vt 0.1593268 0.8924994
vt 0.2058159 0.8818456
vt 0.2329346 0.8615066
vt 0.1573897 0.856664
vt 0.2213123 0.836325
vt 0.1573897 0.836325
vt 0.1147747 0.836325
vt 0.1205858 0.8556954
vt 0.09346715 0.836325
vt 0.106058 0.8624751
vt 0.1273655 0.8847511
vt 0.2561792 0.836325
vt 0.4372931 0.817923
vt 0.4305135 0.8866882
vt 0.4063004 0.8866882
vt 0.4063004 0.817923
vt 0.4063004 0.8004896
vt 0.3753076 0.817923
vt 0.3830558 0.8866882
vt 0.4072689 0.917681
vt 0.4508525 0.8314824
vt 0.4702229 0.8266397
vt 0.4508525 0.7985525
vt 0.4818453 0.7985525
vt 0.5012157 0.8188915
vt 0.5138065 0.7985525
vt 0.5225232 0.838262
vt 0.5467363 0.81986
vt 0.5467363 0.8818456
vt 0.5525475 0.7985525
vt 0.5670753 0.8111433
vt 0.592257 0.7985525
vt 0.592257 0.815986
vt 0.592257 0.8324509
vt 0.4421358 0.8934679
vt 0.4576322 0.8818456
vt 0.4653803 0.8905623
vt 0.4886249 0.9205865
vt 0.4818453 0.8924994
vt 0.5060583 0.87894
vt 0.553516 0.897342
vt 0.5612642 0.9225236
vt 0.6087219 0.9089643
vt 0.3268814 0.5157436
vt 0.2445569 0.5157436
vt 0.2445569 0.4247023
vt 0.3181647 0.4247023
vt 0.1147747 0.4247023
vt 0.1147747 0.5157436
vt 0.0063 0.5157436
vt 0.0063 0.4247023
vt 0.2668329 0.3433463
vt 0.309448 0.3433463
vt 0.3530316 0.3714335
vt 0.3549686 0.4247023
vt 0.2232494 0.3433463
vt 0.1796658 0.3433463
vt 0.1360822 0.3433463
vt 0.09346715 0.3433463
vt 0.04988357 0.3433463
vt 0.0063 0.3433463
vt 0.3549686 0.5157436
vt 0.02760753 0.3259129
vt 0.0711911 0.3259129
vt 0.1138062 0.3259129
vt 0.1573897 0.3259129
vt 0.2009733 0.3259129
vt 0.3549686 0.5467363
vt 0.3230073 0.5467363
vt 0.2445569 0.5467363
vt 0.1157432 0.5467363
vt 0.0063 0.5467363
vt 0.3230073 0.5583586
vt 0.2445569 0.5583586
vt 0.1157432 0.5583586
vt 0.0063 0.5583586
vt 0.3801502 0.5312399
vt 0.3801502 0.5467363
vt 0.2435884 0.3259129
vt 0.2871719 0.3259129
vt 0.3307555 0.3259129
vt 0.3530316 0.3433463
vt 0.6077533 0.0063
vt 0.6784556 0.0063
vt 0.6716759 0.04407243
vt 0.5883828 0.04407243
vt 0.5486734 0.04407243
vt 0.5486734 0.0063
vt 0.7636857 0.0063
vt 0.7559375 0.04407243
vt 0.8450417 0.0063
vt 0.8372935 0.04407243
vt 0.9244606 0.08571897
vt 0.8372935 0.04407243
vt 0.9351144 0.0063
vt 0.8450417 0.0063
vt 0.9941944 0.0063
vt 0.9941944 0.1031524
vt 0.4770026 0.4711915
vt 0.5012157 0.4876564
vt 0.4770026 0.5021842
vt 0.451821 0.4876564
vt 0.4072689 0.4711915
vt 0.433419 0.4876564
vt 0.4072689 0.5021842
vt 0.4770026 0.4711915
vt 0.451821 0.4876564
vt 0.4770026 0.5021842
vt 0.4072689 0.4711915
vt 0.433419 0.4876564
vt 0.4072689 0.5021842
vt 0.4770026 0.4711915
vt 0.451821 0.4876564
vt 0.4770026 0.5021842
vt 0.4072689 0.4711915
vt 0.433419 0.4876564
vt 0.4072689 0.5021842
vt 0.4770026 0.4711915
vt 0.451821 0.4876564
vt 0.4770026 0.5021842
vt 0.4072689 0.4711915
vt 0.433419 0.4876564
vt 0.4072689 0.5021842
vt 0.451821 0.4876564
vt 0.4770026 0.4711915
vt 0.4770026 0.5021842
vt 0.433419 0.4876564
vt 0.4072689 0.4711915
vt 0.4072689 0.5021842
vt 0.433419 0.4876564
vt 0.4072689 0.4711915
vt 0.4072689 0.5021842
vt 0.451821 0.4876564
vt 0.4770026 0.4711915
vt 0.4770026 0.5021842
vt 0.451821 0.4876564
vt 0.4770026 0.4711915
vt 0.4770026 0.5021842
vt 0.433419 0.4876564
vt 0.4072689 0.4711915
vt 0.4072689 0.5021842
vt 0.6096904 0.7326929
vt 0.6523054 0.7326929
vt 0.6619906 0.7859617
vt 0.6290609 0.7859617
vt 0.6900778 0.7326929
vt 0.6900778 0.7859617
vt 0.6077533 0.5835402
vt 0.6900778 0.6387461
vt 0.5632012 0.6213127
vt 0.5244603 0.5050898
vt 0.6280923 0.3869299
vt 0.6280923 0.3462519
vt 0.6687703 0.3588427
vt 0.6687703 0.3927411
vt 0.7123539 0.3937096
vt 0.7123539 0.3588427
vt 0.7123539 0.3220388
vt 0.6687703 0.3220388
vt 0.6280923 0.3162276
vt 0.6658648 0.2862034
vt 0.6377776 0.2900775
vt 0.6377776 0.2639274
vt 0.6629592 0.2629589
vt 0.693952 0.2697385
vt 0.6891093 0.2571477
vt 0.7123539 0.291046
vt 0.7123539 0.2726441
vt 0.61647 0.291046
vt 0.6629592 0.2251864
vt 0.6891093 0.248431
vt 0.6891093 0.2232494
vt 0.6377776 0.2251864
vt 0.61647 0.2639274
vt 0.61647 0.2368087
vt 0.61647 0.2009733
vt 0.6377776 0.1912881
vt 0.61647 0.187414
vt 0.6871723 0.1786973
vt 0.6707074 0.1883825
vt 0.6561795 0.1622324
vt 0.6726444 0.1525471
vt 0.6726444 0.1351137
vt 0.655211 0.1370507
vt 0.6561795 0.1273655
vt 0.6813611 0.1447989
vt 0.634872 0.1583583
vt 0.634872 0.1196173
vt 0.5845088 0.2639274
vt 0.5845088 0.2358402
vt 0.5845088 0.1980677
vt 0.5593271 0.2358402
vt 0.5593271 0.1970992
vt 0.5593271 0.2639274
vt 0.5845088 0.2920146
vt 0.5845088 0.311385
vt 0.61647 0.3259129
vt 0.5845088 0.3239759
vt 0.5593271 0.311385
vt 0.5593271 0.3239759
vt 0.5593271 0.2920146
vt 0.8721604 0.6319664
vt 0.8169545 0.6193756
vt 0.8043637 0.5525475
vt 0.8721604 0.5525475
vt 0.7336614 0.5525475
vt 0.8063007 0.4469784
vt 0.8721604 0.4469784
vt 0.736567 0.4779711
vt 0.7336614 0.4237338
vt 0.7995211 0.3782132
vt 0.8721604 0.3656224
vt 0.8721604 0.3326926
vt 0.7297873 0.6029107
vt 0.7743394 0.6280923
vt 0.8886253 0.7249447
vt 0.8886253 0.7414096
vt 0.9157439 0.7414096
vt 0.9157439 0.7278503
vt 0.9157439 0.7123539
vt 0.8886253 0.7055742
vt 0.9157439 0.6987946
vt 0.8886253 0.6910464
vt 0.9157439 0.67555
vt 0.8886253 0.67555
vt 0.9661072 0.9322088
vt 0.9661072 0.8847511
vt 0.9922573 0.87894
vt 0.9922573 0.9322088
vt 0.9699813 0.7888673
vt 0.9525478 0.7985525
vt 0.9554534 0.7152595
vt 0.9273662 0.7307559
vt 0.9515793 0.6726444
vt 0.9225236 0.6707074
vt 0.9225236 0.6397146
vt 0.9525478 0.6397146
vt 0.9922573 0.7849932
vt 0.9922573 0.6368091
vt 0.9922573 0.6687703
vt 0.9922573 0.7123539
vt 0.6397146 0.4779711
vt 0.5525475 0.492499
vt 0.5525475 0.4179227
vt 0.6096904 0.431482
vt 0.6813611 0.431482
vt 0.6309979 0.4053319
vt 0.5525475 0.3675594
vt 0.7152595 0.4779711
vt 0.7152595 0.5525475
vt 0.6377776 0.5428622
vt 0.7152595 0.431482
vt 0.7152595 0.5970995
vt 0.8004896 0.7588431
vt 0.8004896 0.8101748
vt 0.7927414 0.7588431
vt 0.7927414 0.7036372
vt 0.8004896 0.7036372
vt 0.8004896 0.6358405
vt 0.7927414 0.6358405
vt 0.7927414 0.8101748
vt 0.8004896 0.858601
vt 0.7927414 0.858601
vt 0.7927414 0.9322088
vt 0.8004896 0.9322088
vt 0.7123539 0.4237338
vt 0.8915308 0.6397146
vt 0.9157439 0.6397146
vt 0.9157439 0.6619906
vt 0.8886253 0.6619906
vt 0.8818456 0.919618
vt 0.8498843 0.8440732
vt 0.8818456 0.8440732
vt 0.8460102 0.7607801
vt 0.8818456 0.7607801
vt 0.8818456 0.7171965
vt 0.8450417 0.7171965
vt 0.8527899 0.6765185
vt 0.8818456 0.6765185
vt 0.8140489 0.7171965
vt 0.8140489 0.7607801
vt 0.8140489 0.6765185
vt 0.8140489 0.8440732
vt 0.8140489 0.919618
vt 0.8818456 0.6503684
vt 0.8847511 0.6271238
vt 0.8527899 0.6358405
vt 0.8140489 0.6513369
vt 0.8140489 0.6358405
vt 0.736567 0.3772447
vt 0.7171965 0.3772447
vt 0.7171965 0.3578742
vt 0.7375355 0.3617483
vt 0.7171965 0.3414093
vt 0.736567 0.3452834
vt 0.7307559 0.329787
vt 0.7171965 0.3288185
vt 0.7288188 0.3171962
vt 0.7171965 0.3171962
vt 0.7452837 0.32785
vt 0.7578745 0.3481889
vt 0.7375355 0.3171962
vt 0.7578745 0.3646539
vt 0.7540004 0.3772447
vt 0.9467367 0.5612642
vt 0.9428626 0.6135645
vt 0.9263977 0.5602956
vt 0.8934679 0.6232497
vt 0.8934679 0.5602956
vt 0.8934679 0.4479469
vt 0.9263977 0.4479469
vt 0.8934679 0.3656224
vt 0.9263977 0.3656224
vt 0.8934679 0.3326926
vt 0.9932259 0.4469784
vt 0.9932259 0.553516
vt 0.980635 0.553516
vt 0.980635 0.4469784
vt 0.980635 0.3646539
vt 0.9932259 0.3646539
vt 0.9932259 0.3559371
vt 0.9283348 0.3617483
vt 0.9283348 0.3491575
vt 0.03632424 0.716228
vt 0.03632424 0.7259132
vt 0.05666324 0.7259132
vt 0.05666324 0.716228
vt 0.05666324 0.7665913
vt 0.03632424 0.7665913
vt 0.08184487 0.7665913
vt 0.08475044 0.7259132
vt 0.106058 0.7665913
vt 0.106058 0.7259132
vt 0.01307967 0.7665913
vt 0.01307967 0.7259132
vt 0.1196173 0.7665913
vt 0.1196173 0.7259132
vt 0.01307967 0.716228
vt 0.1196173 0.716228
vt 0.106058 0.716228
vt 0.09056158 0.716228
vt 0.07312816 0.716228
vt 0.08184487 0.5748235
vt 0.08184487 0.5990366
vt 0.05666324 0.5990366
vt 0.05666324 0.5748235
vt 0.03632424 0.5748235
vt 0.03632424 0.5990366
vt 0.106058 0.5990366
vt 0.106058 0.5748235
vt 0.01307967 0.5748235
vt 0.01404819 0.5990366
vt 0.1196173 0.5748235
vt 0.1196173 0.5990366
vt 0.817923 0.9912888
vt 0.8479472 0.9912888
vt 0.8479472 0.939957
vt 0.817923 0.939957
vt 0.8886253 0.9912888
vt 0.8886253 0.939957
vt 0.8072693 0.939957
vt 0.8072693 0.9796665
vt 0.815986 0.9796665
vt 0.815986 0.939957
vt 0.1360822 0.7704654
vt 0.1699805 0.7811191
vt 0.1612638 0.7559375
vt 0.1951622 0.7559375
vt 0.1951622 0.7811191
vt 0.1380192 0.7908043
vt 0.1612638 0.7908043
vt 0.1244599 0.7510949
vt 0.1244599 0.6716759
vt 0.1951622 0.6716759
vt 0.1951622 0.5970995
vt 0.1244599 0.5622327
vt 0.2736126 0.6319664
vt 0.2736126 0.6009737
vt 0.3259129 0.6290609
vt 0.3084795 0.6048477
vt 0.2987942 0.5883828
vt 0.2736126 0.5786976
vt 0.2978257 0.5622327
vt 0.2736126 0.5622327
vt 0.3307555 0.6513369
vt 0.2736126 0.6707074
vt 0.331724 0.6891093
vt 0.3191332 0.7336614
vt 0.2736126 0.7326929
vt 0.2997628 0.7627171
vt 0.2736126 0.7617486
vt 0.2736126 0.7849932
vt 0.7017002 0.6445572
vt 0.714291 0.6445572
vt 0.7017002 0.6077533
vt 0.714291 0.6862038
vt 0.7017002 0.6862038
vt 0.714291 0.73463
vt 0.714291 0.6077533
vt 0.8944364 0.2939516
vt 0.9506108 0.2939516
vt 0.9467367 0.3162276
vt 0.8944364 0.3162276
vt 0.9941944 0.2939516
vt 0.9941944 0.3162276
vt 0.8944364 0.2939516
vt 0.8944364 0.3162276
vt 0.8644122 0.3162276
vt 0.8644122 0.2939516
vt 0.3675594 0.5951625
vt 0.3569057 0.5728865
vt 0.3743391 0.5767606
vt 0.3956466 0.5806347
vt 0.3917725 0.5970995
vt 0.3588427 0.6387461
vt 0.3423778 0.5883828
vt 0.3423778 0.6368091
vt 0.3423778 0.7075113
vt 0.3472204 0.7036372
vt 0.3791817 0.6406831
vt 0.3423778 0.573855
vt 0.3423778 0.5602956
vt 0.775308 0.8663492
vt 0.7636857 0.7443152
vt 0.775308 0.7443152
vt 0.775308 0.797584
vt 0.7636857 0.8663492
vt 0.775308 0.6368091
vt 0.7636857 0.6368091
vt 0.7636857 0.9418941
vt 0.775308 0.9389885
vt 0.4673174 0.6038792
vt 0.449884 0.6038792
vt 0.449884 0.6455258
vt 0.4828138 0.6455258
vt 0.449884 0.5680438
vt 0.4711915 0.5709494
vt 0.4866879 0.5777291
vt 0.4973416 0.6038792
vt 0.4983101 0.7249447
vt 0.449884 0.7249447
vt 0.4179227 0.6455258
vt 0.4024263 0.7249447
vt 0.449884 0.7888673
vt 0.3917725 0.7888673
vt 0.5089639 0.7888673
vt 0.3414093 0.7249447
vt 0.2862034 0.7888673
vt 0.3869299 0.6455258
vt 0.5593271 0.7249447
vt 0.614533 0.7888673
vt 0.4033948 0.6038792
vt 0.4324505 0.6038792
vt 0.4217968 0.5748235
vt 0.5138065 0.6455258
vt 0.7530319 0.8886253
vt 0.7588431 0.8740974
vt 0.7472208 0.8537584
vt 0.7588431 0.8537584
vt 0.7472208 0.8150175
vt 0.7588431 0.8150175
vt 0.7588431 0.7317244
vt 0.7472208 0.7317244
vt 0.7588431 0.6358405
vt 0.7472208 0.6358405
vt 0.8944364 0.2939516
vt 0.8644122 0.2939516
vt 0.8644122 0.2629589
vt 0.8944364 0.2629589
vt 0.9506108 0.2939516
vt 0.9593275 0.2658644
vt 0.9941944 0.2755497
vt 0.9941944 0.2629589
vt 0.9941944 0.2939516
vt 0.714291 0.9573905
vt 0.7017002 0.9573905
vt 0.714291 0.939957
vt 0.7017002 0.939957
vt 0.714291 0.8934679
vt 0.7017002 0.8934679
vt 0.714291 0.81986
vt 0.7017002 0.8101748
vt 0.714291 0.8101748
vt 0.9322088 0.3259129
vt 0.9322088 0.3394722
vt 0.939957 0.3394722
vt 0.939957 0.3259129
vt 0.9215551 0.3394722
vt 0.9215551 0.3259129
vt 0.958359 0.3259129
vt 0.958359 0.3394722
vt 0.9816036 0.3259129
vt 0.9816036 0.3394722
vt 0.9970999 0.3394722
vt 0.9970999 0.3259129
vt 0.7326929 0.8682863
vt 0.7326929 0.8033952
vt 0.7452837 0.8033952
vt 0.7452837 0.8682863
vt 0.7452837 0.7230077
vt 0.7326929 0.7230077
vt 0.7452837 0.6222812
vt 0.7326929 0.6222812
vt 0.7326929 0.9447997
vt 0.7452837 0.9447997
vt 0.7588431 0.7317244
vt 0.7472208 0.7317244
vt 0.7472208 0.6358405
vt 0.7588431 0.6358405
vt 0.7588431 0.8150175
vt 0.7472208 0.8150175
vt 0.7588431 0.8537584
vt 0.7472208 0.8537584
vt 0.7530319 0.8886253
vt 0.714291 0.8101748
vt 0.7017002 0.8101748
vt 0.714291 0.7995211
vt 0.714291 0.7762765
vt 0.7017002 0.7762765
vt 0.714291 0.7385041
vt 0.7017002 0.7385041
vt 0.9070272 0.3394722
vt 0.9060587 0.3259129
vt 0.9050902 0.3394722
vt 0.8983105 0.3259129
vt 0.9060587 0.3259129
vt 0.9070272 0.3394722
vt 0.9215551 0.3394722
vt 0.9215551 0.3259129
vt 0.331724 0.61647
vt 0.331724 0.5864458
vt 0.3152591 0.5874143
vt 0.3104165 0.5709494
vt 0.331724 0.5709494
vt 0.3268814 0.5651383
vt 0.3142906 0.5651383
vt 0.3065424 0.5651383
vt 0.3016998 0.5651383
vt 0.331724 0.5651383
vt 0.797584 0.9651387
vt 0.7782136 0.9651387
vt 0.7782136 0.9554534
vt 0.7782136 0.9554534
vt 0.7782136 0.9651387
vt 0.736567 0.9651387
vt 0.7394726 0.9554534
vt 0.1757917 0.5777291
vt 0.1883825 0.5786976
vt 0.1719176 0.5709494
vt 0.1883825 0.5854773
vt 0.4392302 0.9970999
vt 0.4799082 0.9970999
vt 0.4799082 0.9816036
vt 0.4392302 0.9816036
vt 0.4392302 0.9970999
vt 0.4392302 0.9816036
vt 0.4799082 0.9816036
vt 0.4799082 0.9970999
vt 0.4837823 0.9351144
vt 0.4556951 0.9796665
vt 0.4973416 0.9796665
vt 0.5409252 0.9796665
vt 0.5409252 0.9263977
vt 0.4556951 0.9796665
vt 0.4837823 0.9351144
vt 0.4973416 0.9796665
vt 0.5409252 0.9263977
vt 0.5409252 0.9796665
vt 0.5409252 0.9970999
vt 0.5409252 0.9816036
vt 0.4799082 0.9816036
vt 0.4799082 0.9970999
vt 0.5409252 0.9970999
vt 0.4799082 0.9970999
vt 0.4799082 0.9816036
vt 0.5409252 0.9816036
vt 0.5573901 0.9961314
vt 0.5573901 0.9864462
vt 0.6309979 0.9816036
vt 0.6387461 0.9893517
vt 0.6387461 0.9341459
vt 0.6309979 0.9418941
vt 0.5573901 0.9370515
vt 0.5573901 0.9273662
vt 0.6309979 0.9816036
vt 0.5573901 0.9864462
vt 0.5573901 0.9370515
vt 0.6309979 0.9418941
vt 0.6474628 0.9612646
vt 0.6590851 0.9612646
vt 0.6474628 0.9612646
vt 0.6309979 0.9418941
vt 0.6387461 0.9341459
vt 0.6590851 0.9612646
vt 0.6387461 0.9893517
vt 0.6309979 0.9816036
vt 0.6474628 0.9612646
vt 0.6581166 0.8072693
vt 0.6319664 0.8072693
vt 0.6319664 0.8421361
vt 0.6581166 0.8508528
vt 0.6871723 0.8072693
vt 0.6871723 0.8508528
vt 0.6581166 0.8886253
vt 0.6319664 0.8886253
vt 0.6038792 0.8886253
vt 0.6038792 0.8508528
vt 0.6871723 0.8886253
vt 0.6038792 0.8072693
vt 0.6319664 0.8072693
vt 0.6319664 0.8072693
vt 0.6319664 0.8421361
vt 0.6038792 0.8072693
vt 0.6038792 0.8508528
vt 0.6038792 0.8886253
vt 0.6319664 0.8886253
vt 0.6581166 0.8886253
vt 0.6581166 0.8508528
vt 0.6319664 0.8072693
vt 0.6581166 0.8072693
vt 0.6871723 0.8886253
vt 0.6871723 0.8508528
vt 0.6871723 0.8072693
vt 0.6319664 0.7985525
vt 0.6319664 0.8072693
vt 0.6581166 0.8072693
vt 0.6581166 0.7985525
vt 0.693952 0.7985525
vt 0.6871723 0.8072693
vt 0.673613 0.9002476
vt 0.673613 0.9709498
vt 0.6639277 0.9709498
vt 0.6639277 0.9002476
vt 0.6038792 0.8072693
vt 0.6319664 0.8072693
vt 0.6319664 0.7985525
vt 0.6038792 0.7985525
vt 0.6038792 0.8072693
vt 0.6038792 0.7985525
vt 0.6319664 0.7985525
vt 0.6319664 0.8072693
vt 0.6639277 0.9002476
vt 0.673613 0.9002476
vt 0.673613 0.9709498
vt 0.6639277 0.9709498
vt 0.6319664 0.7985525
vt 0.6581166 0.7985525
vt 0.6581166 0.8072693
vt 0.6319664 0.8072693
vt 0.6871723 0.8072693
vt 0.693952 0.7985525
vt 0.693952 0.8886253
vt 0.693952 0.8508528
vt 0.6871723 0.8508528
vt 0.6871723 0.8886253
vt 0.6871723 0.8072693
vt 0.693952 0.7985525
vt 0.693952 0.7985525
vt 0.693952 0.8508528
vt 0.6871723 0.8508528
vt 0.6871723 0.8072693
vt 0.6871723 0.8886253
vt 0.693952 0.8886253
vt 0.6639277 0.9709498
vt 0.673613 0.9709498
vt 0.673613 0.9002476
vt 0.6639277 0.9002476
vt 0.6639277 0.9002476
vt 0.6639277 0.9709498
vt 0.673613 0.9709498
vt 0.673613 0.9002476
vt 0.4983101 0.4653803
vt 0.5467363 0.4653803
vt 0.5467363 0.4770026
vt 0.4983101 0.4770026
vt 0.5467363 0.429545
vt 0.4983101 0.429545
vt 0.4983101 0.3782132
vt 0.5467363 0.3782132
vt 0.4983101 0.311385
vt 0.5467363 0.311385
vt 0.4983101 0.2271235
vt 0.5467363 0.2271235
vt 0.4983101 0.1496415
vt 0.5467363 0.1496415
vt 0.5467363 0.4857194
vt 0.5225232 0.1244599
vt 0.6290609 0.9050902
vt 0.6426202 0.8963735
vt 0.6426202 0.9283348
vt 0.6561795 0.9041216
vt 0.6290609 0.9205865
vt 0.6561795 0.919618
vt 0.6271238 0.9031531
vt 0.6426202 0.8934679
vt 0.6426202 0.8963735
vt 0.6290609 0.9050902
vt 0.6561795 0.9041216
vt 0.6426202 0.8963735
vt 0.6426202 0.8934679
vt 0.6581166 0.9021846
vt 0.6426202 0.9312403
vt 0.6271238 0.9225236
vt 0.6290609 0.9205865
vt 0.6426202 0.9283348
vt 0.6581166 0.9215551
vt 0.6426202 0.9312403
vt 0.6426202 0.9283348
vt 0.6561795 0.919618
vt 0.6271238 0.9031531
vt 0.6290609 0.9050902
vt 0.6290609 0.9205865
vt 0.6271238 0.9225236
vt 0.6581166 0.9021846
vt 0.6581166 0.9215551
vt 0.6561795 0.919618
vt 0.6561795 0.9041216
vt 0.5409252 0.007268524
vt 0.5215547 0.007268524
vt 0.5215547 0.106058
vt 0.5409252 0.106058
vt 0.1709491 0.2523051
vt 0.2087215 0.2571477
vt 0.1980677 0.2445569
vt 0.2087215 0.2881405
vt 0.1661064 0.2929831
vt 0.1661064 0.3210703
vt 0.2087215 0.3210703
vt 0.2581162 0.2852349
vt 0.2581162 0.2571477
vt 0.2581162 0.3210703
vt 0.1709491 0.2523051
vt 0.1980677 0.2445569
vt 0.2087215 0.2571477
vt 0.1661064 0.2929831
vt 0.2087215 0.2881405
vt 0.1661064 0.3210703
vt 0.2087215 0.3210703
vt 0.2581162 0.2571477
vt 0.2581162 0.2852349
vt 0.2581162 0.3210703
vt 0.250368 0.2523051
vt 0.2532736 0.2261549
vt 0.2213123 0.2251864
vt 0.2213123 0.2523051
vt 0.2213123 0.1728861
vt 0.250368 0.1728861
vt 0.2823293 0.2523051
vt 0.3055739 0.2523051
vt 0.2832978 0.2309975
vt 0.3055739 0.2271235
vt 0.3055739 0.1777287
vt 0.2823293 0.1777287
vt 0.3055739 0.126397
vt 0.2823293 0.126397
vt 0.2832978 0.2309975
vt 0.2823293 0.1777287
vt 0.2532736 0.2261549
vt 0.250368 0.1728861
vt 0.2823293 0.126397
vt 0.2823293 0.2523051
vt 0.250368 0.2523051
vt 0.250368 0.2523051
vt 0.2213123 0.2523051
vt 0.2213123 0.2251864
vt 0.2523051 0.2251864
vt 0.250368 0.1728861
vt 0.2213123 0.1728861
vt 0.2823293 0.2523051
vt 0.2832978 0.2309975
vt 0.3055739 0.2523051
vt 0.3055739 0.2271235
vt 0.3055739 0.1777287
vt 0.2823293 0.1777287
vt 0.3055739 0.126397
vt 0.2823293 0.126397
vt 0.2832978 0.2309975
vt 0.2523051 0.2251864
vt 0.2823293 0.1777287
vt 0.250368 0.1728861
vt 0.2823293 0.126397
vt 0.2823293 0.2523051
vt 0.250368 0.2523051
vt 0.1719176 0.2029104
vt 0.1699805 0.2358402
vt 0.189351 0.1990363
vt 0.1728861 0.2416513
vt 0.1990363 0.2387457
vt 0.2087215 0.1786973
vt 0.1951622 0.1641694
vt 0.2184067 0.2339031
vt 0.2184067 0.2523051
vt 0.2184067 0.1786973
vt 0.2087215 0.146736
vt 0.2184067 0.1293025
vt 0.1864454 0.1845084
vt 0.1719176 0.2029104
vt 0.1806343 0.2242179
vt 0.1699805 0.2358402
vt 0.1990363 0.2387457
vt 0.1728861 0.2416513
vt 0.1903196 0.1951622
vt 0.2087215 0.1786973
vt 0.1951622 0.1641694
vt 0.2184067 0.1786973
vt 0.2184067 0.2339031
vt 0.2184067 0.2523051
vt 0.2184067 0.1293025
vt 0.2087215 0.146736
vt 0.1864454 0.1845084
vt 0.2000048 0.7113854
vt 0.2493995 0.714291
vt 0.2493995 0.7472208
vt 0.2000048 0.7520634
vt 0.270707 0.736567
vt 0.2493995 0.6929834
vt 0.270707 0.6891093
vt 0.2493995 0.6610221
vt 0.2000048 0.6929834
vt 0.2000048 0.6716759
vt 0.2000048 0.6397146
vt 0.2493995 0.6329349
vt 0.270707 0.6319664
vt 0.270707 0.6639277
vt 0.2000048 0.6397146
vt 0.2000048 0.6067848
vt 0.2493995 0.6077533
vt 0.2493995 0.6329349
vt 0.270707 0.6319664
vt 0.270707 0.5835402
vt 0.2493995 0.571918
vt 0.2000048 0.5709494
vt 0.2493995 0.7840247
vt 0.2493995 0.7472208
vt 0.270707 0.736567
vt 0.270707 0.7878988
vt 0.2000048 0.7849932
vt 0.2000048 0.7520634
vt 0.7317244 0.2426198
vt 0.7288188 0.2523051
vt 0.7239762 0.2416513
vt 0.7375355 0.2426198
vt 0.73463 0.2523051
vt 0.7375355 0.228092
vt 0.7259132 0.2242179
vt 0.7394726 0.2523051
vt 0.7191336 0.2329346
vt 0.7394726 0.20969
vt 0.7288188 0.2106586
vt 0.714291 0.2222808
vt 0.7201021 0.2125956
vt 0.7520634 0.20969
vt 0.7520634 0.228092
vt 0.7501264 0.2426198
vt 0.7075113 0.2203438
vt 0.7123539 0.2106586
vt 0.7133225 0.2339031
vt 0.7084798 0.2329346
vt 0.7036372 0.2319661
vt 0.7617486 0.2416513
vt 0.7694968 0.2251864
vt 0.7675598 0.20969
vt 0.7811191 0.20969
vt 0.7520634 0.2523051
vt 0.7443152 0.2523051
vt 0.7675598 0.2416513
vt 0.7743394 0.2406828
vt 0.7675598 0.2523051
vt 0.7733709 0.2513365
vt 0.7598116 0.2523051
vt 0.7801506 0.2513365
vt 0.7801506 0.2397143
vt 0.7811191 0.2213123
vt 0.8063007 0.2435884
vt 0.8082378 0.2232494
vt 0.8227656 0.2329346
vt 0.8188915 0.2445569
vt 0.8334194 0.2416513
vt 0.8276082 0.2455254
vt 0.8266397 0.2523051
vt 0.817923 0.2513365
vt 0.8121119 0.2532736
vt 0.7888673 0.2406828
vt 0.7859617 0.2513365
vt 0.7937099 0.2513365
vt 0.7927414 0.2222808
vt 0.8072693 0.20969
vt 0.817923 0.2106586
vt 0.8285768 0.2271235
vt 0.8401991 0.2242179
vt 0.8295453 0.2087215
vt 0.7917728 0.20969
vt 0.8392305 0.2445569
vt 0.8489158 0.2435884
vt 0.8033952 0.2513365
vt 0.7811191 0.2213123
vt 0.7927414 0.2222808
vt 0.7888673 0.2406828
vt 0.7811191 0.2397143
vt 0.7859617 0.2513365
vt 0.7811191 0.2513365
vt 0.7811191 0.20969
vt 0.7917728 0.20969
vt 0.7937099 0.2532736
vt 0.7859617 0.2513365
vt 0.7937099 0.2513365
vt 0.8033952 0.2513365
vt 0.8121119 0.2532736
vt 0.8053322 0.2532736
vt 0.8033952 0.2513365
vt 0.8121119 0.2532736
vt 0.817923 0.2513365
vt 0.817923 0.2542421
vt 0.8266397 0.2523051
vt 0.7443152 0.26877
vt 0.7443152 0.2542421
vt 0.7520634 0.2542421
vt 0.7520634 0.26877
vt 0.7443152 0.2823293
vt 0.7520634 0.2823293
vt 0.7520634 0.291046
vt 0.7443152 0.291046
vt 0.7462522 0.2968572
vt 0.7443152 0.26877
vt 0.7404411 0.26877
vt 0.7404411 0.2542421
vt 0.7443152 0.2542421
vt 0.7404411 0.2823293
vt 0.7443152 0.2823293
vt 0.7404411 0.291046
vt 0.7443152 0.291046
vt 0.7462522 0.2968572
vt 0.8063007 0.291046
vt 0.8111433 0.291046
vt 0.8111433 0.2978257
vt 0.8063007 0.2823293
vt 0.8111433 0.2823293
vt 0.8063007 0.26877
vt 0.8111433 0.26877
vt 0.8063007 0.2542421
vt 0.8111433 0.2542421
vt 0.8111433 0.291046
vt 0.815986 0.291046
vt 0.8111433 0.2978257
vt 0.815986 0.2823293
vt 0.8111433 0.2823293
vt 0.815986 0.26877
vt 0.8111433 0.26877
vt 0.8111433 0.2542421
vt 0.815986 0.2542421
vt 0.7123539 0.2106586
vt 0.7075113 0.2203438
vt 0.7007316 0.2213123
vt 0.7055742 0.207753
vt 0.7007316 0.2329346
vt 0.7036372 0.2319661
vt 0.7859617 0.2542421
vt 0.7917728 0.2542421
vt 0.7917728 0.26877
vt 0.7859617 0.26877
vt 0.7917728 0.2920146
vt 0.7859617 0.2920146
vt 0.7878988 0.2958887
vt 0.7859617 0.2542421
vt 0.7859617 0.26877
vt 0.7811191 0.26877
vt 0.7811191 0.2542421
vt 0.7811191 0.2920146
vt 0.7859617 0.2920146
vt 0.7878988 0.2958887
vt 0.775308 0.2958887
vt 0.7733709 0.2920146
vt 0.7801506 0.2920146
vt 0.7694968 0.2920146
vt 0.7801506 0.26877
vt 0.7733709 0.26877
vt 0.7801506 0.2542421
vt 0.7733709 0.2542421
vt 0.7694968 0.2542421
vt 0.7694968 0.26877
vt 0.8392305 0.2493995
vt 0.8489158 0.2493995
vt 0.8489158 0.2590847
vt 0.8392305 0.2590847
vt 0.8392305 0.2697385
vt 0.8489158 0.2697385
vt 0.8440732 0.2755497
vt 0.7036372 0.2377772
vt 0.7036372 0.2464939
vt 0.7007316 0.2464939
vt 0.7007316 0.2377772
vt 0.7007316 0.2571477
vt 0.7036372 0.2571477
vt 0.7055742 0.2658644
vt 0.7084798 0.2377772
vt 0.7084798 0.2464939
vt 0.7036372 0.2464939
vt 0.7036372 0.2377772
vt 0.7113854 0.2464939
vt 0.7113854 0.2377772
vt 0.7036372 0.2571477
vt 0.7084798 0.2571477
vt 0.7055742 0.2658644
vt 0.7113854 0.2571477
vt 0.7375355 0.26877
vt 0.7336614 0.26877
vt 0.7336614 0.2542421
vt 0.7375355 0.2542421
vt 0.7278503 0.2542421
vt 0.7278503 0.26877
vt 0.7239762 0.26877
vt 0.7239762 0.2542421
vt 0.7336614 0.2862034
vt 0.7278503 0.2862034
vt 0.7307559 0.2949201
vt 0.7239762 0.2862034
vt 0.7375355 0.2862034
vt 0.8033952 0.26877
vt 0.7995211 0.26877
vt 0.7995211 0.2542421
vt 0.8033952 0.2542421
vt 0.7995211 0.2823293
vt 0.8033952 0.2823293
vt 0.8033952 0.291046
vt 0.7995211 0.291046
vt 0.8004896 0.2958887
vt 0.7946784 0.2542421
vt 0.7995211 0.2542421
vt 0.7995211 0.26877
vt 0.7946784 0.26877
vt 0.7946784 0.2823293
vt 0.7995211 0.2823293
vt 0.7946784 0.291046
vt 0.7995211 0.291046
vt 0.8004896 0.2958887
vt 0.7607801 0.2968572
vt 0.7588431 0.291046
vt 0.7665913 0.291046
vt 0.7549689 0.291046
vt 0.7665913 0.2823293
vt 0.7588431 0.2823293
vt 0.7588431 0.26877
vt 0.7665913 0.26877
vt 0.7588431 0.2542421
vt 0.7665913 0.2542421
vt 0.7549689 0.26877
vt 0.7549689 0.2542421
vt 0.7549689 0.2823293
vt 0.8188915 0.26877
vt 0.8188915 0.2542421
vt 0.8256712 0.2542421
vt 0.8256712 0.26877
vt 0.8188915 0.2862034
vt 0.8256712 0.2862034
vt 0.8217971 0.2949201
vt 0.7501264 0.2426198
vt 0.7443152 0.2523051
vt 0.7394726 0.2523051
vt 0.7239762 0.2513365
vt 0.3995207 0.08959306
vt 0.3849929 0.1002468
vt 0.3995207 0.1002468
vt 0.3849929 0.08959306
vt 0.3617483 0.09443568
vt 0.451821 0.08668749
vt 0.4266394 0.08668749
vt 0.451821 0.02179638
vt 0.3917725 0.02179638
vt 0.3917725 0.08668749
vt 0.3917725 0.08668749
vt 0.4266394 0.08668749
vt 0.3917725 0.02179638
vt 0.451821 0.02179638
vt 0.451821 0.08668749
vt 0.4014578 0.08959306
vt 0.4014578 0.1002468
vt 0.4372931 0.09443568
vt 0.1215544 0.3201017
vt 0.09249863 0.3201017
vt 0.09249863 0.2794237
vt 0.1215544 0.2794237
vt 0.1554527 0.3201017
vt 0.1554527 0.2794237
vt 0.07022258 0.2794237
vt 0.07022258 0.3201017
vt 0.04310391 0.2794237
vt 0.04310391 0.3201017
vt 0.0101741 0.3201017
vt 0.0101741 0.2794237
vt 0.09249863 0.2368087
vt 0.1215544 0.2368087
vt 0.07022258 0.2368087
vt 0.04310391 0.2368087
vt 0.0101741 0.2368087
vt 0.04600948 0.1583583
vt 0.01598524 0.1535156
vt 0.09249863 0.1535156
vt 0.07022258 0.1583583
vt 0.07022258 0.06925406
vt 0.09249863 0.06925406
vt 0.1215544 0.1535156
vt 0.1215544 0.06925406
vt 0.1554527 0.06925406
vt 0.1554527 0.1535156
vt 0.1312396 0.026639
vt 0.1564212 0.026639
vt 0.09249863 0.026639
vt 0.07022258 0.03148162
vt 0.046978 0.06925406
vt 0.01792229 0.06925406
vt 0.03148162 0.03148162
vt 0.1554527 0.2368087
vt 0.0992783 0.0063
vt 0.1312396 0.0063
vt 0.1506101 0.0063
vt 0.05278915 0.03148162
vt 0.0101741 0.026639
vt 0.7840247 0.1021839
vt 0.8150175 0.1021839
vt 0.8140489 0.1205858
vt 0.7840247 0.1205858
vt 0.7627171 0.1021839
vt 0.7627171 0.1205858
vt 0.7414096 0.1205858
vt 0.7385041 0.1021839
vt 0.7104169 0.1205858
vt 0.8460102 0.1021839
vt 0.8469787 0.1205858
vt 0.7026687 0.1021839
vt 0.3869299 0.07409668
vt 0.3733706 0.07797077
vt 0.3694965 0.05763176
vt 0.3849929 0.05860029
vt 0.3791817 0.08571897
vt 0.370465 0.04116686
vt 0.3830558 0.04019834
vt 0.3694965 0.03245015
vt 0.3830558 0.03245015
vt 0.2387457 0.1234914
vt 0.2048474 0.1234914
vt 0.2155012 0.09153011
vt 0.2426198 0.09637272
vt 0.2135641 0.05375767
vt 0.2416513 0.05182062
vt 0.1951622 0.05763176
vt 0.1854769 0.08571897
vt 0.2571477 0.1234914
vt 0.2736126 0.08475044
vt 0.2765182 0.1234914
vt 0.270707 0.06053734
vt 0.2668329 0.026639
vt 0.2145326 0.02276491
vt 0.2920146 0.09346715
vt 0.2920146 0.1234914
vt 0.1738546 0.09056158
vt 0.1816028 0.1234914
vt 0.1738546 0.1234914
vt 0.1738546 0.046978
vt 0.2387457 0.02276491
vt 0.2920146 0.04891505
vt 0.3065424 0.1157432
vt 0.3191332 0.1099321
vt 0.3133221 0.08571897
vt 0.2949201 0.1147747
vt 0.3394722 0.0992783
vt 0.3394722 0.07312816
vt 0.3394722 0.05860029
vt 0.3171962 0.05860029
vt 0.3394722 0.04600948
vt 0.4837823 0.01792229
vt 0.4837823 0.007268524
vt 0.5099324 0.007268524
vt 0.5099324 0.01792229
vt 0.4382617 0.007268524
vt 0.4382617 0.01792229
vt 0.390804 0.007268524
vt 0.390804 0.01792229
vt 0.350126 0.01792229
vt 0.350126 0.007268524
vt 0.3181647 0.007268524
vt 0.3181647 0.01792229
vt 0.2581162 0.01792229
vt 0.2581162 0.007268524
vt 0.350126 0.03245015
vt 0.2048474 0.01792229
vt 0.2048474 0.007268524
vt 0.1738546 0.007268524
vt 0.1738546 0.01792229
vt 0.3171962 0.05860029
vt 0.3394722 0.05860029
vt 0.3394722 0.07312816
vt 0.3133221 0.08571897
vt 0.3394722 0.04600948
vt 0.3394722 0.0992783
vt 0.3191332 0.1099321
vt 0.3065424 0.1157432
vt 0.2949201 0.1147747
vt 0.4866879 0.09249863
vt 0.4866879 0.1128376
vt 0.4789397 0.1128376
vt 0.4944361 0.1128376
vt 0.4973416 0.09249863
vt 0.4866879 0.0789393
vt 0.4760341 0.09249863
vt 0.4770026 0.07603373
vt 0.4857194 0.06344291
vt 0.4605377 0.06731701
vt 0.4857194 0.03729276
vt 0.4663489 0.03729276
vt 0.5099324 0.06731701
vt 0.5031527 0.03729276
vt 0.4857194 0.02470195
vt 0.47216 0.02470195
vt 0.4615062 0.026639
vt 0.4973416 0.02470195
vt 0.5079954 0.026639
vt 0.4963731 0.07603373
vt 0.5021842 0.128334
vt 0.5079954 0.1293025
vt 0.5118694 0.128334
vt 0.5021842 0.1196173
vt 0.5118694 0.1196173
vt 0.5118694 0.1089635
vt 0.5021842 0.1089635
vt 0.5012157 0.09443568
vt 0.5012157 0.1031524
vt 0.5176806 0.1031524
vt 0.5176806 0.09443568
vt 0.5089639 0.08862454
vt 0.3375352 0.1554527
vt 0.3210703 0.1418934
vt 0.3530316 0.1273655
vt 0.3181647 0.1506101
vt 0.3530316 0.09830978
vt 0.3084795 0.128334
vt 0.2958887 0.02179638
vt 0.329787 0.03632424
vt 0.2958887 0.04891505
vt 0.3685279 0.1554527
vt 0.3530316 0.1273655
vt 0.3849929 0.1418934
vt 0.3878984 0.1496415
vt 0.3530316 0.09830978
vt 0.3966151 0.128334
vt 0.4276079 0.9835406
vt 0.4431043 0.9438311
vt 0.4343876 0.9438311
vt 0.4227653 0.9767609
vt 0.3956466 0.9767609
vt 0.390804 0.9835406
vt 0.3830558 0.9438311
vt 0.3743391 0.9438311
vn -0.905882 -0.3959823 0.1502524
vn -0.8117713 -0.2861865 -0.5090429
vn -0.6862904 -0.701842 -0.1908492
vn -0.7804011 -0.6077313 0.1470943
vn -0.4510137 -0.8900633 0.06613598
vn -0.6862904 -0.6391015 0.34721
vn -0.3725882 -0.7410548 0.5585839
vn 0.003854513 -0.9920166 0.1260489
vn 0.003854513 -0.7881101 0.6155223
vn -0.411801 -0.6939994 0.59058
vn 0.003854513 -0.772425 0.6350943
vn 0.003854513 -0.8586931 0.5124757
vn -0.4196435 -0.7881101 0.4503131
vn -0.411801 -0.6939994 0.59058
vn 0.003854513 -0.772425 0.6350943
vn -0.7255032 -0.5685185 0.3878554
vn -0.6862904 -0.6391015 0.34721
vn -0.8431416 -0.5293058 0.0945926
vn -0.7804011 -0.6077313 0.1470943
vn -0.905882 -0.3959823 0.1502524
vn -0.9137245 0.2157371 0.3443327
vn -0.7882437 0.5451244 0.2855019
vn -0.7882437 0.5372819 0.3000002
vn -0.976465 -0.04306728 0.2113323
vn -0.4510137 0.7804011 0.4330828
vn -0.4666989 0.7804011 0.4161325
vn 0.003854513 0.8666692 0.4988684
vn 0.003854513 0.8666692 0.4988684
vn -0.976465 -0.1214929 0.178201
vn -0.8980395 -0.3959823 0.1916328
vn -0.8901968 -0.3959823 0.2252724
vn -0.7948588 -0.6067944 0
vn -0.7804011 -0.6234164 -0.04822936
vn -0.05879236 -0.9982703 0
vn -0.06658975 -0.9977804 0
vn -0.1059413 -0.9920166 -0.06840775
vn -0.05879236 -0.9982703 0
vn 0.003854513 -0.9998591 -0.01633919
vn 0.003854513 -0.9998591 -0.01633919
vn -0.06658975 -0.9977804 0
vn -0.06658975 -0.9977804 0
vn -0.06658975 -0.9977804 0
vn 0.003854513 -0.9998591 -0.01633919
vn 0.003854513 -0.9998591 -0.01633919
vn -0.2784775 0.6706053 -0.68756
vn -0.6235499 0.3255328 -0.710784
vn -0.6000223 0.3490605 -0.7198125
vn -0.2863201 0.6784478 -0.6765569
vn 0.003854513 0.7804011 -0.6252673
vn 0.003854513 0.7960862 -0.605171
vn -0.8117713 -0.2861865 -0.5090429
vn -0.7882437 -0.2234461 -0.5733618
vn -0.5372819 -0.7488973 -0.3879188
vn -0.6862904 -0.701842 -0.1908492
vn -0.3490605 -0.9292761 -0.1208415
vn -0.4510137 -0.8900633 0.06613598
vn 0.003854513 -0.9998591 -0.01633919
vn 0.003854513 -0.9920166 0.1260489
vn -0.5059116 0.2314222 0.8309616
vn -0.5372819 0.2941626 0.7904407
vn -0.6549202 0.2157371 0.7242492
vn -0.482384 0.2471073 0.8403831
vn -0.482384 0.2941626 0.8250903
vn 0.003854513 0.2627923 0.9648448
vn 0.003854513 0.4039584 0.9147692
vn 0.003854513 0.6313925 0.7754539
vn -0.3490605 0.5608095 0.7507659
vn -0.3725882 0.5608095 0.7393719
vn -0.5843372 0.3882732 0.7125966
vn 0.003854513 0.6549202 0.7556882
vn 0.003854513 0.2078944 0.9781437
vn -0.9686224 -0.2469738 -0.02783029
vn -0.9607799 -0.09796518 -0.2594317
vn -0.976465 0.2000519 -0.08059377
vn -0.9686224 0.2000519 0.1474781
vn -0.8588266 0.4353286 0.2700107
vn -0.9529372 0.03535831 0.3010986
vn -0.9294096 -0.3253993 0.1741064
vn -0.8588266 -0.4744079 -0.1932718
vn 0.003854513 -0.9920166 -0.1260489
vn 0.003854513 -0.9920166 -0.1260489
vn -0.1373115 -0.984174 -0.1120137
vn -0.2314222 -0.9606463 -0.1536308
vn -0.3569031 -0.913591 -0.1948635
vn -0.4745414 -0.843008 -0.2532744
vn -0.5294393 -0.8037952 -0.2713066
vn -0.6078649 -0.7488973 -0.2639188
vn -0.5451244 -0.7881101 -0.2858704
vn -0.6784478 -0.6783143 -0.2821315
vn -0.7490308 -0.6077313 -0.2638474
vn -0.7725586 -0.5920462 -0.2294222
vn -0.7882437 -0.5763611 -0.2155919
vn -0.7804011 -0.5763611 -0.2424501
vn -0.3882732 -0.8979059 -0.2073859
vn -0.4196435 -0.8822207 -0.2135085
vn -0.3020052 -0.9371186 -0.1749329
vn -0.4588563 -0.8586931 -0.2282477
vn -0.4745414 -0.8508505 -0.22553
vn -0.4353286 -0.8743782 -0.2143637
vn -0.4745414 -0.8351654 -0.2780452
vn -0.4902265 -0.8273228 -0.2742534
vn -0.482384 -0.8194803 -0.3094476
vn -0.4745414 -0.772425 0.422102
vn -0.6313925 -0.6704718 0.3896294
vn -0.8117713 -0.09796518 0.5756997
vn -0.7725586 -0.09796518 0.6273404
vn -0.498069 0.6313925 0.5943659
vn -0.498069 0.552967 0.6679482
vn 0.003854513 0.7411883 0.6712861
vn 0.003854513 0.8509841 0.5251774
vn -0.6784478 -0.631259 0.3757933
vn -0.5608095 -0.7567399 0.335913
vn -0.4902265 -0.7959527 0.3551582
vn -0.835299 -0.3410844 0.4312041
vn -0.8666692 0.05104339 0.4962652
vn -0.7490308 0.3804307 0.5424253
vn -0.5843372 0.6313925 0.5097976
vn -0.3647456 0.7882437 0.4956133
vn -0.145154 0.8431416 0.5177283
vn 0.003854513 0.8745117 0.4849891
vn -0.08241355 0.9215671 0.3793707
vn -0.2863201 0.8745117 0.3914716
vn -0.5215968 0.7490308 0.4085212
vn -0.7176607 0.5451244 0.4333619
vn -0.8745117 0.2157371 0.4343809
vn -0.8980395 -0.1685482 0.4063455
vn -0.7804011 -0.5293058 0.3328807
vn -0.2157371 -0.8822207 0.4185021
vn -0.145154 -0.9292761 0.3396708
vn -0.4666989 -0.7802675 0.4163829
vn -0.7019755 -0.03522474 0.7113295
vn -0.4196435 0.5294393 0.7372878
vn 0.003854513 0.7019755 0.7121907
vn -0.5764946 -0.7253696 0.3761555
vn -0.6941329 -0.03522474 0.7189845
vn -0.3882732 0.552967 0.7372051
vn 0.003854513 0.7804011 0.6252673
vn -0.1294689 -0.9057484 0.4035562
vn -0.1373115 -0.9057484 0.4009556
vn -0.5608095 -0.7881101 0.2537228
vn -0.552967 -0.7802675 0.2922501
vn -0.2392647 0.905882 0.3494712
vn -0.5843372 0.6941329 0.4203921
vn -0.5764946 0.6862904 0.4434631
vn -0.2863201 0.8901968 0.3543591
vn 0.003854513 0.9450947 0.3267739
vn 0.003854513 0.9450947 0.3267739
vn -0.8196138 0.2392647 0.5205628
vn -0.8431416 0.1843668 0.5050952
vn -0.8823543 -0.1450205 0.447683
vn -0.8901968 -0.1450205 0.4318781
vn -0.3333753 -0.9057484 0.2616881
vn -0.4196435 -0.8743782 0.2436434
vn -0.5137541 -0.8037952 0.2999499
vn -0.5059116 -0.7959527 0.3324347
vn 0.003854513 -0.9606463 0.2777477
vn 0.003854513 -0.9528037 0.3035625
vn -0.6862904 -0.631259 0.3612723
vn -0.6235499 -0.7096845 0.3279228
vn -0.5294393 -0.7959527 0.2935189
vn -0.7568734 -0.5214632 0.3939783
vn -0.8509841 -0.3018716 0.429767
vn -0.835299 -0.3724546 0.4044169
vn -0.7804011 -0.4979355 0.3781988
vn -0.8823543 0.07457101 0.4646398
vn -0.8901968 0.01183057 0.4554225
vn -0.8980395 -0.1293354 0.4204729
vn -0.7804011 0.4196435 0.4635444
vn -0.8117713 0.3725882 0.4496726
vn -0.8588266 0.2549498 0.4443167
vn -0.6000223 0.6706053 0.43619
vn -0.6235499 0.6470777 0.4387208
vn -0.6941329 0.568652 0.4413778
vn -0.3882732 0.8274564 0.4056598
vn -0.411801 0.8117713 0.414062
vn -0.498069 0.7647159 0.4088237
vn -0.1765243 0.905882 0.3849896
vn -0.1843668 0.905882 0.3812961
vn -0.2627923 0.8823543 0.3903731
vn 0.003854513 0.9215671 0.3882
vn 0.003854513 0.9215671 0.3882
vn -0.05888593 0.9215671 0.3837272
vn -0.8588266 0.2078944 0.4681844
vn -0.8901968 0.01183057 0.4554225
vn -0.8823543 0.07457101 0.4646398
vn -0.8745117 -0.1685482 0.4547755
vn -0.835299 -0.3724546 0.4044169
vn -0.8509841 -0.3018716 0.429767
vn -0.7098181 0.5294393 0.464599
vn -0.8117713 0.3725882 0.4496726
vn -0.7804011 0.4196435 0.4635444
vn -0.5215968 0.7333457 0.4360514
vn -0.6235499 0.6470777 0.4387208
vn -0.6000223 0.6706053 0.43619
vn -0.09809875 0.9137245 0.3943148
vn -0.1843668 0.905882 0.3812961
vn -0.1765243 0.905882 0.3849896
vn -0.3020052 0.8666692 0.3970861
vn -0.411801 0.8117713 0.414062
vn -0.3882732 0.8274564 0.4056598
vn -0.2235796 -0.9057484 0.3600444
vn -0.1137838 -0.913591 0.3903905
vn -0.1843668 -0.8979059 0.3997173
vn -0.05104339 -0.9606463 0.2730443
vn 0.003854513 -0.913591 0.4066162
vn 0.003854513 -0.8979059 0.4401706
vn 0.003854513 -0.9371186 0.3489897
vn -0.2863201 -0.913591 0.2887427
vn -0.3020052 -0.9057484 0.2973426
vn -0.341218 -0.9057484 0.2513764
vn -0.9372522 0.1922094 -0.2908847
vn -0.5215968 0.7882437 -0.3265099
vn -0.4431711 0.7647159 -0.4677702
vn -0.9686224 0.1922094 -0.1575631
vn 0.003854513 0.905882 -0.4235126
vn -0.2392647 0.9215671 -0.3057229
vn -0.2784775 0.7333457 -0.620205
vn -0.2314222 0.9372522 0.2607723
vn -0.2314222 0.9450947 0.2307376
vn -0.3882732 0.1765243 0.9044794
vn -0.3725882 0.2314222 0.8986778
vn -0.3020052 0.7960862 0.5244422
vn -0.4745414 0.09025621 0.8755937
vn 0.003854513 0.9607799 0.2772853
vn 0.003854513 0.9999926 0
vn 0.003854513 0.9607799 -0.2772853
vn 0.003854513 0.9372522 -0.3486309
vn -0.1608392 0.976465 0.1436902
vn -0.4588563 -0.3175567 -0.8298244
vn -0.3804307 -0.5685185 0.7294239
vn -0.4431711 -0.4195099 0.7922189
vn -0.2706349 -0.5371483 0.798892
vn -0.2706349 -0.8194803 0.5051819
vn -0.6235499 0.2392647 0.74427
vn -0.3725882 -0.6547866 0.657596
vn -0.498069 -0.7645824 -0.4090733
vn -0.9372522 -0.3175567 0.1439308
vn -0.4588563 -0.3175567 -0.8298244
vn -0.6000223 -0.4273525 0.6762714
vn -0.8823543 -0.2156035 0.4182895
vn -0.9843075 -0.003854513 0.1764196
vn -0.9607799 0.03535831 0.2750487
vn -0.9921501 0.02751577 -0.1219882
vn -0.9215671 -0.2077609 -0.3279474
vn -0.8745117 -0.1685482 -0.4547755
vn -0.8980395 -0.3253993 0.2960413
vn -0.9686224 0.1922094 -0.1575631
vn -0.9372522 0.1922094 -0.2908847
vn -0.5215968 -0.8116378 0.2630226
vn -0.7176607 0.3255328 0.6156229
vn -0.08241355 0.9921501 0.09405436
vn 0.5763611 0.4588563 -0.6762092
vn 0.3724546 -0.6626292 -0.6497692
vn 0.6547866 0.4196435 -0.6286126
vn 0.4979355 -0.6783143 -0.5403239
vn -0.07457101 0.9921501 0.1003863
vn -0.7098181 0.3098477 0.6325762
vn -0.4196435 -0.8586931 0.2941861
vn 0.4979355 -0.6783143 -0.5403239
vn 0.3724546 -0.6626292 -0.6497692
vn -0.1922094 -0.8822207 -0.4298163
vn -0.3949431 -0.9187055 0
vn -0.8509841 -0.5214632 0.06246828
vn -0.7647159 -0.5449909 -0.3437943
vn -0.976465 0.1608392 -0.1436902
vn -0.6627628 -0.7096845 0.2389423
vn -0.2941626 -0.9528037 0.07505607
vn -0.9529372 0.1529967 0.26173
vn -0.8117713 -0.03522474 0.5829121
vn -0.09025621 -0.9449612 0.3144872
vn -0.5137541 -0.7567399 0.4042295
vn 0.003854513 -0.8116378 0.5841483
vn -0.9372522 0.1922094 -0.2908847
vn -0.8745117 -0.1685482 -0.4547755
vn -0.6313925 0.6157074 0.4714318
vn -0.3020052 0.7960862 0.5244422
vn 0.003854513 0.9607799 0.2772853
vn 0.003854513 0.9686224 0.248507
vn -0.4745414 0.09025621 0.8755937
vn -0.7725586 -0.3332419 0.5404656
vn -0.4431711 -0.4195099 0.7922189
vn -0.5137541 -0.7253696 0.4581437
vn -0.2706349 -0.5371483 0.798892
vn -0.1216264 -0.6234164 0.7723723
vn 0.003854513 -0.843008 0.5378872
vn 0.003854513 -0.6626292 0.7489377
vn -0.1216264 -0.6234164 0.7723723
vn -0.5137541 -0.7253696 0.4581437
vn 0.2312886 -0.6783143 0.6974204
vn 0.09012264 -0.6861569 0.7218495
vn -0.1529967 -0.913591 0.376754
vn 0.01953959 -0.9449612 0.3265985
vn -0.07457101 -0.9057484 -0.4172038
vn -0.411801 -0.6783143 -0.6085307
vn -0.7647159 -0.5449909 -0.3437943
vn -0.1922094 -0.8822207 -0.4298163
vn 0.003854513 -0.701842 0.7123223
vn 0.003854513 -0.9528037 -0.3035625
vn 0.003854513 -0.913591 -0.4066162
vn 0.003854513 -0.9292761 0.3693658
vn -0.552967 0.8117713 0.187763
vn -0.2078944 0.7568734 0.6196148
vn 0.003854513 0.7804011 0.6252673
vn 0.003854513 0.9999926 0
vn -0.552967 0.4274861 0.7151806
vn -0.1765243 0.552967 0.8142891
vn 0.003854513 0.639235 0.7690018
vn -0.8117713 -0.03522474 0.5829121
vn -0.9529372 0.1529967 0.26173
vn -0.976465 0.1608392 -0.1436902
vn -0.5215968 0.7882437 -0.3265099
vn -0.9372522 0.1922094 -0.2908847
vn -0.8117713 -0.03522474 0.5829121
vn -0.7411883 -0.1450205 0.6554456
vn -0.552967 0.4274861 0.7151806
vn -0.4431711 -0.8037952 0.3968786
vn -0.5137541 -0.7567399 0.4042295
vn 0.04306728 -0.7881101 0.6140258
vn 0.003854513 -0.8116378 0.5841483
vn -0.4274861 0.341218 0.8371535
vn -0.1765243 0.552967 0.8142891
vn -0.145154 0.4588563 0.8765735
vn 0.003854513 0.639235 0.7690018
vn 0.003854513 0.6313925 0.7754539
vn 0.003854513 0.9999926 0
vn -0.8745117 -0.1685482 -0.4547755
vn -0.411801 -0.6783143 -0.6085307
vn -0.7647159 -0.5449909 -0.3437943
vn -0.9215671 -0.2077609 -0.3279474
vn -0.1216264 -0.6234164 0.7723723
vn 0.09012264 -0.6861569 0.7218495
vn -0.2784775 -0.5528334 0.7853824
vn -0.5843372 -0.7175271 0.3790843
vn -0.3333753 -0.8743782 0.3525956
vn -0.7019755 -0.646944 -0.2978151
vn -0.4274861 -0.8586931 -0.2826691
vn -0.5059116 -0.7567399 -0.4140027
vn -0.6862904 -0.5998887 -0.4112652
vn -0.8980395 -0.3253993 0.2960413
vn -0.9215671 -0.2077609 -0.3279474
vn -0.7882437 -0.4116674 -0.4573859
vn -0.6000223 -0.4273525 0.6762714
vn -0.2706349 -0.5371483 0.798892
vn -0.5764946 -0.8037952 -0.146858
vn -0.7725586 -0.6077313 -0.1838909
vn -0.4745414 -0.8743782 -0.1013569
vn -0.8509841 -0.5057781 -0.1414731
vn -0.8398296 -0.5428501 0
vn 0.003854513 0.9686224 0.248507
vn 0.003854513 0.976465 0.2156416
vn -0.7176607 0.6862904 0.1181892
vn -0.6313925 0.6157074 0.4714318
vn -0.7725586 -0.3332419 0.5404656
vn -0.9987066 -0.05084435 0
vn -0.6784478 -0.7253696 -0.1163934
vn -0.5137541 -0.7253696 0.4581437
vn 0.003854513 -0.9920166 -0.1260489
vn 0.003854513 -0.843008 0.5378872
vn 0.003854513 -0.9606463 -0.2777477
vn -0.7568734 -0.631259 -0.1692773
vn -0.9843075 0.1529967 -0.08792463
vn -0.6706053 0.7333457 0.1117703
vn 0.003854513 0.9921501 0.1249936
vn 0.003854513 -0.9998591 0.01633919
vn -0.1529967 -0.984174 -0.08940648
vn 0.003854513 -0.9528037 -0.3035625
vn -0.1922094 -0.8822207 -0.4298163
vn -0.3949431 -0.9187055 0
vn -0.1216264 -0.9920166 -0.03331961
vn -0.2941626 -0.9528037 0.07505607
vn -0.09025621 -0.984174 0.152497
vn -0.09025621 -0.9449612 0.3144872
vn 0.003854513 -0.8116378 0.5841483
vn -0.1529967 -0.984174 -0.08940648
vn 0.003854513 -0.9998591 0.01633919
vn 0.003854513 -0.9998591 -0.01633919
vn -0.1216264 -0.9920166 -0.03331961
vn -0.09025621 -0.984174 0.152497
vn 0.003854513 -0.9998591 0.01633919
vn -0.09025621 -0.984174 0.152497
vn 0.04306728 -0.7881101 0.6140258
vn 0.003854513 -0.8116378 0.5841483
vn -0.6941329 0.1686817 0.6998042
vn -0.7019755 0.2157371 0.67874
vn -0.3176903 -0.8979059 0.3046932
vn -0.3020052 -0.9057484 0.2973426
vn -0.4196435 -0.8586931 0.2941861
vn -0.7098181 0.3098477 0.6325762
vn -0.09809875 0.9843075 0.1466812
vn -0.07457101 0.9921501 0.1003863
vn 0.6861569 0.4431711 -0.5768779
vn 0.6547866 0.4196435 -0.6286126
vn 0.4979355 -0.6783143 -0.5403239
vn 0.5136206 -0.7175271 -0.4704772
vn 0.5136206 -0.7175271 -0.4704772
vn 0.4979355 -0.6783143 -0.5403239
vn 0.5214632 -0.7253696 -0.4493497
vn 0.6783143 0.4745414 -0.5609814
vn 0.5214632 -0.7253696 -0.4493497
vn -0.1216264 0.976465 0.1781099
vn -0.1216264 0.976465 0.1781099
vn -0.7255032 0.1843668 0.6630641
vn -0.1294689 0.976465 0.1724932
vn -0.1216264 0.976465 0.1781099
vn -0.6941329 0.1686817 0.6998042
vn -0.3020052 -0.9214336 0.2444444
vn -0.3020052 -0.9057484 0.2973426
vn 0.6783143 0.4745414 -0.5609814
vn 0.646944 0.482384 -0.5905668
vn 0.5057781 -0.701842 -0.5016038
vn 0.5214632 -0.7253696 -0.4493497
vn 0.5214632 -0.7253696 -0.4493497
vn 0.5057781 -0.701842 -0.5016038
vn -0.7647159 -0.4822504 0.4273688
vn -0.6706053 -0.5920462 0.4469562
vn -0.6000223 -0.6391015 0.4811679
vn -0.7411883 -0.4430376 0.5043387
vn -0.8039287 -0.4273525 0.4136042
vn -0.8509841 -0.3567695 0.385411
vn -0.6706053 -0.5293058 0.5197346
vn -0.7647159 -0.3410844 0.5466909
vn -0.7411883 -0.4430376 0.5043387
vn -0.6000223 -0.6391015 0.4811679
vn -0.2471073 0.6784478 0.6918429
vn -0.1843668 0.8823543 0.4329664
vn -0.2392647 0.7725586 0.5881374
vn 0.003854513 0.9137245 0.406316
vn 0.003854513 0.9607799 0.2772853
vn -0.2235796 0.003988028 0.9746775
vn -0.1843668 -0.1293354 0.9743107
vn -0.2392647 0.8666692 0.4377635
vn -0.2235796 0.8666692 0.4459784
vn 0.003854513 0.8588266 0.5122519
vn -0.2941626 0.9137245 0.2803138
vn 0.003854513 0.8509841 0.5251774
vn -0.6470777 -0.5214632 0.5562074
vn -0.5372819 -0.7567399 0.3723882
vn -0.3647456 -0.5214632 0.7713863
vn -0.2863201 -0.6861569 0.6687373
vn -0.1765243 -0.4116674 0.8940744
vn -0.145154 -0.4038249 0.9032474
vn -0.1843668 -0.1293354 0.9743107
vn -0.2235796 0.003988028 0.9746775
vn -0.8588266 -0.4822504 0.1727754
vn -0.8980395 -0.4038249 0.174501
vn -0.9372522 -0.3332419 0.1025096
vn -0.9215671 -0.3881397 0.007851503
vn -0.9137245 -0.4038249 0.04508842
vn -0.8823543 -0.4665653 0.06138231
vn -0.8901968 -0.4508802 0.06524347
vn -0.8901968 -0.4273525 0.1578589
vn -0.8823543 -0.4665653 0.06138231
vn -0.8901968 -0.4351951 0.13474
vn -0.8823543 -0.4665653 0.06138231
vn -0.9137245 -0.4038249 0.04508842
vn -0.9137245 -0.3959823 0.09113446
vn -0.8980395 -0.4038249 0.174501
vn -0.8901968 -0.4273525 0.1578589
vn 0.9214336 -0.348927 -0.1709099
vn 0.9606463 -0.2469738 -0.1271322
vn 0.9606463 -0.2469738 -0.1271322
vn 0.9214336 -0.348927 -0.1709099
vn 0.9371186 -0.3410844 0.0739599
vn 0.9763314 -0.2156035 0.01708995
vn 0.2940291 -0.9528037 -0.07557759
vn 0.3948308 -0.9187539 0
vn 0.4744079 -0.8743782 0.1019804
vn 0.3802972 -0.9214336 -0.07958797
vn -0.6000223 -0.6783143 0.4241025
vn -0.5608095 -0.5920462 0.5787694
vn -0.2392647 -0.7567399 0.6083561
vn -0.7882437 -0.5293058 0.3138588
vn -0.7960862 -0.5920462 0.1254116
vn -0.5372819 -0.8351654 0.1175876
vn -0.2314222 -0.9371186 -0.2612517
vn -0.8117713 -0.560676 -0.163309
vn -0.2784775 -0.843008 0.460204
vn -0.9529372 -0.2861865 0.1000394
vn -0.6313925 -0.6547866 0.4154491
vn -0.07457101 -0.7802675 0.6209845
vn -0.07457101 -0.7802675 0.6209845
vn -0.2941626 0.9137245 0.2803138
vn -0.2235796 0.8666692 0.4459784
vn -0.2078944 0.8823543 0.422174
vn 0.5449909 0.7960862 0.2631192
vn -0.3255328 0.905882 0.2709358
vn 0.003854513 0.8509841 0.5251774
vn 0.003854513 0.8196138 0.5729035
vn -0.3255328 0.8745117 0.3595243
vn -0.2392647 0.8666692 0.4377635
vn -0.5451244 -0.7332122 0.4064963
vn -0.7882437 -0.003854513 0.6153512
vn -0.5451244 -0.003854513 0.8383463
vn -0.4666989 -0.560676 0.6839844
vn -0.1765243 -0.4116674 0.8940744
vn -0.2235796 0.003988028 0.9746775
vn -0.2863201 -0.6861569 0.6687373
vn -0.3647456 -0.8508505 0.378172
vn -0.3961159 -0.8743782 0.2802766
vn -0.7333457 -0.01169705 0.6797553
vn -0.3961159 0.7960862 0.4575357
vn -0.498069 0.7568734 0.4231666
vn -0.3490605 0.7804011 0.5187782
vn -0.7019755 -0.06659496 0.7090808
vn -0.3098477 -0.9371186 0.1606332
vn -0.2627923 0.9215671 0.2857521
vn -0.145154 0.9215671 0.3600616
vn -0.145154 0.8745117 0.4627737
vn -0.09025621 -0.9920166 -0.08807388
vn -0.01967311 -0.9606463 -0.2770769
vn -0.3020052 0.8823543 0.3608931
vn -0.4353286 0.5921798 0.6780944
vn -0.2471073 0.6784478 0.6918429
vn -0.3569031 -0.913591 0.1948635
vn -0.2471073 0.6784478 0.6918429
vn -0.3020052 0.8823543 0.3608931
vn -0.2392647 0.8666692 0.4377635
vn -0.3255328 0.8745117 0.3595243
vn -0.2078944 0.9372522 0.2798897
vn -0.2627923 0.9215671 0.2857521
vn -0.05888593 0.9137245 0.4020447
vn -0.145154 0.9215671 0.3600616
vn -0.145154 0.8745117 0.4627737
vn -0.145154 0.8745117 0.4627737
vn -0.5921798 0.7019755 0.3956685
vn 0.003854513 0.9686224 0.248507
vn 0.003854513 0.9686224 0.248507
vn -0.6313925 0.6706053 0.3893996
vn -0.7804011 0.04320085 0.6237851
vn -0.7098181 -0.01953959 0.704114
vn -0.6627628 -0.1763907 0.7277581
vn -0.5294393 -0.2077609 0.8225141
vn -0.7647159 -0.1293354 0.6312543
vn -0.6313925 -0.6547866 0.4154491
vn -0.7882437 -0.5293058 0.3138588
vn -0.6627628 -0.631259 0.4028122
vn -0.8196138 -0.5136206 0.2538248
vn -0.9607799 -0.2626588 0.08895116
vn -0.9529372 -0.2861865 0.1000394
vn -0.8745117 -0.4587228 -0.1574886
vn -0.8117713 -0.560676 -0.163309
vn -0.2314222 -0.9371186 -0.2612517
vn -0.639235 -0.1763907 0.7485085
vn -0.5215968 -0.2077609 0.8275096
vn -0.5294393 -0.2077609 0.8225141
vn -0.6627628 -0.1763907 0.7277581
vn -0.7647159 -0.1293354 0.6312543
vn -0.7568734 -0.1058077 0.6449398
vn -0.5059116 0.04320085 0.8615028
vn -0.7098181 -0.01953959 0.704114
vn -0.5921798 0.7019755 0.3956685
vn -0.5921798 0.7255032 0.3506682
vn 0.003854513 0.9843075 0.1764196
vn 0.003854513 0.9686224 0.248507
vn -0.7019755 -0.06659496 0.7090808
vn -0.6784478 -0.09012264 0.7290998
vn -0.3255328 0.7882437 0.5222072
vn -0.3490605 0.7804011 0.5187782
vn -0.2627923 -0.9606463 0.08999323
vn -0.3098477 -0.9371186 0.1606332
vn -0.01967311 -0.9606463 -0.2770769
vn -0.01183057 -0.9528037 -0.3033564
vn -0.145154 0.8745117 0.4627737
vn -0.145154 0.8745117 0.4627737
vn -0.01967311 -0.9606463 -0.2770769
vn -0.09025621 -0.9920166 -0.08807388
vn -0.1059413 -0.984174 -0.1420491
vn -0.01183057 -0.9528037 -0.3033564
vn -0.3569031 -0.913591 0.1948635
vn -0.3961159 -0.913591 0.09189001
vn -0.5372819 -0.7567399 0.3723882
vn -0.3647456 -0.8508505 0.378172
vn -0.2863201 -0.6861569 0.6687373
vn 0.984174 0.09809875 -0.1475742
vn 0.984174 0.09025621 -0.152497
vn 0.984174 0.09025621 -0.152497
vn 0.984174 0.09025621 -0.152497
vn 0.984174 0.1059413 -0.1420491
vn 0.8273228 0.5372819 -0.1639058
vn 0.8822207 0.4274861 -0.1973378
vn 0.6704718 -0.003854513 -0.7419251
vn 0.7332122 0.09025621 -0.6739834
vn 0.7253696 0.07457101 -0.6843085
vn 0.772425 0.1608392 -0.6144025
vn 0.8581955 -0.513323 0
vn 0.9371186 -0.348927 0.007656446
vn 0.9763314 -0.2156035 0.01708995
vn 0.9371186 -0.3410844 0.0739599
vn 0.7959527 0.6000223 -0.08020308
vn 0.7645824 0.639235 -0.08241563
vn 0.7959527 0.6000223 -0.08020308
vn 0.5057781 0.8196138 -0.2691129
vn 0.6391015 0.7176607 -0.2766089
vn 0.631259 0.7019755 -0.3297614
vn 0.631259 0.7411883 -0.2283682
vn 0.1293354 0.9607799 -0.2453046
vn -0.09809875 0.9843075 -0.1466812
vn 0.646944 0.6862904 -0.3323686
vn -0.6470777 -0.5214632 0.5562074
vn -0.3647456 -0.5214632 0.7713863
vn -0.5215968 -0.3881397 0.7597923
vn -0.9883181 0.1524057 0
vn -0.9921501 0.05104339 -0.1141613
vn -0.9921501 0.1059413 0.06644301
vn -0.9843075 0.1686817 0.05181881
vn -0.9921501 0.09809875 0.07755557
vn -0.9921501 0.09809875 0.07755557
vn -0.9843075 0.1686817 0.05181881
vn -0.9921501 0.1059413 0.06644301
vn -0.835299 0.5372819 -0.116635
vn -0.835299 0.5372819 -0.116635
vn -0.835299 0.5372819 -0.116635
vn -0.835299 0.5372819 -0.116635
vn -0.8274564 -0.5528334 -0.09844363
vn -0.8274564 -0.5528334 -0.09844363
vn -0.8274564 -0.5528334 -0.09844363
vn -0.8274564 -0.5528334 -0.09844363
vn -0.1216264 -0.003854513 0.9925685
vn -0.1216264 -0.003854513 0.9925685
vn -0.1216264 -0.003854513 0.9925685
vn -0.1216264 -0.003854513 0.9925685
vn -0.1216264 -0.003854513 0.9925685
vn -0.1216264 -0.003854513 0.9925685
vn -0.1216264 -0.003854513 0.9925685
vn -0.1216264 -0.003854513 0.9925685
vn -0.1216264 -0.003854513 0.9925685
vn -0.1216264 -0.003854513 0.9925685
vn -0.1216264 0.9921501 -0.02907324
vn -0.1216264 0.9921501 -0.02907324
vn -0.1216264 0.9921501 -0.02907324
vn -0.1216264 0.9921501 -0.02907324
vn -0.1059413 -0.9920166 -0.06840775
vn -0.1059413 -0.9920166 -0.06840775
vn -0.1059413 -0.9920166 -0.06840775
vn -0.1059413 -0.9920166 -0.06840775
vn 0.07423267 0.9972408 0
vn 0.07423267 0.9972408 0
vn 0.07423267 0.9972408 0
vn 0.07423267 0.9972408 0
vn 0.09012264 -0.9920166 0.08821048
vn 0.09012264 -0.9920166 0.08821048
vn 0.09012264 -0.9920166 0.08821048
vn 0.09012264 -0.9920166 0.08821048
vn -0.1216264 -0.003854513 0.9925685
vn -0.1216264 -0.003854513 0.9925685
vn -0.1216264 -0.003854513 0.9925685
vn -0.1216264 -0.003854513 0.9925685
vn -0.1216264 -0.003854513 0.9925685
vn 0.7881101 -0.6077313 0.09769927
vn 0.7881101 -0.6077313 0.09769927
vn 0.7881101 -0.6077313 0.09769927
vn 0.7881101 -0.6077313 0.09769927
vn 0.772425 0.6235499 0.1206031
vn 0.772425 0.6235499 0.1206031
vn 0.772425 0.6235499 0.1206031
vn 0.772425 0.6235499 0.1206031
vn -0.6235499 0.5137541 0.5892726
vn -0.4431711 0.6549202 0.6121101
vn -0.2314222 0.7804011 0.5808768
vn -0.3020052 0.7725586 0.5585213
vn 0.04306728 0.8901968 0.4535359
vn -0.1529967 0.8117713 0.5635773
vn -0.552967 0.6313925 0.5436645
vn -0.1765243 0.835299 0.5206867
vn -0.8431416 -0.01169705 0.5375644
vn -0.8196138 -0.01169705 0.5727969
vn -0.1765243 0.835299 0.5206867
vn -0.7725586 -0.01169705 0.6348357
vn -0.7255032 0.2314222 0.6481426
vn -0.7568734 -0.3018716 0.5796691
vn -0.7725586 -0.01169705 0.6348357
vn -0.6549202 -0.5214632 0.5469512
vn -0.8196138 -0.01169705 0.5727969
vn -0.8431416 -0.01169705 0.5375644
vn -0.552967 -0.646944 0.5250628
vn -0.1765243 -0.843008 0.5081109
vn -0.3255328 -0.772425 0.545333
vn -0.482384 -0.6704718 0.5637138
vn -0.2549498 -0.7959527 0.5490537
vn -0.1765243 -0.8351654 0.520901
vn -0.1765243 -0.8194803 0.5452442
vn 0.01169705 -0.8979059 0.4400321
vn -0.3882732 0.1686817 -0.9059748
vn -0.3020052 0.2549498 -0.9185823
vn -0.3176903 0.2392647 -0.9175103
vn -0.3882732 0.1686817 -0.9059748
vn -0.2314222 0.1373115 -0.9631144
vn -0.2314222 0.1608392 -0.9594657
vn -0.9215671 -0.3802972 0.07802662
vn -0.8980395 -0.4351951 0.0642679
vn -0.8980395 -0.4351951 0.0642679
vn -0.9215671 -0.3881397 0.007851503
vn -0.5843372 0.04320085 -0.8103602
vn -0.5843372 0.04320085 -0.8103602
vn -0.5608095 -0.01953959 -0.8277143
vn -0.5608095 -0.01953959 -0.8277143
vn -0.6549202 -0.1058077 -0.7482541
vn -0.5608095 -0.01953959 -0.8277143
vn -0.5608095 -0.01953959 -0.8277143
vn -0.6470777 -0.1058077 -0.7550465
vn 0.0744375 -0.9920166 0.1017949
vn -0.003988028 -0.9920166 0.1260447
vn 0.6547866 -0.6861569 -0.3169278
vn 0.6861569 -0.646944 -0.3326442
vn -0.4196435 -0.1920758 -0.8871337
vn -0.411801 -0.1920758 -0.8908013
vn -0.3490605 -0.2548163 -0.9017901
vn -0.341218 -0.2548163 -0.9047867
vn -0.2235796 -0.1607056 -0.9613459
vn -0.2235796 -0.1450205 -0.9638367
vn 0.5449909 0.7960862 0.2631192
vn 0.7959527 0.5921798 0.1256281
vn 0.8013494 0.5981966 0
vn 0.5842036 0.7804011 0.2228908
vn 0.7410548 0.639235 0.2054664
vn 0.7410548 0.6470777 0.1792438
vn 0.7410548 -0.6626292 0.1084454
vn 0.7332122 -0.646944 0.2094355
vn 0.7332122 -0.646944 0.2094355
vn 0.7410548 -0.6547866 0.1486348
vn 0.5763611 -0.7959527 0.1851141
vn 0.5920462 -0.7881101 0.1684156
vn -0.9281926 0.3721003 0
vn -0.9215671 0.3804307 -0.07737304
vn -0.9450947 0.3255328 -0.02871287
vn -0.9450947 0.3176903 -0.07660892
vn 0.5998887 0.6784478 -0.4240778
vn 0.1920758 0.976465 0.09809685
vn 0.1371779 0.976465 0.1664282
vn 0.5842036 0.7098181 -0.3935282
vn -0.5843372 -0.7881101 0.1934749
vn -0.6627628 -0.7410548 0.1076261
vn -0.5137541 -0.7959527 0.3201812
vn -0.4588563 -0.7959527 0.3948546
vn -0.8666692 -0.4822504 0.1277463
vn -0.8901968 -0.4430376 0.1061475
vn -0.8117713 -0.4822504 0.3293356
vn -0.8274564 -0.4665653 0.3124624
vn -0.7019755 -0.5685185 0.4289722
vn -0.6941329 -0.5920462 0.409464
vn -0.5059116 -0.8194803 0.2692685
vn -0.5215968 -0.8037952 0.2860944
vn -0.4588563 -0.8822207 0.105534
vn -0.4431711 -0.8900633 0.1067084
vn -0.4588563 -0.772425 0.439102
vn -0.4745414 -0.8743782 -0.1013569
vn -0.1216264 -0.003854513 0.9925685
vn -0.1216264 -0.003854513 0.9925685
vn -0.1216264 -0.003854513 0.9925685
vn -0.1216264 -0.003854513 0.9925685
vn -0.1216264 -0.003854513 0.9925685
vn -0.1216264 -0.003854513 0.9925685
vn -0.8588266 0.498069 -0.1197665
vn -0.8588266 0.498069 -0.1197665
vn -0.8588266 0.498069 -0.1197665
vn -0.8588266 0.498069 -0.1197665
vn -0.8509841 -0.5136206 -0.1096356
vn -0.8509841 -0.5136206 -0.1096356
vn -0.8509841 -0.5136206 -0.1096356
vn -0.8509841 -0.5136206 -0.1096356
vn 0.8665357 0.4902265 0.09377591
vn 0.8665357 0.4902265 0.09377591
vn 0.8665357 0.4902265 0.09377591
vn 0.8665357 0.4902265 0.09377591
vn 0.8743782 -0.4744079 0.1019803
vn 0.8743782 -0.4744079 0.1019803
vn 0.8743782 -0.4744079 0.1019803
vn 0.8743782 -0.4744079 0.1019803
vn -0.003988026 0.9999921 0
vn -0.003988026 0.9999921 0
vn -0.003988026 0.9999921 0
vn -0.003988026 0.9999921 0
vn 0.01953862 -0.9998091 0
vn 0.01953862 -0.9998091 0
vn 0.01953862 -0.9998091 0
vn 0.01953862 -0.9998091 0
vn -0.07437495 -0.9972303 0
vn -0.3020052 -0.9528037 -0.03095006
vn -0.3098477 -0.9449612 -0.1050843
vn -0.1059413 -0.9920166 -0.06840775
vn -0.2784231 -0.9604586 0
vn -0.3176903 -0.9449612 0.07823821
vn -0.4588563 -0.8586931 0.2282477
vn -0.5294393 -0.8116378 0.2468566
vn -0.2941626 -0.9528037 0.07505607
vn -0.3255328 -0.9449612 -0.03281399
vn -0.5921798 -0.7488973 0.2974491
vn -0.6862904 -0.5685185 0.4536433
vn -0.6862904 -0.5763611 0.4436366
vn -0.6784478 -0.5449909 0.4926392
vn -0.1370912 0.9905584 0
vn -0.341218 0.9215671 0.1851605
vn -0.1916538 0.9814626 0
vn -0.4196435 0.8823543 0.2129561
vn -0.1529967 0.9843075 -0.08792453
vn -0.1922094 0.976465 -0.09783492
vn -0.4902265 0.8274564 0.2738503
vn -0.6078649 0.6706053 0.4251927
vn -0.6078649 0.6627628 0.4373167
vn -0.6078649 0.6470777 0.4602073
vn -0.6000223 -0.6547866 0.4595951
vn -0.5921798 -0.5998887 0.5380117
vn -0.6235499 -0.5685185 0.5366303
vn -0.6235499 -0.6234164 0.4717387
vn -0.6862904 -0.5449909 0.4816539
vn -0.6784478 -0.5685185 0.4652904
vn 0.6155739 -0.4038249 -0.6767527
vn 0.6626292 -0.3018716 -0.6854167
vn 0.7881101 -0.05875242 -0.612724
vn 0.7332122 -0.05875242 -0.677457
vn 0.560676 -0.05090982 -0.8264688
vn 0.5136206 -0.348927 -0.7838647
vn 0.5057781 -0.05090982 -0.8611601
vn 0.4665653 -0.4430376 -0.7655289
vn -0.06658975 -0.9977804 0
vn -0.0821466 -0.9966204 0
vn -0.145154 -0.984174 -0.1016455
vn -0.1373115 -0.984174 -0.1120137
vn -0.1373115 -0.984174 -0.1120137
vn 0.01169705 -0.9998591 0.01204235
vn 0.003854513 -0.9998591 0.01633919
vn -0.5372819 0.7176607 0.4430478
vn -0.552967 0.6941329 0.4608764
vn -0.552967 0.6627628 0.5049486
vn -0.5294393 0.6784478 0.5093158
vn -0.6078649 0.639235 0.4710402
vn -0.6078649 0.6627628 0.4373167
vn 0.6626292 0.3020052 -0.6853579
vn 0.7881101 -0.05875242 -0.612724
vn 0.6939994 0.2000519 -0.6916242
vn 0.7332122 -0.05875242 -0.677457
vn 0.560676 -0.05090982 -0.8264688
vn 0.5528334 0.2471073 -0.7958097
vn 0.5214632 0.3490605 -0.7786096
vn 0.5057781 -0.05090982 -0.8611601
vn 0.06644826 0.9977899 0
vn -0.01183057 0.9921501 -0.1244921
vn 0.04302771 0.9990739 0
vn -0.01183057 0.9921501 -0.1244921
vn 0.003854513 0.9921501 -0.1249936
vn 0.1369604 0.9905766 0
vn 0.1214929 0.9921501 0.02962664
vn -0.4274861 -0.8900633 0.1582498
vn -0.552967 -0.772425 0.3123896
vn -0.6157074 -0.3724546 0.6943932
vn -0.5608095 -0.5293058 0.6366539
vn -0.3961159 -0.843008 0.3639089
vn -0.6000223 -0.7488973 0.2812935
vn -0.6862904 -0.6861569 0.2412349
vn -0.5215968 -0.8194803 0.2374633
vn -0.2863201 -0.8979059 0.3343439
vn -0.1216264 -0.8822207 0.4548555
vn -0.639235 -0.7410548 0.2054663
vn -0.6000223 -0.7802675 0.17651
vn -0.3804307 -0.9214336 0.07894732
vn -0.3098477 0.9372522 0.1598523
vn -0.4353286 0.6000223 0.6711648
vn -0.3882732 0.835299 0.389255
vn -0.3647456 0.6157074 0.6984733
vn -0.3020052 0.8745117 0.3795024
vn -0.4588563 0.8431416 0.2802913
vn -0.5137541 0.8196138 0.2535545
vn -0.6000223 0.7725586 0.2076691
vn -0.4196435 0.8823543 0.2129561
vn -0.1765243 0.9372522 0.3006618
vn -0.01183057 0.905882 0.4233649
vn -0.498069 0.8509841 0.1665934
vn -0.5451244 0.8196138 0.1762741
vn -0.2392647 0.9686224 0.06725266
vn 0.2626588 0.9529372 0.1513967
vn -0.07457101 0.9215671 0.3809899
vn -0.1843668 0.8745117 0.4485958
vn 0.2548163 0.9529372 0.1642537
vn 0.1607056 0.9215671 0.3533947
vn -0.6157074 0.4745414 0.6290587
vn -0.4588563 0.5215968 0.7192966
vn -0.6706053 -0.3018716 0.677615
vn -0.6862904 0.3176903 0.654277
vn -0.7490308 -0.2548163 0.6115729
vn -0.6235499 -0.5528334 0.5527754
vn -0.4745414 -0.6704718 0.5703315
vn -0.4902265 -0.5763611 0.6538241
vn -0.6313925 -0.1763907 0.7551357
vn 0.560676 -0.8037952 0.1988862
vn 0.1607056 -0.9371186 0.3098102
vn 0.2156035 -0.9449612 0.2460964
vn 0.6077313 -0.7802675 0.1478011
vn 0.4587228 -0.8665357 0.1966961
vn 0.7175271 -0.6939994 0.05932692
vn 0.8586931 -0.5057781 -0.08267216
vn 0.8665357 -0.4979355 -0.03429502
vn 0.9528037 0.2941626 -0.07505597
vn 0.9905559 0.1371093 0
vn 0.9670538 0.254572 0
vn 0.9214336 0.3882732 -0.0142864
vn 0.843008 0.5294393 -0.09503423
vn 0.8806795 0.4737124 0
vn -0.5294393 -0.8037952 0.2713066
vn -0.1059413 -0.9763314 -0.1885561
vn -0.5372819 -0.8273228 0.1639057
vn -0.8666692 -0.1293354 0.4818266
vn -0.8588266 0.2078944 0.4681844
vn -0.6313925 -0.4979355 0.5944777
vn -0.4353286 -0.8743782 0.2143637
vn -0.8274564 0.4588563 0.323677
vn -0.4196435 -0.8979059 -0.1329074
vn -0.6235499 -0.4979355 0.6026986
vn -0.4588563 -0.7645824 0.4526197
vn -0.2941626 -0.9292761 0.2234151
vn -0.1765243 -0.913591 0.3663206
vn -0.7725586 0.04320085 0.6334721
vn -0.7725586 0.003988028 0.634931
vn -0.8823543 0.1686817 0.4393148
vn 0.09796518 -0.9528037 0.2873462
vn 0.1685482 -0.9449612 0.280428
vn -0.9215671 -0.3567695 0.1530674
vn -0.6313925 -0.6704718 0.3896294
vn 0.05090982 -0.9214336 0.3851862
vn -0.8196138 0.3176903 0.4767663
vn -0.6862904 0.4353286 0.5826616
vn -0.7019755 0.4431711 0.5575212
vn -0.5372819 0.6706053 0.5114848
vn -0.8823543 0.145154 0.4476397
vn -0.7804011 0.4510137 0.4330829
vn -0.7960862 0.4666989 0.3852777
vn -0.6706053 0.5921798 0.4467792
vn -0.8196138 0.4510137 0.3532985
vn -0.7960862 0.3882732 0.4642097
vn -0.8196138 0.2941626 0.4916315
vn -0.5764946 0.7176607 0.3906625
vn -0.5215968 0.7411883 0.4225833
vn -0.5451244 0.6470777 0.5330383
vn 0.5371483 0.05104339 -0.841942
vn 0.4273525 -0.1450205 -0.8923782
vn 0.4273525 0.06672847 -0.9016191
vn 0.6626292 0.2863201 -0.6920574
vn 0.1293354 0.1059413 -0.9859254
vn 0.3410844 -0.3332419 -0.8789831
vn 0.5528334 -0.2626588 -0.7908132
vn 0.4351951 -0.1763907 -0.8828882
vn 0.3802972 0.01183057 -0.9247887
vn 0.7096845 0.01967311 -0.7042449
vn 0.5449909 0.04320085 -0.8373283
vn 0.6626292 -0.03522474 -0.7481188
vn 0.7802675 0.1608392 -0.6044115
vn 0.7959527 0.2314222 -0.5593774
vn 0.7175271 0.3882732 -0.5782722
vn 0.4195099 0.341218 -0.8411787
vn 0.6861569 0.3961159 -0.6101483
vn 0.7802675 0.1373115 -0.6101869
vn 0.8351654 0.003988028 -0.5499843
vn 0.003854513 0.6706053 -0.7418043
vn 0.646944 0.4745414 -0.5968868
vn 0.3567695 0.01967311 -0.9339853
vn 0.4351951 0.8901968 -0.13474
vn 0.4744079 0.8431416 -0.2530801
vn 0.4430376 0.8431416 -0.3046802
vn 0.4195099 0.8901968 -0.1776542
vn 0.4273525 0.8117713 -0.3979914
vn 0.4351951 0.8274564 -0.3548537
vn 0.4508802 0.8901968 -0.06524359
vn 0.4351951 0.8980395 -0.0642679
vn -0.5215968 0.3725882 -0.7675381
vn -0.5215968 0.3725882 -0.7675381
vn -0.5372819 0.341218 -0.7712966
vn -0.5059116 0.4039584 -0.762149
vn -0.6235499 0.3176903 -0.7143237
vn -0.6235499 0.3176903 -0.7143237
vn -0.6235499 0.3176903 -0.7143237
vn -0.6313925 -0.1214929 -0.7658871
vn -0.6235499 -0.01953959 -0.7815393
vn -0.6235499 -0.03522474 -0.7809895
vn -0.6235499 0.05104339 -0.7801154
vn -0.8823543 0.145154 0.4476397
vn -0.7804011 0.4510137 0.4330829
vn -0.6470777 0.5921798 0.4802224
vn -0.639235 0.6157074 0.4607418
vn -0.5764946 0.5764946 0.5790579
vn -0.5921798 0.5608095 0.5786327
vn -0.5921798 0.5059116 0.6271974
vn -0.6078649 0.482384 0.6307186
vn -0.6000223 0.482384 0.6381841
vn -0.4902265 -0.8586931 0.1494127
vn -0.5059116 -0.843008 0.182732
vn -0.6313925 -0.6234164 0.4611892
vn -0.639235 -0.6547866 0.4032778
vn -0.4353286 -0.8665357 0.2441412
vn -0.4353286 -0.8665357 0.2441412
vn -0.5137541 -0.8351654 0.1963553
vn -0.498069 -0.8351654 0.2332937
vn -0.5921798 -0.7959527 0.1256281
vn 0.2626588 0.8039287 -0.5335813
vn 0.09796518 0.7647159 -0.6368771
vn 0.3018716 0.8039287 -0.512418
vn 0.4508802 0.8196138 -0.3534689
vn 0.4508802 0.8196138 -0.3534689
vn 0.490093 0.8117713 -0.3175472
vn 0.4979355 0.8117713 -0.3051025
vn 0.490093 0.8196138 -0.2967187
vn 0.490093 0.8196138 -0.2967187
vn 0.2391312 -0.5763611 -0.7814245
vn -0.01967311 -0.4351951 -0.9001212
vn 0.1920758 -0.5528334 -0.8108526
vn 0.4351951 -0.6704718 -0.6008933
vn 0.4351951 -0.6704718 -0.6008933
vn 0.5214632 -0.7096845 -0.4737342
vn 0.5371483 -0.6939994 -0.4794126
vn 0.4822504 -0.772425 -0.4132725
vn 0.4587228 -0.7881101 -0.4104339
vn 0.8979059 -0.2940291 -0.327585
vn 0.8351654 0.003988028 -0.5499843
vn 0.7802675 0.1373115 -0.6101869
vn 0.9371186 -0.1607056 -0.3098102
vn 0.646944 0.4745414 -0.5968868
vn 0.9528037 -0.06659496 -0.2961928
vn 0.5920462 -0.6155739 -0.5201443
vn 0.560676 -0.6939994 -0.4516717
vn 0.4665653 -0.8586931 -0.2120447
vn 0.5057781 -0.8116378 -0.2922888
vn 0.4430376 -0.3646121 -0.8190089
vn 0.4665653 -0.3410844 -0.8160748
vn 0.1214929 -0.278344 -0.9527666
vn 0.4273525 0.8117713 -0.3979914
vn 0.4351951 0.8274564 -0.3548537
vn 0.4195099 0.8039287 -0.4215566
vn 0.4116674 0.8117713 -0.4141948
vn 0.1058077 0.8901968 -0.4431189
vn 0.09012264 0.8666692 -0.4906755
vn -0.1843668 0.7255032 -0.6630641
vn -0.8980395 -0.2861865 0.3340994
vn -0.7960862 0.2941626 0.528881
vn -0.8117713 -0.4038249 0.4218446
vn -0.4588563 -0.8665357 0.1963844
vn -0.6235499 0.639235 0.4500711
vn -0.8039287 -0.0744375 0.5900488
vn -0.7960862 0.3882732 0.4642097
vn -0.6157074 -0.6626292 0.4264117
vn -0.8196138 0.4510137 0.3532985
vn -0.5764946 0.7176607 0.3906625
vn 0.646944 0.4745414 -0.5968868
vn 0.003854513 0.6706053 -0.7418043
vn -0.06672847 0.8117713 -0.5801505
vn 0.6077313 0.5451244 -0.5774963
vn 0.5449909 0.3490605 -0.7623265
vn -0.145154 0.6549202 -0.7416264
vn 0.4116674 0.1294689 -0.9020907
vn 0.6077313 0.5451244 -0.5774963
vn 0.9684889 -0.06659496 -0.2399884
vn 0.9528037 -0.06659496 -0.2961928
vn 0.646944 0.4745414 -0.5968868
vn 0.5449909 0.3490605 -0.7623265
vn 0.9292761 -0.1920758 -0.3155199
vn 0.4116674 0.1294689 -0.9020907
vn -0.639235 -0.631259 0.4391932
vn -0.6313925 -0.6704718 0.3896294
vn 0.05090982 -0.9214336 0.3851862
vn 0.04306728 -0.8979059 0.4380756
vn -0.976465 -0.06659496 0.2051371
vn -0.9215671 -0.3567695 0.1530674
vn 0.1371779 -0.8822207 0.4504096
vn -0.6235499 -0.701842 0.3443883
vn -0.5215968 -0.8273228 0.2085034
vn -0.9916101 -0.129265 0
vn -0.6862904 0.4588563 0.5643194
vn -0.3490605 0.8588266 0.3749313
vn -0.8274564 0.4588563 0.323677
vn -0.8588266 0.2078944 0.4681844
vn -0.5372819 -0.8273228 0.1639057
vn -0.5451244 -0.8116378 0.2099608
vn 0.03522474 -0.9684889 -0.2465533
vn 0.01169705 -0.9684889 -0.2487821
vn -0.7176607 0.498069 0.4867139
vn -0.6470777 -0.7567399 0.09292622
vn -0.9843075 -0.1528631 0.08815665
vn -0.05104339 -0.9371186 -0.3452582
vn -0.3176903 0.905882 0.2800905
vn 0.1842333 -0.9449612 -0.270382
vn 0.1214929 -0.9606463 -0.2497962
vn 0.3410844 -0.8822207 -0.3245735
vn 0.3881397 -0.8665357 -0.3137889
vn 0.3567695 -0.8273228 -0.4338807
vn 0.3410844 -0.8351654 -0.4314627
vn 0.2156035 -0.7332122 -0.6449147
vn 0.2234461 -0.7488973 -0.6238788
vn 0.01953959 -0.631259 -0.775326
vn 0.6234164 0.6313925 -0.4611892
vn 0.6391015 0.6157074 -0.4609269
vn 0.7488973 0.5059116 -0.4280261
vn 0.7253696 0.5372819 -0.4303105
vn 0.5371483 0.6941329 -0.4792193
vn 0.5371483 0.7098181 -0.4556642
vn 0.3567695 0.7255032 -0.5885241
vn 0.3802972 0.7411883 -0.5531853
vn 0.1842333 0.6862904 -0.7036076
vn -0.976465 -0.01953959 0.214789
vn -0.6549202 0.639235 0.4030609
vn -0.8980395 -0.1371779 0.4179801
vn -0.5921798 -0.7802675 0.2012601
vn -0.5059116 0.7411883 0.4412407
vn -0.7882437 -0.03522474 0.6143543
vn -0.498069 0.8039287 0.3250013
vn -0.8666692 0.09809875 0.4891433
vn -0.8196138 0.4510137 0.3532985
vn -0.8196138 0.2941626 0.4916315
vn -0.8823543 0.145154 0.4476397
vn -0.639235 -0.7096845 0.2961866
vn -0.5215968 -0.7802675 0.3451366
vn 0.8037952 0.4510137 -0.3879432
vn 0.7959527 0.498069 -0.3440734
vn 0.772425 0.3333753 -0.5405743
vn 0.772425 0.2941626 -0.5628748
vn 0.6391015 0.3333753 -0.6931162
vn 0.6391015 0.341218 -0.6892892
vn 0.4979355 0.3490605 -0.793862
vn -0.5843372 -0.631259 0.5099629
vn -0.639235 -0.6547866 0.4032778
vn -0.6313925 -0.6234164 0.4611892
vn 0.01169705 -0.9684889 -0.2487821
vn -0.003988028 -0.003854513 0.9999846
vn -0.003988028 -0.01169705 0.9999236
vn -0.003988028 -0.003854513 0.9999846
vn -0.003988028 -0.003854513 0.9999846
vn -0.003988028 -0.003854513 0.9999846
vn -0.9686224 0.07457101 -0.2370859
vn -0.976465 0.03535831 -0.2127579
vn -0.976465 0.1137838 -0.1832194
vn -0.9843075 0.09809875 -0.1466811
vn -0.9686224 0.2314222 -0.09063293
vn 0.9684889 0.2392647 0.06914978
vn 0.9920166 0.08241355 -0.0954525
vn 0.9920166 0.07457101 -0.1016973
vn 0.9920166 -0.01169705 -0.1255641
vn 0.9920166 -0.003854513 -0.1260489
vn -0.0353412 -0.9993753 0
vn -0.0353412 -0.9993753 0
vn -0.0353412 -0.9993753 0
vn -0.1686817 -0.9528037 -0.2524114
vn -0.9686224 -0.1920758 -0.1577258
vn -0.9686224 -0.1528631 -0.1959679
vn -0.1765243 -0.9606463 -0.214471
vn 0.9449612 -0.3253993 -0.03411216
vn 0.9449612 -0.3097142 -0.1054772
vn -0.6543388 0.7562014 0
vn -0.6543388 0.7562014 0
vn 0.5132642 0.8582307 0
vn 0.5057781 0.8588266 0.08127316
vn 0.9449612 -0.3097142 -0.1054772
vn 0.9449612 -0.3253993 -0.03411216
vn -0.1216264 -0.9684889 -0.2173392
vn -0.976465 -0.2077609 -0.05789229
vn -0.6862904 0.7255032 0.05148416
vn 0.4508802 0.8823543 0.1347519
vn 0.9606463 -0.2391312 -0.1413327
vn 0.984174 -0.1450205 -0.101836
vn 0.3090947 0.9510312 0
vn -0.9686224 -0.2312886 -0.09097327
vn -0.7411883 0.6706053 -0.03047018
vn -0.7882437 0.6078649 -0.09577192
vn -0.9607799 -0.2548163 -0.1094104
vn -0.1059413 -0.9920166 -0.06840775
vn 0.2156035 -0.9606463 0.1751392
vn 0.9920166 -0.1214929 0.03380324
vn 0.984174 -0.1450205 -0.101836
vn -0.09025621 -0.9920166 -0.08807388
vn 0.9763314 -0.1293354 0.1733474
vn -0.905882 -0.4116674 0.09953762
vn -0.7490308 0.6470777 0.1422789
vn 0.2626588 0.9607799 -0.08895132
vn 0.9920166 -0.1214929 0.03380324
vn 0.6704718 0.7255032 0.1552826
vn 0.2077609 -0.8900633 0.4057373
vn -0.7804011 -0.5685185 0.260309
vn 0.9057484 -0.3410844 0.2515576
vn 0.003854513 0.9999926 0
vn 0.9763314 -0.1293354 0.1733474
vn 0.9606463 -0.2391312 -0.1413327
vn -0.1765243 -0.9606463 -0.214471
vn -0.9686224 -0.1528631 -0.1959679
vn -0.9529372 -0.2312886 -0.1960005
vn -0.2000519 -0.9528037 -0.2283512
vn -0.6543388 0.7562014 0
vn -0.7489179 0.6626628 0
vn 0.3567695 0.9294096 0.09441016
vn 0.5132642 0.8582307 0
vn 0.9528037 -0.2940291 -0.07557754
vn 0.9528037 -0.2940291 -0.07557754
vn 0.9449612 -0.3253993 -0.03411216
vn 0.9449612 -0.3253993 -0.03411216
vn -0.552967 0.4510137 -0.7005814
vn -0.5451244 -0.3567695 -0.7586533
vn 0.631259 -0.03522474 -0.7747718
vn 0.3881397 0.6078649 -0.6927105
vn 0.1450205 -0.7645824 -0.627999
vn -0.7176607 0.5451244 -0.4333619
vn 0.4351951 0.6941329 -0.5733975
vn 0.646944 0.2941626 -0.7035139
vn -0.6784478 0.2784775 -0.6798226
vn 0.2077609 -0.8900633 0.4057373
vn -0.5451244 -0.7410548 0.3920169
vn -0.7804011 -0.5685185 0.260309
vn 0.4273525 -0.7802675 0.4566753
vn 0.4195099 -0.6939994 0.5851292
vn -0.552967 -0.6783143 0.4838566
vn -0.9843075 -0.1685482 -0.05225164
vn -0.905882 -0.348927 0.2400578
vn 0.9057484 -0.3410844 0.2515576
vn 0.984174 -0.05090982 0.1697342
vn 0.9920166 0.05104339 0.1153159
vn 0.984174 0.1529967 -0.08940659
vn 0.9763314 -0.1999184 0.08252023
vn -0.7804011 -0.6155739 0.1097402
vn 0.9292761 0.2549498 -0.2672949
vn 0.8665357 0.4431711 -0.2295981
vn -0.976465 0.1059413 -0.1878631
vn -0.9972408 -0.07423267 0
vn -0.9686224 0.145154 -0.2017446
vn -0.9843075 -0.003854513 -0.1764196
vn 0.1920758 -0.6626292 0.7238988
vn 0.8822207 0.4039584 -0.2418762
vn 0.6704718 0.7255032 0.1552826
vn 0.8979059 0.4274861 0.1049795
vn 0.9763314 -0.1293354 0.1733474
vn 0.003854513 0.9999926 0
vn 0.9057484 -0.3410844 0.2515576
vn 0.984174 0.1529967 -0.08940659
vn 0.9292761 0.2549498 -0.2672949
vn 0.8351654 0.5137541 -0.1963553
vn 0.646944 0.2941626 -0.7035139
vn 0.646944 0.2941626 -0.7035139
vn 0.4351951 0.6941329 -0.5733975
vn 0.8665357 0.4431711 -0.2295981
vn 0.9292761 0.2549498 -0.2672949
vn 0.8822207 0.4039584 -0.2418762
vn 0.3881397 0.6078649 -0.6927105
vn 0.631259 -0.03522474 -0.7747718
vn 0.9763314 -0.1999184 0.08252023
vn 0.2234461 -0.9292761 0.2941391
vn 0.1450205 -0.7645824 -0.627999
vn -0.5451244 -0.3567695 -0.7586533
vn -0.7804011 -0.6155739 0.1097402
vn -0.9843075 -0.003854513 -0.1764196
vn -0.552967 0.4510137 -0.7005814
vn 0.1920758 -0.6626292 0.7238988
vn -0.7176607 0.5451244 -0.4333619
vn -0.976465 0.1059413 -0.1878631
vn -0.9686224 0.145154 -0.2017446
vn -0.6784478 0.2784775 -0.6798226
vn -0.9529372 0.3020052 0.02652313
vn -0.9972408 -0.07423267 0
vn -0.9686224 0.145154 -0.2017446
vn -0.8274564 0.5215968 -0.2079729
vn -0.6784478 0.2784775 -0.6798226
vn -0.7804011 -0.5685185 0.260309
vn -0.905882 -0.4116674 0.09953762
vn -0.7490308 0.6470777 0.1422789
vn 0.003854513 0.9999926 0
vn -0.1686817 0.976465 0.1343971
vn 0.5057781 0.8588266 -0.08127316
vn -0.1608392 0.976465 -0.1436902
vn -0.7490308 0.6549202 -0.1001614
vn -0.6706053 0.7333457 0.1117703
vn -0.08241355 0.8039287 0.5889878
vn 0.4822504 0.8588266 0.1727753
vn 0.6391015 0.6941329 0.3312533
vn -0.07457101 0.9686224 0.2370859
vn 0.8979059 0.4274861 0.1049795
vn -0.01183057 0.9686224 -0.2482551
vn 0.8351654 0.5137541 -0.1963553
vn -0.9529372 0.3020052 0.02652313
vn -0.8274564 0.5215968 -0.2079729
vn 0.01169705 0.6941329 -0.7197518
vn 0.5214632 0.3333753 -0.7854534
vn 0.646944 0.2941626 -0.7035139
vn -0.4666989 0.3490605 -0.8126186
vn -0.6784478 0.2784775 -0.6798226
vn -0.7098181 0.6000223 0.36896
vn 0.1607056 -0.8586931 0.4866414
vn 0.1999184 -0.8900633 0.4096584
vn 0.05875242 -0.4038249 0.9129478
vn 0.1685482 -0.984174 0.05470875
vn 0.09012264 -0.9920166 0.08821048
vn 0.04303344 -0.9990736 0
vn -0.01967311 -0.9920166 0.1245639
vn -0.6784478 0.2784775 -0.6798226
vn 0.646944 0.2941626 -0.7035139
vn 0.5214632 0.3333753 -0.7854534
vn -0.4666989 0.3490605 -0.8126186
vn 0.01169705 0.6941329 -0.7197518
vn -0.8339037 -0.55191 0
vn -0.8274564 -0.5528334 0.09844363
vn -0.8274564 -0.560676 0.03095824
vn -0.8431416 -0.5293058 0.0945926
vn -0.8117713 -0.560676 0.163309
vn -0.7882437 -0.5763611 0.2155919
vn 0.04306728 -0.6704718 0.740684
vn 0.04306728 -0.6704718 0.740684
vn 0.04306728 -0.6704718 0.740684
vn 0.9214336 -0.3802972 0.07958806
vn 0.9057484 -0.3881397 0.1701979
vn 0.9057484 -0.3881397 0.1701979
vn 0.9292761 -0.3646121 0.05919416
vn 0.8979059 -0.3959823 0.1922578
vn 0.8743782 -0.4195099 0.2438733
vn -0.9686224 -0.2391312 -0.06772628
vn -0.9686224 -0.2469738 -0.02783029
vn -0.9607799 -0.2626588 -0.08895116
vn -0.9607799 -0.2626588 -0.08895116
vn -0.9670953 -0.2544145 0
vn -0.9686224 -0.2469738 -0.02783029
vn -0.9607799 -0.2626588 -0.08895116
vn -0.9607799 -0.2626588 -0.08895116
vn 0.8116378 -0.2861865 -0.5092558
vn 0.9057484 -0.3959823 0.1510556
vn 0.7802675 -0.6077313 0.1478011
vn 0.6861569 -0.701842 -0.1913286
vn 0.4508802 -0.8900633 0.0670405
vn 0.6861569 -0.6391015 0.3474738
vn 0.3724546 -0.7410548 0.5586728
vn 0.003854513 -0.9920166 0.1260489
vn 0.003854513 -0.7881101 0.6155223
vn 0.003854513 -0.772425 0.6350943
vn 0.4116674 -0.6939994 0.5906731
vn 0.003854513 -0.772425 0.6350943
vn 0.4116674 -0.6939994 0.5906731
vn 0.4195099 -0.7881101 0.4504375
vn 0.003854513 -0.8586931 0.5124757
vn 0.6861569 -0.6391015 0.3474738
vn 0.7253696 -0.5685185 0.3881052
vn 0.7802675 -0.6077313 0.1478011
vn 0.843008 -0.5293058 0.0957755
vn 0.9057484 -0.3959823 0.1510556
vn 0.7881101 0.5372819 0.300351
vn 0.7881101 0.5451244 0.2858704
vn 0.913591 0.2157371 0.3446869
vn 0.9763314 -0.04306728 0.2119485
vn 0.4665653 0.7804011 0.4162822
vn 0.4508802 0.7804011 0.4332219
vn 0.003854513 0.8666692 0.4988684
vn 0.003854513 0.8666692 0.4988684
vn 0.9763314 -0.1214929 0.1789314
vn 0.8979059 -0.3959823 0.1922578
vn 0.8900633 -0.3959823 0.2257993
vn 0.7948098 -0.6068587 0
vn 0.7802675 -0.6234164 -0.0503439
vn 0.05865952 -0.9982781 0
vn 0.05865952 -0.9982781 0
vn 0.1058077 -0.9920166 -0.06861394
vn 0.0664571 -0.9977893 0
vn 0.003854513 -0.9998591 -0.01633919
vn 0.003854513 -0.9998591 -0.01633919
vn 0.0664571 -0.9977893 0
vn 0.0664571 -0.9977893 0
vn 0.0664571 -0.9977893 0
vn 0.003854513 -0.9998591 -0.01633919
vn 0.003854513 -0.9998591 -0.01633919
vn 0.2861865 0.6784478 -0.6766135
vn 0.5998887 0.3490605 -0.7199237
vn 0.6234164 0.3255328 -0.7109011
vn 0.278344 0.6706053 -0.6876141
vn 0.003854513 0.7804011 -0.6252673
vn 0.003854513 0.7960862 -0.605171
vn 0.8116378 -0.2861865 -0.5092558
vn 0.7881101 -0.2234461 -0.5735455
vn 0.5371483 -0.7488973 -0.3881038
vn 0.6861569 -0.701842 -0.1913286
vn 0.348927 -0.9292761 -0.1212268
vn 0.4508802 -0.8900633 0.0670405
vn 0.003854513 -0.9998591 -0.01633919
vn 0.003854513 -0.9920166 0.1260489
vn 0.5057781 0.2314222 0.8310429
vn 0.6547866 0.2157371 0.7243701
vn 0.5371483 0.2941626 0.7905315
vn 0.4822504 0.2471073 0.8404597
vn 0.4822504 0.2941626 0.8251684
vn 0.003854513 0.2627923 0.9648448
vn 0.003854513 0.4039584 0.9147692
vn 0.003854513 0.6313925 0.7754539
vn 0.348927 0.5608095 0.750828
vn 0.003854513 0.6549202 0.7556882
vn 0.3724546 0.5608095 0.7394391
vn 0.5842036 0.3882732 0.7127061
vn 0.003854513 0.2078944 0.9781437
vn 0.9763314 0.2000519 -0.08219603
vn 0.9606463 -0.09796518 -0.2599259
vn 0.9684889 -0.2469738 -0.0321445
vn 0.9684889 0.2000519 0.1483527
vn 0.8586931 0.4353286 0.2704351
vn 0.9528037 0.03535831 0.3015209
vn 0.9292761 -0.3253993 0.1748178
vn 0.8586931 -0.4744079 -0.1938642
vn 0.003854513 -0.9920166 -0.1260489
vn 0.1371779 -0.984174 -0.1121772
vn 0.003854513 -0.9920166 -0.1260489
vn 0.2312886 -0.9606463 -0.1538316
vn 0.3567695 -0.913591 -0.1951079
vn 0.4744079 -0.843008 -0.2535246
vn 0.5293058 -0.8037952 -0.271567
vn 0.6077313 -0.7488973 -0.2642261
vn 0.5449909 -0.7881101 -0.2861249
vn 0.6783143 -0.6783143 -0.2824524
vn 0.7488973 -0.6077313 -0.2642261
vn 0.772425 -0.5920462 -0.2298716
vn 0.7881101 -0.5763611 -0.2160798
vn 0.7802675 -0.5763611 -0.2428796
vn 0.3881397 -0.8979059 -0.2076357
vn 0.3018716 -0.9371186 -0.1751634
vn 0.4195099 -0.8822207 -0.2137707
vn 0.4587228 -0.8586931 -0.228516
vn 0.4744079 -0.8508505 -0.2258109
vn 0.4351951 -0.8743782 -0.2146346
vn 0.4744079 -0.8351654 -0.2782731
vn 0.490093 -0.8273228 -0.2744918
vn 0.4822504 -0.8194803 -0.3096556
vn 0.4744079 -0.772425 0.4222521
vn 0.772425 -0.09796518 0.6275049
vn 0.8116378 -0.09796518 0.575888
vn 0.631259 -0.6704718 0.3898458
vn 0.4979355 0.6313925 0.5944777
vn 0.4979355 0.552967 0.6680477
vn 0.003854513 0.7411883 0.6712861
vn 0.003854513 0.8509841 0.5251774
vn 0.8351654 -0.3410844 0.4314628
vn 0.6783143 -0.631259 0.3760343
vn 0.560676 -0.7567399 0.3361358
vn 0.490093 -0.7959527 0.3553423
vn 0.8665357 0.05104339 0.4964983
vn 0.7488973 0.3804307 0.5426097
vn 0.5842036 0.6313925 0.5099507
vn 0.3646121 0.7882437 0.4957116
vn 0.1450205 0.8431416 0.5177658
vn 0.003854513 0.8745117 0.4849891
vn 0.2156035 -0.8822207 0.418571
vn 0.08228004 0.9215671 0.3793996
vn 0.2861865 0.8745117 0.3915693
vn 0.5214632 0.7490308 0.4086919
vn 0.7175271 0.5451244 0.433583
vn 0.8743782 0.2157371 0.4346496
vn 0.1450205 -0.9292761 0.3397278
vn 0.4665653 -0.7802675 0.4165325
vn 0.701842 -0.03522474 0.7114612
vn 0.4195099 0.5294393 0.7373638
vn 0.003854513 0.7019755 0.7121907
vn 0.5763611 -0.7253696 0.37636
vn 0.6939994 -0.03522474 0.7191133
vn 0.3881397 0.552967 0.7372754
vn 0.003854513 0.7804011 0.6252673
vn 0.1293354 -0.9057484 0.403599
vn 0.1371779 -0.9057484 0.4010012
vn 0.8979059 -0.1685482 0.4066406
vn 0.7802675 -0.5293058 0.3331936
vn 0.560676 -0.7881101 0.2540177
vn 0.5528334 -0.7802675 0.2925025
vn 0.2391312 0.905882 0.3495627
vn 0.5763611 0.6862904 0.4436366
vn 0.5842036 0.6941329 0.4205778
vn 0.2861865 0.8901968 0.3544671
vn 0.003854513 0.9450947 0.3267739
vn 0.003854513 0.9450947 0.3267739
vn 0.8194803 0.2392647 0.5207729
vn 0.843008 0.1843668 0.5053181
vn 0.8822207 -0.1450205 0.447946
vn 0.8900633 -0.1450205 0.4321532
vn 0.3332419 -0.9057484 0.2618581
vn 0.5136206 -0.8037952 0.3001785
vn 0.4195099 -0.8743782 0.2438733
vn 0.5057781 -0.7959527 0.3326377
vn 0.003854513 -0.9606463 0.2777477
vn 0.003854513 -0.9528037 0.3035625
vn 0.6861569 -0.631259 0.3615258
vn 0.5293058 -0.7959527 0.2937596
vn 0.6234164 -0.7096845 0.3281766
vn 0.7567399 -0.5214632 0.3942347
vn 0.8508505 -0.3018716 0.4300313
vn 0.7881101 -0.4979355 0.3618601
vn 0.8351654 -0.3724546 0.4046928
vn 0.8822207 0.07457101 0.4648932
vn 0.8979059 -0.1293354 0.4207581
vn 0.8900633 0.01183057 0.4556834
vn 0.7802675 0.4196435 0.4637692
vn 0.8586931 0.2549498 0.4445748
vn 0.8116378 0.3725882 0.4499136
vn 0.5998887 0.6706053 0.4363737
vn 0.6939994 0.568652 0.4415877
vn 0.6234164 0.6470777 0.4389105
vn 0.3881397 0.8274564 0.4057875
vn 0.4979355 0.7647159 0.4089863
vn 0.4116674 0.8117713 0.4141948
vn 0.1763907 0.905882 0.3850508
vn 0.2626588 0.8823543 0.390463
vn 0.1842333 0.905882 0.3813606
vn 0.003854513 0.9215671 0.3882
vn 0.05875242 0.9215671 0.3837477
vn 0.003854513 0.9215671 0.3882
vn 0.8586931 0.2078944 0.4684293
vn 0.8822207 0.07457101 0.4648932
vn 0.8900633 0.01183057 0.4556834
vn 0.8743782 -0.1685482 0.4550322
vn 0.8508505 -0.3018716 0.4300313
vn 0.8351654 -0.3724546 0.4046928
vn 0.7096845 0.5294393 0.4648031
vn 0.7802675 0.4196435 0.4637692
vn 0.8116378 0.3725882 0.4499136
vn 0.5214632 0.7333457 0.4362113
vn 0.5998887 0.6706053 0.4363737
vn 0.6234164 0.6470777 0.4389105
vn 0.09796518 0.9137245 0.394348
vn 0.1763907 0.905882 0.3850508
vn 0.1842333 0.905882 0.3813606
vn 0.3018716 0.8666692 0.3971878
vn 0.3881397 0.8274564 0.4057875
vn 0.4116674 0.8117713 0.4141948
vn 0.2234461 -0.9057484 0.3601273
vn 0.1842333 -0.8979059 0.3997788
vn 0.1136503 -0.913591 0.3904295
vn 0.05090982 -0.9606463 0.2730693
vn 0.003854513 -0.913591 0.4066162
vn 0.003854513 -0.8979059 0.4401706
vn 0.2861865 -0.913591 0.2888751
vn 0.003854513 -0.9371186 0.3489897
vn 0.3018716 -0.9057484 0.2974783
vn 0.3410844 -0.9057484 0.2515575
vn 0.9371186 0.1922094 -0.2913146
vn 0.9684889 0.1922094 -0.158382
vn 0.4430376 0.7647159 -0.4678966
vn 0.5214632 0.7882437 -0.3267234
vn 0.003854513 0.9372522 -0.3486309
vn 0.003854513 0.905882 -0.4235126
vn 0.003854513 0.9607799 -0.2772853
vn 0.2391312 0.9215671 -0.3058274
vn 0.278344 0.7333457 -0.620265
vn 0.2312886 0.9372522 0.2608906
vn 0.2312886 0.9450947 0.2308713
vn 0.3881397 0.1765243 0.9045367
vn 0.3724546 0.2314222 0.8987332
vn 0.3097142 0.7960862 0.5199268
vn 0.4744079 0.09025621 0.8756661
vn 0.003854513 0.9999926 0
vn 0.003854513 0.9607799 0.2772853
vn 0.1607056 0.976465 0.1438397
vn 0.3802972 -0.5685185 0.7294935
vn 0.4430376 -0.4195099 0.7922935
vn 0.2705014 -0.5371483 0.7989372
vn 0.2705014 -0.8194803 0.5052534
vn 0.631259 0.2392647 0.7377429
vn 0.3724546 -0.6547866 0.6576716
vn 0.4979355 -0.7645824 -0.4092358
vn 0.9449612 -0.3175567 0.07877849
vn 0.4587228 -0.3175567 -0.8298982
vn 0.5998887 -0.4273525 0.6763899
vn 0.8822207 -0.2156035 0.418571
vn 0.984174 -0.003854513 0.1771628
vn 0.9606463 0.03535831 0.2755148
vn 0.9214336 -0.2077609 -0.3283224
vn 0.9920166 0.02751577 -0.1230693
vn 0.8743782 -0.1685482 -0.4550322
vn 0.8979059 -0.3253993 0.2964462
vn 0.9684889 0.1922094 -0.158382
vn 0.9371186 0.1922094 -0.2913146
vn 0.7175271 0.3255328 0.6157786
vn 0.5214632 -0.8116378 0.2632876
vn -0.3725882 -0.6626292 -0.6496927
vn 0.4195099 -0.8586931 0.2943765
vn -0.498069 -0.6783143 -0.5402008
vn 0.7096845 0.3098477 0.6327261
vn 0.08228004 0.9921501 0.09417121
vn -0.5764946 0.4588563 -0.6760953
vn 0.4587228 -0.3175567 -0.8298982
vn -0.3725882 -0.6626292 -0.6496927
vn -0.6549202 0.4196435 -0.6284734
vn -0.498069 -0.6783143 -0.5402008
vn 0.0744375 0.9921501 0.1004851
vn 0.1920758 -0.8822207 -0.429876
vn 0.7645824 -0.5449909 -0.3440911
vn 0.8508505 -0.5214632 0.06426165
vn 0.3948308 -0.9187539 0
vn 0.9763314 0.1608392 -0.144595
vn 0.6626292 -0.7096845 0.2393125
vn 0.2940291 -0.9528037 0.07557759
vn 0.9528037 0.1529967 0.2622157
vn 0.8116378 -0.03522474 0.5830981
vn 0.5136206 -0.7567399 0.4043992
vn 0.09012264 -0.9449612 0.3145254
vn -0.003988028 -0.8116378 0.5841475
vn 0.9371186 0.1922094 -0.2913146
vn 0.8743782 -0.1685482 -0.4550322
vn 0.631259 0.6157074 0.4716105
vn 0.003854513 0.9686224 0.248507
vn 0.003854513 0.9607799 0.2772853
vn 0.3097142 0.7960862 0.5199268
vn 0.4744079 0.09025621 0.8756661
vn 0.772425 -0.3332419 0.5406566
vn 0.4430376 -0.4195099 0.7922935
vn 0.5136206 -0.7253696 0.4582934
vn 0.2705014 -0.5371483 0.7989372
vn 0.1214929 -0.6234164 0.7723933
vn 0.5136206 -0.7253696 0.4582934
vn 0.1214929 -0.6234164 0.7723933
vn 0.003854513 -0.6626292 0.7489377
vn 0.003854513 -0.843008 0.5378872
vn -0.2314222 -0.6783143 0.6973761
vn -0.09025621 -0.6861569 0.7218328
vn -0.01967311 -0.9449612 0.3265904
vn 0.1528631 -0.913591 0.3768083
vn 0.0744375 -0.9057484 -0.4172275
vn 0.4116674 -0.6783143 -0.6086211
vn 0.7645824 -0.5449909 -0.3440911
vn 0.1920758 -0.8822207 -0.429876
vn 0.003854513 -0.701842 0.7123223
vn 0.003854513 -0.9528037 -0.3035625
vn 0.003854513 -0.913591 -0.4066162
vn 0.003854513 -0.9292761 0.3693658
vn 0.5528334 0.8117713 0.1881556
vn 0.003854513 0.9999926 0
vn 0.003854513 0.7804011 0.6252673
vn 0.2077609 0.7568734 0.6196597
vn 0.5528334 0.4274861 0.7152838
vn 0.1763907 0.552967 0.814318
vn 0.003854513 0.639235 0.7690018
vn 0.9528037 0.1529967 0.2622157
vn 0.9763314 0.1608392 -0.144595
vn 0.5214632 0.7882437 -0.3267234
vn 0.8116378 -0.03522474 0.5830981
vn 0.9371186 0.1922094 -0.2913146
vn 0.8116378 -0.03522474 0.5830981
vn 0.5528334 0.4274861 0.7152838
vn 0.7410548 -0.1450205 0.6555966
vn 0.4430376 -0.8037952 0.3970276
vn 0.5136206 -0.7567399 0.4043992
vn -0.003988028 -0.8116378 0.5841475
vn -0.04320085 -0.7881101 0.6140164
vn 0.4273525 0.341218 0.8372217
vn 0.1763907 0.552967 0.814318
vn 0.1450205 0.4588563 0.8765956
vn 0.003854513 0.6313925 0.7754539
vn 0.003854513 0.639235 0.7690018
vn 0.003854513 0.9999926 0
vn 0.8743782 -0.1685482 -0.4550322
vn 0.7645824 -0.5449909 -0.3440911
vn 0.4116674 -0.6783143 -0.6086211
vn 0.9214336 -0.2077609 -0.3283224
vn 0.1214929 -0.6234164 0.7723933
vn 0.278344 -0.5528334 0.7854297
vn -0.09025621 -0.6861569 0.7218328
vn 0.5842036 -0.7175271 0.3792902
vn 0.3332419 -0.8743782 0.3527218
vn 0.4273525 -0.8586931 -0.2828709
vn 0.701842 -0.646944 -0.2981297
vn 0.6861569 -0.5998887 -0.4114878
vn 0.5057781 -0.7567399 -0.4141659
vn 0.9214336 -0.2077609 -0.3283224
vn 0.8979059 -0.3253993 0.2964462
vn 0.7881101 -0.4116674 -0.4576161
vn 0.5998887 -0.4273525 0.6763899
vn 0.2705014 -0.5371483 0.7989372
vn 0.4744079 -0.8743782 -0.1019804
vn 0.5763611 -0.8037952 -0.1473811
vn 0.7802675 -0.6077313 -0.1478011
vn 0.8508505 -0.5057781 -0.1422741
vn 0.8397904 -0.5429108 0
vn 0.003854513 0.976465 0.2156416
vn 0.003854513 0.9686224 0.248507
vn 0.631259 0.6157074 0.4716105
vn 0.7175271 0.6862904 0.1189973
vn 0.772425 -0.3332419 0.5406566
vn 0.9987063 -0.05085112 0
vn 0.6783143 -0.7253696 -0.1171692
vn 0.5136206 -0.7253696 0.4582934
vn 0.003854513 -0.9920166 -0.1260489
vn 0.003854513 -0.843008 0.5378872
vn 0.7567399 -0.631259 -0.1698733
vn 0.984174 0.1529967 -0.08940659
vn 0.003854513 -0.9606463 -0.2777477
vn 0.6704718 0.7333457 0.1125684
vn 0.003854513 0.9921501 0.1249936
vn 0.003854513 -0.9998591 0.01633919
vn 0.003854513 -0.9528037 -0.3035625
vn 0.1528631 -0.984174 -0.08963486
vn 0.1920758 -0.8822207 -0.429876
vn 0.3948308 -0.9187539 0
vn 0.2940291 -0.9528037 0.07557759
vn 0.1214929 -0.9920166 -0.03380356
vn 0.09012264 -0.9449612 0.3145254
vn 0.09012264 -0.984174 0.152576
vn -0.003988028 -0.8116378 0.5841475
vn 0.003854513 -0.9998591 -0.01633919
vn 0.003854513 -0.9998591 0.01633919
vn 0.1528631 -0.984174 -0.08963486
vn 0.1214929 -0.9920166 -0.03380356
vn 0.09012264 -0.984174 0.152576
vn 0.003854513 -0.9998591 0.01633919
vn 0.09012264 -0.984174 0.152576
vn -0.003988028 -0.8116378 0.5841475
vn -0.04320085 -0.7881101 0.6140164
vn 0.3018716 -0.9057484 0.2974783
vn 0.3175567 -0.8979059 0.3048323
vn 0.701842 0.2157371 0.6788781
vn 0.6939994 0.1686817 0.6999366
vn 0.7096845 0.3098477 0.6327261
vn 0.4195099 -0.8586931 0.2943765
vn 0.0744375 0.9921501 0.1004851
vn 0.09796518 0.9843075 0.1467704
vn -0.6549202 0.4196435 -0.6284734
vn -0.6862904 0.4431711 -0.576719
vn -0.498069 -0.6783143 -0.5402008
vn -0.5137541 -0.7175271 -0.4703313
vn -0.498069 -0.6783143 -0.5402008
vn -0.5137541 -0.7175271 -0.4703313
vn -0.5215968 -0.7253696 -0.4491945
vn -0.5215968 -0.7253696 -0.4491945
vn -0.6784478 0.4745414 -0.5608199
vn 0.1214929 0.976465 0.1782011
vn 0.1214929 0.976465 0.1782011
vn 0.1214929 0.976465 0.1782011
vn 0.1293354 0.976465 0.1725934
vn 0.7253696 0.1843668 0.6632102
vn 0.6939994 0.1686817 0.6999366
vn 0.3018716 -0.9057484 0.2974783
vn 0.3018716 -0.9214336 0.2446094
vn -0.6470777 0.482384 -0.5904204
vn -0.6784478 0.4745414 -0.5608199
vn -0.5215968 -0.7253696 -0.4491945
vn -0.5059116 -0.701842 -0.5014692
vn -0.5215968 -0.7253696 -0.4491945
vn -0.5059116 -0.701842 -0.5014692
vn 0.5998887 -0.6391015 0.4813344
vn 0.6704718 -0.5920462 0.4471565
vn 0.7645824 -0.4822504 0.4276076
vn 0.7410548 -0.4430376 0.504535
vn 0.8037952 -0.4273525 0.4138636
vn 0.8586931 -0.3567695 0.3679153
vn 0.7645824 -0.3410844 0.5468776
vn 0.6704718 -0.5293058 0.5199068
vn 0.5998887 -0.6391015 0.4813344
vn 0.7410548 -0.4430376 0.504535
vn 0.2469738 0.6784478 0.6918905
vn 0.2391312 0.7725586 0.5881917
vn 0.1842333 0.8823543 0.4330232
vn 0.003854513 0.9137245 0.406316
vn 0.003854513 0.9607799 0.2772853
vn 0.2234461 0.003988028 0.9747081
vn 0.1842333 -0.1293354 0.9743359
vn 0.2391312 0.8666692 0.4378366
vn 0.2234461 0.8666692 0.4460453
vn 0.003854513 0.8588266 0.5122519
vn 0.003854513 0.8509841 0.5251774
vn 0.2940291 0.9137245 0.2804539
vn 0.646944 -0.5214632 0.5563628
vn 0.3646121 -0.5214632 0.7714494
vn 0.5371483 -0.7567399 0.3725808
vn 0.2861865 -0.6861569 0.6687945
vn 0.1763907 -0.4116674 0.8941008
vn 0.1450205 -0.4038249 0.9032688
vn 0.2234461 0.003988028 0.9747081
vn 0.1842333 -0.1293354 0.9743359
vn 0.8586931 -0.4822504 0.1734379
vn 0.8979059 -0.4038249 0.1751871
vn 0.9371186 -0.3332419 0.1037232
vn 0.9214336 -0.3881397 0.01754291
vn 0.913591 -0.4038249 0.04771841
vn 0.8900633 -0.4508802 0.06704039
vn 0.8822207 -0.4665653 0.063272
vn 0.8900633 -0.4273525 0.15861
vn 0.8822207 -0.4665653 0.063272
vn 0.8822207 -0.4665653 0.063272
vn 0.8900633 -0.4351951 0.1356192
vn 0.913591 -0.4038249 0.04771841
vn 0.9187539 -0.3948308 0
vn 0.8979059 -0.4038249 0.1751871
vn 0.8900633 -0.4273525 0.15861
vn -0.9215671 -0.348927 -0.1701883
vn -0.9607799 -0.2469738 -0.1261187
vn -0.9607799 -0.2469738 -0.1261187
vn -0.9215671 -0.348927 -0.1701883
vn -0.976465 -0.2156035 0.005588968
vn -0.9372522 -0.3410844 0.07224809
vn -0.3949431 -0.9187055 0
vn -0.2941626 -0.9528037 -0.07505607
vn -0.3804307 -0.9214336 -0.07894732
vn -0.4745414 -0.8743782 0.1013569
vn 0.5998887 -0.6783143 0.4242914
vn 0.2391312 -0.7567399 0.6084087
vn 0.560676 -0.5920462 0.5788988
vn 0.631259 -0.6547866 0.415652
vn 0.7881101 -0.5293058 0.3141941
vn 0.7959527 -0.5920462 0.1262561
vn 0.278344 -0.843008 0.4602849
vn 0.5371483 -0.8351654 0.1181963
vn 0.2312886 -0.9371186 -0.2613699
vn 0.8116378 -0.560676 -0.1639714
vn 0.9528037 -0.2861865 0.1013032
vn 0.0744375 -0.7802675 0.6210005
vn 0.0744375 -0.7802675 0.6210005
vn 0.2077609 0.8823543 0.4222397
vn 0.2940291 0.9137245 0.2804539
vn 0.3253993 0.905882 0.2710961
vn -0.5451244 0.7960862 0.2628424
vn 0.2234461 0.8666692 0.4460453
vn 0.003854513 0.8196138 0.5729035
vn 0.003854513 0.8509841 0.5251774
vn 0.2391312 0.8666692 0.4378366
vn 0.3253993 0.8745117 0.3596451
vn 0.4665653 -0.560676 0.6840755
vn 0.5449909 -0.003854513 0.8384331
vn 0.7959527 -0.003854513 0.6053466
vn 0.5449909 -0.7332122 0.4066752
vn 0.2234461 0.003988028 0.9747081
vn 0.1763907 -0.4116674 0.8941008
vn 0.2861865 -0.6861569 0.6687945
vn 0.3646121 -0.8508505 0.3783007
vn 0.3959823 -0.8743782 0.2804653
vn 0.7332122 -0.01169705 0.6798993
vn 0.4979355 0.7568734 0.4233236
vn 0.3959823 0.7960862 0.4576513
vn 0.701842 -0.06659496 0.709213
vn 0.348927 0.7804011 0.5188681
vn 0.3097142 -0.9371186 0.1608905
vn 0.1450205 0.9215671 0.3601154
vn 0.1450205 0.8745117 0.4628156
vn 0.2626588 0.9215671 0.2858749
vn 0.09012264 -0.9920166 -0.08821048
vn 0.01953959 -0.9606463 -0.2770864
vn 0.3018716 0.8823543 0.3610049
vn 0.4351951 0.5921798 0.6781802
vn 0.2469738 0.6784478 0.6918905
vn 0.3567695 -0.913591 0.1951079
vn 0.2469738 0.6784478 0.6918905
vn 0.2391312 0.8666692 0.4378366
vn 0.3018716 0.8823543 0.3610049
vn 0.3253993 0.8745117 0.3596451
vn 0.2626588 0.9215671 0.2858749
vn 0.2077609 0.9372522 0.2799889
vn 0.05875242 0.9137245 0.4020643
vn 0.1450205 0.9215671 0.3601154
vn 0.1450205 0.8745117 0.4628156
vn 0.1450205 0.8745117 0.4628156
vn 0.631259 0.6706053 0.389616
vn 0.003854513 0.9686224 0.248507
vn 0.003854513 0.9686224 0.248507
vn 0.5920462 0.7019755 0.3958684
vn 0.7802675 0.04320085 0.6239521
vn 0.7096845 -0.01953959 0.7042486
vn 0.6626292 -0.1763907 0.7278797
vn 0.5293058 -0.2077609 0.8226
vn 0.7645824 -0.1293354 0.631416
vn 0.631259 -0.6547866 0.415652
vn 0.6626292 -0.631259 0.4030319
vn 0.7881101 -0.5293058 0.3141941
vn 0.8194803 -0.5136206 0.2542556
vn 0.9528037 -0.2861865 0.1013032
vn 0.9606463 -0.2626588 0.09038233
vn 0.8116378 -0.560676 -0.1639714
vn 0.8743782 -0.4587228 -0.1582283
vn 0.2312886 -0.9371186 -0.2613699
vn 0.6391015 -0.1763907 0.7486225
vn 0.6626292 -0.1763907 0.7278797
vn 0.5293058 -0.2077609 0.8226
vn 0.5214632 -0.2077609 0.8275939
vn 0.7645824 -0.1293354 0.631416
vn 0.7567399 -0.1058077 0.6450965
vn 0.5057781 0.04320085 0.8615812
vn 0.7096845 -0.01953959 0.7042486
vn 0.5920462 0.7255032 0.3508937
vn 0.5920462 0.7019755 0.3958684
vn 0.003854513 0.9686224 0.248507
vn 0.003854513 0.9843075 0.1764196
vn 0.3253993 0.7882437 0.5222904
vn 0.6783143 -0.09012264 0.729224
vn 0.701842 -0.06659496 0.709213
vn 0.348927 0.7804011 0.5188681
vn 0.3097142 -0.9371186 0.1608905
vn 0.2626588 -0.9606463 0.09038249
vn 0.01953959 -0.9606463 -0.2770864
vn 0.01169705 -0.9528037 -0.3033616
vn 0.1450205 0.8745117 0.4628156
vn 0.1450205 0.8745117 0.4628156
vn 0.1058077 -0.984174 -0.1421486
vn 0.09012264 -0.9920166 -0.08821048
vn 0.01953959 -0.9606463 -0.2770864
vn 0.01169705 -0.9528037 -0.3033616
vn 0.3959823 -0.913591 0.09246389
vn 0.3567695 -0.913591 0.1951079
vn 0.5371483 -0.7567399 0.3725808
vn 0.3646121 -0.8508505 0.3783007
vn 0.2861865 -0.6861569 0.6687945
vn -0.9843075 0.09809875 -0.1466811
vn -0.9843075 0.09025621 -0.1516329
vn -0.9843075 0.09025621 -0.1516329
vn -0.9843075 0.1059413 -0.1411211
vn -0.9843075 0.09025621 -0.1516329
vn -0.8274564 0.5372819 -0.1632303
vn -0.8823543 0.4274861 -0.19674
vn -0.6706053 -0.003854513 -0.7418044
vn -0.7255032 0.07457101 -0.6841668
vn -0.7333457 0.09025621 -0.6738381
vn -0.7725586 0.1608392 -0.6142344
vn -0.8582307 -0.5132642 0
vn -0.9372522 -0.3410844 0.07224809
vn -0.976465 -0.2156035 0.005588968
vn -0.9371623 -0.3488935 0
vn -0.7960862 0.6000223 -0.07886687
vn -0.7960862 0.6000223 -0.07886687
vn -0.7647159 0.639235 -0.08116767
vn -0.5059116 0.8196138 -0.2688618
vn -0.639235 0.7176607 -0.2763001
vn -0.6313925 0.7019755 -0.3295057
vn -0.6313925 0.7411883 -0.2279987
vn -0.1294689 0.9607799 -0.2452341
vn 0.1058077 0.9843075 -0.1412212
vn -0.6470777 0.6862904 -0.3321084
vn 0.646944 -0.5214632 0.5563628
vn 0.5214632 -0.3881397 0.7598841
vn 0.3646121 -0.5214632 0.7714494
vn 0.9920166 0.1059413 0.06840772
vn 0.9986995 0.0509842 0
vn 0.9883149 0.1524258 0
vn 0.984174 0.1686817 0.05429536
vn 0.9920166 0.09809875 0.07924525
vn 0.984174 0.1686817 0.05429536
vn 0.9920166 0.09809875 0.07924525
vn 0.9920166 0.1059413 0.06840772
vn 0.8351654 0.5372819 -0.1175877
vn 0.8351654 0.5372819 -0.1175877
vn 0.8351654 0.5372819 -0.1175877
vn 0.8351654 0.5372819 -0.1175877
vn 0.8273228 -0.5528334 -0.09955955
vn 0.8273228 -0.5528334 -0.09955955
vn 0.8273228 -0.5528334 -0.09955955
vn 0.8273228 -0.5528334 -0.09955955
vn 0.1214929 -0.003854513 0.9925848
vn 0.1214929 -0.003854513 0.9925848
vn 0.1214929 -0.003854513 0.9925848
vn 0.1214929 -0.003854513 0.9925848
vn 0.1214929 -0.003854513 0.9925848
vn 0.1214929 -0.003854513 0.9925848
vn 0.1214929 -0.003854513 0.9925848
vn 0.1214929 -0.003854513 0.9925848
vn 0.1214929 -0.003854513 0.9925848
vn 0.1214929 -0.003854513 0.9925848
vn 0.1214929 0.9921501 -0.02962664
vn 0.1214929 0.9921501 -0.02962664
vn 0.1214929 0.9921501 -0.02962664
vn 0.1214929 0.9921501 -0.02962664
vn 0.1058077 -0.9920166 -0.06861394
vn 0.1058077 -0.9920166 -0.06861394
vn 0.1058077 -0.9920166 -0.06861394
vn 0.1058077 -0.9920166 -0.06861394
vn -0.07436508 0.997231 0
vn -0.07436508 0.997231 0
vn -0.07436508 0.997231 0
vn -0.07436508 0.997231 0
vn -0.09025621 -0.9920166 0.08807388
vn -0.09025621 -0.9920166 0.08807388
vn -0.09025621 -0.9920166 0.08807388
vn -0.09025621 -0.9920166 0.08807388
vn 0.1214929 -0.003854513 0.9925848
vn 0.1214929 -0.003854513 0.9925848
vn 0.1214929 -0.003854513 0.9925848
vn 0.1214929 -0.003854513 0.9925848
vn 0.1214929 -0.003854513 0.9925848
vn -0.7882437 -0.6077313 0.09661555
vn -0.7882437 -0.6077313 0.09661555
vn -0.7882437 -0.6077313 0.09661555
vn -0.7882437 -0.6077313 0.09661555
vn -0.7725586 0.6235499 0.1197443
vn -0.7725586 0.6235499 0.1197443
vn -0.7725586 0.6235499 0.1197443
vn -0.7725586 0.6235499 0.1197443
vn 0.2312886 0.7804011 0.58093
vn 0.4430376 0.6549202 0.6122068
vn 0.6234164 0.5137541 0.5894138
vn 0.3018716 0.7725586 0.5585936
vn -0.04320085 0.8901968 0.4535232
vn 0.1528631 0.8117713 0.5636136
vn 0.1763907 0.835299 0.520732
vn 0.5528334 0.6313925 0.5438002
vn 0.843008 -0.01169705 0.5377738
vn 0.8194803 -0.01169705 0.572988
vn 0.1763907 0.835299 0.520732
vn 0.772425 -0.01169705 0.6349983
vn 0.7253696 0.2314222 0.6482921
vn 0.7567399 -0.3018716 0.5798433
vn 0.6547866 -0.5214632 0.5471112
vn 0.772425 -0.01169705 0.6349983
vn 0.8194803 -0.01169705 0.572988
vn 0.843008 -0.01169705 0.5377738
vn 0.5528334 -0.646944 0.5252033
vn 0.1763907 -0.843008 0.5081573
vn 0.3253993 -0.772425 0.5454127
vn 0.4822504 -0.6704718 0.5638281
vn 0.2548163 -0.7959527 0.5491157
vn 0.1763907 -0.8351654 0.5209463
vn 0.1763907 -0.8194803 0.5452874
vn -0.01183057 -0.8979059 0.4400285
vn 0.3881397 0.1686817 -0.906032
vn 0.3881397 0.1686817 -0.906032
vn 0.3175567 0.2392647 -0.9175566
vn 0.3018716 0.2549498 -0.9186262
vn 0.2312886 0.1608392 -0.9594979
vn 0.2312886 0.1373115 -0.9631464
vn 0.9214336 -0.3881397 0.01754291
vn 0.8979059 -0.4351951 0.06610803
vn 0.8979059 -0.4351951 0.06610803
vn 0.9214336 -0.3802972 0.07958806
vn 0.560676 -0.01953959 -0.8278047
vn 0.5842036 0.04320085 -0.8104566
vn 0.5842036 0.04320085 -0.8104566
vn 0.560676 -0.01953959 -0.8278047
vn 0.560676 -0.01953959 -0.8278047
vn 0.560676 -0.01953959 -0.8278047
vn 0.6547866 -0.1058077 -0.748371
vn 0.646944 -0.1058077 -0.755161
vn 0.003854513 -0.9920166 0.1260489
vn -0.07457101 -0.9920166 0.1016974
vn -0.6862904 -0.646944 -0.3323686
vn -0.6549202 -0.6861569 -0.3166516
vn 0.4195099 -0.1920758 -0.8871968
vn 0.3410844 -0.2548163 -0.904837
vn 0.348927 -0.2548163 -0.9018418
vn 0.4116674 -0.1920758 -0.8908629
vn 0.2234461 -0.1607056 -0.9613769
vn 0.2234461 -0.1450205 -0.9638677
vn -0.5843372 0.7804011 0.2225402
vn -0.8013971 0.5981328 0
vn -0.7960862 0.5921798 0.1247793
vn -0.5451244 0.7960862 0.2628424
vn -0.7411883 0.639235 0.2049842
vn -0.7333457 0.6470777 0.2085534
vn -0.7333457 -0.646944 0.2089676
vn -0.7411883 -0.6626292 0.1075289
vn -0.7411883 -0.6547866 0.1479674
vn -0.7333457 -0.646944 0.2089676
vn -0.5921798 -0.7881101 0.1679453
vn -0.5764946 -0.7959527 0.184698
vn 0.9214336 0.3804307 -0.07894741
vn 0.9281741 0.3721463 0
vn 0.9449612 0.3176903 -0.07823831
vn 0.9449612 0.3255328 -0.03281365
vn -0.1922094 0.976465 0.09783492
vn -0.6000223 0.6784478 -0.4238888
vn -0.5843372 0.7098181 -0.3933297
vn -0.1373115 0.976465 0.166318
vn 0.6626292 -0.7410548 0.1084454
vn 0.5842036 -0.7881101 0.1938781
vn 0.4665653 -0.7959527 0.3857151
vn 0.5136206 -0.7959527 0.3203954
vn 0.8665357 -0.4822504 0.1286487
vn 0.8900633 -0.4430376 0.1072613
vn 0.8273228 -0.4665653 0.3128158
vn 0.8116378 -0.4822504 0.3296646
vn 0.701842 -0.5685185 0.4291906
vn 0.6939994 -0.5920462 0.4096902
vn 0.5214632 -0.8037952 0.286338
vn 0.5057781 -0.8194803 0.2695192
vn 0.4587228 -0.8822207 0.106113
vn 0.4430376 -0.8900633 0.1072614
vn 0.4587228 -0.772425 0.4392415
vn 0.4744079 -0.8743782 -0.1019804
vn 0.1214929 -0.003854513 0.9925848
vn 0.1214929 -0.003854513 0.9925848
vn 0.1214929 -0.003854513 0.9925848
vn 0.1214929 -0.003854513 0.9925848
vn 0.1214929 -0.003854513 0.9925848
vn 0.1214929 -0.003854513 0.9925848
vn 0.8586931 0.498069 -0.1207202
vn 0.8586931 0.498069 -0.1207202
vn 0.8586931 0.498069 -0.1207202
vn 0.8586931 0.498069 -0.1207202
vn 0.8508505 -0.5136206 -0.1106672
vn 0.8508505 -0.5136206 -0.1106672
vn 0.8508505 -0.5136206 -0.1106672
vn 0.8508505 -0.5136206 -0.1106672
vn -0.8666692 0.4902265 0.09253397
vn -0.8666692 0.4902265 0.09253397
vn -0.8666692 0.4902265 0.09253397
vn -0.8666692 0.4902265 0.09253397
vn -0.8745117 -0.4744079 0.1008288
vn -0.8745117 -0.4744079 0.1008288
vn -0.8745117 -0.4744079 0.1008288
vn -0.8745117 -0.4744079 0.1008288
vn 0.003854513 0.9999926 0
vn 0.003854513 0.9999926 0
vn 0.003854513 0.9999926 0
vn 0.003854513 0.9999926 0
vn -0.01967208 -0.9998065 0
vn -0.01967208 -0.9998065 0
vn -0.01967208 -0.9998065 0
vn -0.01967208 -0.9998065 0
vn 0.3097142 -0.9449612 -0.1054772
vn 0.3018716 -0.9528037 -0.03222749
vn 0.07424252 -0.9972401 0
vn 0.1058077 -0.9920166 -0.06861394
vn 0.2782999 -0.9604943 0
vn 0.4587228 -0.8586931 0.228516
vn 0.3253993 -0.9449612 0.03411248
vn 0.5293058 -0.8116378 0.2471428
vn 0.2940291 -0.9528037 0.07557759
vn 0.3253993 -0.9449612 -0.03411248
vn 0.5920462 -0.7488973 0.2977149
vn 0.6861569 -0.5685185 0.4538452
vn 0.6861569 -0.5763611 0.4438431
vn 0.6783143 -0.5449909 0.4928231
vn 0.1369604 0.9905766 0
vn 0.1915256 0.9814876 0
vn 0.3410844 0.9215671 0.1854063
vn 0.1528631 0.9843075 -0.08815674
vn 0.4195099 0.8823543 0.2132191
vn 0.1920758 0.976465 -0.09809685
vn 0.490093 0.8274564 0.274089
vn 0.6077313 0.6706053 0.4253835
vn 0.6077313 0.6627628 0.4375022
vn 0.6077313 0.6470777 0.4603837
vn 0.5920462 -0.5998887 0.5381587
vn 0.5998887 -0.6547866 0.4597695
vn 0.6234164 -0.6234164 0.4719152
vn 0.6234164 -0.5685185 0.5367855
vn 0.6861569 -0.5449909 0.481844
vn 0.6783143 -0.5685185 0.4654851
vn -0.6157074 -0.4038249 -0.6766313
vn -0.7882437 -0.05875242 -0.6125521
vn -0.6627628 -0.3018716 -0.6852876
vn -0.7333457 -0.05875242 -0.6773125
vn -0.5608095 -0.05090982 -0.8263782
vn -0.5137541 -0.348927 -0.7837772
vn -0.5059116 -0.05090982 -0.8610817
vn -0.4666989 -0.4430376 -0.7654475
vn 0.0664571 -0.9977893 0
vn 0.1450205 -0.984174 -0.1018359
vn 0.0820144 -0.9966311 0
vn 0.1450205 -0.984174 -0.1018359
vn 0.1371779 -0.984174 -0.1121772
vn -0.01183057 -0.9998591 0.01191046
vn -0.003988028 -0.9998591 0.01630633
vn 0.5293058 0.6784478 0.5094545
vn 0.5528334 0.6627628 0.5050948
vn 0.5528334 0.6941329 0.4610365
vn 0.5371483 0.7176607 0.4432097
vn 0.6077313 0.6627628 0.4375022
vn 0.6077313 0.639235 0.4712125
vn -0.6627628 0.3020052 -0.6852288
vn -0.6941329 0.2000519 -0.6914902
vn -0.7882437 -0.05875242 -0.6125521
vn -0.7333457 -0.05875242 -0.6773125
vn -0.5608095 -0.05090982 -0.8263782
vn -0.552967 0.2471073 -0.7957171
vn -0.5059116 -0.05090982 -0.8610817
vn -0.5215968 0.3490605 -0.77852
vn -0.0665809 0.997781 0
vn -0.04316091 0.9990681 0
vn 0.01169705 0.9921501 -0.1245048
vn 0.01169705 0.9921501 -0.1245048
vn -0.003988028 0.9921501 -0.1249893
vn -0.1370912 0.9905584 0
vn -0.1216264 0.9921501 0.02907324
vn 0.4273525 -0.8900633 0.1586101
vn 0.6155739 -0.3724546 0.6945116
vn 0.5528334 -0.772425 0.3126257
vn 0.560676 -0.5293058 0.6367715
vn 0.3959823 -0.843008 0.3640543
vn 0.5998887 -0.7488973 0.2815783
vn 0.6861569 -0.6861569 0.2416144
vn 0.2861865 -0.8979059 0.3344582
vn 0.1214929 -0.8822207 0.4548912
vn 0.5214632 -0.8194803 0.2377567
vn 0.6391015 -0.7410548 0.2058813
vn 0.5998887 -0.7802675 0.1769634
vn 0.3802972 -0.9214336 0.07958797
vn 0.3097142 0.9372522 0.1601108
vn 0.3881397 0.835299 0.3893881
vn 0.4351951 0.6000223 0.6712514
vn 0.3018716 0.8745117 0.3796088
vn 0.3646121 0.6157074 0.6985431
vn 0.4587228 0.8431416 0.2805098
vn 0.5136206 0.8196138 0.2538249
vn 0.5998887 0.7725586 0.2080547
vn 0.4195099 0.8823543 0.2132191
vn 0.1763907 0.9372522 0.3007402
vn 0.01169705 0.905882 0.4233686
vn 0.4979355 0.8509841 0.1669918
vn 0.5449909 0.8196138 0.1766865
vn 0.2391312 0.9686224 0.06772648
vn 0.1842333 0.8745117 0.4486506
vn 0.0744375 0.9215671 0.3810159
vn -0.2627923 0.9529372 0.1511647
vn -0.2549498 0.9529372 0.1640463
vn -0.1608392 0.9215671 0.3533339
vn 0.6155739 0.4745414 0.6291894
vn 0.4587228 0.5215968 0.7193818
vn 0.6704718 -0.3018716 0.6777471
vn 0.6861569 0.3176903 0.654417
vn 0.7488973 -0.2548163 0.6117365
vn 0.6234164 -0.5528334 0.552926
vn 0.4744079 -0.6704718 0.5704426
vn 0.490093 -0.5763611 0.6539241
vn 0.631259 -0.1763907 0.7552473
vn -0.1608392 -0.9371186 0.3097408
vn -0.5608095 -0.8037952 0.1985095
vn -0.6078649 -0.7802675 0.147251
vn -0.2157371 -0.9449612 0.2459793
vn -0.4588563 -0.8665357 0.1963844
vn -0.7176607 -0.6939994 0.05768878
vn -0.8588266 -0.5057781 -0.08127316
vn -0.8666692 -0.4979355 -0.030737
vn -0.9529372 0.2941626 -0.0733413
vn -0.9215478 0.3882651 0
vn -0.9670625 0.2545392 0
vn -0.9905584 0.1370912 0
vn -0.8807095 0.4736568 0
vn -0.8431416 0.5294393 -0.09384198
vn 0.5293058 -0.8037952 0.271567
vn 0.5371483 -0.8273228 0.1643429
vn 0.1058077 -0.9763314 -0.188631
vn 0.8665357 -0.1293354 0.4820667
vn 0.8586931 0.2078944 0.4684293
vn 0.631259 -0.4979355 0.5946195
vn 0.4351951 -0.8743782 0.2146346
vn 0.8273228 0.4588563 0.3240182
vn 0.4195099 -0.8979059 -0.1333283
vn 0.6234164 -0.4979355 0.6028368
vn 0.4665653 -0.7645824 0.444669
vn 0.2940291 -0.9292761 0.2235908
vn 0.1763907 -0.913591 0.3663849
vn 0.772425 0.003988028 0.6350935
vn 0.772425 0.04320085 0.633635
vn 0.8822207 0.1686817 0.4395828
vn -0.09809875 -0.9528037 0.2873007
vn -0.1686817 -0.9449612 0.2803476
vn 0.9214336 -0.3567695 0.1538692
vn 0.631259 -0.6704718 0.3898458
vn -0.05104339 -0.9214336 0.3851685
vn 0.8194803 0.3176903 0.4769958
vn 0.6861569 0.4353286 0.5828188
vn 0.701842 0.4431711 0.5576892
vn 0.5371483 0.6706053 0.5116251
vn 0.8822207 0.145154 0.4479027
vn 0.7802675 0.4510137 0.4333234
vn 0.7959527 0.4666989 0.3855534
vn 0.6704718 0.5921798 0.4469796
vn 0.8194803 0.4510137 0.3536081
vn 0.7959527 0.3882732 0.4644386
vn 0.8194803 0.2941626 0.491854
vn 0.5763611 0.7176607 0.3908595
vn 0.5214632 0.7411883 0.4227483
vn 0.5449909 0.6470777 0.5331748
vn -0.5372819 0.05104339 -0.8418567
vn -0.6627628 0.2863201 -0.6919295
vn -0.4274861 0.06672847 -0.9015558
vn -0.4274861 -0.1450205 -0.8923143
vn -0.1294689 0.1059413 -0.9859079
vn -0.341218 -0.3332419 -0.8789313
vn -0.552967 -0.2626588 -0.7907199
vn -0.4353286 -0.1763907 -0.8828223
vn -0.3804307 0.01183057 -0.9247338
vn -0.7098181 0.01967311 -0.7041102
vn -0.6627628 -0.03522474 -0.7480005
vn -0.5451244 0.04320085 -0.8372414
vn -0.7804011 0.1608392 -0.604239
vn -0.7176607 0.3882732 -0.5781065
vn -0.6862904 0.3961159 -0.6099982
vn -0.4196435 0.341218 -0.8411121
vn -0.7804011 0.1373115 -0.6100161
vn -0.835299 0.003988028 -0.5497814
vn -0.7960862 0.2314222 -0.5591874
vn -0.003988028 0.6706053 -0.7418036
vn -0.6470777 0.4745414 -0.5967419
vn -0.3569031 0.01967311 -0.9339343
vn -0.4353286 0.8901968 -0.134308
vn -0.4196435 0.8901968 -0.1773385
vn -0.4431711 0.8431416 -0.3044859
vn -0.4745414 0.8431416 -0.2528295
vn -0.4274861 0.8117713 -0.397848
vn -0.4353286 0.8274564 -0.35469
vn -0.4353286 0.8980395 -0.0633572
vn -0.4431711 0.8901968 -0.1055888
vn 0.5214632 0.3725882 -0.767629
vn 0.5371483 0.341218 -0.7713897
vn 0.5214632 0.3725882 -0.767629
vn 0.5057781 0.4039584 -0.7622375
vn 0.6234164 0.3176903 -0.7144402
vn 0.6234164 0.3176903 -0.7144402
vn 0.6234164 0.3176903 -0.7144402
vn 0.631259 -0.1214929 -0.7659972
vn 0.6234164 -0.03522474 -0.7810962
vn 0.6234164 -0.01953959 -0.7816458
vn 0.6234164 0.05104339 -0.7802221
vn 0.646944 0.5921798 0.4804024
vn 0.7802675 0.4510137 0.4333234
vn 0.8822207 0.145154 0.4479027
vn 0.6391015 0.6157074 0.4609269
vn 0.5920462 0.5608095 0.5787694
vn 0.5763611 0.5764946 0.5791908
vn 0.5920462 0.5059116 0.6273235
vn 0.6077313 0.482384 0.6308473
vn 0.5998887 0.482384 0.6383097
vn 0.5057781 -0.843008 0.1831012
vn 0.490093 -0.8586931 0.1498498
vn 0.6391015 -0.6547866 0.4034894
vn 0.631259 -0.6234164 0.461372
vn 0.4351951 -0.8665357 0.2443792
vn 0.4351951 -0.8665357 0.2443792
vn 0.4979355 -0.8351654 0.2335784
vn 0.5136206 -0.8351654 0.1967043
vn 0.5920462 -0.7959527 0.1262561
vn -0.2627923 0.8039287 -0.5335155
vn -0.3020052 0.8039287 -0.5123392
vn -0.09809875 0.7647159 -0.6368566
vn -0.4510137 0.8196138 -0.3532985
vn -0.4510137 0.8196138 -0.3532985
vn -0.498069 0.8117713 -0.3048846
vn -0.4902265 0.8117713 -0.3173411
vn -0.4902265 0.8196138 -0.2964982
vn -0.4902265 0.8196138 -0.2964982
vn -0.2392647 -0.5763611 -0.7813836
vn -0.1922094 -0.5528334 -0.8108211
vn 0.01953959 -0.4351951 -0.9001241
vn -0.4353286 -0.6704718 -0.6007966
vn -0.4353286 -0.6704718 -0.6007966
vn -0.5372819 -0.6939994 -0.4792629
vn -0.5215968 -0.7096845 -0.473587
vn -0.4588563 -0.7881101 -0.4102845
vn -0.482384 -0.772425 -0.4131167
vn -0.8980395 -0.2940291 -0.3272187
vn -0.9372522 -0.1607056 -0.309406
vn -0.7804011 0.1373115 -0.6100161
vn -0.835299 0.003988028 -0.5497814
vn -0.6470777 0.4745414 -0.5967419
vn -0.9529372 -0.06659496 -0.2957629
vn -0.5059116 -0.8116378 -0.2920576
vn -0.4666989 -0.8586931 -0.2117506
vn -0.5608095 -0.6939994 -0.4515059
vn -0.5921798 -0.6155739 -0.5199922
vn -0.4431711 -0.3646121 -0.8189368
vn -0.4666989 -0.3410844 -0.8159986
vn -0.1216264 -0.278344 -0.9527496
vn -0.4274861 0.8117713 -0.397848
vn -0.411801 0.8117713 -0.414062
vn -0.4196435 0.8039287 -0.4214237
vn -0.4353286 0.8274564 -0.35469
vn -0.09025621 0.8666692 -0.490651
vn -0.1059413 0.8901968 -0.443087
vn 0.1842333 0.7255032 -0.6631012
vn 0.8979059 -0.2861865 0.3344583
vn 0.8116378 -0.4038249 0.4221015
vn 0.7959527 0.2941626 0.5290819
vn 0.4587228 -0.8665357 0.1966961
vn 0.6234164 0.639235 0.4502561
vn 0.8037952 -0.0744375 0.5902307
vn 0.5763611 0.7176607 0.3908595
vn 0.7959527 0.3882732 0.4644386
vn 0.8194803 0.4510137 0.3536081
vn 0.6155739 -0.6626292 0.4266045
vn -0.003988028 0.6706053 -0.7418036
vn -0.6470777 0.4745414 -0.5967419
vn -0.6078649 0.5451244 -0.5773558
vn 0.06659496 0.8117713 -0.5801659
vn 0.1450205 0.6549202 -0.7416525
vn -0.5451244 0.3490605 -0.762231
vn -0.411801 0.1294689 -0.9020298
vn -0.9529372 -0.06659496 -0.2957629
vn -0.9686224 -0.06659496 -0.2394487
vn -0.6078649 0.5451244 -0.5773558
vn -0.6470777 0.4745414 -0.5967419
vn -0.5451244 0.3490605 -0.762231
vn -0.9294096 -0.1920758 -0.3151264
vn -0.411801 0.1294689 -0.9020298
vn 0.631259 -0.6704718 0.3898458
vn 0.6391015 -0.631259 0.4393875
vn -0.04320085 -0.8979059 0.4380624
vn -0.05104339 -0.9214336 0.3851685
vn 0.9763314 -0.06659496 0.2057719
vn 0.9214336 -0.3567695 0.1538692
vn -0.1373115 -0.8822207 0.4503689
vn 0.6234164 -0.701842 0.34463
vn 0.5214632 -0.8273228 0.2088376
vn 0.9916079 -0.1292821 0
vn 0.348927 0.8588266 0.3750557
vn 0.6861569 0.4588563 0.5644817
vn 0.8586931 0.2078944 0.4684293
vn 0.8273228 0.4588563 0.3240182
vn 0.5371483 -0.8273228 0.1643429
vn 0.5449909 -0.8116378 0.2103071
vn -0.03535831 -0.9684889 -0.2465342
vn -0.01183057 -0.9684889 -0.2487757
vn 0.7175271 0.498069 0.4869108
vn 0.646944 -0.7567399 0.09385199
vn 0.988335 -0.1522958 0
vn 0.05875242 -0.9371186 -0.3440303
vn 0.3253993 0.905882 0.2710961
vn -0.3882732 -0.8665357 -0.3136237
vn -0.341218 -0.8822207 -0.3244331
vn -0.1216264 -0.9606463 -0.2497312
vn -0.1843668 -0.9449612 -0.270291
vn -0.341218 -0.8351654 -0.4313572
vn -0.3569031 -0.8273228 -0.4337708
vn -0.2157371 -0.7332122 -0.64487
vn -0.2235796 -0.7488973 -0.6238309
vn -0.01967311 -0.631259 -0.7753226
vn -0.7255032 0.5372819 -0.4300852
vn -0.7490308 0.5059116 -0.4277923
vn -0.639235 0.6157074 -0.4607418
vn -0.6235499 0.6313925 -0.4610086
vn -0.5372819 0.6941329 -0.4790695
vn -0.5372819 0.7098181 -0.4555067
vn -0.3569031 0.7255032 -0.5884431
vn -0.3804307 0.7411883 -0.5530934
vn -0.1843668 0.6862904 -0.7035726
vn 0.9763314 -0.01953959 0.2153953
vn 0.8979059 -0.1371779 0.418267
vn 0.6547866 0.639235 0.4032779
vn 0.5920462 -0.7802675 0.2016528
vn 0.5057781 0.7411883 0.4413938
vn 0.7881101 -0.03522474 0.6145256
vn 0.8665357 0.09809875 0.4893798
vn 0.4979355 0.8039287 0.3252058
vn 0.8194803 0.2941626 0.491854
vn 0.8194803 0.4510137 0.3536081
vn 0.6391015 -0.7096845 0.2964746
vn 0.8822207 0.145154 0.4479027
vn 0.5214632 -0.7802675 0.3453386
vn -0.7725586 0.3333753 -0.5403833
vn -0.7960862 0.498069 -0.3437644
vn -0.8039287 0.4510137 -0.3876664
vn -0.7725586 0.2941626 -0.5626914
vn -0.639235 0.3333753 -0.6929931
vn -0.639235 0.341218 -0.6891654
vn -0.498069 0.3490605 -0.7937783
vn 0.5842036 -0.631259 0.510116
vn 0.631259 -0.6234164 0.461372
vn 0.6391015 -0.6547866 0.4034894
vn -0.01183057 -0.9684889 -0.2487757
vn 0.003854513 -0.01169705 0.9999242
vn 0.003854513 -0.003854513 0.9999852
vn 0.003854513 -0.01169705 0.9999242
vn 0.003854513 -0.003854513 0.9999852
vn 0.003854513 -0.003854513 0.9999852
vn 0.9684889 0.07457101 -0.2376309
vn 0.9763314 0.1137838 -0.1839298
vn 0.9763314 0.02751577 -0.2145223
vn 0.984174 0.09809875 -0.1475742
vn 0.9684889 0.2314222 -0.09204929
vn -0.9686224 0.2392647 0.06725287
vn -0.9921501 0.07457101 -0.1003862
vn -0.9921501 0.08241355 -0.09405445
vn -0.9921501 -0.01169705 -0.1245047
vn -0.9921501 -0.003854513 -0.1249935
vn 0.03520786 -0.9993801 0
vn 0.03520786 -0.9993801 0
vn 0.03520786 -0.9993801 0
vn 0.1763907 -0.9606463 -0.2145809
vn 0.9684889 -0.1528631 -0.196627
vn 0.9684889 -0.1920758 -0.1585439
vn 0.1607056 -0.9528037 -0.2575631
vn -0.9450947 -0.3253993 -0.03018829
vn -0.9450947 -0.3097142 -0.1042743
vn 0.6542625 0.7562675 0
vn 0.6542625 0.7562675 0
vn -0.5059116 0.8588266 0.08043794
vn -0.5133624 0.8581718 0
vn -0.9450947 -0.3253993 -0.03018829
vn -0.9450947 -0.3097142 -0.1042743
vn 0.9763314 -0.2077609 -0.0601028
vn 0.1214929 -0.9684889 -0.2174139
vn 0.6861569 0.7255032 0.05323385
vn -0.4510137 0.8823543 0.1343042
vn -0.9607799 -0.2469738 -0.1261187
vn -0.3092152 0.9509921 0
vn -0.9843075 -0.1450205 -0.1005374
vn 0.9684889 -0.2312886 -0.09238441
vn 0.7410548 0.6706053 -0.03356157
vn 0.7881101 0.6078649 -0.09686508
vn 0.9606463 -0.2548163 -0.1105771
vn 0.09012264 -0.9920166 -0.08821048
vn 0.1136503 -0.9920166 -0.05465152
vn -0.9921501 -0.1214929 0.02962628
vn -0.9843075 -0.1450205 -0.1005374
vn -0.2157371 -0.9606463 0.1749746
vn -0.9686224 -0.1293354 0.2122332
vn 0.9057484 -0.4116674 0.1007459
vn 0.7488973 0.6470777 0.1429801
vn -0.2627923 0.9607799 -0.08855577
vn -0.9921501 -0.1214929 0.02962628
vn -0.6706053 0.7176607 0.1877545
vn -0.9607799 -0.2469738 -0.1261187
vn 0.7802675 -0.5685185 0.2607091
vn -0.2078944 -0.8900633 0.4056689
vn -0.905882 -0.3410844 0.2510761
vn -0.003988026 0.9999921 0
vn -0.9686224 -0.1293354 0.2122332
vn 0.9684889 -0.1528631 -0.196627
vn 0.1763907 -0.9606463 -0.2145809
vn 0.1999184 -0.9528037 -0.2284681
vn 0.9606463 -0.2312886 -0.1538318
vn 0.6542625 0.7562675 0
vn 0.7488593 0.6627291 0
vn -0.3569031 0.9294096 0.09390405
vn -0.5133624 0.8581718 0
vn -0.9529372 -0.2940291 -0.07387498
vn -0.9450947 -0.3253993 -0.03018829
vn -0.9529372 -0.2940291 -0.07387498
vn -0.9450947 -0.3253993 -0.03018829
vn -0.6313925 -0.03522474 -0.774663
vn 0.5449909 -0.3567695 -0.7587492
vn 0.5528334 0.4510137 -0.7006867
vn -0.3882732 0.6078649 -0.6926357
vn -0.145154 -0.7645824 -0.6279682
vn 0.7175271 0.5451244 -0.433583
vn -0.4353286 0.6941329 -0.5732961
vn 0.6783143 0.2784775 -0.6799558
vn -0.6470777 0.2941626 -0.703391
vn -0.2078944 -0.8900633 0.4056689
vn 0.7802675 -0.5685185 0.2607091
vn 0.5449909 -0.7410548 0.3922025
vn -0.4274861 -0.7802675 0.4565504
vn 0.5528334 -0.6783143 0.4840091
vn -0.4196435 -0.6939994 0.5850335
vn 0.9057484 -0.348927 0.2405614
vn 0.984174 -0.1685482 -0.0547086
vn -0.905882 -0.3410844 0.2510761
vn -0.9921501 0.05104339 0.1141613
vn -0.9843075 0.1529967 -0.08792463
vn -0.9843075 -0.05090982 0.1689583
vn -0.976465 -0.1999184 0.0809244
vn 0.7802675 -0.6155739 0.1106858
vn -0.8666692 0.4431711 -0.2290937
vn -0.9294096 0.2549498 -0.2668302
vn 0.984174 0.1059413 -0.1420491
vn 0.9972401 -0.07424252 0
vn 0.9684889 0.145154 -0.2023848
vn 0.984174 -0.01169705 -0.1768183
vn -0.1922094 -0.6626292 0.7238633
vn -0.8823543 0.4039584 -0.2413888
vn -0.6706053 0.7176607 0.1877545
vn -0.9686224 -0.1293354 0.2122332
vn -0.8980395 0.4274861 0.1038306
vn -0.003988026 0.9999921 0
vn -0.905882 -0.3410844 0.2510761
vn -0.9843075 0.1529967 -0.08792463
vn -0.9294096 0.2549498 -0.2668302
vn -0.835299 0.5137541 -0.1957862
vn -0.6470777 0.2941626 -0.703391
vn -0.8666692 0.4431711 -0.2290937
vn -0.4353286 0.6941329 -0.5732961
vn -0.6470777 0.2941626 -0.703391
vn -0.9294096 0.2549498 -0.2668302
vn -0.3882732 0.6078649 -0.6926357
vn -0.8823543 0.4039584 -0.2413888
vn -0.6313925 -0.03522474 -0.774663
vn -0.976465 -0.1999184 0.0809244
vn -0.2235796 -0.9292761 0.2940376
vn -0.145154 -0.7645824 -0.6279682
vn 0.5449909 -0.3567695 -0.7587492
vn 0.7802675 -0.6155739 0.1106858
vn 0.984174 -0.01169705 -0.1768183
vn 0.5528334 0.4510137 -0.7006867
vn -0.1922094 -0.6626292 0.7238633
vn 0.984174 0.1059413 -0.1420491
vn 0.7175271 0.5451244 -0.433583
vn 0.6783143 0.2784775 -0.6799558
vn 0.9684889 0.145154 -0.2023848
vn 0.8273228 0.5137541 -0.2271422
vn 0.9684889 0.145154 -0.2023848
vn 0.9972401 -0.07424252 0
vn 0.9528037 0.3020052 0.03095042
vn 0.6783143 0.2784775 -0.6799558
vn 0.7802675 -0.5685185 0.2607091
vn 0.9057484 -0.4116674 0.1007459
vn 0.7488973 0.6470777 0.1429801
vn -0.003988026 0.9999921 0
vn 0.1685482 0.976465 0.1345647
vn 0.1685482 0.976465 -0.1345647
vn -0.498069 0.8588266 -0.1197666
vn 0.7488973 0.6549202 -0.101155
vn 0.6704718 0.7333457 0.1125684
vn 0.08228004 0.8039287 0.5890064
vn -0.482384 0.8588266 0.1724022
vn -0.639235 0.6941329 0.3309955
vn 0.0744375 0.9686224 0.2371278
vn -0.8980395 0.4274861 0.1038306
vn 0.01169705 0.9686224 -0.2482615
vn -0.835299 0.5137541 -0.1957862
vn 0.9528037 0.3020052 0.03095042
vn 0.8273228 0.5137541 -0.2271422
vn -0.01183057 0.6941329 -0.7197496
vn -0.5215968 0.3333753 -0.7853646
vn -0.6470777 0.2941626 -0.703391
vn 0.4665653 0.3490605 -0.8126952
vn 0.6783143 0.2784775 -0.6799558
vn 0.7096845 0.6000223 0.3692169
vn -0.1608392 -0.8586931 0.4865972
vn -0.05888593 -0.4038249 0.9129392
vn -0.2000519 -0.8900633 0.4095932
vn -0.09025621 -0.9920166 0.08807388
vn -0.1686817 -0.984174 0.05429536
vn -0.04316667 -0.999068 0
vn 0.01953959 -0.9920166 0.1245849
vn -0.5215968 0.3333753 -0.7853646
vn -0.6470777 0.2941626 -0.703391
vn 0.6783143 0.2784775 -0.6799558
vn 0.4665653 0.3490605 -0.8126952
vn -0.01183057 0.6941329 -0.7197496
vn 0.8338631 -0.5519713 0
vn 0.8273228 -0.560676 0.03434192
vn 0.8273228 -0.5528334 0.09955955
vn 0.843008 -0.5293058 0.0957755
vn 0.8116378 -0.560676 0.1639714
vn 0.7881101 -0.5763611 0.2160798
vn -0.04320085 -0.6704718 0.7406762
vn -0.04320085 -0.6704718 0.7406762
vn -0.04320085 -0.6704718 0.7406762
vn -0.9215671 -0.3802972 0.07802662
vn -0.905882 -0.3881397 0.1694855
vn -0.905882 -0.3881397 0.1694855
vn -0.9294096 -0.3646121 0.05705922
vn -0.8980395 -0.3959823 0.1916328
vn -0.8745117 -0.4116674 0.2564356
vn 0.9684889 -0.2391312 -0.0696103
vn 0.9606463 -0.2626588 -0.09038233
vn 0.9606463 -0.2626588 -0.09038233
vn 0.9684889 -0.2469738 -0.0321445
vn 0.9670866 -0.2544474 0
vn 0.9684889 -0.2469738 -0.0321445
vn 0.9606463 -0.2626588 -0.09038233
vn 0.9606463 -0.2626588 -0.09038233
g G_CA_Prinzeugen_Body_001_lod_0
f 3/3/3 2/2/2 1/1/1
f 4/4/4 3/3/3 1/1/1
f 3/3/3 4/4/4 5/5/5
f 5/5/5 4/4/4 6/6/6
f 7/7/7 5/5/5 6/6/6
f 5/5/5 7/7/7 8/8/8
f 7/7/7 9/9/9 8/8/8
f 7/7/7 10/10/10 9/9/9
f 7/7/7 6/6/6 10/10/10
f 10/10/10 11/11/11 9/9/9
f 14/14/14 13/13/13 12/12/12
f 15/15/15 14/14/14 12/12/12
f 13/13/13 14/14/14 16/16/16
f 14/14/14 17/17/17 16/16/16
f 18/18/18 16/16/16 17/17/17
f 19/19/19 18/18/18 17/17/17
f 18/18/18 19/19/19 20/20/20
f 23/23/23 22/22/22 21/21/21
f 24/24/24 23/23/23 21/21/21
f 22/22/22 23/23/23 25/25/25
f 23/23/23 26/26/26 25/25/25
f 25/25/25 26/26/26 27/27/27
f 26/26/26 28/28/28 27/27/27
f 21/21/21 29/29/29 24/24/24
f 24/24/24 29/29/29 30/30/30
f 31/31/31 24/24/24 30/30/30
f 32/32/32 31/31/31 30/30/30
f 33/33/33 32/32/32 30/30/30
f 36/36/36 35/35/35 34/34/34
f 37/37/37 36/36/36 34/34/34
f 37/37/37 34/34/34 38/38/38
f 34/34/34 39/39/39 38/38/38
f 42/42/42 41/41/41 40/40/40
f 42/42/42 43/43/43 41/41/41
f 43/43/43 44/44/44 41/41/41
f 47/47/47 46/46/46 45/45/45
f 48/48/48 47/47/47 45/45/45
f 48/48/48 45/45/45 49/49/49
f 50/50/50 48/48/48 49/49/49
f 51/51/51 46/46/46 47/47/47
f 52/52/52 46/46/46 51/51/51
f 53/53/53 52/52/52 51/51/51
f 54/54/54 53/53/53 51/51/51
f 55/55/55 53/53/53 54/54/54
f 55/55/55 54/54/54 56/56/56
f 55/55/55 56/56/56 57/57/57
f 56/56/56 58/58/58 57/57/57
f 61/61/61 60/60/60 59/59/59
f 59/59/59 60/60/60 62/62/62
f 63/63/63 61/61/61 59/59/59
f 59/59/59 64/64/64 63/63/63
f 64/64/64 59/59/59 62/62/62
f 64/64/64 65/65/65 63/63/63
f 63/63/63 65/65/65 66/66/66
f 67/67/67 63/63/63 66/66/66
f 68/68/68 67/67/67 66/66/66
f 67/67/67 68/68/68 69/69/69
f 63/63/63 69/69/69 61/61/61
f 67/67/67 69/69/69 63/63/63
f 70/70/70 68/68/68 66/66/66
f 62/62/62 71/71/71 64/64/64
f 74/74/74 73/73/73 72/72/72
f 75/75/75 74/74/74 72/72/72
f 75/75/75 76/76/76 74/74/74
f 75/75/75 77/77/77 76/76/76
f 75/75/75 72/72/72 77/77/77
f 72/72/72 78/78/78 77/77/77
f 72/72/72 79/79/79 78/78/78
f 72/72/72 73/73/73 79/79/79
f 82/82/82 81/81/81 80/80/80
f 83/83/83 81/81/81 82/82/82
f 84/84/84 83/83/83 82/82/82
f 85/85/85 83/83/83 84/84/84
f 86/86/86 85/85/85 84/84/84
f 85/85/85 86/86/86 87/87/87
f 88/88/88 87/87/87 86/86/86
f 89/89/89 85/85/85 87/87/87
f 89/89/89 87/87/87 90/90/90
f 89/89/89 90/90/90 91/91/91
f 90/90/90 92/92/92 91/91/91
f 90/90/90 93/93/93 92/92/92
f 96/96/96 95/95/95 94/94/94
f 95/95/95 97/97/97 94/94/94
f 97/97/97 95/95/95 98/98/98
f 98/98/98 99/99/99 97/97/97
f 99/99/99 100/100/100 97/97/97
f 100/100/100 101/101/101 97/97/97
f 100/100/100 102/102/102 101/101/101
f 105/105/105 104/104/104 103/103/103
f 106/106/106 105/105/105 103/103/103
f 107/107/107 105/105/105 106/106/106
f 108/108/108 107/107/107 106/106/106
f 107/107/107 108/108/108 109/109/109
f 110/110/110 107/107/107 109/109/109
f 104/104/104 105/105/105 111/111/111
f 104/104/104 111/111/111 112/112/112
f 113/113/113 104/104/104 112/112/112
f 105/105/105 114/114/114 111/111/111
f 105/105/105 115/115/115 114/114/114
f 115/115/115 105/105/105 107/107/107
f 116/116/116 115/115/115 107/107/107
f 107/107/107 117/117/117 116/116/116
f 118/118/118 117/117/117 107/107/107
f 107/107/107 119/119/119 118/118/118
f 119/119/119 107/107/107 110/110/110
f 120/120/120 119/119/119 110/110/110
f 119/119/119 120/120/120 121/121/121
f 118/118/118 119/119/119 122/122/122
f 117/117/117 118/118/118 123/123/123
f 116/116/116 117/117/117 124/124/124
f 115/115/115 116/116/116 125/125/125
f 114/114/114 115/115/115 126/126/126
f 111/111/111 114/114/114 127/127/127
f 113/113/113 128/128/128 104/104/104
f 128/128/128 103/103/103 104/104/104
f 103/103/103 128/128/128 129/129/129
f 129/129/129 130/130/130 103/103/103
f 103/103/103 130/130/130 131/131/131
f 106/106/106 103/103/103 131/131/131
f 108/108/108 106/106/106 131/131/131
f 132/132/132 108/108/108 131/131/131
f 132/132/132 133/133/133 108/108/108
f 133/133/133 109/109/109 108/108/108
f 130/130/130 134/134/134 131/131/131
f 130/130/130 129/129/129 134/134/134
f 134/134/134 135/135/135 131/131/131
f 131/131/131 135/135/135 132/132/132
f 135/135/135 136/136/136 132/132/132
f 132/132/132 136/136/136 133/133/133
f 136/136/136 137/137/137 133/133/133
f 138/138/138 129/129/129 128/128/128
f 138/138/138 139/139/139 129/129/129
f 141/141/141 111/111/111 140/140/140
f 141/141/141 112/112/112 111/111/111
f 144/144/144 143/143/143 142/142/142
f 145/145/145 142/142/142 143/143/143
f 142/142/142 145/145/145 146/146/146
f 145/145/145 147/147/147 146/146/146
f 144/144/144 148/148/148 143/143/143
f 143/143/143 148/148/148 149/149/149
f 148/148/148 150/150/150 149/149/149
f 149/149/149 150/150/150 151/151/151
f 154/154/154 153/153/153 152/152/152
f 155/155/155 153/153/153 154/154/154
f 156/156/156 152/152/152 153/153/153
f 157/157/157 152/152/152 156/156/156
f 160/160/160 159/159/159 158/158/158
f 158/158/158 159/159/159 161/161/161
f 164/164/164 163/163/163 162/162/162
f 167/167/167 166/166/166 165/165/165
f 170/170/170 169/169/169 168/168/168
f 173/173/173 172/172/172 171/171/171
f 176/176/176 175/175/175 174/174/174
f 179/179/179 178/178/178 177/177/177
f 182/182/182 181/181/181 180/180/180
f 185/185/185 184/184/184 183/183/183
f 188/188/188 187/187/187 186/186/186
f 191/191/191 190/190/190 189/189/189
f 194/194/194 193/193/193 192/192/192
f 197/197/197 196/196/196 195/195/195
f 200/200/200 199/199/199 198/198/198
f 203/203/203 202/202/202 201/201/201
f 202/202/202 204/204/204 201/201/201
f 203/203/203 205/205/205 202/202/202
f 205/205/205 206/206/206 202/202/202
f 207/207/207 205/205/205 203/203/203
f 208/208/208 207/207/207 203/203/203
f 203/203/203 201/201/201 208/208/208
f 201/201/201 209/209/209 208/208/208
f 209/209/209 210/210/210 208/208/208
f 213/213/213 212/212/212 211/211/211
f 214/214/214 213/213/213 211/211/211
f 212/212/212 213/213/213 215/215/215
f 215/215/215 213/213/213 216/216/216
f 216/216/216 213/213/213 217/217/217
f 217/217/217 213/213/213 214/214/214
f 216/216/216 217/217/217 218/218/218
f 217/217/217 219/219/219 218/218/218
f 219/219/219 220/220/220 218/218/218
f 220/220/220 221/221/221 218/218/218
f 218/218/218 221/221/221 222/222/222
f 222/222/222 221/221/221 223/223/223
f 218/218/218 222/222/222 224/224/224
f 225/225/225 218/218/218 224/224/224
f 216/216/216 218/218/218 225/225/225
f 226/226/226 216/216/216 225/225/225
f 226/226/226 215/215/215 216/216/216
f 227/227/227 212/212/212 215/215/215
f 228/228/228 219/219/219 217/217/217
f 217/217/217 214/214/214 229/229/229
f 221/221/221 230/230/230 223/223/223
f 230/230/230 221/221/221 220/220/220
f 230/230/230 231/231/231 223/223/223
f 230/230/230 232/232/232 231/231/231
f 233/233/233 230/230/230 220/220/220
f 233/233/233 220/220/220 234/234/234
f 219/219/219 228/228/228 234/234/234
f 220/220/220 219/219/219 234/234/234
f 235/235/235 233/233/233 234/234/234
f 235/235/235 236/236/236 233/233/233
f 236/236/236 237/237/237 233/233/233
f 237/237/237 230/230/230 233/233/233
f 236/236/236 238/238/238 237/237/237
f 232/232/232 230/230/230 239/239/239
f 239/239/239 230/230/230 240/240/240
f 240/240/240 230/230/230 237/237/237
f 240/240/240 237/237/237 241/241/241
f 242/242/242 239/239/239 240/240/240
f 241/241/241 242/242/242 240/240/240
f 241/241/241 243/243/243 242/242/242
f 243/243/243 244/244/244 242/242/242
f 245/245/245 244/244/244 243/243/243
f 242/242/242 244/244/244 246/246/246
f 239/239/239 242/242/242 246/246/246
f 237/237/237 247/247/247 241/241/241
f 237/237/237 238/238/238 247/247/247
f 241/241/241 247/247/247 243/243/243
f 248/248/248 245/245/245 243/243/243
f 247/247/247 248/248/248 243/243/243
f 235/235/235 234/234/234 249/249/249
f 234/234/234 250/250/250 249/249/249
f 251/251/251 250/250/250 234/234/234
f 228/228/228 251/251/251 234/234/234
f 251/251/251 228/228/228 217/217/217
f 252/252/252 251/251/251 217/217/217
f 253/253/253 252/252/252 217/217/217
f 229/229/229 253/253/253 217/217/217
f 252/252/252 253/253/253 254/254/254
f 251/251/251 252/252/252 254/254/254
f 253/253/253 255/255/255 254/254/254
f 251/251/251 256/256/256 250/250/250
f 256/256/256 251/251/251 254/254/254
f 256/256/256 257/257/257 250/250/250
f 258/258/258 249/249/249 250/250/250
f 257/257/257 258/258/258 250/250/250
f 258/258/258 259/259/259 249/249/249
f 259/259/259 260/260/260 249/249/249
f 235/235/235 249/249/249 260/260/260
f 236/236/236 235/235/235 260/260/260
f 260/260/260 238/238/238 236/236/236
f 263/263/263 262/262/262 261/261/261
f 264/264/264 263/263/263 261/261/261
f 265/265/265 263/263/263 264/264/264
f 262/262/262 263/263/263 266/266/266
f 267/267/267 262/262/262 266/266/266
f 263/263/263 265/265/265 268/268/268
f 266/266/266 263/263/263 268/268/268
f 266/266/266 268/268/268 269/269/269
f 267/267/267 266/266/266 270/270/270
f 266/266/266 271/271/271 270/270/270
f 271/271/271 266/266/266 269/269/269
f 272/272/272 270/270/270 271/271/271
f 273/273/273 265/265/265 264/264/264
f 273/273/273 264/264/264 274/274/274
f 277/277/277 276/276/276 275/275/275
f 278/278/278 277/277/277 275/275/275
f 279/279/279 275/275/275 276/276/276
f 275/275/275 279/279/279 280/280/280
f 280/280/280 279/279/279 281/281/281
f 280/280/280 281/281/281 282/282/282
f 282/282/282 281/281/281 283/283/283
f 284/284/284 282/282/282 283/283/283
f 287/287/287 286/286/286 285/285/285
f 288/288/288 287/287/287 285/285/285
f 286/286/286 287/287/287 289/289/289
f 290/290/290 289/289/289 287/287/287
f 289/289/289 290/290/290 291/291/291
f 292/292/292 289/289/289 291/291/291
f 293/293/293 292/292/292 291/291/291
f 294/294/294 293/293/293 291/291/291
f 293/293/293 294/294/294 295/295/295
f 296/296/296 293/293/293 295/295/295
f 297/297/297 286/286/286 289/289/289
f 289/289/289 292/292/292 297/297/297
f 293/293/293 296/296/296 298/298/298
f 299/299/299 293/293/293 298/298/298
f 299/299/299 292/292/292 293/293/293
f 292/292/292 299/299/299 300/300/300
f 292/292/292 300/300/300 297/297/297
f 303/303/303 302/302/302 301/301/301
f 304/304/304 303/303/303 301/301/301
f 305/305/305 301/301/301 302/302/302
f 306/306/306 302/302/302 303/303/303
f 305/305/305 302/302/302 306/306/306
f 306/306/306 303/303/303 307/307/307
f 301/301/301 305/305/305 308/308/308
f 309/309/309 301/301/301 308/308/308
f 309/309/309 310/310/310 301/301/301
f 310/310/310 311/311/311 301/301/301
f 311/311/311 304/304/304 301/301/301
f 311/311/311 310/310/310 312/312/312
f 315/315/315 314/314/314 313/313/313
f 314/314/314 316/316/316 313/313/313
f 316/316/316 317/317/317 313/313/313
f 316/316/316 318/318/318 317/317/317
f 318/318/318 319/319/319 317/317/317
f 314/314/314 315/315/315 320/320/320
f 320/320/320 315/315/315 321/321/321
f 322/322/322 320/320/320 321/321/321
f 322/322/322 321/321/321 323/323/323
f 324/324/324 322/322/322 323/323/323
f 212/212/212 227/227/227 325/325/325
f 328/328/328 327/327/327 326/326/326
f 326/326/326 327/327/327 329/329/329
f 332/332/332 331/331/331 330/330/330
f 331/331/331 332/332/332 333/333/333
f 334/334/334 331/331/331 333/333/333
f 334/334/334 333/333/333 335/335/335
f 336/336/336 334/334/334 335/335/335
f 337/337/337 336/336/336 335/335/335
f 338/338/338 337/337/337 335/335/335
f 333/333/333 339/339/339 335/335/335
f 333/333/333 332/332/332 339/339/339
f 339/339/339 340/340/340 335/335/335
f 341/341/341 335/335/335 340/340/340
f 338/338/338 335/335/335 341/341/341
f 332/332/332 342/342/342 339/339/339
f 342/342/342 332/332/332 343/343/343
f 343/343/343 332/332/332 330/330/330
f 338/338/338 344/344/344 337/337/337
f 345/345/345 344/344/344 338/338/338
f 344/344/344 346/346/346 337/337/337
f 341/341/341 347/347/347 338/338/338
f 338/338/338 347/347/347 345/345/345
f 345/345/345 347/347/347 348/348/348
f 351/351/351 350/350/350 349/349/349
f 352/352/352 351/351/351 349/349/349
f 352/352/352 353/353/353 351/351/351
f 353/353/353 354/354/354 351/351/351
f 355/355/355 354/354/354 353/353/353
f 356/356/356 355/355/355 353/353/353
f 357/357/357 355/355/355 356/356/356
f 358/358/358 357/357/357 356/356/356
f 355/355/355 357/357/357 359/359/359
f 360/360/360 355/355/355 359/359/359
f 355/355/355 360/360/360 354/354/354
f 360/360/360 361/361/361 354/354/354
f 351/351/351 354/354/354 361/361/361
f 362/362/362 351/351/351 361/361/361
f 363/363/363 350/350/350 351/351/351
f 362/362/362 363/363/363 351/351/351
f 366/366/366 365/365/365 364/364/364
f 367/367/367 365/365/365 366/366/366
f 368/368/368 365/365/365 367/367/367
f 369/369/369 365/365/365 368/368/368
f 370/370/370 369/369/369 368/368/368
f 371/371/371 369/369/369 370/370/370
f 372/372/372 371/371/371 370/370/370
f 373/373/373 371/371/371 372/372/372
f 376/376/376 375/375/375 374/374/374
f 377/377/377 376/376/376 374/374/374
f 376/376/376 377/377/377 378/378/378
f 379/379/379 376/376/376 378/378/378
f 382/382/382 381/381/381 380/380/380
f 385/385/385 384/384/384 383/383/383
f 386/386/386 385/385/385 383/383/383
f 385/385/385 387/387/387 384/384/384
f 387/387/387 388/388/388 384/384/384
f 389/389/389 384/384/384 388/388/388
f 390/390/390 389/389/389 388/388/388
f 389/389/389 390/390/390 391/391/391
f 390/390/390 392/392/392 391/391/391
f 393/393/393 387/387/387 385/385/385
f 394/394/394 393/393/393 385/385/385
f 391/391/391 392/392/392 395/395/395
f 392/392/392 396/396/396 395/395/395
f 385/385/385 386/386/386 397/397/397
f 394/394/394 385/385/385 397/397/397
f 391/391/391 395/395/395 398/398/398
f 395/395/395 399/399/399 398/398/398
f 391/391/391 398/398/398 400/400/400
f 389/389/389 391/391/391 400/400/400
f 389/389/389 401/401/401 384/384/384
f 401/401/401 383/383/383 384/384/384
f 404/404/404 403/403/403 402/402/402
f 405/405/405 404/404/404 402/402/402
f 405/405/405 402/402/402 406/406/406
f 407/407/407 405/405/405 406/406/406
f 403/403/403 404/404/404 408/408/408
f 409/409/409 403/403/403 408/408/408
f 406/406/406 410/410/410 407/407/407
f 410/410/410 411/411/411 407/407/407
f 408/408/408 412/412/412 409/409/409
f 412/412/412 413/413/413 409/409/409
f 416/416/416 415/415/415 414/414/414
f 417/417/417 416/416/416 414/414/414
f 415/415/415 418/418/418 414/414/414
f 418/418/418 419/419/419 414/414/414
f 422/422/422 421/421/421 420/420/420
f 423/423/423 422/422/422 420/420/420
f 426/426/426 425/425/425 424/424/424
f 425/425/425 426/426/426 427/427/427
f 428/428/428 427/427/427 426/426/426
f 424/424/424 429/429/429 426/426/426
f 429/429/429 430/430/430 426/426/426
f 424/424/424 425/425/425 431/431/431
f 432/432/432 431/431/431 425/425/425
f 433/433/433 432/432/432 425/425/425
f 427/427/427 433/433/433 425/425/425
f 432/432/432 433/433/433 434/434/434
f 433/433/433 435/435/435 434/434/434
f 438/438/438 437/437/437 436/436/436
f 438/438/438 439/439/439 437/437/437
f 440/440/440 439/439/439 438/438/438
f 440/440/440 438/438/438 441/441/441
f 441/441/441 442/442/442 440/440/440
f 442/442/442 443/443/443 440/440/440
f 436/436/436 437/437/437 444/444/444
f 444/444/444 445/445/445 436/436/436
f 446/446/446 445/445/445 444/444/444
f 446/446/446 447/447/447 445/445/445
f 447/447/447 448/448/448 445/445/445
f 448/448/448 447/447/447 449/449/449
f 447/447/447 450/450/450 449/449/449
f 450/450/450 451/451/451 449/449/449
f 454/454/454 453/453/453 452/452/452
f 454/454/454 452/452/452 455/455/455
f 452/452/452 456/456/456 455/455/455
f 455/455/455 456/456/456 457/457/457
f 458/458/458 453/453/453 454/454/454
f 461/461/461 460/460/460 459/459/459
f 462/462/462 461/461/461 459/459/459
f 463/463/463 460/460/460 461/461/461
f 464/464/464 463/463/463 461/461/461
f 467/467/467 466/466/466 465/465/465
f 468/468/468 467/467/467 465/465/465
f 471/471/471 470/470/470 469/469/469
f 469/469/469 470/470/470 472/472/472
f 469/469/469 472/472/472 473/473/473
f 469/469/469 473/473/473 474/474/474
f 474/474/474 473/473/473 475/475/475
f 473/473/473 476/476/476 475/475/475
f 477/477/477 469/469/469 474/474/474
f 477/477/477 471/471/471 469/469/469
f 473/473/473 478/478/478 476/476/476
f 472/472/472 478/478/478 473/473/473
f 470/470/470 479/479/479 472/472/472
f 477/477/477 480/480/480 471/471/471
f 481/481/481 471/471/471 480/480/480
f 484/484/484 483/483/483 482/482/482
f 485/485/485 484/484/484 482/482/482
f 482/482/482 486/486/486 485/485/485
f 482/482/482 487/487/487 486/486/486
f 487/487/487 488/488/488 486/486/486
f 484/484/484 489/489/489 483/483/483
f 489/489/489 490/490/490 483/483/483
f 493/493/493 492/492/492 491/491/491
f 494/494/494 493/493/493 491/491/491
f 494/494/494 495/495/495 493/493/493
f 495/495/495 496/496/496 493/493/493
f 497/497/497 495/495/495 494/494/494
f 498/498/498 497/497/497 494/494/494
f 491/491/491 498/498/498 494/494/494
f 491/491/491 492/492/492 499/499/499
f 492/492/492 500/500/500 499/499/499
f 500/500/500 492/492/492 501/501/501
f 492/492/492 502/502/502 501/501/501
f 500/500/500 501/501/501 503/503/503
f 504/504/504 500/500/500 503/503/503
f 499/499/499 500/500/500 504/504/504
f 505/505/505 499/499/499 504/504/504
f 502/502/502 506/506/506 501/501/501
f 506/506/506 507/507/507 501/501/501
f 501/501/501 507/507/507 503/503/503
f 503/503/503 507/507/507 508/508/508
f 499/499/499 505/505/505 509/509/509
f 505/505/505 510/510/510 509/509/509
f 511/511/511 506/506/506 502/502/502
f 502/502/502 512/512/512 511/511/511
f 512/512/512 513/513/513 511/511/511
f 502/502/502 492/492/492 512/512/512
f 492/492/492 493/493/493 512/512/512
f 512/512/512 493/493/493 496/496/496
f 513/513/513 512/512/512 496/496/496
f 509/509/509 514/514/514 499/499/499
f 514/514/514 491/491/491 499/499/499
f 498/498/498 491/491/491 514/514/514
f 517/517/517 516/516/516 515/515/515
f 518/518/518 516/516/516 517/517/517
f 518/518/518 519/519/519 516/516/516
f 519/519/519 520/520/520 516/516/516
f 520/520/520 519/519/519 521/521/521
f 522/522/522 520/520/520 521/521/521
f 523/523/523 522/522/522 521/521/521
f 524/524/524 523/523/523 521/521/521
f 527/527/527 526/526/526 525/525/525
f 528/528/528 527/527/527 525/525/525
f 528/528/528 525/525/525 529/529/529
f 525/525/525 530/530/530 529/529/529
f 530/530/530 531/531/531 529/529/529
f 531/531/531 530/530/530 532/532/532
f 531/531/531 533/533/533 529/529/529
f 536/536/536 535/535/535 534/534/534
f 537/537/537 535/535/535 536/536/536
f 535/535/535 537/537/537 538/538/538
f 539/539/539 535/535/535 538/538/538
f 539/539/539 538/538/538 540/540/540
f 541/541/541 539/539/539 540/540/540
f 540/540/540 542/542/542 541/541/541
f 545/545/545 544/544/544 543/543/543
f 546/546/546 545/545/545 543/543/543
f 547/547/547 546/546/546 543/543/543
f 548/548/548 547/547/547 543/543/543
f 549/549/549 544/544/544 545/545/545
f 550/550/550 549/549/549 545/545/545
f 549/549/549 550/550/550 551/551/551
f 552/552/552 549/549/549 551/551/551
f 552/552/552 551/551/551 553/553/553
f 551/551/551 554/554/554 553/553/553
f 557/557/557 556/556/556 555/555/555
f 558/558/558 557/557/557 555/555/555
f 555/555/555 556/556/556 559/559/559
f 560/560/560 555/555/555 559/559/559
f 560/560/560 559/559/559 561/561/561
f 559/559/559 562/562/562 561/561/561
f 558/558/558 563/563/563 557/557/557
f 563/563/563 564/564/564 557/557/557
f 567/567/567 566/566/566 565/565/565
f 568/568/568 567/567/567 565/565/565
f 566/566/566 567/567/567 569/569/569
f 567/567/567 570/570/570 569/569/569
f 569/569/569 570/570/570 571/571/571
f 572/572/572 569/569/569 571/571/571
f 571/571/571 573/573/573 572/572/572
f 576/576/576 575/575/575 574/574/574
f 575/575/575 576/576/576 577/577/577
f 578/578/578 575/575/575 577/577/577
f 579/579/579 578/578/578 577/577/577
f 580/580/580 579/579/579 577/577/577
f 583/583/583 582/582/582 581/581/581
f 583/583/583 584/584/584 582/582/582
f 587/587/587 586/586/586 585/585/585
f 588/588/588 587/587/587 585/585/585
f 591/591/591 590/590/590 589/589/589
f 592/592/592 590/590/590 591/591/591
f 593/593/593 592/592/592 591/591/591
f 593/593/593 594/594/594 592/592/592
f 594/594/594 595/595/595 592/592/592
f 595/595/595 596/596/596 592/592/592
f 597/597/597 592/592/592 596/596/596
f 598/598/598 594/594/594 593/593/593
f 601/601/601 600/600/600 599/599/599
f 604/604/604 603/603/603 602/602/602
f 605/605/605 604/604/604 602/602/602
f 608/608/608 607/607/607 606/606/606
f 609/609/609 608/608/608 606/606/606
f 612/612/612 611/611/611 610/610/610
f 613/613/613 612/612/612 610/610/610
f 616/616/616 615/615/615 614/614/614
f 617/617/617 616/616/616 614/614/614
f 620/620/620 619/619/619 618/618/618
f 618/618/618 619/619/619 621/621/621
f 619/619/619 622/622/622 621/621/621
f 625/625/625 624/624/624 623/623/623
f 624/624/624 625/625/625 626/626/626
f 627/627/627 624/624/624 626/626/626
f 630/630/630 629/629/629 628/628/628
f 631/631/631 630/630/630 628/628/628
f 634/634/634 633/633/633 632/632/632
f 635/635/635 634/634/634 632/632/632
f 638/638/638 637/637/637 636/636/636
f 639/639/639 638/638/638 636/636/636
f 642/642/642 641/641/641 640/640/640
f 643/643/643 642/642/642 640/640/640
f 646/646/646 645/645/645 644/644/644
f 647/647/647 646/646/646 644/644/644
f 648/648/648 645/645/645 646/646/646
f 651/651/651 650/650/650 649/649/649
f 652/652/652 651/651/651 649/649/649
f 655/655/655 654/654/654 653/653/653
f 656/656/656 655/655/655 653/653/653
f 659/659/659 658/658/658 657/657/657
f 660/660/660 659/659/659 657/657/657
f 661/661/661 659/659/659 660/660/660
f 662/662/662 661/661/661 660/660/660
f 660/660/660 657/657/657 663/663/663
f 664/664/664 660/660/660 663/663/663
f 663/663/663 657/657/657 665/665/665
f 657/657/657 666/666/666 665/665/665
f 667/667/667 662/662/662 660/660/660
f 664/664/664 667/667/667 660/660/660
f 668/668/668 666/666/666 657/657/657
f 668/668/668 657/657/657 669/669/669
f 672/672/672 671/671/671 670/670/670
f 672/672/672 673/673/673 671/671/671
f 674/674/674 673/673/673 672/672/672
f 675/675/675 674/674/674 672/672/672
f 676/676/676 675/675/675 672/672/672
f 677/677/677 676/676/676 672/672/672
f 677/677/677 672/672/672 678/678/678
f 679/679/679 677/677/677 678/678/678
f 680/680/680 676/676/676 677/677/677
f 681/681/681 680/680/680 677/677/677
f 677/677/677 679/679/679 681/681/681
f 679/679/679 682/682/682 681/681/681
f 685/685/685 684/684/684 683/683/683
f 686/686/686 685/685/685 683/683/683
f 685/685/685 687/687/687 684/684/684
f 687/687/687 688/688/688 684/684/684
f 691/691/691 690/690/690 689/689/689
f 692/692/692 691/691/691 689/689/689
f 695/695/695 694/694/694 693/693/693
f 696/696/696 695/695/695 693/693/693
f 699/699/699 698/698/698 697/697/697
f 700/700/700 699/699/699 697/697/697
f 703/703/703 702/702/702 701/701/701
f 704/704/704 703/703/703 701/701/701
f 707/707/707 706/706/706 705/705/705
f 708/708/708 707/707/707 705/705/705
f 707/707/707 708/708/708 709/709/709
f 708/708/708 710/710/710 709/709/709
f 713/713/713 712/712/712 711/711/711
f 714/714/714 713/713/713 711/711/711
f 715/715/715 712/712/712 713/713/713
f 716/716/716 715/715/715 713/713/713
f 719/719/719 718/718/718 717/717/717
f 720/720/720 719/719/719 717/717/717
f 720/720/720 717/717/717 721/721/721
f 722/722/722 720/720/720 721/721/721
f 725/725/725 724/724/724 723/723/723
f 726/726/726 725/725/725 723/723/723
f 729/729/729 728/728/728 727/727/727
f 730/730/730 729/729/729 727/727/727
f 733/733/733 732/732/732 731/731/731
f 734/734/734 733/733/733 731/731/731
f 735/735/735 731/731/731 732/732/732
f 736/736/736 735/735/735 732/732/732
f 735/735/735 736/736/736 737/737/737
f 736/736/736 738/738/738 737/737/737
f 738/738/738 739/739/739 737/737/737
f 739/739/739 740/740/740 737/737/737
f 740/740/740 739/739/739 741/741/741
f 739/739/739 742/742/742 741/741/741
f 741/741/741 742/742/742 743/743/743
f 744/744/744 741/741/741 743/743/743
f 734/734/734 745/745/745 733/733/733
f 743/743/743 746/746/746 744/744/744
f 749/749/749 748/748/748 747/747/747
f 750/750/750 748/748/748 749/749/749
f 748/748/748 751/751/751 747/747/747
f 748/748/748 750/750/750 752/752/752
f 755/755/755 754/754/754 753/753/753
f 756/756/756 755/755/755 753/753/753
f 759/759/759 758/758/758 757/757/757
f 760/760/760 759/759/759 757/757/757
f 763/763/763 762/762/762 761/761/761
f 764/764/764 763/763/763 761/761/761
f 767/767/767 766/766/766 765/765/765
f 768/768/768 767/767/767 765/765/765
f 771/771/771 770/770/770 769/769/769
f 772/772/772 771/771/771 769/769/769
f 775/775/775 774/774/774 773/773/773
f 776/776/776 775/775/775 773/773/773
f 779/779/779 778/778/778 777/777/777
f 780/780/780 779/779/779 777/777/777
f 783/783/783 782/782/782 781/781/781
f 783/783/783 781/781/781 784/784/784
f 781/781/781 785/785/785 784/784/784
f 784/784/784 785/785/785 786/786/786
f 787/787/787 784/784/784 786/786/786
f 784/784/784 788/788/788 783/783/783
f 784/784/784 787/787/787 788/788/788
f 788/788/788 789/789/789 783/783/783
f 787/787/787 790/790/790 788/788/788
f 793/793/793 792/792/792 791/791/791
f 791/791/791 792/792/792 794/794/794
f 795/795/795 791/791/791 794/794/794
f 796/796/796 795/795/795 794/794/794
f 797/797/797 796/796/796 794/794/794
f 792/792/792 798/798/798 794/794/794
f 798/798/798 799/799/799 794/794/794
f 797/797/797 794/794/794 799/799/799
f 800/800/800 797/797/797 799/799/799
f 803/803/803 802/802/802 801/801/801
f 804/804/804 803/803/803 801/801/801
f 805/805/805 804/804/804 801/801/801
f 806/806/806 805/805/805 801/801/801
f 809/809/809 808/808/808 807/807/807
f 810/810/810 808/808/808 809/809/809
f 811/811/811 808/808/808 810/810/810
f 812/812/812 808/808/808 811/811/811
f 811/811/811 813/813/813 812/812/812
f 813/813/813 814/814/814 812/812/812
f 817/817/817 816/816/816 815/815/815
f 818/818/818 816/816/816 817/817/817
f 819/819/819 818/818/818 817/817/817
f 815/815/815 816/816/816 820/820/820
f 820/820/820 816/816/816 821/821/821
f 824/824/824 823/823/823 822/822/822
f 825/825/825 824/824/824 822/822/822
f 822/822/822 823/823/823 826/826/826
f 827/827/827 822/822/822 826/826/826
f 830/830/830 829/829/829 828/828/828
f 830/830/830 831/831/831 829/829/829
f 830/830/830 832/832/832 831/831/831
f 830/830/830 833/833/833 832/832/832
f 833/833/833 834/834/834 832/832/832
f 834/834/834 835/835/835 832/832/832
f 838/838/838 837/837/837 836/836/836
f 838/838/838 839/839/839 837/837/837
f 839/839/839 840/840/840 837/837/837
f 838/838/838 836/836/836 841/841/841
f 838/838/838 841/841/841 842/842/842
f 845/845/845 844/844/844 843/843/843
f 844/844/844 845/845/845 846/846/846
f 847/847/847 844/844/844 846/846/846
f 847/847/847 848/848/848 844/844/844
f 848/848/848 849/849/849 844/844/844
f 848/848/848 847/847/847 850/850/850
f 847/847/847 851/851/851 850/850/850
f 852/852/852 851/851/851 847/847/847
f 848/848/848 850/850/850 853/853/853
f 853/853/853 849/849/849 848/848/848
f 850/850/850 854/854/854 853/853/853
f 843/843/843 844/844/844 855/855/855
f 849/849/849 855/855/855 844/844/844
f 858/858/858 857/857/857 856/856/856
f 859/859/859 857/857/857 858/858/858
f 860/860/860 859/859/859 858/858/858
f 861/861/861 858/858/858 856/856/856
f 860/860/860 858/858/858 861/861/861
f 862/862/862 860/860/860 861/861/861
f 861/861/861 863/863/863 862/862/862
f 860/860/860 862/862/862 864/864/864
f 865/865/865 860/860/860 864/864/864
f 865/865/865 866/866/866 860/860/860
f 867/867/867 864/864/864 862/862/862
f 868/868/868 867/867/867 862/862/862
f 863/863/863 868/868/868 862/862/862
f 861/861/861 856/856/856 869/869/869
f 869/869/869 863/863/863 861/861/861
f 872/872/872 871/871/871 870/870/870
f 873/873/873 872/872/872 870/870/870
f 874/874/874 870/870/870 871/871/871
f 871/871/871 875/875/875 874/874/874
f 875/875/875 876/876/876 874/874/874
f 877/877/877 876/876/876 875/875/875
f 878/878/878 875/875/875 871/871/871
f 872/872/872 878/878/878 871/871/871
f 879/879/879 877/877/877 875/875/875
f 878/878/878 879/879/879 875/875/875
f 879/879/879 880/880/880 877/877/877
f 880/880/880 881/881/881 877/877/877
f 882/882/882 877/877/877 881/881/881
f 882/882/882 883/883/883 877/877/877
f 883/883/883 876/876/876 877/877/877
f 886/886/886 885/885/885 884/884/884
f 887/887/887 886/886/886 884/884/884
f 888/888/888 886/886/886 887/887/887
f 889/889/889 888/888/888 887/887/887
f 889/889/889 887/887/887 890/890/890
f 887/887/887 884/884/884 890/890/890
f 884/884/884 891/891/891 890/890/890
f 894/894/894 893/893/893 892/892/892
f 895/895/895 894/894/894 892/892/892
f 896/896/896 895/895/895 892/892/892
f 897/897/897 896/896/896 892/892/892
f 900/900/900 899/899/899 898/898/898
f 900/900/900 898/898/898 901/901/901
f 902/902/902 900/900/900 901/901/901
f 898/898/898 903/903/903 901/901/901
f 899/899/899 904/904/904 898/898/898
f 904/904/904 903/903/903 898/898/898
f 902/902/902 901/901/901 905/905/905
f 906/906/906 904/904/904 899/899/899
f 903/903/903 904/904/904 907/907/907
f 907/907/907 904/904/904 908/908/908
f 908/908/908 904/904/904 909/909/909
f 909/909/909 904/904/904 906/906/906
f 910/910/910 908/908/908 909/909/909
f 911/911/911 903/903/903 907/907/907
f 901/901/901 903/903/903 911/911/911
f 912/912/912 911/911/911 907/907/907
f 913/913/913 901/901/901 911/911/911
f 901/901/901 913/913/913 905/905/905
f 909/909/909 914/914/914 910/910/910
f 914/914/914 915/915/915 910/910/910
f 909/909/909 906/906/906 916/916/916
f 917/917/917 909/909/909 916/916/916
f 909/909/909 917/917/917 918/918/918
f 914/914/914 909/909/909 918/918/918
f 919/919/919 913/913/913 911/911/911
f 911/911/911 920/920/920 919/919/919
f 911/911/911 912/912/912 920/920/920
f 920/920/920 912/912/912 921/921/921
f 920/920/920 921/921/921 922/922/922
f 913/913/913 919/919/919 923/923/923
f 923/923/923 924/924/924 913/913/913
f 925/925/925 919/919/919 920/920/920
f 920/920/920 926/926/926 925/925/925
f 927/927/927 925/925/925 926/926/926
f 927/927/927 919/919/919 925/925/925
f 928/928/928 927/927/927 926/926/926
f 919/919/919 927/927/927 929/929/929
f 919/919/919 929/929/929 923/923/923
f 926/926/926 930/930/930 928/928/928
f 931/931/931 930/930/930 926/926/926
f 931/931/931 926/926/926 932/932/932
f 926/926/926 920/920/920 932/932/932
f 932/932/932 920/920/920 922/922/922
f 935/935/935 934/934/934 933/933/933
f 936/936/936 935/935/935 933/933/933
f 934/934/934 935/935/935 937/937/937
f 938/938/938 934/934/934 937/937/937
f 934/934/934 938/938/938 939/939/939
f 940/940/940 934/934/934 939/939/939
f 941/941/941 933/933/933 934/934/934
f 940/940/940 941/941/941 934/934/934
f 933/933/933 942/942/942 936/936/936
f 933/933/933 943/943/943 942/942/942
f 943/943/943 944/944/944 942/942/942
f 942/942/942 945/945/945 936/936/936
f 945/945/945 946/946/946 936/936/936
f 946/946/946 947/947/947 936/936/936
f 936/936/936 947/947/947 948/948/948
f 948/948/948 935/935/935 936/936/936
f 937/937/937 935/935/935 948/948/948
f 947/947/947 949/949/949 948/948/948
f 948/948/948 949/949/949 950/950/950
f 949/949/949 951/951/951 950/950/950
f 952/952/952 948/948/948 950/950/950
f 948/948/948 952/952/952 937/937/937
f 953/953/953 952/952/952 950/950/950
f 933/933/933 941/941/941 954/954/954
f 954/954/954 943/943/943 933/933/933
f 957/957/957 956/956/956 955/955/955
f 958/958/958 957/957/957 955/955/955
f 956/956/956 957/957/957 959/959/959
f 960/960/960 956/956/956 959/959/959
f 958/958/958 955/955/955 961/961/961
f 955/955/955 962/962/962 961/961/961
f 965/965/965 964/964/964 963/963/963
f 963/963/963 964/964/964 966/966/966
f 969/969/969 968/968/968 967/967/967
f 972/972/972 971/971/971 970/970/970
f 972/972/972 973/973/973 971/971/971
f 976/976/976 975/975/975 974/974/974
f 977/977/977 976/976/976 974/974/974
f 977/977/977 978/978/978 976/976/976
f 978/978/978 979/979/979 976/976/976
f 978/978/978 980/980/980 979/979/979
f 980/980/980 981/981/981 979/979/979
f 981/981/981 980/980/980 982/982/982
f 985/985/985 984/984/984 983/983/983
f 986/986/986 985/985/985 983/983/983
f 983/983/983 984/984/984 987/987/987
f 988/988/988 983/983/983 987/987/987
f 988/988/988 987/987/987 989/989/989
f 990/990/990 988/988/988 989/989/989
f 990/990/990 989/989/989 991/991/991
f 994/994/994 993/993/993 992/992/992
f 994/994/994 992/992/992 995/995/995
f 992/992/992 996/996/996 995/995/995
f 995/995/995 996/996/996 997/997/997
f 996/996/996 998/998/998 997/997/997
f 998/998/998 999/999/999 997/997/997
f 999/999/999 1000/1000/1000 997/997/997
f 1003/1003/1003 1002/1002/1002 1001/1001/1001
f 1003/1003/1003 1001/1001/1001 1004/1004/1004
f 1001/1001/1001 1005/1005/1005 1004/1004/1004
f 1005/1005/1005 1006/1006/1006 1004/1004/1004
f 1006/1006/1006 1007/1007/1007 1004/1004/1004
f 1008/1008/1008 1007/1007/1007 1006/1006/1006
f 1009/1009/1009 1008/1008/1008 1006/1006/1006
f 1012/1012/1012 1011/1011/1011 1010/1010/1010
f 1013/1013/1013 1012/1012/1012 1010/1010/1010
f 1014/1014/1014 1012/1012/1012 1013/1013/1013
f 1014/1014/1014 1013/1013/1013 1015/1015/1015
f 1018/1018/1018 1017/1017/1017 1016/1016/1016
f 1019/1019/1019 1018/1018/1018 1016/1016/1016
f 1017/1017/1017 1020/1020/1020 1016/1016/1016
f 1020/1020/1020 1021/1021/1021 1016/1016/1016
f 1020/1020/1020 1022/1022/1022 1021/1021/1021
f 1025/1025/1025 1024/1024/1024 1023/1023/1023
f 1026/1026/1026 1025/1025/1025 1023/1023/1023
f 1025/1025/1025 1026/1026/1026 1027/1027/1027
f 1028/1028/1028 1025/1025/1025 1027/1027/1027
f 1027/1027/1027 1029/1029/1029 1028/1028/1028
f 1032/1032/1032 1031/1031/1031 1030/1030/1030
f 1030/1030/1030 1033/1033/1033 1032/1032/1032
f 1031/1031/1031 1032/1032/1032 1034/1034/1034
f 1032/1032/1032 1035/1035/1035 1034/1034/1034
f 1035/1035/1035 1036/1036/1036 1034/1034/1034
f 1035/1035/1035 1037/1037/1037 1036/1036/1036
f 1037/1037/1037 1035/1035/1035 1032/1032/1032
f 1033/1033/1033 1037/1037/1037 1032/1032/1032
f 1037/1037/1037 1038/1038/1038 1036/1036/1036
f 1036/1036/1036 1039/1039/1039 1034/1034/1034
f 1042/1042/1042 1041/1041/1041 1040/1040/1040
f 1043/1043/1043 1042/1042/1042 1040/1040/1040
f 1042/1042/1042 1043/1043/1043 1044/1044/1044
f 1045/1045/1045 1042/1042/1042 1044/1044/1044
f 1044/1044/1044 1046/1046/1046 1045/1045/1045
f 1049/1049/1049 1048/1048/1048 1047/1047/1047
f 1050/1050/1050 1049/1049/1049 1047/1047/1047
f 1051/1051/1051 1047/1047/1047 1048/1048/1048
f 1052/1052/1052 1051/1051/1051 1048/1048/1048
f 1052/1052/1052 1053/1053/1053 1051/1051/1051
f 1056/1056/1056 1055/1055/1055 1054/1054/1054
f 1057/1057/1057 1056/1056/1056 1054/1054/1054
f 1054/1054/1054 1055/1055/1055 1058/1058/1058
f 1055/1055/1055 1059/1059/1059 1058/1058/1058
f 1060/1060/1060 1057/1057/1057 1054/1054/1054
f 1061/1061/1061 1060/1060/1060 1054/1054/1054
f 1060/1060/1060 1061/1061/1061 1062/1062/1062
f 1062/1062/1062 1061/1061/1061 1063/1063/1063
f 1063/1063/1063 1061/1061/1061 1054/1054/1054
f 1058/1058/1058 1063/1063/1063 1054/1054/1054
f 1066/1066/1066 1065/1065/1065 1064/1064/1064
f 1067/1067/1067 1066/1066/1066 1064/1064/1064
f 1067/1067/1067 1064/1064/1064 1068/1068/1068
f 1064/1064/1064 1069/1069/1069 1068/1068/1068
f 1068/1068/1068 1069/1069/1069 1070/1070/1070
f 1071/1071/1071 1068/1068/1068 1070/1070/1070
f 1064/1064/1064 1072/1072/1072 1069/1069/1069
f 1072/1072/1072 1073/1073/1073 1069/1069/1069
f 1070/1070/1070 1069/1069/1069 1073/1073/1073
f 1074/1074/1074 1073/1073/1073 1072/1072/1072
f 1074/1074/1074 1075/1075/1075 1073/1073/1073
f 1075/1075/1075 1070/1070/1070 1073/1073/1073
f 1076/1076/1076 1074/1074/1074 1072/1072/1072
f 1076/1076/1076 1072/1072/1072 1064/1064/1064
f 1065/1065/1065 1076/1076/1076 1064/1064/1064
f 1079/1079/1079 1078/1078/1078 1077/1077/1077
f 1080/1080/1080 1079/1079/1079 1077/1077/1077
f 1080/1080/1080 1081/1081/1081 1079/1079/1079
f 1081/1081/1081 1082/1082/1082 1079/1079/1079
f 1081/1081/1081 1083/1083/1083 1082/1082/1082
f 1083/1083/1083 1084/1084/1084 1082/1082/1082
f 1084/1084/1084 1083/1083/1083 1085/1085/1085
f 1088/1088/1088 1087/1087/1087 1086/1086/1086
f 1089/1089/1089 1088/1088/1088 1086/1086/1086
f 1086/1086/1086 1087/1087/1087 1090/1090/1090
f 1087/1087/1087 1091/1091/1091 1090/1090/1090
f 1092/1092/1092 1090/1090/1090 1091/1091/1091
f 1093/1093/1093 1092/1092/1092 1091/1091/1091
f 1094/1094/1094 1092/1092/1092 1093/1093/1093
f 1097/1097/1097 1096/1096/1096 1095/1095/1095
f 1095/1095/1095 1098/1098/1098 1097/1097/1097
f 1096/1096/1096 1097/1097/1097 1099/1099/1099
f 1097/1097/1097 1100/1100/1100 1099/1099/1099
f 1100/1100/1100 1097/1097/1097 1098/1098/1098
f 1099/1099/1099 1100/1100/1100 1101/1101/1101
f 1100/1100/1100 1102/1102/1102 1101/1101/1101
f 1103/1103/1103 1101/1101/1101 1102/1102/1102
f 1104/1104/1104 1103/1103/1103 1102/1102/1102
f 1104/1104/1104 1102/1102/1102 1105/1105/1105
f 1102/1102/1102 1106/1106/1106 1105/1105/1105
f 1106/1106/1106 1102/1102/1102 1100/1100/1100
f 1107/1107/1107 1106/1106/1106 1100/1100/1100
f 1107/1107/1107 1100/1100/1100 1098/1098/1098
f 1110/1110/1110 1109/1109/1109 1108/1108/1108
f 1111/1111/1111 1110/1110/1110 1108/1108/1108
f 1112/1112/1112 1110/1110/1110 1111/1111/1111
f 1113/1113/1113 1112/1112/1112 1111/1111/1111
f 1113/1113/1113 1114/1114/1114 1112/1112/1112
f 1117/1117/1117 1116/1116/1116 1115/1115/1115
f 900/900/900 1118/1118/1118 899/899/899
f 1121/1121/1121 1120/1120/1120 1119/1119/1119
f 1122/1122/1122 1121/1121/1121 1119/1119/1119
f 1122/1122/1122 1123/1123/1123 1121/1121/1121
f 1126/1126/1126 1125/1125/1125 1124/1124/1124
f 1127/1127/1127 1125/1125/1125 1126/1126/1126
f 1128/1128/1128 1127/1127/1127 1126/1126/1126
f 1131/1131/1131 1130/1130/1130 1129/1129/1129
f 1132/1132/1132 1130/1130/1130 1131/1131/1131
f 1133/1133/1133 1132/1132/1132 1131/1131/1131
f 1136/1136/1136 1135/1135/1135 1134/1134/1134
f 1139/1139/1139 1138/1138/1138 1137/1137/1137
f 1140/1140/1140 1139/1139/1139 1137/1137/1137
f 1141/1141/1141 1140/1140/1140 1137/1137/1137
f 1142/1142/1142 1141/1141/1141 1137/1137/1137
f 1143/1143/1143 1138/1138/1138 1139/1139/1139
f 1144/1144/1144 1143/1143/1143 1139/1139/1139
f 1144/1144/1144 1145/1145/1145 1143/1143/1143
f 1145/1145/1145 1146/1146/1146 1143/1143/1143
f 1147/1147/1147 1146/1146/1146 1145/1145/1145
f 1148/1148/1148 1147/1147/1147 1145/1145/1145
f 1149/1149/1149 1137/1137/1137 1138/1138/1138
f 1150/1150/1150 1149/1149/1149 1138/1138/1138
f 1138/1138/1138 1143/1143/1143 1150/1150/1150
f 1143/1143/1143 1151/1151/1151 1150/1150/1150
f 1143/1143/1143 1146/1146/1146 1151/1151/1151
f 1146/1146/1146 1152/1152/1152 1151/1151/1151
f 1146/1146/1146 1147/1147/1147 1153/1153/1153
f 1152/1152/1152 1146/1146/1146 1153/1153/1153
f 1153/1153/1153 1154/1154/1154 1152/1152/1152
f 1154/1154/1154 1155/1155/1155 1152/1152/1152
f 1152/1152/1152 1155/1155/1155 1151/1151/1151
f 1150/1150/1150 1151/1151/1151 1156/1156/1156
f 1149/1149/1149 1150/1150/1150 1156/1156/1156
f 1151/1151/1151 1157/1157/1157 1156/1156/1156
f 1155/1155/1155 1157/1157/1157 1151/1151/1151
f 1158/1158/1158 1157/1157/1157 1155/1155/1155
f 1159/1159/1159 1156/1156/1156 1157/1157/1157
f 1158/1158/1158 1159/1159/1159 1157/1157/1157
f 1159/1159/1159 1160/1160/1160 1156/1156/1156
f 1161/1161/1161 1160/1160/1160 1159/1159/1159
f 1160/1160/1160 1161/1161/1161 1162/1162/1162
f 1162/1162/1162 1163/1163/1163 1160/1160/1160
f 1163/1163/1163 1164/1164/1164 1160/1160/1160
f 1160/1160/1160 1164/1164/1164 1156/1156/1156
f 1164/1164/1164 1149/1149/1149 1156/1156/1156
f 1164/1164/1164 1163/1163/1163 1149/1149/1149
f 1162/1162/1162 1161/1161/1161 1165/1165/1165
f 1166/1166/1166 1161/1161/1161 1159/1159/1159
f 1159/1159/1159 1158/1158/1158 1166/1166/1166
f 1166/1166/1166 1158/1158/1158 1167/1167/1167
f 1158/1158/1158 1168/1168/1168 1167/1167/1167
f 1168/1168/1168 1158/1158/1158 1155/1155/1155
f 1169/1169/1169 1168/1168/1168 1155/1155/1155
f 1154/1154/1154 1169/1169/1169 1155/1155/1155
f 1168/1168/1168 1169/1169/1169 1170/1170/1170
f 1171/1171/1171 1161/1161/1161 1166/1166/1166
f 1161/1161/1161 1171/1171/1171 1165/1165/1165
f 1172/1172/1172 1171/1171/1171 1166/1166/1166
f 1171/1171/1171 1173/1173/1173 1165/1165/1165
f 1167/1167/1167 1168/1168/1168 1174/1174/1174
f 1170/1170/1170 1174/1174/1174 1168/1168/1168
f 1170/1170/1170 1169/1169/1169 1175/1175/1175
f 1163/1163/1163 1176/1176/1176 1149/1149/1149
f 1149/1149/1149 1176/1176/1176 1137/1137/1137
f 1176/1176/1176 1142/1142/1142 1137/1137/1137
f 1179/1179/1179 1178/1178/1178 1177/1177/1177
f 1180/1180/1180 1179/1179/1179 1177/1177/1177
f 1178/1178/1178 1179/1179/1179 1181/1181/1181
f 1179/1179/1179 1182/1182/1182 1181/1181/1181
f 1181/1181/1181 1182/1182/1182 1183/1183/1183
f 1184/1184/1184 1181/1181/1181 1183/1183/1183
f 1185/1185/1185 1184/1184/1184 1183/1183/1183
f 1186/1186/1186 1180/1180/1180 1177/1177/1177
f 1187/1187/1187 1186/1186/1186 1177/1177/1177
f 1188/1188/1188 1184/1184/1184 1185/1185/1185
f 1191/1191/1191 1190/1190/1190 1189/1189/1189
f 1192/1192/1192 1191/1191/1191 1189/1189/1189
f 1193/1193/1193 1190/1190/1190 1191/1191/1191
f 1192/1192/1192 1189/1189/1189 1194/1194/1194
f 1195/1195/1195 1192/1192/1192 1194/1194/1194
f 1195/1195/1195 1194/1194/1194 1196/1196/1196
f 1194/1194/1194 1197/1197/1197 1196/1196/1196
f 1200/1200/1200 1199/1199/1199 1198/1198/1198
f 1199/1199/1199 1201/1201/1201 1198/1198/1198
f 1202/1202/1202 1201/1201/1201 1199/1199/1199
f 1203/1203/1203 1202/1202/1202 1199/1199/1199
f 1199/1199/1199 1204/1204/1204 1203/1203/1203
f 1204/1204/1204 1199/1199/1199 1200/1200/1200
f 1204/1204/1204 1205/1205/1205 1203/1203/1203
f 1198/1198/1198 1201/1201/1201 1206/1206/1206
f 1202/1202/1202 1207/1207/1207 1201/1201/1201
f 1207/1207/1207 1208/1208/1208 1201/1201/1201
f 1201/1201/1201 1208/1208/1208 1206/1206/1206
f 1208/1208/1208 1209/1209/1209 1206/1206/1206
f 1210/1210/1210 1207/1207/1207 1202/1202/1202
f 1205/1205/1205 1211/1211/1211 1203/1203/1203
f 1212/1212/1212 1209/1209/1209 1208/1208/1208
f 1213/1213/1213 1212/1212/1212 1208/1208/1208
f 1204/1204/1204 1214/1214/1214 1205/1205/1205
f 1204/1204/1204 1215/1215/1215 1214/1214/1214
f 1215/1215/1215 1204/1204/1204 1200/1200/1200
f 1215/1215/1215 1216/1216/1216 1214/1214/1214
f 1214/1214/1214 1217/1217/1217 1205/1205/1205
f 1211/1211/1211 1205/1205/1205 1217/1217/1217
f 1218/1218/1218 1202/1202/1202 1203/1203/1203
f 1211/1211/1211 1218/1218/1218 1203/1203/1203
f 1219/1219/1219 1207/1207/1207 1210/1210/1210
f 1208/1208/1208 1219/1219/1219 1213/1213/1213
f 1207/1207/1207 1219/1219/1219 1208/1208/1208
f 1202/1202/1202 1218/1218/1218 1210/1210/1210
f 1222/1222/1222 1221/1221/1221 1220/1220/1220
f 1221/1221/1221 1223/1223/1223 1220/1220/1220
f 1224/1224/1224 1221/1221/1221 1222/1222/1222
f 1225/1225/1225 1221/1221/1221 1224/1224/1224
f 1225/1225/1225 1226/1226/1226 1221/1221/1221
f 1226/1226/1226 1227/1227/1227 1221/1221/1221
f 1227/1227/1227 1226/1226/1226 1228/1228/1228
f 1231/1231/1231 1230/1230/1230 1229/1229/1229
f 1232/1232/1232 1231/1231/1231 1229/1229/1229
f 1231/1231/1231 1233/1233/1233 1230/1230/1230
f 1233/1233/1233 1234/1234/1234 1230/1230/1230
f 1235/1235/1235 1234/1234/1234 1233/1233/1233
f 1236/1236/1236 1235/1235/1235 1233/1233/1233
f 1236/1236/1236 1237/1237/1237 1235/1235/1235
f 1237/1237/1237 1238/1238/1238 1235/1235/1235
f 1239/1239/1239 1238/1238/1238 1237/1237/1237
f 1240/1240/1240 1239/1239/1239 1237/1237/1237
f 1239/1239/1239 1240/1240/1240 1241/1241/1241
f 1242/1242/1242 1239/1239/1239 1241/1241/1241
f 1240/1240/1240 1237/1237/1237 1243/1243/1243
f 1237/1237/1237 1236/1236/1236 1243/1243/1243
f 1242/1242/1242 1241/1241/1241 1244/1244/1244
f 1241/1241/1241 1245/1245/1245 1244/1244/1244
f 1245/1245/1245 1246/1246/1246 1244/1244/1244
f 1246/1246/1246 1247/1247/1247 1244/1244/1244
f 1250/1250/1250 1249/1249/1249 1248/1248/1248
f 1251/1251/1251 1250/1250/1250 1248/1248/1248
f 1250/1250/1250 1251/1251/1251 1252/1252/1252
f 1253/1253/1253 1248/1248/1248 1249/1249/1249
f 1254/1254/1254 1248/1248/1248 1253/1253/1253
f 1255/1255/1255 1248/1248/1248 1254/1254/1254
f 1248/1248/1248 1255/1255/1255 1256/1256/1256
f 1259/1259/1259 1258/1258/1258 1257/1257/1257
f 1260/1260/1260 1259/1259/1259 1257/1257/1257
f 1261/1261/1261 1260/1260/1260 1257/1257/1257
f 1262/1262/1262 1261/1261/1261 1257/1257/1257
f 1262/1262/1262 1257/1257/1257 1263/1263/1263
f 1258/1258/1258 1263/1263/1263 1257/1257/1257
f 1264/1264/1264 1262/1262/1262 1263/1263/1263
f 1264/1264/1264 1265/1265/1265 1262/1262/1262
f 1266/1266/1266 1264/1264/1264 1263/1263/1263
f 1266/1266/1266 1265/1265/1265 1264/1264/1264
f 1265/1265/1265 1266/1266/1266 1267/1267/1267
f 1267/1267/1267 1266/1266/1266 1268/1268/1268
f 1269/1269/1269 1265/1265/1265 1267/1267/1267
f 1270/1270/1270 1269/1269/1269 1267/1267/1267
f 1267/1267/1267 1268/1268/1268 1271/1271/1271
f 1267/1267/1267 1271/1271/1271 1270/1270/1270
f 1268/1268/1268 1272/1272/1272 1271/1271/1271
f 1273/1273/1273 1272/1272/1272 1268/1268/1268
f 1271/1271/1271 1274/1274/1274 1270/1270/1270
f 1270/1270/1270 1274/1274/1274 1275/1275/1275
f 1269/1269/1269 1261/1261/1261 1276/1276/1276
f 1262/1262/1262 1276/1276/1276 1261/1261/1261
f 1265/1265/1265 1269/1269/1269 1276/1276/1276
f 1262/1262/1262 1265/1265/1265 1276/1276/1276
f 1279/1279/1279 1278/1278/1278 1277/1277/1277
f 1278/1278/1278 1280/1280/1280 1277/1277/1277
f 1280/1280/1280 1281/1281/1281 1277/1277/1277
f 1281/1281/1281 1280/1280/1280 1282/1282/1282
f 1283/1283/1283 1281/1281/1281 1282/1282/1282
f 1286/1286/1286 1285/1285/1285 1284/1284/1284
f 1287/1287/1287 1286/1286/1286 1284/1284/1284
f 1288/1288/1288 1286/1286/1286 1287/1287/1287
f 1291/1291/1291 1290/1290/1290 1289/1289/1289
f 1292/1292/1292 1291/1291/1291 1289/1289/1289
f 1293/1293/1293 1290/1290/1290 1291/1291/1291
f 1294/1294/1294 1293/1293/1293 1291/1291/1291
f 1297/1297/1297 1296/1296/1296 1295/1295/1295
f 1300/1300/1300 1299/1299/1299 1298/1298/1298
f 1299/1299/1299 1301/1301/1301 1298/1298/1298
f 1300/1300/1300 1302/1302/1302 1299/1299/1299
f 1302/1302/1302 1303/1303/1303 1299/1299/1299
f 1306/1306/1306 1305/1305/1305 1304/1304/1304
f 1307/1307/1307 1306/1306/1306 1304/1304/1304
f 1304/1304/1304 1305/1305/1305 1308/1308/1308
f 1309/1309/1309 1304/1304/1304 1308/1308/1308
f 1309/1309/1309 1308/1308/1308 1310/1310/1310
f 1308/1308/1308 1311/1311/1311 1310/1310/1310
f 1311/1311/1311 1308/1308/1308 1305/1305/1305
f 1306/1306/1306 1311/1311/1311 1305/1305/1305
f 1314/1314/1314 1313/1313/1313 1312/1312/1312
f 1315/1315/1315 1314/1314/1314 1312/1312/1312
f 1314/1314/1314 1315/1315/1315 1316/1316/1316
f 1314/1314/1314 1316/1316/1316 1317/1317/1317
f 1316/1316/1316 1318/1318/1318 1317/1317/1317
f 1316/1316/1316 1319/1319/1319 1318/1318/1318
f 1319/1319/1319 1320/1320/1320 1318/1318/1318
f 1320/1320/1320 1321/1321/1321 1318/1318/1318
f 1321/1321/1321 1322/1322/1322 1318/1318/1318
f 1317/1317/1317 1318/1318/1318 1322/1322/1322
f 1325/1325/1325 1324/1324/1324 1323/1323/1323
f 1326/1326/1326 1325/1325/1325 1323/1323/1323
f 1327/1327/1327 1324/1324/1324 1325/1325/1325
f 1328/1328/1328 1327/1327/1327 1325/1325/1325
f 1329/1329/1329 1327/1327/1327 1328/1328/1328
f 1330/1330/1330 1329/1329/1329 1328/1328/1328
f 1329/1329/1329 1330/1330/1330 1331/1331/1331
f 1334/1334/1334 1333/1333/1333 1332/1332/1332
f 1335/1335/1335 1334/1334/1334 1332/1332/1332
f 1332/1332/1332 1333/1333/1333 1336/1336/1336
f 1333/1333/1333 1337/1337/1337 1336/1336/1336
f 1338/1338/1338 1336/1336/1336 1337/1337/1337
f 1339/1339/1339 1338/1338/1338 1337/1337/1337
f 1340/1340/1340 1334/1334/1334 1335/1335/1335
f 1341/1341/1341 1340/1340/1340 1335/1335/1335
f 1342/1342/1342 1341/1341/1341 1335/1335/1335
f 1342/1342/1342 1343/1343/1343 1341/1341/1341
f 1343/1343/1343 1344/1344/1344 1341/1341/1341
f 1347/1347/1347 1346/1346/1346 1345/1345/1345
f 1348/1348/1348 1347/1347/1347 1345/1345/1345
f 1345/1345/1345 1346/1346/1346 1349/1349/1349
f 1346/1346/1346 1350/1350/1350 1349/1349/1349
f 1353/1353/1353 1352/1352/1352 1351/1351/1351
f 1354/1354/1354 1352/1352/1352 1353/1353/1353
f 1355/1355/1355 1354/1354/1354 1353/1353/1353
f 1358/1358/1358 1357/1357/1357 1356/1356/1356
f 1359/1359/1359 1358/1358/1358 1356/1356/1356
f 1359/1359/1359 1356/1356/1356 1360/1360/1360
f 1356/1356/1356 1361/1361/1361 1360/1360/1360
f 1358/1358/1358 1362/1362/1362 1357/1357/1357
f 1358/1358/1358 1363/1363/1363 1362/1362/1362
f 1363/1363/1363 1364/1364/1364 1362/1362/1362
f 1364/1364/1364 1365/1365/1365 1362/1362/1362
f 1364/1364/1364 1366/1366/1366 1365/1365/1365
f 1365/1365/1365 1366/1366/1366 1367/1367/1367
f 1366/1366/1366 1368/1368/1368 1367/1367/1367
f 1368/1368/1368 1369/1369/1369 1367/1367/1367
f 1372/1372/1372 1371/1371/1371 1370/1370/1370
f 1372/1372/1372 1370/1370/1370 1373/1373/1373
f 1371/1371/1371 1374/1374/1374 1370/1370/1370
f 1375/1375/1375 1370/1370/1370 1374/1374/1374
f 1370/1370/1370 1375/1375/1375 1373/1373/1373
f 1376/1376/1376 1375/1375/1375 1374/1374/1374
f 1377/1377/1377 1376/1376/1376 1374/1374/1374
f 1378/1378/1378 1377/1377/1377 1374/1374/1374
f 1379/1379/1379 1377/1377/1377 1378/1378/1378
f 1380/1380/1380 1379/1379/1379 1378/1378/1378
f 1380/1380/1380 1378/1378/1378 1381/1381/1381
f 1381/1381/1381 1374/1374/1374 1371/1371/1371
f 1381/1381/1381 1378/1378/1378 1374/1374/1374
f 1382/1382/1382 1373/1373/1373 1375/1375/1375
f 1385/1385/1385 1384/1384/1384 1383/1383/1383
f 1386/1386/1386 1385/1385/1385 1383/1383/1383
f 1387/1387/1387 1386/1386/1386 1383/1383/1383
f 1388/1388/1388 1386/1386/1386 1387/1387/1387
f 1386/1386/1386 1388/1388/1388 1385/1385/1385
f 1388/1388/1388 1389/1389/1389 1385/1385/1385
f 1390/1390/1390 1385/1385/1385 1389/1389/1389
f 1384/1384/1384 1385/1385/1385 1390/1390/1390
f 1393/1393/1393 1392/1392/1392 1391/1391/1391
f 1393/1393/1393 1394/1394/1394 1392/1392/1392
f 1394/1394/1394 1395/1395/1395 1392/1392/1392
f 1394/1394/1394 1396/1396/1396 1395/1395/1395
f 1396/1396/1396 1397/1397/1397 1395/1395/1395
f 1397/1397/1397 1396/1396/1396 1398/1398/1398
f 1398/1398/1398 1399/1399/1399 1397/1397/1397
f 1396/1396/1396 1400/1400/1400 1398/1398/1398
f 1398/1398/1398 1400/1400/1400 1401/1401/1401
f 1401/1401/1401 1400/1400/1400 1402/1402/1402
f 1403/1403/1403 1401/1401/1401 1402/1402/1402
f 1404/1404/1404 1401/1401/1401 1403/1403/1403
f 1407/1407/1407 1406/1406/1406 1405/1405/1405
f 1408/1408/1408 1407/1407/1407 1405/1405/1405
f 1407/1407/1407 1408/1408/1408 1409/1409/1409
f 1410/1410/1410 1409/1409/1409 1408/1408/1408
f 1411/1411/1411 1410/1410/1410 1408/1408/1408
f 1412/1412/1412 1411/1411/1411 1408/1408/1408
f 1413/1413/1413 1411/1411/1411 1412/1412/1412
f 1416/1416/1416 1415/1415/1415 1414/1414/1414
f 1417/1417/1417 1416/1416/1416 1414/1414/1414
f 1415/1415/1415 1416/1416/1416 1418/1418/1418
f 1419/1419/1419 1415/1415/1415 1418/1418/1418
f 1420/1420/1420 1419/1419/1419 1418/1418/1418
f 1421/1421/1421 1420/1420/1420 1418/1418/1418
f 1416/1416/1416 1417/1417/1417 1422/1422/1422
f 1417/1417/1417 1423/1423/1423 1422/1422/1422
f 1423/1423/1423 1417/1417/1417 1424/1424/1424
f 1417/1417/1417 1425/1425/1425 1424/1424/1424
f 1426/1426/1426 1416/1416/1416 1422/1422/1422
f 1416/1416/1416 1426/1426/1426 1427/1427/1427
f 1418/1418/1418 1416/1416/1416 1427/1427/1427
f 1428/1428/1428 1418/1418/1418 1427/1427/1427
f 1428/1428/1428 1429/1429/1429 1418/1418/1418
f 1430/1430/1430 1418/1418/1418 1429/1429/1429
f 1418/1418/1418 1430/1430/1430 1421/1421/1421
f 1430/1430/1430 1431/1431/1431 1421/1421/1421
f 1432/1432/1432 1425/1425/1425 1417/1417/1417
f 1414/1414/1414 1432/1432/1432 1417/1417/1417
f 1431/1431/1431 1430/1430/1430 1433/1433/1433
f 1430/1430/1430 1429/1429/1429 1434/1434/1434
f 1429/1429/1429 1428/1428/1428 1435/1435/1435
f 1428/1428/1428 1427/1427/1427 1436/1436/1436
f 1427/1427/1427 1426/1426/1426 1437/1437/1437
f 1432/1432/1432 1414/1414/1414 1438/1438/1438
f 1439/1439/1439 1438/1438/1438 1414/1414/1414
f 1414/1414/1414 1415/1415/1415 1439/1439/1439
f 1415/1415/1415 1440/1440/1440 1439/1439/1439
f 1441/1441/1441 1440/1440/1440 1415/1415/1415
f 1419/1419/1419 1441/1441/1441 1415/1415/1415
f 1442/1442/1442 1441/1441/1441 1419/1419/1419
f 1420/1420/1420 1442/1442/1442 1419/1419/1419
f 1439/1439/1439 1440/1440/1440 1443/1443/1443
f 1438/1438/1438 1439/1439/1439 1443/1443/1443
f 1440/1440/1440 1444/1444/1444 1443/1443/1443
f 1440/1440/1440 1441/1441/1441 1444/1444/1444
f 1441/1441/1441 1445/1445/1445 1444/1444/1444
f 1446/1446/1446 1445/1445/1445 1441/1441/1441
f 1442/1442/1442 1446/1446/1446 1441/1441/1441
f 1438/1438/1438 1447/1447/1447 1432/1432/1432
f 1448/1448/1448 1447/1447/1447 1438/1438/1438
f 1426/1426/1426 1422/1422/1422 1449/1449/1449
f 1422/1422/1422 1423/1423/1423 1450/1450/1450
f 1423/1423/1423 1452/1452/1452 1451/1451/1451
f 1424/1424/1424 1452/1452/1452 1423/1423/1423
f 1455/1455/1455 1454/1454/1454 1453/1453/1453
f 1453/1453/1453 1456/1456/1456 1455/1455/1455
f 1457/1457/1457 1456/1456/1456 1453/1453/1453
f 1458/1458/1458 1457/1457/1457 1453/1453/1453
f 1459/1459/1459 1454/1454/1454 1455/1455/1455
f 1459/1459/1459 1455/1455/1455 1460/1460/1460
f 1461/1461/1461 1459/1459/1459 1460/1460/1460
f 1461/1461/1461 1460/1460/1460 1462/1462/1462
f 1465/1465/1465 1464/1464/1464 1463/1463/1463
f 1465/1465/1465 1466/1466/1466 1464/1464/1464
f 1463/1463/1463 1467/1467/1467 1465/1465/1465
f 1463/1463/1463 1468/1468/1468 1467/1467/1467
f 1471/1471/1471 1470/1470/1470 1469/1469/1469
f 1471/1471/1471 1469/1469/1469 1472/1472/1472
f 1475/1475/1475 1474/1474/1474 1473/1473/1473
f 1478/1478/1478 1477/1477/1477 1476/1476/1476
f 1481/1481/1481 1480/1480/1480 1479/1479/1479
f 1484/1484/1484 1483/1483/1483 1482/1482/1482
f 1487/1487/1487 1486/1486/1486 1485/1485/1485
f 1490/1490/1490 1489/1489/1489 1488/1488/1488
f 1493/1493/1493 1492/1492/1492 1491/1491/1491
f 1496/1496/1496 1495/1495/1495 1494/1494/1494
f 1499/1499/1499 1498/1498/1498 1497/1497/1497
f 1502/1502/1502 1501/1501/1501 1500/1500/1500
f 1505/1505/1505 1504/1504/1504 1503/1503/1503
f 1508/1508/1508 1507/1507/1507 1506/1506/1506
f 1511/1511/1511 1510/1510/1510 1509/1509/1509
f 1514/1514/1514 1513/1513/1513 1512/1512/1512
f 1515/1515/1515 1514/1514/1514 1512/1512/1512
f 1516/1516/1516 1513/1513/1513 1514/1514/1514
f 1517/1517/1517 1516/1516/1516 1514/1514/1514
f 1513/1513/1513 1516/1516/1516 1518/1518/1518
f 1512/1512/1512 1513/1513/1513 1518/1518/1518
f 1516/1516/1516 1519/1519/1519 1518/1518/1518
f 1520/1520/1520 1512/1512/1512 1518/1518/1518
f 1521/1521/1521 1520/1520/1520 1518/1518/1518
f 1524/1524/1524 1523/1523/1523 1522/1522/1522
f 1525/1525/1525 1524/1524/1524 1522/1522/1522
f 1524/1524/1524 1525/1525/1525 1526/1526/1526
f 1527/1527/1527 1524/1524/1524 1526/1526/1526
f 1524/1524/1524 1527/1527/1527 1528/1528/1528
f 1529/1529/1529 1524/1524/1524 1528/1528/1528
f 1524/1524/1524 1529/1529/1529 1530/1530/1530
f 1524/1524/1524 1530/1530/1530 1523/1523/1523
f 1530/1530/1530 1529/1529/1529 1531/1531/1531
f 1532/1532/1532 1530/1530/1530 1531/1531/1531
f 1532/1532/1532 1531/1531/1531 1533/1533/1533
f 1531/1531/1531 1534/1534/1534 1533/1533/1533
f 1534/1534/1534 1531/1531/1531 1535/1535/1535
f 1534/1534/1534 1535/1535/1535 1536/1536/1536
f 1535/1535/1535 1531/1531/1531 1537/1537/1537
f 1537/1537/1537 1531/1531/1531 1529/1529/1529
f 1528/1528/1528 1537/1537/1537 1529/1529/1529
f 1538/1538/1538 1535/1535/1535 1537/1537/1537
f 1532/1532/1532 1539/1539/1539 1530/1530/1530
f 1534/1534/1534 1536/1536/1536 1540/1540/1540
f 1536/1536/1536 1541/1541/1541 1540/1540/1540
f 1542/1542/1542 1540/1540/1540 1541/1541/1541
f 1543/1543/1543 1533/1533/1533 1534/1534/1534
f 1540/1540/1540 1543/1543/1543 1534/1534/1534
f 1533/1533/1533 1543/1543/1543 1544/1544/1544
f 1544/1544/1544 1539/1539/1539 1532/1532/1532
f 1533/1533/1533 1544/1544/1544 1532/1532/1532
f 1543/1543/1543 1545/1545/1545 1544/1544/1544
f 1546/1546/1546 1545/1545/1545 1543/1543/1543
f 1547/1547/1547 1546/1546/1546 1543/1543/1543
f 1540/1540/1540 1547/1547/1547 1543/1543/1543
f 1548/1548/1548 1546/1546/1546 1547/1547/1547
f 1540/1540/1540 1542/1542/1542 1549/1549/1549
f 1540/1540/1540 1549/1549/1549 1550/1550/1550
f 1540/1540/1540 1550/1550/1550 1547/1547/1547
f 1547/1547/1547 1550/1550/1550 1551/1551/1551
f 1550/1550/1550 1549/1549/1549 1552/1552/1552
f 1551/1551/1551 1550/1550/1550 1552/1552/1552
f 1552/1552/1552 1553/1553/1553 1551/1551/1551
f 1553/1553/1553 1554/1554/1554 1551/1551/1551
f 1553/1553/1553 1555/1555/1555 1554/1554/1554
f 1553/1553/1553 1552/1552/1552 1556/1556/1556
f 1552/1552/1552 1549/1549/1549 1556/1556/1556
f 1557/1557/1557 1547/1547/1547 1551/1551/1551
f 1548/1548/1548 1547/1547/1547 1557/1557/1557
f 1557/1557/1557 1551/1551/1551 1554/1554/1554
f 1555/1555/1555 1558/1558/1558 1554/1554/1554
f 1558/1558/1558 1557/1557/1557 1554/1554/1554
f 1544/1544/1544 1545/1545/1545 1559/1559/1559
f 1545/1545/1545 1560/1560/1560 1559/1559/1559
f 1545/1545/1545 1546/1546/1546 1561/1561/1561
f 1560/1560/1560 1545/1545/1545 1561/1561/1561
f 1548/1548/1548 1561/1561/1561 1546/1546/1546
f 1562/1562/1562 1560/1560/1560 1561/1561/1561
f 1563/1563/1563 1562/1562/1562 1561/1561/1561
f 1560/1560/1560 1562/1562/1562 1564/1564/1564
f 1559/1559/1559 1560/1560/1560 1564/1564/1564
f 1559/1559/1559 1564/1564/1564 1565/1565/1565
f 1565/1565/1565 1539/1539/1539 1559/1559/1559
f 1539/1539/1539 1544/1544/1544 1559/1559/1559
f 1565/1565/1565 1566/1566/1566 1539/1539/1539
f 1566/1566/1566 1530/1530/1530 1539/1539/1539
f 1530/1530/1530 1566/1566/1566 1567/1567/1567
f 1523/1523/1523 1530/1530/1530 1567/1567/1567
f 1566/1566/1566 1568/1568/1568 1567/1567/1567
f 1566/1566/1566 1569/1569/1569 1568/1568/1568
f 1566/1566/1566 1565/1565/1565 1569/1569/1569
f 1569/1569/1569 1570/1570/1570 1568/1568/1568
f 1564/1564/1564 1571/1571/1571 1565/1565/1565
f 1565/1565/1565 1571/1571/1571 1569/1569/1569
f 1574/1574/1574 1573/1573/1573 1572/1572/1572
f 1575/1575/1575 1574/1574/1574 1572/1572/1572
f 1574/1574/1574 1576/1576/1576 1573/1573/1573
f 1577/1577/1577 1574/1574/1574 1575/1575/1575
f 1578/1578/1578 1577/1577/1577 1575/1575/1575
f 1574/1574/1574 1577/1577/1577 1579/1579/1579
f 1576/1576/1576 1574/1574/1574 1579/1579/1579
f 1579/1579/1579 1577/1577/1577 1580/1580/1580
f 1577/1577/1577 1578/1578/1578 1581/1581/1581
f 1577/1577/1577 1581/1581/1581 1580/1580/1580
f 1578/1578/1578 1582/1582/1582 1581/1581/1581
f 1582/1582/1582 1583/1583/1583 1581/1581/1581
f 1576/1576/1576 1584/1584/1584 1573/1573/1573
f 1573/1573/1573 1584/1584/1584 1585/1585/1585
f 1588/1588/1588 1587/1587/1587 1586/1586/1586
f 1589/1589/1589 1588/1588/1588 1586/1586/1586
f 1586/1586/1586 1590/1590/1590 1589/1589/1589
f 1590/1590/1590 1586/1586/1586 1591/1591/1591
f 1590/1590/1590 1591/1591/1591 1592/1592/1592
f 1592/1592/1592 1591/1591/1591 1593/1593/1593
f 1592/1592/1592 1593/1593/1593 1594/1594/1594
f 1593/1593/1593 1595/1595/1595 1594/1594/1594
f 1598/1598/1598 1597/1597/1597 1596/1596/1596
f 1599/1599/1599 1598/1598/1598 1596/1596/1596
f 1597/1597/1597 1598/1598/1598 1600/1600/1600
f 1600/1600/1600 1601/1601/1601 1597/1597/1597
f 1601/1601/1601 1600/1600/1600 1602/1602/1602
f 1603/1603/1603 1601/1601/1601 1602/1602/1602
f 1602/1602/1602 1604/1604/1604 1603/1603/1603
f 1604/1604/1604 1605/1605/1605 1603/1603/1603
f 1605/1605/1605 1604/1604/1604 1606/1606/1606
f 1604/1604/1604 1607/1607/1607 1606/1606/1606
f 1598/1598/1598 1608/1608/1608 1600/1600/1600
f 1609/1609/1609 1607/1607/1607 1604/1604/1604
f 1610/1610/1610 1609/1609/1609 1604/1604/1604
f 1602/1602/1602 1610/1610/1610 1604/1604/1604
f 1610/1610/1610 1602/1602/1602 1611/1611/1611
f 1611/1611/1611 1602/1602/1602 1600/1600/1600
f 1608/1608/1608 1611/1611/1611 1600/1600/1600
f 1614/1614/1614 1613/1613/1613 1612/1612/1612
f 1615/1615/1615 1614/1614/1614 1612/1612/1612
f 1612/1612/1612 1616/1616/1616 1615/1615/1615
f 1615/1615/1615 1617/1617/1617 1614/1614/1614
f 1615/1615/1615 1616/1616/1616 1617/1617/1617
f 1614/1614/1614 1617/1617/1617 1618/1618/1618
f 1616/1616/1616 1612/1612/1612 1619/1619/1619
f 1619/1619/1619 1612/1612/1612 1620/1620/1620
f 1612/1612/1612 1621/1621/1621 1620/1620/1620
f 1613/1613/1613 1621/1621/1621 1612/1612/1612
f 1622/1622/1622 1616/1616/1616 1619/1619/1619
f 1620/1620/1620 1621/1621/1621 1623/1623/1623
f 1626/1626/1626 1625/1625/1625 1624/1624/1624
f 1627/1627/1627 1626/1626/1626 1624/1624/1624
f 1628/1628/1628 1627/1627/1627 1624/1624/1624
f 1628/1628/1628 1629/1629/1629 1627/1627/1627
f 1629/1629/1629 1630/1630/1630 1627/1627/1627
f 1625/1625/1625 1626/1626/1626 1631/1631/1631
f 1632/1632/1632 1625/1625/1625 1631/1631/1631
f 1633/1633/1633 1632/1632/1632 1631/1631/1631
f 1633/1633/1633 1634/1634/1634 1632/1632/1632
f 1634/1634/1634 1635/1635/1635 1632/1632/1632
f 1526/1526/1526 1525/1525/1525 1636/1636/1636
f 1639/1639/1639 1638/1638/1638 1637/1637/1637
f 1639/1639/1639 1637/1637/1637 1640/1640/1640
f 1643/1643/1643 1642/1642/1642 1641/1641/1641
f 1644/1644/1644 1642/1642/1642 1643/1643/1643
f 1645/1645/1645 1644/1644/1644 1643/1643/1643
f 1645/1645/1645 1646/1646/1646 1644/1644/1644
f 1646/1646/1646 1647/1647/1647 1644/1644/1644
f 1648/1648/1648 1647/1647/1647 1646/1646/1646
f 1649/1649/1649 1648/1648/1648 1646/1646/1646
f 1647/1647/1647 1650/1650/1650 1644/1644/1644
f 1650/1650/1650 1651/1651/1651 1644/1644/1644
f 1647/1647/1647 1652/1652/1652 1650/1650/1650
f 1647/1647/1647 1648/1648/1648 1652/1652/1652
f 1644/1644/1644 1651/1651/1651 1653/1653/1653
f 1642/1642/1642 1644/1644/1644 1653/1653/1653
f 1642/1642/1642 1653/1653/1653 1654/1654/1654
f 1642/1642/1642 1654/1654/1654 1641/1641/1641
f 1648/1648/1648 1649/1649/1649 1655/1655/1655
f 1656/1656/1656 1648/1648/1648 1655/1655/1655
f 1656/1656/1656 1657/1657/1657 1648/1648/1648
f 1658/1658/1658 1652/1652/1652 1648/1648/1648
f 1658/1658/1658 1648/1648/1648 1657/1657/1657
f 1658/1658/1658 1657/1657/1657 1659/1659/1659
f 1662/1662/1662 1661/1661/1661 1660/1660/1660
f 1663/1663/1663 1662/1662/1662 1660/1660/1660
f 1662/1662/1662 1663/1663/1663 1664/1664/1664
f 1663/1663/1663 1665/1665/1665 1664/1664/1664
f 1664/1664/1664 1665/1665/1665 1666/1666/1666
f 1667/1667/1667 1664/1664/1664 1666/1666/1666
f 1666/1666/1666 1668/1668/1668 1667/1667/1667
f 1668/1668/1668 1669/1669/1669 1667/1667/1667
f 1666/1666/1666 1670/1670/1670 1668/1668/1668
f 1670/1670/1670 1666/1666/1666 1665/1665/1665
f 1671/1671/1671 1670/1670/1670 1665/1665/1665
f 1671/1671/1671 1665/1665/1665 1663/1663/1663
f 1670/1670/1670 1672/1672/1672 1668/1668/1668
f 1673/1673/1673 1671/1671/1671 1663/1663/1663
f 1663/1663/1663 1660/1660/1660 1673/1673/1673
f 1660/1660/1660 1674/1674/1674 1673/1673/1673
f 1677/1677/1677 1676/1676/1676 1675/1675/1675
f 1677/1677/1677 1678/1678/1678 1676/1676/1676
f 1677/1677/1677 1679/1679/1679 1678/1678/1678
f 1680/1680/1680 1679/1679/1679 1677/1677/1677
f 1681/1681/1681 1680/1680/1680 1677/1677/1677
f 1682/1682/1682 1680/1680/1680 1681/1681/1681
f 1683/1683/1683 1682/1682/1682 1681/1681/1681
f 1683/1683/1683 1684/1684/1684 1682/1682/1682
f 1687/1687/1687 1686/1686/1686 1685/1685/1685
f 1688/1688/1688 1687/1687/1687 1685/1685/1685
f 1689/1689/1689 1688/1688/1688 1685/1685/1685
f 1690/1690/1690 1689/1689/1689 1685/1685/1685
f 1693/1693/1693 1692/1692/1692 1691/1691/1691
f 1696/1696/1696 1695/1695/1695 1694/1694/1694
f 1697/1697/1697 1696/1696/1696 1694/1694/1694
f 1695/1695/1695 1696/1696/1696 1698/1698/1698
f 1699/1699/1699 1695/1695/1695 1698/1698/1698
f 1700/1700/1700 1698/1698/1698 1696/1696/1696
f 1701/1701/1701 1700/1700/1700 1696/1696/1696
f 1696/1696/1696 1697/1697/1697 1701/1701/1701
f 1700/1700/1700 1701/1701/1701 1702/1702/1702
f 1701/1701/1701 1703/1703/1703 1702/1702/1702
f 1695/1695/1695 1699/1699/1699 1704/1704/1704
f 1705/1705/1705 1695/1695/1695 1704/1704/1704
f 1694/1694/1694 1695/1695/1695 1705/1705/1705
f 1706/1706/1706 1702/1702/1702 1703/1703/1703
f 1707/1707/1707 1706/1706/1706 1703/1703/1703
f 1708/1708/1708 1694/1694/1694 1705/1705/1705
f 1709/1709/1709 1707/1707/1707 1703/1703/1703
f 1710/1710/1710 1709/1709/1709 1703/1703/1703
f 1711/1711/1711 1710/1710/1710 1703/1703/1703
f 1701/1701/1701 1711/1711/1711 1703/1703/1703
f 1697/1697/1697 1712/1712/1712 1701/1701/1701
f 1715/1715/1715 1714/1714/1714 1713/1713/1713
f 1716/1716/1716 1715/1715/1715 1713/1713/1713
f 1715/1715/1715 1716/1716/1716 1717/1717/1717
f 1718/1718/1718 1715/1715/1715 1717/1717/1717
f 1714/1714/1714 1719/1719/1719 1713/1713/1713
f 1719/1719/1719 1720/1720/1720 1713/1713/1713
f 1717/1717/1717 1721/1721/1721 1718/1718/1718
f 1721/1721/1721 1722/1722/1722 1718/1718/1718
f 1720/1720/1720 1719/1719/1719 1723/1723/1723
f 1719/1719/1719 1724/1724/1724 1723/1723/1723
f 1727/1727/1727 1726/1726/1726 1725/1725/1725
f 1728/1728/1728 1727/1727/1727 1725/1725/1725
f 1729/1729/1729 1726/1726/1726 1727/1727/1727
f 1730/1730/1730 1729/1729/1729 1727/1727/1727
f 1733/1733/1733 1732/1732/1732 1731/1731/1731
f 1734/1734/1734 1733/1733/1733 1731/1731/1731
f 1737/1737/1737 1736/1736/1736 1735/1735/1735
f 1736/1736/1736 1737/1737/1737 1738/1738/1738
f 1738/1738/1738 1739/1739/1739 1736/1736/1736
f 1740/1740/1740 1735/1735/1735 1736/1736/1736
f 1741/1741/1741 1740/1740/1740 1736/1736/1736
f 1737/1737/1737 1735/1735/1735 1742/1742/1742
f 1737/1737/1737 1742/1742/1742 1743/1743/1743
f 1744/1744/1744 1737/1737/1737 1743/1743/1743
f 1744/1744/1744 1738/1738/1738 1737/1737/1737
f 1745/1745/1745 1744/1744/1744 1743/1743/1743
f 1746/1746/1746 1745/1745/1745 1743/1743/1743
f 1749/1749/1749 1748/1748/1748 1747/1747/1747
f 1750/1750/1750 1748/1748/1748 1749/1749/1749
f 1750/1750/1750 1751/1751/1751 1748/1748/1748
f 1748/1748/1748 1751/1751/1751 1752/1752/1752
f 1751/1751/1751 1753/1753/1753 1752/1752/1752
f 1753/1753/1753 1754/1754/1754 1752/1752/1752
f 1749/1749/1749 1747/1747/1747 1755/1755/1755
f 1756/1756/1756 1755/1755/1755 1747/1747/1747
f 1756/1756/1756 1757/1757/1757 1755/1755/1755
f 1758/1758/1758 1757/1757/1757 1756/1756/1756
f 1759/1759/1759 1758/1758/1758 1756/1756/1756
f 1760/1760/1760 1758/1758/1758 1759/1759/1759
f 1761/1761/1761 1760/1760/1760 1759/1759/1759
f 1762/1762/1762 1760/1760/1760 1761/1761/1761
f 1765/1765/1765 1764/1764/1764 1763/1763/1763
f 1764/1764/1764 1766/1766/1766 1763/1763/1763
f 1766/1766/1766 1767/1767/1767 1763/1763/1763
f 1767/1767/1767 1766/1766/1766 1768/1768/1768
f 1765/1765/1765 1769/1769/1769 1764/1764/1764
f 1772/1772/1772 1771/1771/1771 1770/1770/1770
f 1773/1773/1773 1772/1772/1772 1770/1770/1770
f 1771/1771/1771 1772/1772/1772 1774/1774/1774
f 1772/1772/1772 1775/1775/1775 1774/1774/1774
f 1778/1778/1778 1777/1777/1777 1776/1776/1776
f 1779/1779/1779 1778/1778/1778 1776/1776/1776
f 1782/1782/1782 1781/1781/1781 1780/1780/1780
f 1782/1782/1782 1780/1780/1780 1783/1783/1783
f 1780/1780/1780 1784/1784/1784 1783/1783/1783
f 1784/1784/1784 1780/1780/1780 1785/1785/1785
f 1780/1780/1780 1786/1786/1786 1785/1785/1785
f 1781/1781/1781 1786/1786/1786 1780/1780/1780
f 1786/1786/1786 1787/1787/1787 1785/1785/1785
f 1785/1785/1785 1787/1787/1787 1788/1788/1788
f 1789/1789/1789 1785/1785/1785 1788/1788/1788
f 1790/1790/1790 1785/1785/1785 1789/1789/1789
f 1790/1790/1790 1784/1784/1784 1785/1785/1785
f 1791/1791/1791 1786/1786/1786 1781/1781/1781
f 1781/1781/1781 1792/1792/1792 1791/1791/1791
f 1795/1795/1795 1794/1794/1794 1793/1793/1793
f 1796/1796/1796 1795/1795/1795 1793/1793/1793
f 1797/1797/1797 1793/1793/1793 1794/1794/1794
f 1794/1794/1794 1795/1795/1795 1798/1798/1798
f 1799/1799/1799 1794/1794/1794 1798/1798/1798
f 1793/1793/1793 1797/1797/1797 1800/1800/1800
f 1801/1801/1801 1793/1793/1793 1800/1800/1800
f 1804/1804/1804 1803/1803/1803 1802/1802/1802
f 1805/1805/1805 1804/1804/1804 1802/1802/1802
f 1802/1802/1802 1803/1803/1803 1806/1806/1806
f 1807/1807/1807 1802/1802/1802 1806/1806/1806
f 1807/1807/1807 1808/1808/1808 1802/1802/1802
f 1808/1808/1808 1809/1809/1809 1802/1802/1802
f 1809/1809/1809 1805/1805/1805 1802/1802/1802
f 1805/1805/1805 1810/1810/1810 1804/1804/1804
f 1810/1810/1810 1811/1811/1811 1804/1804/1804
f 1804/1804/1804 1811/1811/1811 1812/1812/1812
f 1811/1811/1811 1813/1813/1813 1812/1812/1812
f 1813/1813/1813 1811/1811/1811 1814/1814/1814
f 1815/1815/1815 1813/1813/1813 1814/1814/1814
f 1816/1816/1816 1814/1814/1814 1811/1811/1811
f 1810/1810/1810 1816/1816/1816 1811/1811/1811
f 1813/1813/1813 1817/1817/1817 1812/1812/1812
f 1817/1817/1817 1813/1813/1813 1815/1815/1815
f 1817/1817/1817 1815/1815/1815 1818/1818/1818
f 1817/1817/1817 1819/1819/1819 1812/1812/1812
f 1816/1816/1816 1810/1810/1810 1820/1820/1820
f 1821/1821/1821 1816/1816/1816 1820/1820/1820
f 1819/1819/1819 1822/1822/1822 1812/1812/1812
f 1823/1823/1823 1812/1812/1812 1822/1822/1822
f 1824/1824/1824 1823/1823/1823 1822/1822/1822
f 1812/1812/1812 1823/1823/1823 1804/1804/1804
f 1823/1823/1823 1803/1803/1803 1804/1804/1804
f 1803/1803/1803 1823/1823/1823 1824/1824/1824
f 1806/1806/1806 1803/1803/1803 1824/1824/1824
f 1820/1820/1820 1810/1810/1810 1825/1825/1825
f 1810/1810/1810 1805/1805/1805 1825/1825/1825
f 1805/1805/1805 1809/1809/1809 1825/1825/1825
f 1828/1828/1828 1827/1827/1827 1826/1826/1826
f 1828/1828/1828 1829/1829/1829 1827/1827/1827
f 1829/1829/1829 1828/1828/1828 1830/1830/1830
f 1831/1831/1831 1829/1829/1829 1830/1830/1830
f 1831/1831/1831 1830/1830/1830 1832/1832/1832
f 1830/1830/1830 1833/1833/1833 1832/1832/1832
f 1832/1832/1832 1833/1833/1833 1834/1834/1834
f 1833/1833/1833 1835/1835/1835 1834/1834/1834
f 1838/1838/1838 1837/1837/1837 1836/1836/1836
f 1839/1839/1839 1838/1838/1838 1836/1836/1836
f 1836/1836/1836 1840/1840/1840 1839/1839/1839
f 1840/1840/1840 1841/1841/1841 1839/1839/1839
f 1842/1842/1842 1841/1841/1841 1840/1840/1840
f 1841/1841/1841 1842/1842/1842 1843/1843/1843
f 1844/1844/1844 1842/1842/1842 1840/1840/1840
f 1847/1847/1847 1846/1846/1846 1845/1845/1845
f 1847/1847/1847 1848/1848/1848 1846/1846/1846
f 1848/1848/1848 1847/1847/1847 1849/1849/1849
f 1850/1850/1850 1848/1848/1848 1849/1849/1849
f 1849/1849/1849 1851/1851/1851 1850/1850/1850
f 1851/1851/1851 1852/1852/1852 1850/1850/1850
f 1853/1853/1853 1852/1852/1852 1851/1851/1851
f 1856/1856/1856 1855/1855/1855 1854/1854/1854
f 1857/1857/1857 1856/1856/1856 1854/1854/1854
f 1855/1855/1855 1858/1858/1858 1854/1854/1854
f 1858/1858/1858 1859/1859/1859 1854/1854/1854
f 1857/1857/1857 1860/1860/1860 1856/1856/1856
f 1860/1860/1860 1861/1861/1861 1856/1856/1856
f 1861/1861/1861 1860/1860/1860 1862/1862/1862
f 1863/1863/1863 1861/1861/1861 1862/1862/1862
f 1864/1864/1864 1863/1863/1863 1862/1862/1862
f 1865/1865/1865 1864/1864/1864 1862/1862/1862
f 1868/1868/1868 1867/1867/1867 1866/1866/1866
f 1869/1869/1869 1868/1868/1868 1866/1866/1866
f 1867/1867/1867 1868/1868/1868 1870/1870/1870
f 1871/1871/1871 1867/1867/1867 1870/1870/1870
f 1870/1870/1870 1872/1872/1872 1871/1871/1871
f 1872/1872/1872 1873/1873/1873 1871/1871/1871
f 1866/1866/1866 1874/1874/1874 1869/1869/1869
f 1874/1874/1874 1875/1875/1875 1869/1869/1869
f 1878/1878/1878 1877/1877/1877 1876/1876/1876
f 1879/1879/1879 1878/1878/1878 1876/1876/1876
f 1876/1876/1876 1877/1877/1877 1880/1880/1880
f 1877/1877/1877 1881/1881/1881 1880/1880/1880
f 1882/1882/1882 1880/1880/1880 1881/1881/1881
f 1883/1883/1883 1882/1882/1882 1881/1881/1881
f 1884/1884/1884 1882/1882/1882 1883/1883/1883
f 1887/1887/1887 1886/1886/1886 1885/1885/1885
f 1886/1886/1886 1887/1887/1887 1888/1888/1888
f 1889/1889/1889 1886/1886/1886 1888/1888/1888
f 1889/1889/1889 1888/1888/1888 1890/1890/1890
f 1891/1891/1891 1889/1889/1889 1890/1890/1890
f 1894/1894/1894 1893/1893/1893 1892/1892/1892
f 1895/1895/1895 1893/1893/1893 1894/1894/1894
f 1898/1898/1898 1897/1897/1897 1896/1896/1896
f 1899/1899/1899 1898/1898/1898 1896/1896/1896
f 1902/1902/1902 1901/1901/1901 1900/1900/1900
f 1902/1902/1902 1903/1903/1903 1901/1901/1901
f 1903/1903/1903 1904/1904/1904 1901/1901/1901
f 1905/1905/1905 1904/1904/1904 1903/1903/1903
f 1906/1906/1906 1905/1905/1905 1903/1903/1903
f 1907/1907/1907 1906/1906/1906 1903/1903/1903
f 1903/1903/1903 1908/1908/1908 1907/1907/1907
f 1905/1905/1905 1909/1909/1909 1904/1904/1904
f 1912/1912/1912 1911/1911/1911 1910/1910/1910
f 1915/1915/1915 1914/1914/1914 1913/1913/1913
f 1916/1916/1916 1915/1915/1915 1913/1913/1913
f 1919/1919/1919 1918/1918/1918 1917/1917/1917
f 1918/1918/1918 1920/1920/1920 1917/1917/1917
f 1923/1923/1923 1922/1922/1922 1921/1921/1921
f 1924/1924/1924 1923/1923/1923 1921/1921/1921
f 1927/1927/1927 1926/1926/1926 1925/1925/1925
f 1928/1928/1928 1927/1927/1927 1925/1925/1925
f 1931/1931/1931 1930/1930/1930 1929/1929/1929
f 1932/1932/1932 1931/1931/1931 1929/1929/1929
f 1933/1933/1933 1932/1932/1932 1929/1929/1929
f 1936/1936/1936 1935/1935/1935 1934/1934/1934
f 1935/1935/1935 1936/1936/1936 1937/1937/1937
f 1936/1936/1936 1938/1938/1938 1937/1937/1937
f 1941/1941/1941 1940/1940/1940 1939/1939/1939
f 1942/1942/1942 1941/1941/1941 1939/1939/1939
f 1945/1945/1945 1944/1944/1944 1943/1943/1943
f 1946/1946/1946 1945/1945/1945 1943/1943/1943
f 1949/1949/1949 1948/1948/1948 1947/1947/1947
f 1950/1950/1950 1949/1949/1949 1947/1947/1947
f 1953/1953/1953 1952/1952/1952 1951/1951/1951
f 1954/1954/1954 1953/1953/1953 1951/1951/1951
f 1957/1957/1957 1956/1956/1956 1955/1955/1955
f 1958/1958/1958 1957/1957/1957 1955/1955/1955
f 1955/1955/1955 1959/1959/1959 1958/1958/1958
f 1962/1962/1962 1961/1961/1961 1960/1960/1960
f 1963/1963/1963 1962/1962/1962 1960/1960/1960
f 1966/1966/1966 1965/1965/1965 1964/1964/1964
f 1967/1967/1967 1966/1966/1966 1964/1964/1964
f 1970/1970/1970 1969/1969/1969 1968/1968/1968
f 1971/1971/1971 1970/1970/1970 1968/1968/1968
f 1968/1968/1968 1972/1972/1972 1971/1971/1971
f 1972/1972/1972 1973/1973/1973 1971/1971/1971
f 1970/1970/1970 1971/1971/1971 1974/1974/1974
f 1974/1974/1974 1971/1971/1971 1973/1973/1973
f 1975/1975/1975 1970/1970/1970 1974/1974/1974
f 1970/1970/1970 1975/1975/1975 1976/1976/1976
f 1977/1977/1977 1970/1970/1970 1976/1976/1976
f 1978/1978/1978 1974/1974/1974 1973/1973/1973
f 1977/1977/1977 1979/1979/1979 1970/1970/1970
f 1970/1970/1970 1979/1979/1979 1980/1980/1980
f 1983/1983/1983 1982/1982/1982 1981/1981/1981
f 1984/1984/1984 1982/1982/1982 1983/1983/1983
f 1984/1984/1984 1985/1985/1985 1982/1982/1982
f 1985/1985/1985 1986/1986/1986 1982/1982/1982
f 1986/1986/1986 1987/1987/1987 1982/1982/1982
f 1987/1987/1987 1988/1988/1988 1982/1982/1982
f 1982/1982/1982 1988/1988/1988 1989/1989/1989
f 1988/1988/1988 1990/1990/1990 1989/1989/1989
f 1987/1987/1987 1991/1991/1991 1988/1988/1988
f 1991/1991/1991 1992/1992/1992 1988/1988/1988
f 1990/1990/1990 1988/1988/1988 1992/1992/1992
f 1993/1993/1993 1990/1990/1990 1992/1992/1992
f 1996/1996/1996 1995/1995/1995 1994/1994/1994
f 1997/1997/1997 1996/1996/1996 1994/1994/1994
f 1997/1997/1997 1998/1998/1998 1996/1996/1996
f 1998/1998/1998 1999/1999/1999 1996/1996/1996
f 2002/2002/2002 2001/2001/2001 2000/2000/2000
f 2003/2003/2003 2002/2002/2002 2000/2000/2000
f 2006/2006/2006 2005/2005/2005 2004/2004/2004
f 2007/2007/2007 2006/2006/2006 2004/2004/2004
f 2010/2010/2010 2009/2009/2009 2008/2008/2008
f 2011/2011/2011 2010/2010/2010 2008/2008/2008
f 2014/2014/2014 2013/2013/2013 2012/2012/2012
f 2015/2015/2015 2014/2014/2014 2012/2012/2012
f 2018/2018/2018 2017/2017/2017 2016/2016/2016
f 2019/2019/2019 2018/2018/2018 2016/2016/2016
f 2017/2017/2017 2018/2018/2018 2020/2020/2020
f 2021/2021/2021 2017/2017/2017 2020/2020/2020
f 2024/2024/2024 2023/2023/2023 2022/2022/2022
f 2025/2025/2025 2024/2024/2024 2022/2022/2022
f 2024/2024/2024 2026/2026/2026 2023/2023/2023
f 2026/2026/2026 2027/2027/2027 2023/2023/2023
f 2030/2030/2030 2029/2029/2029 2028/2028/2028
f 2031/2031/2031 2030/2030/2030 2028/2028/2028
f 2030/2030/2030 2032/2032/2032 2029/2029/2029
f 2032/2032/2032 2033/2033/2033 2029/2029/2029
f 2036/2036/2036 2035/2035/2035 2034/2034/2034
f 2037/2037/2037 2036/2036/2036 2034/2034/2034
f 2040/2040/2040 2039/2039/2039 2038/2038/2038
f 2041/2041/2041 2040/2040/2040 2038/2038/2038
f 2044/2044/2044 2043/2043/2043 2042/2042/2042
f 2045/2045/2045 2044/2044/2044 2042/2042/2042
f 2043/2043/2043 2046/2046/2046 2042/2042/2042
f 2046/2046/2046 2047/2047/2047 2042/2042/2042
f 2047/2047/2047 2046/2046/2046 2048/2048/2048
f 2046/2046/2046 2049/2049/2049 2048/2048/2048
f 2048/2048/2048 2049/2049/2049 2050/2050/2050
f 2049/2049/2049 2051/2051/2051 2050/2050/2050
f 2050/2050/2050 2051/2051/2051 2052/2052/2052
f 2051/2051/2051 2053/2053/2053 2052/2052/2052
f 2054/2054/2054 2052/2052/2052 2053/2053/2053
f 2055/2055/2055 2054/2054/2054 2053/2053/2053
f 2056/2056/2056 2044/2044/2044 2045/2045/2045
f 2057/2057/2057 2054/2054/2054 2055/2055/2055
f 2060/2060/2060 2059/2059/2059 2058/2058/2058
f 2060/2060/2060 2061/2061/2061 2059/2059/2059
f 2062/2062/2062 2060/2060/2060 2058/2058/2058
f 2061/2061/2061 2060/2060/2060 2063/2063/2063
f 2066/2066/2066 2065/2065/2065 2064/2064/2064
f 2067/2067/2067 2066/2066/2066 2064/2064/2064
f 2070/2070/2070 2069/2069/2069 2068/2068/2068
f 2071/2071/2071 2070/2070/2070 2068/2068/2068
f 2074/2074/2074 2073/2073/2073 2072/2072/2072
f 2075/2075/2075 2074/2074/2074 2072/2072/2072
f 2078/2078/2078 2077/2077/2077 2076/2076/2076
f 2079/2079/2079 2078/2078/2078 2076/2076/2076
f 2082/2082/2082 2081/2081/2081 2080/2080/2080
f 2083/2083/2083 2082/2082/2082 2080/2080/2080
f 2086/2086/2086 2085/2085/2085 2084/2084/2084
f 2087/2087/2087 2086/2086/2086 2084/2084/2084
f 2090/2090/2090 2089/2089/2089 2088/2088/2088
f 2091/2091/2091 2090/2090/2090 2088/2088/2088
f 2094/2094/2094 2093/2093/2093 2092/2092/2092
f 2093/2093/2093 2095/2095/2095 2092/2092/2092
f 2095/2095/2095 2096/2096/2096 2092/2092/2092
f 2097/2097/2097 2096/2096/2096 2095/2095/2095
f 2098/2098/2098 2097/2097/2097 2095/2095/2095
f 2095/2095/2095 2093/2093/2093 2099/2099/2099
f 2093/2093/2093 2100/2100/2100 2099/2099/2099
f 2101/2101/2101 2098/2098/2098 2095/2095/2095
f 2099/2099/2099 2101/2101/2101 2095/2095/2095
f 2104/2104/2104 2103/2103/2103 2102/2102/2102
f 2104/2104/2104 2102/2102/2102 2105/2105/2105
f 2106/2106/2106 2104/2104/2104 2105/2105/2105
f 2105/2105/2105 2107/2107/2107 2106/2106/2106
f 2107/2107/2107 2108/2108/2108 2106/2106/2106
f 2104/2104/2104 2106/2106/2106 2109/2109/2109
f 2106/2106/2106 2110/2110/2110 2109/2109/2109
f 2106/2106/2106 2108/2108/2108 2110/2110/2110
f 2108/2108/2108 2111/2111/2111 2110/2110/2110
f 2114/2114/2114 2113/2113/2113 2112/2112/2112
f 2115/2115/2115 2114/2114/2114 2112/2112/2112
f 2113/2113/2113 2114/2114/2114 2116/2116/2116
f 2117/2117/2117 2113/2113/2113 2116/2116/2116
f 2120/2120/2120 2119/2119/2119 2118/2118/2118
f 2120/2120/2120 2121/2121/2121 2119/2119/2119
f 2120/2120/2120 2122/2122/2122 2121/2121/2121
f 2120/2120/2120 2123/2123/2123 2122/2122/2122
f 2122/2122/2122 2123/2123/2123 2124/2124/2124
f 2123/2123/2123 2125/2125/2125 2124/2124/2124
f 2128/2128/2128 2127/2127/2127 2126/2126/2126
f 2128/2128/2128 2129/2129/2129 2127/2127/2127
f 2129/2129/2129 2130/2130/2130 2127/2127/2127
f 2128/2128/2128 2126/2126/2126 2131/2131/2131
f 2128/2128/2128 2131/2131/2131 2132/2132/2132
f 2135/2135/2135 2134/2134/2134 2133/2133/2133
f 2136/2136/2136 2135/2135/2135 2133/2133/2133
f 2136/2136/2136 2137/2137/2137 2135/2135/2135
f 2137/2137/2137 2138/2138/2138 2135/2135/2135
f 2141/2141/2141 2140/2140/2140 2139/2139/2139
f 2142/2142/2142 2140/2140/2140 2141/2141/2141
f 2143/2143/2143 2140/2140/2140 2142/2142/2142
f 2144/2144/2144 2140/2140/2140 2143/2143/2143
f 2144/2144/2144 2143/2143/2143 2145/2145/2145
f 2146/2146/2146 2144/2144/2144 2145/2145/2145
f 2149/2149/2149 2148/2148/2148 2147/2147/2147
f 2150/2150/2150 2148/2148/2148 2149/2149/2149
f 2151/2151/2151 2150/2150/2150 2149/2149/2149
f 2147/2147/2147 2148/2148/2148 2152/2152/2152
f 2152/2152/2152 2148/2148/2148 2153/2153/2153
f 2156/2156/2156 2155/2155/2155 2154/2154/2154
f 2155/2155/2155 2156/2156/2156 2157/2157/2157
f 2156/2156/2156 2158/2158/2158 2157/2157/2157
f 2159/2159/2159 2158/2158/2158 2156/2156/2156
f 2160/2160/2160 2159/2159/2159 2156/2156/2156
f 2158/2158/2158 2159/2159/2159 2161/2161/2161
f 2161/2161/2161 2162/2162/2162 2158/2158/2158
f 2159/2159/2159 2163/2163/2163 2161/2161/2161
f 2163/2163/2163 2159/2159/2159 2164/2164/2164
f 2160/2160/2160 2164/2164/2164 2159/2159/2159
f 2165/2165/2165 2163/2163/2163 2164/2164/2164
f 2156/2156/2156 2154/2154/2154 2166/2166/2166
f 2166/2166/2166 2160/2160/2160 2156/2156/2156
f 2169/2169/2169 2168/2168/2168 2167/2167/2167
f 2170/2170/2170 2168/2168/2168 2169/2169/2169
f 2171/2171/2171 2170/2170/2170 2169/2169/2169
f 2168/2168/2168 2172/2172/2172 2167/2167/2167
f 2168/2168/2168 2170/2170/2170 2172/2172/2172
f 2170/2170/2170 2173/2173/2173 2172/2172/2172
f 2174/2174/2174 2172/2172/2172 2173/2173/2173
f 2173/2173/2173 2170/2170/2170 2175/2175/2175
f 2170/2170/2170 2176/2176/2176 2175/2175/2175
f 2177/2177/2177 2176/2176/2176 2170/2170/2170
f 2175/2175/2175 2178/2178/2178 2173/2173/2173
f 2178/2178/2178 2179/2179/2179 2173/2173/2173
f 2179/2179/2179 2174/2174/2174 2173/2173/2173
f 2167/2167/2167 2172/2172/2172 2180/2180/2180
f 2174/2174/2174 2180/2180/2180 2172/2172/2172
f 2183/2183/2183 2182/2182/2182 2181/2181/2181
f 2184/2184/2184 2183/2183/2183 2181/2181/2181
f 2183/2183/2183 2185/2185/2185 2182/2182/2182
f 2182/2182/2182 2185/2185/2185 2186/2186/2186
f 2182/2182/2182 2186/2186/2186 2181/2181/2181
f 2185/2185/2185 2187/2187/2187 2186/2186/2186
f 2187/2187/2187 2188/2188/2188 2186/2186/2186
f 2186/2186/2186 2189/2189/2189 2181/2181/2181
f 2189/2189/2189 2186/2186/2186 2188/2188/2188
f 2190/2190/2190 2189/2189/2189 2188/2188/2188
f 2190/2190/2190 2188/2188/2188 2191/2191/2191
f 2188/2188/2188 2192/2192/2192 2191/2191/2191
f 2188/2188/2188 2193/2193/2193 2192/2192/2192
f 2194/2194/2194 2193/2193/2193 2188/2188/2188
f 2187/2187/2187 2194/2194/2194 2188/2188/2188
f 2197/2197/2197 2196/2196/2196 2195/2195/2195
f 2198/2198/2198 2197/2197/2197 2195/2195/2195
f 2198/2198/2198 2199/2199/2199 2197/2197/2197
f 2199/2199/2199 2200/2200/2200 2197/2197/2197
f 2197/2197/2197 2200/2200/2200 2201/2201/2201
f 2197/2197/2197 2201/2201/2201 2202/2202/2202
f 2196/2196/2196 2197/2197/2197 2202/2202/2202
f 2205/2205/2205 2204/2204/2204 2203/2203/2203
f 2206/2206/2206 2205/2205/2205 2203/2203/2203
f 2207/2207/2207 2203/2203/2203 2204/2204/2204
f 2208/2208/2208 2207/2207/2207 2204/2204/2204
f 2211/2211/2211 2210/2210/2210 2209/2209/2209
f 2212/2212/2212 2209/2209/2209 2210/2210/2210
f 2213/2213/2213 2212/2212/2212 2210/2210/2210
f 2214/2214/2214 2209/2209/2209 2212/2212/2212
f 2215/2215/2215 2211/2211/2211 2209/2209/2209
f 2214/2214/2214 2215/2215/2215 2209/2209/2209
f 2212/2212/2212 2213/2213/2213 2216/2216/2216
f 2215/2215/2215 2217/2217/2217 2211/2211/2211
f 2215/2215/2215 2214/2214/2214 2218/2218/2218
f 2215/2215/2215 2218/2218/2218 2219/2219/2219
f 2215/2215/2215 2219/2219/2219 2220/2220/2220
f 2215/2215/2215 2220/2220/2220 2217/2217/2217
f 2219/2219/2219 2221/2221/2221 2220/2220/2220
f 2222/2222/2222 2218/2218/2218 2214/2214/2214
f 2223/2223/2223 2222/2222/2222 2214/2214/2214
f 2214/2214/2214 2212/2212/2212 2223/2223/2223
f 2212/2212/2212 2224/2224/2224 2223/2223/2223
f 2224/2224/2224 2212/2212/2212 2216/2216/2216
f 2220/2220/2220 2221/2221/2221 2225/2225/2225
f 2221/2221/2221 2226/2226/2226 2225/2225/2225
f 2217/2217/2217 2220/2220/2220 2227/2227/2227
f 2220/2220/2220 2228/2228/2228 2227/2227/2227
f 2228/2228/2228 2220/2220/2220 2225/2225/2225
f 2229/2229/2229 2228/2228/2228 2225/2225/2225
f 2224/2224/2224 2230/2230/2230 2223/2223/2223
f 2231/2231/2231 2223/2223/2223 2230/2230/2230
f 2222/2222/2222 2223/2223/2223 2231/2231/2231
f 2222/2222/2222 2231/2231/2231 2232/2232/2232
f 2232/2232/2232 2231/2231/2231 2233/2233/2233
f 2230/2230/2230 2224/2224/2224 2234/2234/2234
f 2235/2235/2235 2234/2234/2234 2224/2224/2224
f 2230/2230/2230 2236/2236/2236 2231/2231/2231
f 2237/2237/2237 2231/2231/2231 2236/2236/2236
f 2236/2236/2236 2238/2238/2238 2237/2237/2237
f 2230/2230/2230 2238/2238/2238 2236/2236/2236
f 2238/2238/2238 2239/2239/2239 2237/2237/2237
f 2238/2238/2238 2230/2230/2230 2240/2240/2240
f 2240/2240/2240 2230/2230/2230 2234/2234/2234
f 2241/2241/2241 2237/2237/2237 2239/2239/2239
f 2241/2241/2241 2242/2242/2242 2237/2237/2237
f 2237/2237/2237 2242/2242/2242 2243/2243/2243
f 2231/2231/2231 2237/2237/2237 2243/2243/2243
f 2231/2231/2231 2243/2243/2243 2233/2233/2233
f 2246/2246/2246 2245/2245/2245 2244/2244/2244
f 2247/2247/2247 2246/2246/2246 2244/2244/2244
f 2246/2246/2246 2247/2247/2247 2248/2248/2248
f 2247/2247/2247 2249/2249/2249 2248/2248/2248
f 2250/2250/2250 2249/2249/2249 2247/2247/2247
f 2251/2251/2251 2250/2250/2250 2247/2247/2247
f 2252/2252/2252 2251/2251/2251 2247/2247/2247
f 2244/2244/2244 2252/2252/2252 2247/2247/2247
f 2253/2253/2253 2244/2244/2244 2245/2245/2245
f 2244/2244/2244 2253/2253/2253 2254/2254/2254
f 2255/2255/2255 2244/2244/2244 2254/2254/2254
f 2256/2256/2256 2253/2253/2253 2245/2245/2245
f 2245/2245/2245 2257/2257/2257 2256/2256/2256
f 2258/2258/2258 2257/2257/2257 2245/2245/2245
f 2259/2259/2259 2258/2258/2258 2245/2245/2245
f 2246/2246/2246 2259/2259/2259 2245/2245/2245
f 2246/2246/2246 2248/2248/2248 2259/2259/2259
f 2258/2258/2258 2259/2259/2259 2260/2260/2260
f 2261/2261/2261 2258/2258/2258 2260/2260/2260
f 2257/2257/2257 2262/2262/2262 2256/2256/2256
f 2259/2259/2259 2263/2263/2263 2260/2260/2260
f 2263/2263/2263 2259/2259/2259 2248/2248/2248
f 2263/2263/2263 2264/2264/2264 2260/2260/2260
f 2252/2252/2252 2244/2244/2244 2265/2265/2265
f 2255/2255/2255 2265/2265/2265 2244/2244/2244
f 2268/2268/2268 2267/2267/2267 2266/2266/2266
f 2269/2269/2269 2268/2268/2268 2266/2266/2266
f 2268/2268/2268 2269/2269/2269 2270/2270/2270
f 2269/2269/2269 2271/2271/2271 2270/2270/2270
f 2272/2272/2272 2266/2266/2266 2267/2267/2267
f 2273/2273/2273 2272/2272/2272 2267/2267/2267
f 2276/2276/2276 2275/2275/2275 2274/2274/2274
f 2276/2276/2276 2274/2274/2274 2277/2277/2277
f 2280/2280/2280 2279/2279/2279 2278/2278/2278
f 2283/2283/2283 2282/2282/2282 2281/2281/2281
f 2284/2284/2284 2282/2282/2282 2283/2283/2283
f 2287/2287/2287 2286/2286/2286 2285/2285/2285
f 2288/2288/2288 2287/2287/2287 2285/2285/2285
f 2288/2288/2288 2285/2285/2285 2289/2289/2289
f 2290/2290/2290 2288/2288/2288 2289/2289/2289
f 2291/2291/2291 2290/2290/2290 2289/2289/2289
f 2292/2292/2292 2291/2291/2291 2289/2289/2289
f 2291/2291/2291 2292/2292/2292 2293/2293/2293
f 2296/2296/2296 2295/2295/2295 2294/2294/2294
f 2297/2297/2297 2296/2296/2296 2294/2294/2294
f 2294/2294/2294 2295/2295/2295 2298/2298/2298
f 2299/2299/2299 2294/2294/2294 2298/2298/2298
f 2299/2299/2299 2298/2298/2298 2300/2300/2300
f 2301/2301/2301 2299/2299/2299 2300/2300/2300
f 2301/2301/2301 2300/2300/2300 2302/2302/2302
f 2305/2305/2305 2304/2304/2304 2303/2303/2303
f 2306/2306/2306 2303/2303/2303 2304/2304/2304
f 2307/2307/2307 2306/2306/2306 2304/2304/2304
f 2306/2306/2306 2307/2307/2307 2308/2308/2308
f 2307/2307/2307 2309/2309/2309 2308/2308/2308
f 2310/2310/2310 2308/2308/2308 2309/2309/2309
f 2311/2311/2311 2310/2310/2310 2309/2309/2309
f 2314/2314/2314 2313/2313/2313 2312/2312/2312
f 2313/2313/2313 2315/2315/2315 2312/2312/2312
f 2315/2315/2315 2316/2316/2316 2312/2312/2312
f 2316/2316/2316 2315/2315/2315 2317/2317/2317
f 2318/2318/2318 2316/2316/2316 2317/2317/2317
f 2318/2318/2318 2317/2317/2317 2319/2319/2319
f 2317/2317/2317 2320/2320/2320 2319/2319/2319
f 2323/2323/2323 2322/2322/2322 2321/2321/2321
f 2324/2324/2324 2323/2323/2323 2321/2321/2321
f 2323/2323/2323 2325/2325/2325 2322/2322/2322
f 2322/2322/2322 2325/2325/2325 2326/2326/2326
f 2329/2329/2329 2328/2328/2328 2327/2327/2327
f 2330/2330/2330 2329/2329/2329 2327/2327/2327
f 2331/2331/2331 2329/2329/2329 2330/2330/2330
f 2332/2332/2332 2331/2331/2331 2330/2330/2330
f 2333/2333/2333 2331/2331/2331 2332/2332/2332
f 2336/2336/2336 2335/2335/2335 2334/2334/2334
f 2337/2337/2337 2336/2336/2336 2334/2334/2334
f 2335/2335/2335 2336/2336/2336 2338/2338/2338
f 2339/2339/2339 2335/2335/2335 2338/2338/2338
f 2340/2340/2340 2339/2339/2339 2338/2338/2338
f 2343/2343/2343 2342/2342/2342 2341/2341/2341
f 2344/2344/2344 2341/2341/2341 2342/2342/2342
f 2342/2342/2342 2343/2343/2343 2345/2345/2345
f 2346/2346/2346 2342/2342/2342 2345/2345/2345
f 2346/2346/2346 2345/2345/2345 2347/2347/2347
f 2348/2348/2348 2346/2346/2346 2347/2347/2347
f 2346/2346/2346 2348/2348/2348 2349/2349/2349
f 2350/2350/2350 2346/2346/2346 2349/2349/2349
f 2342/2342/2342 2346/2346/2346 2350/2350/2350
f 2344/2344/2344 2342/2342/2342 2350/2350/2350
f 2353/2353/2353 2352/2352/2352 2351/2351/2351
f 2354/2354/2354 2353/2353/2353 2351/2351/2351
f 2353/2353/2353 2354/2354/2354 2355/2355/2355
f 2356/2356/2356 2353/2353/2353 2355/2355/2355
f 2357/2357/2357 2356/2356/2356 2355/2355/2355
f 2360/2360/2360 2359/2359/2359 2358/2358/2358
f 2361/2361/2361 2360/2360/2360 2358/2358/2358
f 2359/2359/2359 2360/2360/2360 2362/2362/2362
f 2363/2363/2363 2359/2359/2359 2362/2362/2362
f 2364/2364/2364 2363/2363/2363 2362/2362/2362
f 2367/2367/2367 2366/2366/2366 2365/2365/2365
f 2368/2368/2368 2367/2367/2367 2365/2365/2365
f 2365/2365/2365 2366/2366/2366 2369/2369/2369
f 2370/2370/2370 2365/2365/2365 2369/2369/2369
f 2366/2366/2366 2367/2367/2367 2371/2371/2371
f 2372/2372/2372 2366/2366/2366 2371/2371/2371
f 2372/2372/2372 2371/2371/2371 2373/2373/2373
f 2372/2372/2372 2373/2373/2373 2374/2374/2374
f 2366/2366/2366 2372/2372/2372 2374/2374/2374
f 2369/2369/2369 2366/2366/2366 2374/2374/2374
f 2377/2377/2377 2376/2376/2376 2375/2375/2375
f 2378/2378/2378 2377/2377/2377 2375/2375/2375
f 2376/2376/2376 2377/2377/2377 2379/2379/2379
f 2380/2380/2380 2376/2376/2376 2379/2379/2379
f 2380/2380/2380 2379/2379/2379 2381/2381/2381
f 2379/2379/2379 2382/2382/2382 2381/2381/2381
f 2376/2376/2376 2380/2380/2380 2383/2383/2383
f 2380/2380/2380 2384/2384/2384 2383/2383/2383
f 2384/2384/2384 2380/2380/2380 2381/2381/2381
f 2384/2384/2384 2385/2385/2385 2383/2383/2383
f 2386/2386/2386 2385/2385/2385 2384/2384/2384
f 2386/2386/2386 2384/2384/2384 2381/2381/2381
f 2385/2385/2385 2387/2387/2387 2383/2383/2383
f 2387/2387/2387 2375/2375/2375 2376/2376/2376
f 2383/2383/2383 2387/2387/2387 2376/2376/2376
f 2390/2390/2390 2389/2389/2389 2388/2388/2388
f 2391/2391/2391 2390/2390/2390 2388/2388/2388
f 2388/2388/2388 2389/2389/2389 2392/2392/2392
f 2393/2393/2393 2388/2388/2388 2392/2392/2392
f 2394/2394/2394 2393/2393/2393 2392/2392/2392
f 2395/2395/2395 2394/2394/2394 2392/2392/2392
f 2394/2394/2394 2395/2395/2395 2396/2396/2396
f 2399/2399/2399 2398/2398/2398 2397/2397/2397
f 2400/2400/2400 2399/2399/2399 2397/2397/2397
f 2400/2400/2400 2401/2401/2401 2399/2399/2399
f 2401/2401/2401 2402/2402/2402 2399/2399/2399
f 2402/2402/2402 2401/2401/2401 2403/2403/2403
f 2404/2404/2404 2402/2402/2402 2403/2403/2403
f 2403/2403/2403 2405/2405/2405 2404/2404/2404
f 2408/2408/2408 2407/2407/2407 2406/2406/2406
f 2409/2409/2409 2406/2406/2406 2407/2407/2407
f 2407/2407/2407 2408/2408/2408 2410/2410/2410
f 2411/2411/2411 2407/2407/2407 2410/2410/2410
f 2411/2411/2411 2410/2410/2410 2412/2412/2412
f 2410/2410/2410 2413/2413/2413 2412/2412/2412
f 2414/2414/2414 2412/2412/2412 2413/2413/2413
f 2415/2415/2415 2414/2414/2414 2413/2413/2413
f 2412/2412/2412 2414/2414/2414 2416/2416/2416
f 2411/2411/2411 2412/2412/2412 2416/2416/2416
f 2414/2414/2414 2417/2417/2417 2416/2416/2416
f 2418/2418/2418 2411/2411/2411 2416/2416/2416
f 2418/2418/2418 2409/2409/2409 2407/2407/2407
f 2411/2411/2411 2418/2418/2418 2407/2407/2407
f 2421/2421/2421 2420/2420/2420 2419/2419/2419
f 2422/2422/2422 2421/2421/2421 2419/2419/2419
f 2419/2419/2419 2423/2423/2423 2422/2422/2422
f 2423/2423/2423 2424/2424/2424 2422/2422/2422
f 2425/2425/2425 2424/2424/2424 2423/2423/2423
f 2428/2428/2428 2427/2427/2427 2426/2426/2426
f 2429/2429/2429 2210/2210/2210 2211/2211/2211
f 2432/2432/2432 2431/2431/2431 2430/2430/2430
f 2431/2431/2431 2433/2433/2433 2430/2430/2430
f 2434/2434/2434 2433/2433/2433 2431/2431/2431
f 2437/2437/2437 2436/2436/2436 2435/2435/2435
f 2437/2437/2437 2438/2438/2438 2436/2436/2436
f 2438/2438/2438 2439/2439/2439 2436/2436/2436
f 2442/2442/2442 2441/2441/2441 2440/2440/2440
f 2442/2442/2442 2443/2443/2443 2441/2441/2441
f 2443/2443/2443 2444/2444/2444 2441/2441/2441
f 2447/2447/2447 2446/2446/2446 2445/2445/2445
f 2450/2450/2450 2449/2449/2449 2448/2448/2448
f 2451/2451/2451 2450/2450/2450 2448/2448/2448
f 2451/2451/2451 2448/2448/2448 2452/2452/2452
f 2453/2453/2453 2451/2451/2451 2452/2452/2452
f 2449/2449/2449 2450/2450/2450 2454/2454/2454
f 2455/2455/2455 2449/2449/2449 2454/2454/2454
f 2454/2454/2454 2456/2456/2456 2455/2455/2455
f 2456/2456/2456 2457/2457/2457 2455/2455/2455
f 2457/2457/2457 2456/2456/2456 2458/2458/2458
f 2456/2456/2456 2459/2459/2459 2458/2458/2458
f 2460/2460/2460 2450/2450/2450 2451/2451/2451
f 2450/2450/2450 2460/2460/2460 2454/2454/2454
f 2461/2461/2461 2460/2460/2460 2451/2451/2451
f 2460/2460/2460 2462/2462/2462 2454/2454/2454
f 2463/2463/2463 2456/2456/2456 2454/2454/2454
f 2462/2462/2462 2463/2463/2463 2454/2454/2454
f 2456/2456/2456 2463/2463/2463 2459/2459/2459
f 2463/2463/2463 2464/2464/2464 2459/2459/2459
f 2464/2464/2464 2463/2463/2463 2465/2465/2465
f 2466/2466/2466 2464/2464/2464 2465/2465/2465
f 2462/2462/2462 2460/2460/2460 2467/2467/2467
f 2467/2467/2467 2460/2460/2460 2461/2461/2461
f 2468/2468/2468 2462/2462/2462 2467/2467/2467
f 2463/2463/2463 2462/2462/2462 2468/2468/2468
f 2465/2465/2465 2463/2463/2463 2468/2468/2468
f 2468/2468/2468 2469/2469/2469 2465/2465/2465
f 2470/2470/2470 2469/2469/2469 2468/2468/2468
f 2467/2467/2467 2470/2470/2470 2468/2468/2468
f 2467/2467/2467 2471/2471/2471 2470/2470/2470
f 2471/2471/2471 2467/2467/2467 2461/2461/2461
f 2471/2471/2471 2472/2472/2472 2470/2470/2470
f 2473/2473/2473 2472/2472/2472 2471/2471/2471
f 2474/2474/2474 2473/2473/2473 2471/2471/2471
f 2475/2475/2475 2472/2472/2472 2473/2473/2473
f 2472/2472/2472 2475/2475/2475 2470/2470/2470
f 2475/2475/2475 2473/2473/2473 2476/2476/2476
f 2475/2475/2475 2477/2477/2477 2470/2470/2470
f 2469/2469/2469 2470/2470/2470 2477/2477/2477
f 2469/2469/2469 2477/2477/2477 2478/2478/2478
f 2479/2479/2479 2469/2469/2469 2478/2478/2478
f 2469/2469/2469 2479/2479/2479 2465/2465/2465
f 2479/2479/2479 2480/2480/2480 2465/2465/2465
f 2480/2480/2480 2466/2466/2466 2465/2465/2465
f 2480/2480/2480 2479/2479/2479 2481/2481/2481
f 2474/2474/2474 2471/2471/2471 2482/2482/2482
f 2471/2471/2471 2461/2461/2461 2482/2482/2482
f 2482/2482/2482 2461/2461/2461 2451/2451/2451
f 2453/2453/2453 2482/2482/2482 2451/2451/2451
f 2483/2483/2483 2477/2477/2477 2475/2475/2475
f 2484/2484/2484 2483/2483/2483 2475/2475/2475
f 2485/2485/2485 2484/2484/2484 2475/2475/2475
f 2476/2476/2476 2485/2485/2485 2475/2475/2475
f 2479/2479/2479 2478/2478/2478 2486/2486/2486
f 2486/2486/2486 2481/2481/2481 2479/2479/2479
f 2480/2480/2480 2481/2481/2481 2487/2487/2487
f 2490/2490/2490 2489/2489/2489 2488/2488/2488
f 2491/2491/2491 2490/2490/2490 2488/2488/2488
f 2488/2488/2488 2492/2492/2492 2491/2491/2491
f 2492/2492/2492 2493/2493/2493 2491/2491/2491
f 2494/2494/2494 2493/2493/2493 2492/2492/2492
f 2495/2495/2495 2494/2494/2494 2492/2492/2492
f 2495/2495/2495 2496/2496/2496 2494/2494/2494
f 2489/2489/2489 2490/2490/2490 2497/2497/2497
f 2490/2490/2490 2498/2498/2498 2497/2497/2497
f 2495/2495/2495 2499/2499/2499 2496/2496/2496
f 2502/2502/2502 2501/2501/2501 2500/2500/2500
f 2503/2503/2503 2502/2502/2502 2500/2500/2500
f 2501/2501/2501 2504/2504/2504 2500/2500/2500
f 2502/2502/2502 2503/2503/2503 2505/2505/2505
f 2503/2503/2503 2506/2506/2506 2505/2505/2505
f 2507/2507/2507 2505/2505/2505 2506/2506/2506
f 2508/2508/2508 2507/2507/2507 2506/2506/2506
f 2511/2511/2511 2510/2510/2510 2509/2509/2509
f 2512/2512/2512 2511/2511/2511 2509/2509/2509
f 2511/2511/2511 2512/2512/2512 2513/2513/2513
f 2512/2512/2512 2514/2514/2514 2513/2513/2513
f 2511/2511/2511 2513/2513/2513 2515/2515/2515
f 2516/2516/2516 2511/2511/2511 2515/2515/2515
f 2511/2511/2511 2516/2516/2516 2510/2510/2510
f 2512/2512/2512 2509/2509/2509 2517/2517/2517
f 2514/2514/2514 2512/2512/2512 2518/2518/2518
f 2518/2518/2518 2512/2512/2512 2517/2517/2517
f 2519/2519/2519 2518/2518/2518 2517/2517/2517
f 2520/2520/2520 2514/2514/2514 2518/2518/2518
f 2520/2520/2520 2521/2521/2521 2514/2514/2514
f 2522/2522/2522 2515/2515/2515 2513/2513/2513
f 2523/2523/2523 2518/2518/2518 2519/2519/2519
f 2524/2524/2524 2523/2523/2523 2519/2519/2519
f 2516/2516/2516 2515/2515/2515 2525/2525/2525
f 2526/2526/2526 2516/2516/2516 2525/2525/2525
f 2527/2527/2527 2526/2526/2526 2525/2525/2525
f 2515/2515/2515 2528/2528/2528 2525/2525/2525
f 2515/2515/2515 2522/2522/2522 2528/2528/2528
f 2514/2514/2514 2529/2529/2529 2513/2513/2513
f 2529/2529/2529 2514/2514/2514 2521/2521/2521
f 2520/2520/2520 2530/2530/2530 2521/2521/2521
f 2530/2530/2530 2518/2518/2518 2523/2523/2523
f 2530/2530/2530 2520/2520/2520 2518/2518/2518
f 2516/2516/2516 2526/2526/2526 2510/2510/2510
f 2529/2529/2529 2522/2522/2522 2513/2513/2513
f 2533/2533/2533 2532/2532/2532 2531/2531/2531
f 2534/2534/2534 2533/2533/2533 2531/2531/2531
f 2533/2533/2533 2535/2535/2535 2532/2532/2532
f 2533/2533/2533 2536/2536/2536 2535/2535/2535
f 2537/2537/2537 2536/2536/2536 2533/2533/2533
f 2538/2538/2538 2537/2537/2537 2533/2533/2533
f 2537/2537/2537 2538/2538/2538 2539/2539/2539
f 2542/2542/2542 2541/2541/2541 2540/2540/2540
f 2543/2543/2543 2542/2542/2542 2540/2540/2540
f 2540/2540/2540 2541/2541/2541 2544/2544/2544
f 2545/2545/2545 2540/2540/2540 2544/2544/2544
f 2544/2544/2544 2546/2546/2546 2545/2545/2545
f 2546/2546/2546 2547/2547/2547 2545/2545/2545
f 2547/2547/2547 2546/2546/2546 2548/2548/2548
f 2546/2546/2546 2549/2549/2549 2548/2548/2548
f 2549/2549/2549 2550/2550/2550 2548/2548/2548
f 2550/2550/2550 2551/2551/2551 2548/2548/2548
f 2551/2551/2551 2550/2550/2550 2552/2552/2552
f 2550/2550/2550 2553/2553/2553 2552/2552/2552
f 2548/2548/2548 2551/2551/2551 2554/2554/2554
f 2547/2547/2547 2548/2548/2548 2554/2554/2554
f 2555/2555/2555 2552/2552/2552 2553/2553/2553
f 2556/2556/2556 2555/2555/2555 2553/2553/2553
f 2555/2555/2555 2556/2556/2556 2557/2557/2557
f 2558/2558/2558 2555/2555/2555 2557/2557/2557
f 2561/2561/2561 2560/2560/2560 2559/2559/2559
f 2562/2562/2562 2561/2561/2561 2559/2559/2559
f 2559/2559/2559 2560/2560/2560 2563/2563/2563
f 2562/2562/2562 2564/2564/2564 2561/2561/2561
f 2562/2562/2562 2565/2565/2565 2564/2564/2564
f 2562/2562/2562 2566/2566/2566 2565/2565/2565
f 2566/2566/2566 2562/2562/2562 2567/2567/2567
f 2570/2570/2570 2569/2569/2569 2568/2568/2568
f 2569/2569/2569 2571/2571/2571 2568/2568/2568
f 2571/2571/2571 2572/2572/2572 2568/2568/2568
f 2572/2572/2572 2573/2573/2573 2568/2568/2568
f 2568/2568/2568 2573/2573/2573 2574/2574/2574
f 2574/2574/2574 2570/2570/2570 2568/2568/2568
f 2573/2573/2573 2575/2575/2575 2574/2574/2574
f 2576/2576/2576 2575/2575/2575 2573/2573/2573
f 2575/2575/2575 2577/2577/2577 2574/2574/2574
f 2576/2576/2576 2577/2577/2577 2575/2575/2575
f 2577/2577/2577 2576/2576/2576 2578/2578/2578
f 2577/2577/2577 2578/2578/2578 2579/2579/2579
f 2576/2576/2576 2580/2580/2580 2578/2578/2578
f 2580/2580/2580 2581/2581/2581 2578/2578/2578
f 2579/2579/2579 2578/2578/2578 2582/2582/2582
f 2578/2578/2578 2581/2581/2581 2582/2582/2582
f 2583/2583/2583 2579/2579/2579 2582/2582/2582
f 2583/2583/2583 2584/2584/2584 2579/2579/2579
f 2581/2581/2581 2585/2585/2585 2582/2582/2582
f 2585/2585/2585 2581/2581/2581 2586/2586/2586
f 2572/2572/2572 2580/2580/2580 2587/2587/2587
f 2587/2587/2587 2573/2573/2573 2572/2572/2572
f 2580/2580/2580 2576/2576/2576 2587/2587/2587
f 2576/2576/2576 2573/2573/2573 2587/2587/2587
f 2590/2590/2590 2589/2589/2589 2588/2588/2588
f 2588/2588/2588 2591/2591/2591 2590/2590/2590
f 2591/2591/2591 2592/2592/2592 2590/2590/2590
f 2592/2592/2592 2591/2591/2591 2593/2593/2593
f 2591/2591/2591 2594/2594/2594 2593/2593/2593
f 2597/2597/2597 2596/2596/2596 2595/2595/2595
f 2598/2598/2598 2597/2597/2597 2595/2595/2595
f 2595/2595/2595 2599/2599/2599 2598/2598/2598
f 2602/2602/2602 2601/2601/2601 2600/2600/2600
f 2601/2601/2601 2603/2603/2603 2600/2600/2600
f 2602/2602/2602 2604/2604/2604 2601/2601/2601
f 2604/2604/2604 2605/2605/2605 2601/2601/2601
f 2608/2608/2608 2607/2607/2607 2606/2606/2606
f 2611/2611/2611 2610/2610/2610 2609/2609/2609
f 2612/2612/2612 2611/2611/2611 2609/2609/2609
f 2613/2613/2613 2610/2610/2610 2611/2611/2611
f 2614/2614/2614 2613/2613/2613 2611/2611/2611
f 2617/2617/2617 2616/2616/2616 2615/2615/2615
f 2618/2618/2618 2617/2617/2617 2615/2615/2615
f 2619/2619/2619 2618/2618/2618 2615/2615/2615
f 2620/2620/2620 2619/2619/2619 2615/2615/2615
f 2621/2621/2621 2619/2619/2619 2620/2620/2620
f 2621/2621/2621 2617/2617/2617 2618/2618/2618
f 2619/2619/2619 2621/2621/2621 2618/2618/2618
f 2622/2622/2622 2621/2621/2621 2620/2620/2620
