g G_CA_Prinzeugen_Mech_001_lod
v 0.4404303 0.5717697 1.011673
v 0.4152035 0.4760357 1.021317
v 0.4152035 0.6068956 1.167153
v 0.4152035 0.5230086 0.8941294
v 0.4423463 0.6034788 0.9342687
v 0.4164808 0.5521312 0.828923
v 0.420664 0.574452 0.7776073
v 0.4152035 0.6806599 1.184557
v 0.3880608 0.6034788 0.9342687
v 0.4423463 0.6034788 0.9342687
v 0.4404303 0.5717697 1.011673
v 0.3899768 0.5717697 1.011673
v 0.4152035 0.5230086 0.8941294
v 0.4139262 0.5521312 0.828923
v 0.3880608 0.6034788 0.9342687
v 0.3899768 0.5717697 1.011673
v 0.4152035 0.4760357 1.021317
v 0.4152035 0.6068956 1.167153
v 0.4152035 0.6806599 1.184557
v 0.4097431 0.574452 0.7776073
v 0.4423463 0.6034788 0.9342687
v 0.3880608 0.6034788 0.9342687
v 0.4097431 0.574452 0.7776073
v 0.420664 0.574452 0.7776073
v 0.4139262 0.5521312 0.828923
v 0.4164808 0.5521312 0.828923
v 0.4152035 0.5230086 0.8941294
v 0.401217 0.5559311 0.7495385
v 0.4148842 0.4924171 0.7759788
v 0.4148842 0.4706391 0.5947931
v 0.4054322 0.5216993 0.6453105
v 0.3999397 0.542264 0.8824741
v 0.4043145 0.4793568 0.9392183
v 0.4148842 0.4350982 0.9300855
v 0.4148842 0.4924171 0.7759788
v 0.4285194 0.5559311 0.7495385
v 0.4243043 0.5216993 0.6453105
v 0.4148842 0.4706391 0.5947931
v 0.4297968 0.542264 0.8824741
v 0.4148842 0.4350982 0.9300855
v 0.425422 0.4793568 0.9392183
v 0.4297968 0.542264 0.8824741
v 0.425422 0.4793568 0.9392183
v 0.4043145 0.4793568 0.9392183
v 0.3999397 0.542264 0.8824741
v 0.4285194 0.5559311 0.7495385
v 0.401217 0.5559311 0.7495385
v 0.4054322 0.5216993 0.6453105
v 0.4243043 0.5216993 0.6453105
v 0.4148842 0.4706391 0.5947931
v 0.4446135 0.4959297 1.181619
v 0.4145968 0.5238708 1.150516
v 0.4145968 0.4617299 1.104182
v 0.4408135 0.4015689 1.145216
v 0.4113716 0.6225744 1.193945
v 0.4274976 0.6228938 1.201193
v 0.4317127 0.6228938 1.214318
v 0.4489563 0.490597 1.214318
v 0.4519261 0.373085 1.206079
v 0.4145968 0.3545002 1.095433
v 0.4145968 0.3141374 1.177468
v 0.4145968 0.4075403 0.9631997
v 0.4145968 0.7317202 1.221471
v 0.4519261 0.373085 1.206079
v 0.4145968 0.3141374 1.177468
v 0.3772676 0.373085 1.206079
v 0.3772676 0.373085 1.206079
v 0.3802373 0.490597 1.214318
v 0.4489563 0.490597 1.214318
v 0.4519261 0.373085 1.206079
v 0.397449 0.6228938 1.214318
v 0.4317127 0.6228938 1.214318
v 0.4145968 0.7317202 1.221471
v 0.3883482 0.4015689 1.145216
v 0.4145968 0.4617299 1.104182
v 0.4145968 0.5238708 1.150516
v 0.3845482 0.4959297 1.181619
v 0.4113716 0.6225744 1.193945
v 0.397449 0.6228938 1.214318
v 0.3802373 0.490597 1.214318
v 0.3772676 0.373085 1.206079
v 0.4145968 0.3545002 1.095433
v 0.4145968 0.3141374 1.177468
v 0.4145968 0.4075403 0.9631997
v 0.4145968 0.7317202 1.221471
v 0.3954372 0.7455469 0.7865165
v 0.4366942 0.7455469 0.7865165
v 0.4160657 0.8116156 0.6305896
v 0.3954372 0.6200837 0.9396015
v 0.4366942 0.6200837 0.9396015
v 0.3954372 0.7455469 0.7865165
v 0.4212388 0.7831637 0.8804942
v 0.3954372 0.6200837 0.9396015
v 0.3954372 0.6977758 1.138989
v 0.4160657 0.7585754 1.202343
v 0.4160657 0.8116156 0.6305896
v 0.4366942 0.6200837 0.9396015
v 0.4212388 0.7831637 0.8804942
v 0.4366942 0.7455469 0.7865165
v 0.4366942 0.6977758 1.138989
v 0.4160657 0.7585754 1.202343
v 0.4160657 0.8116156 0.6305896
v 0.3954372 0.6977758 1.138989
v 0.4366942 0.6977758 1.138989
v 0.4366942 0.6200837 0.9396015
v 0.3954372 0.6200837 0.9396015
v 0.4160657 0.7585754 1.202343
v 0.4244321 0.7133908 0.8514675
v 0.4244321 0.6291845 0.9273713
v 0.4038355 0.6291845 0.9273713
v 0.4038355 0.7133908 0.8514675
v 0.4056237 0.7871232 0.7008094
v 0.4226758 0.7871232 0.7008094
v 0.4141498 0.8308071 0.3703707
v 0.4135111 0.7181808 0.6046283
v 0.4056237 0.7871232 0.7008094
v 0.4038355 0.7133908 0.8514675
v 0.4038355 0.6291845 0.9273713
v 0.4141498 0.8308071 0.3703707
v 0.4135111 0.7181808 0.6046283
v 0.4244321 0.6291845 0.9273713
v 0.4244321 0.7133908 0.8514675
v 0.4226758 0.7871232 0.7008094
v 0.4141498 0.8308071 0.3703707
v 0.4038355 0.6291845 0.9273713
v 0.4244321 0.6291845 0.9273713
v 0.4135111 0.7181808 0.6046283
v 0.4266354 1.0103 0.968245
v 0.4266354 0.8687111 1.105555
v 0.40837 0.8687111 1.105555
v 0.40837 1.0103 0.968245
v 0.4092641 1.230348 0.7314328
v 0.4257413 1.230348 0.7314328
v 0.4175027 1.508736 0.3695405
v 0.4092641 1.230348 0.7314328
v 0.40837 1.0103 0.968245
v 0.4175027 0.9384838 0.83796
v 0.4175027 1.183726 0.5585816
v 0.40837 0.8687111 1.105555
v 0.4175027 0.8029618 0.9166739
v 0.4175027 1.508736 0.3695405
v 0.4266354 1.0103 0.968245
v 0.4257413 1.230348 0.7314328
v 0.4175027 1.183726 0.5585816
v 0.4175027 0.9384838 0.83796
v 0.4266354 0.8687111 1.105555
v 0.4175027 0.8029618 0.9166739
v 0.4175027 1.508736 0.3695405
v 0.4152035 0.6806599 1.184557
v 0.3899768 0.5717697 1.011673
v 0.4404303 0.5717697 1.011673
v 0.4148842 0.4350982 0.9300855
v 0.4043145 0.4793568 0.9392183
v 0.425422 0.4793568 0.9392183
v 0.4175027 0.8029618 0.9166739
v 0.40837 0.8687111 1.105555
v 0.4266354 0.8687111 1.105555
v 0.1373898 0.1622339 0.9370469
v 0.1115882 0.09709138 1.081638
v 0.1171445 0.1381248 0.9192923
v 0.1712703 0.133782 0.9370469
v 0.1115882 0.09709138 1.081638
v 0.1373898 0.1622339 0.9370469
v 0.1712703 0.133782 0.9370469
v 0.151025 0.1096728 0.9192923
v 0.1115882 0.09709138 1.081638
v 0.1171445 0.1381248 0.9192923
v 0.1115882 0.09709138 1.081638
v 0.151025 0.1096728 0.9192923
v 0.2066197 0.3817387 1.36785
v 0.2581909 0.4431771 1.380719
v 0.305515 0.4034529 1.380719
v 0.2539438 0.3420146 1.36785
v 0.3113906 0.5065953 1.332756
v 0.3587148 0.466871 1.332756
v 0.446721 0.6678549 1.300121
v 0.4940452 0.6281627 1.300121
v 0.5373777 0.762567 1.292393
v 0.5715775 0.7338597 1.292393
v 0.5512365 0.7096227 1.233924
v 0.5715775 0.7338597 1.292393
v 0.5373777 0.762567 1.292393
v 0.5170366 0.7383302 1.233924
v 0.2857806 0.3859219 1.171624
v 0.5512365 0.7096227 1.233924
v 0.5170366 0.7383302 1.233924
v 0.2443321 0.4206965 1.171624
v 0.1832131 0.3300079 1.04747
v 0.2070667 0.3099861 1.04747
v 0.2385843 0.3475389 1.062031
v 0.2147306 0.3675606 1.062031
v 0.2066197 0.3817387 1.36785
v 0.2539438 0.3420146 1.36785
v 0.219297 0.3066651 1.192731
v 0.1778484 0.3414717 1.192731
v 0.2070667 0.3099861 1.04747
v 0.1832131 0.3300079 1.04747
v 0.2385843 0.3475389 1.062031
v 0.2070667 0.3099861 1.04747
v 0.219297 0.3066651 1.192731
v 0.2857806 0.3859219 1.171624
v 0.2539438 0.3420146 1.36785
v 0.305515 0.4034529 1.380719
v 0.3587148 0.466871 1.332756
v 0.4940452 0.6281627 1.300121
v 0.5512365 0.7096227 1.233924
v 0.5715775 0.7338597 1.292393
v 0.2443321 0.4206965 1.171624
v 0.2147306 0.3675606 1.062031
v 0.2385843 0.3475389 1.062031
v 0.2857806 0.3859219 1.171624
v 0.1832131 0.3300079 1.04747
v 0.2147306 0.3675606 1.062031
v 0.2443321 0.4206965 1.171624
v 0.1778484 0.3414717 1.192731
v 0.2066197 0.3817387 1.36785
v 0.2581909 0.4431771 1.380719
v 0.3113906 0.5065953 1.332756
v 0.446721 0.6678549 1.300121
v 0.5170366 0.7383302 1.233924
v 0.5373777 0.762567 1.292393
v 0.2572968 0.2723695 1.094666
v 0.2572968 0.2723695 1.029715
v 0.2175726 0.2250454 0.9658501
v 0.2473977 0.2154017 1.094666
v 0.2245658 0.1881952 1.017006
v 0.159104 0.1553365 0.9029109
v 0.1819039 0.1373584 0.9529812
v 0.2175726 0.2250454 0.9658501
v 0.2572968 0.2723695 1.094666
v 0.2029155 0.252731 1.094666
v 0.2175726 0.2250454 0.9658501
v 0.1800837 0.2255244 1.017006
v 0.1374217 0.1746876 0.9529812
v 0.159104 0.1553365 0.9029109
v 0.2572968 0.2723695 1.094666
v 0.2175726 0.2250454 0.9658501
v 0.2572968 0.2723695 1.029715
v 0.2473977 0.2154017 1.094666
v 0.2029155 0.252731 1.094666
v 0.2572968 0.2723695 1.094666
v 0.2473977 0.2154017 1.094666
v 0.2245658 0.1881952 1.017006
v 0.1800837 0.2255244 1.017006
v 0.2029155 0.252731 1.094666
v 0.1374217 0.1746876 0.9529812
v 0.1819039 0.1373584 0.9529812
v 0.3927549 0.6503558 1.356769
v 0.3893062 0.9006437 1.348435
v 0.3976406 0.6503558 1.344986
v 0.3809718 0.6503558 1.351883
v 0.3893062 0.9006437 1.348435
v 0.3858575 0.6503558 1.3401
v 0.3893062 0.9006437 1.348435
v 0.3976406 0.6503558 1.344986
v 0.3893062 0.9006437 1.348435
v 0.3858575 0.6503558 1.3401
v 0.3757668 0.5960385 1.394354
v 0.3579803 0.6602869 1.374907
v 0.3795348 0.6712079 1.36967
v 0.3914457 0.6677911 1.371426
v 0.4606436 0.5960385 1.394354
v 0.4449647 0.6677911 1.371426
v 0.4783982 0.6602869 1.374907
v 0.4568756 0.6712079 1.36967
v 0.4349059 0.6748163 1.367722
v 0.4015045 0.6748163 1.367722
v 0.4182371 0.4914911 1.375514
v 0.4182052 0.4911399 1.327615
v 0.3462291 0.5073617 1.327615
v 0.3471552 0.5075213 1.362804
v 0.4901813 0.5073617 1.327615
v 0.4892553 0.5075213 1.362804
v 0.3993011 0.680149 1.329914
v 0.4371093 0.680149 1.329914
v 0.4349059 0.6748163 1.367722
v 0.4015045 0.6748163 1.367722
v 0.4182371 0.4914911 1.375514
v 0.3471552 0.5075213 1.362804
v 0.3758945 0.5245414 1.394322
v 0.3757668 0.5960385 1.394354
v 0.347219 0.6584986 1.362741
v 0.3579803 0.6602869 1.374907
v 0.3462291 0.5073617 1.327615
v 0.3465804 0.6625861 1.327615
v 0.347219 0.6584986 1.362741
v 0.3471552 0.5075213 1.362804
v 0.4605159 0.5245414 1.394322
v 0.3758945 0.5245414 1.394322
v 0.3757668 0.5960385 1.394354
v 0.4606436 0.5960385 1.394354
v 0.4352253 0.6513457 1.367562
v 0.4385463 0.6511861 1.370883
v 0.4449647 0.6677911 1.371426
v 0.4182371 0.4914911 1.375514
v 0.3758945 0.5245414 1.394322
v 0.4605159 0.5245414 1.394322
v 0.4901813 0.5073617 1.327615
v 0.4892553 0.5075213 1.362804
v 0.4891914 0.6584986 1.362741
v 0.48983 0.6625861 1.327615
v 0.4182371 0.4914911 1.375514
v 0.4605159 0.5245414 1.394322
v 0.4892553 0.5075213 1.362804
v 0.4891914 0.6584986 1.362741
v 0.4783982 0.6602869 1.374907
v 0.4606436 0.5960385 1.394354
v 0.4891914 0.6584986 1.362741
v 0.4568756 0.6712079 1.36967
v 0.4578974 0.6760616 1.329914
v 0.48983 0.6625861 1.327615
v 0.4783982 0.6602869 1.374907
v 0.3795348 0.6712079 1.36967
v 0.347219 0.6584986 1.362741
v 0.3465804 0.6625861 1.327615
v 0.378513 0.6760616 1.329914
v 0.3579803 0.6602869 1.374907
v 0.3016831 0.2807997 1.265665
v 0.2312397 0.1968808 1.176637
v 0.1869811 0.2340184 1.176637
v 0.2573926 0.3179693 1.265665
v 0.2860361 0.3521053 1.351053
v 0.3303266 0.3149357 1.351053
v 0.2312397 0.1968808 1.176637
v 0.2091104 0.2154337 1.110633
v 0.1869811 0.2340184 1.176637
v 0.3088999 0.3343507 1.207229
v 0.2294835 0.2397344 1.110728
v 0.2312397 0.1968808 1.176637
v 0.3016831 0.2807997 1.265665
v 0.2091104 0.2154337 1.110633
v 0.3303266 0.3149357 1.351053
v 0.3371922 0.3231105 1.312415
v 0.3438022 0.3759909 1.255319
v 0.3659635 0.3574061 1.312095
v 0.3371283 0.3230785 1.33365
v 0.3583635 0.3483372 1.351053
v 0.3583635 0.3483372 1.33365
v 0.3438022 0.3759909 1.255319
v 0.3659635 0.3574061 1.312095
v 0.3216729 0.3945757 1.312095
v 0.342461 0.3743623 1.351053
v 0.3303266 0.3149357 1.351053
v 0.2860361 0.3521053 1.351053
v 0.3140729 0.3855067 1.351053
v 0.3583635 0.3483372 1.351053
v 0.3088999 0.3343507 1.207229
v 0.1869811 0.2340184 1.176637
v 0.2091104 0.2154337 1.110633
v 0.2294835 0.2397344 1.110728
v 0.2573926 0.3179693 1.265665
v 0.2860361 0.3521053 1.351053
v 0.2929016 0.36028 1.312415
v 0.3216729 0.3945757 1.312095
v 0.3438022 0.3759909 1.255319
v 0.2928378 0.3602161 1.33365
v 0.3140729 0.3855067 1.33365
v 0.3140729 0.3855067 1.351053
v 0.2928378 0.3602161 1.33365
v 0.342461 0.3743623 1.33365
v 0.3140729 0.3855067 1.33365
v 0.3371283 0.3230785 1.33365
v 0.3583635 0.3483372 1.33365
v 0.2929016 0.36028 1.312415
v 0.3216729 0.3945757 1.312095
v 0.3659635 0.3574061 1.312095
v 0.3371922 0.3231105 1.312415
v 0.3371922 0.3231105 1.312415
v 0.3371283 0.3230785 1.33365
v 0.2928378 0.3602161 1.33365
v 0.2929016 0.36028 1.312415
v 0.3583635 0.3483372 1.351053
v 0.342461 0.3743623 1.351053
v 0.342461 0.3743623 1.33365
v 0.3583635 0.3483372 1.33365
v 0.3140729 0.3855067 1.33365
v 0.3140729 0.3855067 1.351053
v 0.4497227 0.6503558 1.356769
v 0.446274 0.9006437 1.348435
v 0.4546084 0.6503558 1.344986
v 0.4379396 0.6503558 1.351883
v 0.446274 0.9006437 1.348435
v 0.4428253 0.6503558 1.3401
v 0.446274 0.9006437 1.348435
v 0.4546084 0.6503558 1.344986
v 0.446274 0.9006437 1.348435
v 0.4428253 0.6503558 1.3401
v 0.4066136 1.281632 0.6615003
v 0.4171514 1.31861 0.7443335
v 0.4171514 1.191805 0.8680724
v 0.4001952 1.136753 0.8394928
v 0.3880289 0.8750018 1.026841
v 0.4171514 1.075698 1.082404
v 0.4142775 0.9367595 1.19982
v 0.4171514 1.076912 1.193274
v 0.4171514 1.191805 0.8680724
v 0.4171514 1.31861 0.7443335
v 0.4276572 1.281632 0.6615003
v 0.4340757 1.136753 0.8394928
v 0.4467849 0.8750018 1.026841
v 0.4171514 1.075698 1.082404
v 0.4547042 0.9323847 1.127397
v 0.4171514 1.076912 1.193274
v 0.4276572 1.281632 0.6615003
v 0.4066136 1.281632 0.6615003
v 0.4001952 1.136753 0.8394928
v 0.4340757 1.136753 0.8394928
v 0.3880289 0.8750018 1.026841
v 0.4467849 0.8750018 1.026841
v 0.4467849 0.8750018 1.026841
v 0.3880289 0.8750018 1.026841
v 0.3883482 0.8782589 1.158915
v 0.4369816 0.8642725 1.188197
v 0.4142775 0.9367595 1.19982
v 0.4547042 0.9323847 1.127397
v 0.4369816 0.8642725 1.188197
v 0.4369816 0.8642725 1.188197
v 0.3883482 0.8782589 1.158915
v 0.4171514 0.8215147 1.237022
v 0.3883482 0.8782589 1.158915
v 0.4142775 0.9367595 1.19982
v 0.4171514 0.8215147 1.237022
v 0.4142775 0.9367595 1.19982
v 0.4369816 0.8642725 1.188197
v 0.4171514 0.8215147 1.237022
v 0.4171514 1.076912 1.193274
v 0.4547042 0.9323847 1.127397
v 0.4142775 0.9367595 1.19982
v 0.4171514 1.31861 0.7443335
v 0.4066136 1.281632 0.6615003
v 0.4276572 1.281632 0.6615003
v 0.4467849 0.8750018 1.026841
v 0.4369816 0.8642725 1.188197
v 0.4547042 0.9323847 1.127397
v 0.3883482 0.8782589 1.158915
v 0.3880289 0.8750018 1.026841
v 0.4142775 0.9367595 1.19982
v 0.2168062 0.5126305 1.300696
v 0.2517086 0.5139717 1.347796
v 0.2335069 0.4935029 1.363443
v 0.2242146 0.4856794 1.358973
v 0.1615309 0.4467535 1.300696
v 0.1893442 0.4441351 1.358973
v 0.1662569 0.4121386 1.347796
v 0.183245 0.4336292 1.363443
v 0.2207339 0.4753013 1.368297
v 0.1989559 0.4493719 1.368297
v 0.2038096 0.4674139 1.149047
v 0.2409792 0.4362158 1.1486
v 0.2878882 0.4920659 1.16974
v 0.2599472 0.514291 1.169963
v 0.1941021 0.3803337 1.16974
v 0.1673745 0.4039638 1.169963
v 0.2207339 0.4753013 1.368297
v 0.251517 0.4523736 1.375418
v 0.2268969 0.4230276 1.375418
v 0.1989559 0.4493719 1.368297
v 0.2599472 0.514291 1.169963
v 0.2878882 0.4920659 1.16974
v 0.2876647 0.4918104 1.352043
v 0.2517086 0.5139717 1.347796
v 0.2599472 0.514291 1.169963
v 0.2168062 0.5126305 1.300696
v 0.2167423 0.5125028 1.192604
v 0.2038096 0.4674139 1.149047
v 0.2517086 0.5139717 1.347796
v 0.1615309 0.4467535 1.300696
v 0.1616266 0.4468174 1.192604
v 0.2167423 0.5125028 1.192604
v 0.2168062 0.5126305 1.300696
v 0.2038096 0.4674139 1.149047
v 0.2167423 0.5125028 1.192604
v 0.1616266 0.4468174 1.192604
v 0.1662569 0.4121386 1.347796
v 0.1943257 0.3805891 1.352043
v 0.1941021 0.3803337 1.16974
v 0.1673745 0.4039638 1.169963
v 0.1662569 0.4121386 1.347796
v 0.1673745 0.4039638 1.169963
v 0.1615309 0.4467535 1.300696
v 0.2038096 0.4674139 1.149047
v 0.1616266 0.4468174 1.192604
v 0.2335069 0.4935029 1.363443
v 0.2517086 0.5139717 1.347796
v 0.2876647 0.4918104 1.352043
v 0.2650564 0.4684997 1.369989
v 0.1662569 0.4121386 1.347796
v 0.2133575 0.4069016 1.369989
v 0.1943257 0.3805891 1.352043
v 0.183245 0.4336292 1.363443
v 0.2378817 0.4806979 1.27087
v 0.242033 0.4727148 1.521126
v 0.2340179 0.4685316 1.27087
v 0.2500161 0.476866 1.27087
v 0.2461842 0.4646996 1.270838
v 0.2461842 0.4646996 1.270838
v 0.201255 0.4370461 1.27087
v 0.2054062 0.4290628 1.521126
v 0.1974231 0.4249116 1.27087
v 0.2133894 0.4332141 1.27087
v 0.2095575 0.4210797 1.270838
v 0.2095575 0.4210797 1.270838
v -0.440367 0.5717697 1.011673
v -0.4151402 0.6068956 1.167153
v -0.4151402 0.4760357 1.021317
v -0.4151402 0.5230086 0.8941294
v -0.4422829 0.6034788 0.9342687
v -0.4164175 0.5521312 0.828923
v -0.4206007 0.574452 0.7776073
v -0.4151402 0.6806599 1.184557
v -0.3899134 0.5717697 1.011673
v -0.440367 0.5717697 1.011673
v -0.4422829 0.6034788 0.9342687
v -0.3879975 0.6034788 0.9342687
v -0.4138629 0.5521312 0.828923
v -0.4151402 0.5230086 0.8941294
v -0.3899134 0.5717697 1.011673
v -0.3879975 0.6034788 0.9342687
v -0.4151402 0.4760357 1.021317
v -0.4151402 0.6068956 1.167153
v -0.4151402 0.6806599 1.184557
v -0.4096798 0.574452 0.7776073
v -0.3879975 0.6034788 0.9342687
v -0.4422829 0.6034788 0.9342687
v -0.4206007 0.574452 0.7776073
v -0.4096798 0.574452 0.7776073
v -0.4164175 0.5521312 0.828923
v -0.4138629 0.5521312 0.828923
v -0.4151402 0.5230086 0.8941294
v -0.4148209 0.4924171 0.7759788
v -0.4011537 0.5559311 0.7495385
v -0.4053689 0.5216993 0.6453105
v -0.4148209 0.4706391 0.5947931
v -0.3998764 0.542264 0.8824741
v -0.4042512 0.4793568 0.9392183
v -0.4148209 0.4350982 0.9300855
v -0.4148209 0.4706391 0.5947931
v -0.424241 0.5216993 0.6453105
v -0.4284562 0.5559311 0.7495385
v -0.4148209 0.4924171 0.7759788
v -0.4297334 0.542264 0.8824741
v -0.4253587 0.4793568 0.9392183
v -0.4148209 0.4350982 0.9300855
v -0.4253587 0.4793568 0.9392183
v -0.4297334 0.542264 0.8824741
v -0.3998764 0.542264 0.8824741
v -0.4042512 0.4793568 0.9392183
v -0.4284562 0.5559311 0.7495385
v -0.4011537 0.5559311 0.7495385
v -0.4053689 0.5216993 0.6453105
v -0.424241 0.5216993 0.6453105
v -0.4148209 0.4706391 0.5947931
v -0.4145335 0.4617299 1.104182
v -0.4145335 0.5238708 1.150516
v -0.4445502 0.4959297 1.181619
v -0.4407502 0.4015689 1.145216
v -0.4113083 0.6225744 1.193945
v -0.4274343 0.6228938 1.201193
v -0.448893 0.490597 1.214318
v -0.4316494 0.6228938 1.214318
v -0.4518627 0.373085 1.206079
v -0.4145335 0.3141374 1.177468
v -0.4145335 0.3545002 1.095433
v -0.4145335 0.4075403 0.9631997
v -0.4145335 0.7317202 1.221471
v -0.4518627 0.373085 1.206079
v -0.3772043 0.373085 1.206079
v -0.4145335 0.3141374 1.177468
v -0.448893 0.490597 1.214318
v -0.380174 0.490597 1.214318
v -0.3772043 0.373085 1.206079
v -0.4518627 0.373085 1.206079
v -0.4316494 0.6228938 1.214318
v -0.3973857 0.6228938 1.214318
v -0.4145335 0.7317202 1.221471
v -0.4145335 0.4617299 1.104182
v -0.3882849 0.4015689 1.145216
v -0.3844849 0.4959297 1.181619
v -0.4145335 0.5238708 1.150516
v -0.4113083 0.6225744 1.193945
v -0.380174 0.490597 1.214318
v -0.3973857 0.6228938 1.214318
v -0.3772043 0.373085 1.206079
v -0.4145335 0.3545002 1.095433
v -0.4145335 0.3141374 1.177468
v -0.4145335 0.4075403 0.9631997
v -0.4145335 0.7317202 1.221471
v -0.3953739 0.7455469 0.7865165
v -0.4160024 0.8116156 0.6305896
v -0.4366308 0.7455469 0.7865165
v -0.4366308 0.6200837 0.9396015
v -0.3953739 0.6200837 0.9396015
v -0.3953739 0.7455469 0.7865165
v -0.3953739 0.6200837 0.9396015
v -0.4211755 0.7831637 0.8804942
v -0.3953739 0.6977758 1.138989
v -0.4160024 0.7585754 1.202343
v -0.4160024 0.8116156 0.6305896
v -0.4366308 0.6200837 0.9396015
v -0.4366308 0.7455469 0.7865165
v -0.4211755 0.7831637 0.8804942
v -0.4366308 0.6977758 1.138989
v -0.4160024 0.7585754 1.202343
v -0.4160024 0.8116156 0.6305896
v -0.3953739 0.6977758 1.138989
v -0.3953739 0.6200837 0.9396015
v -0.4366308 0.6200837 0.9396015
v -0.4366308 0.6977758 1.138989
v -0.4160024 0.7585754 1.202343
v -0.4243687 0.7133908 0.8514675
v -0.4037722 0.7133908 0.8514675
v -0.4037722 0.6291845 0.9273713
v -0.4243687 0.6291845 0.9273713
v -0.4226125 0.7871232 0.7008094
v -0.4055604 0.7871232 0.7008094
v -0.4140865 0.8308071 0.3703707
v -0.4134478 0.7181808 0.6046283
v -0.4037722 0.6291845 0.9273713
v -0.4037722 0.7133908 0.8514675
v -0.4055604 0.7871232 0.7008094
v -0.4140865 0.8308071 0.3703707
v -0.4243687 0.6291845 0.9273713
v -0.4134478 0.7181808 0.6046283
v -0.4226125 0.7871232 0.7008094
v -0.4243687 0.7133908 0.8514675
v -0.4140865 0.8308071 0.3703707
v -0.4037722 0.6291845 0.9273713
v -0.4134478 0.7181808 0.6046283
v -0.4243687 0.6291845 0.9273713
v -0.4083067 0.8687111 1.105555
v -0.4265721 0.8687111 1.105555
v -0.4265721 1.0103 0.968245
v -0.4083067 1.0103 0.968245
v -0.425678 1.230348 0.7314328
v -0.4092008 1.230348 0.7314328
v -0.4174394 1.508736 0.3695405
v -0.4174394 1.183726 0.5585816
v -0.4174394 0.9384838 0.83796
v -0.4083067 1.0103 0.968245
v -0.4092008 1.230348 0.7314328
v -0.4174394 0.8029618 0.9166739
v -0.4083067 0.8687111 1.105555
v -0.4174394 1.508736 0.3695405
v -0.4174394 1.183726 0.5585816
v -0.425678 1.230348 0.7314328
v -0.4265721 1.0103 0.968245
v -0.4174394 0.9384838 0.83796
v -0.4174394 0.8029618 0.9166739
v -0.4265721 0.8687111 1.105555
v -0.4174394 1.508736 0.3695405
v -0.4151402 0.6806599 1.184557
v -0.440367 0.5717697 1.011673
v -0.3899134 0.5717697 1.011673
v -0.4148209 0.4350982 0.9300855
v -0.4253587 0.4793568 0.9392183
v -0.4042512 0.4793568 0.9392183
v -0.4174394 0.8029618 0.9166739
v -0.4265721 0.8687111 1.105555
v -0.4083067 0.8687111 1.105555
v -0.1373265 0.1622339 0.9370469
v -0.1170812 0.1381248 0.9192923
v -0.1115249 0.09709138 1.081638
v -0.171207 0.133782 0.9370469
v -0.1373265 0.1622339 0.9370469
v -0.1115249 0.09709138 1.081638
v -0.171207 0.133782 0.9370469
v -0.1115249 0.09709138 1.081638
v -0.1509617 0.1096728 0.9192923
v -0.1170812 0.1381248 0.9192923
v -0.1509617 0.1096728 0.9192923
v -0.1115249 0.09709138 1.081638
v -0.2581276 0.4431771 1.380719
v -0.2065564 0.3817387 1.36785
v -0.2538805 0.3420146 1.36785
v -0.3054517 0.4034529 1.380719
v -0.3586515 0.466871 1.332756
v -0.3113273 0.5065953 1.332756
v -0.4939818 0.6281627 1.300121
v -0.4466578 0.6678549 1.300121
v -0.5373144 0.762567 1.292393
v -0.5715142 0.7338597 1.292393
v -0.5169734 0.7383302 1.233924
v -0.5373144 0.762567 1.292393
v -0.5715142 0.7338597 1.292393
v -0.5511732 0.7096227 1.233924
v -0.2442688 0.4206965 1.171624
v -0.5169734 0.7383302 1.233924
v -0.5511732 0.7096227 1.233924
v -0.2857174 0.3859219 1.171624
v -0.2070035 0.3099861 1.04747
v -0.1831498 0.3300079 1.04747
v -0.2146673 0.3675606 1.062031
v -0.2385209 0.3475389 1.062031
v -0.2192336 0.3066651 1.192731
v -0.2538805 0.3420146 1.36785
v -0.2065564 0.3817387 1.36785
v -0.1777851 0.3414717 1.192731
v -0.1831498 0.3300079 1.04747
v -0.2070035 0.3099861 1.04747
v -0.2192336 0.3066651 1.192731
v -0.2070035 0.3099861 1.04747
v -0.2385209 0.3475389 1.062031
v -0.2857174 0.3859219 1.171624
v -0.2538805 0.3420146 1.36785
v -0.3054517 0.4034529 1.380719
v -0.3586515 0.466871 1.332756
v -0.4939818 0.6281627 1.300121
v -0.5511732 0.7096227 1.233924
v -0.5715142 0.7338597 1.292393
v -0.2385209 0.3475389 1.062031
v -0.2146673 0.3675606 1.062031
v -0.2442688 0.4206965 1.171624
v -0.2857174 0.3859219 1.171624
v -0.1831498 0.3300079 1.04747
v -0.1777851 0.3414717 1.192731
v -0.2442688 0.4206965 1.171624
v -0.2146673 0.3675606 1.062031
v -0.2065564 0.3817387 1.36785
v -0.2581276 0.4431771 1.380719
v -0.3113273 0.5065953 1.332756
v -0.4466578 0.6678549 1.300121
v -0.5169734 0.7383302 1.233924
v -0.5373144 0.762567 1.292393
v -0.2473344 0.2154017 1.094666
v -0.2175093 0.2250454 0.9658501
v -0.2572334 0.2723695 1.029715
v -0.2572334 0.2723695 1.094666
v -0.2245025 0.1881952 1.017006
v -0.1818405 0.1373584 0.9529812
v -0.1590407 0.1553365 0.9029109
v -0.2175093 0.2250454 0.9658501
v -0.2572334 0.2723695 1.094666
v -0.2572334 0.2723695 1.029715
v -0.2572334 0.2723695 1.094666
v -0.2175093 0.2250454 0.9658501
v -0.2028522 0.252731 1.094666
v -0.2175093 0.2250454 0.9658501
v -0.1800204 0.2255244 1.017006
v -0.1373584 0.1746876 0.9529812
v -0.1590407 0.1553365 0.9029109
v -0.2473344 0.2154017 1.094666
v -0.2572334 0.2723695 1.094666
v -0.2028522 0.252731 1.094666
v -0.2245025 0.1881952 1.017006
v -0.2473344 0.2154017 1.094666
v -0.2028522 0.252731 1.094666
v -0.1800204 0.2255244 1.017006
v -0.1818405 0.1373584 0.9529812
v -0.1373584 0.1746876 0.9529812
v -0.3926916 0.6503558 1.356769
v -0.3975773 0.6503558 1.344986
v -0.3892429 0.9006437 1.348435
v -0.3809085 0.6503558 1.351883
v -0.3892429 0.9006437 1.348435
v -0.3857942 0.6503558 1.3401
v -0.3892429 0.9006437 1.348435
v -0.3975773 0.6503558 1.344986
v -0.3857942 0.6503558 1.3401
v -0.3892429 0.9006437 1.348435
v -0.357917 0.6602869 1.374907
v -0.3757035 0.5960385 1.394354
v -0.3913823 0.6677911 1.371426
v -0.3794715 0.6712079 1.36967
v -0.4449015 0.6677911 1.371426
v -0.4605803 0.5960385 1.394354
v -0.4783349 0.6602869 1.374907
v -0.4568123 0.6712079 1.36967
v -0.4014412 0.6748163 1.367722
v -0.4348427 0.6748163 1.367722
v -0.3461658 0.5073617 1.327615
v -0.4181419 0.4911399 1.327615
v -0.4181738 0.4914911 1.375514
v -0.3470919 0.5075213 1.362804
v -0.489192 0.5075213 1.362804
v -0.490118 0.5073617 1.327615
v -0.4014412 0.6748163 1.367722
v -0.4348427 0.6748163 1.367722
v -0.4370461 0.680149 1.329914
v -0.3992378 0.680149 1.329914
v -0.4181738 0.4914911 1.375514
v -0.3758312 0.5245414 1.394322
v -0.3470919 0.5075213 1.362804
v -0.3757035 0.5960385 1.394354
v -0.357917 0.6602869 1.374907
v -0.3471557 0.6584986 1.362741
v -0.3470919 0.5075213 1.362804
v -0.3471557 0.6584986 1.362741
v -0.346517 0.6625861 1.327615
v -0.3461658 0.5073617 1.327615
v -0.3758312 0.5245414 1.394322
v -0.4604526 0.5245414 1.394322
v -0.4605803 0.5960385 1.394354
v -0.3757035 0.5960385 1.394354
v -0.4351619 0.6513457 1.367562
v -0.4449015 0.6677911 1.371426
v -0.438483 0.6511861 1.370883
v -0.4181738 0.4914911 1.375514
v -0.4604526 0.5245414 1.394322
v -0.3758312 0.5245414 1.394322
v -0.489192 0.5075213 1.362804
v -0.490118 0.5073617 1.327615
v -0.4897667 0.6625861 1.327615
v -0.4891281 0.6584986 1.362741
v -0.4181738 0.4914911 1.375514
v -0.489192 0.5075213 1.362804
v -0.4604526 0.5245414 1.394322
v -0.4891281 0.6584986 1.362741
v -0.4783349 0.6602869 1.374907
v -0.4605803 0.5960385 1.394354
v -0.4891281 0.6584986 1.362741
v -0.4897667 0.6625861 1.327615
v -0.4578341 0.6760616 1.329914
v -0.4568123 0.6712079 1.36967
v -0.4783349 0.6602869 1.374907
v -0.3784497 0.6760616 1.329914
v -0.346517 0.6625861 1.327615
v -0.3471557 0.6584986 1.362741
v -0.3794715 0.6712079 1.36967
v -0.357917 0.6602869 1.374907
v -0.3016198 0.2807997 1.265665
v -0.2573292 0.3179693 1.265665
v -0.1869178 0.2340184 1.176637
v -0.2311764 0.1968808 1.176637
v -0.3302633 0.3149357 1.351053
v -0.2859728 0.3521053 1.351053
v -0.2311764 0.1968808 1.176637
v -0.1869178 0.2340184 1.176637
v -0.2090471 0.2154337 1.110633
v -0.3088366 0.3343507 1.207229
v -0.3016198 0.2807997 1.265665
v -0.2311764 0.1968808 1.176637
v -0.2294201 0.2397344 1.110728
v -0.2090471 0.2154337 1.110633
v -0.3302633 0.3149357 1.351053
v -0.3371289 0.3231105 1.312415
v -0.3437389 0.3759909 1.255319
v -0.3659002 0.3574061 1.312095
v -0.337065 0.3230785 1.33365
v -0.3583001 0.3483372 1.33365
v -0.3583001 0.3483372 1.351053
v -0.3437389 0.3759909 1.255319
v -0.3216096 0.3945757 1.312095
v -0.3659002 0.3574061 1.312095
v -0.2859728 0.3521053 1.351053
v -0.3302633 0.3149357 1.351053
v -0.3423977 0.3743623 1.351053
v -0.3140097 0.3855067 1.351053
v -0.3583001 0.3483372 1.351053
v -0.2294201 0.2397344 1.110728
v -0.2090471 0.2154337 1.110633
v -0.1869178 0.2340184 1.176637
v -0.3088366 0.3343507 1.207229
v -0.2573292 0.3179693 1.265665
v -0.2928383 0.36028 1.312415
v -0.3437389 0.3759909 1.255319
v -0.3216096 0.3945757 1.312095
v -0.2859728 0.3521053 1.351053
v -0.2927744 0.3602161 1.33365
v -0.3140097 0.3855067 1.351053
v -0.3140097 0.3855067 1.33365
v -0.2927744 0.3602161 1.33365
v -0.3140097 0.3855067 1.33365
v -0.3423977 0.3743623 1.33365
v -0.337065 0.3230785 1.33365
v -0.3583001 0.3483372 1.33365
v -0.2928383 0.36028 1.312415
v -0.3371289 0.3231105 1.312415
v -0.3659002 0.3574061 1.312095
v -0.3216096 0.3945757 1.312095
v -0.337065 0.3230785 1.33365
v -0.3371289 0.3231105 1.312415
v -0.2928383 0.36028 1.312415
v -0.2927744 0.3602161 1.33365
v -0.3583001 0.3483372 1.33365
v -0.3423977 0.3743623 1.33365
v -0.3423977 0.3743623 1.351053
v -0.3583001 0.3483372 1.351053
v -0.3140097 0.3855067 1.351053
v -0.3140097 0.3855067 1.33365
v -0.4496593 0.6503558 1.356769
v -0.454545 0.6503558 1.344986
v -0.4462106 0.9006437 1.348435
v -0.4378762 0.6503558 1.351883
v -0.4462106 0.9006437 1.348435
v -0.4427619 0.6503558 1.3401
v -0.4462106 0.9006437 1.348435
v -0.454545 0.6503558 1.344986
v -0.4427619 0.6503558 1.3401
v -0.4462106 0.9006437 1.348435
v -0.4065503 1.281632 0.6615003
v -0.4001319 1.136753 0.8394928
v -0.4170881 1.191805 0.8680724
v -0.4170881 1.31861 0.7443335
v -0.3879656 0.8750018 1.026841
v -0.4170881 1.075698 1.082404
v -0.4142142 0.9367595 1.19982
v -0.4170881 1.076912 1.193274
v -0.4170881 1.31861 0.7443335
v -0.4170881 1.191805 0.8680724
v -0.4340124 1.136753 0.8394928
v -0.4275939 1.281632 0.6615003
v -0.4467216 0.8750018 1.026841
v -0.4170881 1.075698 1.082404
v -0.4546409 0.9323847 1.127397
v -0.4170881 1.076912 1.193274
v -0.4340124 1.136753 0.8394928
v -0.4001319 1.136753 0.8394928
v -0.4065503 1.281632 0.6615003
v -0.4275939 1.281632 0.6615003
v -0.4467216 0.8750018 1.026841
v -0.3879656 0.8750018 1.026841
v -0.4369183 0.8642725 1.188197
v -0.3882849 0.8782589 1.158915
v -0.3879656 0.8750018 1.026841
v -0.4467216 0.8750018 1.026841
v -0.4142142 0.9367595 1.19982
v -0.4369183 0.8642725 1.188197
v -0.4546409 0.9323847 1.127397
v -0.4369183 0.8642725 1.188197
v -0.4170881 0.8215147 1.237022
v -0.3882849 0.8782589 1.158915
v -0.3882849 0.8782589 1.158915
v -0.4170881 0.8215147 1.237022
v -0.4142142 0.9367595 1.19982
v -0.4142142 0.9367595 1.19982
v -0.4170881 0.8215147 1.237022
v -0.4369183 0.8642725 1.188197
v -0.4170881 1.076912 1.193274
v -0.4142142 0.9367595 1.19982
v -0.4546409 0.9323847 1.127397
v -0.4170881 1.31861 0.7443335
v -0.4275939 1.281632 0.6615003
v -0.4065503 1.281632 0.6615003
v -0.4467216 0.8750018 1.026841
v -0.4546409 0.9323847 1.127397
v -0.4369183 0.8642725 1.188197
v -0.3882849 0.8782589 1.158915
v -0.4142142 0.9367595 1.19982
v -0.3879656 0.8750018 1.026841
v -0.2241513 0.4856794 1.358973
v -0.2334437 0.4935029 1.363443
v -0.2516453 0.5139717 1.347796
v -0.2167429 0.5126305 1.300696
v -0.1614676 0.4467535 1.300696
v -0.1892809 0.4441351 1.358973
v -0.1661935 0.4121386 1.347796
v -0.1831817 0.4336292 1.363443
v -0.1988926 0.4493719 1.368297
v -0.2206706 0.4753013 1.368297
v -0.2878249 0.4920659 1.16974
v -0.2409159 0.4362158 1.1486
v -0.2037463 0.4674139 1.149047
v -0.2598839 0.514291 1.169963
v -0.1673112 0.4039638 1.169963
v -0.1940388 0.3803337 1.16974
v -0.2514536 0.4523736 1.375418
v -0.2206706 0.4753013 1.368297
v -0.1988926 0.4493719 1.368297
v -0.2268336 0.4230276 1.375418
v -0.2598839 0.514291 1.169963
v -0.2516453 0.5139717 1.347796
v -0.2876014 0.4918104 1.352043
v -0.2878249 0.4920659 1.16974
v -0.216679 0.5125028 1.192604
v -0.2167429 0.5126305 1.300696
v -0.2598839 0.514291 1.169963
v -0.2037463 0.4674139 1.149047
v -0.2516453 0.5139717 1.347796
v -0.2167429 0.5126305 1.300696
v -0.216679 0.5125028 1.192604
v -0.1615633 0.4468174 1.192604
v -0.1614676 0.4467535 1.300696
v -0.2037463 0.4674139 1.149047
v -0.1615633 0.4468174 1.192604
v -0.216679 0.5125028 1.192604
v -0.1673112 0.4039638 1.169963
v -0.1940388 0.3803337 1.16974
v -0.1942623 0.3805891 1.352043
v -0.1661935 0.4121386 1.347796
v -0.1661935 0.4121386 1.347796
v -0.1614676 0.4467535 1.300696
v -0.1673112 0.4039638 1.169963
v -0.1615633 0.4468174 1.192604
v -0.2037463 0.4674139 1.149047
v -0.2516453 0.5139717 1.347796
v -0.2334437 0.4935029 1.363443
v -0.2649931 0.4684997 1.369989
v -0.2876014 0.4918104 1.352043
v -0.1661935 0.4121386 1.347796
v -0.1942623 0.3805891 1.352043
v -0.2132941 0.4069016 1.369989
v -0.1831817 0.4336292 1.363443
v -0.2378184 0.4806979 1.27087
v -0.2339545 0.4685316 1.27087
v -0.2419696 0.4727148 1.521126
v -0.2499528 0.476866 1.27087
v -0.2461209 0.4646996 1.270838
v -0.2461209 0.4646996 1.270838
v -0.2011917 0.4370461 1.27087
v -0.1973598 0.4249116 1.27087
v -0.2053429 0.4290628 1.521126
v -0.2133261 0.4332141 1.27087
v -0.2094942 0.4210797 1.270838
v -0.2094942 0.4210797 1.270838
vt 0.07511798 0.3573506
vt 0.124752 0.3631899
vt 0.05954653 0.4361811
vt 0.1052877 0.3028505
vt 0.05954653 0.318422
vt 0.08776979 0.2668416
vt 0.0760912 0.2415379
vt 0.02353754 0.4468865
vt 0.9724231 0.2337522
vt 0.9987 0.2337522
vt 0.9977267 0.2794934
vt 0.9733964 0.2794934
vt 0.2230468 0.3923864
vt 0.2590558 0.4099043
vt 0.2074753 0.4381276
vt 0.1685467 0.4225561
vt 0.1627074 0.3729221
vt 0.08971623 0.4371544
vt 0.07901085 0.4741366
vt 0.2843594 0.4215829
vt 0.1529753 0.5811903
vt 0.1529753 0.6055207
vt 0.08095728 0.5957885
vt 0.08095728 0.5909225
vt 0.05468045 0.5938421
vt 0.05468045 0.5928689
vt 0.02256432 0.5928689
vt 0.4663508 0.2191539
vt 0.453699 0.1870378
vt 0.5422617 0.1763324
vt 0.5179312 0.2016361
vt 0.4011454 0.2123414
vt 0.3729221 0.1811985
vt 0.3777882 0.1588145
vt 0.4566187 0.1481092
vt 0.4439669 0.1802253
vt 0.3933596 0.1636806
vt 0.368056 0.1374038
vt 0.5091723 0.174386
vt 0.5325295 0.1198859
vt 0.5373955 0.1422699
vt 0.9967535 0.1685467
vt 0.9938339 0.2084486
vt 0.9841017 0.2084486
vt 0.9821553 0.1685467
vt 0.9957803 0.1033413
vt 0.9821553 0.1033413
vt 0.9850749 0.0517608
vt 0.9938339 0.0517608
vt 0.9889678 0.01769824
vt 0.8040568 0.3038237
vt 0.7884853 0.2863059
vt 0.8206014 0.2648951
vt 0.8517444 0.2863059
vt 0.7388513 0.304797
vt 0.7388513 0.3106363
vt 0.7388513 0.3174488
vt 0.8060032 0.3203684
vt 0.8653694 0.3164756
vt 0.8760747 0.260029
vt 0.8984587 0.2989577
vt 0.8478515 0.1957968
vt 0.683378 0.3193952
vt 0.01380538 0.2026093
vt 0.03716256 0.1617342
vt 0.06149296 0.2026093
vt 0.06635904 0.2211004
vt 0.05954653 0.2765737
vt 0.01575181 0.2765737
vt 0.008939296 0.2211004
vt 0.04786794 0.3583238
vt 0.02645718 0.3583238
vt 0.03716256 0.4254757
vt 0.8517444 0.2863059
vt 0.8206014 0.2648951
vt 0.7884853 0.2863059
vt 0.8040568 0.3038237
vt 0.7388513 0.3077166
vt 0.7388513 0.3174488
vt 0.8060032 0.3203684
vt 0.8653694 0.3164756
vt 0.8760747 0.260029
vt 0.8984587 0.2989577
vt 0.8478515 0.1957968
vt 0.683378 0.3193952
vt 0.6142796 0.0215911
vt 0.6142796 0.0031
vt 0.6862976 0.01185894
vt 0.5266902 0.0215911
vt 0.5266902 0.0031
vt 0.08387693 0.1588145
vt 0.09847517 0.1296181
vt 0.1588145 0.2211004
vt 0.2561362 0.1821717
vt 0.2872791 0.152002
vt 0.006992864 0.1257252
vt 0.2356986 0.2950648
vt 0.296038 0.2035825
vt 0.3106363 0.2318058
vt 0.1374038 0.2561362
vt 0.1062609 0.2259665
vt 0.3865471 0.1987164
vt 0.4274222 0.0215911
vt 0.4274222 0.0031
vt 0.5266902 0.0031
vt 0.5266902 0.0215911
vt 0.3865471 0.01185894
vt 0.2211004 0.0274304
vt 0.1724396 0.0274304
vt 0.1724396 0.01867146
vt 0.2211004 0.01867146
vt 0.2931184 0.01964467
vt 0.2931184 0.0274304
vt 0.4391008 0.02353754
vt 0.39044 0.2707344
vt 0.3651364 0.3242613
vt 0.282413 0.327181
vt 0.2298593 0.3086898
vt 0.5179312 0.2668416
vt 0.7349584 0.1432431
vt 0.8994319 0.1597878
vt 0.8497979 0.1860646
vt 0.7670745 0.1938503
vt 0.6084403 0.1558949
vt 0.8896998 0.04105543
vt 0.8896998 0.03229648
vt 0.9685302 0.03813578
vt 0.0031 0.2201272
vt 0.0031 0.1354574
vt 0.00796608 0.1354574
vt 0.00796608 0.2201272
vt 0.00796608 0.3583238
vt 0.0031 0.3583238
vt 0.005046432 0.5539402
vt 0.746637 0.1189127
vt 0.5860564 0.1179395
vt 0.6074671 0.04786794
vt 0.7923782 0.04300186
vt 0.4887348 0.1130734
vt 0.5335027 0.02548397
vt 0.9714499 0.09750196
vt 0.3875203 0.1169663
vt 0.2279129 0.1169663
vt 0.1821717 0.04202864
vt 0.3661096 0.04689472
vt 0.4858151 0.111127
vt 0.4410472 0.02353754
vt 0.0031 0.09652874
vt 0.9860482 0.3846007
vt 0.9733964 0.2794934
vt 0.9977267 0.2794934
vt 0.9889678 0.2298593
vt 0.9841017 0.2084486
vt 0.9938339 0.2084486
vt 0.005046432 0.04981437
vt 0.00796608 0.1354574
vt 0.0031 0.1354574
vt 0.01283216 0.4887348
vt 0.111127 0.5023598
vt 0.01088573 0.4653776
vt 0.01283216 0.5159848
vt 0.111127 0.5023598
vt 0.01283216 0.4887348
vt 0.01283216 0.5159848
vt 0.01088573 0.539342
vt 0.111127 0.5023598
vt 0.2201272 0.5169581
vt 0.1179395 0.503333
vt 0.2201272 0.489708
vt 0.9334945 0.7573424
vt 0.9334945 0.7184138
vt 0.9636642 0.7184138
vt 0.9636642 0.7573424
vt 0.9334945 0.6736458
vt 0.9636642 0.6736458
vt 0.9334945 0.5734046
vt 0.9636642 0.5734046
vt 0.9373873 0.5130652
vt 0.9597713 0.5130652
vt 0.9597713 0.4819223
vt 0.9597713 0.5130652
vt 0.9373873 0.5130652
vt 0.9373873 0.4819223
vt 0.7485834 0.4974937
vt 0.5948153 0.4955473
vt 0.5948153 0.4790026
vt 0.7485834 0.4780294
vt 0.8098961 0.4819223
vt 0.8098961 0.4926277
vt 0.7923782 0.4926277
vt 0.7923782 0.4819223
vt 0.9587981 0.8021103
vt 0.9850749 0.8021103
vt 0.9831285 0.8799676
vt 0.9597713 0.8799676
vt 0.9782624 0.9422534
vt 0.9656106 0.9422534
vt 0.2629487 0.4575919
vt 0.2863059 0.4507794
vt 0.2833862 0.5189044
vt 0.2337522 0.5091723
vt 0.260029 0.6006546
vt 0.2211004 0.6064939
vt 0.1811985 0.58411
vt 0.07998406 0.5685385
vt 0.03229648 0.5383688
vt 0.01769824 0.5646456
vt 0.7485834 0.4780294
vt 0.7923782 0.4819223
vt 0.7923782 0.4926277
vt 0.7485834 0.4974937
vt 0.5519938 0.1198859
vt 0.575351 0.1266984
vt 0.6045474 0.1782789
vt 0.5549135 0.188011
vt 0.5782706 0.2697612
vt 0.6171993 0.2756005
vt 0.6561279 0.2532165
vt 0.7573424 0.237645
vt 0.80503 0.2065021
vt 0.8206014 0.2337522
vt 0.8809408 0.2502969
vt 0.8809408 0.2133147
vt 0.9169498 0.1773057
vt 0.9101373 0.2502969
vt 0.9315481 0.2065021
vt 0.9704767 0.1412967
vt 0.9704767 0.1695199
vt 0.3661096 0.5422617
vt 0.4021186 0.6162261
vt 0.3729221 0.6162261
vt 0.3661096 0.5422617
vt 0.3515113 0.5714581
vt 0.3125827 0.5354491
vt 0.3125827 0.5072259
vt 0.4021186 0.6162261
vt 0.3661096 0.5422617
vt 0.4021186 0.5792438
vt 0.6541815 0.503333
vt 0.6541815 0.5305831
vt 0.6308243 0.5169581
vt 0.6541815 0.503333
vt 0.6950566 0.503333
vt 0.6950566 0.5305831
vt 0.6541815 0.5305831
vt 0.7388513 0.5305831
vt 0.7388513 0.503333
vt 0.9159766 0.8527176
vt 0.9150034 0.6765655
vt 0.926682 0.8527176
vt 0.904298 0.8527176
vt 0.9091641 0.6765655
vt 0.8935926 0.8517444
vt 0.9033248 0.6765655
vt 0.926682 0.8527176
vt 0.9218159 0.6765655
vt 0.9354409 0.8517444
vt 0.4877616 0.8721819
vt 0.4692705 0.8021103
vt 0.4916545 0.7894585
vt 0.5052794 0.7933514
vt 0.5792438 0.8721819
vt 0.5626992 0.7933514
vt 0.5987082 0.8021103
vt 0.575351 0.7894585
vt 0.5519938 0.7845924
vt 0.5159848 0.7845924
vt 0.6901905 0.9938339
vt 0.6901905 0.9441999
vt 0.7729138 0.9441999
vt 0.7719406 0.981182
vt 0.6074671 0.9441999
vt 0.6084403 0.981182
vt 0.8371461 0.9461463
vt 0.877048 0.9461463
vt 0.8751015 0.9860482
vt 0.8390926 0.9860482
vt 0.7583156 0.9159766
vt 0.769021 0.8974855
vt 0.7875121 0.9422534
vt 0.8643962 0.9422534
vt 0.9315481 0.8974855
vt 0.9334945 0.9150034
vt 0.5821635 0.8595301
vt 0.7495567 0.8595301
vt 0.7446906 0.8965123
vt 0.5821635 0.8965123
vt 0.5792438 0.9461463
vt 0.4877616 0.9461463
vt 0.4877616 0.8721819
vt 0.5792438 0.8721819
vt 0.6843512 0.8021103
vt 0.688244 0.8021103
vt 0.6872708 0.8157353
vt 0.5335027 0.9860482
vt 0.4877616 0.9461463
vt 0.5792438 0.9461463
vt 0.9198695 0.8585569
vt 0.9198695 0.895539
vt 0.7563692 0.895539
vt 0.7524763 0.8585569
vt 0.7563692 0.9169498
vt 0.7271727 0.9432266
vt 0.7456638 0.8984587
vt 0.5821635 0.8984587
vt 0.5802171 0.9159766
vt 0.6493154 0.9432266
vt 0.9383606 0.9802089
vt 0.9013783 0.9879946
vt 0.9004051 0.9461463
vt 0.9373873 0.9432266
vt 0.9276552 0.9938339
vt 0.8128157 0.9879946
vt 0.7758335 0.9802089
vt 0.7768067 0.9432266
vt 0.8137889 0.9461463
vt 0.7865388 0.9938339
vt 0.6561279 0.4741366
vt 0.7446906 0.4741366
vt 0.7446906 0.4459133
vt 0.6561279 0.4459133
vt 0.6016278 0.4459133
vt 0.6016278 0.4741366
vt 0.7446906 0.4741366
vt 0.7709674 0.4605115
vt 0.7446906 0.4459133
vt 0.4731633 0.5286366
vt 0.3914132 0.4663508
vt 0.3826542 0.5013866
vt 0.4429936 0.5656188
vt 0.3826542 0.4653776
vt 0.4721901 0.6220654
vt 0.4790026 0.5967618
vt 0.5091723 0.5597795
vt 0.5091723 0.5967618
vt 0.4790026 0.6103868
vt 0.5013866 0.6220654
vt 0.5013866 0.6103868
vt 0.7982175 0.5646456
vt 0.8254675 0.5782706
vt 0.8254675 0.5500474
vt 0.5675653 0.4605115
vt 0.6016278 0.4741366
vt 0.6016278 0.4459133
vt 0.575351 0.4459133
vt 0.575351 0.4741366
vt 0.5344759 0.5169581
vt 0.4449401 0.489708
vt 0.4449401 0.453699
vt 0.453699 0.453699
vt 0.5043062 0.5539402
vt 0.5344759 0.6094136
vt 0.5412884 0.5850831
vt 0.5704849 0.5850831
vt 0.5704849 0.5481009
vt 0.5412884 0.5987082
vt 0.5626992 0.5987082
vt 0.5626992 0.6094136
vt 0.8634229 0.5500474
vt 0.8887265 0.5646456
vt 0.881914 0.5500474
vt 0.8634229 0.5782706
vt 0.881914 0.5782706
vt 0.8527176 0.5500474
vt 0.8254675 0.5500474
vt 0.8254675 0.5782706
vt 0.8527176 0.5782706
vt 0.8527176 0.5782706
vt 0.8634229 0.5782706
vt 0.8634229 0.5500474
vt 0.8527176 0.5500474
vt 0.7544227 0.5432349
vt 0.7729138 0.5432349
vt 0.7729138 0.5354491
vt 0.7544227 0.5354491
vt 0.7904317 0.5354491
vt 0.7904317 0.5432349
vt 0.9159766 0.8527176
vt 0.9150034 0.6765655
vt 0.926682 0.8527176
vt 0.904298 0.8527176
vt 0.9091641 0.6765655
vt 0.8935926 0.8517444
vt 0.9033248 0.6765655
vt 0.926682 0.8527176
vt 0.9218159 0.6765655
vt 0.9354409 0.8517444
vt 0.9188963 0.304797
vt 0.9101373 0.3446988
vt 0.8313068 0.3554042
vt 0.818655 0.3291274
vt 0.7271727 0.3388595
vt 0.7320388 0.4001721
vt 0.683378 0.4060114
vt 0.7028423 0.440074
vt 0.2697612 0.3554042
vt 0.1909307 0.345672
vt 0.1821717 0.3057702
vt 0.282413 0.3301006
vt 0.4283954 0.3262077
vt 0.3690292 0.4011454
vt 0.4332615 0.3777882
vt 0.3982257 0.4410472
vt 0.3437256 0.00796608
vt 0.3437256 0.01283216
vt 0.2454308 0.01477859
vt 0.2454308 0.006019648
vt 0.1062609 0.01477859
vt 0.1062609 0.006019648
vt 0.9159766 0.3797346
vt 0.9159766 0.3914132
vt 0.8595301 0.3914132
vt 0.8595301 0.3797346
vt 0.9062445 0.3612435
vt 0.940307 0.3417792
vt 0.9568517 0.3641632
vt 0.8595301 0.3797346
vt 0.8595301 0.3914132
vt 0.8206014 0.3855739
vt 0.4955473 0.3914132
vt 0.4858151 0.4137972
vt 0.4702437 0.3982257
vt 0.9646374 0.4060114
vt 0.953932 0.3836275
vt 0.9802089 0.39044
vt 0.3301006 0.1422699
vt 0.2483504 0.147136
vt 0.273654 0.1393502
vt 0.3826542 0.01088573
vt 0.3437256 0.01283216
vt 0.3437256 0.00796608
vt 0.4283954 0.3262077
vt 0.4741366 0.354431
vt 0.4332615 0.3777882
vt 0.6571012 0.354431
vt 0.7271727 0.3388595
vt 0.683378 0.4060114
vt 0.3408059 0.9373873
vt 0.3213416 0.8848337
vt 0.3446988 0.8692622
vt 0.3573506 0.8741283
vt 0.4303418 0.9373873
vt 0.4137972 0.8741283
vt 0.4488329 0.8848337
vt 0.426449 0.8692622
vt 0.368056 0.8634229
vt 0.4030918 0.8634229
vt 0.3943329 0.9870214
vt 0.3943329 0.9383606
vt 0.4790026 0.9383606
vt 0.4780294 0.9743695
vt 0.3106363 0.9383606
vt 0.3106363 0.9743695
vt 0.09068944 0.7505299
vt 0.08776979 0.6999226
vt 0.1393502 0.6999226
vt 0.1364306 0.7505299
vt 0.01088573 0.8001639
vt 0.04689472 0.8001639
vt 0.04689472 0.9918875
vt 0.01088573 0.9860482
vt 0.102368 0.8351997
vt 0.2454308 0.8809408
vt 0.1315645 0.881914
vt 0.08679657 0.8663426
vt 0.2901987 0.8439586
vt 0.304797 0.9860482
vt 0.1948235 0.9860482
vt 0.1948235 0.895539
vt 0.304797 0.895539
vt 0.147136 0.9412802
vt 0.1948235 0.895539
vt 0.1948235 0.9860482
vt 0.08485015 0.9850749
vt 0.04884115 0.9909142
vt 0.04884115 0.8001639
vt 0.08485015 0.8011371
vt 0.268788 0.80503
vt 0.4566187 0.796271
vt 0.3145291 0.8420122
vt 0.4731633 0.8274139
vt 0.4283954 0.8420122
vt 0.05565367 0.7524763
vt 0.01380538 0.7515031
vt 0.009912512 0.6960298
vt 0.05954653 0.6999226
vt 0.2133147 0.7515031
vt 0.1685467 0.6999226
vt 0.2172075 0.6960298
vt 0.1714664 0.7524763
vt 0.9101373 0.8527176
vt 0.9140301 0.6765655
vt 0.9208426 0.8527176
vt 0.8984587 0.8517444
vt 0.890673 0.8517444
vt 0.9325213 0.8517444
vt 0.9101373 0.8527176
vt 0.9140301 0.6765655
vt 0.9208426 0.8527176
vt 0.8984587 0.8517444
vt 0.890673 0.8517444
vt 0.9325213 0.8517444
vt 0.07511798 0.3573506
vt 0.05954653 0.4361811
vt 0.124752 0.3631899
vt 0.1052877 0.3028505
vt 0.05954653 0.318422
vt 0.08776979 0.2668416
vt 0.0760912 0.2415379
vt 0.02353754 0.4468865
vt 0.9733964 0.2794934
vt 0.9977267 0.2794934
vt 0.9987 0.2337522
vt 0.9724231 0.2337522
vt 0.2590558 0.4099043
vt 0.2230468 0.3923864
vt 0.1685467 0.4225561
vt 0.2074753 0.4381276
vt 0.1627074 0.3729221
vt 0.08971623 0.4371544
vt 0.07901085 0.4741366
vt 0.2843594 0.4215829
vt 0.1529753 0.6055207
vt 0.1529753 0.5811903
vt 0.08095728 0.5909225
vt 0.08095728 0.5957885
vt 0.05468045 0.5928689
vt 0.05468045 0.5938421
vt 0.02256432 0.5928689
vt 0.453699 0.1870378
vt 0.4663508 0.2191539
vt 0.5179312 0.2016361
vt 0.5422617 0.1763324
vt 0.4011454 0.2123414
vt 0.3729221 0.1811985
vt 0.3777882 0.1588145
vt 0.368056 0.1374038
vt 0.3933596 0.1636806
vt 0.4439669 0.1802253
vt 0.4566187 0.1481092
vt 0.5091723 0.174386
vt 0.5373955 0.1422699
vt 0.5325295 0.1198859
vt 0.9938339 0.2084486
vt 0.9967535 0.1685467
vt 0.9821553 0.1685467
vt 0.9841017 0.2084486
vt 0.9957803 0.1033413
vt 0.9821553 0.1033413
vt 0.9850749 0.0517608
vt 0.9938339 0.0517608
vt 0.9889678 0.01769824
vt 0.8206014 0.2648951
vt 0.7884853 0.2863059
vt 0.8040568 0.3038237
vt 0.8517444 0.2863059
vt 0.7388513 0.304797
vt 0.7388513 0.3106363
vt 0.8060032 0.3203684
vt 0.7388513 0.3174488
vt 0.8653694 0.3164756
vt 0.8984587 0.2989577
vt 0.8760747 0.260029
vt 0.8478515 0.1957968
vt 0.683378 0.3193952
vt 0.01380538 0.2026093
vt 0.06149296 0.2026093
vt 0.03716256 0.1617342
vt 0.01575181 0.2765737
vt 0.05954653 0.2765737
vt 0.06635904 0.2211004
vt 0.008939296 0.2211004
vt 0.02645718 0.3583238
vt 0.04786794 0.3583238
vt 0.03716256 0.4254757
vt 0.8206014 0.2648951
vt 0.8517444 0.2863059
vt 0.8040568 0.3038237
vt 0.7884853 0.2863059
vt 0.7388513 0.3077166
vt 0.8060032 0.3203684
vt 0.7388513 0.3174488
vt 0.8653694 0.3164756
vt 0.8760747 0.260029
vt 0.8984587 0.2989577
vt 0.8478515 0.1957968
vt 0.683378 0.3193952
vt 0.6142796 0.0215911
vt 0.6862976 0.01185894
vt 0.6142796 0.0031
vt 0.5266902 0.0031
vt 0.5266902 0.0215911
vt 0.08387693 0.1588145
vt 0.1588145 0.2211004
vt 0.09847517 0.1296181
vt 0.2561362 0.1821717
vt 0.2872791 0.152002
vt 0.006992864 0.1257252
vt 0.2356986 0.2950648
vt 0.3106363 0.2318058
vt 0.296038 0.2035825
vt 0.1374038 0.2561362
vt 0.1062609 0.2259665
vt 0.3865471 0.1987164
vt 0.4274222 0.0215911
vt 0.5266902 0.0215911
vt 0.5266902 0.0031
vt 0.4274222 0.0031
vt 0.3865471 0.01185894
vt 0.2211004 0.0274304
vt 0.2211004 0.01867146
vt 0.1724396 0.01867146
vt 0.1724396 0.0274304
vt 0.2931184 0.0274304
vt 0.2931184 0.01964467
vt 0.4391008 0.02353754
vt 0.39044 0.2707344
vt 0.2298593 0.3086898
vt 0.282413 0.327181
vt 0.3651364 0.3242613
vt 0.5179312 0.2668416
vt 0.8994319 0.1597878
vt 0.7349584 0.1432431
vt 0.7670745 0.1938503
vt 0.8497979 0.1860646
vt 0.6084403 0.1558949
vt 0.8896998 0.04105543
vt 0.9685302 0.03813578
vt 0.8896998 0.03229648
vt 0.00796608 0.1354574
vt 0.0031 0.1354574
vt 0.0031 0.2201272
vt 0.00796608 0.2201272
vt 0.0031 0.3583238
vt 0.00796608 0.3583238
vt 0.005046432 0.5539402
vt 0.7923782 0.04300186
vt 0.6074671 0.04786794
vt 0.5860564 0.1179395
vt 0.746637 0.1189127
vt 0.5335027 0.02548397
vt 0.4887348 0.1130734
vt 0.9714499 0.09750196
vt 0.1821717 0.04202864
vt 0.2279129 0.1169663
vt 0.3875203 0.1169663
vt 0.3661096 0.04689472
vt 0.4410472 0.02353754
vt 0.4858151 0.111127
vt 0.0031 0.09652874
vt 0.9860482 0.3846007
vt 0.9977267 0.2794934
vt 0.9733964 0.2794934
vt 0.9889678 0.2298593
vt 0.9938339 0.2084486
vt 0.9841017 0.2084486
vt 0.005046432 0.04981437
vt 0.0031 0.1354574
vt 0.00796608 0.1354574
vt 0.01283216 0.4887348
vt 0.01088573 0.4653776
vt 0.111127 0.5023598
vt 0.01283216 0.5159848
vt 0.01283216 0.4887348
vt 0.111127 0.5023598
vt 0.01283216 0.5159848
vt 0.111127 0.5023598
vt 0.01088573 0.539342
vt 0.2201272 0.5169581
vt 0.2201272 0.489708
vt 0.1179395 0.503333
vt 0.9334945 0.7184138
vt 0.9334945 0.7573424
vt 0.9636642 0.7573424
vt 0.9636642 0.7184138
vt 0.9636642 0.6736458
vt 0.9334945 0.6736458
vt 0.9636642 0.5734046
vt 0.9334945 0.5734046
vt 0.9373873 0.5130652
vt 0.9597713 0.5130652
vt 0.9373873 0.4819223
vt 0.9373873 0.5130652
vt 0.9597713 0.5130652
vt 0.9597713 0.4819223
vt 0.7485834 0.4780294
vt 0.5948153 0.4790026
vt 0.5948153 0.4955473
vt 0.7485834 0.4974937
vt 0.8098961 0.4926277
vt 0.8098961 0.4819223
vt 0.7923782 0.4819223
vt 0.7923782 0.4926277
vt 0.9831285 0.8799676
vt 0.9850749 0.8021103
vt 0.9587981 0.8021103
vt 0.9597713 0.8799676
vt 0.9656106 0.9422534
vt 0.9782624 0.9422534
vt 0.2833862 0.5189044
vt 0.2863059 0.4507794
vt 0.2629487 0.4575919
vt 0.2337522 0.5091723
vt 0.260029 0.6006546
vt 0.2211004 0.6064939
vt 0.1811985 0.58411
vt 0.07998406 0.5685385
vt 0.03229648 0.5383688
vt 0.01769824 0.5646456
vt 0.7923782 0.4926277
vt 0.7923782 0.4819223
vt 0.7485834 0.4780294
vt 0.7485834 0.4974937
vt 0.5519938 0.1198859
vt 0.5549135 0.188011
vt 0.6045474 0.1782789
vt 0.575351 0.1266984
vt 0.5782706 0.2697612
vt 0.6171993 0.2756005
vt 0.6561279 0.2532165
vt 0.7573424 0.237645
vt 0.80503 0.2065021
vt 0.8206014 0.2337522
vt 0.9101373 0.2502969
vt 0.9169498 0.1773057
vt 0.8809408 0.2133147
vt 0.8809408 0.2502969
vt 0.9315481 0.2065021
vt 0.9704767 0.1695199
vt 0.9704767 0.1412967
vt 0.3661096 0.5422617
vt 0.4021186 0.6162261
vt 0.4021186 0.5792438
vt 0.4021186 0.6162261
vt 0.3661096 0.5422617
vt 0.3729221 0.6162261
vt 0.3661096 0.5422617
vt 0.3515113 0.5714581
vt 0.3125827 0.5354491
vt 0.3125827 0.5072259
vt 0.6541815 0.503333
vt 0.6308243 0.5169581
vt 0.6541815 0.5305831
vt 0.6950566 0.503333
vt 0.6541815 0.503333
vt 0.6541815 0.5305831
vt 0.6950566 0.5305831
vt 0.7388513 0.503333
vt 0.7388513 0.5305831
vt 0.9159766 0.8527176
vt 0.926682 0.8527176
vt 0.9150034 0.6765655
vt 0.904298 0.8527176
vt 0.9091641 0.6765655
vt 0.8935926 0.8517444
vt 0.9033248 0.6765655
vt 0.926682 0.8527176
vt 0.9354409 0.8517444
vt 0.9218159 0.6765655
vt 0.4692705 0.8021103
vt 0.4877616 0.8721819
vt 0.5052794 0.7933514
vt 0.4916545 0.7894585
vt 0.5626992 0.7933514
vt 0.5792438 0.8721819
vt 0.5987082 0.8021103
vt 0.575351 0.7894585
vt 0.5159848 0.7845924
vt 0.5519938 0.7845924
vt 0.7729138 0.9441999
vt 0.6901905 0.9441999
vt 0.6901905 0.9938339
vt 0.7719406 0.981182
vt 0.6084403 0.981182
vt 0.6074671 0.9441999
vt 0.8390926 0.9860482
vt 0.8751015 0.9860482
vt 0.877048 0.9461463
vt 0.8371461 0.9461463
vt 0.7583156 0.9159766
vt 0.7875121 0.9422534
vt 0.769021 0.8974855
vt 0.8643962 0.9422534
vt 0.9334945 0.9150034
vt 0.9315481 0.8974855
vt 0.5821635 0.8965123
vt 0.7446906 0.8965123
vt 0.7495567 0.8595301
vt 0.5821635 0.8595301
vt 0.4877616 0.9461463
vt 0.5792438 0.9461463
vt 0.5792438 0.8721819
vt 0.4877616 0.8721819
vt 0.6843512 0.8021103
vt 0.6872708 0.8157353
vt 0.688244 0.8021103
vt 0.5335027 0.9860482
vt 0.5792438 0.9461463
vt 0.4877616 0.9461463
vt 0.9198695 0.895539
vt 0.9198695 0.8585569
vt 0.7524763 0.8585569
vt 0.7563692 0.895539
vt 0.7563692 0.9169498
vt 0.7456638 0.8984587
vt 0.7271727 0.9432266
vt 0.5821635 0.8984587
vt 0.5802171 0.9159766
vt 0.6493154 0.9432266
vt 0.9383606 0.9802089
vt 0.9373873 0.9432266
vt 0.9004051 0.9461463
vt 0.9013783 0.9879946
vt 0.9276552 0.9938339
vt 0.8137889 0.9461463
vt 0.7768067 0.9432266
vt 0.7758335 0.9802089
vt 0.8128157 0.9879946
vt 0.7865388 0.9938339
vt 0.6561279 0.4741366
vt 0.6561279 0.4459133
vt 0.7446906 0.4459133
vt 0.7446906 0.4741366
vt 0.6016278 0.4741366
vt 0.6016278 0.4459133
vt 0.7446906 0.4741366
vt 0.7446906 0.4459133
vt 0.7709674 0.4605115
vt 0.4731633 0.5286366
vt 0.4429936 0.5656188
vt 0.3826542 0.5013866
vt 0.3914132 0.4663508
vt 0.3826542 0.4653776
vt 0.4721901 0.6220654
vt 0.4790026 0.5967618
vt 0.5091723 0.5597795
vt 0.5091723 0.5967618
vt 0.4790026 0.6103868
vt 0.5013866 0.6103868
vt 0.5013866 0.6220654
vt 0.7982175 0.5646456
vt 0.8254675 0.5500474
vt 0.8254675 0.5782706
vt 0.6016278 0.4459133
vt 0.6016278 0.4741366
vt 0.5675653 0.4605115
vt 0.575351 0.4459133
vt 0.575351 0.4741366
vt 0.453699 0.453699
vt 0.4449401 0.453699
vt 0.4449401 0.489708
vt 0.5344759 0.5169581
vt 0.5043062 0.5539402
vt 0.5412884 0.5850831
vt 0.5704849 0.5481009
vt 0.5704849 0.5850831
vt 0.5344759 0.6094136
vt 0.5412884 0.5987082
vt 0.5626992 0.6094136
vt 0.5626992 0.5987082
vt 0.8634229 0.5500474
vt 0.881914 0.5500474
vt 0.8887265 0.5646456
vt 0.8634229 0.5782706
vt 0.881914 0.5782706
vt 0.8527176 0.5500474
vt 0.8527176 0.5782706
vt 0.8254675 0.5782706
vt 0.8254675 0.5500474
vt 0.8634229 0.5782706
vt 0.8527176 0.5782706
vt 0.8527176 0.5500474
vt 0.8634229 0.5500474
vt 0.7544227 0.5354491
vt 0.7729138 0.5354491
vt 0.7729138 0.5432349
vt 0.7544227 0.5432349
vt 0.7904317 0.5432349
vt 0.7904317 0.5354491
vt 0.9159766 0.8527176
vt 0.926682 0.8527176
vt 0.9150034 0.6765655
vt 0.904298 0.8527176
vt 0.9091641 0.6765655
vt 0.8935926 0.8517444
vt 0.9033248 0.6765655
vt 0.926682 0.8527176
vt 0.9354409 0.8517444
vt 0.9218159 0.6765655
vt 0.9188963 0.304797
vt 0.818655 0.3291274
vt 0.8313068 0.3554042
vt 0.9101373 0.3446988
vt 0.7271727 0.3388595
vt 0.7320388 0.4001721
vt 0.683378 0.4060114
vt 0.7028423 0.440074
vt 0.1909307 0.345672
vt 0.2697612 0.3554042
vt 0.282413 0.3301006
vt 0.1821717 0.3057702
vt 0.4283954 0.3262077
vt 0.3690292 0.4011454
vt 0.4332615 0.3777882
vt 0.3982257 0.4410472
vt 0.2454308 0.006019648
vt 0.2454308 0.01477859
vt 0.3437256 0.01283216
vt 0.3437256 0.00796608
vt 0.1062609 0.006019648
vt 0.1062609 0.01477859
vt 0.8595301 0.3797346
vt 0.8595301 0.3914132
vt 0.9159766 0.3914132
vt 0.9159766 0.3797346
vt 0.9062445 0.3612435
vt 0.9568517 0.3641632
vt 0.940307 0.3417792
vt 0.8595301 0.3797346
vt 0.8206014 0.3855739
vt 0.8595301 0.3914132
vt 0.4955473 0.3914132
vt 0.4702437 0.3982257
vt 0.4858151 0.4137972
vt 0.9646374 0.4060114
vt 0.9802089 0.39044
vt 0.953932 0.3836275
vt 0.3301006 0.1422699
vt 0.273654 0.1393502
vt 0.2483504 0.147136
vt 0.3826542 0.01088573
vt 0.3437256 0.00796608
vt 0.3437256 0.01283216
vt 0.4283954 0.3262077
vt 0.4332615 0.3777882
vt 0.4741366 0.354431
vt 0.6571012 0.354431
vt 0.683378 0.4060114
vt 0.7271727 0.3388595
vt 0.3573506 0.8741283
vt 0.3446988 0.8692622
vt 0.3213416 0.8848337
vt 0.3408059 0.9373873
vt 0.4303418 0.9373873
vt 0.4137972 0.8741283
vt 0.4488329 0.8848337
vt 0.426449 0.8692622
vt 0.4030918 0.8634229
vt 0.368056 0.8634229
vt 0.4790026 0.9383606
vt 0.3943329 0.9383606
vt 0.3943329 0.9870214
vt 0.4780294 0.9743695
vt 0.3106363 0.9743695
vt 0.3106363 0.9383606
vt 0.08776979 0.6999226
vt 0.09068944 0.7505299
vt 0.1364306 0.7505299
vt 0.1393502 0.6999226
vt 0.01088573 0.8001639
vt 0.01088573 0.9860482
vt 0.04689472 0.9918875
vt 0.04689472 0.8001639
vt 0.1315645 0.881914
vt 0.2454308 0.8809408
vt 0.102368 0.8351997
vt 0.08679657 0.8663426
vt 0.2901987 0.8439586
vt 0.304797 0.895539
vt 0.1948235 0.895539
vt 0.1948235 0.9860482
vt 0.304797 0.9860482
vt 0.147136 0.9412802
vt 0.1948235 0.9860482
vt 0.1948235 0.895539
vt 0.08485015 0.8011371
vt 0.04884115 0.8001639
vt 0.04884115 0.9909142
vt 0.08485015 0.9850749
vt 0.268788 0.80503
vt 0.3145291 0.8420122
vt 0.4566187 0.796271
vt 0.4283954 0.8420122
vt 0.4731633 0.8274139
vt 0.01380538 0.7515031
vt 0.05565367 0.7524763
vt 0.05954653 0.6999226
vt 0.009912512 0.6960298
vt 0.2133147 0.7515031
vt 0.2172075 0.6960298
vt 0.1685467 0.6999226
vt 0.1714664 0.7524763
vt 0.9101373 0.8527176
vt 0.9208426 0.8527176
vt 0.9140301 0.6765655
vt 0.8984587 0.8517444
vt 0.890673 0.8517444
vt 0.9325213 0.8517444
vt 0.9101373 0.8527176
vt 0.9208426 0.8527176
vt 0.9140301 0.6765655
vt 0.8984587 0.8517444
vt 0.890673 0.8517444
vt 0.9325213 0.8517444
vn 0.9686201 -0.2392139 0.06746751
vn 0.9686201 -0.247057 0.02716627
vn 0.9843062 -0.08235234 0.1560749
vn 0.960777 -0.2705862 -0.06075105
vn 0.9529339 -0.2784293 -0.1199755
vn 0.9450908 -0.3176447 -0.07684513
vn 0.9372478 -0.3333308 -0.1022606
vn 0.9843062 -0.04313695 0.1711154
vn -0.003921509 0.9215615 0.3882126
vn -0.003921509 0.9215615 0.3882126
vn -0.003921509 0.9215615 0.3882126
vn -0.003921509 0.9215615 0.3882126
vn -0.9607769 -0.2627431 -0.08873416
vn -0.9450908 -0.3176447 -0.07684591
vn -0.9529338 -0.2941154 -0.07357534
vn -0.9686199 -0.2392139 0.06746928
vn -0.9686199 -0.247057 0.02717065
vn -0.9843061 -0.08235234 0.1560757
vn -0.9843061 -0.04313695 0.1711161
vn -0.9372476 -0.3333308 -0.1022617
vn -0.003921509 0.9843061 -0.176426
vn -0.003921509 0.9843061 -0.176426
vn -0.003921509 0.3176446 -0.9482017
vn -0.003921509 0.3176446 -0.9482017
vn -0.003921509 -0.9137185 -0.4063288
vn -0.003921509 -0.9137185 -0.4063288
vn -0.003921509 -0.9137185 -0.4063288
vn -0.9764631 -0.2078416 0.05763467
vn -0.9764631 -0.1999985 -0.08074947
vn -0.9764631 -0.2078416 0.05763467
vn -0.9764631 -0.2078416 0.05763467
vn -0.9843061 -0.15294 -0.088039
vn -0.9764631 -0.1843123 -0.1120216
vn -0.9764631 -0.2156847 -8.631674E-05
vn 0.9764631 -0.1999985 -0.08074873
vn 0.9764631 -0.2078416 0.05763364
vn 0.9764631 -0.2078416 0.05763364
vn 0.9764631 -0.2078416 0.05763364
vn 0.9829164 -0.1840521 0
vn 0.9764631 -0.1843123 -0.112021
vn 0.9686201 -0.1999985 -0.1475661
vn -0.003921509 0.8980323 0.439912
vn -0.003921509 0.670583 0.7418242
vn -0.003921509 0.670583 0.7418242
vn -0.003921509 0.8980323 0.439912
vn -0.003921509 0.9921492 -0.1249981
vn -0.003921509 0.9921492 -0.1249981
vn -0.003921509 0.8588169 -0.5122677
vn -0.003921509 0.8588169 -0.5122677
vn -0.003921509 0.7019553 -0.7122102
vn 0.9215616 0.1450969 -0.3600988
vn 0.01176465 0.4039184 -0.9147193
vn -0.003921509 0.7882292 -0.6153693
vn 0.9686201 -0.07450926 -0.237115
vn -0.2549 0.2705861 -0.9283367
vn 0.7254847 0.1999984 -0.6585382
vn 0.9450908 0.1686261 -0.2799438
vn 0.9921493 0.06666613 -0.1058084
vn 0.9450908 -0.1999985 -0.2584645
vn -0.003921509 -0.9137185 -0.4063288
vn -0.003921509 -0.8196016 -0.5729204
vn -0.003921509 0.01176453 -0.9999231
vn -0.003921509 0.2862723 -0.9581403
vn -0.003921509 -0.2235277 0.9746897
vn -0.003921509 -0.4352908 0.9002814
vn -0.003921509 -0.2235277 0.9746897
vn -0.003921509 -0.2235277 0.9746897
vn -0.003921509 -0.03529388 0.9993693
vn -0.003921509 -0.03529388 0.9993693
vn -0.003921509 -0.2235277 0.9746897
vn -0.003921509 -0.0274508 0.9996155
vn -0.003921509 -0.0274508 0.9996155
vn -0.003921509 -0.06666619 0.9977676
vn -0.9686199 -0.07450926 -0.2371155
vn -0.003921509 0.7882292 -0.6153693
vn 0.01176465 0.4039184 -0.9147193
vn -0.9294046 0.1372538 -0.3425908
vn -0.2549 0.2705861 -0.9283367
vn -0.8274446 0.1921554 -0.5276474
vn -0.9921492 0.06666613 -0.1058089
vn -0.9450908 -0.1999985 -0.2584648
vn -0.003921509 -0.9137185 -0.4063288
vn -0.003921509 -0.8196016 -0.5729204
vn -0.003921509 0.01176453 -0.9999231
vn -0.003921509 0.2862723 -0.9581403
vn -0.003921509 -0.8509739 -0.5251933
vn -0.003921509 -0.8509739 -0.5251933
vn -0.003921509 -0.9215616 -0.3882124
vn -0.003921509 -0.7725431 -0.6349502
vn -0.003921509 -0.7725431 -0.6349502
vn -0.9215615 0.3725461 0.1092421
vn 0.05882311 0.9529338 0.2974173
vn -0.9843061 0.1607831 0.07273465
vn -0.9607769 0.2705861 -0.06075227
vn -0.003921509 0.9999923 -0.000345267
vn -0.003921509 0.9921492 0.1249981
vn 0.9921493 0.09803843 0.07764179
vn 0.05882311 0.9529338 0.2974173
vn 0.9604816 0.2783436 0
vn 0.9686201 0.2392138 0.06746773
vn -0.003921509 0.9999923 -0.000345267
vn -0.003921509 0.9921492 0.1249981
vn -0.003921509 -0.8509739 0.5251933
vn -0.003921509 -0.8509739 0.5251933
vn -0.003921509 -0.9294047 0.3690414
vn -0.003921509 -0.9294047 0.3690414
vn -0.003921509 -0.7254847 0.6882271
vn -0.003921509 0.7960722 0.6051889
vn -0.003921509 0.670583 0.7418242
vn -0.003921509 0.670583 0.7418242
vn -0.003921509 0.7960722 0.6051889
vn -0.003921509 0.9529338 0.3031532
vn -0.003921509 0.9529338 0.3031532
vn -0.003921509 0.9921492 0.1249981
vn -0.9982743 -0.05872206 0
vn -0.9982743 -0.05872206 0
vn -0.9990709 -0.04309721 0
vn -0.9993777 -0.03527219 0
vn -0.9977852 -0.06651905 0
vn 0.9972357 -0.07430387 0
vn 0.9990709 -0.04309721 0
vn 0.9990709 -0.04309721 0
vn 0.9972357 -0.07430387 0
vn 0.9921493 -0.08235234 -0.09411628
vn -0.003921509 -0.960777 -0.2772944
vn -0.003921509 -0.960777 -0.2772944
vn -0.003921509 -0.960777 -0.2772944
vn -0.003921509 0.7176415 0.6964017
vn -0.003921509 0.6941123 0.7198561
vn -0.003921509 0.6941123 0.7198561
vn -0.003921509 0.7176415 0.6964017
vn -0.003921509 0.7646999 0.6443746
vn -0.003921509 0.7646999 0.6443746
vn -0.003921509 0.7882292 0.6153693
vn -0.9993777 -0.03527219 0
vn -0.9993777 -0.03527219 0
vn -0.9993777 -0.03527219 0
vn -0.9996234 -0.02744067 0
vn -0.9993777 -0.03527219 0
vn -0.9993777 -0.03527219 0
vn -0.9996234 -0.02744067 0
vn 0.9993777 -0.03527218 0
vn 0.9993777 -0.03527218 0
vn 0.9996234 -0.02744067 0
vn 0.9993777 -0.03527218 0
vn 0.9993777 -0.03527218 0
vn 0.9993777 -0.03527218 0
vn 0.9996234 -0.02744067 0
vn -0.003921509 0.8431307 -0.5376944
vn -0.003921509 0.8431307 -0.5376944
vn -0.003921509 0.8431307 -0.5376944
vn -0.003921509 -0.1999985 0.9797884
vn -0.003921509 -0.1999985 0.9797884
vn -0.003921509 -0.1999985 0.9797884
vn -0.003921509 -0.9450908 0.3267842
vn -0.003921509 -0.9450908 0.3267842
vn -0.003921509 -0.9450908 0.3267842
vn -0.8039154 0.5843092 0.1109181
vn -0.3176446 -0.3803893 0.8685654
vn -0.8039154 0.5843092 0.1109181
vn 0.5843093 0.6941123 0.420465
vn -0.08235228 -0.09803849 0.9917694
vn 0.5843093 0.6941123 0.420465
vn 0.7176416 -0.6862693 0.1184272
vn 0.7176416 -0.6862693 0.1184272
vn -0.3176446 -0.3803893 0.8685654
vn -0.6313677 -0.7490139 -0.2008807
vn -0.08235228 -0.09803849 0.9917694
vn -0.6313677 -0.7490139 -0.2008807
vn -0.09803843 -0.1215677 0.9877295
vn 0.1137246 0.1372538 0.9839858
vn 0.1137246 0.1372538 0.9839858
vn -0.09803843 -0.1215677 0.9877295
vn 0.2156847 0.2549 0.942606
vn 0.2156847 0.2549 0.942606
vn 0.06666619 0.08235228 0.9943711
vn 0.06666619 0.08235228 0.9943711
vn 0.03529388 0.04313684 0.9984456
vn 0.03529388 0.04313684 0.9984456
vn 0.5686231 0.670583 -0.4764307
vn 0.5686231 0.670583 -0.4764307
vn 0.5686231 0.670583 -0.4764307
vn 0.5686231 0.670583 -0.4764307
vn 0.09803849 0.1137246 -0.9886633
vn 0.09803849 0.1137246 -0.9886633
vn 0.09803849 0.1137246 -0.9886633
vn 0.09803849 0.1137246 -0.9886633
vn 0.1843123 0.2156845 -0.9589104
vn 0.1843123 0.2156845 -0.9589104
vn 0.1843123 0.2156845 -0.9589104
vn 0.1843123 0.2156845 -0.9589104
vn -0.6156815 -0.7333277 0.2883864
vn -0.6156815 -0.7333277 0.2883864
vn -0.6313677 -0.756857 0.168945
vn -0.6313677 -0.756857 0.168945
vn -0.6392107 -0.7647001 0.08150788
vn -0.6392107 -0.7647001 0.08150788
vn 0.7725431 -0.6313677 -0.06746746
vn 0.7803862 -0.6235247 -0.0470568
vn 0.7633862 -0.6459422 0
vn 0.756857 -0.6470539 -0.09213454
vn 0.7647001 -0.6392108 -0.08150696
vn 0.7633862 -0.6459422 0
vn 0.7633862 -0.6459422 0
vn 0.7803862 -0.6235247 -0.0470568
vn 0.7960724 -0.5999954 -0.07921037
vn 0.8039154 -0.5921524 -0.05545755
vn 0.5686231 0.670583 -0.4764307
vn 0.5686231 0.670583 -0.4764307
vn 0.5686231 0.670583 -0.4764307
vn 0.5686231 0.670583 -0.4764307
vn -0.7490138 0.6548969 -0.1004414
vn -0.7568569 0.6470538 -0.09213535
vn -0.7704607 0.6374876 0
vn -0.7646999 0.6392107 -0.08150897
vn -0.7633862 0.6459423 0
vn -0.7646999 0.6392107 -0.08150897
vn -0.7704607 0.6374876 0
vn -0.7489218 0.6626585 0
vn -0.7333276 0.6784261 -0.04436815
vn -0.7254846 0.6862692 -0.05202631
vn 0.9372478 -0.3098016 -0.1599676
vn 0.9999924 0.003921509 0
vn 0.6627401 0.3568599 -0.6583514
vn 0.960777 -0.1607831 -0.2259566
vn 0.9294047 -0.2078416 -0.3049735
vn 0.4039185 0.45882 -0.7914127
vn 0.8745031 -0.1607831 -0.4575949
vn -0.3333308 0.9137185 -0.2323988
vn -0.3333308 0.9137185 -0.2323988
vn -0.3254876 0.9137185 -0.243262
vn 0.6627401 0.3568599 -0.6583514
vn -0.3647031 0.8901892 -0.2730475
vn -0.4274477 0.7882292 -0.4426999
vn 0.4039185 0.45882 -0.7914127
vn -0.7646999 0.6392107 -0.08150897
vn -0.7646999 0.6392107 -0.08150897
vn 0.9999924 0.003921509 0
vn -0.003921509 0.003921509 0.9999846
vn -0.003921509 0.003921509 0.9999846
vn -0.003921509 0.003921509 0.9999846
vn -0.5843092 -0.6941124 0.420465
vn -0.5215646 -0.6235247 0.5823979
vn -0.5215646 -0.6235247 0.5823979
vn -0.5843092 -0.6941124 0.420465
vn -0.4431338 -0.5294077 0.7234361
vn -0.4431338 -0.5294077 0.7234361
vn 0.3803893 0.03529382 0.9241527
vn -0.003921509 0.9999923 -0.000345267
vn 0.9215616 0.03529382 -0.3866246
vn -0.9215615 0.03529382 0.3866248
vn -0.003921509 0.9999923 -0.000345267
vn -0.3803892 0.03529382 -0.9241528
vn -0.003921509 0.9999923 -0.000345267
vn 0.9215616 0.03529382 -0.3866246
vn -0.003921509 0.9999923 -0.000345267
vn -0.3803892 0.03529382 -0.9241528
vn 0.01176465 0.3019584 0.9532485
vn 0.0274508 0.3176446 0.9478124
vn -0.003921509 0.4431338 0.8964469
vn 0.01176465 0.3490169 0.9370426
vn -0.01176453 0.3019584 0.9532485
vn -0.01176453 0.3490169 0.9370426
vn -0.02745068 0.3176446 0.9478124
vn 0.003921568 0.4431338 0.8964469
vn -0.003921509 0.466663 0.8844265
vn -0.003921509 0.466663 0.8844265
vn -0.003921509 -0.9999924 0
vn -0.003921509 -0.9999924 0
vn -0.2231436 -0.9747855 0
vn -0.2231436 -0.9747855 0
vn 0.2156847 -0.9764631 0
vn 0.2231437 -0.9747855 0
vn -0.003921509 0.9921492 0.1249981
vn -0.003921509 0.9921492 0.1249981
vn 0.003921568 0.9921492 0.1249981
vn 0.003921568 0.9921492 0.1249981
vn 0.003921568 -0.7490139 0.6625427
vn -0.5999954 -0.3333308 0.7272525
vn -0.5843092 -0.35686 0.7288578
vn -0.7411708 0.003921509 0.6713051
vn -0.7490138 -0.003921568 0.6625428
vn -0.7490138 -0.003921568 0.6625428
vn -0.9999923 0.003921509 -0.0003449296
vn -0.9999923 0.003921509 -0.0003449296
vn -0.9999923 0.003921509 -0.0003449296
vn -0.9999923 0.003921509 -0.0003449296
vn -0.003921509 -0.003921568 0.9999846
vn -0.003921509 -0.003921568 0.9999846
vn -0.003921509 -0.003921568 0.9999846
vn -0.003921509 -0.003921568 0.9999846
vn 0.6784262 -0.2392139 -0.6946327
vn 0.6784262 -0.2392139 -0.6946327
vn 0.6784262 -0.2392139 -0.6946327
vn -0.003921509 -0.4901924 0.8716055
vn -0.003921509 -0.4901924 0.8716055
vn -0.003921509 -0.4901924 0.8716055
vn 0.9999924 0.003921509 0
vn 0.9999924 0.003921509 0
vn 0.9999924 0.003921509 0
vn 0.9999924 0.003921509 0
vn 0.003921568 -0.7490139 0.6625427
vn 0.5843093 -0.35686 0.7288578
vn 0.5999954 -0.3333308 0.7272524
vn 0.7490139 -0.003921568 0.6625427
vn 0.7490139 -0.003921568 0.6625427
vn 0.7411708 -0.003921568 0.6713051
vn 0.3882324 0.9058753 0.169309
vn 0.3882324 0.9137185 0.1199759
vn 0.3882324 0.9137185 0.1199759
vn 0.3960754 0.9137185 0.09079012
vn 0.3960754 0.8901892 0.2251388
vn -0.3882322 0.9137185 0.1199762
vn -0.3882322 0.9058753 0.1693092
vn -0.3960754 0.9137185 0.09079012
vn -0.3882322 0.9137185 0.1199762
vn -0.3960754 0.8901892 0.2251388
vn -0.4980353 -0.5921524 0.6334954
vn -0.4039184 -0.4823493 0.777296
vn -0.4039184 -0.4823493 0.777296
vn -0.4980353 -0.5921524 0.6334954
vn -0.5686231 -0.6784262 0.4651943
vn -0.5686231 -0.6784262 0.4651943
vn -0.6392107 -0.7647001 -0.08150788
vn -0.6392107 -0.7647001 -0.08150788
vn -0.6392107 -0.7647001 -0.08150788
vn 0.4039185 0.4823492 -0.777296
vn 0.09803849 0.3647031 -0.9259483
vn 0.8352877 -0.450977 -0.3145062
vn 0.858817 -0.450977 -0.2430086
vn 0.1058816 0.2235277 -0.9689295
vn 0.7647001 -0.6392108 -0.08150696
vn 0.8039154 -0.5686231 -0.1743207
vn 0.3098016 0.3647031 -0.8780744
vn 0.6784262 -0.5764662 -0.4554389
vn 0.7647001 -0.6392108 -0.08150696
vn 0.9972357 -0.07430387 0
vn 0.9972357 -0.07430387 0
vn 0.6392108 0.7646999 -0.08150824
vn 0.6392108 0.7646999 -0.08150824
vn 0.6392108 0.7646999 -0.08150824
vn -0.003921509 0.003921509 0.9999846
vn -0.003921509 0.003921509 0.9999846
vn -0.003921509 0.003921509 0.9999846
vn -0.003921509 0.003921509 0.9999846
vn -0.003921509 0.003921509 0.9999846
vn 0.4039185 0.4823492 -0.777296
vn -0.5372508 0.7646999 -0.3558029
vn 0.1058816 0.2235277 -0.9689295
vn 0.09803849 0.3647031 -0.9259483
vn -0.5921522 0.7646999 -0.2541452
vn -0.7646999 0.6392107 -0.08150897
vn -0.7019553 0.6862692 -0.1905083
vn -0.6862692 0.5686231 -0.4535443
vn 0.3098016 0.3647031 -0.8780744
vn -0.7646999 0.6392107 -0.08150897
vn -0.2470568 0.9686199 -0.02717209
vn -0.2470568 0.9686199 -0.02717209
vn -0.003921509 0.003921509 -0.9999846
vn -0.003921509 0.003921509 -0.9999846
vn -0.003921509 0.003921509 -0.9999846
vn -0.003921509 0.003921509 -0.9999846
vn -0.003921509 0.003921509 -0.9999846
vn 0.003921568 0.003921509 0.9999846
vn 0.003921568 0.003921509 0.9999846
vn 0.003921568 0.003921509 0.9999846
vn 0.003921568 0.003921509 0.9999846
vn 0.6392108 0.7646999 0.08150824
vn 0.6392108 0.7646999 0.08150824
vn 0.6392108 0.7646999 0.08150824
vn 0.6392108 0.7646999 0.08150824
vn 0.9972357 -0.07430387 0
vn 0.6392108 0.7646999 -0.08150824
vn 0.6392108 0.7646999 -0.08150824
vn 0.9972357 -0.07430387 0
vn -0.2470568 0.9686199 -0.02717209
vn -0.2470568 0.9686199 -0.02717209
vn 0.3803893 0.03529382 0.9241527
vn -0.003921509 0.9999923 -0.000345267
vn 0.9215616 0.03529382 -0.3866246
vn -0.9215615 0.03529382 0.3866248
vn -0.003921509 0.9999923 -0.000345267
vn -0.3803892 0.03529382 -0.9241528
vn -0.003921509 0.9999923 -0.000345267
vn 0.9215616 0.03529382 -0.3866246
vn -0.003921509 0.9999923 -0.000345267
vn -0.3803892 0.03529382 -0.9241528
vn -0.9916004 0.1293392 0
vn -0.9843061 0.1372538 0.1109185
vn -0.9607769 0.2078415 0.1836017
vn -0.9764631 0.1843122 0.1120218
vn -0.8117584 -0.5764662 0.09346139
vn -0.9921492 0.09803843 0.07764255
vn -0.9921492 0.08235228 0.09411696
vn -0.9998079 0.01960405 0
vn 0.9686201 0.1843122 0.1667458
vn 0.9843062 0.1372538 0.1109175
vn 0.9916005 0.1293392 0
vn 0.9686201 0.1843122 0.1667458
vn 0.9843062 0.1686261 -0.05202432
vn 0.9829165 0.184052 0
vn 0.9686201 0.2078415 -0.1362977
vn 0.9670746 0.2544933 0
vn -0.003921509 -0.7725431 -0.6349502
vn -0.003921509 -0.7725431 -0.6349502
vn -0.003921509 -0.6862693 -0.727337
vn -0.003921509 -0.6862693 -0.727337
vn -0.003921509 -0.5843093 -0.8115216
vn -0.003921509 -0.5843093 -0.8115216
vn -0.003921509 -0.9999924 0
vn -0.8117584 -0.5764662 0.09346139
vn -0.2862723 -0.9529339 0.09982575
vn -0.1999984 -0.9764631 -0.08074894
vn 0.8745031 0.0901953 0.4765596
vn 0.8745031 0.0901953 0.4765596
vn 0.858817 0.1921554 0.4748786
vn 0.145097 -0.7725431 -0.6181617
vn 0.145097 -0.7725431 -0.6181617
vn 0.145097 -0.7725431 -0.6181617
vn -0.9058753 0.1137246 0.4079909
vn -0.9058753 0.1137246 0.4079909
vn -0.9058753 0.1137246 0.4079909
vn 0.8431308 0.1843122 0.505133
vn 0.8431308 0.1843122 0.505133
vn 0.8431308 0.1843122 0.505133
vn 0.8745031 0.003921509 0.485004
vn 0.8745031 0.0901953 0.4765596
vn 0.8745031 0.0901953 0.4765596
vn -0.003921509 0.9137185 -0.4063289
vn -0.003921509 0.9137185 -0.4063289
vn -0.003921509 0.9137185 -0.4063289
vn 0.9764631 -0.2156847 0
vn 0.9764631 -0.2156847 0
vn 0.9764631 -0.2156847 0
vn -0.9117017 0.4108527 0
vn -0.9117017 0.4108527 0
vn -0.9117017 0.4108527 0
vn -0.670583 0.6392107 0.3764679
vn -0.5921522 0.7176415 0.3665331
vn -0.6784261 0.7176415 0.1572535
vn -0.6784261 0.6470538 0.3479357
vn -0.7490138 0.5450938 0.3766313
vn -0.7568569 0.5529369 0.3484657
vn -0.8117584 0.45882 0.3612928
vn -0.8274446 0.5450938 0.1349381
vn -0.7019553 0.5921522 0.3957455
vn -0.7019553 0.5921522 0.3957455
vn -0.003921509 0.003921509 -0.9999846
vn -0.01176453 0.003921509 -0.9999231
vn 0.1686262 0.2235277 -0.9600003
vn 0.1686262 0.2235277 -0.9600003
vn -0.1921554 -0.2078416 -0.9591028
vn -0.1921554 -0.2078416 -0.9591028
vn -0.1372538 0.1137246 0.9839858
vn -0.1372538 0.1137246 0.9839858
vn -0.1372538 0.1137246 0.9839858
vn -0.1372538 0.1137246 0.9839858
vn 0.6235247 0.7803861 0.04705901
vn 0.6068687 0.7948022 0
vn 0.5215647 0.8509738 0.061756
vn 0.5372508 0.8431307 0.02218458
vn -0.2078415 0.9215615 -0.327912
vn -0.03527213 0.9993777 0
vn -0.1843122 0.9450908 -0.2698748
vn -0.5843092 0.4901923 -0.6467567
vn -0.03527213 0.9993777 0
vn -0.7646999 0.6392107 -0.08150897
vn -0.7646999 0.6392107 -0.08150897
vn -0.7646999 0.6392107 -0.08150897
vn -0.7646999 0.6392107 -0.08150897
vn -0.7019553 0.5921522 -0.3957455
vn -0.7019553 0.5921522 -0.3957455
vn -0.7019553 0.5921522 -0.3957455
vn -0.73764 -0.6751943 0
vn -0.7489216 -0.6626585 0
vn -0.6784261 -0.7333277 0.04436647
vn -0.6626585 -0.7489218 0
vn -0.9905662 -0.1370349 0
vn -0.9450908 0.04313684 -0.3239485
vn -0.9905662 -0.1370349 0
vn -0.5843092 0.4901923 -0.6467567
vn -0.9607769 0.01960766 -0.2766283
vn 0.1999985 0.4745061 0.8572307
vn 0.1921554 0.4745061 0.8590229
vn 0.1921554 0.4745061 0.8590229
vn 0.1921554 0.4745061 0.8590229
vn -0.4352907 -0.2784293 0.8561537
vn -0.4352907 -0.2784293 0.8561537
vn -0.4352907 -0.2705862 0.8586648
vn -0.4352907 -0.2784293 0.8561537
vn -0.4581441 0.8888779 0
vn -0.003921509 0.003921509 0.9999846
vn -0.8888779 -0.4581442 0
vn 0.888878 0.4581441 0
vn 0.4581441 -0.8888779 0
vn 0.4581441 -0.8888779 0
vn -0.4581441 0.8888779 0
vn -0.003921509 0.003921509 0.9999846
vn -0.8888779 -0.4581442 0
vn 0.888878 0.4581441 0
vn 0.4581441 -0.8888779 0
vn 0.4581441 -0.8888779 0
vn -0.9686199 -0.2392139 0.06746928
vn -0.9843061 -0.08235234 0.1560757
vn -0.9686199 -0.247057 0.02717065
vn -0.9607769 -0.2705862 -0.06075203
vn -0.9529338 -0.2784293 -0.1199765
vn -0.9450908 -0.3176447 -0.07684591
vn -0.9372476 -0.3333308 -0.1022617
vn -0.9843061 -0.04313695 0.1711161
vn -0.003921509 0.9215615 0.3882126
vn -0.003921509 0.9215615 0.3882126
vn -0.003921509 0.9215615 0.3882126
vn -0.003921509 0.9215615 0.3882126
vn 0.9450908 -0.3176447 -0.07684513
vn 0.960777 -0.2627431 -0.08873349
vn 0.9686201 -0.2392139 0.06746751
vn 0.9529339 -0.2941154 -0.07357372
vn 0.9686201 -0.247057 0.02716627
vn 0.9843062 -0.08235234 0.1560749
vn 0.9843062 -0.04313695 0.1711154
vn 0.9372478 -0.3333308 -0.1022606
vn -0.003921509 0.9843061 -0.176426
vn -0.003921509 0.9843061 -0.176426
vn -0.003921509 0.3176446 -0.9482017
vn -0.003921509 0.3176446 -0.9482017
vn -0.003921509 -0.9137185 -0.4063288
vn -0.003921509 -0.9137185 -0.4063288
vn -0.003921509 -0.9137185 -0.4063288
vn 0.9764631 -0.1999985 -0.08074873
vn 0.9764631 -0.2078416 0.05763364
vn 0.9764631 -0.2078416 0.05763364
vn 0.9764631 -0.2078416 0.05763364
vn 0.9843062 -0.15294 -0.08803764
vn 0.9764631 -0.1843123 -0.112021
vn 0.9764631 -0.2156847 0
vn -0.9764631 -0.2078416 0.05763467
vn -0.9764631 -0.2078416 0.05763467
vn -0.9764631 -0.2078416 0.05763467
vn -0.9764631 -0.1999985 -0.08074947
vn -0.9829164 -0.1840521 0
vn -0.9686199 -0.1999985 -0.1475669
vn -0.9764631 -0.1843123 -0.1120216
vn -0.003921509 0.670583 0.7418242
vn -0.003921509 0.8980323 0.439912
vn -0.003921509 0.8980323 0.439912
vn -0.003921509 0.670583 0.7418242
vn -0.003921509 0.9921492 -0.1249981
vn -0.003921509 0.9921492 -0.1249981
vn -0.003921509 0.8588169 -0.5122677
vn -0.003921509 0.8588169 -0.5122677
vn -0.003921509 0.7019553 -0.7122102
vn -0.003921509 0.7882292 -0.6153693
vn -0.01176453 0.4039184 -0.9147193
vn -0.9215615 0.1450969 -0.360099
vn -0.9686199 -0.07450926 -0.2371155
vn 0.2549 0.2705861 -0.9283367
vn -0.7254846 0.1999984 -0.6585383
vn -0.9921492 0.06666613 -0.1058089
vn -0.9450908 0.1686261 -0.279944
vn -0.9450908 -0.1999985 -0.2584648
vn -0.003921509 -0.8196016 -0.5729204
vn -0.003921509 -0.9137185 -0.4063288
vn -0.003921509 0.01176453 -0.9999231
vn 0.003921568 0.2862723 -0.9581403
vn -0.003921509 -0.2235277 0.9746897
vn -0.003921509 -0.2235277 0.9746897
vn -0.003921509 -0.4352908 0.9002814
vn -0.003921509 -0.03529388 0.9993693
vn -0.003921509 -0.03529388 0.9993693
vn -0.003921509 -0.2235277 0.9746897
vn -0.003921509 -0.2235277 0.9746897
vn -0.003921509 -0.0274508 0.9996155
vn -0.003921509 -0.0274508 0.9996155
vn -0.003921509 -0.06666619 0.9977676
vn -0.003921509 0.7882292 -0.6153693
vn 0.9686201 -0.07450926 -0.237115
vn 0.9294047 0.1372538 -0.3425906
vn -0.01176453 0.4039184 -0.9147193
vn 0.2549 0.2705861 -0.9283367
vn 0.9921493 0.06666613 -0.1058084
vn 0.8274447 0.1921554 -0.5276473
vn 0.9450908 -0.1999985 -0.2584645
vn -0.003921509 -0.9137185 -0.4063288
vn -0.003921509 -0.8196016 -0.5729204
vn -0.003921509 0.01176453 -0.9999231
vn 0.003921568 0.2862723 -0.9581403
vn -0.003921509 -0.8509739 -0.5251933
vn -0.003921509 -0.9215616 -0.3882124
vn -0.003921509 -0.8509739 -0.5251933
vn -0.003921509 -0.7725431 -0.6349502
vn -0.003921509 -0.7725431 -0.6349502
vn 0.9215616 0.3725461 0.1092413
vn 0.9843062 0.1607831 0.07273301
vn -0.05882299 0.9529338 0.2974173
vn 0.960777 0.2705861 -0.06075129
vn 0.003921568 0.9999923 -0.000345267
vn 0.003921568 0.9921492 0.1249981
vn -0.9921492 0.09803843 0.07764255
vn -0.9604815 0.2783436 0
vn -0.05882299 0.9529338 0.2974173
vn -0.9686199 0.2392138 0.0674695
vn 0.003921568 0.9999923 -0.000345267
vn 0.003921568 0.9921492 0.1249981
vn -0.003921509 -0.8509739 0.5251933
vn -0.003921509 -0.9294047 0.3690414
vn -0.003921509 -0.9294047 0.3690414
vn -0.003921509 -0.8509739 0.5251933
vn -0.003921509 -0.7254847 0.6882271
vn -0.003921509 0.7960722 0.6051889
vn -0.003921509 0.7960722 0.6051889
vn -0.003921509 0.670583 0.7418242
vn -0.003921509 0.670583 0.7418242
vn -0.003921509 0.9529338 0.3031532
vn -0.003921509 0.9529338 0.3031532
vn -0.003921509 0.9921492 0.1249981
vn 0.9982743 -0.05872205 0
vn 0.9993777 -0.03527218 0
vn 0.9990709 -0.04309721 0
vn 0.9982743 -0.05872205 0
vn 0.9977852 -0.06651904 0
vn -0.9990709 -0.04309721 0
vn -0.9972357 -0.07430387 0
vn -0.9972357 -0.07430387 0
vn -0.9990709 -0.04309721 0
vn -0.9921492 -0.08235234 -0.09411691
vn -0.003921509 -0.960777 -0.2772944
vn -0.003921509 -0.960777 -0.2772944
vn -0.003921509 -0.960777 -0.2772944
vn -0.003921509 0.6941123 0.7198561
vn -0.003921509 0.6941123 0.7198561
vn -0.003921509 0.7176415 0.6964017
vn -0.003921509 0.7176415 0.6964017
vn -0.003921509 0.7646999 0.6443746
vn -0.003921509 0.7646999 0.6443746
vn -0.003921509 0.7882292 0.6153693
vn 0.9996234 -0.02744067 0
vn 0.9993777 -0.03527218 0
vn 0.9993777 -0.03527218 0
vn 0.9993777 -0.03527218 0
vn 0.9993777 -0.03527218 0
vn 0.9993777 -0.03527218 0
vn 0.9996234 -0.02744067 0
vn -0.9996234 -0.02744067 0
vn -0.9993777 -0.03527219 0
vn -0.9993777 -0.03527219 0
vn -0.9993777 -0.03527219 0
vn -0.9993777 -0.03527219 0
vn -0.9993777 -0.03527219 0
vn -0.9996234 -0.02744067 0
vn -0.003921509 0.8431307 -0.5376944
vn -0.003921509 0.8431307 -0.5376944
vn -0.003921509 0.8431307 -0.5376944
vn -0.003921509 -0.1999985 0.9797884
vn -0.003921509 -0.1999985 0.9797884
vn -0.003921509 -0.1999985 0.9797884
vn -0.003921509 -0.9450908 0.3267842
vn -0.003921509 -0.9450908 0.3267842
vn -0.003921509 -0.9450908 0.3267842
vn 0.8039154 0.5843092 0.1109175
vn 0.8039154 0.5843092 0.1109175
vn 0.3176447 -0.3803893 0.8685654
vn -0.5843092 0.6941123 0.4204651
vn -0.5843092 0.6941123 0.4204651
vn 0.08235234 -0.09803849 0.9917694
vn -0.7176415 -0.6862693 0.118428
vn 0.3176447 -0.3803893 0.8685654
vn -0.7176415 -0.6862693 0.118428
vn 0.6313677 -0.7490139 -0.2008804
vn 0.6313677 -0.7490139 -0.2008804
vn 0.08235234 -0.09803849 0.9917694
vn -0.1137246 0.1372538 0.9839858
vn 0.09803849 -0.1215677 0.9877295
vn 0.09803849 -0.1215677 0.9877295
vn -0.1137246 0.1372538 0.9839858
vn -0.2156845 0.2549 0.942606
vn -0.2156845 0.2549 0.942606
vn -0.06666613 0.08235228 0.9943711
vn -0.06666613 0.08235228 0.9943711
vn -0.03529382 0.04313684 0.9984456
vn -0.03529382 0.04313684 0.9984456
vn -0.5686231 0.670583 -0.4764307
vn -0.5686231 0.670583 -0.4764307
vn -0.5686231 0.670583 -0.4764307
vn -0.5686231 0.670583 -0.4764307
vn -0.09803843 0.1137246 -0.9886633
vn -0.09803843 0.1137246 -0.9886633
vn -0.09803843 0.1137246 -0.9886633
vn -0.09803843 0.1137246 -0.9886633
vn -0.1843122 0.2156845 -0.9589104
vn -0.1843122 0.2156845 -0.9589104
vn -0.1843122 0.2156845 -0.9589104
vn -0.1843122 0.2156845 -0.9589104
vn 0.6313677 -0.756857 0.1689446
vn 0.6156816 -0.7333277 0.2883862
vn 0.6156816 -0.7333277 0.2883862
vn 0.6313677 -0.756857 0.1689446
vn 0.6392108 -0.7647001 0.08150715
vn 0.6392108 -0.7647001 0.08150715
vn -0.7568569 -0.6470539 -0.09213487
vn -0.7803861 -0.6235247 -0.0470587
vn -0.7725431 -0.6313677 -0.06746834
vn -0.7568569 -0.6470539 -0.09213487
vn -0.7646999 -0.6392108 -0.08150806
vn -0.7633862 -0.6459423 0
vn -0.7633862 -0.6459423 0
vn -0.7803861 -0.6235247 -0.0470587
vn -0.7960722 -0.5999954 -0.0792115
vn -0.8039154 -0.5921524 -0.05545863
vn -0.5686231 0.670583 -0.4764307
vn -0.5686231 0.670583 -0.4764307
vn -0.5686231 0.670583 -0.4764307
vn -0.5686231 0.670583 -0.4764307
vn 0.7489218 0.6626585 0
vn 0.7704606 0.6374876 0
vn 0.7704606 0.6374876 0
vn 0.756857 0.6470538 -0.09213503
vn 0.7633864 0.6459423 0
vn 0.7647001 0.6392107 -0.08150788
vn 0.7704606 0.6374876 0
vn 0.7489218 0.6626585 0
vn 0.7333277 0.6784261 -0.04436681
vn 0.7254847 0.6862692 -0.05202516
vn -0.9607769 -0.1607831 -0.2259568
vn -0.66274 0.3568599 -0.6583515
vn 0.9999924 0.003921509 0
vn -0.9372476 -0.3098016 -0.1599684
vn -0.9294046 -0.2078416 -0.3049736
vn -0.874503 -0.1607831 -0.4575951
vn -0.4039184 0.45882 -0.7914128
vn 0.7647001 0.6392107 -0.08150788
vn 0.7647001 0.6392107 -0.08150788
vn 0.9999924 0.003921509 0
vn 0.3333308 0.9137185 -0.2323987
vn 0.3333308 0.9137185 -0.2323987
vn 0.3254877 0.9137185 -0.2432618
vn -0.66274 0.3568599 -0.6583515
vn 0.3647031 0.8901892 -0.2730474
vn 0.4274477 0.7882292 -0.4426998
vn -0.4039184 0.45882 -0.7914128
vn -0.003921509 0.003921509 0.9999846
vn -0.003921509 0.003921509 0.9999846
vn -0.003921509 0.003921509 0.9999846
vn 0.5215647 -0.6235247 0.5823979
vn 0.5843093 -0.6941124 0.4204649
vn 0.5843093 -0.6941124 0.4204649
vn 0.5215647 -0.6235247 0.5823979
vn 0.4431339 -0.5294077 0.7234361
vn 0.4431339 -0.5294077 0.7234361
vn -0.3803892 0.03529382 0.9241528
vn -0.9215615 0.03529382 -0.3866248
vn -0.003921509 0.9999923 -0.000345267
vn 0.9215616 0.03529382 0.3866246
vn -0.003921509 0.9999923 -0.000345267
vn 0.3803893 0.03529382 -0.9241527
vn -0.003921509 0.9999923 -0.000345267
vn -0.9215615 0.03529382 -0.3866248
vn 0.3803893 0.03529382 -0.9241527
vn -0.003921509 0.9999923 -0.000345267
vn -0.02745068 0.3176446 0.9478124
vn -0.01176453 0.3019584 0.9532485
vn -0.01176453 0.3490169 0.9370426
vn 0.003921568 0.4431338 0.8964469
vn 0.01176465 0.3490169 0.9370426
vn 0.01176465 0.3019584 0.9532485
vn 0.0274508 0.3176446 0.9478124
vn -0.003921509 0.4431338 0.8964469
vn -0.003921509 0.466663 0.8844265
vn -0.003921509 0.466663 0.8844265
vn 0.2231437 -0.9747855 0
vn -0.003921509 -0.9999924 0
vn -0.003921509 -0.9999924 0
vn 0.2231437 -0.9747855 0
vn -0.2231436 -0.9747855 0
vn -0.2156845 -0.9764631 0
vn -0.003921509 0.9921492 0.1249981
vn -0.003921509 0.9921492 0.1249981
vn -0.003921509 0.9921492 0.1249981
vn -0.003921509 0.9921492 0.1249981
vn -0.003921509 -0.7490139 0.6625427
vn 0.5843093 -0.35686 0.7288578
vn 0.5999954 -0.3333308 0.7272524
vn 0.7411708 0.003921509 0.6713051
vn 0.7490139 -0.003921568 0.6625427
vn 0.7490139 -0.003921568 0.6625427
vn 0.9999924 0.003921509 0
vn 0.9999924 0.003921509 0
vn 0.9999924 0.003921509 0
vn 0.9999924 0.003921509 0
vn -0.003921509 -0.003921568 0.9999846
vn -0.003921509 -0.003921568 0.9999846
vn -0.003921509 -0.003921568 0.9999846
vn -0.003921509 -0.003921568 0.9999846
vn -0.6784261 -0.2392139 -0.6946328
vn -0.6784261 -0.2392139 -0.6946328
vn -0.6784261 -0.2392139 -0.6946328
vn -0.003921509 -0.4901924 0.8716055
vn -0.003921509 -0.4901924 0.8716055
vn -0.003921509 -0.4901924 0.8716055
vn -0.9999923 0.003921509 -0.0003449296
vn -0.9999923 0.003921509 -0.0003449296
vn -0.9999923 0.003921509 -0.0003449296
vn -0.9999923 0.003921509 -0.0003449296
vn -0.003921509 -0.7490139 0.6625427
vn -0.5999954 -0.3333308 0.7272525
vn -0.5843092 -0.35686 0.7288578
vn -0.7490138 -0.003921568 0.6625428
vn -0.7490138 -0.003921568 0.6625428
vn -0.7411708 -0.003921568 0.6713051
vn -0.3882322 0.9058753 0.1693092
vn -0.3960754 0.9137185 0.09079012
vn -0.3882322 0.9137185 0.1199762
vn -0.3882322 0.9137185 0.1199762
vn -0.3960754 0.8901892 0.2251388
vn 0.3882324 0.9137185 0.1199759
vn 0.3960754 0.9137185 0.09079012
vn 0.3882324 0.9058753 0.169309
vn 0.3882324 0.9137185 0.1199759
vn 0.3960754 0.8901892 0.2251388
vn 0.4980354 -0.5921524 0.6334953
vn 0.4980354 -0.5921524 0.6334953
vn 0.4039185 -0.4823493 0.7772959
vn 0.4039185 -0.4823493 0.7772959
vn 0.5686231 -0.6784262 0.4651942
vn 0.5686231 -0.6784262 0.4651942
vn 0.6392108 -0.7647001 -0.08150715
vn 0.6392108 -0.7647001 -0.08150715
vn 0.6392108 -0.7647001 -0.08150715
vn -0.4039184 0.4823492 -0.7772961
vn -0.8588169 -0.450977 -0.243009
vn -0.8352877 -0.450977 -0.3145064
vn -0.09803843 0.3647031 -0.9259483
vn -0.1058815 0.2235277 -0.9689296
vn -0.7646999 -0.6392108 -0.08150806
vn -0.8039154 -0.5686231 -0.174321
vn -0.3098015 0.3647031 -0.8780745
vn -0.6784261 -0.5764662 -0.455439
vn -0.7646999 -0.6392108 -0.08150806
vn -0.9972357 -0.07430387 0
vn -0.9972357 -0.07430387 0
vn -0.6392107 0.7646999 -0.08150897
vn -0.6392107 0.7646999 -0.08150897
vn -0.6392107 0.7646999 -0.08150897
vn -0.003921509 0.003921509 0.9999846
vn -0.003921509 0.003921509 0.9999846
vn -0.003921509 0.003921509 0.9999846
vn -0.003921509 0.003921509 0.9999846
vn -0.003921509 0.003921509 0.9999846
vn -0.09803843 0.3647031 -0.9259483
vn -0.1058815 0.2235277 -0.9689296
vn 0.5372508 0.7646999 -0.3558027
vn -0.4039184 0.4823492 -0.7772961
vn 0.5921524 0.7646999 -0.2541449
vn 0.7019554 0.6862692 -0.1905077
vn -0.3098015 0.3647031 -0.8780745
vn 0.6862693 0.5686231 -0.4535442
vn 0.7647001 0.6392107 -0.08150788
vn 0.7647001 0.6392107 -0.08150788
vn 0.247057 0.9686199 -0.027171
vn 0.247057 0.9686199 -0.027171
vn -0.003921509 0.003921509 -0.9999846
vn -0.003921509 0.003921509 -0.9999846
vn -0.003921509 0.003921509 -0.9999846
vn -0.003921509 0.003921509 -0.9999846
vn -0.003921509 0.003921509 -0.9999846
vn -0.003921509 0.003921509 0.9999846
vn -0.003921509 0.003921509 0.9999846
vn -0.003921509 0.003921509 0.9999846
vn -0.003921509 0.003921509 0.9999846
vn -0.6392107 0.7646999 0.08150897
vn -0.6392107 0.7646999 0.08150897
vn -0.6392107 0.7646999 0.08150897
vn -0.6392107 0.7646999 0.08150897
vn -0.9972357 -0.07430387 0
vn -0.6392107 0.7646999 -0.08150897
vn -0.6392107 0.7646999 -0.08150897
vn -0.9972357 -0.07430387 0
vn 0.247057 0.9686199 -0.027171
vn 0.247057 0.9686199 -0.027171
vn -0.3803892 0.03529382 0.9241528
vn -0.9215615 0.03529382 -0.3866248
vn -0.003921509 0.9999923 -0.000345267
vn 0.9215616 0.03529382 0.3866246
vn -0.003921509 0.9999923 -0.000345267
vn 0.3803893 0.03529382 -0.9241527
vn -0.003921509 0.9999923 -0.000345267
vn -0.9215615 0.03529382 -0.3866248
vn 0.3803893 0.03529382 -0.9241527
vn -0.003921509 0.9999923 -0.000345267
vn 0.9916005 0.1293392 0
vn 0.9764631 0.1843122 0.1120212
vn 0.960777 0.2078415 0.1836014
vn 0.9843062 0.1372538 0.1109175
vn 0.8117585 -0.5764662 0.09346043
vn 0.9921493 0.09803843 0.07764179
vn 0.9921493 0.08235228 0.09411633
vn 0.9998079 0.01960405 0
vn -0.9843061 0.1372538 0.1109185
vn -0.9686199 0.1843122 0.1667465
vn -0.9686199 0.1843122 0.1667465
vn -0.9916004 0.1293392 0
vn -0.9843061 0.1686261 -0.05202661
vn -0.9829165 0.184052 0
vn -0.9686199 0.2078415 -0.1362985
vn -0.9670746 0.2544933 0
vn -0.003921509 -0.6862693 -0.727337
vn -0.003921509 -0.6862693 -0.727337
vn -0.003921509 -0.7725431 -0.6349502
vn -0.003921509 -0.7725431 -0.6349502
vn -0.003921509 -0.5843093 -0.8115216
vn -0.003921509 -0.5843093 -0.8115216
vn 0.1999985 -0.9764631 -0.08074857
vn 0.2862723 -0.9529339 0.09982546
vn 0.8117585 -0.5764662 0.09346043
vn -0.003921509 -0.9999924 0
vn -0.874503 0.0901953 0.4765598
vn -0.8588169 0.1921554 0.4748788
vn -0.874503 0.0901953 0.4765598
vn -0.1450969 -0.7725431 -0.6181617
vn -0.1450969 -0.7725431 -0.6181617
vn -0.1450969 -0.7725431 -0.6181617
vn 0.9058754 0.1137246 0.4079907
vn 0.9058754 0.1137246 0.4079907
vn 0.9058754 0.1137246 0.4079907
vn -0.8431307 0.1843122 0.5051333
vn -0.8431307 0.1843122 0.5051333
vn -0.8431307 0.1843122 0.5051333
vn -0.874503 0.003921509 0.4850042
vn -0.874503 0.0901953 0.4765598
vn -0.874503 0.0901953 0.4765598
vn -0.003921509 0.9137185 -0.4063289
vn -0.003921509 0.9137185 -0.4063289
vn -0.003921509 0.9137185 -0.4063289
vn -0.9764631 -0.2156847 -8.631674E-05
vn -0.9764631 -0.2156847 -8.631674E-05
vn -0.9764631 -0.2156847 -8.631674E-05
vn 0.9117018 0.4108527 0
vn 0.9117018 0.4108527 0
vn 0.9117018 0.4108527 0
vn 0.6784262 0.6470538 0.3479356
vn 0.6784262 0.7176415 0.1572533
vn 0.5921524 0.7176415 0.3665328
vn 0.6705831 0.6392107 0.3764677
vn 0.7490139 0.5450938 0.3766311
vn 0.756857 0.5529369 0.3484657
vn 0.8117585 0.45882 0.3612926
vn 0.8274447 0.5450938 0.1349375
vn 0.7019554 0.5921522 0.3957452
vn 0.7019554 0.5921522 0.3957452
vn -0.1686261 0.2235277 -0.9600003
vn 0.01176465 0.003921509 -0.9999231
vn 0.003921568 0.003921509 -0.9999846
vn -0.1686261 0.2235277 -0.9600003
vn 0.1843123 -0.2078416 -0.9606408
vn 0.1921554 -0.2078416 -0.9591028
vn 0.1372539 0.1137246 0.9839858
vn 0.1372539 0.1137246 0.9839858
vn 0.1372539 0.1137246 0.9839858
vn 0.1372539 0.1137246 0.9839858
vn -0.6235245 0.7803861 0.04706028
vn -0.5372508 0.8431307 0.02218727
vn -0.5215646 0.8509738 0.06175648
vn -0.6068686 0.7948022 0
vn 0.1843123 0.9450908 -0.2698747
vn 0.03527219 0.9993777 0
vn 0.2078416 0.9215615 -0.327912
vn 0.5843093 0.4901923 -0.6467566
vn 0.03527219 0.9993777 0
vn 0.7647001 0.6392107 -0.08150788
vn 0.7647001 0.6392107 -0.08150788
vn 0.7647001 0.6392107 -0.08150788
vn 0.7647001 0.6392107 -0.08150788
vn 0.7019554 0.5921522 -0.3957452
vn 0.7019554 0.5921522 -0.3957452
vn 0.7019554 0.5921522 -0.3957452
vn 0.6626585 -0.7489218 0
vn 0.6784262 -0.7333277 0.0443658
vn 0.7489218 -0.6626585 0
vn 0.73764 -0.6751943 0
vn 0.9905663 -0.1370349 0
vn 0.9905663 -0.1370349 0
vn 0.9450908 0.04313684 -0.3239483
vn 0.960777 0.01960766 -0.2766281
vn 0.5843093 0.4901923 -0.6467566
vn -0.1921554 0.4745061 0.8590229
vn -0.1999984 0.4745061 0.8572308
vn -0.1921554 0.4745061 0.8590229
vn -0.1921554 0.4745061 0.8590229
vn 0.4352908 -0.2784293 0.8561536
vn 0.4352908 -0.2705862 0.8586647
vn 0.4352908 -0.2784293 0.8561536
vn 0.4352908 -0.2784293 0.8561536
vn 0.4581442 0.8888779 0
vn 0.8888779 -0.4581441 0
vn -0.003921509 0.003921509 0.9999846
vn -0.8888779 0.4581441 0
vn -0.4581441 -0.888878 0
vn -0.4581441 -0.888878 0
vn 0.4581442 0.8888779 0
vn 0.8888779 -0.4581441 0
vn 0.003921568 -0.003921568 0.9999846
vn -0.8888779 0.4581441 0
vn -0.4581441 -0.888878 0
vn -0.4581441 -0.888878 0
g G_CA_Prinzeugen_Mech_001_lod_0
f 3/3/3 2/2/2 1/1/1
f 1/1/1 2/2/2 4/4/4
f 5/5/5 1/1/1 4/4/4
f 6/6/6 5/5/5 4/4/4
f 5/5/5 6/6/6 7/7/7
f 1/1/1 8/8/8 3/3/3
f 11/11/11 10/10/10 9/9/9
f 12/12/12 11/11/11 9/9/9
f 15/15/15 14/14/14 13/13/13
f 16/16/16 15/15/15 13/13/13
f 13/13/13 17/17/17 16/16/16
f 17/17/17 18/18/18 16/16/16
f 16/16/16 18/18/18 19/19/19
f 20/20/20 14/14/14 15/15/15
f 23/23/23 22/22/22 21/21/21
f 24/24/24 23/23/23 21/21/21
f 25/25/25 23/23/23 24/24/24
f 26/26/26 25/25/25 24/24/24
f 27/27/27 25/25/25 26/26/26
f 30/30/30 29/29/29 28/28/28
f 31/31/31 30/30/30 28/28/28
f 28/28/28 29/29/29 32/32/32
f 32/32/32 29/29/29 33/33/33
f 29/29/29 34/34/34 33/33/33
f 37/37/37 36/36/36 35/35/35
f 38/38/38 37/37/37 35/35/35
f 35/35/35 36/36/36 39/39/39
f 35/35/35 39/39/39 40/40/40
f 39/39/39 41/41/41 40/40/40
f 44/44/44 43/43/43 42/42/42
f 45/45/45 44/44/44 42/42/42
f 42/42/42 46/46/46 45/45/45
f 46/46/46 47/47/47 45/45/45
f 47/47/47 46/46/46 48/48/48
f 46/46/46 49/49/49 48/48/48
f 49/49/49 50/50/50 48/48/48
f 53/53/53 52/52/52 51/51/51
f 54/54/54 53/53/53 51/51/51
f 51/51/51 52/52/52 55/55/55
f 56/56/56 51/51/51 55/55/55
f 51/51/51 56/56/56 57/57/57
f 58/58/58 51/51/51 57/57/57
f 51/51/51 58/58/58 54/54/54
f 58/58/58 59/59/59 54/54/54
f 60/60/60 54/54/54 59/59/59
f 61/61/61 60/60/60 59/59/59
f 62/62/62 54/54/54 60/60/60
f 54/54/54 62/62/62 53/53/53
f 63/63/63 56/56/56 55/55/55
f 56/56/56 63/63/63 57/57/57
f 66/66/66 65/65/65 64/64/64
f 69/69/69 68/68/68 67/67/67
f 70/70/70 69/69/69 67/67/67
f 68/68/68 69/69/69 71/71/71
f 69/69/69 72/72/72 71/71/71
f 72/72/72 73/73/73 71/71/71
f 76/76/76 75/75/75 74/74/74
f 77/77/77 76/76/76 74/74/74
f 77/77/77 78/78/78 76/76/76
f 78/78/78 77/77/77 79/79/79
f 77/77/77 80/80/80 79/79/79
f 81/81/81 80/80/80 77/77/77
f 74/74/74 81/81/81 77/77/77
f 74/74/74 82/82/82 81/81/81
f 82/82/82 83/83/83 81/81/81
f 74/74/74 84/84/84 82/82/82
f 84/84/84 74/74/74 75/75/75
f 78/78/78 79/79/79 85/85/85
f 88/88/88 87/87/87 86/86/86
f 86/86/86 87/87/87 89/89/89
f 87/87/87 90/90/90 89/89/89
f 93/93/93 92/92/92 91/91/91
f 93/93/93 94/94/94 92/92/92
f 94/94/94 95/95/95 92/92/92
f 91/91/91 92/92/92 96/96/96
f 99/99/99 98/98/98 97/97/97
f 97/97/97 98/98/98 100/100/100
f 98/98/98 101/101/101 100/100/100
f 102/102/102 98/98/98 99/99/99
f 105/105/105 104/104/104 103/103/103
f 106/106/106 105/105/105 103/103/103
f 104/104/104 107/107/107 103/103/103
f 110/110/110 109/109/109 108/108/108
f 111/111/111 110/110/110 108/108/108
f 112/112/112 111/111/111 108/108/108
f 113/113/113 112/112/112 108/108/108
f 113/113/113 114/114/114 112/112/112
f 117/117/117 116/116/116 115/115/115
f 118/118/118 117/117/117 115/115/115
f 115/115/115 116/116/116 119/119/119
f 122/122/122 121/121/121 120/120/120
f 123/123/123 122/122/122 120/120/120
f 123/123/123 120/120/120 124/124/124
f 127/127/127 126/126/126 125/125/125
f 130/130/130 129/129/129 128/128/128
f 131/131/131 130/130/130 128/128/128
f 132/132/132 131/131/131 128/128/128
f 133/133/133 132/132/132 128/128/128
f 133/133/133 134/134/134 132/132/132
f 137/137/137 136/136/136 135/135/135
f 138/138/138 137/137/137 135/135/135
f 136/136/136 137/137/137 139/139/139
f 137/137/137 140/140/140 139/139/139
f 138/138/138 135/135/135 141/141/141
f 144/144/144 143/143/143 142/142/142
f 145/145/145 144/144/144 142/142/142
f 145/145/145 142/142/142 146/146/146
f 147/147/147 145/145/145 146/146/146
f 143/143/143 144/144/144 148/148/148
f 151/151/151 150/150/150 149/149/149
f 154/154/154 153/153/153 152/152/152
f 157/157/157 156/156/156 155/155/155
f 160/160/160 159/159/159 158/158/158
f 163/163/163 162/162/162 161/161/161
f 166/166/166 165/165/165 164/164/164
f 169/169/169 168/168/168 167/167/167
f 172/172/172 171/171/171 170/170/170
f 173/173/173 172/172/172 170/170/170
f 174/174/174 171/171/171 172/172/172
f 175/175/175 174/174/174 172/172/172
f 174/174/174 175/175/175 176/176/176
f 175/175/175 177/177/177 176/176/176
f 178/178/178 176/176/176 177/177/177
f 179/179/179 178/178/178 177/177/177
f 182/182/182 181/181/181 180/180/180
f 183/183/183 182/182/182 180/180/180
f 186/186/186 185/185/185 184/184/184
f 187/187/187 186/186/186 184/184/184
f 190/190/190 189/189/189 188/188/188
f 191/191/191 190/190/190 188/188/188
f 194/194/194 193/193/193 192/192/192
f 195/195/195 194/194/194 192/192/192
f 196/196/196 194/194/194 195/195/195
f 197/197/197 196/196/196 195/195/195
f 200/200/200 199/199/199 198/198/198
f 201/201/201 200/200/200 198/198/198
f 202/202/202 200/200/200 201/201/201
f 201/201/201 203/203/203 202/202/202
f 201/201/201 204/204/204 203/203/203
f 201/201/201 205/205/205 204/204/204
f 201/201/201 206/206/206 205/205/205
f 206/206/206 207/207/207 205/205/205
f 210/210/210 209/209/209 208/208/208
f 211/211/211 210/210/210 208/208/208
f 214/214/214 213/213/213 212/212/212
f 215/215/215 214/214/214 212/212/212
f 215/215/215 216/216/216 214/214/214
f 214/214/214 216/216/216 217/217/217
f 214/214/214 217/217/217 218/218/218
f 218/218/218 219/219/219 214/214/214
f 219/219/219 220/220/220 214/214/214
f 219/219/219 221/221/221 220/220/220
f 224/224/224 223/223/223 222/222/222
f 225/225/225 224/224/224 222/222/222
f 224/224/224 225/225/225 226/226/226
f 224/224/224 226/226/226 227/227/227
f 226/226/226 228/228/228 227/227/227
f 231/231/231 230/230/230 229/229/229
f 233/233/233 231/231/231 232/232/232
f 233/233/233 232/232/232 234/234/234
f 232/232/232 235/235/235 234/234/234
f 238/238/238 237/237/237 236/236/236
f 241/241/241 240/240/240 239/239/239
f 244/244/244 243/243/243 242/242/242
f 245/245/245 244/244/244 242/242/242
f 244/244/244 246/246/246 243/243/243
f 246/246/246 247/247/247 243/243/243
f 250/250/250 249/249/249 248/248/248
f 248/248/248 252/252/252 251/251/251
f 251/251/251 254/254/254 253/253/253
f 257/257/257 256/256/256 255/255/255
f 260/260/260 259/259/259 258/258/258
f 261/261/261 260/260/260 258/258/258
f 261/261/261 258/258/258 262/262/262
f 263/263/263 261/261/261 262/262/262
f 263/263/263 262/262/262 264/264/264
f 265/265/265 263/263/263 264/264/264
f 261/261/261 263/263/263 266/266/266
f 267/267/267 261/261/261 266/266/266
f 270/270/270 269/269/269 268/268/268
f 271/271/271 270/270/270 268/268/268
f 269/269/269 272/272/272 268/268/268
f 272/272/272 273/273/273 268/268/268
f 276/276/276 275/275/275 274/274/274
f 277/277/277 276/276/276 274/274/274
f 280/280/280 279/279/279 278/278/278
f 280/280/280 281/281/281 279/279/279
f 279/279/279 281/281/281 282/282/282
f 281/281/281 283/283/283 282/282/282
f 286/286/286 285/285/285 284/284/284
f 287/287/287 286/286/286 284/284/284
f 290/290/290 289/289/289 288/288/288
f 291/291/291 290/290/290 288/288/288
f 294/294/294 293/293/293 292/292/292
f 297/297/297 296/296/296 295/295/295
f 300/300/300 299/299/299 298/298/298
f 301/301/301 300/300/300 298/298/298
f 304/304/304 303/303/303 302/302/302
f 305/305/305 303/303/303 304/304/304
f 303/303/303 305/305/305 306/306/306
f 307/307/307 303/303/303 306/306/306
f 310/310/310 309/309/309 308/308/308
f 311/311/311 310/310/310 308/308/308
f 312/312/312 308/308/308 309/309/309
f 315/315/315 314/314/314 313/313/313
f 316/316/316 315/315/315 313/313/313
f 317/317/317 313/313/313 314/314/314
f 320/320/320 319/319/319 318/318/318
f 321/321/321 320/320/320 318/318/318
f 322/322/322 321/321/321 318/318/318
f 323/323/323 322/322/322 318/318/318
f 326/326/326 325/325/325 324/324/324
f 329/329/329 328/328/328 327/327/327
f 330/330/330 329/329/329 327/327/327
f 329/329/329 331/331/331 328/328/328
f 332/332/332 330/330/330 327/327/327
f 333/333/333 332/332/332 327/327/327
f 327/327/327 334/334/334 333/333/333
f 334/334/334 335/335/335 333/333/333
f 336/336/336 332/332/332 333/333/333
f 332/332/332 336/336/336 337/337/337
f 336/336/336 338/338/338 337/337/337
f 341/341/341 340/340/340 339/339/339
f 344/344/344 343/343/343 342/342/342
f 345/345/345 344/344/344 342/342/342
f 346/346/346 342/342/342 343/343/343
f 349/349/349 348/348/348 347/347/347
f 350/350/350 349/349/349 347/347/347
f 347/347/347 348/348/348 351/351/351
f 351/351/351 352/352/352 347/347/347
f 352/352/352 353/353/353 347/347/347
f 347/347/347 353/353/353 354/354/354
f 355/355/355 347/347/347 354/354/354
f 356/356/356 353/353/353 352/352/352
f 356/356/356 352/352/352 357/357/357
f 352/352/352 358/358/358 357/357/357
f 361/361/361 360/360/360 359/359/359
f 362/362/362 359/359/359 360/360/360
f 363/363/363 362/362/362 360/360/360
f 366/366/366 365/365/365 364/364/364
f 367/367/367 366/366/366 364/364/364
f 370/370/370 369/369/369 368/368/368
f 371/371/371 370/370/370 368/368/368
f 374/374/374 373/373/373 372/372/372
f 375/375/375 374/374/374 372/372/372
f 373/373/373 374/374/374 376/376/376
f 377/377/377 373/373/373 376/376/376
f 380/380/380 379/379/379 378/378/378
f 378/378/378 382/382/382 381/381/381
f 381/381/381 384/384/384 383/383/383
f 387/387/387 386/386/386 385/385/385
f 390/390/390 389/389/389 388/388/388
f 391/391/391 390/390/390 388/388/388
f 390/390/390 391/391/391 392/392/392
f 393/393/393 390/390/390 392/392/392
f 392/392/392 394/394/394 393/393/393
f 394/394/394 395/395/395 393/393/393
f 398/398/398 397/397/397 396/396/396
f 399/399/399 398/398/398 396/396/396
f 399/399/399 396/396/396 400/400/400
f 396/396/396 401/401/401 400/400/400
f 400/400/400 401/401/401 402/402/402
f 401/401/401 403/403/403 402/402/402
f 406/406/406 405/405/405 404/404/404
f 407/407/407 406/406/406 404/404/404
f 406/406/406 407/407/407 408/408/408
f 407/407/407 409/409/409 408/408/408
f 412/412/412 411/411/411 410/410/410
f 413/413/413 412/412/412 410/410/410
f 416/416/416 415/415/415 414/414/414
f 419/419/419 418/418/418 417/417/417
f 422/422/422 421/421/421 420/420/420
f 425/425/425 424/424/424 423/423/423
f 428/428/428 427/427/427 426/426/426
f 431/431/431 430/430/430 429/429/429
f 434/434/434 433/433/433 432/432/432
f 437/437/437 436/436/436 435/435/435
f 440/440/440 439/439/439 438/438/438
f 441/441/441 440/440/440 438/438/438
f 438/438/438 442/442/442 441/441/441
f 442/442/442 443/443/443 441/441/441
f 443/443/443 442/442/442 444/444/444
f 445/445/445 443/443/443 444/444/444
f 446/446/446 441/441/441 443/443/443
f 447/447/447 446/446/446 443/443/443
f 450/450/450 449/449/449 448/448/448
f 451/451/451 450/450/450 448/448/448
f 448/448/448 449/449/449 452/452/452
f 453/453/453 448/448/448 452/452/452
f 456/456/456 455/455/455 454/454/454
f 457/457/457 456/456/456 454/454/454
f 460/460/460 459/459/459 458/458/458
f 461/461/461 460/460/460 458/458/458
f 464/464/464 463/463/463 462/462/462
f 465/465/465 464/464/464 462/462/462
f 466/466/466 462/462/462 463/463/463
f 469/469/469 468/468/468 467/467/467
f 470/470/470 469/469/469 467/467/467
f 473/473/473 472/472/472 471/471/471
f 476/476/476 475/475/475 474/474/474
f 477/477/477 476/476/476 474/474/474
f 480/480/480 479/479/479 478/478/478
f 479/479/479 480/480/480 481/481/481
f 480/480/480 482/482/482 481/481/481
f 485/485/485 484/484/484 483/483/483
f 486/486/486 485/485/485 483/483/483
f 489/489/489 488/488/488 487/487/487
f 490/490/490 487/487/487 488/488/488
f 493/493/493 492/492/492 491/491/491
f 491/491/491 492/492/492 494/494/494
f 494/494/494 492/492/492 495/495/495
f 496/496/496 492/492/492 493/493/493
f 499/499/499 498/498/498 497/497/497
f 497/497/497 498/498/498 500/500/500
f 500/500/500 498/498/498 501/501/501
f 502/502/502 498/498/498 499/499/499
f 505/505/505 504/504/504 503/503/503
f 505/505/505 503/503/503 506/506/506
f 503/503/503 507/507/507 506/506/506
f 507/507/507 508/508/508 506/506/506
f 508/508/508 507/507/507 509/509/509
f 510/510/510 503/503/503 504/504/504
f 513/513/513 512/512/512 511/511/511
f 514/514/514 513/513/513 511/511/511
f 517/517/517 516/516/516 515/515/515
f 518/518/518 517/517/517 515/515/515
f 519/519/519 516/516/516 517/517/517
f 520/520/520 519/519/519 517/517/517
f 520/520/520 517/517/517 521/521/521
f 515/515/515 522/522/522 518/518/518
f 525/525/525 524/524/524 523/523/523
f 526/526/526 525/525/525 523/523/523
f 525/525/525 526/526/526 527/527/527
f 526/526/526 528/528/528 527/527/527
f 528/528/528 529/529/529 527/527/527
f 532/532/532 531/531/531 530/530/530
f 533/533/533 532/532/532 530/530/530
f 530/530/530 531/531/531 534/534/534
f 534/534/534 535/535/535 530/530/530
f 535/535/535 536/536/536 530/530/530
f 539/539/539 538/538/538 537/537/537
f 540/540/540 539/539/539 537/537/537
f 539/539/539 540/540/540 541/541/541
f 542/542/542 541/541/541 540/540/540
f 543/543/543 542/542/542 540/540/540
f 546/546/546 545/545/545 544/544/544
f 547/547/547 546/546/546 544/544/544
f 548/548/548 545/545/545 546/546/546
f 549/549/549 548/548/548 546/546/546
f 548/548/548 549/549/549 550/550/550
f 551/551/551 548/548/548 550/550/550
f 552/552/552 551/551/551 550/550/550
f 555/555/555 554/554/554 553/553/553
f 556/556/556 555/555/555 553/553/553
f 557/557/557 554/554/554 555/555/555
f 558/558/558 557/557/557 555/555/555
f 555/555/555 559/559/559 558/558/558
f 559/559/559 555/555/555 556/556/556
f 559/559/559 560/560/560 558/558/558
f 561/561/561 559/559/559 556/556/556
f 562/562/562 561/561/561 556/556/556
f 563/563/563 562/562/562 556/556/556
f 556/556/556 564/564/564 563/563/563
f 564/564/564 556/556/556 553/553/553
f 558/558/558 565/565/565 557/557/557
f 565/565/565 558/558/558 560/560/560
f 568/568/568 567/567/567 566/566/566
f 571/571/571 570/570/570 569/569/569
f 572/572/572 571/571/571 569/569/569
f 573/573/573 569/569/569 570/570/570
f 574/574/574 573/573/573 570/570/570
f 575/575/575 573/573/573 574/574/574
f 578/578/578 577/577/577 576/576/576
f 579/579/579 578/578/578 576/576/576
f 580/580/580 578/578/578 579/579/579
f 581/581/581 578/578/578 580/580/580
f 582/582/582 581/581/581 580/580/580
f 583/583/583 577/577/577 578/578/578
f 581/581/581 583/583/583 578/578/578
f 584/584/584 577/577/577 583/583/583
f 585/585/585 584/584/584 583/583/583
f 586/586/586 577/577/577 584/584/584
f 577/577/577 586/586/586 576/576/576
f 582/582/582 580/580/580 587/587/587
f 590/590/590 589/589/589 588/588/588
f 591/591/591 590/590/590 588/588/588
f 592/592/592 591/591/591 588/588/588
f 595/595/595 594/594/594 593/593/593
f 596/596/596 594/594/594 595/595/595
f 597/597/597 596/596/596 595/595/595
f 595/595/595 593/593/593 598/598/598
f 601/601/601 600/600/600 599/599/599
f 601/601/601 599/599/599 602/602/602
f 603/603/603 601/601/601 602/602/602
f 601/601/601 604/604/604 600/600/600
f 607/607/607 606/606/606 605/605/605
f 608/608/608 607/607/607 605/605/605
f 609/609/609 608/608/608 605/605/605
f 612/612/612 611/611/611 610/610/610
f 613/613/613 612/612/612 610/610/610
f 614/614/614 610/610/610 611/611/611
f 615/615/615 614/614/614 611/611/611
f 616/616/616 614/614/614 615/615/615
f 619/619/619 618/618/618 617/617/617
f 620/620/620 619/619/619 617/617/617
f 620/620/620 617/617/617 621/621/621
f 624/624/624 623/623/623 622/622/622
f 625/625/625 624/624/624 622/622/622
f 623/623/623 624/624/624 626/626/626
f 629/629/629 628/628/628 627/627/627
f 632/632/632 631/631/631 630/630/630
f 633/633/633 632/632/632 630/630/630
f 632/632/632 633/633/633 634/634/634
f 633/633/633 635/635/635 634/634/634
f 636/636/636 634/634/634 635/635/635
f 639/639/639 638/638/638 637/637/637
f 640/640/640 639/639/639 637/637/637
f 638/638/638 639/639/639 641/641/641
f 639/639/639 642/642/642 641/641/641
f 640/640/640 637/637/637 643/643/643
f 646/646/646 645/645/645 644/644/644
f 647/647/647 646/646/646 644/644/644
f 647/647/647 648/648/648 646/646/646
f 648/648/648 649/649/649 646/646/646
f 644/644/644 645/645/645 650/650/650
f 653/653/653 652/652/652 651/651/651
f 656/656/656 655/655/655 654/654/654
f 659/659/659 658/658/658 657/657/657
f 662/662/662 661/661/661 660/660/660
f 665/665/665 664/664/664 663/663/663
f 668/668/668 667/667/667 666/666/666
f 671/671/671 670/670/670 669/669/669
f 674/674/674 673/673/673 672/672/672
f 675/675/675 674/674/674 672/672/672
f 675/675/675 672/672/672 676/676/676
f 672/672/672 677/677/677 676/676/676
f 678/678/678 676/676/676 677/677/677
f 679/679/679 678/678/678 677/677/677
f 679/679/679 680/680/680 678/678/678
f 680/680/680 681/681/681 678/678/678
f 684/684/684 683/683/683 682/682/682
f 685/685/685 684/684/684 682/682/682
f 688/688/688 687/687/687 686/686/686
f 689/689/689 688/688/688 686/686/686
f 692/692/692 691/691/691 690/690/690
f 693/693/693 692/692/692 690/690/690
f 696/696/696 695/695/695 694/694/694
f 697/697/697 696/696/696 694/694/694
f 698/698/698 697/697/697 694/694/694
f 699/699/699 698/698/698 694/694/694
f 702/702/702 701/701/701 700/700/700
f 703/703/703 702/702/702 700/700/700
f 700/700/700 704/704/704 703/703/703
f 705/705/705 703/703/703 704/704/704
f 706/706/706 703/703/703 705/705/705
f 707/707/707 703/703/703 706/706/706
f 708/708/708 703/703/703 707/707/707
f 709/709/709 708/708/708 707/707/707
f 712/712/712 711/711/711 710/710/710
f 713/713/713 712/712/712 710/710/710
f 716/716/716 715/715/715 714/714/714
f 717/717/717 716/716/716 714/714/714
f 718/718/718 715/715/715 716/716/716
f 718/718/718 716/716/716 719/719/719
f 719/719/719 716/716/716 720/720/720
f 721/721/721 720/720/720 716/716/716
f 722/722/722 721/721/721 716/716/716
f 723/723/723 721/721/721 722/722/722
f 726/726/726 725/725/725 724/724/724
f 727/727/727 726/726/726 724/724/724
f 724/724/724 725/725/725 728/728/728
f 729/729/729 728/728/728 725/725/725
f 730/730/730 729/729/729 725/725/725
f 733/733/733 732/732/732 731/731/731
f 736/736/736 735/735/735 734/734/734
f 736/736/736 738/738/738 737/737/737
f 738/738/738 739/739/739 737/737/737
f 739/739/739 740/740/740 737/737/737
f 743/743/743 742/742/742 741/741/741
f 746/746/746 745/745/745 744/744/744
f 747/747/747 746/746/746 744/744/744
f 744/744/744 748/748/748 747/747/747
f 748/748/748 749/749/749 747/747/747
f 752/752/752 751/751/751 750/750/750
f 754/754/754 750/750/750 753/753/753
f 756/756/756 753/753/753 755/755/755
f 759/759/759 758/758/758 757/757/757
f 762/762/762 761/761/761 760/760/760
f 763/763/763 762/762/762 760/760/760
f 761/761/761 762/762/762 764/764/764
f 765/765/765 761/761/761 764/764/764
f 765/765/765 764/764/764 766/766/766
f 764/764/764 767/767/767 766/766/766
f 764/764/764 762/762/762 768/768/768
f 769/769/769 764/764/764 768/768/768
f 772/772/772 771/771/771 770/770/770
f 773/773/773 772/772/772 770/770/770
f 772/772/772 774/774/774 771/771/771
f 774/774/774 775/775/775 771/771/771
f 778/778/778 777/777/777 776/776/776
f 779/779/779 778/778/778 776/776/776
f 782/782/782 781/781/781 780/780/780
f 783/783/783 781/781/781 782/782/782
f 783/783/783 782/782/782 784/784/784
f 782/782/782 785/785/785 784/784/784
f 788/788/788 787/787/787 786/786/786
f 789/789/789 788/788/788 786/786/786
f 792/792/792 791/791/791 790/790/790
f 793/793/793 792/792/792 790/790/790
f 796/796/796 795/795/795 794/794/794
f 799/799/799 798/798/798 797/797/797
f 802/802/802 801/801/801 800/800/800
f 803/803/803 802/802/802 800/800/800
f 806/806/806 805/805/805 804/804/804
f 806/806/806 807/807/807 805/805/805
f 808/808/808 807/807/807 806/806/806
f 809/809/809 808/808/808 806/806/806
f 812/812/812 811/811/811 810/810/810
f 813/813/813 812/812/812 810/810/810
f 810/810/810 814/814/814 813/813/813
f 817/817/817 816/816/816 815/815/815
f 818/818/818 817/817/817 815/815/815
f 818/818/818 819/819/819 817/817/817
f 822/822/822 821/821/821 820/820/820
f 823/823/823 822/822/822 820/820/820
f 824/824/824 820/820/820 821/821/821
f 825/825/825 824/824/824 821/821/821
f 828/828/828 827/827/827 826/826/826
f 831/831/831 830/830/830 829/829/829
f 832/832/832 831/831/831 829/829/829
f 833/833/833 831/831/831 832/832/832
f 829/829/829 830/830/830 834/834/834
f 835/835/835 829/829/829 834/834/834
f 836/836/836 829/829/829 835/835/835
f 837/837/837 836/836/836 835/835/835
f 834/834/834 838/838/838 835/835/835
f 839/839/839 838/838/838 834/834/834
f 840/840/840 839/839/839 834/834/834
f 843/843/843 842/842/842 841/841/841
f 846/846/846 845/845/845 844/844/844
f 847/847/847 846/846/846 844/844/844
f 846/846/846 848/848/848 845/845/845
f 851/851/851 850/850/850 849/849/849
f 852/852/852 851/851/851 849/849/849
f 851/851/851 852/852/852 853/853/853
f 853/853/853 852/852/852 854/854/854
f 852/852/852 855/855/855 854/854/854
f 855/855/855 856/856/856 854/854/854
f 857/857/857 853/853/853 854/854/854
f 854/854/854 858/858/858 857/857/857
f 859/859/859 857/857/857 858/858/858
f 860/860/860 859/859/859 858/858/858
f 863/863/863 862/862/862 861/861/861
f 861/861/861 864/864/864 863/863/863
f 864/864/864 865/865/865 863/863/863
f 868/868/868 867/867/867 866/866/866
f 869/869/869 868/868/868 866/866/866
f 872/872/872 871/871/871 870/870/870
f 873/873/873 872/872/872 870/870/870
f 876/876/876 875/875/875 874/874/874
f 877/877/877 876/876/876 874/874/874
f 876/876/876 878/878/878 875/875/875
f 878/878/878 879/879/879 875/875/875
f 882/882/882 881/881/881 880/880/880
f 884/884/884 880/880/880 883/883/883
f 886/886/886 883/883/883 885/885/885
f 889/889/889 888/888/888 887/887/887
f 892/892/892 891/891/891 890/890/890
f 893/893/893 892/892/892 890/890/890
f 891/891/891 892/892/892 894/894/894
f 892/892/892 895/895/895 894/894/894
f 896/896/896 894/894/894 895/895/895
f 897/897/897 896/896/896 895/895/895
f 900/900/900 899/899/899 898/898/898
f 901/901/901 900/900/900 898/898/898
f 899/899/899 900/900/900 902/902/902
f 903/903/903 899/899/899 902/902/902
f 903/903/903 902/902/902 904/904/904
f 905/905/905 903/903/903 904/904/904
f 908/908/908 907/907/907 906/906/906
f 909/909/909 908/908/908 906/906/906
f 906/906/906 907/907/907 910/910/910
f 907/907/907 911/911/911 910/910/910
f 914/914/914 913/913/913 912/912/912
f 915/915/915 914/914/914 912/912/912
f 918/918/918 917/917/917 916/916/916
f 921/921/921 920/920/920 919/919/919
f 924/924/924 923/923/923 922/922/922
f 927/927/927 926/926/926 925/925/925
f 930/930/930 929/929/929 928/928/928
f 933/933/933 932/932/932 931/931/931
f 936/936/936 935/935/935 934/934/934
f 939/939/939 938/938/938 937/937/937
f 942/942/942 941/941/941 940/940/940
f 943/943/943 942/942/942 940/940/940
f 944/944/944 943/943/943 940/940/940
f 945/945/945 944/944/944 940/940/940
f 944/944/944 945/945/945 946/946/946
f 945/945/945 947/947/947 946/946/946
f 948/948/948 945/945/945 940/940/940
f 949/949/949 948/948/948 940/940/940
f 952/952/952 951/951/951 950/950/950
f 953/953/953 952/952/952 950/950/950
f 951/951/951 952/952/952 954/954/954
f 955/955/955 951/951/951 954/954/954
f 958/958/958 957/957/957 956/956/956
f 959/959/959 958/958/958 956/956/956
f 962/962/962 961/961/961 960/960/960
f 963/963/963 962/962/962 960/960/960
f 966/966/966 965/965/965 964/964/964
f 967/967/967 966/966/966 964/964/964
f 966/966/966 968/968/968 965/965/965
f 971/971/971 970/970/970 969/969/969
f 972/972/972 971/971/971 969/969/969
f 975/975/975 974/974/974 973/973/973
f 978/978/978 977/977/977 976/976/976
f 979/979/979 978/978/978 976/976/976
f 982/982/982 981/981/981 980/980/980
f 981/981/981 982/982/982 983/983/983
f 982/982/982 984/984/984 983/983/983
f 987/987/987 986/986/986 985/985/985
f 988/988/988 987/987/987 985/985/985
f 991/991/991 990/990/990 989/989/989
f 989/989/989 992/992/992 991/991/991
f 995/995/995 994/994/994 993/993/993
f 995/995/995 993/993/993 996/996/996
f 995/995/995 996/996/996 997/997/997
f 995/995/995 998/998/998 994/994/994
f 1001/1001/1001 1000/1000/1000 999/999/999
f 1001/1001/1001 999/999/999 1002/1002/1002
f 1001/1001/1001 1002/1002/1002 1003/1003/1003
f 1001/1001/1001 1004/1004/1004 1000/1000/1000
