g G_CA_Prinzeugen_Body_H_001
v 0.0111452 0.01647806 1.410298
v 0.03086143 0.01065048 1.419694
v 0.02547028 0.02374329 1.417948
v 0.01407183 0.003718995 1.408218
v 3.471971E-06 0.01398786 1.40732
v 3.471971E-06 0.001023412 1.4037
v 0.04066821 0.01529714 1.427909
v 0.03437852 0.03311364 1.426574
v 0.04860091 0.01886558 1.435636
v 0.04246526 0.04045589 1.436509
v 0.05471089 0.02120174 1.445982
v 0.05124515 0.04610375 1.447368
v 0.06354212 0.02361493 1.47227
v 0.06151402 0.05026265 1.473939
v 0.07101272 0.02400001 1.492962
v 0.06536485 0.04972354 1.494708
v 0.07553103 0.02402569 1.510239
v 0.03833204 0.05444721 1.452195
v 0.05044931 0.05162328 1.448241
v 0.04223421 0.06361219 1.461642
v 0.05163023 0.05819536 1.461591
v 0.03543108 0.07226371 1.452323
v 0.02873065 0.05739952 1.443004
v 0.01355839 0.06856691 1.443646
v 0.03155458 0.04361356 1.43597
v 0.0559945 0.05929925 1.478226
v 0.02444339 0.03008432 1.41859
v 0.01196671 0.02202325 1.4104
v 3.471971E-06 0.01940469 1.407551
v 0.08767397 0.07426614 1.479125
v 0.08266789 0.07018427 1.464004
v 0.07355427 0.06053152 1.477045
v 0.06972912 0.06022345 1.453915
v 0.08749426 0.07054367 1.492192
v 0.06151402 0.05026265 1.473939
v 0.06536485 0.04972354 1.494708
v 0.07383666 0.05706578 1.499252
v 0.08356642 0.06435668 1.498097
v 0.0591265 0.05149492 1.448395
v 0.05124515 0.04610375 1.447368
v 0.08472167 0.0775265 1.478047
v 0.08266789 0.07018427 1.464004
v 0.08767397 0.07426614 1.479125
v 0.0803574 0.07454854 1.462977
v 0.08428524 0.07362434 1.492731
v 0.08749426 0.07054367 1.492192
v 0.08356642 0.06435668 1.498097
v 0.07968992 0.06692389 1.499996
v 0.07383666 0.05706578 1.499252
v 0.07250171 0.05947896 1.50092
v 0.06790639 0.06497281 1.452246
v 0.06972912 0.06022345 1.453915
v 0.05671332 0.0562186 1.447086
v 0.0591265 0.05149492 1.448395
v 0.06472304 0.06476743 1.477097
v 0.05044931 0.05162328 1.448241
v 0.05163023 0.05819536 1.461591
v 0.0559945 0.05929925 1.478226
v 0.05124515 0.04610375 1.447368
v 0.06536485 0.04972354 1.494708
v 0.03817801 -0.02778077 1.494425
v 0.04896032 -0.0235962 1.49327
v 0.0378186 -0.02742136 1.493245
v 0.03173429 -0.02942379 1.493013
v 0.03155458 -0.02988589 1.49422
v 0.0259067 -0.03047635 1.492397
v 0.02595805 -0.03001425 1.491781
v 0.02072092 -0.03101547 1.489265
v 0.02267201 -0.01915492 1.482873
v 0.02629179 -0.02023315 1.484054
v 0.02639448 -0.01864148 1.484208
v 0.02228693 -0.02015614 1.482899
v 0.02182483 -0.0200021 1.48236
v 0.02233827 -0.01905223 1.482257
v 0.02192751 -0.02254365 1.483771
v 0.0255473 -0.0235192 1.48544
v 0.02449474 -0.02580402 1.486852
v 0.0215681 -0.0245204 1.48526
v 0.02087495 -0.02205588 1.482565
v 0.01853879 -0.02344218 1.482539
v 0.01876984 -0.02228693 1.481204
v 0.01597157 -0.02362188 1.478919
v 0.01884685 -0.02444339 1.483181
v 0.01661338 -0.0246231 1.481358
v 0.0167674 -0.02413532 1.48105
v 0.01453393 -0.0250852 1.479536
v 0.02087495 -0.02205588 1.482565
v 0.02087495 -0.02002778 1.480947
v 0.0213884 -0.01941165 1.48087
v 0.02131139 -0.01846177 1.478432
v 0.02174781 -0.01887253 1.480845
v 0.02847392 -0.02575267 1.487956
v 0.02798615 -0.02567565 1.488906
v 0.02326247 -0.02588103 1.487597
v 0.02002778 -0.02639448 1.485286
v 0.0200021 -0.02634313 1.486031
v 0.0172295 -0.02724166 1.484028
v 0.03106681 -0.02539326 1.489573
v 0.03127219 -0.02557297 1.488367
v 0.0289617 -0.02354486 1.486159
v 0.0314519 -0.02346785 1.486493
v 0.02906438 -0.01989941 1.484619
v 0.03150324 -0.01959135 1.484824
v 0.03509735 -0.02475145 1.489958
v 0.03494331 -0.0249825 1.488701
v 0.03478928 -0.02287739 1.486775
v 0.03869145 -0.0240583 1.48888
v 0.03858876 -0.02208155 1.48698
v 0.03463525 -0.01902656 1.485029
v 0.02909005 -0.01812804 1.484696
v 0.03152891 -0.01764026 1.484927
v 0.03833204 -0.01794833 1.48526
v 0.0345839 -0.01684442 1.485158
v 0.03817801 -0.01558649 1.485312
v 0.04159241 -0.02084929 1.487083
v 0.041233 -0.0167674 1.485363
v 0.04554592 -0.01856446 1.487186
v 0.04498113 -0.01486767 1.485517
v 0.05042364 -0.01522708 1.487032
v 0.04975616 -0.01186402 1.485543
v 0.0507317 -0.01753757 1.489214
v 0.04569995 -0.02059256 1.489214
v 0.0524004 -0.01011831 1.485415
v 0.0535043 -0.01278822 1.486749
v 0.04092493 -0.01450825 1.485415
v 0.04444202 -0.01289091 1.485569
v 0.04911435 -0.01058041 1.485697
v 0.05478791 -0.008500963 1.485106
v 0.05409476 -0.007371388 1.485183
v 0.05157888 -0.009014413 1.485543
v 0.05650795 -0.009322479 1.486185
v 0.0548906 -0.008192904 1.482591
v 0.05391505 -0.008038871 1.482693
v 0.05851037 -0.007525422 1.484567
v 0.0561742 -0.007551096 1.481769
v 0.05355564 -0.007910505 1.47951
v 0.05311922 -0.008064538 1.479869
v 0.05727811 -0.01296793 1.488649
v 0.05419745 -0.0152014 1.488983
v 0.05057767 -0.007833488 1.477199
v 0.05260577 -0.007884838 1.479998
v 0.05340161 -0.007397063 1.482745
v 0.05234905 -0.007602438 1.480049
v 0.05745781 -0.01245448 1.490421
v 0.05997369 -0.01127356 1.488213
v 0.06015339 -0.0108628 1.490344
v 0.06243822 -0.01027235 1.489496
v 0.06200179 -0.01011831 1.490498
v 0.06436363 -0.009322479 1.491011
v 0.06402989 -0.007397063 1.486339
v 0.06390153 -0.008886047 1.487828
v 0.06772669 -0.007628113 1.487648
v 0.05422312 -0.01466229 1.490703
v 0.05024393 -0.01740921 1.491037
v 0.04544323 -0.02041285 1.490446
v 0.04174644 -0.02287739 1.48906
v 0.04179778 -0.02262066 1.490292
v 0.04146405 -0.02210722 1.491422
v 0.04089926 -0.02197886 1.490857
v 0.03804965 -0.02331381 1.491473
v 0.03812666 -0.02313411 1.491139
v 0.0345839 -0.02413532 1.491114
v 0.03861443 -0.0238786 1.490138
v 0.02575267 -0.03063039 1.492936
v 0.03155458 -0.02988589 1.49422
v 0.0259067 -0.03047635 1.492397
v 0.02328815 -0.03081009 1.491473
v 0.02072092 -0.03101547 1.489265
v 0.0004142299 -0.0404885 1.453376
v 3.471971E-06 -0.04118165 1.453786
v 3.471971E-06 -0.03699709 1.456918
v 0.0004912466 -0.04410828 1.450449
v 3.471971E-06 -0.04505815 1.451296
v 3.471971E-06 -0.04400559 1.447317
v 0.01781997 -0.02298008 1.481974
v 0.0218505 -0.02069525 1.483361
v 0.02054122 -0.02025882 1.481204
v 0.0215681 -0.02362188 1.48526
v 0.02611208 -0.02133705 1.48526
v 0.02511087 -0.02403264 1.487083
v 0.03114383 -0.02336516 1.48793
v 0.03147757 -0.02066958 1.486185
v 0.03935893 -0.02161945 1.488623
v 0.03858876 -0.01951433 1.486724
v 0.04595668 -0.01630531 1.487109
v 0.0475997 -0.01753757 1.489265
v 0.0510141 -0.0127112 1.487032
v 0.0530422 -0.01366107 1.489086
v 0.01730652 -0.02187617 1.478509
v 0.02031017 -0.01946299 1.478406
v 0.01859013 -0.02115735 1.47571
v 0.02118302 -0.01912925 1.476275
v 0.05301653 -0.01979673 1.503693
v 0.05953726 -0.01332734 1.498764
v 0.06284897 -0.005574338 1.491011
v 0.05899815 -0.007730804 1.48793
v 0.05727811 -0.00678093 1.482411
v 0.06105192 -0.003777288 1.482693
v 0.04300437 -0.02521355 1.50531
v 0.03258147 -0.02806317 1.50377
v 0.02431503 -0.02942379 1.500125
v 0.01648501 -0.02996291 1.493527
v 0.01399481 -0.02690792 1.484773
v 0.01314763 -0.02500818 1.47874
v 0.005651355 -0.02909005 1.479664
v 0.006241813 -0.03183698 1.486955
v 3.471971E-06 -0.03045068 1.479741
v 3.471971E-06 -0.02873065 1.471372
v 0.00516358 -0.02772943 1.471449
v 0.01389212 -0.02410965 1.475454
v 0.01466229 -0.02321113 1.472168
v 0.004162371 -0.02796048 1.465031
v 3.471971E-06 -0.02944947 1.465133
v 0.002724729 -0.03283819 1.458176
v 3.471971E-06 -0.03425016 1.458844
v 0.001030363 -0.03933325 1.452914
v 3.471971E-06 -0.04043716 1.453581
v 0.0007993132 -0.04336379 1.450244
v 0.002082922 -0.03933325 1.447651
v 0.003007121 -0.03697141 1.450321
v 3.471971E-06 -0.04433933 1.451065
v 3.471971E-06 -0.04328677 1.447112
v 0.0007222965 -0.04236257 1.447214
v 3.471971E-06 -0.04110464 1.443723
v 0.0009790212 -0.04005207 1.443697
v 3.471971E-06 -0.03876847 1.441335
v 0.001697838 -0.03774158 1.44095
v 3.471971E-06 -0.03604722 1.438024
v 0.003289513 -0.03561079 1.438537
v 0.003315188 -0.03448121 1.436047
v 3.471971E-06 -0.03499466 1.43579
v 0.006293163 -0.03543108 1.444724
v 0.006293163 -0.03543108 1.440976
v 0.01009264 -0.03381374 1.439179
v 0.01240314 -0.03245311 1.44362
v 0.01794833 -0.0291414 1.436201
v 0.0204642 -0.02857661 1.44131
v 0.007807821 -0.03391642 1.449011
v 0.01399481 -0.0307074 1.448318
v 0.02298008 -0.02698494 1.446778
v 0.006472863 -0.03478928 1.438845
v 0.009707563 -0.03032232 1.456508
v 0.02647149 -0.02357054 1.455506
v 0.01702413 -0.0238786 1.464081
v 0.03057904 -0.02398129 1.446701
v 0.02742136 -0.02477713 1.439461
v 0.02069525 -0.02719031 1.435225
v 0.01933463 -0.02816586 1.435713
v 0.03835771 -0.02005345 1.442337
v 0.04087359 -0.01930895 1.455044
v 0.03042501 -0.0198224 1.463182
v 0.0407709 -0.01674174 1.462181
v 0.03245311 -0.01728085 1.468445
v 0.02598372 -0.01910358 1.470242
v 0.0220302 -0.02118302 1.466545
v 0.0204642 -0.0204642 1.47322
v 0.03948729 -0.01489334 1.468188
v 0.04839553 -0.01402049 1.464184
v 0.04682953 -0.0129936 1.470371
v 0.04911435 -0.01556081 1.457072
v 0.05163023 -0.0114276 1.465955
v 0.05430014 -0.00927113 1.467444
v 0.04970482 -0.01099117 1.472142
v 0.052118 -0.009322479 1.474966
v 0.05509597 -0.00724303 1.479279
v 0.05771454 -0.00493253 1.469729
v 0.0595886 -0.004342072 1.478201
v 0.06092356 0.004129745 1.471654
v 0.0651338 0.00549037 1.482206
v 0.05501896 -0.007807821 1.482565
v 0.0535043 -0.007807821 1.479638
v 0.05270846 -0.007602438 1.479972
v 0.05057767 -0.007833488 1.476737
v 0.05137351 -0.008603655 1.47607
v 0.05358132 -0.00747408 1.482822
v 0.0685482 0.005618729 1.491807
v 0.07101272 0.02400001 1.492962
v 0.06919 -0.006164797 1.504951
v 0.06718757 -0.01227478 1.512909
v 0.07342591 0.004643187 1.511883
v 0.0680861 -0.011787 1.525823
v 0.05388938 -0.02195319 1.521612
v 0.03820368 -0.03047635 1.522049
v 0.05216935 -0.0216708 1.535937
v 0.03478928 -0.02939812 1.533293
v 0.02482847 -0.03448121 1.519481
v 0.01422586 -0.03281252 1.531316
v 0.03129786 -0.02754973 1.546566
v 0.01355839 -0.03093845 1.545102
v 3.471971E-06 -0.0322734 1.544435
v 3.471971E-06 -0.03445554 1.530803
v 0.0106831 -0.03686872 1.513731
v 3.471971E-06 -0.03756187 1.513294
v 0.007448405 -0.03404479 1.495324
v 3.471971E-06 -0.03314626 1.487494
v 3.471971E-06 -0.0352257 1.496094
v 0.01196671 -0.02639448 1.561353
v 3.471971E-06 -0.02724166 1.561558
v 0.02708763 -0.0249825 1.560685
v 0.03994939 -0.0190779 1.56333
v 0.02269768 -0.02172214 1.571262
v 3.471971E-06 -0.02208155 1.574523
v 0.03797263 -0.01230045 1.579631
v 0.0227747 -0.01538111 1.58379
v 3.471971E-06 -0.01625396 1.586126
v 0.05324757 -0.009861596 1.568156
v 0.04813881 -0.02151676 1.550442
v 0.06146267 -0.01009264 1.556655
v 0.06782937 0.005464695 1.559761
v 0.06685384 -0.01083714 1.542484
v 0.07273276 0.005002603 1.543742
v 0.07501759 0.02451345 1.543844
v 0.07355427 0.00479722 1.526541
v 0.07599313 0.0247445 1.525437
v 0.07553103 0.02402569 1.510239
v 0.07085869 0.02384598 1.559864
v 0.05925487 0.003821678 1.572854
v 0.05750916 0.01668344 1.579811
v 0.041233 -0.002827413 1.585921
v 0.0409506 0.002230003 1.589618
v 0.02264634 -0.003238171 1.593751
v 0.02215856 -0.006755255 1.591081
v 3.471971E-06 -0.003956988 1.594752
v 3.471971E-06 -0.007294372 1.59239
v 0.06354212 0.02361493 1.47227
v 0.05768886 0.002589412 1.456405
v 0.05471089 0.02120174 1.445982
v 0.05501896 0.00161387 1.447266
v 0.05388938 -0.008654997 1.451604
v 0.05270846 -0.008886047 1.446701
v 0.04991019 -0.0004655719 1.435764
v 0.04872927 -0.009168446 1.43692
v 0.04374887 -0.00221128 1.427498
v 0.0425166 -0.009861596 1.428961
v 0.04534055 -0.01604859 1.438897
v 0.03994939 -0.01617695 1.4314
v 0.03201668 -0.01176133 1.420053
v 0.02970619 -0.01699845 1.424058
v 0.0230571 -0.01764026 1.419232
v 0.02418667 -0.01335301 1.414559
v 0.01715249 -0.0186158 1.415637
v 0.01771728 -0.0145596 1.409938
v 0.03368538 -0.00452178 1.418718
v 0.02390427 -0.00701198 1.411941
v 0.01730652 -0.009348147 1.407628
v 0.04066821 0.01529714 1.427909
v 0.04860091 0.01886558 1.435636
v 0.03086143 0.01065048 1.419694
v 0.02400696 -0.02262066 1.427909
v 0.03448121 -0.02043853 1.43579
v 0.02372457 -0.02505952 1.434147
v 0.0215681 -0.02549595 1.432376
v 0.0218505 -0.02367322 1.428525
v 0.01407183 0.003718995 1.408218
v 0.008886047 -0.02033584 1.412146
v 0.01586888 -0.02280037 1.421054
v 0.01951433 -0.02269768 1.424032
v 0.01307061 -0.02287739 1.41954
v 0.009091429 -0.02339083 1.418128
v 0.008988738 -0.02428935 1.419925
v 0.0129936 -0.02377591 1.421542
v 0.005497321 -0.0238786 1.417152
v 0.01912925 -0.02570133 1.430373
v 0.01930895 -0.02459742 1.428833
v 0.01828207 -0.02346785 1.425496
v 0.01717816 -0.02421234 1.426471
v 0.0170498 -0.02577834 1.428782
v 0.0159459 -0.02570133 1.427447
v 0.0140975 -0.02603507 1.426445
v 0.014842 -0.02446906 1.42452
v 0.01525275 -0.02598372 1.427909
v 0.01337868 -0.02611208 1.427344
v 0.01581754 -0.02598372 1.428756
v 0.0156635 -0.02716464 1.429963
v 0.01509871 -0.0268309 1.429346
v 0.01378944 -0.02754973 1.429218
v 0.01425154 -0.02785779 1.429783
v 0.0156635 -0.02811451 1.431683
v 0.01697279 -0.02734435 1.431298
v 0.01260851 -0.02862795 1.429577
v 0.01196671 -0.02837123 1.428037
v 0.009425163 -0.02944947 1.427164
v 0.009681888 -0.03034799 1.429295
v 0.006344505 -0.03173429 1.428756
v 0.006113455 -0.03032232 1.426677
v 0.003084138 -0.03268416 1.428499
v 0.003340855 -0.03335164 1.432915
v 3.471971E-06 -0.0339421 1.432709
v 3.471971E-06 -0.03312059 1.428525
v 0.006934963 -0.03260714 1.432992
v 3.471971E-06 -0.03147757 1.426343
v 0.00290443 -0.03104114 1.426394
v 0.006703913 -0.03368538 1.436047
v 0.01060609 -0.0309898 1.432761
v 0.01435422 -0.02888468 1.432093
v 0.01615128 -0.02901304 1.43425
v 0.01063175 -0.03240177 1.436098
v 0.0175119 -0.02814018 1.433762
v 3.471971E-06 -0.03011694 1.425701
v 0.002750397 -0.02980888 1.425804
v 3.471971E-06 -0.02865363 1.425444
v 0.002596363 -0.02860228 1.425521
v 0.005600013 -0.02826855 1.425958
v 0.00585673 -0.02921842 1.426086
v 0.008911721 -0.0277551 1.426677
v 0.009168446 -0.02844825 1.426702
v 0.0116073 -0.02780645 1.427678
v 0.01360973 -0.02713897 1.42891
v 0.01127356 -0.02726733 1.427575
v 0.01343002 -0.02672821 1.428653
v 0.01450825 -0.02642015 1.428756
v 0.01471364 -0.02662553 1.429013
v 0.01522708 -0.02608641 1.428705
v 0.01489334 -0.02603507 1.428063
v 0.01314763 -0.02613775 1.427601
v 0.01481632 -0.02616343 1.428628
v 0.01448259 -0.02606074 1.428114
v 0.01289091 -0.02616343 1.427678
v 0.01145327 -0.02642015 1.42701
v 0.01124789 -0.02639448 1.427164
v 0.00834693 -0.02698494 1.426445
v 0.008526638 -0.02721599 1.426086
v 0.01165865 -0.0263688 1.426651
v 0.00862933 -0.02731868 1.425496
v 0.0122491 -0.02629179 1.425573
v 0.008783363 -0.02713897 1.424007
v 0.0127112 -0.02470011 1.423416
v 0.008886047 -0.02518788 1.42185
v 0.005522996 -0.02811451 1.424777
v 0.005548663 -0.02788346 1.423005
v 0.00180053 -0.02883333 1.424212
v 0.001826197 -0.02852527 1.422518
v 0.005600013 -0.02562431 1.4209
v 0.001903214 -0.02608641 1.420182
v 0.005471647 -0.0280375 1.425521
v 0.00180053 -0.02865363 1.425162
v 3.471971E-06 -0.02891035 1.424058
v 3.471971E-06 -0.02873065 1.422415
v 0.005574338 -0.02475145 1.418949
v 0.002005905 -0.02521355 1.418179
v 3.471971E-06 -0.02634313 1.420002
v 3.471971E-06 -0.02549595 1.417948
v 0.01532976 -0.02362188 1.422877
v 0.002134264 -0.0243407 1.416433
v 3.471971E-06 -0.0246231 1.416202
v 3.471971E-06 -0.0221329 1.40999
v 0.002134264 -0.02172214 1.4104
v 0.002134264 -0.01900089 1.401672
v 3.471971E-06 -0.01946299 1.401287
v 3.471971E-06 -0.01627964 1.399259
v 0.001928888 -0.01574052 1.399567
v 3.471971E-06 0.001023412 1.4037
v 0.008500963 -0.01707547 1.404213
v 0.008244246 -0.01314763 1.402185
v 0.03889683 -0.01158163 1.470242
v 0.04554592 -0.0106831 1.471834
v 0.03915355 -0.01273688 1.469549
v 0.04495546 -0.009630546 1.472501
v 0.03276118 -0.01378944 1.470217
v 0.03265849 -0.01499603 1.4696
v 0.02708763 -0.0161256 1.471783
v 0.02670254 -0.01717816 1.471243
v 0.02264634 -0.01879551 1.474452
v 0.02321113 -0.01746055 1.474863
v 0.0487036 -0.009553529 1.4734
v 0.04801045 -0.008654997 1.474093
v 0.02195319 -0.017974 1.476481
v 0.02131139 -0.01846177 1.478432
v 0.0215681 -0.01887253 1.480845
v 0.02264634 -0.01915492 1.482899
v 0.02639448 -0.01874416 1.484413
v 0.03155458 -0.01784564 1.485055
v 0.03804965 -0.01615128 1.48544
v 0.04444202 -0.01309629 1.48562
v 0.04911435 -0.01058041 1.485748
v 0.05422312 -0.007371388 1.485312
v 0.05684168 -0.008963063 1.48621
v 0.01091415 -0.02531625 1.464569
v 3.471971E-06 -0.02829422 1.425444
v 3.471971E-06 -0.02875632 1.425111
v 0.00180053 -0.0282172 1.425496
v 0.00539463 -0.0277551 1.425804
v 0.03992372 -0.02020748 1.447266
v 0.048986 -0.01561216 1.447317
v 0.05471089 -0.009322479 1.460076
v 3.471971E-06 -0.0296035 1.465133
v 0.002724729 -0.03299223 1.458176
v 3.471971E-06 -0.0344042 1.458844
v 0.004162371 -0.02811451 1.465031
v 0.001030363 -0.03948729 1.452914
v 3.471971E-06 -0.04061686 1.453581
v 0.0007993132 -0.04351782 1.450244
v 0.002082922 -0.03948729 1.447651
v 0.003007121 -0.03712545 1.450321
v 3.471971E-06 -0.04449336 1.451065
v 3.471971E-06 -0.0434408 1.447112
v 0.0007222965 -0.0425166 1.447214
v 0.009707563 -0.03047635 1.456508
v 0.00493253 -0.03602154 1.448806
v 0.04495546 -0.009630546 1.472501
v 0.03889683 -0.01081146 1.470242
v 0.04495546 -0.008860379 1.472501
v 0.03889683 -0.01158163 1.470242
v 0.03889683 -0.01158163 1.470242
v 0.03276118 -0.01301927 1.470217
v 0.03889683 -0.01081146 1.470242
v 0.03276118 -0.01378944 1.470217
v 0.03276118 -0.01378944 1.470217
v 0.02708763 -0.01535544 1.471783
v 0.03276118 -0.01301927 1.470217
v 0.02708763 -0.0161256 1.471783
v 0.0215681 -0.01887253 1.480845
v 0.02264634 -0.01838475 1.482899
v 0.0215681 -0.0181537 1.480845
v 0.02264634 -0.01915492 1.482899
v 0.02639448 -0.01874416 1.484413
v 0.02264634 -0.01838475 1.482899
v 0.02264634 -0.01915492 1.482899
v 0.02639448 -0.01794833 1.484413
v 0.03155458 -0.01784564 1.485055
v 0.02639448 -0.01794833 1.484413
v 0.02639448 -0.01874416 1.484413
v 0.03155458 -0.01707547 1.485055
v 0.03804965 -0.01615128 1.48544
v 0.03155458 -0.01707547 1.485055
v 0.03155458 -0.01784564 1.485055
v 0.03804965 -0.01538111 1.48544
v 0.04444202 -0.01309629 1.48562
v 0.04444202 -0.01232612 1.48562
v 0.04911435 -0.01058041 1.485748
v 0.04911435 -0.009810247 1.485748
v 0.05422312 -0.007371388 1.485312
v 0.04911435 -0.009810247 1.485748
v 0.04911435 -0.01058041 1.485748
v 0.05422312 -0.006601222 1.485312
v 0.05422312 -0.007371388 1.485312
v 0.05358132 -0.006703913 1.482822
v 0.05422312 -0.006601222 1.485312
v 0.05358132 -0.00747408 1.482822
v 0.05270846 -0.006832272 1.479972
v 0.05270846 -0.007602438 1.479972
v 0.02131139 -0.01846177 1.478432
v 0.0215681 -0.0181537 1.480845
v 0.02131139 -0.01766594 1.478432
v 0.0215681 -0.01887253 1.480845
v 0.02195319 -0.017974 1.476481
v 0.02321113 -0.0166904 1.474863
v 0.02321113 -0.01746055 1.474863
v 0.02195319 -0.01717816 1.476481
v 0.05270846 -0.007602438 1.479972
v 0.05057767 -0.007063322 1.476737
v 0.05270846 -0.006832272 1.479972
v 0.05057767 -0.007833488 1.476737
v 0.04801045 -0.008654997 1.474093
v 0.04495546 -0.008860379 1.472501
v 0.04801045 -0.007884838 1.474093
v 0.04495546 -0.009630546 1.472501
v 0.02708763 -0.0161256 1.471783
v 0.02321113 -0.0166904 1.474863
v 0.02708763 -0.01535544 1.471783
v 0.02321113 -0.01746055 1.474863
v 0.03889683 -0.001312755 1.470242
v 0.03725381 -0.002005905 1.479587
v 0.04495546 0.0006383285 1.472501
v 0.04801045 0.001639545 1.474093
v 0.05057767 0.002461053 1.476737
v 0.05358132 0.002820462 1.482822
v 0.05422312 0.002923153 1.485312
v 0.05270846 0.002692103 1.479972
v 0.03276118 -0.003494889 1.470217
v 0.03725381 -0.002005905 1.479587
v 0.03889683 -0.001312755 1.470242
v 0.02708763 -0.005831063 1.471783
v 0.03725381 -0.002005905 1.479587
v 0.03276118 -0.003494889 1.470217
v 0.02195319 -0.007679455 1.476481
v 0.02321113 -0.007191688 1.474863
v 0.03725381 -0.002005905 1.479587
v 0.02708763 -0.005831063 1.471783
v 0.02264634 -0.00793618 1.482899
v 0.03725381 -0.002005905 1.479587
v 0.0215681 -0.008269913 1.480845
v 0.02131139 -0.00816723 1.478432
v 0.03725381 -0.002005905 1.479587
v 0.02195319 -0.007679455 1.476481
v 0.02706195 -0.006062113 1.484413
v 0.03725381 -0.002005905 1.479587
v 0.02264634 -0.00793618 1.482899
v 0.031914 -0.004316404 1.485055
v 0.03725381 -0.002005905 1.479587
v 0.02706195 -0.006062113 1.484413
v 0.03804965 -0.002134264 1.48544
v 0.03725381 -0.002005905 1.479587
v 0.04408261 -3.471971E-06 1.48562
v 0.03725381 -0.002005905 1.479587
v 0.03804965 -0.002134264 1.48544
v 0.04844688 0.001562528 1.485748
v 0.03725381 -0.002005905 1.479587
v 0.05422312 0.002923153 1.485312
v 0.03725381 -0.002005905 1.479587
v 0.04844688 0.001562528 1.485748
v 0.05057767 0.002461053 1.476737
v 0.03725381 -0.002005905 1.479587
v 0.05270846 0.002692103 1.479972
v 0.04495546 -0.008860379 1.472501
v 0.03889683 -0.001312755 1.470242
v 0.04495546 0.0006383285 1.472501
v 0.03889683 -0.001312755 1.470242
v 0.04495546 -0.008860379 1.472501
v 0.03889683 -0.01081146 1.470242
v 0.03889683 -0.01081146 1.470242
v 0.03276118 -0.003494889 1.470217
v 0.03889683 -0.001312755 1.470242
v 0.03276118 -0.003494889 1.470217
v 0.03889683 -0.01081146 1.470242
v 0.03276118 -0.01301927 1.470217
v 0.03276118 -0.01301927 1.470217
v 0.02708763 -0.005831063 1.471783
v 0.03276118 -0.003494889 1.470217
v 0.02708763 -0.01535544 1.471783
v 0.0215681 -0.008269913 1.480845
v 0.02264634 -0.01838475 1.482899
v 0.02264634 -0.00793618 1.482899
v 0.0215681 -0.0181537 1.480845
v 0.02264634 -0.00793618 1.482899
v 0.02639448 -0.01794833 1.484413
v 0.02706195 -0.006062113 1.484413
v 0.02639448 -0.01794833 1.484413
v 0.02264634 -0.00793618 1.482899
v 0.02264634 -0.01838475 1.482899
v 0.02706195 -0.006062113 1.484413
v 0.03155458 -0.01707547 1.485055
v 0.031914 -0.004316404 1.485055
v 0.02639448 -0.01794833 1.484413
v 0.031914 -0.004316404 1.485055
v 0.03804965 -0.01538111 1.48544
v 0.03804965 -0.002134264 1.48544
v 0.03804965 -0.01538111 1.48544
v 0.031914 -0.004316404 1.485055
v 0.03155458 -0.01707547 1.485055
v 0.03804965 -0.002134264 1.48544
v 0.04444202 -0.01232612 1.48562
v 0.04408261 -3.471971E-06 1.48562
v 0.04911435 -0.009810247 1.485748
v 0.04444202 -0.01232612 1.48562
v 0.03804965 -0.002134264 1.48544
v 0.03804965 -0.01538111 1.48544
v 0.04408261 -3.471971E-06 1.48562
v 0.04911435 -0.009810247 1.485748
v 0.04844688 0.001562528 1.485748
v 0.04844688 0.001562528 1.485748
v 0.05422312 -0.006601222 1.485312
v 0.05422312 0.002923153 1.485312
v 0.05422312 -0.006601222 1.485312
v 0.04844688 0.001562528 1.485748
v 0.04911435 -0.009810247 1.485748
v 0.05422312 -0.006601222 1.485312
v 0.05358132 0.002820462 1.482822
v 0.05422312 0.002923153 1.485312
v 0.05358132 -0.006703913 1.482822
v 0.05270846 0.002692103 1.479972
v 0.05270846 -0.006832272 1.479972
v 0.02131139 -0.01766594 1.478432
v 0.0215681 -0.008269913 1.480845
v 0.02131139 -0.00816723 1.478432
v 0.0215681 -0.0181537 1.480845
v 0.02195319 -0.007679455 1.476481
v 0.02321113 -0.0166904 1.474863
v 0.02195319 -0.01717816 1.476481
v 0.02321113 -0.007191688 1.474863
v 0.05270846 -0.006832272 1.479972
v 0.05057767 0.002461053 1.476737
v 0.05270846 0.002692103 1.479972
v 0.05057767 -0.007063322 1.476737
v 0.05057767 -0.007063322 1.476737
v 0.04801045 0.001639545 1.474093
v 0.05057767 0.002461053 1.476737
v 0.04801045 -0.007884838 1.474093
v 0.02708763 -0.01535544 1.471783
v 0.02321113 -0.007191688 1.474863
v 0.02708763 -0.005831063 1.471783
v 0.02321113 -0.0166904 1.474863
v 0.05057767 -0.007833488 1.476737
v 0.04801045 -0.007884838 1.474093
v 0.05057767 -0.007063322 1.476737
v 0.04801045 -0.008654997 1.474093
v 0.04495546 0.0006383285 1.472501
v 0.04801045 -0.007884838 1.474093
v 0.04495546 -0.008860379 1.472501
v 0.04801045 -0.007884838 1.474093
v 0.04495546 0.0006383285 1.472501
v 0.04801045 0.001639545 1.474093
v 0.02195319 -0.017974 1.476481
v 0.02131139 -0.01766594 1.478432
v 0.02195319 -0.01717816 1.476481
v 0.02131139 -0.01846177 1.478432
v 0.02131139 -0.00816723 1.478432
v 0.02195319 -0.01717816 1.476481
v 0.02131139 -0.01766594 1.478432
v 0.02195319 -0.007679455 1.476481
v 0.01887253 -0.02724166 1.4333
v 0.02606074 -0.03373672 1.51083
v 0.02968052 -0.03340298 1.51332
v 0.03011694 -0.0330179 1.511112
v 0.02539326 -0.03435285 1.512781
v 0.03414747 -0.03206803 1.5135
v 0.03432718 -0.031914 1.511215
v 0.03822935 -0.03039934 1.513397
v 0.03825502 -0.03027098 1.511087
v 0.04238825 -0.02819153 1.512884
v 0.04236257 -0.02806317 1.510702
v 0.04698357 -0.02523923 1.510008
v 0.04693222 -0.02534192 1.511857
v 0.05157888 -0.02228693 1.510522
v 0.05168157 -0.02223558 1.509187
v 0.0224923 -0.03419882 1.510368
v 0.02182483 -0.0348663 1.511883
v 0.01925761 -0.0345839 1.509752
v 0.0187185 -0.03514869 1.510753
v 0.01620262 -0.035046 1.508982
v 0.01592023 -0.0353284 1.509469
v 0.013276 -0.0355081 1.508134
v 0.05594315 -0.01954 1.509033
v 0.05602017 -0.01951433 1.50834
v 0.06015339 -0.01697279 1.507518
v 0.03692007 -0.004034005 1.480408
v 0.02303142 -0.009579197 1.480126
v 0.02403264 -0.009245463 1.482206
v 0.02264634 -0.01838475 1.482899
v 0.0215681 -0.0181537 1.480845
v 0.02639448 -0.01794833 1.484413
v 0.0280375 -0.007371388 1.483694
v 0.03155458 -0.01707547 1.485055
v 0.03245311 -0.005651355 1.484362
v 0.03804965 -0.01538111 1.48544
v 0.03802397 -0.003469221 1.484721
v 0.04444202 -0.01232612 1.48562
v 0.04351782 -0.001312755 1.484927
v 0.04911435 -0.009810247 1.485748
v 0.04749701 0.0002532452 1.485055
v 0.05422312 -0.006601222 1.485312
v 0.05273413 0.00161387 1.484619
v 0.05358132 -0.006703913 1.482822
v 0.05214367 0.001485512 1.482103
v 0.01481632 -0.02616343 1.428628
v 0.01663905 -0.004804172 1.430553
v 0.01450825 -0.02642015 1.428756
v 0.01663905 -0.004804172 1.430553
v 0.01481632 -0.02616343 1.428628
v 0.01792265 -0.008218572 1.426959
v 0.01289091 -0.02616343 1.427678
v 0.01458527 -0.008475296 1.416639
v 0.01448259 -0.02606074 1.428114
v 0.01458527 -0.008475296 1.416639
v 0.01289091 -0.02616343 1.427678
v 0.01325032 -0.008475296 1.416639
v 0.01124789 -0.02639448 1.427164
v 0.01137625 -0.008475296 1.416639
v 0.00834693 -0.02698494 1.426445
v 0.008860379 -0.008475296 1.416639
v 0.00539463 -0.0277551 1.425804
v 0.005548663 -0.008475296 1.416639
v 0.00180053 -0.0282172 1.425496
v 0.002236955 -0.008475296 1.416639
v 3.471971E-06 -0.02829422 1.425444
v 3.471971E-06 -0.008475296 1.416639
v -0.002230003 -0.008475296 1.416639
v -0.001793578 -0.0282172 1.425496
v -0.005541712 -0.008475296 1.416639
v -0.005387686 -0.0277551 1.425804
v -0.008879095 -0.008475296 1.416639
v -0.008339986 -0.02698494 1.426445
v -0.01139497 -0.008475296 1.416639
v -0.01126661 -0.02639448 1.427164
v -0.01324337 -0.008475296 1.416639
v -0.01288396 -0.02616343 1.427678
v -0.01457832 -0.008475296 1.416639
v 0.00834693 -0.02698494 1.426445
v 0.01137625 -0.008475296 1.416639
v 0.01124789 -0.02639448 1.427164
v 0.00539463 -0.0277551 1.425804
v 0.008860379 -0.008475296 1.416639
v 0.01325032 -0.008475296 1.416639
v 0.01289091 -0.02616343 1.427678
v 3.471971E-06 -0.02829422 1.425444
v 0.002236955 -0.008475296 1.416639
v 0.00180053 -0.0282172 1.425496
v 0.008911721 -0.0277551 1.426677
v 0.006421521 -0.004804172 1.430168
v 0.005600013 -0.02826855 1.425958
v 0.006421521 -0.004804172 1.430168
v 0.008911721 -0.0277551 1.426677
v 0.01024667 -0.004804172 1.430553
v 0.002981447 -0.004804172 1.429783
v 0.005600013 -0.02826855 1.425958
v 0.002596363 -0.02860228 1.425521
v 0.01127356 -0.02726733 1.427575
v 0.01024667 -0.004804172 1.430553
v 0.008911721 -0.0277551 1.426677
v 0.01024667 -0.004804172 1.430553
v 0.01127356 -0.02726733 1.427575
v 0.01294225 -0.004804172 1.430553
v 0.01343002 -0.02672821 1.428653
v 0.01543245 -0.004804172 1.430553
v 0.01450825 -0.02642015 1.428756
v 0.01663905 -0.004804172 1.430553
v 0.01450825 -0.02642015 1.428756
v 0.01543245 -0.004804172 1.430553
v 0.01343002 -0.02672821 1.428653
v 0.01448259 -0.02606074 1.428114
v 0.01792265 -0.008218572 1.426959
v 0.01481632 -0.02616343 1.428628
v 0.01792265 -0.008218572 1.426959
v 0.01448259 -0.02606074 1.428114
v 0.01458527 -0.008475296 1.416639
v 0.00180053 -0.0282172 1.425496
v 0.005548663 -0.008475296 1.416639
v 0.00539463 -0.0277551 1.425804
v 0.01343002 -0.02672821 1.428653
v 0.01294225 -0.004804172 1.430553
v 0.01127356 -0.02726733 1.427575
v 0.002596363 -0.02860228 1.425521
v 3.471971E-06 -0.004804172 1.429783
v 3.471971E-06 -0.02865363 1.425444
v 0.002981447 -0.004804172 1.429783
v -0.002615087 -0.02860228 1.425521
v -0.00300017 -0.004804172 1.429783
v 3.471971E-06 -0.004804172 1.429783
v 3.471971E-06 -0.02865363 1.425444
v 0.01024667 -0.004804172 1.430553
v 0.005548663 -0.008475296 1.416639
v 0.006421521 -0.004804172 1.430168
v 0.008860379 -0.008475296 1.416639
v 0.01294225 -0.004804172 1.430553
v 0.01137625 -0.008475296 1.416639
v 0.01543245 -0.004804172 1.430553
v 0.01325032 -0.008475296 1.416639
v 0.01663905 -0.004804172 1.430553
v 0.01458527 -0.008475296 1.416639
v 0.002236955 -0.008475296 1.416639
v 0.002981447 -0.004804172 1.429783
v 3.471971E-06 -0.008475296 1.416639
v 3.471971E-06 -0.004804172 1.429783
v -0.00300017 -0.004804172 1.429783
v -0.002230003 -0.008475296 1.416639
v -0.00641457 -0.004804172 1.430168
v -0.005541712 -0.008475296 1.416639
v -0.01023973 -0.004804172 1.430553
v -0.008879095 -0.008475296 1.416639
v -0.01296098 -0.004804172 1.430553
v -0.01139497 -0.008475296 1.416639
v -0.0154255 -0.004804172 1.430553
v -0.01324337 -0.008475296 1.416639
v -0.01665777 -0.004804172 1.430553
v -0.01457832 -0.008475296 1.416639
v 0.01663905 -0.004804172 1.430553
v 0.01792265 -0.008218572 1.426959
v 0.01458527 -0.008475296 1.416639
v -0.01113825 0.01647806 1.410298
v -0.03085449 0.01065048 1.419694
v -0.01409055 0.003718995 1.408218
v -0.02546333 0.02374329 1.417948
v 3.471971E-06 0.01398786 1.40732
v 3.471971E-06 0.001023412 1.4037
v -0.04068693 0.01529714 1.427909
v -0.03437158 0.03311364 1.426574
v -0.04859396 0.01886558 1.435636
v -0.04248398 0.04045589 1.436509
v -0.05472962 0.02120174 1.445982
v -0.05126386 0.04610375 1.447368
v -0.06353518 0.02361493 1.47227
v -0.06150707 0.05026265 1.473939
v -0.07100577 0.02400001 1.492962
v -0.0653579 0.04972354 1.494708
v -0.07552408 0.02402569 1.510239
v -0.03832509 0.05444721 1.452195
v -0.05044236 0.05162328 1.448241
v -0.04225294 0.06361219 1.461642
v -0.05162328 0.05819536 1.461591
v -0.03542414 0.07226371 1.452323
v -0.02874937 0.05739952 1.443004
v -0.01355144 0.06856691 1.443646
v -0.03154764 0.04361356 1.43597
v -0.05598754 0.05929925 1.478226
v -0.02443644 0.03008432 1.41859
v -0.01198544 0.02202325 1.4104
v 3.471971E-06 0.01940469 1.407551
v -0.08766703 0.07426614 1.479125
v -0.07354733 0.06053152 1.477045
v -0.08268661 0.07018427 1.464004
v -0.06974784 0.06022345 1.453915
v -0.08748732 0.07054367 1.492192
v -0.06150707 0.05026265 1.473939
v -0.0653579 0.04972354 1.494708
v -0.07385539 0.05706578 1.499252
v -0.08355948 0.06435668 1.498097
v -0.05911956 0.05149492 1.448395
v -0.05126386 0.04610375 1.447368
v -0.08474039 0.0775265 1.478047
v -0.08268661 0.07018427 1.464004
v -0.08035045 0.07454854 1.462977
v -0.08766703 0.07426614 1.479125
v -0.08427829 0.07362434 1.492731
v -0.08748732 0.07054367 1.492192
v -0.08355948 0.06435668 1.498097
v -0.07968297 0.06692389 1.499996
v -0.07385539 0.05706578 1.499252
v -0.07249477 0.05947896 1.50092
v -0.06789944 0.06497281 1.452246
v -0.06974784 0.06022345 1.453915
v -0.05670638 0.0562186 1.447086
v -0.05911956 0.05149492 1.448395
v -0.06471609 0.06476743 1.477097
v -0.05044236 0.05162328 1.448241
v -0.05162328 0.05819536 1.461591
v -0.05598754 0.05929925 1.478226
v -0.05126386 0.04610375 1.447368
v -0.0653579 0.04972354 1.494708
v -0.03817106 -0.02778077 1.494425
v -0.03781164 -0.02742136 1.493245
v -0.04897905 -0.0235962 1.49327
v -0.03172734 -0.02942379 1.493013
v -0.03154764 -0.02988589 1.49422
v -0.02592543 -0.03047635 1.492397
v -0.0259511 -0.03001425 1.491781
v -0.02071398 -0.03101547 1.489265
v -0.02266506 -0.01915492 1.482873
v -0.02628484 -0.02023315 1.484054
v -0.02230565 -0.02015614 1.482899
v -0.02638753 -0.01864148 1.484208
v -0.02181788 -0.0200021 1.48236
v -0.02235699 -0.01905223 1.482257
v -0.02192057 -0.02254365 1.483771
v -0.02554034 -0.0235192 1.48544
v -0.02451345 -0.02580402 1.486852
v -0.02156115 -0.0245204 1.48526
v -0.020868 -0.02205588 1.482565
v -0.01853184 -0.02344218 1.482539
v -0.01876289 -0.02228693 1.481204
v -0.01599029 -0.02362188 1.478919
v -0.0188399 -0.02444339 1.483181
v -0.01660643 -0.0246231 1.481358
v -0.01678613 -0.02413532 1.48105
v -0.01455265 -0.0250852 1.479536
v -0.020868 -0.02205588 1.482565
v -0.020868 -0.02002778 1.480947
v -0.02138145 -0.01941165 1.48087
v -0.02130444 -0.01846177 1.478432
v -0.02174086 -0.01887253 1.480845
v -0.03144494 -0.02346785 1.486493
v -0.02905744 -0.01989941 1.484619
v -0.03149629 -0.01959135 1.484824
v -0.02895474 -0.02354486 1.486159
v -0.03126524 -0.02557297 1.488367
v -0.02849264 -0.02575267 1.487956
v -0.034808 -0.02287739 1.486775
v -0.03465397 -0.01902656 1.485029
v -0.0290831 -0.01812804 1.484696
v -0.03152196 -0.01764026 1.484927
v -0.03858181 -0.02208155 1.48698
v -0.03868449 -0.0240583 1.48888
v -0.03496204 -0.0249825 1.488701
v -0.03511607 -0.02475145 1.489958
v -0.03108554 -0.02539326 1.489573
v -0.03832509 -0.01794833 1.48526
v -0.03457695 -0.01684442 1.485158
v -0.03819674 -0.01558649 1.485312
v -0.04158545 -0.02084929 1.487083
v -0.04122605 -0.0167674 1.485363
v -0.04553897 -0.01856446 1.487186
v -0.04497419 -0.01486767 1.485517
v -0.05041669 -0.01522708 1.487032
v -0.0497492 -0.01186402 1.485543
v -0.05072475 -0.01753757 1.489214
v -0.045693 -0.02059256 1.489214
v -0.05241912 -0.01011831 1.485415
v -0.05349735 -0.01278822 1.486749
v -0.04091799 -0.01450825 1.485415
v -0.04446074 -0.01289091 1.485569
v -0.04910741 -0.01058041 1.485697
v -0.05478095 -0.008500963 1.485106
v -0.05408781 -0.007371388 1.485183
v -0.0515976 -0.009014413 1.485543
v -0.05650099 -0.009322479 1.486185
v -0.05488365 -0.008192904 1.482591
v -0.05393378 -0.008038871 1.482693
v -0.05850343 -0.007525422 1.484567
v -0.05616725 -0.007551096 1.481769
v -0.05354869 -0.007910505 1.47951
v -0.05311226 -0.008064538 1.479869
v -0.05727116 -0.01296793 1.488649
v -0.05421617 -0.0152014 1.488983
v -0.05059639 -0.007833488 1.477199
v -0.05262449 -0.007884838 1.479998
v -0.05342033 -0.007397063 1.482745
v -0.05236777 -0.007602438 1.480049
v -0.05745087 -0.01245448 1.490421
v -0.05999241 -0.01127356 1.488213
v -0.06017212 -0.0108628 1.490344
v -0.06243127 -0.01027235 1.489496
v -0.06202052 -0.01011831 1.490498
v -0.06435668 -0.009322479 1.491011
v -0.06402294 -0.007397063 1.486339
v -0.06392025 -0.008886047 1.487828
v -0.06771974 -0.007628113 1.487648
v -0.05421617 -0.01466229 1.490703
v -0.05023698 -0.01740921 1.491037
v -0.04543629 -0.02041285 1.490446
v -0.04173949 -0.02287739 1.48906
v -0.04181651 -0.02262066 1.490292
v -0.04148277 -0.02210722 1.491422
v -0.04089231 -0.02197886 1.490857
v -0.03806836 -0.02331381 1.491473
v -0.03811971 -0.02313411 1.491139
v -0.03457695 -0.02413532 1.491114
v -0.03860749 -0.0238786 1.490138
v -0.02004649 -0.02639448 1.485286
v -0.02325552 -0.02588103 1.487597
v -0.01999515 -0.02634313 1.486031
v -0.01722256 -0.02724166 1.484028
v -0.02800487 -0.02567565 1.488906
v -0.02574572 -0.03063039 1.492936
v -0.02592543 -0.03047635 1.492397
v -0.03154764 -0.02988589 1.49422
v -0.02328119 -0.03081009 1.491473
v -0.02071398 -0.03101547 1.489265
v -0.0004072785 -0.0404885 1.453376
v 3.471971E-06 -0.03699709 1.456918
v 3.471971E-06 -0.04118165 1.453786
v -0.0005099699 -0.04410828 1.450449
v 3.471971E-06 -0.04505815 1.451296
v 3.471971E-06 -0.04400559 1.447317
v -0.01783869 -0.02298008 1.481974
v -0.02186922 -0.02069525 1.483361
v -0.02156115 -0.02362188 1.48526
v -0.02053427 -0.02025882 1.481204
v -0.02610513 -0.02133705 1.48526
v -0.02512959 -0.02403264 1.487083
v -0.03116255 -0.02336516 1.48793
v -0.03147062 -0.02066958 1.486185
v -0.03935198 -0.02161945 1.488623
v -0.03858181 -0.01951433 1.486724
v -0.04594972 -0.01630531 1.487109
v -0.04759275 -0.01753757 1.489265
v -0.05100714 -0.0127112 1.487032
v -0.05303525 -0.01366107 1.489086
v -0.01729958 -0.02187617 1.478509
v -0.02032889 -0.01946299 1.478406
v -0.01858319 -0.02115735 1.47571
v -0.02117607 -0.01912925 1.476275
v -0.05300958 -0.01979673 1.503693
v -0.05953031 -0.01332734 1.498764
v -0.06284202 -0.005574338 1.491011
v -0.05901686 -0.007730804 1.48793
v -0.05727116 -0.00678093 1.482411
v -0.06104497 -0.003777288 1.482693
v -0.04299743 -0.02521355 1.50531
v -0.03260019 -0.02806317 1.50377
v -0.02433375 -0.02942379 1.500125
v -0.01647806 -0.02996291 1.493527
v -0.01401354 -0.02690792 1.484773
v -0.01314068 -0.02500818 1.47874
v -0.005670078 -0.02909005 1.479664
v -0.006234862 -0.03183698 1.486955
v 3.471971E-06 -0.03045068 1.479741
v 3.471971E-06 -0.02873065 1.471372
v -0.005182303 -0.02772943 1.471449
v -0.01391084 -0.02410965 1.475454
v -0.01468101 -0.02321113 1.472168
v -0.00415542 -0.02796048 1.465031
v 3.471971E-06 -0.02944947 1.465133
v -0.002743445 -0.03283819 1.458176
v 3.471971E-06 -0.03425016 1.458844
v -0.001023412 -0.03933325 1.452914
v 3.471971E-06 -0.04043716 1.453581
v -0.0007923618 -0.04336379 1.450244
v -0.00207597 -0.03933325 1.447651
v -0.00300017 -0.03697141 1.450321
v 3.471971E-06 -0.04433933 1.451065
v 3.471971E-06 -0.04328677 1.447112
v -0.0007410198 -0.04236257 1.447214
v 3.471971E-06 -0.04110464 1.443723
v -0.0009720698 -0.04005207 1.443697
v 3.471971E-06 -0.03876847 1.441335
v -0.001690887 -0.03774158 1.44095
v 3.471971E-06 -0.03604722 1.438024
v -0.003282562 -0.03561079 1.438537
v -0.003308237 -0.03448121 1.436047
v 3.471971E-06 -0.03499466 1.43579
v -0.006311879 -0.03543108 1.444724
v -0.006286211 -0.03543108 1.440976
v -0.01011136 -0.03381374 1.439179
v -0.01242186 -0.03245311 1.44362
v -0.01796705 -0.0291414 1.436201
v -0.02045725 -0.02857661 1.44131
v -0.00780087 -0.03391642 1.449011
v -0.01401354 -0.0307074 1.448318
v -0.02297313 -0.02698494 1.446778
v -0.006465912 -0.03478928 1.438845
v -0.009726278 -0.03032232 1.456508
v -0.02646454 -0.02357054 1.455506
v -0.01701718 -0.0238786 1.464081
v -0.03059776 -0.02398129 1.446701
v -0.02744009 -0.02477713 1.439461
v -0.0206883 -0.02719031 1.435225
v -0.01932768 -0.02816586 1.435713
v -0.03835077 -0.02005345 1.442337
v -0.04086664 -0.01930895 1.455044
v -0.03041806 -0.0198224 1.463182
v -0.04076395 -0.01674174 1.462181
v -0.03244616 -0.01728085 1.468445
v -0.02600244 -0.01910358 1.470242
v -0.02202325 -0.02118302 1.466545
v -0.02045725 -0.0204642 1.47322
v -0.03948034 -0.01489334 1.468188
v -0.04841425 -0.01402049 1.464184
v -0.04684826 -0.0129936 1.470371
v -0.04910741 -0.01556081 1.457072
v -0.05162328 -0.0114276 1.465955
v -0.05431885 -0.00927113 1.467444
v -0.04972354 -0.01099117 1.472142
v -0.05211105 -0.009322479 1.474966
v -0.05508902 -0.00724303 1.479279
v -0.05770759 -0.00493253 1.469729
v -0.05958166 -0.004342072 1.478201
v -0.06091661 0.004129745 1.471654
v -0.06515252 0.00549037 1.482206
v -0.05501201 -0.007807821 1.482565
v -0.05352303 -0.007807821 1.479638
v -0.05270151 -0.007602438 1.479972
v -0.05057072 -0.007833488 1.476737
v -0.05136656 -0.008603655 1.47607
v -0.05357436 -0.00747408 1.482822
v -0.06854125 0.005618729 1.491807
v -0.07100577 0.02400001 1.492962
v -0.06918304 -0.006164797 1.504951
v -0.06720629 -0.01227478 1.512909
v -0.07341895 0.004643187 1.511883
v -0.06807915 -0.011787 1.525823
v -0.0539081 -0.02195319 1.521612
v -0.03819674 -0.03047635 1.522049
v -0.0521624 -0.0216708 1.535937
v -0.03478233 -0.02939812 1.533293
v -0.02482152 -0.03448121 1.519481
v -0.01424459 -0.03281252 1.531316
v -0.03129091 -0.02754973 1.546566
v -0.01355144 -0.03093845 1.545102
v 3.471971E-06 -0.0322734 1.544435
v 3.471971E-06 -0.03445554 1.530803
v -0.01067615 -0.03686872 1.513731
v 3.471971E-06 -0.03756187 1.513294
v -0.007467128 -0.03404479 1.495324
v 3.471971E-06 -0.03314626 1.487494
v 3.471971E-06 -0.0352257 1.496094
v -0.01198544 -0.02639448 1.561353
v 3.471971E-06 -0.02724166 1.561558
v -0.02708068 -0.0249825 1.560685
v -0.03994244 -0.0190779 1.56333
v -0.0227164 -0.02172214 1.571262
v 3.471971E-06 -0.02208155 1.574523
v -0.03796568 -0.01230045 1.579631
v -0.02276774 -0.01538111 1.58379
v 3.471971E-06 -0.01625396 1.586126
v -0.05324062 -0.009861596 1.568156
v -0.04813186 -0.02151676 1.550442
v -0.06145572 -0.01009264 1.556655
v -0.06782242 0.005464695 1.559761
v -0.06687256 -0.01083714 1.542484
v -0.07275148 0.005002603 1.543742
v -0.07503631 0.02451345 1.543844
v -0.07354733 0.00479722 1.526541
v -0.07598618 0.0247445 1.525437
v -0.07552408 0.02402569 1.510239
v -0.07085174 0.02384598 1.559864
v -0.05924792 0.003821678 1.572854
v -0.0575022 0.01668344 1.579811
v -0.04122605 -0.002827413 1.585921
v -0.04096932 0.002230003 1.589618
v -0.02263939 -0.003238171 1.593751
v -0.02217729 -0.006755255 1.591081
v 3.471971E-06 -0.003956988 1.594752
v 3.471971E-06 -0.007294372 1.59239
v -0.06353518 0.02361493 1.47227
v -0.05768191 0.002589412 1.456405
v -0.05472962 0.02120174 1.445982
v -0.05501201 0.00161387 1.447266
v -0.05388243 -0.008654997 1.451604
v -0.05270151 -0.008886047 1.446701
v -0.04990324 -0.0004655719 1.435764
v -0.04874799 -0.009168446 1.43692
v -0.04374192 -0.00221128 1.427498
v -0.04250965 -0.009861596 1.428961
v -0.0453336 -0.01604859 1.438897
v -0.03994244 -0.01617695 1.4314
v -0.03200974 -0.01176133 1.420053
v -0.02969924 -0.01699845 1.424058
v -0.02305014 -0.01764026 1.419232
v -0.02417972 -0.01335301 1.414559
v -0.01714554 -0.0186158 1.415637
v -0.01771033 -0.0145596 1.409938
v -0.03367843 -0.00452178 1.418718
v -0.02392299 -0.00701198 1.411941
v -0.01729958 -0.009348147 1.407628
v -0.04068693 0.01529714 1.427909
v -0.04859396 0.01886558 1.435636
v -0.03085449 0.01065048 1.419694
v -0.02400001 -0.02262066 1.427909
v -0.03447426 -0.02043853 1.43579
v -0.02371762 -0.02505952 1.434147
v -0.02156115 -0.02549595 1.432376
v -0.02184355 -0.02367322 1.428525
v -0.01409055 0.003718995 1.408218
v -0.00890477 -0.02033584 1.412146
v -0.01586193 -0.02280037 1.421054
v -0.01950738 -0.02269768 1.424032
v -0.01308934 -0.02287739 1.41954
v -0.009084478 -0.02339083 1.418128
v -0.008981787 -0.02428935 1.419925
v -0.01298665 -0.02377591 1.421542
v -0.005516045 -0.0238786 1.417152
v -0.01914797 -0.02570133 1.430373
v -0.019302 -0.02459742 1.428833
v -0.01827512 -0.02346785 1.425496
v -0.01717121 -0.02421234 1.426471
v -0.01704285 -0.02577834 1.428782
v -0.01593895 -0.02570133 1.427447
v -0.01409055 -0.02603507 1.426445
v -0.01486072 -0.02446906 1.42452
v -0.0152458 -0.02598372 1.427909
v -0.01337173 -0.02611208 1.427344
v -0.01581059 -0.02598372 1.428756
v -0.01568223 -0.02716464 1.429963
v -0.01511744 -0.0268309 1.429346
v -0.01378249 -0.02754973 1.429218
v -0.01424459 -0.02785779 1.429783
v -0.01565655 -0.02811451 1.431683
v -0.01696584 -0.02734435 1.431298
v -0.01260156 -0.02862795 1.429577
v -0.01195976 -0.02837123 1.428037
v -0.009418212 -0.02944947 1.427164
v -0.009700611 -0.03034799 1.429295
v -0.006363228 -0.03173429 1.428756
v -0.006106503 -0.03032232 1.426677
v -0.003077187 -0.03268416 1.428499
v -0.003333911 -0.03335164 1.432915
v 3.471971E-06 -0.0339421 1.432709
v 3.471971E-06 -0.03312059 1.428525
v -0.006928012 -0.03260714 1.432992
v 3.471971E-06 -0.03147757 1.426343
v -0.002897479 -0.03104114 1.426394
v -0.006696962 -0.03368538 1.436047
v -0.01059914 -0.0309898 1.432761
v -0.01437294 -0.02888468 1.432093
v -0.01617 -0.02901304 1.43425
v -0.01065048 -0.03240177 1.436098
v -0.01750495 -0.02814018 1.433762
v 3.471971E-06 -0.03011694 1.425701
v -0.002743445 -0.02980888 1.425804
v 3.471971E-06 -0.02865363 1.425444
v -0.002615087 -0.02860228 1.425521
v -0.005593061 -0.02826855 1.425958
v -0.005849779 -0.02921842 1.426086
v -0.008930445 -0.0277551 1.426677
v -0.009161495 -0.02844825 1.426702
v -0.01162602 -0.02780645 1.427678
v -0.01360278 -0.02713897 1.42891
v -0.01129229 -0.02726733 1.427575
v -0.01344875 -0.02672821 1.428653
v -0.0145013 -0.02642015 1.428756
v -0.01473235 -0.02662553 1.429013
v -0.01522013 -0.02608641 1.428705
v -0.01488639 -0.02603507 1.428063
v -0.01314068 -0.02613775 1.427601
v -0.01480937 -0.02616343 1.428628
v -0.01447564 -0.02606074 1.428114
v -0.01288396 -0.02616343 1.427678
v -0.01147199 -0.02642015 1.42701
v -0.01126661 -0.02639448 1.427164
v -0.008339986 -0.02698494 1.426445
v -0.008519687 -0.02721599 1.426086
v -0.01165169 -0.0263688 1.426651
v -0.008622378 -0.02731868 1.425496
v -0.01224215 -0.02629179 1.425573
v -0.008776411 -0.02713897 1.424007
v -0.01272993 -0.02470011 1.423416
v -0.00890477 -0.02518788 1.42185
v -0.005516045 -0.02811451 1.424777
v -0.005541712 -0.02788346 1.423005
v -0.001819253 -0.02883333 1.424212
v -0.001819253 -0.02852527 1.422518
v -0.005618729 -0.02562431 1.4209
v -0.00189627 -0.02608641 1.420182
v -0.005464695 -0.0280375 1.425521
v -0.001793578 -0.02865363 1.425162
v 3.471971E-06 -0.02891035 1.424058
v 3.471971E-06 -0.02873065 1.422415
v -0.005567387 -0.02475145 1.418949
v -0.002024628 -0.02521355 1.418179
v 3.471971E-06 -0.02634313 1.420002
v 3.471971E-06 -0.02549595 1.417948
v -0.01532282 -0.02362188 1.422877
v -0.002127312 -0.0243407 1.416433
v 3.471971E-06 -0.0246231 1.416202
v 3.471971E-06 -0.0221329 1.40999
v -0.002152987 -0.02172214 1.4104
v -0.002152987 -0.01900089 1.401672
v 3.471971E-06 -0.01946299 1.401287
v 3.471971E-06 -0.01627964 1.399259
v -0.001921937 -0.01574052 1.399567
v 3.471971E-06 0.001023412 1.4037
v -0.00849402 -0.01707547 1.404213
v -0.00826297 -0.01314763 1.402185
v -0.03888988 -0.01158163 1.470242
v -0.04553897 -0.0106831 1.471834
v -0.04494851 -0.009630546 1.472501
v -0.03914659 -0.01273688 1.469549
v -0.03275423 -0.01378944 1.470217
v -0.03265154 -0.01499603 1.4696
v -0.02708068 -0.0161256 1.471783
v -0.02669559 -0.01717816 1.471243
v -0.02263939 -0.01879551 1.474452
v -0.02320418 -0.01746055 1.474863
v -0.04872232 -0.009553529 1.4734
v -0.0480035 -0.008654997 1.474093
v -0.02194624 -0.017974 1.476481
v -0.02130444 -0.01846177 1.478432
v -0.02156115 -0.01887253 1.480845
v -0.02263939 -0.01915492 1.482899
v -0.02638753 -0.01874416 1.484413
v -0.03154764 -0.01784564 1.485055
v -0.03806836 -0.01615128 1.48544
v -0.04446074 -0.01309629 1.48562
v -0.04910741 -0.01058041 1.485748
v -0.05421617 -0.007371388 1.485312
v -0.05686041 -0.008963063 1.48621
v -0.0109072 -0.02531625 1.464569
v 3.471971E-06 -0.02829422 1.425444
v -0.001793578 -0.0282172 1.425496
v 3.471971E-06 -0.02875632 1.425111
v -0.005387686 -0.0277551 1.425804
v -0.03991676 -0.02020748 1.447266
v -0.04900471 -0.01561216 1.447317
v -0.05472962 -0.009322479 1.460076
v -0.04494851 -0.009630546 1.472501
v -0.03888988 -0.01081146 1.470242
v -0.03888988 -0.01158163 1.470242
v -0.04494851 -0.008860379 1.472501
v -0.03888988 -0.01158163 1.470242
v -0.03275423 -0.01301927 1.470217
v -0.03275423 -0.01378944 1.470217
v -0.03888988 -0.01081146 1.470242
v -0.03275423 -0.01378944 1.470217
v -0.02708068 -0.01535544 1.471783
v -0.02708068 -0.0161256 1.471783
v -0.03275423 -0.01301927 1.470217
v -0.02156115 -0.01887253 1.480845
v -0.02263939 -0.01838475 1.482899
v -0.02263939 -0.01915492 1.482899
v -0.02156115 -0.0181537 1.480845
v -0.02638753 -0.01874416 1.484413
v -0.02263939 -0.01838475 1.482899
v -0.02638753 -0.01794833 1.484413
v -0.02263939 -0.01915492 1.482899
v -0.03154764 -0.01784564 1.485055
v -0.02638753 -0.01794833 1.484413
v -0.03154764 -0.01707547 1.485055
v -0.02638753 -0.01874416 1.484413
v -0.03806836 -0.01615128 1.48544
v -0.03154764 -0.01707547 1.485055
v -0.03806836 -0.01538111 1.48544
v -0.03154764 -0.01784564 1.485055
v -0.04446074 -0.01309629 1.48562
v -0.04446074 -0.01232612 1.48562
v -0.04910741 -0.01058041 1.485748
v -0.04910741 -0.009810247 1.485748
v -0.05421617 -0.007371388 1.485312
v -0.04910741 -0.009810247 1.485748
v -0.05421617 -0.006601222 1.485312
v -0.04910741 -0.01058041 1.485748
v -0.05421617 -0.007371388 1.485312
v -0.05357436 -0.006703913 1.482822
v -0.05357436 -0.00747408 1.482822
v -0.05421617 -0.006601222 1.485312
v -0.05270151 -0.006832272 1.479972
v -0.05270151 -0.007602438 1.479972
v -0.02130444 -0.01846177 1.478432
v -0.02156115 -0.0181537 1.480845
v -0.02156115 -0.01887253 1.480845
v -0.02130444 -0.01766594 1.478432
v -0.02194624 -0.017974 1.476481
v -0.02320418 -0.0166904 1.474863
v -0.02194624 -0.01717816 1.476481
v -0.02320418 -0.01746055 1.474863
v -0.05270151 -0.007602438 1.479972
v -0.05057072 -0.007063322 1.476737
v -0.05057072 -0.007833488 1.476737
v -0.05270151 -0.006832272 1.479972
v -0.0480035 -0.008654997 1.474093
v -0.04494851 -0.008860379 1.472501
v -0.04494851 -0.009630546 1.472501
v -0.0480035 -0.007884838 1.474093
v -0.02708068 -0.0161256 1.471783
v -0.02320418 -0.0166904 1.474863
v -0.02320418 -0.01746055 1.474863
v -0.02708068 -0.01535544 1.471783
v -0.03888988 -0.001312755 1.470242
v -0.04494851 0.0006383285 1.472501
v -0.03727253 -0.002005905 1.479587
v -0.0480035 0.001639545 1.474093
v -0.05057072 0.002461053 1.476737
v -0.05357436 0.002820462 1.482822
v -0.05421617 0.002923153 1.485312
v -0.05270151 0.002692103 1.479972
v -0.03275423 -0.003494889 1.470217
v -0.03888988 -0.001312755 1.470242
v -0.03727253 -0.002005905 1.479587
v -0.02708068 -0.005831063 1.471783
v -0.03275423 -0.003494889 1.470217
v -0.03727253 -0.002005905 1.479587
v -0.02194624 -0.007679455 1.476481
v -0.02320418 -0.007191688 1.474863
v -0.02708068 -0.005831063 1.471783
v -0.03727253 -0.002005905 1.479587
v -0.02263939 -0.00793618 1.482899
v -0.02156115 -0.008269913 1.480845
v -0.03727253 -0.002005905 1.479587
v -0.02130444 -0.00816723 1.478432
v -0.02194624 -0.007679455 1.476481
v -0.03727253 -0.002005905 1.479587
v -0.027055 -0.006062113 1.484413
v -0.02263939 -0.00793618 1.482899
v -0.03727253 -0.002005905 1.479587
v -0.03193272 -0.004316404 1.485055
v -0.027055 -0.006062113 1.484413
v -0.03727253 -0.002005905 1.479587
v -0.0380427 -0.002134264 1.48544
v -0.03727253 -0.002005905 1.479587
v -0.04407566 -3.471971E-06 1.48562
v -0.0380427 -0.002134264 1.48544
v -0.03727253 -0.002005905 1.479587
v -0.0484656 0.001562528 1.485748
v -0.03727253 -0.002005905 1.479587
v -0.05421617 0.002923153 1.485312
v -0.0484656 0.001562528 1.485748
v -0.03727253 -0.002005905 1.479587
v -0.05057072 0.002461053 1.476737
v -0.05270151 0.002692103 1.479972
v -0.03727253 -0.002005905 1.479587
v -0.04494851 -0.008860379 1.472501
v -0.03888988 -0.001312755 1.470242
v -0.03888988 -0.01081146 1.470242
v -0.03888988 -0.001312755 1.470242
v -0.04494851 -0.008860379 1.472501
v -0.04494851 0.0006383285 1.472501
v -0.03888988 -0.01081146 1.470242
v -0.03275423 -0.003494889 1.470217
v -0.03275423 -0.01301927 1.470217
v -0.03275423 -0.003494889 1.470217
v -0.03888988 -0.01081146 1.470242
v -0.03888988 -0.001312755 1.470242
v -0.03275423 -0.01301927 1.470217
v -0.02708068 -0.005831063 1.471783
v -0.02708068 -0.01535544 1.471783
v -0.03275423 -0.003494889 1.470217
v -0.02156115 -0.008269913 1.480845
v -0.02263939 -0.01838475 1.482899
v -0.02156115 -0.0181537 1.480845
v -0.02263939 -0.00793618 1.482899
v -0.02263939 -0.00793618 1.482899
v -0.02638753 -0.01794833 1.484413
v -0.02263939 -0.01838475 1.482899
v -0.02638753 -0.01794833 1.484413
v -0.02263939 -0.00793618 1.482899
v -0.027055 -0.006062113 1.484413
v -0.027055 -0.006062113 1.484413
v -0.03154764 -0.01707547 1.485055
v -0.02638753 -0.01794833 1.484413
v -0.03193272 -0.004316404 1.485055
v -0.03193272 -0.004316404 1.485055
v -0.03806836 -0.01538111 1.48544
v -0.03154764 -0.01707547 1.485055
v -0.03806836 -0.01538111 1.48544
v -0.03193272 -0.004316404 1.485055
v -0.0380427 -0.002134264 1.48544
v -0.0380427 -0.002134264 1.48544
v -0.04446074 -0.01232612 1.48562
v -0.03806836 -0.01538111 1.48544
v -0.04446074 -0.01232612 1.48562
v -0.0380427 -0.002134264 1.48544
v -0.04407566 -3.471971E-06 1.48562
v -0.04910741 -0.009810247 1.485748
v -0.04910741 -0.009810247 1.485748
v -0.04407566 -3.471971E-06 1.48562
v -0.0484656 0.001562528 1.485748
v -0.0484656 0.001562528 1.485748
v -0.05421617 -0.006601222 1.485312
v -0.04910741 -0.009810247 1.485748
v -0.05421617 -0.006601222 1.485312
v -0.0484656 0.001562528 1.485748
v -0.05421617 0.002923153 1.485312
v -0.05421617 -0.006601222 1.485312
v -0.05357436 0.002820462 1.482822
v -0.05357436 -0.006703913 1.482822
v -0.05421617 0.002923153 1.485312
v -0.05270151 0.002692103 1.479972
v -0.05270151 -0.006832272 1.479972
v -0.02130444 -0.01766594 1.478432
v -0.02156115 -0.008269913 1.480845
v -0.02156115 -0.0181537 1.480845
v -0.02130444 -0.00816723 1.478432
v -0.02194624 -0.007679455 1.476481
v -0.02320418 -0.0166904 1.474863
v -0.02320418 -0.007191688 1.474863
v -0.02194624 -0.01717816 1.476481
v -0.05270151 -0.006832272 1.479972
v -0.05057072 0.002461053 1.476737
v -0.05057072 -0.007063322 1.476737
v -0.05270151 0.002692103 1.479972
v -0.05057072 -0.007063322 1.476737
v -0.0480035 0.001639545 1.474093
v -0.0480035 -0.007884838 1.474093
v -0.05057072 0.002461053 1.476737
v -0.02708068 -0.01535544 1.471783
v -0.02320418 -0.007191688 1.474863
v -0.02320418 -0.0166904 1.474863
v -0.02708068 -0.005831063 1.471783
v -0.05057072 -0.007833488 1.476737
v -0.0480035 -0.007884838 1.474093
v -0.0480035 -0.008654997 1.474093
v -0.05057072 -0.007063322 1.476737
v -0.04494851 0.0006383285 1.472501
v -0.0480035 -0.007884838 1.474093
v -0.0480035 0.001639545 1.474093
v -0.0480035 -0.007884838 1.474093
v -0.04494851 0.0006383285 1.472501
v -0.04494851 -0.008860379 1.472501
v -0.02194624 -0.017974 1.476481
v -0.02130444 -0.01766594 1.478432
v -0.02130444 -0.01846177 1.478432
v -0.02194624 -0.01717816 1.476481
v -0.02130444 -0.00816723 1.478432
v -0.02194624 -0.01717816 1.476481
v -0.02194624 -0.007679455 1.476481
v -0.02130444 -0.01766594 1.478432
v -0.01886558 -0.02724166 1.4333
v -0.02605379 -0.03373672 1.51083
v -0.02967356 -0.03340298 1.51332
v -0.02541199 -0.03435285 1.512781
v -0.03013566 -0.0330179 1.511112
v -0.03414053 -0.03206803 1.5135
v -0.03432023 -0.031914 1.511215
v -0.03824807 -0.03039934 1.513397
v -0.03827374 -0.03027098 1.511087
v -0.04238129 -0.02819153 1.512884
v -0.04235562 -0.02806317 1.510702
v -0.04697662 -0.02523923 1.510008
v -0.04692527 -0.02534192 1.511857
v -0.05157193 -0.02228693 1.510522
v -0.05167463 -0.02223558 1.509187
v -0.02248535 -0.03419882 1.510368
v -0.02181788 -0.0348663 1.511883
v -0.01925066 -0.0345839 1.509752
v -0.01873722 -0.03514869 1.510753
v -0.01622134 -0.035046 1.508982
v -0.01593895 -0.0353284 1.509469
v -0.01326904 -0.0355081 1.508134
v -0.05593621 -0.01954 1.509033
v -0.05601322 -0.01951433 1.50834
v -0.06014644 -0.01697279 1.507518
v -0.03693879 -0.004034005 1.480408
v -0.05213673 0.001485512 1.482103
v -0.05275286 0.00161387 1.484619
v -0.05357436 -0.006703913 1.482822
v -0.05421617 -0.006601222 1.485312
v -0.04749005 0.0002532452 1.485055
v -0.04910741 -0.009810247 1.485748
v -0.04351088 -0.001312755 1.484927
v -0.04446074 -0.01232612 1.48562
v -0.0380427 -0.003469221 1.484721
v -0.0380427 -0.01538111 1.48544
v -0.03244616 -0.005651355 1.484362
v -0.03154764 -0.01707547 1.485055
v -0.02803054 -0.007371388 1.483694
v -0.02638753 -0.01794833 1.484413
v -0.02402569 -0.009245463 1.482206
v -0.02263939 -0.01838475 1.482899
v -0.02302447 -0.009579197 1.480126
v -0.02156115 -0.0181537 1.480845
v -0.01480937 -0.02616343 1.428628
v -0.01665777 -0.004804172 1.430553
v -0.01794138 -0.008218572 1.426959
v -0.01665777 -0.004804172 1.430553
v -0.01480937 -0.02616343 1.428628
v -0.0145013 -0.02642015 1.428756
v -0.01457832 -0.008475296 1.416639
v -0.01288396 -0.02616343 1.427678
v -0.01447564 -0.02606074 1.428114
v -0.01139497 -0.008475296 1.416639
v -0.008339986 -0.02698494 1.426445
v -0.01126661 -0.02639448 1.427164
v -0.008879095 -0.008475296 1.416639
v -0.005387686 -0.0277551 1.425804
v -0.01324337 -0.008475296 1.416639
v -0.01288396 -0.02616343 1.427678
v -0.002230003 -0.008475296 1.416639
v 3.471971E-06 -0.02829422 1.425444
v -0.001793578 -0.0282172 1.425496
v -0.008930445 -0.0277551 1.426677
v -0.00641457 -0.004804172 1.430168
v -0.01023973 -0.004804172 1.430553
v -0.005593061 -0.02826855 1.425958
v -0.00300017 -0.004804172 1.429783
v -0.002615087 -0.02860228 1.425521
v -0.00641457 -0.004804172 1.430168
v -0.008930445 -0.0277551 1.426677
v -0.005593061 -0.02826855 1.425958
v -0.01129229 -0.02726733 1.427575
v -0.01023973 -0.004804172 1.430553
v -0.01296098 -0.004804172 1.430553
v -0.01344875 -0.02672821 1.428653
v -0.0154255 -0.004804172 1.430553
v -0.0145013 -0.02642015 1.428756
v -0.01665777 -0.004804172 1.430553
v -0.01023973 -0.004804172 1.430553
v -0.01129229 -0.02726733 1.427575
v -0.008930445 -0.0277551 1.426677
v -0.0154255 -0.004804172 1.430553
v -0.0145013 -0.02642015 1.428756
v -0.01344875 -0.02672821 1.428653
v -0.01447564 -0.02606074 1.428114
v -0.01794138 -0.008218572 1.426959
v -0.01457832 -0.008475296 1.416639
v -0.01794138 -0.008218572 1.426959
v -0.01447564 -0.02606074 1.428114
v -0.01480937 -0.02616343 1.428628
v -0.005541712 -0.008475296 1.416639
v -0.001793578 -0.0282172 1.425496
v -0.005387686 -0.0277551 1.425804
v -0.01296098 -0.004804172 1.430553
v -0.01344875 -0.02672821 1.428653
v -0.01129229 -0.02726733 1.427575
v -0.01665777 -0.004804172 1.430553
v -0.01457832 -0.008475296 1.416639
v -0.01794138 -0.008218572 1.426959
v 0.04914003 -0.01093982 1.472912
v 0.04644445 -0.0120694 1.471885
v 0.04690655 -0.01034936 1.473297
v 0.04544323 -0.01129924 1.472501
v 0.04844688 -0.008757688 1.474581
v 0.04492979 -0.009835921 1.472604
v 0.04392857 -0.0120694 1.47186
v 0.04505815 -0.01263419 1.471346
v 0.04190047 -0.01283956 1.471089
v 0.04305572 -0.01330166 1.470704
v 0.04724029 -0.01445691 1.468728
v 0.03876847 -0.01376376 1.470345
v 0.0389225 -0.01458527 1.469754
v 0.03635528 -0.01453393 1.470217
v 0.03674037 -0.01522708 1.469703
v 0.03881981 -0.01666472 1.468034
v 0.03229908 -0.01574052 1.470011
v 0.0322734 -0.01378944 1.470473
v 0.03607289 -0.01268553 1.470396
v 0.03068173 -0.01627964 1.470345
v 0.02926976 -0.01833341 1.469446
v 0.02708763 -0.0161256 1.471783
v 0.03861443 -0.01186402 1.470576
v 0.041233 -0.01104251 1.471218
v 0.04328677 -0.01032369 1.471962
v 0.0502696 -0.01009264 1.473811
v 0.0532219 -0.01032369 1.472938
v -0.04913307 -0.01093982 1.472912
v -0.04689959 -0.01034936 1.473297
v -0.04643749 -0.0120694 1.471885
v -0.04546196 -0.01129924 1.472501
v -0.04843993 -0.008757688 1.474581
v -0.04492284 -0.009835921 1.472604
v -0.04392163 -0.0120694 1.47186
v -0.04505119 -0.01263419 1.471346
v -0.04189352 -0.01283956 1.471089
v -0.04307444 -0.01330166 1.470704
v -0.04723334 -0.01445691 1.468728
v -0.03876152 -0.01376376 1.470345
v -0.03891555 -0.01458527 1.469754
v -0.03634833 -0.01453393 1.470217
v -0.03673341 -0.01522708 1.469703
v -0.03881285 -0.01666472 1.468034
v -0.0323178 -0.01574052 1.470011
v -0.03226645 -0.01378944 1.470473
v -0.03609161 -0.01268553 1.470396
v -0.03067478 -0.01627964 1.470345
v -0.02926281 -0.01833341 1.469446
v -0.02708068 -0.0161256 1.471783
v -0.03860749 -0.01186402 1.470576
v -0.04125171 -0.01104251 1.471218
v -0.04327982 -0.01032369 1.471962
v -0.05028833 -0.01009264 1.473811
v -0.05321496 -0.01032369 1.472938
v 0.007576771 -0.0201048 1.426548
v 0.009245463 -0.01833341 1.426677
v 0.00816723 -0.02161945 1.42642
v 0.008603655 -0.01679308 1.426805
v 0.01009264 -0.01309629 1.427139
v 0.009194113 -0.01232612 1.42719
v 0.0106831 -0.003340855 1.427934
v 0.006062113 -0.0221329 1.426368
v 0.00816723 -0.02161945 1.42642
v 0.006344505 -0.02426369 1.426189
v 0.007576771 -0.0201048 1.426548
v 0.003802955 -0.024161 1.426189
v 0.004008338 -0.02647149 1.426009
v 0.0106831 -0.003340855 1.427934
v 0.009194113 -0.01232612 1.42719
v 0.009707563 -0.003392205 1.427934
v 0.001774855 -0.02513654 1.426112
v 0.004008338 -0.02647149 1.426009
v 0.00180053 -0.02742136 1.425932
v 0.003802955 -0.024161 1.426189
v 0.00180053 -0.02742136 1.425932
v 3.471971E-06 -0.02547028 1.426086
v 0.001774855 -0.02513654 1.426112
v 3.471971E-06 -0.02778077 1.425906
v -0.009264179 -0.01833341 1.426677
v -0.007595487 -0.0201048 1.426548
v -0.008160278 -0.02161945 1.42642
v -0.008596703 -0.01679308 1.426805
v -0.01008569 -0.01309629 1.427139
v -0.009187162 -0.01232612 1.42719
v -0.01067615 -0.003340855 1.427934
v -0.008160278 -0.02161945 1.42642
v -0.006055161 -0.0221329 1.426368
v -0.006337553 -0.02426369 1.426189
v -0.007595487 -0.0201048 1.426548
v -0.003796004 -0.024161 1.426189
v -0.004001386 -0.02647149 1.426009
v -0.009187162 -0.01232612 1.42719
v -0.01067615 -0.003340855 1.427934
v -0.009700611 -0.003392205 1.427934
v -0.004001386 -0.02647149 1.426009
v -0.001767904 -0.02513654 1.426112
v -0.001793578 -0.02742136 1.425932
v -0.003796004 -0.024161 1.426189
v 3.471971E-06 -0.02547028 1.426086
v -0.001793578 -0.02742136 1.425932
v -0.001767904 -0.02513654 1.426112
v 3.471971E-06 -0.02778077 1.425906
v 0.005728371 -0.0235192 1.421619
v 0.002390988 -0.02372457 1.420361
v 0.002416663 -0.02441772 1.421157
v 0.002390988 -0.02372457 1.420361
v 0.005728371 -0.0235192 1.421619
v 0.00562568 -0.02220991 1.421054
v 0.007987522 -0.02079794 1.422569
v 0.00562568 -0.02220991 1.421054
v 0.005728371 -0.0235192 1.421619
v 0.00562568 -0.02220991 1.421054
v 0.007987522 -0.02079794 1.422569
v 0.008013196 -0.01902656 1.422107
v 0.009604871 -0.01602291 1.423981
v 0.008013196 -0.01902656 1.422107
v 0.007987522 -0.02079794 1.422569
v 0.008013196 -0.01902656 1.422107
v 0.009604871 -0.01602291 1.423981
v 0.009835921 -0.0143799 1.423519
v 0.002185613 -0.0153041 1.425932
v 0.005522996 -0.0188982 1.424546
v 0.002288297 -0.02002778 1.424366
v 0.005522996 -0.0188982 1.424546
v 0.002185613 -0.0153041 1.425932
v 0.005343288 -0.01445691 1.426189
v 0.005343288 -0.01445691 1.426189
v 0.008090213 -0.01802535 1.424443
v 0.005522996 -0.0188982 1.424546
v 0.007859163 -0.01412317 1.425881
v 0.005343288 -0.01445691 1.426189
v 0.007782146 -0.01099117 1.426933
v 0.00521493 -0.0108628 1.427318
v 0.007628113 -0.007140338 1.428037
v 0.002288297 -0.02002778 1.424366
v 3.471971E-06 -0.01532976 1.425573
v 0.002185613 -0.0153041 1.425932
v 3.471971E-06 -0.01532976 1.425573
v 0.002288297 -0.02002778 1.424366
v 3.471971E-06 -0.02056689 1.424161
v 0.002057247 -0.009887263 1.423031
v 3.471971E-06 -0.004496105 1.423776
v 3.471971E-06 -0.010221 1.422826
v 0.00198023 -0.003725938 1.424032
v 0.002057247 -0.009887263 1.423031
v 0.005137913 -0.004008338 1.424417
v 0.00198023 -0.003725938 1.424032
v 0.005189255 -0.0008249879 1.424931
v 0.005137913 -0.004008338 1.424417
v 0.002057247 -0.009887263 1.423031
v 0.005189255 -0.009758905 1.423391
v 0.007166013 -0.005933747 1.424469
v 0.005189255 -0.009758905 1.423391
v 0.007345721 -0.01093982 1.423442
v 0.005189255 -0.009758905 1.423391
v 0.00747408 -0.01453393 1.422749
v 0.005420305 -0.01830774 1.421645
v 0.009117097 -0.0123518 1.423468
v 0.007345721 -0.01093982 1.423442
v 0.009784579 -0.009296805 1.424263
v 0.007345721 -0.01093982 1.423442
v 0.009784579 -0.009296805 1.424263
v 0.007166013 -0.005933747 1.424469
v 0.01006697 -0.007140338 1.424802
v 0.005189255 -0.009758905 1.423391
v 0.007166013 -0.005933747 1.424469
v 0.005137913 -0.004008338 1.424417
v 0.007063322 -0.002596363 1.425033
v 0.01006697 -0.007140338 1.424802
v 0.01042638 -0.01301927 1.424931
v 0.009835921 -0.0143799 1.423519
v 0.009604871 -0.01602291 1.423981
v 0.01063175 -0.01158163 1.424443
v 0.009784579 -0.01368675 1.42529
v 0.01042638 -0.01301927 1.424931
v 0.009604871 -0.01602291 1.423981
v 0.008090213 -0.01802535 1.424443
v 0.008090213 -0.01802535 1.424443
v 0.007987522 -0.02079794 1.422569
v 0.002057247 -0.009887263 1.423031
v 0.005420305 -0.01830774 1.421645
v 0.005189255 -0.009758905 1.423391
v 0.002288297 -0.0200021 1.420926
v 0.002288297 -0.0200021 1.420926
v 0.00562568 -0.02220991 1.421054
v 0.005420305 -0.01830774 1.421645
v 0.002390988 -0.02372457 1.420361
v 0.008013196 -0.01902656 1.422107
v 0.005420305 -0.01830774 1.421645
v 0.00562568 -0.02220991 1.421054
v 0.00747408 -0.01453393 1.422749
v 0.002288297 -0.0200021 1.420926
v 3.471971E-06 -0.010221 1.422826
v 3.471971E-06 -0.02036151 1.420746
v 3.471971E-06 -0.010221 1.422826
v 0.002288297 -0.0200021 1.420926
v 0.002057247 -0.009887263 1.423031
v 0.002390988 -0.02372457 1.420361
v 3.471971E-06 -0.02036151 1.420746
v 3.471971E-06 -0.02392995 1.420387
v 3.471971E-06 -0.02036151 1.420746
v 0.002390988 -0.02372457 1.420361
v 0.002288297 -0.0200021 1.420926
v 0.01063175 -0.01158163 1.424443
v 0.009117097 -0.0123518 1.423468
v 0.009835921 -0.0143799 1.423519
v 0.009117097 -0.0123518 1.423468
v 0.01063175 -0.01158163 1.424443
v 0.009784579 -0.009296805 1.424263
v 0.009835921 -0.0143799 1.423519
v 0.00747408 -0.01453393 1.422749
v 0.008013196 -0.01902656 1.422107
v 0.00747408 -0.01453393 1.422749
v 0.009835921 -0.0143799 1.423519
v 0.009117097 -0.0123518 1.423468
v 0.002390988 -0.02375024 1.422287
v 3.471971E-06 -0.02056689 1.424161
v 0.002288297 -0.02002778 1.424366
v -0.002384037 -0.02375024 1.422287
v 3.471971E-06 -0.02375024 1.42221
v 3.471971E-06 -0.02056689 1.424161
v 0.002390988 -0.02375024 1.422287
v 3.471971E-06 -0.02375024 1.42221
v -0.002384037 -0.02375024 1.422287
v -0.002281345 -0.02002778 1.424366
v 0.002288297 -0.02002778 1.424366
v 0.00562568 -0.02169647 1.423031
v 0.002390988 -0.02375024 1.422287
v 0.005522996 -0.0188982 1.424546
v 0.005728371 -0.0235192 1.421619
v 0.002390988 -0.02375024 1.422287
v 0.00562568 -0.02169647 1.423031
v 0.002390988 -0.02375024 1.422287
v 0.005728371 -0.0235192 1.421619
v 0.002416663 -0.02441772 1.421157
v 0.01042638 -0.01301927 1.424931
v 0.009887263 -0.01124789 1.426137
v 0.01073445 -0.0109655 1.425573
v 0.009887263 -0.01124789 1.426137
v 0.01042638 -0.01301927 1.424931
v 0.009784579 -0.01368675 1.42529
v 0.009887263 -0.01124789 1.426137
v 0.007859163 -0.01412317 1.425881
v 0.007782146 -0.01099117 1.426933
v 0.00996428 -0.00862933 1.426985
v 0.007859163 -0.01412317 1.425881
v 0.009887263 -0.01124789 1.426137
v 0.009784579 -0.01368675 1.42529
v 0.008090213 -0.01802535 1.424443
v 0.01063175 -0.01158163 1.424443
v 0.01073445 -0.0109655 1.425573
v 0.0109655 -0.00973323 1.425033
v 0.01073445 -0.0109655 1.425573
v 0.01063175 -0.01158163 1.424443
v 0.01042638 -0.01301927 1.424931
v 0.009784579 -0.009296805 1.424263
v 0.0109655 -0.00973323 1.425033
v 0.01006697 -0.007140338 1.424802
v 0.01063175 -0.01158163 1.424443
v 0.005343288 -0.01445691 1.426189
v 0.002108596 -0.01078579 1.427139
v 0.00521493 -0.0108628 1.427318
v 0.005112238 -0.006575555 1.428474
v 0.002108596 -0.01078579 1.427139
v 0.005343288 -0.01445691 1.426189
v 0.002185613 -0.0153041 1.425932
v 0.005137913 -0.004008338 1.424417
v 0.007063322 -0.002596363 1.425033
v 0.005189255 -0.0008249879 1.424931
v 0.005317613 0.001716562 1.425342
v 0.01016966 0.002615087 1.426625
v 0.01032369 -0.005317613 1.425265
v 0.01032369 -0.005317613 1.425265
v 0.005317613 0.001716562 1.425342
v 0.005471647 0.005695745 1.425906
v 0.001903214 0.002178662 1.424854
v 0.001928888 -0.0006196052 1.424494
v 0.00198023 -0.003725938 1.424032
v 0.005189255 -0.0008249879 1.424931
v 0.001928888 -0.0006196052 1.424494
v 0.005317613 0.001716562 1.425342
v 0.00198023 -0.003725938 1.424032
v 3.471971E-06 -0.001364104 1.424263
v 3.471971E-06 -0.004496105 1.423776
v 0.001928888 -0.0006196052 1.424494
v 0.01078579 0.0006126538 1.428474
v 0.01122222 -0.00770513 1.425701
v 0.0109655 -0.00857798 1.426291
v 0.01111953 0.0005613118 1.427652
v 0.0109655 -0.00973323 1.425033
v 0.0109655 -0.00857798 1.426291
v 0.01122222 -0.00770513 1.425701
v 0.0109655 -0.00857798 1.426291
v 0.0109655 -0.00973323 1.425033
v 0.01073445 -0.0109655 1.425573
v 0.01073445 -0.0109655 1.425573
v 0.00996428 -0.00862933 1.426985
v 0.0109655 -0.00857798 1.426291
v 0.00996428 -0.00862933 1.426985
v 0.01073445 -0.0109655 1.425573
v 0.009887263 -0.01124789 1.426137
v 0.00996428 -0.00862933 1.426985
v 0.01078579 0.0006126538 1.428474
v 0.0109655 -0.00857798 1.426291
v 0.01078579 0.0006126538 1.428474
v 0.00996428 -0.00862933 1.426985
v 0.009707563 0.00120312 1.429475
v 0.01006697 -0.007140338 1.424802
v 0.01122222 -0.00770513 1.425701
v 0.01032369 -0.005317613 1.425265
v 0.01122222 -0.00770513 1.425701
v 0.01006697 -0.007140338 1.424802
v 0.0109655 -0.00973323 1.425033
v 0.00996428 -0.00862933 1.426985
v 0.007782146 -0.01099117 1.426933
v 0.007628113 -0.007140338 1.428037
v 0.007628113 -0.007140338 1.428037
v 0.009707563 0.00120312 1.429475
v 0.00996428 -0.00862933 1.426985
v 0.009707563 0.00120312 1.429475
v 0.007628113 -0.007140338 1.428037
v 0.007371388 0.002846137 1.430399
v 0.007628113 -0.007140338 1.428037
v 0.00521493 -0.0108628 1.427318
v 0.005112238 -0.006575555 1.428474
v 0.005112238 -0.006575555 1.428474
v 0.007371388 0.002846137 1.430399
v 0.007628113 -0.007140338 1.428037
v 0.00493253 0.003410928 1.430861
v 0.005112238 -0.006575555 1.428474
v 0.002108596 -0.01078579 1.427139
v 0.00203158 -0.00608778 1.42832
v 0.00493253 0.003410928 1.430861
v 3.471971E-06 -0.006421521 1.428063
v 0.00493253 0.003410928 1.430861
v 0.00203158 -0.00608778 1.42832
v 0.001903214 0.00392437 1.43099
v 0.001903214 0.002178662 1.424854
v 0.005471647 0.005695745 1.425906
v 0.001903214 0.006491587 1.425316
v 0.00203158 -0.00608778 1.42832
v 3.471971E-06 0.00392437 1.431041
v 0.001903214 0.00392437 1.43099
v 3.471971E-06 0.00392437 1.431041
v 0.00203158 -0.00608778 1.42832
v 3.471971E-06 -0.006421521 1.428063
v 0.001903214 0.002178662 1.424854
v 3.471971E-06 0.005747095 1.425111
v 3.471971E-06 0.00143417 1.424623
v 0.001903214 0.006491587 1.425316
v 0.001928888 -0.0006196052 1.424494
v 3.471971E-06 0.00143417 1.424623
v 3.471971E-06 -0.001364104 1.424263
v 0.001903214 0.002178662 1.424854
v 0.005317613 0.001716562 1.425342
v 0.01016966 0.002615087 1.426625
v 0.005471647 0.005695745 1.425906
v 0.01032369 -0.005317613 1.425265
v 0.01111953 0.0005613118 1.427652
v 0.01016966 0.002615087 1.426625
v 0.01111953 0.0005613118 1.427652
v 0.01032369 -0.005317613 1.425265
v 0.01122222 -0.00770513 1.425701
v 0.01032369 -0.005317613 1.425265
v 0.007063322 -0.002596363 1.425033
v 0.01006697 -0.007140338 1.424802
v 0.008090213 -0.01802535 1.424443
v 0.00562568 -0.02169647 1.423031
v 0.005522996 -0.0188982 1.424546
v 0.00562568 -0.02169647 1.423031
v 0.008090213 -0.01802535 1.424443
v 0.007987522 -0.02079794 1.422569
v 0.005728371 -0.0235192 1.421619
v 0.002416663 -0.02441772 1.421157
v 3.471971E-06 -0.02392995 1.420387
v 3.471971E-06 -0.02490549 1.420926
v 3.471971E-06 -0.02392995 1.420387
v 0.002416663 -0.02441772 1.421157
v 0.002390988 -0.02372457 1.420361
v 3.471971E-06 -0.02375024 1.42221
v 0.002416663 -0.02441772 1.421157
v 3.471971E-06 -0.02490549 1.420926
v 0.002416663 -0.02441772 1.421157
v 3.471971E-06 -0.02375024 1.42221
v 0.002390988 -0.02375024 1.422287
v 3.471971E-06 -0.01119655 1.426779
v 0.002185613 -0.0153041 1.425932
v 3.471971E-06 -0.01532976 1.425573
v 0.002185613 -0.0153041 1.425932
v 3.471971E-06 -0.01119655 1.426779
v 0.002108596 -0.01078579 1.427139
v 3.471971E-06 -0.006421521 1.428063
v -0.00572142 -0.0235192 1.421619
v -0.002384037 -0.02372457 1.420361
v -0.005644403 -0.02220991 1.421054
v -0.002384037 -0.02372457 1.420361
v -0.00572142 -0.0235192 1.421619
v -0.002409711 -0.02441772 1.421157
v -0.00798057 -0.02079794 1.422569
v -0.005644403 -0.02220991 1.421054
v -0.00803192 -0.01902656 1.422107
v -0.005644403 -0.02220991 1.421054
v -0.00798057 -0.02079794 1.422569
v -0.00572142 -0.0235192 1.421619
v -0.009623595 -0.01602291 1.423981
v -0.00803192 -0.01902656 1.422107
v -0.009854645 -0.0143799 1.423519
v -0.00803192 -0.01902656 1.422107
v -0.009623595 -0.01602291 1.423981
v -0.00798057 -0.02079794 1.422569
v -0.002178662 -0.0153041 1.425932
v -0.005541712 -0.0188982 1.424546
v -0.005336337 -0.01445691 1.426189
v -0.005541712 -0.0188982 1.424546
v -0.002178662 -0.0153041 1.425932
v -0.002281345 -0.02002778 1.424366
v -0.005336337 -0.01445691 1.426189
v -0.008083262 -0.01802535 1.424443
v -0.007852212 -0.01412317 1.425881
v -0.005541712 -0.0188982 1.424546
v -0.007775195 -0.01099117 1.426933
v -0.005336337 -0.01445691 1.426189
v -0.005207978 -0.0108628 1.427318
v -0.007621162 -0.007140338 1.428037
v -0.002281345 -0.02002778 1.424366
v 3.471971E-06 -0.01532976 1.425573
v 3.471971E-06 -0.02056689 1.424161
v 3.471971E-06 -0.01532976 1.425573
v -0.002281345 -0.02002778 1.424366
v -0.002178662 -0.0153041 1.425932
v -0.002050295 -0.009887263 1.423031
v 3.471971E-06 -0.004496105 1.423776
v -0.001973286 -0.003725938 1.424032
v 3.471971E-06 -0.010221 1.422826
v -0.005130962 -0.004008338 1.424417
v -0.002050295 -0.009887263 1.423031
v -0.001973286 -0.003725938 1.424032
v -0.005182303 -0.0008249879 1.424931
v -0.002050295 -0.009887263 1.423031
v -0.005130962 -0.004008338 1.424417
v -0.005182303 -0.009758905 1.423391
v -0.007159062 -0.005933747 1.424469
v -0.005182303 -0.009758905 1.423391
v -0.005130962 -0.004008338 1.424417
v -0.007056378 -0.002596363 1.425033
v -0.01006002 -0.007140338 1.424802
v -0.005182303 -0.009758905 1.423391
v -0.007159062 -0.005933747 1.424469
v -0.00733877 -0.01093982 1.423442
v -0.007467128 -0.01453393 1.422749
v -0.005182303 -0.009758905 1.423391
v -0.005413353 -0.01830774 1.421645
v -0.009803295 -0.009296805 1.424263
v -0.00733877 -0.01093982 1.423442
v -0.007159062 -0.005933747 1.424469
v -0.01006002 -0.007140338 1.424802
v -0.00733877 -0.01093982 1.423442
v -0.009803295 -0.009296805 1.424263
v -0.00913582 -0.0123518 1.423468
v -0.007467128 -0.01453393 1.422749
v -0.01041943 -0.01301927 1.424931
v -0.009854645 -0.0143799 1.423519
v -0.0106248 -0.01158163 1.424443
v -0.009623595 -0.01602291 1.423981
v -0.009777628 -0.01368675 1.42529
v -0.009623595 -0.01602291 1.423981
v -0.01041943 -0.01301927 1.424931
v -0.008083262 -0.01802535 1.424443
v -0.008083262 -0.01802535 1.424443
v -0.00798057 -0.02079794 1.422569
v -0.002050295 -0.009887263 1.423031
v -0.005413353 -0.01830774 1.421645
v -0.002281345 -0.0200021 1.420926
v -0.005182303 -0.009758905 1.423391
v -0.002281345 -0.0200021 1.420926
v -0.005644403 -0.02220991 1.421054
v -0.002384037 -0.02372457 1.420361
v -0.005413353 -0.01830774 1.421645
v -0.00803192 -0.01902656 1.422107
v -0.005413353 -0.01830774 1.421645
v -0.007467128 -0.01453393 1.422749
v -0.005644403 -0.02220991 1.421054
v -0.002281345 -0.0200021 1.420926
v 3.471971E-06 -0.010221 1.422826
v -0.002050295 -0.009887263 1.423031
v 3.471971E-06 -0.010221 1.422826
v -0.002281345 -0.0200021 1.420926
v 3.471971E-06 -0.02036151 1.420746
v -0.002384037 -0.02372457 1.420361
v 3.471971E-06 -0.02036151 1.420746
v -0.002281345 -0.0200021 1.420926
v 3.471971E-06 -0.02036151 1.420746
v -0.002384037 -0.02372457 1.420361
v 3.471971E-06 -0.02392995 1.420387
v -0.0106248 -0.01158163 1.424443
v -0.00913582 -0.0123518 1.423468
v -0.009803295 -0.009296805 1.424263
v -0.00913582 -0.0123518 1.423468
v -0.0106248 -0.01158163 1.424443
v -0.009854645 -0.0143799 1.423519
v -0.009854645 -0.0143799 1.423519
v -0.007467128 -0.01453393 1.422749
v -0.00913582 -0.0123518 1.423468
v -0.007467128 -0.01453393 1.422749
v -0.009854645 -0.0143799 1.423519
v -0.00803192 -0.01902656 1.422107
v -0.002281345 -0.02002778 1.424366
v -0.005618729 -0.02169647 1.423031
v -0.005541712 -0.0188982 1.424546
v -0.002384037 -0.02375024 1.422287
v -0.00572142 -0.0235192 1.421619
v -0.002384037 -0.02375024 1.422287
v -0.002409711 -0.02441772 1.421157
v -0.002384037 -0.02375024 1.422287
v -0.00572142 -0.0235192 1.421619
v -0.005618729 -0.02169647 1.423031
v -0.01041943 -0.01301927 1.424931
v -0.009880312 -0.01124789 1.426137
v -0.009777628 -0.01368675 1.42529
v -0.009880312 -0.01124789 1.426137
v -0.01041943 -0.01301927 1.424931
v -0.01072749 -0.0109655 1.425573
v -0.007852212 -0.01412317 1.425881
v -0.009880312 -0.01124789 1.426137
v -0.007775195 -0.01099117 1.426933
v -0.009957328 -0.00862933 1.426985
v -0.009880312 -0.01124789 1.426137
v -0.007852212 -0.01412317 1.425881
v -0.009777628 -0.01368675 1.42529
v -0.008083262 -0.01802535 1.424443
v -0.0106248 -0.01158163 1.424443
v -0.01072749 -0.0109655 1.425573
v -0.01041943 -0.01301927 1.424931
v -0.01072749 -0.0109655 1.425573
v -0.0106248 -0.01158163 1.424443
v -0.01098422 -0.00973323 1.425033
v -0.009803295 -0.009296805 1.424263
v -0.01098422 -0.00973323 1.425033
v -0.0106248 -0.01158163 1.424443
v -0.01006002 -0.007140338 1.424802
v -0.005336337 -0.01445691 1.426189
v -0.002101645 -0.01078579 1.427139
v -0.002178662 -0.0153041 1.425932
v -0.002101645 -0.01078579 1.427139
v -0.005336337 -0.01445691 1.426189
v -0.005207978 -0.0108628 1.427318
v -0.005105287 -0.006575555 1.428474
v -0.007056378 -0.002596363 1.425033
v -0.005130962 -0.004008338 1.424417
v -0.005182303 -0.0008249879 1.424931
v -0.00531067 0.001716562 1.425342
v -0.01016271 0.002615087 1.426625
v -0.01031674 -0.005317613 1.425265
v -0.01031674 -0.005317613 1.425265
v -0.00531067 0.001716562 1.425342
v -0.001921937 0.002178662 1.424854
v -0.005464695 0.005695745 1.425906
v -0.001947612 -0.0006196052 1.424494
v -0.005182303 -0.0008249879 1.424931
v -0.001973286 -0.003725938 1.424032
v -0.001947612 -0.0006196052 1.424494
v -0.00531067 0.001716562 1.425342
v -0.001973286 -0.003725938 1.424032
v 3.471971E-06 -0.001364104 1.424263
v -0.001947612 -0.0006196052 1.424494
v 3.471971E-06 -0.004496105 1.423776
v -0.01121527 -0.00770513 1.425701
v -0.01080451 0.0006126538 1.428474
v -0.01095854 -0.00857798 1.426291
v -0.01111258 0.0005613118 1.427652
v -0.01098422 -0.00973323 1.425033
v -0.01095854 -0.00857798 1.426291
v -0.01072749 -0.0109655 1.425573
v -0.01095854 -0.00857798 1.426291
v -0.01098422 -0.00973323 1.425033
v -0.01121527 -0.00770513 1.425701
v -0.01072749 -0.0109655 1.425573
v -0.009957328 -0.00862933 1.426985
v -0.009880312 -0.01124789 1.426137
v -0.009957328 -0.00862933 1.426985
v -0.01072749 -0.0109655 1.425573
v -0.01095854 -0.00857798 1.426291
v -0.009957328 -0.00862933 1.426985
v -0.01080451 0.0006126538 1.428474
v -0.009700611 0.00120312 1.429475
v -0.01080451 0.0006126538 1.428474
v -0.009957328 -0.00862933 1.426985
v -0.01095854 -0.00857798 1.426291
v -0.01006002 -0.007140338 1.424802
v -0.01121527 -0.00770513 1.425701
v -0.01098422 -0.00973323 1.425033
v -0.01121527 -0.00770513 1.425701
v -0.01006002 -0.007140338 1.424802
v -0.01031674 -0.005317613 1.425265
v -0.007775195 -0.01099117 1.426933
v -0.009957328 -0.00862933 1.426985
v -0.007621162 -0.007140338 1.428037
v -0.007621162 -0.007140338 1.428037
v -0.009700611 0.00120312 1.429475
v -0.007364437 0.002846137 1.430399
v -0.009700611 0.00120312 1.429475
v -0.007621162 -0.007140338 1.428037
v -0.009957328 -0.00862933 1.426985
v -0.005207978 -0.0108628 1.427318
v -0.007621162 -0.007140338 1.428037
v -0.005105287 -0.006575555 1.428474
v -0.005105287 -0.006575555 1.428474
v -0.007364437 0.002846137 1.430399
v -0.004925586 0.003410928 1.430861
v -0.007621162 -0.007140338 1.428037
v -0.002101645 -0.01078579 1.427139
v -0.005105287 -0.006575555 1.428474
v -0.002024628 -0.00608778 1.42832
v -0.004925586 0.003410928 1.430861
v 3.471971E-06 -0.006421521 1.428063
v -0.002024628 -0.00608778 1.42832
v -0.004925586 0.003410928 1.430861
v -0.00189627 0.00392437 1.43099
v -0.005464695 0.005695745 1.425906
v -0.001921937 0.002178662 1.424854
v -0.00189627 0.006491587 1.425316
v -0.002024628 -0.00608778 1.42832
v 3.471971E-06 0.00392437 1.431041
v 3.471971E-06 -0.006421521 1.428063
v 3.471971E-06 0.00392437 1.431041
v -0.002024628 -0.00608778 1.42832
v -0.00189627 0.00392437 1.43099
v -0.001921937 0.002178662 1.424854
v 3.471971E-06 0.005747095 1.425111
v -0.00189627 0.006491587 1.425316
v 3.471971E-06 0.00143417 1.424623
v -0.001947612 -0.0006196052 1.424494
v 3.471971E-06 0.00143417 1.424623
v -0.001921937 0.002178662 1.424854
v 3.471971E-06 -0.001364104 1.424263
v -0.01016271 0.002615087 1.426625
v -0.00531067 0.001716562 1.425342
v -0.005464695 0.005695745 1.425906
v -0.01031674 -0.005317613 1.425265
v -0.01111258 0.0005613118 1.427652
v -0.01121527 -0.00770513 1.425701
v -0.01111258 0.0005613118 1.427652
v -0.01031674 -0.005317613 1.425265
v -0.01016271 0.002615087 1.426625
v -0.01031674 -0.005317613 1.425265
v -0.01006002 -0.007140338 1.424802
v -0.007056378 -0.002596363 1.425033
v -0.008083262 -0.01802535 1.424443
v -0.005541712 -0.0188982 1.424546
v -0.005618729 -0.02169647 1.423031
v -0.005618729 -0.02169647 1.423031
v -0.00798057 -0.02079794 1.422569
v -0.008083262 -0.01802535 1.424443
v -0.00572142 -0.0235192 1.421619
v -0.002409711 -0.02441772 1.421157
v 3.471971E-06 -0.02392995 1.420387
v -0.002384037 -0.02372457 1.420361
v 3.471971E-06 -0.02392995 1.420387
v -0.002409711 -0.02441772 1.421157
v 3.471971E-06 -0.02490549 1.420926
v 3.471971E-06 -0.02375024 1.42221
v -0.002409711 -0.02441772 1.421157
v -0.002384037 -0.02375024 1.422287
v -0.002409711 -0.02441772 1.421157
v 3.471971E-06 -0.02375024 1.42221
v 3.471971E-06 -0.02490549 1.420926
v 3.471971E-06 -0.01119655 1.426779
v -0.002178662 -0.0153041 1.425932
v -0.002101645 -0.01078579 1.427139
v 3.471971E-06 -0.006421521 1.428063
v -0.002178662 -0.0153041 1.425932
v 3.471971E-06 -0.01119655 1.426779
v 3.471971E-06 -0.01532976 1.425573
v 0.00816723 -0.02161945 1.42642
v 0.006344505 -0.02392995 1.421953
v 0.006344505 -0.02426369 1.426189
v 0.00816723 -0.02126004 1.422158
v 0.006344505 -0.02426369 1.426189
v 0.004008338 -0.02611208 1.421747
v 0.004008338 -0.02647149 1.426009
v 0.006344505 -0.02392995 1.421953
v 0.009245463 -0.01833341 1.426677
v 0.00816723 -0.02126004 1.422158
v 0.00816723 -0.02161945 1.42642
v 0.009245463 -0.017974 1.422441
v 0.004008338 -0.02647149 1.426009
v 0.00180053 -0.02708763 1.42167
v 0.00180053 -0.02742136 1.425932
v 0.004008338 -0.02611208 1.421747
v 0.01009264 -0.01309629 1.427139
v 0.009245463 -0.017974 1.422441
v 0.009245463 -0.01833341 1.426677
v 0.01009264 -0.01273688 1.422877
v 0.00180053 -0.02742136 1.425932
v 3.471971E-06 -0.02742136 1.421645
v 3.471971E-06 -0.02778077 1.425906
v 0.00180053 -0.02708763 1.42167
v 0.0106831 -0.003340855 1.427934
v 0.01009264 -0.01273688 1.422877
v 0.01009264 -0.01309629 1.427139
v 0.0106831 -0.002981447 1.423699
v 0.007576771 -0.0201048 1.426548
v 0.008603655 -0.01645935 1.422569
v 0.008603655 -0.01679308 1.426805
v 0.007576771 -0.01974538 1.422287
v 0.008603655 -0.01679308 1.426805
v 0.009194113 -0.01196671 1.422954
v 0.009194113 -0.01232612 1.42719
v 0.008603655 -0.01645935 1.422569
v 0.006062113 -0.0221329 1.426368
v 0.007576771 -0.01974538 1.422287
v 0.007576771 -0.0201048 1.426548
v 0.006062113 -0.02177349 1.422132
v 0.009194113 -0.01232612 1.42719
v 0.009707563 -0.003032796 1.423699
v 0.009707563 -0.003392205 1.427934
v 0.009194113 -0.01196671 1.422954
v 0.009707563 -0.003392205 1.427934
v 0.0106831 -0.002981447 1.423699
v 0.0106831 -0.003340855 1.427934
v 0.009707563 -0.003032796 1.423699
v 0.003802955 -0.024161 1.426189
v 0.006062113 -0.02177349 1.422132
v 0.006062113 -0.0221329 1.426368
v 0.003802955 -0.02382725 1.421953
v 0.001774855 -0.02513654 1.426112
v 0.003802955 -0.02382725 1.421953
v 0.003802955 -0.024161 1.426189
v 0.001774855 -0.02477713 1.421876
v 3.471971E-06 -0.02547028 1.426086
v 0.001774855 -0.02477713 1.421876
v 0.001774855 -0.02513654 1.426112
v 3.471971E-06 -0.02513654 1.42185
v -0.006337553 -0.02426369 1.426189
v -0.008160278 -0.02126004 1.422158
v -0.008160278 -0.02161945 1.42642
v -0.006337553 -0.02392995 1.421953
v -0.004001386 -0.02647149 1.426009
v -0.006337553 -0.02392995 1.421953
v -0.006337553 -0.02426369 1.426189
v -0.004001386 -0.02611208 1.421747
v -0.008160278 -0.02161945 1.42642
v -0.009264179 -0.017974 1.422441
v -0.009264179 -0.01833341 1.426677
v -0.008160278 -0.02126004 1.422158
v -0.001793578 -0.02742136 1.425932
v -0.004001386 -0.02611208 1.421747
v -0.004001386 -0.02647149 1.426009
v -0.001793578 -0.02708763 1.42167
v -0.009264179 -0.01833341 1.426677
v -0.01008569 -0.01273688 1.422877
v -0.01008569 -0.01309629 1.427139
v -0.009264179 -0.017974 1.422441
v 3.471971E-06 -0.02778077 1.425906
v -0.001793578 -0.02708763 1.42167
v -0.001793578 -0.02742136 1.425932
v 3.471971E-06 -0.02742136 1.421645
v -0.01008569 -0.01309629 1.427139
v -0.01067615 -0.002981447 1.423699
v -0.01067615 -0.003340855 1.427934
v -0.01008569 -0.01273688 1.422877
v -0.008596703 -0.01679308 1.426805
v -0.007595487 -0.01974538 1.422287
v -0.007595487 -0.0201048 1.426548
v -0.008596703 -0.01645935 1.422569
v -0.009187162 -0.01232612 1.42719
v -0.008596703 -0.01645935 1.422569
v -0.008596703 -0.01679308 1.426805
v -0.009187162 -0.01196671 1.422954
v -0.007595487 -0.0201048 1.426548
v -0.006055161 -0.02177349 1.422132
v -0.006055161 -0.0221329 1.426368
v -0.007595487 -0.01974538 1.422287
v -0.009700611 -0.003392205 1.427934
v -0.009187162 -0.01196671 1.422954
v -0.009187162 -0.01232612 1.42719
v -0.009700611 -0.003032796 1.423699
v -0.01067615 -0.003340855 1.427934
v -0.009700611 -0.003032796 1.423699
v -0.009700611 -0.003392205 1.427934
v -0.01067615 -0.002981447 1.423699
v -0.006055161 -0.0221329 1.426368
v -0.003796004 -0.02382725 1.421953
v -0.003796004 -0.024161 1.426189
v -0.006055161 -0.02177349 1.422132
v -0.003796004 -0.024161 1.426189
v -0.001767904 -0.02477713 1.421876
v -0.001767904 -0.02513654 1.426112
v -0.003796004 -0.02382725 1.421953
v -0.001767904 -0.02513654 1.426112
v 3.471971E-06 -0.02513654 1.42185
v 3.471971E-06 -0.02547028 1.426086
v -0.001767904 -0.02477713 1.421876
v -0.01000868 -0.02090063 1.427395
v -0.01221649 -0.01915492 1.427806
v -0.01077884 -0.02236395 1.427062
v -0.01221649 -0.01915492 1.427806
v -0.01000868 -0.02090063 1.427395
v -0.0113693 -0.01764026 1.42814
v -0.01332039 -0.01402049 1.428961
v -0.01213947 -0.01325032 1.429115
v -0.01409055 -0.004470438 1.431092
v -0.01077884 -0.02236395 1.427062
v -0.00798057 -0.02287739 1.426959
v -0.008365653 -0.02495684 1.426497
v -0.005002603 -0.02487982 1.426522
v -0.005284995 -0.0271133 1.426009
v -0.002332695 -0.02580402 1.426291
v -0.002384037 -0.02806317 1.425804
v 3.471971E-06 -0.02613775 1.426214
v 0.002390988 -0.02806317 1.425804
v 3.471971E-06 -0.0283969 1.425727
v -0.01409055 -0.004470438 1.431092
v -0.01213947 -0.01325032 1.429115
v -0.01280694 -0.00452178 1.431092
v -0.005284995 -0.0271133 1.426009
v -0.002332695 -0.02580402 1.426291
v -0.005002603 -0.02487982 1.426522
v 3.471971E-06 -0.02613775 1.426214
v -0.002384037 -0.02806317 1.425804
v 3.471971E-06 -0.0283969 1.425727
v 0.002390988 -0.02806317 1.425804
v 0.002339646 -0.02580402 1.426291
v 0.005291946 -0.0271133 1.426009
v 0.008372605 -0.02495684 1.426497
v 0.005009547 -0.02487982 1.426522
v 0.007987522 -0.02287739 1.426959
v 0.01078579 -0.02236395 1.427062
v 0.01001562 -0.02090063 1.427395
v 0.01222343 -0.01915492 1.427806
v 0.01137625 -0.01764026 1.42814
v 0.01330166 -0.01402049 1.428961
v 0.01214641 -0.01325032 1.429115
v 0.0140975 -0.004470438 1.431092
v 0.01222343 -0.01915492 1.427806
v 0.01001562 -0.02090063 1.427395
v 0.01078579 -0.02236395 1.427062
v 0.01214641 -0.01325032 1.429115
v 0.0140975 -0.004470438 1.431092
v 0.0128139 -0.00452178 1.431092
v 0.002339646 -0.02580402 1.426291
v 0.005291946 -0.0271133 1.426009
v 0.005009547 -0.02487982 1.426522
v -0.01077884 -0.02236395 1.427062
v -0.008365653 -0.0259067 1.430656
v -0.008365653 -0.02495684 1.426497
v -0.01077884 -0.02331381 1.431221
v -0.008365653 -0.02495684 1.426497
v -0.005284995 -0.0280375 1.430168
v -0.005284995 -0.0271133 1.426009
v -0.008365653 -0.0259067 1.430656
v -0.01221649 -0.01915492 1.427806
v -0.01077884 -0.02331381 1.431221
v -0.01077884 -0.02236395 1.427062
v -0.01221649 -0.02007912 1.431965
v -0.005284995 -0.0271133 1.426009
v -0.002384037 -0.02898737 1.429937
v -0.002384037 -0.02806317 1.425804
v -0.005284995 -0.0280375 1.430168
v -0.01332039 -0.01402049 1.428961
v -0.01221649 -0.02007912 1.431965
v -0.01221649 -0.01915492 1.427806
v -0.01332039 -0.01494469 1.43312
v -0.002384037 -0.02806317 1.425804
v 3.471971E-06 -0.02934678 1.429886
v 3.471971E-06 -0.0283969 1.425727
v -0.002384037 -0.02898737 1.429937
v -0.01409055 -0.004470438 1.431092
v -0.01332039 -0.01494469 1.43312
v -0.01332039 -0.01402049 1.428961
v -0.01409055 -0.00539463 1.435251
v -0.01000868 -0.02090063 1.427395
v -0.0113693 -0.01859013 1.432299
v -0.0113693 -0.01764026 1.42814
v -0.01000868 -0.02182483 1.431554
v -0.0113693 -0.01764026 1.42814
v -0.01213947 -0.01420019 1.433274
v -0.01213947 -0.01325032 1.429115
v -0.0113693 -0.01859013 1.432299
v -0.00798057 -0.02287739 1.426959
v -0.01000868 -0.02182483 1.431554
v -0.01000868 -0.02090063 1.427395
v -0.00798057 -0.02380159 1.431118
v -0.01213947 -0.01325032 1.429115
v -0.01280694 -0.005471647 1.435251
v -0.01280694 -0.00452178 1.431092
v -0.01213947 -0.01420019 1.433274
v -0.01280694 -0.00452178 1.431092
v -0.01409055 -0.00539463 1.435251
v -0.01409055 -0.004470438 1.431092
v -0.01280694 -0.005471647 1.435251
v -0.005002603 -0.02487982 1.426522
v -0.00798057 -0.02380159 1.431118
v -0.00798057 -0.02287739 1.426959
v -0.005002603 -0.02580402 1.430656
v -0.002332695 -0.02580402 1.426291
v -0.005002603 -0.02580402 1.430656
v -0.005002603 -0.02487982 1.426522
v -0.002332695 -0.02675389 1.43045
v 3.471971E-06 -0.02613775 1.426214
v -0.002332695 -0.02675389 1.43045
v -0.002332695 -0.02580402 1.426291
v 3.471971E-06 -0.02708763 1.430373
v 0.008372605 -0.02495684 1.426497
v 0.01078579 -0.02331381 1.431221
v 0.01078579 -0.02236395 1.427062
v 0.008372605 -0.0259067 1.430656
v 0.005291946 -0.0271133 1.426009
v 0.008372605 -0.0259067 1.430656
v 0.008372605 -0.02495684 1.426497
v 0.005291946 -0.0280375 1.430168
v 0.01078579 -0.02236395 1.427062
v 0.01222343 -0.02007912 1.431965
v 0.01222343 -0.01915492 1.427806
v 0.01078579 -0.02331381 1.431221
v 0.002390988 -0.02806317 1.425804
v 0.005291946 -0.0280375 1.430168
v 0.005291946 -0.0271133 1.426009
v 0.002390988 -0.02898737 1.429937
v 0.01222343 -0.01915492 1.427806
v 0.01330166 -0.01494469 1.43312
v 0.01330166 -0.01402049 1.428961
v 0.01222343 -0.02007912 1.431965
v 3.471971E-06 -0.0283969 1.425727
v 0.002390988 -0.02898737 1.429937
v 0.002390988 -0.02806317 1.425804
v 3.471971E-06 -0.02934678 1.429886
v 0.01330166 -0.01402049 1.428961
v 0.0140975 -0.00539463 1.435251
v 0.0140975 -0.004470438 1.431092
v 0.01330166 -0.01494469 1.43312
v 0.01137625 -0.01764026 1.42814
v 0.01001562 -0.02182483 1.431554
v 0.01001562 -0.02090063 1.427395
v 0.01137625 -0.01859013 1.432299
v 0.01214641 -0.01325032 1.429115
v 0.01137625 -0.01859013 1.432299
v 0.01137625 -0.01764026 1.42814
v 0.01214641 -0.01420019 1.433274
v 0.01001562 -0.02090063 1.427395
v 0.007987522 -0.02380159 1.431118
v 0.007987522 -0.02287739 1.426959
v 0.01001562 -0.02182483 1.431554
v 0.0128139 -0.00452178 1.431092
v 0.01214641 -0.01420019 1.433274
v 0.01214641 -0.01325032 1.429115
v 0.0128139 -0.005471647 1.435251
v 0.0140975 -0.004470438 1.431092
v 0.0128139 -0.005471647 1.435251
v 0.0128139 -0.00452178 1.431092
v 0.0140975 -0.00539463 1.435251
v 0.007987522 -0.02287739 1.426959
v 0.005009547 -0.02580402 1.430656
v 0.005009547 -0.02487982 1.426522
v 0.007987522 -0.02380159 1.431118
v 0.005009547 -0.02487982 1.426522
v 0.002339646 -0.02675389 1.43045
v 0.002339646 -0.02580402 1.426291
v 0.005009547 -0.02580402 1.430656
v 0.002339646 -0.02580402 1.426291
v 3.471971E-06 -0.02708763 1.430373
v 3.471971E-06 -0.02613775 1.426214
v 0.002339646 -0.02675389 1.43045
v -0.03313931 0.004001386 1.47969
v -0.02795353 0.002461053 1.484413
v -0.02998163 0.004206762 1.478765
v -0.02425674 0.00415542 1.478714
v -0.02795353 0.002461053 1.484413
v -0.03313931 0.004001386 1.47969
v -0.03116255 0.00253807 1.485928
v -0.03390948 0.002820462 1.487032
v -0.03621997 0.00410407 1.480511
v -0.02425674 0.00415542 1.478714
v -0.02795353 0.002461053 1.484413
v -0.0241027 0.002948828 1.482231
v -0.03955736 0.006799653 1.476455
v -0.04148277 0.007672504 1.470448
v -0.04369057 0.008365653 1.475659
v -0.0374779 0.006106503 1.471269
v -0.05521738 0.0145013 1.46883
v -0.05603889 0.01519445 1.469806
v -0.05110983 0.01219081 1.469215
v -0.03403784 0.005105287 1.472193
v -0.03955736 0.006799653 1.476455
v -0.03583489 0.005644403 1.477328
v -0.0374779 0.006106503 1.471269
v -0.04410134 0.006491587 1.482308
v -0.03670774 0.003436595 1.487956
v -0.03937765 0.004745878 1.481307
v -0.04109768 0.004899912 1.489086
v -0.04561599 0.006773978 1.489933
v -0.04109768 0.004899912 1.489086
v -0.03003298 0.01180573 1.478765
v -0.03313931 0.004001386 1.47969
v -0.02998163 0.004206762 1.478765
v -0.03313931 0.01160035 1.47969
v -0.03621997 0.00410407 1.480511
v -0.0361943 0.01170304 1.480511
v -0.03937765 0.004745878 1.481307
v -0.03937765 0.01234484 1.481307
v -0.04410134 0.006491587 1.482308
v -0.04410134 0.01409055 1.482308
v -0.04831157 0.008468345 1.483232
v -0.04831157 0.01606731 1.483232
v -0.05195702 0.01036809 1.483977
v -0.05195702 0.01796705 1.483977
v -0.05508902 0.01211379 1.484773
v -0.05508902 0.01968709 1.484773
v -0.05891418 0.01452698 1.490267
v -0.05891418 0.02248535 1.490831
v -0.05891418 0.01460399 1.490831
v -0.05891418 0.02248535 1.490267
v -0.05385675 0.01098422 1.49096
v -0.04972354 0.01632403 1.490575
v -0.04972354 0.008725069 1.490575
v -0.05385675 0.01858319 1.49096
v -0.03670774 0.003436595 1.487956
v -0.03390948 0.01041943 1.487032
v -0.03390948 0.002820462 1.487032
v -0.03670774 0.01103556 1.487956
v -0.02795353 0.01006002 1.484413
v -0.03116255 0.00253807 1.485928
v -0.03116255 0.01013704 1.485928
v -0.02795353 0.002461053 1.484413
v -0.02020053 0.00433512 1.47874
v -0.01914797 0.01198544 1.478791
v -0.02020053 0.01193409 1.47874
v -0.01914797 0.00438647 1.478791
v -0.01994381 0.004078403 1.479895
v -0.01914797 0.01198544 1.478791
v -0.01914797 0.00438647 1.478791
v -0.01994381 0.01167737 1.479895
v -0.03285691 0.00484857 1.478124
v -0.03003298 0.01180573 1.478765
v -0.02998163 0.004206762 1.478765
v -0.03301094 0.0124732 1.478072
v -0.0357322 0.0132177 1.477353
v -0.03583489 0.005644403 1.477328
v -0.03955736 0.006799653 1.476455
v -0.03955736 0.01439862 1.476455
v -0.04369057 0.008365653 1.475659
v -0.04369057 0.01596462 1.475659
v -0.04766976 0.01776167 1.474889
v -0.04766976 0.01016271 1.474889
v -0.0520597 0.02012351 1.474042
v -0.0520597 0.01252455 1.474042
v -0.0520597 0.02012351 1.474042
v -0.05737384 0.01606731 1.472758
v -0.05737384 0.02366628 1.472758
v -0.0520597 0.01252455 1.474042
v -0.05729683 0.02369194 1.472142
v -0.05737384 0.01606731 1.472758
v -0.05729683 0.01609298 1.472168
v -0.05737384 0.02366628 1.472758
v -0.05110983 0.01978978 1.469215
v -0.05521738 0.0145013 1.46883
v -0.05110983 0.01219081 1.469215
v -0.05521738 0.02210027 1.46883
v -0.04610375 0.01729958 1.469729
v -0.04610375 0.009700611 1.469729
v -0.0374779 0.01370547 1.471269
v -0.04148277 0.007672504 1.470448
v -0.0374779 0.006106503 1.471269
v -0.04148277 0.01527147 1.470448
v -0.03085449 0.00456617 1.47322
v -0.02700366 0.01195976 1.474401
v -0.03085449 0.01216514 1.47322
v -0.02700366 0.004360795 1.474401
v -0.02374329 0.01203678 1.475402
v -0.02374329 0.004437812 1.475402
v -0.02055994 0.01213947 1.476506
v -0.02055994 0.004540503 1.476506
v -0.03403784 0.005105287 1.472193
v -0.03403784 0.01270425 1.472193
v -0.0374779 0.006106503 1.471269
v -0.0374779 0.01370547 1.471269
v -0.02055994 0.004540503 1.476506
v -0.01966141 0.01216514 1.476891
v -0.02055994 0.01213947 1.476506
v -0.01966141 0.00456617 1.476891
v -0.05891418 0.01460399 1.490831
v -0.05860611 0.01424459 1.49019
v -0.05891418 0.01452698 1.490267
v -0.05665503 0.01272993 1.491011
v -0.05860611 0.01424459 1.49019
v -0.05675771 0.01272993 1.490369
v -0.05860611 0.01421891 1.489804
v -0.05644964 0.02312716 1.470679
v -0.05639831 0.01550252 1.471295
v -0.05644964 0.01552819 1.470679
v -0.05639831 0.02310149 1.471295
v -0.05860611 0.02181788 1.489804
v -0.05878582 0.01444996 1.48924
v -0.05878582 0.02202325 1.489291
v -0.05860611 0.01421891 1.489804
v -0.0241027 0.01054779 1.482231
v -0.02795353 0.002461053 1.484413
v -0.02795353 0.01006002 1.484413
v -0.0241027 0.002948828 1.482231
v -0.01994381 0.01167737 1.479895
v -0.01994381 0.004078403 1.479895
v -0.02079099 0.004514828 1.47743
v -0.02138145 0.0120111 1.478072
v -0.02079099 0.01211379 1.477456
v -0.02138145 0.004412137 1.478047
v -0.05891418 0.01473235 1.486749
v -0.05739952 0.02107339 1.485569
v -0.05891418 0.02263939 1.486749
v -0.05739952 0.01347442 1.485569
v -0.05665503 0.02032889 1.491011
v -0.05891418 0.01460399 1.490831
v -0.05891418 0.02248535 1.490831
v -0.05665503 0.01272993 1.491011
v -0.05739952 0.01347442 1.485569
v -0.05508902 0.01968709 1.484773
v -0.05739952 0.02107339 1.485569
v -0.05508902 0.01211379 1.484773
v -0.05385675 0.01858319 1.49096
v -0.05665503 0.01272993 1.491011
v -0.05665503 0.02032889 1.491011
v -0.05385675 0.01098422 1.49096
v -0.05508902 0.01211379 1.484773
v -0.04972354 0.008725069 1.490575
v -0.05195702 0.01036809 1.483977
v -0.05385675 0.01098422 1.49096
v -0.05734817 0.01332039 1.486056
v -0.05675771 0.01272993 1.490369
v -0.04831157 0.008468345 1.483232
v -0.04561599 0.006773978 1.489933
v -0.04410134 0.006491587 1.482308
v -0.04972354 0.008725069 1.490575
v -0.05385675 0.01098422 1.49096
v -0.05675771 0.01272993 1.490369
v -0.05665503 0.01272993 1.491011
v -0.05734817 0.01332039 1.486056
v -0.05508902 0.01211379 1.484773
v -0.05739952 0.01347442 1.485569
v -0.03621997 0.00410407 1.480511
v -0.03670774 0.003436595 1.487956
v -0.03390948 0.002820462 1.487032
v -0.03937765 0.004745878 1.481307
v -0.03670774 0.01103556 1.487956
v -0.04109768 0.004899912 1.489086
v -0.04112335 0.01249888 1.489086
v -0.03670774 0.003436595 1.487956
v -0.05891418 0.01473235 1.486749
v -0.05734817 0.01332039 1.486056
v -0.05739952 0.01347442 1.485569
v -0.05734817 0.01332039 1.486056
v -0.05891418 0.01473235 1.486749
v -0.0588885 0.01468101 1.487468
v -0.05734817 0.01332039 1.486056
v -0.05891418 0.01462967 1.488726
v -0.05878582 0.01444996 1.48924
v -0.05860611 0.01421891 1.489804
v -0.05734817 0.01332039 1.486056
v -0.05860611 0.01421891 1.489804
v -0.05675771 0.01272993 1.490369
v -0.02122742 0.00433512 1.478457
v -0.02020053 0.01193409 1.47874
v -0.02122742 0.01193409 1.478457
v -0.02020053 0.00433512 1.47874
v -0.01966141 0.00456617 1.476891
v -0.02079099 0.01211379 1.477456
v -0.01966141 0.01216514 1.476891
v -0.02079099 0.004514828 1.47743
v -0.02700366 0.004360795 1.474401
v -0.03285691 0.00484857 1.478124
v -0.02998163 0.004206762 1.478765
v -0.03285691 0.00484857 1.478124
v -0.02700366 0.004360795 1.474401
v -0.03085449 0.00456617 1.47322
v -0.0520597 0.01252455 1.474042
v -0.04610375 0.009700611 1.469729
v -0.05110983 0.01219081 1.469215
v -0.04766976 0.01016271 1.474889
v -0.05729683 0.01609298 1.472168
v -0.05737384 0.01606731 1.472758
v -0.0520597 0.01252455 1.474042
v -0.05644964 0.01552819 1.470679
v -0.05639831 0.01550252 1.471295
v -0.0520597 0.01252455 1.474042
v -0.05729683 0.01609298 1.472168
v -0.05591054 0.01514311 1.470473
v -0.05521738 0.02210027 1.46883
v -0.05603889 0.01519445 1.469806
v -0.05521738 0.0145013 1.46883
v -0.05609024 0.02281909 1.469883
v -0.05639831 0.02310149 1.471295
v -0.05729683 0.01609298 1.472168
v -0.05639831 0.01550252 1.471295
v -0.05729683 0.02369194 1.472142
v -0.05110983 0.01219081 1.469215
v -0.05603889 0.01519445 1.469806
v -0.05591054 0.01514311 1.470473
v -0.05609024 0.02281909 1.469883
v -0.05591054 0.01514311 1.470473
v -0.05603889 0.01519445 1.469806
v -0.05591054 0.01514311 1.470473
v -0.05609024 0.02281909 1.469883
v -0.05591054 0.02274208 1.470422
v -0.05591054 0.01514311 1.470473
v -0.0520597 0.01252455 1.474042
v -0.05110983 0.01219081 1.469215
v -0.05644964 0.02312716 1.470679
v -0.05591054 0.01514311 1.470473
v -0.05591054 0.02274208 1.470422
v -0.05591054 0.01514311 1.470473
v -0.05644964 0.02312716 1.470679
v -0.05644964 0.01552819 1.470679
v -0.05860611 0.02184355 1.490164
v -0.05860611 0.01421891 1.489804
v -0.05860611 0.02181788 1.489804
v -0.05860611 0.01424459 1.49019
v -0.05891418 0.02248535 1.490267
v -0.05860611 0.01424459 1.49019
v -0.05860611 0.02184355 1.490164
v -0.05891418 0.01452698 1.490267
v -0.05891418 0.02243401 1.488752
v -0.0588885 0.01468101 1.487468
v -0.0588885 0.02263939 1.487443
v -0.05891418 0.01462967 1.488726
v -0.0588885 0.02263939 1.487443
v -0.05891418 0.01473235 1.486749
v -0.05891418 0.02263939 1.486749
v -0.0588885 0.01468101 1.487468
v -0.05878582 0.02202325 1.489291
v -0.05891418 0.01462967 1.488726
v -0.05891418 0.02243401 1.488752
v -0.05878582 0.01444996 1.48924
v -0.04109768 0.004899912 1.489086
v -0.04564165 0.01437294 1.489933
v -0.04112335 0.01249888 1.489086
v -0.04561599 0.006773978 1.489933
v -0.04972354 0.01632403 1.490575
v -0.04972354 0.008725069 1.490575
v -0.03313931 0.004001386 1.47969
v -0.03390948 0.002820462 1.487032
v -0.03116255 0.00253807 1.485928
v -0.03116255 0.00253807 1.485928
v -0.03390948 0.01041943 1.487032
v -0.03116255 0.01013704 1.485928
v -0.03390948 0.002820462 1.487032
v -0.02138145 0.004412137 1.478047
v -0.02122742 0.01193409 1.478457
v -0.02138145 0.0120111 1.478072
v -0.02122742 0.01193409 1.478457
v -0.02138145 0.004412137 1.478047
v -0.02122742 0.00433512 1.478457
v -0.01994381 0.004078403 1.479895
v -0.01914797 0.00438647 1.478791
v -0.02020053 0.00433512 1.47874
v -0.02374329 0.004437812 1.475402
v -0.02998163 0.004206762 1.478765
v -0.02425674 0.00415542 1.478714
v -0.02998163 0.004206762 1.478765
v -0.02374329 0.004437812 1.475402
v -0.02700366 0.004360795 1.474401
v -0.02425674 0.00415542 1.478714
v -0.02138145 0.004412137 1.478047
v -0.02374329 0.004437812 1.475402
v -0.02055994 0.004540503 1.476506
v -0.02079099 0.004514828 1.47743
v -0.01966141 0.00456617 1.476891
v -0.02138145 0.004412137 1.478047
v -0.02425674 0.00415542 1.478714
v -0.02122742 0.00433512 1.478457
v -0.02055994 0.004540503 1.476506
v -0.02138145 0.004412137 1.478047
v -0.02079099 0.004514828 1.47743
v -0.0241027 0.002948828 1.482231
v -0.02020053 0.00433512 1.47874
v -0.02122742 0.00433512 1.478457
v -0.02020053 0.00433512 1.47874
v -0.0241027 0.002948828 1.482231
v -0.01994381 0.004078403 1.479895
v -0.02122742 0.00433512 1.478457
v -0.02425674 0.00415542 1.478714
v -0.0241027 0.002948828 1.482231
v -0.04766976 0.01016271 1.474889
v -0.04148277 0.007672504 1.470448
v -0.04610375 0.009700611 1.469729
v -0.04369057 0.008365653 1.475659
v -0.04148277 0.01527147 1.470448
v -0.04610375 0.009700611 1.469729
v -0.04148277 0.007672504 1.470448
v -0.04610375 0.01729958 1.469729
v -0.03085449 0.00456617 1.47322
v -0.03583489 0.005644403 1.477328
v -0.03285691 0.00484857 1.478124
v -0.03583489 0.005644403 1.477328
v -0.03085449 0.00456617 1.47322
v -0.03403784 0.005105287 1.472193
v 0.03312059 0.004001386 1.47969
v 0.02793481 0.002461053 1.484413
v 0.0311695 0.00253807 1.485928
v 0.03391642 0.002820462 1.487032
v 0.03620125 0.00410407 1.480511
v 0.02793481 0.002461053 1.484413
v 0.03312059 0.004001386 1.47969
v 0.02996291 0.004206762 1.478765
v 0.02426369 0.00415542 1.478714
v 0.02793481 0.002461053 1.484413
v 0.02426369 0.00415542 1.478714
v 0.02408398 0.002948828 1.482231
v 0.03953863 0.006799653 1.476455
v 0.04148972 0.007672504 1.470448
v 0.03748486 0.006106503 1.471269
v 0.04369752 0.008365653 1.475659
v 0.05522433 0.0145013 1.46883
v 0.05111679 0.01219081 1.469215
v 0.05604585 0.01519445 1.469806
v 0.03404479 0.005105287 1.472193
v 0.03953863 0.006799653 1.476455
v 0.03748486 0.006106503 1.471269
v 0.03584184 0.005644403 1.477328
v 0.04410828 0.006491587 1.482308
v 0.03671469 0.003436595 1.487956
v 0.04110464 0.004899912 1.489086
v 0.0393846 0.004745878 1.481307
v 0.03003993 0.01180573 1.478765
v 0.03312059 0.004001386 1.47969
v 0.03312059 0.01160035 1.47969
v 0.02996291 0.004206762 1.478765
v 0.03620125 0.00410407 1.480511
v 0.03620125 0.01170304 1.480511
v 0.0393846 0.004745878 1.481307
v 0.0393846 0.01234484 1.481307
v 0.04410828 0.006491587 1.482308
v 0.04410828 0.01409055 1.482308
v 0.04831852 0.008468345 1.483232
v 0.04831852 0.01606731 1.483232
v 0.05196397 0.01036809 1.483977
v 0.05196397 0.01796705 1.483977
v 0.05509597 0.01211379 1.484773
v 0.05509597 0.01968709 1.484773
v 0.05892113 0.01452698 1.490267
v 0.05892113 0.02248535 1.490831
v 0.05892113 0.02248535 1.490267
v 0.05892113 0.01460399 1.490831
v 0.05386371 0.01098422 1.49096
v 0.04970482 0.01632403 1.490575
v 0.05386371 0.01858319 1.49096
v 0.04970482 0.008725069 1.490575
v 0.03671469 0.003436595 1.487956
v 0.03391642 0.01041943 1.487032
v 0.03671469 0.01103556 1.487956
v 0.03391642 0.002820462 1.487032
v 0.02793481 0.01006002 1.484413
v 0.0311695 0.00253807 1.485928
v 0.02793481 0.002461053 1.484413
v 0.03114383 0.01013704 1.485928
v 0.0201818 0.00433512 1.47874
v 0.01915492 0.01198544 1.478791
v 0.01915492 0.00438647 1.478791
v 0.0201818 0.01193409 1.47874
v 0.01995076 0.004078403 1.479895
v 0.01915492 0.01198544 1.478791
v 0.01995076 0.01167737 1.479895
v 0.01915492 0.00438647 1.478791
v 0.03286387 0.00484857 1.478124
v 0.03003993 0.01180573 1.478765
v 0.0330179 0.0124732 1.478072
v 0.02996291 0.004206762 1.478765
v 0.03573915 0.0132177 1.477353
v 0.03584184 0.005644403 1.477328
v 0.03953863 0.006799653 1.476455
v 0.03953863 0.01439862 1.476455
v 0.04369752 0.008365653 1.475659
v 0.04369752 0.01596462 1.475659
v 0.04767671 0.01776167 1.474889
v 0.04767671 0.01016271 1.474889
v 0.05206666 0.02012351 1.474042
v 0.05206666 0.01252455 1.474042
v 0.05206666 0.02012351 1.474042
v 0.0573808 0.01606731 1.472758
v 0.05206666 0.01252455 1.474042
v 0.0573808 0.02366628 1.472758
v 0.05727811 0.02369194 1.472168
v 0.0573808 0.01606731 1.472758
v 0.0573808 0.02366628 1.472758
v 0.05730378 0.01609298 1.472168
v 0.05111679 0.01978978 1.469215
v 0.05522433 0.0145013 1.46883
v 0.05522433 0.02210027 1.46883
v 0.05111679 0.01219081 1.469215
v 0.04608504 0.01729958 1.469729
v 0.04608504 0.009700611 1.469729
v 0.03748486 0.01370547 1.471269
v 0.04148972 0.007672504 1.470448
v 0.04148972 0.01527147 1.470448
v 0.03748486 0.006106503 1.471269
v 0.03086143 0.00456617 1.47322
v 0.02701061 0.01195976 1.474401
v 0.02701061 0.004360795 1.474401
v 0.03086143 0.01216514 1.47322
v 0.02375024 0.01203678 1.475402
v 0.02375024 0.004437812 1.475402
v 0.02056689 0.01213947 1.476506
v 0.02056689 0.004540503 1.476506
v 0.03404479 0.005105287 1.472193
v 0.03404479 0.01270425 1.472193
v 0.03748486 0.006106503 1.471269
v 0.03748486 0.01370547 1.471269
v 0.02056689 0.004540503 1.476506
v 0.01966836 0.01216514 1.476891
v 0.01966836 0.00456617 1.476891
v 0.02056689 0.01213947 1.476506
v 0.05892113 0.01460399 1.490831
v 0.05892113 0.01452698 1.490267
v 0.05861306 0.01424459 1.49019
v 0.05666198 0.01272993 1.491011
v 0.05861306 0.01424459 1.49019
v 0.05676466 0.01272993 1.490369
v 0.05861306 0.01421891 1.489804
v 0.0564566 0.02312716 1.470679
v 0.05640525 0.01550252 1.471295
v 0.05640525 0.02310149 1.471295
v 0.0564566 0.01552819 1.470679
v 0.05861306 0.02181788 1.489804
v 0.05879277 0.01444996 1.48924
v 0.05861306 0.01421891 1.489804
v 0.05879277 0.02202325 1.489291
v 0.02408398 0.01054779 1.482231
v 0.02793481 0.002461053 1.484413
v 0.02408398 0.002948828 1.482231
v 0.02793481 0.01006002 1.484413
v 0.01995076 0.01167737 1.479895
v 0.01995076 0.004078403 1.479895
v 0.02077227 0.004514828 1.477456
v 0.0213884 0.0120111 1.478072
v 0.02136273 0.004412137 1.478047
v 0.02077227 0.01211379 1.477456
v 0.05892113 0.01473235 1.486749
v 0.0573808 0.02107339 1.485569
v 0.0573808 0.01347442 1.485569
v 0.05892113 0.02263939 1.486749
v 0.05666198 0.02032889 1.491011
v 0.05892113 0.01460399 1.490831
v 0.05666198 0.01272993 1.491011
v 0.05892113 0.02248535 1.490831
v 0.0573808 0.01347442 1.485569
v 0.05509597 0.01968709 1.484773
v 0.05509597 0.01211379 1.484773
v 0.0573808 0.02107339 1.485569
v 0.05386371 0.01858319 1.49096
v 0.05666198 0.01272993 1.491011
v 0.05386371 0.01098422 1.49096
v 0.05666198 0.02032889 1.491011
v 0.05509597 0.01211379 1.484773
v 0.04970482 0.008725069 1.490575
v 0.05386371 0.01098422 1.49096
v 0.05196397 0.01036809 1.483977
v 0.05732945 0.01332039 1.486056
v 0.05676466 0.01272993 1.490369
v 0.04831852 0.008468345 1.483232
v 0.04970482 0.008725069 1.490575
v 0.04562294 0.006773978 1.489933
v 0.04410828 0.006491587 1.482308
v 0.05676466 0.01272993 1.490369
v 0.05386371 0.01098422 1.49096
v 0.05666198 0.01272993 1.491011
v 0.05509597 0.01211379 1.484773
v 0.05732945 0.01332039 1.486056
v 0.0573808 0.01347442 1.485569
v 0.03620125 0.00410407 1.480511
v 0.03671469 0.003436595 1.487956
v 0.0393846 0.004745878 1.481307
v 0.03391642 0.002820462 1.487032
v 0.03671469 0.01103556 1.487956
v 0.04110464 0.004899912 1.489086
v 0.03671469 0.003436595 1.487956
v 0.04110464 0.01249888 1.489086
v 0.05892113 0.01473235 1.486749
v 0.05732945 0.01332039 1.486056
v 0.05889545 0.01468101 1.487468
v 0.05732945 0.01332039 1.486056
v 0.05892113 0.01462967 1.488726
v 0.05879277 0.01444996 1.48924
v 0.05861306 0.01421891 1.489804
v 0.05732945 0.01332039 1.486056
v 0.05892113 0.01473235 1.486749
v 0.0573808 0.01347442 1.485569
v 0.05861306 0.01421891 1.489804
v 0.05732945 0.01332039 1.486056
v 0.05676466 0.01272993 1.490369
v 0.02123437 0.00433512 1.478457
v 0.0201818 0.01193409 1.47874
v 0.0201818 0.00433512 1.47874
v 0.02123437 0.01193409 1.478457
v 0.01966836 0.00456617 1.476891
v 0.02077227 0.01211379 1.477456
v 0.02077227 0.004514828 1.477456
v 0.01966836 0.01216514 1.476891
v 0.02701061 0.004360795 1.474401
v 0.03286387 0.00484857 1.478124
v 0.03086143 0.00456617 1.47322
v 0.03286387 0.00484857 1.478124
v 0.02701061 0.004360795 1.474401
v 0.02996291 0.004206762 1.478765
v 0.05206666 0.01252455 1.474042
v 0.04608504 0.009700611 1.469729
v 0.04767671 0.01016271 1.474889
v 0.05111679 0.01219081 1.469215
v 0.05730378 0.01609298 1.472168
v 0.05206666 0.01252455 1.474042
v 0.0573808 0.01606731 1.472758
v 0.0564566 0.01552819 1.470679
v 0.05206666 0.01252455 1.474042
v 0.05640525 0.01550252 1.471295
v 0.05730378 0.01609298 1.472168
v 0.05591748 0.01514311 1.470473
v 0.05522433 0.02210027 1.46883
v 0.05604585 0.01519445 1.469806
v 0.05609719 0.02281909 1.469883
v 0.05522433 0.0145013 1.46883
v 0.05640525 0.02310149 1.471295
v 0.05730378 0.01609298 1.472168
v 0.05727811 0.02369194 1.472168
v 0.05640525 0.01550252 1.471295
v 0.05111679 0.01219081 1.469215
v 0.05591748 0.01514311 1.470473
v 0.05604585 0.01519445 1.469806
v 0.05609719 0.02281909 1.469883
v 0.05591748 0.01514311 1.470473
v 0.05589181 0.02274208 1.470422
v 0.05591748 0.01514311 1.470473
v 0.05609719 0.02281909 1.469883
v 0.05604585 0.01519445 1.469806
v 0.05206666 0.01252455 1.474042
v 0.05591748 0.01514311 1.470473
v 0.05111679 0.01219081 1.469215
v 0.0564566 0.02312716 1.470679
v 0.05591748 0.01514311 1.470473
v 0.0564566 0.01552819 1.470679
v 0.05591748 0.01514311 1.470473
v 0.0564566 0.02312716 1.470679
v 0.05589181 0.02274208 1.470422
v 0.05861306 0.02184355 1.490164
v 0.05861306 0.01421891 1.489804
v 0.05861306 0.01424459 1.49019
v 0.05861306 0.02181788 1.489804
v 0.05892113 0.02248535 1.490267
v 0.05861306 0.01424459 1.49019
v 0.05892113 0.01452698 1.490267
v 0.05861306 0.02184355 1.490164
v 0.05892113 0.02243401 1.488752
v 0.05889545 0.01468101 1.487468
v 0.05892113 0.01462967 1.488726
v 0.05889545 0.02263939 1.487443
v 0.05889545 0.02263939 1.487443
v 0.05892113 0.01473235 1.486749
v 0.05889545 0.01468101 1.487468
v 0.05892113 0.02263939 1.486749
v 0.05879277 0.02202325 1.489291
v 0.05892113 0.01462967 1.488726
v 0.05879277 0.01444996 1.48924
v 0.05892113 0.02243401 1.488752
v 0.04110464 0.004899912 1.489086
v 0.04562294 0.01437294 1.489933
v 0.04562294 0.006773978 1.489933
v 0.04110464 0.01249888 1.489086
v 0.04970482 0.01632403 1.490575
v 0.04970482 0.008725069 1.490575
v 0.04562294 0.006773978 1.489933
v 0.04410828 0.006491587 1.482308
v 0.04110464 0.004899912 1.489086
v 0.03391642 0.002820462 1.487032
v 0.03312059 0.004001386 1.47969
v 0.0311695 0.00253807 1.485928
v 0.0311695 0.00253807 1.485928
v 0.03391642 0.01041943 1.487032
v 0.03391642 0.002820462 1.487032
v 0.03114383 0.01013704 1.485928
v 0.02136273 0.004412137 1.478047
v 0.02123437 0.01193409 1.478457
v 0.02123437 0.00433512 1.478457
v 0.02123437 0.01193409 1.478457
v 0.02136273 0.004412137 1.478047
v 0.0213884 0.0120111 1.478072
v 0.01995076 0.004078403 1.479895
v 0.0201818 0.00433512 1.47874
v 0.01915492 0.00438647 1.478791
v 0.02375024 0.004437812 1.475402
v 0.02996291 0.004206762 1.478765
v 0.02701061 0.004360795 1.474401
v 0.02996291 0.004206762 1.478765
v 0.02375024 0.004437812 1.475402
v 0.02426369 0.00415542 1.478714
v 0.02426369 0.00415542 1.478714
v 0.02136273 0.004412137 1.478047
v 0.02123437 0.00433512 1.478457
v 0.02136273 0.004412137 1.478047
v 0.02426369 0.00415542 1.478714
v 0.02375024 0.004437812 1.475402
v 0.02056689 0.004540503 1.476506
v 0.02077227 0.004514828 1.477456
v 0.01966836 0.00456617 1.476891
v 0.02136273 0.004412137 1.478047
v 0.02056689 0.004540503 1.476506
v 0.02077227 0.004514828 1.477456
v 0.02408398 0.002948828 1.482231
v 0.0201818 0.00433512 1.47874
v 0.01995076 0.004078403 1.479895
v 0.0201818 0.00433512 1.47874
v 0.02408398 0.002948828 1.482231
v 0.02123437 0.00433512 1.478457
v 0.02123437 0.00433512 1.478457
v 0.02408398 0.002948828 1.482231
v 0.02426369 0.00415542 1.478714
v 0.04767671 0.01016271 1.474889
v 0.04148972 0.007672504 1.470448
v 0.04369752 0.008365653 1.475659
v 0.04608504 0.009700611 1.469729
v 0.04148972 0.01527147 1.470448
v 0.04608504 0.009700611 1.469729
v 0.04608504 0.01729958 1.469729
v 0.04148972 0.007672504 1.470448
v 0.03086143 0.00456617 1.47322
v 0.03584184 0.005644403 1.477328
v 0.03404479 0.005105287 1.472193
v 0.03584184 0.005644403 1.477328
v 0.03086143 0.00456617 1.47322
v 0.03286387 0.00484857 1.478124
vt 0.1454448 0.7571099
vt 0.1080874 0.7740453
vt 0.1384714 0.7859997
vt 0.1235285 0.7441593
vt 0.1494296 0.7356917
vt 0.1329923 0.7232392
vt 0.101114 0.7994483
vt 0.14146 0.8153874
vt 0.09463874 0.8253495
vt 0.1399657 0.8502544
vt 0.08666916 0.8527449
vt 0.1255209 0.8920947
vt 0.06375662 0.8910984
vt 0.08517487 0.9304482
vt 0.0348669 0.9160034
vt 0.05528895 0.9508703
vt 0.01344866 0.9334368
vt 0.1474372 0.8716726
vt 0.1349847 0.9010604
vt 0.1509239 0.8930908
vt 0.1419581 0.9145091
vt 0.1618821 0.8711745
vt 0.1648706 0.8452734
vt 0.1803117 0.8422848
vt 0.156403 0.8308285
vt 0.1504258 0.9204863
vt 0.156403 0.7894863
vt 0.1588935 0.7566118
vt 0.1583954 0.7351936
vt 0.3138021 0.8766536
vt 0.3123078 0.8876117
vt 0.2709657 0.8826308
vt 0.2804295 0.8985699
vt 0.297863 0.868684
vt 0.2261368 0.8896042
vt 0.2181672 0.8751593
vt 0.2485512 0.8691821
vt 0.277939 0.8666916
vt 0.2530341 0.9060414
vt 0.2261368 0.9110224
vt 0.2913877 0.9125167
vt 0.2893953 0.9209844
vt 0.2849124 0.9120186
vt 0.2958706 0.9204863
vt 0.297863 0.9050452
vt 0.2923839 0.9035509
vt 0.3068288 0.8995661
vt 0.3113116 0.9015585
vt 0.3292432 0.9000642
vt 0.3272508 0.9015585
vt 0.3172888 0.9269615
vt 0.3123078 0.9294521
vt 0.3372128 0.9314444
vt 0.3342242 0.9339349
vt 0.3302394 0.9150072
vt 0.3486691 0.9324406
vt 0.3486691 0.9244711
vt 0.3486691 0.9150072
vt 0.3486691 0.9354292
vt 0.3486691 0.9030528
vt 0.05678324 0.4408173
vt 0.03337261 0.3656044
vt 0.03337261 0.4408173
vt 0.03337261 0.5110492
vt 0.05479085 0.5105511
vt 0.04084409 0.5523914
vt 0.03337261 0.5743077
vt 0.0368593 0.5912431
vt 0.1648706 0.3013497
vt 0.1389695 0.2799314
vt 0.1559049 0.2769428
vt 0.1549087 0.3043383
vt 0.1588935 0.3078249
vt 0.1708478 0.3043383
vt 0.1354828 0.3103154
vt 0.1065931 0.2854105
vt 0.07869958 0.2973649
vt 0.1055969 0.3143002
vt 0.1509239 0.3162926
vt 0.1344866 0.3347223
vt 0.1583954 0.3327299
vt 0.1688554 0.3566386
vt 0.1245247 0.333228
vt 0.1394676 0.3496652
vt 0.1439505 0.3491671
vt 0.1529163 0.3661025
vt 0.1509239 0.3162926
vt 0.1753307 0.3177869
vt 0.181806 0.3138021
vt 0.2116919 0.318285
vt 0.1837984 0.3123078
vt 0.06973381 0.2704675
vt 0.04333458 0.272958
vt 0.06525092 0.3073269
vt 0.08766536 0.328247
vt 0.07869958 0.3292432
vt 0.08965775 0.3486691
vt 0.0358631 0.2595094
vt 0.06176423 0.2560227
vt 0.09613304 0.2684752
vt 0.08666916 0.2530341
vt 0.1319961 0.2634942
vt 0.126019 0.2480531
vt 0.03038402 0.2346044
vt 0.05728134 0.2336083
vt 0.08417867 0.2326121
vt 0.05628515 0.2101976
vt 0.08069198 0.2087033
vt 0.1240266 0.2281292
vt 0.1509239 0.2605056
vt 0.1459429 0.2450645
vt 0.1225323 0.2052166
vt 0.1454448 0.2261368
vt 0.1439505 0.2032242
vt 0.08666916 0.1877832
vt 0.1270151 0.1857908
vt 0.09463874 0.1603878
vt 0.1329923 0.1608859
vt 0.1200418 0.1240266
vt 0.1489315 0.1280113
vt 0.08766536 0.1285094
vt 0.06873761 0.1633763
vt 0.1623802 0.1080874
vt 0.1394676 0.1006159
vt 0.1479353 0.1852927
vt 0.1529163 0.161384
vt 0.1638744 0.1300037
vt 0.176825 0.08816346
vt 0.186787 0.09364254
vt 0.1753307 0.1120722
vt 0.1573992 0.07820149
vt 0.2206577 0.08069198
vt 0.2251406 0.08766536
vt 0.1728402 0.06475282
vt 0.222152 0.0732205
vt 0.2555246 0.08218627
vt 0.2540303 0.08517487
vt 0.121038 0.08019388
vt 0.1050988 0.1026083
vt 0.2968668 0.09314445
vt 0.2550265 0.08915965
vt 0.2276311 0.09115205
vt 0.2555246 0.09065395
vt 0.08218627 0.08218627
vt 0.126019 0.05827754
vt 0.08866156 0.06276043
vt 0.1055969 0.04482888
vt 0.08716726 0.05030796
vt 0.08119008 0.0348669
vt 0.1429543 0.03088211
vt 0.1245247 0.03337261
vt 0.1190456 0.008467677
vt 0.06923571 0.1046007
vt 0.05379465 0.1329923
vt 0.04233838 0.166863
vt 0.06026993 0.1907718
vt 0.03287451 0.1942585
vt 0.02390873 0.1798136
vt 0.03138021 0.1833003
vt 0.01793155 0.1987413
vt 0.02291254 0.2012319
vt 0.01743345 0.2186653
vt 0.03187831 0.21219
vt 0.04582508 0.08467676
vt 0.05180226 0.04482888
vt 0.04134219 0.08318247
vt 0.03785549 0.1016121
vt 0.02839162 0.1220342
vt 0.09513684 0.3860264
vt 0.1085855 0.3875207
vt 0.1085855 0.3949922
vt 0.09613304 0.3795511
vt 0.1085855 0.3815435
vt 0.1085855 0.3720797
vt 0.7690643 0.4587488
vt 0.7237373 0.469707
vt 0.7561137 0.4537678
vt 0.7317069 0.4776766
vt 0.6619731 0.4816614
vt 0.6674522 0.4946119
vt 0.5962241 0.500091
vt 0.5967222 0.4861443
vt 0.5045739 0.4985967
vt 0.5135397 0.4841519
vt 0.4253762 0.4771785
vt 0.4109314 0.4911253
vt 0.3656044 0.4672165
vt 0.343688 0.4766804
vt 0.7859997 0.4283648
vt 0.7665738 0.4283648
vt 0.7670719 0.4149162
vt 0.7496384 0.4174066
vt 0.3666006 0.5364522
vt 0.2824219 0.5115473
vt 0.2390873 0.4702051
vt 0.2709657 0.4627336
vt 0.2958706 0.4278667
vt 0.257517 0.4278667
vt 0.4776766 0.5484066
vt 0.5892507 0.5469123
vt 0.6799046 0.5344598
vt 0.7700605 0.510053
vt 0.8064217 0.4726956
vt 0.8293342 0.4373306
vt 0.9125167 0.4448021
vt 0.8975737 0.479669
vt 0.9782657 0.4378287
vt 0.9802581 0.3999732
vt 0.923973 0.4049542
vt 0.8248513 0.4189009
vt 0.8203685 0.4004713
vt 0.9339349 0.3581329
vt 0.9802581 0.3591291
vt 0.9528627 0.3217717
vt 0.9802581 0.3247603
vt 0.9683037 0.3058326
vt 0.9802581 0.3093193
vt 0.9707942 0.2918858
vt 0.9558513 0.2789352
vt 0.944395 0.2923839
vt 0.9802581 0.2963687
vt 0.9802581 0.2759466
vt 0.9717904 0.2769428
vt 0.9802581 0.2585132
vt 0.9688019 0.2585132
vt 0.9802581 0.2465588
vt 0.9603342 0.2445664
vt 0.9802581 0.2301216
vt 0.9414064 0.2326121
vt 0.9409083 0.2246425
vt 0.9802581 0.2231482
vt 0.9055433 0.2639923
vt 0.9055433 0.2445664
vt 0.8612126 0.2356007
vt 0.8343152 0.2580151
vt 0.7630871 0.2216539
vt 0.7396765 0.2460607
vt 0.8881099 0.2859086
vt 0.8158855 0.2814257
vt 0.7192544 0.2699695
vt 0.904049 0.2341064
vt 0.8711745 0.3083231
vt 0.6893685 0.3008516
vt 0.7949654 0.3546462
vt 0.6395586 0.262498
vt 0.6639655 0.2316159
vt 0.7327031 0.2141824
vt 0.7481441 0.2176691
vt 0.5588667 0.237095
vt 0.5399389 0.2938782
vt 0.6535054 0.3476728
vt 0.5324674 0.3377109
vt 0.6231214 0.3780569
vt 0.7003267 0.389015
vt 0.7441593 0.3710835
vt 0.7481441 0.4019656
vt 0.5309731 0.3745702
vt 0.4328477 0.3441862
vt 0.4413154 0.3795511
vt 0.4363344 0.3018478
vt 0.3905093 0.3526538
vt 0.3551443 0.358631
vt 0.3964865 0.389015
vt 0.3596272 0.3974827
vt 0.3192812 0.4159124
vt 0.2983611 0.3670987
vt 0.2749504 0.4069466
vt 0.2664828 0.3740721
vt 0.2251406 0.4268705
vt 0.3212736 0.4308553
vt 0.3372128 0.4213914
vt 0.3596272 0.4223876
vt 0.3830378 0.4064485
vt 0.3710835 0.4019656
vt 0.3466766 0.4353382
vt 0.202228 0.474688
vt 0.1628782 0.4766804
vt 0.2042204 0.5359541
vt 0.2341064 0.5723153
vt 0.1673611 0.5663381
vt 0.2261368 0.6320872
vt 0.3944941 0.6076803
vt 0.5633495 0.6141556
vt 0.4054523 0.6779122
vt 0.5972202 0.6644636
vt 0.7087944 0.6022012
vt 0.8198704 0.6589845
vt 0.6380643 0.7292164
vt 0.8308285 0.7232392
vt 0.9802581 0.7192544
vt 0.9802581 0.6554978
vt 0.863703 0.580783
vt 0.9802581 0.5797868
vt 0.8791441 0.5090568
vt 0.974779 0.4756842
vt 0.9732847 0.510053
vt 0.8477638 0.7999464
vt 0.9792619 0.7999464
vt 0.6833913 0.7954635
vt 0.5444218 0.8084141
vt 0.7327031 0.8457715
vt 0.9802581 0.8612126
vt 0.5658401 0.8851213
vt 0.7317069 0.9045471
vt 0.9802581 0.9160034
vt 0.3994751 0.8313266
vt 0.4552622 0.747646
vt 0.3098173 0.7770339
vt 0.2400835 0.7914787
vt 0.2505436 0.7102886
vt 0.186787 0.7162658
vt 0.161384 0.7162658
vt 0.1658668 0.6355739
vt 0.1265171 0.6385624
vt 0.1250228 0.5663381
vt 0.2067109 0.7919768
vt 0.3337261 0.8532429
vt 0.3531519 0.8861175
vt 0.529977 0.9150072
vt 0.5329655 0.9319425
vt 0.7332012 0.9513684
vt 0.7381822 0.9389159
vt 0.9802581 0.9568475
vt 0.9802581 0.9448931
vt 0.2096995 0.3730759
vt 0.3098173 0.2993573
vt 0.2943763 0.2435702
vt 0.3461785 0.2530341
vt 0.3556424 0.2908896
vt 0.3855283 0.2545284
vt 0.4109314 0.2037223
vt 0.4333458 0.2096995
vt 0.4881366 0.1658668
vt 0.5080606 0.1748326
vt 0.4826576 0.2236463
vt 0.5414332 0.1892775
vt 0.6201328 0.1309999
vt 0.6420491 0.1524182
vt 0.7381822 0.1230304
vt 0.7282202 0.1006159
vt 0.7874939 0.1120722
vt 0.783011 0.08567297
vt 0.5997108 0.1235285
vt 0.7092925 0.09214824
vt 0.782513 0.0732205
vt 0.4433078 0.1454448
vt 0.3611215 0.1912699
vt 0.5593647 0.101114
vt 0.6978362 0.1773231
vt 0.5927374 0.2087033
vt 0.6983343 0.2057147
vt 0.722243 0.202228
vt 0.7157677 0.1813079
vt 0.8248513 0.02739543
vt 0.8746612 0.09613304
vt 0.797954 0.1429543
vt 0.7645814 0.1544106
vt 0.8308285 0.1319961
vt 0.8751593 0.1280113
vt 0.8726688 0.1404638
vt 0.8278399 0.1459429
vt 0.9165015 0.1245247
vt 0.7456536 0.1987413
vt 0.7341974 0.1847946
vt 0.7650795 0.1628782
vt 0.7655776 0.1713459
vt 0.7710567 0.1897756
vt 0.7835091 0.1828022
vt 0.8094103 0.1783193
vt 0.7954635 0.1648706
vt 0.792973 0.1837984
vt 0.8138931 0.1808098
vt 0.7855015 0.1892775
vt 0.7874939 0.1957528
vt 0.7944673 0.1932623
vt 0.8109046 0.1922661
vt 0.8049274 0.1942585
vt 0.7850034 0.2052166
vt 0.7740453 0.2037223
vt 0.8258475 0.1927642
vt 0.8338171 0.1887794
vt 0.8676878 0.1847946
vt 0.8646992 0.1922661
vt 0.9055433 0.1912699
vt 0.90903 0.181806
vt 0.9438969 0.1907718
vt 0.9409083 0.2161748
vt 0.9802581 0.2166729
vt 0.9802581 0.1907718
vt 0.8985699 0.2151786
vt 0.9802581 0.1803117
vt 0.9458893 0.1803117
vt 0.9010604 0.2246425
vt 0.8467677 0.2131862
vt 0.7954635 0.207209
vt 0.7795243 0.2146805
vt 0.853741 0.2246425
vt 0.7650795 0.2111938
vt 0.9802581 0.1773231
vt 0.9473836 0.1778212
vt 0.9802581 0.1748326
vt 0.949376 0.1748326
vt 0.9150072 0.1763269
vt 0.9120186 0.1788174
vt 0.873665 0.1798136
vt 0.8706764 0.1823041
vt 0.8378019 0.186787
vt 0.8114027 0.1907718
vt 0.8417867 0.1842965
vt 0.8119007 0.1892775
vt 0.8009426 0.1907718
vt 0.7974559 0.191768
vt 0.7909806 0.1887794
vt 0.7989502 0.1847946
vt 0.8173798 0.1823041
vt 0.7959616 0.1882813
vt 0.8044293 0.1852927
vt 0.8198704 0.1833003
vt 0.8378019 0.1793155
vt 0.8402924 0.1813079
vt 0.8771517 0.1773231
vt 0.8781479 0.1748326
vt 0.8353114 0.1778212
vt 0.8791441 0.1723421
vt 0.8308285 0.1743345
vt 0.8816346 0.1658668
vt 0.8248513 0.1593916
vt 0.8701783 0.1529163
vt 0.9179958 0.1693535
vt 0.918992 0.1618821
vt 0.9588398 0.1673611
vt 0.9588398 0.1603878
vt 0.9105243 0.1469391
vt 0.954357 0.1449467
vt 0.9174977 0.171844
vt 0.9588398 0.1703497
vt 0.9802581 0.166863
vt 0.9802581 0.1593916
vt 0.9135129 0.1359809
vt 0.9548551 0.1329923
vt 0.9802581 0.1434524
vt 0.9802581 0.131498
vt 0.7969578 0.1539125
vt 0.9558513 0.121038
vt 0.9802581 0.1185475
vt 0.9802581 0.08617106
vt 0.954357 0.08766536
vt 0.9563494 0.04482888
vt 0.9802581 0.04233838
vt 0.9802581 0.03287451
vt 0.9588398 0.0348669
vt 0.9802581 0.009961973
vt 0.8821326 0.05827754
vt 0.8851213 0.04781747
vt 0.529977 0.3830378
vt 0.4477907 0.3860264
vt 0.530475 0.3800493
vt 0.4502812 0.389015
vt 0.6166461 0.3860264
vt 0.6191366 0.3830378
vt 0.6838894 0.3959884
vt 0.6898666 0.3934979
vt 0.732205 0.4069466
vt 0.7097905 0.4114295
vt 0.4059504 0.3944941
vt 0.41392 0.398977
vt 0.7257297 0.4203953
vt 0.7416689 0.429361
vt 0.7336993 0.4507793
vt 0.7043114 0.4627336
vt 0.6490225 0.4741899
vt 0.5962241 0.4776766
vt 0.524996 0.4766804
vt 0.4467945 0.4716994
vt 0.3920036 0.4637298
vt 0.3352204 0.4477907
vt 0.2888972 0.4582507
vt 0.858722 0.3546462
vt 0.9802581 0.1728402
vt 0.9802581 0.1698516
vt 0.9588398 0.1733383
vt 0.9174977 0.1748326
vt 0.5494028 0.2560227
vt 0.4428097 0.2555246
vt 0.3576348 0.3167907
vt 0.02341064 0.7909806
vt 0.04980986 0.7073001
vt 0.02341064 0.7162658
vt 0.07073001 0.7909806
vt 0.03436881 0.6679503
vt 0.02341064 0.6769161
vt 0.03436881 0.6375663
vt 0.04980986 0.6066841
vt 0.06026993 0.6375663
vt 0.02341064 0.6460339
vt 0.02341064 0.6022012
vt 0.03436881 0.6066841
vt 0.1344866 0.671935
vt 0.08168817 0.6241176
vt 0.4502812 0.389015
vt 0.529977 0.3830378
vt 0.4502812 0.389015
vt 0.529977 0.3830378
vt 0.529977 0.3830378
vt 0.6166461 0.3860264
vt 0.529977 0.3830378
vt 0.6166461 0.3860264
vt 0.6166461 0.3860264
vt 0.6838894 0.3959884
vt 0.6166461 0.3860264
vt 0.6838894 0.3959884
vt 0.7336993 0.4507793
vt 0.7043114 0.4627336
vt 0.7336993 0.4507793
vt 0.7043114 0.4627336
vt 0.6490225 0.4741899
vt 0.7043114 0.4627336
vt 0.7043114 0.4627336
vt 0.6490225 0.4741899
vt 0.5962241 0.4776766
vt 0.6490225 0.4741899
vt 0.6490225 0.4741899
vt 0.5962241 0.4776766
vt 0.524996 0.4766804
vt 0.5962241 0.4776766
vt 0.5962241 0.4776766
vt 0.524996 0.4766804
vt 0.4467945 0.4716994
vt 0.4467945 0.4716994
vt 0.3920036 0.4637298
vt 0.3920036 0.4637298
vt 0.3352204 0.4477907
vt 0.3920036 0.4637298
vt 0.3920036 0.4637298
vt 0.3352204 0.4477907
vt 0.3352204 0.4477907
vt 0.3466766 0.4353382
vt 0.3352204 0.4477907
vt 0.3466766 0.4353382
vt 0.3596272 0.4223876
vt 0.3596272 0.4223876
vt 0.7416689 0.429361
vt 0.7336993 0.4507793
vt 0.7416689 0.429361
vt 0.7336993 0.4507793
vt 0.7257297 0.4203953
vt 0.7097905 0.4114295
vt 0.7097905 0.4114295
vt 0.7257297 0.4203953
vt 0.3596272 0.4223876
vt 0.3830378 0.4064485
vt 0.3596272 0.4223876
vt 0.3830378 0.4064485
vt 0.41392 0.398977
vt 0.4502812 0.389015
vt 0.41392 0.398977
vt 0.4502812 0.389015
vt 0.6838894 0.3959884
vt 0.7097905 0.4114295
vt 0.6838894 0.3959884
vt 0.7097905 0.4114295
vt 0.5339617 0.4358363
vt 0.5364522 0.4253762
vt 0.5180226 0.4348401
vt 0.5080606 0.4338439
vt 0.5005891 0.4318515
vt 0.4936157 0.4258743
vt 0.4921215 0.4233838
vt 0.4956081 0.4288629
vt 0.5444218 0.4348401
vt 0.5364522 0.4253762
vt 0.5339617 0.4358363
vt 0.5494028 0.4328477
vt 0.5364522 0.4253762
vt 0.5444218 0.4348401
vt 0.5518933 0.4273686
vt 0.5513952 0.429361
vt 0.5364522 0.4253762
vt 0.5494028 0.4328477
vt 0.550399 0.4203953
vt 0.5364522 0.4253762
vt 0.5513952 0.4228857
vt 0.5518933 0.4253762
vt 0.5364522 0.4253762
vt 0.5518933 0.4273686
vt 0.5479085 0.4189009
vt 0.5364522 0.4253762
vt 0.550399 0.4203953
vt 0.5434256 0.4189009
vt 0.5364522 0.4253762
vt 0.5479085 0.4189009
vt 0.5339617 0.4193991
vt 0.5364522 0.4253762
vt 0.5195169 0.4203953
vt 0.5364522 0.4253762
vt 0.5339617 0.4193991
vt 0.5060682 0.4213914
vt 0.5364522 0.4253762
vt 0.4921215 0.4233838
vt 0.5364522 0.4253762
vt 0.5060682 0.4213914
vt 0.5005891 0.4318515
vt 0.5364522 0.4253762
vt 0.4956081 0.4288629
vt 0.5190188 0.4348401
vt 0.5339617 0.4358363
vt 0.5180226 0.4348401
vt 0.5339617 0.4358363
vt 0.5190188 0.4348401
vt 0.529977 0.4363344
vt 0.529977 0.4363344
vt 0.5444218 0.4348401
vt 0.5339617 0.4358363
vt 0.5444218 0.4348401
vt 0.529977 0.4363344
vt 0.5384446 0.4353382
vt 0.5384446 0.4353382
vt 0.5494028 0.4328477
vt 0.5444218 0.4348401
vt 0.5434256 0.4333458
vt 0.5513952 0.4228857
vt 0.5444218 0.4208933
vt 0.550399 0.4203953
vt 0.5459161 0.4233838
vt 0.550399 0.4203953
vt 0.5414332 0.4198971
vt 0.5479085 0.4189009
vt 0.5414332 0.4198971
vt 0.550399 0.4203953
vt 0.5444218 0.4208933
vt 0.5479085 0.4189009
vt 0.5359541 0.4193991
vt 0.5434256 0.4189009
vt 0.5414332 0.4198971
vt 0.5434256 0.4189009
vt 0.5284826 0.4198971
vt 0.5339617 0.4193991
vt 0.5284826 0.4198971
vt 0.5434256 0.4189009
vt 0.5359541 0.4193991
vt 0.5339617 0.4193991
vt 0.5190188 0.4203953
vt 0.5195169 0.4203953
vt 0.5105511 0.4208933
vt 0.5190188 0.4203953
vt 0.5339617 0.4193991
vt 0.5284826 0.4198971
vt 0.5195169 0.4203953
vt 0.5105511 0.4208933
vt 0.5060682 0.4213914
vt 0.5060682 0.4213914
vt 0.5010872 0.4223876
vt 0.4921215 0.4233838
vt 0.5010872 0.4223876
vt 0.5060682 0.4213914
vt 0.5105511 0.4208933
vt 0.5010872 0.4223876
vt 0.4936157 0.4258743
vt 0.4921215 0.4233838
vt 0.5020834 0.4248781
vt 0.4956081 0.4288629
vt 0.5040758 0.4278667
vt 0.5464142 0.4258743
vt 0.5513952 0.4228857
vt 0.5518933 0.4253762
vt 0.5459161 0.4233838
vt 0.5518933 0.4273686
vt 0.5459161 0.4298591
vt 0.5464142 0.4278667
vt 0.5513952 0.429361
vt 0.5040758 0.4278667
vt 0.5005891 0.4318515
vt 0.4956081 0.4288629
vt 0.5080606 0.4313534
vt 0.5080606 0.4313534
vt 0.5080606 0.4338439
vt 0.5005891 0.4318515
vt 0.5130416 0.4333458
vt 0.5434256 0.4333458
vt 0.5513952 0.429361
vt 0.5494028 0.4328477
vt 0.5459161 0.4298591
vt 0.3830378 0.4064485
vt 0.41392 0.398977
vt 0.3830378 0.4064485
vt 0.41392 0.398977
vt 0.5180226 0.4348401
vt 0.5130416 0.4333458
vt 0.5190188 0.4348401
vt 0.5130416 0.4333458
vt 0.5180226 0.4348401
vt 0.5080606 0.4338439
vt 0.7257297 0.4203953
vt 0.7416689 0.429361
vt 0.7257297 0.4203953
vt 0.7416689 0.429361
vt 0.5518933 0.4253762
vt 0.5464142 0.4278667
vt 0.5464142 0.4258743
vt 0.5518933 0.4273686
vt 0.7506346 0.2082052
vt 0.1449467 0.9812543
vt 0.196749 0.9448931
vt 0.196749 0.9812543
vt 0.1449467 0.9473836
vt 0.2555246 0.9448931
vt 0.2555246 0.9812543
vt 0.3177869 0.9458893
vt 0.3177869 0.9812543
vt 0.3780569 0.9478817
vt 0.3780569 0.9812543
vt 0.4328477 0.9812543
vt 0.4328477 0.9508703
vt 0.48465 0.9568475
vt 0.48465 0.9812543
vt 0.1050988 0.9812543
vt 0.1050988 0.9538589
vt 0.0717262 0.9812543
vt 0.0717262 0.9618285
vt 0.04233838 0.9812543
vt 0.04233838 0.9712923
vt 0.01344866 0.9812543
vt 0.5339617 0.9678056
vt 0.5339617 0.9812543
vt 0.5832735 0.9812543
vt 0.6898666 0.4308553
vt 0.6883723 0.4433078
vt 0.6848856 0.4428097
vt 0.6848856 0.4428097
vt 0.6883723 0.4433078
vt 0.6784104 0.4413154
vt 0.6784104 0.4413154
vt 0.6709388 0.4388249
vt 0.6709388 0.4388249
vt 0.666954 0.4333458
vt 0.666954 0.4333458
vt 0.666456 0.4273686
vt 0.666456 0.4273686
vt 0.6689464 0.4233838
vt 0.6689464 0.4233838
vt 0.6779122 0.4208933
vt 0.6779122 0.4208933
vt 0.6823951 0.4203953
vt 0.6823951 0.4203953
vt 0.505072 0.04084409
vt 0.5055701 0.04084409
vt 0.5055701 0.04084409
vt 0.5055701 0.04084409
vt 0.505072 0.04084409
vt 0.505072 0.04084409
vt 0.5080606 0.03984789
vt 0.5060682 0.04034599
vt 0.5060682 0.04034599
vt 0.5060682 0.04034599
vt 0.5080606 0.03984789
vt 0.5080606 0.03984789
vt 0.5110492 0.03984789
vt 0.5110492 0.03984789
vt 0.5155321 0.03934979
vt 0.5155321 0.03934979
vt 0.5205131 0.03885169
vt 0.5205131 0.03885169
vt 0.5259922 0.03885169
vt 0.5259922 0.03885169
vt 0.5289807 0.03885169
vt 0.5289807 0.03885169
vt 0.5259922 0.03885169
vt 0.5259922 0.03885169
vt 0.5205131 0.03885169
vt 0.5205131 0.03885169
vt 0.5155321 0.03934979
vt 0.5155321 0.03934979
vt 0.5110492 0.03984789
vt 0.5110492 0.03984789
vt 0.5080606 0.03984789
vt 0.5080606 0.03984789
vt 0.5060682 0.04034599
vt 0.5155321 0.03934979
vt 0.5110492 0.03984789
vt 0.5110492 0.03984789
vt 0.5205131 0.03885169
vt 0.5155321 0.03934979
vt 0.5080606 0.03984789
vt 0.5080606 0.03984789
vt 0.5289807 0.03885169
vt 0.5259922 0.03885169
vt 0.5259922 0.03885169
vt 0.515034 0.03934979
vt 0.5205131 0.03885169
vt 0.5205131 0.03885169
vt 0.5205131 0.03885169
vt 0.515034 0.03934979
vt 0.515034 0.03934979
vt 0.524996 0.03885169
vt 0.5205131 0.03885169
vt 0.524996 0.03885169
vt 0.5110492 0.04034599
vt 0.515034 0.03934979
vt 0.515034 0.03934979
vt 0.515034 0.03934979
vt 0.5110492 0.04034599
vt 0.5110492 0.04034599
vt 0.5070644 0.04084409
vt 0.5070644 0.04084409
vt 0.5055701 0.04084409
vt 0.5055701 0.04084409
vt 0.5055701 0.04084409
vt 0.5070644 0.04084409
vt 0.5070644 0.04084409
vt 0.5060682 0.04034599
vt 0.505072 0.04084409
vt 0.505072 0.04084409
vt 0.505072 0.04084409
vt 0.5060682 0.04034599
vt 0.5060682 0.04034599
vt 0.5259922 0.03885169
vt 0.5205131 0.03885169
vt 0.5205131 0.03885169
vt 0.5070644 0.04084409
vt 0.5110492 0.04034599
vt 0.5110492 0.04034599
vt 0.524996 0.03885169
vt 0.5289807 0.03885169
vt 0.5289807 0.03885169
vt 0.524996 0.03885169
vt 0.524996 0.03885169
vt 0.524996 0.03885169
vt 0.5289807 0.03885169
vt 0.5289807 0.03885169
vt 0.515034 0.03934979
vt 0.5205131 0.03885169
vt 0.5205131 0.03885169
vt 0.515034 0.03934979
vt 0.5110492 0.04034599
vt 0.5110492 0.04034599
vt 0.5070644 0.04084409
vt 0.5070644 0.04084409
vt 0.5055701 0.04084409
vt 0.5055701 0.04084409
vt 0.524996 0.03885169
vt 0.524996 0.03885169
vt 0.5289807 0.03885169
vt 0.5289807 0.03885169
vt 0.524996 0.03885169
vt 0.524996 0.03885169
vt 0.5205131 0.03885169
vt 0.5205131 0.03885169
vt 0.515034 0.03934979
vt 0.515034 0.03934979
vt 0.5110492 0.04034599
vt 0.5110492 0.04034599
vt 0.5070644 0.04084409
vt 0.5070644 0.04084409
vt 0.5055701 0.04084409
vt 0.5055701 0.04084409
vt 0.5055701 0.04084409
vt 0.505072 0.04084409
vt 0.5055701 0.04084409
vt 0.1454448 0.7571099
vt 0.1080874 0.7740453
vt 0.1235285 0.7441593
vt 0.1384714 0.7859997
vt 0.1494296 0.7356917
vt 0.1329923 0.7232392
vt 0.101114 0.7994483
vt 0.14146 0.8153874
vt 0.09463874 0.8253495
vt 0.1399657 0.8502544
vt 0.08666916 0.8527449
vt 0.1255209 0.8920947
vt 0.06375662 0.8910984
vt 0.08517487 0.9304482
vt 0.0348669 0.9160034
vt 0.05528895 0.9508703
vt 0.01344866 0.9334368
vt 0.1474372 0.8716726
vt 0.1349847 0.9010604
vt 0.1509239 0.8930908
vt 0.1419581 0.9145091
vt 0.1618821 0.8711745
vt 0.1648706 0.8452734
vt 0.1803117 0.8422848
vt 0.156403 0.8308285
vt 0.1504258 0.9204863
vt 0.156403 0.7894863
vt 0.1588935 0.7566118
vt 0.1583954 0.7351936
vt 0.3138021 0.8766536
vt 0.2709657 0.8826308
vt 0.3123078 0.8876117
vt 0.2804295 0.8985699
vt 0.297863 0.868684
vt 0.2261368 0.8896042
vt 0.2181672 0.8751593
vt 0.2485512 0.8691821
vt 0.277939 0.8666916
vt 0.2530341 0.9060414
vt 0.2261368 0.9110224
vt 0.2913877 0.9125167
vt 0.2893953 0.9209844
vt 0.2958706 0.9204863
vt 0.2849124 0.9120186
vt 0.297863 0.9050452
vt 0.2923839 0.9035509
vt 0.3068288 0.8995661
vt 0.3113116 0.9015585
vt 0.3292432 0.9000642
vt 0.3272508 0.9015585
vt 0.3172888 0.9269615
vt 0.3123078 0.9294521
vt 0.3372128 0.9314444
vt 0.3342242 0.9339349
vt 0.3302394 0.9150072
vt 0.3486691 0.9324406
vt 0.3486691 0.9244711
vt 0.3486691 0.9150072
vt 0.3486691 0.9354292
vt 0.3486691 0.9030528
vt 0.05678324 0.4408173
vt 0.03337261 0.4408173
vt 0.03337261 0.3656044
vt 0.03337261 0.5110492
vt 0.05479085 0.5105511
vt 0.04084409 0.5523914
vt 0.03337261 0.5743077
vt 0.0368593 0.5912431
vt 0.1648706 0.3013497
vt 0.1389695 0.2799314
vt 0.1549087 0.3043383
vt 0.1559049 0.2769428
vt 0.1588935 0.3078249
vt 0.1708478 0.3043383
vt 0.1354828 0.3103154
vt 0.1065931 0.2854105
vt 0.07869958 0.2973649
vt 0.1055969 0.3143002
vt 0.1509239 0.3162926
vt 0.1344866 0.3347223
vt 0.1583954 0.3327299
vt 0.1688554 0.3566386
vt 0.1245247 0.333228
vt 0.1394676 0.3496652
vt 0.1439505 0.3491671
vt 0.1529163 0.3661025
vt 0.1509239 0.3162926
vt 0.1753307 0.3177869
vt 0.181806 0.3138021
vt 0.2116919 0.318285
vt 0.1837984 0.3123078
vt 0.08666916 0.2530341
vt 0.1319961 0.2634942
vt 0.126019 0.2480531
vt 0.09613304 0.2684752
vt 0.06176423 0.2560227
vt 0.06973381 0.2704675
vt 0.08417867 0.2326121
vt 0.1240266 0.2281292
vt 0.1509239 0.2605056
vt 0.1459429 0.2450645
vt 0.08069198 0.2087033
vt 0.05628515 0.2101976
vt 0.05728134 0.2336083
vt 0.03038402 0.2346044
vt 0.0358631 0.2595094
vt 0.1225323 0.2052166
vt 0.1454448 0.2261368
vt 0.1439505 0.2032242
vt 0.08666916 0.1877832
vt 0.1270151 0.1857908
vt 0.09463874 0.1603878
vt 0.1329923 0.1608859
vt 0.1200418 0.1240266
vt 0.1489315 0.1280113
vt 0.08766536 0.1285094
vt 0.06873761 0.1633763
vt 0.1623802 0.1080874
vt 0.1394676 0.1006159
vt 0.1479353 0.1852927
vt 0.1529163 0.161384
vt 0.1638744 0.1300037
vt 0.176825 0.08816346
vt 0.186787 0.09364254
vt 0.1753307 0.1120722
vt 0.1573992 0.07820149
vt 0.2206577 0.08069198
vt 0.2251406 0.08766536
vt 0.1728402 0.06475282
vt 0.222152 0.0732205
vt 0.2555246 0.08218627
vt 0.2540303 0.08517487
vt 0.121038 0.08019388
vt 0.1050988 0.1026083
vt 0.2968668 0.09314445
vt 0.2550265 0.08915965
vt 0.2276311 0.09115205
vt 0.2555246 0.09065395
vt 0.08218627 0.08218627
vt 0.126019 0.05827754
vt 0.08866156 0.06276043
vt 0.1055969 0.04482888
vt 0.08716726 0.05030796
vt 0.08119008 0.0348669
vt 0.1429543 0.03088211
vt 0.1245247 0.03337261
vt 0.1190456 0.008467677
vt 0.06923571 0.1046007
vt 0.05379465 0.1329923
vt 0.04233838 0.166863
vt 0.06026993 0.1907718
vt 0.03287451 0.1942585
vt 0.02390873 0.1798136
vt 0.03138021 0.1833003
vt 0.01793155 0.1987413
vt 0.02291254 0.2012319
vt 0.01743345 0.2186653
vt 0.03187831 0.21219
vt 0.08766536 0.328247
vt 0.06525092 0.3073269
vt 0.07869958 0.3292432
vt 0.08965775 0.3486691
vt 0.04333458 0.272958
vt 0.04582508 0.08467676
vt 0.04134219 0.08318247
vt 0.05180226 0.04482888
vt 0.03785549 0.1016121
vt 0.02839162 0.1220342
vt 0.09513684 0.3860264
vt 0.1085855 0.3949922
vt 0.1085855 0.3875207
vt 0.09613304 0.3795511
vt 0.1085855 0.3815435
vt 0.1085855 0.3720797
vt 0.7690643 0.4587488
vt 0.7237373 0.469707
vt 0.7317069 0.4776766
vt 0.7561137 0.4537678
vt 0.6619731 0.4816614
vt 0.6674522 0.4946119
vt 0.5962241 0.500091
vt 0.5967222 0.4861443
vt 0.5045739 0.4985967
vt 0.5135397 0.4841519
vt 0.4253762 0.4771785
vt 0.4109314 0.4911253
vt 0.3656044 0.4672165
vt 0.343688 0.4766804
vt 0.7859997 0.4283648
vt 0.7665738 0.4283648
vt 0.7670719 0.4149162
vt 0.7496384 0.4174066
vt 0.3666006 0.5364522
vt 0.2824219 0.5115473
vt 0.2390873 0.4702051
vt 0.2709657 0.4627336
vt 0.2958706 0.4278667
vt 0.257517 0.4278667
vt 0.4776766 0.5484066
vt 0.5892507 0.5469123
vt 0.6799046 0.5344598
vt 0.7700605 0.510053
vt 0.8064217 0.4726956
vt 0.8293342 0.4373306
vt 0.9125167 0.4448021
vt 0.8975737 0.479669
vt 0.9782657 0.4378287
vt 0.9802581 0.3999732
vt 0.923973 0.4049542
vt 0.8248513 0.4189009
vt 0.8203685 0.4004713
vt 0.9339349 0.3581329
vt 0.9802581 0.3591291
vt 0.9528627 0.3217717
vt 0.9802581 0.3247603
vt 0.9683037 0.3058326
vt 0.9802581 0.3093193
vt 0.9707942 0.2918858
vt 0.9558513 0.2789352
vt 0.944395 0.2923839
vt 0.9802581 0.2963687
vt 0.9802581 0.2759466
vt 0.9717904 0.2769428
vt 0.9802581 0.2585132
vt 0.9688019 0.2585132
vt 0.9802581 0.2465588
vt 0.9603342 0.2445664
vt 0.9802581 0.2301216
vt 0.9414064 0.2326121
vt 0.9409083 0.2246425
vt 0.9802581 0.2231482
vt 0.9055433 0.2639923
vt 0.9055433 0.2445664
vt 0.8612126 0.2356007
vt 0.8343152 0.2580151
vt 0.7630871 0.2216539
vt 0.7396765 0.2460607
vt 0.8881099 0.2859086
vt 0.8158855 0.2814257
vt 0.7192544 0.2699695
vt 0.904049 0.2341064
vt 0.8711745 0.3083231
vt 0.6893685 0.3008516
vt 0.7949654 0.3546462
vt 0.6395586 0.262498
vt 0.6639655 0.2316159
vt 0.7327031 0.2141824
vt 0.7481441 0.2176691
vt 0.5588667 0.237095
vt 0.5399389 0.2938782
vt 0.6535054 0.3476728
vt 0.5324674 0.3377109
vt 0.6231214 0.3780569
vt 0.7003267 0.389015
vt 0.7441593 0.3710835
vt 0.7481441 0.4019656
vt 0.5309731 0.3745702
vt 0.4328477 0.3441862
vt 0.4413154 0.3795511
vt 0.4363344 0.3018478
vt 0.3905093 0.3526538
vt 0.3551443 0.358631
vt 0.3964865 0.389015
vt 0.3596272 0.3974827
vt 0.3192812 0.4159124
vt 0.2983611 0.3670987
vt 0.2749504 0.4069466
vt 0.2664828 0.3740721
vt 0.2251406 0.4268705
vt 0.3212736 0.4308553
vt 0.3372128 0.4213914
vt 0.3596272 0.4223876
vt 0.3830378 0.4064485
vt 0.3710835 0.4019656
vt 0.3466766 0.4353382
vt 0.202228 0.474688
vt 0.1628782 0.4766804
vt 0.2042204 0.5359541
vt 0.2341064 0.5723153
vt 0.1673611 0.5663381
vt 0.2261368 0.6320872
vt 0.3944941 0.6076803
vt 0.5633495 0.6141556
vt 0.4054523 0.6779122
vt 0.5972202 0.6644636
vt 0.7087944 0.6022012
vt 0.8198704 0.6589845
vt 0.6380643 0.7292164
vt 0.8308285 0.7232392
vt 0.9802581 0.7192544
vt 0.9802581 0.6554978
vt 0.863703 0.580783
vt 0.9802581 0.5797868
vt 0.8791441 0.5090568
vt 0.974779 0.4756842
vt 0.9732847 0.510053
vt 0.8477638 0.7999464
vt 0.9792619 0.7999464
vt 0.6833913 0.7954635
vt 0.5444218 0.8084141
vt 0.7327031 0.8457715
vt 0.9802581 0.8612126
vt 0.5658401 0.8851213
vt 0.7317069 0.9045471
vt 0.9802581 0.9160034
vt 0.3994751 0.8313266
vt 0.4552622 0.747646
vt 0.3098173 0.7770339
vt 0.2400835 0.7914787
vt 0.2505436 0.7102886
vt 0.186787 0.7162658
vt 0.161384 0.7162658
vt 0.1658668 0.6355739
vt 0.1265171 0.6385624
vt 0.1250228 0.5663381
vt 0.2067109 0.7919768
vt 0.3337261 0.8532429
vt 0.3531519 0.8861175
vt 0.529977 0.9150072
vt 0.5329655 0.9319425
vt 0.7332012 0.9513684
vt 0.7381822 0.9389159
vt 0.9802581 0.9568475
vt 0.9802581 0.9448931
vt 0.2096995 0.3730759
vt 0.3098173 0.2993573
vt 0.2943763 0.2435702
vt 0.3461785 0.2530341
vt 0.3556424 0.2908896
vt 0.3855283 0.2545284
vt 0.4109314 0.2037223
vt 0.4333458 0.2096995
vt 0.4881366 0.1658668
vt 0.5080606 0.1748326
vt 0.4826576 0.2236463
vt 0.5414332 0.1892775
vt 0.6201328 0.1309999
vt 0.6420491 0.1524182
vt 0.7381822 0.1230304
vt 0.7282202 0.1006159
vt 0.7874939 0.1120722
vt 0.783011 0.08567297
vt 0.5997108 0.1235285
vt 0.7092925 0.09214824
vt 0.782513 0.0732205
vt 0.4433078 0.1454448
vt 0.3611215 0.1912699
vt 0.5593647 0.101114
vt 0.6978362 0.1773231
vt 0.5927374 0.2087033
vt 0.6983343 0.2057147
vt 0.722243 0.202228
vt 0.7157677 0.1813079
vt 0.8248513 0.02739543
vt 0.8746612 0.09613304
vt 0.797954 0.1429543
vt 0.7645814 0.1544106
vt 0.8308285 0.1319961
vt 0.8751593 0.1280113
vt 0.8726688 0.1404638
vt 0.8278399 0.1459429
vt 0.9165015 0.1245247
vt 0.7456536 0.1987413
vt 0.7341974 0.1847946
vt 0.7650795 0.1628782
vt 0.7655776 0.1713459
vt 0.7710567 0.1897756
vt 0.7835091 0.1828022
vt 0.8094103 0.1783193
vt 0.7954635 0.1648706
vt 0.792973 0.1837984
vt 0.8138931 0.1808098
vt 0.7855015 0.1892775
vt 0.7874939 0.1957528
vt 0.7944673 0.1932623
vt 0.8109046 0.1922661
vt 0.8049274 0.1942585
vt 0.7850034 0.2052166
vt 0.7740453 0.2037223
vt 0.8258475 0.1927642
vt 0.8338171 0.1887794
vt 0.8676878 0.1847946
vt 0.8646992 0.1922661
vt 0.9055433 0.1912699
vt 0.90903 0.181806
vt 0.9438969 0.1907718
vt 0.9409083 0.2161748
vt 0.9802581 0.2166729
vt 0.9802581 0.1907718
vt 0.8985699 0.2151786
vt 0.9802581 0.1803117
vt 0.9458893 0.1803117
vt 0.9010604 0.2246425
vt 0.8467677 0.2131862
vt 0.7954635 0.207209
vt 0.7795243 0.2146805
vt 0.853741 0.2246425
vt 0.7650795 0.2111938
vt 0.9802581 0.1773231
vt 0.9473836 0.1778212
vt 0.9802581 0.1748326
vt 0.949376 0.1748326
vt 0.9150072 0.1763269
vt 0.9120186 0.1788174
vt 0.873665 0.1798136
vt 0.8706764 0.1823041
vt 0.8378019 0.186787
vt 0.8114027 0.1907718
vt 0.8417867 0.1842965
vt 0.8119007 0.1892775
vt 0.8009426 0.1907718
vt 0.7974559 0.191768
vt 0.7909806 0.1887794
vt 0.7989502 0.1847946
vt 0.8173798 0.1823041
vt 0.7959616 0.1882813
vt 0.8044293 0.1852927
vt 0.8198704 0.1833003
vt 0.8378019 0.1793155
vt 0.8402924 0.1813079
vt 0.8771517 0.1773231
vt 0.8781479 0.1748326
vt 0.8353114 0.1778212
vt 0.8791441 0.1723421
vt 0.8308285 0.1743345
vt 0.8816346 0.1658668
vt 0.8248513 0.1593916
vt 0.8701783 0.1529163
vt 0.9179958 0.1693535
vt 0.918992 0.1618821
vt 0.9588398 0.1673611
vt 0.9588398 0.1603878
vt 0.9105243 0.1469391
vt 0.954357 0.1449467
vt 0.9174977 0.171844
vt 0.9588398 0.1703497
vt 0.9802581 0.166863
vt 0.9802581 0.1593916
vt 0.9135129 0.1359809
vt 0.9548551 0.1329923
vt 0.9802581 0.1434524
vt 0.9802581 0.131498
vt 0.7969578 0.1539125
vt 0.9558513 0.121038
vt 0.9802581 0.1185475
vt 0.9802581 0.08617106
vt 0.954357 0.08766536
vt 0.9563494 0.04482888
vt 0.9802581 0.04233838
vt 0.9802581 0.03287451
vt 0.9588398 0.0348669
vt 0.9802581 0.009961973
vt 0.8821326 0.05827754
vt 0.8851213 0.04781747
vt 0.529977 0.3830378
vt 0.4477907 0.3860264
vt 0.4502812 0.389015
vt 0.530475 0.3800493
vt 0.6166461 0.3860264
vt 0.6191366 0.3830378
vt 0.6838894 0.3959884
vt 0.6898666 0.3934979
vt 0.732205 0.4069466
vt 0.7097905 0.4114295
vt 0.4059504 0.3944941
vt 0.41392 0.398977
vt 0.7257297 0.4203953
vt 0.7416689 0.429361
vt 0.7336993 0.4507793
vt 0.7043114 0.4627336
vt 0.6490225 0.4741899
vt 0.5962241 0.4776766
vt 0.524996 0.4766804
vt 0.4467945 0.4716994
vt 0.3920036 0.4637298
vt 0.3352204 0.4477907
vt 0.2888972 0.4582507
vt 0.858722 0.3546462
vt 0.9802581 0.1728402
vt 0.9588398 0.1733383
vt 0.9802581 0.1698516
vt 0.9174977 0.1748326
vt 0.5494028 0.2560227
vt 0.4428097 0.2555246
vt 0.3576348 0.3167907
vt 0.4502812 0.389015
vt 0.529977 0.3830378
vt 0.529977 0.3830378
vt 0.4502812 0.389015
vt 0.529977 0.3830378
vt 0.6166461 0.3860264
vt 0.6166461 0.3860264
vt 0.529977 0.3830378
vt 0.6166461 0.3860264
vt 0.6838894 0.3959884
vt 0.6838894 0.3959884
vt 0.6166461 0.3860264
vt 0.7336993 0.4507793
vt 0.7043114 0.4627336
vt 0.7043114 0.4627336
vt 0.7336993 0.4507793
vt 0.6490225 0.4741899
vt 0.7043114 0.4627336
vt 0.6490225 0.4741899
vt 0.7043114 0.4627336
vt 0.5962241 0.4776766
vt 0.6490225 0.4741899
vt 0.5962241 0.4776766
vt 0.6490225 0.4741899
vt 0.524996 0.4766804
vt 0.5962241 0.4776766
vt 0.524996 0.4766804
vt 0.5962241 0.4776766
vt 0.4467945 0.4716994
vt 0.4467945 0.4716994
vt 0.3920036 0.4637298
vt 0.3920036 0.4637298
vt 0.3352204 0.4477907
vt 0.3920036 0.4637298
vt 0.3352204 0.4477907
vt 0.3920036 0.4637298
vt 0.3352204 0.4477907
vt 0.3466766 0.4353382
vt 0.3466766 0.4353382
vt 0.3352204 0.4477907
vt 0.3596272 0.4223876
vt 0.3596272 0.4223876
vt 0.7416689 0.429361
vt 0.7336993 0.4507793
vt 0.7336993 0.4507793
vt 0.7416689 0.429361
vt 0.7257297 0.4203953
vt 0.7097905 0.4114295
vt 0.7257297 0.4203953
vt 0.7097905 0.4114295
vt 0.3596272 0.4223876
vt 0.3830378 0.4064485
vt 0.3830378 0.4064485
vt 0.3596272 0.4223876
vt 0.41392 0.398977
vt 0.4502812 0.389015
vt 0.4502812 0.389015
vt 0.41392 0.398977
vt 0.6838894 0.3959884
vt 0.7097905 0.4114295
vt 0.7097905 0.4114295
vt 0.6838894 0.3959884
vt 0.5339617 0.4358363
vt 0.5180226 0.4348401
vt 0.5364522 0.4253762
vt 0.5080606 0.4338439
vt 0.5005891 0.4318515
vt 0.4936157 0.4258743
vt 0.4921215 0.4233838
vt 0.4956081 0.4288629
vt 0.5444218 0.4348401
vt 0.5339617 0.4358363
vt 0.5364522 0.4253762
vt 0.5494028 0.4328477
vt 0.5444218 0.4348401
vt 0.5364522 0.4253762
vt 0.5518933 0.4273686
vt 0.5513952 0.429361
vt 0.5494028 0.4328477
vt 0.5364522 0.4253762
vt 0.550399 0.4203953
vt 0.5513952 0.4228857
vt 0.5364522 0.4253762
vt 0.5518933 0.4253762
vt 0.5518933 0.4273686
vt 0.5364522 0.4253762
vt 0.5479085 0.4189009
vt 0.550399 0.4203953
vt 0.5364522 0.4253762
vt 0.5434256 0.4189009
vt 0.5479085 0.4189009
vt 0.5364522 0.4253762
vt 0.5339617 0.4193991
vt 0.5364522 0.4253762
vt 0.5195169 0.4203953
vt 0.5339617 0.4193991
vt 0.5364522 0.4253762
vt 0.5060682 0.4213914
vt 0.5364522 0.4253762
vt 0.4921215 0.4233838
vt 0.5060682 0.4213914
vt 0.5364522 0.4253762
vt 0.5005891 0.4318515
vt 0.4956081 0.4288629
vt 0.5364522 0.4253762
vt 0.5190188 0.4348401
vt 0.5339617 0.4358363
vt 0.529977 0.4363344
vt 0.5339617 0.4358363
vt 0.5190188 0.4348401
vt 0.5180226 0.4348401
vt 0.529977 0.4363344
vt 0.5444218 0.4348401
vt 0.5384446 0.4353382
vt 0.5444218 0.4348401
vt 0.529977 0.4363344
vt 0.5339617 0.4358363
vt 0.5384446 0.4353382
vt 0.5494028 0.4328477
vt 0.5434256 0.4333458
vt 0.5444218 0.4348401
vt 0.5513952 0.4228857
vt 0.5444218 0.4208933
vt 0.5459161 0.4233838
vt 0.550399 0.4203953
vt 0.550399 0.4203953
vt 0.5414332 0.4198971
vt 0.5444218 0.4208933
vt 0.5414332 0.4198971
vt 0.550399 0.4203953
vt 0.5479085 0.4189009
vt 0.5479085 0.4189009
vt 0.5359541 0.4193991
vt 0.5414332 0.4198971
vt 0.5434256 0.4189009
vt 0.5434256 0.4189009
vt 0.5284826 0.4198971
vt 0.5359541 0.4193991
vt 0.5284826 0.4198971
vt 0.5434256 0.4189009
vt 0.5339617 0.4193991
vt 0.5339617 0.4193991
vt 0.5190188 0.4203953
vt 0.5284826 0.4198971
vt 0.5190188 0.4203953
vt 0.5339617 0.4193991
vt 0.5195169 0.4203953
vt 0.5105511 0.4208933
vt 0.5105511 0.4208933
vt 0.5195169 0.4203953
vt 0.5060682 0.4213914
vt 0.5060682 0.4213914
vt 0.5010872 0.4223876
vt 0.5105511 0.4208933
vt 0.5010872 0.4223876
vt 0.5060682 0.4213914
vt 0.4921215 0.4233838
vt 0.5010872 0.4223876
vt 0.4936157 0.4258743
vt 0.5020834 0.4248781
vt 0.4921215 0.4233838
vt 0.4956081 0.4288629
vt 0.5040758 0.4278667
vt 0.5464142 0.4258743
vt 0.5513952 0.4228857
vt 0.5459161 0.4233838
vt 0.5518933 0.4253762
vt 0.5518933 0.4273686
vt 0.5459161 0.4298591
vt 0.5513952 0.429361
vt 0.5464142 0.4278667
vt 0.5040758 0.4278667
vt 0.5005891 0.4318515
vt 0.5080606 0.4313534
vt 0.4956081 0.4288629
vt 0.5080606 0.4313534
vt 0.5080606 0.4338439
vt 0.5130416 0.4333458
vt 0.5005891 0.4318515
vt 0.5434256 0.4333458
vt 0.5513952 0.429361
vt 0.5459161 0.4298591
vt 0.5494028 0.4328477
vt 0.3830378 0.4064485
vt 0.41392 0.398977
vt 0.41392 0.398977
vt 0.3830378 0.4064485
vt 0.5180226 0.4348401
vt 0.5130416 0.4333458
vt 0.5080606 0.4338439
vt 0.5130416 0.4333458
vt 0.5180226 0.4348401
vt 0.5190188 0.4348401
vt 0.7257297 0.4203953
vt 0.7416689 0.429361
vt 0.7416689 0.429361
vt 0.7257297 0.4203953
vt 0.5518933 0.4253762
vt 0.5464142 0.4278667
vt 0.5518933 0.4273686
vt 0.5464142 0.4258743
vt 0.7506346 0.2082052
vt 0.1449467 0.9812543
vt 0.196749 0.9448931
vt 0.1449467 0.9473836
vt 0.196749 0.9812543
vt 0.2555246 0.9448931
vt 0.2555246 0.9812543
vt 0.3177869 0.9458893
vt 0.3177869 0.9812543
vt 0.3780569 0.9478817
vt 0.3780569 0.9812543
vt 0.4328477 0.9812543
vt 0.4328477 0.9508703
vt 0.48465 0.9568475
vt 0.48465 0.9812543
vt 0.1050988 0.9812543
vt 0.1050988 0.9538589
vt 0.0717262 0.9812543
vt 0.0717262 0.9618285
vt 0.04233838 0.9812543
vt 0.04233838 0.9712923
vt 0.01344866 0.9812543
vt 0.5339617 0.9678056
vt 0.5339617 0.9812543
vt 0.5832735 0.9812543
vt 0.6898666 0.4308553
vt 0.6823951 0.4203953
vt 0.6779122 0.4208933
vt 0.6823951 0.4203953
vt 0.6779122 0.4208933
vt 0.6689464 0.4233838
vt 0.6689464 0.4233838
vt 0.666456 0.4273686
vt 0.666456 0.4273686
vt 0.666954 0.4333458
vt 0.666954 0.4333458
vt 0.6709388 0.4388249
vt 0.6709388 0.4388249
vt 0.6784104 0.4413154
vt 0.6784104 0.4413154
vt 0.6848856 0.4428097
vt 0.6848856 0.4428097
vt 0.6883723 0.4433078
vt 0.6883723 0.4433078
vt 0.505072 0.04084409
vt 0.5055701 0.04084409
vt 0.505072 0.04084409
vt 0.5055701 0.04084409
vt 0.505072 0.04084409
vt 0.5055701 0.04084409
vt 0.5060682 0.04034599
vt 0.5080606 0.03984789
vt 0.5060682 0.04034599
vt 0.5110492 0.03984789
vt 0.5155321 0.03934979
vt 0.5110492 0.03984789
vt 0.5155321 0.03934979
vt 0.5205131 0.03885169
vt 0.5080606 0.03984789
vt 0.5080606 0.03984789
vt 0.5259922 0.03885169
vt 0.5289807 0.03885169
vt 0.5259922 0.03885169
vt 0.515034 0.03934979
vt 0.5205131 0.03885169
vt 0.515034 0.03934979
vt 0.5205131 0.03885169
vt 0.524996 0.03885169
vt 0.524996 0.03885169
vt 0.5205131 0.03885169
vt 0.515034 0.03934979
vt 0.5205131 0.03885169
vt 0.5110492 0.04034599
vt 0.515034 0.03934979
vt 0.5110492 0.04034599
vt 0.5070644 0.04084409
vt 0.5070644 0.04084409
vt 0.5055701 0.04084409
vt 0.5055701 0.04084409
vt 0.515034 0.03934979
vt 0.5110492 0.04034599
vt 0.515034 0.03934979
vt 0.5070644 0.04084409
vt 0.5055701 0.04084409
vt 0.5070644 0.04084409
vt 0.5060682 0.04034599
vt 0.505072 0.04084409
vt 0.5060682 0.04034599
vt 0.505072 0.04084409
vt 0.5060682 0.04034599
vt 0.505072 0.04084409
vt 0.5205131 0.03885169
vt 0.5259922 0.03885169
vt 0.5205131 0.03885169
vt 0.5110492 0.04034599
vt 0.5070644 0.04084409
vt 0.5110492 0.04034599
vt 0.5055701 0.04084409
vt 0.5055701 0.04084409
vt 0.505072 0.04084409
vt 0.2480531 0.1539125
vt 0.2360988 0.1643725
vt 0.2286273 0.1588935
vt 0.2291254 0.1648706
vt 0.2161748 0.1494296
vt 0.2156767 0.1648706
vt 0.2301216 0.171844
vt 0.2390873 0.171844
vt 0.2311178 0.1803117
vt 0.2400835 0.1803117
vt 0.2629961 0.1688554
vt 0.2306197 0.1927642
vt 0.2385892 0.1942585
vt 0.2286273 0.2007338
vt 0.2331102 0.202228
vt 0.2560227 0.1972471
vt 0.2241444 0.2176691
vt 0.2141824 0.2141824
vt 0.2146805 0.1987413
vt 0.2246425 0.2311178
vt 0.2490493 0.2256387
vt 0.2116919 0.237593
vt 0.2146805 0.1912699
vt 0.2151786 0.1803117
vt 0.2156767 0.171844
vt 0.242574 0.146441
vt 0.257517 0.1399657
vt 0.2480531 0.1539125
vt 0.2286273 0.1588935
vt 0.2360988 0.1643725
vt 0.2291254 0.1648706
vt 0.2161748 0.1494296
vt 0.2156767 0.1648706
vt 0.2301216 0.171844
vt 0.2390873 0.171844
vt 0.2311178 0.1803117
vt 0.2400835 0.1803117
vt 0.2629961 0.1688554
vt 0.2306197 0.1927642
vt 0.2385892 0.1942585
vt 0.2286273 0.2007338
vt 0.2331102 0.202228
vt 0.2560227 0.1972471
vt 0.2241444 0.2176691
vt 0.2141824 0.2141824
vt 0.2146805 0.1987413
vt 0.2246425 0.2311178
vt 0.2490493 0.2256387
vt 0.2116919 0.237593
vt 0.2146805 0.1912699
vt 0.2151786 0.1803117
vt 0.2156767 0.171844
vt 0.242574 0.146441
vt 0.257517 0.1399657
vt 0.4801671 0.429361
vt 0.4801671 0.429361
vt 0.4806652 0.429361
vt 0.479669 0.429361
vt 0.4791709 0.4298591
vt 0.4791709 0.4298591
vt 0.4776766 0.4298591
vt 0.4806652 0.429361
vt 0.4806652 0.429361
vt 0.4811633 0.429361
vt 0.4801671 0.429361
vt 0.4811633 0.429361
vt 0.4811633 0.4288629
vt 0.4776766 0.4298591
vt 0.4791709 0.4298591
vt 0.4776766 0.4298591
vt 0.4811633 0.4288629
vt 0.4811633 0.4288629
vt 0.4816614 0.4288629
vt 0.4811633 0.429361
vt 0.4816614 0.4288629
vt 0.4811633 0.4288629
vt 0.4811633 0.4288629
vt 0.4816614 0.4288629
vt 0.4801671 0.429361
vt 0.4801671 0.429361
vt 0.4806652 0.429361
vt 0.479669 0.429361
vt 0.4791709 0.4298591
vt 0.4791709 0.4298591
vt 0.4776766 0.4298591
vt 0.4806652 0.429361
vt 0.4806652 0.429361
vt 0.4811633 0.429361
vt 0.4801671 0.429361
vt 0.4811633 0.429361
vt 0.4811633 0.4288629
vt 0.4791709 0.4298591
vt 0.4776766 0.4298591
vt 0.4776766 0.4298591
vt 0.4811633 0.4288629
vt 0.4811633 0.4288629
vt 0.4816614 0.4288629
vt 0.4811633 0.429361
vt 0.4811633 0.4288629
vt 0.4816614 0.4288629
vt 0.4811633 0.4288629
vt 0.4816614 0.4288629
vt 0.4522735 0.04632317
vt 0.4522735 0.04582508
vt 0.4522735 0.04632317
vt 0.4522735 0.04582508
vt 0.4522735 0.04632317
vt 0.4522735 0.04632317
vt 0.4517755 0.04632317
vt 0.4522735 0.04632317
vt 0.4522735 0.04632317
vt 0.4522735 0.04632317
vt 0.4517755 0.04632317
vt 0.4512773 0.04632317
vt 0.4507793 0.04682127
vt 0.4512773 0.04632317
vt 0.4517755 0.04632317
vt 0.4512773 0.04632317
vt 0.4507793 0.04682127
vt 0.4502812 0.04682127
vt 0.4502812 0.04731937
vt 0.4512773 0.04682127
vt 0.4517755 0.04682127
vt 0.4512773 0.04682127
vt 0.4502812 0.04731937
vt 0.4502812 0.04731937
vt 0.4502812 0.04731937
vt 0.4512773 0.04682127
vt 0.4512773 0.04682127
vt 0.4502812 0.04731937
vt 0.4502812 0.04731937
vt 0.4497831 0.04731937
vt 0.4497831 0.04731937
vt 0.4487869 0.04731937
vt 0.4517755 0.04682127
vt 0.4502812 0.04682127
vt 0.4502812 0.04731937
vt 0.4502812 0.04682127
vt 0.4517755 0.04682127
vt 0.4517755 0.04682127
vt 0.449285 0.04632317
vt 0.4482888 0.04632317
vt 0.449285 0.04632317
vt 0.4482888 0.04682127
vt 0.449285 0.04632317
vt 0.4482888 0.04682127
vt 0.4482888 0.04682127
vt 0.4472926 0.04682127
vt 0.4482888 0.04682127
vt 0.449285 0.04632317
vt 0.449285 0.04632317
vt 0.4482888 0.04682127
vt 0.449285 0.04632317
vt 0.4497831 0.04632317
vt 0.449285 0.04632317
vt 0.4502812 0.04632317
vt 0.4512773 0.04632317
vt 0.4497831 0.04632317
vt 0.4497831 0.04632317
vt 0.449285 0.04682127
vt 0.4497831 0.04632317
vt 0.449285 0.04682127
vt 0.4482888 0.04682127
vt 0.4487869 0.04682127
vt 0.449285 0.04632317
vt 0.4482888 0.04682127
vt 0.4482888 0.04682127
vt 0.4477907 0.04682127
vt 0.4487869 0.04682127
vt 0.4497831 0.04682127
vt 0.4502812 0.04682127
vt 0.4507793 0.04682127
vt 0.4497831 0.04682127
vt 0.4502812 0.04682127
vt 0.4497831 0.04682127
vt 0.4507793 0.04682127
vt 0.4512773 0.04682127
vt 0.4512773 0.04682127
vt 0.4517755 0.04632317
vt 0.449285 0.04632317
vt 0.4512773 0.04632317
vt 0.449285 0.04632317
vt 0.4517755 0.04582508
vt 0.4517755 0.04582508
vt 0.4522735 0.04632317
vt 0.4512773 0.04632317
vt 0.4522735 0.04582508
vt 0.4512773 0.04632317
vt 0.4512773 0.04632317
vt 0.4522735 0.04632317
vt 0.4502812 0.04632317
vt 0.4517755 0.04582508
vt 0.449285 0.04632317
vt 0.4517755 0.04582508
vt 0.449285 0.04632317
vt 0.4517755 0.04582508
vt 0.449285 0.04632317
vt 0.4522735 0.04582508
vt 0.4517755 0.04582508
vt 0.4522735 0.04582508
vt 0.4517755 0.04582508
vt 0.4522735 0.04582508
vt 0.4517755 0.04582508
vt 0.4497831 0.04682127
vt 0.4497831 0.04632317
vt 0.4502812 0.04682127
vt 0.4497831 0.04632317
vt 0.4497831 0.04682127
vt 0.449285 0.04682127
vt 0.4502812 0.04682127
vt 0.4502812 0.04632317
vt 0.4512773 0.04632317
vt 0.4502812 0.04632317
vt 0.4502812 0.04682127
vt 0.4497831 0.04632317
vt 0.4522735 0.04632317
vt 0.4517755 0.04682127
vt 0.4517755 0.04682127
vt 0.4522735 0.04632317
vt 0.4522735 0.04632317
vt 0.4517755 0.04682127
vt 0.4522735 0.04632317
vt 0.4522735 0.04632317
vt 0.4522735 0.04632317
vt 0.4517755 0.04682127
vt 0.4517755 0.04682127
vt 0.4517755 0.04632317
vt 0.4522735 0.04632317
vt 0.4512773 0.04682127
vt 0.4522735 0.04632317
vt 0.4522735 0.04632317
vt 0.4517755 0.04632317
vt 0.4522735 0.04632317
vt 0.4522735 0.04632317
vt 0.4522735 0.04632317
vt 0.4497831 0.04682127
vt 0.4497831 0.04731937
vt 0.4497831 0.04682127
vt 0.4497831 0.04731937
vt 0.4497831 0.04682127
vt 0.4502812 0.04682127
vt 0.4497831 0.04731937
vt 0.4502812 0.04731937
vt 0.4497831 0.04731937
vt 0.449285 0.04731937
vt 0.4502812 0.04731937
vt 0.4497831 0.04731937
vt 0.4502812 0.04682127
vt 0.4512773 0.04682127
vt 0.4497831 0.04682127
vt 0.4497831 0.04682127
vt 0.449285 0.04682127
vt 0.4497831 0.04682127
vt 0.4497831 0.04682127
vt 0.4497831 0.04682127
vt 0.449285 0.04682127
vt 0.449285 0.04682127
vt 0.4487869 0.04682127
vt 0.4497831 0.04682127
vt 0.4502812 0.04731937
vt 0.449285 0.04731937
vt 0.4497831 0.04731937
vt 0.4487869 0.04781747
vt 0.449285 0.04731937
vt 0.4502812 0.04731937
vt 0.4502812 0.04731937
vt 0.4482888 0.04682127
vt 0.4477907 0.04682127
vt 0.4472926 0.04682127
vt 0.4467945 0.04682127
vt 0.4467945 0.04731937
vt 0.4482888 0.04682127
vt 0.4482888 0.04682127
vt 0.4467945 0.04682127
vt 0.4457983 0.04682127
vt 0.4467945 0.04682127
vt 0.4472926 0.04682127
vt 0.4482888 0.04682127
vt 0.4472926 0.04682127
vt 0.4472926 0.04682127
vt 0.4467945 0.04682127
vt 0.4482888 0.04682127
vt 0.4472926 0.04682127
vt 0.4482888 0.04632317
vt 0.4472926 0.04682127
vt 0.4472926 0.04781747
vt 0.4487869 0.04682127
vt 0.449285 0.04731937
vt 0.4472926 0.04731937
vt 0.449285 0.04682127
vt 0.449285 0.04731937
vt 0.4487869 0.04682127
vt 0.449285 0.04731937
vt 0.449285 0.04682127
vt 0.4497831 0.04682127
vt 0.4497831 0.04682127
vt 0.449285 0.04731937
vt 0.449285 0.04731937
vt 0.449285 0.04731937
vt 0.4497831 0.04682127
vt 0.4497831 0.04731937
vt 0.449285 0.04731937
vt 0.4472926 0.04781747
vt 0.449285 0.04731937
vt 0.4472926 0.04781747
vt 0.449285 0.04731937
vt 0.4467945 0.04781747
vt 0.4487869 0.04682127
vt 0.4487869 0.04682127
vt 0.4482888 0.04682127
vt 0.4487869 0.04682127
vt 0.4487869 0.04682127
vt 0.449285 0.04682127
vt 0.449285 0.04731937
vt 0.4497831 0.04731937
vt 0.4487869 0.04731937
vt 0.4487869 0.04731937
vt 0.4467945 0.04781747
vt 0.449285 0.04731937
vt 0.4467945 0.04781747
vt 0.4487869 0.04731937
vt 0.4467945 0.04781747
vt 0.4487869 0.04731937
vt 0.4497831 0.04731937
vt 0.4487869 0.04781747
vt 0.4487869 0.04781747
vt 0.4467945 0.04781747
vt 0.4487869 0.04731937
vt 0.4462964 0.04831557
vt 0.4487869 0.04781747
vt 0.449285 0.04731937
vt 0.4482888 0.04781747
vt 0.4462964 0.04831557
vt 0.4487869 0.04731937
vt 0.4462964 0.04831557
vt 0.4482888 0.04781747
vt 0.4462964 0.04831557
vt 0.4467945 0.04682127
vt 0.4457983 0.04682127
vt 0.4457983 0.04682127
vt 0.4482888 0.04781747
vt 0.4462964 0.04831557
vt 0.4462964 0.04831557
vt 0.4462964 0.04831557
vt 0.4482888 0.04781747
vt 0.4487869 0.04731937
vt 0.4467945 0.04682127
vt 0.4457983 0.04682127
vt 0.4467945 0.04682127
vt 0.4457983 0.04682127
vt 0.4472926 0.04682127
vt 0.4467945 0.04682127
vt 0.4472926 0.04682127
vt 0.4467945 0.04682127
vt 0.4467945 0.04682127
vt 0.4467945 0.04731937
vt 0.4457983 0.04682127
vt 0.4482888 0.04682127
vt 0.4472926 0.04731937
vt 0.4467945 0.04731937
vt 0.4472926 0.04731937
vt 0.4482888 0.04682127
vt 0.4487869 0.04682127
vt 0.4482888 0.04682127
vt 0.4477907 0.04682127
vt 0.4487869 0.04682127
vt 0.4512773 0.04682127
vt 0.4517755 0.04632317
vt 0.4512773 0.04682127
vt 0.4517755 0.04632317
vt 0.4512773 0.04682127
vt 0.4517755 0.04632317
vt 0.4522735 0.04632317
vt 0.4522735 0.04632317
vt 0.4522735 0.04582508
vt 0.4527717 0.04582508
vt 0.4522735 0.04582508
vt 0.4522735 0.04632317
vt 0.4522735 0.04582508
vt 0.4522735 0.04632317
vt 0.4522735 0.04632317
vt 0.4527717 0.04582508
vt 0.4522735 0.04632317
vt 0.4522735 0.04632317
vt 0.4522735 0.04632317
vt 0.4497831 0.04731937
vt 0.4502812 0.04731937
vt 0.4502812 0.04682127
vt 0.4502812 0.04731937
vt 0.4497831 0.04731937
vt 0.449285 0.04731937
vt 0.4487869 0.04731937
vt 0.4522735 0.04632317
vt 0.4522735 0.04582508
vt 0.4522735 0.04632317
vt 0.4522735 0.04582508
vt 0.4522735 0.04632317
vt 0.4522735 0.04632317
vt 0.4517755 0.04632317
vt 0.4522735 0.04632317
vt 0.4512773 0.04632317
vt 0.4522735 0.04632317
vt 0.4517755 0.04632317
vt 0.4522735 0.04632317
vt 0.4507793 0.04682127
vt 0.4512773 0.04632317
vt 0.4502812 0.04682127
vt 0.4512773 0.04632317
vt 0.4507793 0.04682127
vt 0.4517755 0.04632317
vt 0.4502812 0.04731937
vt 0.4512773 0.04682127
vt 0.4502812 0.04731937
vt 0.4512773 0.04682127
vt 0.4502812 0.04731937
vt 0.4517755 0.04682127
vt 0.4502812 0.04731937
vt 0.4512773 0.04682127
vt 0.4502812 0.04731937
vt 0.4512773 0.04682127
vt 0.4497831 0.04731937
vt 0.4502812 0.04731937
vt 0.4497831 0.04731937
vt 0.4487869 0.04731937
vt 0.4517755 0.04682127
vt 0.4502812 0.04682127
vt 0.4517755 0.04682127
vt 0.4502812 0.04682127
vt 0.4517755 0.04682127
vt 0.4502812 0.04731937
vt 0.449285 0.04632317
vt 0.4482888 0.04632317
vt 0.4482888 0.04682127
vt 0.449285 0.04632317
vt 0.4482888 0.04682127
vt 0.449285 0.04632317
vt 0.4482888 0.04682127
vt 0.4472926 0.04682127
vt 0.449285 0.04632317
vt 0.4482888 0.04682127
vt 0.449285 0.04632317
vt 0.4482888 0.04682127
vt 0.449285 0.04632317
vt 0.4482888 0.04682127
vt 0.4477907 0.04682127
vt 0.4487869 0.04682127
vt 0.449285 0.04632317
vt 0.4482888 0.04682127
vt 0.4497831 0.04632317
vt 0.4502812 0.04632317
vt 0.449285 0.04632317
vt 0.4512773 0.04632317
vt 0.449285 0.04682127
vt 0.4497831 0.04632317
vt 0.4482888 0.04682127
vt 0.4487869 0.04682127
vt 0.4497831 0.04632317
vt 0.449285 0.04682127
vt 0.4497831 0.04632317
vt 0.4502812 0.04632317
vt 0.4497831 0.04682127
vt 0.4502812 0.04682127
vt 0.4497831 0.04682127
vt 0.4507793 0.04682127
vt 0.4502812 0.04682127
vt 0.4507793 0.04682127
vt 0.4497831 0.04682127
vt 0.4512773 0.04682127
vt 0.4512773 0.04682127
vt 0.4517755 0.04632317
vt 0.449285 0.04632317
vt 0.4512773 0.04632317
vt 0.4517755 0.04582508
vt 0.449285 0.04632317
vt 0.4517755 0.04582508
vt 0.4522735 0.04632317
vt 0.4522735 0.04582508
vt 0.4512773 0.04632317
vt 0.4512773 0.04632317
vt 0.4512773 0.04632317
vt 0.4502812 0.04632317
vt 0.4522735 0.04632317
vt 0.4517755 0.04582508
vt 0.449285 0.04632317
vt 0.449285 0.04632317
vt 0.449285 0.04632317
vt 0.4517755 0.04582508
vt 0.4517755 0.04582508
vt 0.4522735 0.04582508
vt 0.4517755 0.04582508
vt 0.4517755 0.04582508
vt 0.4517755 0.04582508
vt 0.4522735 0.04582508
vt 0.4522735 0.04582508
vt 0.4497831 0.04682127
vt 0.4497831 0.04632317
vt 0.449285 0.04682127
vt 0.4497831 0.04632317
vt 0.4497831 0.04682127
vt 0.4502812 0.04682127
vt 0.4502812 0.04682127
vt 0.4502812 0.04632317
vt 0.4497831 0.04632317
vt 0.4502812 0.04632317
vt 0.4502812 0.04682127
vt 0.4512773 0.04632317
vt 0.4517755 0.04682127
vt 0.4517755 0.04632317
vt 0.4512773 0.04682127
vt 0.4522735 0.04632317
vt 0.4522735 0.04632317
vt 0.4522735 0.04632317
vt 0.4522735 0.04632317
vt 0.4522735 0.04632317
vt 0.4522735 0.04632317
vt 0.4517755 0.04632317
vt 0.4497831 0.04682127
vt 0.4497831 0.04731937
vt 0.4502812 0.04682127
vt 0.4497831 0.04731937
vt 0.4497831 0.04682127
vt 0.4497831 0.04682127
vt 0.4502812 0.04731937
vt 0.4497831 0.04731937
vt 0.4497831 0.04731937
vt 0.449285 0.04731937
vt 0.4497831 0.04731937
vt 0.4502812 0.04731937
vt 0.4502812 0.04682127
vt 0.4512773 0.04682127
vt 0.4497831 0.04682127
vt 0.4497831 0.04682127
vt 0.4497831 0.04682127
vt 0.4497831 0.04682127
vt 0.4497831 0.04682127
vt 0.449285 0.04682127
vt 0.449285 0.04682127
vt 0.449285 0.04682127
vt 0.4497831 0.04682127
vt 0.4487869 0.04682127
vt 0.4502812 0.04731937
vt 0.449285 0.04731937
vt 0.4502812 0.04731937
vt 0.449285 0.04731937
vt 0.4502812 0.04731937
vt 0.4497831 0.04731937
vt 0.4487869 0.04781747
vt 0.4477907 0.04682127
vt 0.4482888 0.04682127
vt 0.4472926 0.04682127
vt 0.4467945 0.04682127
vt 0.4467945 0.04731937
vt 0.4482888 0.04682127
vt 0.4482888 0.04682127
vt 0.4467945 0.04682127
vt 0.4467945 0.04682127
vt 0.4457983 0.04682127
vt 0.4472926 0.04682127
vt 0.4472926 0.04682127
vt 0.4482888 0.04682127
vt 0.4472926 0.04682127
vt 0.4467945 0.04682127
vt 0.4482888 0.04682127
vt 0.4472926 0.04682127
vt 0.4472926 0.04682127
vt 0.4482888 0.04632317
vt 0.4487869 0.04682127
vt 0.4472926 0.04781747
vt 0.449285 0.04731937
vt 0.4472926 0.04731937
vt 0.449285 0.04682127
vt 0.449285 0.04731937
vt 0.4497831 0.04682127
vt 0.449285 0.04731937
vt 0.449285 0.04682127
vt 0.4487869 0.04682127
vt 0.4497831 0.04682127
vt 0.449285 0.04731937
vt 0.4497831 0.04731937
vt 0.449285 0.04731937
vt 0.4497831 0.04682127
vt 0.449285 0.04731937
vt 0.449285 0.04731937
vt 0.4472926 0.04781747
vt 0.4467945 0.04781747
vt 0.4472926 0.04781747
vt 0.449285 0.04731937
vt 0.449285 0.04731937
vt 0.4487869 0.04682127
vt 0.4487869 0.04682127
vt 0.449285 0.04682127
vt 0.4487869 0.04682127
vt 0.4487869 0.04682127
vt 0.4482888 0.04682127
vt 0.4497831 0.04731937
vt 0.449285 0.04731937
vt 0.4487869 0.04731937
vt 0.4487869 0.04731937
vt 0.4467945 0.04781747
vt 0.4467945 0.04781747
vt 0.4467945 0.04781747
vt 0.4487869 0.04731937
vt 0.449285 0.04731937
vt 0.4497831 0.04731937
vt 0.4487869 0.04731937
vt 0.4487869 0.04781747
vt 0.4487869 0.04781747
vt 0.4467945 0.04781747
vt 0.4462964 0.04831557
vt 0.4487869 0.04731937
vt 0.449285 0.04731937
vt 0.4487869 0.04781747
vt 0.4482888 0.04781747
vt 0.4462964 0.04831557
vt 0.4487869 0.04731937
vt 0.4482888 0.04781747
vt 0.4462964 0.04831557
vt 0.4462964 0.04831557
vt 0.4457983 0.04682127
vt 0.4467945 0.04682127
vt 0.4457983 0.04682127
vt 0.4482888 0.04781747
vt 0.4462964 0.04831557
vt 0.4487869 0.04731937
vt 0.4462964 0.04831557
vt 0.4482888 0.04781747
vt 0.4462964 0.04831557
vt 0.4467945 0.04682127
vt 0.4457983 0.04682127
vt 0.4457983 0.04682127
vt 0.4467945 0.04682127
vt 0.4472926 0.04682127
vt 0.4467945 0.04682127
vt 0.4467945 0.04682127
vt 0.4472926 0.04682127
vt 0.4467945 0.04731937
vt 0.4467945 0.04682127
vt 0.4457983 0.04682127
vt 0.4482888 0.04682127
vt 0.4472926 0.04731937
vt 0.4487869 0.04682127
vt 0.4472926 0.04731937
vt 0.4482888 0.04682127
vt 0.4467945 0.04731937
vt 0.4482888 0.04682127
vt 0.4487869 0.04682127
vt 0.4477907 0.04682127
vt 0.4512773 0.04682127
vt 0.4512773 0.04682127
vt 0.4517755 0.04632317
vt 0.4517755 0.04632317
vt 0.4517755 0.04632317
vt 0.4512773 0.04682127
vt 0.4522735 0.04632317
vt 0.4522735 0.04632317
vt 0.4522735 0.04582508
vt 0.4522735 0.04582508
vt 0.4522735 0.04582508
vt 0.4522735 0.04632317
vt 0.4527717 0.04582508
vt 0.4522735 0.04632317
vt 0.4522735 0.04632317
vt 0.4522735 0.04632317
vt 0.4522735 0.04632317
vt 0.4522735 0.04632317
vt 0.4527717 0.04582508
vt 0.4497831 0.04731937
vt 0.4502812 0.04731937
vt 0.449285 0.04731937
vt 0.4487869 0.04731937
vt 0.4502812 0.04731937
vt 0.4497831 0.04731937
vt 0.4502812 0.04682127
vt 0.4806652 0.429361
vt 0.4806652 0.4283648
vt 0.4811633 0.429361
vt 0.4801671 0.4283648
vt 0.4811633 0.429361
vt 0.4811633 0.4283648
vt 0.4811633 0.4288629
vt 0.4806652 0.4283648
vt 0.4801671 0.429361
vt 0.4801671 0.4283648
vt 0.4806652 0.429361
vt 0.479669 0.4288629
vt 0.4811633 0.4288629
vt 0.4811633 0.4283648
vt 0.4816614 0.4288629
vt 0.4811633 0.4283648
vt 0.4791709 0.4298591
vt 0.479669 0.4288629
vt 0.4801671 0.429361
vt 0.4791709 0.4288629
vt 0.4816614 0.4288629
vt 0.4811633 0.4283648
vt 0.4816614 0.4288629
vt 0.4811633 0.4283648
vt 0.4776766 0.4298591
vt 0.4791709 0.4288629
vt 0.4791709 0.4298591
vt 0.4776766 0.429361
vt 0.4801671 0.429361
vt 0.479669 0.4288629
vt 0.479669 0.429361
vt 0.4801671 0.4283648
vt 0.479669 0.429361
vt 0.4786728 0.4288629
vt 0.4791709 0.4298591
vt 0.479669 0.4288629
vt 0.4806652 0.429361
vt 0.4801671 0.4283648
vt 0.4801671 0.429361
vt 0.4806652 0.4283648
vt 0.4791709 0.4298591
vt 0.4776766 0.429361
vt 0.4776766 0.4298591
vt 0.4786728 0.4288629
vt 0.4776766 0.4298591
vt 0.4776766 0.429361
vt 0.4776766 0.4298591
vt 0.4776766 0.429361
vt 0.4811633 0.429361
vt 0.4806652 0.4283648
vt 0.4806652 0.429361
vt 0.4806652 0.4283648
vt 0.4811633 0.4288629
vt 0.4806652 0.4283648
vt 0.4811633 0.429361
vt 0.4806652 0.4283648
vt 0.4811633 0.4288629
vt 0.4806652 0.4283648
vt 0.4811633 0.4288629
vt 0.4811633 0.4283648
vt 0.4811633 0.429361
vt 0.4801671 0.4283648
vt 0.4806652 0.429361
vt 0.4806652 0.4283648
vt 0.4811633 0.4288629
vt 0.4806652 0.4283648
vt 0.4811633 0.429361
vt 0.4811633 0.4283648
vt 0.4806652 0.429361
vt 0.479669 0.4288629
vt 0.4801671 0.429361
vt 0.4801671 0.4283648
vt 0.4816614 0.4288629
vt 0.4811633 0.4283648
vt 0.4811633 0.4288629
vt 0.4811633 0.4283648
vt 0.4801671 0.429361
vt 0.4791709 0.4288629
vt 0.4791709 0.4298591
vt 0.479669 0.4288629
vt 0.4816614 0.4288629
vt 0.4811633 0.4283648
vt 0.4816614 0.4288629
vt 0.4811633 0.4283648
vt 0.4791709 0.4298591
vt 0.4776766 0.429361
vt 0.4776766 0.4298591
vt 0.4791709 0.4288629
vt 0.479669 0.429361
vt 0.4801671 0.4283648
vt 0.4801671 0.429361
vt 0.479669 0.4288629
vt 0.4791709 0.4298591
vt 0.479669 0.4288629
vt 0.479669 0.429361
vt 0.4786728 0.4288629
vt 0.4801671 0.429361
vt 0.4806652 0.4283648
vt 0.4806652 0.429361
vt 0.4801671 0.4283648
vt 0.4776766 0.4298591
vt 0.4786728 0.4288629
vt 0.4791709 0.4298591
vt 0.4776766 0.429361
vt 0.4776766 0.4298591
vt 0.4776766 0.429361
vt 0.4776766 0.4298591
vt 0.4776766 0.429361
vt 0.4806652 0.429361
vt 0.4806652 0.4283648
vt 0.4811633 0.429361
vt 0.4806652 0.4283648
vt 0.4811633 0.429361
vt 0.4806652 0.4283648
vt 0.4811633 0.4288629
vt 0.4806652 0.4283648
vt 0.4811633 0.4288629
vt 0.4811633 0.4283648
vt 0.4811633 0.4288629
vt 0.4806652 0.4283648
vt 0.4806652 0.4298591
vt 0.4801671 0.4298591
vt 0.4806652 0.4298591
vt 0.4801671 0.4298591
vt 0.4806652 0.4298591
vt 0.4801671 0.4298591
vt 0.479669 0.4303572
vt 0.4791709 0.4303572
vt 0.4781747 0.4308553
vt 0.4806652 0.4298591
vt 0.4806652 0.4298591
vt 0.4811633 0.4298591
vt 0.4811633 0.4298591
vt 0.4816614 0.429361
vt 0.4811633 0.429361
vt 0.4816614 0.429361
vt 0.4811633 0.429361
vt 0.4816614 0.429361
vt 0.4816614 0.429361
vt 0.4781747 0.4308553
vt 0.4791709 0.4303572
vt 0.4781747 0.4308553
vt 0.4816614 0.429361
vt 0.4811633 0.429361
vt 0.4811633 0.4298591
vt 0.4811633 0.429361
vt 0.4816614 0.429361
vt 0.4816614 0.429361
vt 0.4816614 0.429361
vt 0.4811633 0.429361
vt 0.4816614 0.429361
vt 0.4811633 0.4298591
vt 0.4811633 0.4298591
vt 0.4806652 0.4298591
vt 0.4806652 0.4298591
vt 0.4806652 0.4298591
vt 0.4801671 0.4298591
vt 0.4801671 0.4298591
vt 0.479669 0.4303572
vt 0.4791709 0.4303572
vt 0.4781747 0.4308553
vt 0.4801671 0.4298591
vt 0.4806652 0.4298591
vt 0.4806652 0.4298591
vt 0.4791709 0.4303572
vt 0.4781747 0.4308553
vt 0.4781747 0.4308553
vt 0.4811633 0.429361
vt 0.4816614 0.429361
vt 0.4811633 0.4298591
vt 0.4806652 0.4298591
vt 0.4811633 0.4303572
vt 0.4811633 0.4298591
vt 0.4811633 0.4303572
vt 0.4811633 0.4298591
vt 0.4816614 0.4303572
vt 0.4816614 0.429361
vt 0.4811633 0.4303572
vt 0.4801671 0.4298591
vt 0.4811633 0.4303572
vt 0.4806652 0.4298591
vt 0.4806652 0.4308553
vt 0.4816614 0.429361
vt 0.4816614 0.4303572
vt 0.4816614 0.429361
vt 0.4816614 0.4303572
vt 0.479669 0.4303572
vt 0.4806652 0.4308553
vt 0.4801671 0.4298591
vt 0.479669 0.4308553
vt 0.4816614 0.429361
vt 0.4821595 0.4298591
vt 0.4816614 0.429361
vt 0.4816614 0.4303572
vt 0.4781747 0.4308553
vt 0.479669 0.4308553
vt 0.479669 0.4303572
vt 0.4781747 0.4313534
vt 0.4806652 0.4298591
vt 0.4801671 0.4308553
vt 0.4801671 0.4298591
vt 0.4806652 0.4303572
vt 0.4801671 0.4298591
vt 0.479669 0.4308553
vt 0.4791709 0.4303572
vt 0.4801671 0.4308553
vt 0.4806652 0.4298591
vt 0.4806652 0.4303572
vt 0.4806652 0.4298591
vt 0.4811633 0.4303572
vt 0.4791709 0.4303572
vt 0.4781747 0.4313534
vt 0.4781747 0.4308553
vt 0.479669 0.4308553
vt 0.4781747 0.4308553
vt 0.4781747 0.4313534
vt 0.4781747 0.4308553
vt 0.4781747 0.4313534
vt 0.4811633 0.4298591
vt 0.4811633 0.4303572
vt 0.4806652 0.4298591
vt 0.4811633 0.4303572
vt 0.4811633 0.429361
vt 0.4811633 0.4303572
vt 0.4811633 0.4298591
vt 0.4816614 0.4303572
vt 0.4811633 0.429361
vt 0.4816614 0.4303572
vt 0.4811633 0.429361
vt 0.4816614 0.4303572
vt 0.4811633 0.4298591
vt 0.4811633 0.4303572
vt 0.4806652 0.4298591
vt 0.4811633 0.4303572
vt 0.4816614 0.429361
vt 0.4811633 0.4303572
vt 0.4811633 0.4298591
vt 0.4816614 0.4303572
vt 0.4806652 0.4298591
vt 0.4806652 0.4308553
vt 0.4801671 0.4298591
vt 0.4811633 0.4303572
vt 0.4816614 0.429361
vt 0.4816614 0.4303572
vt 0.4816614 0.429361
vt 0.4816614 0.4303572
vt 0.4801671 0.4298591
vt 0.479669 0.4308553
vt 0.479669 0.4303572
vt 0.4806652 0.4308553
vt 0.4816614 0.429361
vt 0.4816614 0.4303572
vt 0.4816614 0.429361
vt 0.4821595 0.4298591
vt 0.479669 0.4303572
vt 0.4781747 0.4313534
vt 0.4781747 0.4308553
vt 0.479669 0.4308553
vt 0.4801671 0.4298591
vt 0.4806652 0.4303572
vt 0.4806652 0.4298591
vt 0.4801671 0.4308553
vt 0.4791709 0.4303572
vt 0.4801671 0.4308553
vt 0.4801671 0.4298591
vt 0.479669 0.4308553
vt 0.4806652 0.4298591
vt 0.4811633 0.4303572
vt 0.4806652 0.4298591
vt 0.4806652 0.4303572
vt 0.4781747 0.4308553
vt 0.479669 0.4308553
vt 0.4791709 0.4303572
vt 0.4781747 0.4313534
vt 0.4781747 0.4308553
vt 0.4781747 0.4313534
vt 0.4781747 0.4308553
vt 0.4781747 0.4313534
vt 0.4806652 0.4298591
vt 0.4811633 0.4303572
vt 0.4811633 0.4298591
vt 0.4811633 0.4303572
vt 0.4811633 0.4298591
vt 0.4816614 0.4303572
vt 0.4811633 0.429361
vt 0.4811633 0.4303572
vt 0.4811633 0.429361
vt 0.4816614 0.4303572
vt 0.4811633 0.429361
vt 0.4816614 0.4303572
vt 0.161384 0.06923571
vt 0.161384 0.06973381
vt 0.161384 0.06873761
vt 0.161384 0.06873761
vt 0.161384 0.06973381
vt 0.161384 0.06923571
vt 0.161384 0.06973381
vt 0.161384 0.07023191
vt 0.161384 0.06923571
vt 0.161384 0.06873761
vt 0.161384 0.06973381
vt 0.161384 0.06923571
vt 0.1608859 0.06873761
vt 0.1608859 0.06774142
vt 0.1608859 0.06873761
vt 0.1608859 0.06774142
vt 0.1603878 0.06774142
vt 0.1603878 0.06774142
vt 0.1603878 0.06774142
vt 0.161384 0.06823951
vt 0.1608859 0.06873761
vt 0.1608859 0.06873761
vt 0.1608859 0.06774142
vt 0.1608859 0.06923571
vt 0.161384 0.07023191
vt 0.161384 0.06923571
vt 0.161384 0.07023191
vt 0.1608859 0.07023191
vt 0.161384 0.07023191
vt 0.1603878 0.06873761
vt 0.161384 0.06923571
vt 0.161384 0.06873761
vt 0.1603878 0.06923571
vt 0.161384 0.06923571
vt 0.1603878 0.06923571
vt 0.161384 0.06923571
vt 0.1603878 0.06923571
vt 0.1608859 0.06923571
vt 0.1603878 0.06923571
vt 0.1608859 0.06973381
vt 0.1598897 0.06973381
vt 0.1608859 0.06973381
vt 0.1598897 0.06973381
vt 0.1603878 0.06973381
vt 0.1598897 0.06973381
vt 0.1603878 0.07023191
vt 0.1593916 0.07073001
vt 0.1603878 0.07073001
vt 0.1593916 0.07023191
vt 0.1603878 0.07073001
vt 0.1598897 0.07073001
vt 0.1608859 0.07073001
vt 0.1598897 0.07073001
vt 0.161384 0.07023191
vt 0.1608859 0.07023191
vt 0.161384 0.07023191
vt 0.1603878 0.07023191
vt 0.1608859 0.06973381
vt 0.161384 0.06973381
vt 0.1608859 0.06973381
vt 0.161384 0.06973381
vt 0.161384 0.06873761
vt 0.1603878 0.06873761
vt 0.1603878 0.06873761
vt 0.161384 0.06873761
vt 0.161384 0.06923571
vt 0.1603878 0.06873761
vt 0.161384 0.06873761
vt 0.1603878 0.06923571
vt 0.161384 0.06873761
vt 0.1603878 0.06873761
vt 0.161384 0.06873761
vt 0.1603878 0.06873761
vt 0.1603878 0.06873761
vt 0.1608859 0.06873761
vt 0.1608859 0.06873761
vt 0.1603878 0.06873761
vt 0.1608859 0.06873761
vt 0.1598897 0.06873761
vt 0.1598897 0.06823951
vt 0.1608859 0.06823951
vt 0.1598897 0.06823951
vt 0.1603878 0.06823951
vt 0.1598897 0.06823951
vt 0.1598897 0.06823951
vt 0.1593916 0.06823951
vt 0.1603878 0.06823951
vt 0.1593916 0.06823951
vt 0.1598897 0.06823951
vt 0.1598897 0.06823951
vt 0.1593916 0.06823951
vt 0.1598897 0.06774142
vt 0.1603878 0.06774142
vt 0.1603878 0.06774142
vt 0.1593916 0.06774142
vt 0.1598897 0.06774142
vt 0.1608859 0.06774142
vt 0.1603878 0.06774142
vt 0.1608859 0.06774142
vt 0.1608859 0.06774142
vt 0.1603878 0.06774142
vt 0.161384 0.06823951
vt 0.1603878 0.06823951
vt 0.1603878 0.06823951
vt 0.161384 0.06823951
vt 0.1603878 0.06873761
vt 0.161384 0.06873761
vt 0.1603878 0.06873761
vt 0.161384 0.06873761
vt 0.161384 0.06823951
vt 0.1603878 0.06823951
vt 0.1608859 0.06774142
vt 0.1603878 0.06774142
vt 0.161384 0.06873761
vt 0.1603878 0.06873761
vt 0.1603878 0.06873761
vt 0.161384 0.06873761
vt 0.1603878 0.07073001
vt 0.1603878 0.07023191
vt 0.1603878 0.07023191
vt 0.1603878 0.07073001
vt 0.1603878 0.07023191
vt 0.1603878 0.07023191
vt 0.1603878 0.07023191
vt 0.1593916 0.06774142
vt 0.1603878 0.06774142
vt 0.1603878 0.06774142
vt 0.1593916 0.06774142
vt 0.1593916 0.07023191
vt 0.1603878 0.07023191
vt 0.1593916 0.07023191
vt 0.1603878 0.07023191
vt 0.1608859 0.06923571
vt 0.161384 0.06973381
vt 0.1608859 0.06973381
vt 0.161384 0.06923571
vt 0.1603878 0.06923571
vt 0.161384 0.06923571
vt 0.161384 0.06873761
vt 0.1603878 0.06873761
vt 0.1603878 0.06873761
vt 0.161384 0.06873761
vt 0.1603878 0.07023191
vt 0.1598897 0.06973381
vt 0.1593916 0.07023191
vt 0.1603878 0.06973381
vt 0.1598897 0.07073001
vt 0.1603878 0.07073001
vt 0.1593916 0.07073001
vt 0.1603878 0.07073001
vt 0.1603878 0.06973381
vt 0.1598897 0.06973381
vt 0.1598897 0.06973381
vt 0.1603878 0.06973381
vt 0.1598897 0.07073001
vt 0.1603878 0.07073001
vt 0.1598897 0.07073001
vt 0.1603878 0.07073001
vt 0.1603878 0.06973381
vt 0.1608859 0.07073001
vt 0.1608859 0.06973381
vt 0.1603878 0.07073001
vt 0.1603878 0.06973381
vt 0.1603878 0.07023191
vt 0.1608859 0.06973381
vt 0.1608859 0.07023191
vt 0.1608859 0.06923571
vt 0.1608859 0.07073001
vt 0.1603878 0.07073001
vt 0.1603878 0.07023191
vt 0.1603878 0.07073001
vt 0.1603878 0.06973381
vt 0.1603878 0.06973381
vt 0.1603878 0.06973381
vt 0.161384 0.06923571
vt 0.161384 0.07023191
vt 0.161384 0.07023191
vt 0.161384 0.06923571
vt 0.1603878 0.07023191
vt 0.161384 0.07023191
vt 0.1603878 0.07023191
vt 0.161384 0.07023191
vt 0.1603878 0.07023191
vt 0.1603878 0.06973381
vt 0.1603878 0.06973381
vt 0.1603878 0.06973381
vt 0.1603878 0.07023191
vt 0.1603878 0.07023191
vt 0.1603878 0.06973381
vt 0.1603878 0.07023191
vt 0.1603878 0.07023191
vt 0.1603878 0.07023191
vt 0.1603878 0.06973381
vt 0.1603878 0.07023191
vt 0.1603878 0.07023191
vt 0.161384 0.06873761
vt 0.1603878 0.06873761
vt 0.1603878 0.06873761
vt 0.161384 0.06873761
vt 0.161384 0.06873761
vt 0.1603878 0.06873761
vt 0.1603878 0.06873761
vt 0.161384 0.06873761
vt 0.161384 0.06823951
vt 0.161384 0.06873761
vt 0.161384 0.06873761
vt 0.161384 0.06873761
vt 0.161384 0.06823951
vt 0.161384 0.06823951
vt 0.1603878 0.06823951
vt 0.1608859 0.06774142
vt 0.1603878 0.06774142
vt 0.1608859 0.06823951
vt 0.1598897 0.06823951
vt 0.1598897 0.06823951
vt 0.1603878 0.06823951
vt 0.1603878 0.06774142
vt 0.1603878 0.06774142
vt 0.1603878 0.06823951
vt 0.1598897 0.06823951
vt 0.1603878 0.06774142
vt 0.1593916 0.06774142
vt 0.1603878 0.06774142
vt 0.1603878 0.06774142
vt 0.1593916 0.06774142
vt 0.1593916 0.06774142
vt 0.1598897 0.06823951
vt 0.1603878 0.06774142
vt 0.1593916 0.06823951
vt 0.1603878 0.06774142
vt 0.1603878 0.06774142
vt 0.1603878 0.06774142
vt 0.1593916 0.06774142
vt 0.1603878 0.06774142
vt 0.1603878 0.06774142
vt 0.1603878 0.06774142
vt 0.1593916 0.06774142
vt 0.1593916 0.06774142
vt 0.1603878 0.06774142
vt 0.1603878 0.06823951
vt 0.1603878 0.06774142
vt 0.1593916 0.06774142
vt 0.1603878 0.06774142
vt 0.1593916 0.06774142
vt 0.1603878 0.06774142
vt 0.1593916 0.06774142
vt 0.1603878 0.06774142
vt 0.1593916 0.07023191
vt 0.1603878 0.07023191
vt 0.1593916 0.07023191
vt 0.1603878 0.07023191
vt 0.1593916 0.07023191
vt 0.1603878 0.07023191
vt 0.1593916 0.07023191
vt 0.1603878 0.07023191
vt 0.1593916 0.07023191
vt 0.1603878 0.07023191
vt 0.1593916 0.07023191
vt 0.1603878 0.07023191
vt 0.1593916 0.07023191
vt 0.1603878 0.07023191
vt 0.1593916 0.07023191
vt 0.1603878 0.07023191
vt 0.1593916 0.07023191
vt 0.1603878 0.07023191
vt 0.1593916 0.07023191
vt 0.1603878 0.07023191
vt 0.161384 0.07023191
vt 0.1603878 0.07023191
vt 0.1603878 0.07023191
vt 0.1608859 0.07023191
vt 0.1598897 0.07073001
vt 0.1608859 0.07073001
vt 0.161384 0.06923571
vt 0.161384 0.07023191
vt 0.161384 0.06973381
vt 0.161384 0.06973381
vt 0.1608859 0.07023191
vt 0.1608859 0.06973381
vt 0.161384 0.07023191
vt 0.161384 0.06873761
vt 0.1603878 0.06873761
vt 0.1603878 0.06873761
vt 0.1603878 0.06873761
vt 0.161384 0.06873761
vt 0.161384 0.06873761
vt 0.161384 0.06923571
vt 0.161384 0.06873761
vt 0.161384 0.06873761
vt 0.161384 0.06873761
vt 0.161384 0.06873761
vt 0.161384 0.06873761
vt 0.161384 0.06873761
vt 0.161384 0.06873761
vt 0.161384 0.06823951
vt 0.161384 0.06873761
vt 0.161384 0.06873761
vt 0.161384 0.06873761
vt 0.161384 0.06873761
vt 0.161384 0.06873761
vt 0.161384 0.06873761
vt 0.161384 0.06873761
vt 0.161384 0.06873761
vt 0.161384 0.06873761
vt 0.161384 0.06873761
vt 0.161384 0.06873761
vt 0.161384 0.06873761
vt 0.161384 0.06923571
vt 0.161384 0.06873761
vt 0.161384 0.06873761
vt 0.161384 0.06873761
vt 0.161384 0.06923571
vt 0.161384 0.06923571
vt 0.161384 0.06873761
vt 0.161384 0.06873761
vt 0.161384 0.06923571
vt 0.1608859 0.06823951
vt 0.1608859 0.06774142
vt 0.1608859 0.06774142
vt 0.1608859 0.06873761
vt 0.1603878 0.06774142
vt 0.1608859 0.06774142
vt 0.1608859 0.06774142
vt 0.1598897 0.06774142
vt 0.161384 0.06823951
vt 0.1608859 0.06873761
vt 0.161384 0.06873761
vt 0.1608859 0.06873761
vt 0.161384 0.06823951
vt 0.161384 0.06823951
vt 0.161384 0.06923571
vt 0.161384 0.06973381
vt 0.161384 0.06973381
vt 0.161384 0.07023191
vt 0.161384 0.06923571
vt 0.161384 0.06973381
vt 0.161384 0.06923571
vt 0.161384 0.06873761
vt 0.161384 0.06873761
vt 0.161384 0.06973381
vt 0.161384 0.06873761
vt 0.161384 0.06923571
vt 0.1608859 0.06873761
vt 0.1608859 0.06774142
vt 0.1608859 0.06774142
vt 0.1608859 0.06873761
vt 0.1603878 0.06774142
vt 0.1603878 0.06774142
vt 0.1603878 0.06774142
vt 0.161384 0.06823951
vt 0.1608859 0.06873761
vt 0.1608859 0.06774142
vt 0.1608859 0.06873761
vt 0.1608859 0.06923571
vt 0.161384 0.07023191
vt 0.161384 0.07023191
vt 0.161384 0.06923571
vt 0.1603878 0.06873761
vt 0.161384 0.06923571
vt 0.1603878 0.06923571
vt 0.161384 0.06873761
vt 0.161384 0.06923571
vt 0.1603878 0.06923571
vt 0.161384 0.06923571
vt 0.1603878 0.06923571
vt 0.1608859 0.06923571
vt 0.1603878 0.06923571
vt 0.1608859 0.06973381
vt 0.1598897 0.06973381
vt 0.1608859 0.06973381
vt 0.1598897 0.06973381
vt 0.1603878 0.06973381
vt 0.1598897 0.06973381
vt 0.1603878 0.07023191
vt 0.1593916 0.07073001
vt 0.1593916 0.07023191
vt 0.1603878 0.07073001
vt 0.1603878 0.07073001
vt 0.1598897 0.07073001
vt 0.1598897 0.07073001
vt 0.1608859 0.07073001
vt 0.161384 0.07023191
vt 0.1608859 0.07023191
vt 0.1603878 0.07023191
vt 0.161384 0.07023191
vt 0.1608859 0.06973381
vt 0.161384 0.06973381
vt 0.161384 0.06973381
vt 0.1608859 0.06973381
vt 0.161384 0.06873761
vt 0.1603878 0.06873761
vt 0.161384 0.06873761
vt 0.1603878 0.06873761
vt 0.161384 0.06923571
vt 0.1603878 0.06873761
vt 0.1603878 0.06923571
vt 0.161384 0.06873761
vt 0.161384 0.06873761
vt 0.1603878 0.06873761
vt 0.1603878 0.06873761
vt 0.161384 0.06873761
vt 0.1603878 0.06873761
vt 0.1608859 0.06873761
vt 0.1608859 0.06873761
vt 0.1603878 0.06873761
vt 0.1608859 0.06873761
vt 0.1598897 0.06873761
vt 0.1598897 0.06823951
vt 0.1608859 0.06823951
vt 0.1598897 0.06823951
vt 0.1603878 0.06823951
vt 0.1598897 0.06823951
vt 0.1598897 0.06823951
vt 0.1603878 0.06823951
vt 0.1593916 0.06823951
vt 0.1593916 0.06823951
vt 0.1598897 0.06823951
vt 0.1593916 0.06823951
vt 0.1598897 0.06823951
vt 0.1598897 0.06774142
vt 0.1603878 0.06774142
vt 0.1593916 0.06774142
vt 0.1603878 0.06774142
vt 0.1598897 0.06774142
vt 0.1608859 0.06774142
vt 0.1603878 0.06774142
vt 0.1608859 0.06774142
vt 0.1603878 0.06774142
vt 0.1608859 0.06774142
vt 0.161384 0.06823951
vt 0.1603878 0.06823951
vt 0.161384 0.06823951
vt 0.1603878 0.06823951
vt 0.1603878 0.06873761
vt 0.161384 0.06873761
vt 0.1603878 0.06873761
vt 0.161384 0.06873761
vt 0.161384 0.06823951
vt 0.1603878 0.06823951
vt 0.1608859 0.06774142
vt 0.1603878 0.06774142
vt 0.161384 0.06873761
vt 0.1603878 0.06873761
vt 0.161384 0.06873761
vt 0.1603878 0.06873761
vt 0.1603878 0.07073001
vt 0.1603878 0.07023191
vt 0.1603878 0.07023191
vt 0.1603878 0.07073001
vt 0.1603878 0.07023191
vt 0.1603878 0.07023191
vt 0.1603878 0.07023191
vt 0.1593916 0.06774142
vt 0.1603878 0.06774142
vt 0.1593916 0.06774142
vt 0.1603878 0.06774142
vt 0.1593916 0.07023191
vt 0.1603878 0.07023191
vt 0.1603878 0.07023191
vt 0.1593916 0.07023191
vt 0.1608859 0.06923571
vt 0.161384 0.06973381
vt 0.161384 0.06923571
vt 0.1608859 0.06973381
vt 0.1603878 0.06923571
vt 0.161384 0.06923571
vt 0.161384 0.06873761
vt 0.1603878 0.06873761
vt 0.161384 0.06873761
vt 0.1603878 0.06873761
vt 0.1603878 0.07023191
vt 0.1598897 0.06973381
vt 0.1603878 0.06973381
vt 0.1593916 0.07023191
vt 0.1598897 0.07073001
vt 0.1603878 0.07073001
vt 0.1603878 0.07073001
vt 0.1593916 0.07073001
vt 0.1603878 0.06973381
vt 0.1598897 0.06973381
vt 0.1603878 0.06973381
vt 0.1598897 0.06973381
vt 0.1598897 0.07073001
vt 0.1603878 0.07073001
vt 0.1603878 0.07073001
vt 0.1598897 0.07073001
vt 0.1603878 0.06973381
vt 0.1608859 0.07073001
vt 0.1603878 0.07073001
vt 0.1608859 0.06973381
vt 0.1603878 0.06973381
vt 0.1603878 0.07023191
vt 0.1608859 0.06973381
vt 0.1608859 0.07073001
vt 0.1608859 0.07023191
vt 0.1608859 0.06923571
vt 0.1603878 0.07023191
vt 0.1603878 0.07073001
vt 0.1603878 0.07073001
vt 0.1603878 0.06973381
vt 0.1603878 0.06973381
vt 0.1603878 0.06973381
vt 0.161384 0.06923571
vt 0.161384 0.07023191
vt 0.161384 0.06923571
vt 0.161384 0.07023191
vt 0.1603878 0.07023191
vt 0.161384 0.07023191
vt 0.161384 0.07023191
vt 0.1603878 0.07023191
vt 0.1603878 0.07023191
vt 0.1603878 0.06973381
vt 0.1603878 0.07023191
vt 0.1603878 0.06973381
vt 0.1603878 0.07023191
vt 0.1603878 0.07023191
vt 0.1603878 0.07023191
vt 0.1603878 0.06973381
vt 0.1603878 0.07023191
vt 0.1603878 0.06973381
vt 0.1603878 0.07023191
vt 0.1603878 0.06973381
vt 0.1603878 0.07023191
vt 0.161384 0.06873761
vt 0.1603878 0.06873761
vt 0.161384 0.06873761
vt 0.1603878 0.06873761
vt 0.161384 0.06873761
vt 0.1603878 0.06873761
vt 0.161384 0.06873761
vt 0.1603878 0.06873761
vt 0.161384 0.06823951
vt 0.161384 0.06873761
vt 0.161384 0.06823951
vt 0.161384 0.06873761
vt 0.161384 0.06823951
vt 0.161384 0.06873761
vt 0.1603878 0.06823951
vt 0.1608859 0.06774142
vt 0.1608859 0.06823951
vt 0.1603878 0.06774142
vt 0.1598897 0.06823951
vt 0.1603878 0.06823951
vt 0.1598897 0.06823951
vt 0.1603878 0.06774142
vt 0.1603878 0.06823951
vt 0.1603878 0.06774142
vt 0.1598897 0.06823951
vt 0.1603878 0.06774142
vt 0.1593916 0.06774142
vt 0.1603878 0.06774142
vt 0.1593916 0.06774142
vt 0.1603878 0.06774142
vt 0.1593916 0.06774142
vt 0.1598897 0.06823951
vt 0.1593916 0.06823951
vt 0.1603878 0.06774142
vt 0.1603878 0.06774142
vt 0.1603878 0.06774142
vt 0.1603878 0.06774142
vt 0.1593916 0.06774142
vt 0.1603878 0.06774142
vt 0.1593916 0.06774142
vt 0.1603878 0.06774142
vt 0.1593916 0.06774142
vt 0.1603878 0.06774142
vt 0.1603878 0.06823951
vt 0.1603878 0.06774142
vt 0.1603878 0.06774142
vt 0.1593916 0.06774142
vt 0.1603878 0.06774142
vt 0.1603878 0.06774142
vt 0.1603878 0.06774142
vt 0.1593916 0.06774142
vt 0.1593916 0.06774142
vt 0.1593916 0.07023191
vt 0.1603878 0.07023191
vt 0.1603878 0.07023191
vt 0.1593916 0.07023191
vt 0.1593916 0.07023191
vt 0.1603878 0.07023191
vt 0.1603878 0.07023191
vt 0.1593916 0.07023191
vt 0.1593916 0.07023191
vt 0.1603878 0.07023191
vt 0.1603878 0.07023191
vt 0.1593916 0.07023191
vt 0.1593916 0.07023191
vt 0.1603878 0.07023191
vt 0.1603878 0.07023191
vt 0.1593916 0.07023191
vt 0.1593916 0.07023191
vt 0.1603878 0.07023191
vt 0.1603878 0.07023191
vt 0.1593916 0.07023191
vt 0.161384 0.07023191
vt 0.1603878 0.07023191
vt 0.1608859 0.07023191
vt 0.1603878 0.07023191
vt 0.1598897 0.07073001
vt 0.1608859 0.07073001
vt 0.1608859 0.07023191
vt 0.1608859 0.06923571
vt 0.161384 0.07023191
vt 0.161384 0.07023191
vt 0.161384 0.06923571
vt 0.161384 0.06973381
vt 0.161384 0.06973381
vt 0.1608859 0.07023191
vt 0.161384 0.07023191
vt 0.1608859 0.06973381
vt 0.161384 0.06873761
vt 0.1603878 0.06873761
vt 0.161384 0.06873761
vt 0.1603878 0.06873761
vt 0.161384 0.06873761
vt 0.1603878 0.06873761
vt 0.161384 0.06923571
vt 0.161384 0.06873761
vt 0.161384 0.06873761
vt 0.161384 0.06873761
vt 0.161384 0.06873761
vt 0.161384 0.06823951
vt 0.161384 0.06873761
vt 0.161384 0.06873761
vt 0.161384 0.06873761
vt 0.161384 0.06873761
vt 0.161384 0.06873761
vt 0.161384 0.06873761
vt 0.161384 0.06873761
vt 0.161384 0.06873761
vt 0.161384 0.06873761
vt 0.161384 0.06873761
vt 0.161384 0.06873761
vt 0.161384 0.06873761
vt 0.161384 0.06873761
vt 0.161384 0.06873761
vt 0.161384 0.06873761
vt 0.161384 0.06923571
vt 0.161384 0.06873761
vt 0.161384 0.06923571
vt 0.161384 0.06873761
vt 0.161384 0.06923571
vt 0.161384 0.06873761
vt 0.161384 0.06873761
vt 0.161384 0.06923571
vt 0.161384 0.06873761
vt 0.1608859 0.06823951
vt 0.1608859 0.06774142
vt 0.1608859 0.06873761
vt 0.1608859 0.06774142
vt 0.1603878 0.06774142
vt 0.1608859 0.06774142
vt 0.1598897 0.06774142
vt 0.1608859 0.06774142
vt 0.161384 0.06823951
vt 0.1608859 0.06873761
vt 0.161384 0.06823951
vt 0.1608859 0.06873761
vt 0.161384 0.06823951
vt 0.161384 0.06873761
vn 0.349017 0.1058815 -0.9311156
vn 0.552937 0.1450969 -0.8204923
vn 0.4980354 0.1372538 -0.8562255
vn 0.3882324 0.2156845 -0.8959664
vn -0.003921509 0.1607831 -0.986982
vn -0.003921509 0.262743 -0.9648579
vn 0.6470539 0.1294107 -0.7513815
vn 0.5058785 0.4274477 -0.7492499
vn 0.7725431 0.1215676 -0.6232162
vn 0.5137216 0.5058784 -0.6929481
vn 0.8901893 0.08235228 -0.4480861
vn 0.5999954 0.1607831 -0.78368
vn 0.9450908 0.01176453 -0.3265959
vn 0.8980324 -0.3803893 -0.221002
vn 0.960777 0.03529382 -0.2750671
vn 0.9058754 -0.3333308 0.2613049
vn 0.9843062 -0.03529388 -0.1729035
vn 0.4352908 0.5215646 -0.7338203
vn -0.1999984 0.4039184 -0.8926648
vn 0.5843093 0.6313677 -0.5098603
vn 0.09803849 0.9529338 -0.2868896
vn 0.6392108 0.2470568 -0.7282668
vn 0.5764662 0.3568599 -0.7350767
vn 0.2705862 0.4196045 -0.8664382
vn 0.3411739 0.6784261 -0.6506445
vn -0.45882 0.8588169 0.2278548
vn 0.5058785 0.2470568 -0.8264683
vn 0.4666631 -0.05098003 -0.8829647
vn -0.003921509 0.02745068 -0.9996155
vn 0.9921493 0.08235228 -0.09411633
vn 0.8745031 -0.2156847 -0.4344242
vn 0.6705831 -0.7333277 -0.1120209
vn 0.7019554 -0.450977 -0.5512516
vn 0.960777 0.003921509 0.2772944
vn 0.8980324 -0.3803893 -0.221002
vn 0.9058754 -0.3333308 0.2613049
vn 0.4745062 -0.7176416 0.5097396
vn 0.7725431 -0.3725462 0.5141852
vn 0.5137216 -0.5137216 -0.6871538
vn 0.5999954 0.1607831 -0.78368
vn 0.1999985 0.9764631 -0.0807493
vn 0.8745031 -0.2156847 -0.4344242
vn 0.9921493 0.08235228 -0.09411633
vn 0.2156847 0.8274446 -0.5184743
vn 0.1215677 0.8588169 0.4976493
vn 0.960777 0.003921509 0.2772944
vn 0.7725431 -0.3725462 0.5141852
vn -0.05097997 0.466663 0.8829647
vn 0.4745062 -0.7176416 0.5097396
vn -0.2784292 0.1058815 0.9546027
vn 0.003921568 0.6235245 -0.781794
vn 0.7019554 -0.450977 -0.5512516
vn -0.1529399 0.45882 -0.8752677
vn 0.5137216 -0.5137216 -0.6871538
vn -0.5294076 0.8352877 0.1483983
vn -0.1999984 0.4039184 -0.8926648
vn 0.09803849 0.9529338 -0.2868896
vn -0.45882 0.8588169 0.2278548
vn 0.5999954 0.1607831 -0.78368
vn 0.9058754 -0.3333308 0.2613049
vn 0.3019585 -0.8901893 -0.3411511
vn 0.3019585 -0.8823462 -0.3609518
vn 0.3019585 -0.8901893 -0.3411511
vn 0.2549 -0.9058754 -0.3382538
vn 0.247057 -0.9137185 -0.3226164
vn 0.2392139 -0.8980324 -0.3692081
vn 0.3098016 -0.7725431 -0.5542563
vn 0.2627431 -0.9215616 -0.2858152
vn 0.5137216 -0.2313708 -0.8261705
vn 0.2549 -0.1921554 -0.9476826
vn 0.247057 0.05882299 -0.9672139
vn 0.4980354 -0.3098016 -0.8099282
vn 0.7254847 -0.4196047 -0.5455309
vn 0.7725431 -0.4666631 -0.430584
vn 0.3960754 -0.4980354 -0.7714175
vn 0.2156847 -0.5215647 -0.8255001
vn 0.145097 -0.9058754 -0.3979152
vn 0.2784293 -0.5921524 -0.7561962
vn 0.5450939 -0.5215647 -0.6563863
vn 0.56078 -0.5215647 -0.6430366
vn 0.56078 -0.6705831 -0.4856378
vn 0.6470539 -0.6235247 -0.4387918
vn 0.5843093 -0.3098016 -0.7500705
vn 0.6313677 -0.5372508 -0.5592283
vn 0.6313677 -0.5686231 -0.5272974
vn 0.6156816 -0.5764662 -0.5372363
vn 0.5450939 -0.5215647 -0.6563863
vn 0.7176416 -0.56078 -0.4129362
vn 0.7333277 -0.5843093 -0.3475818
vn 0.756857 -0.5921524 -0.2766281
vn 0.7803862 -0.5294077 -0.3327534
vn 0.1058816 -0.9294047 -0.3535478
vn 0.01960772 -0.9921493 0.1235125
vn 0.09019542 -0.9921493 0.086629
vn 0.1921554 -0.9764631 0.09795943
vn 0.145097 -0.9843062 0.1004398
vn 0.247057 -0.960777 0.125978
vn 0.09803849 -0.9843062 0.1467301
vn 0.1372539 -0.9372478 -0.3205121
vn 0.1607831 -0.5294077 -0.8329924
vn 0.145097 -0.5450939 -0.8257236
vn 0.1607831 -0.1764693 -0.9710857
vn 0.1058816 -0.1764693 -0.9785947
vn 0.1921554 -0.9686201 0.1576434
vn 0.2078416 -0.9294047 -0.3049735
vn 0.1607831 -0.5372508 -0.8279555
vn 0.2941154 -0.9058754 -0.3047717
vn 0.2078416 -0.5372508 -0.8174126
vn 0.1058816 -0.1843123 -0.9771479
vn 0.1215677 0.04313684 -0.9916453
vn 0.07450926 0.05882299 -0.9954839
vn 0.1058816 -0.1764693 -0.9785947
vn 0.05098003 0.05097997 -0.9973977
vn 0.0274508 0.02745068 -0.9992462
vn 0.2862723 -0.5215647 -0.8037527
vn 0.1215677 -0.1764693 -0.9767701
vn 0.3176447 -0.5137216 -0.7969893
vn 0.1294108 -0.1764693 -0.975762
vn 0.3019585 -0.4901924 -0.8176383
vn 0.07450926 -0.15294 -0.9854226
vn 0.5215647 -0.8117585 -0.2627136
vn 0.4980354 -0.8352877 -0.2329272
vn 0.0274508 -0.1843123 -0.9824843
vn 0.3019585 -0.4666631 -0.8312922
vn 0.0274508 0.02745068 -0.9992462
vn 0.003921568 0.03529382 -0.9993693
vn -0.05882299 0.08235228 -0.9948658
vn -0.2941153 -0.7176416 -0.6312581
vn -0.7176415 -0.4196047 -0.5558081
vn -0.1215676 0.03529382 -0.9919555
vn 0.2156847 -0.6627401 -0.7171163
vn 0.07450926 -0.9843062 -0.1599676
vn -0.4980353 -0.858817 0.1199759
vn 0.247057 -0.756857 -0.6050871
vn 0.3098016 -0.9215616 -0.2339813
vn 0.1843123 -0.960777 -0.2072113
vn -0.05091424 -0.998703 0
vn 0.5137216 -0.7803862 -0.3564933
vn 0.5372508 -0.7960724 -0.2786222
vn -0.2392138 -0.9686201 0.06746767
vn -0.4823492 -0.8352877 0.2638819
vn -0.7333276 -0.6235247 0.2710121
vn -0.6392107 -0.6705831 0.3764677
vn 0.552937 -0.8117585 0.1879065
vn 0.349017 -0.8431308 -0.4090447
vn 0.3960754 -0.9058754 0.1500464
vn 0.2941154 -0.9294047 0.2229418
vn 0.3019585 -0.9137185 0.2719182
vn 0.2549 -0.9294047 0.2668949
vn 0.2549 -0.6705831 -0.6966665
vn 0.2941154 -0.6862693 -0.6652297
vn 0.1921554 -0.7019554 -0.6858096
vn 0.56078 -0.7960724 0.2275842
vn 0.5294077 -0.8196016 0.2190449
vn 0.4745062 -0.8274447 0.3002985
vn 0.4196047 -0.8666601 -0.2698746
vn 0.4352908 -0.8823462 0.1788493
vn 0.2784293 -0.858817 -0.4300123
vn 0.2705862 -0.8352877 -0.4786204
vn 0.2784293 -0.8745031 -0.3971415
vn 0.3019585 -0.8745031 -0.3795594
vn 0.2549 -0.8823462 -0.3955896
vn 0.2941154 -0.9450908 0.1424761
vn 0.1843123 -0.9529339 -0.2407196
vn 0.247057 -0.9137185 -0.3226164
vn 0.2392139 -0.8980324 -0.3692081
vn 0.1607831 -0.9843062 -0.07273301
vn 0.2627431 -0.9215616 -0.2858152
vn 0.8823462 -0.2862723 0.3735148
vn -0.003921509 -0.5921524 0.8058165
vn -0.003921509 -0.5999954 0.7999938
vn 0.9058754 -0.4196047 0.05763322
vn -0.003921509 -0.8980324 0.4399119
vn -0.003921509 -0.9686201 -0.2485151
vn 0.5215647 -0.7254847 -0.449046
vn 0.4823493 -0.5294077 -0.6979016
vn 0.6470539 -0.6627401 -0.3769574
vn 0.3333308 -0.7019554 -0.6294038
vn 0.2627431 -0.4745062 -0.840125
vn 0.2313708 -0.7803862 -0.5809172
vn 0.2078416 -0.7803862 -0.589745
vn 0.1764693 -0.4666631 -0.8666511
vn 0.3019585 -0.7882293 -0.5362049
vn 0.1999985 -0.4823493 -0.8528422
vn 0.3098016 -0.4980354 -0.8099282
vn 0.450977 -0.7490139 -0.4853843
vn 0.2941154 -0.5137216 -0.8059691
vn 0.5058785 -0.7097985 -0.4901765
vn 0.5921524 -0.7960724 -0.1249976
vn 0.6705831 -0.7411708 -0.03136993
vn 0.5372508 -0.8352877 0.1168585
vn 0.6627401 -0.7176416 0.2139303
vn 0.4980354 -0.8352877 -0.2329272
vn 0.6156816 -0.7176416 -0.3254638
vn 0.756857 -0.56078 -0.3356982
vn 0.6470539 -0.6941124 -0.3154826
vn 0.5215647 -0.8117585 -0.2627136
vn 0.7803862 -0.5764662 -0.242248
vn 0.3803893 -0.8980324 -0.221002
vn 0.2784293 -0.9294047 -0.2422479
vn 0.2784293 -0.9215616 -0.2705575
vn 0.3411739 -0.8823462 -0.3241381
vn 0.4274477 -0.8196016 -0.3814992
vn 0.5058785 -0.8352877 -0.2153632
vn 0.3333308 -0.9058754 -0.2613049
vn 0.2862723 -0.8980324 -0.334045
vn -0.003921509 -0.960777 -0.2772944
vn -0.003921509 -0.9999924 0
vn 0.3098016 -0.9450908 -0.1040495
vn 0.5058785 -0.858817 -0.08074857
vn 0.4196047 -0.9058754 0.05763322
vn 0.3411739 -0.9058754 0.2509781
vn -0.003921509 -0.9372478 0.3486421
vn 0.45882 -0.7333277 0.5017117
vn -0.003921509 -0.7490139 0.6625427
vn 0.8274447 -0.4117616 0.3818216
vn -0.003921509 -0.6156816 0.7879853
vn 0.8745031 -0.4823493 0.05082759
vn 0.8509739 -0.5215647 0.06175552
vn 0.7254847 -0.6470539 0.2345063
vn -0.003921509 -0.9058754 0.423526
vn -0.003921509 -0.9058754 -0.423526
vn 0.8352877 -0.4901924 -0.2490097
vn -0.003921509 -0.8117585 -0.5839801
vn 0.6705831 -0.6392108 -0.3764675
vn -0.003921509 -0.7882293 -0.6153691
vn 0.4117616 -0.7803862 -0.4705845
vn -0.003921509 -0.858817 -0.5122675
vn 0.2705862 -0.858817 -0.4349902
vn 0.1999985 -0.9137185 -0.3537217
vn -0.003921509 -0.9294047 -0.3690414
vn 0.5372508 -0.8431308 0.0221792
vn 0.3725462 -0.9137185 -0.1622584
vn 0.3960754 -0.9058754 -0.1500464
vn 0.4666631 -0.8823462 0.06075129
vn 0.4431339 -0.858817 -0.2570327
vn 0.4431339 -0.8901893 -0.1058084
vn 0.5137216 -0.8352877 0.1959196
vn 0.4352908 -0.8823462 0.1788493
vn 0.4039185 -0.9058754 0.1274341
vn 0.2627431 -0.9137185 -0.3099751
vn 0.3960754 -0.8352877 0.381338
vn 0.3254877 -0.9058754 0.2710118
vn 0.3176447 -0.8980324 0.3043678
vn 0.3647031 -0.9294047 0.05655585
vn 0.4274477 -0.8901893 -0.1576434
vn 0.45882 -0.8352877 -0.3029497
vn 0.4823493 -0.8274447 -0.2875317
vn 0.4196047 -0.8980324 -0.1321735
vn 0.3411739 -0.9215616 0.185269
vn 0.2941154 -0.9058754 0.3047717
vn 0.2862723 -0.9058754 0.3121503
vn 0.3254877 -0.7333277 0.5968988
vn 0.4117616 -0.7960724 0.4435326
vn 0.3176447 -0.9058754 0.2801633
vn 0.4352908 -0.8745031 0.2139303
vn 0.1764693 -0.7803862 0.5998799
vn 0.3960754 -0.8823462 0.2541445
vn 0.1607831 -0.8274447 0.5380373
vn 0.5450939 -0.8352877 0.0718819
vn 0.5215647 -0.8196016 0.237115
vn 0.6627401 -0.7411708 0.1069648
vn 0.1999985 -0.858817 0.4716291
vn 0.1607831 -0.9372478 0.3093792
vn 0.450977 -0.8901893 -0.06467469
vn 0.8745031 -0.4823493 -0.05082759
vn 0.756857 -0.6313677 -0.1689447
vn 0.9450908 -0.2235277 -0.2384086
vn 0.9137185 -0.247057 -0.3226164
vn 0.04313695 -0.9921493 -0.1173839
vn 0.04313695 -0.9921493 0.1173839
vn -0.1843122 -0.9764631 0.1120212
vn -0.3490169 -0.8117585 0.4682257
vn -0.3019584 -0.8352877 0.459473
vn -0.2078415 -0.9764631 0.05763374
vn 0.9215616 -0.2392139 -0.3057792
vn 0.960777 0.03529382 -0.2750671
vn 0.858817 -0.4431339 -0.2570326
vn 0.7647001 -0.6313677 -0.1288745
vn 0.9686201 -0.2078416 -0.1362976
vn 0.8014051 -0.5981219 0
vn 0.5215647 -0.8509739 -0.06175552
vn 0.3647031 -0.9294047 -0.05655585
vn 0.4901924 -0.8666601 0.09279978
vn 0.2627431 -0.9450908 0.1943434
vn 0.2156847 -0.9764631 0
vn 0.1215677 -0.9764631 0.1781601
vn 0.2313708 -0.9450908 0.2308047
vn 0.1215677 -0.9686201 0.2167866
vn -0.003921509 -0.9764631 0.2156487
vn -0.003921509 -0.9843062 0.1764254
vn 0.1523507 -0.9883265 0
vn -0.003921509 -0.9999924 0
vn 0.247057 -0.9450908 -0.2139303
vn -0.003921509 -0.960777 -0.2772944
vn -0.003921509 -0.9843062 -0.1764254
vn 0.08235234 -0.9450908 0.3162615
vn -0.003921509 -0.9450908 0.3267842
vn 0.2313708 -0.9215616 0.3117559
vn 0.35686 -0.858817 0.3675382
vn 0.1843123 -0.8980324 0.3994582
vn -0.003921509 -0.9137185 0.4063288
vn 0.3960754 -0.7254847 0.5628465
vn 0.1999985 -0.7647001 0.6125638
vn -0.003921509 -0.7490139 0.6625427
vn 0.5843093 -0.6470539 0.4897999
vn 0.4117616 -0.8666601 0.2816962
vn 0.6862693 -0.6078385 0.3994582
vn 0.8666601 -0.2705862 0.4191461
vn 0.7725431 -0.6078385 0.1836013
vn 0.9529339 -0.2313708 0.1959197
vn 0.9764631 -0.1294108 0.1725474
vn 0.9764631 -0.2156847 0
vn 0.9921493 -0.1137246 0.0520239
vn 0.9843062 -0.03529388 -0.1729035
vn 0.9215616 -0.15294 0.3568383
vn 0.7411708 -0.3411739 0.5781576
vn 0.756857 -0.2392139 0.6082304
vn 0.4980354 -0.5215647 0.6927705
vn 0.5450939 -0.4745062 0.6911704
vn 0.2078416 -0.5999954 0.7725331
vn 0.1843123 -0.6156816 0.7661365
vn -0.003921509 -0.5843093 0.8115216
vn -0.003921509 -0.5843093 0.8115216
vn 0.9450908 0.01176453 -0.3265959
vn 0.960777 -0.15294 -0.2313372
vn 0.8901893 0.08235228 -0.4480861
vn 0.9372478 -0.09019542 -0.3367958
vn 0.9137185 -0.3647031 -0.1791929
vn 0.8980324 -0.3411739 -0.2777378
vn 0.858817 -0.04313695 -0.5104631
vn 0.8274447 -0.3411739 -0.4460221
vn 0.7333277 -0.03529388 -0.6789586
vn 0.7019554 -0.3647031 -0.6117599
vn 0.6313677 -0.7097985 -0.3123473
vn 0.5450939 -0.6941124 -0.4701922
vn 0.5764662 -0.4666631 -0.670755
vn 0.45882 -0.7254847 -0.5129874
vn 0.450977 -0.7254847 -0.5198959
vn 0.552937 -0.5137216 -0.6560113
vn 0.4117616 -0.756857 -0.5075627
vn 0.5372508 -0.552937 -0.6368848
vn 0.6235247 -0.05098003 -0.7801398
vn 0.5686231 -0.05882311 -0.8204923
vn 0.5450939 -0.05882311 -0.8363088
vn 0.6470539 0.1294107 -0.7513815
vn 0.7725431 0.1215676 -0.6232162
vn 0.552937 0.1450969 -0.8204923
vn 0.4039185 -0.8196016 -0.4063287
vn 0.4196047 -0.858817 -0.2938798
vn 0.4431339 -0.8431308 -0.3045698
vn 0.4117616 -0.8352877 -0.3643443
vn 0.3019585 -0.8745031 -0.3795594
vn 0.3882324 0.2156845 -0.8959664
vn 0.3333308 -0.8431308 -0.4219253
vn 0.3333308 -0.8431308 -0.4219253
vn 0.349017 -0.8509739 -0.3924673
vn 0.2627431 -0.8666601 -0.4241066
vn 0.2549 -0.8666601 -0.4288664
vn 0.2549 -0.8823462 -0.3955896
vn 0.2627431 -0.8823462 -0.3904245
vn 0.2313708 -0.8745031 -0.4262767
vn 0.3803893 -0.8117585 -0.4431164
vn 0.3176447 -0.8196016 -0.4768176
vn 0.2705862 -0.9058754 -0.3258416
vn 0.3725462 -0.8274447 -0.4201722
vn 0.349017 -0.8274447 -0.4399119
vn 0.35686 -0.8509739 -0.3853497
vn 0.2784293 -0.9215616 -0.2705575
vn 0.3647031 -0.8352877 -0.4114438
vn 0.1843123 -0.9764631 -0.1120209
vn 0.1058816 -0.9921493 -0.0665497
vn 0.1921554 -0.8666601 -0.4604092
vn 0.3647031 -0.756857 -0.5423644
vn 0.3333308 -0.6313677 -0.7001895
vn 0.450977 -0.56078 -0.694367
vn 0.4117616 -0.7411708 -0.5302058
vn 0.3882324 -0.8352877 -0.38932
vn 0.3960754 -0.8117585 -0.4291531
vn 0.4823493 -0.7882293 -0.3821436
vn 0.5372508 -0.5450939 -0.6436102
vn 0.3960754 -0.5999954 -0.6950753
vn 0.450977 -0.8352877 -0.3145062
vn 0.3176447 -0.8666601 -0.3847106
vn 0.247057 -0.6078385 -0.754649
vn 0.2078416 -0.8980324 -0.3877367
vn 0.1999985 -0.9450908 -0.2584645
vn -0.003921509 -0.9686201 -0.2485151
vn -0.003921509 -0.9137185 -0.4063288
vn 0.2862723 -0.9137185 -0.2883862
vn -0.003921509 -0.6392108 -0.7690216
vn 0.15294 -0.6156816 -0.7730107
vn 0.2549 -0.9137185 -0.3164561
vn 0.4039185 -0.8509739 -0.3356982
vn 0.3960754 -0.8352877 -0.381338
vn 0.3882324 -0.8352877 -0.38932
vn 0.35686 -0.8666601 -0.3486421
vn 0.4039185 -0.8274447 -0.3901092
vn -0.003921509 -0.3176447 -0.9482017
vn 0.1137246 -0.3176447 -0.9413652
vn -0.003921509 -0.1921554 -0.9813567
vn 0.09803849 -0.2078416 -0.973237
vn 0.1686262 -0.09803849 -0.9807923
vn 0.1921554 -0.247057 -0.9497575
vn 0.247057 0.06666613 -0.966705
vn 0.3019585 -0.1372539 -0.9433888
vn 0.450977 -0.1058816 -0.886233
vn 0.4352908 -0.3647031 -0.8231121
vn 0.3882324 0.07450914 -0.9185445
vn 0.4039185 -0.2941154 -0.8662251
vn 0.2705862 -0.5843093 -0.765092
vn 0.3098016 -0.5999954 -0.7375829
vn 0.2078416 -0.858817 -0.4682257
vn 0.08235234 -0.9921493 -0.09411613
vn 0.1058816 -0.9921493 -0.0665497
vn 0.1999985 -0.8431308 -0.4991302
vn 0.06666619 -0.9921493 -0.1058084
vn 0.1215677 -0.9921493 0.02934363
vn 0.15294 -0.9764631 0.1520826
vn 0.1058816 -0.960777 0.2563136
vn 0.08235234 -0.8431308 0.5313647
vn 0.15294 -0.9137185 0.3764675
vn 0.2078416 -0.9764631 0.05763374
vn 0.247057 -0.9686201 0.02716661
vn 0.3019585 -0.9215616 -0.244019
vn 0.3176447 -0.8666601 -0.3847106
vn 0.3254877 -0.8274447 -0.4575949
vn 0.2862723 -0.8117585 -0.509015
vn 0.2156847 -0.9764631 0
vn 0.2705862 -0.8509739 -0.4501406
vn 0.1137246 -0.9921493 -0.05202373
vn 0.1686262 -0.8745031 -0.4547631
vn 0.247057 -0.7960724 -0.5524778
vn 0.1921554 -0.8117585 -0.5514748
vn 0.1294108 -0.9058754 0.4032896
vn 0.06666619 -0.858817 0.5079262
vn -0.003921509 -0.9999924 0
vn -0.003921509 -0.9058754 -0.423526
vn 0.2156847 -0.8823462 -0.4182646
vn 0.1843123 -0.8980324 -0.3994582
vn -0.003921509 -0.8274447 -0.5615336
vn -0.003921509 -0.9137185 -0.4063288
vn 0.2941154 -0.8980324 -0.3271606
vn 0.1921554 -0.8980324 -0.3957451
vn -0.003921509 -0.9137185 -0.4063288
vn -0.003921509 -0.9372478 -0.3486421
vn 0.2627431 -0.8980324 -0.3528512
vn 0.349017 -0.7333277 -0.5834532
vn -0.003921509 -0.7960724 -0.6051888
vn -0.003921509 -0.2078416 -0.9781547
vn 0.2941154 -0.1215677 -0.948007
vn -0.003921509 0.262743 -0.9648579
vn 0.4823493 -0.6470539 -0.5904747
vn 0.4431339 -0.06666619 -0.8939732
vn 0.01176465 -0.5294077 0.848286
vn -0.1294107 -0.5921524 0.7953669
vn 0.0274508 -0.5215647 0.8527701
vn -0.1450969 -0.5921524 0.7926553
vn 0.2627431 -0.45882 0.8487934
vn 0.2862723 -0.45882 0.8411494
vn 0.5058785 -0.5294077 0.6810392
vn 0.5215647 -0.5294077 0.6691022
vn 0.5999954 -0.6705831 0.4362611
vn 0.6941124 -0.4666631 0.5481182
vn -0.2078415 -0.7097985 0.6730438
vn -0.2549 -0.7097985 0.6566674
vn 0.7725431 -0.5450939 0.3256527
vn 0.7411708 -0.6705831 0.03137041
vn 0.7097985 -0.6235247 -0.3277241
vn 0.5137216 -0.4745062 -0.7147965
vn 0.2784293 -0.3333308 -0.9007595
vn 0.15294 -0.3647031 -0.9184775
vn 0.1686262 -0.3333308 -0.9276075
vn 0.1921554 -0.3333308 -0.9230205
vn 0.1999985 -0.3647031 -0.9093911
vn -0.2078415 -0.7960724 -0.5683931
vn 0.4274477 -0.7647001 -0.4822056
vn 0.3254877 -0.9058754 0.2710118
vn -0.003921509 -0.5843093 0.8115216
vn -0.003921509 -0.858817 0.5122675
vn 0.01176465 -0.5999954 0.7999169
vn 0.05098003 -0.7254847 0.6863476
vn 0.4108528 -0.9117018 0
vn 0.6784262 -0.7176416 -0.1572527
vn 0.858817 -0.5058785 -0.08074857
vn 0.3411739 -0.7882293 0.5121474
vn 0.45882 -0.7333277 0.5017117
vn 0.4980354 -0.6470539 0.5773057
vn 0.3411739 -0.7960724 0.4998691
vn 0.8274447 -0.4117616 0.3818216
vn 0.7725431 -0.3882324 0.5024468
vn 0.8745031 -0.4823493 0.05082759
vn 0.8901893 -0.4274477 0.1576435
vn 0.7176416 -0.6392108 0.2764056
vn 0.8431308 -0.4901924 0.2210019
vn 0.756857 -0.6156816 -0.2193256
vn 0.858817 -0.4823493 -0.1725473
vn 0.4196047 -0.7960724 0.4361201
vn 0.6235247 -0.7411708 0.2487627
vn -0.3490169 0.003921509 0.9371082
vn -0.3490169 0.003921509 0.9371082
vn -0.3490169 0.003921509 0.9371082
vn -0.3490169 0.003921509 0.9371082
vn -0.003921509 0.003921509 0.9999846
vn -0.003921509 0.003921509 0.9999846
vn -0.003921509 0.003921509 0.9999846
vn -0.003921509 0.003921509 0.9999846
vn 0.2627431 0.003921509 0.9648579
vn 0.2627431 0.003921509 0.9648579
vn 0.2627431 0.003921509 0.9648579
vn 0.2627431 0.003921509 0.9648579
vn 0.8823462 0.003921509 -0.4705845
vn 0.8823462 0.003921509 -0.4705845
vn 0.8823462 0.003921509 -0.4705845
vn 0.8823462 -0.003921568 -0.4705845
vn 0.3725462 -0.003921568 -0.9280053
vn 0.3725462 -0.003921568 -0.9280053
vn 0.3725462 -0.003921568 -0.9280053
vn 0.3725462 0.003921509 -0.9280053
vn 0.1294108 0.003921509 -0.9915833
vn 0.1294108 0.003921509 -0.9915833
vn 0.1294108 0.003921509 -0.9915833
vn 0.1294108 0.003921509 -0.9915833
vn 0.05882311 0.003921509 -0.9982607
vn 0.05882311 0.003921509 -0.9982607
vn 0.05882311 0.003921509 -0.9982607
vn 0.05882311 0.003921509 -0.9982607
vn 0.0274508 0.003921509 -0.9996155
vn 0.0274508 0.003921509 -0.9996155
vn 0.0274508 0.003921509 -0.9996155
vn 0.0274508 0.003921509 -0.9996155
vn -0.08235228 0.003921509 -0.9965956
vn -0.08235228 0.003921509 -0.9965956
vn -0.08235228 0.003921509 -0.9965956
vn -0.08235228 0.003921509 -0.9965956
vn -0.9686199 0.003921509 0.2485156
vn -0.9686199 0.003921509 0.2485156
vn -0.9686199 0.003921509 0.2485156
vn -0.9686199 0.003921509 0.2485156
vn -0.9529338 0.003921509 0.3031532
vn -0.9529338 0.003921509 0.3031532
vn 0.9921493 0.003921509 -0.1249976
vn 0.9921493 0.003921509 -0.1249976
vn 0.9921493 0.003921509 -0.1249976
vn 0.9921493 0.003921509 -0.1249976
vn 0.7882293 0.003921509 0.6153691
vn 0.7882293 0.003921509 0.6153691
vn 0.7882293 0.003921509 0.6153691
vn 0.7882293 0.003921509 0.6153691
vn -0.8352877 0.003921509 0.5497991
vn -0.8352877 0.003921509 0.5497991
vn -0.8352877 0.003921509 0.5497991
vn -0.8352877 0.003921509 0.5497991
vn -0.45882 0.003921509 0.8885206
vn -0.45882 0.003921509 0.8885206
vn -0.45882 0.003921509 0.8885206
vn -0.45882 0.003921509 0.8885206
vn 0.6235247 0.003921509 0.7817939
vn 0.6235247 0.003921509 0.7817939
vn 0.6235247 0.003921509 0.7817939
vn 0.6235247 0.003921509 0.7817939
vn 0.3091746 -0.9510053 0
vn 0.3091746 -0.9510053 0
vn 0.3091746 -0.9510053 0
vn 0.3091746 -0.9510053 0
vn 0.3176447 -0.9450908 -0.07684498
vn 0.2855531 -0.9583629 0
vn 0.2855531 -0.9583629 0
vn 0.2941154 -0.9529339 -0.07357387
vn 0.3326154 -0.9430625 0
vn 0.3326154 -0.9430625 0
vn 0.3326154 -0.9430625 0
vn 0.3720658 -0.9282063 0
vn 0.3720658 -0.9282063 0
vn 0.3720658 -0.9282063 0
vn 0.348974 -0.9371325 0
vn 0.348974 -0.9371325 0
vn 0.3411739 -0.9372478 0.0718819
vn 0.3411739 -0.9372478 0.0718819
vn 0.3647031 -0.9294047 -0.05655585
vn 0.3647031 -0.9294047 -0.05655585
vn 0.3647031 -0.9294047 -0.05655585
vn 0.3647031 -0.9294047 -0.05655585
vn 0.3647031 -0.9215616 -0.133101
vn 0.3647031 -0.9215616 -0.133101
vn 0.3803893 -0.9215616 0.07764171
vn 0.3803893 -0.9215616 0.07764171
vn 0.3803893 -0.9215616 0.07764171
vn 0.3411739 -0.9372478 -0.0718819
vn 0.3411739 -0.9372478 -0.0718819
vn 0.3411739 -0.9372478 -0.0718819
vn 0.3411739 -0.9372478 -0.0718819
vn 0.3411739 -0.9372478 -0.0718819
vn 0.3333308 -0.9372478 -0.1022605
vn 0.3333308 -0.9372478 -0.1022605
vn 0.3333308 -0.9372478 -0.1022605
vn 0.3333308 -0.9372478 -0.1022605
vn 0.3333308 -0.9372478 -0.1022605
vn 0.2392139 -0.960777 0.1403008
vn 0.2392139 -0.960777 0.1403008
vn 0.2392139 -0.960777 0.1403008
vn 0.2941154 -0.9450908 -0.1424761
vn 0.2941154 -0.9450908 -0.1424761
vn 0.2941154 -0.9450908 -0.1424761
vn -0.3490169 0.003921509 0.9371082
vn -0.3490169 0.003921509 0.9371082
vn -0.3490169 0.003921509 0.9371082
vn -0.3490169 0.003921509 0.9371082
vn -0.3490169 0.003921509 0.9371082
vn -0.3490169 0.003921509 0.9371082
vn -0.003921509 0.003921509 0.9999846
vn -0.003921509 0.003921509 0.9999846
vn -0.003921509 0.003921509 0.9999846
vn -0.003921509 0.003921509 0.9999846
vn -0.003921509 0.003921509 0.9999846
vn -0.003921509 0.003921509 0.9999846
vn 0.2627431 0.003921509 0.9648579
vn 0.2627431 0.003921509 0.9648579
vn 0.2627431 0.003921509 0.9648579
vn 0.2627431 0.003921509 0.9648579
vn 0.8823462 0.003921509 -0.4705845
vn 0.8823462 0.003921509 -0.4705845
vn 0.8823462 0.003921509 -0.4705845
vn 0.8823462 0.003921509 -0.4705845
vn 0.3333308 -0.01960772 -0.942606
vn 0.3333308 -0.01960772 -0.942606
vn 0.3333308 -0.01960772 -0.942606
vn 0.3725462 0.003921509 -0.9280053
vn 0.3725462 0.003921509 -0.9280053
vn 0.3725462 0.003921509 -0.9280053
vn 0.1372539 -0.003921568 -0.9905281
vn 0.1372539 -0.003921568 -0.9905281
vn 0.1372539 -0.003921568 -0.9905281
vn 0.1294108 -0.003921568 -0.9915833
vn 0.05882311 0.003921509 -0.9982607
vn 0.05882311 0.003921509 -0.9982607
vn 0.05882311 0.003921509 -0.9982607
vn 0.05882311 -0.003921568 -0.9982607
vn 0.05882311 -0.003921568 -0.9982607
vn 0.05882311 -0.003921568 -0.9982607
vn 0.0274508 0.003921509 -0.9996155
vn 0.0274508 0.003921509 -0.9996155
vn 0.0274508 0.003921509 -0.9996155
vn 0.0274508 0.003921509 -0.9996155
vn 0.0274508 0.003921509 -0.9996155
vn 0.0274508 0.003921509 -0.9996155
vn 0.0274508 0.003921509 -0.9996155
vn 0.0274508 0.003921509 -0.9996155
vn 0.0274508 0.003921509 -0.9996155
vn 0.0274508 0.003921509 -0.9996155
vn -0.07450914 0.003921509 -0.9972126
vn -0.07450914 0.003921509 -0.9972126
vn -0.07450914 0.003921509 -0.9972126
vn -0.08235228 -0.003921568 -0.9965956
vn -0.08235228 -0.003921568 -0.9965956
vn -0.08235228 -0.003921568 -0.9965956
vn -0.9686199 0.003921509 0.2485156
vn -0.9686199 0.003921509 0.2485156
vn -0.9686199 0.003921509 0.2485156
vn -0.9686199 0.003921509 0.2485156
vn -0.9529338 0.003921509 0.3031532
vn -0.9529338 0.003921509 0.3031532
vn 0.9921493 0.003921509 -0.1249976
vn 0.9921493 0.003921509 -0.1249976
vn 0.9921493 0.003921509 -0.1249976
vn 0.9921493 0.003921509 -0.1249976
vn 0.7882293 0.003921509 0.6153691
vn 0.7882293 0.003921509 0.6153691
vn 0.7882293 0.003921509 0.6153691
vn 0.7882293 0.003921509 0.6153691
vn -0.8352877 0.003921509 0.5497991
vn -0.8352877 0.003921509 0.5497991
vn -0.8352877 0.003921509 0.5497991
vn -0.8352877 0.003921509 0.5497991
vn -0.7176415 0.003921509 0.6964017
vn -0.7176415 0.003921509 0.6964017
vn -0.7176415 0.003921509 0.6964017
vn -0.7176415 0.003921509 0.6964017
vn 0.6235247 0.003921509 0.7817939
vn 0.6235247 0.003921509 0.7817939
vn 0.6235247 0.003921509 0.7817939
vn 0.6235247 0.003921509 0.7817939
vn -0.7176415 0.003921509 0.6964017
vn -0.7176415 0.003921509 0.6964017
vn -0.7176415 0.003921509 0.6964017
vn -0.7176415 0.003921509 0.6964017
vn -0.45882 0.003921509 0.8885206
vn -0.45882 0.003921509 0.8885206
vn -0.45882 0.003921509 0.8885206
vn -0.45882 0.003921509 0.8885206
vn -0.45882 0.003921509 0.8885206
vn -0.45882 0.003921509 0.8885206
vn 0.9450908 0.003921509 0.3267842
vn 0.9450908 0.003921509 0.3267842
vn 0.9450908 0.003921509 0.3267842
vn 0.9450908 0.003921509 0.3267842
vn 0.9450908 0.003921509 0.3267842
vn 0.9450908 0.003921509 0.3267842
vn 0.9450908 0.003921509 0.3267842
vn 0.9450908 0.003921509 0.3267842
vn 0.4196047 -0.8274447 -0.3731853
vn 0.1921554 -0.9529339 -0.2345064
vn 0.2392139 -0.960777 -0.1403008
vn 0.2392139 -0.9686201 -0.06746767
vn 0.1999985 -0.9450908 -0.2584645
vn 0.3176447 -0.9450908 -0.07684498
vn 0.3254877 -0.9450908 -0.02934363
vn 0.4196047 -0.9058754 -0.05763322
vn 0.4267395 -0.9043746 0
vn 0.4901924 -0.8666601 -0.09279978
vn 0.4980354 -0.8666601 -0.02934363
vn 0.5372508 -0.8431308 -0.0221792
vn 0.5372508 -0.8431308 -0.0221792
vn 0.5372508 -0.8431308 0.0221792
vn 0.5372508 -0.8431308 0.0221792
vn 0.1843123 -0.9372478 -0.2959655
vn 0.1921554 -0.9215616 -0.3373433
vn 0.2156847 -0.9058754 -0.3645131
vn 0.2235277 -0.8980324 -0.3789106
vn 0.247057 -0.8901893 -0.382787
vn 0.247057 -0.8823462 -0.4005347
vn 0.2549 -0.8823462 -0.3955896
vn 0.5372508 -0.8431308 0.0221792
vn 0.5372508 -0.8431308 0.0221792
vn 0.5294077 -0.8431308 0.09411613
vn 0.35686 -0.9294047 0.09411613
vn 0.7882293 -0.5294077 -0.3137229
vn 0.6313677 -0.5686231 -0.5272974
vn 0.6705831 -0.1686262 -0.722415
vn 0.858817 -0.1843123 -0.4779774
vn 0.2862723 -0.1137246 -0.9513752
vn 0.4274477 -0.6705831 -0.6063058
vn 0.1215677 -0.07450926 -0.9897826
vn 0.3254877 -0.6705831 -0.6666154
vn 0.07450926 -0.06666619 -0.9949895
vn 0.2941154 -0.6784262 -0.6732266
vn 0.05882311 -0.05882311 -0.9965338
vn 0.2941154 -0.6862693 -0.6652297
vn 0.01960772 -0.06666619 -0.9975827
vn 0.2078416 -0.7725431 -0.5999825
vn -0.6784261 -0.1764693 -0.7131596
vn -0.5137215 -0.7333277 -0.4453321
vn -0.9529338 -0.15294 0.2617758
vn -0.3568599 -0.9294047 0.09411645
vn -0.4745061 0.1215676 -0.8718172
vn -0.4745061 0.1215676 -0.8718172
vn -0.4745061 0.1215676 -0.8718172
vn -0.8980323 0.1137246 -0.4249761
vn -0.8980323 0.1137246 -0.4249761
vn -0.8980323 0.1137246 -0.4249761
vn -0.262743 0.5294076 0.8066559
vn -0.262743 0.5294076 0.8066559
vn -0.262743 0.5294076 0.8066559
vn -0.003921509 0.5294076 0.8483585
vn -0.003921509 0.5294076 0.8483585
vn -0.003921509 0.5294076 0.8483585
vn -0.003921509 0.5058784 0.8625959
vn -0.003921509 0.466663 0.8844265
vn -0.003921509 0.466663 0.8844265
vn -0.003921509 0.466663 0.8844265
vn -0.003921509 0.4274477 0.9040316
vn -0.003921509 0.4274477 0.9040316
vn -0.003921509 0.4117615 0.9112832
vn -0.003921509 0.4039184 0.9147866
vn -0.003921509 0.4039184 0.9147866
vn -0.003921509 0.4039184 0.9147866
vn -0.003921509 0.4039184 0.9147866
vn -0.003921509 0.4117615 0.9112832
vn -0.003921509 0.4274477 0.9040316
vn -0.003921509 0.4274477 0.9040316
vn -0.003921509 0.466663 0.8844265
vn -0.003921509 0.466663 0.8844265
vn -0.003921509 0.466663 0.8844265
vn -0.003921509 0.5058784 0.8625959
vn -0.003921509 0.5294076 0.8483585
vn -0.003921509 0.5294076 0.8483585
vn -0.003921509 0.5294076 0.8483585
vn -0.3019584 0.4823492 0.8222897
vn -0.3019584 0.4823492 0.8222897
vn -0.3019584 0.4823492 0.8222897
vn -0.3019584 0.4509768 0.8399053
vn -0.3019584 0.4509768 0.8399053
vn -0.3254876 0.5058784 0.7988396
vn -0.3254876 0.5058784 0.7988396
vn -0.05097997 0.4117615 0.9098645
vn -0.05097997 0.4117615 0.9098645
vn -0.05097997 0.4117615 0.9098645
vn 0.1843123 0.1686261 -0.9682944
vn 0.1843123 0.1686261 -0.9682944
vn 0.1843123 0.1686261 -0.9682944
vn 0.09803849 0.1607831 -0.9821086
vn 0.09803849 0.1607831 -0.9821086
vn 0.09803849 0.1607831 -0.9821086
vn 0.1215677 0.1686261 -0.9781547
vn 0.1215677 0.1686261 -0.9781547
vn 0.1215677 0.1686261 -0.9781547
vn 0.3254877 0.1372538 -0.9355315
vn 0.3254877 0.1372538 -0.9355315
vn 0.3254877 0.1372538 -0.9355315
vn -0.003921509 0.1294107 -0.9915833
vn -0.003921509 0.1294107 -0.9915833
vn -0.003921509 0.1294107 -0.9915833
vn -0.003921509 0.08235228 -0.9965956
vn -0.003921509 0.08235228 -0.9965956
vn -0.003921509 0.08235228 -0.9965956
vn -0.003921509 0.08235228 -0.9965956
vn 0.06666619 0.08235228 -0.9943711
vn 0.06666619 0.08235228 -0.9943711
vn 0.06666619 0.08235228 -0.9943711
vn -0.7960722 0.1921554 0.5738862
vn -0.7960722 0.1921554 0.5738862
vn -0.7960722 0.1921554 0.5738862
vn -0.9294046 0.1999984 0.3101737
vn -0.9294046 0.1999984 0.3101737
vn -0.9294046 0.1999984 0.3101737
vn -0.1294107 0.4274477 0.8947298
vn -0.1294107 0.4274477 0.8947298
vn -0.1294107 0.4274477 0.8947298
vn 0.4352908 0.0901953 -0.8957604
vn 0.4352908 0.0901953 -0.8957604
vn 0.4352908 0.0901953 -0.8957604
vn 0.03529388 0.1764692 -0.9836732
vn 0.03529388 0.1764692 -0.9836732
vn 0.03529388 0.1764692 -0.9836732
vn -0.003921509 0.1764692 -0.9842983
vn -0.003921509 0.1764692 -0.9842983
vn -0.003921509 0.1764692 -0.9842983
vn -0.03529382 0.1764692 -0.9836732
vn -0.03529382 0.1764692 -0.9836732
vn -0.02745068 -0.960777 0.2759602
vn -0.02745068 -0.960777 0.2759602
vn -0.02745068 -0.960777 0.2759602
vn -0.003921509 -0.9686201 0.2485151
vn -0.003921509 -0.9686201 0.2485151
vn -0.003921509 -0.9686201 0.2485151
vn -0.003921509 -0.9686201 0.2485151
vn -0.003921509 -0.9686201 0.2485151
vn -0.003921509 -0.9686201 0.2485151
vn -0.003921509 -0.9686201 0.2485151
vn -0.003921509 -0.960777 0.2772944
vn -0.003921509 -0.960777 0.2772944
vn -0.003921509 -0.960777 0.2772944
vn -0.003921509 -0.960777 0.2772944
vn -0.003921509 -0.960777 0.2772944
vn -0.003921509 -0.960777 0.2772944
vn 0.0274508 -0.960777 0.2759602
vn -0.003921509 -0.9686201 0.2485151
vn -0.003921509 -0.9686201 0.2485151
vn -0.003921509 -0.9686201 0.2485151
vn -0.003921509 -0.9686201 0.2485151
vn -0.003921509 -0.9686201 0.2485151
vn -0.003921509 -0.9686201 0.2485151
vn -0.003921509 -0.9686201 0.2485151
vn -0.003921509 -0.9686201 0.2485151
vn -0.003921509 -0.9686201 0.2485151
vn -0.7725431 -0.5686231 0.2825685
vn -0.7725431 -0.5686231 0.2825685
vn -0.7725431 -0.5686231 0.2825685
vn -0.3490169 0.1058815 -0.9311156
vn -0.5529369 0.1450969 -0.8204923
vn -0.3882322 0.2156845 -0.8959665
vn -0.4980353 0.1372538 -0.8562256
vn -0.003921509 0.1607831 -0.986982
vn -0.003921509 0.262743 -0.9648579
vn -0.6470538 0.1294107 -0.7513816
vn -0.5058784 0.4274477 -0.7492499
vn -0.7725431 0.1215676 -0.6232163
vn -0.5137215 0.5058784 -0.6929482
vn -0.8901892 0.08235228 -0.4480863
vn -0.5999954 0.1607831 -0.78368
vn -0.9450908 0.01176453 -0.3265961
vn -0.8980323 -0.3803893 -0.2210022
vn -0.9607769 0.03529382 -0.2750673
vn -0.9058753 -0.3333308 0.2613053
vn -0.9843061 -0.03529388 -0.1729042
vn -0.4352907 0.5215646 -0.7338204
vn 0.1999985 0.4039184 -0.8926648
vn -0.5843092 0.6313677 -0.5098603
vn -0.09803843 0.9529338 -0.2868896
vn -0.6392107 0.2470568 -0.7282668
vn -0.5764661 0.3568599 -0.7350767
vn -0.2705861 0.4196045 -0.8664382
vn -0.3411738 0.6784261 -0.6506447
vn 0.45882 0.8588169 0.2278546
vn -0.5058784 0.2470568 -0.8264683
vn -0.466663 -0.05098003 -0.8829647
vn -0.003921509 0.02745068 -0.9996155
vn -0.9921492 0.08235228 -0.09411696
vn -0.670583 -0.7333277 -0.1120217
vn -0.874503 -0.2156847 -0.4344244
vn -0.7019553 -0.450977 -0.5512518
vn -0.9607769 0.003921509 0.2772946
vn -0.8980323 -0.3803893 -0.2210022
vn -0.9058753 -0.3333308 0.2613053
vn -0.4745061 -0.7176416 0.5097396
vn -0.7725431 -0.3725462 0.5141853
vn -0.5137215 -0.5137216 -0.6871538
vn -0.5999954 0.1607831 -0.78368
vn -0.1999984 0.9764631 -0.08074968
vn -0.874503 -0.2156847 -0.4344244
vn -0.2156845 0.8274446 -0.5184744
vn -0.9921492 0.08235228 -0.09411696
vn -0.1215676 0.8588169 0.4976494
vn -0.9607769 0.003921509 0.2772946
vn -0.7725431 -0.3725462 0.5141853
vn 0.05098003 0.466663 0.8829647
vn -0.4745061 -0.7176416 0.5097396
vn 0.2784293 0.1058815 0.9546027
vn -0.003921509 0.6235245 -0.781794
vn -0.7019553 -0.450977 -0.5512518
vn 0.15294 0.45882 -0.8752677
vn -0.5137215 -0.5137216 -0.6871538
vn 0.5294077 0.8352877 0.1483979
vn 0.1999985 0.4039184 -0.8926648
vn -0.09803843 0.9529338 -0.2868896
vn 0.45882 0.8588169 0.2278546
vn -0.5999954 0.1607831 -0.78368
vn -0.9058753 -0.3333308 0.2613053
vn -0.3019584 -0.8901893 -0.3411512
vn -0.3019584 -0.8901893 -0.3411512
vn -0.3019584 -0.8823462 -0.3609519
vn -0.2549 -0.9058754 -0.3382538
vn -0.2470568 -0.9137185 -0.3226165
vn -0.2392138 -0.8980324 -0.3692081
vn -0.3098015 -0.7725431 -0.5542564
vn -0.262743 -0.9215616 -0.2858153
vn -0.5137215 -0.2313708 -0.8261706
vn -0.2549 -0.1921554 -0.9476826
vn -0.4980353 -0.3098016 -0.8099283
vn -0.2470568 0.05882299 -0.9672139
vn -0.7254846 -0.4196047 -0.545531
vn -0.7725431 -0.4666631 -0.4305842
vn -0.3960754 -0.4980354 -0.7714175
vn -0.2156845 -0.5215647 -0.8255001
vn -0.1450969 -0.9058754 -0.3979152
vn -0.2784292 -0.5921524 -0.7561963
vn -0.5450938 -0.5215647 -0.6563864
vn -0.5607799 -0.5215647 -0.6430367
vn -0.5607799 -0.6705831 -0.4856379
vn -0.6470538 -0.6235247 -0.4387919
vn -0.5843092 -0.3098016 -0.7500705
vn -0.6313677 -0.5372508 -0.5592284
vn -0.6313677 -0.5686231 -0.5272974
vn -0.6156815 -0.5764662 -0.5372365
vn -0.5450938 -0.5215647 -0.6563864
vn -0.7176415 -0.56078 -0.4129364
vn -0.7333276 -0.5843093 -0.347582
vn -0.7568569 -0.5921524 -0.2766283
vn -0.7803861 -0.5294077 -0.3327536
vn -0.1450969 -0.5450939 -0.8257236
vn -0.1607831 -0.1764693 -0.9710857
vn -0.1058815 -0.1764693 -0.9785948
vn -0.1607831 -0.5294077 -0.8329924
vn -0.1372538 -0.9372478 -0.3205122
vn -0.1058815 -0.9294047 -0.3535478
vn -0.1607831 -0.5372508 -0.8279555
vn -0.1058815 -0.1843123 -0.9771479
vn -0.1215676 0.04313684 -0.9916453
vn -0.07450914 0.05882299 -0.9954839
vn -0.2078415 -0.5372508 -0.8174126
vn -0.2941153 -0.9058754 -0.3047718
vn -0.2078415 -0.9294047 -0.3049735
vn -0.1921554 -0.9686201 0.1576434
vn -0.09803843 -0.9843062 0.1467301
vn -0.1058815 -0.1764693 -0.9785948
vn -0.05097997 0.05097997 -0.9973977
vn -0.02745068 0.02745068 -0.9992462
vn -0.2862723 -0.5215647 -0.8037528
vn -0.1215676 -0.1764693 -0.9767702
vn -0.3176446 -0.5137216 -0.7969894
vn -0.1294107 -0.1764693 -0.975762
vn -0.3019584 -0.4901924 -0.8176384
vn -0.07450914 -0.15294 -0.9854226
vn -0.5215646 -0.8117585 -0.2627137
vn -0.4980353 -0.8352877 -0.2329274
vn -0.02745068 -0.1843123 -0.9824843
vn -0.3019584 -0.4666631 -0.8312922
vn -0.02745068 0.02745068 -0.9992462
vn -0.003921509 0.03529382 -0.9993693
vn 0.05882311 0.08235228 -0.9948658
vn 0.2941154 -0.7176416 -0.631258
vn 0.7176416 -0.4196047 -0.5558079
vn 0.1215677 0.03529382 -0.9919555
vn -0.2156845 -0.6627401 -0.7171163
vn -0.07450914 -0.9843062 -0.1599676
vn 0.4980354 -0.858817 0.1199754
vn -0.2470568 -0.756857 -0.6050872
vn -0.3098015 -0.9215616 -0.2339814
vn -0.1843122 -0.960777 -0.2072114
vn 0.0509143 -0.998703 0
vn -0.5137215 -0.7803862 -0.3564935
vn -0.5372508 -0.7960724 -0.2786224
vn 0.2392139 -0.9686201 0.06746767
vn 0.4823493 -0.8352877 0.2638817
vn 0.7333277 -0.6235247 0.2710119
vn 0.6392108 -0.6705831 0.3764676
vn -0.5529369 -0.8117585 0.1879066
vn -0.3490169 -0.8431308 -0.4090447
vn -0.3960754 -0.9058754 0.1500464
vn -0.2941153 -0.9294047 0.222942
vn -0.3019584 -0.9137185 0.2719183
vn -0.2549 -0.9294047 0.2668949
vn -0.2549 -0.6705831 -0.6966665
vn -0.2941153 -0.6862693 -0.6652298
vn -0.1921554 -0.7019554 -0.6858096
vn -0.5607799 -0.7960724 0.2275845
vn -0.5294076 -0.8196016 0.2190452
vn -0.4745061 -0.8274447 0.3002986
vn -0.4196045 -0.8666601 -0.2698748
vn -0.4352907 -0.8823462 0.1788496
vn -0.2784292 -0.858817 -0.4300123
vn -0.2705861 -0.8352877 -0.4786204
vn -0.2784292 -0.8745031 -0.3971416
vn -0.3019584 -0.8745031 -0.3795595
vn -0.2549 -0.8823462 -0.3955896
vn -0.2941153 -0.9450908 0.1424763
vn -0.1921554 -0.9764631 0.09795943
vn -0.0901953 -0.9921493 0.086629
vn -0.1450969 -0.9843062 0.1004398
vn -0.2470568 -0.960777 0.1259782
vn -0.01960766 -0.9921493 0.1235125
vn -0.1843122 -0.9529339 -0.2407197
vn -0.2392138 -0.8980324 -0.3692081
vn -0.2470568 -0.9137185 -0.3226165
vn -0.1607831 -0.9843062 -0.07273301
vn -0.262743 -0.9215616 -0.2858153
vn -0.8823462 -0.2862723 0.373515
vn -0.003921509 -0.5999954 0.7999938
vn -0.003921509 -0.5921524 0.8058165
vn -0.9058753 -0.4196047 0.05763529
vn -0.003921509 -0.8980324 0.4399119
vn -0.003921509 -0.9686201 -0.2485151
vn -0.5215646 -0.7254847 -0.449046
vn -0.4823492 -0.5294077 -0.6979017
vn -0.3333308 -0.7019554 -0.6294038
vn -0.6470538 -0.6627401 -0.3769576
vn -0.262743 -0.4745062 -0.840125
vn -0.2313707 -0.7803862 -0.5809173
vn -0.2078415 -0.7803862 -0.589745
vn -0.1764692 -0.4666631 -0.8666511
vn -0.3019584 -0.7882293 -0.5362049
vn -0.1999984 -0.4823493 -0.8528422
vn -0.3098015 -0.4980354 -0.8099282
vn -0.4509768 -0.7490139 -0.4853845
vn -0.2941153 -0.5137216 -0.8059692
vn -0.5058784 -0.7097985 -0.4901766
vn -0.5921522 -0.7960724 -0.1249983
vn -0.670583 -0.7411708 -0.03137278
vn -0.5372508 -0.8352877 0.116859
vn -0.66274 -0.7176416 0.2139304
vn -0.4980353 -0.8352877 -0.2329274
vn -0.6156815 -0.7176416 -0.325464
vn -0.7568569 -0.56078 -0.3356983
vn -0.6470538 -0.6941124 -0.3154828
vn -0.5215646 -0.8117585 -0.2627137
vn -0.7803861 -0.5764662 -0.2422483
vn -0.3803892 -0.8980324 -0.2210022
vn -0.2784292 -0.9294047 -0.242248
vn -0.2784292 -0.9215616 -0.2705576
vn -0.3411738 -0.8823462 -0.3241383
vn -0.4274477 -0.8196016 -0.3814993
vn -0.5058784 -0.8352877 -0.2153633
vn -0.3333308 -0.9058754 -0.2613049
vn -0.2862723 -0.8980324 -0.3340451
vn -0.003921509 -0.960777 -0.2772944
vn -0.003921509 -0.9999924 0
vn -0.3098015 -0.9450908 -0.1040497
vn -0.5058784 -0.858817 -0.08074894
vn -0.4196045 -0.9058754 0.05763425
vn -0.3411738 -0.9058754 0.2509784
vn -0.003921509 -0.9372478 0.3486421
vn -0.45882 -0.7333277 0.5017117
vn -0.003921509 -0.7490139 0.6625427
vn -0.8274446 -0.4117616 0.3818218
vn -0.003921509 -0.6156816 0.7879853
vn -0.874503 -0.4823493 0.05082935
vn -0.8509738 -0.5215647 0.061756
vn -0.7254846 -0.6470539 0.2345066
vn -0.003921509 -0.9058754 0.423526
vn -0.003921509 -0.9058754 -0.423526
vn -0.8352877 -0.4901924 -0.2490099
vn -0.003921509 -0.8117585 -0.5839801
vn -0.670583 -0.6392108 -0.3764677
vn -0.003921509 -0.7882293 -0.6153691
vn -0.4117615 -0.7803862 -0.4705845
vn -0.003921509 -0.858817 -0.5122675
vn -0.2705861 -0.858817 -0.4349903
vn -0.1999984 -0.9137185 -0.3537218
vn -0.003921509 -0.9294047 -0.3690414
vn -0.5372508 -0.8431308 0.02218189
vn -0.3725461 -0.9137185 -0.1622586
vn -0.3960754 -0.9058754 -0.1500464
vn -0.466663 -0.8823462 0.06075178
vn -0.4431338 -0.858817 -0.2570327
vn -0.4431338 -0.8901893 -0.1058084
vn -0.5137215 -0.8352877 0.1959199
vn -0.4352907 -0.8823462 0.1788496
vn -0.4039184 -0.9058754 0.1274346
vn -0.262743 -0.9137185 -0.3099751
vn -0.3960754 -0.8352877 0.381338
vn -0.3254876 -0.9058754 0.2710119
vn -0.3176446 -0.8980324 0.3043679
vn -0.3647031 -0.9294047 0.05655638
vn -0.4274477 -0.8901893 -0.1576438
vn -0.45882 -0.8352877 -0.3029498
vn -0.4823492 -0.8274447 -0.2875319
vn -0.4196045 -0.8980324 -0.1321739
vn -0.3411738 -0.9215616 0.1852693
vn -0.2941153 -0.9058754 0.3047718
vn -0.2862723 -0.9058754 0.3121504
vn -0.3254876 -0.7333277 0.5968989
vn -0.4117615 -0.7960724 0.4435327
vn -0.3176446 -0.9058754 0.2801635
vn -0.4352907 -0.8745031 0.2139306
vn -0.1764692 -0.7803862 0.5998799
vn -0.3960754 -0.8823462 0.2541445
vn -0.1607831 -0.8274447 0.5380373
vn -0.5450938 -0.8352877 0.07188273
vn -0.5215646 -0.8196016 0.2371151
vn -0.66274 -0.7411708 0.1069651
vn -0.1999984 -0.858817 0.4716291
vn -0.1607831 -0.9372478 0.3093792
vn -0.4509768 -0.8901893 -0.06467561
vn -0.874503 -0.4823493 -0.05082935
vn -0.7568569 -0.6313677 -0.1689449
vn -0.9450908 -0.2235277 -0.2384088
vn -0.9137185 -0.247057 -0.3226165
vn -0.04313684 -0.9921493 -0.1173839
vn -0.04313684 -0.9921493 0.1173839
vn 0.1843123 -0.9764631 0.1120209
vn 0.349017 -0.8117585 0.4682257
vn 0.3019585 -0.8352877 0.459473
vn 0.2078416 -0.9764631 0.05763374
vn -0.9215615 -0.2392139 -0.3057795
vn -0.9607769 0.03529382 -0.2750673
vn -0.8588169 -0.4431339 -0.257033
vn -0.7646999 -0.6313677 -0.1288752
vn -0.9686199 -0.2078416 -0.1362984
vn -0.8014051 -0.5981219 0
vn -0.5215646 -0.8509739 -0.061756
vn -0.3647031 -0.9294047 -0.05655638
vn -0.4901923 -0.8666601 0.0928001
vn -0.262743 -0.9450908 0.1943436
vn -0.2156845 -0.9764631 0
vn -0.1215676 -0.9764631 0.1781603
vn -0.2313707 -0.9450908 0.2308048
vn -0.1215676 -0.9686201 0.2167867
vn -0.003921509 -0.9764631 0.2156487
vn -0.003921509 -0.9843062 0.1764254
vn -0.1523506 -0.9883265 0
vn -0.003921509 -0.9999924 0
vn -0.2470568 -0.9450908 -0.2139304
vn -0.003921509 -0.960777 -0.2772944
vn -0.003921509 -0.9843062 -0.1764254
vn -0.08235228 -0.9450908 0.3162616
vn -0.003921509 -0.9450908 0.3267842
vn -0.2313707 -0.9215616 0.311756
vn -0.3568599 -0.858817 0.3675383
vn -0.1843122 -0.8980324 0.3994582
vn -0.003921509 -0.9137185 0.4063288
vn -0.3960754 -0.7254847 0.5628465
vn -0.1999984 -0.7647001 0.6125638
vn -0.003921509 -0.7490139 0.6625427
vn -0.5843092 -0.6470539 0.4897999
vn -0.4117615 -0.8666601 0.2816963
vn -0.6862692 -0.6078385 0.3994583
vn -0.86666 -0.2705862 0.4191463
vn -0.7725431 -0.6078385 0.1836016
vn -0.9529338 -0.2313708 0.1959203
vn -0.9764631 -0.1294108 0.1725477
vn -0.9764631 -0.2156847 -8.631674E-05
vn -0.9921492 -0.1137246 0.05202504
vn -0.9843061 -0.03529388 -0.1729042
vn -0.9215615 -0.15294 0.3568386
vn -0.7411708 -0.3411739 0.5781577
vn -0.7568569 -0.2392139 0.6082305
vn -0.4980353 -0.5215647 0.6927706
vn -0.5450938 -0.4745062 0.6911705
vn -0.2078415 -0.5999954 0.7725331
vn -0.1843122 -0.6156816 0.7661365
vn -0.003921509 -0.5843093 0.8115216
vn -0.003921509 -0.5843093 0.8115216
vn -0.9450908 0.01176453 -0.3265961
vn -0.9607769 -0.15294 -0.2313375
vn -0.8901892 0.08235228 -0.4480863
vn -0.9372476 -0.09019542 -0.3367962
vn -0.9137185 -0.3647031 -0.1791932
vn -0.8980323 -0.3411739 -0.2777379
vn -0.8588169 -0.04313695 -0.5104633
vn -0.8274446 -0.3411739 -0.4460223
vn -0.7333276 -0.03529388 -0.6789587
vn -0.7019553 -0.3647031 -0.6117601
vn -0.6313677 -0.7097985 -0.3123475
vn -0.5450938 -0.6941124 -0.4701923
vn -0.5764661 -0.4666631 -0.6707551
vn -0.45882 -0.7254847 -0.5129875
vn -0.4509768 -0.7254847 -0.519896
vn -0.5529369 -0.5137216 -0.6560113
vn -0.4117615 -0.756857 -0.5075628
vn -0.5372508 -0.552937 -0.6368849
vn -0.6235245 -0.05098003 -0.7801399
vn -0.5686231 -0.05882311 -0.8204923
vn -0.5450938 -0.05882311 -0.8363089
vn -0.6470538 0.1294107 -0.7513816
vn -0.7725431 0.1215676 -0.6232163
vn -0.5529369 0.1450969 -0.8204923
vn -0.4039184 -0.8196016 -0.4063289
vn -0.4196045 -0.858817 -0.29388
vn -0.4431338 -0.8431308 -0.3045698
vn -0.4117615 -0.8352877 -0.3643444
vn -0.3019584 -0.8745031 -0.3795595
vn -0.3882322 0.2156845 -0.8959665
vn -0.3333308 -0.8431308 -0.4219254
vn -0.3333308 -0.8431308 -0.4219254
vn -0.3490169 -0.8509739 -0.3924673
vn -0.262743 -0.8666601 -0.4241067
vn -0.2549 -0.8666601 -0.4288664
vn -0.2549 -0.8823462 -0.3955896
vn -0.262743 -0.8823462 -0.3904245
vn -0.2313707 -0.8745031 -0.4262767
vn -0.3803892 -0.8117585 -0.4431165
vn -0.3176446 -0.8196016 -0.4768177
vn -0.2705861 -0.9058754 -0.3258417
vn -0.3725461 -0.8274447 -0.4201722
vn -0.3490169 -0.8274447 -0.4399119
vn -0.3568599 -0.8509739 -0.3853498
vn -0.2784292 -0.9215616 -0.2705576
vn -0.3647031 -0.8352877 -0.4114439
vn -0.1843122 -0.9764631 -0.1120212
vn -0.1058815 -0.9921493 -0.06655016
vn -0.1921554 -0.8666601 -0.4604092
vn -0.3647031 -0.756857 -0.5423645
vn -0.3333308 -0.6313677 -0.7001895
vn -0.4509768 -0.56078 -0.6943671
vn -0.4117615 -0.7411708 -0.5302059
vn -0.3882322 -0.8352877 -0.38932
vn -0.3960754 -0.8117585 -0.4291531
vn -0.4823492 -0.7882293 -0.3821438
vn -0.5372508 -0.5450939 -0.6436104
vn -0.3960754 -0.5999954 -0.6950753
vn -0.4509768 -0.8352877 -0.3145064
vn -0.3176446 -0.8666601 -0.3847106
vn -0.2470568 -0.6078385 -0.7546492
vn -0.2078415 -0.8980324 -0.3877367
vn -0.1999984 -0.9450908 -0.2584646
vn -0.003921509 -0.9686201 -0.2485151
vn -0.003921509 -0.9137185 -0.4063288
vn -0.2862723 -0.9137185 -0.2883863
vn -0.003921509 -0.6392108 -0.7690216
vn -0.1529399 -0.6156816 -0.7730107
vn -0.2549 -0.9137185 -0.3164561
vn -0.4039184 -0.8509739 -0.3356983
vn -0.3960754 -0.8352877 -0.381338
vn -0.3882322 -0.8352877 -0.38932
vn -0.3568599 -0.8666601 -0.3486421
vn -0.4039184 -0.8274447 -0.3901093
vn -0.003921509 -0.3176447 -0.9482017
vn -0.1137246 -0.3176447 -0.9413653
vn -0.003921509 -0.1921554 -0.9813567
vn -0.09803843 -0.2078416 -0.973237
vn -0.1686261 -0.09803849 -0.9807924
vn -0.1921554 -0.247057 -0.9497575
vn -0.2470568 0.06666613 -0.966705
vn -0.3019584 -0.1372539 -0.9433888
vn -0.4509768 -0.1058816 -0.886233
vn -0.4352907 -0.3647031 -0.8231122
vn -0.3882322 0.07450914 -0.9185445
vn -0.4039184 -0.2941154 -0.8662252
vn -0.2705861 -0.5843093 -0.765092
vn -0.3098015 -0.5999954 -0.7375829
vn -0.2078415 -0.858817 -0.4682257
vn -0.08235228 -0.9921493 -0.09411645
vn -0.1058815 -0.9921493 -0.06655016
vn -0.1999984 -0.8431308 -0.4991303
vn -0.06666613 -0.9921493 -0.1058084
vn -0.1215676 -0.9921493 0.02934465
vn -0.1529399 -0.9764631 0.1520828
vn -0.1058815 -0.960777 0.2563137
vn -0.08235228 -0.8431308 0.5313647
vn -0.1529399 -0.9137185 0.3764676
vn -0.2078415 -0.9764631 0.05763374
vn -0.2470568 -0.9686201 0.02716771
vn -0.3019584 -0.9215616 -0.2440191
vn -0.3176446 -0.8666601 -0.3847106
vn -0.3254876 -0.8274447 -0.457595
vn -0.2862723 -0.8117585 -0.509015
vn -0.2156845 -0.9764631 0
vn -0.2705861 -0.8509739 -0.4501406
vn -0.1137246 -0.9921493 -0.0520243
vn -0.1686261 -0.8745031 -0.4547631
vn -0.2470568 -0.7960724 -0.5524778
vn -0.1921554 -0.8117585 -0.5514748
vn -0.1294107 -0.9058754 0.4032896
vn -0.06666613 -0.858817 0.5079262
vn -0.003921509 -0.9999924 0
vn -0.003921509 -0.9058754 -0.423526
vn -0.2156845 -0.8823462 -0.4182647
vn -0.1843122 -0.8980324 -0.3994582
vn -0.003921509 -0.8274447 -0.5615336
vn -0.003921509 -0.9137185 -0.4063288
vn -0.2941153 -0.8980324 -0.3271607
vn -0.1921554 -0.8980324 -0.3957451
vn -0.003921509 -0.9137185 -0.4063288
vn -0.003921509 -0.9372478 -0.3486421
vn -0.262743 -0.8980324 -0.3528513
vn -0.3490169 -0.7333277 -0.5834532
vn -0.003921509 -0.7960724 -0.6051888
vn -0.003921509 -0.2078416 -0.9781547
vn -0.2941153 -0.1215677 -0.9480071
vn -0.003921509 0.262743 -0.9648579
vn -0.4823492 -0.6470539 -0.5904748
vn -0.4431338 -0.06666619 -0.8939732
vn -0.01176453 -0.5294077 0.848286
vn 0.1294108 -0.5921524 0.7953668
vn 0.145097 -0.5921524 0.7926553
vn -0.02745068 -0.5215647 0.8527701
vn -0.262743 -0.45882 0.8487934
vn -0.2862723 -0.45882 0.8411494
vn -0.5058784 -0.5294077 0.6810392
vn -0.5215646 -0.5294077 0.6691023
vn -0.5999954 -0.6705831 0.4362612
vn -0.6941123 -0.4666631 0.5481183
vn 0.2078416 -0.7097985 0.6730438
vn 0.2549 -0.7097985 0.6566674
vn -0.7725431 -0.5450939 0.3256529
vn -0.7411708 -0.6705831 0.03137136
vn -0.7097985 -0.6235247 -0.3277242
vn -0.5137215 -0.4745062 -0.7147965
vn -0.2784292 -0.3333308 -0.9007595
vn -0.1529399 -0.3647031 -0.9184776
vn -0.1686261 -0.3333308 -0.9276076
vn -0.1921554 -0.3333308 -0.9230205
vn -0.1999984 -0.3647031 -0.9093912
vn 0.2078416 -0.7960724 -0.5683931
vn -0.4274477 -0.7647001 -0.4822057
vn -0.3254876 -0.9058754 0.2710119
vn -0.003921509 -0.5843093 0.8115216
vn -0.01176453 -0.5999954 0.7999169
vn -0.003921509 -0.858817 0.5122675
vn -0.05097997 -0.7254847 0.6863476
vn -0.4108527 -0.9117018 0
vn -0.6784261 -0.7176416 -0.1572529
vn -0.8588169 -0.5058785 -0.08074968
vn 0.349017 0.003921509 0.9371082
vn 0.349017 0.003921509 0.9371082
vn 0.349017 0.003921509 0.9371082
vn 0.349017 0.003921509 0.9371082
vn 0.003921568 0.003921509 0.9999846
vn 0.003921568 0.003921509 0.9999846
vn 0.003921568 0.003921509 0.9999846
vn 0.003921568 0.003921509 0.9999846
vn -0.262743 0.003921509 0.9648579
vn -0.262743 0.003921509 0.9648579
vn -0.262743 0.003921509 0.9648579
vn -0.262743 0.003921509 0.9648579
vn -0.8823462 -0.003921568 -0.4705847
vn -0.8823462 -0.003921568 -0.4705847
vn -0.8823462 -0.003921568 -0.4705847
vn -0.8823462 0.003921509 -0.4705847
vn -0.3725461 0.003921509 -0.9280054
vn -0.3725461 0.003921509 -0.9280054
vn -0.3725461 0.003921509 -0.9280054
vn -0.3725461 -0.003921568 -0.9280054
vn -0.1294107 0.003921509 -0.9915833
vn -0.1294107 0.003921509 -0.9915833
vn -0.1294107 0.003921509 -0.9915833
vn -0.1294107 0.003921509 -0.9915833
vn -0.05882299 0.003921509 -0.9982607
vn -0.05882299 0.003921509 -0.9982607
vn -0.05882299 0.003921509 -0.9982607
vn -0.05882299 0.003921509 -0.9982607
vn -0.02745068 0.003921509 -0.9996155
vn -0.02745068 0.003921509 -0.9996155
vn -0.02745068 0.003921509 -0.9996155
vn -0.02745068 0.003921509 -0.9996155
vn 0.08235234 0.003921509 -0.9965956
vn 0.08235234 0.003921509 -0.9965956
vn 0.08235234 0.003921509 -0.9965956
vn 0.08235234 0.003921509 -0.9965956
vn 0.9686201 0.003921509 0.2485151
vn 0.9686201 0.003921509 0.2485151
vn 0.9686201 0.003921509 0.2485151
vn 0.9686201 0.003921509 0.2485151
vn 0.9529339 0.003921509 0.3031528
vn 0.9529339 0.003921509 0.3031528
vn -0.9921492 0.003921509 -0.1249981
vn -0.9921492 0.003921509 -0.1249981
vn -0.9921492 0.003921509 -0.1249981
vn -0.9921492 0.003921509 -0.1249981
vn -0.7882292 0.003921509 0.6153693
vn -0.7882292 0.003921509 0.6153693
vn -0.7882292 0.003921509 0.6153693
vn -0.7882292 0.003921509 0.6153693
vn 0.8352877 0.003921509 0.549799
vn 0.8352877 0.003921509 0.549799
vn 0.8352877 0.003921509 0.549799
vn 0.8352877 0.003921509 0.549799
vn 0.45882 0.003921509 0.8885205
vn 0.45882 0.003921509 0.8885205
vn 0.45882 0.003921509 0.8885205
vn 0.45882 0.003921509 0.8885205
vn -0.6235245 0.003921509 0.781794
vn -0.6235245 0.003921509 0.781794
vn -0.6235245 0.003921509 0.781794
vn -0.6235245 0.003921509 0.781794
vn -0.3091745 -0.9510054 0
vn -0.3091745 -0.9510054 0
vn -0.3091745 -0.9510054 0
vn -0.3176446 -0.9450908 -0.07684537
vn -0.3176446 -0.9450908 -0.07684537
vn -0.285553 -0.9583629 0
vn -0.285553 -0.9583629 0
vn -0.2941153 -0.9529339 -0.07357428
vn -0.3326154 -0.9430625 0
vn -0.3326154 -0.9430625 0
vn -0.3326154 -0.9430625 0
vn -0.3720657 -0.9282063 0
vn -0.3720657 -0.9282063 0
vn -0.3720657 -0.9282063 0
vn -0.348974 -0.9371325 0
vn -0.348974 -0.9371325 0
vn -0.3411738 -0.9372478 0.07188273
vn -0.3411738 -0.9372478 0.07188273
vn -0.3647031 -0.9294047 -0.05655638
vn -0.3647031 -0.9294047 -0.05655638
vn -0.3647031 -0.9294047 -0.05655638
vn -0.3647031 -0.9294047 -0.05655638
vn -0.3647031 -0.9215616 -0.1331012
vn -0.3647031 -0.9215616 -0.1331012
vn -0.3803892 -0.9215616 0.07764209
vn -0.3803892 -0.9215616 0.07764209
vn -0.3803892 -0.9215616 0.07764209
vn -0.3411738 -0.9372478 -0.07188273
vn -0.3411738 -0.9372478 -0.07188273
vn -0.3411738 -0.9372478 -0.07188273
vn -0.3411738 -0.9372478 -0.07188273
vn -0.3411738 -0.9372478 -0.07188273
vn -0.3333308 -0.9372478 -0.1022608
vn -0.3333308 -0.9372478 -0.1022608
vn -0.3333308 -0.9372478 -0.1022608
vn -0.3333308 -0.9372478 -0.1022608
vn -0.3333308 -0.9372478 -0.1022608
vn -0.2392138 -0.960777 0.1403008
vn -0.2392138 -0.960777 0.1403008
vn -0.2392138 -0.960777 0.1403008
vn -0.2941153 -0.9450908 -0.1424763
vn -0.2941153 -0.9450908 -0.1424763
vn -0.2941153 -0.9450908 -0.1424763
vn 0.349017 0.003921509 0.9371082
vn 0.349017 0.003921509 0.9371082
vn 0.349017 0.003921509 0.9371082
vn 0.349017 0.003921509 0.9371082
vn 0.349017 0.003921509 0.9371082
vn 0.349017 0.003921509 0.9371082
vn 0.003921568 0.003921509 0.9999846
vn 0.003921568 0.003921509 0.9999846
vn 0.003921568 0.003921509 0.9999846
vn 0.003921568 0.003921509 0.9999846
vn 0.003921568 0.003921509 0.9999846
vn 0.003921568 0.003921509 0.9999846
vn -0.262743 0.003921509 0.9648579
vn -0.262743 0.003921509 0.9648579
vn -0.262743 0.003921509 0.9648579
vn -0.262743 0.003921509 0.9648579
vn -0.8823462 0.003921509 -0.4705847
vn -0.8823462 0.003921509 -0.4705847
vn -0.8823462 0.003921509 -0.4705847
vn -0.8823462 0.003921509 -0.4705847
vn -0.3725461 0.003921509 -0.9280054
vn -0.3725461 0.003921509 -0.9280054
vn -0.3725461 0.003921509 -0.9280054
vn -0.3333308 -0.01960772 -0.942606
vn -0.3333308 -0.01960772 -0.942606
vn -0.3333308 -0.01960772 -0.942606
vn -0.1294107 -0.003921568 -0.9915833
vn -0.1294107 -0.003921568 -0.9915833
vn -0.1294107 -0.003921568 -0.9915833
vn -0.1372538 -0.003921568 -0.9905282
vn -0.05882299 -0.003921568 -0.9982607
vn -0.05882299 -0.003921568 -0.9982607
vn -0.05882299 -0.003921568 -0.9982607
vn -0.05882299 0.003921509 -0.9982607
vn -0.05882299 0.003921509 -0.9982607
vn -0.05882299 0.003921509 -0.9982607
vn -0.02745068 0.003921509 -0.9996155
vn -0.02745068 0.003921509 -0.9996155
vn -0.02745068 0.003921509 -0.9996155
vn -0.02745068 0.003921509 -0.9996155
vn -0.02745068 0.003921509 -0.9996155
vn -0.02745068 0.003921509 -0.9996155
vn -0.02745068 0.003921509 -0.9996155
vn -0.02745068 0.003921509 -0.9996155
vn -0.02745068 0.003921509 -0.9996155
vn -0.02745068 0.003921509 -0.9996155
vn 0.08235234 -0.003921568 -0.9965956
vn 0.08235234 -0.003921568 -0.9965956
vn 0.08235234 -0.003921568 -0.9965956
vn 0.07450926 0.003921509 -0.9972126
vn 0.07450926 0.003921509 -0.9972126
vn 0.07450926 0.003921509 -0.9972126
vn 0.9686201 0.003921509 0.2485151
vn 0.9686201 0.003921509 0.2485151
vn 0.9686201 0.003921509 0.2485151
vn 0.9686201 0.003921509 0.2485151
vn 0.9529339 0.003921509 0.3031528
vn 0.9529339 0.003921509 0.3031528
vn -0.9921492 0.003921509 -0.1249981
vn -0.9921492 0.003921509 -0.1249981
vn -0.9921492 0.003921509 -0.1249981
vn -0.9921492 0.003921509 -0.1249981
vn -0.7882292 0.003921509 0.6153693
vn -0.7882292 0.003921509 0.6153693
vn -0.7882292 0.003921509 0.6153693
vn -0.7882292 0.003921509 0.6153693
vn 0.8352877 0.003921509 0.549799
vn 0.8352877 0.003921509 0.549799
vn 0.8352877 0.003921509 0.549799
vn 0.8352877 0.003921509 0.549799
vn 0.7176416 0.003921509 0.6964016
vn 0.7176416 0.003921509 0.6964016
vn 0.7176416 0.003921509 0.6964016
vn 0.7176416 0.003921509 0.6964016
vn -0.6235245 0.003921509 0.781794
vn -0.6235245 0.003921509 0.781794
vn -0.6235245 0.003921509 0.781794
vn -0.6235245 0.003921509 0.781794
vn 0.7176416 0.003921509 0.6964016
vn 0.7176416 0.003921509 0.6964016
vn 0.7176416 0.003921509 0.6964016
vn 0.7176416 0.003921509 0.6964016
vn 0.45882 0.003921509 0.8885205
vn 0.45882 0.003921509 0.8885205
vn 0.45882 0.003921509 0.8885205
vn 0.45882 0.003921509 0.8885205
vn 0.45882 0.003921509 0.8885205
vn 0.45882 0.003921509 0.8885205
vn -0.9450908 0.003921509 0.3267844
vn -0.9450908 0.003921509 0.3267844
vn -0.9450908 0.003921509 0.3267844
vn -0.9450908 0.003921509 0.3267844
vn -0.9450908 0.003921509 0.3267844
vn -0.9450908 0.003921509 0.3267844
vn -0.9450908 0.003921509 0.3267844
vn -0.9450908 0.003921509 0.3267844
vn -0.4196045 -0.8274447 -0.3731855
vn -0.1921554 -0.9529339 -0.2345064
vn -0.2392138 -0.960777 -0.1403008
vn -0.1999984 -0.9450908 -0.2584646
vn -0.2392138 -0.9686201 -0.06746767
vn -0.3176446 -0.9450908 -0.07684537
vn -0.3254876 -0.9450908 -0.02934465
vn -0.4196045 -0.9058754 -0.05763425
vn -0.4267395 -0.9043746 0
vn -0.4901923 -0.8666601 -0.0928001
vn -0.4980353 -0.8666601 -0.02934566
vn -0.5372508 -0.8431308 -0.02218189
vn -0.5372508 -0.8431308 -0.02218189
vn -0.5372508 -0.8431308 0.02218189
vn -0.5372508 -0.8431308 0.02218189
vn -0.1843122 -0.9372478 -0.2959656
vn -0.1921554 -0.9215616 -0.3373433
vn -0.2156845 -0.9058754 -0.3645132
vn -0.2235277 -0.8980324 -0.3789107
vn -0.2470568 -0.8901893 -0.3827871
vn -0.2470568 -0.8823462 -0.4005348
vn -0.2549 -0.8823462 -0.3955896
vn -0.5372508 -0.8431308 0.02218189
vn -0.5372508 -0.8431308 0.02218189
vn -0.5294076 -0.8431308 0.09411676
vn -0.3568599 -0.9294047 0.09411645
vn 0.35686 -0.9215616 0.1528894
vn 0.5137216 -0.7333277 -0.445332
vn 0.9529339 -0.15294 0.2617753
vn 0.6784262 -0.1764693 -0.7131595
vn -0.2078415 -0.7725431 -0.5999825
vn -0.01960766 -0.06666619 -0.9975827
vn -0.2941153 -0.6862693 -0.6652298
vn -0.05882299 -0.05882311 -0.9965338
vn -0.2941153 -0.6784262 -0.6732266
vn -0.07450914 -0.06666619 -0.9949895
vn -0.3254876 -0.6705831 -0.6666154
vn -0.1215676 -0.07450926 -0.9897826
vn -0.4274477 -0.6705831 -0.6063058
vn -0.2862723 -0.1137246 -0.9513752
vn -0.6313677 -0.5686231 -0.5272974
vn -0.670583 -0.1686262 -0.7224151
vn -0.7882292 -0.5294077 -0.3137231
vn -0.8588169 -0.1843123 -0.4779776
vn 0.8980324 0.1137246 -0.424976
vn 0.8980324 0.1137246 -0.424976
vn 0.8980324 0.1137246 -0.424976
vn 0.4745062 0.1215676 -0.8718172
vn 0.4745062 0.1215676 -0.8718172
vn 0.4745062 0.1215676 -0.8718172
vn 0.2627431 0.5294076 0.8066558
vn 0.2627431 0.5294076 0.8066558
vn 0.2627431 0.5294076 0.8066558
vn 0.3019585 0.4823492 0.8222897
vn 0.3019585 0.4823492 0.8222897
vn 0.3019585 0.4823492 0.8222897
vn 0.3019585 0.4509768 0.8399053
vn 0.3019585 0.4509768 0.8399053
vn 0.3254877 0.5058784 0.7988396
vn 0.3254877 0.5058784 0.7988396
vn 0.05098003 0.4117615 0.9098645
vn 0.05098003 0.4117615 0.9098645
vn 0.05098003 0.4117615 0.9098645
vn -0.09803843 0.1607831 -0.9821086
vn -0.09803843 0.1607831 -0.9821086
vn -0.09803843 0.1607831 -0.9821086
vn -0.1058815 0.1686261 -0.9799767
vn -0.1058815 0.1686261 -0.9799767
vn -0.1215676 0.1686261 -0.9781547
vn -0.1843122 0.1686261 -0.9682945
vn -0.1843122 0.1686261 -0.9682945
vn -0.1843122 0.1686261 -0.9682945
vn -0.003921509 0.1294107 -0.9915833
vn -0.003921509 0.1294107 -0.9915833
vn -0.003921509 0.1294107 -0.9915833
vn -0.003921509 0.08235228 -0.9965956
vn -0.003921509 0.08235228 -0.9965956
vn -0.003921509 0.08235228 -0.9965956
vn -0.003921509 0.08235228 -0.9965956
vn -0.3254876 0.1372538 -0.9355315
vn -0.3254876 0.1372538 -0.9355315
vn -0.3254876 0.1372538 -0.9355315
vn -0.06666613 0.08235228 -0.9943711
vn -0.06666613 0.08235228 -0.9943711
vn -0.06666613 0.08235228 -0.9943711
vn 0.9294047 0.1999984 0.3101735
vn 0.9294047 0.1999984 0.3101735
vn 0.9294047 0.1999984 0.3101735
vn 0.7960724 0.1921554 0.573886
vn 0.7960724 0.1921554 0.573886
vn 0.7960724 0.1921554 0.573886
vn 0.1294108 0.4274477 0.8947297
vn 0.1294108 0.4274477 0.8947297
vn 0.1294108 0.4274477 0.8947297
vn -0.4352907 0.0901953 -0.8957605
vn -0.4352907 0.0901953 -0.8957605
vn -0.4352907 0.0901953 -0.8957605
vn 0.7725431 -0.5686231 0.2825683
vn 0.7725431 -0.5686231 0.2825683
vn 0.7725431 -0.5686231 0.2825683
vn -0.03529382 -0.6627401 0.7480174
vn -0.01176453 -0.6392108 0.7689416
vn -0.02745068 -0.6156816 0.7875168
vn -0.1764692 -0.450977 0.8749162
vn -0.1372538 -0.56078 0.8165091
vn -0.3647031 -0.1999985 0.9093912
vn -0.1529399 -0.45882 0.8752677
vn 0.01960772 -0.7254847 0.687959
vn -0.1215676 -0.4352908 0.8920444
vn 0.003921568 -0.6941124 0.719856
vn 0.06666619 -0.7882293 0.61176
vn -0.01960766 -0.3647031 0.9309174
vn 0.1058816 -0.5921524 0.7988396
vn 0.07450926 -0.3411739 0.9370425
vn 0.1372539 -0.56078 0.8165091
vn 0.1686262 -0.6313677 0.756928
vn 0.1921554 -0.2941154 0.9362544
vn 0.145097 -0.2235277 0.9638372
vn 0.003921568 -0.1058816 0.994371
vn 0.3411739 -0.4039185 0.8487933
vn 0.349017 -0.5686231 0.7448859
vn 0.349017 -0.2705862 0.8972014
vn -0.1215676 -0.1372539 0.9830477
vn -0.2392138 -0.1607831 0.9575623
vn -0.2941153 -0.1764693 0.9393374
vn 0.003921568 -0.7333277 0.679864
vn 0.1137246 -0.7882293 0.604782
vn 0.03529388 -0.6627401 0.7480174
vn 0.0274508 -0.6156816 0.7875168
vn 0.01176465 -0.6392108 0.7689416
vn 0.1764693 -0.450977 0.8749162
vn 0.1372539 -0.56078 0.8165091
vn 0.3647031 -0.1999985 0.9093911
vn 0.15294 -0.45882 0.8752677
vn -0.01960766 -0.7254847 0.687959
vn 0.1215677 -0.4352908 0.8920444
vn -0.003921509 -0.6941124 0.719856
vn -0.06666613 -0.7882293 0.61176
vn 0.01960772 -0.3647031 0.9309174
vn -0.1058815 -0.5921524 0.7988396
vn -0.07450914 -0.3411739 0.9370425
vn -0.1372538 -0.56078 0.8165091
vn -0.1686261 -0.6313677 0.756928
vn -0.1921554 -0.2941154 0.9362544
vn -0.1450969 -0.2235277 0.9638372
vn -0.003921509 -0.1058816 0.994371
vn -0.3411738 -0.4039185 0.8487934
vn -0.3490169 -0.5686231 0.7448859
vn -0.3490169 -0.2705862 0.8972014
vn 0.1215677 -0.1372539 0.9830476
vn 0.2392139 -0.1607831 0.9575623
vn 0.2941154 -0.1764693 0.9393374
vn -0.003921509 -0.7333277 0.679864
vn -0.1137246 -0.7882293 0.604782
vn 0.003921568 -0.08235234 0.9965956
vn 0.003921568 -0.08235234 0.9965956
vn 0.003921568 -0.08235234 0.9965956
vn 0.003921568 -0.08235234 0.9965956
vn 0.003921568 -0.08235234 0.9965956
vn 0.003921568 -0.08235234 0.9965956
vn 0.003921568 -0.08235234 0.9965956
vn 0.003921568 -0.08235234 0.9965956
vn 0.003921568 -0.08235234 0.9965956
vn 0.003921568 -0.08235234 0.9965956
vn 0.003921568 -0.08235234 0.9965956
vn 0.003921568 -0.08235234 0.9965956
vn 0.003921568 -0.08235234 0.9965956
vn -0.003921509 -0.08235234 0.9965956
vn -0.003921509 -0.08235234 0.9965956
vn -0.003921509 -0.08235234 0.9965956
vn -0.003921509 -0.08235234 0.9965956
vn -0.003921509 -0.08235234 0.9965956
vn -0.003921509 -0.08235234 0.9965956
vn -0.003921509 -0.08235234 0.9965956
vn -0.003921509 -0.08235234 0.9965956
vn -0.003921509 -0.08235234 0.9965956
vn -0.003921509 -0.08235234 0.9965956
vn 0.003921568 -0.08235234 0.9965956
vn -0.003921509 -0.08235234 0.9965956
vn -0.003921509 -0.08235234 0.9965956
vn -0.003921509 -0.08235234 0.9965956
vn -0.003921509 -0.08235234 0.9965956
vn -0.003921509 -0.08235234 0.9965956
vn -0.003921509 -0.08235234 0.9965956
vn -0.003921509 -0.08235234 0.9965956
vn -0.003921509 -0.08235234 0.9965956
vn -0.003921509 -0.08235234 0.9965956
vn -0.003921509 -0.08235234 0.9965956
vn -0.003921509 -0.08235234 0.9965956
vn -0.003921509 -0.08235234 0.9965956
vn -0.003921509 -0.08235234 0.9965956
vn 0.003921568 -0.08235234 0.9965956
vn 0.003921568 -0.08235234 0.9965956
vn 0.003921568 -0.08235234 0.9965956
vn 0.003921568 -0.08235234 0.9965956
vn 0.003921568 -0.08235234 0.9965956
vn 0.003921568 -0.08235234 0.9965956
vn 0.003921568 -0.08235234 0.9965956
vn 0.003921568 -0.08235234 0.9965956
vn 0.003921568 -0.08235234 0.9965956
vn 0.003921568 -0.08235234 0.9965956
vn -0.003921509 -0.08235234 0.9965956
vn 0.2862723 -0.7097985 -0.6436103
vn 0.2862723 -0.7097985 -0.6436103
vn 0.2862723 -0.7097985 -0.6436103
vn 0.349017 -0.35686 -0.8665091
vn 0.349017 -0.35686 -0.8665091
vn 0.349017 -0.35686 -0.8665091
vn 0.6313677 -0.2784293 -0.7237761
vn 0.6313677 -0.2784293 -0.7237761
vn 0.6313677 -0.2784293 -0.7237761
vn 0.6156816 -0.2078416 -0.7600908
vn 0.6156816 -0.2078416 -0.7600908
vn 0.6156816 -0.2078416 -0.7600908
vn 0.858817 -0.145097 -0.4913047
vn 0.858817 -0.145097 -0.4913047
vn 0.858817 -0.145097 -0.4913047
vn 0.8980324 -0.2313708 -0.374173
vn 0.8980324 -0.2313708 -0.374173
vn 0.8980324 -0.2313708 -0.374173
vn 0.05882311 -0.3176447 0.9463835
vn 0.05882311 -0.3176447 0.9463835
vn 0.05882311 -0.3176447 0.9463835
vn 0.01960772 -0.349017 0.9369113
vn 0.01960772 -0.349017 0.9369113
vn 0.01960772 -0.349017 0.9369113
vn 0.15294 -0.3411739 0.9274749
vn 0.15294 -0.3411739 0.9274749
vn 0.15294 -0.3411739 0.9274749
vn 0.1607831 -0.3333308 0.9289991
vn 0.1372539 -0.2941154 0.9458634
vn 0.1372539 -0.2941154 0.9458634
vn 0.1372539 -0.2941154 0.9458634
vn 0.1372539 -0.2705862 0.9528612
vn -0.1529399 -0.3176447 0.9357945
vn -0.1529399 -0.3176447 0.9357945
vn -0.1529399 -0.3176447 0.9357945
vn -0.02745068 -0.2627431 0.9644753
vn -0.02745068 -0.2627431 0.9644753
vn -0.02745068 -0.2627431 0.9644753
vn 0.06666619 0.1607831 -0.9847357
vn 0.06666619 0.1607831 -0.9847357
vn 0.06666619 0.1607831 -0.9847357
vn 0.05882311 0.1607831 -0.9852353
vn 0.1372539 0.1607831 -0.9773997
vn 0.1372539 0.1607831 -0.9773997
vn 0.1372539 0.1607831 -0.9773997
vn 0.1372539 0.1529399 -0.9786577
vn 0.1058816 0.1764692 -0.9785947
vn 0.1058816 0.1764692 -0.9785947
vn 0.1058816 0.1764692 -0.9785947
vn 0.1372539 0.1999984 -0.970135
vn 0.1372539 0.1999984 -0.970135
vn 0.1372539 0.1999984 -0.970135
vn 0.15294 0.1999984 -0.9677861
vn 0.15294 0.1999984 -0.9677861
vn 0.15294 0.1999984 -0.9677861
vn 0.1764693 0.2156845 -0.9603847
vn 0.1843123 0.1999984 -0.9623043
vn 0.1764693 0.2156845 -0.9603847
vn 0.1764693 0.2156845 -0.9603847
vn 0.1843123 0.1999984 -0.9623043
vn 0.1843123 0.1999984 -0.9623043
vn 0.1999985 0.2078415 -0.957498
vn 0.1843123 0.1764692 -0.9668958
vn 0.1843123 0.1764692 -0.9668958
vn 0.1843123 0.1764692 -0.9668958
vn 0.1843123 0.1764692 -0.9668958
vn 0.1843123 0.1764692 -0.9668958
vn 0.960777 -0.1921554 -0.1999597
vn 0.960777 -0.1921554 -0.1999597
vn 0.960777 -0.1921554 -0.1999597
vn 0.960777 -0.2078416 -0.1836013
vn 0.7097985 -0.3803893 0.592866
vn 0.7097985 -0.3803893 0.592866
vn 0.7097985 -0.3803893 0.592866
vn 0.6941124 -0.3882324 0.6062043
vn 0.7097985 -0.4117616 0.571523
vn 0.7097985 -0.4117616 0.571523
vn 0.1058816 0.1999984 -0.9740584
vn 0.1058816 0.1999984 -0.9740584
vn 0.1058816 0.1999984 -0.9740584
vn 0.1137246 0.2078415 -0.971529
vn 0.145097 0.1529399 -0.9775256
vn 0.145097 0.1529399 -0.9775256
vn 0.145097 0.1529399 -0.9775256
vn 0.1372539 0.1450969 -0.9798511
vn 0.2156847 0.1529399 -0.9644115
vn 0.2156847 0.1529399 -0.9644115
vn 0.2156847 0.1529399 -0.9644115
vn 0.2156847 0.1686261 -0.9617928
vn 0.03529388 0.1999984 -0.9791603
vn 0.03529388 0.1999984 -0.9791603
vn 0.03529388 0.1999984 -0.9791603
vn 0.05882311 0.2078415 -0.9763922
vn 0.05882311 0.2078415 -0.9763922
vn 0.05882311 0.2078415 -0.9763922
vn -0.01176453 0.1058815 -0.9943092
vn -0.01176453 0.1058815 -0.9943092
vn -0.01176453 0.1058815 -0.9943092
vn 0.05098003 0.1450969 -0.9881032
vn 0.05098003 0.1450969 -0.9881032
vn 0.05098003 0.1450969 -0.9881032
vn 0.4823493 0.1450969 -0.8638785
vn 0.4823493 0.1450969 -0.8638785
vn 0.4823493 0.1450969 -0.8638785
vn 0.4980354 0.1137246 -0.8596671
vn 0.4980354 0.1137246 -0.8596671
vn 0.4980354 0.1137246 -0.8596671
vn 0.2941154 0.1686261 -0.940777
vn 0.2941154 0.1686261 -0.940777
vn 0.2941154 0.1686261 -0.940777
vn 0.3019585 0.08235228 -0.9497575
vn 0.3019585 0.08235228 -0.9497575
vn 0.3019585 0.08235228 -0.9497575
vn 0.03529388 -0.4901924 0.8708994
vn 0.03529388 -0.4901924 0.8708994
vn 0.03529388 -0.4901924 0.8708994
vn 0.01960772 -0.5215647 0.8529865
vn 0.01960772 -0.5215647 0.8529865
vn -0.01960766 -0.5215647 0.8529865
vn -0.01960766 -0.5215647 0.8529865
vn -0.01960766 -0.5215647 0.8529865
vn -0.03529382 -0.4901924 0.8708994
vn -0.03529382 -0.4901924 0.8708994
vn 0.1058816 -0.4823493 0.8695564
vn 0.1058816 -0.4823493 0.8695564
vn 0.1058816 -0.4823493 0.8695564
vn 0.1137246 -0.4666631 0.8770931
vn 0.1999985 -0.5921524 0.7806127
vn 0.1999985 -0.5921524 0.7806127
vn 0.1999985 -0.5921524 0.7806127
vn 0.1607831 -0.8509739 0.4999923
vn 0.1607831 -0.8509739 0.4999923
vn 0.1607831 -0.8509739 0.4999923
vn 0.5999954 -0.3176447 0.7342393
vn 0.5999954 -0.3176447 0.7342393
vn 0.5999954 -0.3176447 0.7342393
vn 0.654897 -0.2784293 0.7025575
vn 0.654897 -0.2784293 0.7025575
vn 0.654897 -0.2784293 0.7025575
vn 0.3019585 -0.2941154 0.9068171
vn 0.3019585 -0.2941154 0.9068171
vn 0.3019585 -0.2941154 0.9068171
vn 0.3019585 -0.3019585 0.9042357
vn 0.349017 -0.3176447 0.88164
vn 0.349017 -0.3176447 0.88164
vn 0.349017 -0.3176447 0.88164
vn 0.349017 -0.3098016 0.8844265
vn 0.9829164 -0.1840521 0
vn 0.9829164 -0.1840521 0
vn 0.9829164 -0.1840521 0
vn 0.9894748 -0.1447058 0
vn 0.9894748 -0.1447058 0
vn 0.9894748 -0.1447058 0
vn 0.5764662 0.1294107 -0.8068083
vn 0.5764662 0.1294107 -0.8068083
vn 0.5764662 0.1294107 -0.8068083
vn 0.5843093 0.1529399 -0.7969894
vn -0.06666613 -0.3019585 0.9509872
vn -0.06666613 -0.3019585 0.9509872
vn -0.06666613 -0.3019585 0.9509872
vn -0.06666613 -0.2549 0.9646666
vn -0.01176453 -0.2549 0.9668959
vn -0.01176453 -0.2549 0.9668959
vn -0.01176453 -0.2549 0.9668959
vn 0.1999985 0.1529399 -0.9677861
vn 0.1999985 0.1529399 -0.9677861
vn 0.1999985 0.1529399 -0.9677861
vn 0.2235277 0.1686261 -0.9600003
vn 0.2235277 0.1686261 -0.9600003
vn 0.2235277 0.1686261 -0.9600003
vn 0.1843123 0.1372538 -0.973237
vn 0.1607831 0.1372538 -0.9773997
vn 0.1607831 0.1372538 -0.9773997
vn 0.1607831 0.1372538 -0.9773997
vn 0.1607831 0.1294107 -0.9784691
vn 0.145097 0.1450969 -0.9787204
vn 0.145097 0.1450969 -0.9787204
vn 0.145097 0.1450969 -0.9787204
vn 0.145097 0.1450969 -0.9787204
vn 0.06666619 0.1450969 -0.9871689
vn 0.06666619 0.1450969 -0.9871689
vn 0.06666619 0.1450969 -0.9871689
vn 0.05882311 0.1450969 -0.9876673
vn 0.9372478 -0.05882311 0.3436663
vn 0.9372478 -0.05882311 0.3436663
vn 0.9372478 -0.05882311 0.3436663
vn 0.9294047 -0.07450926 0.3614627
vn 0.9686201 -0.1764693 0.175025
vn 0.9686201 -0.1764693 0.175025
vn 0.9686201 -0.1764693 0.175025
vn 0.9843062 -0.1372539 0.1109173
vn 0.9843062 -0.1372539 0.1109173
vn 0.9843062 -0.1372539 0.1109173
vn 0.552937 -0.2941154 0.7795876
vn 0.552937 -0.2941154 0.7795876
vn 0.552937 -0.2941154 0.7795876
vn 0.5921524 -0.2627431 0.7617885
vn 0.5921524 -0.2627431 0.7617885
vn 0.5921524 -0.2627431 0.7617885
vn 0.56078 -0.1843123 0.8071894
vn 0.56078 -0.1843123 0.8071894
vn 0.56078 -0.1843123 0.8071894
vn 0.6156816 -0.1764693 0.7679809
vn 0.6156816 -0.1764693 0.7679809
vn 0.6156816 -0.1764693 0.7679809
vn 0.6392108 0.1058815 -0.7617078
vn 0.6392108 0.1058815 -0.7617078
vn 0.6392108 0.1058815 -0.7617078
vn 0.654897 0.1607831 -0.7384164
vn 0.654897 0.1607831 -0.7384164
vn 0.654897 0.1607831 -0.7384164
vn 0.2627431 -0.2627431 0.928403
vn 0.2627431 -0.2627431 0.928403
vn 0.2627431 -0.2627431 0.928403
vn 0.2784293 -0.2313708 0.932172
vn 0.2784293 -0.2313708 0.932172
vn 0.2784293 -0.2313708 0.932172
vn 0.2235277 -0.2156847 0.9505343
vn 0.2235277 -0.2156847 0.9505343
vn 0.2235277 -0.2156847 0.9505343
vn 0.1058816 -0.2549 0.961153
vn 0.1058816 -0.2549 0.961153
vn 0.1058816 -0.2549 0.961153
vn 0.1137246 -0.2235277 0.9680403
vn 0.1137246 -0.2235277 0.9680403
vn 0.1137246 -0.2235277 0.9680403
vn 0.1294108 -0.2313708 0.9642201
vn -0.08235228 -0.247057 0.9654952
vn -0.08235228 -0.247057 0.9654952
vn -0.08235228 -0.247057 0.9654952
vn -0.08235228 -0.2313708 0.9693739
vn -0.08235228 -0.247057 0.9654952
vn -0.003921509 -0.2549 0.9669595
vn -0.003921509 -0.2549 0.9669595
vn -0.003921509 -0.2549 0.9669595
vn 0.1843123 0.1058815 -0.9771479
vn 0.1843123 0.1058815 -0.9771479
vn 0.1843123 0.1058815 -0.9771479
vn 0.0274508 -0.2549 0.9665777
vn 0.0274508 -0.2549 0.9665777
vn 0.0274508 -0.2549 0.9665777
vn -0.07450914 -0.2784293 0.9575623
vn -0.07450914 -0.2784293 0.9575623
vn -0.07450914 -0.2784293 0.9575623
vn 0.07450926 0.1137246 -0.9907144
vn 0.07450926 0.1137246 -0.9907144
vn 0.07450926 0.1137246 -0.9907144
vn 0.06666619 0.1058815 -0.9921415
vn 0.06666619 0.1294107 -0.9893475
vn 0.06666619 0.1294107 -0.9893475
vn 0.06666619 0.1294107 -0.9893475
vn 0.06666619 0.1294107 -0.9893475
vn 0.2313708 0.1294107 -0.9642201
vn 0.2313708 0.1294107 -0.9642201
vn 0.2313708 0.1294107 -0.9642201
vn 0.8352877 0.1058815 -0.5395215
vn 0.8352877 0.1058815 -0.5395215
vn 0.8352877 0.1058815 -0.5395215
vn 0.7411708 0.1607831 -0.651778
vn 0.7411708 0.1607831 -0.651778
vn 0.7411708 0.1607831 -0.651778
vn 0.2392139 0.2078415 -0.9484612
vn 0.2392139 0.2078415 -0.9484612
vn 0.2392139 0.2078415 -0.9484612
vn 0.1921554 -0.45882 0.8675025
vn 0.1921554 -0.45882 0.8675025
vn 0.1921554 -0.45882 0.8675025
vn 0.35686 -0.5372508 0.7642071
vn 0.35686 -0.5372508 0.7642071
vn 0.35686 -0.5372508 0.7642071
vn 0.35686 -0.56078 0.7471122
vn 0.1686262 -0.4823493 -0.8595955
vn 0.1686262 -0.4823493 -0.8595955
vn 0.1686262 -0.4823493 -0.8595955
vn 0.05882311 -0.7411708 -0.6687344
vn 0.05882311 -0.7411708 -0.6687344
vn 0.05882311 -0.7411708 -0.6687344
vn 0.09019542 -0.7411708 0.6652297
vn 0.09019542 -0.7411708 0.6652297
vn 0.09019542 -0.7411708 0.6652297
vn -0.01176453 -0.8666601 0.4987604
vn -0.01176453 -0.8666601 0.4987604
vn -0.01176453 -0.8666601 0.4987604
vn -0.1529399 -0.2784293 0.9482017
vn -0.1529399 -0.2784293 0.9482017
vn -0.1529399 -0.2784293 0.9482017
vn -0.1058815 -0.2549 0.961153
vn -0.1058815 -0.2549 0.961153
vn -0.1058815 -0.2549 0.961153
vn -0.1058815 -0.2549 0.961153
vn -0.3490169 -0.35686 -0.8665091
vn -0.3490169 -0.35686 -0.8665091
vn -0.3490169 -0.35686 -0.8665091
vn -0.2862723 -0.7097985 -0.6436104
vn -0.2862723 -0.7097985 -0.6436104
vn -0.2862723 -0.7097985 -0.6436104
vn -0.6156815 -0.2078416 -0.7600909
vn -0.6156815 -0.2078416 -0.7600909
vn -0.6156815 -0.2078416 -0.7600909
vn -0.6313677 -0.2784293 -0.7237762
vn -0.6313677 -0.2784293 -0.7237762
vn -0.6313677 -0.2784293 -0.7237762
vn -0.8980323 -0.2313708 -0.3741731
vn -0.8980323 -0.2313708 -0.3741731
vn -0.8980323 -0.2313708 -0.3741731
vn -0.8588169 -0.145097 -0.4913048
vn -0.8588169 -0.145097 -0.4913048
vn -0.8588169 -0.145097 -0.4913048
vn -0.01960766 -0.349017 0.9369113
vn -0.01960766 -0.349017 0.9369113
vn -0.01960766 -0.349017 0.9369113
vn -0.05882299 -0.3176447 0.9463835
vn -0.05882299 -0.3176447 0.9463835
vn -0.05882299 -0.3176447 0.9463835
vn -0.1607831 -0.3333308 0.9289991
vn -0.1607831 -0.3333308 0.9289991
vn -0.1607831 -0.3333308 0.9289991
vn -0.1529399 -0.3411739 0.9274749
vn -0.1372538 -0.2941154 0.9458634
vn -0.1372538 -0.2941154 0.9458634
vn -0.1372538 -0.2941154 0.9458634
vn -0.1372538 -0.2705862 0.9528612
vn 0.0274508 -0.2627431 0.9644753
vn 0.0274508 -0.2627431 0.9644753
vn 0.0274508 -0.2627431 0.9644753
vn 0.15294 -0.3176447 0.9357944
vn 0.15294 -0.3176447 0.9357944
vn 0.15294 -0.3176447 0.9357944
vn -0.05882299 0.1607831 -0.9852353
vn -0.05882299 0.1607831 -0.9852353
vn -0.05882299 0.1607831 -0.9852353
vn -0.06666613 0.1607831 -0.9847357
vn -0.1372538 0.1607831 -0.9773997
vn -0.1372538 0.1607831 -0.9773997
vn -0.1372538 0.1607831 -0.9773997
vn -0.1372538 0.1529399 -0.9786577
vn -0.1058815 0.1764692 -0.9785948
vn -0.1058815 0.1764692 -0.9785948
vn -0.1058815 0.1764692 -0.9785948
vn -0.1843122 0.1764692 -0.9668959
vn -0.1843122 0.1764692 -0.9668959
vn -0.1843122 0.1764692 -0.9668959
vn -0.1843122 0.1764692 -0.9668959
vn -0.1843122 0.1764692 -0.9668959
vn -0.1372538 0.1999984 -0.9701351
vn -0.1372538 0.1999984 -0.9701351
vn -0.1372538 0.1999984 -0.9701351
vn -0.1372538 0.1921554 -0.971719
vn -0.1529399 0.1999984 -0.9677861
vn -0.1529399 0.1999984 -0.9677861
vn -0.1843122 0.1999984 -0.9623044
vn -0.1843122 0.1999984 -0.9623044
vn -0.1843122 0.1999984 -0.9623044
vn -0.1999984 0.2078415 -0.9574981
vn -0.1764692 0.2156845 -0.9603847
vn -0.1764692 0.2156845 -0.9603847
vn -0.1764692 0.2156845 -0.9603847
vn -0.1607831 0.1921554 -0.9681039
vn -0.9607769 -0.2078416 -0.1836017
vn -0.9607769 -0.2078416 -0.1836017
vn -0.9607769 -0.2078416 -0.1836017
vn -0.9607769 -0.1921554 -0.19996
vn -0.7097985 -0.3803893 0.5928661
vn -0.7097985 -0.3803893 0.5928661
vn -0.7097985 -0.3803893 0.5928661
vn -0.6941123 -0.3882324 0.6062044
vn -0.7097985 -0.4117616 0.571523
vn -0.7097985 -0.4117616 0.571523
vn -0.1137246 0.2078415 -0.971529
vn -0.1137246 0.2078415 -0.971529
vn -0.1137246 0.2078415 -0.971529
vn -0.1058815 0.1999984 -0.9740584
vn -0.1372538 0.1450969 -0.9798511
vn -0.1372538 0.1450969 -0.9798511
vn -0.1372538 0.1450969 -0.9798511
vn -0.1450969 0.1529399 -0.9775256
vn -0.2156845 0.1686261 -0.9617928
vn -0.2156845 0.1686261 -0.9617928
vn -0.2156845 0.1686261 -0.9617928
vn -0.2156845 0.1529399 -0.9644115
vn -0.05882299 0.2078415 -0.9763922
vn -0.05882299 0.2078415 -0.9763922
vn -0.05882299 0.2078415 -0.9763922
vn -0.03529382 0.1999984 -0.9791603
vn -0.03529382 0.1999984 -0.9791603
vn -0.03529382 0.1999984 -0.9791603
vn -0.05097997 0.1450969 -0.9881032
vn -0.05097997 0.1450969 -0.9881032
vn -0.05097997 0.1450969 -0.9881032
vn 0.01176465 0.1058815 -0.9943092
vn 0.01176465 0.1058815 -0.9943092
vn 0.01176465 0.1058815 -0.9943092
vn -0.4980353 0.1137246 -0.8596671
vn -0.4980353 0.1137246 -0.8596671
vn -0.4980353 0.1137246 -0.8596671
vn -0.4823492 0.1450969 -0.8638785
vn -0.4823492 0.1450969 -0.8638785
vn -0.4823492 0.1450969 -0.8638785
vn -0.3019584 0.08235228 -0.9497575
vn -0.3019584 0.08235228 -0.9497575
vn -0.3019584 0.08235228 -0.9497575
vn -0.2941153 0.1686261 -0.9407771
vn -0.2941153 0.1686261 -0.9407771
vn -0.2941153 0.1686261 -0.9407771
vn -0.1137246 -0.4666631 0.8770931
vn -0.1137246 -0.4666631 0.8770931
vn -0.1137246 -0.4666631 0.8770931
vn -0.1058815 -0.4823493 0.8695564
vn -0.1607831 -0.8509739 0.4999923
vn -0.1607831 -0.8509739 0.4999923
vn -0.1607831 -0.8509739 0.4999923
vn -0.1999984 -0.5921524 0.7806127
vn -0.1999984 -0.5921524 0.7806127
vn -0.1999984 -0.5921524 0.7806127
vn -0.6548969 -0.2784293 0.7025576
vn -0.6548969 -0.2784293 0.7025576
vn -0.6548969 -0.2784293 0.7025576
vn -0.5999954 -0.3176447 0.7342393
vn -0.5999954 -0.3176447 0.7342393
vn -0.5999954 -0.3176447 0.7342393
vn -0.3019584 -0.2941154 0.9068171
vn -0.3019584 -0.2941154 0.9068171
vn -0.3019584 -0.2941154 0.9068171
vn -0.3019584 -0.3019585 0.9042357
vn -0.3490169 -0.3176447 0.88164
vn -0.3490169 -0.3176447 0.88164
vn -0.3490169 -0.3176447 0.88164
vn -0.3490169 -0.3098016 0.8844265
vn -0.9894747 -0.1447058 0
vn -0.9894747 -0.1447058 0
vn -0.9894747 -0.1447058 0
vn -0.9829164 -0.1840521 0
vn -0.9829164 -0.1840521 0
vn -0.9829164 -0.1840521 0
vn -0.5843092 0.1529399 -0.7969894
vn -0.5843092 0.1529399 -0.7969894
vn -0.5843092 0.1529399 -0.7969894
vn -0.5764661 0.1294107 -0.8068084
vn 0.01176465 -0.2549 0.9668959
vn 0.01176465 -0.2549 0.9668959
vn 0.01176465 -0.2549 0.9668959
vn 0.06666619 -0.3019585 0.9509872
vn 0.06666619 -0.3019585 0.9509872
vn 0.06666619 -0.3019585 0.9509872
vn 0.06666619 -0.2549 0.9646666
vn -0.1999984 0.1529399 -0.9677861
vn -0.1999984 0.1529399 -0.9677861
vn -0.1999984 0.1529399 -0.9677861
vn -0.2235277 0.1686261 -0.9600003
vn -0.2235277 0.1686261 -0.9600003
vn -0.2235277 0.1686261 -0.9600003
vn -0.1843122 0.1372538 -0.9732371
vn -0.1607831 0.1372538 -0.9773997
vn -0.1607831 0.1372538 -0.9773997
vn -0.1607831 0.1372538 -0.9773997
vn -0.1607831 0.1294107 -0.9784691
vn -0.1450969 0.1450969 -0.9787204
vn -0.1450969 0.1450969 -0.9787204
vn -0.1450969 0.1450969 -0.9787204
vn -0.1450969 0.1450969 -0.9787204
vn -0.05882299 0.1450969 -0.9876673
vn -0.05882299 0.1450969 -0.9876673
vn -0.05882299 0.1450969 -0.9876673
vn -0.06666613 0.1450969 -0.9871689
vn -0.9372476 -0.05882311 0.3436666
vn -0.9372476 -0.05882311 0.3436666
vn -0.9372476 -0.05882311 0.3436666
vn -0.9294046 -0.07450926 0.3614629
vn -0.9843061 -0.1372539 0.1109184
vn -0.9843061 -0.1372539 0.1109184
vn -0.9843061 -0.1372539 0.1109184
vn -0.9686199 -0.1764693 0.1750257
vn -0.9686199 -0.1764693 0.1750257
vn -0.9686199 -0.1764693 0.1750257
vn -0.5921522 -0.2627431 0.7617886
vn -0.5921522 -0.2627431 0.7617886
vn -0.5921522 -0.2627431 0.7617886
vn -0.5529369 -0.2941154 0.7795876
vn -0.5529369 -0.2941154 0.7795876
vn -0.5529369 -0.2941154 0.7795876
vn -0.6156815 -0.1764693 0.7679811
vn -0.6156815 -0.1764693 0.7679811
vn -0.6156815 -0.1764693 0.7679811
vn -0.5607799 -0.1843123 0.8071895
vn -0.5607799 -0.1843123 0.8071895
vn -0.5607799 -0.1843123 0.8071895
vn -0.6548969 0.1607831 -0.7384165
vn -0.6548969 0.1607831 -0.7384165
vn -0.6548969 0.1607831 -0.7384165
vn -0.6392107 0.1058815 -0.7617078
vn -0.6392107 0.1058815 -0.7617078
vn -0.6392107 0.1058815 -0.7617078
vn -0.262743 -0.2627431 0.928403
vn -0.262743 -0.2627431 0.928403
vn -0.262743 -0.2627431 0.928403
vn -0.2235277 -0.2156847 0.9505343
vn -0.2235277 -0.2156847 0.9505343
vn -0.2235277 -0.2156847 0.9505343
vn -0.2784292 -0.2313708 0.9321721
vn -0.2784292 -0.2313708 0.9321721
vn -0.2784292 -0.2313708 0.9321721
vn -0.1058815 -0.2549 0.961153
vn -0.1058815 -0.2549 0.961153
vn -0.1058815 -0.2549 0.961153
vn -0.1294107 -0.2313708 0.9642201
vn -0.1294107 -0.2313708 0.9642201
vn -0.1294107 -0.2313708 0.9642201
vn -0.1137246 -0.2235277 0.9680403
vn 0.08235234 -0.247057 0.9654952
vn 0.08235234 -0.247057 0.9654952
vn 0.08235234 -0.247057 0.9654952
vn 0.08235234 -0.2313708 0.9693738
vn 0.08235234 -0.247057 0.9654952
vn 0.003921568 -0.2549 0.9669595
vn 0.003921568 -0.2549 0.9669595
vn 0.003921568 -0.2549 0.9669595
vn -0.1843122 0.1058815 -0.9771479
vn -0.1843122 0.1058815 -0.9771479
vn -0.1843122 0.1058815 -0.9771479
vn 0.07450926 -0.2784293 0.9575623
vn 0.07450926 -0.2784293 0.9575623
vn 0.07450926 -0.2784293 0.9575623
vn -0.02745068 -0.2549 0.9665777
vn -0.02745068 -0.2549 0.9665777
vn -0.02745068 -0.2549 0.9665777
vn -0.06666613 0.1058815 -0.9921415
vn -0.06666613 0.1058815 -0.9921415
vn -0.06666613 0.1058815 -0.9921415
vn -0.07450914 0.1137246 -0.9907144
vn -0.06666613 0.1294107 -0.9893475
vn -0.06666613 0.1294107 -0.9893475
vn -0.06666613 0.1294107 -0.9893475
vn -0.06666613 0.1294107 -0.9893475
vn -0.2313707 0.1294107 -0.9642201
vn -0.2313707 0.1294107 -0.9642201
vn -0.2313707 0.1294107 -0.9642201
vn -0.7411708 0.1607831 -0.6517781
vn -0.7411708 0.1607831 -0.6517781
vn -0.7411708 0.1607831 -0.6517781
vn -0.8352877 0.1058815 -0.5395216
vn -0.8352877 0.1058815 -0.5395216
vn -0.8352877 0.1058815 -0.5395216
vn -0.2392138 0.2078415 -0.9484612
vn -0.2392138 0.2078415 -0.9484612
vn -0.2392138 0.2078415 -0.9484612
vn -0.1921554 -0.45882 0.8675025
vn -0.1921554 -0.45882 0.8675025
vn -0.1921554 -0.45882 0.8675025
vn -0.3568599 -0.5372508 0.7642071
vn -0.3568599 -0.5372508 0.7642071
vn -0.3568599 -0.5372508 0.7642071
vn -0.3568599 -0.56078 0.7471123
vn -0.05882299 -0.7411708 -0.6687344
vn -0.05882299 -0.7411708 -0.6687344
vn -0.05882299 -0.7411708 -0.6687344
vn -0.1686261 -0.4823493 -0.8595955
vn -0.1686261 -0.4823493 -0.8595955
vn -0.1686261 -0.4823493 -0.8595955
vn 0.01176465 -0.8666601 0.4987604
vn 0.01176465 -0.8666601 0.4987604
vn 0.01176465 -0.8666601 0.4987604
vn -0.0901953 -0.7411708 0.6652297
vn -0.0901953 -0.7411708 0.6652297
vn -0.0901953 -0.7411708 0.6652297
vn 0.1058816 -0.2549 0.961153
vn 0.1058816 -0.2549 0.961153
vn 0.1058816 -0.2549 0.961153
vn 0.1058816 -0.2549 0.961153
vn 0.15294 -0.2784293 0.9482017
vn 0.15294 -0.2784293 0.9482017
vn 0.15294 -0.2784293 0.9482017
vn 0.8241559 -0.566363 0
vn 0.8241559 -0.566363 0
vn 0.8241559 -0.566363 0
vn 0.8241559 -0.566363 0
vn 0.6862693 -0.7254847 -0.05202373
vn 0.6862693 -0.7254847 -0.05202373
vn 0.6862693 -0.7254847 -0.05202373
vn 0.6862693 -0.7254847 -0.05202373
vn 0.9510053 -0.3091746 0
vn 0.9510053 -0.3091746 0
vn 0.9510053 -0.3091746 0
vn 0.9510053 -0.3091746 0
vn 0.4039185 -0.9137185 -0.04436513
vn 0.4039185 -0.9137185 -0.04436513
vn 0.4039185 -0.9137185 -0.04436513
vn 0.4039185 -0.9137185 -0.04436513
vn 0.9843062 -0.15294 -0.08803764
vn 0.9843062 -0.15294 -0.08803764
vn 0.9843062 -0.15294 -0.08803764
vn 0.9843062 -0.15294 -0.08803764
vn 0.1921554 -0.9764631 -0.09795943
vn 0.1921554 -0.9764631 -0.09795943
vn 0.1921554 -0.9764631 -0.09795943
vn 0.1921554 -0.9764631 -0.09795943
vn 0.9982743 -0.05872205 0
vn 0.9982743 -0.05872205 0
vn 0.9982743 -0.05872205 0
vn 0.9982743 -0.05872205 0
vn -0.9529338 0.2941153 0.07357585
vn -0.9529338 0.2941153 0.07357585
vn -0.9529338 0.2941153 0.07357585
vn -0.9529338 0.2941153 0.07357585
vn -0.9916004 0.1293392 0
vn -0.9916004 0.1293392 0
vn -0.9916004 0.1293392 0
vn -0.9916004 0.1293392 0
vn -0.7960722 0.5999954 0.07921206
vn -0.7960722 0.5999954 0.07921206
vn -0.7960722 0.5999954 0.07921206
vn -0.7960722 0.5999954 0.07921206
vn -0.9982743 0.05872194 0
vn -0.9982743 0.05872194 0
vn -0.9982743 0.05872194 0
vn -0.9982743 0.05872194 0
vn -0.05882299 0.9921492 0.1103618
vn -0.05882299 0.9921492 0.1103618
vn -0.05882299 0.9921492 0.1103618
vn -0.05882299 0.9921492 0.1103618
vn -0.670583 0.7411708 0.03137373
vn -0.670583 0.7411708 0.03137373
vn -0.670583 0.7411708 0.03137373
vn -0.670583 0.7411708 0.03137373
vn -0.4352907 0.8980323 0.06371789
vn -0.4352907 0.8980323 0.06371789
vn -0.4352907 0.8980323 0.06371789
vn -0.4352907 0.8980323 0.06371789
vn -0.1921554 0.9764631 0.09796004
vn -0.1921554 0.9764631 0.09796004
vn -0.1921554 0.9764631 0.09796004
vn -0.1921554 0.9764631 0.09796004
vn -0.8241558 -0.5663631 0
vn -0.8241558 -0.5663631 0
vn -0.8241558 -0.5663631 0
vn -0.8241558 -0.5663631 0
vn -0.6862692 -0.7254847 -0.05202487
vn -0.6862692 -0.7254847 -0.05202487
vn -0.6862692 -0.7254847 -0.05202487
vn -0.6862692 -0.7254847 -0.05202487
vn -0.9510053 -0.3091746 0
vn -0.9510053 -0.3091746 0
vn -0.9510053 -0.3091746 0
vn -0.9510053 -0.3091746 0
vn -0.4039184 -0.9137185 -0.04436647
vn -0.4039184 -0.9137185 -0.04436647
vn -0.4039184 -0.9137185 -0.04436647
vn -0.4039184 -0.9137185 -0.04436647
vn -0.9843061 -0.15294 -0.088039
vn -0.9843061 -0.15294 -0.088039
vn -0.9843061 -0.15294 -0.088039
vn -0.9843061 -0.15294 -0.088039
vn -0.1921554 -0.9764631 -0.09795943
vn -0.1921554 -0.9764631 -0.09795943
vn -0.1921554 -0.9764631 -0.09795943
vn -0.1921554 -0.9764631 -0.09795943
vn -0.9982743 -0.05872206 0
vn -0.9982743 -0.05872206 0
vn -0.9982743 -0.05872206 0
vn -0.9982743 -0.05872206 0
vn 0.9529339 0.2941153 0.07357423
vn 0.9529339 0.2941153 0.07357423
vn 0.9529339 0.2941153 0.07357423
vn 0.9529339 0.2941153 0.07357423
vn 0.9916005 0.1293392 0
vn 0.9916005 0.1293392 0
vn 0.9916005 0.1293392 0
vn 0.9916005 0.1293392 0
vn 0.7960724 0.5999954 0.07921094
vn 0.7960724 0.5999954 0.07921094
vn 0.7960724 0.5999954 0.07921094
vn 0.7960724 0.5999954 0.07921094
vn 0.9982743 0.05872193 0
vn 0.9982743 0.05872193 0
vn 0.9982743 0.05872193 0
vn 0.9982743 0.05872193 0
vn 0.05882311 0.9921492 0.1103618
vn 0.05882311 0.9921492 0.1103618
vn 0.05882311 0.9921492 0.1103618
vn 0.05882311 0.9921492 0.1103618
vn 0.6705831 0.7411708 0.03137088
vn 0.6705831 0.7411708 0.03137088
vn 0.6705831 0.7411708 0.03137088
vn 0.6705831 0.7411708 0.03137088
vn 0.4352908 0.8980323 0.06371696
vn 0.4352908 0.8980323 0.06371696
vn 0.4352908 0.8980323 0.06371696
vn 0.4352908 0.8980323 0.06371696
vn 0.1921554 0.9764631 0.09796004
vn 0.1921554 0.9764631 0.09796004
vn 0.1921554 0.9764631 0.09796004
vn 0.1921554 0.9764631 0.09796004
vn 0.003921568 0.2235277 -0.9746897
vn 0.003921568 0.2235277 -0.9746897
vn 0.003921568 0.2235277 -0.9746897
vn 0.003921568 0.2156845 -0.9764552
vn 0.003921568 0.2156845 -0.9764552
vn 0.003921568 0.2156845 -0.9764552
vn 0.003921568 0.2235277 -0.9746897
vn 0.003921568 0.2235277 -0.9746897
vn 0.003921568 0.2235277 -0.9746897
vn 0.003921568 0.2235277 -0.9746897
vn 0.003921568 0.2235277 -0.9746897
vn 0.003921568 0.2235277 -0.9746897
vn 0.003921568 0.2235277 -0.9746897
vn 0.003921568 0.2235277 -0.9746897
vn 0.003921568 0.2235277 -0.9746897
vn 0.003921568 0.2235277 -0.9746897
vn -0.003921509 0.2235277 -0.9746897
vn 0.003921568 0.2235277 -0.9746897
vn 0.003921568 0.2235277 -0.9746897
vn -0.003921509 0.2235277 -0.9746897
vn -0.003921509 0.2235277 -0.9746897
vn -0.003921509 0.2235277 -0.9746897
vn -0.003921509 0.2235277 -0.9746897
vn -0.003921509 0.2235277 -0.9746897
vn -0.003921509 0.2235277 -0.9746897
vn -0.003921509 0.2235277 -0.9746897
vn -0.003921509 0.2235277 -0.9746897
vn -0.003921509 0.2235277 -0.9746897
vn -0.003921509 0.2235277 -0.9746897
vn -0.003921509 0.2235277 -0.9746897
vn -0.003921509 0.2235277 -0.9746897
vn -0.003921509 0.2235277 -0.9746897
vn -0.003921509 0.2235277 -0.9746897
vn -0.003921509 0.2235277 -0.9746897
vn -0.003921509 0.2235277 -0.9746897
vn -0.003921509 0.2156845 -0.9764552
vn -0.003921509 0.2156845 -0.9764552
vn -0.003921509 0.2156845 -0.9764552
vn 0.003921568 0.2235277 -0.9746897
vn -0.003921509 0.2235277 -0.9746897
vn -0.003921509 0.2235277 -0.9746897
vn -0.003921509 0.2235277 -0.9746897
vn -0.003921509 0.2235277 -0.9746897
vn -0.003921509 0.2235277 -0.9746897
vn 0.003921568 0.2235277 -0.9746897
vn 0.003921568 0.2235277 -0.9746897
vn 0.003921568 0.2235277 -0.9746897
vn 0.003921568 0.2235277 -0.9746897
vn 0.003921568 0.2235277 -0.9746897
vn 0.003921568 0.2235277 -0.9746897
vn -0.7411708 -0.654897 -0.1475664
vn -0.7411708 -0.654897 -0.1475664
vn -0.7411708 -0.654897 -0.1475664
vn -0.7411708 -0.654897 -0.1475664
vn -0.5764661 -0.7960724 -0.1842705
vn -0.5764661 -0.7960724 -0.1842705
vn -0.5764661 -0.7960724 -0.1842705
vn -0.5764661 -0.7960724 -0.1842705
vn -0.9137185 -0.3882324 -0.1199759
vn -0.9137185 -0.3882324 -0.1199759
vn -0.9137185 -0.3882324 -0.1199759
vn -0.9137185 -0.3882324 -0.1199759
vn -0.3176446 -0.9215616 -0.2232177
vn -0.3176446 -0.9215616 -0.2232177
vn -0.3176446 -0.9215616 -0.2232177
vn -0.3176446 -0.9215616 -0.2232177
vn -0.9764631 -0.1999985 -0.08074947
vn -0.9764631 -0.1999985 -0.08074947
vn -0.9764631 -0.1999985 -0.08074947
vn -0.9764631 -0.1999985 -0.08074947
vn -0.1450969 -0.9686201 -0.201797
vn -0.1450969 -0.9686201 -0.201797
vn -0.1450969 -0.9686201 -0.201797
vn -0.1450969 -0.9686201 -0.201797
vn -0.9972357 -0.07430387 0
vn -0.9972357 -0.07430387 0
vn -0.9972357 -0.07430387 0
vn -0.9972357 -0.07430387 0
vn 0.9294047 0.3647031 0.05655624
vn 0.9294047 0.3647031 0.05655624
vn 0.9294047 0.3647031 0.05655624
vn 0.9294047 0.3647031 0.05655624
vn 0.9843062 0.1686261 0.05202432
vn 0.9843062 0.1686261 0.05202432
vn 0.9843062 0.1686261 0.05202432
vn 0.9843062 0.1686261 0.05202432
vn 0.7097985 0.6862692 0.1588103
vn 0.7097985 0.6862692 0.1588103
vn 0.7097985 0.6862692 0.1588103
vn 0.7097985 0.6862692 0.1588103
vn 0.9972357 0.07430375 0
vn 0.9972357 0.07430375 0
vn 0.9972357 0.07430375 0
vn 0.9972357 0.07430375 0
vn 0.04313695 0.9764631 0.2113269
vn 0.04313695 0.9764631 0.2113269
vn 0.04313695 0.9764631 0.2113269
vn 0.04313695 0.9764631 0.2113269
vn 0.5686231 0.8039154 0.174321
vn 0.5686231 0.8039154 0.174321
vn 0.5686231 0.8039154 0.174321
vn 0.5686231 0.8039154 0.174321
vn 0.3411739 0.9137185 0.2207236
vn 0.3411739 0.9137185 0.2207236
vn 0.3411739 0.9137185 0.2207236
vn 0.3411739 0.9137185 0.2207236
vn 0.145097 0.9686199 0.2017975
vn 0.145097 0.9686199 0.2017975
vn 0.145097 0.9686199 0.2017975
vn 0.145097 0.9686199 0.2017975
vn 0.7411708 -0.654897 -0.1475662
vn 0.7411708 -0.654897 -0.1475662
vn 0.7411708 -0.654897 -0.1475662
vn 0.7411708 -0.654897 -0.1475662
vn 0.5764662 -0.7960724 -0.1842702
vn 0.5764662 -0.7960724 -0.1842702
vn 0.5764662 -0.7960724 -0.1842702
vn 0.5764662 -0.7960724 -0.1842702
vn 0.9137185 -0.3882324 -0.1199754
vn 0.9137185 -0.3882324 -0.1199754
vn 0.9137185 -0.3882324 -0.1199754
vn 0.9137185 -0.3882324 -0.1199754
vn 0.3176447 -0.9215616 -0.2232176
vn 0.3176447 -0.9215616 -0.2232176
vn 0.3176447 -0.9215616 -0.2232176
vn 0.3176447 -0.9215616 -0.2232176
vn 0.9764631 -0.1999985 -0.08074873
vn 0.9764631 -0.1999985 -0.08074873
vn 0.9764631 -0.1999985 -0.08074873
vn 0.9764631 -0.1999985 -0.08074873
vn 0.145097 -0.9686201 -0.201797
vn 0.145097 -0.9686201 -0.201797
vn 0.145097 -0.9686201 -0.201797
vn 0.145097 -0.9686201 -0.201797
vn 0.9972357 -0.07430387 0
vn 0.9972357 -0.07430387 0
vn 0.9972357 -0.07430387 0
vn 0.9972357 -0.07430387 0
vn -0.9294046 0.3647031 0.0565573
vn -0.9294046 0.3647031 0.0565573
vn -0.9294046 0.3647031 0.0565573
vn -0.9294046 0.3647031 0.0565573
vn -0.9843061 0.1686261 0.05202661
vn -0.9843061 0.1686261 0.05202661
vn -0.9843061 0.1686261 0.05202661
vn -0.9843061 0.1686261 0.05202661
vn -0.7097985 0.6862692 0.1588105
vn -0.7097985 0.6862692 0.1588105
vn -0.7097985 0.6862692 0.1588105
vn -0.7097985 0.6862692 0.1588105
vn -0.9972357 0.07430375 0
vn -0.9972357 0.07430375 0
vn -0.9972357 0.07430375 0
vn -0.9972357 0.07430375 0
vn -0.04313684 0.9764631 0.2113269
vn -0.04313684 0.9764631 0.2113269
vn -0.04313684 0.9764631 0.2113269
vn -0.04313684 0.9764631 0.2113269
vn -0.5686231 0.8039154 0.1743212
vn -0.5686231 0.8039154 0.1743212
vn -0.5686231 0.8039154 0.1743212
vn -0.5686231 0.8039154 0.1743212
vn -0.3411738 0.9137185 0.2207239
vn -0.3411738 0.9137185 0.2207239
vn -0.3411738 0.9137185 0.2207239
vn -0.3411738 0.9137185 0.2207239
vn -0.1450969 0.9686199 0.2017975
vn -0.1450969 0.9686199 0.2017975
vn -0.1450969 0.9686199 0.2017975
vn -0.1450969 0.9686199 0.2017975
vn -0.01960766 -0.9529339 -0.3025434
vn -0.01960766 -0.9529339 -0.3025434
vn -0.01960766 -0.9529339 -0.3025434
vn -0.01176453 -0.9529339 -0.3029498
vn -0.1137246 -0.9764631 -0.1832662
vn -0.1137246 -0.9764631 -0.1832662
vn -0.1137246 -0.9764631 -0.1832662
vn -0.08235228 -0.9843062 -0.156075
vn -0.08235228 -0.9843062 -0.156075
vn -0.06666613 -0.9450908 -0.3199358
vn -0.06666613 -0.9450908 -0.3199358
vn -0.06666613 -0.9450908 -0.3199358
vn -0.348974 -0.9371325 0
vn -0.348974 -0.9371325 0
vn -0.348974 -0.9371325 0
vn -0.3558326 -0.9345497 0
vn -0.4980353 -0.8509739 0.1667461
vn -0.4980353 -0.8509739 0.1667461
vn -0.4980353 -0.8509739 0.1667461
vn -0.3019584 -0.9529339 -0.02716771
vn -0.3019584 -0.9529339 -0.02716771
vn -0.3019584 -0.9529339 -0.02716771
vn -0.285553 -0.9583629 0
vn -0.348974 -0.9371325 0
vn -0.348974 -0.9371325 0
vn -0.348974 -0.9371325 0
vn -0.3333308 -0.9372478 -0.1022608
vn -0.3882322 -0.9215616 0
vn -0.3882322 -0.9215616 0
vn -0.2784292 -0.003921568 -0.9604487
vn -0.2784292 -0.003921568 -0.9604487
vn -0.2784292 -0.003921568 -0.9604487
vn -0.2862723 0.003921509 -0.9581403
vn -0.2392138 0.003921509 -0.970959
vn -0.2392138 0.003921509 -0.970959
vn -0.2392138 0.003921509 -0.970959
vn -0.2392138 0.003921509 -0.970959
vn -0.2078415 0.003921509 -0.9781547
vn -0.2078415 0.003921509 -0.9781547
vn -0.2078415 0.003921509 -0.9781547
vn -0.2078415 0.003921509 -0.9781547
vn -0.2392138 0.003921509 -0.970959
vn -0.2392138 0.003921509 -0.970959
vn -0.2392138 0.003921509 -0.970959
vn -0.2392138 0.003921509 -0.970959
vn -0.9999923 0.003921509 -0.0003449296
vn -0.9999923 0.003921509 -0.0003449296
vn -0.9999923 0.003921509 -0.0003449296
vn -0.9999923 0.003921509 -0.0003449296
vn 0.09019542 0.003921509 0.9959164
vn 0.09019542 0.003921509 0.9959164
vn 0.09019542 0.003921509 0.9959164
vn 0.09019542 -0.003921568 0.9959164
vn 0.3176447 0.003921509 0.9482017
vn 0.3176447 0.003921509 0.9482017
vn 0.3176447 0.003921509 0.9482017
vn 0.3176447 -0.003921568 0.9482017
vn 0.4274477 -0.003921568 0.9040315
vn 0.4274477 -0.003921568 0.9040315
vn 0.4274477 -0.003921568 0.9040315
vn 0.4274477 -0.003921568 0.9040315
vn 0.05098003 0.003921509 -0.998692
vn 0.05098003 0.003921509 -0.998692
vn 0.05098003 0.003921509 -0.998692
vn 0.05098003 0.003921509 -0.998692
vn 0.8117585 0.003921509 0.5839801
vn 0.8117585 0.003921509 0.5839801
vn 0.8117585 0.003921509 0.5839801
vn 0.8117585 0.003921509 0.5839801
vn -0.2235277 -0.003921568 0.9746897
vn -0.2235277 -0.003921568 0.9746897
vn -0.2235277 -0.003921568 0.9746897
vn -0.2235277 -0.003921568 0.9746897
vn -0.2235277 0.003921509 0.9746897
vn -0.2235277 0.003921509 0.9746897
vn -0.1921554 0.003921509 0.9813567
vn -0.1921554 -0.003921568 0.9813567
vn -0.1921554 -0.003921568 0.9813567
vn -0.1921554 -0.003921568 0.9813567
vn -0.1843122 -0.003921568 0.9828599
vn -0.1843122 -0.003921568 0.9828599
vn -0.1843122 -0.003921568 0.9828599
vn -0.1843122 -0.003921568 0.9828599
vn -0.2392138 -0.003921568 0.970959
vn -0.2392138 -0.003921568 0.970959
vn -0.2392138 -0.003921568 0.970959
vn -0.2392138 -0.003921568 0.970959
vn -0.9921492 0.003921509 -0.1249981
vn -0.9921492 0.003921509 -0.1249981
vn -0.9921492 0.003921509 -0.1249981
vn -0.9921492 0.003921509 -0.1249981
vn 0.09019542 0.003921509 -0.9959164
vn 0.09019542 0.003921509 -0.9959164
vn 0.09019542 0.003921509 -0.9959164
vn 0.09019542 0.003921509 -0.9959164
vn 0.1058816 0.003921509 -0.994371
vn 0.1058816 0.003921509 -0.994371
vn 0.1999985 0.003921509 -0.9797884
vn 0.1999985 0.003921509 -0.9797884
vn 0.1999985 0.003921509 -0.9797884
vn 0.1999985 0.003921509 -0.9797884
vn 0.2941154 0.003921509 -0.9557618
vn 0.2941154 0.003921509 -0.9557618
vn 0.2941154 0.003921509 -0.9557618
vn 0.2941154 0.003921509 -0.9557618
vn 0.2941154 0.003921509 -0.9557618
vn 0.2941154 0.003921509 -0.9557618
vn 0.3333308 -0.003921568 -0.9428018
vn 0.3333308 0.003921509 -0.9428018
vn 0.2627431 0.003921509 -0.9648579
vn 0.2627431 0.003921509 -0.9648579
vn 0.2627431 0.003921509 -0.9648579
vn 0.2627431 0.003921509 -0.9648579
vn 0.3803893 0.003921509 -0.9248182
vn 0.3803893 0.003921509 -0.9248182
vn 0.3803893 0.003921509 -0.9248182
vn 0.3803893 0.003921509 -0.9248182
vn -0.6470538 -0.756857 0.09213519
vn -0.6470538 -0.756857 0.09213519
vn -0.6470538 -0.756857 0.09213519
vn -0.6392107 -0.756857 0.1362983
vn -0.6392107 -0.7647001 0.08150788
vn -0.6392107 -0.7647001 0.08150788
vn -0.6392107 -0.7647001 0.08150788
vn -0.9999923 -0.003921568 -0.0003442513
vn -0.9999923 -0.003921568 -0.0003442513
vn -0.9999923 -0.003921568 -0.0003442513
vn -0.9921492 -0.003921568 0.1249981
vn -0.9450908 0.003921509 0.3267844
vn -0.9450908 0.003921509 0.3267844
vn -0.9450908 0.003921509 0.3267844
vn -0.9450908 0.003921509 0.3267844
vn 0.4980354 -0.003921568 0.8671478
vn 0.4980354 -0.003921568 0.8671478
vn 0.4980354 -0.003921568 0.8671478
vn 0.4980354 0.003921509 0.8671478
vn 0.4901924 0.003921509 0.8716055
vn 0.4901924 0.003921509 0.8716055
vn 0.7176416 -0.003921568 0.6964016
vn 0.7176416 -0.003921568 0.6964016
vn 0.7176416 -0.003921568 0.6964016
vn 0.7176416 0.003921509 0.6964016
vn -0.6235245 0.003921509 -0.781794
vn -0.6235245 0.003921509 -0.781794
vn -0.6235245 0.003921509 -0.781794
vn -0.6235245 0.003921509 -0.781794
vn -0.08235228 0.003921509 0.9965956
vn -0.08235228 0.003921509 0.9965956
vn -0.08235228 0.003921509 0.9965956
vn -0.08235228 0.003921509 0.9965956
vn -0.3254876 0.003921509 -0.9455382
vn -0.3254876 0.003921509 -0.9455382
vn -0.3254876 0.003921509 -0.9455382
vn -0.3254876 0.003921509 -0.9455382
vn 0.01176465 0.003921509 0.9999231
vn 0.01176465 0.003921509 0.9999231
vn 0.01176465 0.003921509 0.9999231
vn 0.01176465 0.003921509 0.9999231
vn -0.4901923 -0.8666601 -0.0928001
vn -0.4901923 -0.8666601 -0.0928001
vn -0.4901923 -0.8666601 -0.0928001
vn -0.4823492 -0.8745031 -0.05082877
vn -0.5058784 -0.858817 -0.08074894
vn -0.5058784 -0.858817 -0.08074894
vn -0.4352907 -0.8980324 -0.06371743
vn -0.4352907 -0.8980324 -0.06371743
vn -0.4352907 -0.8980324 -0.06371743
vn -0.4352907 -0.8980324 -0.06371743
vn -0.5294076 -0.8431308 0.09411676
vn -0.5294076 -0.8431308 0.09411676
vn -0.5294076 -0.8431308 0.09411676
vn -0.5529369 -0.8039154 -0.219045
vn -0.5529369 -0.8039154 -0.219045
vn -0.5529369 -0.8039154 -0.219045
vn -0.2470568 -0.960777 -0.1259782
vn -0.2470568 -0.960777 -0.1259782
vn -0.2470568 -0.960777 -0.1259782
vn -0.2235277 -0.9686201 -0.1086763
vn 0.247057 0.003921509 0.968993
vn 0.247057 0.003921509 0.968993
vn 0.247057 0.003921509 0.968993
vn 0.247057 -0.003921568 0.968993
vn -0.7019553 -0.6941124 -0.1595832
vn -0.7019553 -0.6941124 -0.1595832
vn -0.7019553 -0.6941124 -0.1595832
vn -0.6784261 -0.7333277 -0.04436647
vn -0.6784261 -0.7333277 -0.04436647
vn -0.6784261 -0.7333277 -0.04436647
vn -0.6941123 -0.7176416 -0.0565569
vn -0.6862692 -0.7254847 -0.05202487
vn -0.6941123 -0.7176416 -0.0565569
vn -0.6941123 -0.7176416 -0.0565569
vn -0.6235245 -0.7803862 -0.04705838
vn -0.6235245 -0.7803862 -0.04705838
vn -0.6235245 -0.7803862 -0.04705838
vn 0.2705862 0.003921509 -0.9626877
vn 0.2705862 0.003921509 -0.9626877
vn 0.2705862 0.003921509 -0.9626877
vn 0.2705862 0.003921509 -0.9626877
vn 0.450977 0.003921509 0.892527
vn 0.450977 0.003921509 0.892527
vn 0.450977 0.003921509 0.892527
vn 0.450977 -0.003921568 0.892527
vn -0.1764692 -0.9764631 -0.1240095
vn -0.1764692 -0.9764631 -0.1240095
vn -0.1764692 -0.9764631 -0.1240095
vn -0.05872193 -0.9982743 0
vn -0.05872193 -0.9982743 0
vn -0.05872193 -0.9982743 0
vn -0.4425082 -0.8967645 0
vn -0.4425082 -0.8967645 0
vn -0.4425082 -0.8967645 0
vn -0.45882 -0.8823462 -0.1046393
vn -0.5372508 -0.8352877 -0.116859
vn -0.5372508 -0.8352877 -0.116859
vn -0.5372508 -0.8352877 -0.116859
vn -0.5686231 -0.8196016 0.07014997
vn -0.5686231 -0.8196016 0.07014997
vn -0.5686231 -0.8196016 0.07014997
vn -0.5607799 -0.8274447 -0.02934668
vn -0.5686231 -0.8196016 0.07014997
vn -0.7646999 -0.003921568 -0.6443746
vn -0.7646999 -0.003921568 -0.6443746
vn -0.7646999 -0.003921568 -0.6443746
vn -0.7646999 0.003921509 -0.6443746
vn -0.7019553 0.003921509 -0.7122102
vn -0.7019553 0.003921509 -0.7122102
vn -0.7019553 0.003921509 -0.7122102
vn -0.6941123 -0.003921568 -0.7198561
vn -0.5133427 -0.8581837 0
vn -0.5133427 -0.8581837 0
vn -0.5133427 -0.8581837 0
vn -0.9843061 -0.003921568 0.176426
vn -0.9843061 -0.003921568 0.176426
vn -0.9843061 -0.003921568 0.176426
vn -0.9450908 0.003921509 0.3267844
vn -0.9450908 0.003921509 0.3267844
vn -0.9450908 0.003921509 0.3267844
vn -0.5294076 -0.8431308 -0.09411676
vn -0.5294076 -0.8431308 -0.09411676
vn -0.5294076 -0.8431308 -0.09411676
vn -0.3960754 -0.003921568 -0.9182096
vn -0.3960754 -0.003921568 -0.9182096
vn -0.3960754 -0.003921568 -0.9182096
vn -0.3411738 -0.003921568 -0.9399921
vn -0.3411738 -0.003921568 -0.9399921
vn -0.3411738 -0.003921568 -0.9399921
vn -0.9999923 0.003921509 -0.0003449296
vn -0.9999923 0.003921509 -0.0003449296
vn -0.9999923 0.003921509 -0.0003449296
vn -0.9999923 0.003921509 -0.0003449296
vn -0.2549 -0.003921568 -0.9669595
vn -0.2549 -0.003921568 -0.9669595
vn -0.2549 -0.003921568 -0.9669595
vn -0.2392138 -0.003921568 -0.970959
vn -0.9999923 -0.003921568 -0.0003442513
vn -0.9999923 -0.003921568 -0.0003442513
vn -0.9999923 -0.003921568 -0.0003442513
vn -0.9999923 0.003921509 -0.0003449296
vn -0.9999923 0.003921509 -0.0003449296
vn -0.9999923 0.003921509 -0.0003449296
vn -0.9999923 0.003921509 -0.0003449296
vn -0.9999923 0.003921509 -0.0003449296
vn -0.9686199 -0.003921568 0.2485156
vn -0.9686199 -0.003921568 0.2485156
vn -0.9686199 -0.003921568 0.2485156
vn -0.9686199 0.003921509 0.2485156
vn 0.1843123 -0.003921568 0.9828599
vn 0.1843123 -0.003921568 0.9828599
vn 0.1843123 -0.003921568 0.9828599
vn 0.1843123 -0.003921568 0.9828599
vn 0.15294 -0.003921568 0.9882277
vn 0.15294 0.003921509 0.9882277
vn -0.1686261 -0.9686201 -0.1825935
vn -0.1686261 -0.9686201 -0.1825935
vn -0.1686261 -0.9686201 -0.1825935
vn 0.3647031 0.003921509 0.9311156
vn 0.3647031 0.003921509 0.9311156
vn 0.3647031 0.003921509 0.9311156
vn 0.3647031 -0.003921568 0.9311156
vn 0.9294047 0.003921509 -0.3690414
vn 0.9294047 0.003921509 -0.3690414
vn 0.9294047 0.003921509 -0.3690414
vn 0.9450908 0.003921509 -0.3267842
vn 0.9450908 0.003921509 -0.3267842
vn 0.9450908 0.003921509 -0.3267842
vn 0.05882311 -0.9686201 -0.2414849
vn 0.05882311 -0.9686201 -0.2414849
vn 0.05882311 -0.9686201 -0.2414849
vn -0.0117638 -0.9999309 0
vn -0.0117638 -0.9999309 0
vn -0.0117638 -0.9999309 0
vn 0.02744067 -0.9996234 0
vn 0.02744067 -0.9996234 0
vn 0.02744067 -0.9996234 0
vn 0.06666619 -0.9921493 -0.1058084
vn 0.06666619 -0.9921493 -0.1058084
vn 0.06666619 -0.9921493 -0.1058084
vn 0.03527218 -0.9993777 0
vn 0.03527218 -0.9993777 0
vn 0.03527218 -0.9993777 0
vn 0.03529388 -0.9764631 -0.2127771
vn 0.03529388 -0.9764631 -0.2127771
vn 0.03529388 -0.9764631 -0.2127771
vn 0.1764693 -0.9843062 0
vn 0.1764693 -0.9843062 0
vn 0.1764693 -0.9843062 0
vn 0.08235234 -0.9529339 -0.2917791
vn 0.08235234 -0.9529339 -0.2917791
vn 0.08235234 -0.9529339 -0.2917791
vn 0.1294108 -0.960777 -0.2452762
vn 0.1294108 -0.960777 -0.2452762
vn 0.1294108 -0.960777 -0.2452762
vn 0.0274508 -0.9450908 -0.3256528
vn 0.0274508 -0.9450908 -0.3256528
vn 0.0274508 -0.9450908 -0.3256528
vn -0.4039184 -0.9137185 -0.04436647
vn -0.4039184 -0.9137185 -0.04436647
vn -0.4039184 -0.9137185 -0.04436647
vn -0.4039184 -0.9137185 -0.04436647
vn 0.15294 0.003921509 -0.9882277
vn 0.15294 0.003921509 -0.9882277
vn 0.15294 0.003921509 -0.9882277
vn 0.15294 0.003921509 -0.9882277
vn -0.2470568 -0.9686201 -0.02716771
vn -0.2470568 -0.9686201 -0.02716771
vn -0.2470568 -0.9686201 -0.02716771
vn -0.1764692 -0.9843062 0
vn -0.1764692 -0.9843062 0
vn -0.1764692 -0.9843062 0
vn 0.1137246 -0.9764631 -0.183266
vn 0.1137246 -0.9764631 -0.183266
vn 0.1137246 -0.9764631 -0.183266
vn 0.08235234 -0.9843062 -0.1560748
vn 0.08235234 -0.9843062 -0.1560748
vn 0.01960772 -0.9529339 -0.3025434
vn 0.01960772 -0.9529339 -0.3025434
vn 0.01960772 -0.9529339 -0.3025434
vn 0.01176465 -0.9529339 -0.3029498
vn 0.06666619 -0.9450908 -0.3199358
vn 0.06666619 -0.9450908 -0.3199358
vn 0.06666619 -0.9450908 -0.3199358
vn 0.3558327 -0.9345496 0
vn 0.3558327 -0.9345496 0
vn 0.3558327 -0.9345496 0
vn 0.348974 -0.9371325 0
vn 0.4980354 -0.8509739 0.1667457
vn 0.4980354 -0.8509739 0.1667457
vn 0.4980354 -0.8509739 0.1667457
vn 0.2855531 -0.9583629 0
vn 0.2855531 -0.9583629 0
vn 0.2855531 -0.9583629 0
vn 0.3019585 -0.9529339 -0.02716661
vn 0.3333308 -0.9372478 -0.1022605
vn 0.3333308 -0.9372478 -0.1022605
vn 0.3333308 -0.9372478 -0.1022605
vn 0.348974 -0.9371325 0
vn 0.2862723 0.003921509 -0.9581403
vn 0.2862723 0.003921509 -0.9581403
vn 0.2862723 0.003921509 -0.9581403
vn 0.2784293 -0.003921568 -0.9604487
vn 0.2392139 0.003921509 -0.970959
vn 0.2392139 0.003921509 -0.970959
vn 0.2392139 0.003921509 -0.970959
vn 0.2392139 0.003921509 -0.970959
vn 0.2078416 0.003921509 -0.9781547
vn 0.2078416 0.003921509 -0.9781547
vn 0.2078416 -0.003921568 -0.9781547
vn 0.2078416 0.003921509 -0.9781547
vn 0.2392139 0.003921509 -0.970959
vn 0.2392139 0.003921509 -0.970959
vn 0.2392139 0.003921509 -0.970959
vn 0.2392139 0.003921509 -0.970959
vn 0.9999924 0.003921509 0
vn 0.9999924 0.003921509 0
vn 0.9999924 0.003921509 0
vn 0.9999924 0.003921509 0
vn -0.0901953 -0.003921568 0.9959164
vn -0.0901953 -0.003921568 0.9959164
vn -0.0901953 -0.003921568 0.9959164
vn -0.0901953 0.003921509 0.9959164
vn -0.3176446 -0.003921568 0.9482017
vn -0.3176446 -0.003921568 0.9482017
vn -0.3176446 -0.003921568 0.9482017
vn -0.3176446 0.003921509 0.9482017
vn -0.4274477 -0.003921568 0.9040316
vn -0.4274477 -0.003921568 0.9040316
vn -0.4274477 -0.003921568 0.9040316
vn -0.4274477 -0.003921568 0.9040316
vn -0.05097997 0.003921509 -0.998692
vn -0.05097997 0.003921509 -0.998692
vn -0.05097997 0.003921509 -0.998692
vn -0.05097997 0.003921509 -0.998692
vn -0.8117584 0.003921509 0.5839803
vn -0.8117584 0.003921509 0.5839803
vn -0.8117584 0.003921509 0.5839803
vn -0.8117584 0.003921509 0.5839803
vn 0.2235277 -0.003921568 0.9746897
vn 0.2235277 -0.003921568 0.9746897
vn 0.2235277 -0.003921568 0.9746897
vn 0.2235277 -0.003921568 0.9746897
vn 0.2235277 0.003921509 0.9746897
vn 0.2235277 0.003921509 0.9746897
vn 0.1921554 0.003921509 0.9813567
vn 0.1921554 0.003921509 0.9813567
vn 0.1921554 0.003921509 0.9813567
vn 0.1921554 -0.003921568 0.9813567
vn 0.1843123 -0.003921568 0.9828599
vn 0.1843123 -0.003921568 0.9828599
vn 0.1843123 -0.003921568 0.9828599
vn 0.1843123 -0.003921568 0.9828599
vn 0.2392139 -0.003921568 0.970959
vn 0.2392139 -0.003921568 0.970959
vn 0.2392139 -0.003921568 0.970959
vn 0.2392139 -0.003921568 0.970959
vn 0.9921493 0.003921509 -0.1249976
vn 0.9921493 0.003921509 -0.1249976
vn 0.9921493 0.003921509 -0.1249976
vn 0.9921493 0.003921509 -0.1249976
vn -0.0901953 0.003921509 -0.9959164
vn -0.0901953 0.003921509 -0.9959164
vn -0.0901953 0.003921509 -0.9959164
vn -0.0901953 0.003921509 -0.9959164
vn -0.1058815 0.003921509 -0.9943711
vn -0.1058815 0.003921509 -0.9943711
vn -0.1999984 0.003921509 -0.9797884
vn -0.1999984 0.003921509 -0.9797884
vn -0.1999984 0.003921509 -0.9797884
vn -0.1999984 0.003921509 -0.9797884
vn -0.2941153 0.003921509 -0.9557619
vn -0.2941153 0.003921509 -0.9557619
vn -0.2941153 0.003921509 -0.9557619
vn -0.2941153 0.003921509 -0.9557619
vn -0.2941153 0.003921509 -0.9557619
vn -0.2941153 0.003921509 -0.9557619
vn -0.3333308 0.003921509 -0.9428018
vn -0.3333308 0.003921509 -0.9428018
vn -0.262743 0.003921509 -0.9648579
vn -0.262743 0.003921509 -0.9648579
vn -0.262743 0.003921509 -0.9648579
vn -0.262743 0.003921509 -0.9648579
vn -0.3803892 0.003921509 -0.9248182
vn -0.3803892 0.003921509 -0.9248182
vn -0.3803892 0.003921509 -0.9248182
vn -0.3803892 0.003921509 -0.9248182
vn 0.6470539 -0.756857 0.09213454
vn 0.6470539 -0.756857 0.09213454
vn 0.6470539 -0.756857 0.09213454
vn 0.6392108 -0.756857 0.1362978
vn 0.6392108 -0.7647001 0.08150715
vn 0.6392108 -0.7647001 0.08150715
vn 0.6392108 -0.7647001 0.08150715
vn 0.9921493 -0.003921568 0.1249976
vn 0.9921493 -0.003921568 0.1249976
vn 0.9921493 -0.003921568 0.1249976
vn 0.9999924 -0.003921568 0
vn 0.9450908 0.003921509 0.3267842
vn 0.9450908 0.003921509 0.3267842
vn 0.9450908 0.003921509 0.3267842
vn 0.9450908 0.003921509 0.3267842
vn -0.4980353 0.003921509 0.8671479
vn -0.4980353 0.003921509 0.8671479
vn -0.4980353 0.003921509 0.8671479
vn -0.4980353 -0.003921568 0.8671479
vn -0.4901923 0.003921509 0.8716055
vn -0.4901923 0.003921509 0.8716055
vn -0.7176415 0.003921509 0.6964017
vn -0.7176415 0.003921509 0.6964017
vn -0.7176415 0.003921509 0.6964017
vn -0.7176415 -0.003921568 0.6964017
vn 0.6235247 0.003921509 -0.7817939
vn 0.6235247 0.003921509 -0.7817939
vn 0.6235247 0.003921509 -0.7817939
vn 0.6235247 0.003921509 -0.7817939
vn 0.08235234 0.003921509 0.9965956
vn 0.08235234 0.003921509 0.9965956
vn 0.08235234 0.003921509 0.9965956
vn 0.08235234 0.003921509 0.9965956
vn 0.3254877 0.003921509 -0.9455382
vn 0.3254877 0.003921509 -0.9455382
vn 0.3254877 0.003921509 -0.9455382
vn 0.3254877 0.003921509 -0.9455382
vn -0.01176453 0.003921509 0.9999231
vn -0.01176453 0.003921509 0.9999231
vn -0.01176453 0.003921509 0.9999231
vn -0.01176453 0.003921509 0.9999231
vn 0.4823493 -0.8745031 -0.05082759
vn 0.4823493 -0.8745031 -0.05082759
vn 0.4823493 -0.8745031 -0.05082759
vn 0.4901924 -0.8666601 -0.09279978
vn 0.4980354 -0.8666601 -0.02934363
vn 0.5058785 -0.858817 -0.08074857
vn 0.4352908 -0.8980324 -0.06371649
vn 0.4352908 -0.8980324 -0.06371649
vn 0.4352908 -0.8980324 -0.06371649
vn 0.4352908 -0.8980324 -0.06371649
vn 0.5294077 -0.8431308 0.09411613
vn 0.5294077 -0.8431308 0.09411613
vn 0.5294077 -0.8431308 0.09411613
vn 0.552937 -0.8039154 -0.2190449
vn 0.552937 -0.8039154 -0.2190449
vn 0.552937 -0.8039154 -0.2190449
vn 0.2235277 -0.9686201 -0.108676
vn 0.2235277 -0.9686201 -0.108676
vn 0.2235277 -0.9686201 -0.108676
vn 0.247057 -0.960777 -0.125978
vn -0.2470568 -0.003921568 0.9689931
vn -0.2470568 -0.003921568 0.9689931
vn -0.2470568 -0.003921568 0.9689931
vn -0.2470568 0.003921509 0.9689931
vn 0.6784262 -0.7333277 -0.0443658
vn 0.6784262 -0.7333277 -0.0443658
vn 0.6784262 -0.7333277 -0.0443658
vn 0.6941124 -0.7176416 -0.05655585
vn 0.6862693 -0.7254847 -0.05202373
vn 0.6941124 -0.7176416 -0.05655585
vn 0.6941124 -0.7176416 -0.05655585
vn 0.7019554 -0.6941124 -0.1595825
vn 0.7019554 -0.6941124 -0.1595825
vn 0.7019554 -0.6941124 -0.1595825
vn 0.6235247 -0.7803862 -0.04705711
vn 0.6235247 -0.7803862 -0.04705711
vn 0.6235247 -0.7803862 -0.04705711
vn -0.2705861 0.003921509 -0.9626878
vn -0.2705861 0.003921509 -0.9626878
vn -0.2705861 0.003921509 -0.9626878
vn -0.2705861 0.003921509 -0.9626878
vn -0.4509768 -0.003921568 0.892527
vn -0.4509768 -0.003921568 0.892527
vn -0.4509768 -0.003921568 0.892527
vn -0.4509768 0.003921509 0.892527
vn 0.05872205 -0.9982743 0
vn 0.05872205 -0.9982743 0
vn 0.05872205 -0.9982743 0
vn 0.1764693 -0.9764631 -0.1240095
vn 0.1764693 -0.9764631 -0.1240095
vn 0.1764693 -0.9764631 -0.1240095
vn 0.45882 -0.8823462 -0.104639
vn 0.45882 -0.8823462 -0.104639
vn 0.45882 -0.8823462 -0.104639
vn 0.4425082 -0.8967644 0
vn 0.5372508 -0.8352877 -0.1168585
vn 0.5372508 -0.8352877 -0.1168585
vn 0.5372508 -0.8352877 -0.1168585
vn 0.5686231 -0.8196016 0.07014955
vn 0.5686231 -0.8196016 0.07014955
vn 0.5686231 -0.8196016 0.07014955
vn 0.56078 -0.8274447 -0.02934465
vn 0.5686231 -0.8196016 0.07014955
vn 0.7647001 0.003921509 -0.6443745
vn 0.7647001 0.003921509 -0.6443745
vn 0.7647001 0.003921509 -0.6443745
vn 0.7647001 -0.003921568 -0.6443745
vn 0.6941124 -0.003921568 -0.719856
vn 0.6941124 -0.003921568 -0.719856
vn 0.6941124 -0.003921568 -0.719856
vn 0.7019554 0.003921509 -0.7122101
vn 0.5133427 -0.8581836 0
vn 0.5133427 -0.8581836 0
vn 0.5133427 -0.8581836 0
vn 0.9450908 0.003921509 0.3267842
vn 0.9450908 0.003921509 0.3267842
vn 0.9450908 0.003921509 0.3267842
vn 0.9843062 -0.003921568 0.1764254
vn 0.9843062 -0.003921568 0.1764254
vn 0.9843062 -0.003921568 0.1764254
vn 0.5294077 -0.8431308 -0.09411613
vn 0.5294077 -0.8431308 -0.09411613
vn 0.5294077 -0.8431308 -0.09411613
vn 0.3411739 -0.003921568 -0.939992
vn 0.3411739 -0.003921568 -0.939992
vn 0.3411739 -0.003921568 -0.939992
vn 0.3960754 -0.003921568 -0.9182096
vn 0.3960754 -0.003921568 -0.9182096
vn 0.3960754 -0.003921568 -0.9182096
vn 0.9999924 0.003921509 0
vn 0.9999924 0.003921509 0
vn 0.9999924 0.003921509 0
vn 0.9999924 0.003921509 0
vn 0.2392139 -0.003921568 -0.970959
vn 0.2392139 -0.003921568 -0.970959
vn 0.2392139 -0.003921568 -0.970959
vn 0.2549 -0.003921568 -0.9669595
vn 0.9999924 0.003921509 0
vn 0.9999924 0.003921509 0
vn 0.9999924 0.003921509 0
vn 0.9999924 -0.003921568 0
vn 0.9999924 0.003921509 0
vn 0.9999924 0.003921509 0
vn 0.9999924 0.003921509 0
vn 0.9999924 0.003921509 0
vn 0.9686201 0.003921509 0.2485151
vn 0.9686201 0.003921509 0.2485151
vn 0.9686201 0.003921509 0.2485151
vn 0.9686201 -0.003921568 0.2485151
vn -0.1843122 -0.003921568 0.9828599
vn -0.1843122 -0.003921568 0.9828599
vn -0.1843122 -0.003921568 0.9828599
vn -0.1843122 -0.003921568 0.9828599
vn -0.1529399 0.003921509 0.9882277
vn -0.1529399 0.003921509 0.9882277
vn 0.3882324 -0.9215616 0
vn 0.3882324 -0.9215616 0
vn 0.3882324 -0.9215616 0
vn 0.1686262 -0.9686201 -0.1825934
vn 0.1686262 -0.9686201 -0.1825934
vn 0.1686262 -0.9686201 -0.1825934
vn -0.3647031 -0.003921568 0.9311156
vn -0.3647031 -0.003921568 0.9311156
vn -0.3647031 -0.003921568 0.9311156
vn -0.3647031 0.003921509 0.9311156
vn -0.9450908 0.003921509 -0.3267844
vn -0.9450908 0.003921509 -0.3267844
vn -0.9450908 0.003921509 -0.3267844
vn -0.9294046 0.003921509 -0.3690416
vn -0.9294046 0.003921509 -0.3690416
vn -0.9294046 0.003921509 -0.3690416
vn -0.05882299 -0.9686201 -0.2414849
vn -0.05882299 -0.9686201 -0.2414849
vn -0.05882299 -0.9686201 -0.2414849
vn -0.02744055 -0.9996234 0
vn -0.02744055 -0.9996234 0
vn -0.02744055 -0.9996234 0
vn 0.01176392 -0.9999309 0
vn 0.01176392 -0.9999309 0
vn 0.01176392 -0.9999309 0
vn -0.03529382 -0.9764631 -0.2127771
vn -0.03529382 -0.9764631 -0.2127771
vn -0.03529382 -0.9764631 -0.2127771
vn -0.06666613 -0.9921493 -0.1058084
vn -0.06666613 -0.9921493 -0.1058084
vn -0.06666613 -0.9921493 -0.1058084
vn -0.03527213 -0.9993777 0
vn -0.03527213 -0.9993777 0
vn -0.03527213 -0.9993777 0
vn -0.1764692 -0.9843062 0
vn -0.1764692 -0.9843062 0
vn -0.1764692 -0.9843062 0
vn -0.1294107 -0.960777 -0.2452763
vn -0.1294107 -0.960777 -0.2452763
vn -0.1294107 -0.960777 -0.2452763
vn -0.08235228 -0.9529339 -0.2917792
vn -0.08235228 -0.9529339 -0.2917792
vn -0.08235228 -0.9529339 -0.2917792
vn -0.02745068 -0.9450908 -0.3256528
vn -0.02745068 -0.9450908 -0.3256528
vn -0.02745068 -0.9450908 -0.3256528
vn 0.4039185 -0.9137185 -0.04436513
vn 0.4039185 -0.9137185 -0.04436513
vn 0.4039185 -0.9137185 -0.04436513
vn 0.4039185 -0.9137185 -0.04436513
vn -0.1529399 0.003921509 -0.9882277
vn -0.1529399 0.003921509 -0.9882277
vn -0.1529399 0.003921509 -0.9882277
vn -0.1529399 0.003921509 -0.9882277
vn 0.1764693 -0.9843062 0
vn 0.1764693 -0.9843062 0
vn 0.1764693 -0.9843062 0
vn 0.247057 -0.9686201 -0.02716661
vn 0.247057 -0.9686201 -0.02716661
vn 0.247057 -0.9686201 -0.02716661
g G_CA_Prinzeugen_Body_H_001_0
f 3/3/3 2/2/2 1/1/1
f 4/4/4 1/1/1 2/2/2
f 1/1/1 4/4/4 5/5/5
f 6/6/6 5/5/5 4/4/4
f 2/2/2 3/3/3 7/7/7
f 8/8/8 7/7/7 3/3/3
f 7/7/7 8/8/8 9/9/9
f 10/10/10 9/9/9 8/8/8
f 9/9/9 10/10/10 11/11/11
f 12/12/12 11/11/11 10/10/10
f 13/13/13 11/11/11 12/12/12
f 12/12/12 14/14/14 13/13/13
f 15/15/15 13/13/13 14/14/14
f 15/15/15 14/14/14 16/16/16
f 15/15/15 16/16/16 17/17/17
f 12/12/12 10/10/10 18/18/18
f 19/19/19 12/12/12 18/18/18
f 18/18/18 20/20/20 19/19/19
f 21/21/21 19/19/19 20/20/20
f 18/18/18 22/22/22 20/20/20
f 18/18/18 23/23/23 22/22/22
f 22/22/22 23/23/23 24/24/24
f 18/18/18 25/25/25 23/23/23
f 10/10/10 25/25/25 18/18/18
f 21/21/21 20/20/20 26/26/26
f 8/8/8 25/25/25 10/10/10
f 25/25/25 8/8/8 27/27/27
f 27/27/27 8/8/8 3/3/3
f 27/27/27 3/3/3 1/1/1
f 1/1/1 28/28/28 27/27/27
f 28/28/28 1/1/1 29/29/29
f 5/5/5 29/29/29 1/1/1
f 32/32/32 31/31/31 30/30/30
f 32/32/32 33/33/33 31/31/31
f 30/30/30 34/34/34 32/32/32
f 35/35/35 33/33/33 32/32/32
f 36/36/36 35/35/35 32/32/32
f 32/32/32 37/37/37 36/36/36
f 32/32/32 38/38/38 37/37/37
f 34/34/34 38/38/38 32/32/32
f 35/35/35 39/39/39 33/33/33
f 39/39/39 35/35/35 40/40/40
f 43/43/43 42/42/42 41/41/41
f 44/44/44 41/41/41 42/42/42
f 41/41/41 45/45/45 43/43/43
f 46/46/46 43/43/43 45/45/45
f 46/46/46 45/45/45 47/47/47
f 48/48/48 47/47/47 45/45/45
f 47/47/47 48/48/48 49/49/49
f 50/50/50 49/49/49 48/48/48
f 44/44/44 42/42/42 51/51/51
f 52/52/52 51/51/51 42/42/42
f 51/51/51 52/52/52 53/53/53
f 54/54/54 53/53/53 52/52/52
f 51/51/51 53/53/53 55/55/55
f 41/41/41 44/44/44 55/55/55
f 44/44/44 51/51/51 55/55/55
f 45/45/45 41/41/41 55/55/55
f 55/55/55 48/48/48 45/45/45
f 48/48/48 55/55/55 50/50/50
f 53/53/53 54/54/54 56/56/56
f 56/56/56 57/57/57 53/53/53
f 57/57/57 55/55/55 53/53/53
f 55/55/55 57/57/57 58/58/58
f 55/55/55 58/58/58 50/50/50
f 59/59/59 56/56/56 54/54/54
f 49/49/49 50/50/50 60/60/60
f 58/58/58 60/60/60 50/50/50
f 63/63/63 62/62/62 61/61/61
f 63/63/63 61/61/61 64/64/64
f 65/65/65 64/64/64 61/61/61
f 66/66/66 64/64/64 65/65/65
f 66/66/66 67/67/67 64/64/64
f 66/66/66 68/68/68 67/67/67
f 71/71/71 70/70/70 69/69/69
f 72/72/72 69/69/69 70/70/70
f 72/72/72 73/73/73 69/69/69
f 74/74/74 69/69/69 73/73/73
f 72/72/72 70/70/70 75/75/75
f 76/76/76 75/75/75 70/70/70
f 76/76/76 77/77/77 75/75/75
f 78/78/78 75/75/75 77/77/77
f 79/79/79 75/75/75 78/78/78
f 78/78/78 80/80/80 79/79/79
f 81/81/81 79/79/79 80/80/80
f 82/82/82 81/81/81 80/80/80
f 78/78/78 83/83/83 80/80/80
f 83/83/83 84/84/84 80/80/80
f 85/85/85 80/80/80 84/84/84
f 86/86/86 85/85/85 84/84/84
f 73/73/73 72/72/72 87/87/87
f 75/75/75 87/87/87 72/72/72
f 87/87/87 88/88/88 73/73/73
f 89/89/89 73/73/73 88/88/88
f 88/88/88 90/90/90 89/89/89
f 89/89/89 90/90/90 91/91/91
f 77/77/77 76/76/76 92/92/92
f 92/92/92 93/93/93 77/77/77
f 94/94/94 77/77/77 93/93/93
f 77/77/77 94/94/94 95/95/95
f 96/96/96 95/95/95 94/94/94
f 96/96/96 97/97/97 95/95/95
f 93/93/93 92/92/92 98/98/98
f 99/99/99 98/98/98 92/92/92
f 92/92/92 100/100/100 99/99/99
f 100/100/100 92/92/92 76/76/76
f 101/101/101 99/99/99 100/100/100
f 100/100/100 102/102/102 101/101/101
f 103/103/103 101/101/101 102/102/102
f 98/98/98 99/99/99 104/104/104
f 105/105/105 104/104/104 99/99/99
f 99/99/99 101/101/101 105/105/105
f 101/101/101 103/103/103 106/106/106
f 106/106/106 105/105/105 101/101/101
f 105/105/105 106/106/106 107/107/107
f 108/108/108 107/107/107 106/106/106
f 109/109/109 106/106/106 103/103/103
f 106/106/106 109/109/109 108/108/108
f 102/102/102 110/110/110 103/103/103
f 111/111/111 103/103/103 110/110/110
f 103/103/103 111/111/111 109/109/109
f 112/112/112 108/108/108 109/109/109
f 109/109/109 113/113/113 112/112/112
f 113/113/113 109/109/109 111/111/111
f 114/114/114 112/112/112 113/113/113
f 108/108/108 112/112/112 115/115/115
f 116/116/116 115/115/115 112/112/112
f 112/112/112 114/114/114 116/116/116
f 115/115/115 116/116/116 117/117/117
f 118/118/118 117/117/117 116/116/116
f 117/117/117 118/118/118 119/119/119
f 120/120/120 119/119/119 118/118/118
f 119/119/119 121/121/121 117/117/117
f 122/122/122 117/117/117 121/121/121
f 117/117/117 122/122/122 115/115/115
f 120/120/120 123/123/123 119/119/119
f 124/124/124 119/119/119 123/123/123
f 116/116/116 125/125/125 118/118/118
f 125/125/125 116/116/116 114/114/114
f 126/126/126 118/118/118 125/125/125
f 118/118/118 126/126/126 120/120/120
f 127/127/127 120/120/120 126/126/126
f 123/123/123 128/128/128 124/124/124
f 128/128/128 123/123/123 129/129/129
f 130/130/130 129/129/129 123/123/123
f 127/127/127 130/130/130 120/120/120
f 123/123/123 120/120/120 130/130/130
f 131/131/131 124/124/124 128/128/128
f 131/131/131 128/128/128 132/132/132
f 133/133/133 132/132/132 128/128/128
f 128/128/128 129/129/129 133/133/133
f 131/131/131 132/132/132 134/134/134
f 135/135/135 134/134/134 132/132/132
f 135/135/135 132/132/132 136/136/136
f 137/137/137 136/136/136 132/132/132
f 132/132/132 133/133/133 137/137/137
f 131/131/131 138/138/138 124/124/124
f 139/139/139 124/124/124 138/138/138
f 140/140/140 136/136/136 137/137/137
f 137/137/137 141/141/141 140/140/140
f 141/141/141 137/137/137 133/133/133
f 133/133/133 142/142/142 141/141/141
f 142/142/142 133/133/133 129/129/129
f 143/143/143 141/141/141 142/142/142
f 143/143/143 140/140/140 141/141/141
f 138/138/138 144/144/144 139/139/139
f 138/138/138 145/145/145 144/144/144
f 134/134/134 145/145/145 131/131/131
f 138/138/138 131/131/131 145/145/145
f 146/146/146 144/144/144 145/145/145
f 145/145/145 147/147/147 146/146/146
f 148/148/148 146/146/146 147/147/147
f 149/149/149 148/148/148 147/147/147
f 134/134/134 150/150/150 145/145/145
f 151/151/151 145/145/145 150/150/150
f 150/150/150 152/152/152 151/151/151
f 153/153/153 139/139/139 144/144/144
f 139/139/139 153/153/153 121/121/121
f 154/154/154 121/121/121 153/153/153
f 121/121/121 154/154/154 122/122/122
f 155/155/155 122/122/122 154/154/154
f 122/122/122 155/155/155 156/156/156
f 157/157/157 156/156/156 155/155/155
f 155/155/155 154/154/154 158/158/158
f 158/158/158 159/159/159 155/155/155
f 158/158/158 160/160/160 159/159/159
f 161/161/161 159/159/159 160/160/160
f 160/160/160 162/162/162 161/161/161
f 156/156/156 157/157/157 107/107/107
f 163/163/163 107/107/107 157/157/157
f 107/107/107 163/163/163 105/105/105
f 104/104/104 105/105/105 163/163/163
f 156/156/156 115/115/115 122/122/122
f 115/115/115 156/156/156 108/108/108
f 107/107/107 108/108/108 156/156/156
f 166/166/166 165/165/165 164/164/164
f 167/167/167 166/166/166 164/164/164
f 167/167/167 168/168/168 166/166/166
f 171/171/171 170/170/170 169/169/169
f 169/169/169 170/170/170 172/172/172
f 173/173/173 172/172/172 170/170/170
f 172/172/172 173/173/173 174/174/174
f 177/177/177 176/176/176 175/175/175
f 178/178/178 175/175/175 176/176/176
f 176/176/176 179/179/179 178/178/178
f 180/180/180 178/178/178 179/179/179
f 180/180/180 179/179/179 181/181/181
f 182/182/182 181/181/181 179/179/179
f 181/181/181 182/182/182 183/183/183
f 184/184/184 183/183/183 182/182/182
f 184/184/184 185/185/185 183/183/183
f 186/186/186 183/183/183 185/185/185
f 185/185/185 187/187/187 186/186/186
f 188/188/188 186/186/186 187/187/187
f 175/175/175 189/189/189 177/177/177
f 190/190/190 177/177/177 189/189/189
f 189/189/189 191/191/191 190/190/190
f 192/192/192 190/190/190 191/191/191
f 186/186/186 188/188/188 193/193/193
f 194/194/194 193/193/193 188/188/188
f 194/194/194 188/188/188 195/195/195
f 196/196/196 195/195/195 188/188/188
f 196/196/196 197/197/197 195/195/195
f 198/198/198 195/195/195 197/197/197
f 193/193/193 199/199/199 186/186/186
f 183/183/183 186/186/186 199/199/199
f 199/199/199 200/200/200 183/183/183
f 181/181/181 183/183/183 200/200/200
f 200/200/200 201/201/201 181/181/181
f 180/180/180 181/181/181 201/201/201
f 201/201/201 202/202/202 180/180/180
f 178/178/178 180/180/180 202/202/202
f 202/202/202 203/203/203 178/178/178
f 175/175/175 178/178/178 203/203/203
f 175/175/175 203/203/203 204/204/204
f 204/204/204 189/189/189 175/175/175
f 205/205/205 204/204/204 203/203/203
f 203/203/203 206/206/206 205/205/205
f 203/203/203 202/202/202 206/206/206
f 205/205/205 206/206/206 207/207/207
f 207/207/207 208/208/208 205/205/205
f 209/209/209 205/205/205 208/208/208
f 205/205/205 209/209/209 210/210/210
f 204/204/204 210/210/210 189/189/189
f 204/204/204 205/205/205 210/210/210
f 211/211/211 210/210/210 209/209/209
f 209/209/209 208/208/208 212/212/212
f 213/213/213 212/212/212 208/208/208
f 212/212/212 213/213/213 214/214/214
f 215/215/215 214/214/214 213/213/213
f 214/214/214 215/215/215 216/216/216
f 217/217/217 216/216/216 215/215/215
f 216/216/216 217/217/217 218/218/218
f 218/218/218 219/219/219 216/216/216
f 220/220/220 216/216/216 219/219/219
f 220/220/220 214/214/214 216/216/216
f 221/221/221 218/218/218 217/217/217
f 221/221/221 222/222/222 218/218/218
f 223/223/223 218/218/218 222/222/222
f 219/219/219 218/218/218 223/223/223
f 222/222/222 224/224/224 223/223/223
f 225/225/225 223/223/223 224/224/224
f 219/219/219 223/223/223 225/225/225
f 224/224/224 226/226/226 225/225/225
f 227/227/227 225/225/225 226/226/226
f 226/226/226 228/228/228 227/227/227
f 229/229/229 227/227/227 228/228/228
f 229/229/229 228/228/228 230/230/230
f 231/231/231 230/230/230 228/228/228
f 232/232/232 220/220/220 219/219/219
f 232/232/232 219/219/219 225/225/225
f 225/225/225 227/227/227 232/232/232
f 233/233/233 232/232/232 227/227/227
f 229/229/229 233/233/233 227/227/227
f 233/233/233 234/234/234 232/232/232
f 235/235/235 232/232/232 234/234/234
f 234/234/234 236/236/236 235/235/235
f 237/237/237 235/235/235 236/236/236
f 232/232/232 235/235/235 238/238/238
f 239/239/239 238/238/238 235/235/235
f 235/235/235 237/237/237 239/239/239
f 240/240/240 239/239/239 237/237/237
f 229/229/229 241/241/241 233/233/233
f 234/234/234 233/233/233 241/241/241
f 229/229/229 230/230/230 241/241/241
f 242/242/242 238/238/238 239/239/239
f 243/243/243 242/242/242 239/239/239
f 243/243/243 239/239/239 240/240/240
f 243/243/243 244/244/244 242/242/242
f 243/243/243 240/240/240 245/245/245
f 245/245/245 240/240/240 246/246/246
f 240/240/240 237/237/237 246/246/246
f 246/246/246 237/237/237 247/247/247
f 248/248/248 247/247/247 237/237/237
f 236/236/236 248/248/248 237/237/237
f 245/245/245 246/246/246 249/249/249
f 250/250/250 243/243/243 245/245/245
f 243/243/243 250/250/250 251/251/251
f 251/251/251 244/244/244 243/243/243
f 252/252/252 251/251/251 250/250/250
f 251/251/251 252/252/252 253/253/253
f 253/253/253 254/254/254 251/251/251
f 255/255/255 251/251/251 254/254/254
f 251/251/251 255/255/255 244/244/244
f 254/254/254 256/256/256 255/255/255
f 211/211/211 255/255/255 256/256/256
f 244/244/244 255/255/255 211/211/211
f 257/257/257 253/253/253 252/252/252
f 252/252/252 258/258/258 257/257/257
f 259/259/259 257/257/257 258/258/258
f 258/258/258 252/252/252 260/260/260
f 250/250/250 260/260/260 252/252/252
f 258/258/258 260/260/260 261/261/261
f 258/258/258 261/261/261 259/259/259
f 262/262/262 261/261/261 260/260/260
f 261/261/261 262/262/262 263/263/263
f 263/263/263 259/259/259 261/261/261
f 264/264/264 263/263/263 262/262/262
f 264/264/264 262/262/262 265/265/265
f 265/265/265 262/262/262 266/266/266
f 265/265/265 266/266/266 267/267/267
f 268/268/268 267/267/267 266/266/266
f 267/267/267 268/268/268 269/269/269
f 269/269/269 198/198/198 267/267/267
f 267/267/267 198/198/198 197/197/197
f 267/267/267 197/197/197 265/265/265
f 197/197/197 270/270/270 265/265/265
f 271/271/271 265/265/265 270/270/270
f 265/265/265 271/271/271 264/264/264
f 271/271/271 270/270/270 272/272/272
f 272/272/272 273/273/273 271/271/271
f 274/274/274 271/271/271 273/273/273
f 274/274/274 264/264/264 271/271/271
f 275/275/275 272/272/272 270/270/270
f 269/269/269 195/195/195 198/198/198
f 269/269/269 276/276/276 195/195/195
f 277/277/277 276/276/276 269/269/269
f 276/276/276 278/278/278 195/195/195
f 278/278/278 194/194/194 195/195/195
f 278/278/278 279/279/279 194/194/194
f 193/193/193 194/194/194 279/279/279
f 280/280/280 279/279/279 278/278/278
f 280/280/280 278/278/278 276/276/276
f 280/280/280 276/276/276 277/277/277
f 280/280/280 281/281/281 279/279/279
f 281/281/281 282/282/282 279/279/279
f 282/282/282 193/193/193 279/279/279
f 199/199/199 193/193/193 282/282/282
f 199/199/199 282/282/282 283/283/283
f 282/282/282 284/284/284 283/283/283
f 281/281/281 284/284/284 282/282/282
f 285/285/285 283/283/283 284/284/284
f 283/283/283 285/285/285 286/286/286
f 287/287/287 286/286/286 285/285/285
f 287/287/287 285/285/285 288/288/288
f 289/289/289 287/287/287 288/288/288
f 289/289/289 290/290/290 287/287/287
f 291/291/291 287/287/287 290/290/290
f 292/292/292 287/287/287 291/291/291
f 292/292/292 286/286/286 287/287/287
f 286/286/286 292/292/292 201/201/201
f 202/202/202 201/201/201 292/292/292
f 293/293/293 292/292/292 291/291/291
f 292/292/292 293/293/293 294/294/294
f 292/292/292 294/294/294 202/202/202
f 206/206/206 202/202/202 294/294/294
f 206/206/206 294/294/294 295/295/295
f 295/295/295 207/207/207 206/206/206
f 296/296/296 295/295/295 294/294/294
f 296/296/296 294/294/294 293/293/293
f 289/289/289 297/297/297 290/290/290
f 298/298/298 290/290/290 297/297/297
f 288/288/288 299/299/299 289/289/289
f 297/297/297 289/289/289 299/299/299
f 300/300/300 299/299/299 288/288/288
f 297/297/297 299/299/299 301/301/301
f 301/301/301 299/299/299 300/300/300
f 297/297/297 301/301/301 302/302/302
f 298/298/298 297/297/297 302/302/302
f 301/301/301 300/300/300 303/303/303
f 304/304/304 301/301/301 303/303/303
f 305/305/305 301/301/301 304/304/304
f 302/302/302 301/301/301 305/305/305
f 303/303/303 300/300/300 306/306/306
f 300/300/300 307/307/307 306/306/306
f 288/288/288 307/307/307 300/300/300
f 288/288/288 285/285/285 307/307/307
f 284/284/284 307/307/307 285/285/285
f 308/308/308 306/306/306 307/307/307
f 309/309/309 306/306/306 308/308/308
f 310/310/310 308/308/308 307/307/307
f 310/310/310 307/307/307 284/284/284
f 309/309/309 308/308/308 310/310/310
f 309/309/309 310/310/310 311/311/311
f 309/309/309 311/311/311 312/312/312
f 311/311/311 313/313/313 312/312/312
f 314/314/314 312/312/312 313/313/313
f 313/313/313 280/280/280 314/314/314
f 315/315/315 314/314/314 280/280/280
f 311/311/311 281/281/281 313/313/313
f 281/281/281 310/310/310 284/284/284
f 313/313/313 281/281/281 280/280/280
f 311/311/311 310/310/310 281/281/281
f 315/315/315 280/280/280 277/277/277
f 316/316/316 309/309/309 312/312/312
f 317/317/317 309/309/309 316/316/316
f 318/318/318 317/317/317 316/316/316
f 319/319/319 317/317/317 318/318/318
f 319/319/319 306/306/306 317/317/317
f 317/317/317 306/306/306 309/309/309
f 320/320/320 319/319/319 318/318/318
f 320/320/320 321/321/321 319/319/319
f 322/322/322 319/319/319 321/321/321
f 321/321/321 323/323/323 322/322/322
f 324/324/324 322/322/322 323/323/323
f 324/324/324 304/304/304 322/322/322
f 322/322/322 303/303/303 319/319/319
f 303/303/303 306/306/306 319/319/319
f 304/304/304 303/303/303 322/322/322
f 305/305/305 304/304/304 324/324/324
f 277/277/277 269/269/269 325/325/325
f 325/325/325 269/269/269 268/268/268
f 325/325/325 268/268/268 326/326/326
f 326/326/326 268/268/268 266/266/266
f 325/325/325 326/326/326 327/327/327
f 327/327/327 326/326/326 328/328/328
f 326/326/326 329/329/329 328/328/328
f 330/330/330 328/328/328 329/329/329
f 331/331/331 328/328/328 330/330/330
f 330/330/330 332/332/332 331/331/331
f 331/331/331 332/332/332 333/333/333
f 334/334/334 333/333/333 332/332/332
f 334/334/334 332/332/332 335/335/335
f 332/332/332 330/330/330 335/335/335
f 335/335/335 336/336/336 334/334/334
f 334/334/334 336/336/336 337/337/337
f 338/338/338 337/337/337 336/336/336
f 338/338/338 339/339/339 337/337/337
f 340/340/340 337/337/337 339/339/339
f 339/339/339 341/341/341 340/340/340
f 342/342/342 340/340/340 341/341/341
f 334/334/334 337/337/337 343/343/343
f 333/333/333 334/334/334 343/343/343
f 340/340/340 344/344/344 337/337/337
f 343/343/343 337/337/337 344/344/344
f 344/344/344 340/340/340 345/345/345
f 342/342/342 345/345/345 340/340/340
f 333/333/333 346/346/346 331/331/331
f 347/347/347 331/331/331 346/346/346
f 346/346/346 333/333/333 348/348/348
f 343/343/343 348/348/348 333/333/333
f 348/348/348 343/343/343 344/344/344
f 338/338/338 349/349/349 339/339/339
f 338/338/338 350/350/350 349/349/349
f 338/338/338 336/336/336 350/350/350
f 350/350/350 336/336/336 335/335/335
f 249/249/249 350/350/350 335/335/335
f 350/350/350 351/351/351 349/349/349
f 351/351/351 352/352/352 349/349/349
f 353/353/353 349/349/349 352/352/352
f 350/350/350 246/246/246 351/351/351
f 246/246/246 350/350/350 249/249/249
f 348/348/348 344/344/344 354/354/354
f 345/345/345 354/354/354 344/344/344
f 341/341/341 355/355/355 342/342/342
f 341/341/341 356/356/356 355/355/355
f 341/341/341 339/339/339 356/356/356
f 357/357/357 339/339/339 349/349/349
f 357/357/357 356/356/356 339/339/339
f 349/349/349 353/353/353 357/357/357
f 358/358/358 355/355/355 356/356/356
f 358/358/358 359/359/359 355/355/355
f 359/359/359 358/358/358 360/360/360
f 361/361/361 360/360/360 358/358/358
f 358/358/358 356/356/356 361/361/361
f 362/362/362 355/355/355 359/359/359
f 352/352/352 363/363/363 353/353/353
f 364/364/364 353/353/353 363/363/363
f 353/353/353 364/364/364 365/365/365
f 365/365/365 357/357/357 353/353/353
f 366/366/366 365/365/365 364/364/364
f 364/364/364 363/363/363 367/367/367
f 366/366/366 364/364/364 368/368/368
f 367/367/367 368/368/368 364/364/364
f 368/368/368 369/369/369 366/366/366
f 370/370/370 366/366/366 369/369/369
f 366/366/366 370/370/370 365/365/365
f 368/368/368 371/371/371 369/369/369
f 372/372/372 369/369/369 371/371/371
f 367/367/367 373/373/373 368/368/368
f 371/371/371 368/368/368 373/373/373
f 367/367/367 374/374/374 373/373/373
f 367/367/367 363/363/363 374/374/374
f 375/375/375 373/373/373 374/374/374
f 375/375/375 374/374/374 376/376/376
f 377/377/377 376/376/376 374/374/374
f 377/377/377 374/374/374 378/378/378
f 379/379/379 378/378/378 374/374/374
f 377/377/377 380/380/380 376/376/376
f 381/381/381 376/376/376 380/380/380
f 381/381/381 380/380/380 382/382/382
f 383/383/383 382/382/382 380/380/380
f 383/383/383 384/384/384 382/382/382
f 385/385/385 382/382/382 384/384/384
f 384/384/384 386/386/386 385/385/385
f 386/386/386 384/384/384 387/387/387
f 387/387/387 388/388/388 386/386/386
f 389/389/389 386/386/386 388/388/388
f 390/390/390 387/387/387 384/384/384
f 384/384/384 383/383/383 390/390/390
f 389/389/389 391/391/391 386/386/386
f 392/392/392 386/386/386 391/391/391
f 392/392/392 385/385/385 386/386/386
f 390/390/390 393/393/393 387/387/387
f 230/230/230 387/387/387 393/393/393
f 387/387/387 230/230/230 388/388/388
f 394/394/394 390/390/390 383/383/383
f 383/383/383 380/380/380 394/394/394
f 395/395/395 394/394/394 380/380/380
f 395/395/395 396/396/396 394/394/394
f 397/397/397 394/394/394 396/396/396
f 394/394/394 397/397/397 390/390/390
f 393/393/393 390/390/390 397/397/397
f 395/395/395 378/378/378 396/396/396
f 398/398/398 396/396/396 378/378/378
f 231/231/231 388/388/388 230/230/230
f 396/396/396 236/236/236 397/397/397
f 396/396/396 398/398/398 236/236/236
f 234/234/234 397/397/397 236/236/236
f 397/397/397 234/234/234 393/393/393
f 393/393/393 241/241/241 230/230/230
f 241/241/241 393/393/393 234/234/234
f 391/391/391 399/399/399 392/392/392
f 400/400/400 392/392/392 399/399/399
f 399/399/399 401/401/401 400/400/400
f 402/402/402 400/400/400 401/401/401
f 402/402/402 403/403/403 400/400/400
f 404/404/404 400/400/400 403/403/403
f 403/403/403 405/405/405 404/404/404
f 406/406/406 404/404/404 405/405/405
f 400/400/400 404/404/404 392/392/392
f 385/385/385 392/392/392 404/404/404
f 404/404/404 406/406/406 385/385/385
f 382/382/382 385/385/385 406/406/406
f 406/406/406 407/407/407 382/382/382
f 381/381/381 382/382/382 407/407/407
f 407/407/407 408/408/408 381/381/381
f 376/376/376 381/381/381 408/408/408
f 405/405/405 409/409/409 406/406/406
f 407/407/407 406/406/406 409/409/409
f 409/409/409 410/410/410 407/407/407
f 408/408/408 407/407/407 410/410/410
f 410/410/410 411/411/411 408/408/408
f 412/412/412 408/408/408 411/411/411
f 408/408/408 412/412/412 376/376/376
f 375/375/375 376/376/376 412/412/412
f 412/412/412 413/413/413 375/375/375
f 373/373/373 375/375/375 413/413/413
f 373/373/373 413/413/413 371/371/371
f 414/414/414 371/371/371 413/413/413
f 371/371/371 414/414/414 372/372/372
f 415/415/415 372/372/372 414/414/414
f 411/411/411 416/416/416 412/412/412
f 413/413/413 412/412/412 416/416/416
f 413/413/413 416/416/416 414/414/414
f 417/417/417 414/414/414 416/416/416
f 414/414/414 417/417/417 415/415/415
f 418/418/418 415/415/415 417/417/417
f 415/415/415 418/418/418 419/419/419
f 420/420/420 419/419/419 418/418/418
f 420/420/420 421/421/421 419/419/419
f 422/422/422 419/419/419 421/421/421
f 419/419/419 422/422/422 423/423/423
f 372/372/372 415/415/415 423/423/423
f 419/419/419 423/423/423 415/415/415
f 424/424/424 423/423/423 422/422/422
f 423/423/423 424/424/424 425/425/425
f 423/423/423 425/425/425 372/372/372
f 426/426/426 425/425/425 424/424/424
f 425/425/425 426/426/426 427/427/427
f 428/428/428 427/427/427 426/426/426
f 424/424/424 429/429/429 426/426/426
f 430/430/430 426/426/426 429/429/429
f 429/429/429 431/431/431 430/430/430
f 432/432/432 430/430/430 431/431/431
f 430/430/430 432/432/432 433/433/433
f 430/430/430 433/433/433 426/426/426
f 428/428/428 426/426/426 433/433/433
f 434/434/434 433/433/433 432/432/432
f 422/422/422 435/435/435 424/424/424
f 429/429/429 424/424/424 435/435/435
f 435/435/435 436/436/436 429/429/429
f 431/431/431 429/429/429 436/436/436
f 431/431/431 437/437/437 432/432/432
f 438/438/438 432/432/432 437/437/437
f 427/427/427 370/370/370 425/425/425
f 369/369/369 425/425/425 370/370/370
f 369/369/369 372/372/372 425/425/425
f 433/433/433 434/434/434 439/439/439
f 440/440/440 439/439/439 434/434/434
f 438/438/438 441/441/441 432/432/432
f 434/434/434 432/432/432 441/441/441
f 434/434/434 441/441/441 440/440/440
f 442/442/442 440/440/440 441/441/441
f 439/439/439 360/360/360 433/433/433
f 428/428/428 433/433/433 360/360/360
f 360/360/360 361/361/361 428/428/428
f 427/427/427 428/428/428 361/361/361
f 361/361/361 443/443/443 427/427/427
f 370/370/370 427/427/427 443/443/443
f 443/443/443 365/365/365 370/370/370
f 439/439/439 440/440/440 362/362/362
f 444/444/444 362/362/362 440/440/440
f 440/440/440 442/442/442 444/444/444
f 445/445/445 444/444/444 442/442/442
f 445/445/445 446/446/446 444/444/444
f 447/447/447 444/444/444 446/446/446
f 444/444/444 447/447/447 362/362/362
f 447/447/447 446/446/446 448/448/448
f 449/449/449 448/448/448 446/446/446
f 449/449/449 450/450/450 448/448/448
f 451/451/451 448/448/448 450/450/450
f 450/450/450 452/452/452 451/451/451
f 448/448/448 453/453/453 447/447/447
f 448/448/448 451/451/451 453/453/453
f 355/355/355 447/447/447 453/453/453
f 355/355/355 362/362/362 447/447/447
f 454/454/454 453/453/453 451/451/451
f 451/451/451 452/452/452 454/454/454
f 354/354/354 454/454/454 452/452/452
f 453/453/453 342/342/342 355/355/355
f 453/453/453 454/454/454 342/342/342
f 345/345/345 342/342/342 454/454/454
f 454/454/454 354/354/354 345/345/345
f 362/362/362 359/359/359 439/439/439
f 360/360/360 439/439/439 359/359/359
f 457/457/457 456/456/456 455/455/455
f 458/458/458 455/455/455 456/456/456
f 455/455/455 459/459/459 457/457/457
f 460/460/460 457/457/457 459/459/459
f 459/459/459 461/461/461 460/460/460
f 462/462/462 460/460/460 461/461/461
f 462/462/462 461/461/461 463/463/463
f 464/464/464 463/463/463 461/461/461
f 462/462/462 463/463/463 254/254/254
f 256/256/256 254/254/254 463/463/463
f 254/254/254 253/253/253 462/462/462
f 460/460/460 462/462/462 253/253/253
f 253/253/253 257/257/257 460/460/460
f 457/457/457 460/460/460 257/257/257
f 257/257/257 259/259/259 457/457/457
f 456/456/456 457/457/457 259/259/259
f 259/259/259 263/263/263 456/456/456
f 465/465/465 456/456/456 263/263/263
f 456/456/456 465/465/465 458/458/458
f 466/466/466 458/458/458 465/465/465
f 465/465/465 274/274/274 466/466/466
f 273/273/273 466/466/466 274/274/274
f 274/274/274 465/465/465 264/264/264
f 263/263/263 264/264/264 465/465/465
f 463/463/463 192/192/192 256/256/256
f 191/191/191 256/256/256 192/192/192
f 464/464/464 467/467/467 463/463/463
f 192/192/192 463/463/463 467/467/467
f 467/467/467 468/468/468 192/192/192
f 190/190/190 192/192/192 468/468/468
f 468/468/468 469/469/469 190/190/190
f 177/177/177 190/190/190 469/469/469
f 469/469/469 470/470/470 177/177/177
f 176/176/176 177/177/177 470/470/470
f 176/176/176 470/470/470 179/179/179
f 471/471/471 179/179/179 470/470/470
f 179/179/179 471/471/471 182/182/182
f 472/472/472 182/182/182 471/471/471
f 182/182/182 472/472/472 184/184/184
f 473/473/473 184/184/184 472/472/472
f 184/184/184 473/473/473 185/185/185
f 474/474/474 185/185/185 473/473/473
f 474/474/474 475/475/475 185/185/185
f 187/187/187 185/185/185 475/475/475
f 475/475/475 476/476/476 187/187/187
f 477/477/477 187/187/187 476/476/476
f 477/477/477 476/476/476 270/270/270
f 270/270/270 197/197/197 477/477/477
f 196/196/196 477/477/477 197/197/197
f 275/275/275 270/270/270 476/476/476
f 187/187/187 477/477/477 188/188/188
f 196/196/196 188/188/188 477/477/477
f 478/478/478 212/212/212 242/242/242
f 214/214/214 242/242/242 212/212/212
f 209/209/209 212/212/212 478/478/478
f 214/214/214 220/220/220 242/242/242
f 244/244/244 478/478/478 242/242/242
f 211/211/211 478/478/478 244/244/244
f 209/209/209 478/478/478 211/211/211
f 220/220/220 238/238/238 242/242/242
f 232/232/232 238/238/238 220/220/220
f 256/256/256 191/191/191 211/211/211
f 210/210/210 211/211/211 191/191/191
f 191/191/191 189/189/189 210/210/210
f 480/480/480 436/436/436 479/479/479
f 481/481/481 479/479/479 436/436/436
f 436/436/436 480/480/480 431/431/431
f 437/437/437 431/431/431 480/480/480
f 436/436/436 435/435/435 481/481/481
f 482/482/482 481/481/481 435/435/435
f 435/435/435 422/422/422 482/482/482
f 421/421/421 482/482/482 422/422/422
f 331/331/331 347/347/347 328/328/328
f 327/327/327 328/328/328 347/347/347
f 249/249/249 484/484/484 483/483/483
f 483/483/483 484/484/484 260/260/260
f 485/485/485 260/260/260 484/484/484
f 329/329/329 485/485/485 484/484/484
f 330/330/330 329/329/329 484/484/484
f 260/260/260 250/250/250 483/483/483
f 245/245/245 483/483/483 250/250/250
f 249/249/249 483/483/483 245/245/245
f 249/249/249 335/335/335 484/484/484
f 330/330/330 484/484/484 335/335/335
f 262/262/262 260/260/260 485/485/485
f 266/266/266 262/262/262 485/485/485
f 485/485/485 326/326/326 266/266/266
f 326/326/326 485/485/485 329/329/329
f 200/200/200 199/199/199 283/283/283
f 200/200/200 283/283/283 286/286/286
f 286/286/286 201/201/201 200/200/200
f 488/488/488 487/487/487 486/486/486
f 489/489/489 486/486/486 487/487/487
f 487/487/487 488/488/488 490/490/490
f 491/491/491 490/490/490 488/488/488
f 490/490/490 491/491/491 492/492/492
f 492/492/492 493/493/493 490/490/490
f 494/494/494 490/490/490 493/493/493
f 494/494/494 487/487/487 490/490/490
f 495/495/495 492/492/492 491/491/491
f 495/495/495 496/496/496 492/492/492
f 497/497/497 492/492/492 496/496/496
f 493/493/493 492/492/492 497/497/497
f 498/498/498 489/489/489 487/487/487
f 487/487/487 494/494/494 498/498/498
f 494/494/494 499/499/499 498/498/498
f 499/499/499 494/494/494 493/493/493
f 502/502/502 501/501/501 500/500/500
f 503/503/503 500/500/500 501/501/501
f 506/506/506 505/505/505 504/504/504
f 507/507/507 504/504/504 505/505/505
f 510/510/510 509/509/509 508/508/508
f 511/511/511 508/508/508 509/509/509
f 514/514/514 513/513/513 512/512/512
f 515/515/515 512/512/512 513/513/513
f 518/518/518 517/517/517 516/516/516
f 519/519/519 516/516/516 517/517/517
f 522/522/522 521/521/521 520/520/520
f 523/523/523 520/520/520 521/521/521
f 526/526/526 525/525/525 524/524/524
f 527/527/527 524/524/524 525/525/525
f 524/524/524 527/527/527 528/528/528
f 529/529/529 528/528/528 527/527/527
f 528/528/528 529/529/529 530/530/530
f 531/531/531 530/530/530 529/529/529
f 534/534/534 533/533/533 532/532/532
f 535/535/535 532/532/532 533/533/533
f 538/538/538 537/537/537 536/536/536
f 539/539/539 536/536/536 537/537/537
f 537/537/537 540/540/540 539/539/539
f 541/541/541 539/539/539 540/540/540
f 544/544/544 543/543/543 542/542/542
f 545/545/545 542/542/542 543/543/543
f 548/548/548 547/547/547 546/546/546
f 549/549/549 546/546/546 547/547/547
f 552/552/552 551/551/551 550/550/550
f 553/553/553 550/550/550 551/551/551
f 556/556/556 555/555/555 554/554/554
f 557/557/557 554/554/554 555/555/555
f 560/560/560 559/559/559 558/558/558
f 561/561/561 558/558/558 559/559/559
f 564/564/564 563/563/563 562/562/562
f 564/564/564 565/565/565 563/563/563
f 566/566/566 563/563/563 565/565/565
f 568/568/568 563/563/563 567/567/567
f 567/567/567 563/563/563 569/569/569
f 572/572/572 571/571/571 570/570/570
f 575/575/575 574/574/574 573/573/573
f 577/577/577 574/574/574 576/576/576
f 579/579/579 578/578/578 577/577/577
f 582/582/582 581/581/581 580/580/580
f 583/583/583 581/581/581 582/582/582
f 583/583/583 585/585/585 584/584/584
f 588/588/588 587/587/587 586/586/586
f 591/591/591 590/590/590 589/589/589
f 589/589/589 593/593/593 592/592/592
f 596/596/596 595/595/595 594/594/594
f 594/594/594 598/598/598 597/597/597
f 601/601/601 600/600/600 599/599/599
f 604/604/604 603/603/603 602/602/602
f 607/607/607 606/606/606 605/605/605
f 610/610/610 609/609/609 608/608/608
f 613/613/613 612/612/612 611/611/611
f 616/616/616 615/615/615 614/614/614
f 619/619/619 618/618/618 617/617/617
f 620/620/620 617/617/617 618/618/618
f 623/623/623 622/622/622 621/621/621
f 624/624/624 621/621/621 622/622/622
f 627/627/627 626/626/626 625/625/625
f 630/630/630 629/629/629 628/628/628
f 633/633/633 632/632/632 631/631/631
f 634/634/634 631/631/631 632/632/632
f 637/637/637 636/636/636 635/635/635
f 640/640/640 639/639/639 638/638/638
f 643/643/643 642/642/642 641/641/641
f 642/642/642 643/643/643 644/644/644
f 647/647/647 646/646/646 645/645/645
f 650/650/650 649/649/649 648/648/648
f 653/653/653 652/652/652 651/651/651
f 656/656/656 655/655/655 654/654/654
f 659/659/659 658/658/658 657/657/657
f 660/660/660 657/657/657 658/658/658
f 658/658/658 661/661/661 660/660/660
f 662/662/662 660/660/660 661/661/661
f 665/665/665 664/664/664 663/663/663
f 666/666/666 663/663/663 664/664/664
f 669/669/669 668/668/668 667/667/667
f 670/670/670 667/667/667 668/668/668
f 673/673/673 672/672/672 671/671/671
f 674/674/674 671/671/671 672/672/672
f 677/677/677 676/676/676 675/675/675
f 678/678/678 675/675/675 676/676/676
f 681/681/681 680/680/680 679/679/679
f 682/682/682 679/679/679 680/680/680
f 685/685/685 684/684/684 683/683/683
f 686/686/686 683/683/683 684/684/684
f 689/689/689 688/688/688 687/687/687
f 692/692/692 691/691/691 690/690/690
f 695/695/695 694/694/694 693/693/693
f 696/696/696 693/693/693 694/694/694
f 699/699/699 698/698/698 697/697/697
f 700/700/700 697/697/697 698/698/698
f 379/379/379 374/374/374 363/363/363
f 379/379/379 363/363/363 701/701/701
f 352/352/352 701/701/701 363/363/363
f 701/701/701 352/352/352 247/247/247
f 247/247/247 248/248/248 701/701/701
f 398/398/398 701/701/701 248/248/248
f 701/701/701 398/398/398 379/379/379
f 351/351/351 247/247/247 352/352/352
f 351/351/351 246/246/246 247/247/247
f 378/378/378 379/379/379 398/398/398
f 248/248/248 236/236/236 398/398/398
f 378/378/378 395/395/395 377/377/377
f 380/380/380 377/377/377 395/395/395
f 356/356/356 357/357/357 443/443/443
f 365/365/365 443/443/443 357/357/357
f 443/443/443 361/361/361 356/356/356
f 76/76/76 70/70/70 100/100/100
f 102/102/102 100/100/100 70/70/70
f 70/70/70 71/71/71 102/102/102
f 110/110/110 102/102/102 71/71/71
f 124/124/124 139/139/139 119/119/119
f 121/121/121 119/119/119 139/139/139
f 89/89/89 91/91/91 73/73/73
f 74/74/74 73/73/73 91/91/91
f 704/704/704 703/703/703 702/702/702
f 705/705/705 702/702/702 703/703/703
f 703/703/703 704/704/704 706/706/706
f 707/707/707 706/706/706 704/704/704
f 706/706/706 707/707/707 708/708/708
f 709/709/709 708/708/708 707/707/707
f 708/708/708 709/709/709 710/710/710
f 711/711/711 710/710/710 709/709/709
f 711/711/711 712/712/712 710/710/710
f 713/713/713 710/710/710 712/712/712
f 713/713/713 712/712/712 714/714/714
f 715/715/715 714/714/714 712/712/712
f 702/702/702 705/705/705 716/716/716
f 717/717/717 716/716/716 705/705/705
f 716/716/716 717/717/717 718/718/718
f 719/719/719 718/718/718 717/717/717
f 718/718/718 719/719/719 720/720/720
f 721/721/721 720/720/720 719/719/719
f 722/722/722 720/720/720 721/721/721
f 714/714/714 715/715/715 723/723/723
f 724/724/724 723/723/723 715/715/715
f 723/723/723 724/724/724 725/725/725
f 728/728/728 727/727/727 726/726/726
f 728/728/728 729/729/729 727/727/727
f 730/730/730 727/727/727 729/729/729
f 729/729/729 728/728/728 731/731/731
f 732/732/732 731/731/731 728/728/728
f 732/732/732 728/728/728 726/726/726
f 731/731/731 732/732/732 733/733/733
f 734/734/734 733/733/733 732/732/732
f 734/734/734 732/732/732 726/726/726
f 733/733/733 734/734/734 735/735/735
f 736/736/736 735/735/735 734/734/734
f 736/736/736 734/734/734 726/726/726
f 735/735/735 736/736/736 737/737/737
f 738/738/738 737/737/737 736/736/736
f 738/738/738 736/736/736 726/726/726
f 737/737/737 738/738/738 739/739/739
f 740/740/740 739/739/739 738/738/738
f 740/740/740 738/738/738 726/726/726
f 739/739/739 740/740/740 741/741/741
f 742/742/742 741/741/741 740/740/740
f 741/741/741 742/742/742 743/743/743
f 744/744/744 743/743/743 742/742/742
f 742/742/742 740/740/740 726/726/726
f 744/744/744 742/742/742 726/726/726
f 747/747/747 746/746/746 745/745/745
f 750/750/750 749/749/749 748/748/748
f 753/753/753 752/752/752 751/751/751
f 756/756/756 755/755/755 754/754/754
f 758/758/758 757/757/757 756/756/756
f 760/760/760 759/759/759 758/758/758
f 762/762/762 761/761/761 760/760/760
f 764/764/764 763/763/763 762/762/762
f 766/766/766 765/765/765 764/764/764
f 766/766/766 767/767/767 765/765/765
f 767/767/767 769/769/769 768/768/768
f 769/769/769 771/771/771 770/770/770
f 771/771/771 773/773/773 772/772/772
f 773/773/773 775/775/775 774/774/774
f 775/775/775 777/777/777 776/776/776
f 780/780/780 779/779/779 778/778/778
f 778/778/778 782/782/782 781/781/781
f 784/784/784 783/783/783 780/780/780
f 787/787/787 786/786/786 785/785/785
f 790/790/790 789/789/789 788/788/788
f 793/793/793 792/792/792 791/791/791
f 791/791/791 795/795/795 794/794/794
f 796/796/796 794/794/794 795/795/795
f 799/799/799 798/798/798 797/797/797
f 802/802/802 801/801/801 800/800/800
f 804/804/804 803/803/803 802/802/802
f 806/806/806 805/805/805 804/804/804
f 809/809/809 808/808/808 807/807/807
f 812/812/812 811/811/811 810/810/810
f 815/815/815 814/814/814 813/813/813
f 818/818/818 817/817/817 816/816/816
f 821/821/821 820/820/820 819/819/819
f 824/824/824 823/823/823 822/822/822
f 825/825/825 822/822/822 823/823/823
f 827/827/827 823/823/823 826/826/826
f 829/829/829 826/826/826 828/828/828
f 832/832/832 831/831/831 830/830/830
f 833/833/833 830/830/830 831/831/831
f 830/830/830 833/833/833 834/834/834
f 835/835/835 834/834/834 833/833/833
f 834/834/834 835/835/835 836/836/836
f 837/837/837 836/836/836 835/835/835
f 836/836/836 837/837/837 838/838/838
f 839/839/839 838/838/838 837/837/837
f 831/831/831 832/832/832 840/840/840
f 841/841/841 840/840/840 832/832/832
f 840/840/840 841/841/841 842/842/842
f 843/843/843 842/842/842 841/841/841
f 843/843/843 844/844/844 842/842/842
f 845/845/845 842/842/842 844/844/844
f 844/844/844 846/846/846 845/845/845
f 847/847/847 845/845/845 846/846/846
f 846/846/846 848/848/848 847/847/847
f 849/849/849 847/847/847 848/848/848
f 848/848/848 850/850/850 849/849/849
f 851/851/851 849/849/849 850/850/850
f 850/850/850 852/852/852 851/851/851
f 853/853/853 851/851/851 852/852/852
f 852/852/852 854/854/854 853/853/853
f 855/855/855 853/853/853 854/854/854
f 858/858/858 857/857/857 856/856/856
f 861/861/861 860/860/860 859/859/859
f 862/862/862 859/859/859 860/860/860
f 859/859/859 863/863/863 861/861/861
f 864/864/864 861/861/861 863/863/863
f 860/860/860 865/865/865 862/862/862
f 866/866/866 862/862/862 865/865/865
f 865/865/865 867/867/867 866/866/866
f 868/868/868 866/866/866 867/867/867
f 867/867/867 869/869/869 868/868/868
f 870/870/870 868/868/868 869/869/869
f 869/869/869 871/871/871 870/870/870
f 870/870/870 871/871/871 872/872/872
f 873/873/873 872/872/872 871/871/871
f 872/872/872 873/873/873 874/874/874
f 874/874/874 873/873/873 875/875/875
f 868/868/868 870/870/870 876/876/876
f 870/870/870 877/877/877 876/876/876
f 878/878/878 876/876/876 877/877/877
f 877/877/877 879/879/879 878/878/878
f 880/880/880 876/876/876 878/878/878
f 881/881/881 876/876/876 880/880/880
f 881/881/881 880/880/880 882/882/882
f 883/883/883 876/876/876 881/881/881
f 883/883/883 868/868/868 876/876/876
f 878/878/878 879/879/879 884/884/884
f 883/883/883 866/866/866 868/868/868
f 866/866/866 883/883/883 885/885/885
f 866/866/866 885/885/885 862/862/862
f 862/862/862 885/885/885 859/859/859
f 886/886/886 859/859/859 885/885/885
f 886/886/886 887/887/887 859/859/859
f 863/863/863 859/859/859 887/887/887
f 890/890/890 889/889/889 888/888/888
f 891/891/891 889/889/889 890/890/890
f 892/892/892 888/888/888 889/889/889
f 891/891/891 893/893/893 889/889/889
f 893/893/893 894/894/894 889/889/889
f 895/895/895 889/889/889 894/894/894
f 896/896/896 889/889/889 895/895/895
f 896/896/896 892/892/892 889/889/889
f 897/897/897 893/893/893 891/891/891
f 893/893/893 897/897/897 898/898/898
f 901/901/901 900/900/900 899/899/899
f 902/902/902 899/899/899 900/900/900
f 899/899/899 902/902/902 903/903/903
f 904/904/904 903/903/903 902/902/902
f 904/904/904 905/905/905 903/903/903
f 906/906/906 903/903/903 905/905/905
f 905/905/905 907/907/907 906/906/906
f 908/908/908 906/906/906 907/907/907
f 901/901/901 909/909/909 900/900/900
f 910/910/910 900/900/900 909/909/909
f 909/909/909 911/911/911 910/910/910
f 912/912/912 910/910/910 911/911/911
f 911/911/911 909/909/909 913/913/913
f 901/901/901 899/899/899 913/913/913
f 909/909/909 901/901/901 913/913/913
f 899/899/899 903/903/903 913/913/913
f 906/906/906 913/913/913 903/903/903
f 913/913/913 906/906/906 908/908/908
f 911/911/911 914/914/914 912/912/912
f 915/915/915 914/914/914 911/911/911
f 913/913/913 915/915/915 911/911/911
f 915/915/915 913/913/913 916/916/916
f 916/916/916 913/913/913 908/908/908
f 917/917/917 912/912/912 914/914/914
f 908/908/908 907/907/907 918/918/918
f 918/918/918 916/916/916 908/908/908
f 921/921/921 920/920/920 919/919/919
f 920/920/920 922/922/922 919/919/919
f 923/923/923 919/919/919 922/922/922
f 922/922/922 924/924/924 923/923/923
f 925/925/925 924/924/924 922/922/922
f 926/926/926 924/924/924 925/925/925
f 929/929/929 928/928/928 927/927/927
f 930/930/930 927/927/927 928/928/928
f 929/929/929 927/927/927 931/931/931
f 932/932/932 931/931/931 927/927/927
f 929/929/929 933/933/933 928/928/928
f 934/934/934 928/928/928 933/933/933
f 934/934/934 933/933/933 935/935/935
f 936/936/936 935/935/935 933/933/933
f 933/933/933 937/937/937 936/936/936
f 938/938/938 936/936/936 937/937/937
f 937/937/937 939/939/939 938/938/938
f 939/939/939 940/940/940 938/938/938
f 941/941/941 936/936/936 938/938/938
f 941/941/941 938/938/938 942/942/942
f 943/943/943 942/942/942 938/938/938
f 943/943/943 944/944/944 942/942/942
f 933/933/933 929/929/929 945/945/945
f 931/931/931 945/945/945 929/929/929
f 945/945/945 931/931/931 946/946/946
f 947/947/947 946/946/946 931/931/931
f 948/948/948 946/946/946 947/947/947
f 948/948/948 947/947/947 949/949/949
f 947/947/947 931/931/931 949/949/949
f 932/932/932 949/949/949 931/931/931
f 952/952/952 951/951/951 950/950/950
f 953/953/953 950/950/950 951/951/951
f 950/950/950 953/953/953 954/954/954
f 955/955/955 954/954/954 953/953/953
f 950/950/950 956/956/956 952/952/952
f 957/957/957 952/952/952 956/956/956
f 951/951/951 952/952/952 958/958/958
f 959/959/959 958/958/958 952/952/952
f 952/952/952 957/957/957 959/959/959
f 956/956/956 960/960/960 957/957/957
f 960/960/960 956/956/956 961/961/961
f 962/962/962 961/961/961 956/956/956
f 954/954/954 962/962/962 950/950/950
f 956/956/956 950/950/950 962/962/962
f 962/962/962 954/954/954 963/963/963
f 964/964/964 963/963/963 954/954/954
f 954/954/954 955/955/955 964/964/964
f 965/965/965 957/957/957 960/960/960
f 957/957/957 965/965/965 966/966/966
f 966/966/966 959/959/959 957/957/957
f 967/967/967 966/966/966 965/965/965
f 960/960/960 968/968/968 965/965/965
f 969/969/969 965/965/965 968/968/968
f 965/965/965 969/969/969 967/967/967
f 968/968/968 970/970/970 969/969/969
f 971/971/971 969/969/969 970/970/970
f 970/970/970 972/972/972 971/971/971
f 973/973/973 971/971/971 972/972/972
f 972/972/972 970/970/970 974/974/974
f 975/975/975 974/974/974 970/970/970
f 970/970/970 968/968/968 975/975/975
f 973/973/973 972/972/972 976/976/976
f 977/977/977 976/976/976 972/972/972
f 969/969/969 971/971/971 978/978/978
f 978/978/978 967/967/967 969/969/969
f 979/979/979 978/978/978 971/971/971
f 971/971/971 973/973/973 979/979/979
f 980/980/980 979/979/979 973/973/973
f 976/976/976 977/977/977 981/981/981
f 981/981/981 982/982/982 976/976/976
f 983/983/983 976/976/976 982/982/982
f 976/976/976 983/983/983 973/973/973
f 980/980/980 973/973/973 983/983/983
f 984/984/984 981/981/981 977/977/977
f 984/984/984 985/985/985 981/981/981
f 986/986/986 981/981/981 985/985/985
f 981/981/981 986/986/986 982/982/982
f 984/984/984 987/987/987 985/985/985
f 988/988/988 985/985/985 987/987/987
f 988/988/988 989/989/989 985/985/985
f 990/990/990 985/985/985 989/989/989
f 985/985/985 990/990/990 986/986/986
f 984/984/984 977/977/977 991/991/991
f 992/992/992 991/991/991 977/977/977
f 989/989/989 993/993/993 990/990/990
f 994/994/994 990/990/990 993/993/993
f 994/994/994 986/986/986 990/990/990
f 986/986/986 994/994/994 995/995/995
f 995/995/995 982/982/982 986/986/986
f 996/996/996 995/995/995 994/994/994
f 993/993/993 996/996/996 994/994/994
f 991/991/991 992/992/992 997/997/997
f 991/991/991 997/997/997 998/998/998
f 991/991/991 998/998/998 984/984/984
f 987/987/987 984/984/984 998/998/998
f 999/999/999 998/998/998 997/997/997
f 998/998/998 999/999/999 1000/1000/1000
f 1001/1001/1001 1000/1000/1000 999/999/999
f 1001/1001/1001 1002/1002/1002 1000/1000/1000
f 987/987/987 998/998/998 1003/1003/1003
f 1004/1004/1004 1003/1003/1003 998/998/998
f 1005/1005/1005 1003/1003/1003 1004/1004/1004
f 1006/1006/1006 997/997/997 992/992/992
f 992/992/992 974/974/974 1006/1006/1006
f 1007/1007/1007 1006/1006/1006 974/974/974
f 974/974/974 975/975/975 1007/1007/1007
f 1008/1008/1008 1007/1007/1007 975/975/975
f 975/975/975 1009/1009/1009 1008/1008/1008
f 1010/1010/1010 1008/1008/1008 1009/1009/1009
f 1007/1007/1007 1008/1008/1008 1011/1011/1011
f 1012/1012/1012 1011/1011/1011 1008/1008/1008
f 1011/1011/1011 1012/1012/1012 1013/1013/1013
f 1014/1014/1014 1013/1013/1013 1012/1012/1012
f 1015/1015/1015 1013/1013/1013 1014/1014/1014
f 1009/1009/1009 961/961/961 1010/1010/1010
f 1016/1016/1016 1010/1010/1010 961/961/961
f 961/961/961 962/962/962 1016/1016/1016
f 963/963/963 1016/1016/1016 962/962/962
f 1009/1009/1009 975/975/975 968/968/968
f 961/961/961 1009/1009/1009 960/960/960
f 968/968/968 960/960/960 1009/1009/1009
f 1019/1019/1019 1018/1018/1018 1017/1017/1017
f 935/935/935 1017/1017/1017 1018/1018/1018
f 1020/1020/1020 1019/1019/1019 1017/1017/1017
f 1018/1018/1018 1021/1021/1021 935/935/935
f 955/955/955 935/935/935 1021/1021/1021
f 1021/1021/1021 964/964/964 955/955/955
f 935/935/935 955/955/955 934/934/934
f 953/953/953 934/934/934 955/955/955
f 934/934/934 953/953/953 928/928/928
f 951/951/951 928/928/928 953/953/953
f 928/928/928 951/951/951 930/930/930
f 958/958/958 930/930/930 951/951/951
f 1024/1024/1024 1023/1023/1023 1022/1022/1022
f 1023/1023/1023 1025/1025/1025 1022/1022/1022
f 1026/1026/1026 1025/1025/1025 1023/1023/1023
f 1029/1029/1029 1028/1028/1028 1027/1027/1027
f 1027/1027/1027 1030/1030/1030 1029/1029/1029
f 1031/1031/1031 1029/1029/1029 1030/1030/1030
f 1031/1031/1031 1030/1030/1030 1032/1032/1032
f 1035/1035/1035 1034/1034/1034 1033/1033/1033
f 1036/1036/1036 1033/1033/1033 1034/1034/1034
f 1034/1034/1034 1035/1035/1035 1037/1037/1037
f 1038/1038/1038 1037/1037/1037 1035/1035/1035
f 1038/1038/1038 1039/1039/1039 1037/1037/1037
f 1040/1040/1040 1037/1037/1037 1039/1039/1039
f 1039/1039/1039 1041/1041/1041 1040/1040/1040
f 1042/1042/1042 1040/1040/1040 1041/1041/1041
f 1042/1042/1042 1041/1041/1041 1043/1043/1043
f 1044/1044/1044 1043/1043/1043 1041/1041/1041
f 1043/1043/1043 1044/1044/1044 1045/1045/1045
f 1046/1046/1046 1045/1045/1045 1044/1044/1044
f 1033/1033/1033 1036/1036/1036 1047/1047/1047
f 1048/1048/1048 1047/1047/1047 1036/1036/1036
f 1047/1047/1047 1048/1048/1048 1049/1049/1049
f 1050/1050/1050 1049/1049/1049 1048/1048/1048
f 1044/1044/1044 1051/1051/1051 1046/1046/1046
f 1052/1052/1052 1046/1046/1046 1051/1051/1051
f 1052/1052/1052 1053/1053/1053 1046/1046/1046
f 1054/1054/1054 1046/1046/1046 1053/1053/1053
f 1054/1054/1054 1053/1053/1053 1055/1055/1055
f 1056/1056/1056 1055/1055/1055 1053/1053/1053
f 1041/1041/1041 1057/1057/1057 1044/1044/1044
f 1051/1051/1051 1044/1044/1044 1057/1057/1057
f 1057/1057/1057 1041/1041/1041 1058/1058/1058
f 1039/1039/1039 1058/1058/1058 1041/1041/1041
f 1058/1058/1058 1039/1039/1039 1059/1059/1059
f 1038/1038/1038 1059/1059/1059 1039/1039/1039
f 1059/1059/1059 1038/1038/1038 1060/1060/1060
f 1035/1035/1035 1060/1060/1060 1038/1038/1038
f 1060/1060/1060 1035/1035/1035 1061/1061/1061
f 1033/1033/1033 1061/1061/1061 1035/1035/1035
f 1061/1061/1061 1033/1033/1033 1062/1062/1062
f 1047/1047/1047 1062/1062/1062 1033/1033/1033
f 1062/1062/1062 1063/1063/1063 1061/1061/1061
f 1064/1064/1064 1061/1061/1061 1063/1063/1063
f 1060/1060/1060 1061/1061/1061 1064/1064/1064
f 1063/1063/1063 1065/1065/1065 1064/1064/1064
f 1065/1065/1065 1063/1063/1063 1066/1066/1066
f 1067/1067/1067 1066/1066/1066 1063/1063/1063
f 1063/1063/1063 1068/1068/1068 1067/1067/1067
f 1062/1062/1062 1047/1047/1047 1068/1068/1068
f 1063/1063/1063 1062/1062/1062 1068/1068/1068
f 1069/1069/1069 1067/1067/1067 1068/1068/1068
f 1067/1067/1067 1070/1070/1070 1066/1066/1066
f 1071/1071/1071 1066/1066/1066 1070/1070/1070
f 1070/1070/1070 1072/1072/1072 1071/1071/1071
f 1073/1073/1073 1071/1071/1071 1072/1072/1072
f 1072/1072/1072 1074/1074/1074 1073/1073/1073
f 1075/1075/1075 1073/1073/1073 1074/1074/1074
f 1074/1074/1074 1076/1076/1076 1075/1075/1075
f 1076/1076/1076 1074/1074/1074 1077/1077/1077
f 1078/1078/1078 1077/1077/1077 1074/1074/1074
f 1072/1072/1072 1078/1078/1078 1074/1074/1074
f 1079/1079/1079 1075/1075/1075 1076/1076/1076
f 1079/1079/1079 1076/1076/1076 1080/1080/1080
f 1081/1081/1081 1080/1080/1080 1076/1076/1076
f 1076/1076/1076 1077/1077/1077 1081/1081/1081
f 1080/1080/1080 1081/1081/1081 1082/1082/1082
f 1083/1083/1083 1082/1082/1082 1081/1081/1081
f 1081/1081/1081 1077/1077/1077 1083/1083/1083
f 1082/1082/1082 1083/1083/1083 1084/1084/1084
f 1085/1085/1085 1084/1084/1084 1083/1083/1083
f 1084/1084/1084 1085/1085/1085 1086/1086/1086
f 1087/1087/1087 1086/1086/1086 1085/1085/1085
f 1087/1087/1087 1088/1088/1088 1086/1086/1086
f 1089/1089/1089 1086/1086/1086 1088/1088/1088
f 1078/1078/1078 1090/1090/1090 1077/1077/1077
f 1077/1077/1077 1090/1090/1090 1083/1083/1083
f 1085/1085/1085 1083/1083/1083 1090/1090/1090
f 1090/1090/1090 1091/1091/1091 1085/1085/1085
f 1091/1091/1091 1087/1087/1087 1085/1085/1085
f 1091/1091/1091 1090/1090/1090 1092/1092/1092
f 1093/1093/1093 1092/1092/1092 1090/1090/1090
f 1092/1092/1092 1093/1093/1093 1094/1094/1094
f 1095/1095/1095 1094/1094/1094 1093/1093/1093
f 1090/1090/1090 1096/1096/1096 1093/1093/1093
f 1097/1097/1097 1093/1093/1093 1096/1096/1096
f 1093/1093/1093 1097/1097/1097 1095/1095/1095
f 1098/1098/1098 1095/1095/1095 1097/1097/1097
f 1092/1092/1092 1099/1099/1099 1091/1091/1091
f 1087/1087/1087 1091/1091/1091 1099/1099/1099
f 1087/1087/1087 1099/1099/1099 1088/1088/1088
f 1096/1096/1096 1100/1100/1100 1097/1097/1097
f 1100/1100/1100 1101/1101/1101 1097/1097/1097
f 1097/1097/1097 1101/1101/1101 1098/1098/1098
f 1102/1102/1102 1101/1101/1101 1100/1100/1100
f 1098/1098/1098 1101/1101/1101 1103/1103/1103
f 1098/1098/1098 1103/1103/1103 1104/1104/1104
f 1095/1095/1095 1098/1098/1098 1104/1104/1104
f 1104/1104/1104 1105/1105/1105 1095/1095/1095
f 1106/1106/1106 1095/1095/1095 1105/1105/1105
f 1106/1106/1106 1094/1094/1094 1095/1095/1095
f 1104/1104/1104 1103/1103/1103 1107/1107/1107
f 1101/1101/1101 1108/1108/1108 1103/1103/1103
f 1101/1101/1101 1109/1109/1109 1108/1108/1108
f 1102/1102/1102 1109/1109/1109 1101/1101/1101
f 1110/1110/1110 1108/1108/1108 1109/1109/1109
f 1109/1109/1109 1111/1111/1111 1110/1110/1110
f 1111/1111/1111 1109/1109/1109 1112/1112/1112
f 1113/1113/1113 1112/1112/1112 1109/1109/1109
f 1113/1113/1113 1109/1109/1109 1102/1102/1102
f 1112/1112/1112 1113/1113/1113 1114/1114/1114
f 1069/1069/1069 1114/1114/1114 1113/1113/1113
f 1113/1113/1113 1102/1102/1102 1069/1069/1069
f 1115/1115/1115 1110/1110/1110 1111/1111/1111
f 1110/1110/1110 1115/1115/1115 1116/1116/1116
f 1117/1117/1117 1116/1116/1116 1115/1115/1115
f 1108/1108/1108 1110/1110/1110 1118/1118/1118
f 1116/1116/1116 1118/1118/1118 1110/1110/1110
f 1116/1116/1116 1119/1119/1119 1118/1118/1118
f 1116/1116/1116 1117/1117/1117 1119/1119/1119
f 1120/1120/1120 1118/1118/1118 1119/1119/1119
f 1119/1119/1119 1121/1121/1121 1120/1120/1120
f 1121/1121/1121 1119/1119/1119 1117/1117/1117
f 1122/1122/1122 1120/1120/1120 1121/1121/1121
f 1120/1120/1120 1122/1122/1122 1123/1123/1123
f 1120/1120/1120 1123/1123/1123 1124/1124/1124
f 1124/1124/1124 1123/1123/1123 1125/1125/1125
f 1125/1125/1125 1126/1126/1126 1124/1124/1124
f 1126/1126/1126 1125/1125/1125 1127/1127/1127
f 1056/1056/1056 1127/1127/1127 1125/1125/1125
f 1056/1056/1056 1125/1125/1125 1055/1055/1055
f 1055/1055/1055 1125/1125/1125 1123/1123/1123
f 1128/1128/1128 1055/1055/1055 1123/1123/1123
f 1123/1123/1123 1129/1129/1129 1128/1128/1128
f 1123/1123/1123 1122/1122/1122 1129/1129/1129
f 1129/1129/1129 1130/1130/1130 1128/1128/1128
f 1130/1130/1130 1129/1129/1129 1131/1131/1131
f 1132/1132/1132 1131/1131/1131 1129/1129/1129
f 1132/1132/1132 1129/1129/1129 1122/1122/1122
f 1133/1133/1133 1128/1128/1128 1130/1130/1130
f 1053/1053/1053 1127/1127/1127 1056/1056/1056
f 1134/1134/1134 1127/1127/1127 1053/1053/1053
f 1134/1134/1134 1135/1135/1135 1127/1127/1127
f 1136/1136/1136 1134/1134/1134 1053/1053/1053
f 1052/1052/1052 1136/1136/1136 1053/1053/1053
f 1137/1137/1137 1136/1136/1136 1052/1052/1052
f 1052/1052/1052 1051/1051/1051 1137/1137/1137
f 1137/1137/1137 1138/1138/1138 1136/1136/1136
f 1136/1136/1136 1138/1138/1138 1134/1134/1134
f 1134/1134/1134 1138/1138/1138 1135/1135/1135
f 1139/1139/1139 1138/1138/1138 1137/1137/1137
f 1140/1140/1140 1139/1139/1139 1137/1137/1137
f 1051/1051/1051 1140/1140/1140 1137/1137/1137
f 1051/1051/1051 1057/1057/1057 1140/1140/1140
f 1140/1140/1140 1057/1057/1057 1141/1141/1141
f 1140/1140/1140 1141/1141/1141 1142/1142/1142
f 1142/1142/1142 1139/1139/1139 1140/1140/1140
f 1143/1143/1143 1142/1142/1142 1141/1141/1141
f 1141/1141/1141 1144/1144/1144 1143/1143/1143
f 1145/1145/1145 1143/1143/1143 1144/1144/1144
f 1143/1143/1143 1145/1145/1145 1146/1146/1146
f 1145/1145/1145 1147/1147/1147 1146/1146/1146
f 1147/1147/1147 1145/1145/1145 1148/1148/1148
f 1149/1149/1149 1148/1148/1148 1145/1145/1145
f 1145/1145/1145 1150/1150/1150 1149/1149/1149
f 1144/1144/1144 1150/1150/1150 1145/1145/1145
f 1144/1144/1144 1059/1059/1059 1150/1150/1150
f 1060/1060/1060 1150/1150/1150 1059/1059/1059
f 1150/1150/1150 1151/1151/1151 1149/1149/1149
f 1150/1150/1150 1152/1152/1152 1151/1151/1151
f 1152/1152/1152 1150/1150/1150 1060/1060/1060
f 1060/1060/1060 1064/1064/1064 1152/1152/1152
f 1064/1064/1064 1153/1153/1153 1152/1152/1152
f 1153/1153/1153 1064/1064/1064 1065/1065/1065
f 1154/1154/1154 1152/1152/1152 1153/1153/1153
f 1154/1154/1154 1151/1151/1151 1152/1152/1152
f 1147/1147/1147 1148/1148/1148 1155/1155/1155
f 1156/1156/1156 1155/1155/1155 1148/1148/1148
f 1155/1155/1155 1157/1157/1157 1147/1147/1147
f 1146/1146/1146 1147/1147/1147 1157/1157/1157
f 1157/1157/1157 1158/1158/1158 1146/1146/1146
f 1157/1157/1157 1155/1155/1155 1159/1159/1159
f 1157/1157/1157 1159/1159/1159 1158/1158/1158
f 1159/1159/1159 1155/1155/1155 1160/1160/1160
f 1155/1155/1155 1156/1156/1156 1160/1160/1160
f 1158/1158/1158 1159/1159/1159 1161/1161/1161
f 1159/1159/1159 1162/1162/1162 1161/1161/1161
f 1159/1159/1159 1163/1163/1163 1162/1162/1162
f 1159/1159/1159 1160/1160/1160 1163/1163/1163
f 1158/1158/1158 1161/1161/1161 1164/1164/1164
f 1165/1165/1165 1158/1158/1158 1164/1164/1164
f 1165/1165/1165 1146/1146/1146 1158/1158/1158
f 1146/1146/1146 1165/1165/1165 1143/1143/1143
f 1142/1142/1142 1143/1143/1143 1165/1165/1165
f 1164/1164/1164 1166/1166/1166 1165/1165/1165
f 1164/1164/1164 1167/1167/1167 1166/1166/1166
f 1166/1166/1166 1168/1168/1168 1165/1165/1165
f 1165/1165/1165 1168/1168/1168 1142/1142/1142
f 1166/1166/1166 1167/1167/1167 1168/1168/1168
f 1168/1168/1168 1167/1167/1167 1169/1169/1169
f 1169/1169/1169 1167/1167/1167 1170/1170/1170
f 1169/1169/1169 1170/1170/1170 1171/1171/1171
f 1172/1172/1172 1171/1171/1171 1170/1170/1170
f 1171/1171/1171 1172/1172/1172 1138/1138/1138
f 1173/1173/1173 1138/1138/1138 1172/1172/1172
f 1139/1139/1139 1169/1169/1169 1171/1171/1171
f 1168/1168/1168 1139/1139/1139 1142/1142/1142
f 1139/1139/1139 1171/1171/1171 1138/1138/1138
f 1168/1168/1168 1169/1169/1169 1139/1139/1139
f 1138/1138/1138 1173/1173/1173 1135/1135/1135
f 1167/1167/1167 1174/1174/1174 1170/1170/1170
f 1167/1167/1167 1175/1175/1175 1174/1174/1174
f 1175/1175/1175 1176/1176/1176 1174/1174/1174
f 1175/1175/1175 1177/1177/1177 1176/1176/1176
f 1164/1164/1164 1177/1177/1177 1175/1175/1175
f 1164/1164/1164 1175/1175/1175 1167/1167/1167
f 1177/1177/1177 1178/1178/1178 1176/1176/1176
f 1178/1178/1178 1177/1177/1177 1179/1179/1179
f 1180/1180/1180 1179/1179/1179 1177/1177/1177
f 1179/1179/1179 1180/1180/1180 1181/1181/1181
f 1182/1182/1182 1181/1181/1181 1180/1180/1180
f 1162/1162/1162 1182/1182/1182 1180/1180/1180
f 1161/1161/1161 1180/1180/1180 1177/1177/1177
f 1164/1164/1164 1161/1161/1161 1177/1177/1177
f 1161/1161/1161 1162/1162/1162 1180/1180/1180
f 1162/1162/1162 1163/1163/1163 1182/1182/1182
f 1127/1127/1127 1135/1135/1135 1183/1183/1183
f 1127/1127/1127 1183/1183/1183 1126/1126/1126
f 1126/1126/1126 1183/1183/1183 1184/1184/1184
f 1126/1126/1126 1184/1184/1184 1124/1124/1124
f 1184/1184/1184 1183/1183/1183 1185/1185/1185
f 1184/1184/1184 1185/1185/1185 1186/1186/1186
f 1184/1184/1184 1186/1186/1186 1187/1187/1187
f 1188/1188/1188 1187/1187/1187 1186/1186/1186
f 1186/1186/1186 1189/1189/1189 1188/1188/1188
f 1190/1190/1190 1188/1188/1188 1189/1189/1189
f 1189/1189/1189 1191/1191/1191 1190/1190/1190
f 1192/1192/1192 1190/1190/1190 1191/1191/1191
f 1190/1190/1190 1192/1192/1192 1193/1193/1193
f 1188/1188/1188 1190/1190/1190 1193/1193/1193
f 1194/1194/1194 1193/1193/1193 1192/1192/1192
f 1192/1192/1192 1195/1195/1195 1194/1194/1194
f 1196/1196/1196 1194/1194/1194 1195/1195/1195
f 1196/1196/1196 1195/1195/1195 1197/1197/1197
f 1198/1198/1198 1197/1197/1197 1195/1195/1195
f 1197/1197/1197 1198/1198/1198 1199/1199/1199
f 1200/1200/1200 1199/1199/1199 1198/1198/1198
f 1195/1195/1195 1192/1192/1192 1201/1201/1201
f 1192/1192/1192 1191/1191/1191 1201/1201/1201
f 1201/1201/1201 1202/1202/1202 1195/1195/1195
f 1198/1198/1198 1195/1195/1195 1202/1202/1202
f 1200/1200/1200 1198/1198/1198 1203/1203/1203
f 1202/1202/1202 1203/1203/1203 1198/1198/1198
f 1191/1191/1191 1189/1189/1189 1204/1204/1204
f 1205/1205/1205 1204/1204/1204 1189/1189/1189
f 1201/1201/1201 1191/1191/1191 1206/1206/1206
f 1204/1204/1204 1206/1206/1206 1191/1191/1191
f 1201/1201/1201 1206/1206/1206 1202/1202/1202
f 1196/1196/1196 1197/1197/1197 1207/1207/1207
f 1208/1208/1208 1196/1196/1196 1207/1207/1207
f 1194/1194/1194 1196/1196/1196 1208/1208/1208
f 1194/1194/1194 1208/1208/1208 1193/1193/1193
f 1208/1208/1208 1107/1107/1107 1193/1193/1193
f 1209/1209/1209 1208/1208/1208 1207/1207/1207
f 1209/1209/1209 1207/1207/1207 1210/1210/1210
f 1211/1211/1211 1210/1210/1210 1207/1207/1207
f 1104/1104/1104 1208/1208/1208 1209/1209/1209
f 1208/1208/1208 1104/1104/1104 1107/1107/1107
f 1203/1203/1203 1202/1202/1202 1212/1212/1212
f 1206/1206/1206 1212/1212/1212 1202/1202/1202
f 1199/1199/1199 1200/1200/1200 1213/1213/1213
f 1199/1199/1199 1213/1213/1213 1214/1214/1214
f 1199/1199/1199 1214/1214/1214 1197/1197/1197
f 1215/1215/1215 1207/1207/1207 1197/1197/1197
f 1215/1215/1215 1197/1197/1197 1214/1214/1214
f 1207/1207/1207 1215/1215/1215 1211/1211/1211
f 1216/1216/1216 1214/1214/1214 1213/1213/1213
f 1217/1217/1217 1216/1216/1216 1213/1213/1213
f 1217/1217/1217 1218/1218/1218 1216/1216/1216
f 1219/1219/1219 1216/1216/1216 1218/1218/1218
f 1216/1216/1216 1219/1219/1219 1214/1214/1214
f 1213/1213/1213 1220/1220/1220 1217/1217/1217
f 1210/1210/1210 1211/1211/1211 1221/1221/1221
f 1222/1222/1222 1221/1221/1221 1211/1211/1211
f 1211/1211/1211 1223/1223/1223 1222/1222/1222
f 1223/1223/1223 1211/1211/1211 1215/1215/1215
f 1224/1224/1224 1222/1222/1222 1223/1223/1223
f 1221/1221/1221 1222/1222/1222 1225/1225/1225
f 1225/1225/1225 1222/1222/1222 1226/1226/1226
f 1224/1224/1224 1226/1226/1226 1222/1222/1222
f 1226/1226/1226 1224/1224/1224 1227/1227/1227
f 1228/1228/1228 1227/1227/1227 1224/1224/1224
f 1224/1224/1224 1223/1223/1223 1228/1228/1228
f 1226/1226/1226 1227/1227/1227 1229/1229/1229
f 1230/1230/1230 1229/1229/1229 1227/1227/1227
f 1229/1229/1229 1231/1231/1231 1226/1226/1226
f 1225/1225/1225 1226/1226/1226 1231/1231/1231
f 1225/1225/1225 1231/1231/1231 1232/1232/1232
f 1225/1225/1225 1232/1232/1232 1221/1221/1221
f 1233/1233/1233 1232/1232/1232 1231/1231/1231
f 1233/1233/1233 1234/1234/1234 1232/1232/1232
f 1235/1235/1235 1232/1232/1232 1234/1234/1234
f 1235/1235/1235 1236/1236/1236 1232/1232/1232
f 1237/1237/1237 1232/1232/1232 1236/1236/1236
f 1235/1235/1235 1234/1234/1234 1238/1238/1238
f 1239/1239/1239 1238/1238/1238 1234/1234/1234
f 1239/1239/1239 1240/1240/1240 1238/1238/1238
f 1241/1241/1241 1238/1238/1238 1240/1240/1240
f 1241/1241/1241 1240/1240/1240 1242/1242/1242
f 1243/1243/1243 1242/1242/1242 1240/1240/1240
f 1242/1242/1242 1243/1243/1243 1244/1244/1244
f 1244/1244/1244 1245/1245/1245 1242/1242/1242
f 1245/1245/1245 1244/1244/1244 1246/1246/1246
f 1247/1247/1247 1246/1246/1246 1244/1244/1244
f 1248/1248/1248 1242/1242/1242 1245/1245/1245
f 1242/1242/1242 1248/1248/1248 1241/1241/1241
f 1247/1247/1247 1244/1244/1244 1249/1249/1249
f 1250/1250/1250 1249/1249/1249 1244/1244/1244
f 1250/1250/1250 1244/1244/1244 1243/1243/1243
f 1248/1248/1248 1245/1245/1245 1251/1251/1251
f 1088/1088/1088 1251/1251/1251 1245/1245/1245
f 1245/1245/1245 1246/1246/1246 1088/1088/1088
f 1252/1252/1252 1241/1241/1241 1248/1248/1248
f 1241/1241/1241 1252/1252/1252 1238/1238/1238
f 1253/1253/1253 1238/1238/1238 1252/1252/1252
f 1253/1253/1253 1252/1252/1252 1254/1254/1254
f 1255/1255/1255 1254/1254/1254 1252/1252/1252
f 1251/1251/1251 1255/1255/1255 1248/1248/1248
f 1252/1252/1252 1248/1248/1248 1255/1255/1255
f 1253/1253/1253 1254/1254/1254 1236/1236/1236
f 1256/1256/1256 1236/1236/1236 1254/1254/1254
f 1089/1089/1089 1088/1088/1088 1246/1246/1246
f 1254/1254/1254 1255/1255/1255 1094/1094/1094
f 1254/1254/1254 1094/1094/1094 1256/1256/1256
f 1092/1092/1092 1094/1094/1094 1255/1255/1255
f 1255/1255/1255 1251/1251/1251 1092/1092/1092
f 1251/1251/1251 1088/1088/1088 1099/1099/1099
f 1099/1099/1099 1092/1092/1092 1251/1251/1251
f 1249/1249/1249 1250/1250/1250 1257/1257/1257
f 1258/1258/1258 1257/1257/1257 1250/1250/1250
f 1257/1257/1257 1258/1258/1258 1259/1259/1259
f 1260/1260/1260 1259/1259/1259 1258/1258/1258
f 1260/1260/1260 1258/1258/1258 1261/1261/1261
f 1262/1262/1262 1261/1261/1261 1258/1258/1258
f 1261/1261/1261 1262/1262/1262 1263/1263/1263
f 1264/1264/1264 1263/1263/1263 1262/1262/1262
f 1258/1258/1258 1250/1250/1250 1262/1262/1262
f 1243/1243/1243 1262/1262/1262 1250/1250/1250
f 1262/1262/1262 1243/1243/1243 1264/1264/1264
f 1240/1240/1240 1264/1264/1264 1243/1243/1243
f 1264/1264/1264 1240/1240/1240 1265/1265/1265
f 1239/1239/1239 1265/1265/1265 1240/1240/1240
f 1265/1265/1265 1239/1239/1239 1266/1266/1266
f 1234/1234/1234 1266/1266/1266 1239/1239/1239
f 1265/1265/1265 1267/1267/1267 1264/1264/1264
f 1263/1263/1263 1264/1264/1264 1267/1267/1267
f 1266/1266/1266 1268/1268/1268 1265/1265/1265
f 1267/1267/1267 1265/1265/1265 1268/1268/1268
f 1268/1268/1268 1266/1266/1266 1269/1269/1269
f 1270/1270/1270 1269/1269/1269 1266/1266/1266
f 1266/1266/1266 1234/1234/1234 1270/1270/1270
f 1233/1233/1233 1270/1270/1270 1234/1234/1234
f 1270/1270/1270 1233/1233/1233 1271/1271/1271
f 1231/1231/1231 1271/1271/1271 1233/1233/1233
f 1231/1231/1231 1229/1229/1229 1271/1271/1271
f 1272/1272/1272 1271/1271/1271 1229/1229/1229
f 1229/1229/1229 1230/1230/1230 1272/1272/1272
f 1273/1273/1273 1272/1272/1272 1230/1230/1230
f 1271/1271/1271 1274/1274/1274 1270/1270/1270
f 1269/1269/1269 1270/1270/1270 1274/1274/1274
f 1271/1271/1271 1272/1272/1272 1274/1274/1274
f 1275/1275/1275 1274/1274/1274 1272/1272/1272
f 1272/1272/1272 1273/1273/1273 1275/1275/1275
f 1276/1276/1276 1275/1275/1275 1273/1273/1273
f 1273/1273/1273 1277/1277/1277 1276/1276/1276
f 1278/1278/1278 1276/1276/1276 1277/1277/1277
f 1278/1278/1278 1277/1277/1277 1279/1279/1279
f 1280/1280/1280 1279/1279/1279 1277/1277/1277
f 1277/1277/1277 1281/1281/1281 1280/1280/1280
f 1277/1277/1277 1273/1273/1273 1281/1281/1281
f 1230/1230/1230 1281/1281/1281 1273/1273/1273
f 1282/1282/1282 1280/1280/1280 1281/1281/1281
f 1281/1281/1281 1283/1283/1283 1282/1282/1282
f 1281/1281/1281 1230/1230/1230 1283/1283/1283
f 1284/1284/1284 1282/1282/1282 1283/1283/1283
f 1283/1283/1283 1285/1285/1285 1284/1284/1284
f 1286/1286/1286 1284/1284/1284 1285/1285/1285
f 1282/1282/1282 1284/1284/1284 1287/1287/1287
f 1288/1288/1288 1287/1287/1287 1284/1284/1284
f 1287/1287/1287 1288/1288/1288 1289/1289/1289
f 1290/1290/1290 1289/1289/1289 1288/1288/1288
f 1288/1288/1288 1291/1291/1291 1290/1290/1290
f 1286/1286/1286 1291/1291/1291 1284/1284/1284
f 1288/1288/1288 1284/1284/1284 1291/1291/1291
f 1292/1292/1292 1290/1290/1290 1291/1291/1291
f 1287/1287/1287 1293/1293/1293 1282/1282/1282
f 1280/1280/1280 1282/1282/1282 1293/1293/1293
f 1289/1289/1289 1294/1294/1294 1287/1287/1287
f 1293/1293/1293 1287/1287/1287 1294/1294/1294
f 1289/1289/1289 1290/1290/1290 1295/1295/1295
f 1296/1296/1296 1295/1295/1295 1290/1290/1290
f 1285/1285/1285 1283/1283/1283 1228/1228/1228
f 1227/1227/1227 1228/1228/1228 1283/1283/1283
f 1227/1227/1227 1283/1283/1283 1230/1230/1230
f 1291/1291/1291 1297/1297/1297 1292/1292/1292
f 1298/1298/1298 1292/1292/1292 1297/1297/1297
f 1292/1292/1292 1299/1299/1299 1290/1290/1290
f 1296/1296/1296 1290/1290/1290 1299/1299/1299
f 1292/1292/1292 1298/1298/1298 1299/1299/1299
f 1300/1300/1300 1299/1299/1299 1298/1298/1298
f 1297/1297/1297 1291/1291/1291 1218/1218/1218
f 1286/1286/1286 1218/1218/1218 1291/1291/1291
f 1218/1218/1218 1286/1286/1286 1219/1219/1219
f 1285/1285/1285 1219/1219/1219 1286/1286/1286
f 1228/1228/1228 1301/1301/1301 1285/1285/1285
f 1219/1219/1219 1285/1285/1285 1301/1301/1301
f 1301/1301/1301 1228/1228/1228 1223/1223/1223
f 1297/1297/1297 1220/1220/1220 1298/1298/1298
f 1302/1302/1302 1298/1298/1298 1220/1220/1220
f 1298/1298/1298 1302/1302/1302 1300/1300/1300
f 1303/1303/1303 1300/1300/1300 1302/1302/1302
f 1303/1303/1303 1302/1302/1302 1304/1304/1304
f 1305/1305/1305 1304/1304/1304 1302/1302/1302
f 1302/1302/1302 1220/1220/1220 1305/1305/1305
f 1305/1305/1305 1306/1306/1306 1304/1304/1304
f 1307/1307/1307 1304/1304/1304 1306/1306/1306
f 1307/1307/1307 1306/1306/1306 1308/1308/1308
f 1309/1309/1309 1308/1308/1308 1306/1306/1306
f 1310/1310/1310 1308/1308/1308 1309/1309/1309
f 1306/1306/1306 1305/1305/1305 1311/1311/1311
f 1306/1306/1306 1311/1311/1311 1309/1309/1309
f 1213/1213/1213 1311/1311/1311 1305/1305/1305
f 1213/1213/1213 1305/1305/1305 1220/1220/1220
f 1312/1312/1312 1309/1309/1309 1311/1311/1311
f 1309/1309/1309 1312/1312/1312 1310/1310/1310
f 1212/1212/1212 1310/1310/1310 1312/1312/1312
f 1311/1311/1311 1213/1213/1213 1200/1200/1200
f 1311/1311/1311 1200/1200/1200 1312/1312/1312
f 1203/1203/1203 1312/1312/1312 1200/1200/1200
f 1212/1212/1212 1312/1312/1312 1203/1203/1203
f 1220/1220/1220 1297/1297/1297 1217/1217/1217
f 1218/1218/1218 1217/1217/1217 1297/1297/1297
f 1315/1315/1315 1314/1314/1314 1313/1313/1313
f 1316/1316/1316 1313/1313/1313 1314/1314/1314
f 1313/1313/1313 1316/1316/1316 1317/1317/1317
f 1318/1318/1318 1317/1317/1317 1316/1316/1316
f 1317/1317/1317 1318/1318/1318 1319/1319/1319
f 1320/1320/1320 1319/1319/1319 1318/1318/1318
f 1320/1320/1320 1321/1321/1321 1319/1319/1319
f 1322/1322/1322 1319/1319/1319 1321/1321/1321
f 1320/1320/1320 1112/1112/1112 1321/1321/1321
f 1114/1114/1114 1321/1321/1321 1112/1112/1112
f 1318/1318/1318 1111/1111/1111 1320/1320/1320
f 1112/1112/1112 1320/1320/1320 1111/1111/1111
f 1316/1316/1316 1115/1115/1115 1318/1318/1318
f 1111/1111/1111 1318/1318/1318 1115/1115/1115
f 1314/1314/1314 1117/1117/1117 1316/1316/1316
f 1115/1115/1115 1316/1316/1316 1117/1117/1117
f 1117/1117/1117 1314/1314/1314 1121/1121/1121
f 1323/1323/1323 1121/1121/1121 1314/1314/1314
f 1314/1314/1314 1315/1315/1315 1323/1323/1323
f 1324/1324/1324 1323/1323/1323 1315/1315/1315
f 1323/1323/1323 1324/1324/1324 1132/1132/1132
f 1131/1131/1131 1132/1132/1132 1324/1324/1324
f 1121/1121/1121 1323/1323/1323 1122/1122/1122
f 1132/1132/1132 1122/1122/1122 1323/1323/1323
f 1321/1321/1321 1114/1114/1114 1050/1050/1050
f 1049/1049/1049 1050/1050/1050 1114/1114/1114
f 1050/1050/1050 1325/1325/1325 1321/1321/1321
f 1322/1322/1322 1321/1321/1321 1325/1325/1325
f 1325/1325/1325 1050/1050/1050 1326/1326/1326
f 1048/1048/1048 1326/1326/1326 1050/1050/1050
f 1326/1326/1326 1048/1048/1048 1327/1327/1327
f 1036/1036/1036 1327/1327/1327 1048/1048/1048
f 1327/1327/1327 1036/1036/1036 1328/1328/1328
f 1034/1034/1034 1328/1328/1328 1036/1036/1036
f 1034/1034/1034 1037/1037/1037 1328/1328/1328
f 1329/1329/1329 1328/1328/1328 1037/1037/1037
f 1037/1037/1037 1040/1040/1040 1329/1329/1329
f 1330/1330/1330 1329/1329/1329 1040/1040/1040
f 1040/1040/1040 1042/1042/1042 1330/1330/1330
f 1331/1331/1331 1330/1330/1330 1042/1042/1042
f 1042/1042/1042 1043/1043/1043 1331/1331/1331
f 1332/1332/1332 1331/1331/1331 1043/1043/1043
f 1332/1332/1332 1043/1043/1043 1333/1333/1333
f 1045/1045/1045 1333/1333/1333 1043/1043/1043
f 1333/1333/1333 1045/1045/1045 1334/1334/1334
f 1335/1335/1335 1334/1334/1334 1045/1045/1045
f 1335/1335/1335 1128/1128/1128 1334/1334/1334
f 1128/1128/1128 1335/1335/1335 1055/1055/1055
f 1054/1054/1054 1055/1055/1055 1335/1335/1335
f 1133/1133/1133 1334/1334/1334 1128/1128/1128
f 1054/1054/1054 1335/1335/1335 1046/1046/1046
f 1045/1045/1045 1046/1046/1046 1335/1335/1335
f 1072/1072/1072 1070/1070/1070 1100/1100/1100
f 1336/1336/1336 1100/1100/1100 1070/1070/1070
f 1070/1070/1070 1067/1067/1067 1336/1336/1336
f 1078/1078/1078 1072/1072/1072 1100/1100/1100
f 1336/1336/1336 1102/1102/1102 1100/1100/1100
f 1336/1336/1336 1069/1069/1069 1102/1102/1102
f 1336/1336/1336 1067/1067/1067 1069/1069/1069
f 1096/1096/1096 1078/1078/1078 1100/1100/1100
f 1096/1096/1096 1090/1090/1090 1078/1078/1078
f 1068/1068/1068 1049/1049/1049 1069/1069/1069
f 1049/1049/1049 1068/1068/1068 1047/1047/1047
f 1114/1114/1114 1069/1069/1069 1049/1049/1049
f 1338/1338/1338 1294/1294/1294 1337/1337/1337
f 1339/1339/1339 1337/1337/1337 1294/1294/1294
f 1294/1294/1294 1289/1289/1289 1339/1339/1339
f 1295/1295/1295 1339/1339/1339 1289/1289/1289
f 1294/1294/1294 1338/1338/1338 1293/1293/1293
f 1340/1340/1340 1293/1293/1293 1338/1338/1338
f 1293/1293/1293 1340/1340/1340 1280/1280/1280
f 1279/1279/1279 1280/1280/1280 1340/1340/1340
f 1185/1185/1185 1205/1205/1205 1186/1186/1186
f 1189/1189/1189 1186/1186/1186 1205/1205/1205
f 1342/1342/1342 1107/1107/1107 1341/1341/1341
f 1342/1342/1342 1341/1341/1341 1118/1118/1118
f 1118/1118/1118 1343/1343/1343 1342/1342/1342
f 1343/1343/1343 1187/1187/1187 1342/1342/1342
f 1187/1187/1187 1188/1188/1188 1342/1342/1342
f 1108/1108/1108 1118/1118/1118 1341/1341/1341
f 1341/1341/1341 1103/1103/1103 1108/1108/1108
f 1341/1341/1341 1107/1107/1107 1103/1103/1103
f 1193/1193/1193 1107/1107/1107 1342/1342/1342
f 1342/1342/1342 1188/1188/1188 1193/1193/1193
f 1118/1118/1118 1120/1120/1120 1343/1343/1343
f 1120/1120/1120 1124/1124/1124 1343/1343/1343
f 1184/1184/1184 1343/1343/1343 1124/1124/1124
f 1343/1343/1343 1184/1184/1184 1187/1187/1187
f 1057/1057/1057 1058/1058/1058 1141/1141/1141
f 1141/1141/1141 1058/1058/1058 1144/1144/1144
f 1059/1059/1059 1144/1144/1144 1058/1058/1058
f 1346/1346/1346 1345/1345/1345 1344/1344/1344
f 1347/1347/1347 1344/1344/1344 1345/1345/1345
f 1350/1350/1350 1349/1349/1349 1348/1348/1348
f 1351/1351/1351 1348/1348/1348 1349/1349/1349
f 1354/1354/1354 1353/1353/1353 1352/1352/1352
f 1355/1355/1355 1352/1352/1352 1353/1353/1353
f 1358/1358/1358 1357/1357/1357 1356/1356/1356
f 1359/1359/1359 1356/1356/1356 1357/1357/1357
f 1362/1362/1362 1361/1361/1361 1360/1360/1360
f 1363/1363/1363 1360/1360/1360 1361/1361/1361
f 1366/1366/1366 1365/1365/1365 1364/1364/1364
f 1367/1367/1367 1364/1364/1364 1365/1365/1365
f 1370/1370/1370 1369/1369/1369 1368/1368/1368
f 1371/1371/1371 1368/1368/1368 1369/1369/1369
f 1368/1368/1368 1372/1372/1372 1370/1370/1370
f 1373/1373/1373 1370/1370/1370 1372/1372/1372
f 1372/1372/1372 1374/1374/1374 1373/1373/1373
f 1375/1375/1375 1373/1373/1373 1374/1374/1374
f 1378/1378/1378 1377/1377/1377 1376/1376/1376
f 1379/1379/1379 1376/1376/1376 1377/1377/1377
f 1382/1382/1382 1381/1381/1381 1380/1380/1380
f 1383/1383/1383 1380/1380/1380 1381/1381/1381
f 1381/1381/1381 1382/1382/1382 1384/1384/1384
f 1385/1385/1385 1384/1384/1384 1382/1382/1382
f 1388/1388/1388 1387/1387/1387 1386/1386/1386
f 1389/1389/1389 1386/1386/1386 1387/1387/1387
f 1392/1392/1392 1391/1391/1391 1390/1390/1390
f 1393/1393/1393 1390/1390/1390 1391/1391/1391
f 1396/1396/1396 1395/1395/1395 1394/1394/1394
f 1397/1397/1397 1394/1394/1394 1395/1395/1395
f 1400/1400/1400 1399/1399/1399 1398/1398/1398
f 1401/1401/1401 1398/1398/1398 1399/1399/1399
f 1404/1404/1404 1403/1403/1403 1402/1402/1402
f 1405/1405/1405 1402/1402/1402 1403/1403/1403
f 1408/1408/1408 1407/1407/1407 1406/1406/1406
f 1407/1407/1407 1408/1408/1408 1409/1409/1409
f 1410/1410/1410 1409/1409/1409 1408/1408/1408
f 1408/1408/1408 1412/1412/1412 1411/1411/1411
f 1408/1408/1408 1411/1411/1411 1413/1413/1413
f 1416/1416/1416 1415/1415/1415 1414/1414/1414
f 1419/1419/1419 1418/1418/1418 1417/1417/1417
f 1421/1421/1421 1420/1420/1420 1419/1419/1419
f 1423/1423/1423 1422/1422/1422 1421/1421/1421
f 1426/1426/1426 1425/1425/1425 1424/1424/1424
f 1426/1426/1426 1427/1427/1427 1425/1425/1425
f 1427/1427/1427 1429/1429/1429 1428/1428/1428
f 1432/1432/1432 1431/1431/1431 1430/1430/1430
f 1435/1435/1435 1434/1434/1434 1433/1433/1433
f 1437/1437/1437 1433/1433/1433 1436/1436/1436
f 1440/1440/1440 1439/1439/1439 1438/1438/1438
f 1442/1442/1442 1438/1438/1438 1441/1441/1441
f 1445/1445/1445 1444/1444/1444 1443/1443/1443
f 1448/1448/1448 1447/1447/1447 1446/1446/1446
f 1451/1451/1451 1450/1450/1450 1449/1449/1449
f 1454/1454/1454 1453/1453/1453 1452/1452/1452
f 1457/1457/1457 1456/1456/1456 1455/1455/1455
f 1460/1460/1460 1459/1459/1459 1458/1458/1458
f 1463/1463/1463 1462/1462/1462 1461/1461/1461
f 1464/1464/1464 1461/1461/1461 1462/1462/1462
f 1467/1467/1467 1466/1466/1466 1465/1465/1465
f 1468/1468/1468 1465/1465/1465 1466/1466/1466
f 1471/1471/1471 1470/1470/1470 1469/1469/1469
f 1474/1474/1474 1473/1473/1473 1472/1472/1472
f 1477/1477/1477 1476/1476/1476 1475/1475/1475
f 1478/1478/1478 1475/1475/1475 1476/1476/1476
f 1481/1481/1481 1480/1480/1480 1479/1479/1479
f 1484/1484/1484 1483/1483/1483 1482/1482/1482
f 1487/1487/1487 1486/1486/1486 1485/1485/1485
f 1490/1490/1490 1489/1489/1489 1488/1488/1488
f 1488/1488/1488 1491/1491/1491 1490/1490/1490
f 1494/1494/1494 1493/1493/1493 1492/1492/1492
f 1497/1497/1497 1496/1496/1496 1495/1495/1495
f 1500/1500/1500 1499/1499/1499 1498/1498/1498
f 1503/1503/1503 1502/1502/1502 1501/1501/1501
f 1504/1504/1504 1501/1501/1501 1502/1502/1502
f 1502/1502/1502 1503/1503/1503 1505/1505/1505
f 1506/1506/1506 1505/1505/1505 1503/1503/1503
f 1509/1509/1509 1508/1508/1508 1507/1507/1507
f 1510/1510/1510 1507/1507/1507 1508/1508/1508
f 1513/1513/1513 1512/1512/1512 1511/1511/1511
f 1514/1514/1514 1511/1511/1511 1512/1512/1512
f 1517/1517/1517 1516/1516/1516 1515/1515/1515
f 1518/1518/1518 1515/1515/1515 1516/1516/1516
f 1521/1521/1521 1520/1520/1520 1519/1519/1519
f 1522/1522/1522 1519/1519/1519 1520/1520/1520
f 1525/1525/1525 1524/1524/1524 1523/1523/1523
f 1526/1526/1526 1523/1523/1523 1524/1524/1524
f 1529/1529/1529 1528/1528/1528 1527/1527/1527
f 1530/1530/1530 1527/1527/1527 1528/1528/1528
f 1533/1533/1533 1532/1532/1532 1531/1531/1531
f 1536/1536/1536 1535/1535/1535 1534/1534/1534
f 1539/1539/1539 1538/1538/1538 1537/1537/1537
f 1540/1540/1540 1537/1537/1537 1538/1538/1538
f 1543/1543/1543 1542/1542/1542 1541/1541/1541
f 1544/1544/1544 1541/1541/1541 1542/1542/1542
f 1237/1237/1237 1221/1221/1221 1232/1232/1232
f 1237/1237/1237 1545/1545/1545 1221/1221/1221
f 1210/1210/1210 1221/1221/1221 1545/1545/1545
f 1545/1545/1545 1105/1105/1105 1210/1210/1210
f 1105/1105/1105 1545/1545/1545 1106/1106/1106
f 1256/1256/1256 1106/1106/1106 1545/1545/1545
f 1545/1545/1545 1237/1237/1237 1256/1256/1256
f 1209/1209/1209 1210/1210/1210 1105/1105/1105
f 1104/1104/1104 1209/1209/1209 1105/1105/1105
f 1236/1236/1236 1256/1256/1256 1237/1237/1237
f 1106/1106/1106 1256/1256/1256 1094/1094/1094
f 1236/1236/1236 1235/1235/1235 1253/1253/1253
f 1238/1238/1238 1253/1253/1253 1235/1235/1235
f 1223/1223/1223 1215/1215/1215 1301/1301/1301
f 1214/1214/1214 1301/1301/1301 1215/1215/1215
f 1301/1301/1301 1214/1214/1214 1219/1219/1219
f 974/974/974 992/992/992 972/972/972
f 977/977/977 972/972/972 992/992/992
f 1548/1548/1548 1547/1547/1547 1546/1546/1546
f 1549/1549/1549 1546/1546/1546 1547/1547/1547
f 1547/1547/1547 1550/1550/1550 1549/1549/1549
f 1551/1551/1551 1549/1549/1549 1550/1550/1550
f 1550/1550/1550 1552/1552/1552 1551/1551/1551
f 1553/1553/1553 1551/1551/1551 1552/1552/1552
f 1552/1552/1552 1554/1554/1554 1553/1553/1553
f 1555/1555/1555 1553/1553/1553 1554/1554/1554
f 1555/1555/1555 1554/1554/1554 1556/1556/1556
f 1557/1557/1557 1556/1556/1556 1554/1554/1554
f 1557/1557/1557 1558/1558/1558 1556/1556/1556
f 1559/1559/1559 1556/1556/1556 1558/1558/1558
f 1546/1546/1546 1560/1560/1560 1548/1548/1548
f 1561/1561/1561 1548/1548/1548 1560/1560/1560
f 1560/1560/1560 1562/1562/1562 1561/1561/1561
f 1563/1563/1563 1561/1561/1561 1562/1562/1562
f 1562/1562/1562 1564/1564/1564 1563/1563/1563
f 1565/1565/1565 1563/1563/1563 1564/1564/1564
f 1564/1564/1564 1566/1566/1566 1565/1565/1565
f 1558/1558/1558 1567/1567/1567 1559/1559/1559
f 1568/1568/1568 1559/1559/1559 1567/1567/1567
f 1568/1568/1568 1567/1567/1567 1569/1569/1569
f 1572/1572/1572 1571/1571/1571 1570/1570/1570
f 1571/1571/1571 1572/1572/1572 1573/1573/1573
f 1574/1574/1574 1573/1573/1573 1572/1572/1572
f 1572/1572/1572 1575/1575/1575 1574/1574/1574
f 1575/1575/1575 1572/1572/1572 1570/1570/1570
f 1576/1576/1576 1574/1574/1574 1575/1575/1575
f 1575/1575/1575 1577/1577/1577 1576/1576/1576
f 1577/1577/1577 1575/1575/1575 1570/1570/1570
f 1578/1578/1578 1576/1576/1576 1577/1577/1577
f 1577/1577/1577 1579/1579/1579 1578/1578/1578
f 1579/1579/1579 1577/1577/1577 1570/1570/1570
f 1580/1580/1580 1578/1578/1578 1579/1579/1579
f 1579/1579/1579 1581/1581/1581 1580/1580/1580
f 1581/1581/1581 1579/1579/1579 1570/1570/1570
f 1582/1582/1582 1580/1580/1580 1581/1581/1581
f 1581/1581/1581 1583/1583/1583 1582/1582/1582
f 1583/1583/1583 1581/1581/1581 1570/1570/1570
f 1584/1584/1584 1582/1582/1582 1583/1583/1583
f 1583/1583/1583 1585/1585/1585 1584/1584/1584
f 1585/1585/1585 1583/1583/1583 1570/1570/1570
f 1586/1586/1586 1584/1584/1584 1585/1585/1585
f 1585/1585/1585 1587/1587/1587 1586/1586/1586
f 1588/1588/1588 1586/1586/1586 1587/1587/1587
f 1587/1587/1587 1585/1585/1585 1570/1570/1570
f 1591/1591/1591 1590/1590/1590 1589/1589/1589
f 1594/1594/1594 1593/1593/1593 1592/1592/1592
f 1597/1597/1597 1596/1596/1596 1595/1595/1595
f 1600/1600/1600 1599/1599/1599 1598/1598/1598
f 1599/1599/1599 1602/1602/1602 1601/1601/1601
f 1604/1604/1604 1600/1600/1600 1603/1603/1603
f 1607/1607/1607 1606/1606/1606 1605/1605/1605
f 1610/1610/1610 1609/1609/1609 1608/1608/1608
f 1609/1609/1609 1612/1612/1612 1611/1611/1611
f 1613/1613/1613 1611/1611/1611 1612/1612/1612
f 1616/1616/1616 1615/1615/1615 1614/1614/1614
f 1619/1619/1619 1618/1618/1618 1617/1617/1617
f 1621/1621/1621 1619/1619/1619 1620/1620/1620
f 1623/1623/1623 1621/1621/1621 1622/1622/1622
f 1626/1626/1626 1625/1625/1625 1624/1624/1624
f 1629/1629/1629 1628/1628/1628 1627/1627/1627
f 1632/1632/1632 1631/1631/1631 1630/1630/1630
f 1635/1635/1635 1634/1634/1634 1633/1633/1633
f 1638/1638/1638 1637/1637/1637 1636/1636/1636
f 1641/1641/1641 1640/1640/1640 1639/1639/1639
f 1644/1644/1644 1643/1643/1643 1642/1642/1642
f 1647/1647/1647 1646/1646/1646 1645/1645/1645
f 1646/1646/1646 1647/1647/1647 1648/1648/1648
f 1647/1647/1647 1649/1649/1649 1648/1648/1648
f 1647/1647/1647 1645/1645/1645 1649/1649/1649
f 1650/1650/1650 1648/1648/1648 1649/1649/1649
f 1648/1648/1648 1651/1651/1651 1646/1646/1646
f 1652/1652/1652 1646/1646/1646 1651/1651/1651
f 1651/1651/1651 1653/1653/1653 1652/1652/1652
f 1654/1654/1654 1652/1652/1652 1653/1653/1653
f 1654/1654/1654 1655/1655/1655 1652/1652/1652
f 1653/1653/1653 1656/1656/1656 1654/1654/1654
f 1657/1657/1657 1654/1654/1654 1656/1656/1656
f 1656/1656/1656 1658/1658/1658 1657/1657/1657
f 1659/1659/1659 1657/1657/1657 1658/1658/1658
f 1659/1659/1659 1660/1660/1660 1657/1657/1657
f 1661/1661/1661 1659/1659/1659 1658/1658/1658
f 1661/1661/1661 1658/1658/1658 1662/1662/1662
f 1663/1663/1663 1662/1662/1662 1658/1658/1658
f 1658/1658/1658 1656/1656/1656 1663/1663/1663
f 1664/1664/1664 1661/1661/1661 1662/1662/1662
f 1664/1664/1664 1665/1665/1665 1661/1661/1661
f 1662/1662/1662 1666/1666/1666 1664/1664/1664
f 1667/1667/1667 1663/1663/1663 1656/1656/1656
f 1656/1656/1656 1653/1653/1653 1667/1667/1667
f 1668/1668/1668 1667/1667/1667 1653/1653/1653
f 1653/1653/1653 1651/1651/1651 1668/1668/1668
f 1669/1669/1669 1668/1668/1668 1651/1651/1651
f 1651/1651/1651 1648/1648/1648 1669/1669/1669
f 1650/1650/1650 1669/1669/1669 1648/1648/1648
f 1645/1645/1645 1671/1671/1671 1670/1670/1670
f 1670/1670/1670 1649/1649/1649 1645/1645/1645
f 1674/1674/1674 1673/1673/1673 1672/1672/1672
f 1673/1673/1673 1674/1674/1674 1675/1675/1675
f 1673/1673/1673 1675/1675/1675 1676/1676/1676
f 1673/1673/1673 1676/1676/1676 1672/1672/1672
f 1677/1677/1677 1676/1676/1676 1675/1675/1675
f 1675/1675/1675 1674/1674/1674 1678/1678/1678
f 1679/1679/1679 1678/1678/1678 1674/1674/1674
f 1678/1678/1678 1679/1679/1679 1680/1680/1680
f 1681/1681/1681 1680/1680/1680 1679/1679/1679
f 1682/1682/1682 1681/1681/1681 1679/1679/1679
f 1680/1680/1680 1681/1681/1681 1683/1683/1683
f 1684/1684/1684 1683/1683/1683 1681/1681/1681
f 1683/1683/1683 1684/1684/1684 1685/1685/1685
f 1686/1686/1686 1685/1685/1685 1684/1684/1684
f 1687/1687/1687 1686/1686/1686 1684/1684/1684
f 1686/1686/1686 1688/1688/1688 1685/1685/1685
f 1688/1688/1688 1689/1689/1689 1685/1685/1685
f 1690/1690/1690 1685/1685/1685 1689/1689/1689
f 1685/1685/1685 1690/1690/1690 1683/1683/1683
f 1688/1688/1688 1691/1691/1691 1689/1689/1689
f 1692/1692/1692 1691/1691/1691 1688/1688/1688
f 1693/1693/1693 1689/1689/1689 1691/1691/1691
f 1694/1694/1694 1683/1683/1683 1690/1690/1690
f 1683/1683/1683 1694/1694/1694 1680/1680/1680
f 1695/1695/1695 1680/1680/1680 1694/1694/1694
f 1680/1680/1680 1695/1695/1695 1678/1678/1678
f 1696/1696/1696 1678/1678/1678 1695/1695/1695
f 1678/1678/1678 1696/1696/1696 1675/1675/1675
f 1677/1677/1677 1675/1675/1675 1696/1696/1696
f 1698/1698/1698 1672/1672/1672 1697/1697/1697
f 1697/1697/1697 1672/1672/1672 1676/1676/1676
f 1701/1701/1701 1700/1700/1700 1699/1699/1699
f 1702/1702/1702 1699/1699/1699 1700/1700/1700
f 1700/1700/1700 1703/1703/1703 1702/1702/1702
f 1704/1704/1704 1702/1702/1702 1703/1703/1703
f 1703/1703/1703 1705/1705/1705 1704/1704/1704
f 1708/1708/1708 1707/1707/1707 1706/1706/1706
f 1709/1709/1709 1706/1706/1706 1707/1707/1707
f 1706/1706/1706 1710/1710/1710 1708/1708/1708
f 1711/1711/1711 1708/1708/1708 1710/1710/1710
f 1714/1714/1714 1713/1713/1713 1712/1712/1712
f 1717/1717/1717 1716/1716/1716 1715/1715/1715
f 1718/1718/1718 1715/1715/1715 1716/1716/1716
f 1721/1721/1721 1720/1720/1720 1719/1719/1719
f 1722/1722/1722 1719/1719/1719 1720/1720/1720
f 1725/1725/1725 1724/1724/1724 1723/1723/1723
f 1726/1726/1726 1723/1723/1723 1724/1724/1724
f 1723/1723/1723 1726/1726/1726 1727/1727/1727
f 1728/1728/1728 1727/1727/1727 1726/1726/1726
f 1727/1727/1727 1728/1728/1728 1729/1729/1729
f 1732/1732/1732 1731/1731/1731 1730/1730/1730
f 1733/1733/1733 1730/1730/1730 1731/1731/1731
f 1731/1731/1731 1732/1732/1732 1734/1734/1734
f 1735/1735/1735 1734/1734/1734 1732/1732/1732
f 1738/1738/1738 1737/1737/1737 1736/1736/1736
f 1741/1741/1741 1740/1740/1740 1739/1739/1739
f 1742/1742/1742 1739/1739/1739 1740/1740/1740
f 1745/1745/1745 1744/1744/1744 1743/1743/1743
f 1746/1746/1746 1743/1743/1743 1744/1744/1744
f 1749/1749/1749 1748/1748/1748 1747/1747/1747
f 1752/1752/1752 1751/1751/1751 1750/1750/1750
f 1755/1755/1755 1754/1754/1754 1753/1753/1753
f 1758/1758/1758 1757/1757/1757 1756/1756/1756
f 1761/1761/1761 1760/1760/1760 1759/1759/1759
f 1764/1764/1764 1763/1763/1763 1762/1762/1762
f 1767/1767/1767 1766/1766/1766 1765/1765/1765
f 1770/1770/1770 1769/1769/1769 1768/1768/1768
f 1773/1773/1773 1772/1772/1772 1771/1771/1771
f 1774/1774/1774 1771/1771/1771 1772/1772/1772
f 1774/1774/1774 1776/1776/1776 1775/1775/1775
f 1777/1777/1777 1775/1775/1775 1776/1776/1776
f 1776/1776/1776 1778/1778/1778 1777/1777/1777
f 1781/1781/1781 1780/1780/1780 1779/1779/1779
f 1784/1784/1784 1783/1783/1783 1782/1782/1782
f 1787/1787/1787 1786/1786/1786 1785/1785/1785
f 1788/1788/1788 1785/1785/1785 1786/1786/1786
f 1791/1791/1791 1790/1790/1790 1789/1789/1789
f 1790/1790/1790 1791/1791/1791 1792/1792/1792
f 1795/1795/1795 1794/1794/1794 1793/1793/1793
f 1798/1798/1798 1797/1797/1797 1796/1796/1796
f 1798/1798/1798 1800/1800/1800 1799/1799/1799
f 1801/1801/1801 1799/1799/1799 1800/1800/1800
f 1803/1803/1803 1802/1802/1802 1800/1800/1800
f 1802/1802/1802 1805/1805/1805 1804/1804/1804
f 1807/1807/1807 1806/1806/1806 1803/1803/1803
f 1806/1806/1806 1807/1807/1807 1808/1808/1808
f 1811/1811/1811 1810/1810/1810 1809/1809/1809
f 1810/1810/1810 1811/1811/1811 1812/1812/1812
f 1812/1812/1812 1813/1813/1813 1810/1810/1810
f 1816/1816/1816 1815/1815/1815 1814/1814/1814
f 1817/1817/1817 1814/1814/1814 1815/1815/1815
f 1820/1820/1820 1819/1819/1819 1818/1818/1818
f 1818/1818/1818 1821/1821/1821 1820/1820/1820
f 1823/1823/1823 1820/1820/1820 1822/1822/1822
f 1826/1826/1826 1825/1825/1825 1824/1824/1824
f 1827/1827/1827 1824/1824/1824 1825/1825/1825
f 1830/1830/1830 1829/1829/1829 1828/1828/1828
f 1831/1831/1831 1828/1828/1828 1829/1829/1829
f 1834/1834/1834 1833/1833/1833 1832/1832/1832
f 1835/1835/1835 1832/1832/1832 1833/1833/1833
f 1838/1838/1838 1837/1837/1837 1836/1836/1836
f 1841/1841/1841 1840/1840/1840 1839/1839/1839
f 1844/1844/1844 1843/1843/1843 1842/1842/1842
f 1847/1847/1847 1846/1846/1846 1845/1845/1845
f 1850/1850/1850 1849/1849/1849 1848/1848/1848
f 1853/1853/1853 1852/1852/1852 1851/1851/1851
f 1856/1856/1856 1855/1855/1855 1854/1854/1854
f 1859/1859/1859 1858/1858/1858 1857/1857/1857
f 1862/1862/1862 1861/1861/1861 1860/1860/1860
f 1864/1864/1864 1861/1861/1861 1863/1863/1863
f 1867/1867/1867 1866/1866/1866 1865/1865/1865
f 1869/1869/1869 1868/1868/1868 1865/1865/1865
f 1872/1872/1872 1871/1871/1871 1870/1870/1870
f 1873/1873/1873 1870/1870/1870 1871/1871/1871
f 1876/1876/1876 1875/1875/1875 1874/1874/1874
f 1879/1879/1879 1878/1878/1878 1877/1877/1877
f 1882/1882/1882 1881/1881/1881 1880/1880/1880
f 1885/1885/1885 1884/1884/1884 1883/1883/1883
f 1888/1888/1888 1887/1887/1887 1886/1886/1886
f 1886/1886/1886 1889/1889/1889 1888/1888/1888
f 1892/1892/1892 1891/1891/1891 1890/1890/1890
f 1890/1890/1890 1893/1893/1893 1892/1892/1892
f 1896/1896/1896 1895/1895/1895 1894/1894/1894
f 1899/1899/1899 1898/1898/1898 1897/1897/1897
f 1902/1902/1902 1901/1901/1901 1900/1900/1900
f 1903/1903/1903 1900/1900/1900 1901/1901/1901
f 1906/1906/1906 1905/1905/1905 1904/1904/1904
f 1906/1906/1906 1907/1907/1907 1905/1905/1905
f 1910/1910/1910 1909/1909/1909 1908/1908/1908
f 1913/1913/1913 1912/1912/1912 1911/1911/1911
f 1912/1912/1912 1913/1913/1913 1914/1914/1914
f 1916/1916/1916 1914/1914/1914 1915/1915/1915
f 1912/1912/1912 1918/1918/1918 1917/1917/1917
f 1918/1918/1918 1920/1920/1920 1919/1919/1919
f 1920/1920/1920 1918/1918/1918 1921/1921/1921
f 1924/1924/1924 1923/1923/1923 1922/1922/1922
f 1923/1923/1923 1924/1924/1924 1925/1925/1925
f 1928/1928/1928 1927/1927/1927 1926/1926/1926
f 1929/1929/1929 1926/1926/1926 1927/1927/1927
f 1932/1932/1932 1931/1931/1931 1930/1930/1930
f 1933/1933/1933 1930/1930/1930 1931/1931/1931
f 1936/1936/1936 1935/1935/1935 1934/1934/1934
f 1939/1939/1939 1938/1938/1938 1937/1937/1937
f 1942/1942/1942 1941/1941/1941 1940/1940/1940
f 1945/1945/1945 1944/1944/1944 1943/1943/1943
f 1948/1948/1948 1947/1947/1947 1946/1946/1946
f 1951/1951/1951 1950/1950/1950 1949/1949/1949
f 1954/1954/1954 1953/1953/1953 1952/1952/1952
f 1957/1957/1957 1956/1956/1956 1955/1955/1955
f 1960/1960/1960 1959/1959/1959 1958/1958/1958
f 1963/1963/1963 1962/1962/1962 1961/1961/1961
f 1966/1966/1966 1965/1965/1965 1964/1964/1964
f 1969/1969/1969 1968/1968/1968 1967/1967/1967
f 1972/1972/1972 1971/1971/1971 1970/1970/1970
f 1973/1973/1973 1970/1970/1970 1971/1971/1971
f 1976/1976/1976 1975/1975/1975 1974/1974/1974
f 1974/1974/1974 1977/1977/1977 1976/1976/1976
f 1976/1976/1976 1978/1978/1978 1975/1975/1975
f 1981/1981/1981 1980/1980/1980 1979/1979/1979
f 1984/1984/1984 1983/1983/1983 1982/1982/1982
f 1987/1987/1987 1986/1986/1986 1985/1985/1985
f 1990/1990/1990 1989/1989/1989 1988/1988/1988
f 1993/1993/1993 1992/1992/1992 1991/1991/1991
f 1994/1994/1994 1991/1991/1991 1992/1992/1992
f 1997/1997/1997 1996/1996/1996 1995/1995/1995
f 1998/1998/1998 1995/1995/1995 1996/1996/1996
f 2001/2001/2001 2000/2000/2000 1999/1999/1999
f 2004/2004/2004 2003/2003/2003 2002/2002/2002
f 2007/2007/2007 2006/2006/2006 2005/2005/2005
f 2010/2010/2010 2009/2009/2009 2008/2008/2008
f 2013/2013/2013 2012/2012/2012 2011/2011/2011
f 2016/2016/2016 2015/2015/2015 2014/2014/2014
f 2017/2017/2017 2016/2016/2016 2014/2014/2014
f 2020/2020/2020 2019/2019/2019 2018/2018/2018
f 2023/2023/2023 2022/2022/2022 2021/2021/2021
f 2026/2026/2026 2025/2025/2025 2024/2024/2024
f 2029/2029/2029 2028/2028/2028 2027/2027/2027
f 2032/2032/2032 2031/2031/2031 2030/2030/2030
f 2035/2035/2035 2034/2034/2034 2033/2033/2033
f 2034/2034/2034 2035/2035/2035 2036/2036/2036
f 2039/2039/2039 2038/2038/2038 2037/2037/2037
f 2042/2042/2042 2041/2041/2041 2040/2040/2040
f 2045/2045/2045 2044/2044/2044 2043/2043/2043
f 2048/2048/2048 2047/2047/2047 2046/2046/2046
f 2051/2051/2051 2050/2050/2050 2049/2049/2049
f 2054/2054/2054 2053/2053/2053 2052/2052/2052
f 2057/2057/2057 2056/2056/2056 2055/2055/2055
f 2060/2060/2060 2059/2059/2059 2058/2058/2058
f 2063/2063/2063 2062/2062/2062 2061/2061/2061
f 2064/2064/2064 2061/2061/2061 2062/2062/2062
f 2063/2063/2063 2066/2066/2066 2065/2065/2065
f 2067/2067/2067 2065/2065/2065 2066/2066/2066
f 2065/2065/2065 2067/2067/2067 2068/2068/2068
f 2071/2071/2071 2070/2070/2070 2069/2069/2069
f 2074/2074/2074 2073/2073/2073 2072/2072/2072
f 2077/2077/2077 2076/2076/2076 2075/2075/2075
f 2078/2078/2078 2075/2075/2075 2076/2076/2076
f 2081/2081/2081 2080/2080/2080 2079/2079/2079
f 2079/2079/2079 2082/2082/2082 2081/2081/2081
f 2085/2085/2085 2084/2084/2084 2083/2083/2083
f 2088/2088/2088 2087/2087/2087 2086/2086/2086
f 2086/2086/2086 2089/2089/2089 2088/2088/2088
f 2089/2089/2089 2086/2086/2086 2090/2090/2090
f 2093/2093/2093 2092/2092/2092 2091/2091/2091
f 2093/2093/2093 2091/2091/2091 2094/2094/2094
f 2096/2096/2096 2094/2094/2094 2095/2095/2095
f 2099/2099/2099 2098/2098/2098 2097/2097/2097
f 2097/2097/2097 2100/2100/2100 2099/2099/2099
f 2103/2103/2103 2102/2102/2102 2101/2101/2101
f 2103/2103/2103 2101/2101/2101 2104/2104/2104
f 2107/2107/2107 2106/2106/2106 2105/2105/2105
f 2108/2108/2108 2105/2105/2105 2106/2106/2106
f 2111/2111/2111 2110/2110/2110 2109/2109/2109
f 2112/2112/2112 2109/2109/2109 2110/2110/2110
f 2110/2110/2110 2114/2114/2114 2113/2113/2113
f 2117/2117/2117 2116/2116/2116 2115/2115/2115
f 2118/2118/2118 2115/2115/2115 2116/2116/2116
f 2121/2121/2121 2120/2120/2120 2119/2119/2119
f 2122/2122/2122 2119/2119/2119 2120/2120/2120
f 2125/2125/2125 2124/2124/2124 2123/2123/2123
f 2126/2126/2126 2123/2123/2123 2124/2124/2124
f 2129/2129/2129 2128/2128/2128 2127/2127/2127
f 2132/2132/2132 2131/2131/2131 2130/2130/2130
f 2135/2135/2135 2134/2134/2134 2133/2133/2133
f 2138/2138/2138 2137/2137/2137 2136/2136/2136
f 2141/2141/2141 2140/2140/2140 2139/2139/2139
f 2144/2144/2144 2143/2143/2143 2142/2142/2142
f 2147/2147/2147 2146/2146/2146 2145/2145/2145
f 2150/2150/2150 2149/2149/2149 2148/2148/2148
f 2153/2153/2153 2152/2152/2152 2151/2151/2151
f 2154/2154/2154 2151/2151/2151 2152/2152/2152
f 2157/2157/2157 2156/2156/2156 2155/2155/2155
f 2160/2160/2160 2159/2159/2159 2158/2158/2158
f 2163/2163/2163 2162/2162/2162 2161/2161/2161
f 2166/2166/2166 2165/2165/2165 2164/2164/2164
f 2169/2169/2169 2168/2168/2168 2167/2167/2167
f 2168/2168/2168 2169/2169/2169 2170/2170/2170
f 2173/2173/2173 2172/2172/2172 2171/2171/2171
f 2174/2174/2174 2172/2172/2172 2173/2173/2173
f 2177/2177/2177 2176/2176/2176 2175/2175/2175
f 2180/2180/2180 2179/2179/2179 2178/2178/2178
f 2183/2183/2183 2182/2182/2182 2181/2181/2181
f 2184/2184/2184 2181/2181/2181 2182/2182/2182
f 2187/2187/2187 2186/2186/2186 2185/2185/2185
f 2190/2190/2190 2189/2189/2189 2188/2188/2188
f 2190/2190/2190 2188/2188/2188 2191/2191/2191
f 2194/2194/2194 2193/2193/2193 2192/2192/2192
f 2194/2194/2194 2192/2192/2192 2195/2195/2195
f 2197/2197/2197 2196/2196/2196 2195/2195/2195
f 2199/2199/2199 2192/2192/2192 2198/2198/2198
f 2199/2199/2199 2201/2201/2201 2200/2200/2200
f 2200/2200/2200 2202/2202/2202 2199/2199/2199
f 2205/2205/2205 2204/2204/2204 2203/2203/2203
f 2203/2203/2203 2206/2206/2206 2205/2205/2205
f 2209/2209/2209 2208/2208/2208 2207/2207/2207
f 2210/2210/2210 2207/2207/2207 2208/2208/2208
f 2213/2213/2213 2212/2212/2212 2211/2211/2211
f 2214/2214/2214 2211/2211/2211 2212/2212/2212
f 2217/2217/2217 2216/2216/2216 2215/2215/2215
f 2220/2220/2220 2219/2219/2219 2218/2218/2218
f 2223/2223/2223 2222/2222/2222 2221/2221/2221
f 2226/2226/2226 2225/2225/2225 2224/2224/2224
f 2229/2229/2229 2228/2228/2228 2227/2227/2227
f 2232/2232/2232 2231/2231/2231 2230/2230/2230
f 2235/2235/2235 2234/2234/2234 2233/2233/2233
f 2238/2238/2238 2237/2237/2237 2236/2236/2236
f 2241/2241/2241 2240/2240/2240 2239/2239/2239
f 2244/2244/2244 2243/2243/2243 2242/2242/2242
f 2247/2247/2247 2246/2246/2246 2245/2245/2245
f 2250/2250/2250 2249/2249/2249 2248/2248/2248
f 2253/2253/2253 2252/2252/2252 2251/2251/2251
f 2254/2254/2254 2251/2251/2251 2252/2252/2252
f 2257/2257/2257 2256/2256/2256 2255/2255/2255
f 2256/2256/2256 2257/2257/2257 2258/2258/2258
f 2257/2257/2257 2255/2255/2255 2259/2259/2259
f 2262/2262/2262 2261/2261/2261 2260/2260/2260
f 2265/2265/2265 2264/2264/2264 2263/2263/2263
f 2268/2268/2268 2267/2267/2267 2266/2266/2266
f 2271/2271/2271 2270/2270/2270 2269/2269/2269
f 2274/2274/2274 2273/2273/2273 2272/2272/2272
f 2275/2275/2275 2272/2272/2272 2273/2273/2273
f 2278/2278/2278 2277/2277/2277 2276/2276/2276
f 2279/2279/2279 2276/2276/2276 2277/2277/2277
f 2282/2282/2282 2281/2281/2281 2280/2280/2280
f 2285/2285/2285 2284/2284/2284 2283/2283/2283
f 2288/2288/2288 2287/2287/2287 2286/2286/2286
f 2291/2291/2291 2290/2290/2290 2289/2289/2289
f 2294/2294/2294 2293/2293/2293 2292/2292/2292
f 2297/2297/2297 2296/2296/2296 2295/2295/2295
f 2296/2296/2296 2298/2298/2298 2295/2295/2295
f 2301/2301/2301 2300/2300/2300 2299/2299/2299
f 2304/2304/2304 2303/2303/2303 2302/2302/2302
f 2307/2307/2307 2306/2306/2306 2305/2305/2305
f 2310/2310/2310 2309/2309/2309 2308/2308/2308
f 2313/2313/2313 2312/2312/2312 2311/2311/2311
f 2311/2311/2311 2314/2314/2314 2313/2313/2313
f 2317/2317/2317 2316/2316/2316 2315/2315/2315
f 2320/2320/2320 2319/2319/2319 2318/2318/2318
f 2321/2321/2321 2318/2318/2318 2319/2319/2319
f 2324/2324/2324 2323/2323/2323 2322/2322/2322
f 2325/2325/2325 2322/2322/2322 2323/2323/2323
f 2328/2328/2328 2327/2327/2327 2326/2326/2326
f 2329/2329/2329 2326/2326/2326 2327/2327/2327
f 2332/2332/2332 2331/2331/2331 2330/2330/2330
f 2333/2333/2333 2330/2330/2330 2331/2331/2331
f 2336/2336/2336 2335/2335/2335 2334/2334/2334
f 2337/2337/2337 2334/2334/2334 2335/2335/2335
f 2340/2340/2340 2339/2339/2339 2338/2338/2338
f 2341/2341/2341 2338/2338/2338 2339/2339/2339
f 2344/2344/2344 2343/2343/2343 2342/2342/2342
f 2345/2345/2345 2342/2342/2342 2343/2343/2343
f 2348/2348/2348 2347/2347/2347 2346/2346/2346
f 2349/2349/2349 2346/2346/2346 2347/2347/2347
f 2352/2352/2352 2351/2351/2351 2350/2350/2350
f 2353/2353/2353 2350/2350/2350 2351/2351/2351
f 2356/2356/2356 2355/2355/2355 2354/2354/2354
f 2357/2357/2357 2354/2354/2354 2355/2355/2355
f 2360/2360/2360 2359/2359/2359 2358/2358/2358
f 2361/2361/2361 2358/2358/2358 2359/2359/2359
f 2364/2364/2364 2363/2363/2363 2362/2362/2362
f 2365/2365/2365 2362/2362/2362 2363/2363/2363
f 2368/2368/2368 2367/2367/2367 2366/2366/2366
f 2369/2369/2369 2366/2366/2366 2367/2367/2367
f 2372/2372/2372 2371/2371/2371 2370/2370/2370
f 2373/2373/2373 2370/2370/2370 2371/2371/2371
f 2376/2376/2376 2375/2375/2375 2374/2374/2374
f 2377/2377/2377 2374/2374/2374 2375/2375/2375
f 2380/2380/2380 2379/2379/2379 2378/2378/2378
f 2381/2381/2381 2378/2378/2378 2379/2379/2379
f 2384/2384/2384 2383/2383/2383 2382/2382/2382
f 2385/2385/2385 2382/2382/2382 2383/2383/2383
f 2388/2388/2388 2387/2387/2387 2386/2386/2386
f 2389/2389/2389 2386/2386/2386 2387/2387/2387
f 2392/2392/2392 2391/2391/2391 2390/2390/2390
f 2393/2393/2393 2390/2390/2390 2391/2391/2391
f 2396/2396/2396 2395/2395/2395 2394/2394/2394
f 2397/2397/2397 2394/2394/2394 2395/2395/2395
f 2400/2400/2400 2399/2399/2399 2398/2398/2398
f 2401/2401/2401 2398/2398/2398 2399/2399/2399
f 2404/2404/2404 2403/2403/2403 2402/2402/2402
f 2405/2405/2405 2402/2402/2402 2403/2403/2403
f 2408/2408/2408 2407/2407/2407 2406/2406/2406
f 2409/2409/2409 2406/2406/2406 2407/2407/2407
f 2412/2412/2412 2411/2411/2411 2410/2410/2410
f 2413/2413/2413 2410/2410/2410 2411/2411/2411
f 2416/2416/2416 2415/2415/2415 2414/2414/2414
f 2417/2417/2417 2414/2414/2414 2415/2415/2415
f 2420/2420/2420 2419/2419/2419 2418/2418/2418
f 2421/2421/2421 2418/2418/2418 2419/2419/2419
f 2424/2424/2424 2423/2423/2423 2422/2422/2422
f 2425/2425/2425 2422/2422/2422 2423/2423/2423
f 2428/2428/2428 2427/2427/2427 2426/2426/2426
f 2429/2429/2429 2426/2426/2426 2427/2427/2427
f 2432/2432/2432 2431/2431/2431 2430/2430/2430
f 2433/2433/2433 2430/2430/2430 2431/2431/2431
f 2436/2436/2436 2435/2435/2435 2434/2434/2434
f 2437/2437/2437 2434/2434/2434 2435/2435/2435
f 2440/2440/2440 2439/2439/2439 2438/2438/2438
f 2443/2443/2443 2442/2442/2442 2441/2441/2441
f 2441/2441/2441 2444/2444/2444 2443/2443/2443
f 2445/2445/2445 2443/2443/2443 2444/2444/2444
f 2444/2444/2444 2446/2446/2446 2445/2445/2445
f 2442/2442/2442 2448/2448/2448 2447/2447/2447
f 2449/2449/2449 2447/2447/2447 2448/2448/2448
f 2448/2448/2448 2450/2450/2450 2449/2449/2449
f 2451/2451/2451 2449/2449/2449 2450/2450/2450
f 2453/2453/2453 2451/2451/2451 2452/2452/2452
f 2452/2452/2452 2454/2454/2454 2453/2453/2453
f 2456/2456/2456 2454/2454/2454 2455/2455/2455
f 2459/2459/2459 2458/2458/2458 2457/2457/2457
f 2462/2462/2462 2461/2461/2461 2460/2460/2460
f 2465/2465/2465 2464/2464/2464 2463/2463/2463
f 2467/2467/2467 2466/2466/2466 2463/2463/2463
f 2466/2466/2466 2467/2467/2467 2468/2468/2468
f 2468/2468/2468 2470/2470/2470 2469/2469/2469
f 2471/2471/2471 2469/2469/2469 2470/2470/2470
f 2469/2469/2469 2471/2471/2471 2472/2472/2472
f 2473/2473/2473 2472/2472/2472 2471/2471/2471
f 2475/2475/2475 2474/2474/2474 2473/2473/2473
f 2474/2474/2474 2475/2475/2475 2476/2476/2476
f 2477/2477/2477 2476/2476/2476 2475/2475/2475
f 2476/2476/2476 2477/2477/2477 2478/2478/2478
f 2481/2481/2481 2480/2480/2480 2479/2479/2479
f 2484/2484/2484 2483/2483/2483 2482/2482/2482
f 2487/2487/2487 2486/2486/2486 2485/2485/2485
f 2490/2490/2490 2489/2489/2489 2488/2488/2488
f 2491/2491/2491 2488/2488/2488 2489/2489/2489
f 2494/2494/2494 2493/2493/2493 2492/2492/2492
f 2495/2495/2495 2492/2492/2492 2493/2493/2493
f 2498/2498/2498 2497/2497/2497 2496/2496/2496
f 2499/2499/2499 2496/2496/2496 2497/2497/2497
f 2502/2502/2502 2501/2501/2501 2500/2500/2500
f 2503/2503/2503 2500/2500/2500 2501/2501/2501
f 2506/2506/2506 2505/2505/2505 2504/2504/2504
f 2507/2507/2507 2504/2504/2504 2505/2505/2505
f 2510/2510/2510 2509/2509/2509 2508/2508/2508
f 2511/2511/2511 2508/2508/2508 2509/2509/2509
f 2514/2514/2514 2513/2513/2513 2512/2512/2512
f 2515/2515/2515 2512/2512/2512 2513/2513/2513
f 2518/2518/2518 2517/2517/2517 2516/2516/2516
f 2519/2519/2519 2516/2516/2516 2517/2517/2517
f 2522/2522/2522 2521/2521/2521 2520/2520/2520
f 2523/2523/2523 2520/2520/2520 2521/2521/2521
f 2526/2526/2526 2525/2525/2525 2524/2524/2524
f 2527/2527/2527 2524/2524/2524 2525/2525/2525
f 2530/2530/2530 2529/2529/2529 2528/2528/2528
f 2531/2531/2531 2528/2528/2528 2529/2529/2529
f 2534/2534/2534 2533/2533/2533 2532/2532/2532
f 2535/2535/2535 2532/2532/2532 2533/2533/2533
f 2538/2538/2538 2537/2537/2537 2536/2536/2536
f 2539/2539/2539 2536/2536/2536 2537/2537/2537
f 2542/2542/2542 2541/2541/2541 2540/2540/2540
f 2543/2543/2543 2540/2540/2540 2541/2541/2541
f 2546/2546/2546 2545/2545/2545 2544/2544/2544
f 2547/2547/2547 2544/2544/2544 2545/2545/2545
f 2550/2550/2550 2549/2549/2549 2548/2548/2548
f 2551/2551/2551 2548/2548/2548 2549/2549/2549
f 2554/2554/2554 2553/2553/2553 2552/2552/2552
f 2555/2555/2555 2552/2552/2552 2553/2553/2553
f 2558/2558/2558 2557/2557/2557 2556/2556/2556
f 2559/2559/2559 2556/2556/2556 2557/2557/2557
f 2562/2562/2562 2561/2561/2561 2560/2560/2560
f 2563/2563/2563 2560/2560/2560 2561/2561/2561
f 2566/2566/2566 2565/2565/2565 2564/2564/2564
f 2567/2567/2567 2564/2564/2564 2565/2565/2565
f 2570/2570/2570 2569/2569/2569 2568/2568/2568
f 2571/2571/2571 2568/2568/2568 2569/2569/2569
f 2574/2574/2574 2573/2573/2573 2572/2572/2572
f 2575/2575/2575 2572/2572/2572 2573/2573/2573
f 2578/2578/2578 2577/2577/2577 2576/2576/2576
f 2579/2579/2579 2576/2576/2576 2577/2577/2577
f 2582/2582/2582 2581/2581/2581 2580/2580/2580
f 2583/2583/2583 2580/2580/2580 2581/2581/2581
f 2586/2586/2586 2585/2585/2585 2584/2584/2584
f 2587/2587/2587 2584/2584/2584 2585/2585/2585
f 2590/2590/2590 2589/2589/2589 2588/2588/2588
f 2591/2591/2591 2588/2588/2588 2589/2589/2589
f 2594/2594/2594 2593/2593/2593 2592/2592/2592
f 2595/2595/2595 2592/2592/2592 2593/2593/2593
f 2598/2598/2598 2597/2597/2597 2596/2596/2596
f 2599/2599/2599 2596/2596/2596 2597/2597/2597
f 2602/2602/2602 2601/2601/2601 2600/2600/2600
f 2603/2603/2603 2600/2600/2600 2601/2601/2601
f 2606/2606/2606 2605/2605/2605 2604/2604/2604
f 2607/2607/2607 2604/2604/2604 2605/2605/2605
f 2610/2610/2610 2609/2609/2609 2608/2608/2608
f 2610/2610/2610 2611/2611/2611 2609/2609/2609
f 2614/2614/2614 2613/2613/2613 2612/2612/2612
f 2616/2616/2616 2613/2613/2613 2615/2615/2615
f 2619/2619/2619 2618/2618/2618 2617/2617/2617
f 2622/2622/2622 2621/2621/2621 2620/2620/2620
f 2623/2623/2623 2620/2620/2620 2621/2621/2621
f 2626/2626/2626 2625/2625/2625 2624/2624/2624
f 2629/2629/2629 2628/2628/2628 2627/2627/2627
f 2630/2630/2630 2627/2627/2627 2628/2628/2628
f 2633/2633/2633 2632/2632/2632 2631/2631/2631
f 2634/2634/2634 2631/2631/2631 2632/2632/2632
f 2636/2636/2636 2635/2635/2635 2631/2631/2631
f 2639/2639/2639 2638/2638/2638 2637/2637/2637
f 2640/2640/2640 2637/2637/2637 2638/2638/2638
f 2638/2638/2638 2641/2641/2641 2640/2640/2640
f 2642/2642/2642 2640/2640/2640 2641/2641/2641
f 2641/2641/2641 2643/2643/2643 2642/2642/2642
f 2644/2644/2644 2642/2642/2642 2643/2643/2643
f 2643/2643/2643 2645/2645/2645 2644/2644/2644
f 2646/2646/2646 2644/2644/2644 2645/2645/2645
f 2645/2645/2645 2647/2647/2647 2646/2646/2646
f 2648/2648/2648 2646/2646/2646 2647/2647/2647
f 2647/2647/2647 2649/2649/2649 2648/2648/2648
f 2650/2650/2650 2648/2648/2648 2649/2649/2649
f 2649/2649/2649 2651/2651/2651 2650/2650/2650
f 2652/2652/2652 2650/2650/2650 2651/2651/2651
f 2655/2655/2655 2654/2654/2654 2653/2653/2653
f 2656/2656/2656 2653/2653/2653 2654/2654/2654
f 2659/2659/2659 2658/2658/2658 2657/2657/2657
f 2660/2660/2660 2657/2657/2657 2658/2658/2658
f 2663/2663/2663 2662/2662/2662 2661/2661/2661
f 2664/2664/2664 2661/2661/2661 2662/2662/2662
f 2667/2667/2667 2666/2666/2666 2665/2665/2665
f 2668/2668/2668 2665/2665/2665 2666/2666/2666
f 2671/2671/2671 2670/2670/2670 2669/2669/2669
f 2672/2672/2672 2669/2669/2669 2670/2670/2670
f 2675/2675/2675 2674/2674/2674 2673/2673/2673
f 2676/2676/2676 2673/2673/2673 2674/2674/2674
f 2679/2679/2679 2678/2678/2678 2677/2677/2677
f 2680/2680/2680 2677/2677/2677 2678/2678/2678
f 2680/2680/2680 2681/2681/2681 2677/2677/2677
f 2682/2682/2682 2677/2677/2677 2681/2681/2681
f 2682/2682/2682 2681/2681/2681 2683/2683/2683
f 2684/2684/2684 2683/2683/2683 2681/2681/2681
f 2683/2683/2683 2684/2684/2684 2685/2685/2685
f 2686/2686/2686 2685/2685/2685 2684/2684/2684
f 2686/2686/2686 2687/2687/2687 2685/2685/2685
f 2688/2688/2688 2685/2685/2685 2687/2687/2687
f 2687/2687/2687 2689/2689/2689 2688/2688/2688
f 2690/2690/2690 2688/2688/2688 2689/2689/2689
f 2693/2693/2693 2692/2692/2692 2691/2691/2691
f 2694/2694/2694 2691/2691/2691 2692/2692/2692
f 2697/2697/2697 2696/2696/2696 2695/2695/2695
f 2698/2698/2698 2695/2695/2695 2696/2696/2696
f 2701/2701/2701 2700/2700/2700 2699/2699/2699
f 2702/2702/2702 2699/2699/2699 2700/2700/2700
f 2699/2699/2699 2703/2703/2703 2701/2701/2701
f 2704/2704/2704 2701/2701/2701 2703/2703/2703
f 2707/2707/2707 2706/2706/2706 2705/2705/2705
f 2708/2708/2708 2705/2705/2705 2706/2706/2706
f 2711/2711/2711 2710/2710/2710 2709/2709/2709
f 2712/2712/2712 2709/2709/2709 2710/2710/2710
f 2710/2710/2710 2713/2713/2713 2712/2712/2712
f 2714/2714/2714 2712/2712/2712 2713/2713/2713
f 2713/2713/2713 2715/2715/2715 2714/2714/2714
f 2716/2716/2716 2714/2714/2714 2715/2715/2715
f 2709/2709/2709 2717/2717/2717 2711/2711/2711
f 2718/2718/2718 2711/2711/2711 2717/2717/2717
f 2717/2717/2717 2719/2719/2719 2718/2718/2718
f 2720/2720/2720 2718/2718/2718 2719/2719/2719
f 2723/2723/2723 2722/2722/2722 2721/2721/2721
f 2724/2724/2724 2721/2721/2721 2722/2722/2722
f 2727/2727/2727 2726/2726/2726 2725/2725/2725
f 2725/2725/2725 2726/2726/2726 2728/2728/2728
f 2730/2730/2730 2728/2728/2728 2729/2729/2729
f 2729/2729/2729 2731/2731/2731 2730/2730/2730
f 2734/2734/2734 2733/2733/2733 2732/2732/2732
f 2735/2735/2735 2732/2732/2732 2733/2733/2733
f 2738/2738/2738 2737/2737/2737 2736/2736/2736
f 2739/2739/2739 2736/2736/2736 2737/2737/2737
f 2742/2742/2742 2741/2741/2741 2740/2740/2740
f 2743/2743/2743 2740/2740/2740 2741/2741/2741
f 2740/2740/2740 2743/2743/2743 2744/2744/2744
f 2745/2745/2745 2744/2744/2744 2743/2743/2743
f 2748/2748/2748 2747/2747/2747 2746/2746/2746
f 2749/2749/2749 2746/2746/2746 2747/2747/2747
f 2752/2752/2752 2751/2751/2751 2750/2750/2750
f 2753/2753/2753 2750/2750/2750 2751/2751/2751
f 2756/2756/2756 2755/2755/2755 2754/2754/2754
f 2757/2757/2757 2754/2754/2754 2755/2755/2755
f 2760/2760/2760 2759/2759/2759 2758/2758/2758
f 2761/2761/2761 2758/2758/2758 2759/2759/2759
f 2764/2764/2764 2763/2763/2763 2762/2762/2762
f 2765/2765/2765 2762/2762/2762 2763/2763/2763
f 2768/2768/2768 2767/2767/2767 2766/2766/2766
f 2769/2769/2769 2766/2766/2766 2767/2767/2767
f 2770/2770/2770 2766/2766/2766 2769/2769/2769
f 2771/2771/2771 2770/2770/2770 2769/2769/2769
f 2768/2768/2768 2772/2772/2772 2767/2767/2767
f 2772/2772/2772 2774/2774/2774 2773/2773/2773
f 2773/2773/2773 2775/2775/2775 2772/2772/2772
f 2778/2778/2778 2777/2777/2777 2776/2776/2776
f 2781/2781/2781 2780/2780/2780 2779/2779/2779
f 2784/2784/2784 2783/2783/2783 2782/2782/2782
f 2785/2785/2785 2782/2782/2782 2783/2783/2783
f 2788/2788/2788 2787/2787/2787 2786/2786/2786
f 2789/2789/2789 2786/2786/2786 2787/2787/2787
f 2792/2792/2792 2791/2791/2791 2790/2790/2790
f 2795/2795/2795 2794/2794/2794 2793/2793/2793
f 2797/2797/2797 2795/2795/2795 2796/2796/2796
f 2798/2798/2798 2797/2797/2797 2796/2796/2796
f 2798/2798/2798 2796/2796/2796 2799/2799/2799
f 2802/2802/2802 2801/2801/2801 2800/2800/2800
f 2805/2805/2805 2804/2804/2804 2803/2803/2803
f 2806/2806/2806 2803/2803/2803 2804/2804/2804
f 2809/2809/2809 2808/2808/2808 2807/2807/2807
f 2810/2810/2810 2807/2807/2807 2808/2808/2808
f 2813/2813/2813 2812/2812/2812 2811/2811/2811
f 2816/2816/2816 2815/2815/2815 2814/2814/2814
f 2819/2819/2819 2818/2818/2818 2817/2817/2817
f 2820/2820/2820 2817/2817/2817 2818/2818/2818
f 2823/2823/2823 2822/2822/2822 2821/2821/2821
f 2826/2826/2826 2825/2825/2825 2824/2824/2824
f 2827/2827/2827 2825/2825/2825 2826/2826/2826
f 2824/2824/2824 2828/2828/2828 2826/2826/2826
f 2831/2831/2831 2830/2830/2830 2829/2829/2829
f 2832/2832/2832 2829/2829/2829 2830/2830/2830
f 2835/2835/2835 2834/2834/2834 2833/2833/2833
f 2836/2836/2836 2833/2833/2833 2834/2834/2834
f 2839/2839/2839 2838/2838/2838 2837/2837/2837
f 2842/2842/2842 2841/2841/2841 2840/2840/2840
f 2845/2845/2845 2844/2844/2844 2843/2843/2843
f 2848/2848/2848 2847/2847/2847 2846/2846/2846
f 2851/2851/2851 2850/2850/2850 2849/2849/2849
f 2854/2854/2854 2853/2853/2853 2852/2852/2852
f 2857/2857/2857 2856/2856/2856 2855/2855/2855
f 2858/2858/2858 2855/2855/2855 2856/2856/2856
f 2861/2861/2861 2860/2860/2860 2859/2859/2859
f 2862/2862/2862 2859/2859/2859 2860/2860/2860
f 2865/2865/2865 2864/2864/2864 2863/2863/2863
f 2866/2866/2866 2863/2863/2863 2864/2864/2864
f 2869/2869/2869 2868/2868/2868 2867/2867/2867
f 2870/2870/2870 2867/2867/2867 2868/2868/2868
f 2873/2873/2873 2872/2872/2872 2871/2871/2871
f 2874/2874/2874 2871/2871/2871 2872/2872/2872
f 2877/2877/2877 2876/2876/2876 2875/2875/2875
f 2878/2878/2878 2875/2875/2875 2876/2876/2876
f 2876/2876/2876 2879/2879/2879 2878/2878/2878
f 2880/2880/2880 2878/2878/2878 2879/2879/2879
f 2883/2883/2883 2882/2882/2882 2881/2881/2881
f 2886/2886/2886 2885/2885/2885 2884/2884/2884
f 2887/2887/2887 2884/2884/2884 2885/2885/2885
f 2890/2890/2890 2889/2889/2889 2888/2888/2888
f 2893/2893/2893 2892/2892/2892 2891/2891/2891
f 2896/2896/2896 2895/2895/2895 2894/2894/2894
f 2899/2899/2899 2898/2898/2898 2897/2897/2897
f 2902/2902/2902 2901/2901/2901 2900/2900/2900
f 2905/2905/2905 2904/2904/2904 2903/2903/2903
f 2905/2905/2905 2906/2906/2906 2904/2904/2904
f 2906/2906/2906 2908/2908/2908 2907/2907/2907
f 2911/2911/2911 2910/2910/2910 2909/2909/2909
f 2914/2914/2914 2913/2913/2913 2912/2912/2912
f 2917/2917/2917 2916/2916/2916 2915/2915/2915
f 2920/2920/2920 2919/2919/2919 2918/2918/2918
f 2923/2923/2923 2922/2922/2922 2921/2921/2921
f 2926/2926/2926 2925/2925/2925 2924/2924/2924
f 2927/2927/2927 2924/2924/2924 2925/2925/2925
f 2930/2930/2930 2929/2929/2929 2928/2928/2928
f 2931/2931/2931 2928/2928/2928 2929/2929/2929
f 2934/2934/2934 2933/2933/2933 2932/2932/2932
f 2937/2937/2937 2936/2936/2936 2935/2935/2935
f 2940/2940/2940 2939/2939/2939 2938/2938/2938
f 2942/2942/2942 2941/2941/2941 2938/2938/2938
f 2945/2945/2945 2944/2944/2944 2943/2943/2943
f 2945/2945/2945 2943/2943/2943 2946/2946/2946
f 2949/2949/2949 2948/2948/2948 2947/2947/2947
f 2952/2952/2952 2951/2951/2951 2950/2950/2950
f 2953/2953/2953 2950/2950/2950 2951/2951/2951
f 2956/2956/2956 2955/2955/2955 2954/2954/2954
f 2959/2959/2959 2958/2958/2958 2957/2957/2957
f 2960/2960/2960 2957/2957/2957 2958/2958/2958
f 2963/2963/2963 2962/2962/2962 2961/2961/2961
f 2964/2964/2964 2961/2961/2961 2962/2962/2962
f 2967/2967/2967 2966/2966/2966 2965/2965/2965
f 2968/2968/2968 2965/2965/2965 2966/2966/2966
f 2966/2966/2966 2967/2967/2967 2969/2969/2969
f 2970/2970/2970 2969/2969/2969 2967/2967/2967
f 2969/2969/2969 2970/2970/2970 2971/2971/2971
f 2972/2972/2972 2971/2971/2971 2970/2970/2970
f 2971/2971/2971 2972/2972/2972 2973/2973/2973
f 2974/2974/2974 2973/2973/2973 2972/2972/2972
f 2973/2973/2973 2974/2974/2974 2975/2975/2975
f 2976/2976/2976 2975/2975/2975 2974/2974/2974
f 2975/2975/2975 2976/2976/2976 2977/2977/2977
f 2978/2978/2978 2977/2977/2977 2976/2976/2976
f 2977/2977/2977 2978/2978/2978 2979/2979/2979
f 2980/2980/2980 2979/2979/2979 2978/2978/2978
f 2983/2983/2983 2982/2982/2982 2981/2981/2981
f 2984/2984/2984 2981/2981/2981 2982/2982/2982
f 2987/2987/2987 2986/2986/2986 2985/2985/2985
f 2988/2988/2988 2985/2985/2985 2986/2986/2986
f 2991/2991/2991 2990/2990/2990 2989/2989/2989
f 2992/2992/2992 2989/2989/2989 2990/2990/2990
f 2995/2995/2995 2994/2994/2994 2993/2993/2993
f 2996/2996/2996 2993/2993/2993 2994/2994/2994
f 2999/2999/2999 2998/2998/2998 2997/2997/2997
f 3000/3000/3000 2997/2997/2997 2998/2998/2998
f 3003/3003/3003 3002/3002/3002 3001/3001/3001
f 3004/3004/3004 3001/3001/3001 3002/3002/3002
f 3007/3007/3007 3006/3006/3006 3005/3005/3005
f 3008/3008/3008 3005/3005/3005 3006/3006/3006
f 3007/3007/3007 3005/3005/3005 3009/3009/3009
f 3010/3010/3010 3009/3009/3009 3005/3005/3005
f 3010/3010/3010 3011/3011/3011 3009/3009/3009
f 3012/3012/3012 3009/3009/3009 3011/3011/3011
f 3011/3011/3011 3013/3013/3013 3012/3012/3012
f 3014/3014/3014 3012/3012/3012 3013/3013/3013
f 3014/3014/3014 3013/3013/3013 3015/3015/3015
f 3016/3016/3016 3015/3015/3015 3013/3013/3013
f 3015/3015/3015 3016/3016/3016 3017/3017/3017
f 3018/3018/3018 3017/3017/3017 3016/3016/3016
f 3021/3021/3021 3020/3020/3020 3019/3019/3019
f 3022/3022/3022 3019/3019/3019 3020/3020/3020
f 3025/3025/3025 3024/3024/3024 3023/3023/3023
f 3026/3026/3026 3023/3023/3023 3024/3024/3024
f 3029/3029/3029 3028/3028/3028 3027/3027/3027
f 3030/3030/3030 3027/3027/3027 3028/3028/3028
f 3027/3027/3027 3030/3030/3030 3031/3031/3031
f 3032/3032/3032 3031/3031/3031 3030/3030/3030
f 3035/3035/3035 3034/3034/3034 3033/3033/3033
f 3036/3036/3036 3033/3033/3033 3034/3034/3034
f 3039/3039/3039 3038/3038/3038 3037/3037/3037
f 3040/3040/3040 3037/3037/3037 3038/3038/3038
f 3038/3038/3038 3039/3039/3039 3041/3041/3041
f 3042/3042/3042 3041/3041/3041 3039/3039/3039
f 3041/3041/3041 3042/3042/3042 3043/3043/3043
f 3044/3044/3044 3043/3043/3043 3042/3042/3042
f 3037/3037/3037 3040/3040/3040 3045/3045/3045
f 3046/3046/3046 3045/3045/3045 3040/3040/3040
f 3045/3045/3045 3046/3046/3046 3047/3047/3047
f 3048/3048/3048 3047/3047/3047 3046/3046/3046
f 3051/3051/3051 3050/3050/3050 3049/3049/3049
f 3052/3052/3052 3049/3049/3049 3050/3050/3050
f 3055/3055/3055 3054/3054/3054 3053/3053/3053
f 3053/3053/3053 3056/3056/3056 3055/3055/3055
f 3058/3058/3058 3057/3057/3057 3056/3056/3056
f 3059/3059/3059 3057/3057/3057 3058/3058/3058
f 3062/3062/3062 3061/3061/3061 3060/3060/3060
f 3063/3063/3063 3060/3060/3060 3061/3061/3061
f 3066/3066/3066 3065/3065/3065 3064/3064/3064
f 3067/3067/3067 3064/3064/3064 3065/3065/3065
f 3070/3070/3070 3069/3069/3069 3068/3068/3068
f 3071/3071/3071 3068/3068/3068 3069/3069/3069
f 3068/3068/3068 3072/3072/3072 3070/3070/3070
f 3073/3073/3073 3070/3070/3070 3072/3072/3072
f 3076/3076/3076 3075/3075/3075 3074/3074/3074
f 3077/3077/3077 3074/3074/3074 3075/3075/3075
f 3080/3080/3080 3079/3079/3079 3078/3078/3078
f 3081/3081/3081 3078/3078/3078 3079/3079/3079
f 3084/3084/3084 3083/3083/3083 3082/3082/3082
f 3085/3085/3085 3082/3082/3082 3083/3083/3083
f 3088/3088/3088 3087/3087/3087 3086/3086/3086
f 3089/3089/3089 3086/3086/3086 3087/3087/3087
f 3092/3092/3092 3091/3091/3091 3090/3090/3090
f 3093/3093/3093 3090/3090/3090 3091/3091/3091
f 3096/3096/3096 3095/3095/3095 3094/3094/3094
f 3097/3097/3097 3094/3094/3094 3095/3095/3095
f 3094/3094/3094 3098/3098/3098 3096/3096/3096
f 3096/3096/3096 3098/3098/3098 3099/3099/3099
f 3097/3097/3097 3101/3101/3101 3100/3100/3100
f 3102/3102/3102 3100/3100/3100 3101/3101/3101
f 3100/3100/3100 3102/3102/3102 3103/3103/3103
f 3106/3106/3106 3105/3105/3105 3104/3104/3104
f 3109/3109/3109 3108/3108/3108 3107/3107/3107
f 3112/3112/3112 3111/3111/3111 3110/3110/3110
f 3113/3113/3113 3110/3110/3110 3111/3111/3111
f 3116/3116/3116 3115/3115/3115 3114/3114/3114
f 3117/3117/3117 3114/3114/3114 3115/3115/3115
f 3120/3120/3120 3119/3119/3119 3118/3118/3118
f 3120/3120/3120 3122/3122/3122 3121/3121/3121
f 3122/3122/3122 3123/3123/3123 3121/3121/3121
f 3123/3123/3123 3124/3124/3124 3121/3121/3121
f 3127/3127/3127 3126/3126/3126 3125/3125/3125
f 3130/3130/3130 3129/3129/3129 3128/3128/3128
f 3133/3133/3133 3132/3132/3132 3131/3131/3131
f 3134/3134/3134 3131/3131/3131 3132/3132/3132
f 3137/3137/3137 3136/3136/3136 3135/3135/3135
f 3138/3138/3138 3135/3135/3135 3136/3136/3136
f 3141/3141/3141 3140/3140/3140 3139/3139/3139
f 3144/3144/3144 3143/3143/3143 3142/3142/3142
f 3147/3147/3147 3146/3146/3146 3145/3145/3145
f 3148/3148/3148 3145/3145/3145 3146/3146/3146
f 3151/3151/3151 3150/3150/3150 3149/3149/3149
f 3154/3154/3154 3153/3153/3153 3152/3152/3152
f 3154/3154/3154 3155/3155/3155 3153/3153/3153
f 3152/3152/3152 3153/3153/3153 3156/3156/3156
f 3159/3159/3159 3158/3158/3158 3157/3157/3157
f 3160/3160/3160 3157/3157/3157 3158/3158/3158
f 3163/3163/3163 3162/3162/3162 3161/3161/3161
f 3164/3164/3164 3161/3161/3161 3162/3162/3162
f 3167/3167/3167 3166/3166/3166 3165/3165/3165
f 3170/3170/3170 3169/3169/3169 3168/3168/3168
f 3173/3173/3173 3172/3172/3172 3171/3171/3171
f 3176/3176/3176 3175/3175/3175 3174/3174/3174
f 3179/3179/3179 3178/3178/3178 3177/3177/3177
f 3182/3182/3182 3181/3181/3181 3180/3180/3180
f 3185/3185/3185 3184/3184/3184 3183/3183/3183
f 3186/3186/3186 3183/3183/3183 3184/3184/3184
f 3189/3189/3189 3188/3188/3188 3187/3187/3187
f 3190/3190/3190 3187/3187/3187 3188/3188/3188
f 3193/3193/3193 3192/3192/3192 3191/3191/3191
f 3194/3194/3194 3191/3191/3191 3192/3192/3192
f 3197/3197/3197 3196/3196/3196 3195/3195/3195
f 3198/3198/3198 3195/3195/3195 3196/3196/3196
f 3201/3201/3201 3200/3200/3200 3199/3199/3199
f 3202/3202/3202 3199/3199/3199 3200/3200/3200
f 3205/3205/3205 3204/3204/3204 3203/3203/3203
f 3206/3206/3206 3203/3203/3203 3204/3204/3204
f 3204/3204/3204 3205/3205/3205 3207/3207/3207
f 3208/3208/3208 3207/3207/3207 3205/3205/3205
f 3211/3211/3211 3210/3210/3210 3209/3209/3209
f 3214/3214/3214 3213/3213/3213 3212/3212/3212
f 3217/3217/3217 3216/3216/3216 3215/3215/3215
f 3218/3218/3218 3215/3215/3215 3216/3216/3216
f 3221/3221/3221 3220/3220/3220 3219/3219/3219
f 3224/3224/3224 3223/3223/3223 3222/3222/3222
f 3227/3227/3227 3226/3226/3226 3225/3225/3225
f 3230/3230/3230 3229/3229/3229 3228/3228/3228
f 3233/3233/3233 3232/3232/3232 3231/3231/3231
f 3236/3236/3236 3235/3235/3235 3234/3234/3234
f 3239/3239/3239 3238/3238/3238 3237/3237/3237
f 3239/3239/3239 3237/3237/3237 3240/3240/3240
f 3242/3242/3242 3240/3240/3240 3241/3241/3241
f 3245/3245/3245 3244/3244/3244 3243/3243/3243
f 3248/3248/3248 3247/3247/3247 3246/3246/3246
f 3251/3251/3251 3250/3250/3250 3249/3249/3249
f 3254/3254/3254 3253/3253/3253 3252/3252/3252
f 3257/3257/3257 3256/3256/3256 3255/3255/3255
f 3258/3258/3258 3255/3255/3255 3256/3256/3256
f 3261/3261/3261 3260/3260/3260 3259/3259/3259
f 3262/3262/3262 3259/3259/3259 3260/3260/3260
f 3265/3265/3265 3264/3264/3264 3263/3263/3263
f 3268/3268/3268 3267/3267/3267 3266/3266/3266
