g G_CA_Prinzeugen_Mech_001_P_lod
v 0.1373847 0.1622307 0.94125
v 0.1115955 0.09708577 1.08581
v 0.1171309 0.1381053 0.923492
v 0.1712691 0.1337858 0.94125
v 0.1510473 0.1096924 0.923492
v 0.1171309 0.1381053 0.923492
v 0.1115955 0.09708577 1.08581
v 0.1510473 0.1096924 0.923492
v 0.2795453 0.2537088 1.098833
v 0.2573077 0.2723947 1.033912
v 0.217568 0.2250398 0.9700469
v 0.2473888 0.2154089 1.098833
v 0.2245753 0.1882119 1.021209
v 0.1818919 0.1373694 0.9571843
v 0.1590784 0.1553515 0.9071097
v 0.2029136 0.2527168 1.098833
v 0.217568 0.2250398 0.9700469
v 0.2573077 0.2723947 1.033912
v 0.2350701 0.2910487 1.098833
v 0.1800681 0.2255198 1.021209
v 0.1374168 0.1746774 0.9571843
v 0.1590784 0.1553515 0.9071097
v 0.2350701 0.2910487 1.098833
v 0.2573077 0.2723947 1.033912
v 0.2795453 0.2537088 1.098833
v 0.2029136 0.2527168 1.098833
v 0.2350701 0.2910487 1.098833
v 0.2795453 0.2537088 1.098833
v 0.2473888 0.2154089 1.098833
v 0.1800681 0.2255198 1.021209
v 0.2245753 0.1882119 1.021209
v 0.1374168 0.1746774 0.9571843
v 0.1818919 0.1373694 0.9571843
v 0.1869794 0.2340309 1.180808
v 0.2426213 0.3003597 1.236706
v 0.2869045 0.2632117 1.236706
v 0.2312625 0.1968829 1.180808
v 0.2091209 0.2154409 1.114831
v 0.3303238 0.3149501 1.355221
v 0.2860406 0.352098 1.355221
v 0.3140695 0.3855025 1.355221
v 0.3459381 0.3700801 1.355221
v 0.3583527 0.3483545 1.355221
v 0.2312625 0.1968829 1.180808
v 0.2869045 0.2632117 1.236706
v 0.2295347 0.2397903 1.118767
v 0.2091209 0.2154409 1.114831
v 0.2712582 0.2894809 1.168617
v 0.337171 0.3231092 1.316601
v 0.3303238 0.3149501 1.355221
v 0.337139 0.3230772 1.337847
v 0.3304518 0.3600332 1.236322
v 0.3438263 0.3759995 1.316281
v 0.3438263 0.3759995 1.259487
v 0.3583527 0.3483545 1.355221
v 0.3583527 0.3483545 1.337847
v 0.2091209 0.2154409 1.114831
v 0.2295347 0.2397903 1.118767
v 0.1869794 0.2340309 1.180808
v 0.2426213 0.3003597 1.236706
v 0.2712582 0.2894809 1.168617
v 0.2929198 0.3602892 1.316601
v 0.3304518 0.3600332 1.236322
v 0.3438263 0.3759995 1.259487
v 0.3438263 0.3759995 1.316281
v 0.2860406 0.352098 1.355221
v 0.2928558 0.3602252 1.337847
v 0.3140695 0.3855025 1.355221
v 0.3140695 0.3855025 1.337847
v 0.2928558 0.3602252 1.337847
v 0.3459381 0.3700801 1.337847
v 0.3140695 0.3855025 1.337847
v 0.3583527 0.3483545 1.337847
v 0.337139 0.3230772 1.337847
v 0.2929198 0.3602892 1.316601
v 0.337171 0.3231092 1.316601
v 0.3438263 0.3759995 1.316281
v 0.3583527 0.3483545 1.337847
v 0.3583527 0.3483545 1.355221
v 0.3459381 0.3700801 1.355221
v 0.3459381 0.3700801 1.337847
v 0.3140695 0.3855025 1.355221
v 0.3140695 0.3855025 1.337847
v -0.1373694 0.1622307 0.94125
v -0.1171476 0.1381053 0.923492
v -0.1115802 0.09708577 1.08581
v -0.1712857 0.1337858 0.94125
v -0.1510319 0.1096924 0.923492
v -0.1171476 0.1381053 0.923492
v -0.1510319 0.1096924 0.923492
v -0.1115802 0.09708577 1.08581
v -0.2175847 0.2250398 0.9700469
v -0.2572924 0.2723947 1.033912
v -0.2795299 0.2537088 1.098833
v -0.2474054 0.2154089 1.098833
v -0.2245599 0.1882119 1.021209
v -0.159095 0.1553515 0.9071097
v -0.1819085 0.1373694 0.9571843
v -0.2350548 0.2910487 1.098833
v -0.2572924 0.2723947 1.033912
v -0.2175847 0.2250398 0.9700469
v -0.2029303 0.2527168 1.098833
v -0.1800848 0.2255198 1.021209
v -0.1374334 0.1746774 0.9571843
v -0.159095 0.1553515 0.9071097
v -0.2350548 0.2910487 1.098833
v -0.2795299 0.2537088 1.098833
v -0.2572924 0.2723947 1.033912
v -0.2350548 0.2910487 1.098833
v -0.2029303 0.2527168 1.098833
v -0.2474054 0.2154089 1.098833
v -0.2795299 0.2537088 1.098833
v -0.2245599 0.1882119 1.021209
v -0.1800848 0.2255198 1.021209
v -0.1819085 0.1373694 0.9571843
v -0.1374334 0.1746774 0.9571843
v -0.2868891 0.2632117 1.236706
v -0.2426379 0.3003597 1.236706
v -0.186964 0.2340309 1.180808
v -0.2312472 0.1968829 1.180808
v -0.2091056 0.2154409 1.114831
v -0.2860572 0.352098 1.355221
v -0.3303084 0.3149501 1.355221
v -0.3140862 0.3855025 1.355221
v -0.3459227 0.3700801 1.355221
v -0.3583374 0.3483545 1.355221
v -0.2312472 0.1968829 1.180808
v -0.2295194 0.2397903 1.118767
v -0.2868891 0.2632117 1.236706
v -0.2091056 0.2154409 1.114831
v -0.2712429 0.2894809 1.168617
v -0.3303084 0.3149501 1.355221
v -0.3371877 0.3231092 1.316601
v -0.3371237 0.3230772 1.337847
v -0.3304364 0.3600332 1.236322
v -0.343811 0.3759995 1.316281
v -0.343811 0.3759995 1.259487
v -0.3583374 0.3483545 1.355221
v -0.3583374 0.3483545 1.337847
v -0.2091056 0.2154409 1.114831
v -0.186964 0.2340309 1.180808
v -0.2295194 0.2397903 1.118767
v -0.2426379 0.3003597 1.236706
v -0.2712429 0.2894809 1.168617
v -0.2860572 0.352098 1.355221
v -0.2929045 0.3602892 1.316601
v -0.3304364 0.3600332 1.236322
v -0.2928405 0.3602252 1.337847
v -0.3140862 0.3855025 1.337847
v -0.3140862 0.3855025 1.355221
v -0.3304364 0.3600332 1.236322
v -0.343811 0.3759995 1.316281
v -0.343811 0.3759995 1.259487
v -0.343811 0.3759995 1.316281
v -0.3304364 0.3600332 1.236322
v -0.2929045 0.3602892 1.316601
v -0.3459227 0.3700801 1.337847
v -0.2928405 0.3602252 1.337847
v -0.3140862 0.3855025 1.337847
v -0.3583374 0.3483545 1.337847
v -0.3371237 0.3230772 1.337847
v -0.2929045 0.3602892 1.316601
v -0.3371877 0.3231092 1.316601
v -0.343811 0.3759995 1.316281
v -0.3583374 0.3483545 1.355221
v -0.3583374 0.3483545 1.337847
v -0.3459227 0.3700801 1.337847
v -0.3459227 0.3700801 1.355221
v -0.3140862 0.3855025 1.337847
v -0.3140862 0.3855025 1.355221
v 0.5715775 0.7338805 1.296603
v 0.5373732 0.7625494 1.296603
v 0.5341416 0.7239616 1.238114
v 0.45719 0.5842328 1.310426
v 0.4098671 0.6239405 1.310426
v 0.2868405 0.3812149 1.370035
v 0.2395176 0.4209226 1.370035
v 0.2868405 0.3812149 1.370035
v 0.2369899 0.324773 1.260639
v 0.1926107 0.362017 1.260639
v 0.2395176 0.4209226 1.370035
v 0.1951385 0.3200055 1.05167
v 0.2479007 0.3828467 1.13982
v 0.2369899 0.324773 1.260639
v 0.282233 0.4238023 1.211813
v 0.1951385 0.3200055 1.05167
v 0.226655 0.3575374 1.066228
v 0.2868405 0.3812149 1.370035
v 0.45719 0.5842328 1.310426
v 0.5341416 0.7239616 1.238114
v 0.5715775 0.7338805 1.296603
v 0.2479007 0.3828467 1.13982
v 0.282233 0.4238023 1.211813
v 0.1926107 0.362017 1.260639
v 0.226655 0.3575374 1.066228
v 0.1951385 0.3200055 1.05167
v 0.2395176 0.4209226 1.370035
v 0.4098671 0.6239405 1.310426
v 0.5341416 0.7239616 1.238114
v 0.5373732 0.7625494 1.296603
v -0.5715622 0.7338805 1.296603
v -0.5341263 0.7239616 1.238114
v -0.5373579 0.7625494 1.296603
v -0.4098518 0.6239405 1.310426
v -0.4571747 0.5842328 1.310426
v -0.2868571 0.3812149 1.370035
v -0.2395343 0.4209226 1.370035
v -0.2868571 0.3812149 1.370035
v -0.2395343 0.4209226 1.370035
v -0.1925954 0.362017 1.260639
v -0.2369746 0.324773 1.260639
v -0.1951551 0.3200055 1.05167
v -0.2478854 0.3828467 1.13982
v -0.2822496 0.4238023 1.211813
v -0.2369746 0.324773 1.260639
v -0.2266717 0.3575374 1.066228
v -0.1951551 0.3200055 1.05167
v -0.2868571 0.3812149 1.370035
v -0.4571747 0.5842328 1.310426
v -0.5341263 0.7239616 1.238114
v -0.5715622 0.7338805 1.296603
v -0.2478854 0.3828467 1.13982
v -0.1925954 0.362017 1.260639
v -0.2822496 0.4238023 1.211813
v -0.2266717 0.3575374 1.066228
v -0.1951551 0.3200055 1.05167
v -0.2395343 0.4209226 1.370035
v -0.4098518 0.6239405 1.310426
v -0.5341263 0.7239616 1.238114
v -0.5373579 0.7625494 1.296603
v 0.4146026 0.3544978 1.099633
v 0.4146026 0.3141502 1.181672
v 0.4438154 0.3454748 1.201894
v 0.4247455 0.5262871 1.16177
v 0.4146026 0.407548 0.9673911
v 0.4468871 0.5047215 1.218532
v 0.4438154 0.3454748 1.201894
v 0.4146026 0.3141502 1.181672
v 0.3853578 0.3454748 1.201894
v 0.3822861 0.5047215 1.218532
v 0.4468871 0.5047215 1.218532
v 0.4146026 0.3544978 1.099633
v 0.3993403 0.5213916 1.166953
v 0.3853578 0.3454748 1.201894
v 0.4146026 0.3141502 1.181672
v 0.4146026 0.407548 0.9673911
v 0.3822861 0.5047215 1.218532
v 0.4146026 0.7317368 1.225667
v 0.4247455 0.5262871 1.16177
v 0.3993403 0.5213916 1.166953
v 0.4146026 0.407548 0.9673911
v 0.4146026 0.7317368 1.225667
v 0.4468871 0.5047215 1.218532
v 0.4146026 0.7317368 1.225667
v 0.4247455 0.5262871 1.16177
v 0.3822861 0.5047215 1.218532
v 0.4146026 0.7317368 1.225667
v 0.4468871 0.5047215 1.218532
v -0.443832 0.3454748 1.201894
v -0.4145873 0.3141502 1.181672
v -0.4145873 0.3544978 1.099633
v -0.4247622 0.5262871 1.16177
v -0.4145873 0.407548 0.9673911
v -0.4145873 0.3141502 1.181672
v -0.443832 0.3454748 1.201894
v -0.3853424 0.3454748 1.201894
v -0.3822708 0.5047215 1.218532
v -0.4469037 0.5047215 1.218532
v -0.399325 0.5213916 1.166953
v -0.4145873 0.3544978 1.099633
v -0.4145873 0.3141502 1.181672
v -0.3853424 0.3454748 1.201894
v -0.4145873 0.407548 0.9673911
v -0.3822708 0.5047215 1.218532
v -0.4145873 0.7317368 1.225667
v -0.4247622 0.5262871 1.16177
v -0.4145873 0.407548 0.9673911
v -0.399325 0.5213916 1.166953
v -0.4145873 0.7317368 1.225667
v -0.443832 0.3454748 1.201894
v -0.4247622 0.5262871 1.16177
v -0.4469037 0.5047215 1.218532
v -0.4469037 0.5047215 1.218532
v -0.4247622 0.5262871 1.16177
v -0.4145873 0.7317368 1.225667
v -0.3822708 0.5047215 1.218532
v -0.4469037 0.5047215 1.218532
v -0.4145873 0.7317368 1.225667
v 0.2388777 0.4665176 1.358517
v 0.2381098 0.4641179 1.275038
v 0.2322224 0.4754126 1.275038
v 0.2346542 0.4746448 1.358517
v 0.2464929 0.4756366 1.275038
v 0.244893 0.4748367 1.358517
v 0.244893 0.4748367 1.358517
v 0.2464929 0.4756366 1.275038
v 0.2409575 0.472149 1.525315
v 0.2409575 0.472149 1.525315
v 0.1956184 0.4317694 1.275038
v 0.1980182 0.4310014 1.358517
v 0.2022737 0.4228744 1.358517
v 0.2015058 0.4204746 1.275038
v 0.208257 0.4311935 1.358517
v 0.2098569 0.4319934 1.275038
v 0.2098569 0.4319934 1.275038
v 0.208257 0.4311935 1.358517
v 0.2043535 0.4284737 1.525315
v 0.2043535 0.4284737 1.525315
v -0.3927336 0.6503696 1.360948
v -0.3976291 0.6503696 1.349174
v -0.3952934 0.7338486 1.350166
v -0.3917738 0.7338486 1.358613
v -0.3833907 0.6503696 1.350198
v -0.3850545 0.7338486 1.35087
v -0.389886 0.9006464 1.354037
v -0.389886 0.9006464 1.354037
v -0.3850545 0.7338486 1.35087
v -0.3952934 0.7338486 1.350166
v -0.3976291 0.6503696 1.349174
v -0.3833907 0.6503696 1.350198
v -0.3850545 0.7338486 1.35087
v -0.2168168 0.5126246 1.304891
v -0.2271836 0.4897151 1.362132
v -0.233487 0.4934907 1.367604
v -0.2434699 0.5137445 1.353173
v -0.1615268 0.4467437 1.304891
v -0.1859081 0.4405044 1.362132
v -0.1650464 0.4202827 1.353173
v -0.1832524 0.4336252 1.367604
v -0.2197924 0.4764045 1.369555
v -0.1977468 0.4501034 1.369555
v -0.2599481 0.5142884 1.174153
v -0.287881 0.4920828 1.173929
v -0.2646835 0.4644698 1.152779
v -0.2270557 0.4951226 1.153227
v -0.2172967 0.407964 1.152779
v -0.1805327 0.4397045 1.153227
v -0.1940992 0.380319 1.173929
v -0.1673821 0.4039644 1.174153
v -0.2197924 0.4764045 1.369555
v -0.1977468 0.4501034 1.369555
v -0.2268957 0.4230344 1.379602
v -0.251501 0.4523752 1.379602
v -0.2599481 0.5141925 1.350806
v -0.2876571 0.4918269 1.356213
v -0.287881 0.4920828 1.173929
v -0.2599481 0.5142884 1.174153
v -0.2599481 0.5142884 1.174153
v -0.2270557 0.4951226 1.153227
v -0.2167528 0.5124966 1.196806
v -0.2168168 0.5126246 1.304891
v -0.2434699 0.5137445 1.353173
v -0.2599481 0.5141925 1.350806
v -0.1616228 0.4468398 1.196806
v -0.1615268 0.4467437 1.304891
v -0.2168168 0.5126246 1.304891
v -0.2167528 0.5124966 1.196806
v -0.2270557 0.4951226 1.153227
v -0.1805327 0.4397045 1.153227
v -0.1943232 0.3806069 1.356213
v -0.1674781 0.4039644 1.350806
v -0.1673821 0.4039644 1.174153
v -0.1940992 0.380319 1.173929
v -0.1674781 0.4039644 1.350806
v -0.1650464 0.4202827 1.353173
v -0.1615268 0.4467437 1.304891
v -0.1673821 0.4039644 1.174153
v -0.1616228 0.4468398 1.196806
v -0.1805327 0.4397045 1.153227
v -0.2599481 0.5141925 1.350806
v -0.233487 0.4934907 1.367604
v -0.2650675 0.4685014 1.374163
v -0.2876571 0.4918269 1.356213
v -0.2434699 0.5137445 1.353173
v -0.1650464 0.4202827 1.353173
v -0.1674781 0.4039644 1.350806
v -0.1943232 0.3806069 1.356213
v -0.2133611 0.4069081 1.374163
v -0.1832524 0.4336252 1.367604
v -0.4480237 0.7338486 1.356853
v -0.4402804 0.7338486 1.350166
v -0.4379448 0.6503696 1.349174
v -0.4486955 0.6503696 1.358517
v -0.4487596 0.7338486 1.346646
v -0.4497194 0.6503696 1.34431
v -0.4497194 0.6503696 1.34431
v -0.4487596 0.7338486 1.346646
v -0.444504 0.9006464 1.352117
v -0.444504 0.9006464 1.352117
v -0.4487596 0.7338486 1.346646
v -0.4402804 0.7338486 1.350166
v -0.2381265 0.4641179 1.275038
v -0.2388943 0.4665176 1.358517
v -0.2346388 0.4746448 1.358517
v -0.2322391 0.4754126 1.275038
v -0.242766 0.4789003 1.358517
v -0.2435338 0.4813 1.275038
v -0.2494212 0.4700053 1.275038
v -0.2470215 0.4707732 1.358517
v -0.2408462 0.4727249 1.525315
v -0.2470215 0.4707732 1.358517
v -0.2494212 0.4700053 1.275038
v -0.2470215 0.4707732 1.358517
v -0.2388943 0.4665176 1.358517
v -0.2381265 0.4641179 1.275038
v -0.1980348 0.4310014 1.358517
v -0.1956031 0.4317694 1.275038
v -0.2014904 0.4204746 1.275038
v -0.2022583 0.4228744 1.358517
v -0.2069299 0.4376568 1.275038
v -0.2061619 0.435225 1.358517
v -0.2103854 0.4271299 1.358517
v -0.2128172 0.426362 1.275038
v -0.1971389 0.425658 1.462761
v -0.1936833 0.4322814 1.462761
v -0.2003385 0.435737 1.462761
v -0.2037942 0.4291137 1.462761
v -0.2103854 0.4271299 1.358517
v -0.2037942 0.4291137 1.462761
v -0.2014904 0.4204746 1.275038
v -0.2128172 0.426362 1.275038
v -0.2103854 0.4271299 1.358517
v -0.2022583 0.4228744 1.358517
v -0.1936833 0.4322814 1.462761
v -0.1971389 0.425658 1.462761
v -0.1890118 0.4290497 1.525315
v -0.2003385 0.435737 1.462761
v -0.2037942 0.4291137 1.462761
v -0.2037942 0.4291137 1.462761
v 0.2335023 0.4934907 1.367604
v 0.227167 0.4897151 1.362132
v 0.2168001 0.5126246 1.304891
v 0.2434852 0.5137445 1.353173
v 0.1858915 0.4405044 1.362132
v 0.1615421 0.4467437 1.304891
v 0.1832677 0.4336252 1.367604
v 0.1650617 0.4202827 1.353173
v 0.2197758 0.4764045 1.369555
v 0.1977302 0.4501034 1.369555
v 0.1977302 0.4501034 1.369555
v 0.2197758 0.4764045 1.369555
v 0.2515163 0.4523752 1.379602
v 0.226879 0.4230344 1.379602
v 0.2599634 0.5141925 1.350806
v 0.2815291 0.4969783 1.225667
v 0.2876404 0.4918269 1.355189
v 0.2876404 0.4918269 1.356213
v 0.2878004 0.4919869 1.22218
v 0.2599954 0.5142565 1.223811
v 0.2167681 0.5125606 1.250368
v 0.2416934 0.5134885 1.229571
v 0.2168001 0.5126246 1.304891
v 0.2426213 0.5136166 1.228771
v 0.2434852 0.5137445 1.353173
v 0.2599954 0.5142565 1.223811
v 0.2599634 0.5141925 1.350806
v 0.2335023 0.4934907 1.367604
v 0.2599634 0.5141925 1.350806
v 0.2876404 0.4918269 1.356213
v 0.2650509 0.4685014 1.374163
v 0.2434852 0.5137445 1.353173
v 0.2133445 0.4069081 1.374163
v 0.1943386 0.3806069 1.356213
v 0.1674615 0.4039644 1.350806
v 0.1650617 0.4202827 1.353173
v 0.1832677 0.4336252 1.367604
v 0.1674615 0.4039644 1.350806
v 0.1790442 0.3938535 1.304379
v 0.1674295 0.4039644 1.291932
v 0.1942745 0.380543 1.312058
v 0.1943386 0.3806069 1.356213
v 0.189891 0.4805321 1.270654
v 0.2167681 0.5125606 1.250368
v 0.2168001 0.5126246 1.304891
v 0.1615421 0.4467437 1.304891
v 0.1615741 0.4467758 1.272126
v 0.1674615 0.4039644 1.350806
v 0.16279 0.4374328 1.276414
v 0.1615421 0.4467437 1.304891
v 0.1650617 0.4202827 1.353173
v 0.1674295 0.4039644 1.291932
v 0.1615741 0.4467758 1.272126
v 0.2878004 0.4919869 1.22218
v 0.2815291 0.4969783 1.225667
v 0.282457 0.4856195 1.230435
v 0.2571477 0.4554468 1.250528
v 0.2599954 0.5142565 1.223811
v 0.2426213 0.5136166 1.228771
v 0.2395816 0.4345211 1.269694
v 0.2416934 0.5134885 1.229571
v 0.2167681 0.5125606 1.250368
v 0.189891 0.4805321 1.270654
v 0.1790442 0.3938535 1.304379
v 0.1942745 0.380543 1.312058
v 0.1674295 0.4039644 1.291932
v 0.1615741 0.4467758 1.272126
v 0.16279 0.4374328 1.276414
v -0.3795191 0.6711993 1.373843
v -0.3579854 0.6602886 1.37909
v -0.3757755 0.5960395 1.398544
v -0.3964772 0.6712954 1.373747
v -0.4606303 0.5960395 1.398544
v -0.4399605 0.6712954 1.373747
v -0.4784204 0.6602886 1.37909
v -0.4568866 0.6711993 1.373843
v -0.3758395 0.5605874 1.398544
v -0.4130514 0.5344462 1.395825
v -0.4605023 0.5245273 1.398512
v -0.4508073 0.490867 1.379698
v -0.4697813 0.4946105 1.379698
v -0.399325 0.6801584 1.334103
v -0.3964772 0.6712954 1.373747
v -0.4399605 0.6712954 1.373747
v -0.4371128 0.6801584 1.334103
v -0.3472026 0.6585288 1.366932
v -0.3471706 0.5676906 1.366932
v -0.3757755 0.5960395 1.398544
v -0.3579854 0.6602886 1.37909
v -0.3758395 0.5605874 1.398544
v -0.3471706 0.5676906 1.366932
v -0.3472026 0.6585288 1.366932
v -0.3465627 0.6625923 1.3318
v -0.3463707 0.5677227 1.3318
v -0.4707732 0.4942266 1.3318
v -0.490195 0.5073452 1.3318
v -0.4892671 0.5075052 1.366964
v -0.4697813 0.4946105 1.379698
v -0.4508073 0.490867 1.379698
v -0.4510953 0.490483 1.3318
v -0.4898431 0.6625923 1.3318
v -0.4892032 0.6585288 1.366932
v -0.4892671 0.5075052 1.366964
v -0.490195 0.5073452 1.3318
v -0.4697813 0.4946105 1.379698
v -0.4892671 0.5075052 1.366964
v -0.4605023 0.5245273 1.398512
v -0.4892032 0.6585288 1.366932
v -0.4784204 0.6602886 1.37909
v -0.4606303 0.5960395 1.398544
v -0.4578786 0.6760628 1.334103
v -0.4568866 0.6711993 1.373843
v -0.4892032 0.6585288 1.366932
v -0.4898431 0.6625923 1.3318
v -0.4784204 0.6602886 1.37909
v -0.3785272 0.6760628 1.334103
v -0.3465627 0.6625923 1.3318
v -0.3472026 0.6585288 1.366932
v -0.3795191 0.6711993 1.373843
v -0.3579854 0.6602886 1.37909
v -0.4130514 0.5344462 1.395825
v -0.3471706 0.5676906 1.366932
v -0.4334652 0.5107688 1.3318
v -0.4510953 0.490483 1.3318
v -0.3463707 0.5677227 1.3318
v -0.4508073 0.490867 1.379698
v -0.3758395 0.5605874 1.398544
v 0.3971965 0.5945357 1.1116
v 0.4152105 0.5416775 1.117935
v 0.4152105 0.4545829 0.9710388
v 0.3880455 0.5850967 0.9631677
v 0.4152105 0.6806383 1.188743
v 0.4152105 0.4314494 0.9484812
v 0.4152105 0.527951 0.8811926
v 0.4097391 0.5744739 0.7817794
v 0.4423436 0.5850967 0.9631677
v 0.4152105 0.4545829 0.9710388
v 0.4152105 0.5416775 1.117935
v 0.4332246 0.5945357 1.1116
v 0.4152105 0.4314494 0.9484812
v 0.4152105 0.527951 0.8811926
v 0.4206499 0.5744739 0.7817794
v 0.4152105 0.6806383 1.188743
v 0.4423436 0.5850967 0.9631677
v 0.3880455 0.5850967 0.9631677
v 0.4097391 0.5744739 0.7817794
v 0.4206499 0.5744739 0.7817794
v 0.4152105 0.527951 0.8811926
v 0.3880455 0.5850967 0.9631677
v 0.4423436 0.5850967 0.9631677
v 0.4332246 0.5945357 1.1116
v 0.3971965 0.5945357 1.1116
v 0.4152105 0.6806383 1.188743
v 0.3954367 0.7790596 0.7273853
v 0.4367122 0.7790596 0.7273853
v 0.4367122 0.8116322 0.6347873
v 0.3954367 0.8116322 0.6347873
v 0.4367122 0.712027 0.8539956
v 0.3954367 0.712027 0.8539956
v 0.3954367 0.6312357 0.9296353
v 0.4367122 0.6312357 0.9296353
v 0.3954367 0.6089021 0.9579202
v 0.4367122 0.6089021 0.9579202
v 0.4367122 0.6977885 1.14318
v 0.3954367 0.6977885 1.14318
v 0.4308888 0.7563422 1.219076
v 0.4012601 0.7563422 1.219076
v 0.4367122 0.7608216 1.193991
v 0.4308888 0.7563422 1.219076
v 0.4012601 0.7563422 1.219076
v 0.3954367 0.7608216 1.193991
v 0.4367122 0.7653972 0.9304672
v 0.3954367 0.7653972 0.9304672
v 0.3954367 0.8433406 0.6912292
v 0.4367122 0.8433406 0.6912292
v 0.4367122 0.8116322 0.6347873
v 0.3954367 0.8116322 0.6347873
v 0.3954367 0.712027 0.8539956
v 0.3954367 0.7653972 0.9304672
v 0.3954367 0.6312357 0.9296353
v 0.3954367 0.7790596 0.7273853
v 0.3954367 0.8433406 0.6912292
v 0.3954367 0.6089021 0.9579202
v 0.3954367 0.6977885 1.14318
v 0.3954367 0.7608216 1.193991
v 0.3954367 0.8116322 0.6347873
v 0.4012601 0.7563422 1.219076
v 0.4367122 0.6312357 0.9296353
v 0.4367122 0.7653972 0.9304672
v 0.4367122 0.712027 0.8539956
v 0.4367122 0.8433406 0.6912292
v 0.4367122 0.7790596 0.7273853
v 0.4367122 0.6089021 0.9579202
v 0.4367122 0.6977885 1.14318
v 0.4367122 0.7608216 1.193991
v 0.4367122 0.8116322 0.6347873
v 0.4308888 0.7563422 1.219076
v 0.4083633 0.8687139 1.109744
v 0.4083633 1.010298 0.9724467
v 0.4266333 1.010298 0.9724467
v 0.4266333 0.8687139 1.109744
v 0.4095472 1.25648 0.7024599
v 0.4254494 1.25648 0.7024599
v 0.4174823 0.8029611 0.9208683
v 0.4174823 1.50874 0.3737277
v 0.4083633 1.010298 0.9724467
v 0.4174823 0.9384984 0.8421568
v 0.4174823 1.183752 0.5627952
v 0.4095472 1.25648 0.7024599
v 0.4174823 0.8029611 0.9208683
v 0.4083633 0.8687139 1.109744
v 0.4254494 1.25648 0.7024599
v 0.4174823 1.183752 0.5627952
v 0.4174823 0.9384984 0.8421568
v 0.4266333 1.010298 0.9724467
v 0.4266333 0.8687139 1.109744
v 0.4174823 0.8029611 0.9208683
v 0.4174823 1.50874 0.3737277
v 0.4095472 1.25648 0.7024599
v 0.4174823 1.183752 0.5627952
v 0.4174823 1.50874 0.3737277
v 0.4174823 1.183752 0.5627952
v 0.4254494 1.25648 0.7024599
v -0.4151952 0.4545829 0.9710388
v -0.4151952 0.5416775 1.117935
v -0.3972132 0.5945357 1.1116
v -0.3880622 0.5850967 0.9631677
v -0.4151952 0.6806383 1.188743
v -0.4151952 0.4314494 0.9484812
v -0.4143953 0.5195998 0.8923594
v -0.4097558 0.5744739 0.7817794
v -0.4151952 0.5416775 1.117935
v -0.4151952 0.4545829 0.9710388
v -0.4423603 0.5850967 0.9631677
v -0.4332093 0.5945357 1.1116
v -0.4151952 0.4314494 0.9484812
v -0.4143953 0.5195998 0.8923594
v -0.416827 0.5447171 0.858827
v -0.4206666 0.5744739 0.7817794
v -0.4151952 0.6806383 1.188743
v -0.3880622 0.5850967 0.9631677
v -0.4423603 0.5850967 0.9631677
v -0.4206666 0.5744739 0.7817794
v -0.4097558 0.5744739 0.7817794
v -0.416827 0.5447171 0.858827
v -0.4143953 0.5195998 0.8923594
v -0.3972132 0.5945357 1.1116
v -0.4332093 0.5945357 1.1116
v -0.4423603 0.5850967 0.9631677
v -0.3880622 0.5850967 0.9631677
v -0.4151952 0.6806383 1.188743
v -0.3954533 0.8116322 0.6347873
v -0.4366969 0.8116322 0.6347873
v -0.4366969 0.7790596 0.7273853
v -0.3954533 0.7790596 0.7273853
v -0.3954533 0.712027 0.8539956
v -0.4366969 0.712027 0.8539956
v -0.3954533 0.6312357 0.9296353
v -0.4366969 0.6312357 0.9296353
v -0.4366969 0.6089021 0.9579202
v -0.3954533 0.6089021 0.9579202
v -0.4366969 0.6977885 1.14318
v -0.3954533 0.6977885 1.14318
v -0.4012767 0.7563422 1.219076
v -0.4308735 0.7563422 1.219076
v -0.4012767 0.7563422 1.219076
v -0.4308735 0.7563422 1.219076
v -0.4366969 0.7608216 1.193991
v -0.3954533 0.7608216 1.193991
v -0.3954533 0.7653972 0.9304672
v -0.4366969 0.7653972 0.9304672
v -0.3954533 0.8433406 0.6912292
v -0.4366969 0.8433406 0.6912292
v -0.4366969 0.8116322 0.6347873
v -0.3954533 0.8116322 0.6347873
v -0.3954533 0.7653972 0.9304672
v -0.3954533 0.712027 0.8539956
v -0.3954533 0.6312357 0.9296353
v -0.3954533 0.7790596 0.7273853
v -0.3954533 0.8433406 0.6912292
v -0.3954533 0.6089021 0.9579202
v -0.3954533 0.6977885 1.14318
v -0.3954533 0.7608216 1.193991
v -0.3954533 0.8116322 0.6347873
v -0.4012767 0.7563422 1.219076
v -0.4366969 0.6312357 0.9296353
v -0.4366969 0.712027 0.8539956
v -0.4366969 0.7653972 0.9304672
v -0.4366969 0.6089021 0.9579202
v -0.4366969 0.6977885 1.14318
v -0.4366969 0.7608216 1.193991
v -0.4308735 0.7563422 1.219076
v -0.4366969 0.712027 0.8539956
v -0.4366969 0.7790596 0.7273853
v -0.4366969 0.8433406 0.6912292
v -0.4366969 0.7653972 0.9304672
v -0.4366969 0.8116322 0.6347873
v 0.4631733 0.9886369 0.9815656
v 0.410923 1.101617 0.9314591
v 0.4380561 1.089202 0.8922633
v 0.4286171 0.9983958 1.161802
v 0.4592698 0.941698 1.065557
v 0.4500548 0.8977028 1.021145
v 0.4171304 1.076915 1.197478
v 0.4512066 0.8938311 1.169705
v 0.4369682 0.8270224 1.135501
v 0.4631733 0.9886369 0.9815656
v 0.3725912 0.9886369 0.9815656
v 0.3849418 0.8977028 1.021145
v 0.4500548 0.8977028 1.021145
v 0.4369682 0.8270224 1.135501
v 0.3972925 0.8348616 1.14142
v 0.4369682 0.8270224 1.135501
v 0.4369682 0.8632745 1.184968
v 0.4512066 0.8938311 1.169705
v 0.4228897 0.9245478 1.211717
v 0.4171304 0.941282 1.190151
v 0.4171304 0.978302 1.162314
v 0.4171304 0.9370905 1.216068
v 0.3972925 0.8348616 1.14142
v 0.3702874 0.8947271 1.149515
v 0.4171304 0.978302 1.162314
v 0.4171304 0.941282 1.190151
v 0.411371 0.9245478 1.211717
v 0.3972925 0.8632745 1.184968
v 0.4171304 0.9370905 1.216068
v 0.4171304 1.076915 1.197478
v 0.4286171 0.9983958 1.161802
v 0.4056756 0.9983958 1.161802
v 0.4171304 0.978302 1.162314
v 0.3702874 0.8947271 1.149515
v 0.4512066 0.8938311 1.169705
v 0.410923 1.101617 0.9314591
v 0.4056756 0.9983958 1.161802
v 0.3725912 0.9886369 0.9815656
v 0.4171304 1.076915 1.197478
v 0.3702874 0.8947271 1.149515
v 0.3849418 0.8977028 1.021145
v 0.3725912 0.9886369 0.9815656
v 0.3884615 0.8897676 1.118159
v 0.3972925 0.8348616 1.14142
v 0.3725912 0.9886369 0.9815656
v 0.3702874 0.8947271 1.149515
v 0.3884615 0.8897676 1.118159
v 0.3702874 0.8947271 1.149515
v 0.3972925 0.8348616 1.14142
v 0.3884615 0.8897676 1.118159
v 0.4631733 0.9886369 0.9815656
v 0.410923 1.101617 0.9314591
v 0.3725912 0.9886369 0.9815656
v 0.410923 1.101617 0.9314591
v 0.4631733 0.9886369 0.9815656
v 0.4380561 1.089202 0.8922633
v 0.4369682 0.8632745 1.184968
v 0.3972925 0.8632745 1.184968
v 0.411371 0.9245478 1.211717
v 0.4228897 0.9245478 1.211717
v 0.3972925 0.8348616 1.14142
v 0.4369682 0.8270224 1.135501
v 0.4171304 0.9370905 1.216068
v -0.4066201 1.281661 0.665696
v -0.4027166 1.178376 0.8004013
v -0.417147 1.230147 0.8268944
v -0.417147 1.318617 0.7485349
v -0.417147 1.128558 0.9552006
v -0.3977251 1.095121 0.8869519
v -0.3725758 0.9886369 0.9815656
v -0.417147 1.075699 1.086578
v -0.4056602 0.9983958 1.161802
v -0.417147 1.076915 1.197478
v -0.3861424 0.8918154 1.143916
v -0.4315774 1.178376 0.8004013
v -0.4276419 1.281661 0.665696
v -0.417147 1.318617 0.7485349
v -0.417147 1.230147 0.8268944
v -0.417147 1.128558 0.9552006
v -0.4365689 1.095121 0.8869519
v -0.463158 0.9886369 0.9815656
v -0.417147 1.075699 1.086578
v -0.4276419 1.281661 0.665696
v -0.4315774 1.178376 0.8004013
v -0.4027166 1.178376 0.8004013
v -0.4066201 1.281661 0.665696
v -0.3977251 1.095121 0.8869519
v -0.4365689 1.095121 0.8869519
v -0.3725758 0.9886369 0.9815656
v -0.463158 0.9886369 0.9815656
v -0.4500715 0.8977028 1.021145
v -0.3849265 0.8977028 1.021145
v -0.417147 1.318617 0.7485349
v -0.3973091 0.8068006 1.060693
v -0.4369848 0.8068006 1.060693
v -0.3973091 0.8344456 1.163978
v -0.3973091 0.8068006 1.060693
v -0.4369848 0.8068006 1.060693
v -0.4369848 0.8344456 1.163978
v -0.3973091 0.8468283 1.228259
v -0.4369848 0.8468283 1.228259
v -0.3973091 0.821519 1.241217
v -0.4369848 0.821519 1.241217
v -0.417147 0.8175515 1.275806
v -0.417147 0.8877518 1.268894
v -0.417147 0.8456764 1.272222
v -0.4369848 0.8468283 1.228259
v -0.417147 0.8911434 1.230275
v -0.417147 0.8175515 1.275806
v -0.4369848 0.821519 1.241217
v -0.4369848 0.8344456 1.163978
v -0.4512233 0.8938311 1.169705
v -0.417147 0.8911434 1.230275
v -0.3973091 0.8468283 1.228259
v -0.417147 0.8456764 1.272222
v -0.417147 0.8877518 1.268894
v -0.417147 0.8175515 1.275806
v -0.3973091 0.821519 1.241217
v -0.3973091 0.8344456 1.163978
v -0.3861424 0.8918154 1.143916
v -0.417147 0.959776 1.176232
v -0.417147 0.9348828 1.229635
v -0.417147 0.8911434 1.230275
v -0.417147 0.959776 1.176232
v -0.417147 0.9348828 1.229635
v -0.417147 0.959776 1.176232
v -0.417147 0.8911434 1.230275
v -0.4512233 0.8938311 1.169705
v -0.417147 1.076915 1.197478
v -0.4056602 0.9983958 1.161802
v -0.4286017 0.9983958 1.161802
v -0.417147 0.959776 1.176232
v -0.3861424 0.8918154 1.143916
v -0.4512233 0.8938311 1.169705
v -0.4286017 0.9983958 1.161802
v -0.463158 0.9886369 0.9815656
v -0.417147 1.075699 1.086578
v -0.4592865 0.941698 1.065557
v -0.3861424 0.8918154 1.143916
v -0.3973091 0.8068006 1.060693
v -0.3973091 0.8344456 1.163978
v -0.4369848 0.8068006 1.060693
v -0.4512233 0.8938311 1.169705
v -0.4369848 0.8344456 1.163978
v -0.4500715 0.8977028 1.021145
v -0.4592865 0.941698 1.065557
v -0.463158 0.9886369 0.9815656
v -0.4286017 0.9983958 1.161802
v -0.4286017 0.9983958 1.161802
v -0.417147 1.075699 1.086578
v -0.417147 1.076915 1.197478
v -0.3849265 0.8977028 1.021145
v -0.3861424 0.8918154 1.143916
v -0.3725758 0.9886369 0.9815656
v -0.3973091 0.8068006 1.060693
v -0.4266499 0.8687139 1.109744
v -0.4215945 1.043703 0.8076966
v -0.408348 1.010298 0.9724467
v -0.408348 0.8687139 1.109744
v -0.408348 1.151915 0.8351176
v -0.4266499 1.151915 0.8351176
v -0.4101397 1.308762 0.6361632
v -0.4233863 1.245025 0.6608005
v -0.4174989 0.8029611 0.9208683
v -0.4174989 1.50874 0.3737277
v -0.408348 1.010298 0.9724467
v -0.4159311 1.059989 0.7253054
v -0.4174989 0.9384984 0.8421568
v -0.408348 0.8687139 1.109744
v -0.4174989 0.8029611 0.9208683
v -0.4159311 1.059989 0.7253054
v -0.408348 1.151915 0.8351176
v -0.4119636 1.245697 0.6515535
v -0.4159311 1.059989 0.7253054
v -0.4101397 1.308762 0.6361632
v -0.4149712 1.334359 0.5038576
v -0.4174989 1.50874 0.3737277
v -0.4174989 1.376659 0.4238663
v -0.4174989 0.9384984 0.8421568
v -0.4215945 1.043703 0.8076966
v -0.4266499 0.8687139 1.109744
v -0.4174989 0.8029611 0.9208683
v -0.4159311 1.059989 0.7253054
v -0.4101397 1.308762 0.6361632
v -0.4149712 1.334359 0.5038576
v -0.4119316 1.367348 0.555436
v -0.4200267 1.334327 0.5038576
v -0.4174989 1.376659 0.4238663
v -0.4174989 1.50874 0.3737277
v -0.4233863 1.245025 0.6608005
v -0.4215945 1.043703 0.8076966
v -0.4266499 1.151915 0.8351176
v -0.4159311 1.059989 0.7253054
v -0.4119636 1.245697 0.6515535
v -0.4233863 1.245025 0.6608005
v -0.4215945 1.043703 0.8076966
v -0.4233863 1.245025 0.6608005
v -0.4119636 1.245697 0.6515535
v -0.4149712 1.334359 0.5038576
v -0.4200267 1.334327 0.5038576
v -0.4174989 1.376659 0.4238663
v -0.4101397 1.308762 0.6361632
v -0.4149712 1.334359 0.5038576
v -0.4119636 1.245697 0.6515535
v -0.4149712 1.334359 0.5038576
v -0.4101397 1.308762 0.6361632
v -0.4119316 1.367348 0.555436
v 0.4038518 0.6291879 0.931555
v 0.4038518 0.7134027 0.8556594
v 0.4244576 0.7134027 0.8556594
v 0.4244576 0.6291879 0.931555
v 0.4038518 0.7629654 0.7683408
v 0.4244576 0.7629654 0.7683408
v 0.4224098 0.7920502 0.7038038
v 0.4058676 0.7920502 0.7038038
v 0.4080113 0.8159516 0.6323876
v 0.420266 0.8159516 0.6323876
v 0.4135787 0.8100322 0.5687466
v 0.4189541 0.8378053 0.5531642
v 0.4038518 0.7629654 0.7683408
v 0.4135787 0.8100322 0.5687466
v 0.4058676 0.7920502 0.7038038
v 0.4038518 0.7134027 0.8556594
v 0.4038518 0.6291879 0.931555
v 0.4080113 0.8159516 0.6323876
v 0.4224098 0.7920502 0.7038038
v 0.4135787 0.8100322 0.5687466
v 0.4244576 0.6546571 0.7604057
v 0.4244576 0.7629654 0.7683408
v 0.4244576 0.6291879 0.931555
v 0.4244576 0.7134027 0.8556594
v 0.4038518 0.6291879 0.931555
v 0.4244576 0.6291879 0.931555
v 0.4244576 0.6546571 0.7604057
v 0.4135787 0.8100322 0.5687466
v 0.4135787 0.8100322 0.5687466
v 0.420266 0.8159516 0.6323876
v 0.4189541 0.8378053 0.5531642
v 0.4135787 0.8100322 0.5687466
v 0.4224098 0.7920502 0.7038038
v 0.420266 0.8159516 0.6323876
vt 0.01310586 0.4883843
vt 0.1111633 0.5023925
vt 0.01110469 0.4653708
vt 0.01310586 0.5164007
vt 0.01110469 0.5394142
vt 0.2207275 0.516901
vt 0.1181674 0.5033931
vt 0.2207275 0.4893849
vt 0.8811143 0.2502448
vt 0.8811143 0.2132231
vt 0.9171354 0.1767017
vt 0.9101313 0.2502448
vt 0.9311436 0.206219
vt 0.9701665 0.1696976
vt 0.9706668 0.1411809
vt 0.3728166 0.615959
vt 0.3658125 0.5429162
vt 0.4023339 0.5789373
vt 0.4023339 0.615959
vt 0.3518043 0.5719332
vt 0.3127814 0.5354118
vt 0.3122811 0.5068951
vt 0.1171668 0.4633696
vt 0.1431821 0.4753767
vt 0.1171668 0.4873837
vt 0.6539813 0.5309092
vt 0.6309678 0.5309092
vt 0.6309678 0.5028928
vt 0.6539813 0.5028928
vt 0.6950053 0.5309092
vt 0.6950053 0.5028928
vt 0.7390311 0.5309092
vt 0.7390311 0.5028928
vt 0.7445343 0.4458594
vt 0.6809971 0.4458594
vt 0.6809971 0.4738758
vt 0.7445343 0.4738758
vt 0.7705495 0.4598676
vt 0.6014505 0.4738758
vt 0.6014505 0.4458594
vt 0.5754353 0.4458594
vt 0.5684311 0.4628693
vt 0.5754353 0.4738758
vt 0.3828225 0.5013919
vt 0.4278488 0.5439168
vt 0.3918277 0.4683726
vt 0.3828225 0.4658711
vt 0.4343526 0.5008916
vt 0.479379 0.5969478
vt 0.4723749 0.6219625
vt 0.479379 0.6104558
vt 0.4953884 0.5449174
vt 0.5088963 0.5964476
vt 0.5088963 0.5599262
vt 0.5008916 0.6219625
vt 0.5008916 0.6104558
vt 0.4443585 0.4538641
vt 0.4533638 0.4563655
vt 0.4443585 0.4893849
vt 0.4893849 0.5319098
vt 0.496389 0.4888846
vt 0.540915 0.5849409
vt 0.5569244 0.5329103
vt 0.5704323 0.5479192
vt 0.5704323 0.5844405
vt 0.5339109 0.6099555
vt 0.540915 0.5984488
vt 0.562928 0.6099555
vt 0.562928 0.5984488
vt 0.8631038 0.5504206
vt 0.8881184 0.5669303
vt 0.8816146 0.5504206
vt 0.8816146 0.578437
vt 0.8631038 0.578437
vt 0.8530979 0.5504206
vt 0.8530979 0.578437
vt 0.8255818 0.5644288
vt 0.7545402 0.5349115
vt 0.7545402 0.5434165
vt 0.769549 0.5434165
vt 0.769549 0.5349115
vt 0.7910616 0.5434165
vt 0.7910616 0.5349115
vt 0.01310586 0.4883843
vt 0.01110469 0.4653708
vt 0.1111633 0.5023925
vt 0.01310586 0.5164007
vt 0.01110469 0.5394142
vt 0.2207275 0.516901
vt 0.2207275 0.4893849
vt 0.1181674 0.5033931
vt 0.9171354 0.1767017
vt 0.8811143 0.2132231
vt 0.8811143 0.2502448
vt 0.9101313 0.2502448
vt 0.9311436 0.206219
vt 0.9706668 0.1411809
vt 0.9701665 0.1696976
vt 0.4023339 0.615959
vt 0.4023339 0.5789373
vt 0.3658125 0.5429162
vt 0.3728166 0.615959
vt 0.3518043 0.5719332
vt 0.3127814 0.5354118
vt 0.3122811 0.5068951
vt 0.1171668 0.4633696
vt 0.1171668 0.4873837
vt 0.1431821 0.4753767
vt 0.6309678 0.5309092
vt 0.6539813 0.5309092
vt 0.6539813 0.5028928
vt 0.6309678 0.5028928
vt 0.6950053 0.5028928
vt 0.6950053 0.5309092
vt 0.7390311 0.5028928
vt 0.7390311 0.5309092
vt 0.6809971 0.4738758
vt 0.6809971 0.4458594
vt 0.7445343 0.4458594
vt 0.7445343 0.4738758
vt 0.7705495 0.4598676
vt 0.6014505 0.4458594
vt 0.6014505 0.4738758
vt 0.5754353 0.4458594
vt 0.5684311 0.4628693
vt 0.5754353 0.4738758
vt 0.3828225 0.5013919
vt 0.3918277 0.4683726
vt 0.4278488 0.5439168
vt 0.3828225 0.4658711
vt 0.4343526 0.5008916
vt 0.4723749 0.6219625
vt 0.479379 0.5969478
vt 0.479379 0.6104558
vt 0.4953884 0.5449174
vt 0.5088963 0.5964476
vt 0.5088963 0.5599262
vt 0.5008916 0.6219625
vt 0.5008916 0.6104558
vt 0.4443585 0.4538641
vt 0.4443585 0.4893849
vt 0.4533638 0.4563655
vt 0.4893849 0.5319098
vt 0.496389 0.4888846
vt 0.5339109 0.6099555
vt 0.540915 0.5849409
vt 0.5569244 0.5329103
vt 0.540915 0.5984488
vt 0.562928 0.5984488
vt 0.562928 0.6099555
vt 0.5569244 0.5329103
vt 0.5704323 0.5844405
vt 0.5704323 0.5479192
vt 0.5704323 0.5844405
vt 0.5569244 0.5329103
vt 0.540915 0.5849409
vt 0.8881184 0.5669303
vt 0.8631038 0.5504206
vt 0.8816146 0.5504206
vt 0.8816146 0.578437
vt 0.8631038 0.578437
vt 0.8530979 0.5504206
vt 0.8530979 0.578437
vt 0.8255818 0.5644288
vt 0.7545402 0.5434165
vt 0.7545402 0.5349115
vt 0.769549 0.5349115
vt 0.769549 0.5434165
vt 0.7910616 0.5349115
vt 0.7910616 0.5434165
vt 0.95916 0.5128986
vt 0.9376475 0.5128986
vt 0.9486539 0.4813802
vt 0.9631624 0.6009502
vt 0.9336451 0.6009502
vt 0.9631624 0.7315267
vt 0.9336451 0.7315267
vt 0.9851753 0.8025683
vt 0.9841747 0.8510967
vt 0.95916 0.8510967
vt 0.9586598 0.8025683
vt 0.9716674 0.9421501
vt 0.2467427 0.4918863
vt 0.2712571 0.5484194
vt 0.2212278 0.5259063
vt 0.2862659 0.4508623
vt 0.2627521 0.4573661
vt 0.235236 0.5999496
vt 0.1076613 0.5719332
vt 0.03261729 0.5379133
vt 0.01710821 0.5649291
vt 0.5914446 0.1611926
vt 0.6169596 0.1947122
vt 0.5669303 0.2177257
vt 0.5754353 0.1266724
vt 0.5519215 0.1196683
vt 0.6029514 0.2687556
vt 0.7300258 0.2407392
vt 0.8055701 0.2067193
vt 0.8210791 0.2342354
vt 0.95916 0.5128986
vt 0.9486539 0.4813802
vt 0.9376475 0.5128986
vt 0.9336451 0.6009502
vt 0.9631624 0.6009502
vt 0.9631624 0.7315267
vt 0.9336451 0.7315267
vt 0.9851753 0.8025683
vt 0.9586598 0.8025683
vt 0.95916 0.8510967
vt 0.9841747 0.8510967
vt 0.9716674 0.9421501
vt 0.2467427 0.4918863
vt 0.2212278 0.5259063
vt 0.2712571 0.5484194
vt 0.2627521 0.4573661
vt 0.2862659 0.4508623
vt 0.235236 0.5999496
vt 0.1076613 0.5719332
vt 0.03261729 0.5379133
vt 0.01710821 0.5649291
vt 0.5914446 0.1611926
vt 0.5669303 0.2177257
vt 0.6169596 0.1947122
vt 0.5754353 0.1266724
vt 0.5519215 0.1196683
vt 0.6029514 0.2687556
vt 0.7300258 0.2407392
vt 0.8055701 0.2067193
vt 0.8210791 0.2342354
vt 0.8761114 0.2597504
vt 0.8981243 0.2987732
vt 0.8796135 0.3117808
vt 0.8360879 0.2752594
vt 0.8475947 0.1962131
vt 0.8510967 0.3212864
vt 0.01910938 0.1847064
vt 0.03762022 0.1616929
vt 0.05613106 0.1847064
vt 0.06613693 0.2202272
vt 0.008603224 0.2202272
vt 0.8761114 0.2597504
vt 0.7905613 0.2927697
vt 0.8796135 0.3117808
vt 0.8981243 0.2987732
vt 0.8475947 0.1962131
vt 0.798566 0.3197855
vt 0.6839989 0.3192852
vt 0.1777023 0.1281733
vt 0.177202 0.1231703
vt 0.2807627 0.1266724
vt 0.08714924 0.1261721
vt 0.7725508 0.318785
vt 0.6839989 0.3192852
vt 0.7675478 0.3012747
vt 0.05813224 0.2852653
vt 0.03762022 0.4253474
vt 0.01710821 0.2852653
vt 0.8796135 0.3117808
vt 0.8981243 0.2987732
vt 0.8761114 0.2597504
vt 0.8360879 0.2752594
vt 0.8475947 0.1962131
vt 0.03762022 0.1616929
vt 0.01910938 0.1847064
vt 0.05613106 0.1847064
vt 0.06613693 0.2202272
vt 0.008603224 0.2202272
vt 0.7905613 0.2927697
vt 0.8761114 0.2597504
vt 0.8981243 0.2987732
vt 0.8796135 0.3117808
vt 0.8475947 0.1962131
vt 0.798566 0.3197855
vt 0.6839989 0.3192852
vt 0.1777023 0.1281733
vt 0.2807627 0.1266724
vt 0.177202 0.1231703
vt 0.08714924 0.1261721
vt 0.3788201 0.4268482
vt 0.3267896 0.4098383
vt 0.3282905 0.4353532
vt 0.7725508 0.318785
vt 0.7675478 0.3012747
vt 0.6839989 0.3192852
vt 0.05813224 0.2852653
vt 0.01710821 0.2852653
vt 0.03762022 0.4253474
vt 0.9221384 0.7940633
vt 0.9281419 0.8520973
vt 0.9171354 0.8525977
vt 0.9141337 0.7940633
vt 0.901126 0.8520973
vt 0.9016263 0.7935631
vt 0.9291425 0.7935631
vt 0.935146 0.851597
vt 0.9186363 0.6769947
vt 0.9071296 0.6769947
vt 0.9171354 0.8525977
vt 0.9141337 0.7940633
vt 0.9221384 0.7940633
vt 0.9281419 0.8520973
vt 0.9016263 0.7935631
vt 0.901126 0.8520973
vt 0.935146 0.851597
vt 0.9291425 0.7935631
vt 0.9186363 0.6769947
vt 0.9071296 0.6769947
vt 0.9156346 0.8525977
vt 0.926641 0.8520973
vt 0.923139 0.7940633
vt 0.9151343 0.7940633
vt 0.9046281 0.8525977
vt 0.9071296 0.7935631
vt 1.0272 0.7605437
vt 0.9101313 0.6769947
vt 0.9291425 0.7935631
vt 0.923139 0.7940633
vt 0.926641 0.8520973
vt 0.9131331 0.8520973
vt 0.9291425 0.7935631
vt 0.3407978 0.9371471
vt 0.3518043 0.8751108
vt 0.3448002 0.868607
vt 0.3217867 0.8846164
vt 0.4303503 0.9371471
vt 0.4188436 0.8751108
vt 0.4493614 0.8846164
vt 0.4263479 0.868607
vt 0.3678137 0.8666058
vt 0.4033345 0.8666058
vt 0.4783784 0.9741688
vt 0.479379 0.9381477
vt 0.4338523 0.9381477
vt 0.4328518 0.9871765
vt 0.3558066 0.9381477
vt 0.3563069 0.9871765
vt 0.31028 0.9381477
vt 0.3107803 0.9741688
vt 0.09115158 0.7500376
vt 0.136178 0.7500376
vt 0.1391797 0.699508
vt 0.08814982 0.699508
vt 0.0106044 0.9861759
vt 0.0466255 0.9921794
vt 0.0466255 0.8005672
vt 0.0106044 0.8005672
vt 0.1026583 0.8355877
vt 0.08664894 0.8666058
vt 0.131175 0.8816146
vt 0.2452419 0.8816146
vt 0.2927697 0.8530979
vt 0.2882671 0.8355877
vt 0.1952125 0.9856756
vt 0.3047767 0.9856756
vt 0.3047767 0.8961231
vt 0.1952125 0.8961231
vt 0.1471844 0.9031273
vt 0.1471844 0.9786715
vt 0.04862667 0.9906785
vt 0.08464777 0.9851753
vt 0.08464777 0.8005672
vt 0.04862667 0.8005672
vt 0.2707568 0.7960645
vt 0.2662542 0.8135748
vt 0.3142823 0.8420915
vt 0.4568658 0.7960645
vt 0.4278488 0.8420915
vt 0.4728752 0.8270827
vt 0.006602052 0.7430335
vt 0.05613106 0.752539
vt 0.05913283 0.7000082
vt 0.0101041 0.6965062
vt 0.02111055 0.7595431
vt 0.206219 0.7595431
vt 0.2207275 0.7430335
vt 0.2172254 0.6965062
vt 0.1681967 0.7000082
vt 0.1711985 0.752539
vt 0.9091308 0.7940633
vt 0.901126 0.7935631
vt 0.9016263 0.8525977
vt 0.9241396 0.8525977
vt 0.9071296 0.7935631
vt 0.8906199 0.851597
vt 0.9131331 0.8520973
vt 0.9251401 0.7935631
vt 1.0272 0.7605437
vt 0.9101313 0.6769947
vt 0.9071296 0.7935631
vt 0.901126 0.7935631
vt 0.926641 0.8520973
vt 0.923139 0.7940633
vt 0.9151343 0.7940633
vt 0.9156346 0.8525977
vt 0.9071296 0.7940633
vt 0.9046281 0.8525977
vt 0.8936217 0.8520973
vt 0.9071296 0.7935631
vt 1.0272 0.7605437
vt 0.9291425 0.7935631
vt 0.9131331 0.8520973
vt 0.9291425 0.7935631
vt 0.923139 0.7940633
vt 0.926641 0.8520973
vt 0.9151343 0.7940633
vt 0.9156346 0.8525977
vt 0.926641 0.8520973
vt 0.923139 0.7940633
vt 0.9046281 0.8525977
vt 0.9071296 0.7940633
vt 0.9071296 0.7935631
vt 0.8936217 0.8520973
vt 0.9216381 0.7205203
vt 0.9151343 0.7210205
vt 0.9086304 0.7210205
vt 0.9021267 0.7205203
vt 0.9291425 0.7935631
vt 0.926641 0.7205203
vt 0.926641 0.8520973
vt 0.9131331 0.8520973
vt 0.9291425 0.7935631
vt 0.923139 0.7940633
vt 0.9151343 0.7210205
vt 0.9216381 0.7205203
vt 1.0272 0.7605437
vt 0.9086304 0.7210205
vt 0.9021267 0.7205203
vt 0.926641 0.7205203
vt 0.3448002 0.868607
vt 0.3518043 0.8751108
vt 0.3407978 0.9371471
vt 0.3217867 0.8846164
vt 0.4188436 0.8751108
vt 0.4303503 0.9371471
vt 0.4263479 0.868607
vt 0.4493614 0.8846164
vt 0.3678137 0.8666058
vt 0.4033345 0.8666058
vt 0.136178 0.7500376
vt 0.09115158 0.7500376
vt 0.08814982 0.699508
vt 0.1391797 0.699508
vt 0.6404734 0.9466527
vt 0.7720504 0.9746692
vt 0.6359707 0.9831741
vt 0.6349701 0.9831741
vt 0.7760528 0.9831741
vt 0.7740516 0.9466527
vt 0.5674306 0.4413567
vt 0.5424159 0.4153415
vt 0.624464 0.4413567
vt 0.5414153 0.4138406
vt 0.6719918 0.41284
vt 0.5344113 0.3958301
vt 0.6679895 0.3958301
vt 0.05613106 0.752539
vt 0.006602052 0.7430335
vt 0.0101041 0.6965062
vt 0.05913283 0.7000082
vt 0.02111055 0.7595431
vt 0.1681967 0.7000082
vt 0.2172254 0.6965062
vt 0.2207275 0.7430335
vt 0.206219 0.7595431
vt 0.1711985 0.752539
vt 0.516901 0.9926797
vt 0.5013919 0.9441513
vt 0.516901 0.9311436
vt 0.4808799 0.9521559
vt 0.4808799 0.9981829
vt 0.8205789 0.8010674
vt 0.7995666 0.7570416
vt 0.8550991 0.7570416
vt 0.8550991 0.8470944
vt 0.8220798 0.8470944
vt 0.7415326 0.8075712
vt 0.815576 0.8430921
vt 0.7845578 0.8530979
vt 0.7370299 0.8245812
vt 0.8030686 0.8075712
vt 0.819078 0.8530979
vt 0.2087204 0.3468013
vt 0.209721 0.351304
vt 0.2152243 0.3468013
vt 0.2417398 0.3473016
vt 0.2092207 0.3678137
vt 0.2162248 0.3758183
vt 0.2612512 0.347802
vt 0.2172254 0.3763186
vt 0.2317339 0.3873251
vt 0.2592501 0.3878254
vt 0.3077785 0.3608096
vt 0.31028 0.3488025
vt 0.3037761 0.3698148
vt 0.2822635 0.388826
vt 0.2872665 0.3848236
vt 0.4918863 0.7890604
vt 0.4688729 0.8015677
vt 0.487884 0.8716087
vt 0.5103971 0.7890604
vt 0.5794376 0.8716087
vt 0.5569244 0.7890604
vt 0.5984488 0.8015677
vt 0.5754353 0.7890604
vt 0.487884 0.9086304
vt 0.5279074 0.9366469
vt 0.5794376 0.9466527
vt 0.5689315 0.9866762
vt 0.5894434 0.9831741
vt 0.8365883 0.9461524
vt 0.8390897 0.9856756
vt 0.8751108 0.9856756
vt 0.8776123 0.9461524
vt 0.9321442 0.897624
vt 0.8320856 0.9161348
vt 0.8646047 0.9421501
vt 0.9341454 0.914634
vt 0.8265824 0.9421501
vt 0.6469772 0.8966234
vt 0.7450346 0.8966234
vt 0.7495372 0.8596017
vt 0.6469772 0.8596017
vt 0.7755525 0.7555408
vt 0.7500376 0.7555408
vt 0.7510381 0.7925625
vt 0.7765531 0.8055701
vt 0.7975654 0.8055701
vt 0.7970651 0.7555408
vt 0.752539 0.8586012
vt 0.7570416 0.8956228
vt 0.9196369 0.8956228
vt 0.9196369 0.8586012
vt 0.7565414 0.9166352
vt 0.7450346 0.8986246
vt 0.7270241 0.9431507
vt 0.5824394 0.8986246
vt 0.5804382 0.9156346
vt 0.6499789 0.9431507
vt 0.9001254 0.9461524
vt 0.9016263 0.9881771
vt 0.938648 0.9806727
vt 0.9376475 0.943651
vt 0.9276416 0.9936803
vt 0.8140751 0.9461524
vt 0.7765531 0.943651
vt 0.7755525 0.9806727
vt 0.8125742 0.9881771
vt 0.7865589 0.9936803
vt 0.1046595 0.07214045
vt 0.1571903 0.05813224
vt 0.07864425 0.0176085
vt 0.05613106 0.0176085
vt 0.1661955 0.0176085
vt 0.05663136 0.05813224
vt 0.1431821 0.07414161
vt 0.1206689 0.4333521
vt 0.1166665 0.4053356
vt 0.189209 0.3618101
vt 0.1947122 0.4293497
vt 0.07864425 0.4738758
vt 0.2007158 0.3503034
vt 0.2297328 0.3938289
vt 0.2842647 0.421345
vt 0.0681381 0.3312923
vt 0.1351774 0.3362952
vt 0.09165187 0.4088377
vt 0.06363546 0.4053356
vt 0.1466841 0.3252887
vt 0.1031586 0.2962717
vt 0.07614279 0.2417398
vt 0.02311172 0.44686
vt 0.1531879 0.5814388
vt 0.1531879 0.6049526
vt 0.08114572 0.5959473
vt 0.08114572 0.5909443
vt 0.03061612 0.5934458
vt 0.972668 0.2497445
vt 0.9986832 0.2497445
vt 0.9941806 0.3287908
vt 0.9766703 0.3287908
vt 0.9856756 0.3843233
vt 0.6444757 0.02111055
vt 0.6444757 0.0031
vt 0.6865003 0.0031
vt 0.6865003 0.02111055
vt 0.5834399 0.0031
vt 0.5834399 0.02111055
vt 0.5359121 0.02111055
vt 0.5359121 0.0031
vt 0.5174013 0.02111055
vt 0.5174013 0.0031
vt 0.4273485 0.0031
vt 0.4273485 0.02111055
vt 0.3863245 0.005601466
vt 0.3863245 0.01860909
vt 0.7060118 0.02411231
vt 0.6940047 0.02161084
vt 0.6940047 0.007102345
vt 0.7060118 0.004100586
vt 0.8330862 0.02411231
vt 0.8330862 0.004100586
vt 0.9516557 0.004100586
vt 0.9516557 0.02411231
vt 0.9821736 0.02411231
vt 0.9821736 0.004100586
vt 0.1146654 0.1752008
vt 0.1521873 0.1486853
vt 0.151687 0.2157246
vt 0.05262902 0.1416812
vt 0.03511876 0.1091621
vt 0.1656953 0.2272313
vt 0.2562483 0.1827052
vt 0.281263 0.1506865
vt 0.007602638 0.1251715
vt 0.2937703 0.1531879
vt 0.2422401 0.2892677
vt 0.2422401 0.2222284
vt 0.2792618 0.2492442
vt 0.3593087 0.1832055
vt 0.3412981 0.2152243
vt 0.2287322 0.3007744
vt 0.1376788 0.2562483
vt 0.1131645 0.2247298
vt 0.3868248 0.1992149
vt 0.1001569 0.2272313
vt 0.007602638 0.1356777
vt 0.007602638 0.2202272
vt 0.0031 0.2202272
vt 0.0031 0.1356777
vt 0.007602638 0.3768189
vt 0.003600293 0.3768189
vt 0.005601466 0.05012755
vt 0.005601466 0.554423
vt 0.5864417 0.1181674
vt 0.6079543 0.04862667
vt 0.7245226 0.03261729
vt 0.6839989 0.1236706
vt 0.5334107 0.02611348
vt 0.4888846 0.1131645
vt 0.7220212 0.1211692
vt 0.7605437 0.04512462
vt 0.6079543 0.04862667
vt 0.5864417 0.1181674
vt 0.4888846 0.1131645
vt 0.5334107 0.02611348
vt 0.9711671 0.09765539
vt 0.8090721 0.1136648
vt 0.8255818 0.04912696
vt 0.9711671 0.09765539
vt 0.8550991 0.04112227
vt 0.8581008 0.1076613
vt 0.189209 0.3618101
vt 0.1166665 0.4053356
vt 0.1206689 0.4333521
vt 0.1947122 0.4293497
vt 0.07864425 0.4738758
vt 0.2007158 0.3503034
vt 0.2297328 0.3938289
vt 0.2842647 0.421345
vt 0.09165187 0.4088377
vt 0.1351774 0.3362952
vt 0.0681381 0.3312923
vt 0.06363546 0.4053356
vt 0.1466841 0.3252887
vt 0.1156659 0.3127814
vt 0.09115158 0.2792618
vt 0.07614279 0.2417398
vt 0.02311172 0.44686
vt 0.1531879 0.6049526
vt 0.1531879 0.5814388
vt 0.08114572 0.5909443
vt 0.08114572 0.5959473
vt 0.04262315 0.5924453
vt 0.02411231 0.5934458
vt 0.9766703 0.3287908
vt 0.9941806 0.3287908
vt 0.9986832 0.2497445
vt 0.972668 0.2497445
vt 0.9856756 0.3843233
vt 0.6865003 0.02111055
vt 0.6865003 0.0031
vt 0.6444757 0.0031
vt 0.6444757 0.02111055
vt 0.5834399 0.02111055
vt 0.5834399 0.0031
vt 0.5359121 0.02111055
vt 0.5359121 0.0031
vt 0.5174013 0.0031
vt 0.5174013 0.02111055
vt 0.4273485 0.0031
vt 0.4273485 0.02111055
vt 0.3863245 0.01860909
vt 0.3863245 0.005601466
vt 0.6940047 0.007102345
vt 0.6940047 0.02161084
vt 0.7060118 0.02411231
vt 0.7060118 0.004100586
vt 0.8330862 0.004100586
vt 0.8330862 0.02411231
vt 0.9516557 0.004100586
vt 0.9516557 0.02411231
vt 0.9821736 0.02411231
vt 0.9821736 0.004100586
vt 0.1521873 0.1486853
vt 0.1146654 0.1752008
vt 0.151687 0.2157246
vt 0.05262902 0.1416812
vt 0.03511876 0.1091621
vt 0.1656953 0.2272313
vt 0.2562483 0.1827052
vt 0.281263 0.1506865
vt 0.007602638 0.1251715
vt 0.2937703 0.1531879
vt 0.2422401 0.2892677
vt 0.2792618 0.2492442
vt 0.2422401 0.2222284
vt 0.2287322 0.3007744
vt 0.1376788 0.2562483
vt 0.1131645 0.2247298
vt 0.1001569 0.2272313
vt 0.8145754 0.2107216
vt 0.8766117 0.177202
vt 0.8946223 0.1446829
vt 0.8170768 0.1747005
vt 0.9221384 0.1606923
vt 0.3733169 0.3397973
vt 0.318785 0.3493028
vt 0.318785 0.3493028
vt 0.4248471 0.4013333
vt 0.41284 0.3568072
vt 0.4173427 0.3292911
vt 0.3983316 0.4408565
vt 0.4523632 0.3743175
vt 0.4608682 0.3182847
vt 0.1591914 0.006101758
vt 0.1591914 0.01460674
vt 0.1166665 0.01510703
vt 0.1166665 0.005601466
vt 0.07414161 0.005101172
vt 0.07414161 0.01560733
vt 0.4763772 0.3533052
vt 0.4923866 0.368314
vt 0.5088963 0.3603093
vt 0.5259063 0.3823222
vt 0.5354118 0.3713157
vt 0.5549232 0.3563069
vt 0.5329103 0.3848236
vt 0.4848822 0.3593087
vt 0.5093966 0.3498031
vt 0.5549232 0.3563069
vt 0.5354118 0.3713157
vt 0.5259063 0.3823222
vt 0.4923866 0.368314
vt 0.5329103 0.3848236
vt 0.3302917 0.1426818
vt 0.2797621 0.1446829
vt 0.2792618 0.1371785
vt 0.2677551 0.1416812
vt 0.2167251 0.136178
vt 0.2167251 0.1496859
vt 0.318785 0.3493028
vt 0.4143409 0.409338
vt 0.3733169 0.3397973
vt 0.3983316 0.4408565
vt 0.41284 0.3568072
vt 0.4888846 0.3112805
vt 0.4643702 0.3087791
vt 0.5454177 0.347802
vt 0.5704323 0.3002741
vt 0.5078957 0.2327345
vt 0.4583667 0.3177844
vt 0.4538641 0.2987732
vt 0.6309678 0.3227873
vt 0.581939 0.2782612
vt 0.6264651 0.3037761
vt 0.1591914 0.006101758
vt 0.2167251 0.01510703
vt 0.1591914 0.01460674
vt 0.2167251 0.01510703
vt 0.1591914 0.006101758
vt 0.2167251 0.005601466
vt 0.8090721 0.1611926
vt 0.8090721 0.1221698
vt 0.7430335 0.1356777
vt 0.7430335 0.1471844
vt 0.8400903 0.1221698
vt 0.8400903 0.1611926
vt 0.7300258 0.1416812
vt 0.9186363 0.305277
vt 0.8450933 0.3252887
vt 0.8571002 0.3493028
vt 0.9106316 0.3448002
vt 0.7875595 0.368314
vt 0.7915618 0.3337937
vt 0.7275243 0.3387967
vt 0.732027 0.4003327
vt 0.6834986 0.4058359
vt 0.70301 0.4403562
vt 0.6880012 0.3563069
vt 0.8450933 0.3252887
vt 0.9186363 0.305277
vt 0.9106316 0.3448002
vt 0.8571002 0.3493028
vt 0.7875595 0.368314
vt 0.7915618 0.3337937
vt 0.7275243 0.3387967
vt 0.732027 0.4003327
vt 0.3442999 0.007602638
vt 0.2717574 0.006602052
vt 0.2717574 0.01410645
vt 0.3442999 0.01310586
vt 0.2202272 0.01510703
vt 0.2202272 0.005601466
vt 0.1591914 0.01460674
vt 0.1591914 0.006101758
vt 0.1166665 0.005601466
vt 0.1166665 0.01510703
vt 0.3828225 0.0106044
vt 0.07414161 0.01560733
vt 0.07414161 0.005101172
vt 0.865105 0.3908271
vt 0.9156346 0.3908271
vt 0.9156346 0.3798207
vt 0.865105 0.3798207
vt 0.8340868 0.3908271
vt 0.8340868 0.3798207
vt 0.8210791 0.3908271
vt 0.8210791 0.3798207
vt 0.8045695 0.3853239
vt 0.9441513 0.4048353
vt 0.9671648 0.4063362
vt 0.9661642 0.3833227
vt 0.9426504 0.3843233
vt 0.9821736 0.4083374
vt 0.9801723 0.3903269
vt 0.972668 0.3493028
vt 0.9411495 0.3528049
vt 0.9426504 0.3843233
vt 0.9661642 0.3833227
vt 0.9671648 0.4063362
vt 0.9441513 0.4048353
vt 0.9821736 0.4083374
vt 0.9801723 0.3903269
vt 0.9731683 0.3493028
vt 0.9411495 0.3528049
vt 0.9051284 0.3558066
vt 0.918136 0.3843233
vt 0.9426504 0.3843233
vt 0.9051284 0.3558066
vt 0.918136 0.3843233
vt 0.9051284 0.3558066
vt 0.9426504 0.3843233
vt 0.9411495 0.3528049
vt 0.3302917 0.1426818
vt 0.2792618 0.1371785
vt 0.2797621 0.1446829
vt 0.2677551 0.1416812
vt 0.2167251 0.136178
vt 0.2167251 0.1496859
vt 0.4393556 0.4328518
vt 0.4903855 0.3713157
vt 0.5033931 0.4228459
vt 0.4508623 0.388826
vt 0.6880012 0.3563069
vt 0.639973 0.3177844
vt 0.6269655 0.3538055
vt 0.639973 0.3177844
vt 0.648478 0.3738172
vt 0.6269655 0.3538055
vt 0.6839989 0.3282905
vt 0.6880012 0.3563069
vt 0.7275243 0.3387967
vt 0.6839989 0.4058359
vt 0.6839989 0.4058359
vt 0.732027 0.4003327
vt 0.70301 0.4403562
vt 0.5174013 0.3042764
vt 0.5454177 0.347802
vt 0.4643702 0.3087791
vt 0.5704323 0.3002741
vt 0.0031 0.1356777
vt 0.0031 0.2202272
vt 0.007602638 0.2202272
vt 0.007602638 0.1356777
vt 0.007602638 0.3042764
vt 0.0031 0.3042764
vt 0.007102345 0.41284
vt 0.003600293 0.41284
vt 0.005601466 0.05012755
vt 0.005601466 0.554423
vt 0.3878254 0.1166665
vt 0.2992735 0.03812052
vt 0.3668131 0.04762609
vt 0.4858828 0.1116636
vt 0.4413567 0.0246126
vt 0.2902682 0.04962726
vt 0.2902682 0.1221698
vt 0.1927111 0.09415334
vt 0.2667544 0.06513634
vt 0.1656953 0.1121639
vt 0.1096624 0.07664308
vt 0.0031 0.09615451
vt 0.06663722 0.06563663
vt 0.3668131 0.04762609
vt 0.3177844 0.07364132
vt 0.4858828 0.1116636
vt 0.4413567 0.0246126
vt 0.2992735 0.03812052
vt 0.1656953 0.1121639
vt 0.1096624 0.07664308
vt 0.1166665 0.1061604
vt 0.1096624 0.07664308
vt 0.06663722 0.06563663
vt 0.0031 0.09615451
vt 0.1962131 0.0971551
vt 0.3177844 0.07364132
vt 0.2902682 0.1221698
vt 0.7055115 0.1416812
vt 0.6599848 0.1421815
vt 0.6684898 0.1406806
vt 0.7055115 0.1411809
vt 0.6514798 0.1406806
vt 0.6599848 0.1421815
vt 0.6209619 0.1416812
vt 0.6209619 0.1411809
vt 0.6009502 0.1416812
vt 0.1656953 0.1121639
vt 0.1096624 0.07664308
vt 0.1927111 0.09415334
vt 0.1096624 0.07664308
vt 0.1656953 0.1121639
vt 0.1166665 0.1061604
vt 0.1721991 0.01910938
vt 0.2207275 0.01910938
vt 0.2207275 0.02811465
vt 0.1721991 0.02811465
vt 0.2637527 0.01910938
vt 0.2637527 0.02811465
vt 0.2942706 0.02711407
vt 0.2942706 0.01960967
vt 0.3262893 0.02061026
vt 0.3262893 0.02611348
vt 0.3613099 0.02111055
vt 0.3613099 0.02561319
vt 0.334294 0.3282905
vt 0.4303503 0.2997738
vt 0.3688143 0.3252887
vt 0.284765 0.3282905
vt 0.2317339 0.3107803
vt 0.4053356 0.3182847
vt 0.3688143 0.3252887
vt 0.4303503 0.2997738
vt 0.31028 0.2797621
vt 0.334294 0.3282905
vt 0.2317339 0.3107803
vt 0.284765 0.3282905
vt 0.8896193 0.04162257
vt 0.8896193 0.03261729
vt 0.9636627 0.03261729
vt 0.9736686 0.0391211
vt 0.4303503 0.2997738
vt 0.4053356 0.3182847
vt 0.4303503 0.2997738
vt 0.4303503 0.2997738
vt 0.3688143 0.3252887
vt 0.4053356 0.3182847
vn -0.2239944 0.9059339 0.3593194
vn -0.2004791 -0.2463087 0.94823
vn -0.9843177 -0.1679249 -0.0540367
vn 0.9282483 -0.06602591 0.3660542
vn 0.003318846 -0.9987937 -0.04899082
vn -0.9843177 -0.1679249 -0.0540367
vn -0.2004791 -0.2463087 0.94823
vn 0.003318846 -0.9987937 -0.04899082
vn 0.8733796 0.05938828 0.4834057
vn 0.4971371 0.5923984 -0.6339707
vn 0.43443 0.521853 -0.7341254
vn 0.3168542 -0.7244502 0.6121889
vn 0.5049754 -0.8263493 0.2492923
vn 0.6303896 -0.7636422 0.1394975
vn 0.4030765 0.482661 -0.7775395
vn -0.7648429 0.1848024 0.6171414
vn 0.43443 0.521853 -0.7341254
vn 0.4971371 0.5923984 -0.6339707
vn -0.09858012 0.8745803 0.474754
vn -0.9059339 0.3494085 0.2391601
vn -0.8667419 0.4904994 0.09038176
vn 0.4030765 0.482661 -0.7775395
vn -0.09858012 0.8745803 0.474754
vn 0.4971371 0.5923984 -0.6339707
vn 0.8733796 0.05938828 0.4834057
vn -0.7648429 0.1848024 0.6171414
vn -0.09858012 0.8745803 0.474754
vn 0.8733796 0.05938828 0.4834057
vn 0.3168542 -0.7244502 0.6121889
vn -0.9059339 0.3494085 0.2391601
vn 0.5049754 -0.8263493 0.2492923
vn -0.8667419 0.4904994 0.09038176
vn 0.6303896 -0.7636422 0.1394975
vn -0.9686409 -0.003318846 0.2484426
vn -0.9059339 0.2788631 0.3186208
vn 0.43443 -0.8498644 0.2983305
vn 0.1600865 -0.9596018 0.2313799
vn -0.3258933 -0.3873997 -0.8623891
vn 0.2463087 -0.6930967 0.6774577
vn -0.725651 0.1220953 0.6771435
vn -0.1691257 0.7883581 0.5915133
vn 0.5206522 0.5610449 0.6435448
vn 0.7949957 -0.07386428 0.6021012
vn 0.1600865 -0.9596018 0.2313799
vn 0.43443 -0.8498644 0.2983305
vn 0.2384704 0.2867014 -0.9278654
vn -0.3258933 -0.3873997 -0.8623891
vn 0.4030765 0.4748226 -0.7823508
vn 0.9909554 -0.1208946 0.05824097
vn 0.2463087 -0.6930967 0.6774577
vn 0.8890563 -0.3482078 -0.297204
vn 0.5128139 0.6080751 -0.6060252
vn 0.5598441 0.6629438 0.4970715
vn 0.6225512 0.7413278 -0.2507252
vn 0.7949957 -0.07386428 0.6021012
vn 0.7949957 -0.07386428 -0.6021012
vn -0.3258933 -0.3873997 -0.8623891
vn 0.2384704 0.2867014 -0.9278654
vn -0.9686409 -0.003318846 0.2484426
vn -0.9059339 0.2788631 0.3186208
vn 0.4030765 0.4748226 -0.7823508
vn -0.2945398 0.9529642 0.07145317
vn 0.5128139 0.6080751 -0.6060252
vn 0.6225512 0.7413278 -0.2507252
vn 0.5598441 0.6629438 0.4970715
vn -0.725651 0.1220953 0.6771435
vn -0.4983379 0.8118732 -0.3041732
vn -0.1691257 0.7883581 0.5915133
vn -0.1691257 0.7883581 -0.5915133
vn -0.4983379 0.8118732 -0.3041732
vn 0.5206522 0.5610449 -0.6435448
vn -0.1691257 0.7883581 -0.5915133
vn 0.7949957 -0.07386428 -0.6021012
vn 0.8890563 -0.3482078 -0.297204
vn -0.2945398 0.9529642 0.07145317
vn 0.9909554 -0.1208946 0.05824097
vn 0.5598441 0.6629438 0.4970715
vn 0.7949957 -0.07386428 -0.6021012
vn 0.7949957 -0.07386428 0.6021012
vn 0.5206522 0.5610449 0.6435448
vn 0.5206522 0.5610449 -0.6435448
vn -0.1691257 0.7883581 0.5915133
vn -0.1691257 0.7883581 -0.5915133
vn 0.2227936 0.9059339 0.3600651
vn 0.9831169 -0.1679249 -0.07267968
vn 0.2071168 -0.2463087 0.9468023
vn -0.929449 -0.06602591 0.3629948
vn -0.004519582 -0.9987937 -0.04889461
vn 0.9831169 -0.1679249 -0.07267968
vn -0.004519582 -0.9987937 -0.04889461
vn 0.2071168 -0.2463087 0.9468023
vn -0.4356307 0.521853 -0.7334135
vn -0.4904994 0.5923984 -0.6391201
vn -0.8745803 0.05938828 0.4812301
vn -0.3180549 -0.7244502 0.611566
vn -0.5061762 -0.8263493 0.2468451
vn -0.4042772 0.482661 -0.7769159
vn -0.6315904 -0.7636422 0.1339563
vn 0.09737945 0.8745803 0.4750017
vn -0.4904994 0.5923984 -0.6391201
vn -0.4356307 0.521853 -0.7334135
vn 0.7714806 0.1848024 0.6088233
vn 0.9047331 0.3494085 0.2436631
vn 0.8655412 0.4904994 0.1012368
vn -0.4042772 0.482661 -0.7769159
vn 0.09737945 0.8745803 0.4750017
vn -0.8745803 0.05938828 0.4812301
vn -0.4904994 0.5923984 -0.6391201
vn 0.09737945 0.8745803 0.4750017
vn 0.7714806 0.1848024 0.6088233
vn -0.3180549 -0.7244502 0.611566
vn -0.8745803 0.05938828 0.4812301
vn -0.5061762 -0.8263493 0.2468451
vn 0.9047331 0.3494085 0.2436631
vn -0.6315904 -0.7636422 0.1339563
vn 0.8655412 0.4904994 0.1012368
vn -0.4356307 -0.8498644 0.2965744
vn 0.9047331 0.2788631 0.3220146
vn 0.9752786 -0.003318846 0.2209542
vn -0.1612873 -0.9596018 0.2305444
vn 0.3246926 -0.3873997 -0.862842
vn 0.7244502 0.1220953 0.6784281
vn -0.2475095 -0.6930967 0.67702
vn 0.1679249 0.7883581 0.5918553
vn -0.521853 0.5610449 0.6425714
vn -0.7961965 -0.07386428 0.6005125
vn -0.1612873 -0.9596018 0.2305444
vn -0.2396711 0.2867014 -0.9275559
vn -0.4356307 -0.8498644 0.2965744
vn 0.3246926 -0.3873997 -0.862842
vn -0.4042772 0.4748226 -0.781731
vn -0.2475095 -0.6930967 0.67702
vn -0.992156 -0.1208946 0.03179502
vn -0.890257 -0.3482078 -0.2935878
vn -0.7805197 0.1691257 -0.6018185
vn -0.8275499 -0.2071168 0.521789
vn -0.9608026 -0.2463087 -0.1272417
vn -0.7961965 -0.07386428 0.6005125
vn -0.7961965 -0.07386428 -0.6005125
vn 0.3246926 -0.3873997 -0.862842
vn 0.9752786 -0.003318846 0.2209542
vn -0.2396711 0.2867014 -0.9275559
vn 0.9047331 0.2788631 0.3220146
vn -0.4042772 0.4748226 -0.781731
vn 0.7244502 0.1220953 0.6784281
vn 0.2619855 0.9608026 0.09067549
vn -0.7805197 0.1691257 -0.6018185
vn 0.4971371 0.8118732 -0.3061317
vn 0.1679249 0.7883581 -0.5918553
vn 0.1679249 0.7883581 0.5918553
vn 0.7636422 0.6394287 -0.08933929
vn 0.7636422 0.6394287 -0.08933929
vn 0.7636422 0.6394287 -0.08933929
vn 0.2933391 0.9451257 -0.1438388
vn 0.2933391 0.9451257 -0.1438388
vn 0.2933391 0.9451257 -0.1438388
vn -0.521853 0.5610449 -0.6425714
vn 0.4971371 0.8118732 -0.3061317
vn 0.1679249 0.7883581 -0.5918553
vn -0.7961965 -0.07386428 -0.6005125
vn -0.890257 -0.3482078 -0.2935878
vn 0.2619855 0.9608026 0.09067549
vn -0.992156 -0.1208946 0.03179502
vn -0.8275499 -0.2071168 0.521789
vn -0.7961965 -0.07386428 0.6005125
vn -0.7961965 -0.07386428 -0.6005125
vn -0.521853 0.5610449 -0.6425714
vn -0.521853 0.5610449 0.6425714
vn 0.1679249 0.7883581 -0.5918553
vn 0.1679249 0.7883581 0.5918553
vn 0.9360867 0.1299337 0.3268929
vn -0.02803469 0.9451257 0.3255019
vn 0.2149552 0.2553478 -0.9426515
vn 0.7244502 -0.43443 0.5352032
vn -0.5532066 0.6394287 0.5339413
vn 0.3168542 -0.638228 0.7016184
vn -0.6864591 0.2004791 0.6989865
vn 0.3168542 -0.638228 0.7016184
vn 0.1600865 -0.9674402 0.1960404
vn -0.9764793 -0.01115721 0.2153223
vn -0.6864591 0.2004791 0.6989865
vn 0.1365713 0.1612873 -0.9774122
vn 0.4892987 0.58456 -0.6472065
vn 0.1600865 -0.9674402 0.1960404
vn 0.3090159 0.3650852 -0.8781924
vn 0.1365713 0.1612873 -0.9774122
vn 0.4736219 0.5610449 -0.6789042
vn 0.3168542 -0.638228 0.7016184
vn 0.7244502 -0.43443 0.5352032
vn 0.2149552 0.2553478 -0.9426515
vn 0.9360867 0.1299337 0.3268929
vn 0.4892987 0.58456 -0.6472065
vn 0.3090159 0.3650852 -0.8781924
vn -0.9764793 -0.01115721 0.2153223
vn 0.4736219 0.5610449 -0.6789042
vn 0.1365713 0.1612873 -0.9774122
vn -0.6864591 0.2004791 0.6989865
vn -0.5532066 0.6394287 0.5339413
vn 0.2149552 0.2553478 -0.9426515
vn -0.02803469 0.9451257 0.3255019
vn -0.929449 0.1299337 0.3453141
vn -0.216156 0.2553478 -0.9423768
vn 0.03467238 0.9451257 0.3248619
vn 0.5520058 0.6394287 0.5351827
vn -0.725651 -0.43443 0.533574
vn -0.3180549 -0.638228 0.701075
vn 0.6852583 0.2004791 0.7001637
vn -0.3180549 -0.638228 0.701075
vn 0.6852583 0.2004791 0.7001637
vn 0.9752786 -0.01115721 0.2206973
vn -0.1612873 -0.9674402 0.1950535
vn -0.1299337 0.1612873 -0.9783167
vn -0.4904994 0.58456 -0.6462971
vn -0.3102165 0.3650852 -0.877769
vn -0.1612873 -0.9674402 0.1950535
vn -0.4669843 0.5610449 -0.6834868
vn -0.1299337 0.1612873 -0.9783167
vn -0.3180549 -0.638228 0.701075
vn -0.725651 -0.43443 0.533574
vn -0.216156 0.2553478 -0.9423768
vn -0.929449 0.1299337 0.3453141
vn -0.4904994 0.58456 -0.6462971
vn 0.9752786 -0.01115721 0.2206973
vn -0.3102165 0.3650852 -0.877769
vn -0.4669843 0.5610449 -0.6834868
vn -0.1299337 0.1612873 -0.9783167
vn 0.6852583 0.2004791 0.7001637
vn 0.5520058 0.6394287 0.5351827
vn -0.216156 0.2553478 -0.9423768
vn 0.03467238 0.9451257 0.3248619
vn 0.003318846 -0.4187532 -0.908094
vn 0.003318846 -0.9831169 0.1829483
vn 0.7871573 -0.2698239 0.5545976
vn 0.5990361 0.4042772 -0.6911698
vn 0.01115721 -0.2149552 -0.9765602
vn 0.8263493 0.004519582 0.5631399
vn 0.7871573 -0.2698239 0.5545976
vn 0.003318846 -0.9831169 0.1829483
vn -0.7805197 -0.2855007 0.556128
vn -0.8118732 -0.003318846 0.5838243
vn 0.8263493 0.004519582 0.5631399
vn 0.003318846 -0.4187532 -0.908094
vn -0.7961965 0.3023782 -0.5240598
vn -0.7805197 -0.2855007 0.556128
vn 0.003318846 -0.9831169 0.1829483
vn 0.01115721 -0.2149552 -0.9765602
vn -0.8118732 -0.003318846 0.5838243
vn 0.003318846 0.992156 0.1249616
vn 0.5990361 0.4042772 -0.6911698
vn -0.7961965 0.3023782 -0.5240598
vn 0.01115721 -0.2149552 -0.9765602
vn 0.003318846 0.992156 0.1249616
vn 0.8263493 0.004519582 0.5631399
vn 0.003318846 0.992156 0.1249616
vn 0.5990361 0.4042772 -0.6911698
vn -0.8118732 -0.003318846 0.5838243
vn 0.003318846 0.992156 0.1249616
vn 0.8263493 0.004519582 0.5631399
vn -0.7883581 -0.2698239 0.5528893
vn -0.004519582 -0.9831169 0.1829226
vn -0.004519582 -0.4187532 -0.9080888
vn -0.6002368 0.4042772 -0.6901273
vn -0.004519582 -0.2149552 -0.9766135
vn -0.004519582 -0.9831169 0.1829226
vn -0.7883581 -0.2698239 0.5528893
vn 0.7793189 -0.2855007 0.5578094
vn 0.8106725 -0.003318846 0.5854905
vn -0.8197116 0.004519582 0.5727587
vn 0.7949957 0.3023782 -0.5258795
vn -0.004519582 -0.4187532 -0.9080888
vn -0.004519582 -0.9831169 0.1829226
vn 0.7793189 -0.2855007 0.5578094
vn -0.004519582 -0.2149552 -0.9766135
vn 0.8106725 -0.003318846 0.5854905
vn -0.004519582 0.992156 0.1249239
vn -0.6002368 0.4042772 -0.6901273
vn -0.004519582 -0.2149552 -0.9766135
vn 0.7949957 0.3023782 -0.5258795
vn -0.004519582 0.992156 0.1249239
vn -0.7883581 -0.2698239 0.5528893
vn -0.6002368 0.4042772 -0.6901273
vn -0.8197116 0.004519582 0.5727587
vn -0.8197116 0.004519582 0.5727587
vn -0.6002368 0.4042772 -0.6901273
vn -0.004519582 0.992156 0.1249239
vn 0.8106725 -0.003318846 0.5854905
vn -0.8197116 0.004519582 0.5727587
vn -0.004519582 0.992156 0.1249239
vn -0.07494432 -0.9971877 0
vn -0.07494432 -0.9971877 0
vn -0.8589035 0.5061762 0.07791261
vn -0.8580775 0.5135203 0
vn 0.8885073 0.4588624 0
vn 0.8885073 0.4588624 0
vn 0.8885073 0.4588624 0
vn 0.8885073 0.4588624 0
vn 0.01115721 -0.003318846 0.9999322
vn 0.01115721 -0.003318846 0.9999322
vn -0.8589035 0.5061762 0.07791261
vn -0.8580775 0.5135203 0
vn -0.07494432 -0.9971877 0
vn -0.07494432 -0.9971877 0
vn 0.8885073 0.4588624 0
vn 0.8885073 0.4588624 0
vn 0.8885073 0.4588624 0
vn 0.8885073 0.4588624 0
vn 0.01115721 -0.003318846 0.9999322
vn 0.01115721 -0.003318846 0.9999322
vn -0.1612873 0.02803469 0.9865092
vn -0.8118732 0.02803469 -0.5831603
vn -0.8118732 0.03587306 -0.5827307
vn -0.1612873 0.02803469 0.9865092
vn 0.9204099 0.02019632 -0.3904328
vn 0.9204099 0.02803469 -0.3899484
vn 0.003318846 0.9999944 -0.000422864
vn 0.003318846 0.9999944 -0.000422864
vn 0.9204099 0.02803469 -0.3899484
vn -0.8118732 0.03587306 -0.5827307
vn -0.8118732 0.02803469 -0.5831603
vn 0.9204099 0.02019632 -0.3904328
vn 0.9204099 0.02803469 -0.3899484
vn 0.4814603 0.8667419 0.1302091
vn 0.7087735 0.6080751 0.3576098
vn 0.3011774 0.6315904 0.7144129
vn 0.230632 0.8432268 0.4855692
vn 0.9360867 0.3258933 0.132421
vn 0.7166119 0.5923984 0.3681461
vn 0.8577028 0.05154991 0.511555
vn 0.6852583 0.1612873 0.7102165
vn 0.5755209 0.482661 0.6601621
vn 0.5755209 0.482661 0.6601621
vn -0.2945398 0.8667419 -0.4024982
vn -0.5453681 0.6786207 -0.4919834
vn -0.1612873 0.2083175 -0.964671
vn 0.2071168 0.58456 -0.7844694
vn 0.1836017 -0.19144 -0.964179
vn 0.6147128 0.1064186 -0.781539
vn 0.5755209 -0.6539048 -0.4911051
vn 0.8028341 -0.4422684 -0.3998201
vn 0.5755209 0.482661 0.6601621
vn 0.5755209 0.482661 0.6601621
vn 0.19144 0.1612873 0.9681617
vn 0.19144 0.1612873 0.9681617
vn -0.2867014 0.8589035 0.4243666
vn -0.4669843 0.7099742 0.5271266
vn -0.5453681 0.6786207 -0.4919834
vn -0.2945398 0.8667419 -0.4024982
vn -0.2945398 0.8667419 -0.4024982
vn 0.2071168 0.58456 -0.7844694
vn 0.4736219 0.8667419 -0.1563354
vn 0.4814603 0.8667419 0.1302091
vn 0.230632 0.8432268 0.4855692
vn -0.2867014 0.8589035 0.4243666
vn 0.9360867 0.3180549 -0.1502758
vn 0.9360867 0.3258933 0.132421
vn 0.4814603 0.8667419 0.1302091
vn 0.4736219 0.8667419 -0.1563354
vn 0.2071168 0.58456 -0.7844694
vn 0.6147128 0.1064186 -0.781539
vn 0.6303896 -0.5676825 0.5294766
vn 0.7949957 -0.43443 0.4233821
vn 0.8028341 -0.4422684 -0.3998201
vn 0.5755209 -0.6539048 -0.4911051
vn 0.7949957 -0.43443 0.4233821
vn 0.8577028 0.05154991 0.511555
vn 0.9360867 0.3258933 0.132421
vn 0.8028341 -0.4422684 -0.3998201
vn 0.9360867 0.3180549 -0.1502758
vn 0.6147128 0.1064186 -0.781539
vn -0.2867014 0.8589035 0.4243666
vn 0.3011774 0.6315904 0.7144129
vn -0.1926408 0.4669843 0.8630268
vn -0.4669843 0.7099742 0.5271266
vn 0.230632 0.8432268 0.4855692
vn 0.8577028 0.05154991 0.511555
vn 0.7949957 -0.43443 0.4233821
vn 0.6303896 -0.5676825 0.5294766
vn 0.43443 -0.2619855 0.8617622
vn 0.6852583 0.1612873 0.7102165
vn -0.380762 0.02803469 0.924248
vn 0.9831169 0.02803469 -0.1808181
vn 0.9831169 0.02803469 -0.1808181
vn -0.380762 0.02019632 0.9244525
vn -0.58456 0.03587306 -0.810557
vn -0.58456 0.02803469 -0.8108659
vn -0.58456 0.02803469 -0.8108659
vn -0.58456 0.03587306 -0.810557
vn 0.003318846 0.9999944 -0.000422864
vn 0.003318846 0.9999944 -0.000422864
vn -0.58456 0.03587306 -0.810557
vn 0.9831169 0.02803469 -0.1808181
vn 0.3011774 -0.9517634 0.05863951
vn 0.3011774 -0.9517634 0.05863951
vn 0.9517634 0.3023782 0.05209478
vn 0.9517634 0.3023782 0.05209478
vn -0.3023782 0.9529642 0.02065695
vn -0.3023782 0.9529642 0.02065695
vn -0.9529642 -0.3011774 0.03393269
vn -0.9529642 -0.3011774 0.03393269
vn 0.003318846 -0.003318846 0.999989
vn -0.9529642 -0.3011774 0.03393269
vn -0.9529642 -0.3011774 0.03393269
vn -0.9529642 -0.3011774 0.03393269
vn 0.3011774 -0.9517634 0.05863951
vn 0.3011774 -0.9517634 0.05863951
vn 0.9517634 0.3023782 -0.05209478
vn 0.9517634 0.3023782 0.05209478
vn 0.3011774 -0.9517634 0.05863951
vn 0.2851664 -0.9584781 0
vn -0.3023782 0.9529642 0.02065695
vn -0.3095402 0.9508864 0
vn -0.9529642 -0.3011774 0.03393269
vn -0.9529642 -0.3011774 0.03393269
vn 0.2851664 -0.9584781 0
vn 0.943925 0.3180549 -0.08858126
vn -0.3102165 0.9451257 0.1024847
vn -0.9451257 -0.2855007 0.1588294
vn -0.9529642 -0.3011774 0.03393269
vn -0.9451257 -0.2855007 0.1588294
vn 0.3011774 -0.9517634 0.05863951
vn -0.9529642 -0.3011774 0.03393269
vn -0.9529642 -0.3011774 0.03393269
vn 0.2851664 -0.9584781 0
vn 0.943925 0.3180549 -0.08858126
vn 0.2851664 -0.9584781 0
vn 0.1522481 -0.02683401 0.987978
vn -0.3102165 0.9451257 0.1024847
vn -0.9451257 -0.2855007 0.1588294
vn -0.9451257 -0.2855007 0.1588294
vn -0.3023782 0.6315904 0.7139055
vn -0.7021358 0.6080751 0.3704726
vn -0.482661 0.8667419 0.1256855
vn -0.2318327 0.8432268 0.4849971
vn -0.7178125 0.5923984 0.3657995
vn -0.9372873 0.3180549 0.1425956
vn -0.6864591 0.1612873 0.709056
vn -0.8589035 0.05154991 0.5095364
vn -0.5767217 0.482661 0.6591134
vn -0.5767217 0.482661 0.6591134
vn -0.5767217 0.482661 0.6591134
vn -0.5767217 0.482661 0.6591134
vn -0.1848024 0.1612873 0.9694506
vn -0.1848024 0.1612873 0.9694506
vn 0.2933391 0.8589035 0.4198058
vn 0.2933391 0.4591459 -0.8385328
vn 0.628319 0.7779559 0
vn 0.4657835 0.7099742 0.5281879
vn -0.09858012 0.482661 -0.8702415
vn 0.08170265 0.6002368 -0.7956384
vn -0.5610449 0.6080751 -0.56167
vn -0.4983379 0.5532066 -0.6675491
vn -0.482661 0.8667419 0.1256855
vn -0.4356307 0.5061762 -0.7443195
vn -0.2318327 0.8432268 0.4849971
vn 0.08170265 0.6002368 -0.7956384
vn 0.2933391 0.8589035 0.4198058
vn -0.3023782 0.6315904 0.7139055
vn 0.2933391 0.8589035 0.4198058
vn 0.4657835 0.7099742 0.5281879
vn 0.1992785 0.4669843 0.8615183
vn -0.2318327 0.8432268 0.4849971
vn -0.4356307 -0.2619855 0.8611559
vn -0.623752 -0.5676825 0.5372802
vn -0.7883581 -0.43443 0.4356169
vn -0.8589035 0.05154991 0.5095364
vn -0.6864591 0.1612873 0.709056
vn -0.7883581 -0.43443 0.4356169
vn -0.4591459 -0.7244502 -0.5141565
vn -0.4434692 -0.6147128 -0.6522754
vn -0.5688833 -0.7009351 -0.430188
vn -0.623752 -0.5676825 0.5372802
vn -0.7491661 0.2475095 -0.6144015
vn -0.5610449 0.6080751 -0.56167
vn -0.482661 0.8667419 0.1256855
vn -0.9372873 0.3180549 0.1425956
vn -0.6159136 0.04371142 -0.7866001
vn -0.7883581 -0.43443 0.4356169
vn -0.5296913 -0.4109148 -0.7420081
vn -0.9372873 0.3180549 0.1425956
vn -0.8589035 0.05154991 0.5095364
vn -0.4434692 -0.6147128 -0.6522754
vn -0.6159136 0.04371142 -0.7866001
vn -0.09858012 0.482661 -0.8702415
vn 0.2933391 0.4591459 -0.8385328
vn -0.3415701 -0.3873997 -0.856301
vn -0.3180549 -0.4030765 -0.8581203
vn 0.08170265 0.6002368 -0.7956384
vn -0.4356307 0.5061762 -0.7443195
vn -0.3337318 -0.3717229 -0.8662824
vn -0.4983379 0.5532066 -0.6675491
vn -0.5610449 0.6080751 -0.56167
vn -0.7491661 0.2475095 -0.6144015
vn -0.4591459 -0.7244502 -0.5141565
vn -0.5688833 -0.7009351 -0.430188
vn -0.4434692 -0.6147128 -0.6522754
vn -0.6159136 0.04371142 -0.7866001
vn -0.5296913 -0.4109148 -0.7420081
vn 0.1600865 0.6551055 0.7383828
vn 0.4501068 0.5140146 0.7302006
vn 0.3638845 0.09074175 0.9270135
vn -0.01235795 0.5923984 0.8055504
vn -0.3650852 0.09858012 0.9257401
vn 0.01115721 0.5923984 0.8055679
vn -0.4513075 0.5140146 0.729459
vn -0.1612873 0.6551055 0.7381214
vn 0.4579452 -0.3795613 0.8038778
vn 0.3638845 -0.5441674 0.7559563
vn -0.3102165 -0.2071168 0.9278299
vn 0.2933391 -0.8577028 0.4222536
vn -0.3886005 -0.7558038 0.5270202
vn 0.003318846 0.9764793 0.2155856
vn -0.01235795 0.5923984 0.8055504
vn 0.01115721 0.5923984 0.8055679
vn 0.003318846 0.9764793 0.2155856
vn 0.8263493 0.4669843 0.314758
vn 0.8577028 -0.4187532 0.2983148
vn 0.3638845 0.09074175 0.9270135
vn 0.4501068 0.5140146 0.7302006
vn 0.4579452 -0.3795613 0.8038778
vn 0.8577028 -0.4187532 0.2983148
vn 0.8263493 0.4669843 0.314758
vn 0.8263493 0.5610449 0.04873893
vn 0.880838 -0.4734177 0
vn -0.3886005 -0.9204099 0.04284094
vn -0.8824186 -0.4657835 0.06620478
vn -0.8589035 -0.4030765 0.3159337
vn -0.3886005 -0.7558038 0.5270202
vn 0.2933391 -0.8577028 0.4222536
vn 0.3246926 -0.943925 0.05983537
vn -0.8197116 0.5610449 0.1153324
vn -0.8275499 0.4669843 0.3115875
vn -0.8589035 -0.4030765 0.3159337
vn -0.8824186 -0.4657835 0.06620478
vn -0.3886005 -0.7558038 0.5270202
vn -0.8589035 -0.4030765 0.3159337
vn -0.3102165 -0.2071168 0.9278299
vn -0.8275499 0.4669843 0.3115875
vn -0.4513075 0.5140146 0.729459
vn -0.3650852 0.09858012 0.9257401
vn -0.3886005 0.9137722 0.1183639
vn -0.1612873 0.6551055 0.7381214
vn -0.8275499 0.4669843 0.3115875
vn -0.8197116 0.5610449 0.1153324
vn -0.4513075 0.5140146 0.729459
vn 0.3873997 0.9137722 0.1222367
vn 0.8263493 0.5610449 0.04873893
vn 0.8263493 0.4669843 0.314758
vn 0.1600865 0.6551055 0.7383828
vn 0.4501068 0.5140146 0.7302006
vn 0.3638845 -0.5441674 0.7559563
vn 0.8577028 -0.4187532 0.2983148
vn 0.6774199 -0.7322886 0.0696828
vn 0.3246926 -0.943925 0.05983537
vn 0.880838 -0.4734177 0
vn 0.2933391 -0.8577028 0.4222536
vn 0.4579452 -0.3795613 0.8038778
vn -0.8980955 0.4356307 0.06041876
vn 0.003318846 -0.7636422 0.6456311
vn 0.003318846 -0.7714806 0.6362442
vn -0.7961965 0.6002368 -0.07607263
vn 0.003318846 0.7961965 0.6050291
vn 0.003318846 -0.9987937 -0.04899082
vn 0.003318846 -0.8577028 -0.5141351
vn -0.521853 0.1534488 -0.8391203
vn 0.7949957 0.6002368 -0.08773603
vn 0.003318846 -0.7714806 0.6362442
vn 0.003318846 -0.7636422 0.6456311
vn 0.8968947 0.4356307 0.07619574
vn 0.003318846 -0.9987937 -0.04899082
vn 0.003318846 -0.8577028 -0.5141351
vn 0.5206522 0.1534488 -0.8398659
vn 0.003318846 0.7961965 0.6050291
vn 0.7949957 0.6002368 -0.08773603
vn -0.7961965 0.6002368 -0.07607263
vn -0.521853 0.1534488 -0.8391203
vn 0.5206522 0.1534488 -0.8398659
vn 0.003318846 -0.8577028 -0.5141351
vn -0.7961965 0.6002368 -0.07607263
vn 0.7949957 0.6002368 -0.08773603
vn 0.8968947 0.4356307 0.07619574
vn -0.8980955 0.4356307 0.06041876
vn 0.003318846 0.7961965 0.6050291
vn -0.725651 -0.6303896 -0.2757526
vn 0.7244502 -0.6303896 -0.2788921
vn 0.5520058 -0.07386428 -0.8305623
vn -0.5453681 -0.07386428 -0.8349358
vn 0.7479654 -0.5284907 -0.4015537
vn -0.7491661 -0.5284907 -0.399309
vn -0.6942974 -0.5284907 -0.4885168
vn 0.6930967 -0.5284907 -0.4902189
vn -0.6075366 -0.7942916 0
vn 0.606779 -0.7948706 0
vn 0.6852583 -0.6225512 0.3779564
vn -0.6864591 -0.6225512 0.3757712
vn 0.4736219 0.2004791 0.8576074
vn -0.4748226 0.2004791 0.8569431
vn 0.740127 0.6551055 0.1518183
vn 0.4736219 0.2004791 0.8576074
vn -0.4748226 0.2004791 0.8569431
vn -0.7413278 0.6551055 0.1458422
vn 0.740127 0.6629438 0.1127717
vn -0.7413278 0.6629438 0.1045878
vn -0.623752 0.7726812 -0.1178861
vn 0.6303896 0.7726812 -0.07464996
vn 0.5520058 -0.07386428 -0.8305623
vn -0.5453681 -0.07386428 -0.8349358
vn -0.7491661 -0.5284907 -0.399309
vn -0.7413278 0.6629438 0.1045878
vn -0.6942974 -0.5284907 -0.4885168
vn -0.725651 -0.6303896 -0.2757526
vn -0.623752 0.7726812 -0.1178861
vn -0.6075366 -0.7942916 0
vn -0.6864591 -0.6225512 0.3757712
vn -0.7413278 0.6551055 0.1458422
vn -0.5453681 -0.07386428 -0.8349358
vn -0.4748226 0.2004791 0.8569431
vn 0.6930967 -0.5284907 -0.4902189
vn 0.740127 0.6629438 0.1127717
vn 0.7479654 -0.5284907 -0.4015537
vn 0.6303896 0.7726812 -0.07464996
vn 0.7244502 -0.6303896 -0.2788921
vn 0.606779 -0.7948706 0
vn 0.6852583 -0.6225512 0.3779564
vn 0.740127 0.6551055 0.1518183
vn 0.5520058 -0.07386428 -0.8305623
vn 0.4736219 0.2004791 0.8576074
vn -0.5688833 -0.19144 0.7998266
vn -0.7178125 0.4983379 0.4862145
vn 0.7166119 0.4983379 0.4879824
vn 0.5755209 -0.19144 0.7950638
vn -0.7178125 0.5375297 0.4425008
vn 0.7166119 0.5375297 0.4444426
vn 0.003318846 -0.8577028 -0.5141351
vn 0.003318846 0.7099742 -0.7042199
vn -0.7178125 0.4983379 0.4862145
vn 0.003318846 -0.6774199 -0.7355891
vn 0.003318846 -0.6147128 -0.788744
vn -0.7178125 0.5375297 0.4425008
vn 0.003318846 -0.8577028 -0.5141351
vn -0.5688833 -0.19144 0.7998266
vn 0.7166119 0.5375297 0.4444426
vn 0.003318846 -0.6147128 -0.788744
vn 0.003318846 -0.6774199 -0.7355891
vn 0.7166119 0.4983379 0.4879824
vn 0.5755209 -0.19144 0.7950638
vn 0.003318846 -0.8577028 -0.5141351
vn 0.003318846 0.7099742 -0.7042199
vn -0.7178125 0.5375297 0.4425008
vn 0.003318846 -0.6147128 -0.788744
vn 0.003318846 0.7099742 -0.7042199
vn 0.003318846 -0.6147128 -0.788744
vn 0.7166119 0.5375297 0.4444426
vn 0.003318846 -0.7714806 0.6362442
vn 0.003318846 -0.7636422 0.6456311
vn 0.8968947 0.4356307 0.07619574
vn 0.7949957 0.6002368 -0.08773603
vn 0.003318846 0.7961965 0.6050291
vn -0.004519582 -0.9987937 -0.04889461
vn 0.03467238 -0.7871573 -0.6157769
vn -0.3964388 0.4434692 -0.8038478
vn 0.003318846 -0.7636422 0.6456311
vn 0.003318846 -0.7714806 0.6362442
vn -0.7961965 0.6002368 -0.07607263
vn -0.8980955 0.4356307 0.06041876
vn -0.004519582 -0.9987937 -0.04889461
vn 0.03467238 -0.7871573 -0.6157769
vn -0.8040348 -0.5520058 -0.2209472
vn -0.8589035 0.2475095 -0.4483568
vn 0.003318846 0.7961965 0.6050291
vn 0.7949957 0.6002368 -0.08773603
vn -0.7961965 0.6002368 -0.07607263
vn -0.8589035 0.2475095 -0.4483568
vn -0.3964388 0.4434692 -0.8038478
vn -0.8040348 -0.5520058 -0.2209472
vn 0.03467238 -0.7871573 -0.6157769
vn 0.8968947 0.4356307 0.07619574
vn -0.8980955 0.4356307 0.06041876
vn -0.7961965 0.6002368 -0.07607263
vn 0.7949957 0.6002368 -0.08773603
vn 0.003318846 0.7961965 0.6050291
vn 0.5520058 -0.07386428 -0.8305623
vn -0.5453681 -0.07386428 -0.8349358
vn -0.725651 -0.6303896 -0.2757526
vn 0.7244502 -0.6303896 -0.2788921
vn 0.7479654 -0.5284907 -0.4015537
vn -0.7491661 -0.5284907 -0.399309
vn 0.6930967 -0.5284907 -0.4902189
vn -0.6942974 -0.5284907 -0.4885168
vn -0.6075366 -0.7942916 0
vn 0.606779 -0.7948706 0
vn -0.6864591 -0.6225512 0.3757712
vn 0.6852583 -0.6225512 0.3779564
vn 0.4736219 0.2004791 0.8576074
vn -0.4748226 0.2004791 0.8569431
vn 0.4736219 0.2004791 0.8576074
vn -0.4748226 0.2004791 0.8569431
vn -0.7413278 0.6551055 0.1458422
vn 0.740127 0.6551055 0.1518183
vn 0.740127 0.6629438 0.1127717
vn -0.7413278 0.6629438 0.1045878
vn 0.6303896 0.7726812 -0.07464996
vn -0.623752 0.7726812 -0.1178861
vn -0.5453681 -0.07386428 -0.8349358
vn 0.5520058 -0.07386428 -0.8305623
vn 0.740127 0.6629438 0.1127717
vn 0.7479654 -0.5284907 -0.4015537
vn 0.6930967 -0.5284907 -0.4902189
vn 0.7244502 -0.6303896 -0.2788921
vn 0.6303896 0.7726812 -0.07464996
vn 0.606779 -0.7948706 0
vn 0.6852583 -0.6225512 0.3779564
vn 0.740127 0.6551055 0.1518183
vn 0.5520058 -0.07386428 -0.8305623
vn 0.4736219 0.2004791 0.8576074
vn -0.6942974 -0.5284907 -0.4885168
vn -0.7491661 -0.5284907 -0.399309
vn -0.7413278 0.6629438 0.1045878
vn -0.6075366 -0.7942916 0
vn -0.6864591 -0.6225512 0.3757712
vn -0.7413278 0.6551055 0.1458422
vn -0.4748226 0.2004791 0.8569431
vn -0.7491661 -0.5284907 -0.399309
vn -0.725651 -0.6303896 -0.2757526
vn -0.623752 0.7726812 -0.1178861
vn -0.7413278 0.6629438 0.1045878
vn -0.5453681 -0.07386428 -0.8349358
vn 0.9517634 0.1534488 -0.2657064
vn 0.5441674 0.7491661 0.3776664
vn 0.7714806 0.521853 0.363988
vn 0.7087735 0.05938828 0.7029318
vn 0.9987937 0.01235795 0.04752271
vn 0.5755209 -0.5833594 -0.5731209
vn 0.01115721 0.6551055 0.7554551
vn 0.9596018 0.03587306 0.2790653
vn 0.4887601 -0.8724182 0
vn 0.9517634 0.1534488 -0.2657064
vn -0.9451257 0.04371142 -0.3237696
vn -0.6315904 -0.5520058 -0.5444109
vn 0.5755209 -0.5833594 -0.5731209
vn 0.4887601 -0.8724182 0
vn -0.6080751 -0.7871573 0.1030921
vn 0.4887601 -0.8724182 0
vn 0.5520058 -0.4892987 0.6751862
vn 0.9596018 0.03587306 0.2790653
vn 0.5990361 -0.05818754 0.798605
vn 0.02683401 0.4904994 0.8710283
vn -0.08290339 0.03587306 0.9959117
vn 0.003318846 0.6629438 0.7486618
vn -0.6080751 -0.7871573 0.1030921
vn -0.9451257 -0.1208946 0.3035159
vn -0.08290339 0.03587306 0.9959117
vn 0.02683401 0.4904994 0.8710283
vn -0.7413278 -0.04251075 0.6697955
vn -0.7491661 -0.3638845 0.5534782
vn 0.003318846 0.6629438 0.7486618
vn 0.01115721 0.6551055 0.7554551
vn 0.7087735 0.05938828 0.7029318
vn -0.6942974 0.03587306 0.7187936
vn -0.08290339 0.03587306 0.9959117
vn -0.9451257 -0.1208946 0.3035159
vn 0.9596018 0.03587306 0.2790653
vn 0.5441674 0.7491661 0.3776664
vn -0.6942974 0.03587306 0.7187936
vn -0.9451257 0.04371142 -0.3237696
vn 0.01115721 0.6551055 0.7554551
vn -0.9451257 -0.1208946 0.3035159
vn -0.6315904 -0.5520058 -0.5444109
vn -0.9451257 0.04371142 -0.3237696
vn -0.9059339 -0.3560461 -0.2291615
vn -0.6080751 -0.7871573 0.1030921
vn -0.9451257 0.04371142 -0.3237696
vn -0.9451257 -0.1208946 0.3035159
vn -0.9059339 -0.3560461 -0.2291615
vn -0.9451257 -0.1208946 0.3035159
vn -0.6080751 -0.7871573 0.1030921
vn -0.9059339 -0.3560461 -0.2291615
vn 0.003318846 -0.4030765 -0.9151603
vn 0.003318846 -0.4030765 -0.9151603
vn 0.003318846 -0.4030765 -0.9151603
vn -0.7726812 -0.5206522 -0.3631597
vn -0.7726812 -0.5206522 -0.3631597
vn -0.7726812 -0.5206522 -0.3631597
vn 0.5520058 -0.4892987 0.6751862
vn -0.7491661 -0.3638845 0.5534782
vn -0.7413278 -0.04251075 0.6697955
vn 0.5990361 -0.05818754 0.798605
vn -0.6080751 -0.7871573 0.1030921
vn 0.4887601 -0.8724182 0
vn 0.003318846 0.6629438 0.7486618
vn 0.5911977 0.1220953 -0.7972314
vn 0.7949957 -0.4579452 -0.3978291
vn 0.003318846 0.7883581 0.6152077
vn 0.003318846 0.9216106 0.3881017
vn 0.003318846 0.9059339 0.4234062
vn 0.7949957 -0.3560461 -0.4911343
vn 0.8341876 -0.2071168 -0.5111102
vn 0.003318846 0.9216106 0.3881017
vn 0.7479654 0.09858012 0.6563762
vn 0.003318846 0.6786207 0.7344814
vn 0.9831169 0.02803469 0.1808181
vn -0.7961965 -0.4579452 -0.3954206
vn -0.58456 0.1220953 -0.8021111
vn 0.003318846 0.9216106 0.3881017
vn 0.003318846 0.7883581 0.6152077
vn 0.003318846 0.9059339 0.4234062
vn -0.7961965 -0.3560461 -0.4891854
vn -0.8353884 -0.1992785 -0.5122638
vn 0.003318846 0.9216106 0.3881017
vn -0.58456 0.1220953 -0.8021111
vn -0.7961965 -0.4579452 -0.3954206
vn 0.7949957 -0.4579452 -0.3978291
vn 0.5911977 0.1220953 -0.7972314
vn 0.7949957 -0.3560461 -0.4911343
vn -0.7961965 -0.3560461 -0.4891854
vn 0.8341876 -0.2071168 -0.5111102
vn -0.8353884 -0.1992785 -0.5122638
vn -0.6707823 -0.3795613 -0.637169
vn 0.6852583 -0.3638845 -0.6308796
vn 0.003318846 0.9216106 0.3881017
vn 0.536329 -0.7714806 -0.3422995
vn -0.521853 -0.7793189 -0.3468883
vn 0.6852583 -0.6852583 0.2466618
vn 0.536329 -0.7714806 -0.3422995
vn -0.521853 -0.7793189 -0.3468883
vn -0.6472671 -0.7244502 0.2371015
vn 0.9282483 -0.3638845 0.07709211
vn -0.9137722 -0.3952381 0.09384667
vn 0.7558038 -0.6068745 -0.2458942
vn -0.7570045 -0.6068745 -0.2421726
vn 0.003318846 -0.4971371 0.8676657
vn 0.003318846 0.6786207 0.7344814
vn 0.003318846 0.4513075 0.8923623
vn -0.9137722 -0.3952381 0.09384667
vn 0.5833594 0.4591459 0.6699828
vn 0.003318846 -0.4971371 0.8676657
vn -0.7570045 -0.6068745 -0.2421726
vn -0.6472671 -0.7244502 0.2371015
vn -0.9843177 -0.003318846 0.1763739
vn 0.5833594 0.4591459 0.6699828
vn 0.9282483 -0.3638845 0.07709211
vn 0.003318846 0.4513075 0.8923623
vn 0.003318846 0.6786207 0.7344814
vn 0.003318846 -0.4971371 0.8676657
vn 0.7558038 -0.6068745 -0.2458942
vn 0.6852583 -0.6852583 0.2466618
vn 0.9831169 0.02803469 0.1808181
vn 0.4109148 0.2004791 0.8893577
vn 0.9517634 0.1926408 0.238822
vn -0.9999944 -0.003318846 -0.0004369587
vn -0.9999944 -0.003318846 -0.0004369587
vn -0.9999944 -0.003318846 -0.0004369587
vn -0.8040348 0.3650852 0.4692982
vn -0.8040348 0.3650852 0.4692982
vn -0.8040348 0.3650852 0.4692982
vn 0.003318846 0.6786207 0.7344814
vn 0.7479654 0.09858012 0.6563762
vn -0.7334894 0.1456105 0.6639209
vn 0.4109148 0.2004791 0.8893577
vn 0.9831169 0.02803469 0.1808181
vn -0.9843177 -0.003318846 0.1763739
vn -0.7334894 0.1456105 0.6639209
vn -0.8353884 -0.1992785 -0.5122638
vn 0.003318846 0.9216106 0.3881017
vn -0.9996073 0.02802383 0
vn 0.9831169 0.02803469 0.1808181
vn 0.536329 -0.7714806 -0.3422995
vn 0.6852583 -0.6852583 0.2466618
vn -0.521853 -0.7793189 -0.3468883
vn -0.9843177 -0.003318846 0.1763739
vn -0.6472671 -0.7244502 0.2371015
vn -0.6707823 -0.3795613 -0.637169
vn -0.9996073 0.02802383 0
vn -0.8353884 -0.1992785 -0.5122638
vn -0.7334894 0.1456105 0.6639209
vn -0.7334894 0.1456105 0.6639209
vn 0.003318846 0.9216106 0.3881017
vn 0.003318846 0.6786207 0.7344814
vn 0.6852583 -0.3638845 -0.6308796
vn 0.9831169 0.02803469 0.1808181
vn 0.8341876 -0.2071168 -0.5111102
vn 0.536329 -0.7714806 -0.3422995
vn -0.8745803 -0.3560461 0.3291512
vn -0.9999378 -0.01115658 0
vn 0.2384704 0.7805197 0.5778589
vn -0.2239944 -0.7244502 0.651919
vn 0.2227936 0.7178125 0.6596273
vn -0.9686409 0.1848024 0.1660807
vn -0.8589035 0.4042772 0.3143958
vn -0.9977478 0.06707562 0
vn 0.003318846 -0.8655412 -0.5008268
vn -0.004519582 0.8432268 -0.5375389
vn 0.2384704 0.7805197 0.5778589
vn 0.07386428 -0.5441674 -0.8357188
vn 0.003318846 -0.6852583 -0.7282925
vn -0.2239944 -0.7244502 0.651919
vn 0.003318846 -0.8655412 -0.5008268
vn 0.07386428 -0.5441674 -0.8357188
vn 0.2227936 0.7178125 0.6596273
vn 0.4422684 -0.7322886 -0.517834
vn 0.07386428 -0.5441674 -0.8357188
vn -0.8589035 0.4042772 0.3143958
vn 0.4736219 -0.7636422 -0.4387857
vn -0.004519582 0.8432268 -0.5375389
vn -0.004519582 -0.4736219 -0.8807167
vn 0.003318846 -0.6852583 -0.7282925
vn -0.9999378 -0.01115658 0
vn -0.8745803 -0.3560461 0.3291512
vn 0.003318846 -0.8655412 -0.5008268
vn 0.07386428 -0.5441674 -0.8357188
vn -0.8589035 0.4042772 0.3143958
vn 0.4736219 -0.7636422 -0.4387857
vn -0.9996073 0.02802383 0
vn -0.7413278 -0.5755209 -0.3452663
vn -0.004519582 -0.4736219 -0.8807167
vn -0.004519582 0.8432268 -0.5375389
vn -0.9977478 0.06707562 0
vn -0.9999378 -0.01115658 0
vn -0.9686409 0.1848024 0.1660807
vn 0.07386428 -0.5441674 -0.8357188
vn 0.4422684 -0.7322886 -0.517834
vn -0.9977478 0.06707562 0
vn -0.9999378 -0.01115658 0
vn -0.9977478 0.06707562 0
vn 0.4422684 -0.7322886 -0.517834
vn 0.4736219 -0.7636422 -0.4387857
vn -0.7413278 -0.5755209 -0.3452663
vn -0.004519582 -0.4736219 -0.8807167
vn 0.9987937 -0.04251075 -0.02457567
vn 0.9987937 -0.04251075 -0.02457567
vn 0.9987937 -0.04251075 -0.02457567
vn 0.9987937 -0.02683401 -0.04112254
vn 0.9987937 -0.02683401 -0.04112254
vn 0.9987937 -0.02683401 -0.04112254
vn -0.8745803 0.2083175 0.4378507
vn -0.7021358 0.5532066 0.4482943
vn 0.6695815 0.5767217 0.4680306
vn -0.5923984 0.3572469 0.7221072
vn -0.7334894 0.6159136 0.2874783
vn 0.7087735 0.6394287 0.2979447
vn 0.6774199 0.6942974 0.243009
vn -0.7334894 0.6472671 0.2074576
vn -0.890257 0.4434692 0.103815
vn -0.4669843 0.8589035 0.2102628
vn -0.890257 0.4513075 -0.06135123
vn -0.8337595 0.5521278 0
vn -0.7334894 0.6159136 0.2874783
vn -0.890257 0.4513075 -0.06135123
vn -0.7334894 0.6472671 0.2074576
vn -0.7021358 0.5532066 0.4482943
vn -0.8745803 0.2083175 0.4378507
vn -0.890257 0.4434692 0.103815
vn 0.6774199 0.6942974 0.243009
vn -0.890257 0.4513075 -0.06135123
vn 0.2149552 -0.881218 -0.4210097
vn 0.7087735 0.6394287 0.2979447
vn -0.5923984 0.3572469 0.7221072
vn 0.6695815 0.5767217 0.4680306
vn -0.8745803 0.2083175 0.4378507
vn -0.5923984 0.3572469 0.7221072
vn 0.2149552 -0.881218 -0.4210097
vn -0.890257 0.4513075 -0.06135123
vn 0.9674402 -0.230632 -0.1042515
vn 0.9674402 -0.230632 -0.1042515
vn 0.9674402 -0.230632 -0.1042515
vn 0.9831169 -0.1757633 -0.05087613
vn 0.9831169 -0.1757633 -0.05087613
vn 0.9831169 -0.1757633 -0.05087613
g G_CA_Prinzeugen_Mech_001_P_lod_0
f 3/3/3 2/2/2 1/1/1
f 1/1/1 2/2/2 4/4/4
f 2/2/2 5/5/5 4/4/4
f 8/8/8 7/7/7 6/6/6
f 11/11/11 10/10/10 9/9/9
f 12/12/12 11/11/11 9/9/9
f 11/11/11 12/12/12 13/13/13
f 11/11/11 13/13/13 14/14/14
f 15/15/15 11/11/11 14/14/14
f 18/18/18 17/17/17 16/16/16
f 19/19/19 18/18/18 16/16/16
f 20/20/20 16/16/16 17/17/17
f 20/20/20 17/17/17 21/21/21
f 17/17/17 22/22/22 21/21/21
f 25/25/25 24/24/24 23/23/23
f 28/28/28 27/27/27 26/26/26
f 29/29/29 28/28/28 26/26/26
f 29/29/29 26/26/26 30/30/30
f 31/31/31 29/29/29 30/30/30
f 30/30/30 32/32/32 31/31/31
f 32/32/32 33/33/33 31/31/31
f 36/36/36 35/35/35 34/34/34
f 37/37/37 36/36/36 34/34/34
f 34/34/34 38/38/38 37/37/37
f 36/36/36 39/39/39 35/35/35
f 39/39/39 40/40/40 35/35/35
f 40/40/40 39/39/39 41/41/41
f 39/39/39 42/42/42 41/41/41
f 43/43/43 42/42/42 39/39/39
f 46/46/46 45/45/45 44/44/44
f 44/44/44 47/47/47 46/46/46
f 45/45/45 46/46/46 48/48/48
f 48/48/48 49/49/49 45/45/45
f 49/49/49 50/50/50 45/45/45
f 51/51/51 50/50/50 49/49/49
f 48/48/48 52/52/52 49/49/49
f 53/53/53 49/49/49 52/52/52
f 54/54/54 53/53/53 52/52/52
f 55/55/55 50/50/50 51/51/51
f 56/56/56 55/55/55 51/51/51
f 59/59/59 58/58/58 57/57/57
f 58/58/58 59/59/59 60/60/60
f 61/61/61 58/58/58 60/60/60
f 61/61/61 60/60/60 62/62/62
f 63/63/63 61/61/61 62/62/62
f 63/63/63 62/62/62 64/64/64
f 62/62/62 65/65/65 64/64/64
f 60/60/60 66/66/66 62/62/62
f 67/67/67 62/62/62 66/66/66
f 67/67/67 66/66/66 68/68/68
f 69/69/69 67/67/67 68/68/68
f 72/72/72 71/71/71 70/70/70
f 70/70/70 71/71/71 73/73/73
f 74/74/74 70/70/70 73/73/73
f 70/70/70 74/74/74 75/75/75
f 74/74/74 76/76/76 75/75/75
f 77/77/77 75/75/75 76/76/76
f 80/80/80 79/79/79 78/78/78
f 81/81/81 80/80/80 78/78/78
f 82/82/82 80/80/80 81/81/81
f 83/83/83 82/82/82 81/81/81
f 86/86/86 85/85/85 84/84/84
f 86/86/86 84/84/84 87/87/87
f 88/88/88 86/86/86 87/87/87
f 91/91/91 90/90/90 89/89/89
f 94/94/94 93/93/93 92/92/92
f 95/95/95 94/94/94 92/92/92
f 95/95/95 92/92/92 96/96/96
f 96/96/96 92/92/92 97/97/97
f 98/98/98 96/96/96 97/97/97
f 101/101/101 100/100/100 99/99/99
f 102/102/102 101/101/101 99/99/99
f 102/102/102 103/103/103 101/101/101
f 103/103/103 104/104/104 101/101/101
f 104/104/104 105/105/105 101/101/101
f 108/108/108 107/107/107 106/106/106
f 111/111/111 110/110/110 109/109/109
f 112/112/112 111/111/111 109/109/109
f 110/110/110 111/111/111 113/113/113
f 114/114/114 110/110/110 113/113/113
f 114/114/114 113/113/113 115/115/115
f 116/116/116 114/114/114 115/115/115
f 119/119/119 118/118/118 117/117/117
f 120/120/120 119/119/119 117/117/117
f 119/119/119 120/120/120 121/121/121
f 118/118/118 122/122/122 117/117/117
f 122/122/122 123/123/123 117/117/117
f 122/122/122 124/124/124 123/123/123
f 124/124/124 125/125/125 123/123/123
f 125/125/125 126/126/126 123/123/123
f 129/129/129 128/128/128 127/127/127
f 130/130/130 127/127/127 128/128/128
f 128/128/128 129/129/129 131/131/131
f 129/129/129 132/132/132 131/131/131
f 132/132/132 133/133/133 131/131/131
f 132/132/132 134/134/134 133/133/133
f 135/135/135 131/131/131 133/133/133
f 135/135/135 133/133/133 136/136/136
f 137/137/137 135/135/135 136/136/136
f 132/132/132 138/138/138 134/134/134
f 138/138/138 139/139/139 134/134/134
f 142/142/142 141/141/141 140/140/140
f 141/141/141 142/142/142 143/143/143
f 142/142/142 144/144/144 143/143/143
f 145/145/145 143/143/143 144/144/144
f 146/146/146 145/145/145 144/144/144
f 144/144/144 147/147/147 146/146/146
f 146/146/146 148/148/148 145/145/145
f 148/148/148 149/149/149 145/145/145
f 149/149/149 150/150/150 145/145/145
f 153/153/153 152/152/152 151/151/151
f 156/156/156 155/155/155 154/154/154
f 159/159/159 158/158/158 157/157/157
f 160/160/160 157/157/157 158/158/158
f 161/161/161 160/160/160 158/158/158
f 161/161/161 158/158/158 162/162/162
f 163/163/163 161/161/161 162/162/162
f 162/162/162 164/164/164 163/163/163
f 167/167/167 166/166/166 165/165/165
f 168/168/168 167/167/167 165/165/165
f 169/169/169 167/167/167 168/168/168
f 170/170/170 169/169/169 168/168/168
f 173/173/173 172/172/172 171/171/171
f 174/174/174 171/171/171 172/172/172
f 175/175/175 174/174/174 172/172/172
f 174/174/174 175/175/175 176/176/176
f 175/175/175 177/177/177 176/176/176
f 180/180/180 179/179/179 178/178/178
f 181/181/181 180/180/180 178/178/178
f 182/182/182 179/179/179 180/180/180
f 185/185/185 184/184/184 183/183/183
f 184/184/184 186/186/186 183/183/183
f 186/186/186 187/187/187 183/183/183
f 188/188/188 184/184/184 185/185/185
f 189/189/189 188/188/188 185/185/185
f 185/185/185 190/190/190 189/189/189
f 190/190/190 191/191/191 189/189/189
f 194/194/194 193/193/193 192/192/192
f 192/192/192 195/195/195 194/194/194
f 195/195/195 196/196/196 194/194/194
f 194/194/194 197/197/197 193/193/193
f 197/197/197 198/198/198 193/193/193
f 198/198/198 199/199/199 193/193/193
f 198/198/198 200/200/200 199/199/199
f 203/203/203 202/202/202 201/201/201
f 204/204/204 203/203/203 201/201/201
f 205/205/205 204/204/204 201/201/201
f 204/204/204 205/205/205 206/206/206
f 207/207/207 204/204/204 206/206/206
f 210/210/210 209/209/209 208/208/208
f 211/211/211 210/210/210 208/208/208
f 211/211/211 212/212/212 210/210/210
f 215/215/215 214/214/214 213/213/213
f 213/213/213 216/216/216 215/215/215
f 216/216/216 217/217/217 215/215/215
f 215/215/215 218/218/218 214/214/214
f 218/218/218 219/219/219 214/214/214
f 220/220/220 214/214/214 219/219/219
f 221/221/221 220/220/220 219/219/219
f 224/224/224 223/223/223 222/222/222
f 222/222/222 223/223/223 225/225/225
f 223/223/223 226/226/226 225/225/225
f 227/227/227 223/223/223 224/224/224
f 228/228/228 227/227/227 224/224/224
f 229/229/229 228/228/228 224/224/224
f 230/230/230 228/228/228 229/229/229
f 233/233/233 232/232/232 231/231/231
f 234/234/234 233/233/233 231/231/231
f 235/235/235 234/234/234 231/231/231
f 234/234/234 236/236/236 233/233/233
f 239/239/239 238/238/238 237/237/237
f 240/240/240 239/239/239 237/237/237
f 241/241/241 240/240/240 237/237/237
f 244/244/244 243/243/243 242/242/242
f 245/245/245 244/244/244 242/242/242
f 243/243/243 246/246/246 242/242/242
f 247/247/247 243/243/243 244/244/244
f 243/243/243 247/247/247 248/248/248
f 251/251/251 250/250/250 249/249/249
f 249/249/249 250/250/250 252/252/252
f 255/255/255 254/254/254 253/253/253
f 258/258/258 257/257/257 256/256/256
f 261/261/261 260/260/260 259/259/259
f 262/262/262 261/261/261 259/259/259
f 262/262/262 263/263/263 261/261/261
f 266/266/266 265/265/265 264/264/264
f 265/265/265 266/266/266 267/267/267
f 268/268/268 265/265/265 267/267/267
f 271/271/271 270/270/270 269/269/269
f 272/272/272 271/271/271 269/269/269
f 273/273/273 269/269/269 270/270/270
f 269/269/269 274/274/274 272/272/272
f 274/274/274 269/269/269 275/275/275
f 278/278/278 277/277/277 276/276/276
f 278/278/278 276/276/276 279/279/279
f 282/282/282 281/281/281 280/280/280
f 285/285/285 284/284/284 283/283/283
f 288/288/288 287/287/287 286/286/286
f 291/291/291 290/290/290 289/289/289
f 292/292/292 291/291/291 289/289/289
f 293/293/293 291/291/291 292/292/292
f 294/294/294 293/293/293 292/292/292
f 289/289/289 290/290/290 295/295/295
f 290/290/290 296/296/296 295/295/295
f 289/289/289 297/297/297 292/292/292
f 295/295/295 297/297/297 289/289/289
f 294/294/294 292/292/292 298/298/298
f 301/301/301 300/300/300 299/299/299
f 302/302/302 301/301/301 299/299/299
f 300/300/300 303/303/303 299/299/299
f 303/303/303 304/304/304 299/299/299
f 301/301/301 302/302/302 305/305/305
f 306/306/306 301/301/301 305/305/305
f 301/301/301 307/307/307 300/300/300
f 306/306/306 307/307/307 301/301/301
f 303/303/303 300/300/300 308/308/308
f 311/311/311 310/310/310 309/309/309
f 312/312/312 311/311/311 309/309/309
f 312/312/312 309/309/309 313/313/313
f 314/314/314 312/312/312 313/313/313
f 311/311/311 312/312/312 315/315/315
f 312/312/312 314/314/314 316/316/316
f 317/317/317 311/311/311 315/315/315
f 320/320/320 319/319/319 318/318/318
f 321/321/321 320/320/320 318/318/318
f 324/324/324 323/323/323 322/322/322
f 325/325/325 324/324/324 322/322/322
f 322/322/322 323/323/323 326/326/326
f 323/323/323 327/327/327 326/326/326
f 328/328/328 326/326/326 327/327/327
f 329/329/329 328/328/328 327/327/327
f 323/323/323 330/330/330 327/327/327
f 330/330/330 331/331/331 327/327/327
f 334/334/334 333/333/333 332/332/332
f 335/335/335 334/334/334 332/332/332
f 336/336/336 334/334/334 335/335/335
f 337/337/337 336/336/336 335/335/335
f 336/336/336 337/337/337 338/338/338
f 337/337/337 339/339/339 338/338/338
f 342/342/342 341/341/341 340/340/340
f 343/343/343 342/342/342 340/340/340
f 346/346/346 345/345/345 344/344/344
f 347/347/347 346/346/346 344/344/344
f 350/350/350 349/349/349 348/348/348
f 351/351/351 350/350/350 348/348/348
f 351/351/351 348/348/348 352/352/352
f 348/348/348 353/353/353 352/352/352
f 356/356/356 355/355/355 354/354/354
f 357/357/357 356/356/356 354/354/354
f 357/357/357 354/354/354 358/358/358
f 354/354/354 359/359/359 358/358/358
f 362/362/362 361/361/361 360/360/360
f 363/363/363 362/362/362 360/360/360
f 366/366/366 365/365/365 364/364/364
f 367/367/367 366/366/366 364/364/364
f 368/368/368 366/366/366 367/367/367
f 369/369/369 368/368/368 367/367/367
f 372/372/372 371/371/371 370/370/370
f 373/373/373 372/372/372 370/370/370
f 371/371/371 374/374/374 370/370/370
f 377/377/377 376/376/376 375/375/375
f 378/378/378 377/377/377 375/375/375
f 375/375/375 379/379/379 378/378/378
f 382/382/382 381/381/381 380/380/380
f 383/383/383 382/382/382 380/380/380
f 384/384/384 381/381/381 382/382/382
f 385/385/385 384/384/384 382/382/382
f 383/383/383 380/380/380 386/386/386
f 380/380/380 387/387/387 386/386/386
f 380/380/380 381/381/381 388/388/388
f 387/387/387 380/380/380 388/388/388
f 391/391/391 390/390/390 389/389/389
f 394/394/394 393/393/393 392/392/392
f 395/395/395 394/394/394 392/392/392
f 394/394/394 395/395/395 396/396/396
f 395/395/395 397/397/397 396/396/396
f 396/396/396 397/397/397 398/398/398
f 399/399/399 396/396/396 398/398/398
f 393/393/393 394/394/394 400/400/400
f 394/394/394 396/396/396 400/400/400
f 396/396/396 399/399/399 400/400/400
f 401/401/401 393/393/393 400/400/400
f 404/404/404 403/403/403 402/402/402
f 405/405/405 404/404/404 402/402/402
f 408/408/408 407/407/407 406/406/406
f 409/409/409 408/408/408 406/406/406
f 406/406/406 407/407/407 410/410/410
f 411/411/411 406/406/406 410/410/410
f 411/411/411 410/410/410 412/412/412
f 410/410/410 413/413/413 412/412/412
f 409/409/409 406/406/406 414/414/414
f 406/406/406 415/415/415 414/414/414
f 406/406/406 411/411/411 415/415/415
f 411/411/411 416/416/416 415/415/415
f 411/411/411 412/412/412 417/417/417
f 416/416/416 411/411/411 417/417/417
f 418/418/418 409/409/409 414/414/414
f 419/419/419 418/418/418 414/414/414
f 422/422/422 421/421/421 420/420/420
f 423/423/423 422/422/422 420/420/420
f 426/426/426 425/425/425 424/424/424
f 427/427/427 426/426/426 424/424/424
f 428/428/428 426/426/426 427/427/427
f 426/426/426 429/429/429 425/425/425
f 432/432/432 431/431/431 430/430/430
f 433/433/433 432/432/432 430/430/430
f 434/434/434 431/431/431 432/432/432
f 435/435/435 434/434/434 432/432/432
f 434/434/434 435/435/435 436/436/436
f 435/435/435 437/437/437 436/436/436
f 438/438/438 431/431/431 434/434/434
f 439/439/439 438/438/438 434/434/434
f 442/442/442 441/441/441 440/440/440
f 443/443/443 442/442/442 440/440/440
f 446/446/446 445/445/445 444/444/444
f 447/447/447 446/446/446 444/444/444
f 446/446/446 448/448/448 445/445/445
f 449/449/449 444/444/444 445/445/445
f 452/452/452 451/451/451 450/450/450
f 453/453/453 451/451/451 452/452/452
f 454/454/454 453/453/453 452/452/452
f 453/453/453 454/454/454 455/455/455
f 454/454/454 456/456/456 455/455/455
f 459/459/459 458/458/458 457/457/457
f 460/460/460 459/459/459 457/457/457
f 461/461/461 457/457/457 458/458/458
f 464/464/464 463/463/463 462/462/462
f 465/465/465 464/464/464 462/462/462
f 466/466/466 465/465/465 462/462/462
f 469/469/469 468/468/468 467/467/467
f 468/468/468 470/470/470 467/467/467
f 470/470/470 471/471/471 467/467/467
f 474/474/474 473/473/473 472/472/472
f 474/474/474 472/472/472 475/475/475
f 476/476/476 475/475/475 472/472/472
f 479/479/479 478/478/478 477/477/477
f 480/480/480 479/479/479 477/477/477
f 478/478/478 481/481/481 477/477/477
f 479/479/479 482/482/482 478/478/478
f 485/485/485 484/484/484 483/483/483
f 484/484/484 485/485/485 486/486/486
f 487/487/487 484/484/484 486/486/486
f 488/488/488 487/487/487 486/486/486
f 489/489/489 488/488/488 486/486/486
f 489/489/489 490/490/490 488/488/488
f 491/491/491 490/490/490 489/489/489
f 492/492/492 491/491/491 489/489/489
f 493/493/493 492/492/492 489/489/489
f 494/494/494 493/493/493 489/489/489
f 492/492/492 493/493/493 495/495/495
f 492/492/492 495/495/495 496/496/496
f 495/495/495 497/497/497 496/496/496
f 500/500/500 499/499/499 498/498/498
f 501/501/501 500/500/500 498/498/498
f 500/500/500 501/501/501 502/502/502
f 501/501/501 503/503/503 502/502/502
f 504/504/504 502/502/502 503/503/503
f 505/505/505 504/504/504 503/503/503
f 506/506/506 500/500/500 502/502/502
f 507/507/507 506/506/506 502/502/502
f 508/508/508 507/507/507 502/502/502
f 509/509/509 507/507/507 508/508/508
f 510/510/510 509/509/509 508/508/508
f 513/513/513 512/512/512 511/511/511
f 514/514/514 513/513/513 511/511/511
f 517/517/517 516/516/516 515/515/515
f 518/518/518 517/517/517 515/515/515
f 517/517/517 519/519/519 516/516/516
f 522/522/522 521/521/521 520/520/520
f 523/523/523 522/522/522 520/520/520
f 526/526/526 525/525/525 524/524/524
f 527/527/527 526/526/526 524/524/524
f 527/527/527 524/524/524 528/528/528
f 524/524/524 529/529/529 528/528/528
f 532/532/532 531/531/531 530/530/530
f 533/533/533 532/532/532 530/530/530
f 536/536/536 535/535/535 534/534/534
f 536/536/536 537/537/537 535/535/535
f 538/538/538 537/537/537 536/536/536
f 539/539/539 538/538/538 536/536/536
f 542/542/542 541/541/541 540/540/540
f 543/543/543 542/542/542 540/540/540
f 542/542/542 544/544/544 541/541/541
f 547/547/547 546/546/546 545/545/545
f 548/548/548 547/547/547 545/545/545
f 548/548/548 549/549/549 547/547/547
f 552/552/552 551/551/551 550/550/550
f 550/550/550 553/553/553 552/552/552
f 552/552/552 554/554/554 551/551/551
f 555/555/555 553/553/553 550/550/550
f 550/550/550 551/551/551 556/556/556
f 559/559/559 558/558/558 557/557/557
f 560/560/560 559/559/559 557/557/557
f 557/557/557 558/558/558 561/561/561
f 560/560/560 562/562/562 559/559/559
f 563/563/563 562/562/562 560/560/560
f 564/564/564 563/563/563 560/560/560
f 567/567/567 566/566/566 565/565/565
f 568/568/568 567/567/567 565/565/565
f 565/565/565 566/566/566 569/569/569
f 565/565/565 569/569/569 570/570/570
f 565/565/565 570/570/570 571/571/571
f 568/568/568 572/572/572 567/567/567
f 575/575/575 574/574/574 573/573/573
f 576/576/576 575/575/575 573/573/573
f 576/576/576 577/577/577 575/575/575
f 580/580/580 579/579/579 578/578/578
f 581/581/581 580/580/580 578/578/578
f 580/580/580 581/581/581 582/582/582
f 585/585/585 584/584/584 583/583/583
f 586/586/586 585/585/585 583/583/583
f 583/583/583 584/584/584 587/587/587
f 588/588/588 583/583/583 587/587/587
f 589/589/589 588/588/588 587/587/587
f 590/590/590 589/589/589 587/587/587
f 589/589/589 590/590/590 591/591/591
f 590/590/590 592/592/592 591/591/591
f 592/592/592 593/593/593 591/591/591
f 593/593/593 594/594/594 591/591/591
f 593/593/593 595/595/595 594/594/594
f 595/595/595 596/596/596 594/594/594
f 599/599/599 598/598/598 597/597/597
f 600/600/600 599/599/599 597/597/597
f 597/597/597 601/601/601 600/600/600
f 601/601/601 602/602/602 600/600/600
f 603/603/603 602/602/602 601/601/601
f 604/604/604 603/603/603 601/601/601
f 603/603/603 604/604/604 605/605/605
f 606/606/606 603/603/603 605/605/605
f 609/609/609 608/608/608 607/607/607
f 610/610/610 607/607/607 608/608/608
f 611/611/611 610/610/610 608/608/608
f 609/609/609 612/612/612 608/608/608
f 612/612/612 613/613/613 608/608/608
f 613/613/613 614/614/614 608/608/608
f 610/610/610 611/611/611 615/615/615
f 613/613/613 616/616/616 614/614/614
f 619/619/619 618/618/618 617/617/617
f 618/618/618 619/619/619 620/620/620
f 619/619/619 621/621/621 620/620/620
f 617/617/617 618/618/618 622/622/622
f 622/622/622 618/618/618 623/623/623
f 618/618/618 624/624/624 623/623/623
f 625/625/625 620/620/620 621/621/621
f 624/624/624 626/626/626 623/623/623
f 629/629/629 628/628/628 627/627/627
f 630/630/630 629/629/629 627/627/627
f 628/628/628 629/629/629 631/631/631
f 629/629/629 632/632/632 631/631/631
f 630/630/630 627/627/627 633/633/633
f 632/632/632 634/634/634 631/631/631
f 637/637/637 636/636/636 635/635/635
f 638/638/638 637/637/637 635/635/635
f 636/636/636 639/639/639 635/635/635
f 639/639/639 640/640/640 635/635/635
f 643/643/643 642/642/642 641/641/641
f 644/644/644 643/643/643 641/641/641
f 644/644/644 645/645/645 643/643/643
f 645/645/645 646/646/646 643/643/643
f 649/649/649 648/648/648 647/647/647
f 652/652/652 651/651/651 650/650/650
f 655/655/655 654/654/654 653/653/653
f 656/656/656 655/655/655 653/653/653
f 654/654/654 655/655/655 657/657/657
f 658/658/658 656/656/656 653/653/653
f 658/658/658 659/659/659 656/656/656
f 659/659/659 660/660/660 656/656/656
f 663/663/663 662/662/662 661/661/661
f 664/664/664 663/663/663 661/661/661
f 662/662/662 663/663/663 665/665/665
f 665/665/665 663/663/663 666/666/666
f 666/666/666 663/663/663 667/667/667
f 667/667/667 663/663/663 668/668/668
f 669/669/669 664/664/664 661/661/661
f 672/672/672 671/671/671 670/670/670
f 673/673/673 672/672/672 670/670/670
f 672/672/672 673/673/673 674/674/674
f 673/673/673 675/675/675 674/674/674
f 678/678/678 677/677/677 676/676/676
f 679/679/679 678/678/678 676/676/676
f 676/676/676 677/677/677 680/680/680
f 683/683/683 682/682/682 681/681/681
f 684/684/684 683/683/683 681/681/681
f 683/683/683 684/684/684 685/685/685
f 686/686/686 683/683/683 685/685/685
f 686/686/686 685/685/685 687/687/687
f 688/688/688 686/686/686 687/687/687
f 688/688/688 687/687/687 689/689/689
f 687/687/687 690/690/690 689/689/689
f 689/689/689 690/690/690 691/691/691
f 690/690/690 692/692/692 691/691/691
f 692/692/692 693/693/693 691/691/691
f 693/693/693 694/694/694 691/691/691
f 697/697/697 696/696/696 695/695/695
f 698/698/698 697/697/697 695/695/695
f 698/698/698 699/699/699 697/697/697
f 699/699/699 700/700/700 697/697/697
f 699/699/699 701/701/701 700/700/700
f 701/701/701 702/702/702 700/700/700
f 702/702/702 701/701/701 703/703/703
f 701/701/701 704/704/704 703/703/703
f 707/707/707 706/706/706 705/705/705
f 705/705/705 706/706/706 708/708/708
f 709/709/709 705/705/705 708/708/708
f 710/710/710 707/707/707 705/705/705
f 710/710/710 705/705/705 711/711/711
f 705/705/705 712/712/712 711/711/711
f 709/709/709 708/708/708 713/713/713
f 714/714/714 711/711/711 712/712/712
f 717/717/717 716/716/716 715/715/715
f 717/717/717 715/715/715 718/718/718
f 717/717/717 718/718/718 719/719/719
f 720/720/720 717/717/717 719/719/719
f 721/721/721 720/720/720 719/719/719
f 724/724/724 723/723/723 722/722/722
f 725/725/725 724/724/724 722/722/722
f 724/724/724 726/726/726 723/723/723
f 729/729/729 728/728/728 727/727/727
f 727/727/727 728/728/728 730/730/730
f 731/731/731 727/727/727 730/730/730
f 731/731/731 732/732/732 727/727/727
f 728/728/728 733/733/733 730/730/730
f 731/731/731 734/734/734 732/732/732
f 730/730/730 734/734/734 731/731/731
f 734/734/734 735/735/735 732/732/732
f 738/738/738 737/737/737 736/736/736
f 739/739/739 738/738/738 736/736/736
f 739/739/739 740/740/740 738/738/738
f 740/740/740 741/741/741 738/738/738
f 744/744/744 743/743/743 742/742/742
f 745/745/745 743/743/743 744/744/744
f 746/746/746 745/745/745 744/744/744
f 744/744/744 747/747/747 746/746/746
f 746/746/746 748/748/748 745/745/745
f 751/751/751 750/750/750 749/749/749
f 752/752/752 751/751/751 749/749/749
f 753/753/753 752/752/752 749/749/749
f 754/754/754 753/753/753 749/749/749
f 755/755/755 752/752/752 753/753/753
f 758/758/758 757/757/757 756/756/756
f 758/758/758 759/759/759 757/757/757
f 759/759/759 758/758/758 760/760/760
f 761/761/761 757/757/757 759/759/759
f 764/764/764 763/763/763 762/762/762
f 763/763/763 765/765/765 762/762/762
f 763/763/763 764/764/764 766/766/766
f 769/769/769 768/768/768 767/767/767
f 769/769/769 767/767/767 770/770/770
f 773/773/773 772/772/772 771/771/771
f 776/776/776 775/775/775 774/774/774
f 779/779/779 778/778/778 777/777/777
f 782/782/782 781/781/781 780/780/780
f 785/785/785 784/784/784 783/783/783
f 786/786/786 785/785/785 783/783/783
f 784/784/784 787/787/787 783/783/783
f 787/787/787 788/788/788 783/783/783
f 786/786/786 789/789/789 785/785/785
f 792/792/792 791/791/791 790/790/790
f 793/793/793 792/792/792 790/790/790
f 794/794/794 791/791/791 792/792/792
f 795/795/795 791/791/791 794/794/794
f 796/796/796 795/795/795 794/794/794
f 797/797/797 796/796/796 794/794/794
f 798/798/798 796/796/796 797/797/797
f 799/799/799 798/798/798 797/797/797
f 796/796/796 798/798/798 800/800/800
f 803/803/803 802/802/802 801/801/801
f 804/804/804 803/803/803 801/801/801
f 801/801/801 805/805/805 804/804/804
f 805/805/805 801/801/801 806/806/806
f 805/805/805 806/806/806 807/807/807
f 805/805/805 807/807/807 808/808/808
f 811/811/811 810/810/810 809/809/809
f 812/812/812 811/811/811 809/809/809
f 810/810/810 811/811/811 813/813/813
f 814/814/814 810/810/810 813/813/813
f 814/814/814 813/813/813 815/815/815
f 816/816/816 814/814/814 815/815/815
f 817/817/817 816/816/816 815/815/815
f 818/818/818 817/817/817 815/815/815
f 812/812/812 809/809/809 819/819/819
f 817/817/817 818/818/818 820/820/820
f 821/821/821 817/817/817 820/820/820
f 824/824/824 823/823/823 822/822/822
f 825/825/825 824/824/824 822/822/822
f 822/822/822 826/826/826 825/825/825
f 826/826/826 827/827/827 825/825/825
f 827/827/827 826/826/826 828/828/828
f 829/829/829 827/827/827 828/828/828
f 828/828/828 830/830/830 829/829/829
f 833/833/833 832/832/832 831/831/831
f 834/834/834 833/833/833 831/831/831
f 835/835/835 832/832/832 833/833/833
f 836/836/836 835/835/835 833/833/833
f 833/833/833 834/834/834 837/837/837
f 834/834/834 838/838/838 837/837/837
f 841/841/841 840/840/840 839/839/839
f 842/842/842 841/841/841 839/839/839
f 841/841/841 843/843/843 840/840/840
f 843/843/843 844/844/844 840/840/840
f 839/839/839 840/840/840 845/845/845
f 846/846/846 839/839/839 845/845/845
f 846/846/846 847/847/847 839/839/839
f 847/847/847 848/848/848 839/839/839
f 851/851/851 850/850/850 849/849/849
f 854/854/854 853/853/853 852/852/852
f 857/857/857 856/856/856 855/855/855
f 858/858/858 856/856/856 857/857/857
f 856/856/856 858/858/858 859/859/859
f 857/857/857 860/860/860 858/858/858
f 863/863/863 862/862/862 861/861/861
f 862/862/862 864/864/864 861/861/861
f 867/867/867 866/866/866 865/865/865
f 870/870/870 869/869/869 868/868/868
f 871/871/871 868/868/868 869/869/869
f 872/872/872 871/871/871 869/869/869
f 871/871/871 872/872/872 873/873/873
f 869/869/869 874/874/874 872/872/872
f 877/877/877 876/876/876 875/875/875
f 880/880/880 879/879/879 878/878/878
f 878/878/878 879/879/879 881/881/881
f 884/884/884 883/883/883 882/882/882
f 885/885/885 884/884/884 882/882/882
f 884/884/884 886/886/886 883/883/883
f 886/886/886 887/887/887 883/883/883
f 887/887/887 886/886/886 888/888/888
f 889/889/889 887/887/887 888/888/888
f 885/885/885 882/882/882 890/890/890
f 891/891/891 889/889/889 888/888/888
f 894/894/894 893/893/893 892/892/892
f 894/894/894 892/892/892 895/895/895
f 896/896/896 894/894/894 895/895/895
f 898/898/898 892/892/892 897/897/897
f 898/898/898 900/900/900 899/899/899
f 898/898/898 899/899/899 901/901/901
f 903/903/903 901/901/901 902/902/902
f 904/904/904 903/903/903 902/902/902
f 907/907/907 906/906/906 905/905/905
f 908/908/908 907/907/907 905/905/905
f 906/906/906 909/909/909 905/905/905
f 912/912/912 911/911/911 910/910/910
f 915/915/915 914/914/914 913/913/913
f 916/916/916 915/915/915 913/913/913
f 918/918/918 916/916/916 917/917/917
f 921/921/921 920/920/920 919/919/919
f 922/922/922 921/921/921 919/919/919
f 925/925/925 924/924/924 923/923/923
f 926/926/926 925/925/925 923/923/923
f 927/927/927 925/925/925 926/926/926
f 930/930/930 929/929/929 928/928/928
f 933/933/933 932/932/932 931/931/931
f 936/936/936 935/935/935 934/934/934
f 937/937/937 936/936/936 934/934/934
f 938/938/938 935/935/935 936/936/936
f 939/939/939 938/938/938 936/936/936
f 939/939/939 940/940/940 938/938/938
f 940/940/940 941/941/941 938/938/938
f 942/942/942 941/941/941 940/940/940
f 943/943/943 942/942/942 940/940/940
f 944/944/944 942/942/942 943/943/943
f 945/945/945 944/944/944 943/943/943
f 948/948/948 947/947/947 946/946/946
f 946/946/946 947/947/947 949/949/949
f 947/947/947 950/950/950 949/949/949
f 951/951/951 947/947/947 948/948/948
f 954/954/954 953/953/953 952/952/952
f 955/955/955 954/954/954 952/952/952
f 956/956/956 954/954/954 955/955/955
f 957/957/957 956/956/956 955/955/955
f 960/960/960 959/959/959 958/958/958
f 961/961/961 960/960/960 958/958/958
f 964/964/964 963/963/963 962/962/962
f 967/967/967 966/966/966 965/965/965
